country_name,country_text_id,year,var_z,ar1_z,kurt_z,var_trend,ar1_trend,n_factors,csd_index,mv_csd_index,dom_eig_z,xcorr_z,eig_trend_sig,xcorr_trend_sig,mv_csd_alert,raw_alert,ews_alert
Afghanistan,AFG,1991,,,,,,0,0.0,0.0,,,False,False,False,False,False
Afghanistan,AFG,1992,,,,,,0,0.0,0.0,,,False,False,False,False,False
Afghanistan,AFG,1993,,,,,,0,0.0,0.0,,,False,False,False,False,False
Afghanistan,AFG,1994,,,,,,0,0.0,0.0,,,False,False,False,False,False
Afghanistan,AFG,1995,,,,,,0,0.0,0.0,,,False,False,False,False,False
Afghanistan,AFG,1996,1.8053910208047788,1.8065004443897892,0.7552120708687927,,,0,1.455701178687787,1.6830276867755227,1.7844991304603823,1.5815562430906631,False,False,False,False,False
Afghanistan,AFG,1997,1.7930058038325098,0.6608709081176523,1.0481472732518948,,,0,1.1673413284006857,0.9448755290210173,1.0627773906891338,0.826973667352901,False,False,False,False,False
Afghanistan,AFG,1998,1.1238161472762247,0.8059211737762771,1.2891644328422023,,,0,1.0729672512982347,0.7211507070720917,0.640080775353525,0.8022206387906583,False,False,False,False,False
Afghanistan,AFG,1999,0.7458706068208754,0.8772762158223074,1.5702252750501668,1.0,1.0,0,1.4386744195386698,0.3444625260686171,0.2700404143246448,0.7633471638812065,False,False,False,False,False
Afghanistan,AFG,2000,0.633817050801319,2.4626585300625083,1.363695534379825,0.9999999999999999,0.9999999999999999,0,1.6920342230487304,0.3205183102048123,0.2224047438935248,0.739150186720912,False,False,False,False,False
Afghanistan,AFG,2001,-0.46257948472458027,1.0639599854633637,1.475773022388422,0.4666666666666666,0.8666666666666666,0,1.0412799349036903,0.0,-2.029963694902498,-1.2557891791210887,False,False,False,False,False
Afghanistan,AFG,2002,1.392566328531169,2.802479486522379,2.4298966800950756,0.6190476190476191,0.7142857142857143,0,1.8583218323630581,0.0,-0.5906292572314003,-0.5110908350922044,False,False,False,False,False
Afghanistan,AFG,2003,1.4678044931322192,0.6700151280717935,1.2087361701900425,0.7142857142857142,0.6428571428571428,0,1.2121683011359539,0.0,-0.6001521885695297,-0.5278037612475898,False,False,False,False,False
Afghanistan,AFG,2004,1.3950793581171812,1.0131606042034802,1.2175976652305343,0.7777777777777778,0.6666666666666666,0,1.3029453032880167,0.0,-0.2451489669003614,-1.1909622279752496,False,False,False,False,False
Afghanistan,AFG,2005,2.88856848349302,1.3946923377824387,1.5101919227741005,0.7777777777777778,0.611111111111111,1,1.7142461043654673,0.0,-0.5139083471174268,-1.2276018964002016,False,False,False,False,False
Afghanistan,AFG,2006,4.883867114105401,2.024754344493444,1.5859835569987526,0.8333333333333334,0.611111111111111,1,2.276698780897297,0.01527226415607518,-0.7307878310342197,0.04581679246822554,False,False,False,False,False
Afghanistan,AFG,2007,6.399460971113185,1.9514476589568117,1.5860539304856796,0.8888888888888888,0.5,1,2.5429480676666905,0.021317306571621796,-0.72203281788358,0.06395191971486539,False,False,False,False,False
Afghanistan,AFG,2008,7.1684849567503734,1.9298606414823278,1.595828451437653,0.9444444444444445,0.5555555555555556,1,2.7388348099340707,0.0,-0.7828767414031795,-0.023439387296603484,False,False,False,False,False
Afghanistan,AFG,2009,6.98292304583316,1.956709075455903,4.251987606291807,1.0,0.7222222222222222,1,3.327212834405062,0.0,-0.8679583471908885,-0.24343162311066008,False,False,False,False,False
Afghanistan,AFG,2010,5.135402259769476,2.2687265333292865,4.557551288477051,1.0,0.6666666666666666,1,3.0590026829818298,0.01522068341580616,-0.7225834139624302,0.045662050247418484,False,False,False,False,False
Afghanistan,AFG,2011,3.354664295451674,2.32434755557244,4.190178721381209,0.5555555555555556,0.6666666666666666,0,2.4627270033699533,0.0,-1.3794940079182016,-0.8171523671808204,False,False,False,False,False
Afghanistan,AFG,2012,1.1456377764640227,2.985817878620073,3.2001617430819276,0.16666666666666666,0.611111111111111,0,1.7774345907443159,0.0,-1.3816609526530543,-0.5075947295706383,False,False,False,False,False
Afghanistan,AFG,2013,-0.22914939497131642,3.3413834869895744,1.0225050366145814,-0.16666666666666666,0.5555555555555556,0,1.0949999269430535,0.0,-2.3971097076338306,-0.2711330720555042,False,False,False,False,False
Afghanistan,AFG,2014,-0.3419457043912596,0.9656820320727958,3.2906666410777974,-0.4444444444444444,0.5,0,1.0512697346301185,0.0,-2.536113836058126,-1.8699444829120127,False,False,False,False,False
Afghanistan,AFG,2015,-0.36828044419978256,0.4997923312448547,0.6434148852635211,-0.611111111111111,0.3888888888888889,0,0.38419699885723074,0.0,-2.5641679952382215,-0.06112472086211089,False,False,False,False,False
Afghanistan,AFG,2016,0.06052213364698933,2.792737645386369,1.3394425170043465,-0.611111111111111,0.3888888888888889,0,0.9940960147630966,0.0,-2.5632731768321255,-0.6169723240906145,False,False,False,False,False
Afghanistan,AFG,2017,0.32795834423199266,0.9072855881501304,0.5140166574628889,-0.3888888888888889,0.4444444444444444,0,0.5276298957467802,0.0,-2.563119165648262,-0.5515230692575992,False,False,False,False,False
Afghanistan,AFG,2018,0.3194354552122516,0.9837183017489767,1.5018312935440157,-0.3888888888888889,0.5,0,0.7609970101010488,0.0,-2.5721698746475465,-1.5347741440199762,False,False,False,False,False
Afghanistan,AFG,2019,0.5113334217703205,1.0468369468830299,2.3617590699444073,-0.05555555555555555,0.5,0,0.9839858877195515,0.0,-2.572905933191507,-1.7462130665072924,False,False,False,False,False
Afghanistan,AFG,2020,0.6306429746033686,1.1132467825603345,1.9622451413428876,0.3888888888888889,0.5555555555555556,0,1.119004757479096,0.0,-2.5510220507938475,-2.4162120857224365,False,False,False,False,False
Afghanistan,AFG,2021,6.0891816687787115,2.159674582643324,6.778953975326248,0.7777777777777778,0.5555555555555556,5,3.53889537868299,2.3213856921957183,4.844683098683044,2.1194739779041107,False,False,False,True,True
Afghanistan,AFG,2022,6.119162700230577,1.5161556728660246,5.439922884459595,0.8888888888888888,0.611111111111111,4,3.2150482515112393,2.5873866293004237,4.895104634448784,2.033721920119154,False,False,False,True,True
Afghanistan,AFG,2023,6.147321814356087,1.541061055213626,5.430635040447351,1.0,0.7777777777777778,4,3.3349146931145244,2.870450360606389,4.857380243169783,2.0873041719827174,False,False,False,True,True
Albania,ALB,1991,,,,,,0,0.0,0.0,,,False,False,False,False,False
Albania,ALB,1992,,,,,,0,0.0,0.0,,,False,False,False,False,False
Albania,ALB,1993,,,,,,0,0.0,0.0,,,False,False,False,False,False
Albania,ALB,1994,,,,,,0,0.0,0.0,,,False,False,False,False,False
Albania,ALB,1995,,,,,,0,0.0,0.0,,,False,False,False,False,False
Albania,ALB,1996,1.7713004607669462,1.534902398111156,0.9030671686523493,,,1,1.4030900091768173,1.4708195276574811,1.6648923338079187,1.2767467215070436,False,False,False,False,False
Albania,ALB,1997,1.304045330550709,1.1671277158906017,1.7988262967877837,,,0,1.4233331144096981,1.2604650001189,1.2414954872275807,1.279434513010219,False,False,False,False,False
Albania,ALB,1998,1.749391087120638,1.1680996572840663,2.2612035135344466,,,0,1.7262314193130504,1.1338893696981245,1.0570729112129906,1.2107058281832581,False,False,False,False,False
Albania,ALB,1999,1.344307373337682,1.1741293430794963,2.02726702753465,1.0,1.0,0,1.7091407487903656,0.6286523590811797,0.8434443783253347,1.0425126989182043,False,False,False,False,False
Albania,ALB,2000,1.2569315215626982,1.0618805720408329,2.5219828264835424,0.9999999999999999,0.9999999999999999,0,1.7681589840174148,0.0,-0.7703187628523764,-0.465069469870319,False,False,False,False,False
Albania,ALB,2001,1.1705031224837845,1.0279497883554845,1.2553652255669359,0.8666666666666666,0.9999999999999999,0,1.4374302939479076,0.0,-0.7733284268640166,-0.9087203287756485,False,False,False,False,False
Albania,ALB,2002,0.9774392475533344,1.0070450052544644,0.47335668284306004,0.9047619047619049,1.0,0,1.253472949034934,0.0,-0.7714297386454474,-0.7052405881706043,False,False,False,False,False
Albania,ALB,2003,1.0233133939089138,1.6712787714599988,1.3370606774123874,0.9285714285714285,0.9999999999999998,0,1.5777591399848312,0.0,-0.7964254335855258,-0.652565852089734,False,False,False,False,False
Albania,ALB,2004,1.2951715390730314,2.1933573207593544,1.7765918903251492,0.9444444444444445,1.0,0,1.830801927809285,0.0,-0.8482053189116663,-0.8709414379369208,False,False,False,False,False
Albania,ALB,2005,1.6070393742680684,1.3112502579531002,1.7087768707147926,1.0,1.0,0,1.7254133005871921,0.0,-0.8471974297147926,-1.2068620847754967,False,False,False,False,False
Albania,ALB,2006,1.5923907659753715,1.2806338967708062,1.789032926406627,0.9444444444444445,1.0,0,1.7101892956083389,0.0,-0.8474177340259437,-0.3417817663634729,False,False,False,False,False
Albania,ALB,2007,0.9963939940426225,1.2701254235044288,1.0197443822396817,0.7222222222222222,0.9444444444444445,0,1.3239194266240133,0.0,-0.9722571883267027,-0.4634734716953851,False,False,False,False,False
Albania,ALB,2008,-0.0494464674458138,10.0,1.6534750170527082,0.3333333333333333,0.8333333333333334,0,2.797361670077208,0.0,-0.9755805786684622,-0.10557204888009972,False,False,False,False,False
Albania,ALB,2009,-0.4030229337801337,7.256791572684808,1.3625019958005977,-0.1111111111111111,0.6666666666666666,0,1.990525380363748,0.0,-0.9785710162002215,-0.771855544523205,False,False,False,False,False
Albania,ALB,2010,-0.4554066547028632,1.0325586822148305,1.3661206833907469,-0.4444444444444444,0.611111111111111,0,0.7241803175655599,0.0,-0.9785643823089525,-0.8097382762403407,False,False,False,False,False
Albania,ALB,2011,-0.38150076110341735,1.0065708288381712,1.4568467247460364,-0.3333333333333333,0.3888888888888889,0,0.648239066272397,0.0,-0.9778532174855511,-0.4018432614754473,False,False,False,False,False
Albania,ALB,2012,-0.39563102031565944,0.8091733412064716,0.8571214884082898,0.05555555555555555,0.1111111111111111,0,0.399925632589619,0.0,-0.9754852819094074,-0.7102804643679629,False,False,False,False,False
Albania,ALB,2013,-0.38694155319606865,0.041815523404317365,1.6010033061701336,0.5,0.05555555555555555,0,0.5507859881371124,0.0,-0.9709050224586422,-0.5671186746370799,False,False,False,False,False
Albania,ALB,2014,-0.3493428669435867,1.58098620535833,0.48839191238760743,0.6666666666666666,0.2777777777777778,0,0.7916534013269653,0.05555555555555555,-0.9710218677781743,-0.22303867738520217,False,False,False,False,False
Albania,ALB,2015,-0.4882220427082553,1.179008802259415,0.8507652987900977,0.7777777777777778,0.1111111111111111,0,0.761510375765458,0.3888888888888889,-0.9713260871225208,-0.134237880318819,False,False,False,False,False
Albania,ALB,2016,-0.29392283794699675,1.4285405413075696,0.8428243751938371,0.8333333333333334,0.3333333333333333,0,0.9209396499669481,0.6666666666666666,-0.9708008842946455,-0.02161624729717821,True,False,True,False,False
Albania,ALB,2017,-0.29150352572597205,1.2600179539199658,0.8832071779689489,0.8333333333333334,0.5555555555555556,0,0.9842005819333384,0.8333333333333334,-0.9705382508247937,-0.19503229898026717,False,True,True,False,False
Albania,ALB,2018,-0.3537216138796818,5.2083342395118315,1.5524076575766124,0.8888888888888888,0.5,1,1.9077039349732445,0.611111111111111,-0.9712619630760239,-0.20566869679166797,False,True,True,True,True
Albania,ALB,2019,-0.37083293379519694,7.413055311382821,0.6129484932493314,0.8888888888888888,0.611111111111111,1,2.20520076092643,0.4444444444444444,-0.9709984546962912,-0.2374593262521433,False,False,True,True,True
Albania,ALB,2020,-0.40567236807226825,4.558456102548611,1.3750520533782868,0.8888888888888888,0.6666666666666666,1,1.8089238534076018,0.3888888888888889,-0.9706464788267406,-0.35993666551959813,True,False,True,True,True
Albania,ALB,2021,0.17910472429292343,5.015807251404461,1.5655416808686584,0.8333333333333334,0.611111111111111,1,1.929868509090986,0.3888888888888889,-0.9691103764117704,-0.26985854770129164,False,False,False,False,False
Albania,ALB,2022,1.6778330855867176,2.3993458492331636,1.768839567378329,0.8333333333333334,0.8888888888888888,1,1.8580925893285312,0.7344073487968448,-0.9684559295913994,0.36988871305720133,False,False,False,False,False
Albania,ALB,2023,1.6379396503369468,2.7825694120954365,3.355144284716826,0.8333333333333334,0.6666666666666666,1,2.155130669429842,0.7222222222222222,-0.9678855001803762,-0.5855702013240819,False,False,False,False,False
Albania,ALB,2024,1.5902783804899652,2.4695198795810303,2.377089935468033,0.8333333333333334,0.5,1,1.8207109724411388,0.7222222222222222,-0.9676288843141454,-0.576528187582017,False,False,False,False,False
Albania,ALB,2025,1.7311407571185122,4.2699401373603925,1.2169311461183054,0.8333333333333334,0.3888888888888889,1,1.932491297008331,0.8333333333333334,-0.9676241876959074,-0.36195033171218,True,False,True,True,False
Argentina,ARG,1991,,,,,,0,0.0,0.0,,,False,False,False,False,False
Argentina,ARG,1992,,,,,,0,0.0,0.0,,,False,False,False,False,False
Argentina,ARG,1993,,,,,,0,0.0,0.0,,,False,False,False,False,False
Argentina,ARG,1994,,,,,,0,0.0,0.0,,,False,False,False,False,False
Argentina,ARG,1995,,,,,,0,0.0,0.0,,,False,False,False,False,False
Argentina,ARG,1996,-0.0013305199558510004,0.2746199885365364,0.3497014860381286,,,0,0.208107158191555,0.0,-0.9186087025828704,-0.9823157116352812,False,False,False,False,False
Argentina,ARG,1997,-0.001213619744524815,1.214746972258745,1.2496370439244102,,,0,0.8214613387277184,0.0,-0.9894260005536106,-1.0207933149602948,False,False,False,False,False
Argentina,ARG,1998,-0.0008163247239922207,1.716792171080302,1.021419380879583,,,0,0.9127371839866284,0.0,-1.0455449615983468,-1.0535050901575578,False,False,False,False,False
Argentina,ARG,1999,-0.0009330541382995114,0.9769545338730827,1.4256105857646284,0.6666666666666669,1.0,0,1.147179690594209,0.0,-1.085681431878427,-1.1489377985826918,False,False,False,False,False
Argentina,ARG,2000,0.5310418033817298,1.2794869235669386,2.7307807229364616,0.7999999999999999,0.9999999999999999,0,1.628261889977026,0.09601709476225638,-0.04034249079335686,0.2880512842867691,False,False,False,False,False
Argentina,ARG,2001,0.7920157936760134,1.3802773065879361,1.6246387476755222,0.8666666666666666,0.9999999999999999,0,1.506053036254561,0.14726432144669654,-0.04154279040614784,0.24179296434008965,False,False,False,False,False
Argentina,ARG,2002,0.9356377787450652,1.2011401033969376,1.4497991960867842,0.9047619047619049,1.0,0,1.4792201775505194,0.14285714285714288,-0.08148113075194997,-0.301141816224612,False,False,False,False,False
Argentina,ARG,2003,1.6481339610215051,1.321908754604639,0.3099858398120261,0.9285714285714285,0.8571428571428571,1,1.3702914253733485,1.3549799383537906,1.4700898306030972,1.5234214130297041,False,False,False,False,False
Argentina,ARG,2004,1.5548844942690954,1.3365128648193505,1.65706089041181,0.8888888888888888,0.7777777777777778,0,1.5763583165667177,1.3207358376188447,1.386119749147674,1.2427544303755271,False,False,False,False,False
Argentina,ARG,2005,2.609505893980352,1.5895822996959919,2.297121723334901,0.8888888888888888,0.6666666666666666,1,1.9214642056244713,1.3523638561140945,1.346417928813937,1.2106736395283466,False,False,False,False,False
Argentina,ARG,2006,3.916279071972884,1.7496072431388716,0.670990838850577,0.8888888888888888,0.6666666666666666,1,1.889597653014689,1.2980059345691644,1.3456256665655046,1.2150588038086556,False,False,False,False,False
Argentina,ARG,2007,4.7890551413221525,1.9975603441244432,-0.03289022123497086,1.0,0.7777777777777778,2,2.06843420820043,1.3434677227392466,1.5099762511229846,1.020426917094755,False,False,False,False,False
Argentina,ARG,2008,5.594656406911661,2.079290082624001,0.08515348609631629,1.0,0.7777777777777778,0,2.262931106237507,1.4270700552467674,1.5503685625728032,1.2308416031674991,False,False,False,False,False
Argentina,ARG,2009,5.007807883077413,2.1806647750757677,1.5111464722524226,1.0,0.8333333333333334,0,2.473257159414454,0.3662658900465048,0.26546433680618087,-0.04887143962884283,False,False,False,False,False
Argentina,ARG,2010,4.379222201041574,1.8627955640359166,2.843488404325395,1.0,0.7777777777777778,0,2.5282123449916885,0.17085249346213346,0.2666919584616212,0.24586552192477915,False,False,False,False,False
Argentina,ARG,2011,2.908486703368501,1.781347106050459,3.5832010208093625,0.9444444444444445,0.7222222222222222,0,2.321273632712331,0.21294076248247343,0.13537384742304268,0.5034484400243776,False,False,False,False,False
Argentina,ARG,2012,2.732225410346737,5.024192253068375,0.09850595610358281,0.8333333333333334,0.611111111111111,0,2.1487625016815164,0.06473074120612456,-0.8966678253180506,0.19419222361837365,False,False,False,False,False
Argentina,ARG,2013,1.8484852145458157,1.757705888776712,0.8292711678221205,0.5,0.5555555555555556,0,1.309314676451152,0.022067379470445583,-0.9206759719039622,0.06620213841133675,False,False,False,False,False
Argentina,ARG,2014,1.4316236893233174,3.52714193746841,1.6388294997762844,0.1111111111111111,0.611111111111111,0,1.6084079142024912,0.0,-0.9014496080420198,-0.14832335041326214,False,False,False,False,False
Argentina,ARG,2015,1.0249914294454232,3.6415112646615135,1.7610422603130322,-0.3333333333333333,0.611111111111111,0,1.5299534353284383,0.0,-0.8527505722984994,-0.3046968172329525,False,False,False,False,False
Argentina,ARG,2016,1.052669393916363,3.341532381644333,2.564431246563452,-0.2777777777777778,0.5,0,1.5917266044248293,0.0,-0.30261538160755785,-1.5101588266379147,False,False,False,False,False
Argentina,ARG,2017,1.3723626433219642,7.3387587440816295,1.6252512063272055,0.1111111111111111,0.7222222222222222,0,2.400607852079493,0.0,-0.3219602519287783,-1.2826337830852987,False,False,False,False,False
Argentina,ARG,2018,1.8596711863589817,7.309070178199259,0.742893498307356,0.3333333333333333,0.7777777777777778,2,2.4267714170175636,0.0,-0.3826230781422607,-1.1548084947366917,False,False,False,False,False
Argentina,ARG,2019,1.8863396410417228,8.119787840795135,1.4303725041977644,0.611111111111111,0.611111111111111,2,2.776188886095813,0.16666666666666666,-0.34062314938244825,-1.0919499024568007,False,False,False,True,True
Argentina,ARG,2020,1.6289988246336533,9.407551568336533,0.6013349556031685,0.7222222222222222,0.8888888888888888,3,2.9720215141591155,0.611111111111111,-0.30019719382865756,-0.6530581365551946,True,False,True,True,True
Argentina,ARG,2021,1.4229489757041247,8.588847210869563,1.1389297600568382,0.8888888888888888,0.8888888888888888,1,2.9412563004372165,0.5555555555555556,-0.3232284145184078,-0.388720885434838,False,False,False,False,False
Argentina,ARG,2022,0.8535598214311659,8.025093688518753,1.914347058179427,0.8888888888888888,0.9444444444444445,1,2.8919334469592024,0.2777777777777778,-0.36017825302813866,-0.6064967102378027,False,False,False,False,False
Argentina,ARG,2023,1.5154588510762308,9.047466402225455,6.19370168614426,0.8888888888888888,1.0,1,4.106880943444745,0.05555555555555555,-0.3358451166741405,-1.3940580427281373,False,False,True,True,True
Argentina,ARG,2024,10.0,4.40620688883698,10.0,0.8888888888888888,1.0,3,5.636796933322952,0.23078221916493025,0.4890015843664327,0.036678406461691355,False,True,True,True,True
Argentina,ARG,2025,10.0,4.618186352390007,7.653971102634872,0.8333333333333334,1.0,2,5.187764824338309,0.8317660186863202,0.3361290707046875,1.159168985354273,False,False,True,True,True
Armenia,ARM,1991,,,,,,0,0.0,0.0,,,False,False,False,False,False
Armenia,ARM,1992,,,,,,0,0.0,0.0,,,False,False,False,False,False
Armenia,ARM,1993,,,,,,0,0.0,0.0,,,False,False,False,False,False
Armenia,ARM,1994,,,,,,0,0.0,0.0,,,False,False,False,False,False
Armenia,ARM,1995,,,,,,0,0.0,0.0,,,False,False,False,False,False
Armenia,ARM,1996,1.710253607934595,1.4918466884073052,-0.4244431433382691,,,0,1.0673667654473,0.8395322304006038,1.6790644608012075,-1.03449219052252,False,False,False,False,False
Armenia,ARM,1997,1.4229354789179915,1.055310090554191,-0.3226114015878775,,,0,0.8260818564907275,0.6300674790252091,1.2601349580504182,-0.36893440350620793,False,False,False,False,False
Armenia,ARM,1998,1.136170181723118,0.8772222496979238,0.2238275107017731,,,0,0.7457399807076049,0.4114208499896551,0.8228416999793102,-0.4066646842952977,False,False,False,False,False
Armenia,ARM,1999,1.0908599351393877,0.9870941076085344,0.7032253288810574,1.0,1.0,0,1.356235874325796,0.19055303945646807,0.5716591183694042,-0.24105804914433504,False,False,False,False,False
Armenia,ARM,2000,0.8722347769996064,1.4171683902337937,1.9570470920488885,0.39999999999999997,0.7999999999999999,0,1.3292900518564577,0.0,-0.11268825529811705,-0.3940968158378608,False,False,False,False,False
Armenia,ARM,2001,0.43562758846859495,0.8731550379069248,1.4694990158375936,0.2,0.8666666666666666,0,0.9823229951092893,0.0,-0.4944962410863737,-0.3492509609027512,False,False,False,False,False
Armenia,ARM,2002,0.6175329257244652,1.5061396120793171,2.1550362258242295,0.23809523809523814,0.9047619047619049,0,1.3128846098684597,0.0,-0.4622849417787918,-0.37606503227056465,False,False,False,False,False
Armenia,ARM,2003,0.8841252328871548,0.6885212015702751,2.678994738592981,0.2857142857142857,0.9285714285714285,0,1.3360425203243678,0.0,-0.473655530143407,-0.4663211894963918,False,False,False,False,False
Armenia,ARM,2004,-0.35651347998736577,1.8209011684434875,1.374568958381112,0.0,0.9444444444444445,0,1.0168718031426978,0.3352844936114629,-1.396415351591312,1.0058534808343886,False,False,False,False,False
Armenia,ARM,2005,-1.2213689436871995,1.9256744885329335,0.40579483773920055,-0.2222222222222222,0.8888888888888888,0,0.8218494208099824,0.8770099483805116,-1.394159917302339,2.631029845141535,False,False,False,False,False
Armenia,ARM,2006,-1.2228578522127393,1.7668650758487727,1.3398939325048238,-0.4444444444444444,0.7777777777777778,0,0.9324629127818304,0.5878076093842364,-1.3725218894129352,1.7634228281527091,False,False,False,False,False
Armenia,ARM,2007,-1.223253699622634,1.491976039662479,2.3842538580937567,-0.611111111111111,0.611111111111111,0,1.0196904239956917,0.0,-1.4276228767392742,-0.5893432244466338,False,False,False,False,False
Armenia,ARM,2008,-1.2234246741164478,1.5410179527428727,1.0483706412329545,-0.5,0.4444444444444444,0,0.6956554965729432,0.0,-1.4314981911565623,-3.1852001280078674,False,False,False,False,False
Armenia,ARM,2009,-1.2235026623156762,1.5473881353665273,0.22602806222034996,-0.3333333333333333,0.3888888888888889,0,0.510238795072931,0.0,-1.4067428358083955,-3.192640512981921,False,False,False,False,False
Armenia,ARM,2010,-1.2236360082050322,2.614739932993922,1.818701720833106,-0.3333333333333333,0.5555555555555556,0,1.1089105529876278,0.0,-1.406285905065764,-3.0530616696307096,False,False,False,False,False
Armenia,ARM,2011,-1.0976997258425738,2.951701245455964,2.297030773204367,-0.1111111111111111,0.611111111111111,0,1.2941908481765105,0.0,-1.4093934477991097,-2.8761840913972336,False,False,False,False,False
Armenia,ARM,2012,-0.916887026904923,3.249526720288537,2.676431897502242,0.2222222222222222,0.7777777777777778,0,1.5851917235581559,0.0,-1.504549407210203,-4.307974610344224,False,False,False,False,False
Armenia,ARM,2013,-0.817371166346527,3.418287863347971,3.5038970545620907,0.5555555555555556,0.7777777777777778,2,1.9177703169153457,0.0,-1.5442313383563533,-4.299208468758425,False,False,False,False,False
Armenia,ARM,2014,-0.7557907234707822,3.3565048593239637,3.5634351443063625,0.7777777777777778,0.9444444444444445,2,2.072876889614954,0.0,-1.6697194361806236,-3.6953654088475467,False,False,False,False,False
Armenia,ARM,2015,-0.8034844260101789,3.5322901610612107,3.2971391075658025,0.8888888888888888,0.9444444444444445,1,2.0992191870587362,0.0,-1.4446047251927954,-4.546307805014638,False,False,False,False,False
Armenia,ARM,2016,-0.6789867962242639,3.1796316671503804,2.0245004411318477,0.8888888888888888,0.8333333333333334,0,1.7297153105453345,0.0,-1.3416833353343114,-3.969711524492229,False,False,False,False,False
Armenia,ARM,2017,-0.14315014334069928,4.259116164485937,1.4199474051303884,0.9444444444444445,0.7222222222222222,0,1.8024793805899317,0.0,-1.3423401763023017,-5.3297483930446585,False,False,False,False,False
Armenia,ARM,2018,10.0,6.142444161368421,10.0,0.9444444444444445,0.9444444444444445,7,5.98404438782924,3.835842800962466,3.5522708601636572,7.121924209390407,False,False,False,True,True
Armenia,ARM,2019,10.0,4.52680217300185,9.041257485166424,1.0,0.8888888888888888,7,5.46916748718921,4.086504695330976,3.566527298591275,7.026320120734986,False,False,True,True,True
Armenia,ARM,2020,10.0,3.926071737624321,8.264002910109614,1.0,0.611111111111111,7,5.082459373991232,4.319318179287261,3.741803553635863,6.882817650892584,True,False,True,True,True
Armenia,ARM,2021,10.0,4.162256068640436,8.218020236624502,0.9444444444444445,0.5555555555555556,7,5.076055261052987,4.3810191271719345,3.7454148953430657,6.730975819506074,True,False,True,True,True
Armenia,ARM,2022,10.0,4.4105918689206955,8.197102549925281,1.0,0.5555555555555556,7,5.143761105991418,4.479736350326147,3.866416204753272,6.739459512891832,True,False,True,True,True
Armenia,ARM,2023,10.0,4.77520306024555,8.647694399354963,1.0,0.7222222222222222,7,5.373468380808991,4.4319552537144515,3.9188745448476157,6.543657882962406,True,False,True,True,True
Armenia,ARM,2024,10.0,4.91235180912391,8.271731068440094,1.0,0.6666666666666666,6,5.303483242179467,4.292477833350655,3.594973361944605,7.115793471440694,False,False,False,True,True
Armenia,ARM,2025,10.0,4.997861746851826,7.854016832731411,1.0,0.5555555555555556,3,5.192597938138869,4.171588422031195,3.7311165096887864,7.116982089738133,False,False,False,True,True
Australia,AUS,1991,0.0,,,,,0,0.0,0.0,,,False,False,False,False,False
Australia,AUS,1992,0.0,,,,,0,0.0,0.0,,,False,False,False,False,False
Australia,AUS,1993,0.0,,,,,0,0.0,0.0,,,False,False,False,False,False
Australia,AUS,1994,0.0,,,,,0,0.0,0.0,,,False,False,False,False,False
Australia,AUS,1995,0.0,,,,,0,0.0,0.0,,,False,False,False,False,False
Australia,AUS,1996,0.0,2.500085596430868,-0.2095144898387663,,,0,0.833361865476956,0.0,-1.515727756473739,-1.8284499729307857,False,False,False,False,False
Australia,AUS,1997,0.0033646777834964413,1.5786448734642868,0.8663368017822584,,,0,0.8161154510100138,0.0,-1.52631701681509,-1.33428705680782,False,False,False,False,False
Australia,AUS,1998,0.0,2.328415334339704,0.8005935583656129,,,0,1.0430029642351057,0.0,-1.5194790998741705,-0.9011256761161858,False,False,False,False,False
Australia,AUS,1999,0.6333804607626236,2.159066939237727,2.754322619584806,1.0,1.0,1,1.9093540039170314,0.4600273808139604,0.38008214244188093,-0.4288369746799844,False,False,False,False,False
Australia,AUS,2000,1.6287133894414996,0.5610591179912126,2.015723031910588,0.9999999999999999,0.9999999999999999,0,1.6410991078686599,0.9427356860693847,0.7335123637522722,0.29469469445588226,False,True,True,True,False
Australia,AUS,2001,0.8635764841425088,0.679998217819938,1.470585406273634,0.8666666666666666,0.9999999999999999,0,1.3494986883138829,1.185252904399792,0.7450399540142164,0.6107187591851598,False,False,False,False,False
Australia,AUS,2002,0.9370856581305699,0.7991680695606962,1.1406773513524815,0.9047619047619049,1.0,0,1.3372909777135114,1.017311118526686,0.6784244698601877,0.5163660285770133,False,True,True,False,False
Australia,AUS,2003,1.1356815853435942,0.924347505331442,1.2838475075818352,0.9285714285714285,0.9999999999999998,0,1.4402038910799455,1.13429043340001,0.682037131334643,1.0065484545796721,False,True,True,False,False
Australia,AUS,2004,0.9019238256699693,0.8264694982936096,1.375004544192525,0.8888888888888888,0.9444444444444445,0,1.3540129069645541,1.0346296978826743,0.6672758285684425,1.1032799317462476,False,True,True,False,False
Australia,AUS,2005,0.6679280617666812,0.17582447736471127,1.5802713351244266,0.6666666666666666,0.611111111111111,0,0.9959158859622749,0.8787479317273861,0.6751519831913558,0.9610918119908024,False,True,True,False,False
Australia,AUS,2006,0.6730078437028755,-0.47898868520165894,1.960400468291829,0.2777777777777778,0.16666666666666666,0,0.7044594401767188,0.882391144704101,0.6779295381146216,1.635910562664348,False,False,False,False,False
Australia,AUS,2007,0.6266471356094493,-0.5618408163844868,1.9087067778711686,-0.16666666666666666,-0.16666666666666666,0,0.5070707826961236,0.7639426672358992,0.626366833555723,1.6654611681519746,False,True,True,False,False
Australia,AUS,2008,1.6628527971963816,1.4722429692267747,2.5942824913575455,-0.2222222222222222,-0.05555555555555555,0,1.1458756515561404,0.0,-1.2267136717261253,-1.6789404442365723,False,False,False,False,False
Australia,AUS,2009,1.338079046009474,1.1435243550904512,3.4894606919486986,0.1111111111111111,0.1111111111111111,0,1.2831017074986137,0.0,-1.4958903767073002,-1.9373385360974407,False,False,False,False,False
Australia,AUS,2010,2.2542890881544926,1.2860046689633224,-0.00912751053771789,0.4444444444444444,0.4444444444444444,0,1.0636143069791184,0.0,-1.5070960952324894,-2.520734274369621,False,False,False,False,False
Australia,AUS,2011,1.224253728457147,1.3435297052615898,-0.025963888718581473,0.5555555555555556,0.6666666666666666,0,1.0024455756326363,0.0,-1.5121947951495178,-2.6035893280972,False,False,False,False,False
Australia,AUS,2012,1.0338709907396513,1.3648851409604044,0.06774658391185613,0.4444444444444444,0.7777777777777778,0,0.9821894320112714,0.0,-1.507334798867196,-2.395028594764687,False,False,False,False,False
Australia,AUS,2013,10.0,1.6920274593699307,6.7063607613255956,0.7222222222222222,0.7777777777777778,1,4.279677644139105,0.0,-1.5296628972549235,-1.6175361482619885,False,False,False,True,True
Australia,AUS,2014,10.0,6.041107391441284,5.551983632296924,0.9444444444444445,0.611111111111111,1,4.940840426969864,0.0,-1.5631666171640206,-1.5200586817721577,False,False,False,True,True
Australia,AUS,2015,10.0,3.619742739259671,5.627126034140757,1.0,0.611111111111111,1,4.49381819912453,0.0,-1.5747681323738718,-1.6973944355689725,False,False,False,True,True
Australia,AUS,2016,10.0,6.367486397871766,5.566382171379273,0.9444444444444445,0.7777777777777778,2,5.075662602739097,0.0,-1.5689787340099608,-1.6564369556103173,False,False,False,True,True
Australia,AUS,2017,10.0,10.0,2.328895025172326,1.0,0.8333333333333334,1,5.199112338367799,0.0,-0.9377991512531826,-1.0805414488143463,False,False,False,True,True
Australia,AUS,2018,10.0,2.469441295245865,1.0084842016847022,1.0,0.8888888888888888,1,3.451140654941669,0.0,-0.9730544518373555,-1.3305330015041879,False,False,False,False,False
Australia,AUS,2019,10.0,2.5710440822669933,1.4735814517998789,1.0,0.6666666666666666,0,3.4755917734800414,0.1111111111111111,-1.0249699383733926,-1.8277995528302853,False,False,False,False,False
Australia,AUS,2020,10.0,2.9751569580226893,1.1320157895571372,1.0,0.3888888888888889,1,3.3769901050715205,0.2222222222222222,-1.0044001858890665,-1.6737075232134524,False,False,False,False,False
Australia,AUS,2021,10.0,3.2850709689348485,1.136593830662557,1.0,0.7777777777777778,1,3.5954440710305926,0.3333333333333333,-0.9982266094461237,-1.345010278275788,False,False,False,False,False
Australia,AUS,2022,10.0,3.2482631288248607,1.108655138701571,0.9444444444444445,0.7222222222222222,1,3.5380503201719526,0.3888888888888889,-0.9979312327265777,-1.262687631495504,False,False,False,False,False
Australia,AUS,2023,10.0,4.272716725695457,0.6928506425888536,0.9444444444444445,0.5,1,3.5708912514346394,0.5239385424449863,0.07181562733495887,-1.7663250226723022,False,False,True,True,True
Australia,AUS,2024,10.0,0.7485665795579387,0.7532919780182532,0.8888888888888888,0.3888888888888889,0,2.81148282262635,0.5753982921606529,0.22619487648195863,-1.9525276063888126,False,False,True,True,True
Australia,AUS,2025,10.0,2.6385759690417387,8.481611155451512,0.8888888888888888,0.05555555555555555,1,4.601815202676428,0.5941119439887612,0.2823358319662836,-1.890727215681686,False,False,True,True,True
Azerbaijan,AZE,1991,,,,,,0,0.0,0.0,,,False,False,False,False,False
Azerbaijan,AZE,1992,,,,,,0,0.0,0.0,,,False,False,False,False,False
Azerbaijan,AZE,1993,,,,,,0,0.0,0.0,,,False,False,False,False,False
Azerbaijan,AZE,1994,,,,,,0,0.0,0.0,,,False,False,False,False,False
Azerbaijan,AZE,1995,,,,,,0,0.0,0.0,,,False,False,False,False,False
Azerbaijan,AZE,1996,1.7494856523855369,1.0865772883933558,-0.2166638860913954,,,0,0.9453543135929642,0.9269407310736,1.8538814621472,-0.6921093427482201,False,False,False,False,False
Azerbaijan,AZE,1997,1.6906892633649042,1.2571907614261635,0.5508202061515125,,,0,1.1662334103141934,0.5813020380213156,1.1626040760426313,-0.6463273232443624,False,False,False,False,False
Azerbaijan,AZE,1998,1.0415875543338782,0.9151373939319694,1.289141433374403,,,0,1.08195546054675,0.29154891417062717,0.5830978283412543,-0.6653579601035695,False,False,False,False,False
Azerbaijan,AZE,1999,0.7735882896329163,0.8603854400043391,2.0767219493817333,-0.3333333333333334,1.0,0,1.1421391358037978,0.07228759860050542,0.21686279580151624,-0.6414306553607361,False,False,False,False,False
Azerbaijan,AZE,2000,0.7908601580181241,2.1874611802439543,1.2627064932524263,-0.6,0.9999999999999999,0,1.248205566302901,0.0,-0.8720687687228985,-0.3813815955547602,False,False,False,False,False
Azerbaijan,AZE,2001,-0.4653400125242537,1.9930509714879874,1.712600771222824,-0.7333333333333333,0.9999999999999999,0,1.1411303485421622,0.0,-1.441652893881182,-0.14474107454185967,False,False,False,False,False
Azerbaijan,AZE,2002,-0.29387207954551187,2.444710677130518,2.593952074645006,-0.7142857142857143,1.0,0,1.4077325503551048,0.0,-0.7769284034880454,-1.208468115936601,False,False,False,False,False
Azerbaijan,AZE,2003,1.2321389493101873,0.059909396705282975,1.4493700756598757,-0.42857142857142855,0.8571428571428571,0,0.891140827192212,0.5749535918876654,0.6548372943785191,1.0700234812844769,False,True,True,False,False
Azerbaijan,AZE,2004,-0.633932926385898,0.46222347760393095,1.2005387518089,-0.4444444444444444,0.7777777777777778,0,0.6436635569936773,0.5517671953809435,-0.6843238938981345,1.6553015861428306,False,True,True,False,False
Azerbaijan,AZE,2005,-0.5752649719294443,0.6719381409528501,1.2021266891327542,-0.3333333333333333,0.6666666666666666,0,0.6414796326837875,0.551497000020934,-0.6963094967208591,1.6544910000628021,False,False,False,False,False
Azerbaijan,AZE,2006,-0.5807418048509629,1.0212719106317847,1.2153984199609236,-0.1111111111111111,0.5555555555555556,0,0.6695562883407639,0.5506037014018162,-0.6959348430968618,1.6518111042054486,False,False,False,False,False
Azerbaijan,AZE,2007,-0.6854563868749695,1.0375129987491314,1.242234863816871,0.05555555555555555,0.3888888888888889,0,0.6337273502909782,0.7443210408126678,-0.6945032826788717,1.7329631224380033,False,False,False,False,False
Azerbaijan,AZE,2008,-0.6878099163240543,0.8815442557297754,1.229964299737721,0.2777777777777778,0.05555555555555555,0,0.5556350444268326,0.8214400385183581,-0.7088711081449904,1.6309867822217408,False,False,False,False,False
Azerbaijan,AZE,2009,10.0,2.938583423836015,10.0,0.5,0.2222222222222222,5,4.876605573656091,4.512097405471359,10.0,2.5362922164140778,False,False,False,True,True
Azerbaijan,AZE,2010,10.0,2.1804760769281666,3.4619068954722136,0.7222222222222222,0.4444444444444444,2,3.5951432611467427,4.5555595330675525,10.0,2.666678599202659,False,False,False,True,True
Azerbaijan,AZE,2011,10.0,1.09972374525308,3.470928777432671,0.7222222222222222,0.5,3,3.403019393426039,4.497654549127568,10.0,2.6596303140493713,False,False,False,True,True
Azerbaijan,AZE,2012,10.0,0.9268853930033196,3.413454408353017,0.8333333333333334,0.611111111111111,3,3.4458457380490453,4.6714075408547435,10.0,2.6808892892308975,False,False,False,True,True
Azerbaijan,AZE,2013,10.0,0.6454240785963973,3.4026746928144744,0.8888888888888888,0.7222222222222222,3,3.4540641987266185,4.7130595051983475,10.0,2.639178515595041,False,False,False,True,True
Azerbaijan,AZE,2014,10.0,0.5525284335047137,3.3673835245727752,0.8888888888888888,0.7222222222222222,3,3.428426836059942,4.653249286379684,10.0,2.626414525805718,False,False,False,True,True
Azerbaijan,AZE,2015,10.0,0.5563769182254809,3.359375390913513,0.8888888888888888,0.6666666666666666,3,3.405372684050021,4.595489474486619,10.0,2.619801756793189,False,False,False,True,True
Azerbaijan,AZE,2016,10.0,1.1493235303546323,0.557733378927042,0.9444444444444445,0.4444444444444444,3,2.8969669374118903,4.665668913185743,10.0,2.663673406223896,False,False,False,True,True
Azerbaijan,AZE,2017,10.0,0.8167624497499996,-0.31174284427239646,0.9444444444444445,0.4444444444444444,2,2.7189080455055556,4.67000138644872,10.0,2.6766708260128276,False,False,False,True,True
Azerbaijan,AZE,2018,10.0,1.097098526928742,1.2239824590939845,0.8888888888888888,0.5,2,3.019771752760101,4.5166548913127995,10.0,2.549964673938399,False,False,False,True,True
Azerbaijan,AZE,2019,10.0,0.5154652242623179,3.7465162029320793,0.7777777777777778,0.4444444444444444,2,3.3412851743277683,4.586965263041997,10.0,2.4275624557926574,False,False,False,True,True
Azerbaijan,AZE,2020,10.0,0.5181017512634044,3.7228339286818293,0.7222222222222222,0.3888888888888889,3,3.292631580433491,4.639655371002317,10.0,2.418966113006952,False,False,False,True,True
Azerbaijan,AZE,2021,10.0,0.5242657803657986,3.736067774432612,0.611111111111111,0.3333333333333333,2,3.22984448873746,4.50847559486137,10.0,2.3587601179174436,False,False,False,True,True
Azerbaijan,AZE,2022,10.0,0.5323089909165829,3.735675734778101,0.4444444444444444,0.2222222222222222,2,3.120263611805604,4.335730062630012,10.0,2.3405235212233717,False,False,False,True,True
Azerbaijan,AZE,2023,10.0,0.5309637127916094,3.7333991744797332,0.2222222222222222,0.05555555555555555,2,2.9639836885653796,4.111996450554799,10.0,2.3359893516643964,False,False,False,True,True
Azerbaijan,AZE,2024,10.0,1.4512073688459608,3.63306949752042,0.2222222222222222,0.4444444444444444,2,3.2835220399399425,4.01539004972315,10.0,2.04617014916945,False,False,False,True,True
Azerbaijan,AZE,2025,10.0,2.5153440555431357,10.0,0.05555555555555555,0.3888888888888889,5,4.680846588886405,3.9289737216030294,10.0,1.7869211648090888,False,False,False,True,True
Bahrain,BHR,1991,0.0,,,,,0,0.0,0.0,,,False,False,False,False,False
Bahrain,BHR,1992,0.0,,,,,0,0.0,0.0,,,False,False,False,False,False
Bahrain,BHR,1993,0.0,,,,,0,0.0,0.0,,,False,False,False,False,False
Bahrain,BHR,1994,0.0,,,,,0,0.0,0.0,,,False,False,False,False,False
Bahrain,BHR,1995,0.0,,,,,0,0.0,0.0,,,False,False,False,False,False
Bahrain,BHR,1996,0.0,0.3558317715434019,-0.05467626314550641,,,0,0.1186105905144673,0.5055122478830205,-0.8789329242959656,1.011024495766041,False,False,False,False,False
Bahrain,BHR,1997,0.0,0.3344400985712819,0.1406284466465632,,,0,0.1583561817392817,0.5159144464821985,-0.8806153099765818,1.031828892964397,False,False,False,False,False
Bahrain,BHR,1998,0.0,0.5283448101444352,0.3563425548258863,,,0,0.2948957883234405,0.5223944763336075,-0.8818902645673854,1.044788952667215,False,False,False,False,False
Bahrain,BHR,1999,0.0,1.0334059983480084,1.7504306722451877,0.6666666666666669,1.0,0,1.223434000785306,0.0,-0.8778302424062542,-0.9572710099419982,False,False,False,False,False
Bahrain,BHR,2000,0.0,1.1770369923154862,2.6125788816708155,0.7999999999999999,0.9999999999999999,0,1.4779231747972603,0.39999999999999997,-0.8359003113804315,-0.9069642678432968,False,False,False,False,False
Bahrain,BHR,2001,0.853332779388057,2.0628859410653577,1.6202013560006174,0.8666666666666666,0.8666666666666666,1,1.6006173486241397,1.1703257611126678,-0.5178351535898159,1.7109772833380033,False,False,False,False,False
Bahrain,BHR,2002,1.2378551485962745,1.8069049754665087,2.8113105388411355,0.9047619047619049,0.9047619047619049,1,1.895023656390308,1.1223215166503262,1.2241074070938358,-0.774910001783392,False,False,False,False,False
Bahrain,BHR,2003,1.2165787406558948,0.8503450041644395,1.2541168620635121,0.9285714285714285,0.7857142857142856,0,1.349922407091055,1.1178657712176205,1.2107401707957195,-0.7295749117785867,False,False,False,False,False
Bahrain,BHR,2004,1.5052036578329022,0.8191781494893182,0.86939036344519,0.9444444444444445,0.6666666666666666,1,1.2831988785979265,1.187119226104597,1.2280243449804575,-0.7075958840893649,True,False,True,False,False
Bahrain,BHR,2005,2.281825866393232,1.0094634215628226,1.0090392035589864,0.9444444444444445,0.611111111111111,1,1.4822879205252304,1.1255996500043624,1.2101322833464203,-0.7223035492990186,False,False,False,False,False
Bahrain,BHR,2006,2.780926431429585,1.156200901105106,0.8917946361839473,1.0,0.5555555555555556,2,1.5880066159659498,0.9505101157911223,1.1848636807067001,-0.7329240094733069,False,False,False,False,False
Bahrain,BHR,2007,3.1515987768844402,1.2799470039518699,0.8932084121551934,1.0,0.6666666666666666,2,1.7316175052649672,0.6674408424353352,1.1689891939726722,-0.749816307356689,False,False,False,False,False
Bahrain,BHR,2008,2.947809739142447,1.3410857009930715,1.7629617374708795,0.9444444444444445,0.7222222222222222,2,1.8770381021879463,0.3931807687614271,1.1795423062842814,-0.6792493021313095,False,False,False,False,False
Bahrain,BHR,2009,1.7447900526898747,2.009195886299641,4.917355906881909,0.7222222222222222,0.8333333333333334,1,2.356490591396507,0.40706781199804376,1.2212034359941313,-0.32372982123414146,False,False,False,False,False
Bahrain,BHR,2010,1.1282703909384049,0.8733417856563742,2.675727842312015,0.2777777777777778,0.6666666666666666,0,1.3132457815591363,0.5190762457406649,1.19234826613562,0.36488047108637467,False,False,False,False,False
Bahrain,BHR,2011,3.9550508918214353,3.5216620851460205,7.137806154363912,0.0,0.2222222222222222,1,3.0117927151551624,0.0,-0.6529544569747121,-2.434598362127523,False,False,False,False,False
Bahrain,BHR,2012,10.0,0.9875564865290415,4.934908043650672,0.1111111111111111,0.16666666666666666,2,3.2956040171470535,0.0,-0.6530448710154728,-1.233973642765013,False,False,False,True,False
Bahrain,BHR,2013,10.0,1.2139681209713589,2.472262054705151,0.3333333333333333,0.2777777777777778,1,2.981690479579746,0.0,-0.654411997680038,-1.376806452716432,False,False,False,False,False
Bahrain,BHR,2014,10.0,1.5041874000895932,2.493827256065933,0.4444444444444444,0.3888888888888889,2,3.1329362645644387,0.0,-0.6597167864403998,-1.4783354959310395,False,False,False,True,True
Bahrain,BHR,2015,10.0,1.530448866100678,2.5148359728339433,0.611111111111111,0.4444444444444444,2,3.231279190009146,0.0,-0.6586937569550432,-1.2065117327956905,False,False,False,True,True
Bahrain,BHR,2016,10.0,1.550415039964323,2.4726253942734364,0.7222222222222222,0.6666666666666666,3,3.360163642403107,0.0,-0.6627863820815284,-1.0784059022848473,False,False,False,True,True
Bahrain,BHR,2017,10.0,1.651948209495854,2.4845150475114886,0.8888888888888888,0.5555555555555556,2,3.405070429179246,0.0,-0.6691768682524027,-1.3225631879238504,False,False,False,True,True
Bahrain,BHR,2018,10.0,1.5776058830351218,2.762378196076824,1.0,0.8888888888888888,3,3.623552371377945,0.0,-0.6740003013156798,-2.4338514678807885,False,False,False,True,True
Bahrain,BHR,2019,10.0,1.1142117061514027,2.000729916478511,1.0,0.7777777777777778,3,3.334099435637094,0.0,-0.6319927854115579,-2.065826860169925,False,False,True,True,True
Bahrain,BHR,2020,10.0,1.171905597837401,0.7713449318514347,1.0,0.7777777777777778,1,3.0997612170488784,0.0,-0.6908737279666306,-1.643561031999885,False,False,False,False,False
Bahrain,BHR,2021,10.0,0.7621844105465226,0.39592167742039036,0.8888888888888888,0.5555555555555556,1,2.80939899537116,0.0,-0.6562801621849165,-1.1688137680353903,False,False,False,False,False
Bahrain,BHR,2022,10.0,0.5617753890192353,0.14562977777482106,0.8333333333333334,0.2777777777777778,0,2.5859254778032557,0.0,-0.6626760502988781,-1.29831676793657,False,False,False,False,False
Bahrain,BHR,2023,10.0,0.854606508386113,0.7310219548140695,0.8333333333333334,0.4444444444444444,0,2.8282368037511474,0.1111111111111111,-0.6334067442941079,-1.2656567508373675,False,False,False,False,False
Bahrain,BHR,2024,10.0,0.9091521733540566,0.326152484294857,0.8333333333333334,0.5,0,2.780394264863116,0.2777777777777778,-0.6383587172664694,-1.2514755073873778,False,False,False,False,False
Bahrain,BHR,2025,10.0,1.0961263905823888,0.12694776914509265,0.6666666666666666,0.3333333333333333,0,2.6446148319454963,0.3333333333333333,-0.6361194046690922,-0.9492341961407472,False,True,True,True,False
Bangladesh,BGD,1991,,,,,,0,0.0,0.0,,,False,False,False,False,False
Bangladesh,BGD,1992,,,,,,0,0.0,0.0,,,False,False,False,False,False
Bangladesh,BGD,1993,,,,,,0,0.0,0.0,,,False,False,False,False,False
Bangladesh,BGD,1994,,,,,,0,0.0,0.0,,,False,False,False,False,False
Bangladesh,BGD,1995,,,,,,0,0.0,0.0,,,False,False,False,False,False
Bangladesh,BGD,1996,1.6577485560912202,1.2278374430224261,0.30095411441612807,,,0,1.0621800378432582,1.5313259708625613,1.6299516360532,1.4327003056719225,False,False,False,False,False
Bangladesh,BGD,1997,1.377954522350541,1.2629223393079316,0.8305377641847299,,,0,1.1571382086144009,1.198040115273413,1.2954317975497616,1.1006484329970645,False,False,False,False,False
Bangladesh,BGD,1998,1.0578192717625723,1.2098599999729687,1.3667226667894572,,,0,1.211467312841666,1.081794005391565,1.0502771307499772,1.1133108800331526,False,False,False,False,False
Bangladesh,BGD,1999,0.8596873759736395,1.1804612352595727,2.006943145151401,-1.0,0.3333333333333334,0,0.9427516846102562,0.6533024820181107,0.8365427433024639,1.123364702751868,False,False,False,False,False
Bangladesh,BGD,2000,-0.0002437002301776292,1.219445948686996,1.4702398887401311,-0.9999999999999999,0.0,0,0.5379371674854254,0.0,-0.7552191446826855,-0.70007146113251,False,False,False,False,False
Bangladesh,BGD,2001,-0.0005582113901600038,0.40974003600319797,0.9419650427757956,-0.8666666666666666,0.3333333333333333,0,0.403674349089132,0.0,-0.8138217670120068,-0.4636762755822104,False,False,False,False,False
Bangladesh,BGD,2002,0.2042416294947065,1.056234637607955,2.027481220051608,-0.33333333333333337,0.5238095238095238,0,0.8671153069546633,0.0,-0.8112871450543608,-0.643364035224752,False,False,False,False,False
Bangladesh,BGD,2003,0.9746720893533817,1.000589335192099,1.7876735223442333,0.0,0.5714285714285714,0,0.9811584179493714,0.0,-0.8114555245304761,-0.6787996544868543,False,False,False,False,False
Bangladesh,BGD,2004,1.5070233342565515,1.3051804059098,0.5645063067300727,0.2222222222222222,0.6666666666666666,2,1.0308975649348402,0.0,-0.8146561809210036,-0.9901261353939482,False,False,False,False,False
Bangladesh,BGD,2005,1.7645198969566085,1.3082711745567335,2.6629092326911983,0.5,0.7777777777777778,2,1.6582511719520192,0.0,-0.8057635454548693,-1.293986759633729,False,False,False,False,False
Bangladesh,BGD,2006,6.7051016603695714,1.387866011458529,2.1747520448116955,0.7222222222222222,0.7777777777777778,3,2.6535439433279593,0.1008362378881092,0.28442527325867023,0.018083440405657382,False,False,False,True,True
Bangladesh,BGD,2007,10.0,1.38511244301677,10.0,0.8888888888888888,0.8333333333333334,4,4.965911377492243,0.5534474648663735,0.7591396779500328,0.7345360499824212,False,False,False,True,True
Bangladesh,BGD,2008,10.0,1.2924582990885152,5.414321268279303,1.0,0.7222222222222222,4,4.030244802362452,1.149999190021499,1.1517917732401788,0.7982057968243179,False,False,False,True,True
Bangladesh,BGD,2009,10.0,0.9698538052419113,5.447391668610329,0.9444444444444445,0.3888888888888889,2,3.8167824281037817,2.301684939870705,3.292712430993759,1.2790090552850226,True,False,True,True,True
Bangladesh,BGD,2010,10.0,1.4165308305641766,5.4923308589681445,0.8888888888888888,0.4444444444444444,1,3.915105671239798,2.357924596350642,3.3070056985280916,1.266768090523834,True,False,True,True,True
Bangladesh,BGD,2011,10.0,1.5038434741202402,5.540280137426057,0.9444444444444445,0.4444444444444444,1,3.964380277864815,2.483270001953363,3.309131965257805,1.3073447072689504,True,False,True,True,True
Bangladesh,BGD,2012,10.0,1.5260311276261955,5.572876851849135,1.0,0.4444444444444444,1,3.997559373672844,2.5091647642509325,3.3116004970850885,1.2158937956677085,True,False,True,True,True
Bangladesh,BGD,2013,10.0,1.7071863800121192,5.587122000331841,1.0,0.5555555555555556,1,4.0810838982910145,2.426474148156048,3.3111120033777217,1.1349771077570887,True,False,True,True,True
Bangladesh,BGD,2014,10.0,1.6436053226833167,5.178286866409789,1.0,0.611111111111111,1,4.008822882263066,2.159821098096503,3.303672432880669,1.0091241947421745,False,False,True,True,True
Bangladesh,BGD,2015,10.0,1.7114561097555339,4.2866119017707,0.8888888888888888,0.7777777777777778,2,3.866280268971914,1.6306162118259604,2.137311240539917,1.587870728271298,False,False,False,True,True
Bangladesh,BGD,2016,10.0,1.707342038312083,2.9814180575891114,0.5,0.8333333333333334,1,3.4710853525135725,0.6909167763446614,0.9680486097944969,1.1047017192394875,False,False,False,False,False
Bangladesh,BGD,2017,10.0,1.8171552365930306,1.892087789547095,0.1111111111111111,0.9444444444444445,2,3.164070827450247,0.6558440335919643,0.9300474620379994,1.0374846387378933,False,False,False,True,False
Bangladesh,BGD,2018,10.0,1.7364354458753053,0.8345126278202206,-0.2222222222222222,0.8888888888888888,1,2.869745170294661,0.0,-0.6995467947719659,-0.748889233703597,False,False,False,False,False
Bangladesh,BGD,2019,10.0,1.6324389014118328,2.75403011422095,-0.4444444444444444,0.7777777777777778,1,3.1884049142376676,0.0,-0.7102436416463167,-0.41957566701660926,False,False,False,False,False
Bangladesh,BGD,2020,10.0,1.7854878689587472,1.812817700644299,-0.5555555555555556,0.611111111111111,1,2.9641055583650533,0.0,-0.7083165399120017,-0.5380019526450209,False,False,False,False,False
Bangladesh,BGD,2021,10.0,1.4210189023082165,2.31852914052877,-0.2777777777777778,0.5555555555555556,1,2.9701318307896196,0.0,-0.7593210017558377,-0.6334946058097145,False,False,False,False,False
Bangladesh,BGD,2022,10.0,1.3883498098449516,-0.14636102284866534,0.0,0.3888888888888889,0,2.433225517524546,0.0,-0.7712571240201737,-0.44867180892233877,False,False,False,False,False
Bangladesh,BGD,2023,10.0,1.220773140292868,0.0053677709669756905,0.2222222222222222,0.05555555555555555,0,2.35633929336308,0.0,-0.7865191057652182,-1.0338352219369762,False,False,False,False,False
Bangladesh,BGD,2024,10.0,0.7910123081459324,3.2143323600927323,0.3888888888888889,0.3888888888888889,1,3.112180044758844,0.006915750949342789,0.020747252848028367,-0.006828689324460917,False,False,False,False,False
Belarus,BLR,1991,,,,,,0,0.0,0.0,,,False,False,False,False,False
Belarus,BLR,1992,,,,,,0,0.0,0.0,,,False,False,False,False,False
Belarus,BLR,1993,,,,,,0,0.0,0.0,,,False,False,False,False,False
Belarus,BLR,1994,,,,,,0,0.0,0.0,,,False,False,False,False,False
Belarus,BLR,1995,,,,,,0,0.0,0.0,,,False,False,False,False,False
Belarus,BLR,1996,1.1804492547369183,1.4459258892763014,0.36365872543218963,,,0,0.996677956481803,1.4592153358028184,0.7301307413829402,2.1882999302226964,False,False,False,False,False
Belarus,BLR,1997,1.7472194925856972,1.623673563302668,-0.34899831374810536,,,1,1.1236310186294551,0.5701103008642961,1.1402206017285923,-0.4877553216551944,False,False,False,False,False
Belarus,BLR,1998,0.9883010978981432,1.0338817912352833,-0.3694146986231079,,,0,0.6740609630444755,0.31487989849061615,0.6297597969812323,-0.49809118353994414,False,False,False,False,False
Belarus,BLR,1999,0.7774172679798552,0.9802208523644951,0.7069960740227166,1.0,1.0,0,1.2929268388734134,0.06830626541761199,0.204918796252836,-0.5259070474917699,False,False,False,False,False
Belarus,BLR,2000,0.8936660704567112,0.4789820180972975,0.22240888692557326,0.9999999999999999,0.9999999999999999,0,1.1190113950959164,0.06750554540362662,0.20251663621087984,-0.5954495948053957,False,False,False,False,False
Belarus,BLR,2001,0.8138903717300923,0.9946488269218875,0.7670880401187952,0.9999999999999999,0.9999999999999999,0,1.315125447754155,0.06666293197661148,0.19998879592983446,-0.5810432397973151,False,False,False,False,False
Belarus,BLR,2002,0.8956995629380011,1.1271734026600457,1.5484342281201022,1.0,0.9047619047619049,0,1.4761662006483918,0.0938349476929572,0.2815048430788716,-0.7196550015226533,False,False,False,False,False
Belarus,BLR,2003,1.4751770770963955,1.427357540483931,1.4497085657766045,0.9999999999999998,0.9285714285714285,0,1.6418772080999577,0.12431495982479185,0.37294487947437555,-0.29393612296640237,False,False,False,False,False
Belarus,BLR,2004,-0.5663459213472477,1.4136314526727274,2.8393526545461167,0.611111111111111,0.8333333333333334,0,1.4283745992215466,0.0,-1.46110584289329,-0.24495319520473066,False,False,False,False,False
Belarus,BLR,2005,-0.41569978651773776,1.7186767160898697,2.797805485222098,0.16666666666666666,0.9444444444444445,0,1.347740884706838,0.5861635922535692,-2.3008792481462748,1.7584907767607076,False,False,False,False,False
Belarus,BLR,2006,-1.2364283314229962,1.554167758397812,3.243546667014431,-0.16666666666666666,0.7777777777777778,0,1.2706539961935597,0.0,-3.212594091797301,-1.0961953892716334,False,False,False,False,False
Belarus,BLR,2007,-1.2364283538843346,1.481428771557278,3.395724384935149,-0.3888888888888889,0.5555555555555556,0,1.1976528535207076,0.0,-3.1963672394322753,-1.4248429150166277,False,False,False,False,False
Belarus,BLR,2008,-1.2364283614422156,1.2991581505680898,3.86325862808124,-0.5,0.4444444444444444,0,1.2102611335076439,0.0,-3.195173429257752,-1.1898043205970248,False,False,False,False,False
Belarus,BLR,2009,-1.2364283616579466,0.7425704803810291,1.8176356935350302,-0.5,0.2222222222222222,0,0.6009301236721007,0.0,-3.2120115517149697,-0.8358108923281206,False,False,False,False,False
Belarus,BLR,2010,-0.6694356061026819,-0.7291457196370768,1.5572572834675142,-0.1111111111111111,-0.1111111111111111,0,0.3114514566935028,0.0,-3.1618608235776233,-0.4150494744727589,False,False,False,False,False
Belarus,BLR,2011,-0.46839135101474644,-1.514231773406443,1.6704088671936652,0.3333333333333333,-0.3888888888888889,0,0.4674151067720664,0.0,-3.121272633921647,-0.16132537701652497,False,False,False,False,False
Belarus,BLR,2012,-0.4315873598650913,-1.3117079090096209,1.6478918693668436,0.4444444444444444,-0.3888888888888889,0,0.5073561516511464,0.05555555555555555,-3.1095945896653783,-0.3918124861160637,False,False,False,False,False
Belarus,BLR,2013,-0.3053457495581303,-1.3865584642658555,0.7776761038488712,0.611111111111111,0.0,0,0.3999796652142186,0.34403390691236213,-3.1486503148710674,0.0321017207370863,True,False,True,False,False
Belarus,BLR,2014,-0.31201616852764447,-1.3073199579646588,1.4521305374735267,0.7777777777777778,0.3333333333333333,0,0.7348705519391497,0.8686980877738906,-3.1487125804561793,0.7727609299883389,False,True,True,False,False
Belarus,BLR,2015,0.08789755781353147,0.018179239353382413,2.3176107754634954,0.8333333333333334,0.4444444444444444,0,0.995848625637193,0.9068061791506338,-3.1416351789426216,1.2204185374519014,False,True,True,False,False
Belarus,BLR,2016,-0.7230670485446845,0.6536989935637837,2.0596268502369894,0.5555555555555556,0.5,0,0.9648873909823769,0.2733617467196434,-3.2120876445676627,0.486751906825597,False,False,False,False,False
Belarus,BLR,2017,-0.6455458168203801,0.708544503114336,2.7637425585557,0.7777777777777778,0.7222222222222222,0,1.2944574123340071,0.17777049533859104,-3.2102466784376222,0.5333114860157732,False,True,True,False,False
Belarus,BLR,2018,-0.5959395315939784,1.0905030272821732,2.7722265897509115,0.7222222222222222,0.8888888888888888,0,1.4169903678510614,0.0,-3.2133853275377944,-0.0785215733387938,False,False,False,False,False
Belarus,BLR,2019,-1.2364283599259704,1.6214385959699267,1.1207097403929427,0.9444444444444445,0.9444444444444445,0,1.3039852228281297,0.0,-3.2945270773490836,-1.0420314270115845,False,False,False,False,False
Belarus,BLR,2020,4.114922027700688,2.034025570295761,9.93231347121441,1.0,0.9444444444444445,1,3.99402999161995,0.34656333092985153,-2.495579521732221,1.0396899927895547,False,False,False,False,False
Belarus,BLR,2021,8.0439478341456,0.6810123550522804,6.018912527625075,1.0,0.9444444444444445,1,3.726552321142369,0.0,-2.5272401588901627,-0.3320628588047488,False,False,False,False,False
Belarus,BLR,2022,10.0,0.6716729614536626,7.286666470109564,1.0,0.8888888888888888,1,4.3472234418682,0.2222222222222222,-2.1496767091592694,-1.837962396144181,False,False,False,True,True
Belarus,BLR,2023,10.0,0.9614415041729217,3.599506672704952,1.0,0.7777777777777778,2,3.6233007464866858,0.4444444444444444,-2.086226209179728,-2.6830124299928846,False,False,False,True,True
Belarus,BLR,2024,10.0,1.064291970504823,4.869961482548556,1.0,0.5555555555555556,2,3.809072912832898,0.6666666666666666,-2.0641060118797374,-2.5337635000510605,True,False,True,True,True
Belarus,BLR,2025,10.0,1.1111771312779215,4.5917825748584455,1.0,0.6666666666666666,2,3.80725860789394,0.7777777777777778,-2.0522764684762493,-2.5185814387634338,True,False,True,True,True
Belgium,BEL,1991,0.0,,,,,0,0.0,0.0,,,False,False,False,False,False
Belgium,BEL,1992,0.0,,,,,0,0.0,0.0,,,False,False,False,False,False
Belgium,BEL,1993,0.0,,,,,0,0.0,0.0,,,False,False,False,False,False
Belgium,BEL,1994,0.0,,,,,0,0.0,0.0,,,False,False,False,False,False
Belgium,BEL,1995,0.0,,,,,0,0.0,0.0,,,False,False,False,False,False
Belgium,BEL,1996,1.2540996877139206,1.3086783521367746,0.5856270292429303,,,0,1.0494683563645417,0.7368705168274379,1.1731493437919862,0.3005916898628894,False,False,False,False,False
Belgium,BEL,1997,0.852023102361099,1.1719677104367836,1.4302213362896705,,,0,1.151404049695851,0.2860464195799435,0.572092839159887,-0.06449380911637452,False,False,False,False,False
Belgium,BEL,1998,1.2274416629799731,1.9098126467165597,2.2765381918907086,,,0,1.8045975005290806,0.03270944746729614,-0.28015494692833914,0.06541889493459228,False,False,False,False,False
Belgium,BEL,1999,0.9014140747897214,1.6251666234816926,1.7316561772641121,1.0,1.0,0,1.6516473751071055,0.0,-0.9538873390993348,-0.8280051378214688,False,False,False,False,False
Belgium,BEL,2000,1.9501197149349656,2.175688089297599,0.23814174446369316,0.7999999999999999,0.9999999999999999,0,1.5927899097392515,0.0,-0.3788113993158134,-0.8420326272134627,False,False,False,False,False
Belgium,BEL,2001,0.5488078704670174,1.3988519987045267,1.2176859331386396,0.7333333333333333,0.9999999999999999,0,1.3264024937953702,0.0,-1.2264368500620586,-0.974141207982453,False,False,False,False,False
Belgium,BEL,2002,1.2987148231480519,1.6193514274855627,2.681544507653081,0.8095238095238096,1.0,0,1.843731675466863,0.0,-1.1297390599237793,-0.9339789004846908,False,False,False,False,False
Belgium,BEL,2003,0.7168807448394913,1.1709110202895137,0.458128059234645,0.7857142857142856,0.9285714285714285,0,1.1548982505870158,0.0,-0.6078257700326452,-0.24675337875245704,False,False,False,False,False
Belgium,BEL,2004,1.9101564667356685,0.643983241527409,2.0839719521986844,0.8333333333333334,0.6666666666666666,0,1.5276223320923523,0.9245766435885935,1.4688066359488572,1.3049232948169232,False,False,False,False,False
Belgium,BEL,2005,2.0434046474735594,-0.5117807393288156,1.8060547128126145,0.7222222222222222,0.2222222222222222,0,1.1476696498350125,1.2493147982948014,1.3628065464612338,2.218471181756504,False,False,False,False,False
Belgium,BEL,2006,2.01409175344193,-0.12106647108930313,2.5406936694790914,0.611111111111111,-0.16666666666666666,0,1.1554015290286488,1.3945582736576005,1.1644404624158906,2.185901025223578,False,False,False,False,False
Belgium,BEL,2007,2.141783296452416,0.26297380834659895,10.0,0.5,-0.16666666666666666,1,2.6809514209598033,1.5765683654655536,0.8639514076975922,2.6990870220324017,False,False,False,False,False
Belgium,BEL,2008,1.8416418600022444,0.7603686331323094,10.0,0.5555555555555556,-0.16666666666666666,1,2.7426243208491328,1.1218192148431465,-0.740298565534804,2.8654576445294393,False,True,True,True,True
Belgium,BEL,2009,1.7907962758015112,1.9367659917823874,10.0,0.6666666666666666,0.16666666666666666,1,3.0788457868501133,0.9514826966885551,-1.3231657476345378,2.8544480900656652,False,True,True,True,True
Belgium,BEL,2010,1.8010845602191095,2.9899934900695326,10.0,0.7777777777777778,0.4444444444444444,1,3.4471044989466177,0.8936379884951964,-1.2284419372651314,2.680913965485589,False,True,True,True,True
Belgium,BEL,2011,1.746453394591701,3.937097287198847,10.0,0.7777777777777778,0.7222222222222222,1,3.7367101363581092,0.8785003070359924,-1.0611815788231618,2.635500921107977,False,False,False,False,False
Belgium,BEL,2012,1.72971902886559,6.746511341531453,6.409056801052445,0.7777777777777778,0.8888888888888888,1,3.6437241009565646,0.8773712548244467,-3.0503212626416163,2.63211376447334,False,False,False,False,False
Belgium,BEL,2013,0.0,6.058791016987177,3.8222146436926394,0.6666666666666666,0.8888888888888888,0,2.598423354358186,0.18089232033243283,-5.193323433674622,0.5426769609972985,False,False,False,False,False
Belgium,BEL,2014,0.0,4.441892964428263,5.357749771384482,0.2777777777777778,0.7777777777777778,0,2.382150769384771,0.0,-5.316826151503391,-0.3525204799060869,False,False,False,False,False
Belgium,BEL,2015,0.0,2.493502567175489,3.5439941322485264,-0.1111111111111111,0.5555555555555556,0,1.4297215621070254,0.0,-5.158230498034188,-0.24236427764022514,False,False,False,False,False
Belgium,BEL,2016,0.0,4.203267116120633,2.53226809390746,-0.3333333333333333,0.5,0,1.5471070420056185,0.0,-5.232233893992686,-0.3260892931403345,False,False,False,False,False
Belgium,BEL,2017,0.0,5.613726376866549,5.473685170716471,-0.3333333333333333,0.6666666666666666,0,2.484148976183271,0.0,-5.3167376509476165,-0.2568717955281886,False,False,False,False,False
Belgium,BEL,2018,0.0,6.708311035697301,3.3910688157845383,-0.2777777777777778,0.7777777777777778,0,2.330987081407479,0.0,-5.2684515189358025,-0.22158177411379124,False,False,False,False,False
Belgium,BEL,2019,0.0,6.933371884754312,6.502344626303775,0.1111111111111111,0.611111111111111,0,2.9760321911005057,0.1317057792325341,-4.46719997662279,0.39511733769760227,False,False,False,False,False
Belgium,BEL,2020,0.0,7.007453733247891,5.851202013778912,0.4444444444444444,0.3333333333333333,0,2.8828422605164716,0.9420374527686813,-1.1407245548079163,2.4927790249727106,False,False,False,False,False
Belgium,BEL,2021,5.674701139670639,2.9768981270925847,8.72534574130532,0.7222222222222222,0.2777777777777778,1,3.8753890016137094,0.9662754196907967,-0.8907433095893695,1.3988262590723899,False,False,False,False,False
Belgium,BEL,2022,5.51510785599855,3.068066665793213,10.0,0.8333333333333334,0.2222222222222222,1,4.138857126580574,1.1689148849390865,-0.8505519301827071,1.3400779881505926,False,True,True,True,True
Belgium,BEL,2023,7.218342712505118,3.102159433233493,8.268717898232635,0.8888888888888888,0.3888888888888889,1,4.22895511990536,1.021100984724636,-0.003322374124228885,0.8966362875072416,False,False,False,True,True
Belgium,BEL,2024,6.99350657144484,3.1587274858974497,8.3461005987538,0.8888888888888888,0.611111111111111,1,4.299666931219218,1.1543070700655662,0.7962545435300326,-0.005970985653157868,False,False,True,True,True
Belgium,BEL,2025,10.0,5.177890182747632,10.0,0.8888888888888888,0.5555555555555556,3,5.613355814327305,1.3959426121232053,1.1878278363696162,-0.10183105073041432,True,False,True,True,True
Benin,BEN,1991,,,,,,0,0.0,0.0,,,False,False,False,False,False
Benin,BEN,1992,,,,,,0,0.0,0.0,,,False,False,False,False,False
Benin,BEN,1993,,,,,,0,0.0,0.0,,,False,False,False,False,False
Benin,BEN,1994,,,,,,0,0.0,0.0,,,False,False,False,False,False
Benin,BEN,1995,,,,,,0,0.0,0.0,,,False,False,False,False,False
Benin,BEN,1996,1.7592497679397836,1.7335554975713838,0.20561363576410396,,,1,1.2328063004250904,1.4531959998356931,1.629988156829035,1.2764038428423512,False,False,False,False,False
Benin,BEN,1997,1.327572916375861,1.3746016508553223,0.7283829189769504,,,0,1.1435191620693779,1.2491637598923864,1.3042444158068083,1.1940831039779645,False,False,False,False,False
Benin,BEN,1998,1.091625125277744,1.3784178238417955,1.4008453442744528,,,0,1.2902960977979976,1.1255937531590976,1.0528763508278705,1.1983111554903247,False,False,False,False,False
Benin,BEN,1999,1.3501950404968734,1.1834491239113611,2.0867366302516177,1.0,1.0,0,1.7240761589319704,0.6691153528463856,0.822794399500837,1.1845516590383198,False,False,False,False,False
Benin,BEN,2000,1.1350806505034166,1.64632623819879,2.6337780993779365,0.7999999999999999,0.7999999999999999,0,1.7230369976160287,0.0,-0.7939742151946383,-1.0553833496864955,False,False,False,False,False
Benin,BEN,2001,-0.0004455293991735107,1.1410617777453516,0.3797950430035215,0.3333333333333333,0.8666666666666666,0,0.7841713641497746,0.0,-0.8181931172965583,-0.8453929754186186,False,False,False,False,False
Benin,BEN,2002,-0.0004459302482050553,0.575728807879165,0.7687246587764417,0.14285714285714288,0.9047619047619049,0,0.6879383123787404,0.0,-0.8143654829163696,-0.496573947995094,False,False,False,False,False
Benin,BEN,2003,0.10954424619638355,0.972849371713679,2.5569279542939927,0.07142857142857142,0.9285714285714285,0,1.1278643144408111,0.0,-0.7988391232038748,-0.7995556761195207,False,False,False,False,False
Benin,BEN,2004,-0.0004464146376590067,0.7431009879695623,0.11793153265753843,-0.16666666666666666,0.8888888888888888,0,0.5277620596809757,0.0,-0.7939844619613682,-0.7293654485795213,False,False,False,False,False
Benin,BEN,2005,-0.0004465314048111478,0.8421651092192182,0.8368912088225485,-0.2222222222222222,0.611111111111111,0,0.5802557080527977,0.0,-0.790546922391742,-0.9270783635497136,False,False,False,False,False
Benin,BEN,2006,-0.00044656401184408505,1.0804074191922401,0.9945077831195225,0.1111111111111111,0.2777777777777778,0,0.5705385960179081,0.0,-0.7903031338864605,-1.1156572974210177,False,False,False,False,False
Benin,BEN,2007,-0.0004467611459978223,0.725235718028662,0.845958785579367,0.5,0.3888888888888889,0,0.6697944562771614,0.3333333333333333,-0.7888271176058944,-1.2102981784182885,False,False,False,False,False
Benin,BEN,2008,-0.0004468287898313114,0.7522991393011984,0.846410202940426,0.8333333333333334,0.6666666666666666,0,0.9197418684483247,0.5,-0.7965388337624885,-1.2952146916608491,False,False,False,False,False
Benin,BEN,2009,-0.0004469291899169167,0.7483027015171194,0.8418526622584044,0.8333333333333334,0.4444444444444444,0,0.829142183866216,0.5,-0.7982899043689756,-1.2373296355420418,False,False,False,False,False
Benin,BEN,2010,-0.00044696032250555545,0.6138351119439773,1.3555818326415212,0.5555555555555556,0.4444444444444444,0,0.7938833889170998,0.1111111111111111,-0.8004608435241486,-0.9930335509303043,False,False,False,False,False
Benin,BEN,2011,-0.0004470478893982926,0.14478439924213013,2.0975097011193933,0.3888888888888889,0.611111111111111,0,0.8484588200723046,0.0,-0.7997983481874651,-1.1624180180021746,False,False,False,False,False
Benin,BEN,2012,-0.0004470502867894961,0.753435399706705,1.8035595871457655,0.0,0.7777777777777778,0,0.8225101084816051,0.0,-0.8078474011353651,-1.122144172611291,False,False,False,False,False
Benin,BEN,2013,-0.00044692011094046,1.7519511037173965,1.385787976027716,-0.1111111111111111,0.8333333333333334,0,0.9608811492823559,0.0,-0.7959494225296091,-0.9705839104707341,False,False,False,False,False
Benin,BEN,2014,-0.00044690033249864897,1.8800739513524454,1.050159841303168,-0.05555555555555555,0.8888888888888888,0,0.9416023140866783,0.0,-0.7978688015793842,-0.590146353439481,False,False,False,False,False
Benin,BEN,2015,-0.00044690305341425724,1.7310815665573902,0.558108104820312,0.2777777777777778,0.8888888888888888,0,0.9245046009422071,0.0,-0.7988538026811184,-0.4730006945544706,False,False,False,False,False
Benin,BEN,2016,-0.0004468935986619181,1.7118854174237355,3.1562025254985038,0.3888888888888889,0.7222222222222222,1,1.4180620330288922,0.16666666666666666,-0.7814747925124071,-0.9309696437191207,False,False,False,False,False
Benin,BEN,2017,-0.0004459393866241402,1.408164812917203,5.99036314681466,0.611111111111111,0.7222222222222222,0,2.013038925279706,0.5,-0.7613043843839211,-1.2032620884349843,False,False,False,False,False
Benin,BEN,2018,0.27057675382110585,1.685967346780227,1.7473055506931987,0.7777777777777778,0.6666666666666666,1,1.318547708036684,0.7222222222222222,-0.7451769868534442,-1.1617166836044768,False,False,False,False,False
Benin,BEN,2019,10.0,2.0055022365348427,1.6857260124342657,0.8888888888888888,0.8333333333333334,2,3.4271345386827106,0.7777777777777778,-0.6968480396872093,-1.2285928858425677,False,False,False,True,True
Benin,BEN,2020,10.0,1.818069500694829,1.204487485541461,0.9444444444444445,0.8888888888888888,2,3.337844730580591,0.8333333333333334,-0.6928040174902728,-1.4032632258586217,False,False,False,True,True
Benin,BEN,2021,10.0,1.81565651537143,-0.021273773452488112,0.9444444444444445,0.7777777777777778,2,3.052020191963175,0.7777777777777778,-0.696173782332376,-1.5813710136350625,False,False,False,True,True
Benin,BEN,2022,10.0,1.8307162019293926,-0.2967717480940394,0.9444444444444445,0.7222222222222222,3,3.0328099070525454,0.7222222222222222,-0.7032365493439936,-1.4838734568528338,False,False,True,True,True
Benin,BEN,2023,10.0,1.8364177871772647,0.20382831624387496,1.0,0.611111111111111,3,3.0524936651286723,0.611111111111111,-0.7026988070574076,-1.5750251826306756,False,False,False,True,True
Benin,BEN,2024,10.0,1.8282082228960128,0.3858488919337241,1.0,0.5555555555555556,3,3.0650336451881697,0.3333333333333333,-0.7039706899485777,-1.7693645622144754,False,False,False,True,True
Benin,BEN,2025,10.0,1.7916501678777443,0.16833530879837616,1.0,0.3888888888888889,3,2.94755265089078,0.0,-0.711132815506778,-1.6130723772458133,False,False,False,True,True
Bhutan,BTN,1991,,,,,,0,0.0,0.0,,,False,False,False,False,False
Bhutan,BTN,1992,,,,,,0,0.0,0.0,,,False,False,False,False,False
Bhutan,BTN,1993,,,,,,0,0.0,0.0,,,False,False,False,False,False
Bhutan,BTN,1994,,,,,,0,0.0,0.0,,,False,False,False,False,False
Bhutan,BTN,1995,,,,,,0,0.0,0.0,,,False,False,False,False,False
Bhutan,BTN,1996,2.0262497510268647,1.8925636794354823,0.9737414744752526,,,0,1.6308516349791997,0.503615294171726,-1.9342691076967884,1.007230588343452,False,False,False,False,False
Bhutan,BTN,1997,0.8320764616024617,2.040968211281441,2.429648628967699,,,0,1.767564433950534,0.43011096730539294,-2.031222649805656,0.8602219346107859,False,False,False,False,False
Bhutan,BTN,1998,1.3590334446336734,1.309751563563561,2.7001380594340967,,,0,1.789641022543777,0.4335338615018039,0.8670677230036078,-0.9135518969112221,False,False,False,False,False
Bhutan,BTN,1999,0.962280599705157,0.43382999699914626,1.4264749812450497,1.0,0.6666666666666669,0,1.2311837822565372,0.49008337989217626,0.4702501396765287,-1.4270538802614872,False,False,False,False,False
Bhutan,BTN,2000,0.7066669076075914,2.4801891890508054,0.6094874394447062,0.9999999999999999,0.7999999999999999,0,1.4792687072206205,0.6309356292784888,0.4627527385031479,0.8300541493323185,False,False,False,False,False
Bhutan,BTN,2001,0.9420633261469913,0.6553285368103366,0.7225759198573344,0.9999999999999999,0.7333333333333333,0,1.1573268898962659,0.8266450834827799,0.4827849832685641,0.9971502671797757,False,False,False,False,False
Bhutan,BTN,2002,1.300426847555836,0.7165952074177532,0.571220791458993,1.0,0.8095238095238096,0,1.2414580930960404,0.7251989877750077,0.4754684491675822,0.7001285141574409,False,False,False,False,False
Bhutan,BTN,2003,1.3038603333131638,0.7765538844047439,0.5530347637844497,0.9999999999999998,0.8571428571428571,0,1.2695469391576144,0.2836695263216535,0.41788371253931655,0.004553437854215436,False,False,False,False,False
Bhutan,BTN,2004,1.6667528517497474,0.8096275925782743,1.1320538736632608,1.0,0.8888888888888888,1,1.477242419153812,0.1268757301985258,0.38062719059557737,-0.2939229205159936,False,False,False,False,False
Bhutan,BTN,2005,1.914208833017533,0.9482106286880988,0.9595205516888612,1.0,0.8333333333333334,1,1.4977213360122321,0.13621894024937378,0.4086568207481213,-1.7648101937892855,False,False,False,False,False
Bhutan,BTN,2006,2.5396948009674225,0.9941919271539118,1.9442211106660228,1.0,0.9444444444444445,1,1.8733993455352493,0.12925967576833897,0.3877790273050169,-1.874831561868037,False,False,False,False,False
Bhutan,BTN,2007,9.695778956868025,0.35875391708003435,2.626089585595047,1.0,0.6666666666666666,3,3.2027911585752884,0.0,-2.088992831076083,-0.11639511126615917,False,False,False,True,True
Bhutan,BTN,2008,10.0,2.2162637379889394,7.453953889346718,1.0,0.7222222222222222,9,4.62293241435602,3.3333333333333335,10.0,-0.036450763436707126,False,False,True,True,True
Bhutan,BTN,2009,10.0,0.5492593262452103,7.6167124481474096,1.0,0.7777777777777778,2,4.344305465989636,3.3440549244679594,10.0,0.032164773403878154,False,False,False,True,True
Bhutan,BTN,2010,10.0,0.4739081889829798,7.611142848933917,1.0,0.7222222222222222,3,4.3058990964722685,3.6548444509641045,10.0,0.13120001955897997,False,False,False,True,True
Bhutan,BTN,2011,10.0,0.6304630280370781,7.651234151244296,1.0,0.7222222222222222,2,4.345228324745163,3.89380671154828,10.0,0.3480868013115068,False,False,False,True,True
Bhutan,BTN,2012,10.0,0.631193178817616,7.638824872203303,1.0,0.7222222222222222,2,4.342892499093073,4.119879325313234,10.0,0.359637975939703,False,True,True,True,True
Bhutan,BTN,2013,10.0,0.4418083529670771,7.626929879439465,0.8888888888888888,0.611111111111111,3,4.213747646481308,4.001514636634192,10.0,0.004543909902573906,False,True,True,True,True
Bhutan,BTN,2014,10.0,0.8196096562515568,7.630188402044728,0.7777777777777778,0.611111111111111,3,4.245515167214813,4.497922904665309,10.0,1.3271020473292605,True,True,True,True,True
Bhutan,BTN,2015,10.0,0.573644142468497,7.654917021051234,0.7777777777777778,0.5,7,4.1568233438150575,4.434627285241823,10.0,1.3038818557254679,True,True,True,True,True
Bhutan,BTN,2016,10.0,1.306032070164189,7.750665160608097,0.7777777777777778,0.4444444444444444,3,4.300228335043347,4.846955296371678,10.0,2.540865889115033,True,True,True,True,True
Bhutan,BTN,2017,10.0,-0.1250620096035749,0.32103015278301333,0.4444444444444444,0.611111111111111,0,2.4864282527788246,0.2222222222222222,-2.3724635915839163,-1.784403249056686,False,False,False,False,False
Bhutan,BTN,2018,10.0,0.49389273827386637,0.2907547319566601,0.16666666666666666,0.2777777777777778,0,2.3347072718238833,0.0,-2.372813954132825,-1.4592565435031566,False,False,False,False,False
Bhutan,BTN,2019,10.0,0.09856295865159137,0.728504241776479,-0.1111111111111111,0.2222222222222222,0,2.254302328974503,0.0,-2.3270545988052254,-2.9307343239108565,False,False,False,False,False
Bhutan,BTN,2020,10.0,0.4639022505711563,0.21271998106801027,-0.2222222222222222,0.2222222222222222,0,2.224213335216722,0.0,-2.312401955656627,-2.883355988361705,False,False,False,False,False
Bhutan,BTN,2021,10.0,0.43167476472273414,-0.24344074780051675,-0.2222222222222222,0.4444444444444444,0,2.2641127307223248,0.0,-2.2880831367054473,-3.750025754038563,False,False,False,False,False
Bhutan,BTN,2022,10.0,0.3131839434111988,0.6714994391528335,-0.05555555555555555,0.6666666666666666,0,2.4636033431794733,0.0,-2.3577010896870303,-5.415701904329708,False,False,False,False,False
Bhutan,BTN,2023,10.0,0.20164843674225913,1.3085345980198761,0.2777777777777778,0.7222222222222222,0,2.702036606952427,0.0,-2.278315793377576,-6.161964545899037,False,False,False,False,False
Bhutan,BTN,2024,10.0,0.7991126116936436,10.0,0.7222222222222222,0.7222222222222222,1,4.737600300116506,0.3333333333333333,-1.8437765250515326,-2.7514994500743604,False,False,True,True,True
Bhutan,BTN,2025,10.0,0.2607907372352318,10.0,0.8888888888888888,0.7222222222222222,2,4.696602591891491,0.7777777777777778,-1.8175950552051885,-1.9941823003737202,True,False,True,True,True
Bolivia,BOL,1991,,,,,,0,0.0,0.0,,,False,False,False,False,False
Bolivia,BOL,1992,,,,,,0,0.0,0.0,,,False,False,False,False,False
Bolivia,BOL,1993,,,,,,0,0.0,0.0,,,False,False,False,False,False
Bolivia,BOL,1994,,,,,,0,0.0,0.0,,,False,False,False,False,False
Bolivia,BOL,1995,,,,,,0,0.0,0.0,,,False,False,False,False,False
Bolivia,BOL,1996,0.8861308815537134,2.166836494621987,0.4547941413071256,,,0,1.169253839160942,0.0,-0.5069431467021411,-1.3455983799781697,False,False,False,False,False
Bolivia,BOL,1997,1.0565893226028042,0.842261476476981,1.4597089392784195,,,0,1.1195199127860682,0.18149961994561448,-0.5090174363966281,0.36299923989122895,False,False,False,False,False
Bolivia,BOL,1998,1.5992061726536528,0.9195165473062902,0.9989884742437412,,,0,1.1725703980678948,0.0,-0.4936580609002627,-0.5223920864300293,False,False,False,False,False
Bolivia,BOL,1999,1.1780080715217516,0.7624756617509942,0.776474769783618,1.0,1.0,0,1.3433917006112728,0.3333333333333334,-0.49895705302384524,-1.2723586406081373,False,False,False,False,False
Bolivia,BOL,2000,0.9040237273090834,1.9748674536527324,1.4073897242390123,0.7999999999999999,0.9999999999999999,2,1.5772561810401655,0.39999999999999997,-0.4987432402876646,-0.26224509923995526,False,False,False,False,False
Bolivia,BOL,2001,1.1978368017097782,1.4033408327901038,2.517132948996096,0.7333333333333333,0.8666666666666666,0,1.6636621166991954,0.20000000000000004,-0.5010851654736576,-0.5134488667648603,False,False,False,False,False
Bolivia,BOL,2002,0.8942392394584545,1.853833496469872,0.9440662939282879,0.8095238095238096,0.8095238095238096,1,1.3860468535903707,0.4775235403031397,-0.503254983610504,1.2897134780522763,False,False,False,False,False
Bolivia,BOL,2003,0.8203612359883771,0.8748923565936253,0.1856332578779445,0.8571428571428571,0.8571428571428571,0,1.061891655806275,0.2857142857142857,-0.48178183103389594,-0.4628282277918731,False,False,False,False,False
Bolivia,BOL,2004,1.8651615320407595,-1.1809747869221427,2.137665388754515,0.8888888888888888,0.4444444444444444,2,1.3338987174923882,1.6374816164762862,1.8697208148726352,1.70939070122289,False,True,True,False,False
Bolivia,BOL,2005,2.301125618722781,0.7488992950306951,1.8650141113333873,0.8888888888888888,0.1111111111111111,1,1.3830078050173726,1.54682932806753,2.123720102555964,1.0167678816466255,False,False,False,False,False
Bolivia,BOL,2006,10.0,4.7935960152246855,10.0,1.0,0.1111111111111111,4,5.403163647489381,2.585292890209565,2.8379372874855138,3.417941383143182,False,True,True,True,True
Bolivia,BOL,2007,10.0,3.206221284925671,10.0,1.0,0.2222222222222222,2,5.130133145874023,2.748610643279097,2.883043158887532,3.196122104283093,False,False,True,True,True
Bolivia,BOL,2008,10.0,2.877891848668849,10.0,0.9444444444444445,0.2777777777777778,2,5.064467258622659,2.769067748637067,2.8450875132514235,3.128782399326445,True,False,True,True,True
Bolivia,BOL,2009,10.0,2.8567424727094313,10.0,1.0,0.3333333333333333,3,5.10468182787522,2.6792748173428595,2.7929829142265756,3.078174871135337,False,False,False,True,True
Bolivia,BOL,2010,10.0,2.833008554822374,10.0,1.0,0.5555555555555556,6,5.188823933186697,2.6521668005173695,2.8890509658393,2.7341161023794744,False,False,True,True,True
Bolivia,BOL,2011,10.0,2.1494732029283257,10.0,0.9444444444444445,0.6666666666666666,6,5.074339085030109,3.2978285530851146,2.950655258704371,4.60949706721764,True,False,True,True,True
Bolivia,BOL,2012,10.0,3.8035438718645986,10.0,0.9444444444444445,0.8333333333333334,4,5.471819885484031,2.443736901556958,2.9340248280555947,2.2305192099486124,False,False,True,True,True
Bolivia,BOL,2013,10.0,4.1869748600025,10.0,1.0,0.6666666666666666,5,5.504061638667166,2.408688656945546,0.8532952343433936,5.539437403159912,False,False,False,True,True
Bolivia,BOL,2014,10.0,1.1353926770119536,10.0,1.0,0.8333333333333334,5,4.960411868735724,2.587007855949271,0.680326869223252,7.080696698624561,False,False,False,True,True
Bolivia,BOL,2015,10.0,2.5699319798302174,7.5678272322992735,0.8888888888888888,0.7222222222222222,2,4.671996286870343,0.38929254015684145,-0.329637351420399,1.1678776204705243,False,False,False,True,True
Bolivia,BOL,2016,10.0,1.894625549339502,7.192294961298501,0.6666666666666666,0.5555555555555556,3,4.306272991016489,0.6960801499334459,-0.3439111560703566,2.0882404498003377,False,False,False,True,True
Bolivia,BOL,2017,10.0,2.6487570473280653,7.685220416381074,0.3333333333333333,0.5555555555555556,2,4.422351048297384,0.4249366461618025,-0.3285760041922154,1.2748099384854075,False,False,False,True,True
Bolivia,BOL,2018,10.0,1.112888416729868,8.952539918174928,-0.1111111111111111,0.3888888888888889,1,4.168641222536515,0.4727088712224494,-0.5176572530268161,1.4181266136673483,False,False,False,True,True
Bolivia,BOL,2019,10.0,5.204407683253358,10.0,-0.1111111111111111,0.5,7,5.240881536650671,1.392601947980131,-0.36212887449077474,4.177805843940393,False,False,False,True,True
Bolivia,BOL,2020,10.0,1.0725025840304983,10.0,0.2777777777777778,0.5555555555555556,5,4.547833850139433,1.5525963289295037,-0.29037013775129505,4.657788986788511,False,False,False,True,True
Bolivia,BOL,2021,10.0,2.9436364566555406,10.0,0.5555555555555556,0.4444444444444444,4,4.988727291331108,2.1733134870726856,-0.24731045453135125,6.519940461218057,False,False,False,True,True
Bolivia,BOL,2022,10.0,2.667005670573666,10.0,0.8333333333333334,0.2222222222222222,3,4.955623356336956,1.6418899681105723,-0.24055316744692185,4.425669904331717,False,False,False,True,True
Bolivia,BOL,2023,10.0,2.6640284801109493,10.0,0.8888888888888888,0.2777777777777778,3,4.9994723626888575,1.8316983234410158,-0.2463443664009223,3.828428303656381,False,False,False,True,True
Bolivia,BOL,2024,10.0,2.9006624640708054,10.0,0.8888888888888888,0.3333333333333333,3,5.069021381703051,1.9780245064995248,-0.24614692025950666,3.9340735194985745,True,False,True,True,True
Bolivia,BOL,2025,10.0,3.34672089648486,8.764839870338765,0.9444444444444445,0.6666666666666666,2,5.066756597809169,1.359123766034043,-0.24517946856185951,1.9107046314354625,True,False,True,True,True
Bosnia and Herzegovina,BIH,1993,,,,,,0,0.0,0.0,,,False,False,False,False,False
Bosnia and Herzegovina,BIH,1994,,,,,,0,0.0,0.0,,,False,False,False,False,False
Bosnia and Herzegovina,BIH,1995,,,,,,0,0.0,0.0,,,False,False,False,False,False
Bosnia and Herzegovina,BIH,1996,,,,,,0,0.0,0.0,,,False,False,False,False,False
Bosnia and Herzegovina,BIH,1997,,,,,,0,0.0,0.0,,,False,False,False,False,False
Bosnia and Herzegovina,BIH,1998,1.5549259205566075,0.5926417377369542,0.7070569651131101,,,0,0.9515415411355571,0.7239407136158457,1.3595430932265824,0.08833833400510895,False,False,False,False,False
Bosnia and Herzegovina,BIH,1999,1.4544027405399405,0.6527534782369642,0.29772277210014136,,,0,0.8016263302923488,0.5413837757617579,0.8927133735118231,0.19005417801169258,False,False,False,False,False
Bosnia and Herzegovina,BIH,2000,0.996245180459606,1.0383114179754,1.2558043394118747,,,0,1.0967869792822935,0.28387060104257994,0.42064419709511297,0.1470970049900469,False,False,False,False,False
Bosnia and Herzegovina,BIH,2001,0.6886502702391606,1.182544631801677,1.8879583301388854,1.0,1.0,0,1.5518306464359446,0.0923566260047914,0.16653704435896352,0.11053283365541067,False,False,False,False,False
Bosnia and Herzegovina,BIH,2002,0.4834156676817018,1.6740544949352218,1.1853424440172908,0.9999999999999999,0.9999999999999999,0,1.468562521326843,0.012702214463403175,0.03810664339020953,-1.8850620106281797,False,False,False,False,False
Bosnia and Herzegovina,BIH,2003,1.210986637331436,2.2428818448389793,2.0195069444075644,0.9999999999999999,0.8666666666666666,0,1.8413417519822626,0.0605526729438077,-0.3420879683154051,0.1816580188314231,False,False,False,False,False
Bosnia and Herzegovina,BIH,2004,0.9312742351067976,2.62995756718561,1.7655506892205277,0.9047619047619049,0.6190476190476191,0,1.6748803078263967,0.645141775201975,-0.3145011849197723,1.935425325605925,False,False,False,False,False
Bosnia and Herzegovina,BIH,2005,1.0028627250903144,0.38777378500439025,2.4606650226915407,0.8571428571428571,0.2857142857142857,0,1.2274031637001062,0.0,-2.2209551983475158,-0.7680436844714303,False,False,False,False,False
Bosnia and Herzegovina,BIH,2006,0.281156058031202,0.8217325996309902,2.2468973631854072,0.6666666666666666,0.4444444444444444,0,1.1144016486139645,0.286219683043195,-2.3460726533311385,0.858659049129585,False,False,False,False,False
Bosnia and Herzegovina,BIH,2007,-0.38489877178273374,2.2572564175865977,3.2878520978126624,0.3333333333333333,0.4444444444444444,0,1.420132814190963,0.1710695139662335,-2.343534188561961,0.5132085418987005,False,False,False,False,False
Bosnia and Herzegovina,BIH,2008,-0.9655649092480162,2.926463990487547,1.6045762604434162,-0.1111111111111111,0.4444444444444444,0,1.0839858279639702,0.007616470529034739,-2.3536309781453295,0.022849411587104216,False,False,False,False,False
Bosnia and Herzegovina,BIH,2009,-1.2211322733064618,2.657586793217653,0.41285437641678924,-0.5,0.3888888888888889,0,0.7696437894824439,0.0,-2.379170508889125,-1.3791806382074558,False,False,False,False,False
Bosnia and Herzegovina,BIH,2010,-1.2018801036026359,1.33489563090968,-0.09249403168472395,-0.7222222222222222,0.3888888888888889,0,0.42253468173749154,0.0,-2.3872645464853495,-2.942096243229358,False,False,False,False,False
Bosnia and Herzegovina,BIH,2011,-0.9325674562139814,2.67463334001555,0.8584007784796858,-0.7222222222222222,0.7222222222222222,0,0.995495712587936,0.0,-2.394296537882794,-2.736419361754011,False,False,False,False,False
Bosnia and Herzegovina,BIH,2012,-0.854455494330012,2.961455923011665,0.3952145007855419,-0.5,0.9444444444444445,0,1.049111862537219,0.0,-2.4040195846237227,-3.116966013846168,False,False,False,False,False
Bosnia and Herzegovina,BIH,2013,-0.904869980487258,2.5653239428946324,0.10634326335313232,-0.3333333333333333,0.8333333333333334,0,0.8676667745828863,0.0,-2.406114827866593,-2.7840178773086395,False,False,False,False,False
Bosnia and Herzegovina,BIH,2014,-0.9092143934567374,3.486684652733166,0.15003530786447006,-0.1111111111111111,0.8888888888888888,0,1.082899547675083,0.0,-2.3865489631946075,-1.2127740146354113,False,False,False,False,False
Bosnia and Herzegovina,BIH,2015,-1.0526681277167145,4.075385132437779,1.1271288301579365,0.0,0.8333333333333334,0,1.3738361258524763,0.8969651093434251,-2.382634753990039,2.690895328030275,False,False,False,False,False
Bosnia and Herzegovina,BIH,2016,-1.1088988476425043,5.090517468461254,0.6560547943983982,0.1111111111111111,0.8333333333333334,0,1.5270922303497083,0.33416215436292074,-2.3912252980439583,1.0024864630887622,False,False,False,False,False
Bosnia and Herzegovina,BIH,2017,-1.0916952345679287,5.048225014137315,1.1063281037637624,0.5555555555555556,0.8333333333333334,0,1.7864661791357708,0.30833195679178665,-2.3894569928570513,0.9249958703753599,False,False,False,False,False
Bosnia and Herzegovina,BIH,2018,-1.0295202608349971,4.198723581709271,1.7047824025833833,0.5555555555555556,0.7222222222222222,0,1.691812307969642,0.46675782493649765,-2.384996132838707,0.5669401414761595,False,False,False,False,False
Bosnia and Herzegovina,BIH,2019,-0.928566258138065,3.250001575060702,0.3697286432496402,0.5555555555555556,0.4444444444444444,1,1.1239460436620685,0.3333333333333333,-2.389673974759598,-0.47042005422307115,False,False,False,False,False
Bosnia and Herzegovina,BIH,2020,-1.0103415444692456,1.8722148430353869,-0.30566234937775044,0.7222222222222222,0.16666666666666666,1,0.729998524162633,0.1111111111111111,-2.3958365008973668,-0.937198210992291,False,False,False,False,False
Bosnia and Herzegovina,BIH,2021,-1.0353859294458125,1.9785769046690291,0.35234769960362283,0.9444444444444445,0.3333333333333333,1,0.9772960319656416,0.0,-2.3956244503482655,-1.2239074294880241,False,False,False,False,False
Bosnia and Herzegovina,BIH,2022,-1.072345312852776,1.5216244926110096,0.9703751114732629,0.9444444444444445,0.5555555555555556,1,1.0983999208168544,0.0,-2.3958529355192772,-1.210533782967298,False,False,False,False,False
Bosnia and Herzegovina,BIH,2023,-1.0517681552800726,1.3941039852245045,-0.010125429261617493,0.8333333333333334,0.7222222222222222,0,0.9010430192671232,0.0,-2.4224092838017777,-3.021310490073535,False,False,False,False,False
Bosnia and Herzegovina,BIH,2024,-1.094664258515983,1.7432653713937896,0.3622900970209479,0.6666666666666666,0.7777777777777778,0,0.9988888714607252,0.0,-2.4266878471012996,-3.8236163357044983,False,False,False,False,False
Bosnia and Herzegovina,BIH,2025,-0.9196592266769892,3.536898612472665,1.2565165042699415,0.5555555555555556,0.8333333333333334,0,1.5142385789040769,0.0,-2.4277234703767103,-3.403711618606619,False,False,False,False,False
Botswana,BWA,1991,,,,,,0,0.0,0.0,,,False,False,False,False,False
Botswana,BWA,1992,,,,,,0,0.0,0.0,,,False,False,False,False,False
Botswana,BWA,1993,,,,,,0,0.0,0.0,,,False,False,False,False,False
Botswana,BWA,1994,,,,,,0,0.0,0.0,,,False,False,False,False,False
Botswana,BWA,1995,,,,,,0,0.0,0.0,,,False,False,False,False,False
Botswana,BWA,1996,-1.224529423277212,2.7854648602571572,-1.1600689044687793,,,0,0.9284882867523857,0.0,-1.2108248912141122,-1.8095508599804269,False,False,False,False,False
Botswana,BWA,1997,-0.7951707867313149,2.3316496583005804,1.2256506833807546,,,0,1.185766780560445,0.0,-0.9385918992713597,-1.451916270011349,False,False,False,False,False
Botswana,BWA,1998,0.2966568640883353,-0.5941075059600809,1.130396871970342,,,0,0.4756845786862258,0.21321091748695611,-0.8002225692320301,0.42642183497391223,False,False,False,False,False
Botswana,BWA,1999,-0.3615416873487544,1.3193856176957448,1.2743063122571379,1.0,1.0,0,1.3187383859905766,0.6666666666666669,-0.8546727291115493,-0.5812462179434116,False,False,False,False,False
Botswana,BWA,2000,0.1652636084808868,1.4534330420970776,2.255887935281302,0.9999999999999999,0.9999999999999999,0,1.5749169171718533,0.39999999999999997,-0.8550801019079203,-0.6534935330934132,False,False,False,False,False
Botswana,BWA,2001,1.5616588541419392,2.406584810220342,1.4581304692014567,0.9999999999999999,0.9999999999999999,4,1.8852748267127475,0.7033289708746233,-0.05157407964829244,0.3099869126238701,False,False,False,True,False
Botswana,BWA,2002,1.239341065673361,0.7235629258898896,0.9245349361136944,1.0,0.8095238095238096,0,1.3012973093449127,1.3956480185087727,1.1794011031227134,0.8646858095464623,False,True,True,False,False
Botswana,BWA,2003,1.1778705331029777,0.6221278075570956,0.9359034660013101,0.9999999999999998,0.6428571428571428,0,1.2043232184751338,1.3892496120152853,1.1767204333846477,0.8481712598040655,False,False,False,False,False
Botswana,BWA,2004,1.178820244250161,0.6501323417101099,1.1958357587550932,1.0,0.6666666666666666,0,1.2716243356097394,1.429459897706484,1.1775409934958276,0.944172032956959,True,True,True,False,False
Botswana,BWA,2005,1.2444747402255774,0.42773338392895577,1.4951337043930102,1.0,0.4444444444444444,0,1.2112461434872865,1.3711353682795793,1.1773037403820754,1.1027690311233296,False,True,True,False,False
Botswana,BWA,2006,0.9369530415264393,1.1379864391050345,6.662989597743061,0.7222222222222222,0.6666666666666666,0,2.3031413712304625,1.0505920555221333,0.9152110064400409,1.0698984934596925,False,True,True,True,True
Botswana,BWA,2007,0.8443891947198184,1.6521755724986784,6.6896152442331385,0.4444444444444444,0.5555555555555556,0,2.2372360022903273,0.9200824830579513,0.8016378648690691,1.2919429176381183,False,True,True,True,True
Botswana,BWA,2008,0.8103108592091675,1.0950979844811937,6.583554509392554,0.1111111111111111,0.5555555555555556,0,1.9644593372832495,0.6301737263808257,0.801943306423357,1.0885778727191202,False,False,False,False,False
Botswana,BWA,2009,0.8441599200178296,0.8566470035588539,6.605135802786872,-0.16666666666666666,0.8888888888888888,0,2.0167441008282667,0.6225857242284987,0.7998932347538976,1.0678639379315984,False,False,False,False,False
Botswana,BWA,2010,-0.26967157243890744,2.3247323651841865,6.808776425630458,-0.3888888888888889,0.7777777777777778,0,2.13781286927404,0.045761194362004355,-0.27482901583058233,0.13728358308601307,False,False,False,False,False
Botswana,BWA,2011,-1.2210148073457634,2.1927078276532606,2.944734111767533,-0.5,0.7222222222222222,0,1.3163772767730477,0.0,-1.2219410495279097,-1.2243046340096622,False,False,False,False,False
Botswana,BWA,2012,-1.2207455904618185,2.7358630787713234,3.663999359095089,-0.5,0.7222222222222222,0,1.5688613764621713,0.0,-1.2228412411159415,-1.9866499083986493,False,False,False,False,False
Botswana,BWA,2013,-1.1993460474418136,2.305824397509584,3.3331237519678196,-0.3888888888888889,0.7222222222222222,0,1.4166785187843698,0.0,-1.2213558969023195,-2.0399805091143466,False,False,False,False,False
Botswana,BWA,2014,-1.197554930715093,2.193552012479521,3.194854060389724,-0.16666666666666666,0.7222222222222222,0,1.3665701034627378,0.0,-1.221433062805114,-1.8673136398496764,False,False,False,False,False
Botswana,BWA,2015,-1.0817916632425044,5.757659476104988,1.7316500139369124,0.1111111111111111,0.7777777777777778,0,1.8534174535639356,0.0,-1.2213581466148864,-2.8656802457797466,False,False,False,False,False
Botswana,BWA,2016,-1.0739496404834086,7.224985059078066,2.4461826570742238,0.2222222222222222,0.8333333333333334,0,2.3564557654526803,0.0,-1.2213686925343763,-2.8507684935982023,False,False,False,False,False
Botswana,BWA,2017,-1.1474227875035448,6.133840938548873,0.7728289804974862,0.5555555555555556,0.6666666666666666,2,1.870222872698161,0.0,-1.2213667268737693,-2.9827466140272203,False,False,False,False,False
Botswana,BWA,2018,0.14906631883823732,5.374824374614904,1.8124513068581813,1.0,0.6666666666666666,2,2.1339350667289314,0.16666666666666666,-1.2068430078122612,-2.312867445284248,False,False,True,True,True
Botswana,BWA,2019,6.091002072802525,5.506189717924471,3.6298816726830325,1.0,0.8888888888888888,3,3.8009702482375616,0.6645535765962243,-1.1237452122310336,0.1603273964553398,False,False,True,True,True
Botswana,BWA,2020,6.257315758781613,4.844354865568502,4.155662159293209,1.0,0.8888888888888888,3,3.8070221122842205,0.611111111111111,-1.1244115627504818,-0.4701969597012311,False,False,True,True,True
Botswana,BWA,2021,7.111362667436149,2.626776674255037,3.549570345909532,1.0,0.8333333333333334,2,3.390875270853477,0.611111111111111,-1.108258279663717,-0.9587282705935284,False,False,True,True,True
Botswana,BWA,2022,7.25115824996195,3.4739597121651875,4.9311833782243735,1.0,0.8333333333333334,4,3.864593601403636,0.8333333333333334,-1.0957668835181864,-1.0778681051034784,True,False,True,True,True
Botswana,BWA,2023,10.0,5.3486168637182825,4.374837914420053,1.0,0.7777777777777778,4,4.6558020667387785,0.8333333333333334,-1.0946574798186173,-0.9737759115988833,True,False,True,True,True
Botswana,BWA,2024,10.0,5.775727901873155,4.177651409538975,1.0,0.611111111111111,3,4.63512030672687,0.9444444444444445,-1.0813490880089762,-1.4229075427447635,True,False,True,True,True
Botswana,BWA,2025,10.0,5.878781572919171,3.6009544574002104,0.9444444444444445,0.4444444444444444,3,4.451502761619432,0.9444444444444445,-1.081238327389415,-1.8886329697650996,True,False,True,True,True
Brazil,BRA,1991,0.0,,,,,0,0.0,0.0,,,False,False,False,False,False
Brazil,BRA,1992,0.0,,,,,0,0.0,0.0,,,False,False,False,False,False
Brazil,BRA,1993,0.0,,,,,0,0.0,0.0,,,False,False,False,False,False
Brazil,BRA,1994,0.0,,,,,0,0.0,0.0,,,False,False,False,False,False
Brazil,BRA,1995,0.0,,,,,0,0.0,0.0,,,False,False,False,False,False
Brazil,BRA,1996,1.8683238549529324,-0.0010002691211530095,0.2955598469201746,,,0,0.7212945672910357,1.249134644150715,1.611943524048657,0.8863257642527729,False,False,False,False,False
Brazil,BRA,1997,1.2071994968093263,0.010798665512886657,1.3115759999889518,,,0,0.8431913874370549,0.9733045333719466,1.0859402926788282,0.8606687740650649,False,False,False,False,False
Brazil,BRA,1998,1.2400200751796053,-0.035652656527479704,1.3536684771970102,,,0,0.8645628507922053,0.7319179078395182,0.7041391615258594,0.759696654153177,False,False,False,False,False
Brazil,BRA,1999,1.4092647599278436,-0.02997359893321731,1.5696787319909047,0.6666666666666669,1.0,0,1.2624553650504164,0.371191922126197,0.41884113116992344,0.6947346352086676,False,False,False,False,False
Brazil,BRA,2000,0.4667762732313334,0.35974257674139704,1.9383989323256188,0.0,0.9999999999999999,0,0.9529835564596698,0.3866253510030006,0.41608496049007787,0.743791092518924,False,False,False,False,False
Brazil,BRA,2001,0.3431443726141239,0.7165716217708457,2.1774032099472227,-0.2,0.9999999999999999,0,1.0474238408664385,0.3926795915026011,0.28937723075027594,0.8886615437575275,False,False,False,False,False
Brazil,BRA,2002,0.0,1.8506409317951942,1.617285687119557,-0.23809523809523814,1.0,0,1.0935853237829503,0.0,-1.041534272307392,-0.8320223661384194,False,False,False,False,False
Brazil,BRA,2003,0.0,1.602963151284604,0.3538797838629423,-0.21428571428571427,0.9999999999999998,0,0.7913685870295092,0.0,-1.3228143608482426,-1.2230941722575417,False,False,False,False,False
Brazil,BRA,2004,0.0,1.4898527103131713,0.6963256043138119,-0.2777777777777778,1.0,0,0.8372356629253966,0.0,-1.3285376541698586,-1.284603433746808,False,False,False,False,False
Brazil,BRA,2005,0.6007892205545264,2.4062681108644868,1.7734019766389986,-0.1111111111111111,1.0,0,1.3560918616116022,0.0,-0.8334400133381301,-1.494158491813366,False,False,False,False,False
Brazil,BRA,2006,0.6112200225931157,5.020029639063253,1.7501536367351318,0.0,0.7777777777777778,0,1.7873917707894111,0.0,-0.8135847628748001,-1.323029491007782,False,False,False,False,False
Brazil,BRA,2007,0.7008088090287687,3.870827598699951,1.9029810593441117,0.3888888888888889,0.7222222222222222,0,1.7393679378590108,0.0,-0.7894800807461033,-1.2546943021652015,False,False,False,False,False
Brazil,BRA,2008,0.6648687513259991,5.182343108087637,1.9502485570936663,0.611111111111111,0.8333333333333334,1,2.137269861079238,0.0,-0.8134665492447433,-1.2783196746223482,False,False,False,False,False
Brazil,BRA,2009,0.41568212320770054,5.43992907125008,1.9501509010049782,0.611111111111111,0.8333333333333334,1,2.138930196870329,0.16666666666666666,-0.8176720247867272,-1.2843506031288694,False,False,False,False,False
Brazil,BRA,2010,0.0,6.066808224858347,1.868363939192684,0.8333333333333334,0.8333333333333334,1,2.253701099476873,0.3888888888888889,-0.8262067386938068,-1.2007707403542405,False,False,False,False,False
Brazil,BRA,2011,0.0,8.212979563160484,1.7330270810128485,0.7222222222222222,0.9444444444444445,1,2.655867995501333,0.5,-0.7578092617402867,-0.6375665170812751,False,False,False,False,False
Brazil,BRA,2012,0.8023310370302658,8.295243951854903,3.6859878965217137,0.5,0.9444444444444445,1,3.1344903548591545,0.5555555555555556,-0.7393589590339517,-0.7761651189182233,False,False,False,False,False
Brazil,BRA,2013,0.8941108412861327,5.566980499120738,2.0925439903543848,0.5555555555555556,0.7777777777777778,2,2.2440603994855843,0.5555555555555556,-0.6715357370278598,-1.025382077205048,False,False,False,False,False
Brazil,BRA,2014,0.9871699034321076,2.382269606112375,2.365250776823904,0.8333333333333334,0.5,0,1.6802713906070106,0.1111111111111111,-1.3536966416694163,-0.7166508136769238,False,True,True,True,False
Brazil,BRA,2015,0.8748722152103678,4.288191593796262,4.165189674335776,0.7777777777777778,0.5,1,2.3767618077795922,0.0,-1.3668132702322418,-0.8514308875079661,False,False,False,False,False
Brazil,BRA,2016,10.0,9.436654516300122,7.405327175208599,0.8333333333333334,0.2777777777777778,2,5.812840782746189,0.0,-1.2979341475739932,-1.491093677112852,False,False,False,True,True
Brazil,BRA,2017,10.0,8.704466131617968,6.512700389725144,0.8333333333333334,0.5,3,5.576766637601956,0.0,-1.2983219231430347,-1.508008361346482,False,False,False,True,True
Brazil,BRA,2018,10.0,8.570736360054662,3.519671898765774,0.8333333333333334,0.8333333333333334,3,5.084748318430754,0.0,-1.2161049297556532,-1.3762060864746626,False,False,False,True,True
Brazil,BRA,2019,10.0,8.939327121360211,4.208439191476934,0.8888888888888888,0.9444444444444445,5,5.362886595900763,0.0,-1.184825608997474,-1.4592420103040127,False,False,False,True,True
Brazil,BRA,2020,10.0,7.170448607380404,1.195665014011423,0.8888888888888888,0.9444444444444445,4,4.406556057611699,0.0,-1.25626551168355,-1.6312424534057373,False,False,False,True,True
Brazil,BRA,2021,10.0,6.6508030622252425,0.17763303539401687,0.8888888888888888,0.8888888888888888,4,4.076798330634963,0.2222222222222222,-1.2353476305151379,-1.7244407976838851,False,False,False,True,True
Brazil,BRA,2022,10.0,7.074698937276919,0.26411937644833683,0.9444444444444445,0.7222222222222222,4,4.134430329411718,0.4444444444444444,-1.2935006511732465,-1.4507279760983411,False,False,False,True,True
Brazil,BRA,2023,10.0,10.0,3.8198715203318074,1.0,0.611111111111111,3,5.408418748510806,0.5,-0.10592097267331098,-0.8235921610556697,True,False,True,True,True
Brazil,BRA,2024,10.0,10.0,3.2044061460851867,0.8333333333333334,0.4444444444444444,4,5.151992340328149,0.5,-0.08681733155579308,-0.836508152684506,False,False,False,True,True
Brazil,BRA,2025,10.0,10.0,5.328006809236631,0.6666666666666666,0.4444444444444444,5,5.51004580629177,0.4444444444444444,-0.33915008124216955,-0.8493145385910194,False,False,False,True,True
Bulgaria,BGR,1991,,,,,,0,0.0,0.0,,,False,False,False,False,False
Bulgaria,BGR,1992,,,,,,0,0.0,0.0,,,False,False,False,False,False
Bulgaria,BGR,1993,,,,,,0,0.0,0.0,,,False,False,False,False,False
Bulgaria,BGR,1994,,,,,,0,0.0,0.0,,,False,False,False,False,False
Bulgaria,BGR,1995,,,,,,0,0.0,0.0,,,False,False,False,False,False
Bulgaria,BGR,1996,1.4625021029441994,1.4583559761349916,2.0000818611041264,,,0,1.6403133133944392,0.8190675498338046,1.5999694280198344,0.038165671647774735,False,False,False,False,False
Bulgaria,BGR,1997,1.613351737556103,1.688020871144688,0.5928585206095652,,,0,1.298077043103452,0.5890057327122558,1.1780114654245115,-0.13052386260113313,False,False,False,False,False
Bulgaria,BGR,1998,2.1378317983414514,0.9464407463615158,2.1929216612564897,,,0,1.759064735319819,0.4369081078330485,0.873816215666097,-0.37013008986711626,False,False,False,False,False
Bulgaria,BGR,1999,1.4999937138662356,0.9991261370017668,1.6088065200575814,0.6666666666666669,1.0,0,1.4882519408517836,0.19054111589493627,0.5716233476848088,-0.25476913294111875,False,False,False,False,False
Bulgaria,BGR,2000,0.6587401980709635,1.0725303391270722,1.3162609259574785,0.6,0.9999999999999999,0,1.249506292631103,1.0935014332664597,0.5736249095040206,2.706879390295358,False,False,False,False,False
Bulgaria,BGR,2001,1.493778273293396,1.6986167074166156,0.7893899482032178,0.6,0.9999999999999999,0,1.436356985782646,0.0,-0.9442819904265108,-0.7728701338802335,False,False,False,False,False
Bulgaria,BGR,2002,1.359879290009263,0.5472634060205867,0.8811279353138954,0.6190476190476191,0.8095238095238096,0,1.1290826976973205,0.0,-0.8723045608878994,-0.35371715000015547,False,False,False,False,False
Bulgaria,BGR,2003,0.6774163523177041,0.5729992683098224,1.4338556073442759,0.7142857142857142,0.7142857142857142,0,1.108282817022932,0.09883396813993268,-0.9189399872536983,0.29650190441979807,False,False,False,False,False
Bulgaria,BGR,2004,1.044551844967033,1.0054335929544564,2.5487071320466104,0.7777777777777778,0.7222222222222222,0,1.51973851399362,0.038858248423870076,-0.9563655752805431,0.11657474527161023,False,False,False,False,False
Bulgaria,BGR,2005,0.2650417659330031,1.0953841577596617,1.4136012594196337,0.4444444444444444,0.6666666666666666,0,0.999249881066904,0.0,-1.1051532524506194,-1.276111342344776,False,False,False,False,False
Bulgaria,BGR,2006,-0.07956705358875227,2.8243074185237065,6.443926398457239,0.0,0.5,0,2.053646763396189,0.0,-1.0651091062883973,-1.4854830164828194,False,False,False,False,False
Bulgaria,BGR,2007,-0.9783921832432785,2.230500728506243,8.283177844951707,-0.16666666666666666,0.611111111111111,0,2.3471801591360344,0.1242728275913134,-1.3012081993319258,0.3728184827739402,False,False,False,False,False
Bulgaria,BGR,2008,-0.9769228146714395,3.7203060463652347,8.312331416784552,-0.2222222222222222,0.7222222222222222,0,2.695416381518846,0.09602287886640276,-1.315844993083636,0.2880686365992083,False,False,False,False,False
Bulgaria,BGR,2009,3.324710877555035,2.0697357338551057,3.2276389280542848,0.2222222222222222,0.4444444444444444,1,1.9910837745595518,1.089415772852824,3.2682473185584717,-1.7359706708627411,False,False,False,False,False
Bulgaria,BGR,2010,3.430433261349149,3.740129391756471,2.3629436770245933,0.611111111111111,0.5555555555555556,1,2.373367932692709,1.1172324182961968,3.3516972548885904,-0.7395775207378085,False,False,False,False,False
Bulgaria,BGR,2011,3.3643144516093257,4.249306968334004,1.9442398635280962,0.6666666666666666,0.611111111111111,1,2.4226833678053965,1.1940964776373504,3.248956099578718,-1.9920542518481335,False,False,False,False,False
Bulgaria,BGR,2012,3.3691986121252127,4.362327234663193,1.9432698071850392,0.6666666666666666,0.6666666666666666,2,2.4682924641280226,1.3650912863372087,3.2619405256782925,-1.9110757904797637,False,False,False,False,False
Bulgaria,BGR,2013,10.0,4.505945690707768,3.570731902244206,0.7222222222222222,0.7222222222222222,1,4.193113296368172,2.1531003047944215,4.959300914383265,-1.4035432631033085,False,False,False,True,True
Bulgaria,BGR,2014,10.0,4.133679267918134,1.827570480697126,0.8888888888888888,0.611111111111111,2,3.7922499497230517,2.401190130802544,5.3702370590743,-1.1448298118390714,False,False,False,True,True
Bulgaria,BGR,2015,10.0,4.442233750223236,4.65713181651728,0.9444444444444445,0.7777777777777778,2,4.508762002236993,2.5136015928514364,5.321670915620917,0.21913386293339296,False,False,False,True,True
Bulgaria,BGR,2016,10.0,3.9943530601917727,10.0,1.0,0.8888888888888888,4,5.554426167593911,4.055555555555555,10.0,-0.7093880637571841,True,False,True,True,True
Bulgaria,BGR,2017,10.0,3.71214358057393,4.8385506403037075,1.0,0.7777777777777778,4,4.421249955286639,4.055555555555555,10.0,-0.31463172850650695,False,True,True,True,True
Bulgaria,BGR,2018,10.0,3.918682717315381,3.6429045113921195,1.0,0.6666666666666666,3,4.178984112408167,4.559202956007334,10.0,1.3442755346886683,False,True,True,True,True
Bulgaria,BGR,2019,10.0,4.073591028032822,3.6675930809521615,0.9444444444444445,0.6666666666666666,3,4.192681266241442,4.7561604553170715,10.0,1.768481365951215,True,True,True,True,True
Bulgaria,BGR,2020,10.0,3.7865839143540962,2.280865337254007,0.9444444444444445,0.5,2,3.7912676280993987,4.687408082498928,10.0,1.72889091416345,False,False,False,True,True
Bulgaria,BGR,2021,10.0,2.956789375975474,1.9238984799710865,0.7777777777777778,0.3888888888888889,3,3.4428042378559787,4.433816436300504,10.0,1.3014493089015116,False,False,False,True,True
Bulgaria,BGR,2022,10.0,2.356985875364379,1.7941149190561916,0.7222222222222222,0.6666666666666666,2,3.38577571443967,3.8333333333333335,10.0,-0.7623106961869245,False,False,False,True,True
Bulgaria,BGR,2023,10.0,2.619062235603569,3.0794508114525345,0.7777777777777778,0.9444444444444445,4,3.82859149830011,3.722222222222222,10.0,-0.6661515468397045,False,False,False,True,True
Bulgaria,BGR,2024,10.0,4.895068741620757,2.2704464076446924,0.7777777777777778,0.7777777777777778,4,4.0553252520753125,3.5657335628535733,10.0,0.030534021894053964,False,False,True,True,True
Bulgaria,BGR,2025,10.0,4.888393223352127,0.8561114359221432,0.8333333333333334,0.7222222222222222,6,3.771123154077076,0.6981487019811743,2.094446105943523,-0.2248536991270199,False,False,False,True,True
Burkina Faso,BFA,1991,,,,,,0,0.0,0.0,,,False,False,False,False,False
Burkina Faso,BFA,1992,,,,,,0,0.0,0.0,,,False,False,False,False,False
Burkina Faso,BFA,1993,,,,,,0,0.0,0.0,,,False,False,False,False,False
Burkina Faso,BFA,1994,,,,,,0,0.0,0.0,,,False,False,False,False,False
Burkina Faso,BFA,1995,,,,,,0,0.0,0.0,,,False,False,False,False,False
Burkina Faso,BFA,1996,1.6498323915061104,1.6936221365690203,-0.12900405812346472,,,1,1.1144848426917102,1.3380389452218115,1.6721878843027371,1.0038900061408857,False,False,False,False,False
Burkina Faso,BFA,1997,1.3772786677459945,1.6767818359715332,0.5324466091299839,,,0,1.1955023709491706,1.0223183070860922,1.2210931606493904,0.8235434535227939,False,False,False,False,False
Burkina Faso,BFA,1998,1.0799632608364431,1.1223483642740886,1.106523508162708,,,0,1.1029450444244133,0.8407826156480354,0.9518791492966856,0.7296860819993851,False,False,False,False,False
Burkina Faso,BFA,1999,0.8761143051738282,1.1298409217204934,1.9412578936679892,-0.6666666666666669,1.0,0,1.1894426241124623,0.507027428801437,0.7924152864814015,0.7286669999229098,False,False,False,False,False
Burkina Faso,BFA,2000,0.5036367387044615,1.9122040219634515,2.646111184178418,-0.19999999999999998,0.9999999999999999,0,1.4123903889692664,0.5254838240659067,-0.06928392318332612,1.5764514721977199,False,False,False,False,False
Burkina Faso,BFA,2001,-0.5762621011476572,0.37454054549963045,1.4726550871172586,-0.06666666666666665,0.9999999999999999,0,0.7694391265233778,0.0,-0.9080027954915519,-1.1329656703426336,False,False,False,False,False
Burkina Faso,BFA,2002,-0.26473366975488444,1.029502178059304,1.0683188481330503,0.23809523809523814,1.0,0,0.9148023004765662,0.0,-0.9185555594363906,-0.9315940075814579,False,False,False,False,False
Burkina Faso,BFA,2003,0.06353574949996055,1.2730174415096671,0.9918393852713666,0.42857142857142855,0.9999999999999998,0,1.0371070866847703,0.0,-0.9163474812861356,-0.9581828443452989,False,False,False,False,False
Burkina Faso,BFA,2004,2.016077879029356,1.4131253010933345,1.0021021453124017,0.5555555555555556,1.0,0,1.5084832873092406,0.0,-0.9122485604925665,-0.9640174674108364,False,False,False,False,False
Burkina Faso,BFA,2005,1.876915213304931,1.1858763363652725,1.4036847874143181,0.7222222222222222,0.8333333333333334,0,1.5155174896391266,0.0,-0.9131371608402441,-0.8754780241034663,False,False,False,False,False
Burkina Faso,BFA,2006,1.5055245706764568,0.6894265608946979,3.7628854634573843,0.7222222222222222,0.611111111111111,0,1.7249006523390409,0.0,-1.0653186418136218,-1.1279827662077202,False,False,False,False,False
Burkina Faso,BFA,2007,0.862383216220313,-0.22858778185922551,6.278990431465758,0.611111111111111,0.2777777777777778,0,1.7838302850927696,0.0,-1.0724868170557895,-0.8804346228033251,False,False,False,False,False
Burkina Faso,BFA,2008,0.5255951469725891,0.1746662096894271,4.509432110484601,0.3888888888888889,0.6666666666666666,0,1.4641609156515458,0.0,-1.0723456940990004,-0.30724694728922575,False,False,False,False,False
Burkina Faso,BFA,2009,0.6250990684642493,0.30499721574601935,1.5880434728178225,0.2222222222222222,0.8333333333333334,0,0.9258501736278406,0.0,-1.0846947907574285,-0.0734135105497239,False,False,False,False,False
Burkina Faso,BFA,2010,1.1475720363958977,0.4646265340907431,3.788153831198999,0.05555555555555555,0.3888888888888889,0,1.2578482581149055,0.26627774057471615,-1.0575363543897103,0.7988332217241485,False,False,False,False,False
Burkina Faso,BFA,2011,1.4477349997089162,0.6971530322770451,3.9981688225709493,-0.1111111111111111,0.2777777777777778,0,1.339722482022493,0.2594392720400585,-1.0563064497668269,0.7783178161201756,False,False,False,False,False
Burkina Faso,BFA,2012,1.8208682919394859,1.6229168901987392,2.8488882777251634,-0.16666666666666666,0.3333333333333333,0,1.3918680253060112,0.11338060425372032,-1.0546551368022388,0.34014181276116096,False,False,False,False,False
Burkina Faso,BFA,2013,-0.22870855620410419,0.8798936263824365,2.1298717312502173,0.2777777777777778,0.3333333333333333,0,0.8463975159709752,0.5250960031819453,-0.9955444598869092,0.7419546762125026,False,False,False,False,False
Burkina Faso,BFA,2014,-0.6039787936713815,2.095268819151814,0.5254268743795859,0.6666666666666666,0.7222222222222222,0,1.0796946942618355,0.7222222222222222,-0.979784110214745,-0.1685971121482148,True,False,True,False,False
Burkina Faso,BFA,2015,-0.343594171804228,1.8141531880479065,0.5466942005934077,0.7777777777777778,0.8888888888888888,1,1.1388361443949295,0.8333333333333334,-0.9829307522109454,-0.24581480602408615,True,False,True,False,False
Burkina Faso,BFA,2016,3.874327568924085,1.201342748760074,2.8110744382141926,0.9444444444444445,0.8333333333333334,0,2.288460062290781,0.8333333333333334,-0.9803526299155373,-0.2980436632687408,True,False,True,True,True
Burkina Faso,BFA,2017,6.379469093273083,1.3079287010875946,2.0746410684209264,0.8333333333333334,0.7222222222222222,0,2.574629994778543,0.8888888888888888,-0.9751461364569705,-0.3314217933067356,True,False,True,True,True
Burkina Faso,BFA,2018,10.0,1.591299968951149,1.1626358203638847,0.8888888888888888,0.7222222222222222,0,3.195231602307451,0.8888888888888888,-0.9750013654507592,-0.40188698809693546,True,False,True,True,True
Burkina Faso,BFA,2019,10.0,1.7309223784919476,0.9426463275806337,0.8888888888888888,0.4444444444444444,0,3.0680470745478496,0.8044523984697945,-0.9781825606407324,0.08002386207605014,True,False,True,True,True
Burkina Faso,BFA,2020,10.0,1.472751786525554,0.8650060149243091,0.9444444444444445,0.4444444444444444,0,3.0231071158455287,0.7777777777777778,-0.974861286049313,-0.08790765803559507,False,False,True,True,True
Burkina Faso,BFA,2021,10.0,1.3408094717560237,0.6597930494665848,0.9444444444444445,0.6666666666666666,0,3.0445649486889663,0.7901324894885211,-0.9662660538475512,0.03706413513223003,True,False,True,True,True
Burkina Faso,BFA,2022,10.0,0.43770344866800637,8.361320702593362,0.9444444444444445,0.4444444444444444,1,4.31536038580783,1.7158049880681154,1.6093257209061087,1.204755909964904,True,False,True,True,True
Burkina Faso,BFA,2023,10.0,1.023851512634768,6.2498545278472015,0.9444444444444445,0.611111111111111,1,4.0769634303186155,1.520806018206536,1.5962011279382926,0.46621692668131515,True,True,True,True,True
Burkina Faso,BFA,2024,10.0,1.8147524880727863,6.20670964579965,0.9444444444444445,0.7222222222222222,2,4.270959093441154,1.3227182690783186,1.60667064088964,0.028150833011981655,False,False,True,True,True
Burkina Faso,BFA,2025,10.0,1.9219571051586786,6.219749654181366,0.9444444444444445,0.7777777777777778,3,4.317230240756898,1.3182793385870808,1.6215046824279093,-0.18694665178337283,True,False,True,True,True
Burma/Myanmar,MMR,1991,,,,,,0,0.0,0.0,,,False,False,False,False,False
Burma/Myanmar,MMR,1992,,,,,,0,0.0,0.0,,,False,False,False,False,False
Burma/Myanmar,MMR,1993,,,,,,0,0.0,0.0,,,False,False,False,False,False
Burma/Myanmar,MMR,1994,,,,,,0,0.0,0.0,,,False,False,False,False,False
Burma/Myanmar,MMR,1995,,,,,,0,0.0,0.0,,,False,False,False,False,False
Burma/Myanmar,MMR,1996,1.6991626063375898,1.726321575020983,0.08407141140206065,,,1,1.1698518642535445,1.6684873525466797,1.736239654980922,1.6007350501124373,False,False,False,False,False
Burma/Myanmar,MMR,1997,1.4571548853531449,1.2183716949072738,0.8239178488848126,,,0,1.1664814763817437,1.0797595602500125,1.2895837514398063,0.8699353690602188,False,False,False,False,False
Burma/Myanmar,MMR,1998,1.0631339793065298,1.1431787149902264,1.637194107239713,,,0,1.2811689338454897,0.9364609851352588,0.976524366616503,0.8963976036540147,False,False,False,False,False
Burma/Myanmar,MMR,1999,0.8487742144801379,1.1351651569659482,2.0660416155050387,0.6666666666666669,1.0,0,1.4766628640568917,0.5115201406850655,0.7223744606561028,0.8121859613990938,False,False,False,False,False
Burma/Myanmar,MMR,2000,0.009610678128172732,2.61962592344254,2.1420654273557567,0.39999999999999997,0.9999999999999999,0,1.5142604057852938,0.0,-0.8893737939294907,-0.2084619574389816,False,False,False,False,False
Burma/Myanmar,MMR,2001,1.962444138829696e-09,0.47215903437395823,0.9061391022237735,0.2,0.8666666666666666,0,0.7023262943787018,0.0,-0.9518645012534789,-0.33774394901039034,False,False,False,False,False
Burma/Myanmar,MMR,2002,2.546316832131448e-09,0.6656079746123829,0.7960027493252626,0.23809523809523814,0.9047619047619049,0,0.7494650024396496,0.0,-0.9521272452985393,-0.13487875000144645,False,False,False,False,False
Burma/Myanmar,MMR,2003,1.1840398947710695,0.5555077439373725,2.675008154422269,0.21428571428571427,0.7857142857142856,0,1.2829111586261424,0.0,-0.6481536687995906,-1.566830282646883,False,False,False,False,False
Burma/Myanmar,MMR,2004,1.5755952145502625,1.4657730345172393,1.3254225277239045,0.3888888888888889,0.6666666666666666,0,1.2955803775805035,0.0,-0.645764676064747,-1.5664910539014945,False,False,False,False,False
Burma/Myanmar,MMR,2005,2.0945748534758266,1.784598381272624,1.4749887288885082,0.6666666666666666,0.611111111111111,0,1.5819435038385028,0.0,-0.6374383483474877,-0.36484799122656886,False,False,False,False,False
Burma/Myanmar,MMR,2006,2.0394904141478443,2.668874470097819,4.665340138787822,0.611111111111111,0.6666666666666666,0,2.3858521157178076,0.1464242342433828,-0.6334084159677696,0.4392727027301484,False,False,False,False,False
Burma/Myanmar,MMR,2007,3.1679291974642076,3.5008700857637174,6.3584498801117455,0.7777777777777778,0.7222222222222222,0,3.2054498326679335,0.2777777777777778,-0.6456644629035929,-1.437629967556883,False,False,False,False,False
Burma/Myanmar,MMR,2008,10.0,1.2460942310063001,6.868721797261124,0.8888888888888888,0.5555555555555556,2,4.200740983431262,1.759685099711317,0.4843179261088728,2.6280707063584114,True,False,True,True,True
Burma/Myanmar,MMR,2009,10.0,1.1049112817458708,5.863929644524639,0.8333333333333334,0.3333333333333333,2,3.860434851920769,1.9373364531052157,0.5917632854816679,2.720246073833979,True,False,True,True,True
Burma/Myanmar,MMR,2010,10.0,4.210016147669051,10.0,0.8888888888888888,0.3888888888888889,4,5.353114340644922,1.5691851209883794,2.040888696298471,-0.7105619287489223,True,False,True,True,True
Burma/Myanmar,MMR,2011,10.0,9.174318542392296,10.0,0.8888888888888888,0.5,5,6.390419264034015,3.7884795069567585,6.788957464172769,1.9098143900308415,True,False,True,True,True
Burma/Myanmar,MMR,2012,10.0,7.926810243763531,10.0,0.8333333333333334,0.611111111111111,6,6.163139826530484,3.812952492100108,6.7522791681096725,2.186578308190652,True,False,True,True,True
Burma/Myanmar,MMR,2013,10.0,7.575859299500153,10.0,0.8333333333333334,0.611111111111111,5,6.092949637677808,3.8402006148701595,6.912967127224511,2.1076347173859684,False,False,True,True,True
Burma/Myanmar,MMR,2014,10.0,7.392029690472657,3.336695235218536,0.9444444444444445,0.611111111111111,6,4.767967207360461,3.7962738273064915,6.837931927350376,2.050889554569098,True,False,True,True,True
Burma/Myanmar,MMR,2015,10.0,7.2981308456360265,10.0,1.0,0.611111111111111,6,6.10407061357165,3.5512073674022844,6.705204269544288,1.948417832662564,False,False,False,True,True
Burma/Myanmar,MMR,2016,10.0,7.143262571882574,10.0,1.0,0.8888888888888888,6,6.184208069932071,3.1491249580721106,6.612384515657208,1.6683236918924562,False,False,False,True,True
Burma/Myanmar,MMR,2017,10.0,7.08109629365123,2.8308941984896565,1.0,0.8333333333333334,6,4.71573143176151,2.9169599967295308,6.458035574539538,2.1261777489823874,False,False,False,True,True
Burma/Myanmar,MMR,2018,10.0,9.070679826049329,5.581173166268199,1.0,0.9444444444444445,6,5.708148376241284,3.0442637812111677,6.717820138148212,2.4149712054852923,False,False,False,True,True
Burma/Myanmar,MMR,2019,10.0,10.0,9.659419194315523,1.0,0.7222222222222222,6,6.620772727751993,2.521158825773448,4.913327460954354,2.6501490163659907,False,False,False,True,True
Burma/Myanmar,MMR,2020,10.0,6.3856591231057305,5.5419430119403605,1.0,0.5,5,4.985520427009218,0.0,-0.5807807527681647,-2.7248275440628467,False,False,False,True,True
Burma/Myanmar,MMR,2021,10.0,7.251851065028054,10.0,1.0,0.611111111111111,5,6.094814657450056,4.160098800460744,10.0,2.480296401382234,False,False,False,True,True
Burma/Myanmar,MMR,2022,10.0,5.668973186898731,10.0,1.0,0.3333333333333333,5,5.66712797071308,4.107845241668001,10.0,2.3235357250040023,False,False,False,True,True
Burma/Myanmar,MMR,2023,10.0,6.449492813010092,10.0,1.0,0.05555555555555555,6,5.712120784824241,4.306547887870063,10.0,2.419643663610187,False,False,False,True,True
Burma/Myanmar,MMR,2025,10.0,4.105416260754283,10.0,1.0,-0.16666666666666666,6,5.221083252150857,3.9307493311167883,10.0,0.6255813266836985,False,False,False,True,True
Burundi,BDI,1991,,,,,,0,0.0,0.0,,,False,False,False,False,False
Burundi,BDI,1992,,,,,,0,0.0,0.0,,,False,False,False,False,False
Burundi,BDI,1993,,,,,,0,0.0,0.0,,,False,False,False,False,False
Burundi,BDI,1994,,,,,,0,0.0,0.0,,,False,False,False,False,False
Burundi,BDI,1995,,,,,,0,0.0,0.0,,,False,False,False,False,False
Burundi,BDI,1996,1.776781092911721,0.9972030416468967,0.23291473502433102,,,0,1.0022996231943162,0.7974129073591402,1.5948258147182803,-0.15970504507529182,False,False,False,False,False
Burundi,BDI,1997,1.2965009319931948,1.0409633722874858,0.5387257946050475,,,0,0.9587300329619093,0.532281975308242,1.064563950616484,-0.23119677293948884,False,False,False,False,False
Burundi,BDI,1998,1.2387775573215425,0.803980684308291,0.7472831624986971,,,0,0.9300138013761768,0.33707100441325644,0.6741420088265129,-0.037857514062725556,False,False,False,False,False
Burundi,BDI,1999,1.5378327254474855,0.7884836571637641,1.2941656596282325,1.0,1.0,2,1.5240964084478965,0.11659189462709374,0.3497756838812812,-0.1712713146634063,False,False,False,False,False
Burundi,BDI,2000,1.3610183135999219,1.075594930545494,2.0697855719406815,0.7999999999999999,0.9999999999999999,0,1.6212797632172193,0.11848076288941863,0.3554422886682559,-0.11202812749241083,False,False,False,False,False
Burundi,BDI,2001,1.2017502007434768,1.2333315620973013,2.7017488836531336,0.8666666666666666,0.9999999999999999,0,1.774032795965449,0.8263870926351444,0.24164876411427821,2.237512513791155,False,False,False,False,False
Burundi,BDI,2002,1.785834202848899,1.1037204752272893,1.2968443794594229,0.9047619047619049,1.0,0,1.5991845734118844,0.0,-1.3754495172935532,-2.146134022578558,False,False,False,False,False
Burundi,BDI,2003,0.1821206920542142,0.9606226289324358,1.2959070513638054,0.7857142857142856,0.7857142857142856,0,1.1163015030415195,0.0,-1.3434734284258003,-0.02520781120759568,False,False,False,False,False
Burundi,BDI,2004,-0.8566553263095946,1.2261465598118086,0.9369545362191823,0.3888888888888889,0.611111111111111,0,0.8326202192061981,0.05179585286348282,-1.3489829739820032,0.15538755859044848,False,False,False,False,False
Burundi,BDI,2005,0.8421266094373853,1.2376916194545318,2.4727697963783073,0.3333333333333333,0.6666666666666666,0,1.3105176050540448,0.1635001785459614,-0.2124925911237332,0.4905005356378842,False,True,True,False,False
Burundi,BDI,2006,3.051266409375147,1.2667035846589623,2.601825907548822,0.3888888888888889,0.5555555555555556,0,1.7617369580943643,0.29733743088120806,-0.2544925187269499,0.8920122926436242,False,True,True,True,True
Burundi,BDI,2007,4.7914824385242945,1.2038312530947488,2.6406482913046125,0.4444444444444444,0.4444444444444444,0,2.082747952140287,0.8169133911101665,-0.28770684140753533,2.4507401733304994,False,True,True,True,True
Burundi,BDI,2008,5.961684277028185,1.1829764589297287,2.8764855159070573,0.5555555555555556,0.6666666666666666,0,2.4931181392618833,0.7676782727956187,-0.293878811698225,2.3030348183868563,False,True,True,True,True
Burundi,BDI,2009,6.468899881064946,1.0317211772301318,3.2050306580183485,0.611111111111111,0.5,0,2.5855747877071296,0.7667707278297535,-0.2964315545047456,2.3003121834892606,False,True,True,True,True
Burundi,BDI,2010,4.744830684599113,1.2574769977022349,3.6831074737600304,0.611111111111111,0.7777777777777778,0,2.492638586767831,0.1111111111111111,-0.3415349900175155,-0.982580479368388,False,False,False,False,False
Burundi,BDI,2011,1.214905555937258,1.6087091169175929,3.5760396828046943,0.6666666666666666,0.5555555555555556,0,1.7688197600207978,0.0,-0.30534857259980014,-0.6905706134568761,False,False,False,False,False
Burundi,BDI,2012,-0.09091931804109955,1.5858114351446517,10.0,0.7222222222222222,0.5,0,2.8060511759178195,0.0,-0.26333771297543834,-0.2401894540615646,False,False,True,True,False
Burundi,BDI,2013,-0.11070770625048504,1.5615087848682423,4.060852022553128,0.6666666666666666,0.5,0,1.5911388281509407,0.0,-0.2825751014959495,-0.9201276968889102,False,False,False,False,False
Burundi,BDI,2014,-0.8793881616243071,1.5297532301344337,10.0,0.611111111111111,0.5,0,2.750395090471331,1.1528401178669563,-1.8017956055365085,3.4585203536008686,False,False,False,False,False
Burundi,BDI,2015,0.2019815492341052,1.499305873357201,10.0,0.5555555555555556,0.4444444444444444,0,2.7402574845182612,0.08663572039917211,-1.7711101072284583,0.25990716119751633,False,False,False,False,False
Burundi,BDI,2016,0.5807131857967787,1.4382951953248988,6.734555563929182,0.5555555555555556,0.3333333333333333,0,2.1062683445657275,0.0,-1.7516725556201294,-0.5357250224414473,False,False,False,False,False
Burundi,BDI,2017,0.6745092579304554,1.2436945961162587,6.432742898764293,0.5,0.5,0,2.0701893505622015,0.0,-1.7532032310129146,-0.7893043349811497,False,False,False,False,False
Burundi,BDI,2018,1.078134488853495,1.542600322214147,2.1220115614550092,0.5,0.7222222222222222,0,1.4374381633934192,0.0,-1.6881254465395397,-2.2334931279921273,False,False,False,False,False
Burundi,BDI,2019,1.1678281909977595,1.4829736383586014,4.476412298609511,0.7222222222222222,0.7222222222222222,0,2.003220603370952,0.0,-1.7204684942255928,-3.5345646064508003,False,False,False,False,False
Burundi,BDI,2020,1.426680508082458,1.5022373459298914,3.9684039903866215,0.8888888888888888,0.8333333333333334,0,2.068353257768683,0.05555555555555555,-1.6877579838662924,-4.120867862786295,False,False,False,False,False
Burundi,BDI,2021,1.624088404165205,1.124450233527484,6.735975262922672,0.9444444444444445,0.8888888888888888,1,2.630236113456406,0.4444444444444444,-1.6674279545117208,-3.984046893724551,True,False,True,True,True
Burundi,BDI,2022,1.6234537634907906,1.4260581568141255,10.0,0.8888888888888888,0.8888888888888888,1,3.3210134951720947,0.8888888888888888,-1.666332155421186,-3.86707241088034,True,False,True,True,True
Burundi,BDI,2023,1.6223963085448272,1.0728675548283273,10.0,0.8333333333333334,0.8888888888888888,1,3.22794166156352,0.8888888888888888,-1.6650070218163,-4.004398423934237,True,False,True,True,True
Burundi,BDI,2024,1.6331868465139234,0.9074098800927808,3.7261035904582647,0.7777777777777778,0.6666666666666666,1,1.8311178411907716,0.7222222222222222,-1.6684706030889953,-4.170596567030709,False,False,False,False,False
Burundi,BDI,2025,1.6083388181473792,0.820284060531585,3.410828585961444,0.611111111111111,0.7777777777777778,1,1.7234458484836375,0.5555555555555556,-1.6764513285165599,-4.107537349155196,False,False,False,False,False
Cambodia,KHM,1991,0.0,,,,,0,0.0,0.0,,,False,False,False,False,False
Cambodia,KHM,1992,0.0,,,,,0,0.0,0.0,,,False,False,False,False,False
Cambodia,KHM,1993,0.0,,,,,0,0.0,0.0,,,False,False,False,False,False
Cambodia,KHM,1994,0.0,,,,,0,0.0,0.0,,,False,False,False,False,False
Cambodia,KHM,1995,0.0,,,,,0,0.0,0.0,,,False,False,False,False,False
Cambodia,KHM,1996,1.52807471003144,1.1343072062811044,-0.5675689148833934,,,0,0.8874606387708481,1.0299218964979782,1.2815990532251749,0.7782447397707815,False,False,False,False,False
Cambodia,KHM,1997,1.2455765721447274,1.1273543182801413,0.00817316162122253,,,0,0.7937013506820304,0.8725811224073223,0.985064508866916,0.7600977359477286,False,False,False,False,False
Cambodia,KHM,1998,1.1135974093606713,0.8814888141978169,0.46326076657212784,,,0,0.8194489967102054,0.38227544827668825,0.7645508965533765,-0.013342840797116312,False,False,False,False,False
Cambodia,KHM,1999,0.941221765768887,0.8562268348372428,1.053751438711126,-1.0,1.0,0,0.9702400078634511,0.22996462678764787,0.6191710037626863,0.07072287660025729,False,False,False,False,False
Cambodia,KHM,2000,0.6902337333579048,2.6371027981286668,2.6354618671527,-0.7999999999999999,0.9999999999999999,0,1.5925596797278545,0.32874890499965487,0.6777867116961948,0.30846000330276985,False,False,False,False,False
Cambodia,KHM,2001,0.4851049361891679,2.5712826151244856,2.404962116691474,-0.8666666666666666,0.9999999999999999,0,1.4922699336010254,0.22084380214825602,0.4553646723751484,0.20716673406961963,False,False,False,False,False
Cambodia,KHM,2002,0.31072597895893594,0.6631951741414708,1.7464684643260748,-0.8095238095238096,0.6190476190476191,0,0.7916969711043439,0.5761563366714693,-1.0411717316199807,1.7284690100144078,False,False,False,False,False
Cambodia,KHM,2003,0.0,1.4761045872613165,1.0963849431208343,-0.8571428571428571,0.42857142857142855,0,0.6859264775050016,0.0,-1.2467062887577292,-1.977038728492254,False,False,False,False,False
Cambodia,KHM,2004,0.0,0.9367717081856111,1.4350977156713856,-0.8333333333333334,0.5555555555555556,0,0.6965961069936216,0.0,-1.2507899974778134,-1.0764417021155663,False,False,False,False,False
Cambodia,KHM,2005,0.0,1.8253533279765521,1.4661410211459542,-0.6666666666666666,0.6666666666666666,0,0.9249655364911679,0.0,-1.244868828623972,-0.7863378283006376,False,False,False,False,False
Cambodia,KHM,2006,0.0,1.5792665334473182,1.334025752135647,-0.4444444444444444,0.6666666666666666,0,0.8493251237832597,0.3122714266719355,-1.2419172435751045,0.9368142800158066,False,False,False,False,False
Cambodia,KHM,2007,0.0,2.362150275770744,-0.21405445500813128,-0.16666666666666666,0.7777777777777778,0,0.78354116626526,1.6842595226546173,-1.2654431138005335,5.052778567963852,False,False,False,False,False
Cambodia,KHM,2008,0.0,2.279806990063975,0.4029943426532222,0.16666666666666666,0.8888888888888888,0,0.9587824887656616,0.25768778623291383,-1.2671130848340808,0.7730633586987414,False,False,False,False,False
Cambodia,KHM,2009,0.0,3.5486512001281167,1.3759681343703627,0.5555555555555556,0.9444444444444445,1,1.584923866899696,1.4015653312430876,-1.2714017062031433,4.2046959937292625,False,False,False,False,False
Cambodia,KHM,2010,0.0,4.211893368995135,2.5151735783687093,1.0,0.9444444444444445,2,2.123191167250547,1.556084806115156,-1.271538243164634,4.668254418345468,False,False,False,False,False
Cambodia,KHM,2011,0.0,2.4295754366887783,-0.6350482075594036,1.0,0.9444444444444445,2,1.2636928651155335,0.0,-1.2802193332802392,-1.85480604269832,False,False,False,False,False
Cambodia,KHM,2012,0.0,2.696670061901204,-0.1513009510990983,0.9444444444444445,0.8888888888888888,2,1.272667345713574,0.0,-1.2774609695519412,-2.772018120848362,False,False,False,False,False
Cambodia,KHM,2013,0.0,2.3272921050461166,1.309129810509479,0.9444444444444445,0.7777777777777778,1,1.416173272000008,0.0,-1.2753044627292915,-2.6007533647122147,False,False,False,False,False
Cambodia,KHM,2014,0.0,2.1616686239429503,1.3099960001880901,0.9444444444444445,0.5555555555555556,1,1.294332924826208,0.0,-1.2629635529318552,-0.6962393589975459,False,False,False,False,False
Cambodia,KHM,2015,0.0,2.396781494067423,1.246958434064236,0.9444444444444445,0.4444444444444444,2,1.2843035411818875,0.0,-1.2603673809967164,-0.4201213956092291,False,False,False,False,False
Cambodia,KHM,2016,0.19905064096833724,2.5952516615999848,1.9697599434427102,0.9444444444444445,0.4444444444444444,2,1.508368004757762,0.2777777777777778,-1.2608930706084112,-0.626945830079423,False,False,False,False,False
Cambodia,KHM,2017,2.425377347340496,2.915491731235417,1.3170133218392681,0.9444444444444445,0.4444444444444444,3,1.8871320356385919,0.9954916372386201,-1.2390540542354516,1.3198082450491935,False,False,False,True,True
Cambodia,KHM,2018,10.0,2.5357273799229385,1.2680922543426663,0.9444444444444445,0.4444444444444444,4,3.3163194824086766,0.7838129891604635,-1.2194686366688234,0.018105634148056955,True,False,True,True,True
Cambodia,KHM,2019,10.0,2.3516039318092146,0.05979300119400148,0.9444444444444445,0.611111111111111,1,3.104501608822866,0.8888888888888888,-1.2211050602709526,-0.3230973659097917,True,True,True,True,True
Cambodia,KHM,2020,10.0,2.3467155777800617,-0.4155707759760988,1.0,0.6666666666666666,3,3.136009782222679,0.8888888888888888,-1.219084418746405,-1.8904898039568225,True,False,True,True,True
Cambodia,KHM,2021,10.0,2.271834937063385,-0.45879848709242876,1.0,0.6666666666666666,3,3.1210336540793437,0.8888888888888888,-1.2128496602889973,-0.19250873319749987,True,False,True,True,True
Cambodia,KHM,2022,10.0,3.117538243026348,-0.44599186073757086,1.0,0.7777777777777778,4,3.334618759716381,0.8888888888888888,-1.209561550659332,-1.5488123719481908,True,False,True,True,True
Cambodia,KHM,2023,10.0,4.220240684550561,0.6197665800826345,0.9444444444444445,0.8888888888888888,3,3.7013347862599724,0.8888888888888888,-1.2023197510738655,-1.8306216114490197,True,False,True,True,True
Cambodia,KHM,2024,10.0,4.756065230939561,2.852237619284427,0.9444444444444445,0.8888888888888888,4,4.254993903378131,0.9444444444444445,-1.200947712227464,-1.8108356935859167,True,False,True,True,True
Cambodia,KHM,2025,10.0,5.465424408021603,3.399389653293519,0.8888888888888888,0.611111111111111,2,4.372962812263024,0.8888888888888888,-1.201004113147701,-2.179277040141071,True,False,True,True,True
Cameroon,CMR,1991,0.0,,,,,0,0.0,0.0,,,False,False,False,False,False
Cameroon,CMR,1992,0.0,,,,,0,0.0,0.0,,,False,False,False,False,False
Cameroon,CMR,1993,0.0,,,,,0,0.0,0.0,,,False,False,False,False,False
Cameroon,CMR,1994,0.0,,,,,0,0.0,0.0,,,False,False,False,False,False
Cameroon,CMR,1995,0.0,,,,,0,0.0,0.0,,,False,False,False,False,False
Cameroon,CMR,1996,1.676152370973211,1.9005102893630879,0.35549833659482416,,,0,1.3107203323103744,1.4830075852254567,1.5538922928283776,1.4121228776225359,False,False,False,False,False
Cameroon,CMR,1997,1.836018786241498,1.5946858461612374,0.8699345806632929,,,1,1.4335464043553428,1.1587421287800657,1.1287934604536038,1.1886907971065275,False,False,False,False,False
Cameroon,CMR,1998,1.4222368221913897,0.7888269600098274,1.405558741869025,,,0,1.2055408413567472,0.9894858410052468,0.955499616465552,1.0234720655449416,False,False,False,False,False
Cameroon,CMR,1999,1.0213636000015986,0.9822350009794016,1.9376876259860432,0.0,1.0,0,1.1882572453934086,0.5681931542579373,0.6532534945083293,1.0513259682654825,False,False,False,False,False
Cameroon,CMR,2000,2.0939779899216022,2.195153927240215,2.5982066444224703,0.0,0.9999999999999999,0,1.7774677123168576,0.1805590209182607,0.5416770627547821,-0.02301608418182246,False,False,False,False,False
Cameroon,CMR,2001,0.0,0.896570217640746,1.4997891908199132,-0.3333333333333333,0.4666666666666666,0,0.6659385483587985,0.0,-0.9225984211880957,-1.0613043166221408,False,False,False,False,False
Cameroon,CMR,2002,0.03540920873187222,1.0134490847361408,0.8643028203308677,-0.33333333333333337,0.6190476190476191,0,0.6302512703788238,0.0,-0.976275379348827,-1.1241302073857389,False,False,False,False,False
Cameroon,CMR,2003,0.7883960849113812,1.3306263884167477,1.3930487248073513,0.0,0.7142857142857142,0,0.9881285253413818,0.0,-0.9728275503965048,-0.7616420255621084,False,False,False,False,False
Cameroon,CMR,2004,1.643576474347805,0.9775242381588085,2.191360380318583,0.2222222222222222,0.611111111111111,0,1.2958255518983726,0.0,-0.9368786163617225,-0.7659256190050377,False,False,False,False,False
Cameroon,CMR,2005,1.3420404036856752,2.085642101307937,0.6234141998475365,0.5,0.5555555555555556,0,1.2324415631904517,0.0,-1.0245359597154962,-0.9395934557826349,False,False,False,False,False
Cameroon,CMR,2006,0.0,2.414784702526791,1.9136788717507465,0.5,0.611111111111111,0,1.310137159299952,0.0,-1.238893123384,-0.5996114877235416,False,False,False,False,False
Cameroon,CMR,2007,0.0,2.8763766544038685,2.4490675367286676,0.3888888888888889,0.611111111111111,0,1.4650888382265073,0.0,-1.3423379651296785,-1.0953108275771541,False,False,False,False,False
Cameroon,CMR,2008,0.0,2.920083309170474,1.9961564666119087,0.3333333333333333,0.6666666666666666,0,1.3832479551564767,0.0,-1.2972426955784595,-0.7104032787527574,False,False,False,False,False
Cameroon,CMR,2009,0.0,2.9939393624227657,0.4394053388810287,0.2222222222222222,0.8888888888888888,0,1.1311133847052033,0.0,-1.7723992502640675,-0.8218253474404272,False,False,False,False,False
Cameroon,CMR,2010,0.0,1.7477157633072473,-0.05003976327698551,0.0,0.7222222222222222,0,0.6384320415503384,0.0,-1.7511960766166916,-0.9426367087465979,False,False,False,False,False
Cameroon,CMR,2011,0.0,1.2509537002841826,0.2620908679867388,-0.2222222222222222,0.4444444444444444,0,0.480386691431962,0.20304238015465714,-1.71583131487123,0.6091271404639714,False,False,False,False,False
Cameroon,CMR,2012,0.0,2.249136303521495,0.4657877280274561,-0.3333333333333333,0.4444444444444444,0,0.720762584087568,0.31891831552149114,-1.6343518280837406,0.9567549465644734,False,False,False,False,False
Cameroon,CMR,2013,0.0,2.0919020230825165,2.064623554525346,-0.05555555555555555,0.5555555555555556,0,1.0535273377437946,0.04787692223437915,-1.6176963812188907,0.14363076670313746,False,False,False,False,False
Cameroon,CMR,2014,0.0,0.9519415603696842,1.315070900842306,0.1111111111111111,0.4444444444444444,0,0.6756247144646202,0.0,-1.6152206588219762,-0.39348591615341477,False,False,False,False,False
Cameroon,CMR,2015,0.0,0.9577500172728924,1.7222007717676626,0.2777777777777778,0.3888888888888889,0,0.8026568244747777,0.16666666666666666,-1.615524453612016,-0.4519130811305185,False,False,False,False,False
Cameroon,CMR,2016,3.190636555785915,1.3360639559564287,4.537164278095559,0.7222222222222222,0.3888888888888889,1,2.2572174024120253,0.5199147168750365,-1.4198903499292075,0.05974415062510954,True,False,True,True,True
Cameroon,CMR,2017,10.0,2.6230606151842646,0.7468367099798568,0.8333333333333334,0.3888888888888889,0,3.1628683539217133,0.8888888888888888,-1.449627768089146,-0.5398805643396325,True,False,True,True,True
Cameroon,CMR,2018,10.0,2.6546848894559383,-0.09959254483212118,0.8333333333333334,0.3888888888888889,2,3.0198258667800766,0.8888888888888888,-1.408449468777411,-0.5688551550987717,True,False,True,True,True
Cameroon,CMR,2019,10.0,2.8992500409491453,-0.1742796682059236,0.8888888888888888,0.611111111111111,3,3.179850008189829,0.8888888888888888,-1.2313007236659446,-0.29690826125720815,True,False,True,True,True
Cameroon,CMR,2020,10.0,2.5472915917425514,-0.2461177035878364,0.8333333333333334,0.5555555555555556,3,3.0650138739040655,0.8888888888888888,-1.2234991244925382,-0.08036723266857744,True,False,True,True,True
Cameroon,CMR,2021,10.0,1.570266123220132,0.7620847005263777,0.8333333333333334,0.611111111111111,1,3.04424794252708,0.7777777777777778,-1.294376794154157,-0.16482659462167878,False,False,True,True,True
Cameroon,CMR,2022,8.510453394472782,1.2991304004732527,0.7772922007802722,0.8888888888888888,0.4444444444444444,1,2.650708532478595,1.2316252973930775,-0.43775628760016744,1.3615425588458987,True,False,True,True,True
Cameroon,CMR,2023,3.76795494130866,1.2162582241032154,1.7483859838927414,0.8888888888888888,0.16666666666666666,1,1.7687420520831456,1.242164906258383,-0.18294683042191448,1.2264947187751494,True,False,True,True,True
Cameroon,CMR,2024,1.351994226702183,2.0571082875393634,0.7465246795920255,0.8888888888888888,0.2777777777777778,1,1.297792105433381,1.2421584802978802,-0.16926271440389593,1.2264754408936405,True,False,True,False,False
Cameroon,CMR,2025,2.3931830389645614,3.023400115118663,1.0392561662176554,0.8888888888888888,0.4444444444444444,2,1.8245011973935092,1.223477418234608,-0.08210628745808703,1.0037655880371579,True,False,True,True,False
Canada,CAN,1991,0.0,,,,,0,0.0,0.0,,,False,False,False,False,False
Canada,CAN,1992,0.0,,,,,0,0.0,0.0,,,False,False,False,False,False
Canada,CAN,1993,0.0,,,,,0,0.0,0.0,,,False,False,False,False,False
Canada,CAN,1994,0.0,,,,,0,0.0,0.0,,,False,False,False,False,False
Canada,CAN,1995,0.0,,,,,0,0.0,0.0,,,False,False,False,False,False
Canada,CAN,1996,1.6133454847001398,0.08335882604351441,0.1298783407758938,,,0,0.6088608838398494,1.304863170000572,1.4909036266631646,1.1188227133379796,False,False,False,False,False
Canada,CAN,1997,1.157965503497153,0.15787813038055423,0.856481269580798,,,0,0.724108301152835,1.1238280753258523,1.149387261096577,1.0982688895551274,False,False,False,False,False
Canada,CAN,1998,1.031497163682791,0.7649371933850139,1.6519626719467517,,,0,1.1494656763381854,0.9682268704508464,0.899331319488395,1.037122421413298,False,False,False,False,False
Canada,CAN,1999,1.1215323094598906,0.8911761248213527,2.628831952057319,1.0,1.0,0,1.7283080772677124,0.5307193933816836,0.6683134955263649,0.923844684618686,False,False,False,False,False
Canada,CAN,2000,1.9366390882148106,2.508229186726404,1.6610084405667114,0.9999999999999999,0.9999999999999999,0,2.021175343101585,0.48678904636522136,0.667394359930206,0.7929727791654579,False,False,False,False,False
Canada,CAN,2001,0.8421054841263065,1.349929154698112,-0.1468414369875728,0.8666666666666666,0.9999999999999999,0,1.1850735944315505,0.0,-0.940945404130879,-1.0326863194259344,False,False,False,False,False
Canada,CAN,2002,0.6776737322267753,1.3978845710175325,-0.7433343831389064,0.9047619047619049,0.9047619047619049,0,1.1389211844583855,0.0,-0.9866060270531515,-1.0899754972125526,False,False,False,False,False
Canada,CAN,2003,0.9982387862091251,1.41118806062647,1.1831494691591051,0.9285714285714285,0.9285714285714285,0,1.4613724060560829,0.0,-0.9866158137027891,-1.0600682767110396,False,False,False,False,False
Canada,CAN,2004,1.2637686174398968,0.9827150692469723,0.8869639758437053,0.9444444444444445,0.8333333333333334,0,1.3378006436172263,0.0,-0.9807376662799695,-0.8354986462472627,False,False,False,False,False
Canada,CAN,2005,1.3775703549728264,1.501914193353803,1.7643097846341307,1.0,0.9444444444444445,0,1.7065366443699297,0.0,-0.9804251515379178,-0.9528027484937596,False,False,False,False,False
Canada,CAN,2006,0.6872301277161976,1.7245174399690941,6.314949972616551,0.8333333333333334,0.9444444444444445,0,2.4564506191714797,0.0,-0.9815861706183439,-0.9908135599904807,False,False,False,False,False
Canada,CAN,2007,0.45147187624702073,2.294517613093648,0.9290368262887937,0.5555555555555556,0.9444444444444445,0,1.3350052631258926,0.0,-0.9763110285998323,-0.9270162876196105,False,False,False,False,False
Canada,CAN,2008,0.1886019564519152,3.070616430527366,1.1361664171722858,0.16666666666666666,0.7777777777777778,0,1.256854738608091,0.0,-0.9745440523916434,-1.2704472998312295,False,False,False,False,False
Canada,CAN,2009,0.0,3.2276890384086205,2.3076259992317687,0.3333333333333333,0.6666666666666666,0,1.5070630075280778,0.1111111111111111,-0.9824670310926311,-1.112112470722978,False,False,False,False,False
Canada,CAN,2010,0.0,3.1664368443540307,1.1803582333620544,0.4444444444444444,0.611111111111111,0,1.2915812377654392,0.2222222222222222,-0.9859349322324585,-1.1358002334376023,False,False,False,False,False
Canada,CAN,2011,0.0,3.0535188563462428,3.276569405416663,0.4444444444444444,0.6666666666666666,1,1.7104620967970259,0.2777777777777778,-0.9668421999274095,-1.0268399268832133,False,False,True,True,False
Canada,CAN,2012,0.2233196560116424,2.8327044948951827,1.9285791506889034,0.6666666666666666,0.5555555555555556,0,1.4858095492080345,0.2777777777777778,-0.9546654270504338,-0.46760972289836755,False,False,False,False,False
Canada,CAN,2013,0.0,0.7030524937436816,1.4085626553677315,0.611111111111111,0.7777777777777778,0,0.977878585377838,0.4444444444444444,-0.9529216748590704,-0.7678758368143002,False,False,True,False,False
Canada,CAN,2014,0.0,-0.04546815061198709,1.9372315790481758,0.611111111111111,0.6666666666666666,0,0.8985574269207461,0.611111111111111,-0.9527179063135601,-0.7201567296824336,False,False,False,False,False
Canada,CAN,2015,0.0,-0.2542839161565038,2.6278466370623437,0.9444444444444445,0.4444444444444444,0,1.0811248829680242,0.5555555555555556,-0.9555599253546085,-0.8997247812194591,False,False,False,False,False
Canada,CAN,2016,0.27903088973116535,1.0260516219395297,1.4565818280050782,1.0,0.7222222222222222,0,1.2412217568240436,0.4444444444444444,-0.9651462324307482,-0.6243002756138103,False,True,True,False,False
Canada,CAN,2017,1.1156919991753742,1.6790958132799891,1.2976263395461232,1.0,0.7777777777777778,1,1.5295939415114084,0.3333333333333333,-0.957733102070089,-0.6761066375368862,False,False,False,False,False
Canada,CAN,2018,1.1173032395689715,1.3381137840397392,0.33399982793405975,1.0,0.8888888888888888,0,1.3134389258641097,0.16666666666666666,-0.9565759344501856,-0.753651120652862,False,False,False,False,False
Canada,CAN,2019,0.5458283325304856,1.3443154454804174,0.533136449172311,1.0,0.8888888888888888,0,1.2402116009921982,0.16666666666666666,-0.8982126678038499,-0.914249488099247,False,False,False,False,False
Canada,CAN,2020,10.0,3.1068593238637545,2.9050396574826447,1.0,0.7222222222222222,1,3.891268685158168,0.16666666666666666,-0.8146681723148705,-0.6983249229983117,False,False,False,False,False
Canada,CAN,2021,10.0,1.9199323916377458,5.695428730086249,1.0,0.5,4,4.123072224344798,0.42910139925277296,-0.431817243849485,0.12063753109165207,False,False,False,True,True
Canada,CAN,2022,10.0,3.0060134045440696,4.4255106704896905,1.0,0.5,2,4.086304815006752,0.611111111111111,-0.02833522117864789,-0.2675115389260853,False,False,False,True,True
Canada,CAN,2023,10.0,1.2978922713664538,1.3473111237636057,1.0,0.5,0,3.1290406790260117,0.8333333333333334,-0.02625827304975559,-0.3204361572070251,False,False,True,True,True
Canada,CAN,2024,10.0,1.0870285864115825,0.20287601792479787,1.0,0.5,0,2.857980920867276,1.0013889644575724,0.004166893372717371,-0.45603254347097166,True,False,True,True,True
Canada,CAN,2025,10.0,0.6483290298917935,4.378216444124943,1.0,0.5555555555555556,1,3.627531317025569,1.0016733398376882,0.005020019513064857,-0.5440400128318257,True,False,True,True,True
Central African Republic,CAF,1991,,,,,,0,0.0,0.0,,,False,False,False,False,False
Central African Republic,CAF,1992,,,,,,0,0.0,0.0,,,False,False,False,False,False
Central African Republic,CAF,1993,,,,,,0,0.0,0.0,,,False,False,False,False,False
Central African Republic,CAF,1994,,,,,,0,0.0,0.0,,,False,False,False,False,False
Central African Republic,CAF,1995,,,,,,0,0.0,0.0,,,False,False,False,False,False
Central African Republic,CAF,1996,1.780214036737195,1.1787122263430847,0.5351580855520525,,,0,1.164694782877444,0.0,-0.5231337208303276,-0.12040178952145458,False,False,False,False,False
Central African Republic,CAF,1997,1.3029575140174936,1.205601776918395,1.2419983961204502,,,0,1.2501858956854461,0.0,-0.5373482734154027,-0.13365480145628011,False,False,False,False,False
Central African Republic,CAF,1998,1.0279435903650451,0.9169263527905595,1.3167224184321882,,,0,1.0871974538625977,0.012839481387635803,-0.5467015753117201,0.025678962775271607,False,False,False,False,False
Central African Republic,CAF,1999,0.8954157398995218,1.461891000232214,1.5720093819338803,0.6666666666666669,1.0,0,1.4525298910797901,0.030105668294629174,-0.555448973573998,0.09031700488388753,False,False,False,False,False
Central African Republic,CAF,2000,0.7551219297325116,1.8360185553136565,1.8101738800404505,0.19999999999999998,0.9999999999999999,0,1.3602628730173236,0.0,-0.5552625517088557,-1.6123637399006854,False,False,False,False,False
Central African Republic,CAF,2001,-0.5676505721411322,1.202192251016679,1.6249571744540383,-0.06666666666666665,0.8666666666666666,0,0.9120965517608101,0.0,-0.6179230872255183,-0.6401677217540276,False,False,False,False,False
Central African Republic,CAF,2002,-0.5701085634762615,1.2467013534958722,1.439316195791173,-0.23809523809523814,0.8095238095238096,0,0.8610130336669328,0.0,-0.6196677617907246,-1.383566095448932,False,False,False,False,False
Central African Republic,CAF,2003,1.2507174538441386,0.8466357242483633,2.602215315903724,0.07142857142857142,0.6428571428571428,0,1.225627984513531,0.7029308713224737,0.6670263294238548,1.4417662845435661,False,False,False,False,False
Central African Republic,CAF,2004,1.6268265485408793,2.2337764717016677,1.809215654431794,0.2777777777777778,0.5,0,1.4450748460459792,0.4969801086503414,0.6684888712057574,0.8224514547452669,False,False,False,False,False
Central African Republic,CAF,2005,2.605016410751409,0.81647255955855,1.1338055243761556,0.611111111111111,0.16666666666666666,0,1.222170010048334,1.5988592836756614,2.619970743226935,1.509940441133382,False,False,False,False,False
Central African Republic,CAF,2006,2.6091770998249397,1.3813995416286557,1.1922790886452954,0.7777777777777778,0.3333333333333333,0,1.4810155904642226,1.8755476824849708,2.6230542847185205,1.5035887627363922,False,False,False,False,False
Central African Republic,CAF,2007,2.6087769691683182,1.4129084589355614,1.1979121573470914,0.8333333333333334,0.5,0,1.5772528504235275,2.0447741487898448,2.6226480424889984,1.5116744038805356,False,True,True,True,True
Central African Republic,CAF,2008,2.6083830026984054,1.4461279779575082,1.3763577707010173,0.8888888888888888,0.6666666666666666,0,1.7083959724936082,2.0300401775463333,2.6223932893419075,1.467727243297093,False,True,True,True,True
Central African Republic,CAF,2009,2.597483636805333,1.4302741197058297,1.1845809833459089,1.0,0.611111111111111,0,1.6869121924158588,1.9343782328452053,2.612507007752397,1.5239610241165522,False,True,True,True,True
Central African Republic,CAF,2010,3.8464120863291233,1.716067584354004,1.5201561236145678,1.0,0.611111111111111,1,2.060971603303983,1.535973733804938,2.774587868081481,-0.5746637873847132,False,False,False,False,False
Central African Republic,CAF,2011,3.9291524940038136,1.3687237074177825,0.643576430440405,1.0,0.6666666666666666,0,1.854957193039067,1.478509774016854,2.768862655383895,-0.5239230504873967,False,False,False,False,False
Central African Republic,CAF,2012,2.1095887905163813,1.262099471638243,2.636041817097116,0.8888888888888888,0.7777777777777778,0,1.8682126825170147,0.8686699819199649,1.3964555475913891,0.7095543981685054,False,False,False,False,False
Central African Republic,CAF,2013,3.680221665363438,1.371028627305437,1.2162360284540754,0.8333333333333334,1.0,0,1.9868305975579232,0.5696860192431764,1.4644595851051705,0.24459847262435894,False,False,False,False,False
Central African Republic,CAF,2014,3.6038300284956937,1.640131841970801,0.12862925149817725,0.6666666666666666,0.8888888888888888,0,1.6967404466151563,0.07576943165598625,-0.012794951439818373,0.22730829496795874,False,False,False,False,False
Central African Republic,CAF,2015,4.435327421115913,1.173252328250401,0.04491754095789871,0.7222222222222222,0.7222222222222222,0,1.7084772358426203,0.3361351869201494,0.9531099010153464,0.055295659745101707,False,False,False,False,False
Central African Republic,CAF,2016,4.913965679888187,1.8425098947637404,0.17695306492285784,0.8333333333333334,0.5,0,1.9200190612482904,0.318014651644341,0.954043954933023,-0.5712609406524399,False,False,False,False,False
Central African Republic,CAF,2017,4.923364236526909,1.0230706236544704,0.004648807043692294,0.8888888888888888,0.5555555555555556,1,1.767994511222792,0.32948594461890507,0.9884578338567152,-0.4978278573003592,False,False,False,False,False
Central African Republic,CAF,2018,7.863120844844081,1.2041341953378597,0.272019836534812,0.8888888888888888,0.5555555555555556,1,2.445632753121128,0.32945972307708093,0.9883791692312428,-0.5030903438666579,False,False,False,False,False
Central African Republic,CAF,2019,7.727932534236656,0.9600706964704045,1.1447305365731066,0.9444444444444445,0.4444444444444444,0,2.522102309011589,0.28550042299822725,0.8565012689946818,-0.7392447863687497,False,False,False,False,False
Central African Republic,CAF,2020,7.083243704416904,1.0051863179408072,1.1165821219963525,0.8333333333333334,0.6666666666666666,1,2.4410024288708128,0.29531072620940674,0.8859321786282202,-1.1226848383910968,False,False,False,False,False
Central African Republic,CAF,2021,6.634249354388837,1.8102597704286074,1.1994663125479426,0.8333333333333334,0.7777777777777778,1,2.5732395319175216,0.20779295465619976,0.6233788639685993,-2.710787613079337,False,False,False,False,False
Central African Republic,CAF,2022,4.940075513195599,1.3301143331130292,1.114107060000794,1.0,0.7777777777777778,0,2.1879704923729957,0.18105360877462962,0.5431608263238888,-2.852927663703393,False,False,False,False,False
Central African Republic,CAF,2023,6.379403327980011,2.0554417436961985,1.8787648804633994,1.0,0.7777777777777778,1,2.7738331015390325,0.09364337142284895,0.28093011426854686,-1.562303727457161,False,False,False,False,False
Central African Republic,CAF,2024,9.27035587576203,0.8092371271976613,1.23576562554637,0.9444444444444445,0.6666666666666666,1,2.907516170145657,0.0,-0.40527975180685594,-1.7605348879310125,False,False,False,False,False
Central African Republic,CAF,2025,10.0,0.7941787684007592,1.6105506450814453,0.8333333333333334,0.611111111111111,1,3.0587236604742185,0.0,-0.4045052937895206,-1.4946467229489038,False,False,False,False,False
Chad,TCD,1991,0.0,,,,,0,0.0,0.0,,,False,False,False,False,False
Chad,TCD,1992,0.0,,,,,0,0.0,0.0,,,False,False,False,False,False
Chad,TCD,1993,0.0,,,,,0,0.0,0.0,,,False,False,False,False,False
Chad,TCD,1994,0.0,,,,,0,0.0,0.0,,,False,False,False,False,False
Chad,TCD,1995,0.0,,,,,0,0.0,0.0,,,False,False,False,False,False
Chad,TCD,1996,1.7558942622570355,1.1553119805043697,0.2342599771053233,,,0,1.048488739955576,0.9208430811001216,1.8416861622002432,-0.6024015830503598,False,False,False,False,False
Chad,TCD,1997,1.2864485644603778,1.13711316486751,0.5423074826292053,,,0,0.9886230706523643,0.5775291576199404,1.1550583152398808,-0.6602810277254979,False,False,False,False,False
Chad,TCD,1998,1.1766334922893456,1.210398974874926,1.3363541282137188,,,0,1.2411288651259966,0.35076807568879664,0.7015361513775933,-1.17679133370292,False,False,False,False,False
Chad,TCD,1999,1.067398043947785,1.4936194504052764,2.1280609405875928,1.0,1.0,0,1.737815686988131,0.11591777576754551,0.34775332730263653,-1.541427670208532,False,False,False,False,False
Chad,TCD,2000,1.4990043903582115,1.2280374178117655,2.619498400704047,0.9999999999999999,0.9999999999999999,0,1.8693080417748047,0.043062658252830364,-0.44101125860223195,0.1291879747584911,False,False,False,False,False
Chad,TCD,2001,1.6045292641755449,1.2864062964746024,1.36794996730347,0.9999999999999999,0.9999999999999999,0,1.6517771055907235,0.2562878438858135,-0.4744577331058645,0.7688635316574405,False,False,False,False,False
Chad,TCD,2002,1.1645901475139409,1.2332189157746647,1.1296237579360016,0.8095238095238096,0.9047619047619049,0,1.3912008499592072,0.40234394768250925,-0.4369884933200243,1.2070318430475278,False,False,False,False,False
Chad,TCD,2003,0.18873748572664914,1.1196534712453265,2.5988949046691916,0.6428571428571428,0.7142857142857142,0,1.3243143151853762,0.39070292358066255,-0.39252575616514507,1.1721087707419877,False,False,False,False,False
Chad,TCD,2004,0.0,2.7939582909166396,1.158241673016302,0.4444444444444444,0.5555555555555556,0,1.190439992786588,0.4294543107851935,-0.3603059763998468,1.2883629323555805,False,False,False,False,False
Chad,TCD,2005,2.848082386750579,2.6098823091809815,2.3776712610439232,0.05555555555555555,0.16666666666666666,1,1.6560160802839856,0.0,-1.9407447385272378,-0.5846534378737138,False,False,False,False,False
Chad,TCD,2006,1.7982230366407315,1.243714970860578,3.635979812676708,-0.16666666666666666,0.05555555555555555,1,1.3578057862578254,0.0,-2.0218817884208926,-1.2853907631566706,False,False,False,False,False
Chad,TCD,2007,1.9351652763217642,1.4832095019277072,3.6136661495451494,0.1111111111111111,0.16666666666666666,1,1.517519296670035,0.0,-2.01442075534654,-1.666482792024123,False,False,False,False,False
Chad,TCD,2008,1.947177736690191,1.5403567470278254,3.647656261268965,0.3333333333333333,0.3333333333333333,1,1.6937048156640633,0.0,-2.0137001203305958,-1.647862870734157,False,False,False,False,False
Chad,TCD,2009,1.9401249052296277,1.5886878468229972,3.6435765629183474,0.3888888888888889,0.5,1,1.79003341854975,0.0,-2.014749189350642,-0.28033395085815177,False,False,False,False,False
Chad,TCD,2010,2.1119138498866246,1.7112491458013663,3.847445271889191,0.5,0.611111111111111,1,1.9785660979598805,0.0,-2.002025035631515,-0.8727223250137723,False,False,False,False,False
Chad,TCD,2011,2.0043401749650727,1.6865976875091402,3.8126052624792512,0.5,0.611111111111111,1,1.9451530694351369,0.0,-2.007163108891091,-0.9875933695969136,False,False,False,False,False
Chad,TCD,2012,2.1711689058116788,1.719973841013947,3.7110803407752107,0.8888888888888888,0.5555555555555556,1,2.098222395297945,0.0,-1.99763041377797,-1.1538431496177741,False,False,False,False,False
Chad,TCD,2013,2.151026888440871,0.9814467361864602,3.666547372712943,0.7777777777777778,0.6666666666666666,1,1.937581977245833,0.3333333333333333,-1.9986273992255057,-1.1053507688597763,False,False,True,True,False
Chad,TCD,2014,0.0,1.067450385947546,1.3132557660042619,0.3888888888888889,0.7222222222222222,0,0.920585674834806,0.3333333333333333,-2.2742671818855977,-3.0762184490302404,False,False,True,False,False
Chad,TCD,2015,0.0,1.0711960140863008,0.9715006288789033,0.2222222222222222,0.7777777777777778,0,0.8085393285930408,0.0,-2.27716136636424,-3.1159590971399025,False,False,False,False,False
Chad,TCD,2016,0.0,1.02596241909462,0.916449488380495,0.16666666666666666,0.7777777777777778,0,0.7662601592728008,0.0,-2.2753426954927853,-3.118939440871721,False,False,False,False,False
Chad,TCD,2017,0.0,0.7227866565250401,1.8695745430603725,0.2777777777777778,0.7222222222222222,0,0.9184722399170825,0.0,-2.2441727052968794,-0.4785606423116277,False,False,False,False,False
Chad,TCD,2018,0.0,0.49730787586620934,2.5190984771803686,0.3333333333333333,0.611111111111111,0,0.9810590483870933,0.0,-2.1998285845148,-1.7086843870438555,False,False,False,False,False
Chad,TCD,2019,0.0,0.9557568908981675,2.7138170812193736,0.3333333333333333,0.7222222222222222,0,1.1561370166457305,0.0,-2.2012190315076134,-0.7182140731815785,False,False,False,False,False
Chad,TCD,2020,0.0,0.9754172260760113,2.5801191365461955,0.2777777777777778,0.7222222222222222,0,1.1111072725244413,0.0,-2.2011551308380297,-0.5322387597947127,False,False,False,False,False
Chad,TCD,2021,0.47789462637651425,1.1285162368327009,6.9928897818971105,0.5,0.7222222222222222,0,2.208749017910154,0.45846275615625326,0.208721601802093,-0.9046047386398953,False,False,False,False,False
Chad,TCD,2022,1.9097566474244816,1.3495894172543883,4.151468140396485,0.8333333333333334,0.7222222222222222,0,2.1043850632372934,0.7861898741072871,0.19190295565519463,-0.5971875023156711,True,False,True,True,True
Chad,TCD,2023,4.2711310546964505,1.3235294094556247,1.6206926678717215,0.8888888888888888,0.7222222222222222,0,2.087515070849204,0.943491035006455,0.330473105019365,-1.5620776507842782,True,False,True,True,True
Chad,TCD,2024,5.004887577504509,0.7029942063165787,1.5142810549647265,0.8888888888888888,0.8333333333333334,1,2.1333214566460517,1.8944102252030142,3.183230675609043,-2.1475433501878776,True,False,True,True,True
Chad,TCD,2025,5.070291681886248,0.9670185874816444,1.4336531718668852,0.8888888888888888,0.8888888888888888,1,2.2053037993580666,2.0013144870849744,3.503943461254923,-2.1017740224330925,True,False,True,True,True
Chile,CHL,1991,0.0,,,,,0,0.0,0.0,,,False,False,False,False,False
Chile,CHL,1992,0.0,,,,,0,0.0,0.0,,,False,False,False,False,False
Chile,CHL,1993,0.0,,,,,0,0.0,0.0,,,False,False,False,False,False
Chile,CHL,1994,0.0,,,,,0,0.0,0.0,,,False,False,False,False,False
Chile,CHL,1995,0.0,,,,,0,0.0,0.0,,,False,False,False,False,False
Chile,CHL,1996,1.772048611576313,1.2760942090432614,0.3102525521047927,,,0,1.1194651242414557,1.6741286203161545,1.7176197678831413,1.630637472749168,False,False,False,False,False
Chile,CHL,1997,1.373648919456382,1.1295184970737246,0.9323738281219552,,,0,1.1451804148840206,0.803142945045911,0.19724216476935494,1.409043725322467,False,False,False,False,False
Chile,CHL,1998,1.0798567127104557,1.2775912728734975,1.4520733691868712,,,0,1.2698404515902748,0.6298003712426805,-1.0862393669923325,1.259600742485361,False,False,False,False,False
Chile,CHL,1999,1.1724785925845118,1.1802219908057787,2.215194340972161,1.0,1.0,0,1.7135789848724905,0.0,-2.094542041881982,-0.2853246101093854,False,False,False,False,False
Chile,CHL,2000,1.5792964350630188,1.8997356112258632,1.9930709588746387,0.39999999999999997,0.9999999999999999,1,1.654420601032704,0.26826385049162854,0.8047915514748857,-1.5686070579629638,False,False,False,False,False
Chile,CHL,2001,0.8498571987677099,1.3034590262460655,1.1607654423566893,0.4666666666666666,0.9999999999999999,0,1.2494830001407595,0.16588943183686908,0.4976682955106072,-0.5548496123880086,False,False,False,False,False
Chile,CHL,2002,0.9633680453705911,0.9553003559327893,1.3494912242813024,0.5238095238095238,0.9047619047619049,0,1.2250604965455079,0.20269648515711905,0.6080894554713572,-0.37577562684840027,False,False,False,False,False
Chile,CHL,2003,0.6916430298724247,0.9206078548973186,2.032380788169647,0.5714285714285714,0.7857142857142856,0,1.271783477445021,0.0,-0.09781072821387146,-0.42518441866556245,False,False,False,False,False
Chile,CHL,2004,1.2980267732370288,0.7506180942277938,1.279698602298702,0.4444444444444444,0.6666666666666666,0,1.1101131383971494,0.0,-0.1742957943449825,-0.5018263478115127,False,False,False,False,False
Chile,CHL,2005,1.289267190953389,1.0195079604427424,0.27767367653623815,0.5555555555555556,0.611111111111111,0,0.9839564322531406,0.0,-0.37252330367616315,-0.5877142667711704,False,False,False,False,False
Chile,CHL,2006,2.112423936460883,1.9981941095048519,1.3789457641218636,0.5555555555555556,0.611111111111111,0,1.5645794286841865,0.4841753548942733,0.95252606468282,-1.3307078515872839,False,False,False,False,False
Chile,CHL,2007,6.192372608055154,1.8708559207405275,3.243598315340146,0.6666666666666666,0.5555555555555556,0,2.7502542577160543,0.7915809412411217,1.7080761570566982,-0.9629008077684507,False,False,False,False,False
Chile,CHL,2008,4.530243633790615,2.6251117418813847,0.2547998335781437,0.8888888888888888,0.6666666666666666,3,2.104253264072251,0.8103345359149472,1.764336941078175,-1.0243732299145771,False,False,False,True,False
Chile,CHL,2009,2.9134442572777175,1.9680772502272577,1.0395088381570423,0.7777777777777778,0.8333333333333334,1,1.8286505135768478,0.49523635140296746,-2.4794397503598398,1.3190423875422357,False,False,False,False,False
Chile,CHL,2010,2.441277763170384,2.3181367327440134,0.5393493022000664,0.7222222222222222,0.8333333333333334,0,1.681974981845115,0.01029328031693373,-2.9242331304465945,0.030879840950801186,False,False,False,False,False
Chile,CHL,2011,3.2622322669140913,2.6247756076557685,0.18277181674265017,0.7777777777777778,0.7777777777777778,1,1.836178160484724,0.0,-2.840924622460365,-0.9289667252893564,False,False,False,False,False
Chile,CHL,2012,3.9099757508911224,2.993226462141755,2.192388899654052,0.8333333333333334,0.7222222222222222,1,2.441340444759608,0.0,-2.6557056199902997,-0.8604682446926702,False,False,False,False,False
Chile,CHL,2013,7.34233510391646,2.453548382423839,-0.27586173934230473,0.8333333333333334,0.7222222222222222,1,2.5813989194902818,0.1528883325585833,0.4586649976757499,-0.2832666729794731,False,False,False,False,False
Chile,CHL,2014,6.865083510852589,1.8397246749164353,-0.14373508206147576,0.7777777777777778,0.5555555555555556,1,2.274294970487138,0.3038551710096764,0.9115655130290292,-0.47532855698040105,False,True,True,True,False
Chile,CHL,2015,6.727791938499497,2.185472170633146,-0.017430066005693853,0.6666666666666666,0.3333333333333333,1,2.1826528218265286,0.21597870587922155,0.6479361176376647,-0.37831222704376904,False,False,False,False,False
Chile,CHL,2016,3.4892837073444474,2.147139993354911,0.814140775051976,0.611111111111111,0.3333333333333333,2,1.667890672928045,0.16666666666666666,-1.47132363674757,-0.7299717137344344,False,False,False,False,False
Chile,CHL,2017,3.0566931685382386,2.0928949508475387,1.6235011452090689,0.6666666666666666,0.16666666666666666,3,1.687951186252303,1.251948515065313,1.922512211862606,-0.33764140109018886,True,False,True,True,True
Chile,CHL,2018,2.7228960901728607,1.6605373754690282,3.7223449309345744,0.6666666666666666,0.0,1,1.8878223459819594,1.947408582189721,3.189965166781315,0.31892724645451487,True,False,True,True,True
Chile,CHL,2019,4.105321529544384,0.6439379845796809,3.5712701729916527,0.6666666666666666,-0.05555555555555555,0,1.9307726040898103,2.785106986507738,5.960854699058457,0.06113292713142292,True,False,True,True,True
Chile,CHL,2020,10.0,3.852406237967608,10.0,0.6666666666666666,0.3888888888888889,1,5.1927034698157435,4.111111111111112,10.0,-0.9766588690200219,True,False,True,True,True
Chile,CHL,2021,10.0,0.9609908486576546,9.77959734034352,0.9444444444444445,0.1111111111111111,1,4.5703398600224565,4.2212355878344,10.0,0.33037343016986553,True,False,True,True,True
Chile,CHL,2022,10.0,0.8659053990387927,8.290779151118132,0.9444444444444445,0.4444444444444444,1,4.386892465586941,4.222867391475761,10.0,0.16860217442728348,False,True,True,True,True
Chile,CHL,2023,10.0,0.7388830388817532,8.130541695287999,0.9444444444444445,0.5555555555555556,1,4.37388494683395,4.413898725281939,10.0,0.575029509179151,True,True,True,True,True
Chile,CHL,2024,10.0,0.7397022924699346,7.414651028803054,1.0,0.5,1,4.2308706642545975,4.507354101805374,10.0,0.6887289720827889,True,True,True,True,True
Chile,CHL,2025,10.0,0.8107354930957538,7.19152748119978,1.0,0.2777777777777778,1,4.111563705970218,4.451307737686872,10.0,0.6872565463939523,True,True,True,True,True
Colombia,COL,1991,,,,,,0,0.0,0.0,,,False,False,False,False,False
Colombia,COL,1992,,,,,,0,0.0,0.0,,,False,False,False,False,False
Colombia,COL,1993,,,,,,0,0.0,0.0,,,False,False,False,False,False
Colombia,COL,1994,,,,,,0,0.0,0.0,,,False,False,False,False,False
Colombia,COL,1995,,,,,,0,0.0,0.0,,,False,False,False,False,False
Colombia,COL,1996,1.5979528780533496,1.071563998483235,0.02544776245308065,,,0,0.8983215463298883,0.0,-0.19254445621299882,-0.14503847277975987,False,False,False,False,False
Colombia,COL,1997,1.305527427128167,1.117958534604423,0.6943985223632696,,,0,1.0392948280319532,0.0,-0.30025157884214065,-0.2721682494689564,False,False,False,False,False
Colombia,COL,1998,1.0656567557220178,1.168644753978049,1.4076649528125884,,,0,1.2139888208375516,0.0,-0.38730907513491225,-0.2809887897782665,False,False,False,False,False
Colombia,COL,1999,0.8808075784539066,1.1108603670947146,2.0738810150067684,0.3333333333333334,1.0,0,1.3464431254444114,0.0,-0.42162685359824886,-0.25800507263952827,False,False,False,False,False
Colombia,COL,2000,0.11373966127626131,1.8191481656736161,-0.03454414556767892,-0.19999999999999998,0.7999999999999999,0,0.7065775653899754,0.0,-0.8763995407186268,-1.8100411717955496,False,False,False,False,False
Colombia,COL,2001,-0.5050920262469474,1.1994673311663413,2.6922306510668923,-0.4666666666666666,0.8666666666666666,0,1.1250062631133133,0.0,-0.8763430971167755,-0.3113863740612219,False,False,False,False,False
Colombia,COL,2002,-0.6703975158668936,1.243032610881908,0.5920687870080964,-0.6190476190476191,0.9047619047619049,0,0.7289250414827628,0.0,-0.8713679218163516,-0.24654404821328277,False,False,False,False,False
Colombia,COL,2003,1.5219268735860334,1.8993163733415082,2.459626436771416,-0.21428571428571427,0.42857142857142855,0,1.347602508168363,0.04065082747793402,0.12195248243380206,-0.21803721999020353,False,False,False,False,False
Colombia,COL,2004,1.914582228908567,0.5945334777400195,1.5409951624492872,0.05555555555555555,0.2777777777777778,1,0.943355507152908,1.23946837576825,1.901428098943727,1.8169770283610231,False,False,False,False,False
Colombia,COL,2005,1.915242524736221,0.32385235253048766,1.5193844112943449,0.2777777777777778,0.1111111111111111,1,0.9072514132677663,1.5425647708094254,1.9024619420625244,1.7252323703657515,False,False,False,False,False
Colombia,COL,2006,1.918646278638218,0.027802541170257832,1.5183504373398602,0.5555555555555556,0.05555555555555555,0,0.9374042958741114,1.7834427669082336,1.9051714134706224,1.611823553920745,False,False,False,False,False
Colombia,COL,2007,1.9076175218654792,1.6205556351213108,1.5160471860199427,0.7777777777777778,0.3888888888888889,0,1.475510735268013,1.7796804836372775,1.8962617181302792,1.4427797327815526,False,False,False,False,False
Colombia,COL,2008,1.9072932581103512,2.5261169230832623,1.5193483574613786,0.9444444444444445,0.8333333333333334,0,1.9016628188421094,1.7353076440454231,1.8964787603246873,1.3094441718115823,False,False,False,False,False
Colombia,COL,2009,1.9070929404921366,2.939842477505239,1.5321072795329111,1.0,0.8333333333333334,2,2.0091418728393906,1.5102378251127755,1.895972597872395,1.468074210799265,False,False,False,False,False
Colombia,COL,2010,3.1916873353613715,3.5101422996980696,1.6330783685941228,1.0,0.6666666666666666,4,2.33364826739738,1.2105072197541913,1.902799370003306,0.7287222892592677,False,False,False,True,True
Colombia,COL,2011,3.9010875032985526,3.7725980537559853,1.6250130354483465,1.0,1.0,5,2.659739718500577,1.0882808936748116,1.9034304315617279,0.5280789161293736,False,False,False,True,True
Colombia,COL,2012,0.8939510459210094,4.558474752738398,2.379776475413066,0.7222222222222222,0.9444444444444445,2,2.2331071214811615,0.18595280366833042,0.5578584110049912,-0.7021112812119922,False,False,False,False,False
Colombia,COL,2013,-0.0399013484844545,3.992430796154559,-0.2696301147469982,0.611111111111111,0.9444444444444445,1,1.420708381453134,0.0,-0.883404089279072,-1.6314621053114846,False,False,False,False,False
Colombia,COL,2014,-0.4114153025397126,3.8509579804464678,-0.041031713824588284,0.4444444444444444,0.8333333333333334,1,1.2813027072004046,0.0,-0.8621490259451681,-1.1661740741715902,False,False,False,False,False
Colombia,COL,2015,-0.5963322461966885,3.6779225419584423,0.3470335747405291,0.3333333333333333,0.7222222222222222,0,1.2272134455620167,0.0,-0.8590486798639677,-0.8014082234811251,False,False,False,False,False
Colombia,COL,2016,-0.46938229106782237,3.4020932209657344,1.1516347656221297,0.4444444444444444,0.7777777777777778,0,1.3996344862064618,0.0,-0.6264364623122141,-1.0443205410579361,False,False,False,False,False
Colombia,COL,2017,-0.44311036767007583,4.367645461441041,4.959343004444288,0.5,0.7777777777777778,0,2.376508804288177,0.0,-0.625430029948317,-1.0494426862197783,False,False,False,False,False
Colombia,COL,2018,-0.21104225793743758,1.3947004104592278,1.4258128300277455,0.5,0.7777777777777778,0,1.0752137592085058,0.0,-0.28504712092839174,-2.3962808532140363,False,False,False,False,False
Colombia,COL,2019,0.27484298500402343,2.9703870077881005,3.8180378466001934,0.6666666666666666,0.8333333333333334,0,2.0126535678784636,0.23055622801902365,0.19166868405707094,-2.4952519740511705,False,False,False,False,False
Colombia,COL,2020,0.25549064496792323,4.354368737326822,2.659321090422666,0.7777777777777778,0.9444444444444445,0,2.1427249834323714,0.5588845184053722,0.1766535552161169,-2.529716884705425,False,False,False,False,False
Colombia,COL,2021,0.2555956338567807,3.625563517920852,0.46753976658454843,0.8888888888888888,0.6666666666666666,0,1.4919620058946585,0.9480001927511323,0.17733391158673045,-2.237506332264922,True,False,True,False,False
Colombia,COL,2022,0.2671406664631211,2.075691430546994,0.4028001721921631,0.7222222222222222,0.611111111111111,0,1.0824597871737889,0.7779390833041117,0.16715058324566842,-2.049595763781068,False,False,False,False,False
Colombia,COL,2023,0.2656765877902649,2.0254429279133705,0.5191698742311414,0.6666666666666666,0.5,0,1.028724544653622,0.7286050948844579,0.18581528465337344,-2.019154192927652,False,False,False,False,False
Colombia,COL,2024,0.313726700505494,1.5692972371588136,0.5942005776912113,0.4444444444444444,0.2777777777777778,0,0.7843337919599926,0.5014688557966145,0.1710732340565103,-1.8203199243906516,False,False,False,False,False
Colombia,COL,2025,0.32365461944764384,1.0720095548299893,0.7787603285581877,0.5555555555555556,0.16666666666666666,0,0.7237737894560532,0.1111111111111111,-0.04106299869576165,-1.2416457565817431,False,False,False,False,False
Costa Rica,CRI,1991,,,,,,0,0.0,0.0,,,False,False,False,False,False
Costa Rica,CRI,1992,,,,,,0,0.0,0.0,,,False,False,False,False,False
Costa Rica,CRI,1993,,,,,,0,0.0,0.0,,,False,False,False,False,False
Costa Rica,CRI,1994,,,,,,0,0.0,0.0,,,False,False,False,False,False
Costa Rica,CRI,1995,,,,,,0,0.0,0.0,,,False,False,False,False,False
Costa Rica,CRI,1996,-0.03129971709457273,1.3458073836431126,0.4912090793392503,,,0,0.612338820994121,0.45977279362422,-0.8412457990020775,0.91954558724844,False,False,False,False,False
Costa Rica,CRI,1997,-0.03131461912424108,2.0033617117324374,2.002981659911805,,,0,1.3354477905480806,0.3432863798478113,-0.864543629324866,0.6865727596956226,False,False,False,False,False
Costa Rica,CRI,1998,1.764053965967658,1.9883692673042659,0.9882639552684013,,,0,1.580229062846775,0.4832528378600196,-0.8216605604141738,0.9665056757200392,False,False,False,False,False
Costa Rica,CRI,1999,1.731463116800005,0.6548530707022294,0.6588814006954722,1.0,0.6666666666666669,0,1.275706184306208,1.0757270474195273,-0.782154518364112,1.227181142258581,False,False,False,False,False
Costa Rica,CRI,2000,1.3788960265241335,0.7023121108605506,1.9363192388149095,0.9999999999999999,0.7999999999999999,0,1.5235054752399186,0.7671209726237521,-0.7946119730558983,0.5013629178712566,False,False,False,False,False
Costa Rica,CRI,2001,1.3521671684549337,0.7347226287975049,1.0146717434274077,0.9999999999999999,0.8666666666666666,0,1.366978974802636,0.7613803520239261,-0.7925025936372894,0.4841410560717786,False,False,True,False,False
Costa Rica,CRI,2002,1.2458186928332238,2.098398178825248,2.691687603118865,1.0,0.9047619047619049,1,1.9690856568602293,1.1070828373521058,1.1783913691991745,-1.054890016907364,True,False,True,True,True
Costa Rica,CRI,2003,1.2638059013184628,1.1471313703595136,1.6943742249485738,0.9999999999999998,0.7857142857142856,0,1.5353480136110242,1.208063964828,1.2670490373411432,-1.1839695721632528,True,False,True,True,True
Costa Rica,CRI,2004,1.4464552296321553,1.2033302792958094,1.4153679646010748,1.0,0.7222222222222222,0,1.5019195835946968,1.1887562832261966,1.2329355163452562,-1.2589053212423513,True,False,True,True,True
Costa Rica,CRI,2005,1.2856140399722316,1.3285274854265965,1.4153961595709368,0.9444444444444445,0.7222222222222222,0,1.4725742036606198,1.128336605859836,1.2183431509128417,-1.2875442285527483,False,False,True,False,False
Costa Rica,CRI,2006,1.5657643772287013,1.4304141163199322,1.1903824554508067,0.7777777777777778,0.7777777777777778,0,1.45953441202211,0.9593114584783619,1.2112677087684187,-1.1240542031136667,False,False,True,False,False
Costa Rica,CRI,2007,1.5478819307174165,2.149869790818221,0.335767962331572,0.8333333333333334,0.8333333333333334,0,1.4733706034401088,1.0749835911837895,1.5582841068847015,-1.2226418198915667,False,False,True,False,False
Costa Rica,CRI,2008,1.572363800779632,0.7987073126240304,3.0377385017604213,0.9444444444444445,0.611111111111111,0,1.7039841452550388,1.1922574951374203,1.5767724854122607,-1.0097135070091845,False,False,False,False,False
Costa Rica,CRI,2009,1.5734973384949058,0.7777533386991408,8.222926381743035,1.0,0.3333333333333333,0,2.6481687451207496,1.1964053997104414,1.5892161991313245,-0.35103179902537973,True,False,True,True,False
Costa Rica,CRI,2010,1.563428809249416,0.805735345950278,6.096787675388928,0.8333333333333334,0.5,0,2.2265236994510578,1.0806598637672993,1.5753129246352309,-0.5268399969836274,False,False,False,False,False
Costa Rica,CRI,2011,0.2237501165994559,1.202814867258301,7.22209396697519,0.6666666666666666,0.6666666666666666,0,2.263065123499923,0.1111111111111111,-0.3252743664453392,-0.35168748444570885,False,False,False,False,False
Costa Rica,CRI,2012,0.19324339785692352,1.3400569045981483,10.0,0.3888888888888889,0.8333333333333334,0,2.7955489493799033,0.0,-0.3551574064312068,-0.3336791169233284,False,True,True,True,False
Costa Rica,CRI,2013,0.21300160047412314,1.4005064422231863,10.0,0.2777777777777778,0.9444444444444445,0,2.8115904974283508,0.0,-0.34077257574426706,-0.48171237608258555,False,False,False,False,False
Costa Rica,CRI,2014,0.4646150695181056,1.0565023640605187,10.0,0.3333333333333333,0.8333333333333334,0,2.7708901533823913,0.0,-0.3391335758835302,-0.5398549484414754,False,False,False,False,False
Costa Rica,CRI,2015,2.781675502715476,0.47587156808305714,7.634838644261932,0.7777777777777778,0.4444444444444444,0,2.6673660319009818,0.0,-0.31856276095400204,-0.5880356247233021,False,False,False,False,False
Costa Rica,CRI,2016,3.269946086317259,0.7256364457883518,10.0,0.6666666666666666,0.3333333333333333,0,3.1991165064211224,0.0,-0.902265943548624,-0.07833689872834379,False,False,False,False,False
Costa Rica,CRI,2017,4.018741130217475,0.8755743862789511,10.0,0.7222222222222222,0.5,0,3.467751992188174,0.09407724038044805,-0.9022610366817141,0.28223172114134415,False,False,False,False,False
Costa Rica,CRI,2018,7.391632469031217,1.1315609813196938,6.1009968657232285,0.8333333333333334,0.7222222222222222,0,3.5470602854370497,0.0,-0.8793652089147762,-0.3762725959028435,False,False,False,False,False
Costa Rica,CRI,2019,4.715137401412664,0.3387175907950797,4.098492938771074,0.8888888888888888,0.6666666666666666,0,2.4526918084179856,0.0,-0.8761116250057039,-0.459531814203144,False,False,False,False,False
Costa Rica,CRI,2020,1.7680563423246403,1.0471907726084995,5.15107801554104,0.6666666666666666,0.4444444444444444,0,2.0377094705392804,0.0,-0.8881359111670672,-0.6452992912902006,False,False,False,False,False
Costa Rica,CRI,2021,0.6733016892180494,0.8879363566041324,4.594008904511565,0.5,0.05555555555555555,0,1.4532716122889715,0.0,-0.8868566114124018,-0.9205908828501277,False,False,False,False,False
Costa Rica,CRI,2022,10.0,2.412217877816737,9.459648251103166,0.5,0.5,1,4.774373225783981,0.0,-0.7979580745377612,-0.4928877443442095,False,False,False,True,True
Costa Rica,CRI,2023,10.0,2.6576787340152768,7.46442727666567,0.7777777777777778,0.8888888888888888,2,4.691087868802857,0.2777777777777778,-0.8007449362906912,-0.7608511836980506,False,False,False,True,True
Costa Rica,CRI,2024,10.0,2.871893319271622,10.0,0.8333333333333334,0.8333333333333334,2,5.241045330520992,0.611111111111111,-0.8298290341742999,-0.3216034203979229,False,False,False,True,True
Costa Rica,CRI,2025,10.0,3.3204831248081095,10.0,1.0,0.8333333333333334,3,5.397429958294955,0.5,-0.8271695286513594,-0.28633921499552795,False,False,False,True,True
Croatia,HRV,1992,,,,,,0,0.0,0.0,,,False,False,False,False,False
Croatia,HRV,1993,,,,,,0,0.0,0.0,,,False,False,False,False,False
Croatia,HRV,1994,,,,,,0,0.0,0.0,,,False,False,False,False,False
Croatia,HRV,1995,,,,,,0,0.0,0.0,,,False,False,False,False,False
Croatia,HRV,1996,,,,,,0,0.0,0.0,,,False,False,False,False,False
Croatia,HRV,1997,1.3826624467426916,1.394517271886847,-0.3018294372263216,,,0,0.9257265728765128,0.0,-0.9711247809706314,-1.3461684128660187,False,False,False,False,False
Croatia,HRV,1998,1.110592043749201,1.2895532856512537,0.63727317670647,,,0,1.012472835368975,0.0,-1.3275707713810343,-0.9769358858895014,False,False,False,False,False
Croatia,HRV,1999,0.7858549778001962,1.450094091678982,1.8176053350907992,,,0,1.3511848015233259,0.0,-1.7504678156212434,-1.3407020749275798,False,False,False,False,False
Croatia,HRV,2000,1.1470499497617583,2.6048084439632175,2.6057534893960077,1.0,1.0,1,2.0715223766241966,1.0667903011733522,1.2678063520155765,1.93256455150448,False,False,False,False,False
Croatia,HRV,2001,0.9351163231485968,0.7532341844892614,0.9689415877993257,0.9999999999999999,0.9999999999999999,0,1.3314584190874368,0.3989015458393512,0.4208212659049229,0.1758833716131308,False,True,True,False,False
Croatia,HRV,2002,1.0543258710985572,1.0311956150945836,0.8779668567191928,0.9999999999999999,0.9999999999999999,0,1.3926976685824666,0.5750288326497915,0.46509543981116147,0.2599910581382131,False,True,True,False,False
Croatia,HRV,2003,1.4007800085890398,1.176449251173383,0.8409606372315932,1.0,1.0,0,1.4836379793988033,0.6790436684618918,0.4886000522367423,0.2628166674346472,False,True,True,False,False
Croatia,HRV,2004,1.2021850627558164,1.1978768469458296,0.7123750172407542,0.9999999999999998,0.9285714285714285,0,1.3939159568170514,0.903203721215239,0.6782416239349544,0.531369539710763,False,True,True,False,False
Croatia,HRV,2005,1.084198236031215,1.139737861749567,0.7235569933099271,1.0,0.8333333333333334,0,1.3228319515514753,0.9654821620060311,0.7285986340695584,0.5011811852818683,True,True,True,False,False
Croatia,HRV,2006,1.0530937355813195,0.9904891145210343,2.5058268763165272,1.0,0.7777777777777778,0,1.6209930563948873,0.9321641407345324,0.7145475318799969,0.4152782236569338,True,True,True,True,True
Croatia,HRV,2007,1.0858956884060271,0.9504215183857856,9.162729467082709,1.0,0.6666666666666666,0,2.906476001441571,0.8858281003596155,0.7246794292364185,0.432804871842428,True,True,True,True,True
Croatia,HRV,2008,1.1216302463195011,2.6803686561045006,2.3156060081094174,1.0,0.7222222222222222,1,1.9124098709955728,0.7087197137154232,0.7157847332379416,0.410374407908328,False,False,False,False,False
Croatia,HRV,2009,0.07324818939655026,3.08216460801065,3.1744764172836826,0.5555555555555556,1.0,0,1.8882000651603987,0.3333333333333333,-3.0622917421738105,-2.50729156966154,False,False,True,True,False
Croatia,HRV,2010,0.29026810100311634,4.0763010867678275,0.4653473919943437,0.2222222222222222,0.9444444444444445,0,1.4330499826197243,0.0,-4.131675441742387,-1.8647443861072224,False,False,False,False,False
Croatia,HRV,2011,1.5942406239807436,4.234317005258886,0.033956263453283494,0.0,0.9444444444444445,0,1.5502805563163604,0.0,-4.122506665550775,-1.40616465312161,False,False,False,False,False
Croatia,HRV,2012,4.832973308726504,3.7699402531885178,2.4665417410765524,0.0,0.9444444444444445,0,2.591668838376093,0.0,-3.75922593089894,-1.9273419657443707,False,False,False,False,False
Croatia,HRV,2013,10.0,6.52169754273011,8.848353279887512,0.3333333333333333,0.9444444444444445,1,5.585121275634636,0.03405990163334783,0.1021797049000435,-1.1479189286307323,False,False,False,True,True
Croatia,HRV,2014,10.0,5.46909837332477,2.7977112738661774,0.611111111111111,0.8333333333333334,2,4.231139707215967,0.15682185746319358,0.47046557238958076,-0.7069439316551176,False,False,False,True,True
Croatia,HRV,2015,10.0,5.62494970265518,0.4615798305634728,0.7222222222222222,0.6666666666666666,2,3.7728614621992853,0.15896489170894507,0.4768946751268352,-0.500206902524368,False,False,False,True,True
Croatia,HRV,2016,8.975584061981305,5.312903455891617,2.873603078694063,0.9444444444444445,0.5555555555555556,2,4.032418119313397,0.5498951558632487,0.4830188009230792,-1.25193776026924,False,False,False,True,True
Croatia,HRV,2017,6.120719812926586,3.409443091527722,0.4225013514966867,1.0,0.6666666666666666,2,2.6571995178568657,1.016723839475776,0.5501715184273286,-1.2361527576988718,False,False,True,True,True
Croatia,HRV,2018,4.1356456010324685,3.0508368651751256,1.1779417244109236,1.0,0.6666666666666666,1,2.3395515047903706,1.2025639124105572,0.6076917372316712,-1.1151372468051426,True,False,True,True,True
Croatia,HRV,2019,4.344194688909023,3.127451696179537,0.9137858927239833,1.0,0.8333333333333334,1,2.4104197888958416,1.2696178527562827,0.8088535582688482,-0.6004987956720002,True,False,True,True,True
Croatia,HRV,2020,4.419539436028541,3.6935378619558783,1.4560000630907906,0.9444444444444445,0.8333333333333334,1,2.624926583326153,1.3015011223058173,0.9045033669174515,-0.29622491898314246,True,False,True,True,True
Croatia,HRV,2021,3.929976962330116,1.29693048680252,3.331413962020194,0.7777777777777778,0.5555555555555556,1,2.244997615563899,0.8882396103829064,0.42486945260855163,0.4065160452068345,True,False,True,True,True
Croatia,HRV,2022,-0.08586085761566047,2.430995324719475,0.9630693175956831,0.611111111111111,0.16666666666666666,0,0.9899240395741427,0.16666666666666666,-4.564780177797916,-2.098821338495835,False,False,False,False,False
Croatia,HRV,2023,0.046322066696070904,4.474900082457872,0.6563383428528463,0.3333333333333333,0.2777777777777778,0,1.2799565428458024,0.0,-4.620177287549862,-3.37998384474458,False,False,False,False,False
Croatia,HRV,2024,0.010117796247597172,3.0994018031731767,0.20284622786379186,-0.1111111111111111,0.2777777777777778,0,0.7735842765680243,0.0,-4.60049627512905,-2.597927643988229,False,False,False,False,False
Croatia,HRV,2025,0.9178594955347554,1.4480537491393164,0.5435561795960437,-0.4444444444444444,0.05555555555555555,0,0.6041161070762453,0.0,-4.607158575636279,-2.9734356208619,False,False,False,False,False
Cyprus,CYP,1991,,,,,,0,0.0,0.0,,,False,False,False,False,False
Cyprus,CYP,1992,,,,,,0,0.0,0.0,,,False,False,False,False,False
Cyprus,CYP,1993,,,,,,0,0.0,0.0,,,False,False,False,False,False
Cyprus,CYP,1994,,,,,,0,0.0,0.0,,,False,False,False,False,False
Cyprus,CYP,1995,,,,,,0,0.0,0.0,,,False,False,False,False,False
Cyprus,CYP,1996,-0.4876414941704598,1.703667309825792,0.0603866494907224,,,0,0.5880179864388381,0.0,-0.6214228666533211,-1.0953603494936004,False,False,False,False,False
Cyprus,CYP,1997,-0.3446032440964108,1.8107794816579186,0.8349427299002455,,,0,0.8819074038527214,0.0,-0.6392318540622418,-1.4914653410091863,False,False,False,False,False
Cyprus,CYP,1998,1.6421124662900732,1.6044251770832376,1.2398424696500447,,,0,1.4954600376744518,0.6036135738253019,-0.46197304573109943,1.2072271476506038,False,False,False,False,False
Cyprus,CYP,1999,1.1930896479068471,0.7907887111584854,2.1092470833302586,0.6666666666666669,1.0,0,1.485291755145785,0.9742675286025287,-0.3810852858997911,0.9228025858075861,False,False,False,False,False
Cyprus,CYP,2000,0.6510507677009361,1.128308708448451,1.5914529708235836,0.7999999999999999,0.9999999999999999,0,1.394162489394594,0.911558932065411,-0.36617147078173734,0.33467679619623336,False,False,False,False,False
Cyprus,CYP,2001,0.6097208727292363,1.717520950500018,1.157755335254689,0.8666666666666666,0.9999999999999999,1,1.4436660983634553,0.8648529529706092,-0.3713305644707064,0.39455885891182774,False,False,False,False,False
Cyprus,CYP,2002,0.8249081423933825,1.353092297561786,1.7970934712965407,0.9047619047619049,0.9047619047619049,0,1.5188283060598657,0.5554398636619492,-0.3846398545211868,0.09489101955727594,False,False,False,False,False
Cyprus,CYP,2003,0.9500948214964577,0.9230436537407225,1.1757745382616025,0.9285714285714285,0.7857142857142856,0,1.2954968884140423,0.8455901621305184,-0.3372786427017332,0.608199057820127,False,False,False,False,False
Cyprus,CYP,2004,1.381230724969237,1.9633866347497066,2.5206204168718855,0.9444444444444445,0.6666666666666666,1,1.8174919997626104,1.241044285873319,0.7903710344586417,0.766095156494649,True,False,True,True,True
Cyprus,CYP,2005,2.950496924469299,0.8789289061607125,2.6482852383768742,1.0,0.611111111111111,4,1.9399866582458216,1.70203196123217,2.7727625503631756,-1.7416249319355133,False,False,True,True,True
Cyprus,CYP,2006,2.918086263669433,2.4215642723570396,3.0632494864873916,0.9444444444444445,0.5555555555555556,4,2.280580004502773,1.704834975482996,2.7811715931156544,-1.6529714818281513,True,False,True,True,True
Cyprus,CYP,2007,4.562195401389941,3.501988154281141,2.0110406258050704,0.8888888888888888,0.611111111111111,3,2.6150448362952305,1.5757658836195259,2.7272976508585782,-0.6497708575513983,False,False,False,True,True
Cyprus,CYP,2008,4.559633540773392,3.5011620005596886,2.235269447374546,0.7777777777777778,0.8888888888888888,2,2.725879664408192,1.4478600260331425,2.6769134114327606,-0.7986720808790733,False,False,False,True,True
Cyprus,CYP,2009,3.6086965253246186,3.3733467645489843,1.413651655558078,0.8333333333333334,0.7777777777777778,1,2.323583433530781,1.3942753054926351,2.6828259164779054,-1.9500341488975026,False,False,False,False,False
Cyprus,CYP,2010,2.975164153906363,3.239734710873638,1.4688552257875254,0.7222222222222222,0.611111111111111,2,2.070084151446838,1.2831831496527466,2.6828827822915735,-2.5207929339343536,False,False,False,False,False
Cyprus,CYP,2011,2.947172991350397,2.6995186251133907,1.8395143883660958,0.5,0.5,3,1.8972412009659767,1.1184419447585596,2.6886591676090124,-2.1669224821174216,False,False,False,True,False
Cyprus,CYP,2012,2.601521446208095,1.4868210360396834,3.710243934297646,0.1111111111111111,0.3333333333333333,1,1.7374950610868622,0.8703894561660716,2.6111683684982148,-1.6515248377220364,False,False,False,False,False
Cyprus,CYP,2013,3.242369732526573,3.1913015788943957,2.5601825851394593,0.1111111111111111,0.3888888888888889,1,1.9987707793120855,0.9424285112696617,1.399326032552533,1.4279595012564519,False,False,False,False,False
Cyprus,CYP,2014,1.1381678331868907,3.3314206472473806,0.7954612989341205,-0.1111111111111111,0.2222222222222222,0,1.1418988447625673,1.2946262426515236,-0.048893567235740905,3.883878727954571,False,False,False,False,False
Cyprus,CYP,2015,1.1292197552509116,3.1433378516812547,1.067719577409581,-0.3888888888888889,0.3333333333333333,0,1.2013887702016828,1.5394154437660905,-0.04885675820293371,4.618246331298272,False,False,False,False,False
Cyprus,CYP,2016,1.196012121869974,2.652042545071923,0.15187668376802654,-0.3888888888888889,0.2777777777777778,0,0.9110973812530958,1.14889620507482,-0.06725486470613491,3.44668861522446,False,False,False,False,False
Cyprus,CYP,2017,0.9520059551426495,1.4986476868962035,2.5971587565421754,-0.3888888888888889,0.6666666666666666,0,1.2762291463828723,0.8950923619165865,-0.1675139383703512,2.6852770857497594,False,False,False,False,False
Cyprus,CYP,2018,0.7643320572154018,1.5519088625214887,0.7180925986768276,-0.2777777777777778,0.7777777777777778,0,0.9179778147938548,0.6414445615825117,-0.189460517492306,1.9243336847475352,False,False,False,False,False
Cyprus,CYP,2019,0.9049947819979498,2.628489903876422,0.5175343710080578,-0.2777777777777778,0.7222222222222222,0,1.0990927002653748,1.2877628405721968,-0.10557042578055635,3.86328852171659,False,False,False,False,False
Cyprus,CYP,2020,3.2014081626019033,3.067336691727684,4.3044895116290425,-0.05555555555555555,0.7222222222222222,1,2.403535762080615,0.46776149173374626,-0.02780855990221714,1.4032844752012388,False,False,False,False,False
Cyprus,CYP,2021,4.194895910081733,3.5358881999875504,1.1891547266076945,0.2777777777777778,0.7777777777777778,1,2.206209989557618,0.2836234922354098,0.07819061659148342,0.7726798601147459,False,False,False,False,False
Cyprus,CYP,2022,3.5063505329308944,3.7940218828931247,1.8414010421020597,0.5,0.7777777777777778,1,2.339465802696327,0.058392772541858214,-0.07971176985002427,0.008511650958907992,False,False,False,False,False
Cyprus,CYP,2023,4.640508002555285,3.6691667354293096,1.154845988843229,0.5,0.611111111111111,1,2.3373485898100093,0.12203145452435105,-0.07662599751251481,0.03276103023971984,False,False,False,False,False
Cyprus,CYP,2024,4.4993663675129,3.141927709094758,0.622722692621552,0.6666666666666666,0.611111111111111,1,2.163914464956953,0.4812312897562006,0.11036053593526858,-0.6603732199560627,False,False,True,True,True
Cyprus,CYP,2025,4.280011356142673,2.0724770741884626,3.2848765301271805,0.6666666666666666,0.4444444444444444,2,2.3719174365361075,0.6992347125389785,0.09770413761693525,-0.4886154885071451,True,False,True,True,True
Democratic Republic of the Congo,COD,1991,0.0,,,,,0,0.0,0.0,,,False,False,False,False,False
Democratic Republic of the Congo,COD,1992,0.0,,,,,0,0.0,0.0,,,False,False,False,False,False
Democratic Republic of the Congo,COD,1993,0.0,,,,,0,0.0,0.0,,,False,False,False,False,False
Democratic Republic of the Congo,COD,1994,0.0,,,,,0,0.0,0.0,,,False,False,False,False,False
Democratic Republic of the Congo,COD,1995,0.0,,,,,0,0.0,0.0,,,False,False,False,False,False
Democratic Republic of the Congo,COD,1996,1.6055976094597335,2.2582747465352258,0.11573670332418166,,,0,1.3265363531063803,0.6879105632668697,1.3758211265337394,-1.079032518750493,False,False,False,False,False
Democratic Republic of the Congo,COD,1997,1.2565252896907007,1.6032165508922103,0.7572770974280797,,,0,1.205672979336997,0.5927503190248092,1.1855006380496185,-1.3024226883170293,False,False,False,False,False
Democratic Republic of the Congo,COD,1998,1.6144652692301296,0.6793311638706457,2.129060733411372,,,0,1.4742857221707155,0.4741921879548987,0.9483843759097974,-0.3990283140414867,False,False,False,False,False
Democratic Republic of the Congo,COD,1999,1.270008362950205,0.7317243808287961,2.015901204784963,1.0,-0.3333333333333334,0,1.2035267897127928,0.2393144580221381,0.7179433740664143,-0.6851967311236626,False,False,False,False,False
Democratic Republic of the Congo,COD,2000,0.6905228677799193,2.0575008209917396,2.6120421288869573,0.9999999999999999,0.0,0,1.4720131635317233,0.2106600297061442,0.6319800891184326,-1.0570073845848202,False,False,False,False,False
Democratic Republic of the Congo,COD,2001,0.7014991085770462,0.8540010155254872,1.0689407117474334,0.9999999999999999,0.3333333333333333,0,1.0582215005033269,0.3980813401451424,-0.627558015780992,1.1942440204354272,False,False,False,False,False
Democratic Republic of the Congo,COD,2002,1.211903035443527,0.9968094922565516,1.2800364066811805,1.0,0.5238095238095238,0,1.3072735964000612,0.45799309022676676,-1.1393921566159204,1.3739792706803002,False,False,False,False,False
Democratic Republic of the Congo,COD,2003,1.199838997637031,0.9623795257683033,1.2410754701877662,0.9999999999999998,0.6428571428571428,0,1.3378016558614774,0.36645261742000956,-1.0910676815205353,1.0993578522600287,False,False,False,False,False
Democratic Republic of the Congo,COD,2004,1.3538376885608128,0.9058318888692326,1.0953233018174446,1.0,0.6666666666666666,0,1.3376652425161646,0.3100442204679182,-1.03024212219845,0.9301326614037545,False,False,False,False,False
Democratic Republic of the Congo,COD,2005,2.3184467971822844,1.9332700856289105,2.700630286575648,1.0,0.8333333333333334,2,2.123802767210702,0.0,-0.9713696275621019,-0.07502616796201965,False,False,False,False,False
Democratic Republic of the Congo,COD,2006,10.0,0.9801937487221389,3.240031290588883,1.0,0.611111111111111,3,3.4884894523066485,1.308456843484499,3.925370530453497,-0.49677875811549504,False,False,False,True,True
Democratic Republic of the Congo,COD,2007,10.0,1.0804681187677958,2.236821039143076,1.0,0.611111111111111,2,3.3079022760266183,1.6637952018404603,3.7921009489598085,0.8659513232282389,False,False,False,True,True
Democratic Republic of the Congo,COD,2008,10.0,1.0773670281896532,2.1977303713808802,1.0,0.8333333333333334,2,3.3883528132474403,1.944096130655611,3.8264862873344074,0.8391354379657591,False,False,False,True,True
Democratic Republic of the Congo,COD,2009,10.0,1.1701369165458897,2.1178593641901284,1.0,0.7777777777777778,2,3.368710367258315,2.3217592078982485,3.855924900142882,1.2760193902185313,False,False,False,True,True
Democratic Republic of the Congo,COD,2010,10.0,0.9723994577110784,3.9130850317900903,1.0,0.7222222222222222,2,3.665985786789123,2.6898530931831566,3.9371135674572395,1.632445712092229,True,False,True,True,True
Democratic Republic of the Congo,COD,2011,10.0,0.7114619228999242,4.482524962882179,0.8333333333333334,0.611111111111111,2,3.6165751549341985,2.4443958039478524,3.8402750088756927,1.4929124029678642,False,False,False,True,True
Democratic Republic of the Congo,COD,2012,10.0,0.9903494660068695,4.4119594344450475,0.6666666666666666,0.5555555555555556,2,3.569350668979272,2.5394378606820878,3.983884821791245,1.6344287602550185,False,True,True,True,True
Democratic Republic of the Congo,COD,2013,10.0,1.319200022039929,3.6390673962919298,0.3888888888888889,0.6666666666666666,3,3.4138757058885942,2.494384021409726,4.066078281455677,1.4170737827735016,True,False,True,True,True
Democratic Republic of the Congo,COD,2014,4.003872668832508,4.340062123475947,3.96443218357702,0.2222222222222222,0.7777777777777778,1,2.861673395177095,2.420813063726979,3.812774728088032,2.6163311297595726,False,True,True,True,True
Democratic Republic of the Congo,COD,2015,3.595419116043343,1.2013042178296807,0.2756842342908737,0.2222222222222222,0.7777777777777778,0,1.4144815136327795,0.1111111111111111,-2.2872924173127727,-2.4748993259100778,False,True,True,False,False
Democratic Republic of the Congo,COD,2016,5.484633640993054,0.9469666989129937,2.5150911706537213,-0.05555555555555555,0.611111111111111,0,2.0337827465563985,0.0,-1.6869577055282015,-2.502017505103744,False,False,False,False,False
Democratic Republic of the Congo,COD,2017,10.0,1.1193103253467065,1.5274994280507346,-0.16666666666666666,0.3888888888888889,0,2.684917506235044,0.0,-1.6779613865243266,-2.309088858215218,False,False,False,False,False
Democratic Republic of the Congo,COD,2018,10.0,1.1079670920620122,1.329469809925825,-0.2222222222222222,0.4444444444444444,0,2.6652651581753455,0.0,-1.6509813863430116,-2.368565805255691,False,False,False,False,False
Democratic Republic of the Congo,COD,2019,10.0,1.7369041863232118,2.949379691449525,0.0,0.3888888888888889,0,3.0928123311101032,0.0,-1.655329957893697,-0.6313201942404335,False,False,False,False,False
Democratic Republic of the Congo,COD,2020,10.0,3.3160310175995513,1.8927618362185046,0.3333333333333333,0.5555555555555556,0,3.3973141263191664,0.0,-1.706739217092928,-1.3635489418340971,False,False,False,False,False
Democratic Republic of the Congo,COD,2021,10.0,2.3608372764440073,2.1897993658127386,0.7222222222222222,0.6666666666666666,1,3.4656828840069047,0.0,-1.652419335652038,-1.0915961997647625,False,False,False,False,False
Democratic Republic of the Congo,COD,2022,10.0,2.065891954198586,2.162210303283116,1.0,0.611111111111111,1,3.4900648959407845,0.05555555555555555,-1.6624435231899737,-1.2524646491959621,False,False,True,True,True
Democratic Republic of the Congo,COD,2023,10.0,1.833209076461968,0.963531427166627,0.9444444444444445,0.611111111111111,1,3.181570322947941,0.5,-0.18783782285080947,-1.1045718083063307,False,False,True,True,True
Democratic Republic of the Congo,COD,2024,10.0,1.9393754857464256,0.6447272061891514,0.9444444444444445,0.611111111111111,2,3.1390427606093376,0.5,-0.06591875638527325,-1.9081528332062174,False,False,True,True,True
Democratic Republic of the Congo,COD,2025,10.0,1.5037635623640628,0.9543536269310243,0.9444444444444445,0.5,1,3.069401215636795,0.4444444444444444,-0.8902813169530601,-2.386130887055932,False,False,True,True,True
Denmark,DNK,1991,0.0,,,,,0,0.0,0.0,,,False,False,False,False,False
Denmark,DNK,1992,0.0,,,,,0,0.0,0.0,,,False,False,False,False,False
Denmark,DNK,1993,0.0,,,,,0,0.0,0.0,,,False,False,False,False,False
Denmark,DNK,1994,0.0,,,,,0,0.0,0.0,,,False,False,False,False,False
Denmark,DNK,1995,0.0,,,,,0,0.0,0.0,,,False,False,False,False,False
Denmark,DNK,1996,1.9119205398974888,1.3087434261276603,0.5086799856419186,,,0,1.2431146505556891,0.6998039272268972,1.3996078544537944,-0.8843176247033983,False,False,False,False,False
Denmark,DNK,1997,0.9798350995494258,1.4913495053342833,2.5604949311099565,,,0,1.6772265119978886,0.3812314893613813,0.7624629787227626,-1.0817843374425373,False,False,False,False,False
Denmark,DNK,1998,1.03461807682352,1.1359565808623107,1.0830129646210358,,,0,1.084529207435622,0.4354023013510643,0.8708046027021286,-0.7980104659189144,False,False,False,False,False
Denmark,DNK,1999,0.9971074113796811,1.0120240766755726,0.4960916601609837,1.0,1.0,0,1.3010446296432474,0.32833642210881414,0.9850092663264424,-0.6775140346001379,False,False,False,False,False
Denmark,DNK,2000,1.1503435674070532,0.9005942455082576,2.5166285675159803,0.9999999999999999,0.9999999999999999,0,1.7135132760862581,0.30461777657211764,0.9138533297163529,-0.054799265502647874,False,False,False,False,False
Denmark,DNK,2001,1.0597149719081138,0.6686084414799581,0.5099899823270336,0.9999999999999999,0.8666666666666666,0,1.1943293458096877,0.0,-0.8881149560553407,-0.18311472578866636,False,False,False,False,False
Denmark,DNK,2002,1.322782885217084,0.7890005234822486,2.317793667759888,1.0,0.8095238095238096,0,1.609724939101368,0.8160344207730387,-0.8905654007994123,2.448103262319116,False,True,True,True,False
Denmark,DNK,2003,0.6830221240061504,0.7369084360288138,1.1638785331683512,0.8571428571428571,0.7142857142857142,0,1.1453332472120916,0.2264990155746873,-1.0646711709764938,0.6794970467240619,False,True,True,False,False
Denmark,DNK,2004,0.5919506337435132,0.9148109288635011,1.3306752986861248,0.6666666666666666,0.7222222222222222,0,1.1230429278141834,0.2228207611834961,-1.0412322600785597,0.6684622835504883,False,True,True,False,False
Denmark,DNK,2005,0.5682134368330015,1.9585988147213114,1.544910683997134,0.3888888888888889,0.4444444444444444,0,1.1476779204436227,0.0,-1.047154244011675,-0.1165221386373762,False,False,False,False,False
Denmark,DNK,2006,1.0799823743064398,4.2161271482801075,1.0487445163790199,0.3333333333333333,0.6666666666666666,0,1.6689708077931136,0.0,-1.0478060563647063,-1.14040239562911,False,False,False,False,False
Denmark,DNK,2007,0.9916526120168646,4.625228230918169,7.682072055917287,0.3888888888888889,0.7777777777777778,0,3.126457246437131,0.0,-2.2619069487028756,-1.3789438383892,False,False,False,False,False
Denmark,DNK,2008,1.1762489469170188,5.184339720549973,5.082622764021054,0.6666666666666666,0.8333333333333334,0,2.888642286297609,0.0,-2.412842350307839,-1.451187356331213,False,False,False,False,False
Denmark,DNK,2009,2.3309848654572844,3.551029149748472,6.154448662641794,0.4444444444444444,0.9444444444444445,0,2.962848091125066,0.0,-0.4916672130360843,-0.9295940608510471,False,False,False,False,False
Denmark,DNK,2010,2.9874650536303076,2.0566782991063977,7.036316763347891,0.5,0.7222222222222222,1,2.9049809121058083,0.0,-0.699664311641228,-1.1929914601658893,False,False,False,False,False
Denmark,DNK,2011,3.029371514980142,1.742453277990662,7.210674967688613,0.5555555555555556,0.6666666666666666,1,2.8853888410207724,0.2222222222222222,-0.6983404765339525,-1.589158366629058,False,False,False,False,False
Denmark,DNK,2012,1.7453273026141487,1.0979923674490228,6.843638417905134,0.611111111111111,0.7222222222222222,1,2.470724950926994,0.16666666666666666,-0.72694459584975,-1.4840627126841146,False,False,False,False,False
Denmark,DNK,2013,2.6040361981608577,1.1238456474833785,9.376037132487191,0.7222222222222222,0.7777777777777778,1,3.2207837956262857,0.16666666666666666,-0.7641566880132782,-2.201216977989155,False,False,False,False,False
Denmark,DNK,2014,5.90221521357678,0.9161823927368573,5.9536269218155935,0.8333333333333334,0.7222222222222222,2,3.1766271278480684,0.3333333333333333,-0.4615400271466742,-0.5750789413567357,False,False,False,True,False
Denmark,DNK,2015,6.8461295798598085,0.9752564634458656,4.494601226480334,0.9444444444444445,0.5,1,3.0409752317349796,0.4405443259341431,-0.5194290051031178,0.32163297780242933,False,False,False,False,False
Denmark,DNK,2016,6.900489878471179,0.8996817676252633,5.071098812331623,1.0,0.5555555555555556,1,3.196476313907835,0.44548189787851394,-0.3007039693887242,0.16977902696887504,False,False,True,True,True
Denmark,DNK,2017,6.781950429124074,2.0152439118536285,4.43235912741444,1.0,0.5,2,3.245910693678428,0.47301202480576915,-0.33295632556173677,0.4190360744173074,False,False,False,True,True
Denmark,DNK,2018,8.724044225190168,3.3357173283119392,5.360179460061751,0.7777777777777778,0.5,2,3.995099313823883,0.16666666666666666,-2.2622886229446237,-0.21377101798540876,False,False,False,True,True
Denmark,DNK,2019,4.244377415434344,3.662329736942355,7.120599989533948,0.5,0.5,2,3.4054614283821296,0.0,-2.5774023101864887,-1.0209522457240967,False,False,False,True,True
Denmark,DNK,2020,10.0,4.2194525685509445,6.8840773212857345,0.7222222222222222,0.7777777777777778,2,4.820705977967336,0.0,-2.5863991667554713,-2.2399793220325934,False,False,False,True,True
Denmark,DNK,2021,10.0,3.3575988203824108,4.236891342177023,0.9444444444444445,0.7222222222222222,2,4.185564699178553,0.0,-2.5545310957980294,-1.742649147980501,False,False,False,True,True
Denmark,DNK,2022,10.0,3.547103231239998,3.2712248717267283,0.9444444444444445,0.8333333333333334,1,4.074776731704456,0.0,-1.4454406928686823,-2.2619969683834196,False,False,False,True,True
Denmark,DNK,2023,10.0,4.160453616441754,6.70529328825718,0.7777777777777778,0.7777777777777778,2,4.7953716031620095,0.0,-1.5182520364931047,-3.9668717924709824,False,False,False,True,True
Denmark,DNK,2024,10.0,3.888028986363587,10.0,0.6666666666666666,0.7222222222222222,2,5.333161352828272,0.0,-1.5009832723371876,-3.942858441151755,False,False,False,True,True
Denmark,DNK,2025,10.0,3.2478791026096054,10.0,0.8333333333333334,0.611111111111111,2,5.227353598299699,0.05555555555555555,-1.729030928650144,-4.077843258389631,False,False,False,True,True
Djibouti,DJI,1991,0.0,,,,,0,0.0,0.0,,,False,False,False,False,False
Djibouti,DJI,1992,0.0,,,,,0,0.0,0.0,,,False,False,False,False,False
Djibouti,DJI,1993,0.0,,,,,0,0.0,0.0,,,False,False,False,False,False
Djibouti,DJI,1994,0.0,,,,,0,0.0,0.0,,,False,False,False,False,False
Djibouti,DJI,1995,0.0,,,,,0,0.0,0.0,,,False,False,False,False,False
Djibouti,DJI,1996,1.6016244884240116,1.3626450109672985,0.1844186601687486,,,0,1.049562719853353,1.2542251211279478,1.490683985756064,1.0177662564998315,False,False,False,False,False
Djibouti,DJI,1997,1.1753339349984804,1.429808402763551,0.9279927303332901,,,0,1.1777116893651072,1.0775502816238474,1.1560963308357581,0.9990042324119368,False,False,False,False,False
Djibouti,DJI,1998,0.9270602497150484,1.303178769852177,1.5408251915560958,,,0,1.2570214037077736,0.9555663411203392,0.9105421615651613,1.000590520675517,False,False,False,False,False
Djibouti,DJI,1999,0.6792983080447862,1.1204089276722402,1.5390309900168053,0.0,1.0,0,1.0677476451467665,0.5339311914689749,0.6612103286559525,0.9405832457509722,False,False,False,False,False
Djibouti,DJI,2000,2.2714194989755567,2.6891415370524743,1.6433827195155746,-0.19999999999999998,0.9999999999999999,0,1.7207887511087212,0.4604862095376643,0.6447322953830962,0.7367263332298967,False,False,False,False,False
Djibouti,DJI,2001,0.0,0.8940496314599623,2.39935035233169,-0.4666666666666666,0.4666666666666666,0,0.8453466634249972,0.0,-0.8205304850117675,-0.13332764404900657,False,False,False,False,False
Djibouti,DJI,2002,0.6684865895771507,1.3613985191040385,2.526875014830605,-0.04761904761904762,0.6190476190476191,0,1.1589710723214064,0.0,-1.001001459353447,-0.6542702077883505,False,False,False,False,False
Djibouti,DJI,2003,1.1954132735502507,0.5366885777067155,0.8454751506817297,0.21428571428571427,0.4999999999999999,0,0.8012296861020248,0.0,-1.016463354236448,-1.299218247502899,False,False,False,False,False
Djibouti,DJI,2004,1.5315923530525426,0.48249640400873717,0.8481459232050151,0.3888888888888889,0.4444444444444444,0,0.9057802693865924,0.0,-1.010927363084539,-1.2637269347817113,False,False,False,False,False
Djibouti,DJI,2005,1.7174597477902427,0.682743940758187,-0.02986289190953569,0.6666666666666666,0.3888888888888889,0,0.9022629599319082,0.0,-1.0143424405098307,-1.3441275544461908,False,False,False,False,False
Djibouti,DJI,2006,3.606478413808049,0.34755206259423826,1.1075667246508134,0.7777777777777778,0.2222222222222222,0,1.41231944021062,0.0,-1.0164894933160105,-2.207392859197117,False,False,False,False,False
Djibouti,DJI,2007,4.708486263559933,-0.12042725500891266,1.8160538012765446,0.8888888888888888,0.16666666666666666,0,1.7271302351895177,0.0,-1.0199648720423713,-2.220786982380659,False,False,False,False,False
Djibouti,DJI,2008,4.972646082485886,0.3089949116338707,2.106231209441915,1.0,0.5555555555555556,0,2.0997966629345566,0.0,-1.0254662846689897,-2.3160417330197207,False,False,False,False,False
Djibouti,DJI,2009,4.0357971658723155,-0.20521614631236,1.3773994469637052,0.9444444444444445,0.6666666666666666,0,1.7270837670116488,0.0,-1.0202998560263554,-1.7216575692796887,False,False,False,False,False
Djibouti,DJI,2010,2.139755917091216,0.5180370066656821,-0.33617074964670307,0.9444444444444445,0.611111111111111,0,1.153780806973602,0.0,-1.0188702720953728,-1.6978384555413497,False,False,False,False,False
Djibouti,DJI,2011,2.422320990986791,0.602864881678133,-0.5530829503307738,0.5,0.7222222222222222,0,1.0939260634218737,0.0,-1.0337556184737897,-2.0903784168666206,False,False,False,False,False
Djibouti,DJI,2012,1.6032864013707986,0.43688947960911517,-0.0056388012285486615,0.3888888888888889,0.6666666666666666,0,0.8302573984182049,0.0,-1.0350272693014098,-1.3050419159781603,False,False,False,False,False
Djibouti,DJI,2013,0.8374793325604798,0.4601671167915279,1.1950642151294215,0.2777777777777778,0.7222222222222222,0,0.8985421328962859,0.0,-1.0360140968639695,-1.170036006986517,False,False,False,False,False
Djibouti,DJI,2014,0.0,1.1060155596436978,1.6239182810837183,0.05555555555555555,0.7777777777777778,0,0.8793201014788166,0.0,-1.0317011337029571,-0.8095802206150927,False,True,True,False,False
Djibouti,DJI,2015,0.0,0.8281408477448247,2.544459780490569,0.05555555555555555,0.7222222222222222,0,0.9856312367581899,0.0,-1.0595777669927304,-0.45247199631954926,False,True,True,False,False
Djibouti,DJI,2016,0.0,0.7450404997183916,0.3479412764393354,0.1111111111111111,0.7222222222222222,0,0.5519296885648787,0.0,-1.044674920345089,-0.2767085298685664,False,True,True,False,False
Djibouti,DJI,2017,0.0,-0.19356642432340407,-0.8774618412089537,0.4444444444444444,0.3333333333333333,0,0.31111111111111106,0.04257016628110108,-1.0234556189137305,0.12771049884330324,False,False,False,False,False
Djibouti,DJI,2018,1.3491730652809764,0.4386836826642549,1.0177088229758198,0.5555555555555556,0.05555555555555555,0,0.8055575586286545,0.0,-0.9903926597063011,-0.7099610586165056,False,True,True,False,False
Djibouti,DJI,2019,2.2804667273130788,0.17440439078876802,2.1371523061413646,0.611111111111111,-0.1111111111111111,0,1.1628491292930867,0.3888888888888889,-0.9791153266899403,-0.5081701747250404,False,True,True,False,False
Djibouti,DJI,2020,4.681713167033007,0.4971363651315966,0.49212329412751854,0.5,0.2222222222222222,0,1.4230834541473132,0.5,-0.9936327688885156,-0.8192102167313601,False,False,False,False,False
Djibouti,DJI,2021,4.3303111890888655,0.025032984275858174,-0.16042884884718597,0.5555555555555556,0.3888888888888889,0,1.2488466124507225,0.5,-1.0064066588188074,-1.2511440550522777,False,False,False,False,False
Djibouti,DJI,2022,4.159035169761942,-0.03655537572788967,-0.05627012872373353,0.6666666666666666,0.5555555555555556,0,1.3206959228412771,0.4444444444444444,-0.9983912449516799,-1.1437073681459986,False,False,False,False,False
Djibouti,DJI,2023,3.9042960594659384,0.0146990620479018,-0.20018775710747835,0.611111111111111,0.7777777777777778,0,1.3393545798583235,0.3333333333333333,-0.9990233373798683,-1.1886819842885028,False,False,False,False,False
Djibouti,DJI,2024,3.3879555047896064,0.04191289359218222,0.0856567009159958,0.5555555555555556,0.8333333333333334,0,1.2586605754151123,0.2777777777777778,-0.9899450968350825,-1.3855333424494112,False,False,False,False,False
Djibouti,DJI,2025,3.3728359127279592,-0.020712956294916537,0.17323603473409988,0.5,0.7777777777777778,0,1.2203255006035227,0.0,-0.9990257032190705,-1.621373501873058,False,False,True,False,False
Ecuador,ECU,1991,,,,,,0,0.0,0.0,,,False,False,False,False,False
Ecuador,ECU,1992,,,,,,0,0.0,0.0,,,False,False,False,False,False
Ecuador,ECU,1993,,,,,,0,0.0,0.0,,,False,False,False,False,False
Ecuador,ECU,1994,,,,,,0,0.0,0.0,,,False,False,False,False,False
Ecuador,ECU,1995,,,,,,0,0.0,0.0,,,False,False,False,False,False
Ecuador,ECU,1996,1.2032692960752251,2.6350408392717846,0.6419633777274995,,,0,1.4934245043581698,0.7167757640787138,-0.07074168169562928,1.4335515281574276,False,False,False,False,False
Ecuador,ECU,1997,1.2869931448712602,0.956366436209961,0.1717622604978578,,,0,0.8050406138596929,1.0391382789700563,1.0801361069934212,0.9981404509466911,False,False,False,False,False
Ecuador,ECU,1998,1.464000726003024,0.6818150267925719,2.1399103087489517,,,0,1.4285753538481825,0.7594422329424035,1.1427256747262078,0.3761587911585992,False,False,False,False,False
Ecuador,ECU,1999,1.0734431778366278,0.7878662116550025,1.3568783699942177,1.0,1.0,0,1.4436375518971696,0.5050118178946736,0.38063959898012434,0.1343958547038964,False,False,False,False,False
Ecuador,ECU,2000,1.0902499653878395,0.8112008124421302,0.9009927007963973,0.9999999999999999,0.9999999999999999,0,1.3604886957252733,0.12601921448254613,0.3780576434476384,-0.24207316570125667,False,False,False,False,False
Ecuador,ECU,2001,1.107405405180404,0.9042036053382442,0.8227708406903739,0.9999999999999999,0.9999999999999999,0,1.3668759702418043,0.1244043304476495,0.3732129913429485,-0.0995001544859164,False,False,False,False,False
Ecuador,ECU,2002,0.6317678775543822,0.7548285737586141,0.9564859757447917,0.6190476190476191,0.8095238095238096,0,1.0400450568401292,0.15497362740274997,0.3651595523090744,0.09976132989917558,False,False,False,False,False
Ecuador,ECU,2003,0.4104966374655855,0.5782030356203738,1.0521351636811558,0.3571428571428571,0.5714285714285714,0,0.7795955387819944,0.0030651469062772975,-0.4442857442608099,0.009195440718831892,False,False,False,False,False
Ecuador,ECU,2004,0.28127873521933927,-0.10734055648601867,1.852810660017125,0.16666666666666666,0.3333333333333333,0,0.6268178790472929,0.0,-0.6999718734167537,-0.12203285412856744,False,False,False,False,False
Ecuador,ECU,2005,-1.4725756696962851e-05,0.8552276365461602,2.690173388592819,-0.2222222222222222,0.4444444444444444,0,0.8868579828055736,0.0,-2.5049322684262174,-2.587597221268907,False,False,False,False,False
Ecuador,ECU,2006,-1.5582094684035966e-05,7.166778299800382,4.593103192909423,-0.611111111111111,0.5,0,2.551976298541961,0.0,-4.074343031763939,-4.691551915932546,False,False,False,False,False
Ecuador,ECU,2007,-9.202537249556836e-06,8.250274462857103,3.763785623285478,-0.5555555555555556,0.5,0,2.6028120172285165,0.0,-4.399894193216662,-3.626660453300564,False,False,False,False,False
Ecuador,ECU,2008,10.0,9.716780103613406,6.754179046791086,-0.3333333333333333,0.5555555555555556,3,5.516414052303121,0.0,-4.057032013467952,-2.054438082621187,False,False,False,True,True
Ecuador,ECU,2009,10.0,10.0,5.374886778547078,0.05555555555555555,0.7222222222222222,3,5.386088466820526,0.0,-4.0450445108399204,-2.377817105095718,False,False,False,True,True
Ecuador,ECU,2010,10.0,9.719060728255746,4.935379420411042,0.3888888888888889,0.8333333333333334,4,5.419776918622247,0.0,-4.044449169874741,-2.985646775280936,False,False,False,True,True
Ecuador,ECU,2011,10.0,9.88287491532781,5.177611017148884,0.611111111111111,0.9444444444444445,4,5.634319408717561,0.0,-3.999830028428521,-3.8913822835786704,False,False,False,True,True
Ecuador,ECU,2012,10.0,9.15053016385719,3.984972175120089,0.7777777777777778,0.6666666666666666,6,5.204878245573234,0.1111111111111111,-3.600538306037439,-4.419512440758531,False,False,False,True,True
Ecuador,ECU,2013,10.0,8.589101670937815,1.9388445001354078,0.8888888888888888,0.611111111111111,5,4.705589234214644,0.4444444444444444,-3.615063176396632,-4.767729919635837,False,False,False,True,True
Ecuador,ECU,2014,10.0,10.0,2.0877899292611066,0.9444444444444445,0.5,6,4.995335763629999,0.7777777777777778,-3.8580759990987623,-5.657861526752438,True,False,True,True,True
Ecuador,ECU,2015,10.0,10.0,2.1092978755109013,0.8888888888888888,0.4444444444444444,4,4.955192908435514,0.611111111111111,-4.040909026425558,-4.86919331021717,True,False,True,True,True
Ecuador,ECU,2016,10.0,8.631414388729773,5.303652946996946,0.7222222222222222,0.1111111111111111,5,5.120346800478677,0.3888888888888889,-4.034880144745268,-4.532190930401493,False,False,False,True,True
Ecuador,ECU,2017,10.0,6.677939369652436,5.498769378159043,0.5,-0.16666666666666666,1,4.635341749562295,0.0,-4.424689009525825,-6.621061365269496,False,False,False,True,True
Ecuador,ECU,2018,10.0,10.0,4.067590355529159,0.3333333333333333,0.2222222222222222,5,5.035740293328054,0.0,-4.176055469892023,-3.7580204751064836,False,False,False,True,True
Ecuador,ECU,2019,10.0,6.964424469537634,1.6199285324244959,0.5,0.5,3,4.116870600392426,0.0,-3.535825293021807,-4.412752704834915,False,False,False,True,True
Ecuador,ECU,2020,10.0,7.2937522818788025,2.0081007748086757,0.5,0.5555555555555556,2,4.282592833559717,0.0,-3.735107212864653,-4.102273517008508,False,False,False,True,True
Ecuador,ECU,2021,10.0,7.108392518218593,3.482946298897878,0.611111111111111,0.611111111111111,2,4.607156652312183,0.0,-4.004599982082718,-4.425144047461432,False,True,True,True,True
Ecuador,ECU,2022,10.0,7.050522776457589,3.232893649290358,0.5555555555555556,0.611111111111111,3,4.523349951816256,0.16666666666666666,-3.9990938968567282,-4.443730698731912,False,False,False,True,True
Ecuador,ECU,2023,10.0,6.087699640386071,2.666816812051096,0.6666666666666666,0.5,4,4.217569957154099,0.5,-1.7029009145876755,-6.453240969354682,False,False,False,True,True
Ecuador,ECU,2024,10.0,7.219980456346867,1.9294333984002192,0.8888888888888888,0.7222222222222222,6,4.474327215393862,0.5555555555555556,-1.71873687669376,-6.376087431484937,False,False,True,True,True
Ecuador,ECU,2025,10.0,8.724109347422248,5.308799565395289,0.8888888888888888,0.8888888888888888,7,5.517692893674619,0.6666666666666666,-1.4569590736220124,-6.369077828352995,False,False,False,True,True
Egypt,EGY,1991,,,,,,0,0.0,0.0,,,False,False,False,False,False
Egypt,EGY,1992,,,,,,0,0.0,0.0,,,False,False,False,False,False
Egypt,EGY,1993,,,,,,0,0.0,0.0,,,False,False,False,False,False
Egypt,EGY,1994,,,,,,0,0.0,0.0,,,False,False,False,False,False
Egypt,EGY,1995,,,,,,0,0.0,0.0,,,False,False,False,False,False
Egypt,EGY,1996,1.4627931916692565,0.5009202314567441,0.9850052648056316,,,0,0.982906229310544,0.5601948732339805,0.08610269396241187,1.0342870525055492,False,False,False,False,False
Egypt,EGY,1997,0.8045064911886421,1.2642301670122449,0.40479903152134505,,,0,0.8245118965740774,0.24270210596609007,-0.2114581238641703,0.48540421193218014,False,False,False,False,False
Egypt,EGY,1998,1.5909101974277144,1.5522263599112767,2.0781685922068753,,,2,1.740435049848622,0.0,-0.42387393877837326,-1.5987383302966391,False,False,False,False,False
Egypt,EGY,1999,1.022492721039231,2.562194970673307,1.1130721851835415,1.0,1.0,2,1.7395519753792157,0.13092953370243762,0.19638202510691624,0.19640657600039663,False,False,False,False,False
Egypt,EGY,2000,0.7538124805789332,0.6792296624005874,0.6281274292774582,0.9999999999999999,0.7999999999999999,0,1.1322339144513955,0.0,-0.012471297384419435,-0.5064357240159406,False,False,False,False,False
Egypt,EGY,2001,1.3002953810280704,0.8357380055521475,0.8077566728516918,0.9999999999999999,0.8666666666666666,0,1.3354246785530486,0.07383131007038789,-0.025783609151138736,0.22149393021116368,False,False,False,False,False
Egypt,EGY,2002,0.8494831443484527,2.737559294671357,1.8397793885316025,1.0,0.7142857142857143,0,1.7710786512245682,0.12435347778288748,-0.42392190652641315,0.37306043334866246,False,False,False,False,False
Egypt,EGY,2003,0.8310144384683424,0.7001293995090611,1.589065046728062,0.8571428571428571,0.7142857142857142,0,1.2526132055125216,0.48001197135347673,-0.945047927400537,1.4400359140604302,False,False,False,False,False
Egypt,EGY,2004,0.5481339413599409,1.6222423557751922,1.6487656687312169,0.7222222222222222,0.7777777777777778,0,1.36382839317327,0.07755416542685152,-1.0050454159046325,0.23266249628055455,False,False,False,False,False
Egypt,EGY,2005,2.747962516840546,2.1801557066489123,2.2106389475826917,0.7222222222222222,0.8333333333333334,1,2.049973656436652,0.9217058333134522,2.7651174999403567,-1.8781765600263494,False,False,False,False,False
Egypt,EGY,2006,5.314467392392088,2.095502407670009,1.9700834824570492,0.6666666666666666,0.8333333333333334,0,2.476010656503829,1.194787532215256,3.4929218999514187,0.09144069669434911,False,False,False,False,False
Egypt,EGY,2007,7.281899896812341,3.2588339821254424,3.4111570317475386,0.5555555555555556,0.8888888888888888,0,3.368155959914842,1.2545677976441343,3.3145141821299693,0.11585587746910025,False,False,False,False,False
Egypt,EGY,2008,7.074830275571,2.160547710565675,5.545335748513428,0.5,0.7222222222222222,0,3.4450316358189093,2.4817842603264846,3.5926506488422203,2.6860354654705665,False,False,False,False,False
Egypt,EGY,2009,5.115498910619465,1.6921587352936216,6.94484391107012,0.5555555555555556,0.7222222222222222,1,3.2616114225077526,3.010429549653066,3.608942459926981,3.5890128556988827,False,False,False,False,False
Egypt,EGY,2010,10.0,1.4006796247469018,6.34928534459375,0.7222222222222222,0.5555555555555556,2,4.061104104979242,3.4662304649985,3.6656416543144204,4.399716407347747,False,False,False,True,True
Egypt,EGY,2011,10.0,3.45440313129052,10.0,0.8333333333333334,0.7222222222222222,6,5.313102848480326,6.74183894058686,10.0,7.558850155093914,True,False,True,True,True
Egypt,EGY,2012,10.0,3.640213231996538,10.0,0.8333333333333334,0.7777777777777778,6,5.372487090843753,6.080532401382565,10.0,5.4082638708143635,True,True,True,True,True
Egypt,EGY,2013,10.0,1.8531363937747563,10.0,0.9444444444444445,0.8333333333333334,5,5.081738389866063,4.277777777777778,10.0,-1.3480652519953862,True,False,True,True,True
Egypt,EGY,2014,10.0,5.260889674821755,9.646544819200349,0.9444444444444445,0.6666666666666666,7,5.625931343248865,4.724082664550921,10.0,1.33891466031943,True,False,True,True,True
Egypt,EGY,2015,10.0,4.540240698282439,6.768758591037472,0.9444444444444445,0.7222222222222222,7,4.9284665245306485,4.912193688914316,10.0,1.7365810667429475,True,False,True,True,True
Egypt,EGY,2016,10.0,4.493985689817762,7.53036054282954,0.9444444444444445,0.6666666666666666,7,5.049313690973905,4.852608747038773,10.0,1.5578262411163186,True,False,True,True,True
Egypt,EGY,2017,10.0,4.460895675931586,8.810860153385313,1.0,0.611111111111111,6,5.298795610307824,5.054892131836754,10.0,2.1646763955102615,True,False,True,True,True
Egypt,EGY,2018,10.0,4.416667071611388,9.351250860668575,1.0,0.611111111111111,7,5.398028030900437,5.062514940290524,10.0,2.1875448208715733,True,False,True,True,True
Egypt,EGY,2019,10.0,5.062800355127915,9.081384276337404,1.0,0.7222222222222222,8,5.517725815181953,4.610442273200104,10.0,0.8313268196003117,True,False,True,True,True
Egypt,EGY,2020,10.0,3.6022359800285733,10.0,0.9444444444444445,0.7777777777777778,7,5.409336084894604,4.0,10.0,-0.8240691222833204,True,False,True,True,True
Egypt,EGY,2021,10.0,6.460229805667982,10.0,0.8888888888888888,0.9444444444444445,7,6.02537929446693,3.5555555555555554,10.0,-1.8098680427390228,False,False,False,True,True
Egypt,EGY,2022,10.0,3.434917340814841,10.0,0.6666666666666666,0.8333333333333334,5,5.286983468162968,5.510948118281362,10.0,6.532844354844088,False,False,False,True,True
Egypt,EGY,2023,10.0,3.6221948895499883,9.942848255702678,0.3333333333333333,0.6666666666666666,4,5.113008629050533,1.538316426535437,4.614949279606311,-2.106079264524083,False,False,False,True,True
Egypt,EGY,2024,10.0,1.9099656440605846,7.259881156337071,0.16666666666666666,0.6666666666666666,2,4.167302693412864,1.6629070415507183,4.988721124652155,-4.384302275021425,False,False,False,True,True
Egypt,EGY,2025,10.0,2.4485633719523703,1.7798364707506922,0.0,0.611111111111111,2,3.0901244129850567,1.579144482727654,4.737433448182962,-3.162253784520874,False,False,False,True,True
Equatorial Guinea,GNQ,1991,0.0,,,,,0,0.0,0.0,,,False,False,False,False,False
Equatorial Guinea,GNQ,1992,0.0,,,,,0,0.0,0.0,,,False,False,False,False,False
Equatorial Guinea,GNQ,1993,0.0,,,,,0,0.0,0.0,,,False,False,False,False,False
Equatorial Guinea,GNQ,1994,0.0,,,,,0,0.0,0.0,,,False,False,False,False,False
Equatorial Guinea,GNQ,1995,0.0,,,,,0,0.0,0.0,,,False,False,False,False,False
Equatorial Guinea,GNQ,1996,1.7108689525591363,0.8359453016802607,-0.1140802883315848,,,0,0.8489380847464657,0.9105889199026083,1.8211778398052165,-0.2427593108021883,False,False,False,False,False
Equatorial Guinea,GNQ,1997,1.530318109478901,0.9325634718111183,0.5914717019126581,,,0,1.0181177610675591,0.6471872580598661,1.2943745161197322,-0.7332809953152307,False,False,False,False,False
Equatorial Guinea,GNQ,1998,1.0753505137298427,0.5377050950065905,1.3482101456654316,,,0,0.9870885848006216,0.4140847849691295,0.828169569938259,-0.7913405487045506,False,False,False,False,False
Equatorial Guinea,GNQ,1999,1.041681046415963,0.742852899461172,2.150408465565621,-0.6666666666666669,1.0,0,1.1869884822885512,0.16241932971286857,0.48725798913860574,-0.8442557648295393,False,False,False,False,False
Equatorial Guinea,GNQ,2000,0.4654945211107998,1.3908769683803806,2.459866095060959,-0.6,0.9999999999999999,0,1.2632475169104278,0.0,-0.41461563030836457,-0.8185968921510685,False,False,False,False,False
Equatorial Guinea,GNQ,2001,0.49930417817357164,1.83777589261365,1.4122402266500926,-0.4666666666666666,0.9999999999999999,0,1.1498640594874627,0.0,-0.39282572276132893,-0.9037218200841203,False,False,False,False,False
Equatorial Guinea,GNQ,2002,0.26154700045391044,1.5614219702836838,2.0953386610088933,-0.5238095238095238,1.0,0,1.1836615263492976,0.08198853296410975,-0.6085293106865873,0.24596559889232927,False,False,False,False,False
Equatorial Guinea,GNQ,2003,0.40766483795103664,1.717724254404639,1.239237095807082,-0.4999999999999999,0.9999999999999998,0,1.0729252376325515,0.2109136872741173,-0.5205618487381104,0.6327410618223519,False,False,False,False,False
Equatorial Guinea,GNQ,2004,0.0,1.124272565386167,1.0892684741617809,-0.5555555555555556,0.611111111111111,0,0.6871526523540339,0.6663467574774491,-1.1925608635676195,1.9990402724323473,False,False,False,False,False
Equatorial Guinea,GNQ,2005,0.18499464918377317,2.523037108550377,-0.20016987642628056,-0.4444444444444444,0.4444444444444444,0,0.7193841293246078,0.4854027995798891,-1.3018865389398013,1.4562083987396672,False,False,False,False,False
Equatorial Guinea,GNQ,2006,0.0,2.460067757158734,0.3623168704330157,0.0,0.4444444444444444,0,0.7422547032961277,0.16974663232733356,-1.4980082815475155,0.5092398969820007,False,False,False,False,False
Equatorial Guinea,GNQ,2007,0.0,2.4703922370507136,0.396526963494825,0.3888888888888889,0.4444444444444444,0,0.906717173442441,0.17615797118563567,-1.4960542631331466,0.528473913556907,False,False,False,False,False
Equatorial Guinea,GNQ,2008,1.9129786843779517,2.7316852531887563,-0.2933314387634493,0.611111111111111,0.6666666666666666,1,1.4400438986244528,0.0,-1.469525052720938,-0.2962892577441697,False,False,False,False,False
Equatorial Guinea,GNQ,2009,3.0971997820961987,5.351244303306197,2.786571468007202,0.7222222222222222,0.8333333333333334,1,2.8692253329041417,0.23305011548679258,-1.2996687738474326,0.6991503464603778,False,False,False,False,False
Equatorial Guinea,GNQ,2010,4.9754298075255114,3.26648644074867,3.514136191067996,0.7777777777777778,0.7777777777777778,1,2.9734327100906577,0.0,-1.0893908649012556,-0.7121745325979835,False,False,False,False,False
Equatorial Guinea,GNQ,2011,6.00716092379054,5.342154399387223,4.071819281043369,0.7222222222222222,0.8888888888888888,2,3.7286713652886703,2.713840548842512,7.6415216465275355,-0.3521650780577016,False,False,False,True,True
Equatorial Guinea,GNQ,2012,5.990564956986471,4.88604286873116,4.085769046420395,0.6666666666666666,0.7777777777777778,3,3.570253152205383,3.0205331219314004,7.561599365794201,-0.05217333665093412,False,False,False,True,True
Equatorial Guinea,GNQ,2013,5.9681970042765204,5.052274209956472,4.085539019764608,0.7222222222222222,0.7222222222222222,4,3.5989798245772975,3.1653199237653697,7.495959771296109,-0.8149866371471904,False,False,True,True,True
Equatorial Guinea,GNQ,2014,5.976349718905064,4.663456676416398,4.107389382062168,0.8888888888888888,0.7222222222222222,3,3.5938835999211696,3.2262303027590664,7.512024241610533,-0.01755739669454305,True,False,True,True,True
Equatorial Guinea,GNQ,2015,5.929853584185272,4.679424285403488,3.910010542119262,0.8888888888888888,0.611111111111111,3,3.5038576823416046,2.97953669914668,7.438610097440041,-0.15855596917839124,False,False,False,True,True
Equatorial Guinea,GNQ,2016,6.174948978820187,3.150967467246697,3.878994718712087,0.8888888888888888,0.5,3,3.1965377885113497,2.6586626719042186,7.309321349045988,-0.7570869321049875,False,False,True,True,True
Equatorial Guinea,GNQ,2017,8.437467010752634,2.4296152857478788,3.8308786144014206,0.8888888888888888,0.5,1,3.4951477377359423,2.4340938820320415,7.302281646096125,-2.057964978564706,False,False,False,False,False
Equatorial Guinea,GNQ,2018,5.945041115696443,2.4969228987341405,3.9544186826707826,0.8333333333333334,0.3333333333333333,1,2.9459432060869397,2.4563019244551776,7.368905773365532,-2.1012800824169573,False,False,True,True,True
Equatorial Guinea,GNQ,2019,5.7062544444932595,1.8573658658092982,4.126842358760706,0.9444444444444445,0.7222222222222222,2,3.0047592004793193,2.341126395803521,7.023379187410563,-1.1538119058709382,False,False,False,True,True
Equatorial Guinea,GNQ,2020,7.32331568366894,7.7247627038076345,1.195184352926427,1.0,0.8888888888888888,1,4.004208103636157,0.0,-0.4902857581012534,-0.9986943251107555,False,False,False,True,True
Equatorial Guinea,GNQ,2021,10.0,2.5014605086044535,0.1292893270031905,0.7222222222222222,0.8888888888888888,1,3.170594411565973,0.0,-0.5110251287020173,-1.4230044193907143,False,False,False,False,False
Equatorial Guinea,GNQ,2022,10.0,2.845047978202528,1.042216732827063,0.7222222222222222,0.7222222222222222,1,3.355230719983696,0.07728425249211938,0.23185275747635817,-0.863448250843316,False,False,False,False,False
Equatorial Guinea,GNQ,2023,10.0,2.201473279963256,1.2613852932725522,0.7222222222222222,0.4444444444444444,1,3.1592383813138283,0.11724110867102193,0.3517233260130658,-1.4131047372874206,False,False,False,False,False
Equatorial Guinea,GNQ,2024,10.0,3.024249507824447,2.157591972842821,0.7222222222222222,0.3333333333333333,1,3.458590518355676,0.23404288206251034,0.702128646187531,-0.7832608061020804,False,False,False,False,False
Equatorial Guinea,GNQ,2025,10.0,4.0388776573427005,-0.2174894364411082,0.7777777777777778,0.7777777777777778,1,3.4299977536907624,0.09518533927950508,0.28555601783851525,-0.914210011015511,False,False,False,False,False
Eswatini,SWZ,1991,0.0,,,,,0,0.0,0.0,,,False,False,False,False,False
Eswatini,SWZ,1992,0.0,,,,,0,0.0,0.0,,,False,False,False,False,False
Eswatini,SWZ,1993,0.0,,,,,0,0.0,0.0,,,False,False,False,False,False
Eswatini,SWZ,1994,0.0,,,,,0,0.0,0.0,,,False,False,False,False,False
Eswatini,SWZ,1995,0.0,,,,,0,0.0,0.0,,,False,False,False,False,False
Eswatini,SWZ,1996,1.4450744006157812,1.037421500591497,-0.29922132197745044,,,0,0.8274986337357594,0.7291231613498184,1.4582463226996367,-1.3263284252261098,False,False,False,False,False
Eswatini,SWZ,1997,1.4492687972020268,1.2499884664123484,0.5335313799268258,,,0,1.0775962145137337,0.5137541402516491,1.0275082805032982,-0.7129328160241692,False,False,False,False,False
Eswatini,SWZ,1998,1.1078361850622913,1.0473521334278861,0.6161221049243918,,,0,0.9237701411381897,0.8428771626512754,0.708794841946837,0.976959483355714,False,False,False,False,False
Eswatini,SWZ,1999,0.7946846576936439,1.057737511150773,1.1724931120252176,0.6666666666666669,1.0,0,1.2716497228405936,0.534441890904195,0.5095599844426754,1.0937656882699098,False,False,False,False,False
Eswatini,SWZ,2000,0.7807564016979328,0.8561074397546924,1.1698139593362369,0.6,0.9999999999999999,0,1.2013355601577724,0.422470051287247,0.5334135845567187,0.7339965693050222,False,False,False,False,False
Eswatini,SWZ,2001,0.7827271904524726,1.1602681039472404,1.7755856117167965,0.4666666666666666,0.8666666666666666,0,1.2770495145566352,0.47140811455656645,0.45448508194027537,0.9597392617294238,False,False,False,False,False
Eswatini,SWZ,2002,0.8081488261623971,0.8814499351818902,2.6415473462553734,0.4285714285714286,0.9047619047619049,0,1.3995625548532658,0.12829047039071512,-1.276001800188314,0.38487141117214535,False,False,False,False,False
Eswatini,SWZ,2003,1.088775292865429,1.2796490040641428,0.9344868983767817,0.5714285714285714,0.9285714285714285,0,1.2605822390612706,0.023323203773918392,-1.2475407242240566,0.06996961132175518,False,False,False,False,False
Eswatini,SWZ,2004,0.26145310585301107,1.8290708241921467,1.4208918459675461,0.3333333333333333,0.8888888888888888,0,1.1911720440914297,0.0,-1.2045578201474723,-0.19765123580806732,False,False,False,False,False
Eswatini,SWZ,2005,2.944402533120854,1.733949892438323,2.0066968296626775,0.16666666666666666,0.8333333333333334,1,1.7370098510443708,0.0,-0.963907751529597,-1.9823895480956228,False,False,False,False,False
Eswatini,SWZ,2006,2.9252903894966873,1.9894988801379818,2.719612867096313,0.16666666666666666,0.8333333333333334,1,1.9268804273461964,0.0,-0.9655613942536988,-2.1782171440746625,False,False,False,False,False
Eswatini,SWZ,2007,2.960294097823229,1.641797683358805,2.825750738074413,0.3888888888888889,0.7222222222222222,1,1.9300129482957342,0.0,-0.9637325215896413,-1.7192451162709192,False,False,False,False,False
Eswatini,SWZ,2008,2.9765794973192747,2.115321528032482,2.6045864364830877,0.5555555555555556,0.7222222222222222,1,2.05040860347808,0.1111111111111111,-0.9624196284375314,-3.3051956963766247,False,False,False,False,False
Eswatini,SWZ,2009,2.744808092910474,2.2215050680696504,2.821954294676827,0.5555555555555556,0.7222222222222222,1,2.0687646022425015,0.2777777777777778,-0.9847118799439201,-2.5081918605472495,False,False,False,False,False
Eswatini,SWZ,2010,2.71536052466351,1.9948593621377035,2.7623326442705727,0.5,0.611111111111111,1,1.9389549506588015,0.4444444444444444,-0.987162186319854,-2.7565356193856156,False,False,False,False,False
Eswatini,SWZ,2011,2.629347917685596,2.29295293319112,1.9966521323247859,0.3888888888888889,0.5,1,1.739346152195856,0.1111111111111111,-0.991407627104705,-2.568295641047798,False,False,False,False,False
Eswatini,SWZ,2012,2.4088642999219125,2.2442684174525245,2.275063201880511,0.3888888888888889,0.611111111111111,1,1.7856391838509893,0.0,-1.0188391920629618,-2.565370375465558,False,False,False,False,False
Eswatini,SWZ,2013,4.377480456043569,1.5736240482894353,4.177166722274963,0.5,0.611111111111111,1,2.4700986897660377,0.0,-1.0172941267696445,-2.1039320007120006,False,False,False,False,False
Eswatini,SWZ,2014,4.422590783014704,1.2274163403782448,2.9703304927366814,0.5555555555555556,0.4444444444444444,0,2.124067523225926,0.0,-1.2241935450445727,-1.278269710232002,False,False,False,False,False
Eswatini,SWZ,2015,4.404256362689978,1.4970531605131365,1.3672102014492775,0.7777777777777778,0.4444444444444444,1,1.9425928338193674,0.0,-1.2253105343380104,-1.279421534448043,False,False,False,False,False
Eswatini,SWZ,2016,3.950220143988213,1.5263514858962552,3.2220702093374536,0.611111111111111,0.7777777777777778,1,2.2952839233999396,0.13079770532564544,-1.2338192329388362,0.3923931159769363,False,False,False,False,False
Eswatini,SWZ,2017,3.0062984395400782,1.3231246862343993,4.350170836416781,0.7777777777777778,0.7777777777777778,2,2.358141014660474,0.0,-1.2712425420846887,-1.349315999222823,False,True,True,True,True
Eswatini,SWZ,2018,10.0,0.9650475416081776,10.0,0.8333333333333334,0.6666666666666666,1,4.793009508321636,0.0,-1.039620172773741,-2.07683852248359,False,True,True,True,True
Eswatini,SWZ,2019,10.0,1.193320196035499,2.4239953230181084,0.9444444444444445,0.611111111111111,1,3.3456853260329438,0.0,-1.047641276389258,-1.8448791348862037,False,False,False,False,False
Eswatini,SWZ,2020,10.0,1.5537903573877492,2.6597556737806682,0.8888888888888888,0.611111111111111,0,3.4427092062336833,0.0,-0.8604458268677755,-1.8012904214552115,False,False,False,False,False
Eswatini,SWZ,2021,10.0,2.0334487185321306,2.782642185305632,0.8888888888888888,0.611111111111111,0,3.563218180767552,0.2777777777777778,-0.6988893175200082,-1.3988688093177433,False,False,False,False,False
Eswatini,SWZ,2022,10.0,1.8580981601565612,2.469761115740803,0.8888888888888888,0.7222222222222222,1,3.510016299623917,0.611111111111111,-0.6207288936227596,-1.6847296424110088,False,False,False,False,False
Eswatini,SWZ,2023,10.0,1.839796748844654,2.1842039666475177,1.0,0.7222222222222222,2,3.493689031987323,0.7777777777777778,-0.5435268666140743,-2.074292554891778,True,False,True,True,True
Eswatini,SWZ,2024,10.0,1.688759627800444,1.8580143974193588,1.0,0.611111111111111,2,3.353799249488405,0.8888888888888888,-0.44995699341072265,-1.9248485663471295,True,False,True,True,True
Eswatini,SWZ,2025,10.0,1.5465208163377697,1.6719974486598632,1.0,0.5555555555555556,2,3.265925875221749,0.8888888888888888,-0.4510981910842406,-1.8751764109599687,False,False,True,True,True
Ethiopia,ETH,1991,0.0,,,,,0,0.0,0.0,,,False,False,False,False,False
Ethiopia,ETH,1992,0.0,,,,,0,0.0,0.0,,,False,False,False,False,False
Ethiopia,ETH,1993,0.0,,,,,0,0.0,0.0,,,False,False,False,False,False
Ethiopia,ETH,1994,0.0,,,,,0,0.0,0.0,,,False,False,False,False,False
Ethiopia,ETH,1995,0.0,,,,,0,0.0,0.0,,,False,False,False,False,False
Ethiopia,ETH,1996,1.705841477049486,1.1073418561535875,-0.23668524724038745,,,0,0.9377277777343579,0.8999622655487495,1.7691972103667242,0.030727320730774804,False,False,False,False,False
Ethiopia,ETH,1997,1.301501561352397,1.092025586191535,0.03713001331224891,,,0,0.8102190536187269,0.6460639427442653,1.2921278854885305,-0.24636819708864158,False,False,False,False,False
Ethiopia,ETH,1998,1.113644990339285,1.1091769438594559,0.6270290627307182,,,0,0.9499503323098198,0.47406144129470973,0.9481228825894195,-0.4374850687719878,False,False,False,False,False
Ethiopia,ETH,1999,0.9759290081753598,1.1248882023524878,1.2260802248314737,-1.0,1.0,0,1.0653794870718643,0.22974784564952236,0.6892435369485671,-0.5802387822646692,False,False,False,False,False
Ethiopia,ETH,2000,0.5908611153064679,1.789430140880294,0.8849343367669992,-0.9999999999999999,0.9999999999999999,0,1.0530451185907521,0.0,-0.7253982935254921,-0.766777823551288,False,False,False,False,False
Ethiopia,ETH,2001,0.0,0.8100313494920036,2.6546854186105833,-0.8666666666666666,0.9999999999999999,0,1.0929433536205173,0.0,-0.6662868064907369,-0.6601968353972004,False,False,False,False,False
Ethiopia,ETH,2002,0.0,1.1849218616198463,2.0993515763674515,-0.7142857142857143,1.0,0,1.0568546875974596,0.0,-0.6278012298920499,-0.46453402206013994,False,False,False,False,False
Ethiopia,ETH,2003,0.0,0.8571099998191184,1.7820416516633224,-0.6428571428571428,0.8571428571428571,0,0.8706874731536309,0.0,-0.6892003647206119,-0.2022298810593499,False,False,False,False,False
Ethiopia,ETH,2004,0.0,0.8023119468250032,1.5129659197823497,-0.7222222222222222,0.7222222222222222,0,0.7519444622103595,0.9342088507152214,-0.9357521294229042,2.8026265521456644,False,False,False,False,False
Ethiopia,ETH,2005,0.0,0.6377215648647252,2.747818300567101,-0.7222222222222222,0.5,0,0.8771079730863652,0.17482557910561095,-1.0542526913414465,0.5244767373168329,False,False,False,False,False
Ethiopia,ETH,2006,0.0,0.6868070021948607,2.435899415856225,-0.611111111111111,0.3888888888888889,0,0.7800968391657727,0.20665190638126943,-1.0449825107129675,0.6199557191438083,False,False,False,False,False
Ethiopia,ETH,2007,0.0,0.42070979858450824,2.439074366452931,-0.3333333333333333,0.0,0,0.5719568330074878,0.228634407010425,-1.039726499825704,0.685903221031275,False,True,True,False,False
Ethiopia,ETH,2008,0.0,0.5499623698235456,2.4385580996165572,0.05555555555555555,0.0,0,0.6199263161102428,0.17554559314940707,-1.0400053026030287,0.5266367794482212,False,True,True,False,False
Ethiopia,ETH,2009,0.0,0.6106026403908107,6.139196411470614,0.4444444444444444,0.05555555555555555,0,1.549959810372285,0.9335294525716037,-1.1179309756987468,2.800588357714811,False,True,True,True,False
Ethiopia,ETH,2010,0.0,0.1126348523233395,2.027384110121868,0.7777777777777778,0.05555555555555555,0,0.7613371258223748,0.41537949877471664,-1.1175139975824573,1.24613849632415,False,True,True,False,False
Ethiopia,ETH,2011,0.0,0.2606363075864314,1.898820758903705,0.8888888888888888,0.05555555555555555,0,0.809669191075805,0.34595989328816623,-1.117499136146542,1.0378796798644987,False,True,True,False,False
Ethiopia,ETH,2012,0.0,0.2703284011644757,1.7581424821976472,1.0,0.3888888888888889,0,0.9612497322279803,0.36613123051573976,-1.1173167420647527,1.0983936915472192,False,False,False,False,False
Ethiopia,ETH,2013,0.0,-0.17735628556386906,2.211201233362463,0.8888888888888888,0.3333333333333333,0,0.9311291355613814,0.3154321533788405,-1.1151399899979035,0.9462964601365215,False,False,False,False,False
Ethiopia,ETH,2014,0.0,0.05986523118779424,1.2908642643087067,0.7777777777777778,0.611111111111111,0,0.8257014546548558,0.2815019978743963,-1.1302145130609547,0.8445059936231889,False,False,False,False,False
Ethiopia,ETH,2015,0.0,-0.7039625360422346,1.183925400535918,0.3333333333333333,0.611111111111111,0,0.6145628578849613,0.8945697875110991,-1.142928968532473,2.683709362533297,False,False,False,False,False
Ethiopia,ETH,2016,0.0,-0.8317362810947342,0.900367030046875,0.05555555555555555,0.3333333333333333,0,0.3356289615649305,1.2541103803175384,-1.1399491315194714,3.7623311409526154,False,False,False,False,False
Ethiopia,ETH,2017,0.0,0.2504725915402664,0.7884734861683053,-0.16666666666666666,0.4444444444444444,0,0.3855669933194921,1.1370958476477764,-1.1389869992194377,3.411287542943329,False,False,False,False,False
Ethiopia,ETH,2018,3.5710023141712512,5.209749851660637,3.490890748570134,-0.05555555555555555,0.5555555555555556,0,2.6765508051026266,1.1151275021069773,-1.0734550254180555,3.3453825063209317,False,False,False,False,False
Ethiopia,ETH,2019,10.0,8.025211468574076,2.462928954399568,0.2222222222222222,0.7222222222222222,1,4.475405862372506,1.203332039346723,-1.0111764029664718,3.1099961180401694,False,False,False,True,False
Ethiopia,ETH,2020,10.0,1.3285055804675885,1.0981209144288542,0.5,0.6666666666666666,0,2.9519919656459552,1.0606783590323137,-0.9727097454322238,2.0153684104302743,False,False,False,False,False
Ethiopia,ETH,2021,10.0,3.1099909598755877,0.7723182288327116,0.7222222222222222,0.6666666666666666,2,3.3320173932972152,1.3875620485455695,-0.940599844980608,2.3293528123033753,False,False,False,True,True
Ethiopia,ETH,2022,10.0,2.4100170927105338,0.5466540832291183,0.8333333333333334,0.5,2,3.1246675685212635,1.4705506616989206,-0.919049776611541,1.9116519850967613,True,False,True,True,True
Ethiopia,ETH,2023,10.0,1.983621757962042,0.37513667368649634,1.0,0.4444444444444444,1,3.0495294641074855,1.7401533784685717,-0.8263524897530671,2.220460135405715,True,False,True,True,True
Ethiopia,ETH,2024,10.0,2.424403309669336,-0.3147259541666989,1.0,0.2777777777777778,1,2.9959917730449783,1.278701927294444,-0.7763242359338425,0.8361057818833323,True,False,True,True,True
Ethiopia,ETH,2025,10.0,2.3707719908948817,-0.23138936365631121,1.0,0.1111111111111111,1,2.9185988426234206,1.2059830674384617,-0.7687202916300622,0.6179492023153854,True,False,True,True,True
Fiji,FJI,1991,,,,,,0,0.0,0.0,,,False,False,False,False,False
Fiji,FJI,1992,,,,,,0,0.0,0.0,,,False,False,False,False,False
Fiji,FJI,1993,,,,,,0,0.0,0.0,,,False,False,False,False,False
Fiji,FJI,1994,,,,,,0,0.0,0.0,,,False,False,False,False,False
Fiji,FJI,1995,,,,,,0,0.0,0.0,,,False,False,False,False,False
Fiji,FJI,1996,1.6799802874493588,1.1889778674664906,2.022195175326021,,,0,1.6303844434139567,0.5742092724045982,1.1484185448091964,-0.826387012286719,False,False,False,False,False
Fiji,FJI,1997,1.4222310582180535,1.1893736204455623,0.7254594618939234,,,0,1.1123547135191798,0.2175564511845658,0.4351129023691316,-0.9814105276370851,False,False,False,False,False
Fiji,FJI,1998,1.4370831563934847,1.189822103959912,1.2530339778470794,,,0,1.2933130794001586,0.0,-0.0011675990430588046,-0.9223596885957471,False,False,False,False,False
Fiji,FJI,1999,1.3885128121765733,2.5762720610410526,2.4646766075829385,0.3333333333333334,1.0,0,1.8192256294934464,0.0,-0.4368561329580937,-0.8236068319662543,False,False,False,False,False
Fiji,FJI,2000,2.568721786079377,2.430061172567366,0.985784836277369,0.39999999999999997,0.9999999999999999,4,1.7569135589848224,0.8008616800087123,2.402585040026137,-0.8637734612659159,False,False,False,True,False
Fiji,FJI,2001,1.926073951601215,0.5685152657717456,0.6220529117483083,0.4666666666666666,0.8666666666666666,2,1.1566617591575872,0.0,-0.8022165014493049,-0.4355256912496266,False,False,False,False,False
Fiji,FJI,2002,-0.2574378831580245,0.7313838519260152,0.9798653064594774,0.4285714285714286,0.8095238095238096,0,0.8374879269151938,0.40867832384802866,-0.6810130757341393,1.226034971544086,False,False,False,False,False
Fiji,FJI,2003,-0.2594230469801427,0.8298444702083153,0.9665587754698927,0.3571428571428571,0.7142857142857142,0,0.7878520777070701,0.3997296889955417,-0.6894342750369781,1.199189066986625,False,False,False,False,False
Fiji,FJI,2004,-0.25886291634970754,0.8989379437561709,0.974717032615388,0.3333333333333333,0.6666666666666666,0,0.7747309952743118,0.39868934956389795,-0.6877908964542098,1.196068048691694,False,False,False,False,False
Fiji,FJI,2005,-0.43676881541161683,1.151503509514843,1.0005008560543358,0.1111111111111111,0.611111111111111,0,0.7192897620027245,0.41059037525964587,-0.6876380065286778,1.2317711257789377,False,False,False,False,False
Fiji,FJI,2006,1.1632339606284952,0.9515081532697633,0.1965317486193808,0.0,0.5555555555555556,0,0.6844769947257501,0.013985708647177512,0.04195712594153254,-0.21453737377456283,False,False,False,False,False
Fiji,FJI,2007,10.0,9.738839475053911,6.414664896304643,0.2222222222222222,0.3888888888888889,5,5.475145318716155,0.9689694149037039,1.491606609322922,0.9153016353881899,False,False,False,True,True
Fiji,FJI,2008,10.0,2.3879426464207185,5.159357911753248,0.5,0.5,4,3.909460111634793,1.1448794910944402,1.4650372031070371,0.9696012701762836,False,False,False,True,True
Fiji,FJI,2009,10.0,3.9021720833487437,4.586206852077442,0.8333333333333334,0.9444444444444445,4,4.4087868981963485,1.2500893665272297,0.1417046206017657,1.608563478979923,True,False,True,True,True
Fiji,FJI,2010,10.0,2.593056956277737,4.371267809315073,0.8333333333333334,0.8333333333333334,4,4.059531619785229,1.0209735912902527,-0.44537072124252186,1.7295874405374247,False,False,False,True,True
Fiji,FJI,2011,10.0,2.2112676069939883,4.374724759948654,0.8333333333333334,0.8333333333333334,5,3.983865140055195,0.7720305451236943,-1.004593746753178,1.8160916353710828,False,False,False,True,True
Fiji,FJI,2012,10.0,2.225718753687387,4.294923933115581,0.9444444444444445,0.7777777777777778,4,3.993017426249483,0.6117763291634642,-0.9776037526864801,1.8353289874903929,False,False,False,True,True
Fiji,FJI,2013,10.0,2.728329692252179,10.0,1.0,0.7777777777777778,3,5.256777049561547,0.7935582789479746,1.0504624054686484,1.3302124313752752,False,True,True,True,True
Fiji,FJI,2014,10.0,4.497197559252124,8.003874655539677,1.0,0.6666666666666666,5,5.1668811096250264,1.3208284847651577,2.562881228667405,1.3996042256280679,False,False,False,True,True
Fiji,FJI,2015,10.0,5.10062633786076,10.0,0.9444444444444445,0.5555555555555556,3,5.620125267572152,1.144304959352633,1.7178608201837704,1.5483873912074624,False,False,False,True,True
Fiji,FJI,2016,10.0,6.497091255816229,2.474599555975531,0.5,0.611111111111111,2,4.238782606802796,0.05555555555555555,-0.9368428848948291,-0.5018348166609575,False,False,False,True,True
Fiji,FJI,2017,10.0,6.353459774922569,-0.3762565344429233,0.2222222222222222,0.611111111111111,2,3.604025288317847,0.1111111111111111,-0.9232272105931703,-0.4709528260772184,False,False,False,True,True
Fiji,FJI,2018,10.0,5.839055999503298,-0.7177130832745319,0.16666666666666666,0.8333333333333334,2,3.5678111999006594,0.0,-1.7004819544436063,-0.3191631164029343,False,False,False,True,True
Fiji,FJI,2019,10.0,6.084111496325099,-0.2872815765244647,0.05555555555555555,0.9444444444444445,3,3.61682229926502,0.012191335829914851,-1.5787845653111066,0.036574007489744556,False,False,False,True,True
Fiji,FJI,2020,10.0,6.490547122754464,0.5399988853212996,0.1111111111111111,0.8333333333333334,1,3.7838869793929306,0.015634480790104568,-1.615018203705172,0.04690344237031371,False,False,False,False,False
Fiji,FJI,2021,10.0,6.859112529978685,5.532545693069155,0.2777777777777778,0.8333333333333334,3,4.922776089054013,0.0,-1.4714842572499844,-0.013582214797689125,False,False,False,True,True
Fiji,FJI,2022,10.0,8.567655834971413,10.0,0.16666666666666666,0.7777777777777778,2,6.09130894477206,0.0,-2.5614505354558963,-0.10458988410834649,False,False,False,True,True
Fiji,FJI,2023,10.0,3.4537687446917436,10.0,0.16666666666666666,0.5555555555555556,4,4.979642637827237,0.0,-3.4206850280612637,-0.9918463272953523,False,False,False,True,True
Fiji,FJI,2024,10.0,2.745581180684336,4.131881143957322,0.611111111111111,0.4444444444444444,4,3.797714687150554,0.0,-3.399236912114782,-0.21002319006573272,False,False,False,True,True
Fiji,FJI,2025,10.0,3.213397712508336,3.6243565316751893,0.7222222222222222,0.4444444444444444,1,3.8342175155033713,0.0,-3.367099672945507,-0.338664777956399,False,False,False,False,False
Finland,FIN,1991,0.0,,,,,0,0.0,0.0,,,False,False,False,False,False
Finland,FIN,1992,0.0,,,,,0,0.0,0.0,,,False,False,False,False,False
Finland,FIN,1993,0.0,,,,,0,0.0,0.0,,,False,False,False,False,False
Finland,FIN,1994,0.0,,,,,0,0.0,0.0,,,False,False,False,False,False
Finland,FIN,1995,0.0,,,,,0,0.0,0.0,,,False,False,False,False,False
Finland,FIN,1996,1.2326516575568518,1.2148407658410303,0.18753416946731533,,,0,0.8783421976217324,0.524615389125989,1.049230778251978,-0.9865711591562509,False,False,False,False,False
Finland,FIN,1997,0.8697549099141535,1.2337555880035522,0.6326704518555807,,,0,0.9120603165910954,0.26974150549281617,0.5394830109856323,-1.143759210723762,False,False,False,False,False
Finland,FIN,1998,0.41041698179571584,1.1839543844318854,1.0810401653363546,,,0,0.891803843854652,0.09096007435024658,0.18192014870049317,-1.1858972394114653,False,False,False,False,False
Finland,FIN,1999,0.07940378359765735,1.2041920886440651,1.7918911788598906,1.0,1.0,0,1.4150974102203224,0.0,-0.07575000009923809,-1.3441263437855313,False,False,False,False,False
Finland,FIN,2000,0.7893303715536488,0.6056996470547674,2.6207086034993887,0.9999999999999999,0.9999999999999999,0,1.6031477244215608,0.5700904219435063,0.79143831733157,0.9188329484989491,False,False,False,False,False
Finland,FIN,2001,1.3801611795636106,1.2516203475143888,0.8775577174644454,0.9999999999999999,0.9999999999999999,0,1.501867848908489,0.3883092958356793,0.9248281350222998,0.2400997524847382,False,False,False,False,False
Finland,FIN,2002,1.6089074260474698,1.408992320047749,0.8542227968268364,1.0,1.0,0,1.574424508584411,0.4596765627707888,0.9173077470703866,0.31886479838483683,False,False,False,False,False
Finland,FIN,2003,1.2580910345424061,1.1943441973158493,0.7999945291294198,0.9999999999999998,0.9285714285714285,0,1.4219145236261064,0.3063130308737471,-1.4193746864259942,0.9189390926212413,False,False,False,False,False
Finland,FIN,2004,1.121304872634322,1.5229285683640572,1.171747468998664,0.8888888888888888,0.8888888888888888,0,1.4743072931105197,0.45009234836091144,-1.4615022235854973,1.3502770450827344,False,False,False,False,False
Finland,FIN,2005,1.368145095682343,1.436086388990267,1.125819617279487,0.7222222222222222,0.8333333333333334,0,1.4082324426126418,0.30444677200150666,-1.4475812272516306,0.91334031600452,False,False,False,False,False
Finland,FIN,2006,1.6802921892331317,1.5664514977889572,0.6915647663327571,0.7222222222222222,0.8333333333333334,1,1.4098839128931915,0.2898811372381244,-1.3946006765076273,0.8696434117143732,False,False,False,False,False
Finland,FIN,2007,1.446602079759488,1.347410398465658,4.778909354447499,0.7222222222222222,0.6666666666666666,0,2.0701399220900845,0.24854337474997143,-1.4206581636807154,0.7456301242499143,False,False,False,False,False
Finland,FIN,2008,1.5207236617864914,3.9439770399171756,1.645343996637106,0.6666666666666666,0.6666666666666666,1,1.955342273001488,0.26825745692967945,-1.4267791256419908,0.8047723707890383,False,False,False,False,False
Finland,FIN,2009,0.0,3.5296390298728255,1.0700375189008964,0.2222222222222222,0.3333333333333333,0,1.1421575319769668,0.5452858821728056,-1.9590109449613402,1.6358576465184167,False,False,False,False,False
Finland,FIN,2010,2.134934543318554,3.2873549742468153,2.350177550626731,0.3333333333333333,0.2777777777777778,1,1.7989378580828643,0.0,-2.045270043662848,-0.8794830890354369,False,False,False,False,False
Finland,FIN,2011,2.0581519784962348,2.415270175597775,2.2643737360560285,0.4444444444444444,0.2222222222222222,1,1.6142258446966742,0.0,-2.0469482033352615,-1.1735399297842173,False,False,False,False,False
Finland,FIN,2012,5.272764626244244,2.408825449630684,0.6930965171129218,0.5555555555555556,0.2222222222222222,0,1.986048429708681,0.0,-2.025169257300686,-2.256224666867522,False,False,False,False,False
Finland,FIN,2013,5.3907373054680745,0.904124752796967,0.4530964745953973,0.611111111111111,0.3333333333333333,0,1.7273694843498657,0.0,-1.8977253916555865,-2.0788271170426986,False,False,False,False,False
Finland,FIN,2014,5.014271527036899,0.6473961759978762,0.6726545793524314,0.5555555555555556,0.2777777777777778,0,1.6001977898107747,0.0,-1.8994384306577266,-2.10762646812157,False,False,False,False,False
Finland,FIN,2015,4.960759249411183,0.4525231374311327,1.5290498333133493,0.5555555555555556,0.2222222222222222,0,1.699577555142244,0.0,-1.8855944352072018,-1.5513398206581743,False,False,False,False,False
Finland,FIN,2016,4.875853687518937,0.5626758700558967,0.6759584034814435,0.8333333333333334,0.0,0,1.5562309255445888,0.1111111111111111,-1.8994922294380459,-1.2933605189709683,False,False,False,False,False
Finland,FIN,2017,5.389347401322489,0.7764741735014377,1.168933291529098,0.9444444444444445,-0.05555555555555555,0,1.8447287510483825,0.4444444444444444,-1.8993593357686815,-1.3114709456256584,False,False,False,False,False
Finland,FIN,2018,7.6839722230564735,0.6078046045066604,2.966691269053825,0.9444444444444445,0.0,0,2.6294713971011694,0.3333333333333333,-1.912895320606071,-2.106376640185872,False,False,False,False,False
Finland,FIN,2019,5.655083028081847,0.36283972922601904,2.440873329060038,0.9444444444444445,0.0,0,2.069536995051359,0.05555555555555555,-1.9255958641240634,-1.306608999360119,False,False,False,False,False
Finland,FIN,2020,5.788185461036021,0.29977037016765373,1.534110018966841,0.8333333333333334,0.05555555555555555,0,1.8799687255896587,0.05555555555555555,-1.854616740897009,-1.204114511147948,False,True,True,True,False
Finland,FIN,2021,3.207302207323746,0.35590570054397214,-0.25210981586545556,0.8333333333333334,0.2777777777777778,0,1.157086026017988,0.0,-1.8692562057431616,-0.8834341642845912,False,False,False,False,False
Finland,FIN,2022,4.593466810024122,0.15687225699528864,-0.20178829392421155,0.8333333333333334,0.5555555555555556,0,1.5056233689594378,0.0,-1.9775096828700736,-0.9051580248165306,False,False,False,False,False
Finland,FIN,2023,10.0,0.8290592530631243,2.4993344691777986,0.8333333333333334,0.8333333333333334,0,3.3323454111148516,0.0,-1.9276748378550737,-2.229322322226444,False,False,False,False,False
Finland,FIN,2024,10.0,1.5626137974361631,1.1102875981309328,0.8333333333333334,0.8333333333333334,0,3.201246945780086,0.0,-1.9505308257620078,-2.8389198407968483,False,False,True,True,True
Finland,FIN,2025,10.0,2.3350641446542992,4.4171277426632995,0.8888888888888888,0.8888888888888888,2,4.061549488574632,0.0,-1.9463771509614787,-2.647878372330027,False,False,True,True,True
France,FRA,1991,0.0,,,,,0,0.0,0.0,,,False,False,False,False,False
France,FRA,1992,0.0,,,,,0,0.0,0.0,,,False,False,False,False,False
France,FRA,1993,0.0,,,,,0,0.0,0.0,,,False,False,False,False,False
France,FRA,1994,0.0,,,,,0,0.0,0.0,,,False,False,False,False,False
France,FRA,1995,0.0,,,,,0,0.0,0.0,,,False,False,False,False,False
France,FRA,1996,1.0864335911702987,1.037369987054065,-0.6563854402683451,,,0,0.7079345260747879,1.225675357744201,-0.7277231407657607,2.451350715488402,False,False,False,False,False
France,FRA,1997,0.8006918056096046,1.1329006613205517,0.2490309139561798,,,0,0.727541126962112,0.34674339326333137,-0.9476646310121778,0.6934867865266627,False,False,False,False,False
France,FRA,1998,1.052642541130732,1.2331013801523387,1.2770477709610946,,,0,1.1875972307480551,0.2620226942492709,-1.3587742245843781,0.5240453884985418,False,False,False,False,False
France,FRA,1999,0.964881094412277,1.6540961358611974,2.340210845456557,0.0,1.0,0,1.3918376151460063,0.08981542359340378,-1.6713941745174434,0.2694462707802113,False,False,False,False,False
France,FRA,2000,1.3256506895118494,1.6863530568220997,2.681588731277464,-0.19999999999999998,0.9999999999999999,0,1.5387184955222826,0.3201003577796731,0.9603010733390194,-0.5567708683281414,False,False,False,False,False
France,FRA,2001,1.295471359426902,1.1703054125275716,1.38601777048057,0.2,0.9999999999999999,0,1.2503589084870088,0.5726743475358738,1.1180230426076212,-0.24026442151483526,False,False,False,False,False
France,FRA,2002,1.4787981716994532,0.855026287279913,1.6685125697499894,0.4285714285714286,0.9047619047619049,0,1.3338007390792046,0.4262905517290922,0.5645859409015622,-0.7308759885314652,False,False,False,False,False
France,FRA,2003,2.0111764236985645,1.2086414464303048,1.8222921585503846,0.5714285714285714,0.9285714285714285,1,1.6084220057358507,0.5561442382355993,0.8112898575639409,-0.764637658843405,False,False,False,False,False
France,FRA,2004,1.0092748358604844,1.3875253067568853,1.4174740048755214,0.4444444444444444,0.8888888888888888,0,1.2961881628319114,0.4914820775082183,0.6411128991913218,-1.2240530213189909,False,False,False,False,False
France,FRA,2005,0.6183064183340443,1.7505879084809588,2.6079293506390457,0.5555555555555556,0.8888888888888888,1,1.5731425132685877,0.42563667464765437,0.6102433572762964,-0.4217272027569767,False,False,False,False,False
France,FRA,2006,1.0028804155777795,1.5906131591033832,3.840057884581072,0.4444444444444444,0.8888888888888888,1,1.8200436251857801,0.6081960544376984,0.991254829979762,-0.17550550943082685,False,False,False,False,False
France,FRA,2007,3.4514999344728277,2.0226787946655205,3.7832750799460144,0.5,0.8888888888888888,1,2.4070463173724277,0.839649570892413,1.518948712677239,-1.9830917198472586,False,False,False,False,False
France,FRA,2008,3.664440979920551,2.3196601979349794,3.7337248226542648,0.5,0.7777777777777778,1,2.45467631121307,0.9724347663057124,1.9173042989171367,-1.8533511465675456,False,False,False,False,False
France,FRA,2009,3.2335182442146846,1.8258396320835133,1.5177434468226727,0.611111111111111,0.7222222222222222,1,1.8487535979575074,0.1111111111111111,-0.5892040174640738,-0.7843761795972728,False,False,False,False,False
France,FRA,2010,3.045798497267091,2.531595571323372,2.3385120475850907,0.611111111111111,0.6666666666666666,1,2.094292334346222,0.0,-0.6788077930492166,-1.2142550142604844,False,False,False,False,False
France,FRA,2011,1.8554036026884526,2.931852625398702,8.464823738103979,0.6666666666666666,0.6666666666666666,1,3.18374932657156,0.0,-1.4912686699956974,-2.3194422438508693,False,False,False,False,False
France,FRA,2012,1.267925737470468,3.2217112721960466,6.216578529838954,0.7222222222222222,0.7222222222222222,0,2.7190208856788716,0.0,-1.5372207934696984,-2.6213105569194823,False,False,False,False,False
France,FRA,2013,1.8239586750139427,4.133078470080236,5.913633861024407,0.611111111111111,0.7777777777777778,1,2.929689756779273,0.0,-0.967915430958442,-1.7238683343631132,False,False,False,False,False
France,FRA,2014,0.594889011407284,4.494042699122069,6.938488342344799,0.5555555555555556,0.7777777777777778,0,2.9388173439081635,0.0,-0.9217521845281119,-0.5300777676661185,False,False,False,False,False
France,FRA,2015,0.40189499235849885,4.800928007755571,8.516976181195442,0.5555555555555556,0.9444444444444445,0,3.3439598362619023,0.0,-0.9451459287629369,-0.23992876298905186,False,False,False,False,False
France,FRA,2016,0.0,4.388496603886915,0.9736491969751859,0.2222222222222222,0.8888888888888888,0,1.5168736046168645,0.0,-2.9125616061887625,-4.654612961177934,False,False,False,False,False
France,FRA,2017,0.0,3.7254481505088806,4.009659649792269,0.5,0.8333333333333334,0,2.080354893393563,0.0,-2.6184695120156993,-0.6004808412614434,False,False,False,False,False
France,FRA,2018,0.17266988438325964,4.434195261941747,3.8478166359162675,0.5555555555555556,0.8333333333333334,0,2.2464919120038105,0.1278962364346322,-2.5889623410176577,0.38368870930389654,False,False,False,False,False
France,FRA,2019,0.0,4.817874993455812,0.6050325513461421,0.5555555555555556,0.8888888888888888,1,1.6623592867381682,0.15138729697234532,-2.590620923454555,0.45416189091703596,False,True,True,True,True
France,FRA,2020,5.925153785616364,4.807044417950273,4.958089648469773,0.611111111111111,0.9444444444444445,2,3.760279792629504,0.2692863230746827,-2.441358727267586,0.8078589692240481,False,True,True,True,True
France,FRA,2021,6.219356778685324,9.939858561009432,2.5260455994067517,0.611111111111111,1.0,1,4.381496632264745,0.0,-2.2859634060824194,-0.3644223185113818,False,True,True,True,True
France,FRA,2022,10.0,3.9430742088249584,4.155755280352792,0.7222222222222222,0.7222222222222222,2,4.197543675613327,0.2822156757645034,-1.4219737434607558,0.513313693960177,False,True,True,True,True
France,FRA,2023,10.0,3.555909270842898,3.013777850190114,0.7222222222222222,0.5555555555555556,2,3.8250485353177135,0.4444444444444444,-1.5627652858051866,-2.0749623211454606,False,False,False,True,True
France,FRA,2024,10.0,3.3294480694973,3.443090651921608,0.8888888888888888,0.5555555555555556,3,3.9322855220615596,0.7777777777777778,-1.8370159166614306,-2.0827844818223404,True,False,True,True,True
France,FRA,2025,10.0,3.3851859837780625,3.3451895126541147,0.8333333333333334,0.7777777777777778,2,3.9905195437308807,0.611111111111111,-1.8371291223051565,-2.8313052398258125,False,False,False,True,True
Gabon,GAB,1991,,,,,,0,0.0,0.0,,,False,False,False,False,False
Gabon,GAB,1992,,,,,,0,0.0,0.0,,,False,False,False,False,False
Gabon,GAB,1993,,,,,,0,0.0,0.0,,,False,False,False,False,False
Gabon,GAB,1994,,,,,,0,0.0,0.0,,,False,False,False,False,False
Gabon,GAB,1995,,,,,,0,0.0,0.0,,,False,False,False,False,False
Gabon,GAB,1996,1.6710558861238383,1.2128845551691494,0.09316969651693623,,,0,0.9923700459366414,1.3666696377053875,1.6661409126894944,1.0671983627212809,False,False,False,False,False
Gabon,GAB,1997,1.2876135715640558,1.1382224321483358,0.8079349854312234,,,0,1.0779236630478717,1.0810927914396662,1.1217727149430046,1.0404128679363278,False,False,False,False,False
Gabon,GAB,1998,1.032518084704954,1.1487269068021226,1.592685356080003,,,0,1.2579767825290267,0.8994182164328632,0.7619658528709571,1.0368705799947695,False,False,False,False,False
Gabon,GAB,1999,1.016235446176145,1.1581130748377297,2.1211940583685176,0.0,1.0,0,1.2591085158764783,0.48061222209453974,0.49365424779193473,0.9481824184916845,False,False,False,False,False
Gabon,GAB,2000,0.22892084118672779,0.5419825551829586,1.359990484301834,-0.39999999999999997,0.7999999999999999,0,0.746178776134304,0.0,-0.18369047126806662,-0.7613044087185087,False,False,False,False,False
Gabon,GAB,2001,0.27549569999860457,0.5652011914424057,0.9478860771963366,0.06666666666666665,0.6,0,0.624383260394136,0.0,-0.24052886240014704,-0.39652079717630956,False,False,False,False,False
Gabon,GAB,2002,0.49326756276689826,0.5486802086792905,1.1242792527553183,0.33333333333333337,0.4285714285714286,0,0.7380073096022062,0.03933545786429828,-0.21529018590923898,0.11800637359289486,False,False,False,False,False
Gabon,GAB,2003,1.3547161480325676,2.9310278636026013,1.3110926129980507,0.4999999999999999,0.4999999999999999,0,1.519367324926644,0.038412588141305735,-0.26257534432474794,0.11523776442391721,False,False,False,False,False
Gabon,GAB,2004,1.5890379875609824,1.990022134398023,-0.25952801407271514,0.611111111111111,0.611111111111111,0,1.2047009132806898,0.0,-1.5647463267145236,-1.6891233825965057,False,False,False,False,False
Gabon,GAB,2005,1.3780078674097855,1.6691896976608374,-0.6441286275946885,0.611111111111111,0.7222222222222222,0,1.142772846347458,0.0,-1.5767025376786679,-1.4789597786695516,False,False,False,False,False
Gabon,GAB,2006,0.9545581074914601,1.9723391964893189,-0.09433359357211277,0.7222222222222222,0.7222222222222222,0,1.1631572385739335,0.0,-1.5310719713974061,-1.6903706595108423,False,False,False,False,False
Gabon,GAB,2007,0.26910892740225806,1.6235080263648614,1.672204430337827,0.7222222222222222,0.7777777777777778,0,1.3129642768209893,0.0,-1.568952056680025,-2.832615584883014,False,False,False,False,False
Gabon,GAB,2008,0.0005502019691304815,1.4314528482875515,0.8985895602535083,0.5,0.6666666666666666,0,0.9327851887687046,0.0,-1.5797126045241843,-3.2399823242762773,False,False,False,False,False
Gabon,GAB,2009,2.90599215813418,2.2995710856532985,4.481963875117655,0.16666666666666666,0.7222222222222222,2,2.2930609793365826,0.0,-1.533007007231363,-2.0429847915129313,False,False,False,False,False
Gabon,GAB,2010,10.0,3.03811994258808,4.907719788095564,0.16666666666666666,0.7777777777777778,2,3.966945723914507,0.0,-1.510522211626547,-1.759315286996369,False,False,False,True,False
Gabon,GAB,2011,10.0,3.4673552656221087,1.6827619383442525,0.3333333333333333,0.7222222222222222,0,3.452245663015494,0.05555555555555555,-1.5111954301944046,-1.7144694138665444,False,False,False,False,False
Gabon,GAB,2012,10.0,3.5270492909605693,1.671112049136644,0.7777777777777778,0.8333333333333334,0,3.684076712463887,0.3888888888888889,-1.5200982129884952,-1.2527205572511697,False,False,False,False,False
Gabon,GAB,2013,10.0,3.7452044341414266,1.9037117014136125,1.0,0.9444444444444445,0,3.907561004888786,0.5555555555555556,-1.4468802235779508,-2.453971067349525,False,False,False,False,False
Gabon,GAB,2014,10.0,3.6600513686003255,3.11923758589925,0.8888888888888888,0.8888888888888888,0,4.066968902011026,0.5555555555555556,-1.4500119199491799,-1.4988230175049408,False,False,False,False,False
Gabon,GAB,2015,10.0,3.5050218159817965,2.984223647558526,0.8333333333333334,0.7222222222222222,0,3.9200713149302864,0.611111111111111,-1.45068961775894,-1.5135744518793843,False,False,False,False,False
Gabon,GAB,2016,10.0,3.681164016679406,1.5784280863658424,0.8888888888888888,0.7222222222222222,0,3.6963628650534943,0.6666666666666666,-1.2878867985244618,-1.558561794890017,False,False,True,True,True
Gabon,GAB,2017,10.0,9.203063516317417,1.6573000455309268,0.8888888888888888,0.4444444444444444,1,4.705406045703002,0.6666666666666666,-0.8969856586011306,-1.526355190179579,False,True,True,True,True
Gabon,GAB,2018,10.0,6.967018490948142,1.6892122461116275,0.8888888888888888,0.4444444444444444,2,4.2645794807452875,0.6666666666666666,-0.8617250448049634,-1.7131880112026323,False,False,False,True,True
Gabon,GAB,2019,10.0,6.127841644007636,1.3068503561582094,0.8888888888888888,0.5555555555555556,1,4.064716177810947,0.6666666666666666,-0.9829019490341441,-1.6955860753522276,False,False,True,True,True
Gabon,GAB,2020,10.0,5.744599270655787,1.9999388334937307,0.8888888888888888,0.5555555555555556,2,4.126685398607681,0.6666666666666666,-0.8773214729486444,-2.030417715669341,False,False,True,True,True
Gabon,GAB,2021,10.0,7.229639633010402,1.78946003690701,0.8333333333333334,0.5555555555555556,2,4.359375489539038,0.611111111111111,-0.864417993903974,-2.1505856592376995,False,False,True,True,True
Gabon,GAB,2022,10.0,7.317321718364256,0.5003175892141934,0.7777777777777778,0.7222222222222222,2,4.16352786151569,0.611111111111111,-0.8684343987759994,-1.934501861664556,False,False,False,True,True
Gabon,GAB,2023,10.0,5.888738682879306,5.027281903345416,0.8333333333333334,0.7222222222222222,5,4.805426339467166,4.041242381494684,10.0,0.12372714448405281,True,False,True,True,True
Gabon,GAB,2024,10.0,10.0,7.54726514228974,0.8888888888888888,0.7222222222222222,5,6.153897472902392,4.0,10.0,-0.9160051816277743,False,False,True,True,True
Gabon,GAB,2025,10.0,10.0,6.69639444315508,1.0,0.7222222222222222,5,6.028167777519904,4.0,10.0,-1.1593485437412765,False,False,False,True,True
Georgia,GEO,1991,,,,,,0,0.0,0.0,,,False,False,False,False,False
Georgia,GEO,1992,,,,,,0,0.0,0.0,,,False,False,False,False,False
Georgia,GEO,1993,,,,,,0,0.0,0.0,,,False,False,False,False,False
Georgia,GEO,1994,,,,,,0,0.0,0.0,,,False,False,False,False,False
Georgia,GEO,1995,,,,,,0,0.0,0.0,,,False,False,False,False,False
Georgia,GEO,1996,1.7571266153071265,0.9206697207919645,-0.5072540822064431,,,0,0.8925987786996971,1.0026394785628427,1.7641613898429525,0.24111756728273323,False,False,False,False,False
Georgia,GEO,1997,1.328271205817966,0.9701381673090314,-0.08947098298953905,,,0,0.7661364577089991,0.6550318947998285,1.2394605102935017,0.07060327930615526,False,False,False,False,False
Georgia,GEO,1998,1.1076986018532893,1.006784092674591,0.6050385502906063,,,0,0.9065070816061622,0.43751833851224914,0.8294394102085382,0.04559726681596013,False,False,False,False,False
Georgia,GEO,1999,1.1402095598352415,1.096545991374805,1.2779447735730471,1.0,1.0,0,1.502940064956619,0.17440537755782015,0.5135217454349016,0.009694387238558902,False,False,False,False,False
Georgia,GEO,2000,0.35155217677338063,2.315877616661762,2.7656770478739987,0.9999999999999999,0.9999999999999999,0,1.8866213682618285,0.5293200991423231,-0.9240143379989187,1.5879602974269693,False,False,False,False,False
Georgia,GEO,2001,-0.4296458086380577,1.3682011734404371,0.32451494861680374,0.9999999999999999,0.9999999999999999,0,1.1385432244114482,0.0,-1.2689908522524331,-1.3422195040369793,False,False,False,False,False
Georgia,GEO,2002,-0.42957518517533305,1.1870820150518422,1.5183519804783718,0.7142857142857143,0.9047619047619049,0,1.1887058467250906,0.3857333170226393,-1.3011631732479119,1.1571999510679178,False,False,False,False,False
Georgia,GEO,2003,0.3270256509539648,1.0401779879850874,2.0461760812659033,0.7857142857142856,0.7857142857142856,0,1.3112473726124196,0.0,-0.2677080205910602,-2.0351529797820036,False,False,False,False,False
Georgia,GEO,2004,1.6043200526577117,1.6005713654693745,2.7891236707475064,0.8333333333333334,0.6666666666666666,1,1.7988030177749184,0.0,-0.2889253498240834,-0.08581312802362512,False,False,False,False,False
Georgia,GEO,2005,2.902353804952569,1.424549877119538,1.6309155010733243,0.8333333333333334,0.5,0,1.7248971699624196,0.11700428756810362,-0.29578132186548495,0.35101286270431087,False,False,False,False,False
Georgia,GEO,2006,6.015652112151191,1.4851240780690793,1.6315705187101261,0.8333333333333334,0.4444444444444444,1,2.33758045289719,0.09316534905196551,-0.2962126263542683,0.27949604715589654,False,False,False,False,False
Georgia,GEO,2007,7.957574035861436,1.4746684105970442,1.6737090364809815,0.8333333333333334,0.5,2,2.7545236299212252,0.15947425495413156,-0.3147943532623801,0.47842276486239466,False,False,False,True,True
Georgia,GEO,2008,10.0,1.3985667071665204,1.6135981900953784,0.8888888888888888,0.8333333333333334,3,3.2913218683412686,0.0,-0.3314903496784653,-0.07247167641851365,False,False,False,True,True
Georgia,GEO,2009,10.0,1.1862535681631217,2.0116468888520087,1.0,0.611111111111111,1,3.2840245358474704,0.25969625005577895,-0.2641709718753362,0.4457554168340035,False,False,False,False,False
Georgia,GEO,2010,10.0,1.1716857113595902,3.34526893499234,0.9444444444444445,0.3333333333333333,0,3.4145020403814974,0.6082461831339864,-0.2656980495732352,1.4914052160686257,False,False,False,False,False
Georgia,GEO,2011,10.0,1.384885580956745,4.083042276351276,0.7777777777777778,0.611111111111111,0,3.6491411270171596,0.36724289401910126,-0.2726787289072587,1.1017286820573038,False,False,False,False,False
Georgia,GEO,2012,10.0,1.0524228686688368,3.5721424888914286,0.5555555555555556,0.7222222222222222,0,3.4360241826231634,0.7515485996750186,-1.8555693437362735,2.254645799025056,False,True,True,True,True
Georgia,GEO,2013,10.0,4.641765512528374,4.948625805457805,0.3888888888888889,0.7222222222222222,3,4.36252270804168,1.9931469301992883,-1.7365587420813888,5.979440790597865,False,False,False,True,True
Georgia,GEO,2014,10.0,6.730145217777526,4.5009960982010355,0.4444444444444444,0.611111111111111,1,4.668450485417934,1.9860498922279293,-1.7284311387067894,5.958149676683788,False,True,True,True,True
Georgia,GEO,2015,10.0,6.542158471689271,4.158730002602555,0.3888888888888889,0.611111111111111,1,4.5401776948583645,1.929419178261063,-1.7334131295766366,5.788257534783189,False,False,False,True,True
Georgia,GEO,2016,10.0,5.82630688388338,3.961983131464581,0.4444444444444444,0.5,1,4.33543578084737,1.3866522947063438,-1.7298182964515827,4.1599568841190315,False,False,False,True,True
Georgia,GEO,2017,10.0,9.11280483542812,4.375539162034735,0.6666666666666666,0.6666666666666666,5,5.231002132825904,1.4050144204269257,-1.8202735341198835,4.215043261280777,False,False,False,True,True
Georgia,GEO,2018,10.0,8.978251068901647,4.338705337290169,0.6666666666666666,0.6666666666666666,6,5.196724614571696,0.9207438094771653,-1.820496925135253,2.762231428431496,False,False,False,True,True
Georgia,GEO,2019,10.0,2.6665026859740486,4.278302878305194,0.5,0.7777777777777778,5,3.90007222396696,0.5022908339093938,-1.8268271325101155,1.5068725017281814,False,False,False,True,True
Georgia,GEO,2020,7.6113229427231275,2.6566626331528216,3.9908159931314304,0.7777777777777778,0.7777777777777778,4,3.4739825360236987,0.6777361116093911,-1.81934516693177,2.0332083348281733,False,False,False,True,True
Georgia,GEO,2021,4.96099945983154,2.6396658858658077,4.032658552158059,0.7222222222222222,0.7222222222222222,2,2.904442557348859,0.5727239358746966,-1.8176118990454095,1.71817180762409,False,False,False,True,True
Georgia,GEO,2022,5.999082091725677,1.6170982016216313,1.4652264537770168,0.611111111111111,0.5,0,2.2607257938693097,0.0,-1.9349456806411682,-0.8311511241082283,False,False,False,False,False
Georgia,GEO,2023,5.101060931151648,0.6471760597284106,0.44705443252706023,0.6666666666666666,0.05555555555555555,0,1.5279471735703125,0.24149351021061471,-1.9093163857579705,0.7244805306318441,False,False,False,False,False
Georgia,GEO,2024,9.319139225325905,1.459774650913512,3.788435362593235,0.6666666666666666,0.2222222222222222,0,3.269025403322086,0.0,-1.9050207204725031,-1.9337823301818424,False,False,False,False,False
Georgia,GEO,2025,10.0,1.5534330029945627,1.725426441284228,0.6666666666666666,0.3333333333333333,1,3.055771888855758,0.0,-1.89423122064144,-3.6790274170777413,False,False,False,False,False
Germany,DEU,1991,0.0,,,,,0,0.0,0.0,,,False,False,False,False,False
Germany,DEU,1992,0.0,,,,,0,0.0,0.0,,,False,False,False,False,False
Germany,DEU,1993,0.0,,,,,0,0.0,0.0,,,False,False,False,False,False
Germany,DEU,1994,0.0,,,,,0,0.0,0.0,,,False,False,False,False,False
Germany,DEU,1995,0.0,,,,,0,0.0,0.0,,,False,False,False,False,False
Germany,DEU,1996,1.7382165110173844,1.6194113541009216,-0.18241946044854043,,,1,1.1192092883727687,0.8956044557691323,1.3628926795290066,0.428316232009258,False,False,False,False,False
Germany,DEU,1997,0.8662611120642272,1.6672432170287783,0.7171836109026649,,,0,1.0835626466652235,0.3047684385062782,0.6095368770125564,-0.1506415257882198,False,False,False,False,False
Germany,DEU,1998,1.3379087741957363,1.7607813554748237,1.2866226724085232,,,0,1.461770934026361,0.6474997049328359,1.2949994098656719,-1.3636833804574071,False,False,False,False,False
Germany,DEU,1999,0.8384339742859576,1.1067278809429941,2.418381283306849,1.0,1.0,0,1.6727086277071603,0.2594705416039686,0.7784116248119058,-1.5750793931637113,False,False,False,False,False
Germany,DEU,2000,1.4100209806099848,1.1526791674286816,2.334203842276092,0.9999999999999999,0.9999999999999999,0,1.7793807980629517,0.0,-0.041195938623860166,-0.6654417393255414,False,False,False,False,False
Germany,DEU,2001,1.629680314867959,1.1123137560020204,0.868928518098456,0.9999999999999999,0.9999999999999999,0,1.522184517793687,0.32994359654262956,-0.128313883573442,0.9898307896278886,False,False,False,False,False
Germany,DEU,2002,0.8607484355398946,0.7679770422225666,1.727545042176665,0.8095238095238096,0.8095238095238096,0,1.318873151606873,0.3454906226775112,-0.000831125044808919,1.0364718680325335,False,False,False,False,False
Germany,DEU,2003,0.8411177630622314,0.3501010862623989,1.2063127007164367,0.4999999999999999,0.8571428571428571,0,1.0223634528653562,0.17882905663120696,-0.7392028988887388,0.5364871698936209,False,False,False,False,False
Germany,DEU,2004,0.840936010769672,1.2613321749545006,1.7099039788383357,0.4444444444444444,0.8888888888888888,0,1.295767766245835,0.4906864271425322,-1.6195215136610055,1.4720592814275966,False,False,False,False,False
Germany,DEU,2005,1.9298228461147013,2.410618321767973,2.3244000688611504,0.3888888888888889,0.8888888888888888,1,1.8440793584598758,0.0,-1.5167752314272822,-0.7083193022560258,False,False,False,False,False
Germany,DEU,2006,1.9400996909305153,1.9065874502713729,2.6038281024858847,0.2222222222222222,0.8888888888888888,1,1.7345474931819993,0.0,-1.4177077757052208,-0.9111073260519166,False,False,False,False,False
Germany,DEU,2007,1.5180383459913613,1.8675240409510931,3.0587512365701746,0.3333333333333333,0.7777777777777778,1,1.7333071691469706,0.0,-2.388010485142337,-0.34914936155265536,False,False,False,False,False
Germany,DEU,2008,1.4883828124856189,1.7441866243217456,3.7247750792147154,0.2777777777777778,0.611111111111111,0,1.7470244587599713,0.0,-2.4494552066237048,-0.49876527475857146,False,False,False,False,False
Germany,DEU,2009,0.2138558340587569,1.2467260589071563,5.136651014098764,0.4444444444444444,0.6666666666666666,0,1.76389102585738,0.5122141972227577,-2.4037448736229146,1.5366425916682733,False,False,False,False,False
Germany,DEU,2010,5.768983653360513,0.9403619816199382,3.742787410313689,0.5555555555555556,0.6666666666666666,1,2.579315497947717,1.5219936831515068,-0.9340648876458527,4.56598104945452,False,False,False,False,False
Germany,DEU,2011,6.442269092486382,0.9842175455800477,2.678561480617296,0.5555555555555556,0.6666666666666666,2,2.509898512625634,1.5015193176942934,-1.1213719929979546,4.50455795308288,False,False,False,True,True
Germany,DEU,2012,7.134735927124826,0.9879826547675686,7.3666945401655095,0.5555555555555556,0.611111111111111,2,3.5645492910782473,1.6491911500038288,-1.0229784737154335,4.114240116678153,False,False,False,True,True
Germany,DEU,2013,9.937037675407392,1.869471793165688,4.314415829111466,0.5555555555555556,0.6666666666666666,3,3.713073948425798,1.4433943751279887,-0.5366421425862776,2.996849792050633,False,False,False,True,True
Germany,DEU,2014,9.703188982247015,1.1203107026692687,1.9393627754456992,0.6666666666666666,0.6666666666666666,2,3.0859058254057303,1.530855596018749,-0.45211744862572734,2.759233454722915,False,False,False,True,True
Germany,DEU,2015,9.721312601324021,1.370030919764449,2.0191799995342685,0.8333333333333334,0.7222222222222222,2,3.24432692634677,1.7489833155091314,-0.42442183616407914,2.91361661319406,True,False,True,True,True
Germany,DEU,2016,10.0,2.676854127590466,5.342354402488272,0.9444444444444445,0.4444444444444444,3,4.1593972615713035,1.9018058115921033,-0.3073763231775145,3.0387507681096437,True,False,True,True,True
Germany,DEU,2017,10.0,2.712527811221482,7.397887678380441,0.9444444444444445,0.6666666666666666,1,4.666527542364829,2.619602563745227,1.9256151054208503,3.2665259191481635,True,False,True,True,True
Germany,DEU,2018,10.0,3.013614085068365,7.585923263339738,0.9444444444444445,0.8888888888888888,2,4.853240803014954,2.27689740669549,1.7497617984699474,2.580930421616523,True,False,True,True,True
Germany,DEU,2019,10.0,3.253250955494951,5.37665280935244,0.9444444444444445,0.8888888888888888,1,4.459314086302812,1.645206948731099,0.040166500809245935,2.395454345384051,True,False,True,True,True
Germany,DEU,2020,10.0,1.2409010100098785,8.249558789789905,1.0,0.8888888888888888,1,4.653647515515512,2.619175054157242,2.796431338924253,2.5610938235474725,True,False,True,True,True
Germany,DEU,2021,10.0,1.3056529405858668,2.1685337201856822,1.0,0.9444444444444445,0,3.472615109932087,2.6806088601658775,3.4871226788874075,2.054703901610225,True,False,True,True,True
Germany,DEU,2022,10.0,1.3199735511904038,1.5701287448961156,1.0,0.9444444444444445,0,3.3557982369950814,2.8616857134524145,3.7023000102427646,2.382757130114478,True,False,True,True,True
Germany,DEU,2023,10.0,1.3185920468951802,1.037681302765473,1.0,0.8888888888888888,0,3.226810225487686,2.515981909344059,3.3652688699037707,2.0160101914617394,True,False,True,True,True
Germany,DEU,2024,10.0,1.3655547291378163,3.425565572435827,1.0,0.8888888888888888,0,3.7137796158702843,1.9524572334634651,3.443999253010065,0.5800391140469967,True,False,True,True,True
Germany,DEU,2025,10.0,1.2969793279176869,10.0,1.0,0.8333333333333334,2,4.992729198916871,1.4031511422746326,3.0427867601572314,-0.8208896163666571,False,False,True,True,True
Ghana,GHA,1991,,,,,,0,0.0,0.0,,,False,False,False,False,False
Ghana,GHA,1992,,,,,,0,0.0,0.0,,,False,False,False,False,False
Ghana,GHA,1993,,,,,,0,0.0,0.0,,,False,False,False,False,False
Ghana,GHA,1994,,,,,,0,0.0,0.0,,,False,False,False,False,False
Ghana,GHA,1995,,,,,,0,0.0,0.0,,,False,False,False,False,False
Ghana,GHA,1996,1.7540150552895086,0.4693636562701652,-0.4873708610855445,,,0,0.7411262371865579,0.9598598240305483,1.26279435892371,0.6569252891373863,False,False,False,False,False
Ghana,GHA,1997,1.294009201613856,0.5194884748434035,0.056513274068136034,,,0,0.6233369835084651,0.8541103776710299,1.0991805165187478,0.609040238823312,False,False,False,False,False
Ghana,GHA,1998,1.062258188865888,0.7412608320157241,0.618370447550014,,,0,0.8072964894772087,0.7665112827700693,0.8921606881769818,0.6408618773631569,False,False,False,False,False
Ghana,GHA,1999,0.8739997965954691,1.143396926883165,1.3245348769806125,-1.0,1.0,0,1.0683863200918493,0.45832176743235653,0.7092433074081916,0.6657219948888781,False,False,False,False,False
Ghana,GHA,2000,0.9356837891194395,1.9383167615767665,2.4709377476170986,-0.6,0.9999999999999999,0,1.468987659662661,0.4083858563621588,0.6371864976323349,0.5879710714541416,False,False,False,False,False
Ghana,GHA,2001,0.6333244876620975,1.1030110998434397,2.5571241635031297,-0.6,0.9999999999999999,0,1.2586919502017335,0.5321032243873816,0.08344115342192346,1.5128685197402212,False,False,False,False,False
Ghana,GHA,2002,-0.5075273829711099,1.287268135991097,0.053916989682356885,-0.7142857142857143,0.7142857142857143,0,0.5539513108489764,0.0,-1.1744676835546177,-0.9452507452791165,False,False,False,False,False
Ghana,GHA,2003,-0.5356634866413625,1.2544504455438552,1.0670615829015921,-0.7142857142857142,0.6428571428571428,0,0.7214452628319465,0.0,-1.1798024959055922,-1.093565833891401,False,False,False,False,False
Ghana,GHA,2004,-0.6625568940328819,1.1055323476332177,-0.538128310181836,-0.7222222222222222,0.5555555555555556,0,0.4433286917488658,0.0,-1.1704715439388866,-1.0440855558653197,False,False,False,False,False
Ghana,GHA,2005,-0.8478675710552194,2.862483778360211,0.769077637494301,-0.6666666666666666,0.4444444444444444,0,0.9040900609486802,0.0,-1.1592647986827949,-1.5904868563712604,False,False,False,False,False
Ghana,GHA,2006,-0.8478675742935009,1.2103349402639665,1.5352574652497553,-0.5,0.2777777777777778,0,0.6602295922138554,0.0,-1.164816574863438,-1.4604620517002402,False,False,False,False,False
Ghana,GHA,2007,-0.8478675771413714,1.0833240692136346,1.874448848491239,-0.2222222222222222,0.2777777777777778,0,0.7026656946520857,0.0,-1.164684147993721,-1.4583748116388782,False,False,False,False,False
Ghana,GHA,2008,-0.8478675862613851,1.4583776161230229,1.534753744547988,0.05555555555555555,0.2777777777777778,0,0.7319596054675355,0.0,-1.165750296306217,-1.5866600035003697,False,False,False,False,False
Ghana,GHA,2009,-0.8478675867489874,0.8961829491561294,0.375068400965752,0.4444444444444444,0.5,0,0.632028047802154,0.0,-1.2116892252305913,-0.9473182693133106,False,False,False,False,False
Ghana,GHA,2010,-0.8478675869754441,0.6794373989626098,1.1637137988956772,0.8888888888888888,0.7777777777777778,0,1.035296906238324,0.0,-1.2151239632042032,-0.9773784002646612,False,False,False,False,False
Ghana,GHA,2011,0.7041339240854911,0.423559151250527,0.11122900609356952,0.8888888888888888,0.5,0,0.8033399718414731,0.0,-1.2155417508337036,-0.9951897758112486,False,False,False,False,False
Ghana,GHA,2012,0.6615761945811102,0.545823447061485,0.12119057924352594,0.8888888888888888,0.3333333333333333,0,0.754606933066113,0.0,-1.1766629265951014,-1.3600548885197787,False,False,False,False,False
Ghana,GHA,2013,-0.6884916323661643,2.927599581394812,0.9036603204947863,0.8888888888888888,0.7222222222222222,0,1.4106964248223641,0.0,-1.196281072625919,-1.5946069929803937,False,False,False,False,False
Ghana,GHA,2014,-0.4459280470367819,2.277806783831686,1.0332987829607232,0.8888888888888888,0.7222222222222222,0,1.3066655578029263,0.0,-1.1987283794109962,-1.27516753129095,False,False,False,False,False
Ghana,GHA,2015,-0.49635510008405465,2.1900412575041392,1.027312356763225,0.8333333333333334,0.7222222222222222,0,1.265692945075695,0.0,-1.1989732616467446,-1.4509209555397522,False,False,False,False,False
Ghana,GHA,2016,-0.628973199727577,1.6869752844727224,0.13904917937340022,0.8333333333333334,0.7222222222222222,0,0.9874271149914469,0.0,-1.1839629732012455,-1.3959872893151768,False,False,False,False,False
Ghana,GHA,2017,-0.8478675848350776,2.090024131741563,-0.18773067802024007,0.7222222222222222,0.7777777777777778,1,1.0180048263483126,0.4444444444444444,-1.1562054463584186,-1.3576178664075989,False,False,False,False,False
Ghana,GHA,2018,-0.8478675851916255,1.886701938587183,0.13440312416398048,0.7222222222222222,0.7777777777777778,1,1.0042210125502327,0.4444444444444444,-1.1777877168206772,-1.4220979541687977,False,False,False,False,False
Ghana,GHA,2019,-0.8478675852989228,1.4865443825932114,0.20140467897967607,0.7222222222222222,0.8333333333333334,0,0.9598120345367998,0.3333333333333333,-1.1802093141690435,-1.4656663578320166,False,False,False,False,False
Ghana,GHA,2020,-0.847867585817954,1.2648631956717018,-0.18043384886305494,0.611111111111111,0.7222222222222222,0,0.7863059724676736,0.3333333333333333,-1.1539192148148663,-1.350277963774854,False,False,False,False,False
Ghana,GHA,2021,-0.8478675843940653,1.1347427962406922,0.6781672252984516,0.6666666666666666,0.7222222222222222,0,0.9181375598633844,0.5555555555555556,-1.1736942479971744,-1.348068244210937,False,False,True,False,False
Ghana,GHA,2022,-0.8478675839135638,0.5519434266432982,-0.03221049592423544,0.6666666666666666,0.2777777777777778,0,0.48816646310643746,0.5,-1.1762602903616588,-1.1562019812524027,True,False,True,False,False
Ghana,GHA,2023,-0.8478675782532386,0.7689573777284273,0.0019621688744180655,0.5,-0.05555555555555555,0,0.3541839093205691,0.3333333333333333,-1.176984167599047,-1.3053053673002006,False,True,True,False,False
Ghana,GHA,2024,-0.84786756914098,1.1222088760705518,-0.20756465277281552,0.4444444444444444,0.2777777777777778,0,0.5133306641029993,0.16666666666666666,-1.1761009192434042,-1.1499612071734002,False,False,False,False,False
Ghana,GHA,2025,10.0,1.224308365135505,3.346975205991933,0.7777777777777778,0.611111111111111,0,3.4698122697810434,0.05555555555555555,-1.1693897738038157,-1.7467215492782484,False,False,False,False,False
Greece,GRC,1991,,,,,,0,0.0,0.0,,,False,False,False,False,False
Greece,GRC,1992,,,,,,0,0.0,0.0,,,False,False,False,False,False
Greece,GRC,1993,,,,,,0,0.0,0.0,,,False,False,False,False,False
Greece,GRC,1994,,,,,,0,0.0,0.0,,,False,False,False,False,False
Greece,GRC,1995,,,,,,0,0.0,0.0,,,False,False,False,False,False
Greece,GRC,1996,1.9498185966836898,1.0321582130584703,0.32800701957978123,,,0,1.1033279431073137,1.561512205862463,1.8244623899710848,1.2985620217538414,False,False,False,False,False
Greece,GRC,1997,1.1994073890560086,1.0355927158771747,0.9977322297231168,,,0,1.0775774448854334,1.1745577521886252,1.0819120852615316,1.267203419115719,False,False,False,False,False
Greece,GRC,1998,1.1063458059292046,1.1953761886816288,1.543055161591409,,,0,1.2815923854007474,0.7126286268900625,0.3615085747903422,1.0637486789897828,False,False,False,False,False
Greece,GRC,1999,1.2635350979764555,1.0505647667394113,1.9501814515105407,0.6666666666666669,1.0,0,1.5195229299119482,0.26351462966861333,-0.3019286403418297,0.79054388900584,False,False,False,False,False
Greece,GRC,2000,1.5800431549779348,1.641284860615088,2.389160481439997,0.7999999999999999,0.9999999999999999,1,1.8420976994066038,0.15056293629248807,0.4516888088774642,-0.9578077481452015,False,False,False,False,False
Greece,GRC,2001,0.9000169531441139,1.549785233059682,1.3053640149678973,0.8666666666666666,0.8666666666666666,0,1.444366573567672,0.0,-0.022761015782211864,-0.9475154458217034,False,False,False,False,False
Greece,GRC,2002,1.093593832736543,1.222508102940174,1.3140437662315079,0.9047619047619049,0.6190476190476191,0,1.3355529499054546,0.0,-1.3142149157893797,-0.5182428116516238,False,False,False,False,False
Greece,GRC,2003,1.1782433181678502,1.715905272170849,1.605961400800507,0.9285714285714285,0.5714285714285714,0,1.5000219982278413,0.0,-1.2512596398015576,-1.0374826816505072,False,False,False,False,False
Greece,GRC,2004,1.018436746891911,1.8653062206802535,1.5979079336367303,0.8333333333333334,0.5555555555555556,0,1.4518857357973345,0.0,-1.2625372318314514,-1.2954197021038092,False,False,False,False,False
Greece,GRC,2005,1.641042330317345,0.7726346473781713,1.2474848522654656,0.7222222222222222,0.4444444444444444,0,1.198899032658863,0.2565133217178864,0.43312958464600076,0.33641038050765837,False,False,False,False,False
Greece,GRC,2006,1.6937508046909853,0.5979597272184728,1.6784571419869112,0.8333333333333334,0.16666666666666666,0,1.1940335347792739,0.3018705634175699,0.45460784569467283,0.2843371778913703,False,False,False,False,False
Greece,GRC,2007,1.6670919135471933,0.680401698501374,5.509153422784164,0.8333333333333334,0.5555555555555556,0,2.1268849625221016,0.5368305388047702,0.49221258297054993,0.11827903344376052,False,False,False,False,False
Greece,GRC,2008,2.6303100512737743,0.6632836687367089,1.481617563853753,0.8888888888888888,0.9444444444444445,0,1.6883755901061803,1.1664141286451188,1.680789111192003,0.3184532747433532,False,False,False,False,False
Greece,GRC,2009,0.7974224147888469,0.5953202593660838,-0.048004251586069385,0.7777777777777778,0.8333333333333334,0,0.9229929792754307,1.5126992008138223,0.2539959390556291,2.617434996719171,False,True,True,False,False
Greece,GRC,2010,9.306966177157701,0.7222877367452537,5.329927280014514,0.7777777777777778,0.6666666666666666,3,3.6496140165612716,5.630547964624436,10.0,4.724977227206641,True,False,True,True,True
Greece,GRC,2011,9.533138233295183,1.5306096684885306,6.524820205720132,1.0,0.6666666666666666,2,4.184380288167436,5.624131392351852,10.0,4.872394177055554,False,False,True,True,True
Greece,GRC,2012,10.0,0.9013732920973178,6.181909562549498,1.0,0.7777777777777778,1,4.127767682040475,5.0087290668627364,10.0,2.8595205339215437,True,False,True,True,True
Greece,GRC,2013,10.0,0.8566225365930726,4.91752968022034,1.0,0.7777777777777778,1,3.865941554473794,4.402893550006457,10.0,1.2086806500193705,True,False,True,True,True
Greece,GRC,2014,10.0,0.2661132212181995,4.732896989394069,1.0,0.6666666666666666,2,3.6664687087891203,4.289743067704853,10.0,0.869229203114558,False,False,True,True,True
Greece,GRC,2015,10.0,2.498413876193867,5.6720209441281,1.0,0.3888888888888889,3,4.189642519619949,5.498606222195897,10.0,4.3291519999210255,True,False,True,True,True
Greece,GRC,2016,10.0,1.1133478206871585,4.917465423108243,1.0,0.4444444444444444,4,3.7839404265368577,5.497892207030829,10.0,4.160343287759153,True,False,True,True,True
Greece,GRC,2017,10.0,1.4220688716509247,4.925637333546112,0.8888888888888888,0.6666666666666666,4,3.891763463261629,5.461942299390511,10.0,4.0524935648382,False,False,True,True,True
Greece,GRC,2018,10.0,1.6166648492947078,4.930373587686066,0.8888888888888888,0.8333333333333334,3,3.998296576285044,5.464209049873808,10.0,4.059293816288089,True,False,True,True,True
Greece,GRC,2019,10.0,0.5842088301300592,4.930829707649392,0.9444444444444445,0.7222222222222222,3,3.7696743742225562,5.129225341488579,10.0,3.387676024465738,False,False,False,True,True
Greece,GRC,2020,10.0,1.0565993017851332,5.763111630328658,0.8333333333333334,0.6666666666666666,5,3.9639421864227584,4.111055964632098,10.0,0.9998345605629593,False,False,False,True,True
Greece,GRC,2021,10.0,1.6197574727342676,5.338765504390146,0.9444444444444445,0.7222222222222222,6,4.0583712620915495,4.08452111131943,10.0,1.2535633339582908,False,False,False,True,True
Greece,GRC,2022,10.0,2.88600723871778,5.354101759845377,1.0,0.8333333333333334,6,4.3813551330459655,3.4605130602197747,10.0,0.3815391806593234,False,False,False,True,True
Greece,GRC,2023,10.0,3.323253715741953,4.852394609327515,1.0,0.8888888888888888,6,4.390685220569449,3.449656866524181,10.0,0.3489705995725422,False,False,False,True,True
Greece,GRC,2024,10.0,1.529620444130436,7.648875949693148,1.0,0.8333333333333334,5,4.5690326120980504,3.377004321838649,10.0,0.13101296551594613,False,False,False,True,True
Greece,GRC,2025,10.0,2.2167316755077784,7.604037651590632,1.0,0.8333333333333334,6,4.697487198753016,3.5822482842192778,10.0,0.7467448526578342,False,False,False,True,True
Guatemala,GTM,1991,0.0,,,,,0,0.0,0.0,,,False,False,False,False,False
Guatemala,GTM,1992,0.0,,,,,0,0.0,0.0,,,False,False,False,False,False
Guatemala,GTM,1993,0.0,,,,,0,0.0,0.0,,,False,False,False,False,False
Guatemala,GTM,1994,0.0,,,,,0,0.0,0.0,,,False,False,False,False,False
Guatemala,GTM,1995,0.0,,,,,0,0.0,0.0,,,False,False,False,False,False
Guatemala,GTM,1996,1.6357307409828836,1.8387675775221364,0.30047848829264073,,,0,1.2583256022658869,0.41798546642256956,0.5106062063980544,0.3253647264470847,False,False,False,False,False
Guatemala,GTM,1997,0.7314005193327323,1.2627934038210202,2.5020609689813664,,,0,1.4987516307117064,0.0,-0.4356657740076642,-0.1703484972266244,False,False,False,False,False
Guatemala,GTM,1998,0.4269764267090015,0.9728239708162018,1.1419041478177672,,,0,0.8472348484476568,0.0,-1.11670695491269,-0.2970879512274959,False,False,False,False,False
Guatemala,GTM,1999,1.5762832690390194,1.0345497765504208,1.6673593311510735,1.0,1.0,0,1.6556384753481026,0.0,-0.6363477350670897,-1.5470786593031303,False,False,False,False,False
Guatemala,GTM,2000,1.7450359868647838,0.47655608786434306,0.5064368142671587,0.7999999999999999,0.9999999999999999,0,1.265605777799257,0.5273289523266895,1.5819868569800686,-1.140289374315486,False,False,False,False,False
Guatemala,GTM,2001,1.7577684881187754,0.6589190884452988,0.47389375696430247,0.8666666666666666,0.9999999999999999,0,1.324782933372342,0.7091180281223085,1.5273540843669253,-1.0314969873450188,False,False,False,False,False
Guatemala,GTM,2002,1.3746490260671234,1.7678077707867226,2.085322595140216,0.9047619047619049,1.0,0,1.8074606403035745,0.8735036821821801,1.0186466191738044,0.8875787130870216,False,False,False,False,False
Guatemala,GTM,2003,0.7985733213000371,0.9611614888691663,1.7510943686556302,0.42857142857142855,0.8571428571428571,0,1.216451550050681,0.30119617229082707,-0.7123690806163888,0.9035885168724812,False,False,False,False,False
Guatemala,GTM,2004,0.9128419639186012,0.5374354233475441,1.363706698983851,0.3888888888888889,0.5555555555555556,0,0.9405745950277768,0.07903359137166126,-0.8077613146100704,0.23710077411498376,False,False,False,False,False
Guatemala,GTM,2005,0.7951220131062767,0.4451429105346257,2.1272829521775445,0.3333333333333333,0.3333333333333333,0,0.9401762418303562,0.6108895796320608,-0.9297429077049463,1.8326687388961824,False,False,False,False,False
Guatemala,GTM,2006,0.8137620012870578,0.5898922503587739,4.059626835685656,0.2777777777777778,0.2222222222222222,0,1.2926562174662977,0.7252734479172429,-0.9281295562397895,2.1758203437517287,False,False,False,False,False
Guatemala,GTM,2007,0.7628767022827135,2.6462963819566734,10.0,0.0,0.2222222222222222,0,2.7707235057367665,0.6587293985334426,-0.934019775069951,1.9761881956003278,False,True,True,True,True
Guatemala,GTM,2008,0.7778521965560892,5.552472854849882,2.8212594242021733,-0.3333333333333333,0.5,0,2.030316895121629,0.6127334472638998,-2.7301893271496023,1.8382003417916992,False,True,True,True,True
Guatemala,GTM,2009,0.0,7.909775365165929,0.6241993834968121,-0.3888888888888889,0.5,0,1.9067949497325483,0.16477764071417858,-4.85424060076268,0.4943329221425357,False,False,False,False,False
Guatemala,GTM,2010,0.0,7.492796830604332,1.2617964528657266,-0.3888888888888889,0.3888888888888889,0,1.9064742122495673,0.13756667223905272,-4.855827494362893,0.41270001671715817,False,False,False,False,False
Guatemala,GTM,2011,0.0,3.82311680778297,1.0594842522970032,-0.5,0.5,0,1.1765202120159945,0.1901248006352829,-4.745029228186543,0.5703744019058486,False,False,False,False,False
Guatemala,GTM,2012,0.0,10.0,1.3927836473090864,-0.4444444444444444,0.5555555555555556,0,2.5007789516840395,0.06425407976355187,-4.9261825169875415,0.19276223929065558,False,False,False,False,False
Guatemala,GTM,2013,0.0,10.0,0.22192522558111896,-0.3888888888888889,0.6666666666666666,0,2.3110517117828904,0.0,-5.0260375528588614,-0.25286129846998795,False,False,False,False,False
Guatemala,GTM,2014,0.0,10.0,1.5994162438732231,-0.2222222222222222,0.7222222222222222,0,2.6087721376635336,0.0,-5.027980708259758,-0.24427923749978844,False,False,False,False,False
Guatemala,GTM,2015,0.0,10.0,1.697887503951331,0.1111111111111111,0.7777777777777778,0,2.6951330563458216,0.0,-4.90367702693087,-0.26281313551849095,False,False,False,False,False
Guatemala,GTM,2016,0.0,10.0,0.6941255759495484,0.4444444444444444,0.7777777777777778,0,2.6277140040787987,0.0,-4.808104166805206,-0.029840549936738344,False,False,False,False,False
Guatemala,GTM,2017,0.0,9.548927711048831,0.6974491512588985,0.8333333333333334,0.6666666666666666,0,2.6492753724615463,0.0,-4.958308160143697,-0.6280671114078222,False,False,False,False,False
Guatemala,GTM,2018,0.0,8.193423583123769,6.875089108428209,0.8333333333333334,0.7777777777777778,0,3.6581469827548405,0.05555555555555555,-2.0960412168321527,-3.1060726004461077,False,False,False,False,False
Guatemala,GTM,2019,0.0,4.540424856469384,5.925935298307724,0.8888888888888888,0.8333333333333334,1,2.7821609198443102,0.3333333333333333,-2.093916728972892,-3.398509467939224,False,False,False,False,False
Guatemala,GTM,2020,0.5388721453333317,5.294211137155006,5.862956479272825,0.8888888888888888,0.7777777777777778,1,3.0058746190188996,0.6666666666666666,-1.9762734018410528,-3.292660415205617,False,False,True,True,True
Guatemala,GTM,2021,0.623106354033135,5.389358583033049,5.737084048259308,0.8888888888888888,0.7777777777777778,1,3.0165764637317656,0.7777777777777778,-2.0125232138018667,-3.987794836290832,True,False,True,True,True
Guatemala,GTM,2022,0.09488132827447882,5.3071377181764054,7.3608881202879335,0.9444444444444445,0.8333333333333334,1,3.2636925444588747,0.7222222222222222,-2.0202412297194763,-4.35461729063684,True,False,True,True,True
Guatemala,GTM,2023,0.0,5.487022263140495,6.0349298802429745,0.9444444444444445,0.7222222222222222,1,2.971057095343361,0.6666666666666666,-1.9772797877696273,-3.403412270962097,False,False,True,True,True
Guatemala,GTM,2024,10.0,7.168827462556588,8.132503331011883,0.9444444444444445,0.611111111111111,2,5.682488380935917,0.8364429671973168,0.3426622349252839,-1.1674735578801858,True,False,True,True,True
Guatemala,GTM,2025,10.0,8.241268056067298,6.50178030902601,1.0,0.5555555555555556,2,5.570831895240884,0.8344385966883223,0.3366491233983003,-1.0212990172577976,True,False,True,True,True
Guinea,GIN,1991,0.0,,,,,0,0.0,0.0,,,False,False,False,False,False
Guinea,GIN,1992,0.0,,,,,0,0.0,0.0,,,False,False,False,False,False
Guinea,GIN,1993,0.0,,,,,0,0.0,0.0,,,False,False,False,False,False
Guinea,GIN,1994,0.0,,,,,0,0.0,0.0,,,False,False,False,False,False
Guinea,GIN,1995,0.0,,,,,0,0.0,0.0,,,False,False,False,False,False
Guinea,GIN,1996,1.5866276328234075,1.0632427027907367,0.16187717448457967,,,0,0.9372491700329081,0.48332810042098034,0.9666562008419607,-0.8748785058776956,False,False,False,False,False
Guinea,GIN,1997,1.2398713413931228,1.0303343008057868,0.8304130505727456,,,0,1.0335395642572185,0.45756965185255366,0.9151393037051073,-1.1572054154133478,False,False,False,False,False
Guinea,GIN,1998,1.2488759386636739,1.075523586955771,1.4519204455657422,,,0,1.2587733237283958,0.3725500978895369,0.7451001957790738,-0.8040861235002609,False,False,False,False,False
Guinea,GIN,1999,1.114982895933063,1.1349129393683226,1.9270326705726546,0.3333333333333334,1.0,0,1.3687190345081415,0.2303738965205184,0.6911216895615552,-0.3658874910404384,False,False,False,False,False
Guinea,GIN,2000,0.7307418239643091,1.0307687298102335,1.6222272591175761,-0.19999999999999998,0.9999999999999999,0,1.0767475625784237,0.296851620775124,0.7188315681374274,0.1717232941879445,False,False,False,False,False
Guinea,GIN,2001,0.8135979005343508,1.9846097059912082,1.6479643188057047,-0.4666666666666666,0.9999999999999999,0,1.2892343850662527,0.5765460427131087,0.8231209553102143,0.9065171728291117,False,True,True,False,False
Guinea,GIN,2002,0.7048434251858431,1.1558535604814666,1.9036288937908106,-0.4285714285714286,0.9047619047619049,0,1.114769937796386,0.780743641129169,-0.9633045704226729,2.342230923387507,False,True,True,False,False
Guinea,GIN,2003,0.15033063961155158,1.3237699480039637,0.8836547093081131,-0.42857142857142855,0.7142857142857142,0,0.7572653450990113,0.029975368280756823,-1.242563251889165,0.08992610484227047,False,False,False,False,False
Guinea,GIN,2004,0.0,0.32979908310807093,1.9227875062147493,-0.5,0.3888888888888889,0,0.6060728734201196,0.14890196503923084,-1.2679860935371485,0.4467058951176925,False,False,False,False,False
Guinea,GIN,2005,0.0,-1.1335387080709742,2.333133020182492,-0.4444444444444444,0.05555555555555555,0,0.4888488262587206,0.0,-1.386115997486353,-0.7550458545327873,False,False,False,False,False
Guinea,GIN,2006,0.0,-0.1076322313769763,2.347025158509639,-0.4444444444444444,-0.2222222222222222,0,0.4694050317019278,0.0,-1.3875294414293642,-0.3818870547335533,False,False,False,False,False
Guinea,GIN,2007,0.0,0.5626456007677151,2.8057746236773475,-0.3333333333333333,-0.1111111111111111,0,0.6736840448890125,0.0,-1.3852794125662884,-0.5430499262425404,False,False,False,False,False
Guinea,GIN,2008,2.469731446318829,0.10538440673533335,4.14384937000019,-0.1111111111111111,-0.16666666666666666,1,1.3437930446108706,1.7631335878562442,2.6319564072042843,2.6574443563644485,False,False,False,False,False
Guinea,GIN,2009,2.54438650540709,0.791946015973856,2.634793707873032,0.2777777777777778,0.16666666666666666,1,1.3720030236285732,1.7854214513690987,2.7113331820983118,2.644931172008984,False,False,False,False,False
Guinea,GIN,2010,10.0,-0.12797736978567956,8.42425870249196,0.7222222222222222,0.5,3,4.1737406293872805,4.665349543548304,7.156700696816471,6.006014600495108,False,False,False,True,True
Guinea,GIN,2011,10.0,1.664672365927059,6.656010065254235,0.9444444444444445,0.8333333333333334,3,4.37524759734737,4.861061565916436,7.0948958041244925,5.988288893624815,False,False,False,True,True
Guinea,GIN,2012,10.0,2.08006181480733,7.257231206992706,0.9444444444444445,0.7222222222222222,3,4.5341252710266735,5.0916347598261416,7.081411587065101,6.360159359079991,False,False,False,True,True
Guinea,GIN,2013,10.0,0.9949709333882027,6.796153262719006,1.0,0.6666666666666666,3,4.224891505888108,4.819762403172443,7.2714260507886035,4.854527825395391,True,True,True,True,True
Guinea,GIN,2014,10.0,2.896045120571522,6.619221037722571,1.0,0.6666666666666666,3,4.569719898325485,4.872087167036739,7.486639939616164,4.629621561494052,True,False,True,True,True
Guinea,GIN,2015,10.0,2.4409771842969232,7.195607387325227,1.0,0.7222222222222222,2,4.616205803213319,4.863533200829516,7.506167413639952,4.584432188848596,True,False,True,True,True
Guinea,GIN,2016,10.0,3.3183277062085508,8.023505794127951,1.0,0.8333333333333334,3,5.001700033400634,4.843267250104765,7.507915411889944,4.521886338424352,True,False,True,True,True
Guinea,GIN,2017,10.0,-0.419241916359414,7.717326831526146,0.7222222222222222,0.4444444444444444,4,4.010132032971895,2.5723675907350554,2.6319757028215167,3.9184604027169825,False,False,True,True,True
Guinea,GIN,2018,9.198133658380264,0.6414116050135467,6.472557043040066,0.2777777777777778,0.7222222222222222,2,3.662420461286776,1.6618814088093037,1.8506327453583904,3.13501148106952,False,False,False,True,True
Guinea,GIN,2019,10.0,0.6142964700278917,6.253728961122035,-0.1111111111111111,0.6666666666666666,1,3.640271752896652,0.0,-1.1888022776476277,-1.5746943136477647,False,False,False,False,False
Guinea,GIN,2020,10.0,2.067459485275471,5.017407867345781,0.0,0.5,2,3.6169734705242504,0.25609259923398014,-0.5027871447370261,0.7682777977019404,False,False,False,True,True
Guinea,GIN,2021,10.0,2.3885276094286225,4.494936475465215,0.16666666666666666,0.5555555555555556,2,3.6655817058676563,2.467348716865327,7.135578555677017,0.2664675949189641,False,False,False,True,True
Guinea,GIN,2022,10.0,2.2333070370672985,4.480907780023852,0.2222222222222222,0.5555555555555556,5,3.6539540745293406,2.718827232493991,6.959984687735333,1.1964970097466388,False,False,False,True,True
Guinea,GIN,2023,10.0,2.2727885702997184,5.043334634191796,0.3888888888888889,0.6666666666666666,6,3.8854468631205252,2.1380615945518904,6.414184783655672,-0.34270397139032216,False,False,False,True,True
Guinea,GIN,2024,10.0,2.063593964604703,5.009836442019725,0.611111111111111,0.7222222222222222,4,3.9480194146582184,2.069733577967581,6.209200733902743,-0.4393098397522715,False,False,False,True,True
Guinea,GIN,2025,10.0,1.7563705827840896,5.148360471534685,0.7777777777777778,0.7222222222222222,4,3.9809462108637548,3.319352049423726,8.230242291265363,0.5611471903391485,False,False,False,True,True
Guinea-Bissau,GNB,1991,,,,,,0,0.0,0.0,,,False,False,False,False,False
Guinea-Bissau,GNB,1992,,,,,,0,0.0,0.0,,,False,False,False,False,False
Guinea-Bissau,GNB,1993,,,,,,0,0.0,0.0,,,False,False,False,False,False
Guinea-Bissau,GNB,1994,,,,,,0,0.0,0.0,,,False,False,False,False,False
Guinea-Bissau,GNB,1995,,,,,,0,0.0,0.0,,,False,False,False,False,False
Guinea-Bissau,GNB,1996,1.4904461591521974,0.799270566276475,-0.009294491808696412,,,0,0.763238908476224,0.14350444288652137,-0.6991887434992569,0.28700888577304273,False,False,False,False,False
Guinea-Bissau,GNB,1997,1.2607375775216358,0.7540789570347914,1.0272444511013397,,,0,1.014020328552589,0.0,-0.9051148555822345,-0.5206766811930749,False,False,False,False,False
Guinea-Bissau,GNB,1998,1.0993353424129715,1.0331956100741975,2.099235072189073,,,0,1.4105886748920806,0.0,-1.0679354549170392,-0.711656895450991,False,False,False,False,False
Guinea-Bissau,GNB,1999,0.9473207179928758,2.069847817246948,1.0099250823548218,0.0,1.0,0,1.205418723518929,0.0,-0.740176091412005,-1.172431821633791,False,False,False,False,False
Guinea-Bissau,GNB,2000,0.6530237770925231,0.8400324089068546,0.5856731384641117,0.39999999999999997,0.9999999999999999,0,0.9757458648926978,0.19999999999999998,-0.2834250444170435,-0.5013376228373327,False,False,False,False,False
Guinea-Bissau,GNB,2001,0.7000325387066758,1.442448104345681,1.9942475801379564,0.6,0.9999999999999999,0,1.4673456446380626,0.4666666666666666,-0.21663859361604504,-0.21451152267769458,False,False,False,False,False
Guinea-Bissau,GNB,2002,0.5003883870167266,2.706086484823274,2.646816750358924,0.7142857142857143,1.0,0,1.856372610154071,1.2414660319544326,-0.20617332522920048,1.8672552387204404,False,False,False,False,False
Guinea-Bissau,GNB,2003,1.1137378704389533,1.1077829069563225,2.1279457329209914,0.7857142857142856,0.8571428571428571,0,1.5270361592061106,0.878313227992317,0.49208254111980876,-1.1755003454928639,False,False,False,False,False
Guinea-Bissau,GNB,2004,1.7209732156837338,1.3125275606388576,1.651099688796369,0.8333333333333334,0.7222222222222222,0,1.5591423152460142,1.840071585252712,1.72486165475223,1.4620197676725728,False,False,False,False,False
Guinea-Bissau,GNB,2005,2.9335179826454607,1.8463084503416922,1.7185020647224825,0.9444444444444445,0.7222222222222222,1,1.9663323662085936,1.8049574144179452,1.901707912800788,0.6798309971197136,True,True,True,True,True
Guinea-Bissau,GNB,2006,4.609540153604595,1.8004846402439063,1.029991670057055,1.0,0.7222222222222222,1,2.1768921816700004,1.8881654118550915,1.9126610510521622,0.7518351845131123,True,True,True,True,True
Guinea-Bissau,GNB,2007,4.950916108895693,1.746292198954174,1.0166814139547706,0.9444444444444445,0.6666666666666666,1,2.187222388805372,2.051691742739671,1.9127308318398566,1.2423443963791567,True,False,True,True,True
Guinea-Bissau,GNB,2008,4.038464250528807,1.4261534206565238,0.9883027077605773,0.7222222222222222,0.5555555555555556,0,1.8016951869002926,1.3429137148839014,1.5153132647327765,0.18009454658559457,False,False,False,False,False
Guinea-Bissau,GNB,2009,4.275023777221995,1.1725896549485315,1.4572971887251367,0.7777777777777778,0.3333333333333333,0,1.8254265686235769,1.1586629676789781,0.8439105948711768,1.1320783081657577,False,False,False,False,False
Guinea-Bissau,GNB,2010,3.6553511466105237,1.0782561945213527,2.092247665527903,0.8333333333333334,0.3888888888888889,0,1.8540598902208447,0.8464704117735461,0.8420601221740127,1.1973511131466257,False,False,False,False,False
Guinea-Bissau,GNB,2011,2.6676310891659765,3.391518583056123,2.305019046054161,0.7777777777777778,0.1111111111111111,0,2.0283892992108075,0.7790358538812739,0.8403006485912727,1.496806913052549,False,True,True,True,False
Guinea-Bissau,GNB,2012,1.8349089160412595,4.288453030200124,1.0713241001713558,0.5555555555555556,0.5555555555555556,0,1.883381653726992,0.04551131225264132,-0.09328724260124435,0.13653393675792397,False,False,False,False,False
Guinea-Bissau,GNB,2013,1.9284514363719432,1.5540364497984394,1.4771882894488357,0.5555555555555556,0.5555555555555556,0,1.436379679568288,0.0,-1.1278341038176747,-1.6034897892717095,False,False,False,False,False
Guinea-Bissau,GNB,2014,5.27195591615735,1.4954875173488118,2.039808585383467,0.6666666666666666,0.6666666666666666,0,2.294783737111259,0.0,-0.6130174389556261,-1.220535778971601,False,False,False,False,False
Guinea-Bissau,GNB,2015,10.0,1.260849179006991,1.2187391738886388,0.7222222222222222,0.611111111111111,0,3.029251003912459,0.0,-0.6115350896120225,-1.5415665733945585,False,False,False,False,False
Guinea-Bissau,GNB,2016,10.0,1.249609144285608,1.2118603442600675,0.8333333333333334,0.5,0,3.0256272310424683,0.0,-0.6115417439966827,-1.723888125113563,False,False,False,False,False
Guinea-Bissau,GNB,2017,10.0,1.4098038179187176,1.2151735316148164,0.8888888888888888,0.3888888888888889,0,3.036106581017818,0.0,-0.6831370673784332,-1.7158174818403433,False,False,False,False,False
Guinea-Bissau,GNB,2018,10.0,1.4440154630478113,0.9949363742915508,0.9444444444444445,0.2777777777777778,0,2.9766792563567614,0.0,-0.7178980936511153,-2.0350659184915942,False,False,False,False,False
Guinea-Bissau,GNB,2019,10.0,1.391090733933224,0.9355871006987774,0.9444444444444445,0.5,1,3.043113344704178,0.0,-0.7004337746897268,-2.2447377002399613,False,False,False,False,False
Guinea-Bissau,GNB,2020,10.0,2.199592680062591,0.9513647286693037,1.0,0.8888888888888888,1,3.3857470373019347,0.0,-0.6763796886604476,-2.198228515913671,False,False,False,False,False
Guinea-Bissau,GNB,2021,10.0,2.0725585058038902,2.2974068204897415,0.8333333333333334,0.8888888888888888,1,3.5628819541476155,0.0,-1.7290934760802281,-0.5118911016099834,False,False,False,False,False
Guinea-Bissau,GNB,2022,10.0,2.405938177117996,2.09883566544506,0.7777777777777778,1.0,1,3.612065879623722,0.07262956817722557,-1.5189111111865576,0.21788870453167672,False,False,False,False,False
Guinea-Bissau,GNB,2023,10.0,1.7179981802945337,1.6860040743272522,0.7777777777777778,1.0,0,3.3919115620354683,0.0,-2.373747160220567,-4.283111648041302,False,False,False,False,False
Guinea-Bissau,GNB,2025,10.0,1.03027245684217,3.578260562454556,0.8333333333333334,0.9444444444444445,1,3.6328177149704564,1.01447801755671,-0.758414687033974,3.04343405267013,False,False,False,False,False
Guyana,GUY,1991,,,,,,0,0.0,0.0,,,False,False,False,False,False
Guyana,GUY,1992,,,,,,0,0.0,0.0,,,False,False,False,False,False
Guyana,GUY,1993,,,,,,0,0.0,0.0,,,False,False,False,False,False
Guyana,GUY,1994,,,,,,0,0.0,0.0,,,False,False,False,False,False
Guyana,GUY,1995,,,,,,0,0.0,0.0,,,False,False,False,False,False
Guyana,GUY,1996,1.5895872101046948,1.6205645338233037,0.9815381328325875,,,0,1.3972299589201953,1.0679822575368032,0.2706800446969527,1.8652844703766536,False,False,False,False,False
Guyana,GUY,1997,1.6994622400639403,1.1669241604789438,1.0006573272222827,,,0,1.2890145759217224,1.4125137303344353,1.3306745943224583,1.4943528663464125,False,False,False,False,False
Guyana,GUY,1998,1.6884682187075244,1.1445846351331972,1.2355072891972787,,,0,1.3561867143460002,0.5981211725356884,1.0715766870446672,0.12466565802670955,False,False,False,False,False
Guyana,GUY,1999,1.5452932954404837,1.3111682967675402,1.7030485273121598,1.0,1.0,1,1.7119020239040368,0.18639926750101252,0.5591978025030375,-0.1840111420061494,False,False,False,False,False
Guyana,GUY,2000,1.8431139233168206,1.6062996438622106,1.5426657095647478,0.9999999999999999,0.9999999999999999,1,1.7984158553487557,0.4772204643139249,0.753159021236563,0.6785023717052119,False,False,False,False,False
Guyana,GUY,2001,1.2965243261564758,1.4507568322152034,0.8281604894503273,0.9999999999999999,0.9999999999999999,0,1.5150883295644013,0.24130347852132691,0.7239104355639807,-0.11399350150919677,False,False,False,False,False
Guyana,GUY,2002,1.2938771844650858,0.9850736814076201,1.1404228215212782,1.0,0.9047619047619049,0,1.4457794993835589,0.0,-1.0154020007035751,-0.8632933388529835,False,False,False,False,False
Guyana,GUY,2003,1.1812930786287752,0.8710207480754724,0.9352682379553886,0.9999999999999998,0.7857142857142856,0,1.3118021272176414,0.0,-1.3223122265241782,-0.9435973093456347,False,False,False,False,False
Guyana,GUY,2004,1.3892355207223628,1.0021209502223098,1.3612615839417042,1.0,0.8333333333333334,0,1.4838569443106087,0.0,-1.2639852330685366,-1.1054845511930935,False,False,False,False,False
Guyana,GUY,2005,1.350331047600447,1.0247873291981393,2.4140812865302244,0.9444444444444445,0.8333333333333334,0,1.668951043776873,0.0,-1.107499125071366,-0.9524255235479216,False,False,False,False,False
Guyana,GUY,2006,0.9567141873547084,1.0906290855790322,1.1659046258940462,0.7777777777777778,0.9444444444444445,0,1.3315384686544465,0.4597698486229798,-1.1397682028560037,1.3793095458689395,False,False,False,False,False
Guyana,GUY,2007,-0.23272751916428952,2.371243268090502,1.3721770869567678,0.4444444444444444,0.9444444444444445,0,1.3042396265650096,0.0,-2.2199194038331664,-0.8867014083630455,False,False,False,False,False
Guyana,GUY,2008,-0.7808644536215289,2.681190699087803,1.9176354716315647,0.0,0.8333333333333334,0,1.253098567477207,0.0,-2.2008405009777907,-0.6099660156514349,False,False,False,False,False
Guyana,GUY,2009,-1.020580763974927,3.269790669600611,2.5088550433560872,-0.3888888888888889,0.4444444444444444,0,1.3335069203691172,0.18400236349368437,-2.164938794681494,0.5520070904810531,False,False,False,False,False
Guyana,GUY,2010,-1.060819411327062,2.433662852341034,1.2351590407860218,-0.5555555555555556,0.5,0,0.9337643786254113,0.13155655900046379,-2.6096759267017804,0.39466967700139133,False,False,False,False,False
Guyana,GUY,2011,-1.0585627162566673,1.738740672416349,1.9201217514080504,-0.5555555555555556,0.611111111111111,0,0.9762169292093243,0.0,-2.704404556191215,-0.9263594482527048,False,False,False,False,False
Guyana,GUY,2012,-1.0526124565314756,5.796589136742347,3.084103785306324,-0.4444444444444444,0.5555555555555556,0,1.9983608066319563,0.0,-2.5739197629515536,-0.3142820747807149,False,False,False,False,False
Guyana,GUY,2013,-1.0276013035040505,4.706253027873805,5.779219670894564,-0.1111111111111111,0.5555555555555556,0,2.319316761975896,0.0,-2.604674129958151,-0.7861603871200011,False,False,False,False,False
Guyana,GUY,2014,-1.01286241239521,1.9693174120685106,4.3019317018247385,0.2777777777777778,0.2777777777777778,0,1.4764720450008721,0.0,-2.613686042900019,-0.20584858940019043,False,False,False,False,False
Guyana,GUY,2015,8.04485444450768,1.3247727181609805,10.0,0.3888888888888889,0.5555555555555556,0,4.2517032103115096,2.2151441039636732,-0.5259683190629827,6.645432311891019,False,False,False,False,False
Guyana,GUY,2016,10.0,2.3724413650252756,10.0,0.7222222222222222,0.9444444444444445,1,5.141154939671721,1.2435340514139381,-0.21248080582104398,3.2306021542418146,False,False,False,True,True
Guyana,GUY,2017,10.0,1.7146831930170345,10.0,0.8888888888888888,1.0,2,5.098492194158963,1.2693829178748157,-0.3002930338293047,2.641482086957781,False,False,False,True,True
Guyana,GUY,2018,10.0,1.7758282437642814,8.170126139437981,1.0,0.9444444444444445,2,4.76696865441823,1.1119111522524385,-0.3487523277525263,1.6690667900906493,False,False,False,True,True
Guyana,GUY,2019,10.0,2.4893613555844456,5.943864302547988,0.9444444444444445,0.7777777777777778,3,4.375534020515376,2.3798687382908503,1.406098260052324,3.733507954820227,False,False,True,True,True
Guyana,GUY,2020,10.0,3.152479463143177,5.754904827964695,0.8888888888888888,0.5,5,4.33703241377713,2.7157966563517952,5.107721368189335,1.039668600866051,False,False,True,True,True
Guyana,GUY,2021,10.0,4.134759618618072,4.139382457869098,0.8888888888888888,0.2777777777777778,4,4.121495081964101,2.7368663604452332,5.877265748002366,-1.7123772776651782,False,False,True,True,True
Guyana,GUY,2022,10.0,3.153399968853177,4.172486070979592,0.9444444444444445,0.5555555555555556,3,4.0651772079665545,2.7363978728364757,5.875860285176095,-1.8928802237231324,True,False,True,True,True
Guyana,GUY,2023,10.0,3.139002554050127,1.7284335880856252,0.9444444444444445,0.611111111111111,3,3.5957094506493723,2.8626017589035033,6.254471943377177,-1.9225200779140952,False,False,True,True,True
Guyana,GUY,2024,10.0,1.3287936889089387,3.177100043500484,0.8888888888888888,0.3888888888888889,2,3.412289857592996,2.200678848944617,4.935369880167184,-0.6228773267163628,False,False,True,True,True
Guyana,GUY,2025,10.0,1.2847745449958095,4.377990424561466,0.7777777777777778,0.16666666666666666,2,3.5103307716892322,2.3465907717122874,5.095421495238685,0.6110174865648446,False,False,False,True,True
Haiti,HTI,1991,,,,,,0,0.0,0.0,,,False,False,False,False,False
Haiti,HTI,1992,,,,,,0,0.0,0.0,,,False,False,False,False,False
Haiti,HTI,1993,,,,,,0,0.0,0.0,,,False,False,False,False,False
Haiti,HTI,1994,,,,,,0,0.0,0.0,,,False,False,False,False,False
Haiti,HTI,1995,,,,,,0,0.0,0.0,,,False,False,False,False,False
Haiti,HTI,1996,1.700196803649461,1.2130246447466069,-0.3358891465770948,,,0,0.9710738161320226,0.9271896928416469,1.5282542087678654,0.32612517691542825,False,False,False,False,False
Haiti,HTI,1997,1.60223062238144,1.2098347900729771,-0.5358926179811179,,,0,0.9373551374848056,0.6688110894818787,1.2995483323292485,0.03807384663450889,False,False,False,False,False
Haiti,HTI,1998,1.1327924260125612,1.1122165637847068,0.05243201037127905,,,0,0.765813666722849,0.5020839777236622,0.9050703844124053,0.09909757103491908,False,False,False,False,False
Haiti,HTI,1999,1.234426924612164,1.0689655168551595,0.3684365276561174,0.6666666666666669,1.0,0,1.201032460491355,0.20452272391478452,0.6135681717443535,-0.15291226449311981,False,False,False,False,False
Haiti,HTI,2000,1.1154293997869984,1.611615904533102,0.15964092284631706,0.7999999999999999,0.9999999999999999,0,1.2973372454332834,0.5627472654538445,-0.4758231371075409,1.6882417963615335,False,False,False,False,False
Haiti,HTI,2001,0.5198821132156665,1.3296310914734801,1.2836019530546214,0.3333333333333333,0.9999999999999999,0,1.159956364882087,0.0,-1.133202192445951,-0.29195512791850275,False,False,False,False,False
Haiti,HTI,2002,-0.3650273323863053,0.8130272439786279,2.0272242429893463,-0.04761904761904762,1.0,0,0.9680502973935947,0.18940049879659182,-1.2754407321083787,0.5682014963897755,False,False,False,False,False
Haiti,HTI,2003,-0.33778484766415035,2.0227733547591393,1.5621248866991062,-0.2857142857142857,0.9999999999999998,0,1.116979648291649,0.3286561862297315,-1.2747405101933116,0.9859685586891944,False,False,False,False,False
Haiti,HTI,2004,0.486358455541939,1.764023394999536,1.972179299066266,-0.3888888888888889,1.0,0,1.2445122299215483,0.0,-0.10359782467197502,-2.0254287384793472,False,False,False,False,False
Haiti,HTI,2005,2.8011115092696945,1.6689030441811712,2.6167334752415825,-0.3333333333333333,0.9444444444444445,0,1.7951273835162673,0.0,-0.08363670072671511,-1.2354123151343857,False,False,False,False,False
Haiti,HTI,2006,4.17826469797694,1.1543006603932335,2.6356347618452673,0.05555555555555555,0.8333333333333334,1,1.9491955795986435,1.5526712182238762,2.6525053545378365,2.005508300133792,False,False,False,False,False
Haiti,HTI,2007,4.178056624826178,1.1889901005692702,2.354816015434986,0.3888888888888889,0.7222222222222222,1,1.9888169926105317,1.712498814789244,2.649924275312877,1.4875721690548545,False,False,False,False,False
Haiti,HTI,2008,4.172859419507146,1.2015757698576917,2.043003004694557,0.5,0.5555555555555556,1,1.9057098610341012,3.0916661214240153,2.6229674460169448,4.985364251588435,False,False,False,False,False
Haiti,HTI,2009,4.132068038305391,1.2003699511393942,4.991916594116008,0.611111111111111,0.3333333333333333,1,2.4426486944899364,3.3300602698647115,2.592834010113384,5.730680132814085,False,True,True,True,False
Haiti,HTI,2010,4.15748488887387,1.1720490219392778,4.7404697447577915,0.8888888888888888,0.3888888888888889,0,2.525111842225299,3.127326915768114,2.6026467407623186,5.2793340065420225,False,False,False,False,False
Haiti,HTI,2011,10.0,1.2344800978123578,4.921512723850347,1.0,0.611111111111111,0,3.8756430087769855,2.9018916174207434,2.614256977804696,5.091417874457535,False,False,False,False,False
Haiti,HTI,2012,10.0,1.4201660430793,4.34793598727973,1.0,0.6666666666666666,2,3.8202870727384726,2.6456733408364737,2.615611914861494,4.821408107647926,False,False,False,True,True
Haiti,HTI,2013,10.0,1.4491930625367566,7.836223570103043,1.0,0.7222222222222222,3,4.545972215416849,3.1505453798403598,0.6542929858333947,8.797343153687684,False,False,False,True,True
Haiti,HTI,2014,10.0,2.5953657873861955,7.380528480605199,1.0,0.8333333333333334,2,4.728512186931613,3.161272032300193,0.4043213922786544,9.079494704621924,False,False,False,True,True
Haiti,HTI,2015,10.0,1.4447980647454297,6.774110843760484,0.9444444444444445,0.8333333333333334,2,4.354892892812294,0.7659995739685308,-1.7142820850644507,2.2979987219055924,False,False,False,True,True
Haiti,HTI,2016,10.0,1.3709344948846807,3.9418765405645932,0.7777777777777778,0.7777777777777778,2,3.684784429312077,0.7454123728353769,-1.7031201952358108,2.2362371185061307,False,False,False,True,True
Haiti,HTI,2017,10.0,1.3456706009052932,3.5181924087230243,0.5,0.6666666666666666,2,3.43943926859233,0.10047759118610873,-1.6744442971547395,0.3014327735583262,False,False,False,True,True
Haiti,HTI,2018,3.786243244303352,1.1746179901727107,2.7492486311400484,0.4444444444444444,0.5555555555555556,2,1.9420219731232222,0.1898246847185263,-1.6724572477061288,0.5694740541555788,False,False,False,False,False
Haiti,HTI,2019,-1.0980784404361756,0.6029538454056229,2.114621212604519,0.5555555555555556,0.3888888888888889,0,0.9212927893798062,0.289305240022049,-1.6848091741698132,0.867915720066147,False,False,False,False,False
Haiti,HTI,2020,-0.7264094626428805,1.3139325217953306,2.048631494555135,0.611111111111111,0.2777777777777778,0,1.0280683588256487,0.0,-1.6643730580009817,-0.6860492015115225,False,False,False,False,False
Haiti,HTI,2021,6.804212843961494,3.131819095955975,3.649535837974491,0.7777777777777778,0.2222222222222222,2,3.117113555578392,0.05555555555555555,-0.6202502388490304,-1.6856363694930219,False,False,False,True,True
Haiti,HTI,2022,9.658035768547979,2.300187541073825,2.3150189244392,0.8888888888888888,0.2777777777777778,2,3.3213151134788683,0.4444444444444444,-0.6006133306861288,-0.5105072504238422,False,False,False,True,True
Haiti,HTI,2023,10.0,2.2889179893600358,1.5220355940304116,0.8888888888888888,0.4444444444444444,2,3.295524050011423,0.8333333333333334,-0.6059871150906672,-0.5044301469939364,True,False,True,True,True
Haiti,HTI,2024,10.0,2.175864431265854,2.627411464235139,0.9444444444444445,0.4444444444444444,2,3.516210734655754,0.6666666666666666,-0.6912377042664413,-2.0256793530765194,True,False,True,True,True
Haiti,HTI,2025,10.0,1.986452478584948,1.3553002132469074,1.0,0.5,2,3.2683505383663713,0.5,-0.6650843277338457,-1.7097270221170449,False,False,False,True,True
Hungary,HUN,1991,,,,,,0,0.0,0.0,,,False,False,False,False,False
Hungary,HUN,1992,,,,,,0,0.0,0.0,,,False,False,False,False,False
Hungary,HUN,1993,,,,,,0,0.0,0.0,,,False,False,False,False,False
Hungary,HUN,1994,,,,,,0,0.0,0.0,,,False,False,False,False,False
Hungary,HUN,1995,,,,,,0,0.0,0.0,,,False,False,False,False,False
Hungary,HUN,1996,0.8410766468047214,2.883620557113873,1.6317889792209517,,,0,1.7854953943798488,0.0,-1.1811339187079455,-0.08663982789932939,False,False,False,False,False
Hungary,HUN,1997,0.49980878848112975,0.7207872319281676,0.3454568291201844,,,0,0.5220176165098273,0.0,-0.374938616004227,-0.06900808242468862,False,False,False,False,False
Hungary,HUN,1998,0.2531585396453652,1.02992535802097,0.8576257516940844,,,0,0.7135698831201399,0.0,-0.3127929994938169,-0.6500896879350753,False,False,False,False,False
Hungary,HUN,1999,1.001085133913602,1.189994912061465,1.236884313524001,1.0,1.0,0,1.4855928718998137,0.3333333333333334,-0.4305023044875186,-1.0151323946553799,False,False,False,False,False
Hungary,HUN,2000,1.1990107658292763,0.8911153530206272,0.9508663679233723,0.9999999999999999,0.7999999999999999,0,1.328198497354655,0.0,-0.4468749430531711,-0.6353466167792942,False,False,False,False,False
Hungary,HUN,2001,1.136476141295588,0.9397641898341269,1.0058512285263868,0.8666666666666666,0.8666666666666666,0,1.3097516452645537,0.0,-0.4333866748686122,-0.6575815787223493,False,False,False,False,False
Hungary,HUN,2002,0.7024596612652961,0.9535773846991411,1.1678226192358259,0.6190476190476191,0.9047619047619049,0,1.1742957425638623,0.04761904761904762,-0.39341768244425107,-0.5588222464592746,False,False,False,False,False
Hungary,HUN,2003,0.1653666545527293,0.1685004067365986,0.9468500544010556,0.42857142857142855,0.5714285714285714,0,0.6561434231380767,0.2857142857142857,-0.18871648896925147,-0.1634730724841122,False,False,False,False,False
Hungary,HUN,2004,2.106363999418929,2.452008734324049,2.163293042852398,0.5555555555555556,0.6666666666666666,2,1.833222044207964,1.5297094331594205,1.3671568884590297,1.8886380776858984,False,False,False,False,False
Hungary,HUN,2005,2.3746607416431544,1.6098636326579423,1.9150601956383895,0.5555555555555556,0.4444444444444444,4,1.5799169139878972,1.8917985008589009,2.3946067395697637,1.947455429673606,False,False,False,True,True
Hungary,HUN,2006,3.322040101456163,2.0027016666933384,4.3284953245689515,0.611111111111111,0.7222222222222222,3,2.4639807518770236,1.9408271276995306,1.989169008772578,1.999979040992681,False,True,True,True,True
Hungary,HUN,2007,3.451789374871062,2.493481310097717,2.72199414233608,0.7777777777777778,0.8333333333333334,2,2.377897409905416,1.840843429769091,1.8040833282936826,1.5517802943469232,False,True,True,True,True
Hungary,HUN,2008,10.0,1.5667757223469778,2.7852175236579626,1.0,0.8333333333333334,3,3.6037319825343217,2.7218947149296118,3.4978872363136215,2.1677969084752147,True,True,True,True,True
Hungary,HUN,2009,10.0,0.6738149012618421,2.215310501822339,1.0,0.5555555555555556,1,3.200047302839059,3.3377079001927714,5.170354950370217,2.3427687502080974,True,True,True,True,True
Hungary,HUN,2010,10.0,0.6148805758553054,10.0,1.0,0.3333333333333333,4,4.656309448504395,2.8019525186257668,5.179876743810624,0.7259808120666779,True,False,True,True,True
Hungary,HUN,2011,10.0,3.51454543167335,7.44659563027049,1.0,0.611111111111111,6,4.836672656833213,2.6586810998350576,5.087323635914945,0.7220529969235611,True,False,True,True,True
Hungary,HUN,2012,10.0,3.325153288376844,7.423904090240028,1.0,0.9444444444444445,4,4.927589253501152,2.4553935942517504,4.940303065156359,0.7592110509322256,False,False,False,True,True
Hungary,HUN,2013,10.0,3.239371430555238,6.620276813642311,0.9444444444444445,0.8888888888888888,5,4.705262982172844,1.5186165756881203,3.0554842705658185,0.6670321231652091,False,False,False,True,True
Hungary,HUN,2014,10.0,2.9836678427360632,6.597922666326345,0.9444444444444445,0.8888888888888888,5,4.649651435145815,1.0162666230076014,2.3257970033492112,0.5563361990069267,False,False,False,True,True
Hungary,HUN,2015,10.0,2.924125420498923,6.778597557311336,0.9444444444444445,0.8888888888888888,5,4.673877928895386,1.0070898493965508,2.2862777563970806,0.7349917917925716,False,False,False,True,True
Hungary,HUN,2016,10.0,2.947717753562309,7.702079555205153,1.0,0.8888888888888888,5,4.885515017309048,1.0215061807828898,2.3400756875731896,0.7244428547754796,False,False,False,True,True
Hungary,HUN,2017,10.0,2.922554867498388,7.7726319145490494,1.0,0.7777777777777778,4,4.850148467520599,0.2552633578773951,0.21386586430419233,0.551924209327993,False,False,False,True,True
Hungary,HUN,2018,10.0,6.396030208685296,10.0,1.0,0.7222222222222222,4,5.968094930625948,0.0,-0.7541312252834043,-0.26893833354638824,False,False,False,True,True
Hungary,HUN,2019,10.0,2.7586062862496195,2.602269157259702,1.0,0.4444444444444444,4,3.649952866479642,0.0,-1.0469002447115183,-0.37877840037118365,False,False,False,True,True
Hungary,HUN,2020,10.0,2.774263173611649,3.0635183194989617,1.0,0.4444444444444444,3,3.7453340763999003,0.0,-1.1299833187016213,-0.8410212759161857,False,False,False,True,True
Hungary,HUN,2021,10.0,2.7577290155330187,2.479851570044331,0.9444444444444445,0.4444444444444444,4,3.603071672671026,0.0,-1.1248521916527858,-0.7251930477098328,False,False,False,True,True
Hungary,HUN,2022,10.0,2.7135444755594023,7.624649890187489,0.8333333333333334,0.611111111111111,5,4.645416650927156,0.0,-0.9388066980634974,-0.2551118351876728,False,False,False,True,True
Hungary,HUN,2023,10.0,2.42018771855926,5.486530972261923,0.5555555555555556,0.5,4,4.003565960386458,0.0,-0.7171586356168855,-0.7825320950075125,False,False,False,True,True
Hungary,HUN,2024,10.0,2.3371295910960046,3.4632106415504724,0.16666666666666666,0.6666666666666666,2,3.493401379862628,0.0,-0.7073776934552468,-0.36178118208523435,False,False,False,True,True
Hungary,HUN,2025,10.0,1.9919974201349617,6.468626649876585,0.2222222222222222,0.5555555555555556,1,4.003235925113421,0.05555555555555555,-0.8128244417609126,-0.32338053042934456,False,False,False,True,True
Iceland,ISL,1991,0.0,,,,,0,0.0,0.0,,,False,False,False,False,False
Iceland,ISL,1992,0.0,,,,,0,0.0,0.0,,,False,False,False,False,False
Iceland,ISL,1993,0.0,,,,,0,0.0,0.0,,,False,False,False,False,False
Iceland,ISL,1994,0.0,,,,,0,0.0,0.0,,,False,False,False,False,False
Iceland,ISL,1995,0.0,,,,,0,0.0,0.0,,,False,False,False,False,False
Iceland,ISL,1996,1.320506118340842,1.6455108357751538,0.15275480889548299,,,0,1.039590587670493,0.6250794869139755,-1.360391689141188,1.250158973827951,False,False,False,False,False
Iceland,ISL,1997,0.8017160109628326,1.1109595009376099,0.14874439932867461,,,0,0.6871399704097058,0.6664128472421247,-0.904346994189748,1.3328256944842494,False,False,False,False,False
Iceland,ISL,1998,0.0,1.116442084678158,0.9932206419918629,,,0,0.7032209088900069,0.6590681061317606,-1.1226604317719966,1.3181362122635212,False,False,False,False,False
Iceland,ISL,1999,0.0,1.123580737010054,2.162965052798386,1.0,0.6666666666666669,0,1.3239758246283546,0.3247285540011904,-1.2613949207187558,0.9741856620035712,False,False,False,False,False
Iceland,ISL,2000,0.8980335642131525,1.5319712303064779,2.7495084255650664,0.7999999999999999,0.7999999999999999,1,1.6759026440169393,0.584113486233525,0.552340458700575,-0.8849938304988512,False,False,False,False,False
Iceland,ISL,2001,0.892554606003632,0.7769963950648787,1.1185614727319653,0.8666666666666666,0.8666666666666666,0,1.2509558280934285,0.789008333835307,0.5670250015059213,-0.800485095530061,False,False,False,False,False
Iceland,ISL,2002,0.949564651263193,0.8308669158214532,1.1422006490244665,0.9047619047619049,0.9047619047619049,0,1.3083359670313466,0.9194433567986362,0.6154729275387657,-0.7897058074992138,False,False,False,False,False
Iceland,ISL,2003,1.0734392735936875,0.8789511531272686,1.1293403097402093,0.9285714285714285,0.9285714285714285,0,1.3592032901493758,0.9132298268669484,0.5968323377437027,-0.8006279554016706,False,False,False,False,False
Iceland,ISL,2004,1.4630539984301931,1.4302265012209803,1.7546562696862487,0.9444444444444445,0.9444444444444445,0,1.6851429094230401,1.0087117874091969,0.6928020288942572,-0.8560331714123736,False,False,False,False,False
Iceland,ISL,2005,1.6677092941631948,1.1723138802507886,1.42660254423398,0.9444444444444445,0.9444444444444445,1,1.6088806992851485,1.3192182049239323,1.624321281438463,-0.7434606822371265,True,False,True,True,True
Iceland,ISL,2006,1.5793137694176518,1.1995371532172732,1.8879843547172501,0.9444444444444445,0.8888888888888888,0,1.6667003888037684,1.2104462429609946,1.131338728882984,-0.7868110185931686,True,False,True,True,True
Iceland,ISL,2007,2.398731644059472,1.2557189806499895,3.0960892802500113,0.9444444444444445,0.8333333333333334,0,2.0612190921030056,1.1457122048148831,1.1038032811113163,-1.0644221094256252,True,False,True,True,True
Iceland,ISL,2008,10.0,6.172072435927555,3.569558359286751,0.8888888888888888,0.6666666666666666,2,4.570548381265083,1.2498572706652513,1.5829051453290874,-0.6717548556244852,True,False,True,True,True
Iceland,ISL,2009,10.0,2.3434303268523853,2.865966007157631,0.8888888888888888,0.5,2,3.5974348223575587,0.2777777777777778,-0.04892272152472661,-0.8383255462577185,False,False,True,True,True
Iceland,ISL,2010,10.0,2.3401761147068236,3.505878910532836,0.8888888888888888,0.5,3,3.724766560603487,3.6666666666666665,10.0,-0.25684291890041117,True,False,True,True,True
Iceland,ISL,2011,10.0,3.3379744685366366,3.2547228267230217,0.9444444444444445,0.5,3,3.8963172368297094,3.722222222222222,10.0,-0.5203536503852231,False,True,True,True,True
Iceland,ISL,2012,10.0,3.7254979136560076,7.641911012214465,1.0,0.5555555555555556,3,4.895704007396317,3.777777777777778,10.0,-1.1816073992771547,False,False,False,True,True
Iceland,ISL,2013,10.0,4.505980828462346,5.235222763269561,1.0,0.7222222222222222,2,4.63712960723527,3.8333333333333335,10.0,-1.7178003327962956,False,False,False,True,True
Iceland,ISL,2014,10.0,4.626154008845257,2.5564524715413075,1.0,0.8333333333333334,2,4.169854629410646,4.0,10.0,-1.4188091301089636,False,False,True,True,True
Iceland,ISL,2015,10.0,4.612725565685132,2.7649336626727297,1.0,0.7777777777777778,2,4.186642956782683,4.0,10.0,-1.4880675943018122,False,False,False,True,True
Iceland,ISL,2016,10.0,4.431736616677673,2.5209228531652923,1.0,0.7777777777777778,2,4.101643005079705,3.888888888888889,10.0,-1.548423709340084,False,False,True,True,True
Iceland,ISL,2017,10.0,3.984499816860821,-0.1962526316110399,0.8888888888888888,0.7777777777777778,1,3.4635666300388315,3.8333333333333335,10.0,-0.7744444899083226,False,False,False,False,False
Iceland,ISL,2018,10.0,5.99277921412298,-0.676854515911458,0.6666666666666666,0.7777777777777778,1,3.7763336206023737,3.777777777777778,10.0,-0.7449584950124447,False,False,False,False,False
Iceland,ISL,2019,10.0,5.3934772969926925,0.7948201286609546,0.611111111111111,0.6666666666666666,1,3.7487705962418403,3.5,10.0,-0.9247488017254281,False,False,False,False,False
Iceland,ISL,2020,10.0,4.973674770204165,0.7929779316410287,0.6666666666666666,0.3888888888888889,1,3.5755527625912613,3.3333333333333335,10.0,-1.198746766317882,False,False,False,False,False
Iceland,ISL,2021,10.0,4.19434686026673,4.133592925544665,0.6666666666666666,0.2777777777777778,3,4.043365734940057,3.3333333333333335,10.0,-1.1913499301793644,False,False,False,True,True
Iceland,ISL,2022,10.0,4.243995655032535,0.36092155500867235,0.6666666666666666,0.3333333333333333,2,3.3209834420082416,0.2083542685303265,0.6250628055909795,-1.3240471756920416,False,False,False,True,True
Iceland,ISL,2023,10.0,3.3730424564712447,-0.10071346007262745,0.7777777777777778,0.2777777777777778,2,3.096830713516471,0.681966456349489,2.0458993690484673,-1.1391649647565358,False,False,False,True,True
Iceland,ISL,2024,10.0,3.960370247400342,1.5022855239740913,0.8888888888888888,0.3333333333333333,1,3.5814200431637757,0.7014617728575536,2.104385318572661,-1.17748564956214,False,False,False,False,False
Iceland,ISL,2025,10.0,1.9779942642117516,10.0,0.9444444444444445,0.3888888888888889,4,4.928932186175684,1.3119960351668876,3.9359881055006625,-0.7287255243097505,False,False,False,True,False
India,IND,1991,,,,,,0,0.0,0.0,,,False,False,False,False,False
India,IND,1992,,,,,,0,0.0,0.0,,,False,False,False,False,False
India,IND,1993,,,,,,0,0.0,0.0,,,False,False,False,False,False
India,IND,1994,,,,,,0,0.0,0.0,,,False,False,False,False,False
India,IND,1995,,,,,,0,0.0,0.0,,,False,False,False,False,False
India,IND,1996,1.518576572308017,2.155062870038374,-0.7368046610138078,,,0,1.2245464807821302,0.0,-1.2601707659000216,-0.0702335186093214,False,False,False,False,False
India,IND,1997,1.3293540326614441,1.2003439781008431,-0.21225249142537714,,,0,0.8432326702540958,0.0,-0.8646206469958974,-1.2429297975241802,False,False,False,False,False
India,IND,1998,1.2351259768868494,1.0603027460413375,0.9771900480111873,,,0,1.090872923646458,0.0,-1.2334767019133963,-1.3579053947487247,False,False,False,False,False
India,IND,1999,0.9890290976553706,1.0696210248755853,1.663141391939389,0.6666666666666669,1.0,0,1.4110249695607358,0.0,-1.4527858785350547,-1.5451521495665257,False,False,False,False,False
India,IND,2000,2.0797816963042792,0.830707502614534,2.610548235055625,0.7999999999999999,0.7999999999999999,2,1.7442074867948876,0.40367247716231947,0.6110174314869584,-0.1575891005660383,False,False,False,False,False
India,IND,2001,0.8473797905088211,0.5767442594919359,1.233222819986326,0.8666666666666666,0.7333333333333333,0,1.1714693739974167,0.8522539187356991,0.6697692779932316,0.48699247821386565,False,False,False,False,False
India,IND,2002,0.9352938705437086,0.9544319453281411,0.9863002792416208,0.9047619047619049,0.7142857142857143,0,1.222824266641742,1.0789696414000105,0.7691276305602287,0.6106384364969459,True,False,True,False,False
India,IND,2003,0.8722225343218178,1.014736055202419,1.4386880551428103,0.9285714285714285,0.7857142857142856,0,1.3508436146476952,1.357808769436058,0.8191906766492487,1.111378488801783,False,False,False,False,False
India,IND,2004,0.8429990692567968,0.9567302537511236,0.8530829318472194,0.8333333333333334,0.7777777777777778,0,1.1750068954154724,1.3303005809192436,0.7946191418880191,1.029615934203045,False,False,False,False,False
India,IND,2005,1.2683664608671161,0.8436813949875324,1.0358666092901698,0.6666666666666666,0.5555555555555556,0,1.1184717819178527,1.5386159304663878,1.1473298347666794,1.1351846232991514,True,False,True,False,False
India,IND,2006,0.8478482849990794,1.6996588497758525,1.4922606695709832,0.5555555555555556,0.2777777777777778,0,1.1412868942025163,1.13798584700049,0.4353093466611179,1.3119815276736857,False,True,True,False,False
India,IND,2007,1.3259257044717478,1.9040114942457331,1.8817229153371442,0.611111111111111,0.4444444444444444,0,1.4445542450331472,0.6211856565567749,0.42703056711058013,0.769859735893078,False,False,False,False,False
India,IND,2008,1.4290487055535068,0.9129378996096955,3.4825850872014454,0.611111111111111,0.7777777777777778,0,1.7204698940284853,0.4711558997435228,0.504595010860853,0.9088726883697154,False,False,False,False,False
India,IND,2009,1.4138784652473106,1.5849036555099298,4.793609636499812,0.9444444444444445,0.6666666666666666,0,2.202922795895855,0.0,-0.18261304735039413,-0.4295127536709928,False,False,False,False,False
India,IND,2010,2.133870395086593,1.134378743107157,5.357762958816299,1.0,0.3888888888888889,1,2.2807579749575657,0.0,-0.190978121349979,-0.6502720139965121,False,False,False,False,False
India,IND,2011,3.079486374613823,1.173334463139846,4.9342383274820945,1.0,0.2222222222222222,0,2.3263007219360414,0.0,-0.1626859657880395,-0.637002356069865,False,False,False,False,False
India,IND,2012,4.49266161567822,1.6014416119755364,4.3640121100021085,1.0,0.2222222222222222,0,2.580511956420062,0.0,-0.000509045702814317,-0.5253978566598643,False,False,False,False,False
India,IND,2013,5.927053437268628,4.341372852961405,2.793354185517102,1.0,0.2777777777777778,0,3.123467206260538,0.014526765707878392,0.043580297123635175,-0.911838103013588,False,False,False,False,False
India,IND,2014,10.0,4.725592649451774,7.708025512832105,1.0,0.3888888888888889,5,5.042279188012332,3.388888888888889,10.0,-0.34842773587414,False,False,False,True,True
India,IND,2015,10.0,4.635035979408215,6.556110259159971,1.0,0.611111111111111,5,4.882673692158082,3.722222222222222,10.0,-0.47506889996032303,False,False,False,True,True
India,IND,2016,10.0,2.893030478367957,2.4555653415835557,0.8888888888888888,0.7222222222222222,2,3.7141636084347467,3.944444444444444,10.0,-0.49379293368363103,False,False,False,True,True
India,IND,2017,10.0,2.988489666011252,1.992634481495446,0.9444444444444445,1.0,4,3.7740026072791175,4.111111111111112,10.0,-0.34374891331925667,True,False,True,True,True
India,IND,2018,10.0,3.359278653493062,2.7200105662077965,1.0,0.9444444444444445,5,3.9936356217179494,4.0,10.0,-0.1378565368334196,False,True,True,True,True
India,IND,2019,10.0,3.24523317945152,1.4729816068440238,1.0,0.8333333333333334,5,3.6769762905924424,3.8333333333333335,10.0,-0.13996306822648244,False,True,True,True,True
India,IND,2020,10.0,3.03145419971388,1.7142677229278036,1.0,0.7777777777777778,4,3.6602554956394484,3.5555555555555554,10.0,-0.16060042307182354,False,False,False,True,True
India,IND,2021,10.0,2.900604276397057,1.2752008845363603,1.0,0.611111111111111,3,3.4796054766311277,3.388888888888889,10.0,-0.19442691322518188,False,False,False,True,True
India,IND,2022,10.0,4.453235855986344,0.29279474813544143,1.0,0.2777777777777778,1,3.4603172319354685,3.3333333333333335,10.0,-0.40614456623759837,False,False,True,True,True
India,IND,2023,10.0,0.9879888200835659,3.7244860648769684,1.0,0.611111111111111,1,3.5869394214365515,2.9681214830542513,8.904364449162754,-0.6090741188835103,False,False,False,False,False
India,IND,2024,10.0,0.8747630193428021,0.3120860413417301,1.0,0.8333333333333334,1,2.9707031454702397,1.732552434230719,5.197657302692157,-0.7243378235036817,False,False,False,False,False
India,IND,2025,10.0,0.9787772391825831,0.8748313071212376,1.0,0.9444444444444445,1,3.148499487038542,2.0635287602754238,6.190586280826271,-0.6015286573869747,False,False,False,False,False
Indonesia,IDN,1991,,,,,,0,0.0,0.0,,,False,False,False,False,False
Indonesia,IDN,1992,,,,,,0,0.0,0.0,,,False,False,False,False,False
Indonesia,IDN,1993,,,,,,0,0.0,0.0,,,False,False,False,False,False
Indonesia,IDN,1994,,,,,,0,0.0,0.0,,,False,False,False,False,False
Indonesia,IDN,1995,,,,,,0,0.0,0.0,,,False,False,False,False,False
Indonesia,IDN,1996,-0.9663666783331444,0.00016392625810691077,-0.5004935178327542,,,0,5.4642086035636924e-05,0.0,-1.6948695064490757,-2.1003770787020946,False,False,False,False,False
Indonesia,IDN,1997,-0.9675480854208691,0.6002142090803668,1.76815378296697,,,0,0.7894559973491123,0.0,-1.6769482071147512,-0.7550538389773631,False,False,False,False,False
Indonesia,IDN,1998,0.22709322608965396,2.8286726544773666,1.884132699895166,,,0,1.646632860154062,0.222518124541609,-1.165625776104379,0.445036249083218,False,False,False,False,False
Indonesia,IDN,1999,0.692673256660665,2.0556347971367908,2.199806075082882,1.0,1.0,5,1.7896228257760676,1.4929262756044333,0.633700442751945,0.8450783840613545,False,False,False,True,False
Indonesia,IDN,2000,0.9414808842961658,0.5227904647041122,1.1761488125001298,0.9999999999999999,0.9999999999999999,0,1.3280840323000815,1.2700343445427587,0.6159862289135868,0.7941168047146894,True,False,True,False,False
Indonesia,IDN,2001,1.1344874968574448,0.5636622508340282,0.9464119339952548,0.9999999999999999,0.9999999999999999,0,1.3289123363373456,1.072170123716825,0.5909879226503307,0.8255224485001449,False,False,False,False,False
Indonesia,IDN,2002,1.1671862492601033,0.6914428593323813,0.5873862939273798,1.0,1.0,0,1.2892030805039727,1.0991674400442795,0.6264289538045408,0.8139305091854404,False,False,False,False,False
Indonesia,IDN,2003,1.3371397501905258,0.6985392084341886,0.5813103353374179,0.9999999999999998,0.9999999999999998,0,1.3233978587924262,1.1291348764014957,0.6319570574435289,0.8268761431895296,False,False,False,False,False
Indonesia,IDN,2004,1.848487204291137,0.5532022355215915,0.862599730365788,1.0,0.7777777777777778,2,1.3639689451468144,0.9634617407087015,0.723718555459438,-0.7732444541407457,False,False,True,False,False
Indonesia,IDN,2005,1.970563672203914,0.7830735393709021,2.472413468960257,1.0,0.7777777777777778,1,1.7563212472181255,0.9048881095482789,0.7146643286448366,-0.9218851669141701,False,False,True,True,False
Indonesia,IDN,2006,2.0688034888823554,0.10112261174549396,2.5489976366576705,1.0,0.3333333333333333,0,1.4771180807904374,0.9213276325160279,0.7639828975480837,-0.8598694521759147,True,False,True,False,False
Indonesia,IDN,2007,1.8187713518720394,2.4911385581452086,4.6261397507396405,1.0,0.611111111111111,0,2.431654376595822,0.398175248902096,0.5278590800396213,-1.0150332613906934,False,False,False,False,False
Indonesia,IDN,2008,0.840214586957233,2.595547923648138,2.835593604151697,0.5555555555555556,0.611111111111111,1,1.7209378896180803,0.05555555555555555,-1.3702329223367873,-1.704959679598389,False,False,False,False,False
Indonesia,IDN,2009,0.8563920661410013,2.5471042637662573,1.0958641084683076,0.3888888888888889,0.611111111111111,0,1.2998720876751133,0.0,-1.3755999130217975,-0.5420954804121233,False,False,False,False,False
Indonesia,IDN,2010,0.9669969267032833,3.0151902262193957,0.7848505312450955,0.16666666666666666,0.6666666666666666,0,1.2867408701668883,0.0,-1.342640799377797,-0.7532407499152252,False,False,False,False,False
Indonesia,IDN,2011,0.959161071536112,2.438375416318034,1.9433531107119904,-0.1111111111111111,0.5555555555555556,0,1.2904001419354494,0.0,-1.339267959651122,-0.26253062337157906,False,False,False,False,False
Indonesia,IDN,2012,0.9499911737631951,2.851039343328035,1.4132206168098802,-0.4444444444444444,0.5555555555555556,0,1.2650724490024445,0.0,-1.3377393304207494,-0.38554537748773754,False,True,True,False,False
Indonesia,IDN,2013,-0.5211543381404309,2.035029789734015,1.4195276588326675,-0.5,0.2777777777777778,0,0.8020226008244477,0.0,-1.6351556627032895,-2.3234918806204066,False,False,False,False,False
Indonesia,IDN,2014,-0.5982710043023762,2.065442097787438,1.1221613486848308,-0.4444444444444444,0.0,0,0.6375206892944538,0.0,-1.6381466418432562,-1.8061301016832159,False,False,False,False,False
Indonesia,IDN,2015,-0.4125941451069285,2.01642006966863,0.4914894802085339,-0.2222222222222222,0.05555555555555555,0,0.523804132197655,0.0,-1.6098927485912795,-1.651187465269724,False,False,False,False,False
Indonesia,IDN,2016,-0.41244026626566765,2.0450720234719246,0.47418494159610547,0.16666666666666666,0.3333333333333333,0,0.7038513930136061,0.0,-1.6098834883926285,-1.673952558662169,False,False,False,False,False
Indonesia,IDN,2017,-0.41223893794134286,1.8414633505959412,1.499899234092695,0.611111111111111,0.5,0,1.1127169613821717,0.0,-1.6087494318940934,-2.9354480498225812,False,False,False,False,False
Indonesia,IDN,2018,-0.6034345541868861,3.0164612078445385,0.5903160482935339,0.8888888888888888,0.5,0,1.2769110067831702,0.0,-1.6396613607915702,-2.8606458178920757,False,False,False,False,False
Indonesia,IDN,2019,-0.6181378032245591,3.130594197538788,-0.3765560658679461,0.9444444444444445,0.5,0,1.2038966172855354,0.0,-1.6388232692378295,-3.1739993366575727,False,False,False,False,False
Indonesia,IDN,2020,-0.5719972158555967,3.1373170913820196,0.1896657883591799,1.0,0.7222222222222222,2,1.354285464837129,0.0,-1.6313987136382886,-2.9789695806088488,False,False,False,False,False
Indonesia,IDN,2021,-0.5708716756282438,3.309956805787793,0.6584649103222706,1.0,0.8333333333333334,2,1.5270176765553463,0.05555555555555555,-1.6298891092242356,-2.980873533506396,False,False,True,True,False
Indonesia,IDN,2022,-0.5806267308873306,3.04471186386064,-0.34702658562056476,1.0,0.8333333333333334,2,1.3422757061054613,0.05555555555555555,-1.629419527000877,-2.9379207708588706,False,False,True,False,False
Indonesia,IDN,2023,-0.7629115249650896,3.035842684228961,-0.49065682787670106,1.0,0.8888888888888888,2,1.3627240924013477,0.0,-1.6538189114485315,-3.193362502312465,False,False,False,False,False
Indonesia,IDN,2024,-0.7430111664900486,3.206511154847058,-0.462571115602554,1.0,0.8888888888888888,2,1.3968577865249672,0.0,-1.6470885536022088,-3.4481490835753794,False,False,False,False,False
Indonesia,IDN,2025,-0.731960373041631,2.886818091043022,2.188242447984396,1.0,0.8888888888888888,2,1.7705676633610392,0.0,-1.627337245320708,-2.8526842519540536,False,False,False,False,False
Iran,IRN,1991,0.0,,,,,0,0.0,0.0,,,False,False,False,False,False
Iran,IRN,1992,0.0,,,,,0,0.0,0.0,,,False,False,False,False,False
Iran,IRN,1993,0.0,,,,,0,0.0,0.0,,,False,False,False,False,False
Iran,IRN,1994,0.0,,,,,0,0.0,0.0,,,False,False,False,False,False
Iran,IRN,1995,0.0,,,,,0,0.0,0.0,,,False,False,False,False,False
Iran,IRN,1996,0.0,0.6398582023454344,1.030039798942172,,,0,0.5566326670958688,1.023700666767686,-2.1766580241985527,2.047401333535372,False,False,False,False,False
Iran,IRN,1997,0.5987585061127089,1.913342919291343,2.419301029397992,,,0,1.6438008182673478,0.22199866094543952,0.30915471611203854,0.13484260577884047,False,False,False,False,False
Iran,IRN,1998,0.8072919726127733,0.49423387405229136,1.7587615621859243,,,0,1.0200958029503295,0.09760941347353204,-0.09714784694557364,0.19521882694706408,False,False,False,False,False
Iran,IRN,1999,1.3695103122551817,0.8610103129406036,2.329768116656113,1.0,1.0,0,1.7120577483703798,0.0,-0.46540345663626675,-1.1304983977464331,False,False,False,False,False
Iran,IRN,2000,1.316968687091531,1.0776421599016262,1.5123508908404992,0.9999999999999999,0.9999999999999999,0,1.5813923475667313,0.0,-0.3857226358356775,-1.4198904403434904,False,False,False,False,False
Iran,IRN,2001,1.3557477523223194,0.7850767202334822,0.5859126726780294,0.9999999999999999,0.7333333333333333,0,1.2386807623800995,0.20000000000000004,-0.028608241184620374,-0.609867183887725,False,False,False,False,False
Iran,IRN,2002,1.10009449027744,0.9542034545331647,1.7413929902421155,1.0,0.7142857142857143,0,1.4448524727248298,0.36939760322933735,0.10819280968801193,-0.4814546510877776,False,False,False,False,False
Iran,IRN,2003,1.4547411961266623,0.9126393493180416,1.7305296831019665,0.9285714285714285,0.7142857142857142,0,1.476724902852191,0.4683781875183402,0.11942027684073499,-0.27543804309546277,True,False,True,False,False
Iran,IRN,2004,0.9659145169910366,1.024116670437173,2.7951131865435337,0.7777777777777778,0.7777777777777778,0,1.5792510970165707,0.7938498947013107,0.48947565853543634,0.2254073589018292,True,False,True,True,True
Iran,IRN,2005,2.5059629617793955,2.5837408632077317,0.43020632172201845,0.7777777777777778,0.7777777777777778,3,1.7262042515640512,1.702747333762976,2.127296743624473,1.3142785909977877,False,False,False,True,True
Iran,IRN,2006,2.4243513216304247,1.6808023314148008,0.46401314713332115,0.7777777777777778,0.8888888888888888,1,1.5805000267023759,1.0639227723007751,-0.33310466940694916,1.5251016502356585,True,False,True,True,True
Iran,IRN,2007,1.546999804195126,1.2124410833827304,0.9530077263255611,0.6666666666666666,0.8333333333333334,1,1.3424897227806833,0.7753968041975884,-0.8996666894221007,1.4928570792594318,False,True,True,False,False
Iran,IRN,2008,1.7474109203513077,1.7048887906609098,2.5418830915801256,0.611111111111111,0.7222222222222222,0,1.7321698938518018,0.47137438847848734,-1.0629899742043882,1.414123165435462,False,True,True,True,True
Iran,IRN,2009,4.955360813801178,1.1794398989280759,5.602511381553601,0.5,0.5555555555555556,2,2.769684641078793,0.434106234547766,-0.5681605509607391,1.302318703643298,False,False,False,True,True
Iran,IRN,2010,7.167216403909106,1.0018127832089747,5.763938831709144,0.5,0.5555555555555556,1,3.208815825987667,0.8114323055076339,0.8252144111794143,1.6090825053434876,False,False,False,False,False
Iran,IRN,2011,7.269251719440716,1.1230068077102657,5.8810828724211275,0.5,0.7777777777777778,1,3.3657793910255327,0.6605821504056522,0.7339253330479903,1.2478211181689662,False,False,False,False,False
Iran,IRN,2012,8.723919267812523,1.2748079898479874,9.609402139901938,0.5555555555555556,0.611111111111111,1,4.388292546179157,0.5795319068619943,0.9873027976109361,0.4179595896417134,False,False,False,True,True
Iran,IRN,2013,8.594420858924547,-0.44135903619756284,3.9654851504475404,1.0,0.16666666666666666,2,2.978647868541084,0.5362436447615214,0.9061975484120021,0.035866719205895556,False,False,False,True,True
Iran,IRN,2014,8.501628312425526,0.07270780972167504,4.7074140543367,1.0,0.1111111111111111,1,3.100794479741224,1.7661931208164887,0.751587015423852,3.0469923470256144,False,False,False,False,False
Iran,IRN,2015,8.542288922957296,-0.35838915996746373,4.47373554581743,0.9444444444444445,0.16666666666666666,1,3.0476493381993897,1.591828349089907,0.7060610970893857,2.902757283513669,False,False,False,False,False
Iran,IRN,2016,8.605714348181145,0.24467378311094284,3.9574455530995167,0.9444444444444445,0.3333333333333333,1,3.0726778479894317,1.2121765864074872,0.7061158154069848,2.4304139438154766,False,False,False,False,False
Iran,IRN,2017,10.0,0.6107433355562013,2.294750779862285,0.9444444444444445,0.3333333333333333,0,3.092209934194808,1.7753609942966033,1.794501874753556,3.031581108136254,False,False,False,False,False
Iran,IRN,2018,7.051574526157197,2.224268743229672,2.4423537147298715,0.6666666666666666,0.2222222222222222,1,2.699194952378904,0.6534199608531094,0.056771379143642546,1.9034885034156854,False,False,False,False,False
Iran,IRN,2019,6.060675176755452,1.2161248853529256,4.256546071564019,0.3333333333333333,0.2222222222222222,0,2.5288914489567014,0.0,-0.6898748947108065,-0.11219815395271793,False,False,False,False,False
Iran,IRN,2020,5.981904827780457,0.8996928824441338,1.8361344901454564,-0.05555555555555555,0.2777777777777778,0,1.8546575511851207,0.0,-0.7247628963350722,-1.056747368456184,False,False,False,False,False
Iran,IRN,2021,4.087542634528534,1.204927682240784,2.3259072762101773,0.3888888888888889,0.5,1,1.8792310741514548,0.16038633480868886,-0.9897034187660286,0.48115900442606657,False,False,False,False,False
Iran,IRN,2022,4.012098307885782,1.0559718730237164,2.185465107666513,0.611111111111111,0.5,1,1.8951515021596463,0.13289699617331702,-0.9756965947057957,0.39869098851995105,False,False,False,False,False
Iran,IRN,2023,4.453124192444173,1.3134439367188109,2.0848509793280408,0.7777777777777778,0.7222222222222222,1,2.170283821698205,0.0,-0.9220935774284543,-0.3592641784235435,False,False,False,False,False
Iran,IRN,2024,7.7773537696804205,1.7601326063314968,2.4035150360561772,0.8333333333333334,0.6666666666666666,0,2.988200282413619,0.7946791049054688,1.6623668137585772,0.7216705009578291,False,False,False,False,False
Iran,IRN,2025,10.0,2.886935888286126,10.0,0.8333333333333334,0.611111111111111,1,5.155164955435003,0.6168183466024598,1.8504550398073796,-0.025217861399696607,False,False,False,True,False
Iraq,IRQ,1991,,,,,,0,0.0,0.0,,,False,False,False,False,False
Iraq,IRQ,1992,,,,,,0,0.0,0.0,,,False,False,False,False,False
Iraq,IRQ,1993,,,,,,0,0.0,0.0,,,False,False,False,False,False
Iraq,IRQ,1994,,,,,,0,0.0,0.0,,,False,False,False,False,False
Iraq,IRQ,1995,,,,,,0,0.0,0.0,,,False,False,False,False,False
Iraq,IRQ,1996,1.5312535119708166,0.592006337700527,-0.21700056550833138,,,0,0.7077532832237812,0.4651596920910611,0.030329959192184563,0.8999894249899376,False,False,False,False,False
Iraq,IRQ,1997,0.6876616206336416,0.4142993520246149,0.09504832886999638,,,0,0.3990031005094176,0.4073325248380891,-0.33972520205161044,0.8146650496761783,False,False,False,False,False
Iraq,IRQ,1998,0.08189359511090447,0.5459144972834367,0.7820905168541139,,,0,0.4699662030828183,0.3422786165134494,-0.6080067351536701,0.6845572330268987,False,False,False,False,False
Iraq,IRQ,1999,-0.3636835911968361,0.6433827934132242,2.1867189687767463,1.0,1.0,0,1.3660203524379941,0.22380635679428107,-0.8104751938572876,0.6714190703828432,False,False,False,False,False
Iraq,IRQ,2000,-0.363683590962666,0.8343618395936342,1.3570996902312151,0.9999999999999999,0.9999999999999999,0,1.2382923059649698,0.0,-0.879128071334043,-0.077170034402987,False,False,False,False,False
Iraq,IRQ,2001,0.525207314344992,0.8622087185035587,1.372861128585227,0.9999999999999999,0.6,0,1.1920554322867556,0.01070425191308679,-0.8788588376937141,0.03211275573926037,False,False,False,False,False
Iraq,IRQ,2002,1.2415854782009592,0.8312471827482998,1.1942623878671945,1.0,0.7142857142857143,0,1.3391332954775765,0.0,-0.8133688091573642,-0.24280809950522603,False,False,False,False,False
Iraq,IRQ,2003,1.9004231688939206,1.8181864097880895,1.8101028066684708,0.9999999999999998,0.7857142857142856,1,1.8200281913558105,0.6388747498628059,1.9166242495884178,-2.716129229519442,False,False,False,False,False
Iraq,IRQ,2004,1.9427663392261902,2.1360175309710403,1.5239236194634675,1.0,0.8333333333333334,3,1.853874831265473,0.3929892935412916,0.9282108693632699,0.250757011260605,False,False,False,True,True
Iraq,IRQ,2005,2.989376046650568,1.7692629191565439,1.2663281552723797,1.0,0.7222222222222222,3,1.8938823131047873,0.7070214792568272,1.4543977711038152,-0.31739318164808356,False,False,False,True,True
Iraq,IRQ,2006,10.0,2.46886205990322,1.0902204433788625,1.0,0.5555555555555556,3,3.3340387228786392,0.9730420850682653,1.5857929218714626,-0.3909245240685401,False,False,False,True,True
Iraq,IRQ,2007,10.0,2.57150559273456,1.7137442867137211,1.0,0.611111111111111,3,3.5014944203341,1.147794683460206,1.610050717047285,-0.3984119793637557,True,False,True,True,True
Iraq,IRQ,2008,10.0,2.5790782055100125,1.3050074753180367,1.0,0.7777777777777778,3,3.487928247276721,1.259063116256521,1.6105226821028962,-0.438720887305447,True,False,True,True,True
Iraq,IRQ,2009,10.0,2.5835159782583035,1.715043122590941,1.0,0.8888888888888888,2,3.615267375725405,1.2117101925450866,1.6351305776352596,-0.4713109379275899,True,False,True,True,True
Iraq,IRQ,2010,10.0,2.5946848948748684,3.754190370238566,1.0,0.9444444444444445,2,4.0475528308004645,1.1604548492002331,1.6480312142673663,-0.43927413981021907,True,False,True,True,True
Iraq,IRQ,2011,10.0,10.0,3.770949111669369,1.0,0.9444444444444445,4,5.531967600111652,0.8831252998529302,1.5538201660807365,0.2622224001447208,False,False,False,True,True
Iraq,IRQ,2012,10.0,6.694944145848678,3.701328930045849,0.5555555555555556,1.0,0,4.7014768374011275,0.2777777777777778,-1.4877132199384897,-3.944330006044232,False,False,False,False,False
Iraq,IRQ,2013,6.59642076534772,7.529766582892989,3.0109501392025146,0.16666666666666666,0.8888888888888888,0,3.849649719710867,0.0,-1.703799334676104,-0.7902925976413997,False,False,False,False,False
Iraq,IRQ,2014,3.123238710039566,3.81312680543949,-0.09376535335863069,-0.16666666666666666,0.7222222222222222,0,1.6761619919847,0.0,-2.110223317677138,-4.996855034693136,False,False,False,False,False
Iraq,IRQ,2015,2.48757750827213,3.006851946865911,0.08501407394641626,-0.4444444444444444,0.4444444444444444,0,1.2936664835946694,0.0,-2.219441938269576,-4.122242207630009,False,False,False,False,False
Iraq,IRQ,2016,2.312894744947491,2.5043928707006278,0.1047357437529204,-0.6666666666666666,0.5555555555555556,0,1.20662689410243,0.0,-2.226817513536414,-4.862273541721448,False,False,False,False,False
Iraq,IRQ,2017,2.8681435721014257,2.6419516883509373,1.1637969847453684,-0.5555555555555556,0.3333333333333333,0,1.4681117823728798,0.0,-2.1796110641723976,-2.830512895851051,False,False,False,False,False
Iraq,IRQ,2018,2.6087825720793525,3.027347582208058,-0.012591649059291379,-0.4444444444444444,0.0,0,1.1272260308574822,0.0,-2.1786695966889726,-4.214053727414465,False,False,False,False,False
Iraq,IRQ,2019,2.7572562731942925,2.8162264620647965,0.3448036966167323,-0.16666666666666666,-0.16666666666666666,0,1.1836572863751642,0.0,-2.1787496999730656,-3.9247664360264447,False,False,False,False,False
Iraq,IRQ,2020,4.746127232743288,3.6566899346547346,0.07895108822425395,0.2222222222222222,0.1111111111111111,0,1.8296869844577888,0.0,-2.1772969016141066,-5.273449429279445,False,False,False,False,False
Iraq,IRQ,2021,3.0656834526211934,2.6708480453600427,-0.5317057604842367,0.5555555555555556,0.0,0,1.3695285218184694,0.05555555555555555,-2.176655305866281,-5.046889274436873,False,False,False,False,False
Iraq,IRQ,2022,5.058632889401843,3.696369873668713,-0.23688667566179678,0.7222222222222222,0.4444444444444444,0,2.217667219280778,0.4444444444444444,-2.1730949705674285,-5.306304471120189,False,False,False,False,False
Iraq,IRQ,2023,5.582424704806524,3.401489355295139,2.0183112703107593,0.7777777777777778,0.8333333333333334,0,2.8448895105269285,0.5,-2.2202772248504266,-10.0,False,False,False,False,False
Iraq,IRQ,2024,6.593671471495963,2.090350379714674,0.08532555836626966,0.8333333333333334,0.611111111111111,1,2.331647259693159,0.2777777777777778,-2.216095841692238,-10.0,False,False,False,False,False
Iraq,IRQ,2025,5.737576025736772,4.944235045628744,0.46467577384538444,0.7777777777777778,0.7777777777777778,1,2.851519591264402,0.0,-2.1890095111037366,-6.985620260724068,False,False,False,False,False
Ireland,IRL,1991,0.0,,,,,0,0.0,0.0,,,False,False,False,False,False
Ireland,IRL,1992,0.0,,,,,0,0.0,0.0,,,False,False,False,False,False
Ireland,IRL,1993,0.0,,,,,0,0.0,0.0,,,False,False,False,False,False
Ireland,IRL,1994,0.0,,,,,0,0.0,0.0,,,False,False,False,False,False
Ireland,IRL,1995,0.0,,,,,0,0.0,0.0,,,False,False,False,False,False
Ireland,IRL,1996,1.830855297460359,1.4250407651637826,-0.11830646452385833,,,0,1.0852986875413804,1.5451780773508705,1.8246102903550718,1.2657458643466692,False,False,False,False,False
Ireland,IRL,1997,1.1452632564870535,1.662237812644353,0.9852778360911754,,,0,1.264259635074194,1.127287132222233,1.1019711812002604,1.1526030832442058,False,False,False,False,False
Ireland,IRL,1998,1.2410472536694772,0.8964439203422758,1.0559368355452894,,,0,1.0644760031856808,0.9155331583533032,0.6229740506196446,1.2080922660869617,False,False,False,False,False
Ireland,IRL,1999,1.499139999618816,1.0618314421054242,1.7060796234473115,1.0,1.0,0,1.6534102130343105,0.4651021770481518,0.322176338067214,1.0731301930772414,False,False,False,False,False
Ireland,IRL,2000,1.9164348145214836,1.6439674208047266,2.329545496701702,0.19999999999999998,0.9999999999999999,0,1.6579895464055823,0.1772077703533945,0.5316233110601835,-0.07133359459397515,False,False,False,False,False
Ireland,IRL,2001,1.098505719627825,2.2129287022717237,1.0628977193422984,0.2,0.9999999999999999,0,1.3548664282483693,0.0,-0.10597980410885767,-0.566841162756105,False,False,False,False,False
Ireland,IRL,2002,1.5805796974896287,1.3116017967374767,1.72037989299242,0.23809523809523814,1.0,0,1.4177503726820002,0.0,-1.273323369559577,-0.9654106679815357,False,False,False,False,False
Ireland,IRL,2003,1.1850060778010687,1.2769673526512706,1.089344707573844,0.2857142857142857,0.8571428571428571,0,1.1674064847480938,0.0,-1.0048000592270567,-1.0313048918184848,False,False,False,False,False
Ireland,IRL,2004,1.0907159326222395,1.2202620234332835,1.075659176042667,0.3333333333333333,0.7777777777777778,0,1.1217718708640825,0.0,-1.032459299751815,-1.0815303840593709,False,False,False,False,False
Ireland,IRL,2005,0.28062461319659276,1.2146837947363887,2.395691803071304,0.3333333333333333,0.611111111111111,0,1.1559778199786348,0.0,-0.9867926386550686,-0.983150705545611,False,False,False,False,False
Ireland,IRL,2006,0.15488683758193075,1.4506834852552841,1.583535926523123,0.16666666666666666,0.7222222222222222,0,0.9933768054276232,0.0,-0.995765583231344,-0.7016191622320427,False,False,False,False,False
Ireland,IRL,2007,0.0,1.4970133649249857,3.556939744953568,0.1111111111111111,0.7777777777777778,0,1.3663461775312664,0.0,-1.104423361304258,-0.5506023253154575,False,False,False,False,False
Ireland,IRL,2008,0.0,1.5857364883559717,3.804466471157481,0.5,0.7777777777777778,0,1.5891517030138016,0.0,-1.011396958001863,-0.5330432630542319,False,False,False,False,False
Ireland,IRL,2009,0.0,3.2056111435909305,1.4932481073845207,0.9444444444444445,0.8333333333333334,0,1.6508829613062013,0.4515724878549772,-1.2415176792915408,1.3547174635649317,False,False,False,False,False
Ireland,IRL,2010,0.0,6.0086885586923415,2.5924764053892044,0.5,0.5,0,2.1202329928163093,0.0,-1.7530145192994249,-0.05797188273251281,False,True,True,True,False
Ireland,IRL,2011,0.0,-0.18840737015008663,2.654754014820136,0.1111111111111111,0.4444444444444444,0,0.7531730251862494,0.0,-1.8471334386427813,-0.2862832267094771,False,True,True,False,False
Ireland,IRL,2012,0.0,1.427506312951883,0.10795281100738109,-0.1111111111111111,0.3888888888888889,0,0.4626473803474084,0.0,-2.1717838792232467,-0.46644498535646023,False,True,True,False,False
Ireland,IRL,2013,0.0,2.7151144087270804,-0.9335431261990595,-0.3333333333333333,0.3888888888888889,0,0.6985784373009716,0.0,-2.20371929553691,-0.8001704854334332,False,False,False,False,False
Ireland,IRL,2014,0.0,3.1369887686659514,2.318756500735502,-0.2222222222222222,0.611111111111111,0,1.335593498324735,0.0,-1.9092804263628564,-0.45348500956015325,False,False,False,False,False
Ireland,IRL,2015,0.0,1.5863359176179397,2.690116864588867,0.2222222222222222,0.5,0,1.1441794453302503,0.1382986163246425,-1.6350768406462237,0.41489584897392745,False,False,False,False,False
Ireland,IRL,2016,0.0,2.099137483664999,1.6227012749565377,0.611111111111111,0.7222222222222222,0,1.2777010850576407,0.09595191455177265,-1.199969813735304,0.28785574365531796,False,False,False,False,False
Ireland,IRL,2017,0.0,3.1830903515753635,-0.1538573665644491,0.9444444444444445,0.7777777777777778,0,1.3255069592039617,0.1111111111111111,-1.28642978362646,-0.11561133957576737,False,False,False,False,False
Ireland,IRL,2018,0.0,2.026592252632284,0.4946035422869113,0.8888888888888888,0.7777777777777778,0,1.1709058256505056,0.5,-0.9154613291284845,-0.0862610266178349,False,False,False,False,False
Ireland,IRL,2019,0.0,1.5589290724025775,-0.8417236686825226,0.8888888888888888,0.7777777777777778,0,0.9784524811471821,0.6666666666666666,-0.9388261189019776,-0.1630619764657648,False,False,False,False,False
Ireland,IRL,2020,0.12067094665551763,0.6881953181904511,-0.8091643761536188,0.8888888888888888,0.7222222222222222,0,0.8062176974136381,0.8333333333333334,-0.9015163915819897,-0.36820526627983674,True,False,True,False,False
Ireland,IRL,2021,0.13737280769850013,-0.24179377358038928,-0.626990922663252,0.9444444444444445,0.611111111111111,0,0.6496967837619223,0.7777777777777778,-0.9162988377921192,-0.3269885698426761,True,False,True,False,False
Ireland,IRL,2022,0.1690468071526166,0.5607767480450201,1.073869203409559,0.9444444444444445,0.611111111111111,0,0.9829607739436614,0.7222222222222222,-0.9109802318225242,-0.37407634735711837,False,False,False,False,False
Ireland,IRL,2023,0.2966161944774731,1.1895733669498536,1.3865372944295837,0.9444444444444445,0.6666666666666666,0,1.2189898156158265,0.3888888888888889,-1.2036088621899832,-0.7713634503388763,False,False,False,False,False
Ireland,IRL,2024,0.0,1.4150937265789885,1.821042832870937,0.8888888888888888,0.6666666666666666,0,1.2694495341122072,0.0,-1.3785197867187204,-1.0707336484591743,False,False,False,False,False
Ireland,IRL,2025,1.471624304994563,0.3603572387645272,7.3308722078981,0.8888888888888888,0.7777777777777778,0,2.4992374169981044,0.0,-1.5182456855962598,-1.2002878899232394,False,False,False,False,False
Israel,ISR,1991,0.0,,,,,0,0.0,0.0,,,False,False,False,False,False
Israel,ISR,1992,0.0,,,,,0,0.0,0.0,,,False,False,False,False,False
Israel,ISR,1993,0.0,,,,,0,0.0,0.0,,,False,False,False,False,False
Israel,ISR,1994,0.0,,,,,0,0.0,0.0,,,False,False,False,False,False
Israel,ISR,1995,0.0,,,,,0,0.0,0.0,,,False,False,False,False,False
Israel,ISR,1996,1.1991956697753818,2.8368443079504453,1.7458596462848388,,,0,1.9272998746702221,0.37505887222100626,0.7501177444420125,-0.19808927230757087,False,False,False,False,False
Israel,ISR,1997,0.9742265941709989,0.2535660721596563,-0.08922712407162049,,,0,0.40926422211021835,0.5686374368862834,0.8584071002678815,0.2788677735046853,False,False,False,False,False
Israel,ISR,1998,0.31080502166162294,0.16559227089243356,1.799257504530039,,,0,0.7585515990280318,0.21188205401649157,0.22230234849853847,0.2014617595344447,False,False,False,False,False
Israel,ISR,1999,0.11548853220382692,0.06196749082580454,2.383398014368646,0.3333333333333334,1.0,0,1.0455041408129888,0.10859177318911058,-0.10798030415534281,0.32577531956733174,False,False,False,False,False
Israel,ISR,2000,0.8053616584924249,0.481560280470662,1.931948683504797,0.6,0.9999999999999999,0,1.2837741244935768,0.05120734982514646,0.027501822656476972,0.1261202268189624,False,False,False,False,False
Israel,ISR,2001,1.512170503793393,0.7294492775416678,2.5128591380312093,0.7333333333333333,0.9999999999999999,1,1.6442291172065873,0.011308157815077878,0.03392447344523363,-0.4606284260583248,False,False,False,False,False
Israel,ISR,2002,1.7124063169435988,0.9529591470706074,1.442229446538293,0.8095238095238096,1.0,1,1.5453285059200237,0.22423402970470976,0.3593887608367606,0.31331332827736874,False,False,False,False,False
Israel,ISR,2003,1.072137178804124,1.0907720855266232,1.6757353881661468,0.7142857142857142,0.9999999999999998,0,1.4534432162136646,0.477197926505579,0.34132296954966074,1.0902708099670764,False,False,False,False,False
Israel,ISR,2004,1.4501319120667508,1.2054517585209386,1.6358950402281083,0.6666666666666666,1.0,0,1.5249624088298261,0.4644795518823863,0.38604041772036135,1.0073982379267976,False,False,False,False,False
Israel,ISR,2005,1.3872470849822598,2.536828345713161,0.3795529873761268,0.4444444444444444,1.0,0,1.4385034613920873,0.0,-2.8710253332615885,-2.684489757230771,False,False,False,False,False
Israel,ISR,2006,0.6917072806115896,2.6291453908000855,1.5054139955524088,0.4444444444444444,0.7222222222222222,0,1.4319200000594836,0.0,-2.5400935595683083,-0.8443661648293208,False,False,False,False,False
Israel,ISR,2007,2.1707906359777267,5.462161818516125,6.195505309165721,0.611111111111111,0.8888888888888888,4,3.3656915527319144,0.1131552143079723,-1.2585090138505761,0.3394656429239169,False,False,False,True,False
Israel,ISR,2008,4.327423942264989,3.5523884057634634,0.5035587023415093,0.6666666666666666,1.0,2,2.343340876740659,0.0,-1.9779162724195325,-0.5062467047198872,False,False,False,False,False
Israel,ISR,2009,6.1102137613452285,3.529145279077649,0.4693943563119985,0.6666666666666666,0.8888888888888888,2,2.6439729015691973,0.0,-1.881671196238907,-0.5605386979238082,False,False,False,True,True
Israel,ISR,2010,7.10960990905389,3.555984068549685,7.2477895403166075,0.7222222222222222,0.7222222222222222,3,4.160454481361813,0.0,-2.1383202752639225,-1.4686306314266817,False,False,False,True,True
Israel,ISR,2011,6.702423613259034,3.8649206121277873,4.5033334518287305,0.8333333333333334,0.7777777777777778,4,3.6585799798875556,0.0,-1.9967906344387192,-1.2774733922178776,False,False,False,True,True
Israel,ISR,2012,7.202766898798723,3.852967153798286,2.930674770921367,0.8888888888888888,0.8333333333333334,4,3.486170653592564,0.0,-2.1296912660770886,-1.9791877444210335,False,False,False,True,True
Israel,ISR,2013,7.425166521374448,3.7039009260492217,3.211707255310774,0.8888888888888888,0.8333333333333334,4,3.557043829435778,0.1111111111111111,-2.0732801390431956,-2.7025718424576,False,False,False,True,True
Israel,ISR,2014,6.496803771621781,3.998391647037505,4.699818562886349,0.8888888888888888,0.7777777777777778,2,3.705669462975794,0.05555555555555555,-1.4987273795144673,-2.740108410061155,False,False,False,True,True
Israel,ISR,2015,6.910696029659081,4.103834735725034,5.220822442001074,0.9444444444444445,0.3333333333333333,1,3.758181752588149,0.0,-2.046678569893991,-3.16497725083691,False,False,False,False,False
Israel,ISR,2016,6.698246481754757,4.217562848997309,3.202350019563437,1.0,0.5555555555555556,1,3.4458540922853222,0.0,-3.1895847440464618,-5.271297007302379,False,False,False,False,False
Israel,ISR,2017,6.425089402097065,4.350986821750304,4.39381174030872,1.0,0.7777777777777778,1,3.7450887039423293,0.0,-3.201355319568031,-5.370314575981589,False,False,False,False,False
Israel,ISR,2018,7.682244988618039,4.306277781344801,1.8671493875878014,0.9444444444444445,0.8888888888888888,0,3.5044677648434615,0.0,-3.181184412802058,-5.099462775529674,False,False,False,False,False
Israel,ISR,2019,5.973573094050584,4.473015444359261,1.8928296304662524,0.9444444444444445,0.9444444444444445,1,3.223439189330775,0.0,-3.1706587168304026,-3.8142137602643054,False,False,False,False,False
Israel,ISR,2020,6.461375617183237,3.746452177939812,3.794109158141425,0.8888888888888888,0.6666666666666666,1,3.4226096128751164,0.0,-3.2468844710663785,-6.1377670283074455,False,False,False,False,False
Israel,ISR,2021,5.805380681707854,3.6974605900619215,5.421543729164628,0.611111111111111,0.4444444444444444,1,3.407099222409103,0.0,-3.2443639148807826,-6.048814383548629,False,False,False,False,False
Israel,ISR,2022,10.0,4.437513749005034,2.9330091108294303,0.611111111111111,0.611111111111111,1,3.962993460855782,0.0,-3.2161635126729013,-6.020125785650225,False,False,False,False,False
Israel,ISR,2023,10.0,2.200067112387199,10.0,0.7222222222222222,0.6666666666666666,2,4.995568978032995,0.0,-2.8037284820191517,-3.0788182712046415,False,False,False,True,True
Israel,ISR,2024,10.0,3.1450457099494535,10.0,0.8333333333333334,0.5,2,5.162342475323224,0.2777777777777778,-2.7806927618987847,-2.9062911152052635,False,False,False,True,True
Israel,ISR,2025,10.0,3.9346947842893343,8.643055997645824,0.8888888888888888,0.4444444444444444,5,5.048883489720366,0.4444444444444444,-2.7988042732317355,-4.176245808140227,False,False,False,True,True
Italy,ITA,1991,,,,,,0,0.0,0.0,,,False,False,False,False,False
Italy,ITA,1992,,,,,,0,0.0,0.0,,,False,False,False,False,False
Italy,ITA,1993,,,,,,0,0.0,0.0,,,False,False,False,False,False
Italy,ITA,1994,,,,,,0,0.0,0.0,,,False,False,False,False,False
Italy,ITA,1995,,,,,,0,0.0,0.0,,,False,False,False,False,False
Italy,ITA,1996,1.5052391721052087,-0.43727484716320564,1.1403021291496667,,,0,0.8818471004182918,0.9778984921012448,1.2591337180058124,0.6966632661966771,False,False,False,False,False
Italy,ITA,1997,1.4526430822755787,0.00034961749671906663,-0.45854462055810646,,,0,0.4843308999240992,0.8028727032453363,0.9300751088234962,0.6756702976671765,False,False,False,False,False
Italy,ITA,1998,0.8561180016688237,0.25758176006698735,0.15280575608244493,,,0,0.4221685059394187,0.6309211683417782,0.7002611437452402,0.5615811929383163,False,False,False,False,False
Italy,ITA,1999,0.42122855662749403,0.9754807167490606,0.7854898309958567,-0.6666666666666669,1.0,0,0.8364398208744823,0.2516597790126336,0.22790558507362987,0.5270737519642709,False,False,False,False,False
Italy,ITA,2000,0.6922798747472854,0.6675312038692711,0.7511157907107207,-0.6,0.7999999999999999,0,0.7421853738654554,0.31587875331220977,0.35292836139513256,0.5947078985414966,False,False,False,False,False
Italy,ITA,2001,0.6035782444953537,0.9635777513506926,0.7662957616707665,-0.6,0.7333333333333333,0,0.7600236848366958,0.2507614524908205,0.466057404769309,0.28622695270315246,False,False,False,False,False
Italy,ITA,2002,0.2479085752541301,2.052265736227431,1.2354480698741126,-0.7142857142857143,0.8095238095238096,0,1.0309340000806586,0.08576136463612079,-0.0016738989703688895,0.2572840939083624,False,False,False,False,False
Italy,ITA,2003,0.21294122619084882,1.1528472124810418,1.7043416028682614,-0.7857142857142856,0.6428571428571428,0,0.8711688654508876,0.00917720934276473,-0.40996888508936524,0.02753162802829419,False,False,False,False,False
Italy,ITA,2004,-1.2556326395441746,1.7853247968382018,2.4900132376757544,-0.8333333333333334,0.7222222222222222,0,1.1439564957916801,0.0,-1.3844900188079068,-0.9809708584648961,False,False,False,False,False
Italy,ITA,2005,-1.167349774559651,2.620219600449303,1.3565990802708237,-0.7777777777777778,0.7222222222222222,0,1.084252625032914,0.0,-2.140228518944979,-2.645768223482916,False,False,False,False,False
Italy,ITA,2006,-1.2556516082640612,4.39887128989884,3.707224166002506,-0.7222222222222222,0.8888888888888888,0,1.9767746467358251,0.0,-2.3714476813026253,-3.8483960309976726,False,False,False,False,False
Italy,ITA,2007,-0.9303498946836495,4.276897217225219,4.0984977618558815,-0.5,0.9444444444444445,0,2.052856773593998,0.0,-2.6632781790270443,-6.5842442559184065,False,False,False,False,False
Italy,ITA,2008,-0.7958559262291565,4.038964665573125,3.791591400401878,-0.2777777777777778,0.9444444444444445,0,1.9438889909727783,0.0,-2.668032173624771,-8.600828808086861,False,False,False,False,False
Italy,ITA,2009,-0.995183856935322,5.360813130020333,4.186342003664875,-0.05555555555555555,0.9444444444444445,0,2.28720880451482,0.0,-2.7754200460394314,-10.0,False,False,False,False,False
Italy,ITA,2010,-1.0140007737221026,3.0000915505334196,0.2573751657341081,0.16666666666666666,0.8333333333333334,0,1.0514933432535056,0.0,-2.829477835184677,-7.115593191061269,False,False,False,False,False
Italy,ITA,2011,-0.4686740905374129,2.667793401674039,2.913709488299603,0.611111111111111,0.5555555555555556,0,1.5829672446613952,0.0,-2.721965055766938,-6.2162473016725714,False,False,False,False,False
Italy,ITA,2012,-0.060203320052666376,3.8948804810817403,2.536581058008713,0.6666666666666666,0.4444444444444444,0,1.7307367522625348,0.0,-2.6314994813326487,-4.807310866882895,False,False,False,False,False
Italy,ITA,2013,-0.4671505485793599,4.540123438792224,5.099073355830384,0.611111111111111,0.5,0,2.372283803368966,0.0,-2.6532517574202026,-6.576466064054132,False,False,False,False,False
Italy,ITA,2014,-0.31200537927199357,4.912248467001117,5.578644446846721,0.611111111111111,0.5,1,2.542623027214012,0.0,-2.7756399196995503,-6.430842870159219,False,False,False,False,False
Italy,ITA,2015,-0.2541653747592531,5.739044623009714,5.633304874438837,0.611111111111111,0.5,0,2.7189143439341543,0.0,-2.834146460767967,-6.391036740529658,False,True,True,True,False
Italy,ITA,2016,-0.06399715879485295,6.943713479605051,4.860089148049028,0.611111111111111,0.7222222222222222,0,2.894093858864149,0.0,-2.789225454637918,-6.823854025222093,False,False,False,False,False
Italy,ITA,2017,-1.756384851752893,5.714587008571484,6.477040948932978,0.2777777777777778,0.7777777777777778,0,2.8605478137231146,0.0,-2.7849414531718124,-4.8780877820380955,False,False,False,False,False
Italy,ITA,2018,-1.949667832625791,5.226723369475044,10.0,-0.05555555555555555,0.611111111111111,0,3.2897891183394536,0.0,-2.8343146919038813,-7.230850488399218,False,False,False,False,False
Italy,ITA,2019,-1.9497349229759187,5.398145580752376,8.082720311109235,-0.3888888888888889,0.6666666666666666,0,2.9628398450389892,0.0,-2.8838078218363288,-8.782226213750903,False,False,False,False,False
Italy,ITA,2020,-1.515339153653992,10.0,10.0,-0.4444444444444444,0.7222222222222222,0,4.288888888888889,0.0,-3.0040914412652864,-7.894630873187694,False,False,False,False,False
Italy,ITA,2021,-1.9529914318390678,10.0,7.224622373998794,-0.1111111111111111,0.7222222222222222,0,3.7338133636886477,0.0,-3.0925501586942485,-10.0,False,False,False,False,False
Italy,ITA,2022,-1.558124755541948,10.0,7.68621632538936,0.3333333333333333,0.7222222222222222,0,3.9594654873000943,0.0,-2.9867371188586986,-10.0,False,False,False,False,False
Italy,ITA,2023,-0.2372651579795398,10.0,9.399521013454136,0.4444444444444444,0.5555555555555556,0,4.279904202690827,0.0,-2.829075343482678,-10.0,False,False,False,False,False
Italy,ITA,2024,10.0,10.0,9.27018814363709,0.611111111111111,0.6666666666666666,0,6.36514873983853,0.0,-2.8292886212202912,-10.0,False,False,False,False,False
Italy,ITA,2025,10.0,10.0,8.99488793248801,0.7777777777777778,0.7222222222222222,1,6.398977586497603,0.1111111111111111,-2.732090237990235,-10.0,False,False,False,True,False
Ivory Coast,CIV,1991,,,,,,0,0.0,0.0,,,False,False,False,False,False
Ivory Coast,CIV,1992,,,,,,0,0.0,0.0,,,False,False,False,False,False
Ivory Coast,CIV,1993,,,,,,0,0.0,0.0,,,False,False,False,False,False
Ivory Coast,CIV,1994,,,,,,0,0.0,0.0,,,False,False,False,False,False
Ivory Coast,CIV,1995,,,,,,0,0.0,0.0,,,False,False,False,False,False
Ivory Coast,CIV,1996,1.4127647132807195,1.0014073002744979,-0.7458239867354953,,,0,0.8047240045184058,0.20269933691125896,-1.39382080413578,0.40539867382251793,False,False,False,False,False
Ivory Coast,CIV,1997,1.2614871174584066,1.022588375638807,-0.32757381864661256,,,0,0.7613584976990712,0.12298609540875013,-1.4281121741202103,0.24597219081750027,False,False,False,False,False
Ivory Coast,CIV,1998,1.1222821009864064,1.0905325847166685,1.4790314440221461,,,0,1.2306153765750736,0.027501958929793128,-1.4525995370166134,0.055003917859586256,False,False,False,False,False
Ivory Coast,CIV,1999,0.887974220702593,2.188891678815754,2.520147667492309,0.0,1.0,0,1.519402713402131,0.0,-0.4315399862794204,-2.8265526457696457,False,False,False,False,False
Ivory Coast,CIV,2000,1.3905844257197717,2.598319864346003,1.9329047966434585,0.39999999999999997,0.7999999999999999,0,1.6643618173418466,0.8215071954649987,0.6735040408084089,0.5910175455865873,False,False,False,False,False
Ivory Coast,CIV,2001,1.4101165817669874,0.17634293443928797,1.805240030575016,0.6,0.7333333333333333,0,1.2116732426895918,0.8509093304067541,0.7124943667484495,0.040233624471813265,False,False,False,False,False
Ivory Coast,CIV,2002,0.9141016158026616,-0.06263842522131738,0.7771995931785008,0.7142857142857143,0.4285714285714286,0,0.7954030989390897,1.0021916992598168,0.8637179549223071,-0.4116105521072354,False,False,False,False,False
Ivory Coast,CIV,2003,1.1329719456472462,0.051564553142808355,0.8412814318442009,0.7142857142857142,0.4999999999999999,0,0.8908778718411368,1.1753825952289028,0.8634609981324496,0.5198296446971165,False,False,False,False,False
Ivory Coast,CIV,2004,1.491211554750648,1.6961152655933944,1.7086772051891048,0.7777777777777778,0.611111111111111,0,1.5347563606621848,1.115770301603909,0.7965654446375828,0.5507454601741445,False,False,False,False,False
Ivory Coast,CIV,2005,1.648967958954496,1.4343201998212425,1.7460861544015476,0.8333333333333334,0.5555555555555556,0,1.521430418191013,1.153208390027923,0.7963296963028278,0.8299621404476084,False,False,False,False,False
Ivory Coast,CIV,2006,1.5184184997717491,1.427449560440651,1.793364824486522,0.8888888888888888,0.2222222222222222,0,1.392291021384229,0.9845754618607545,0.7955665224385732,0.824826529810357,False,True,True,False,False
Ivory Coast,CIV,2007,1.4187180669587294,3.4878733822586825,2.4546222372595903,0.7777777777777778,0.5,0,1.9833538484065116,0.8265885632683477,0.9961615669322064,0.15027078953950365,False,False,False,False,False
Ivory Coast,CIV,2008,1.0987849314844078,10.0,5.708600750043691,0.5,0.8333333333333334,0,3.8948104696389536,0.6697221413051472,-0.3353440995948042,2.0091664239154414,False,True,True,True,False
Ivory Coast,CIV,2009,-0.18495781852547943,10.0,1.9690574398281033,0.05555555555555555,0.9444444444444445,0,2.7938114879656206,0.0,-1.1166624151560358,-1.1872636730545236,False,False,False,False,False
Ivory Coast,CIV,2010,-0.390575430207686,10.0,1.158542949726635,0.0,0.8888888888888888,0,2.5872641455008827,1.4368829742627591,-1.0366778180664722,4.310648922788277,False,True,True,True,True
Ivory Coast,CIV,2011,8.035194109678404,10.0,4.920247156988133,0.3333333333333333,1.0,1,5.1244215866666405,1.3790877912415012,-0.9587887752622357,4.137263373724504,False,False,False,True,True
Ivory Coast,CIV,2012,8.268300727357188,9.449445736520365,4.4835708108215,0.4444444444444444,0.9444444444444445,1,4.995819010495366,1.3210300007302165,-0.9537025465454518,3.9630900021906497,False,False,False,True,True
Ivory Coast,CIV,2013,8.210238862966255,9.370469481891373,4.409815409258256,0.5555555555555556,0.7222222222222222,1,4.909215861934287,1.2572426625082764,-0.9556693460573634,3.7717279875248293,False,False,False,True,True
Ivory Coast,CIV,2014,8.302282637135464,10.0,4.417435655419526,0.6666666666666666,0.6666666666666666,1,5.077276991844331,1.3640466135623404,-0.9570483449711551,4.092139840687021,False,False,False,True,True
Ivory Coast,CIV,2015,8.260209323104846,10.0,4.4102075090543895,0.7777777777777778,0.7222222222222222,1,5.134083366431847,1.3560531687338513,-0.9588825752873315,4.068159506201554,False,False,False,True,True
Ivory Coast,CIV,2016,8.102951036506752,10.0,3.9662915571212887,0.8888888888888888,0.5555555555555556,1,4.9916262965033855,0.8865718466885938,-1.1026048111705746,2.6597155400657813,False,False,False,True,True
Ivory Coast,CIV,2017,7.636604892354435,10.0,3.695655635845397,0.9444444444444445,0.5555555555555556,1,4.866452105639967,0.9059958079156663,-1.1007487569450845,2.7179874237469988,False,False,False,True,True
Ivory Coast,CIV,2018,7.692037110334406,10.0,3.6786335729157464,1.0,0.6666666666666666,1,4.940800803316696,0.9010180345708494,-1.0993394436208586,2.703054103712548,False,False,False,True,True
Ivory Coast,CIV,2019,6.34368613233086,10.0,5.286199058864754,1.0,0.8888888888888888,1,5.0815325937946785,0.5548241941782256,-1.3053220890859196,1.664472582534677,False,False,False,True,True
Ivory Coast,CIV,2020,6.271763822976019,10.0,5.866553629720505,1.0,0.7222222222222222,1,5.116552379428194,0.0,-1.478831777885872,-4.15480589907989,False,False,False,True,True
Ivory Coast,CIV,2021,6.453622937596617,10.0,5.806716583724658,1.0,0.7222222222222222,1,5.140956793153143,0.0,-1.475474863764109,-4.948159086246604,False,False,False,True,True
Ivory Coast,CIV,2022,6.259580245543847,10.0,6.593728272534397,1.0,0.8333333333333334,1,5.303995036948982,0.0,-1.4763805013875937,-5.02940120263237,False,False,False,True,True
Ivory Coast,CIV,2023,6.111917380096462,10.0,6.526119972294422,1.0,0.8333333333333334,1,5.2609408038115095,0.0,-1.4746903657352592,-3.8798363319757674,False,False,False,True,True
Ivory Coast,CIV,2024,6.535233967722471,10.0,7.727503424332338,1.0,1.0,1,5.652547478410961,0.0,-1.4742866295824637,-4.961020365795452,False,False,False,True,True
Ivory Coast,CIV,2025,7.561363323946191,10.0,3.6414517087958154,1.0,1.0,1,5.0405630065484015,0.0,-1.5321790923674727,-3.61291385130764,False,False,False,True,True
Jamaica,JAM,1991,,,,,,0,0.0,0.0,,,False,False,False,False,False
Jamaica,JAM,1992,,,,,,0,0.0,0.0,,,False,False,False,False,False
Jamaica,JAM,1993,,,,,,0,0.0,0.0,,,False,False,False,False,False
Jamaica,JAM,1994,,,,,,0,0.0,0.0,,,False,False,False,False,False
Jamaica,JAM,1995,,,,,,0,0.0,0.0,,,False,False,False,False,False
Jamaica,JAM,1996,1.4754963004532193,1.9556639434629026,0.18532132452442038,,,0,1.2054938561468476,1.118048198903276,0.5429363897833673,1.6931600080231848,False,False,False,False,False
Jamaica,JAM,1997,1.6374306343927207,1.290132135379625,-0.07286102924013034,,,0,0.9758542565907818,1.0847522360952786,1.6614960614328191,0.5080084107577381,False,False,False,False,False
Jamaica,JAM,1998,0.6455446860670627,1.3816853208373316,0.9615197635819722,,,0,0.9962499234954555,0.4675168585346878,0.3600439673991094,0.5749897496702662,False,False,False,False,False
Jamaica,JAM,1999,0.5727486118731522,0.5764126062506459,1.298954980164053,1.0,1.0,0,1.2896232396575702,0.46441511112874206,0.27777580509456157,1.1154695282916647,False,False,False,False,False
Jamaica,JAM,2000,0.6521939099935297,0.6917120371883906,2.7366799978684475,0.9999999999999999,0.9999999999999999,0,1.6161171890100736,0.2906059822064942,0.8718179466194825,-0.4197177938550472,False,False,False,False,False
Jamaica,JAM,2001,0.8906708992890701,1.408379317008794,1.5461215733140432,0.9999999999999999,0.9999999999999999,0,1.5690343579223813,0.2850328756152377,0.8550986268457131,-0.45735290302162274,False,False,False,False,False
Jamaica,JAM,2002,1.0963306129738932,2.1137874660233384,1.9125204940800062,1.0,1.0,0,1.8245277146154475,0.0,-1.2852660829764766,-0.33711745503664914,False,False,False,False,False
Jamaica,JAM,2003,1.0579514050689307,1.355684945978786,1.9956051286469374,0.9999999999999998,0.9999999999999998,0,1.6818482959389307,0.11350477233334956,-1.0974831268441922,0.3405143170000487,False,False,False,False,False
Jamaica,JAM,2004,1.5786281109486178,1.3617841633281869,1.32679926574506,0.8888888888888888,1.0,1,1.6089978635599287,0.0,-1.091443340486513,-1.7651951211725359,False,False,False,False,False
Jamaica,JAM,2005,2.7538655017278733,1.2846090960939809,1.2822088381450159,0.8333333333333334,0.9444444444444445,0,1.7752477983044852,0.0,-1.0949762468678568,-1.252758740657054,False,False,False,False,False
Jamaica,JAM,2006,4.29498955477929,1.1600875500908465,2.3017275498677012,0.9444444444444445,0.8333333333333334,0,2.2624720420586786,0.0,-0.30448612775704914,-4.201833166498375,False,False,False,False,False
Jamaica,JAM,2007,8.493605199032093,3.0718668854817306,7.405851622337131,1.0,0.6666666666666666,2,4.460931408036857,1.30402983935783,3.7454228514068237,-2.9957961591321727,False,False,False,True,False
Jamaica,JAM,2008,10.0,1.3076173486279,0.8567096515155658,1.0,0.611111111111111,0,3.0773098444731373,2.7516193015833346,7.254857904750003,-1.5123402757132656,False,False,False,False,False
Jamaica,JAM,2009,10.0,1.4546391072129539,2.636764219678344,0.8333333333333334,0.611111111111111,0,3.396058443156037,3.10184042295858,7.25386071220913,0.21832722333327803,False,False,False,False,False
Jamaica,JAM,2010,10.0,1.1120198180929564,3.182423296171385,0.7222222222222222,0.3333333333333333,0,3.2811108450750908,3.5273660747349624,7.491996573145462,0.4234349843927588,True,False,True,True,True
Jamaica,JAM,2011,10.0,1.2683655914542895,1.0145889897376068,0.6666666666666666,0.1111111111111111,0,2.7677020273494906,3.520085457475705,7.348165792734947,0.7120905796921675,True,False,True,True,True
Jamaica,JAM,2012,10.0,1.0159190600590613,0.9137308902642238,0.611111111111111,0.3888888888888889,0,2.7859299900646572,3.4693067512820885,7.7518955909453835,0.15602466290088174,True,False,True,True,True
Jamaica,JAM,2013,10.0,1.4792392525672091,3.323443551594469,0.7777777777777778,0.3888888888888889,1,3.4272032274990023,4.341046613476666,10.0,0.35647317376333265,True,False,True,True,True
Jamaica,JAM,2014,10.0,1.0699170544195256,2.5592479506753905,0.7777777777777778,0.4444444444444444,2,3.2147218899078718,4.335604525247434,10.0,0.34014690907563605,True,False,True,True,True
Jamaica,JAM,2015,10.0,1.6775344446164278,1.692312955394238,0.6666666666666666,0.3888888888888889,3,3.0961917022243552,4.384515501594854,10.0,0.8202131714512294,False,False,False,True,True
Jamaica,JAM,2016,10.0,1.4989026249096922,2.0230602046945334,0.5,0.6666666666666666,2,3.1710592325875124,4.8704470076182025,10.0,2.778007689521274,False,False,False,True,True
Jamaica,JAM,2017,10.0,1.0707989203537178,2.1956863287839896,0.611111111111111,0.7222222222222222,4,3.186630383160875,4.488044163982148,10.0,2.130799158613112,False,False,False,True,True
Jamaica,JAM,2018,10.0,1.9960748965925468,2.091282982193153,0.7222222222222222,0.7222222222222222,4,3.3952493535349175,3.964845362872387,10.0,0.8945360886171619,False,False,False,True,True
Jamaica,JAM,2019,10.0,2.735867201926333,2.027458734112769,0.7222222222222222,0.7222222222222222,2,3.5304429649855975,3.722222222222222,10.0,-0.3072416499287967,False,False,False,True,True
Jamaica,JAM,2020,10.0,2.956972082783366,8.048306117196287,0.8333333333333334,0.7222222222222222,1,4.823277862218153,3.722222222222222,10.0,-0.8979897529211196,False,False,False,True,True
Jamaica,JAM,2021,10.0,3.5308393830645306,6.899012009409923,0.611111111111111,0.7222222222222222,3,4.619303611828224,4.114193604656383,10.0,1.1759141473024821,False,False,False,True,True
Jamaica,JAM,2022,10.0,2.963440111348423,6.5677611891530985,0.7777777777777778,0.8333333333333334,2,4.550684704544749,3.888888888888889,10.0,-0.7358980957938008,False,False,False,True,True
Jamaica,JAM,2023,10.0,1.2285270514630584,3.484483558099358,0.8333333333333334,0.611111111111111,2,3.5203798996902607,4.0,10.0,-1.1622061239096815,False,False,False,True,True
Jamaica,JAM,2024,10.0,0.9984526226768279,2.781906807391681,0.8888888888888888,0.4444444444444444,2,3.289405219347035,4.111111111111112,10.0,-1.5169937940916722,True,False,True,True,True
Jamaica,JAM,2025,10.0,0.7183858378152763,6.396931182078289,0.8333333333333334,0.3888888888888889,2,3.9119522928676025,4.166666666666667,10.0,-1.3459336991059836,True,False,True,True,True
Japan,JPN,1991,0.0,,,,,0,0.0,0.0,,,False,False,False,False,False
Japan,JPN,1992,0.0,,,,,0,0.0,0.0,,,False,False,False,False,False
Japan,JPN,1993,0.0,,,,,0,0.0,0.0,,,False,False,False,False,False
Japan,JPN,1994,0.0,,,,,0,0.0,0.0,,,False,False,False,False,False
Japan,JPN,1995,0.0,,,,,0,0.0,0.0,,,False,False,False,False,False
Japan,JPN,1996,2.03501122009462,1.5410632613760364,-0.240434367821819,,,1,1.1920248271568854,1.847576220904633,1.995657791509664,1.699494650299602,False,False,False,False,False
Japan,JPN,1997,1.2923115555006817,1.0397791782654229,0.1659772757053314,,,0,0.8326893364904787,0.6625873366993226,1.1234312972145684,0.20174337618407678,False,False,False,False,False
Japan,JPN,1998,1.0542375386111358,1.0565650566909803,0.967526896871575,,,0,1.0261098307245637,0.2123606161586415,0.424721232317283,-0.861416946893339,False,False,False,False,False
Japan,JPN,1999,0.8529029107293343,1.053472628253448,1.6461209125207925,-0.3333333333333334,1.0,0,1.110499290300715,0.011253016116327237,-0.03763973378716656,0.03375904834898171,False,False,False,False,False
Japan,JPN,2000,1.4852167274730408,1.3723059793356644,2.142024587811209,0.19999999999999998,0.9999999999999999,0,1.479909458923983,0.3161822444455575,0.11661653423817718,0.8319301990984952,False,False,False,False,False
Japan,JPN,2001,1.601020624990012,1.1687325987260735,2.3123845336630375,0.4666666666666666,0.9999999999999999,1,1.6030942181424912,0.006059857248426323,0.01817957174527897,-0.12777102291983203,False,False,False,False,False
Japan,JPN,2002,0.3911883015346844,1.5209664607866067,1.735619986175079,0.04761904761904762,0.9047619047619049,0,1.110507330651655,0.2700766454230587,0.034023417360628444,0.7762065189085476,False,False,False,False,False
Japan,JPN,2003,0.0,1.3276546798234048,0.7697863559666459,-0.14285714285714285,0.7857142857142856,0,0.7337739214437244,0.0,-1.352848428378373,-1.7281801045226834,False,False,False,False,False
Japan,JPN,2004,0.0,1.3787542219916022,1.4726975093782382,-0.3333333333333333,0.6666666666666666,0,0.8369570129406346,0.16872710193342375,-1.0345997915538387,0.5061813058002712,False,False,False,False,False
Japan,JPN,2005,1.2238633552777036,1.673746278122818,0.5142331214653825,-0.16666666666666666,0.8333333333333334,0,1.0157018843065142,0.0,-1.2875418906662193,-1.3319470243040985,False,False,False,False,False
Japan,JPN,2006,1.0997236873838836,1.994348514983196,0.973839705452799,-0.05555555555555555,0.9444444444444445,0,1.1913601593417535,0.0,-1.2346845419409036,-0.3833880235119615,False,False,False,False,False
Japan,JPN,2007,1.108165701802949,2.1696999061135487,5.258578445213427,-0.05555555555555555,0.9444444444444445,0,2.085066588403763,0.0,-1.578153757771143,-2.520382078224288,False,False,False,False,False
Japan,JPN,2008,1.0133014391914823,3.425547846965861,1.221523447121002,-0.16666666666666666,0.9444444444444445,0,1.509852324433447,0.0,-1.0848334454069986,-1.6641386414054722,False,False,False,False,False
Japan,JPN,2009,0.0,0.9888953753146112,4.349104874319105,0.05555555555555555,0.7222222222222222,0,1.3787111610378542,0.00878485428811269,-1.7146907853453985,0.02635456286433807,False,False,False,False,False
Japan,JPN,2010,0.6608720246425677,1.042665039427944,1.4472739753894908,0.4444444444444444,0.7222222222222222,0,1.0968288745586672,0.0,-0.5553625173357064,-3.9397295032997373,False,False,False,False,False
Japan,JPN,2011,4.326262202698966,3.212787640863605,6.8481344608837995,0.8333333333333334,0.6666666666666666,1,3.4774368608892745,2.2948295659433047,1.2182713990807186,4.832883965415863,False,False,False,False,False
Japan,JPN,2012,3.8606560950916906,0.8305295117147754,2.3829827832114234,0.7222222222222222,0.4444444444444444,1,1.8815003446702447,3.841900152718182,1.452254075608014,8.906779715879866,False,False,False,False,False
Japan,JPN,2013,10.0,1.5097456911350238,3.1432947064218855,0.7222222222222222,0.3888888888888889,2,3.3750525239558264,6.448144761732568,7.344434285197704,10.0,False,False,False,True,True
Japan,JPN,2014,10.0,1.8837573299434252,2.6180925068535266,0.8888888888888888,0.6666666666666666,2,3.522592189581612,6.089309500284521,7.218195655696282,8.88306617849061,False,False,True,True,True
Japan,JPN,2015,10.0,1.997963774496114,2.5005917002256197,0.9444444444444445,0.7222222222222222,2,3.566377761611013,4.556674648160423,7.300935711850593,4.035754899297344,False,False,True,True,True
Japan,JPN,2016,10.0,1.8849671371684509,2.476574577165992,1.0,0.6666666666666666,2,3.538975009533555,4.006241832172257,7.284545501993597,2.5675133278565063,False,False,True,True,True
Japan,JPN,2017,10.0,1.8955819875424231,2.437062680597002,1.0,0.7222222222222222,4,3.555417822516773,3.746265359262791,7.289445971655921,1.9493501061324514,False,False,True,True,True
Japan,JPN,2018,10.0,2.0766765547998576,2.3494856501257284,1.0,0.8333333333333334,4,3.6185657743184505,4.187922378711708,7.307271990499112,3.4231618123026766,False,False,True,True,True
Japan,JPN,2019,10.0,1.596869193404734,2.8782076463954276,1.0,0.8888888888888888,2,3.6505709235155877,5.212024441226478,7.360353845596544,6.442386144749557,False,False,False,True,True
Japan,JPN,2020,10.0,1.6414098184295565,2.2502832156630395,1.0,0.8333333333333334,1,3.511671940151852,0.8310554747516,1.8264997575881334,-3.6393797590899304,False,False,False,False,False
Japan,JPN,2021,10.0,1.6834856787541324,2.089291439096114,0.9444444444444445,0.8333333333333334,0,3.465666534681161,0.6196784503593064,1.8590353510779192,-10.0,False,False,False,False,False
Japan,JPN,2022,6.433220999697152,1.6153151233386682,3.4724408989614,0.8888888888888888,0.7222222222222222,2,2.9486398488438885,0.21667367748081023,0.6500210324424307,-9.788145716478905,False,False,False,True,True
Japan,JPN,2023,8.568106640167457,2.05817819628204,2.552797587311555,0.8333333333333334,0.7222222222222222,3,3.2580387069744328,0.47621433304859284,1.4286429991457785,-9.69456581772056,False,False,False,True,True
Japan,JPN,2024,10.0,2.9408335553305207,3.816168792658951,0.611111111111111,0.611111111111111,2,3.8402893584867828,0.7214772452293734,2.16443173568812,-9.270425550703598,False,False,False,True,True
Japan,JPN,2025,10.0,2.5702294878297876,5.963541691931398,0.2777777777777778,0.5555555555555556,5,4.0400875692855704,0.6726492703175851,2.0179478109527555,-10.0,False,False,False,True,True
Jordan,JOR,1991,,,,,,0,0.0,0.0,,,False,False,False,False,False
Jordan,JOR,1992,,,,,,0,0.0,0.0,,,False,False,False,False,False
Jordan,JOR,1993,,,,,,0,0.0,0.0,,,False,False,False,False,False
Jordan,JOR,1994,,,,,,0,0.0,0.0,,,False,False,False,False,False
Jordan,JOR,1995,,,,,,0,0.0,0.0,,,False,False,False,False,False
Jordan,JOR,1996,1.6763018598776873,0.824296697102566,-0.1457055262392353,,,0,0.833532852326751,0.6489396383022228,-0.8974521035408672,1.2978792766044456,False,False,False,False,False
Jordan,JOR,1997,0.6075015126439051,0.8824408130611037,0.4119946240977356,,,0,0.6339789832675815,0.021687809571826724,-0.8990791777228018,0.04337561914365345,False,False,False,False,False
Jordan,JOR,1998,-0.18915263553231232,0.7836348828001728,1.5005920586420216,,,0,0.7614089804807315,0.0,-0.8993752431542048,-1.4370131559334418,False,False,False,False,False
Jordan,JOR,1999,1.0524728893225528,0.7235307864184386,1.3131055830614093,0.6666666666666669,1.0,0,1.2844885184271468,0.0,-0.9005408322921129,-2.2584431313333906,False,False,False,False,False
Jordan,JOR,2000,1.7831257393046962,1.5105981012573921,2.683427246712683,0.7999999999999999,0.9999999999999999,2,1.9154302174549542,0.1793092505925742,-0.35790736742684404,0.5379277517777226,False,False,False,False,False
Jordan,JOR,2001,0.924438049567702,1.3188087223116802,1.9443481966841725,0.7333333333333333,0.9999999999999999,0,1.5308523270460443,0.20972204446486584,-0.22195094088561598,0.029166133394597445,False,False,False,False,False
Jordan,JOR,2002,1.0927262226874113,1.4621252601388741,2.050461658664756,0.8095238095238096,0.9047619047619049,0,1.6067769140124941,0.5353558240626889,-0.24868597829374262,0.6060674721880666,False,False,False,False,False
Jordan,JOR,2003,1.467736720387425,1.4924057416130436,1.885779164885623,0.8571428571428571,0.8571428571428571,0,1.6548986110915038,1.0933830273574603,1.4601670014792845,0.31998208059309635,False,False,False,False,False
Jordan,JOR,2004,1.486773966093299,0.8732502471409103,0.8436631927138711,0.8888888888888888,0.8333333333333334,0,1.329626370078505,1.2173252992373704,1.481446618506786,0.33719594587199186,False,False,False,False,False
Jordan,JOR,2005,2.736432602454038,1.1226777958322862,1.2249187621092643,0.8888888888888888,0.7777777777777778,2,1.6834724987457843,1.4468577881189038,1.4833780233301195,0.5238620076932577,True,False,True,True,True
Jordan,JOR,2006,4.644806908296034,1.327590885573588,2.412329890499629,0.9444444444444445,0.7222222222222222,3,2.343612203540517,1.6413090256792333,1.483230904126663,0.9406961729110369,True,False,True,True,True
Jordan,JOR,2007,6.100029779547157,1.4360425821214875,2.198090690539786,1.0,0.611111111111111,3,2.59127705488613,1.5601148312072919,1.4822622347930268,0.8647489254955161,True,True,True,True,True
Jordan,JOR,2008,7.2263470823808165,1.5634482429994045,2.595698023409009,1.0,0.7777777777777778,3,2.988209780868957,1.7203650837656739,1.4835257869164453,1.3442361310472435,True,True,True,True,True
Jordan,JOR,2009,8.17453061695507,1.5972656881256029,2.328003628961707,1.0,0.8333333333333334,3,3.153293320141809,0.7084244233703981,0.7919399367778609,-0.0667258405395804,False,True,True,True,True
Jordan,JOR,2010,9.179026316487011,1.65269541153989,4.2116109172287475,1.0,0.8333333333333334,3,3.7419998623844632,0.4599619867754241,0.3995037908771892,0.6470488361157498,False,False,False,True,True
Jordan,JOR,2011,10.0,3.0972680644695725,2.3622484252826155,1.0,1.0,1,3.8919032979504378,0.3167607246915179,0.3955981915290271,0.5546839825455266,False,False,False,False,False
Jordan,JOR,2012,10.0,2.8699158978604915,2.8396461989619,1.0,0.9444444444444445,1,3.9196901971422555,0.0,-0.8850665563354587,-2.1280917742931518,False,False,False,False,False
Jordan,JOR,2013,10.0,1.7299584299109998,7.151320818327886,1.0,0.8333333333333334,2,4.50958918298111,0.0,-0.894590389010888,-1.1756896048056198,False,False,False,True,True
Jordan,JOR,2014,10.0,1.6905528366845393,6.947882344983349,1.0,0.6666666666666666,2,4.3943537030002435,0.0,-0.8956577267723416,-2.0184406168775846,False,False,False,True,True
Jordan,JOR,2015,10.0,1.6262742039325604,6.027169659418132,0.8888888888888888,0.5555555555555556,1,4.1084665504479165,0.0,-0.8954327550746173,-1.9432658766361128,False,False,False,True,True
Jordan,JOR,2016,10.0,1.5707450840653003,5.420776199531465,0.6666666666666666,0.5,1,3.86497092338602,0.0,-0.8698903663040023,-2.184449853340408,False,False,False,False,False
Jordan,JOR,2017,10.0,1.5875114329649023,2.629408723204285,0.8888888888888888,0.4444444444444444,0,3.3767173645671713,0.0,-0.8464638185731533,-3.072134548908874,False,False,False,False,False
Jordan,JOR,2018,10.0,1.3689424637830243,2.5835622852451703,0.8888888888888888,0.3888888888888889,0,3.3016120609167503,0.0,-0.8454008124501496,-3.0127975376438023,False,False,False,False,False
Jordan,JOR,2019,10.0,1.2113343895404547,4.574212899480464,1.0,0.2777777777777778,0,3.668220568915295,0.16666666666666666,-0.8480570405164103,-2.560135006280531,False,False,False,False,False
Jordan,JOR,2020,10.0,1.3421328222676254,4.135796834786413,0.9444444444444445,0.3888888888888889,0,3.628919264744141,0.5,-0.8476480605844634,-2.323039102408204,False,False,False,False,False
Jordan,JOR,2021,10.0,0.7528304407460906,1.3111362901768844,0.7777777777777778,0.4444444444444444,0,2.9016822350734843,0.5555555555555556,-0.8470152578271493,-2.9518336698942558,False,False,False,False,False
Jordan,JOR,2022,3.767766961776447,0.5732056536732287,1.37071957077144,0.8333333333333334,0.0,0,1.4756717705775566,0.5,-0.8475294413169311,-2.729839856888685,False,False,False,False,False
Jordan,JOR,2023,10.0,0.6037115182951148,6.5641928272019205,0.8333333333333334,-0.1111111111111111,1,3.7669142024327407,0.5,-0.8336991975403177,-1.3069173512591055,False,False,False,False,False
Jordan,JOR,2024,10.0,0.9596285178082976,5.556095206468267,0.8333333333333334,-0.16666666666666666,1,3.6364780781886465,0.5,-0.8308174201218378,-2.4748891762165695,False,False,False,False,False
Jordan,JOR,2025,10.0,0.5320530664322858,5.426284539378095,0.7222222222222222,0.2777777777777778,1,3.5916675211620763,0.05555555555555555,-0.8609589827708034,-2.074906460525394,False,True,True,True,False
Kazakhstan,KAZ,1991,0.0,,,,,0,0.0,0.0,,,False,False,False,False,False
Kazakhstan,KAZ,1992,0.0,,,,,0,0.0,0.0,,,False,False,False,False,False
Kazakhstan,KAZ,1993,0.0,,,,,0,0.0,0.0,,,False,False,False,False,False
Kazakhstan,KAZ,1994,0.0,,,,,0,0.0,0.0,,,False,False,False,False,False
Kazakhstan,KAZ,1995,0.0,,,,,0,0.0,0.0,,,False,False,False,False,False
Kazakhstan,KAZ,1996,1.7434515967665158,1.083895688869093,-0.5945414611993756,,,0,0.9424490952118697,0.7199872987721678,1.4399745975443357,-0.9464505683770612,False,False,False,False,False
Kazakhstan,KAZ,1997,1.3003197583594115,0.9997372811872166,0.4405644703689541,,,0,0.9135405033051941,0.4963002345817324,0.9926004691634648,-0.983163520941097,False,False,False,False,False
Kazakhstan,KAZ,1998,1.0391882454798365,1.0119776958377582,1.0957610391173271,,,0,1.048975660144974,0.32874996305969534,0.6574999261193907,-0.8273860182569275,False,False,False,False,False
Kazakhstan,KAZ,1999,0.7966972122012539,0.9950688481267795,2.2427955243470072,1.0,1.0,0,1.6069123169350081,0.12115943637178996,0.3634783091153699,-0.8619817485708341,False,False,False,False,False
Kazakhstan,KAZ,2000,0.8210104070293013,1.2747505481676693,1.0750900636861274,0.39999999999999997,0.9999999999999999,0,1.1941702037766195,0.7048006024338666,0.0640127902543022,2.0503890170472974,False,False,False,False,False
Kazakhstan,KAZ,2001,2.0003615382076236,0.9124170595452725,1.0827051815643303,0.3333333333333333,0.9999999999999999,1,1.3324300891967789,0.31973256471661726,0.02362687785442056,0.9355708162954313,False,False,False,False,False
Kazakhstan,KAZ,2002,1.7201481282591873,2.1272020779886858,2.8773695727648954,0.4285714285714286,1.0,1,1.916372527231125,0.16840997581092942,0.007676197302430736,0.4975537301303576,False,False,False,False,False
Kazakhstan,KAZ,2003,0.0644532467175886,1.408449576395889,1.5736155272472474,0.07142857142857142,0.9999999999999998,0,1.0378750986435734,0.19438806734245687,0.0205144537954303,0.5626497482319404,False,False,False,False,False
Kazakhstan,KAZ,2004,0.0,1.6099858016130273,0.34671830677193527,-0.16666666666666666,1.0,0,0.7913408216769925,0.16157340308478885,-1.7581448517808158,0.48472020925436654,False,False,False,False,False
Kazakhstan,KAZ,2005,0.0,1.367151429349627,1.952678310960203,-0.3333333333333333,1.0,0,1.0639659480619659,0.0,-1.8112387693683283,-0.9119016648134693,False,False,False,False,False
Kazakhstan,KAZ,2006,0.0,1.1916199083002388,2.0544919753457065,-0.5,0.8888888888888888,0,1.0047779322847448,0.0,-1.8138443567523423,-0.8100058722817988,False,False,False,False,False
Kazakhstan,KAZ,2007,0.0,0.8068371417054396,1.9797223583228791,-0.7222222222222222,0.6666666666666666,0,0.8239785666723304,0.0,-1.811764012395849,-1.1921547829520578,False,False,False,False,False
Kazakhstan,KAZ,2008,0.0,1.1011467629242468,4.487032627288149,-0.6666666666666666,0.2222222222222222,0,1.2065247669313681,0.0,-1.8198750979964426,-1.535058717216275,False,False,False,False,False
Kazakhstan,KAZ,2009,0.0,0.18806374219537678,4.384768049077362,-0.5,0.3888888888888889,0,1.0701219138101032,0.0,-1.8276733301616537,-1.8696352220574843,False,False,False,False,False
Kazakhstan,KAZ,2010,0.0,-0.2854163056534481,3.747382283424609,-0.4444444444444444,0.3333333333333333,0,0.8828097900182552,0.0,-1.8266329662652903,-0.8365248143284605,False,False,False,False,False
Kazakhstan,KAZ,2011,0.0,0.8632372638930936,2.390082595668102,-0.2222222222222222,0.2777777777777778,0,0.7617750830233503,0.0,-1.8259789726872,-1.8337387625624608,False,False,False,False,False
Kazakhstan,KAZ,2012,0.0,-0.6224810302823228,2.4027631500683664,0.1111111111111111,0.05555555555555555,0,0.54721929668034,0.0,-1.8261831223979763,-1.781461285260104,False,False,False,False,False
Kazakhstan,KAZ,2013,0.0,0.7467322933407343,2.5733476689655754,0.4444444444444444,0.16666666666666666,0,0.9084604369057063,0.0,-1.8269857038648878,-2.338842535972055,False,False,False,False,False
Kazakhstan,KAZ,2014,0.0,0.5722711392485845,2.629741676792199,0.0,0.05555555555555555,0,0.6626247854303788,0.0,-1.8288946471950966,-0.7097876353443057,False,False,False,False,False
Kazakhstan,KAZ,2015,0.0,1.7226773735878702,1.6531270802826126,0.2777777777777778,0.3888888888888889,0,0.9418275574407632,0.0,-1.8230966188623148,-0.8130014691364346,False,False,False,False,False
Kazakhstan,KAZ,2016,0.0,0.3900971464720777,1.628181155167171,0.7222222222222222,0.7777777777777778,0,1.0036556603278497,0.05555555555555555,-1.822835950519264,-0.809763530628484,False,False,False,False,False
Kazakhstan,KAZ,2017,0.0,0.0794908381557651,3.0915414070099394,0.9444444444444445,0.611111111111111,0,1.2564286712553632,0.5,-1.8140638473656678,-0.1853201978493453,False,False,True,False,False
Kazakhstan,KAZ,2018,0.0,0.22743393503066983,0.8959585920322082,0.9444444444444445,0.7777777777777778,0,0.9135673943014645,0.5555555555555556,-1.8089089870031416,-0.1395733743300046,False,False,True,False,False
Kazakhstan,KAZ,2019,0.0,0.25962577236250256,2.056169426300894,0.9444444444444445,0.6666666666666666,0,1.1076034841771238,0.7130481930869405,-1.771780462699003,0.13914457926082163,False,True,True,False,False
Kazakhstan,KAZ,2020,0.0,0.6239483818950053,1.9329833177757378,0.9444444444444445,0.6666666666666666,0,1.155830784378593,0.7777777777777778,-1.7722406489772609,-0.370907234423002,True,False,True,False,False
Kazakhstan,KAZ,2021,0.0,0.38613857097845294,1.016976354911012,0.9444444444444445,0.3333333333333333,0,0.7917340962890042,0.9649030303835083,-1.7652650053412284,0.22804242448385836,True,True,True,False,False
Kazakhstan,KAZ,2022,0.0,2.469877658833264,1.4371849642911836,0.9444444444444445,0.2777777777777778,1,1.2703014135137782,1.076329792405943,-1.3715269557499987,0.39565604388449527,True,False,True,False,False
Kazakhstan,KAZ,2023,0.0,1.374744816656432,1.3136764582672509,0.9444444444444445,0.3888888888888889,0,1.07101758831807,1.0313429100896856,-1.3452015999119529,0.2606953969357232,True,True,True,False,False
Kazakhstan,KAZ,2024,0.0,0.6846388511514023,1.3832391873090653,1.0,0.4444444444444444,0,0.9913533854698713,0.9444444444444445,-1.337219279043338,-0.02194262341670797,True,False,True,False,False
Kazakhstan,KAZ,2025,0.8771447336412846,0.5092386859068964,1.2547999371149077,1.0,0.7777777777777778,0,1.2393477824437287,0.9444444444444445,-1.2682725154478982,-0.19878300739580096,True,False,True,False,False
Kenya,KEN,1991,,,,,,0,0.0,0.0,,,False,False,False,False,False
Kenya,KEN,1992,,,,,,0,0.0,0.0,,,False,False,False,False,False
Kenya,KEN,1993,,,,,,0,0.0,0.0,,,False,False,False,False,False
Kenya,KEN,1994,,,,,,0,0.0,0.0,,,False,False,False,False,False
Kenya,KEN,1995,,,,,,0,0.0,0.0,,,False,False,False,False,False
Kenya,KEN,1996,1.6403772717082876,1.312260783163126,0.05217880725944098,,,0,1.0016056207102848,1.7001251840397686,1.4981208323866249,1.9021295356929127,False,False,False,False,False
Kenya,KEN,1997,1.2994010910227365,1.7108199020514996,0.6438500527409191,,,0,1.2180236819383852,0.7566456486819187,1.0812885073310678,0.4320027900327697,False,False,False,False,False
Kenya,KEN,1998,1.513937667334702,1.0437607461105394,1.2683981412577736,,,0,1.2753655182343382,0.6807783465984704,0.8909130399196521,0.47064365327728863,False,False,False,False,False
Kenya,KEN,1999,0.8491996288367373,1.196083555475476,1.9061461358234162,0.3333333333333334,1.0,0,1.3236191973604592,0.3894979460003763,0.6859506645513109,0.482543173449818,False,False,False,False,False
Kenya,KEN,2000,1.1727408092440244,1.831525875800818,2.6485479076520337,0.39999999999999997,0.9999999999999999,0,1.690562918539375,0.23323562420500057,0.6997068726150018,-0.03816957302836071,False,False,False,False,False
Kenya,KEN,2001,0.24469558515890225,1.4192963463487906,2.744107207944642,0.6,0.6,0,1.361619827890467,0.0,-1.1531720527928153,-0.5341561885527676,False,False,False,False,False
Kenya,KEN,2002,1.0603684167183667,1.051085248273177,1.3335795420031684,0.7142857142857143,0.6190476190476191,0,1.2223399747322756,0.15199555909395396,-1.0084921339949895,0.4559866772818619,False,False,False,False,False
Kenya,KEN,2003,1.2375529643016592,1.2442237202311592,0.8154966039268793,0.7857142857142856,0.4999999999999999,0,1.1737403719776538,0.0,-1.0060373445519912,-0.5406414568386468,False,False,False,False,False
Kenya,KEN,2004,1.3766710941389337,1.0802034800498443,1.534627450821237,0.8333333333333334,0.5555555555555556,0,1.3538559605575586,0.0,-0.9998469466869103,-0.45070818265570617,False,False,False,False,False
Kenya,KEN,2005,2.9904195438551593,1.311803421272233,2.692112501876143,1.0,0.5555555555555556,1,2.021089315622929,0.0,-0.6884314387769538,-2.1796304286591774,False,False,False,False,False
Kenya,KEN,2006,8.002385958686986,1.3403582407257546,1.091262565699779,1.0,0.7222222222222222,0,2.7756902419113927,0.046765216241055646,0.14029564872316694,-2.2389069602476415,False,False,False,False,False
Kenya,KEN,2007,7.939038031622066,1.10597744553135,1.1628859393156332,0.8888888888888888,0.5,0,2.5971358388493657,0.20902627916349506,0.1270788374904852,-2.5231823215350535,False,False,False,False,False
Kenya,KEN,2008,10.0,0.9098910204315926,1.2008886596173496,0.6666666666666666,0.611111111111111,0,2.9332670471208995,0.676294454704923,0.5288833641147689,-2.2321864791112094,False,False,False,False,False
Kenya,KEN,2009,10.0,2.2101210286011006,1.8762048972377603,0.8888888888888888,0.7777777777777778,0,3.483931851834439,1.0613553274288081,0.5173993156197582,-1.8916994713284752,True,False,True,True,True
Kenya,KEN,2010,10.0,1.2974361422581873,1.8531272862691928,0.8888888888888888,0.6666666666666666,0,3.2523349079276977,2.4740881264223478,4.755597712600376,-2.084396821081071,True,False,True,True,True
Kenya,KEN,2011,10.0,0.7412131142613897,0.7880559693190072,0.8333333333333334,0.6666666666666666,1,2.9058538167160792,2.5399819760707136,4.953279261545475,-1.2457904933912052,True,False,True,True,True
Kenya,KEN,2012,10.0,0.9238772945159326,1.5212095473444052,0.8333333333333334,0.6666666666666666,1,3.0890173683720676,2.5413034462020607,4.957243671939516,-1.1147900951290273,True,False,True,True,True
Kenya,KEN,2013,10.0,1.0274894907545753,1.1738487386719858,0.8333333333333334,0.7222222222222222,1,3.0624898681075345,2.6740516858897636,5.355488391002625,-1.1932475874187742,True,False,True,True,True
Kenya,KEN,2014,10.0,1.0741716546184183,0.9904906537939223,0.7777777777777778,0.8333333333333334,1,3.0573769061269123,2.5065286871454227,5.019586061436268,-1.0112539282453057,True,True,True,True,True
Kenya,KEN,2015,10.0,1.0498803428363717,1.2387257524637596,0.611111111111111,0.7222222222222222,1,2.991054552393359,1.953556480093899,4.027336106948364,-0.9020962875024636,False,True,True,True,True
Kenya,KEN,2016,10.0,0.9894119260747218,5.507485869175043,0.6666666666666666,0.5555555555555556,1,3.7882684479388415,1.6810606434321185,4.043181930296355,-0.4121091358144018,False,True,True,True,True
Kenya,KEN,2017,10.0,1.3982403040727744,3.4410937495235028,0.3333333333333333,0.5555555555555556,1,3.3234223662748112,1.089602578498375,3.268807735495125,-0.5902155129328225,False,True,True,True,True
Kenya,KEN,2018,10.0,0.5682863285343662,2.325062549931242,0.05555555555555555,0.5,1,2.800891997915344,1.1203813956312214,3.361144186893664,-1.4828244731607658,False,False,False,False,False
Kenya,KEN,2019,4.185962604720529,0.4153854470580944,1.8520231716275366,0.05555555555555555,0.611111111111111,1,1.5573409113478986,0.04579331823811834,-0.46333880754161383,0.13737995471435502,False,False,False,False,False
Kenya,KEN,2020,3.9861290852670717,0.361886282022462,2.367464062757872,0.16666666666666666,0.6666666666666666,1,1.6764292193428143,0.10835795351648425,-0.5334558047191362,0.32507386054945275,False,False,False,False,False
Kenya,KEN,2021,10.0,0.8374121936532867,2.4303994554948263,0.3333333333333333,0.7222222222222222,1,3.0757845520518443,0.1297598235737933,-0.5142673663963336,0.38927947072137986,False,True,True,True,True
Kenya,KEN,2022,10.0,0.8462578449391909,0.3292717643301764,0.5555555555555556,0.7777777777777778,0,2.7684392551872063,0.4264857327716313,-0.982393304151236,1.279457198314894,False,True,True,True,True
Kenya,KEN,2023,10.0,0.9586634591747538,5.41689225983713,0.5555555555555556,0.6666666666666666,1,3.7640000326912655,0.02662578904529438,-0.943013565862403,0.07987736713588314,False,True,True,True,True
Kenya,KEN,2024,10.0,0.8297178576212086,5.598430933245743,0.7222222222222222,0.5555555555555556,1,3.796740869284501,0.0,-0.8322938581844539,-0.3640792394987807,False,False,False,False,False
Kenya,KEN,2025,10.0,0.7102415219816173,3.248957284349112,0.7777777777777778,0.8333333333333334,1,3.43628420571059,0.0,-0.8148323426684578,-0.2714394841798746,False,False,False,False,False
Kyrgyzstan,KGZ,1991,,,,,,0,0.0,0.0,,,False,False,False,False,False
Kyrgyzstan,KGZ,1992,,,,,,0,0.0,0.0,,,False,False,False,False,False
Kyrgyzstan,KGZ,1993,,,,,,0,0.0,0.0,,,False,False,False,False,False
Kyrgyzstan,KGZ,1994,,,,,,0,0.0,0.0,,,False,False,False,False,False
Kyrgyzstan,KGZ,1995,,,,,,0,0.0,0.0,,,False,False,False,False,False
Kyrgyzstan,KGZ,1996,1.8147482963452057,1.0250996466536573,0.09317340142871729,,,0,0.9776737814758599,0.7733491117966192,1.5466982235932385,-0.7988104410143332,False,False,False,False,False
Kyrgyzstan,KGZ,1997,1.309917091860335,1.086888189009795,0.7174290461732181,,,0,1.0380781090144493,0.5565687635037262,1.1131375270074524,-0.9653535953831546,False,False,False,False,False
Kyrgyzstan,KGZ,1998,1.0942003077447775,1.1082204377200144,1.3612372480129673,,,0,1.18788599782592,0.3714868038143151,0.7429736076286302,-0.8960516557776771,False,False,False,False,False
Kyrgyzstan,KGZ,1999,0.8677965209942711,1.1034683563087573,2.012936113711114,-0.6666666666666669,1.0,0,1.1968401982028285,0.16872027915416754,0.5061608374625026,-0.9945126667636044,False,False,False,False,False
Kyrgyzstan,KGZ,2000,0.8896226243394322,2.5064338467358183,2.657658395961506,0.0,0.9999999999999999,0,1.6107429734073513,0.5575977839529299,0.24760714459836272,1.4251862072604269,False,False,False,False,False
Kyrgyzstan,KGZ,2001,1.785482123789737,0.8576242875297622,1.5988373070333766,0.3333333333333333,0.9999999999999999,0,1.3817220770039085,0.04448701110829037,-0.03986013312244767,0.1334610333248711,False,False,False,False,False
Kyrgyzstan,KGZ,2002,1.476425083248223,1.4145574631548337,1.6147313825881746,0.4285714285714286,0.9047619047619049,0,1.4344761191315798,0.12570563428814738,-0.05755808914711749,0.37711690286444216,False,False,False,False,False
Kyrgyzstan,KGZ,2003,-0.725745750941094,1.7358159528926431,0.21646436371392197,0.07142857142857142,0.7857142857142856,0,0.7333132061784557,0.5848040560531441,-1.316805601466625,1.7544121681594325,False,False,False,False,False
Kyrgyzstan,KGZ,2004,-0.8212858477723627,0.9830370486970565,1.9215920700927827,-0.16666666666666666,0.6666666666666666,0,0.8475924904246345,0.269798699396592,-1.3720185601931625,0.8093960981897761,False,False,False,False,False
Kyrgyzstan,KGZ,2005,2.3582088802013814,1.3950539699675242,2.2867944919538834,-0.3888888888888889,0.6666666666666666,1,1.4746781350912244,0.0,-1.370334956360834,-0.8448440508601817,False,False,False,False,False
Kyrgyzstan,KGZ,2006,5.771277415525706,3.50777772960164,2.259559551453404,0.0,0.611111111111111,1,2.5521673837605947,0.0,-1.3316799448191703,-0.48466618219344215,False,False,False,False,False
Kyrgyzstan,KGZ,2007,5.789096821181538,3.08163624654488,8.20454088918051,0.3333333333333333,0.6666666666666666,1,3.8150547913813853,0.0,-1.3327032911757795,-0.9785175289942953,False,False,False,False,False
Kyrgyzstan,KGZ,2008,5.615734152938258,2.9208131677437614,2.218229658975767,0.5,0.6666666666666666,1,2.6176220625982243,0.0,-1.3362991443417365,-1.5673367954803925,False,False,False,False,False
Kyrgyzstan,KGZ,2009,5.449816929404817,2.809426149414262,1.8359952180194359,0.6666666666666666,0.7222222222222222,1,2.5746032149232585,0.0,-1.365433479253487,-1.6051552130653952,False,False,False,False,False
Kyrgyzstan,KGZ,2010,10.0,0.889370797623329,10.0,0.8333333333333334,0.5555555555555556,1,4.733429715080222,0.0,-0.6464835176599891,-0.034112617152468314,False,False,True,True,True
Kyrgyzstan,KGZ,2011,10.0,4.248254414690063,10.0,0.9444444444444445,0.3888888888888889,1,5.382984216271346,0.3333333333333333,-0.640586611018717,-0.34318212261643916,False,False,False,True,True
Kyrgyzstan,KGZ,2012,10.0,3.728629669299715,2.1983872567360923,0.9444444444444445,0.4444444444444444,1,3.7409589407627166,0.5555555555555556,-0.7092605102535319,-0.23609706679732168,False,False,True,True,True
Kyrgyzstan,KGZ,2013,10.0,3.7896975022450956,2.5813981729144553,0.9444444444444445,0.3333333333333333,1,3.7853302461430216,0.4444444444444444,-0.6472553973344586,-0.19526033267668014,False,False,False,False,False
Kyrgyzstan,KGZ,2014,10.0,3.7827296498141325,1.9397258780363984,0.7777777777777778,0.5,1,3.655602216681218,0.8744966533502471,-0.6422327992767634,1.4568232933840748,False,False,False,False,False
Kyrgyzstan,KGZ,2015,10.0,3.719524492943557,1.910474452367701,0.8333333333333334,0.5,1,3.659333122395585,1.2879763981431418,-0.6426602479721476,2.530595861096092,False,False,False,False,False
Kyrgyzstan,KGZ,2016,10.0,3.420306963048132,2.0566316446679704,0.7777777777777778,0.8333333333333334,1,3.739832165987665,0.7677169420599766,-0.6861772783235203,1.4698174928465964,False,False,False,False,False
Kyrgyzstan,KGZ,2017,10.0,2.322033999040482,4.511377130364568,0.5,0.8888888888888888,1,3.9222377814365657,0.5846364790756992,-0.6858827846365626,1.5872427705604308,False,False,False,False,False
Kyrgyzstan,KGZ,2018,10.0,1.4104616903832323,7.159133268930413,0.1111111111111111,0.5555555555555556,0,3.980585658529396,0.6702107193752352,-0.7014489267239358,2.0106321581257056,False,False,False,False,False
Kyrgyzstan,KGZ,2019,10.0,1.8573613192499485,9.40560299118963,-0.3333333333333333,0.611111111111111,1,4.49703730653236,0.0,-1.442170179239613,-2.510570313093366,False,False,False,True,True
Kyrgyzstan,KGZ,2020,10.0,2.683844281134773,7.275456344950637,-0.5555555555555556,0.611111111111111,1,4.236304569661526,0.0,-1.4431639237122864,-3.762311965850217,False,False,False,True,True
Kyrgyzstan,KGZ,2021,10.0,3.486507456202554,6.3679816802972224,-0.16666666666666666,0.611111111111111,1,4.215342271744399,0.0,-0.3092919444729592,-3.0079934552387564,False,False,False,True,True
Kyrgyzstan,KGZ,2022,10.0,3.861055268067933,3.5859438195383593,0.16666666666666666,0.4444444444444444,1,3.733844261965703,0.0,-0.23516122571082596,-3.3296199053422324,False,False,False,False,False
Kyrgyzstan,KGZ,2023,10.0,4.047858031340477,2.5161445076959827,0.4444444444444444,0.5,1,3.6905782855850697,0.16666666666666666,-0.24079617921996938,-3.404696167903686,False,False,False,False,False
Kyrgyzstan,KGZ,2024,10.0,4.0571289677039255,3.0239742755522476,0.6666666666666666,0.6666666666666666,2,3.9495539819845673,0.3333333333333333,-0.2625721176784116,-3.478552486381554,False,False,False,True,True
Kyrgyzstan,KGZ,2025,10.0,4.03888423326785,3.114354824381054,0.8333333333333334,0.7777777777777778,2,4.0750922559742255,0.3333333333333333,-0.26397616798240475,-3.516239191312829,False,False,False,True,True
Laos,LAO,1991,0.0,,,,,0,0.0,0.0,,,False,False,False,False,False
Laos,LAO,1992,0.0,,,,,0,0.0,0.0,,,False,False,False,False,False
Laos,LAO,1993,0.0,,,,,0,0.0,0.0,,,False,False,False,False,False
Laos,LAO,1994,0.0,,,,,0,0.0,0.0,,,False,False,False,False,False
Laos,LAO,1995,0.0,,,,,0,0.0,0.0,,,False,False,False,False,False
Laos,LAO,1996,1.4943251015495436,0.9922614126092112,1.047193774820272,,,0,1.1779267629930088,1.7138654115122602,1.5336884532347317,1.8940423697897888,False,False,False,False,False
Laos,LAO,1997,1.2460864269250942,1.7684947358080716,1.6409643771248659,,,0,1.5518485132860107,0.8314130320261715,1.1486628202955667,0.5141632437567764,False,False,False,False,False
Laos,LAO,1998,0.9848448232523204,1.1509103799675389,1.3288312846797725,,,0,1.1548621626332105,0.8309110952829162,0.9274932416778536,0.7343289488879786,False,False,False,False,False
Laos,LAO,1999,1.4715300299197958,1.901044437845489,0.8787377885491027,0.3333333333333334,1.0,1,1.3835957845962108,0.4658758671803767,0.8674057679061543,0.5302218336349759,False,False,False,False,False
Laos,LAO,2000,1.2869821965161015,0.9843016555767989,2.4234821492110323,0.39999999999999997,0.9999999999999999,0,1.4989532002607864,0.4294868168128305,0.31946397747678607,0.9689964729617055,False,False,False,False,False
Laos,LAO,2001,0.18022672734763104,1.2936724414829193,0.9227117158179193,0.4666666666666666,0.8666666666666666,0,1.0126555102630272,0.0,-0.968572443753369,-0.7837602176523365,False,False,False,False,False
Laos,LAO,2002,0.0,0.9349502198492154,1.4659119713645397,0.5238095238095238,0.8095238095238096,0,1.0135057715760845,0.0,-1.0387206469158938,-0.9968571195535625,False,False,False,False,False
Laos,LAO,2003,0.10793416452402094,0.9988069102986166,1.0891357814077618,0.3571428571428571,0.7142857142857142,0,0.8677467998175082,0.0,-0.9621082445182854,-1.1392830611000409,False,False,False,False,False
Laos,LAO,2004,0.22490242585392856,0.7128229735182084,0.6675362261544626,0.16666666666666666,0.5555555555555556,0,0.6099412139942089,0.0,-0.9402839133271362,-0.8442942901927293,False,False,False,False,False
Laos,LAO,2005,0.7144703105975931,0.6922246332458577,2.078818809968476,-0.1111111111111111,0.3333333333333333,0,0.8304360840957188,0.0,-0.8870290120764074,-0.8775581805325617,False,False,False,False,False
Laos,LAO,2006,0.0,0.4446456199591345,6.859067851154358,-0.16666666666666666,0.16666666666666666,0,1.527409360889365,0.0,-0.9340702147752803,-0.302478057117372,False,False,False,False,False
Laos,LAO,2007,0.0,0.7645916700175449,1.8023858597998046,-0.05555555555555555,0.5,0,0.7133955059634699,0.0,-1.0175501330918613,-0.3643359241868405,False,False,False,False,False
Laos,LAO,2008,0.0,1.1089190057157914,2.3993456749598345,-0.05555555555555555,0.5,0,0.9016529361351251,0.0,-1.0215435887041089,-1.119431318100001,False,False,False,False,False
Laos,LAO,2009,0.0,0.5842788172132382,2.6029373504502744,0.0,0.3888888888888889,0,0.792998789088258,0.0755337633337413,-1.0934370746884374,0.22660129000122392,False,False,False,False,False
Laos,LAO,2010,0.0,4.6312700018956345,6.966763293502964,0.2222222222222222,0.4444444444444444,0,2.5862733257463866,0.14335531168454593,-1.0208896834359749,0.43006593505363777,False,False,False,False,False
Laos,LAO,2011,0.3346494945534828,0.7540921993526163,2.7827911581843647,0.3888888888888889,0.5,0,1.1298621259736483,0.09501065524033053,-1.0264705609957536,0.2850319657209916,False,False,False,False,False
Laos,LAO,2012,4.600163490127514,1.108614561409083,4.094986763727047,0.611111111111111,0.6666666666666666,2,2.47186407416384,0.14338160668873395,-1.0446435637191298,0.43014482006620186,False,True,True,True,True
Laos,LAO,2013,7.802141814346848,1.4748456829434282,9.233383921089338,0.8333333333333334,0.7777777777777778,2,4.346518728120367,0.004362766458206054,-1.136390289956111,0.013088299374618162,False,False,False,True,True
Laos,LAO,2014,8.41123168003862,4.218147650138067,10.0,0.9444444444444445,0.8333333333333334,2,5.236986977146449,0.023697903083662767,-1.1525928492200854,0.0710937092509883,False,False,False,True,True
Laos,LAO,2015,7.5265778375867765,1.1982236351891198,0.8336660569378151,0.9444444444444445,0.7777777777777778,2,2.600582394831631,0.0,-1.235536875960406,-0.572579960045738,False,False,False,True,True
Laos,LAO,2016,5.200821757763362,4.568941560344755,7.171886333989475,0.7777777777777778,0.7777777777777778,2,4.010552152641742,0.0,-1.236783104183597,-1.7316023863040013,False,False,False,True,True
Laos,LAO,2017,4.246747685198409,0.8043808806699949,5.991812255362289,0.7777777777777778,0.611111111111111,0,2.764143719801694,0.0,-1.0049773781854399,-0.03384619717173922,False,False,False,False,False
Laos,LAO,2018,3.988019739563591,0.5822148332451929,6.478908824469914,0.7777777777777778,0.2777777777777778,0,2.6320509016779616,0.0,-1.01004144996132,-0.023323170137153244,False,False,False,False,False
Laos,LAO,2019,10.0,0.7678349124213506,3.0234113773352576,0.7777777777777778,0.2222222222222222,0,3.1582492579513213,0.0,-1.0574887267251938,-0.06315780141002734,False,False,False,False,False
Laos,LAO,2020,10.0,0.9147940758228782,5.1855365411126435,0.7777777777777778,0.05555555555555555,1,3.553399456720438,0.2222222222222222,-0.43763812423838566,-0.3562384152858016,False,False,False,False,False
Laos,LAO,2021,10.0,2.314574873060084,4.08562581764502,0.8888888888888888,0.1111111111111111,3,3.6800401381410213,0.5,-0.42327480792240024,-1.0384055091039732,False,False,False,True,True
Laos,LAO,2022,10.0,3.409050353657811,7.547872610469217,0.8888888888888888,0.16666666666666666,2,4.6136068150476275,0.6843312250197675,0.05299367505930261,-0.5828043174555512,False,False,True,True,True
Laos,LAO,2023,10.0,3.7551780592971826,5.143139573989217,0.9444444444444445,0.3333333333333333,3,4.290774637768392,0.9029069757376011,0.37538759387947,-0.5915141364835262,False,False,True,True,True
Laos,LAO,2024,10.0,2.867645484021638,2.21637911378371,1.0,0.3333333333333333,3,3.5501382528944028,1.1163352187329014,0.8490056561987042,-0.7223916480184365,False,False,True,True,True
Laos,LAO,2025,10.0,3.0810220979159073,3.2868000977286105,0.9444444444444445,0.5555555555555556,3,3.8735644391289035,1.1220806982914586,0.8662420948743754,-1.0499102001893696,True,False,True,True,True
Latvia,LVA,1991,,,,,,0,0.0,0.0,,,False,False,False,False,False
Latvia,LVA,1992,,,,,,0,0.0,0.0,,,False,False,False,False,False
Latvia,LVA,1993,,,,,,0,0.0,0.0,,,False,False,False,False,False
Latvia,LVA,1994,,,,,,0,0.0,0.0,,,False,False,False,False,False
Latvia,LVA,1995,,,,,,0,0.0,0.0,,,False,False,False,False,False
Latvia,LVA,1996,1.638146502770788,2.705581921919883,0.016012271584383776,,,0,1.4532468987583513,0.0,-1.9390399415199426,-1.8489838533661984,False,False,False,False,False
Latvia,LVA,1997,1.3292825449325254,1.4158583601479364,0.6660556731749601,,,0,1.1370655260851406,0.0,-2.0208665983029417,-2.120321343335291,False,False,False,False,False
Latvia,LVA,1998,1.7069841132328918,1.4716675604876186,1.7749207949557493,,,0,1.6511908228920866,0.6840691775574708,0.744020401126829,0.6241179539881124,False,False,False,False,False
Latvia,LVA,1999,1.4705214352266598,1.3462755669916466,2.1571398620619022,1.0,1.0,0,1.7947873728560417,0.5912872413523496,0.45322264604911827,0.3206390780079301,False,False,False,False,False
Latvia,LVA,2000,0.9893645158214157,0.9218505069641252,1.3955429822312755,0.9999999999999999,0.9999999999999999,0,1.4613516010033634,0.7534289709799845,0.49447041688778587,0.5658164960521679,False,False,False,False,False
Latvia,LVA,2001,1.2599967948025366,1.1193469890689214,1.2159854496378069,0.9999999999999999,0.9999999999999999,0,1.519065846701853,0.432072783267398,0.2943918988980055,0.40182645090418834,False,False,False,False,False
Latvia,LVA,2002,1.156477053688616,0.9368301283560204,1.25931063142308,0.9047619047619049,0.9047619047619049,0,1.3943330865030674,0.4076434640130348,0.295094683480613,0.4992642799870628,False,False,False,False,False
Latvia,LVA,2003,0.7600092047750714,0.7276553955670425,1.650744402463854,0.7142857142857142,0.7142857142857142,0,1.1991103719897651,0.4325363649950063,0.40021189611734287,0.4688257702962475,False,False,False,False,False
Latvia,LVA,2004,0.6375093298007246,0.423640420296942,2.020056317977391,0.5555555555555556,0.5555555555555556,0,1.060685658059456,0.6104793984833634,0.6113821059421641,0.38672275617459273,False,False,False,False,False
Latvia,LVA,2005,0.6902936590512543,0.5885202109313235,2.2903529779996066,0.2777777777777778,0.3333333333333333,0,0.9582778140408813,0.7341794119818515,0.6671124913210307,0.7020924112911907,True,False,True,False,False
Latvia,LVA,2006,0.7510340020819919,1.170846663225588,2.164082483891567,0.2777777777777778,0.2222222222222222,0,1.0171926298398293,0.7143465388593344,0.7352719006588955,0.741101049252441,False,False,False,False,False
Latvia,LVA,2007,-0.8064901947028699,0.44742363457490836,0.9405801536010564,0.2222222222222222,-0.16666666666666666,0,0.36648964652408184,0.2222222222222222,-1.1416725926689935,-2.943001274144961,False,False,False,False,False
Latvia,LVA,2008,-0.1471186678243006,2.7167240741242065,1.984152918661762,0.05555555555555555,0.2222222222222222,0,1.0512865096683046,0.05555555555555555,-0.19282102528220957,-1.5393680712397884,False,False,False,False,False
Latvia,LVA,2009,0.6296828079966046,0.8425147232027729,1.5915942474581442,0.2777777777777778,0.3888888888888889,0,0.879425022398171,0.49640092991823187,0.41562738030659274,0.5735754094481029,False,False,False,False,False
Latvia,LVA,2010,0.5860472403039211,1.0910001643644256,1.6153999892226014,0.3333333333333333,0.5,0,0.9918228121115231,0.2223999620846041,0.405972122776048,0.09456109681109771,False,False,False,False,False
Latvia,LVA,2011,0.7415231838919851,1.0585754544029387,0.8966863453338899,0.4444444444444444,0.4444444444444444,0,0.8949125522813184,0.1704747140095071,0.5114241420285213,-0.053526563031186976,False,False,False,False,False
Latvia,LVA,2012,0.7231371789049128,1.1781788408027194,0.44100903810360803,0.5,0.5555555555555556,0,0.8906872337844703,0.19112644162428696,0.41957069254511664,0.15380863232774433,False,False,False,False,False
Latvia,LVA,2013,0.8885937839361988,1.1982080339085859,0.6482027344191625,0.611111111111111,0.5,0,0.991445354897234,0.4901164093065224,0.6162723020162889,0.5207435925699451,False,False,False,False,False
Latvia,LVA,2014,0.8854090769247405,1.3809169131651124,2.1878938873863314,0.6666666666666666,0.611111111111111,0,1.401955086606348,1.0907670165593846,0.6601713069131779,1.2787964094316424,False,False,False,False,False
Latvia,LVA,2015,0.8155170212730749,1.8709679671575192,2.201296845222389,0.9444444444444445,0.6666666666666666,1,1.6220008111750412,1.6171545374263434,0.709463351517778,1.4753335940945855,True,False,True,True,False
Latvia,LVA,2016,0.1450987851989285,0.08876317366623517,1.7552301261624828,0.5555555555555556,0.611111111111111,0,0.8644850836721959,0.5184285805542385,0.05528574166271522,-0.16152874545166795,False,False,True,False,False
Latvia,LVA,2017,-0.6827091196712345,1.888987489013582,2.29710494194993,0.2777777777777778,0.8888888888888888,0,1.3038851528593691,0.05555555555555555,-1.4795440695615285,-1.8228541629482335,False,False,False,False,False
Latvia,LVA,2018,-0.661074071182678,2.4184092526087317,0.06801372242787634,-0.16666666666666666,0.8888888888888888,0,0.8528401505628771,0.0,-1.6531376153462982,-3.7261461559122786,False,False,False,False,False
Latvia,LVA,2019,-0.6304495257158822,3.349757642449315,-0.0084833794412236,0.0,0.8333333333333334,0,1.0032848618231962,0.0,-1.6120872185181285,-3.471984187249935,False,False,False,False,False
Latvia,LVA,2020,-0.6875219837876885,1.3438202110749986,0.6813649046606098,0.05555555555555555,0.7777777777777778,0,0.738370356480455,0.0,-2.30404971763738,-2.888509392537454,False,False,False,False,False
Latvia,LVA,2021,-0.7742180938830157,1.8149866319430132,0.5402606623252997,0.3888888888888889,0.8888888888888888,0,0.9821605699647737,0.0,-2.3093457103008213,-3.7037111212387006,False,False,False,False,False
Latvia,LVA,2022,-0.8070082823138536,3.2116331791768835,-0.07382293496170848,0.611111111111111,0.8333333333333334,0,1.2201044136131545,0.0,-2.3440916552601525,-3.2762333101301406,False,False,False,False,False
Latvia,LVA,2023,-0.8162098050738761,3.030480325467753,0.253084458730051,0.5555555555555556,0.611111111111111,0,1.1233796235062274,0.0,-2.3441827902957026,-2.919789750368101,False,False,False,False,False
Latvia,LVA,2024,-0.8200784713255733,3.1023749122646707,0.29080267258442377,0.2222222222222222,0.7777777777777778,0,1.0786355169698187,0.0,-2.3337627680711277,-2.7992174070680265,False,False,False,False,False
Latvia,LVA,2025,-0.8292311296722462,3.32989228516629,0.05715639054214766,0.3333333333333333,0.611111111111111,0,1.0551875129194654,0.0,-2.3035548012646236,-2.587262455744981,False,False,False,False,False
Lebanon,LBN,1991,,,,,,0,0.0,0.0,,,False,False,False,False,False
Lebanon,LBN,1992,,,,,,0,0.0,0.0,,,False,False,False,False,False
Lebanon,LBN,1993,,,,,,0,0.0,0.0,,,False,False,False,False,False
Lebanon,LBN,1994,,,,,,0,0.0,0.0,,,False,False,False,False,False
Lebanon,LBN,1995,,,,,,0,0.0,0.0,,,False,False,False,False,False
Lebanon,LBN,1996,1.5734165804776885,1.1604256424143309,0.13364557749800035,,,0,0.9558292667966733,1.09845747431165,1.5398912554486985,0.6570236931746015,False,False,False,False,False
Lebanon,LBN,1997,1.2868672797265535,1.1873866664958868,0.6528408789635003,,,0,1.042364941728647,0.9631666369371461,1.1534513618042457,0.7728819120700464,False,False,False,False,False
Lebanon,LBN,1998,1.085964221807918,1.17867753137492,1.1395850478460146,,,0,1.1347422670096174,0.45883798755967187,0.8678315257552962,0.04984444936404748,False,False,False,False,False
Lebanon,LBN,1999,0.9555739429132064,1.1469474941922813,1.597144616908493,1.0,1.0,0,1.539933210802796,0.21477140542768217,0.6443142162830465,-0.12851852423812268,False,False,False,False,False
Lebanon,LBN,2000,0.6994286613241926,2.890479356357769,1.5566277088074165,0.9999999999999999,0.9999999999999999,0,1.8293071452978755,0.20764684302516914,0.6229405290755075,-1.2858057823595728,False,False,False,False,False
Lebanon,LBN,2001,-0.32414094262378235,0.48242504597020347,0.9833936458261724,0.9999999999999999,0.8666666666666666,0,1.0398304050259417,0.0,-1.0231314475762054,-1.3679116912494995,False,False,False,False,False
Lebanon,LBN,2002,-0.30982876600536163,0.946946645430289,1.2546508879794014,1.0,0.8095238095238096,0,1.164129030491462,0.4075189180251361,-1.0324568398947203,1.2225567540754083,False,False,False,False,False
Lebanon,LBN,2003,-0.3059183690448454,1.1231216946097922,1.2479464458968716,0.9999999999999998,0.8571428571428571,0,1.2170707709584756,0.4772896802797688,-1.0297471305648362,1.4318690408393064,False,False,False,False,False
Lebanon,LBN,2004,-0.2770664653338019,1.8994261458566266,0.9196123982914194,1.0,0.8888888888888888,0,1.319363264385165,0.0,-1.029068077931915,-1.3719327061167654,False,False,False,False,False
Lebanon,LBN,2005,2.99940252775683,2.6759347408161824,2.9330135167461844,1.0,0.7222222222222222,4,2.410559045952728,0.006664284813515019,-0.7140253923991174,0.019992854440545056,False,False,False,True,True
Lebanon,LBN,2006,6.2854229733515155,3.4124808705593503,2.659263987595628,1.0,0.7222222222222222,4,3.1603224551901876,0.0,-0.7175766678788302,-0.10620359307224563,False,False,False,True,True
Lebanon,LBN,2007,10.0,4.112178606555965,2.255326432815706,1.0,0.6666666666666666,4,3.9401676745410006,0.009431557479858993,0.02829467243957698,-2.8296013620663922,False,False,False,True,True
Lebanon,LBN,2008,10.0,3.011422769845945,1.8705868416971585,1.0,0.611111111111111,1,3.620846366753065,0.5261969299729158,0.5785907899187472,-3.951947809245495,False,False,False,False,False
Lebanon,LBN,2009,10.0,3.19415933381181,1.472077877587576,1.0,0.8333333333333334,1,3.666580775613211,1.0596853593265194,0.8457227446462245,-2.7391545805253736,True,False,True,True,True
Lebanon,LBN,2010,10.0,3.2084143194741928,1.4300622897142299,1.0,0.7777777777777778,3,3.638806432948796,1.17060677423906,0.8451536560505133,-2.7730388267032855,True,False,True,True,True
Lebanon,LBN,2011,10.0,3.01192136317814,1.4974107612128906,1.0,0.5555555555555556,3,3.5240886471004282,1.1150618466744462,0.8451855400233387,-2.909901180335145,True,False,True,True,True
Lebanon,LBN,2012,10.0,2.350489193856236,1.5505095007580545,0.8888888888888888,0.611111111111111,3,3.380199738922858,1.0595254025416914,0.8452428742917406,-2.856298183319098,True,False,True,True,True
Lebanon,LBN,2013,10.0,2.382353995053936,1.4693935483811456,0.7222222222222222,0.7777777777777778,3,3.370349508687016,1.0601021359187899,0.8469730744230364,-3.088633229608886,True,False,True,True,True
Lebanon,LBN,2014,10.0,0.9276692050793093,1.7891978700644473,0.7222222222222222,0.5555555555555556,2,3.0544845261398623,2.107825206757162,3.823475620271487,-1.9785326151500944,True,False,True,True,True
Lebanon,LBN,2015,10.0,1.22745589289924,1.2882421642405752,0.7222222222222222,0.3333333333333333,1,2.925361833650185,2.123001212645651,3.869003637936952,-1.5095620285531781,True,False,True,True,True
Lebanon,LBN,2016,10.0,2.210908319987173,1.1500749452471162,0.7222222222222222,0.4444444444444444,2,3.1388633197135247,2.771547490197157,4.648958745956605,1.1656837246348652,True,False,True,True,True
Lebanon,LBN,2017,10.0,1.4366718545329653,1.1540047655208407,0.8888888888888888,0.5555555555555556,2,3.095913101788539,2.193081043398412,4.245909796861903,-1.063552272094406,False,False,True,True,True
Lebanon,LBN,2018,10.0,2.9905242599078323,0.46985316200620475,0.9444444444444445,0.7222222222222222,1,3.358742151049474,3.009392261301972,5.2269823607263985,0.9678610898461839,True,False,True,True,True
Lebanon,LBN,2019,10.0,1.4559710928910707,0.486134291365165,0.9444444444444445,0.7222222222222222,3,3.055087743517914,2.6885304040415385,5.232257878791283,-0.5892977091502622,True,True,True,True,True
Lebanon,LBN,2020,10.0,1.4406640947708018,0.472594331853964,0.8888888888888888,0.6666666666666666,3,3.0048739075471755,2.689707870031798,5.235790276762061,-0.6972012331361105,True,False,True,True,True
Lebanon,LBN,2021,10.0,1.4403089378351344,2.3736882067005296,0.7777777777777778,0.611111111111111,5,3.318354984462688,2.6339267038720586,5.235113444949509,-0.7651687441956734,True,False,True,True,True
Lebanon,LBN,2022,10.0,3.5489556582970625,0.04484802495003934,0.8333333333333334,0.5555555555555556,1,3.2743162922049756,3.3304354021333507,7.324639539733385,-4.151511878733566,True,False,True,True,True
Lebanon,LBN,2023,10.0,3.293494041036548,0.5496352448631362,0.7777777777777778,0.6666666666666666,1,3.3464036349577144,1.7147130620948852,3.8108058529513222,-5.120281807544192,True,False,True,True,True
Lebanon,LBN,2024,10.0,3.0627948721917075,0.7485312959732818,0.7222222222222222,0.7222222222222222,1,3.3400430114107755,1.3818112539942298,3.8121004286493556,-5.3311271947800405,False,False,False,False,False
Lebanon,LBN,2025,10.0,1.3093173091409138,1.37430699027925,0.6666666666666666,0.6666666666666666,1,3.070058193217366,1.298084645412141,3.894253936236423,-3.288232506313147,False,False,False,False,False
Lesotho,LSO,1991,,,,,,0,0.0,0.0,,,False,False,False,False,False
Lesotho,LSO,1992,,,,,,0,0.0,0.0,,,False,False,False,False,False
Lesotho,LSO,1993,,,,,,0,0.0,0.0,,,False,False,False,False,False
Lesotho,LSO,1994,,,,,,0,0.0,0.0,,,False,False,False,False,False
Lesotho,LSO,1995,,,,,,0,0.0,0.0,,,False,False,False,False,False
Lesotho,LSO,1996,1.510029834259975,0.7923593658233232,-0.30609592745889586,,,0,0.7674630666944328,1.6685732178125878,1.419334202654774,1.917812232970402,False,False,False,False,False
Lesotho,LSO,1997,1.2508801149295503,1.023995397696957,0.5137824011371268,,,0,0.9295526379212115,1.4259282783055567,0.9649825861813045,1.886873970429809,False,False,False,False,False
Lesotho,LSO,1998,1.1654783223263188,0.8696304982707789,0.6959221925190435,,,0,0.9103436710387136,0.3248343104084259,0.6496686208168518,-0.15125053093709556,False,False,False,False,False
Lesotho,LSO,1999,1.337580831417323,0.9820737379291198,1.2286451232350943,0.6666666666666669,1.0,0,1.3763266051829741,0.18760929325102127,0.5628278797530638,-0.002945532948176655,False,False,False,False,False
Lesotho,LSO,2000,1.186683348539674,0.8920677417030657,2.9188450581144143,0.7999999999999999,0.9999999999999999,0,1.7195192296714308,0.18969946246807698,0.5690983874042309,-0.21027480067086834,False,False,False,False,False
Lesotho,LSO,2001,1.2604896163578094,2.026548143039821,1.342311506609485,0.8666666666666666,0.9999999999999999,0,1.6725365198680897,0.19529450170186713,0.5858835051056014,-0.17808041765603824,False,False,False,False,False
Lesotho,LSO,2002,0.3479581868150931,1.669604231170075,0.9884626554081046,0.7142857142857143,1.0,0,1.2869193003929404,0.0,-1.1559298474580117,-0.7791135854282025,False,False,False,False,False
Lesotho,LSO,2003,0.33095992807576746,2.2768010479079317,1.2576606632198837,0.5714285714285714,0.9999999999999998,0,1.4016557564121452,0.0,-1.161522781233755,-0.8155897200454356,False,False,False,False,False
Lesotho,LSO,2004,1.039583246659475,0.6646917287004314,1.4059432860663517,0.4444444444444444,0.8888888888888888,0,1.155376985618585,0.0,-1.2163910359959946,-0.8175809763401165,False,False,False,False,False
Lesotho,LSO,2005,2.582366978119894,1.432232634917774,1.3081053447702835,0.2222222222222222,0.6666666666666666,0,1.4200965471171458,0.0,-1.2179515172280662,-0.8498506393742773,False,False,False,False,False
Lesotho,LSO,2006,3.801446728840073,4.330636385244584,1.4216517451691562,0.3888888888888889,0.3888888888888889,1,2.221858082961874,0.0,-1.2148950419029871,-0.807456817398848,False,False,False,False,False
Lesotho,LSO,2007,4.507200595911211,3.5767821211429487,2.7938274478361556,0.6666666666666666,0.611111111111111,2,2.6866731440891742,0.0,-1.3464150670060315,-3.3198564717188646,False,False,False,True,True
Lesotho,LSO,2008,4.7648350250586695,5.120518373437085,2.7171934876962434,0.8888888888888888,0.8333333333333334,2,3.209398266127289,0.0,-1.4212546333715215,-4.283439226834548,False,False,False,True,True
Lesotho,LSO,2009,4.23000226076828,5.5622544531566165,2.627808161657609,0.8888888888888888,0.7777777777777778,2,3.1506796417831677,0.0,-1.4231805576608834,-1.849782484738433,False,False,False,True,True
Lesotho,LSO,2010,2.906174012708571,3.091819985603628,2.1044224242165877,0.6666666666666666,0.8333333333333334,2,2.2204832845057574,0.0,-1.4235564529940261,-3.159523020541304,False,False,False,False,False
Lesotho,LSO,2011,-0.23842264429377957,1.4441568386435402,3.2312069382265824,0.2777777777777778,0.611111111111111,0,1.2906283109295802,0.0,-1.5040896150050156,-6.681816207710402,False,False,False,False,False
Lesotho,LSO,2012,-0.9301827886351121,2.0680159240649405,0.9389285916790174,-0.16666666666666666,0.2222222222222222,0,0.6902777920376805,0.0,-1.504013773201182,-6.976115054524738,False,False,False,False,False
Lesotho,LSO,2013,-0.30474150495131697,2.674326038445412,5.436986122543834,-0.2777777777777778,0.16666666666666666,0,1.688929098864516,0.0,-1.4983295408314328,-5.277653964368246,False,False,False,False,False
Lesotho,LSO,2014,10.0,10.0,6.653121340101171,0.05555555555555555,0.05555555555555555,1,5.375068712464679,0.0,-1.3703376414516357,-6.124728711443588,False,False,False,True,False
Lesotho,LSO,2015,10.0,1.671461702263628,6.533856969618023,0.3333333333333333,-0.05555555555555555,1,3.774397067709663,0.0,-1.1468084956038758,-3.9992580541526017,False,False,False,False,False
Lesotho,LSO,2016,10.0,4.0843703813591,6.238935998632702,0.5,-0.05555555555555555,1,4.26466127599836,0.2777777777777778,-1.1494906326936358,-4.2303705083462315,False,False,False,True,True
Lesotho,LSO,2017,10.0,3.641591888012945,5.232084966205895,0.7777777777777778,0.2222222222222222,1,4.174735370843768,0.5555555555555556,-1.1343827568893214,-4.2770227397335905,False,False,False,True,True
Lesotho,LSO,2018,10.0,4.423764608896851,5.437963995887293,0.7777777777777778,0.5,2,4.48345683206794,0.7777777777777778,-1.1127521565999345,-4.365372659647332,False,False,False,True,True
Lesotho,LSO,2019,10.0,5.2438597979748955,5.571553254955765,1.0,0.7777777777777778,2,4.874193721697243,0.9444444444444445,-1.1105217676317682,-4.849070998281207,True,False,True,True,True
Lesotho,LSO,2020,10.0,7.515783960607853,4.2493467554570605,0.9444444444444445,0.7777777777777778,2,5.041915032101872,0.8888888888888888,-1.110972594259824,-5.480404466162508,True,False,True,True,True
Lesotho,LSO,2021,10.0,3.5795840710744877,0.10569550511947606,0.9444444444444445,0.5555555555555556,2,3.3370559152387926,0.8333333333333334,-1.1109687748459458,-5.127122882924238,True,False,True,True,True
Lesotho,LSO,2022,10.0,1.4718943575661918,-0.22651407058466733,1.0,0.2222222222222222,0,2.7832677604021274,0.8333333333333334,-1.1101057793926319,-4.440678277556133,True,False,True,True,True
Lesotho,LSO,2023,10.0,3.421232952120297,0.6724096244423343,1.0,0.611111111111111,2,3.46317295975697,0.3888888888888889,-1.271220367872536,-4.641258828814425,True,False,True,True,True
Lesotho,LSO,2024,10.0,3.5523629572304736,-0.4095641003409342,1.0,0.611111111111111,1,3.3549170358905394,0.05555555555555555,-1.4579285532719684,-4.554091882533037,False,False,False,False,False
Lesotho,LSO,2025,10.0,3.7578604891351364,-0.1044441860098191,1.0,0.5,1,3.3515720978270274,0.0,-1.458966650664764,-4.815481959936047,False,False,False,False,False
Liberia,LBR,1991,,,,,,0,0.0,0.0,,,False,False,False,False,False
Liberia,LBR,1992,,,,,,0,0.0,0.0,,,False,False,False,False,False
Liberia,LBR,1993,,,,,,0,0.0,0.0,,,False,False,False,False,False
Liberia,LBR,1994,,,,,,0,0.0,0.0,,,False,False,False,False,False
Liberia,LBR,1995,,,,,,0,0.0,0.0,,,False,False,False,False,False
Liberia,LBR,1996,1.5764143818780167,1.5844538020228573,0.5560335616351048,,,1,1.238967248511993,1.2915205811431048,-2.487803569437639,2.5830411622862095,False,False,False,False,False
Liberia,LBR,1997,1.0744745865780718,1.395111285790575,0.8452600927479278,,,0,1.1049486550388583,0.60240801160046,0.8250450258583752,0.3797709973425448,False,False,False,False,False
Liberia,LBR,1998,0.883999927435543,1.0752265554758105,0.6134635632961344,,,0,0.8575633487358293,0.2715272038853976,0.2704684207614673,0.27258598700932785,False,False,False,False,False
Liberia,LBR,1999,0.722712665816742,0.6711613982747833,1.054232503823425,1.0,1.0,0,1.28962131358299,0.024658322697373166,-0.11188232106613465,0.0739749680921195,False,False,False,False,False
Liberia,LBR,2000,0.7382212282787725,0.6575944900386851,1.360484566756754,0.9999999999999999,0.9999999999999999,0,1.3512600570148423,0.0,-0.5057674257905109,-0.10186376258509841,False,False,False,False,False
Liberia,LBR,2001,1.04722111574988,0.8655136466728746,1.3545568406232624,0.9999999999999999,0.9999999999999999,0,1.4534583206092033,0.0,-0.493747468649711,-0.08363506481590649,False,False,False,False,False
Liberia,LBR,2002,1.1732138408698505,2.4646568059413845,1.9720223732201643,1.0,0.9047619047619049,0,1.8838833659110417,0.0,-0.037766618981707245,-0.13857760582600498,False,False,False,False,False
Liberia,LBR,2003,0.7452861486472491,0.8505308699226765,0.8764736838616038,0.7857142857142856,0.7142857142857142,0,1.0944581404863059,0.27183399025904637,0.38693054220571066,-0.8386302961119825,False,False,False,False,False
Liberia,LBR,2004,1.6084055901639225,1.4590348189720255,2.840948958053447,0.8333333333333334,0.4444444444444444,1,1.69278898454899,0.6288469469864363,0.8865408409593087,-0.9002247503507829,False,False,False,False,False
Liberia,LBR,2005,2.927276892679871,2.2302752613416454,2.060035703899627,0.8333333333333334,0.5,2,1.976850904917562,0.7559941913802809,1.2679825741408428,-1.2464416350404275,False,False,False,False,False
Liberia,LBR,2006,2.857716834421089,3.7408502467930616,2.0574598568477676,0.7777777777777778,0.7222222222222222,2,2.3312053876123837,0.46761727174537576,0.06951848190279401,-1.267476438765101,False,False,False,False,False
Liberia,LBR,2007,3.0792637967314227,2.272929019246057,1.8895049317443018,0.7777777777777778,0.7777777777777778,2,2.0705617717665783,0.5194208134962255,0.05826244048867642,-0.8893637652373853,False,False,False,False,False
Liberia,LBR,2008,3.270595547863438,2.2736462206672283,1.7637268855503685,0.7777777777777778,0.8333333333333334,2,2.106038175260651,0.35266814825583687,0.05800444476751051,-0.7428530118141331,False,False,False,False,False
Liberia,LBR,2009,3.456104799373469,2.276351836250715,1.664044626191759,0.8333333333333334,0.7777777777777778,2,2.123744696807633,0.13106485158569497,0.0598612214237516,-0.6283981101917745,False,False,False,False,False
Liberia,LBR,2010,3.634601784652902,2.354741958519989,1.5848368634832606,0.8888888888888888,0.7222222222222222,3,2.1592805657756746,0.018859257950476386,0.056577773851429154,-0.6000662750114268,False,False,False,True,True
Liberia,LBR,2011,10.0,3.83033692820359,10.0,0.9444444444444445,0.8888888888888888,4,5.4994007189740515,0.0,-0.24736251468771062,-0.7512313895347549,False,False,False,True,True
Liberia,LBR,2012,10.0,2.8664058479007473,8.32201114305199,0.9444444444444445,0.9444444444444445,5,4.993238953746103,0.0,-0.6788317389370543,-0.6330231559618681,False,False,False,True,True
Liberia,LBR,2013,10.0,2.739466252669338,8.308010066414028,0.7222222222222222,0.611111111111111,4,4.742828597150006,0.561653821705206,-1.075921995679747,1.6849614651156177,False,True,True,True,True
Liberia,LBR,2014,10.0,1.5525518668872522,8.356540036373286,0.7222222222222222,0.611111111111111,1,4.515151713985441,0.5835558897448528,-1.3210054877988489,1.7506676692345584,False,False,False,True,True
Liberia,LBR,2015,10.0,2.0873926501762234,8.55397542560523,0.7777777777777778,0.611111111111111,1,4.683829170711847,0.21366353050293863,-2.0237113562849904,0.6409905915088159,False,False,False,True,True
Liberia,LBR,2016,10.0,2.1809871066775117,8.611988327309799,0.611111111111111,0.5555555555555556,1,4.6252617534641285,0.21901023873118505,-2.0212292228923676,0.6570307161935551,False,False,False,True,True
Liberia,LBR,2017,10.0,1.6769550143451,8.320293585320591,0.3888888888888889,0.4444444444444444,1,4.332783053266472,0.2745235643154068,-2.0232801623647227,0.8235706929462204,False,False,False,True,True
Liberia,LBR,2018,10.0,2.3522772485004877,8.312768130096059,0.2222222222222222,0.05555555555555555,1,4.24412018683042,0.0,-2.011529575880068,-0.3491036038304233,False,False,False,True,True
Liberia,LBR,2019,10.0,1.5755796535868607,8.463203609123356,0.05555555555555555,0.16666666666666666,1,4.096645541430933,0.1125369421579015,-2.008419098539311,0.3376108264737045,False,False,False,True,True
Liberia,LBR,2020,10.0,2.4951112732011196,8.849318306129161,0.05555555555555555,0.05555555555555555,1,4.3133303603105,0.4090233117319227,-1.7889966797042636,1.2270699351957681,False,False,False,True,True
Liberia,LBR,2021,10.0,0.4760305430376737,6.66026883210366,0.3888888888888889,0.1111111111111111,1,3.6272598750282667,0.550549090118215,-1.0992421538244754,1.1516472703546448,False,False,False,False,False
Liberia,LBR,2022,10.0,0.631965681779251,6.668076102138999,0.7222222222222222,0.16666666666666666,1,3.815563912339205,0.9586340875442891,-1.1016708619148896,1.209235595966201,False,False,False,False,False
Liberia,LBR,2023,10.0,0.9342429320250665,6.603760966082879,0.8888888888888888,0.4444444444444444,1,4.040934112954923,1.2357399237347597,-1.1010898168584655,1.207219771204279,True,False,True,True,True
Liberia,LBR,2024,10.0,1.5759473517693523,6.597409489321068,0.9444444444444445,0.2222222222222222,2,4.10133803488475,1.020196957298644,-1.1012229993820208,0.8939242052292651,True,False,True,True,True
Liberia,LBR,2025,10.0,1.8716391680028848,6.492215161313099,1.0,0.3888888888888889,2,4.228326421418752,0.9083864054267125,-1.1005558568200493,0.5584925496134707,True,False,True,True,True
Lithuania,LTU,1991,,,,,,0,0.0,0.0,,,False,False,False,False,False
Lithuania,LTU,1992,,,,,,0,0.0,0.0,,,False,False,False,False,False
Lithuania,LTU,1993,,,,,,0,0.0,0.0,,,False,False,False,False,False
Lithuania,LTU,1994,,,,,,0,0.0,0.0,,,False,False,False,False,False
Lithuania,LTU,1995,,,,,,0,0.0,0.0,,,False,False,False,False,False
Lithuania,LTU,1996,1.763548102394492,0.9169862289642107,0.3432266342749235,,,0,1.0079203218778752,0.8430224953247005,1.374523746875233,0.31152124377416807,False,False,False,False,False
Lithuania,LTU,1997,1.4553158999932454,0.9305917378167035,0.9524184551255686,,,0,1.1127753643118392,0.7171927245061658,1.2185457675379314,0.21583968147440025,False,False,False,False,False
Lithuania,LTU,1998,1.0201225521306905,1.3080095431419936,1.4291882630202424,,,0,1.2524401194309756,0.5068635416095494,0.8586957615415782,0.1550313216775205,False,False,False,False,False
Lithuania,LTU,1999,0.8658690326693409,1.2955723507449766,2.028837012171108,-0.6666666666666669,1.0,0,1.238055679117085,0.2089154011896751,0.5910779234046172,0.03566828016440817,False,False,False,False,False
Lithuania,LTU,2000,0.6621424144749362,0.2825254887923853,2.2723860715924884,-0.6,0.9999999999999999,0,1.043410794971962,0.25105521510096507,0.5976994589582064,0.15546618634468876,False,False,False,False,False
Lithuania,LTU,2001,0.46581819096668986,0.403012785962062,0.6954675662157986,-0.7333333333333333,0.9999999999999999,0,0.7128597086289101,0.2784174400081919,-0.45817463559260574,0.8352523200245757,False,False,False,False,False
Lithuania,LTU,2002,0.5717743178284567,0.7945488369906946,1.0965888187768893,-0.5238095238095238,1.0,0,0.8925823947192081,0.3510261006907467,-0.45977838372022567,1.05307830207224,False,False,False,False,False
Lithuania,LTU,2003,-0.822371571321413,1.1295779242127186,2.2411498965639836,-0.6428571428571428,0.9999999999999998,0,1.0741455641553403,0.1636740174987964,-0.9412707710802429,0.4910220524963892,False,False,False,False,False
Lithuania,LTU,2004,-0.7775605120642887,1.586579158309936,1.2724618645913526,-0.6666666666666666,1.0,0,0.9718082045802576,0.0,-1.3328824049474135,-0.5154590655599084,False,False,False,False,False
Lithuania,LTU,2005,-0.8122277207757874,2.6299526941143956,1.514161907393345,-0.6666666666666666,1.0,0,1.2288229203015482,0.0,-1.448436462977079,-2.7374203224684823,False,False,False,False,False
Lithuania,LTU,2006,-0.8264374125246783,2.2428749516380684,3.4013853887306653,-0.6666666666666666,1.0,0,1.5288520680737467,0.0,-1.5050350447310938,-7.068027414437067,False,False,False,False,False
Lithuania,LTU,2007,-0.9200802775397111,2.3465486568928124,2.421227362033588,-0.6666666666666666,0.8888888888888888,0,1.3091107593408355,0.0,-1.5048044165908923,-7.000816800465539,False,False,False,False,False
Lithuania,LTU,2008,-0.9167285518462739,1.8052080474939294,3.2642532574990306,-0.7222222222222222,0.8888888888888888,0,1.3694478165541475,0.0,-1.4974383943133245,-7.637218324821606,False,False,False,False,False
Lithuania,LTU,2009,-0.9470042894716659,1.6709593911677711,7.959444799689044,-0.7222222222222222,0.7222222222222222,0,2.214969727060252,0.0,-1.498363428411554,-6.320076112195328,False,False,False,False,False
Lithuania,LTU,2010,-0.9734567421043054,1.788190990078921,7.9878011012837415,-0.6666666666666666,0.8333333333333334,0,2.2885317516058654,0.0,-1.4996819915182484,-6.222973987022743,False,False,False,False,False
Lithuania,LTU,2011,-0.9617429436055638,2.2502012732416192,6.151541622676296,-0.4444444444444444,0.7777777777777778,0,1.9914596902946944,0.0,-1.5001824983954999,-6.238188215913359,False,False,False,False,False
Lithuania,LTU,2012,-0.9267808541531058,3.3544903193864544,6.657402036777034,-0.1111111111111111,0.7777777777777778,0,2.313489582343809,0.0,-1.5117450250660942,-6.727571717009843,False,False,False,False,False
Lithuania,LTU,2013,-1.0044039776536928,4.565802894645341,0.5007903697375921,0.16666666666666666,0.7222222222222222,0,1.3688742084321421,0.0,-1.5145129903363335,-7.5989185205778575,False,False,False,False,False
Lithuania,LTU,2014,-0.7496856519202572,5.925085993830917,5.352730212692912,0.611111111111111,0.7777777777777778,1,2.8111187968603213,0.0,-1.2729335754195645,-1.3444866722677047,False,True,True,True,False
Lithuania,LTU,2015,-0.5690761050511138,3.6267356763517147,4.822333832838595,0.6666666666666666,0.8333333333333334,1,2.2898139018380617,0.05555555555555555,-1.2569648199216337,-1.4330746649702446,False,False,False,False,False
Lithuania,LTU,2016,-0.4565205116046537,3.2278699059942677,4.93634936440196,0.6666666666666666,0.611111111111111,3,2.1439549651903564,0.1111111111111111,-1.2655187761143125,-3.5919478386671853,False,False,False,True,True
Lithuania,LTU,2017,-0.4191045703347077,3.3709562370341506,5.460419938618553,0.6666666666666666,0.7777777777777778,4,2.3440530129083186,0.3333333333333333,-1.2623035805285447,-4.3138482364294655,False,False,False,True,True
Lithuania,LTU,2018,-0.4769190710394503,3.2785332968478973,5.473655503465375,0.7222222222222222,0.8333333333333334,3,2.3726599822848766,0.5,-1.2614595857414814,-4.2648717828576235,False,False,False,True,True
Lithuania,LTU,2019,-0.4657244480500842,3.2522004238027074,3.901792507303315,0.7222222222222222,0.7222222222222222,3,2.008576363998982,0.6666666666666666,-1.2438798583776742,-4.423729535658295,False,False,True,True,True
Lithuania,LTU,2020,-0.48375213680873447,3.410438268269241,3.9773246681842642,0.8333333333333334,0.7777777777777778,3,2.1219970317351455,0.7777777777777778,-1.1961688114591482,-4.588779578872046,True,False,True,True,True
Lithuania,LTU,2021,-0.8142735449638523,2.5756153887722326,4.354882711444296,0.8333333333333334,0.3333333333333333,1,1.8527662867099721,0.8333333333333334,-1.184384089068029,-4.72720268993758,True,False,True,True,True
Lithuania,LTU,2022,-1.0380231312385158,1.4310401408043345,5.056397399203737,0.8333333333333334,0.7777777777777778,0,1.9419319524460588,0.7777777777777778,-1.1852594150484626,-4.732075046292432,True,False,True,True,True
Lithuania,LTU,2023,-0.7617908866646727,2.0789898793632875,4.173677328661081,0.8888888888888888,0.5,0,1.806088997160429,0.3333333333333333,-1.4467550984899697,-7.886657056838241,False,False,False,False,False
Lithuania,LTU,2024,-0.6453304055954038,3.680727824196417,3.319748811091661,0.8888888888888888,0.3888888888888889,0,1.9112064381687268,0.1111111111111111,-1.4508542326371106,-8.927119392855188,False,False,False,False,False
Lithuania,LTU,2025,0.6395015165299489,4.263323758332429,7.6862014099979765,0.8888888888888888,0.3888888888888889,0,3.0289164480831823,0.0,-1.4469770407840428,-10.0,False,False,False,False,False
Luxembourg,LUX,1991,0.0,,,,,0,0.0,0.0,,,False,False,False,False,False
Luxembourg,LUX,1992,0.0,,,,,0,0.0,0.0,,,False,False,False,False,False
Luxembourg,LUX,1993,0.0,,,,,0,0.0,0.0,,,False,False,False,False,False
Luxembourg,LUX,1994,0.0,,,,,0,0.0,0.0,,,False,False,False,False,False
Luxembourg,LUX,1995,0.0,,,,,0,0.0,0.0,,,False,False,False,False,False
Luxembourg,LUX,1996,1.1595157378351644,0.536681856004522,0.15741176126986522,,,0,0.6178697850365172,0.39521882040939493,-0.33014470059011397,0.7904376408187899,False,False,False,False,False
Luxembourg,LUX,1997,0.5020300113081686,0.5619872289091763,0.6045878100023577,,,0,0.5562016834065675,0.39098571863965564,-0.3373469002022092,0.7819714372793113,False,False,False,False,False
Luxembourg,LUX,1998,0.0688621007504006,0.5438982178924,1.3578790953371909,,,0,0.6568798046599972,0.38262850868532483,-0.34243441875128744,0.7652570173706497,False,False,False,False,False
Luxembourg,LUX,1999,0.0,0.9792550719124062,0.8712301852593809,1.0,0.6666666666666669,0,1.036763718101024,0.20565280949050802,-0.3374415558840742,0.616958428471524,False,False,False,False,False
Luxembourg,LUX,2000,0.515889947147195,0.5577316391937456,1.8557132815342667,0.9999999999999999,0.7999999999999999,0,1.3058669735750414,0.0,-0.32398925181569577,-0.9808598222893559,False,False,False,False,False
Luxembourg,LUX,2001,0.6036342447041678,0.7864096001285963,1.3000549043001368,0.9999999999999999,0.8666666666666666,0,1.2846864164932468,0.20000000000000004,-0.32400183212899397,-0.9800428618191213,False,False,False,False,False
Luxembourg,LUX,2002,0.9071374259771668,0.9080313544696035,1.507109717824151,0.9047619047619049,0.9047619047619049,0,1.388265223463708,0.14285714285714288,-0.335548022814165,-1.4207085236173598,False,False,False,False,False
Luxembourg,LUX,2003,1.179980691041332,0.9461347298885202,1.4145749784139272,0.8571428571428571,0.9285714285714285,0,1.42242379415447,0.14285714285714285,-0.3353134093216917,-0.7364909324563471,False,False,False,False,False
Luxembourg,LUX,2004,1.4363725292555032,1.0070205978413398,1.0218558733771674,0.8888888888888888,0.9444444444444445,0,1.4263831334281354,0.16666666666666666,-0.33373350449762856,-0.5665711055690581,False,False,False,False,False
Luxembourg,LUX,2005,2.9999173991646892,2.8962077902727654,2.9183089842682697,0.8888888888888888,0.9444444444444445,4,2.4962201680744784,2.0766674392722773,2.99995359600586,1.7300487218109712,False,False,True,True,True
Luxembourg,LUX,2006,4.439698266512723,3.842451830090717,2.6756618667200103,0.8333333333333334,1.0,3,2.9248957259980233,2.249879843396793,3.1397210886707487,1.776585108186296,False,False,False,True,True
Luxembourg,LUX,2007,6.180566711907568,4.099043828231799,4.742353074156219,0.8333333333333334,1.0,4,3.737726056192451,2.2411491342395813,3.1415042533887316,1.7486098159966794,False,False,False,True,True
Luxembourg,LUX,2008,7.0195344565092705,4.169902517320472,2.751660310310408,0.8333333333333334,1.0,4,3.5215527901613632,2.2793440407236294,3.1211008037603265,2.216931318410562,False,True,True,True,True
Luxembourg,LUX,2009,6.375249330275327,4.033271756895191,2.353864929336377,0.7777777777777778,0.8888888888888888,4,3.2191438699680455,2.24562126358729,3.1799051653871837,1.3902919587080191,False,False,False,True,True
Luxembourg,LUX,2010,5.868442148340825,3.6847711003809818,2.0465573644520565,0.7777777777777778,0.7222222222222222,3,2.9199541226347727,2.1691556962180987,3.2046463470115687,0.6361540749760617,True,False,True,True,True
Luxembourg,LUX,2011,5.597948322957178,2.8706431945968145,2.046728230668761,0.8888888888888888,0.6666666666666666,2,2.725286171866773,2.1525571277973716,3.2354917478107046,0.5555129689147439,True,False,True,True,True
Luxembourg,LUX,2012,7.976726173126251,1.2619820301822804,2.051938994575448,0.8888888888888888,0.611111111111111,1,2.8581294395767953,2.1010488829189065,3.2452010262484503,0.39127895584160316,True,False,True,True,True
Luxembourg,LUX,2013,7.293910726567463,5.015006030757051,2.062003455558814,0.8888888888888888,0.16666666666666666,1,3.2964062647988874,2.1074140223497593,3.2815740846572528,0.3740013157253576,True,False,True,True,True
Luxembourg,LUX,2014,3.5729020471537387,4.76953871971813,1.0673050866542182,0.611111111111111,0.2222222222222222,0,2.2152825040385506,0.4444444444444444,-0.31187803271382514,-0.18036888308575288,True,False,True,True,True
Luxembourg,LUX,2015,3.9141719550882144,2.8015246522539194,3.997886029880148,0.3333333333333333,0.3333333333333333,0,2.409383194111123,0.5159509735206177,0.39148345542609225,0.656369465135761,False,False,False,False,False
Luxembourg,LUX,2016,10.0,0.7202873042920745,4.1200087747056795,0.4444444444444444,0.05555555555555555,0,3.168059215799551,0.6986426653926049,0.9140783823395279,1.1818496138382866,False,False,False,False,False
Luxembourg,LUX,2017,10.0,0.40605353211189876,5.781076950309283,0.4444444444444444,-0.1111111111111111,0,3.4152038742620143,0.6815141446499982,0.9139972335156997,1.1305452004342946,False,False,False,False,False
Luxembourg,LUX,2018,8.9906620371031,0.4257471655506913,3.921065442972915,0.3333333333333333,0.05555555555555555,1,2.8230504846808966,0.7540455696106645,0.9109460075712418,1.3511907012607516,False,False,False,False,False
Luxembourg,LUX,2019,6.428106426912798,0.43417713490683146,6.231549289790435,0.2222222222222222,0.4444444444444444,1,2.8854332369886797,0.7393042716521423,0.9115251636575169,1.30638765129891,False,False,False,False,False
Luxembourg,LUX,2020,10.0,1.1187664044889432,5.24884775620513,0.3333333333333333,0.8888888888888888,2,3.7624117210277044,0.47731845501890224,0.9392720580411705,0.49268330701553614,False,False,False,True,True
Luxembourg,LUX,2021,10.0,2.3877804275070234,2.749433054605004,0.7222222222222222,0.7222222222222222,2,3.6052204742001828,0.8925267079267388,1.0029359966701827,0.8413107937767006,True,False,True,True,True
Luxembourg,LUX,2022,10.0,1.9474600912230426,2.263139728338143,0.6666666666666666,0.611111111111111,2,3.3532310750233485,1.1977286429587894,0.9990727775327325,0.5941131513436358,False,False,False,True,True
Luxembourg,LUX,2023,10.0,2.063624674055088,1.8174531379705603,0.6666666666666666,0.4444444444444444,1,3.220660006849574,1.153250862540063,1.0403110060438319,0.41944158157635736,True,False,True,True,True
Luxembourg,LUX,2024,10.0,2.5100962331108305,2.1459385306479,0.6666666666666666,0.7222222222222222,1,3.4867625083073017,0.29864107228350595,0.22925655018385122,-0.5485720175892576,False,False,False,False,False
Luxembourg,LUX,2025,10.0,2.314212759423217,10.0,0.7777777777777778,0.7777777777777778,4,5.085064774106867,0.0,-0.13445710307752481,-0.5671703834359052,False,False,False,True,False
Malawi,MWI,1991,,,,,,0,0.0,0.0,,,False,False,False,False,False
Malawi,MWI,1992,,,,,,0,0.0,0.0,,,False,False,False,False,False
Malawi,MWI,1993,,,,,,0,0.0,0.0,,,False,False,False,False,False
Malawi,MWI,1994,,,,,,0,0.0,0.0,,,False,False,False,False,False
Malawi,MWI,1995,,,,,,0,0.0,0.0,,,False,False,False,False,False
Malawi,MWI,1996,1.5310714758488104,0.8885380188348323,-0.06448848299666865,,,0,0.806536498227881,0.5505316821685301,1.0382557497027434,0.0628076146343168,False,False,False,False,False
Malawi,MWI,1997,1.1734819515524404,1.0596256090768337,-0.13396425683992988,,,0,0.7443691868764247,0.4331938922849061,0.8499148918293695,0.016472892740442755,False,False,False,False,False
Malawi,MWI,1998,1.2529695899361846,1.1162210292512282,0.6376526680047337,,,0,1.0022810957307156,0.32883859083047257,0.6473642724483541,0.010312909212591015,False,False,False,False,False
Malawi,MWI,1999,0.9079639432115515,0.8031386364463088,1.1214231851466265,1.0,1.0,0,1.3665051529608974,0.15122823696748153,0.45368471090244455,-0.297636219326492,False,False,False,False,False
Malawi,MWI,2000,1.045891625810221,0.6217167746731653,1.0974932038571785,0.9999999999999999,0.9999999999999999,0,1.3530203208681129,0.15753335384969835,0.47260006154909506,-0.29839284670589544,False,False,False,False,False
Malawi,MWI,2001,1.0023747740697184,1.111130982842355,1.9555631774379796,0.8666666666666666,0.9999999999999999,0,1.5604804535366772,0.17149854572332177,0.5144956371699653,-0.22530096361443408,False,False,False,False,False
Malawi,MWI,2002,0.7657645302558773,2.502019936284681,2.6165298715798944,0.6190476190476191,1.0,0,1.8244819152431382,1.1105068015884918,0.5373102383787509,2.794210166386725,False,False,False,False,False
Malawi,MWI,2003,0.36938036298692456,1.3463303584846729,2.7708320174948393,0.3571428571428571,0.7857142857142856,0,1.3544514049361445,0.0,-1.4359609759354437,-0.0967832971120574,False,False,False,False,False
Malawi,MWI,2004,-1.152190213236198,1.1780824586851861,1.7894746862353756,0.05555555555555555,0.7777777777777778,0,0.9268447623174458,0.0,-1.5406909334897219,-1.078617788084135,False,False,False,False,False
Malawi,MWI,2005,-1.1222627609589504,1.9866553450281128,1.9052293406761478,-0.3333333333333333,0.7222222222222222,0,1.067265826029741,0.0,-1.5369736525555582,-0.887072468131071,False,False,False,False,False
Malawi,MWI,2006,-1.123563664692837,1.5700217010117723,2.7587603682164676,-0.611111111111111,0.7222222222222222,0,1.154645302734537,0.0,-1.5368950105142676,-0.6264017585017518,False,False,False,False,False
Malawi,MWI,2007,-1.1234639618669249,1.6911402428536604,2.804679830734872,-0.3888888888888889,0.7222222222222222,0,1.1880529036065954,0.0,-1.5368799242895286,-0.8324404731939742,False,False,False,False,False
Malawi,MWI,2008,-1.1521902137385618,1.6373988879200887,3.665795889054367,-0.2777777777777778,0.8333333333333334,0,1.3939722887282247,0.0,-1.5545890980772596,-2.1177422286230367,False,False,False,False,False
Malawi,MWI,2009,-1.113804977935973,1.592310747153688,3.085075287631394,0.1111111111111111,0.7222222222222222,0,1.2688105402903498,0.0,-1.5440127474135363,-1.4405546782560839,False,False,False,False,False
Malawi,MWI,2010,-1.1186993654343618,1.29012405032604,4.740551200807403,0.5,0.4444444444444444,0,1.583912828004466,0.0,-1.545035561675728,-1.6201423498537681,False,False,False,False,False
Malawi,MWI,2011,-1.11956241847472,1.1721402463955717,4.222333473722539,0.5555555555555556,0.2777777777777778,0,1.4122280773569553,0.0,-1.5450768768757857,-1.697756009611857,False,False,False,False,False
Malawi,MWI,2012,-1.0951345790270037,1.2780668358340945,3.8561393250363665,0.5555555555555556,0.5555555555555556,0,1.4712856766185365,0.0,-1.544684489462679,-2.7085836317992396,False,False,False,False,False
Malawi,MWI,2013,-1.1147864015666193,1.488878064087,3.3850813819156014,0.4444444444444444,0.8888888888888888,0,1.5081252225338537,0.0,-1.5472204963722693,-2.7480031261999462,False,False,False,False,False
Malawi,MWI,2014,-0.814935683003946,1.6686173649843155,2.0928261411910243,0.3333333333333333,0.9444444444444445,1,1.2633998123461792,0.0,-1.5353976284884998,-1.5360764877437354,False,False,False,False,False
Malawi,MWI,2015,-0.4184307920038067,1.612368597797255,1.1974473013665377,0.5,0.7222222222222222,1,1.0508520687216474,0.2222222222222222,-1.5289475132562178,-1.561406701693208,False,False,False,False,False
Malawi,MWI,2016,-0.4165255109540831,1.5928267539569294,1.2195683338048482,0.7777777777777778,0.6666666666666666,1,1.1402567953301332,0.5,-1.5292472808724125,-1.740074305304262,False,False,True,False,False
Malawi,MWI,2017,-0.0971468054753983,1.5897892102731215,1.236397307305483,0.7777777777777778,0.8333333333333334,1,1.2096817479601654,0.5,-1.523451660182244,-2.237031228713587,False,False,True,False,False
Malawi,MWI,2018,-0.5011100023626676,1.5667149581128381,1.3596441568066489,0.8333333333333334,0.6666666666666666,1,1.1852718229838974,0.6666666666666666,-1.5255748055066554,-2.900938155079525,False,False,True,False,False
Malawi,MWI,2019,0.6037191026854256,1.579092268763809,1.8487403595776652,0.8333333333333334,0.7222222222222222,0,1.4285325684276022,0.7777777777777778,-1.4684208453935739,-0.01919497282976552,True,False,True,False,False
Malawi,MWI,2020,2.096127358306048,1.30390582566547,2.628947940918207,0.8888888888888888,0.3333333333333333,0,1.694685113866834,0.9482351311834659,-1.4247519177683023,0.34470539355039786,True,False,True,True,True
Malawi,MWI,2021,3.258659305253564,0.9208357363881577,1.6263536500824571,0.9444444444444445,0.1111111111111111,0,1.583391960567058,1.0104250216504564,-1.3959600898591222,0.3646083982847026,True,False,True,True,True
Malawi,MWI,2022,3.3986008854696603,1.0727132745815877,1.2682745650790423,0.8888888888888888,0.3888888888888889,1,1.6590288561371693,1.1091932966178633,-1.392394099429822,0.6609132231869231,True,False,True,True,True
Malawi,MWI,2023,2.161936284037585,0.9814188148125379,1.6909496076710764,0.9444444444444445,0.611111111111111,1,1.5890831635264622,0.8523664669978762,-1.4077440414369178,0.22376606766029497,True,False,True,True,True
Malawi,MWI,2024,2.226501416396487,0.9756292809276763,1.1083860715458285,0.9444444444444445,0.5555555555555556,1,1.4621033537739982,0.7968473697665005,-1.3939978023548287,0.05720877596616779,True,False,True,False,False
Malawi,MWI,2025,2.7430190532606065,0.7613294486561585,0.9101489538165848,0.9444444444444445,0.611111111111111,1,1.5051217133688923,0.7777777777777778,-1.3876453789148195,-0.3386719285410301,True,False,True,True,False
Malaysia,MYS,1991,,,,,,0,0.0,0.0,,,False,False,False,False,False
Malaysia,MYS,1992,,,,,,0,0.0,0.0,,,False,False,False,False,False
Malaysia,MYS,1993,,,,,,0,0.0,0.0,,,False,False,False,False,False
Malaysia,MYS,1994,,,,,,0,0.0,0.0,,,False,False,False,False,False
Malaysia,MYS,1995,,,,,,0,0.0,0.0,,,False,False,False,False,False
Malaysia,MYS,1996,-0.5134272932749602,0.02055980479571544,0.7548630196159152,,,0,0.25847427480387686,0.08669979986081293,-1.3007988287474395,0.17339959972162586,False,False,False,False,False
Malaysia,MYS,1997,-0.5402522169731695,0.03723847713613919,2.407783662288392,,,0,0.8150073798081771,0.0929898321795455,-1.6264170745945528,0.185979664359091,False,False,False,False,False
Malaysia,MYS,1998,-0.29152048130942565,-0.0759839070033766,1.8655823841920356,,,0,0.6218607947306786,0.828938076500273,-0.7565476597429154,1.657876153000546,False,False,False,False,False
Malaysia,MYS,1999,-0.039831326594654916,0.9719048287687974,1.985746641857277,1.0,1.0,0,1.3915302941252148,0.724635553839855,-0.8949022862900544,1.1739066615195646,False,False,False,False,False
Malaysia,MYS,2000,0.8534560099112402,1.611928377520523,1.8599150725426337,0.9999999999999999,0.9999999999999999,1,1.6650598919948796,0.7298376023198698,0.38951280695960955,-0.20704519773408028,False,False,False,False,False
Malaysia,MYS,2001,1.7131694890079026,1.0967476732118828,0.6912001843497428,0.9999999999999999,0.9999999999999999,0,1.5002234693139056,0.9121171479628137,0.40570421246721416,0.1306472314212273,False,False,True,True,True
Malaysia,MYS,2002,1.707046754446945,1.1518486017409424,0.8595461276888637,1.0,1.0,0,1.5436882967753502,1.0753232960138768,0.631753447742965,0.16564501172723614,False,False,True,True,True
Malaysia,MYS,2003,1.3633254773296386,1.1351695958334223,0.90612676116721,0.9999999999999998,0.9999999999999998,0,1.4809243668660539,1.0999845669203094,0.6323209175358265,0.09620421179653045,True,False,True,False,False
Malaysia,MYS,2004,1.8545302169844717,1.599917210689236,2.4301786337407236,1.0,1.0,2,1.9769252122828864,1.3145258108959448,1.276910766021168,-1.6129899647046078,True,False,True,True,True
Malaysia,MYS,2005,2.5531617449880097,1.2112979645436874,1.1613769496971538,1.0,0.9444444444444445,1,1.7629451096235478,1.3030434551049472,1.242463698648175,-1.7636233711071378,True,False,True,True,True
Malaysia,MYS,2006,3.2259486867915546,1.4619661416450143,2.0753676092239357,1.0,0.9444444444444445,0,2.1304342653098787,1.2527749227767853,1.2583247683303558,-1.646832480475696,False,False,True,True,True
Malaysia,MYS,2007,3.9357847091340945,1.4192813598486234,4.133040870311614,1.0,0.7777777777777778,0,2.6087324989699776,1.0874395445825578,1.0956519670810068,-1.5285153392634,False,False,False,False,False
Malaysia,MYS,2008,7.266850105295388,2.2737257067695142,2.9577699563016804,0.9444444444444445,0.611111111111111,0,3.121891375895539,0.8400856623849267,1.0202569871547802,-1.456591329598351,False,False,False,False,False
Malaysia,MYS,2009,7.514306391635196,1.652154506459263,2.7885657662892664,0.9444444444444445,0.5555555555555556,0,2.991005332876745,0.4954092731654474,0.8195611528296756,-0.0802307214467247,False,False,False,False,False
Malaysia,MYS,2010,6.365336286064516,3.6454473647461425,3.35848024049705,0.8333333333333334,0.611111111111111,0,3.251630556039319,0.6669761288944058,0.8891149186108163,1.1118134680724012,False,False,False,False,False
Malaysia,MYS,2011,4.3832473229226645,0.5788952561922461,5.792584647986217,0.7222222222222222,0.3888888888888889,0,2.5953898898646703,0.32062551588639626,0.9618765476591888,-0.0686353620405435,False,False,False,False,False
Malaysia,MYS,2012,1.6094222666685962,0.2675911396411354,4.055729296020871,0.3333333333333333,0.4444444444444444,0,1.4976596515772318,0.4248912796890738,1.0816818842172908,0.19299195484993062,False,True,True,False,False
Malaysia,MYS,2013,1.2877167347127612,0.2385045346076717,3.0601596370695257,-0.1111111111111111,0.8888888888888888,0,1.2728317368335473,0.262609326287875,-1.6479479681905957,0.787827978863625,False,False,False,False,False
Malaysia,MYS,2014,0.968171477415164,-0.1835037323203533,2.737704078480257,0.0,0.5555555555555556,0,0.9633973334013064,0.277400833347314,-1.5839140893739116,0.8322025000419421,False,False,False,False,False
Malaysia,MYS,2015,0.4185561910298797,0.06519100102716775,3.1089597004695557,0.3333333333333333,0.1111111111111111,0,0.8963191562830983,0.20122118631343255,-1.6097117110205594,0.6036635589402977,False,False,False,False,False
Malaysia,MYS,2016,0.21334555382472048,0.5793278093266466,4.090816897137688,0.7777777777777778,-0.05555555555555555,0,1.2878091631689221,0.022382200342366265,-1.6530416729761757,0.0671466010270988,False,False,False,False,False
Malaysia,MYS,2017,1.812115612782599,1.654622482282262,3.791673516241432,0.8333333333333334,0.3333333333333333,1,1.918348988927925,0.007415759374483977,-0.6813420422512503,0.02224727812345193,False,False,False,False,False
Malaysia,MYS,2018,10.0,3.926501226326709,4.319085568854904,0.8888888888888888,0.611111111111111,4,4.2491173590363225,5.298289876150754,10.0,5.894869628452262,False,False,False,True,True
Malaysia,MYS,2019,10.0,2.1800504155518183,3.3427812120703386,0.9444444444444445,0.7222222222222222,4,3.7712329921910976,5.49993930164177,10.0,5.99981790492531,False,False,False,True,True
Malaysia,MYS,2020,10.0,2.5042963057751555,2.6370717439925775,1.0,0.3888888888888889,5,3.5838291655091026,5.614794007087256,10.0,5.511048687928437,False,False,False,True,True
Malaysia,MYS,2021,10.0,2.5110711540091852,2.8043308551341593,1.0,0.5,5,3.663080401828669,5.875628413934748,10.0,5.460218575137576,False,False,True,True,True
Malaysia,MYS,2022,10.0,2.56276974642954,2.8244173586630623,1.0,0.5555555555555556,3,3.699659643240742,6.109666799138927,10.0,6.329000397416781,False,False,False,True,True
Malaysia,MYS,2023,10.0,2.574510265190536,2.52808523334729,0.8888888888888888,0.611111111111111,2,3.6205190997075656,5.784810340684584,10.0,5.521097688720421,False,False,False,True,True
Malaysia,MYS,2024,10.0,2.3570587350669885,2.5529452253253138,0.7777777777777778,0.3888888888888889,2,3.4486674587451276,5.674878269868376,10.0,5.35796814293846,False,False,False,True,True
Malaysia,MYS,2025,10.0,2.9229802164570944,6.272241766766228,0.6666666666666666,0.3888888888888889,2,4.261266618866887,5.486962096489774,10.0,5.12755295613599,False,False,False,True,True
Maldives,MDV,1991,,,,,,0,0.0,0.0,,,False,False,False,False,False
Maldives,MDV,1992,,,,,,0,0.0,0.0,,,False,False,False,False,False
Maldives,MDV,1993,,,,,,0,0.0,0.0,,,False,False,False,False,False
Maldives,MDV,1994,,,,,,0,0.0,0.0,,,False,False,False,False,False
Maldives,MDV,1995,,,,,,0,0.0,0.0,,,False,False,False,False,False
Maldives,MDV,1996,-1.6403319151252137e-07,-0.4841109421775812,0.5956497224982047,,,0,0.19854990749940157,0.24516340616257198,-0.9280705507545062,0.49032681232514397,False,False,False,False,False
Maldives,MDV,1997,-1.6402521254220383e-07,-0.06199672799834877,1.652893988464052,,,0,0.5509646628213507,0.2329852205389031,-1.0396852090044153,0.4659704410778062,False,False,False,False,False
Maldives,MDV,1998,0.7385580158463397,0.2069345003650675,0.8884979516308892,,,0,0.6113301559474321,0.0,-0.1268211438874929,-0.21436433538146266,False,False,False,False,False
Maldives,MDV,1999,0.3054946025936616,0.5857045822015086,0.4343923641831798,0.6666666666666669,1.0,0,0.9317849764623368,0.721290132261998,-0.06831549565520391,0.16387039678599347,False,False,False,False,False
Maldives,MDV,2000,0.2820449911390615,1.020200672437685,1.66398974906703,0.7999999999999999,0.7999999999999999,0,1.2332470825287551,1.10628535152308,-0.05892236080526465,0.9188560545692399,False,False,False,False,False
Maldives,MDV,2001,0.27713199280499323,0.9021421364727396,-0.06448158858964789,0.8666666666666666,0.8666666666666666,0,0.92918815918888,1.2490303822583846,-0.047745491678203904,1.1470911467751541,True,False,True,False,False
Maldives,MDV,2002,0.07254077091223544,1.7615593106377514,1.17789741526658,0.8095238095238096,0.9047619047619049,0,1.2881137850775992,0.5912465087937249,-0.22279550072600834,0.20231095495260296,False,False,False,False,False
Maldives,MDV,2003,1.484591784412074,1.227761935866634,2.0827230343715755,0.8571428571428571,0.6428571428571428,0,1.5590153509300566,0.2857142857142857,-0.40722635902041565,-1.47661772963474,False,False,False,False,False
Maldives,MDV,2004,1.631169187140534,1.687827520991117,1.6303908467499473,0.8888888888888888,0.7222222222222222,2,1.634321955420764,0.6470008505298551,0.10592010222220147,0.5017491160340307,False,False,False,False,False
Maldives,MDV,2005,2.9999986318403575,2.7031196347151702,2.6254018104434818,1.0,0.8333333333333334,5,2.399037348733135,1.4312206697697698,2.793662009309309,-2.1991928575037645,True,False,True,True,True
Maldives,MDV,2006,9.23382008569265,1.8537929757479272,2.481578902316647,1.0,0.9444444444444445,5,3.4916161705292224,1.3341484555285463,2.6691120332523055,-2.2226275210678392,False,False,False,True,True
Maldives,MDV,2007,10.0,2.8303592512518723,2.656155057839714,1.0,0.9444444444444445,5,3.875080639596095,2.109813819484652,4.66277479178729,-1.7208687419818853,False,False,True,True,True
Maldives,MDV,2008,10.0,1.6771166835623803,2.183221402936007,1.0,0.8333333333333334,3,3.5054009506330113,2.7590064562628975,6.277019368788694,-1.70525678056555,False,False,True,True,True
Maldives,MDV,2009,10.0,2.2393803360431948,2.1184056595286065,1.0,0.7777777777777778,3,3.582668310225472,2.9476043095232747,6.509479595236491,-3.604980607210302,False,False,True,True,True
Maldives,MDV,2010,10.0,1.8518757787718323,0.8118609190461353,1.0,0.6666666666666666,1,3.1994140062302603,3.2708396253372283,7.145852209345019,-2.9295739567695986,True,False,True,True,True
Maldives,MDV,2011,10.0,1.9625493744316314,0.8975371068211159,1.0,0.3333333333333333,1,3.1053506295838824,3.229318105399384,7.0212876495314855,-2.362128400372624,True,False,True,True,True
Maldives,MDV,2012,10.0,1.7631276590745968,0.8491451302416234,1.0,0.3333333333333333,2,3.0557878911965775,3.4665372139775155,7.73294497526588,-2.4012044429599055,False,False,True,True,True
Maldives,MDV,2013,10.0,1.7470996367858909,1.6006258902151158,1.0,0.6666666666666666,3,3.336211772066868,4.120291587478284,9.694208095768186,-1.8133165704245358,True,False,True,True,True
Maldives,MDV,2014,10.0,1.9675203168296822,2.3622299221948113,0.8333333333333334,0.6666666666666666,4,3.465950047804899,3.265655866545824,7.296967599637472,-0.5350141517059055,True,False,True,True,True
Maldives,MDV,2015,10.0,1.458314572400043,7.3905724394729315,0.8333333333333334,0.7222222222222222,5,4.391999624596817,3.164660896771581,7.327316023648077,-0.7353425264960944,True,False,True,True,True
Maldives,MDV,2016,10.0,2.712775434197569,2.1692005666320906,0.8333333333333334,0.8333333333333334,4,3.643061866832599,2.873303256462565,6.651758928922284,0.8014841737987444,False,False,False,True,True
Maldives,MDV,2017,10.0,2.1253618814459982,1.3590578633824486,0.7222222222222222,0.7222222222222222,3,3.2746617267434672,1.08923385986176,3.05716959653245,0.2105319830528293,False,True,True,True,True
Maldives,MDV,2018,10.0,2.1050646421616803,0.280621429015171,0.2777777777777778,0.6666666666666666,3,2.8549149920131485,0.011710891120089544,0.03513267336026863,-3.77331367681818,False,False,False,True,True
Maldives,MDV,2019,10.0,2.937857222566412,1.416028731131256,0.2777777777777778,0.6666666666666666,2,3.248554968517311,2.3083170355515663,4.641934066940405,2.2830170397142937,False,True,True,True,True
Maldives,MDV,2020,10.0,3.612310514917364,1.6415521348068245,0.05555555555555555,0.7222222222222222,2,3.361883641055949,2.5270330419339255,4.694442041576556,2.8866570842252206,False,True,True,True,True
Maldives,MDV,2021,10.0,2.795051357954618,1.7787287543580208,0.3888888888888889,0.611111111111111,3,3.314756022462528,2.1075954466159996,4.298075414272316,2.024710925575683,False,False,False,True,True
Maldives,MDV,2022,10.0,2.3017303664028668,3.2883254936755835,0.611111111111111,0.611111111111111,4,3.6069000609045787,1.4967584552426125,2.174520118042515,2.3157552476853223,False,True,True,True,True
Maldives,MDV,2023,10.0,2.00940834366909,2.916425174208819,0.7777777777777778,0.6666666666666666,4,3.5629444813533597,1.3605959104746423,2.223099795430394,1.858687935993533,False,False,False,True,True
Maldives,MDV,2024,10.0,1.9880844154477688,3.00951501020919,0.7777777777777778,0.611111111111111,4,3.5550754406869474,1.1441555287587322,2.0337094665062505,1.3987571197699462,False,False,False,True,True
Maldives,MDV,2025,10.0,1.9383904580422335,2.8752173296398236,0.7777777777777778,0.4444444444444444,4,3.4516104464253003,1.0647824948040077,2.0805815526988316,1.1137659317131916,False,False,False,True,True
Mali,MLI,1991,,,,,,0,0.0,0.0,,,False,False,False,False,False
Mali,MLI,1992,,,,,,0,0.0,0.0,,,False,False,False,False,False
Mali,MLI,1993,,,,,,0,0.0,0.0,,,False,False,False,False,False
Mali,MLI,1994,,,,,,0,0.0,0.0,,,False,False,False,False,False
Mali,MLI,1995,,,,,,0,0.0,0.0,,,False,False,False,False,False
Mali,MLI,1996,1.6865280495506059,1.201176969034912,-0.0770670187337463,,,0,0.9625683395285058,1.2070188613486796,1.665656209414477,0.7483815132828826,False,False,False,False,False
Mali,MLI,1997,1.2964311051336497,1.0359345005125513,0.4790682411414999,,,0,0.9371446155959003,0.8935040163252479,1.2303138126987307,0.5566942199517649,False,False,False,False,False
Mali,MLI,1998,1.034509529271818,0.9345342882853929,1.0528858731902728,,,0,1.0073098969158278,0.7339759812533615,0.9261743771393035,0.5417775853674196,False,False,False,False,False
Mali,MLI,1999,1.3591250451669674,0.9470875339077949,1.6389081874718168,1.0,1.0,0,1.589024153309316,0.4137924359673943,0.6953487763140707,0.5460285315881123,False,False,False,False,False
Mali,MLI,2000,1.3131247008247016,2.3512700905043493,1.8618955700177946,0.7999999999999999,0.9999999999999999,0,1.825258072269369,0.7482764807693593,0.1458396872702431,2.098989755037835,False,False,False,False,False
Mali,MLI,2001,-0.10128811158401103,0.7697158535769141,-0.05243058043971728,0.3333333333333333,0.9999999999999999,0,0.6872765040487161,0.0,-0.9337891635711055,-1.1513549793280067,False,False,False,False,False
Mali,MLI,2002,-0.35508196333320785,0.7289826300295507,1.2804234928220963,0.04761904761904762,1.0,0,0.8209288436179485,0.0,-0.9338536034626026,-0.8983883037195185,False,False,False,False,False
Mali,MLI,2003,-0.47880058924563085,1.1787434817809912,0.4778495439161984,-0.21428571428571427,0.9999999999999998,0,0.7313186051394378,0.0,-0.9316774010752936,-0.9030062906801338,False,False,False,False,False
Mali,MLI,2004,-0.8011589819413296,1.4330194669008245,2.8441230377643767,-0.3888888888888889,1.0,0,1.2554285009330404,0.0,-0.9320559316839003,-0.7694071263622939,False,False,False,False,False
Mali,MLI,2005,-0.8011589620881375,1.6276794417065046,1.5074787931403104,-0.3888888888888889,1.0,0,1.027031646969363,0.0,-0.9319567630439217,-0.7697149051380656,False,False,False,False,False
Mali,MLI,2006,-0.8011589616355295,1.730307141097013,1.0844293760190054,-0.1111111111111111,1.0,0,0.9629473034232037,0.0,-0.9472013990968363,-0.6827782963960223,False,False,False,False,False
Mali,MLI,2007,-0.8011590083983497,1.4894686163278235,1.62958913632841,0.0,0.8888888888888888,0,0.9793671060868021,0.0,-0.9467098932936634,-1.355322856217938,False,False,False,False,False
Mali,MLI,2008,-0.8011590318183781,0.9994329249515883,1.3338103170564688,0.05555555555555555,0.7777777777777778,0,0.7999819817349447,0.0,-0.9449372350360137,-0.773271534426194,False,False,False,False,False
Mali,MLI,2009,-0.8011590981537022,0.6254089284055689,1.4237672728564568,0.05555555555555555,0.5,0,0.6320574624746274,0.0,-0.9449369987033635,-0.7089492348233365,False,True,True,False,False
Mali,MLI,2010,-0.8011591211611391,1.4423370690638122,1.463788182751158,-0.2222222222222222,0.2222222222222222,0,0.6701139392518829,0.0,-0.9446888925408022,-0.8942725421788967,False,False,False,False,False
Mali,MLI,2011,-0.801159121090853,0.9207519457569486,-0.4762696282257161,-0.2777777777777778,0.3888888888888889,0,0.3397059447069453,0.0,-0.9450117397892723,-0.9621097709517709,False,False,False,False,False
Mali,MLI,2012,-0.7901144557905242,0.9682890597565175,2.7780948853922434,0.16666666666666666,0.3888888888888889,0,0.9714990112519744,0.16666666666666666,-0.8205379553431471,-1.5189041839030484,False,False,False,False,False
Mali,MLI,2013,-0.7448105509902055,2.3354470564040004,2.682442575906758,0.5,0.4444444444444444,0,1.3813557042399296,0.5,-0.778342604738985,-0.790567501656604,False,False,False,False,False
Mali,MLI,2014,-0.7264900399118264,1.3692147215742068,2.6413283041757123,0.8333333333333334,0.3333333333333333,0,1.2687752718166505,0.8333333333333334,-0.7609655500877442,-1.0209315897142621,True,False,True,False,False
Mali,MLI,2015,-0.7261719320604451,1.332406700611322,2.692632704579121,0.8333333333333334,0.2222222222222222,0,1.2272301032603108,0.8333333333333334,-0.7606336898077241,-1.0654012516022426,True,False,True,False,False
Mali,MLI,2016,-0.7290825028668277,1.2207783574583093,2.7656321311633962,0.8333333333333334,0.5555555555555556,0,1.3528376532798965,0.7222222222222222,-0.7634708896253547,-1.0454210090723022,False,False,False,False,False
Mali,MLI,2017,-0.7298297687640988,1.0493190203170035,2.535818082131426,0.8888888888888888,0.5555555555555556,0,1.2948051982674638,0.611111111111111,-0.7642237624959559,-1.097338024382372,False,False,False,False,False
Mali,MLI,2018,-0.7256585010127481,0.7641753744596214,2.128663172395802,0.8888888888888888,0.5555555555555556,0,1.1563454871488623,0.6666666666666666,-0.7602341560779808,-1.3053426226063554,False,False,False,False,False
Mali,MLI,2019,-0.7243993391580982,0.1790755762911286,2.241452028203843,1.0,0.3888888888888889,0,1.0396610764545497,0.7222222222222222,-0.7591276554371161,-2.0340588381173528,False,False,False,False,False
Mali,MLI,2020,10.0,1.0891420363964128,3.085561322460511,1.0,0.611111111111111,0,3.479385116215829,0.7222222222222222,-0.5083496977632687,-0.19283638043204912,True,False,True,True,False
Mali,MLI,2021,10.0,2.439414214758265,1.4776852827870228,0.9444444444444445,0.8333333333333334,1,3.494531010620169,0.6666666666666666,-0.5471955416726486,-0.23380244556649282,False,False,False,False,False
Mali,MLI,2022,10.0,1.8264286524762947,1.2223566056904858,0.9444444444444445,0.7777777777777778,1,3.2986459405222455,0.5555555555555556,-0.5936767140950732,-0.4331357486163022,False,False,False,False,False
Mali,MLI,2023,10.0,1.9409086026139861,2.0715239910105705,0.9444444444444445,0.8888888888888888,2,3.535819852058245,0.5,-0.6321922244957404,-1.7747582571594311,False,False,False,True,True
Mali,MLI,2024,10.0,1.9096933560668936,2.0695374406106746,1.0,0.8888888888888888,3,3.5514017148910697,0.3888888888888889,-0.6401538084303342,-2.1432634972112603,False,False,False,True,True
Mali,MLI,2025,10.0,2.093146202245819,2.1427384976176844,1.0,0.7777777777777778,2,3.5582880510838124,0.16666666666666666,-0.6495301470672773,-2.347494945479032,False,False,False,True,True
Mauritius,MUS,1991,,,,,,0,0.0,0.0,,,False,False,False,False,False
Mauritius,MUS,1992,,,,,,0,0.0,0.0,,,False,False,False,False,False
Mauritius,MUS,1993,,,,,,0,0.0,0.0,,,False,False,False,False,False
Mauritius,MUS,1994,,,,,,0,0.0,0.0,,,False,False,False,False,False
Mauritius,MUS,1995,,,,,,0,0.0,0.0,,,False,False,False,False,False
Mauritius,MUS,1996,1.6202099406863137,1.3981361439320141,-0.08723768825968092,,,0,1.0061153615394425,1.4163268305248748,1.7181461685695183,1.1145074924802314,False,False,False,False,False
Mauritius,MUS,1997,1.093856030141914,1.33262492723313,0.7289052883273623,,,0,1.0517954152341353,1.088212781008113,1.1210005901523197,1.0554249718639064,False,False,False,False,False
Mauritius,MUS,1998,0.8065523807622245,1.4423901243650274,1.5505399529573791,,,0,1.266494152694877,0.8806287283901475,0.669984683943188,1.091272772837107,False,False,False,False,False
Mauritius,MUS,1999,1.2596994037863878,1.1456102709731566,1.6133606191092225,-0.3333333333333334,1.0,0,1.2037340587737533,0.19905406655258698,0.3380148203174544,0.2591473793403066,False,False,False,False,False
Mauritius,MUS,2000,1.9960900000939168,-0.08970755738524713,2.843460066813712,0.0,0.7999999999999999,0,1.2879100133815258,0.1184962355892214,0.3554887067676642,-0.36052108217775347,False,False,False,False,False
Mauritius,MUS,2001,1.6638274090143488,1.0255938690845743,1.3714884092395487,0.3333333333333333,0.8666666666666666,0,1.2921819374676944,0.17519433467614406,0.24226830750142966,0.28331469652700253,False,False,False,False,False
Mauritius,MUS,2002,0.757451946845296,0.8390944147736283,2.1839757589669047,0.5238095238095238,0.4285714285714286,0,1.1370568050695469,0.0,-1.204847516386752,-1.4778793484843133,False,False,False,False,False
Mauritius,MUS,2003,0.9961668502642439,1.0282957502244487,1.2731269205420754,0.6428571428571428,0.5714285714285714,0,1.1452321899204392,0.0,-1.2023052543666004,-1.4348378149651835,False,False,False,False,False
Mauritius,MUS,2004,1.4493293843003028,1.1635191308742607,1.4244763726887237,0.7222222222222222,0.6666666666666666,0,1.3630205331282128,0.0,-1.2055872582041343,-1.211816472051409,False,False,False,False,False
Mauritius,MUS,2005,1.293405124092196,2.428250350000695,1.0413728040861967,0.8333333333333334,0.8333333333333334,0,1.6192723223024843,0.2271291348767022,-0.8321632482940876,0.6813874046301066,False,False,False,False,False
Mauritius,MUS,2006,0.6828137450878016,1.4913504959271815,2.322492354529451,0.7222222222222222,0.8888888888888888,0,1.5437757635533313,0.04710519740666109,-0.7769401398664628,0.14131559221998327,False,False,False,False,False
Mauritius,MUS,2007,0.8395720458937922,2.1072895619838694,3.379680609414208,0.3888888888888889,0.7777777777777778,1,1.7319751101250407,0.04511932266345616,-0.7862079448507118,0.13535796799036848,False,False,False,False,False
Mauritius,MUS,2008,0.4689935593693694,2.3886953451053112,5.617007311542572,0.6666666666666666,0.8888888888888888,2,2.3171614654256727,0.0,-1.1624109148497734,-0.9995366668182378,False,False,False,False,False
Mauritius,MUS,2009,1.1172711085724967,2.8462138211182144,1.1583051868172278,0.8888888888888888,0.8888888888888888,2,1.7354691344126991,0.17372498734205277,-1.2276928433418082,0.5211749620261583,False,False,False,False,False
Mauritius,MUS,2010,3.0201584609466523,4.559040127205274,5.663161302689412,0.9444444444444445,0.8888888888888888,4,3.3818053115016014,0.1111111111111111,-1.0627485059355493,-0.6422696196714871,False,False,False,True,True
Mauritius,MUS,2011,2.8248027498878723,3.7911825971072526,4.619454914962651,0.8888888888888888,0.8333333333333334,4,2.9359769412804435,0.05555555555555555,-0.9233194604665137,-0.33098623646585296,False,False,False,True,True
Mauritius,MUS,2012,3.786300267469409,3.943100698087483,2.9788347756668085,0.8888888888888888,0.8333333333333334,3,2.830536037133629,0.0,-0.9362545295539951,-0.7313499467342294,False,False,False,True,True
Mauritius,MUS,2013,10.0,7.1174577013575355,2.12232534387976,0.7222222222222222,0.7777777777777778,2,4.447956609047459,0.41444406956287655,0.9704958296886328,0.27283637899999674,False,False,False,True,True
Mauritius,MUS,2014,10.0,5.186273686912001,3.809914742738177,0.7222222222222222,0.7777777777777778,3,4.399237685930036,0.6400211743940031,0.9862849593559408,0.10044523049273474,False,False,False,True,True
Mauritius,MUS,2015,10.0,5.264800176458126,2.5495939857861485,1.0,0.7777777777777778,1,4.273989943559966,1.1013259085746372,1.1023476151999574,0.36829677719062126,False,False,False,True,True
Mauritius,MUS,2016,10.0,5.239025683182886,2.3330367363393076,1.0,0.6666666666666666,2,4.181079150571105,1.278803774668826,1.0917663402617275,0.2446449837447512,True,False,True,True,True
Mauritius,MUS,2017,10.0,5.208880282278155,2.150603886204762,1.0,0.5,3,4.0718968336965835,1.2708343048847308,1.1108410710664751,0.03499517692105124,True,False,True,True,True
Mauritius,MUS,2018,10.0,5.268265501493714,1.929962172246576,1.0,0.8888888888888888,2,4.195201090303614,1.14219756052407,1.0932593482388764,-0.8302093202743153,True,False,True,True,True
Mauritius,MUS,2019,10.0,5.001538296558404,3.833049429263932,1.0,0.7222222222222222,4,4.455806434053356,1.3337537344357095,1.5098912259333908,0.15803664404040485,True,False,True,True,True
Mauritius,MUS,2020,10.0,5.02197440935158,5.841156617584471,1.0,0.6666666666666666,4,4.839292872053877,1.4620275502266613,1.886082650679984,-1.541069387761773,True,False,True,True,True
Mauritius,MUS,2021,10.0,3.1077708639101838,3.4979393965551844,1.0,0.8888888888888888,6,4.076697607648629,1.3408457420852207,1.6892038929223288,-1.7821756141986038,True,False,True,True,True
Mauritius,MUS,2022,10.0,3.8782411978113425,5.304358683690556,1.0,1.0,6,4.636519976300379,1.0346106223663412,1.2704985337656902,-0.7883855527449471,False,False,False,True,True
Mauritius,MUS,2023,10.0,3.696683465401503,4.370294088159925,1.0,0.8888888888888888,7,4.368951066267842,0.8796006398181898,1.3054685861212363,-0.6068990419278468,False,False,True,True,True
Mauritius,MUS,2024,10.0,4.055571531216999,4.5762100020112655,1.0,0.7777777777777778,6,4.437467417756764,1.6260654516788813,3.211529688369977,-0.7900155572157143,True,False,True,True,True
Mauritius,MUS,2025,10.0,3.9813622978422085,3.0876883963998845,1.0,0.6666666666666666,5,4.080476805515085,3.888888888888889,10.0,-0.018329657006172017,False,False,True,True,True
Mexico,MEX,1991,,,,,,0,0.0,0.0,,,False,False,False,False,False
Mexico,MEX,1992,,,,,,0,0.0,0.0,,,False,False,False,False,False
Mexico,MEX,1993,,,,,,0,0.0,0.0,,,False,False,False,False,False
Mexico,MEX,1994,,,,,,0,0.0,0.0,,,False,False,False,False,False
Mexico,MEX,1995,,,,,,0,0.0,0.0,,,False,False,False,False,False
Mexico,MEX,1996,0.8640476546349809,0.6014433500495762,0.8997411931857605,,,0,0.7884107326234392,1.2824071475674195,-0.7937586773374109,2.564814295134839,False,False,False,False,False
Mexico,MEX,1997,1.0776018772395433,2.1378225391527352,1.8354140720944323,,,0,1.6836128294955703,0.340716083458377,-0.9890948078730997,0.681432166916754,False,False,False,False,False
Mexico,MEX,1998,1.2712025919991305,1.1966698348851783,0.36426743720408533,,,0,0.9440466213627982,0.16180124651979047,-1.2702092992852712,0.32360249303958094,False,False,False,False,False
Mexico,MEX,1999,1.4074696466890428,1.783270232599817,0.6504859813259916,1.0,1.0,0,1.5682451721229704,0.0630054160161503,-1.5278039453863603,0.18901624804845088,False,False,False,False,False
Mexico,MEX,2000,1.1093972985607596,1.1011142032400734,2.628437828274074,0.9999999999999999,0.6,0,1.6077898660149814,0.12840632833538207,0.3852189850061462,-0.5165338579966754,False,False,False,False,False
Mexico,MEX,2001,1.007586089783293,0.6407057623227865,0.8379950355665498,0.9999999999999999,0.4666666666666666,0,1.0839240442011926,0.1882575614673184,0.36477268440195526,-0.3673327504397568,False,False,False,False,False
Mexico,MEX,2002,1.389880295821112,0.6457671243797498,0.8485567976120723,1.0,0.4285714285714286,0,1.1482694149911583,0.2610883079721611,0.3546934953450547,-0.3678690841458178,False,False,False,False,False
Mexico,MEX,2003,1.7429520763216806,0.9572498541850223,1.7567735055211677,0.9285714285714285,0.5714285714285714,1,1.491395087205574,0.7190382731849242,1.085686248126201,-0.6642605440098789,False,False,False,False,False
Mexico,MEX,2004,0.8503508881897017,1.5280513547774754,2.879914797093988,0.7777777777777778,0.6666666666666666,1,1.6294411857900108,0.8916942352059731,1.1750827056179192,-0.6563507281110699,False,False,False,False,False
Mexico,MEX,2005,0.9342269187058275,1.9743230181719342,1.8770919383486544,0.611111111111111,0.8333333333333334,2,1.534906152823061,1.071804203794957,1.2154126113848704,-1.1865182384364308,False,False,False,False,False
Mexico,MEX,2006,3.427574216801614,3.132954893327491,6.484355086625693,0.611111111111111,0.8888888888888888,2,3.2089768393509592,1.5933524883729062,1.9207363519325553,0.5259877798528301,True,False,True,True,True
Mexico,MEX,2007,3.774818096661172,3.658704803922864,10.0,0.6666666666666666,0.7777777777777778,1,4.064482357894585,1.6753469986684255,1.9465481557158697,0.5794928402894072,True,False,True,True,True
Mexico,MEX,2008,3.776684345551483,9.80717961704407,6.392689327532855,0.6666666666666666,0.9444444444444445,1,4.639755102470126,1.6889371238081619,1.9517884422778213,0.6150229291466637,False,False,False,True,True
Mexico,MEX,2009,0.8549340493839342,10.0,1.8442422410795347,0.5555555555555556,1.0,0,3.1620574803149157,1.236609476016424,-0.3970924156516345,2.209828428049272,False,True,True,True,True
Mexico,MEX,2010,0.5558673992661187,9.363970946745503,2.0270869483537384,0.2222222222222222,0.8888888888888888,0,2.8338295033175163,0.6210256157115439,-0.6880836910675112,1.3630768471346317,False,True,True,True,True
Mexico,MEX,2011,0.3993015601697155,8.911540571382675,2.0570007548171523,0.05555555555555555,0.7222222222222222,0,2.58467968838502,0.4425083740925871,-0.7433229984344168,1.3275251222777613,False,False,False,False,False
Mexico,MEX,2012,1.6020576166116185,9.858441644363392,0.9415048263972353,0.5,0.6666666666666666,0,2.947067484141116,0.48014795948874117,0.33439609197537623,1.1060477864908473,False,False,False,False,False
Mexico,MEX,2013,1.521883749075273,2.068571425960483,5.442760774801742,0.5555555555555556,0.5,0,2.228865412189722,0.47011811966498335,0.34118371968758926,1.0691706393073608,False,False,False,False,False
Mexico,MEX,2014,1.526265053616377,1.7058930310995182,4.611443540415247,0.5555555555555556,0.2777777777777778,0,1.9020536583595617,0.5362215455934103,0.37930561217172126,1.2293590246085095,False,False,False,False,False
Mexico,MEX,2015,10.0,2.5222935661802963,7.136418066978647,0.5,0.16666666666666666,1,4.198408993298456,3.5,10.0,-0.5790740947712564,False,False,False,True,True
Mexico,MEX,2016,10.0,1.614874426230677,7.195228636163854,0.6666666666666666,0.4444444444444444,1,4.206465056923351,3.777777777777778,10.0,-0.5765494707874721,False,False,False,True,True
Mexico,MEX,2017,10.0,1.749701874661687,7.210872506996701,0.8888888888888888,0.7222222222222222,1,4.436559320776122,4.0,10.0,-0.6330917444984685,False,False,False,True,True
Mexico,MEX,2018,10.0,1.2421976746183154,6.996732259068153,1.0,0.6666666666666666,1,4.3144526534039604,3.944444444444444,10.0,-1.122670774993063,False,False,False,True,True
Mexico,MEX,2019,10.0,1.8870481828086298,6.695967037801829,1.0,0.7222222222222222,2,4.40549193301098,3.944444444444444,10.0,-0.3099293529935445,False,False,False,True,True
Mexico,MEX,2020,10.0,3.2562160819668726,6.7434377094911016,1.0,0.611111111111111,2,4.644375202736039,3.790495532175726,10.0,0.03815326319384511,False,False,False,True,True
Mexico,MEX,2021,10.0,4.769155528177595,4.82715748015808,1.0,0.8333333333333334,2,4.652595935000469,3.777777777777778,10.0,-1.474984990650076,False,False,False,True,True
Mexico,MEX,2022,10.0,8.780001618097918,5.969471191296521,1.0,0.7777777777777778,4,5.661005672989999,3.777777777777778,10.0,-1.2620806089315872,False,False,True,True,True
Mexico,MEX,2023,10.0,7.864115415832915,7.723312385108133,1.0,0.3888888888888889,3,5.673041115743765,3.777777777777778,10.0,-1.2702932581698203,False,False,False,True,True
Mexico,MEX,2024,10.0,5.689462032668608,3.470759267303923,1.0,0.4444444444444444,4,4.409822037772284,3.888888888888889,10.0,-1.4735940548827688,False,False,True,True,True
Mexico,MEX,2025,10.0,3.4521744959680887,3.3925883786580386,1.0,0.5,3,3.9689525749252255,3.944444444444444,10.0,-1.3978947512339186,False,False,True,True,True
Moldova,MDA,1991,,,,,,0,0.0,0.0,,,False,False,False,False,False
Moldova,MDA,1992,,,,,,0,0.0,0.0,,,False,False,False,False,False
Moldova,MDA,1993,,,,,,0,0.0,0.0,,,False,False,False,False,False
Moldova,MDA,1994,,,,,,0,0.0,0.0,,,False,False,False,False,False
Moldova,MDA,1995,,,,,,0,0.0,0.0,,,False,False,False,False,False
Moldova,MDA,1996,1.7461542353746953,1.3195022970633925,0.5329073851197511,,,0,1.199521305852613,0.9624919338851381,1.234878448122816,0.6901054196474602,False,False,False,False,False
Moldova,MDA,1997,1.4861774019645346,1.4938224249708658,0.7821547256189968,,,0,1.2540515175181324,0.6776067020736793,1.3552134041473587,-1.113340013279959,False,False,False,False,False
Moldova,MDA,1998,0.9034354101251715,1.4445834696222317,1.6063001995113788,,,0,1.3181063597529272,0.37067573481629024,0.7413514696325805,-1.07304218195009,False,False,False,False,False
Moldova,MDA,1999,1.1809082153222052,1.6196435066578667,2.2679685550563073,1.0,1.0,0,1.8137040554072759,0.20467700057244442,0.6140310017173333,-1.404428808931332,False,False,False,False,False
Moldova,MDA,2000,0.6713450444515104,1.1348824539974511,0.5408719724397869,0.9999999999999999,0.9999999999999999,0,1.2694198941777497,0.0964266405247679,-0.05153557748712183,0.2892799215743037,False,False,False,False,False
Moldova,MDA,2001,0.7268087431309096,0.6753686895746944,2.4103961406630647,0.9999999999999999,0.3333333333333333,0,1.295848048007067,0.0,-0.25082732478713277,-0.5089635525772931,False,False,False,False,False
Moldova,MDA,2002,0.8641658607837607,0.19109318480516493,1.2104107553567915,1.0,0.4285714285714286,0,1.0245625316177152,0.0,-0.10015768483158484,-0.0452723159755452,False,False,False,False,False
Moldova,MDA,2003,1.191722764332581,2.0885213319128817,1.227208531251952,0.9999999999999998,0.5714285714285714,0,1.5300619540709115,0.6822996568307329,-0.19831152481830505,2.0468989704921987,False,False,False,False,False
Moldova,MDA,2004,1.2187204380473537,0.4560068268635777,1.2359844479773157,1.0,0.611111111111111,0,1.226586787022094,0.18611577075506405,-1.7146928390092342,0.5583473122651922,False,False,False,False,False
Moldova,MDA,2005,1.4178563499236936,1.0964608128515907,1.2704476489325476,1.0,0.5555555555555556,0,1.3791751845637887,0.18680508291168704,-1.6299493726867098,0.5604152487350611,False,True,True,False,False
Moldova,MDA,2006,1.6808088640858514,1.4385475001184334,10.0,1.0,0.6666666666666666,0,3.290537939507524,0.05634295181849994,-2.4875766458572284,0.1690288554554998,False,True,True,True,False
Moldova,MDA,2007,1.4361495593160356,1.9727121249582076,10.0,1.0,0.7777777777777778,0,3.3928834479659598,0.054080939611877925,-2.481765543663264,0.16224281883563377,False,False,False,False,False
Moldova,MDA,2008,0.05232973120256712,-0.6962660751041092,10.0,0.5555555555555556,0.3333333333333333,0,2.3660215017960686,1.2703011365098096,-3.092713633014899,3.8109034095294287,False,False,False,False,False
Moldova,MDA,2009,0.5011634303331352,1.7029231096970845,9.79873005443276,0.16666666666666666,0.4444444444444444,0,2.6450077633370404,0.29069196028687666,-2.6776753457944587,0.8720758808606299,False,False,False,False,False
Moldova,MDA,2010,10.0,2.9760256794238886,10.0,0.2777777777777778,0.2777777777777778,1,4.817427358107,0.0,-1.9015128774518875,-0.4245456170031432,False,False,False,True,True
Moldova,MDA,2011,10.0,1.3598711944313508,7.714170742079198,0.3888888888888889,0.3333333333333333,1,4.103697276190999,0.0,-1.8735726952705747,-0.008836303188567913,False,False,False,True,True
Moldova,MDA,2012,10.0,1.461553431886925,4.552368670289167,0.5,0.5555555555555556,3,3.6250066426574405,0.050254324236594865,-1.8928087662765682,0.1507629727097846,False,False,False,True,True
Moldova,MDA,2013,10.0,1.4981490725695343,4.450806194650223,0.6666666666666666,0.7777777777777778,3,3.7675688312217295,0.28567694623687956,-1.8561604797051656,0.02369750537730535,False,False,False,True,True
Moldova,MDA,2014,10.0,1.4570700371793341,4.482560121733805,0.8333333333333334,0.8333333333333334,3,3.854592698449295,0.7087031279272696,-1.8569117513836924,0.1261093837818092,True,False,True,True,True
Moldova,MDA,2015,10.0,1.493224926989693,4.115253994053108,0.9444444444444445,0.9444444444444445,2,3.877251339764116,0.7777777777777778,-1.7708210810326936,-0.25614959827412914,True,False,True,True,True
Moldova,MDA,2016,10.0,3.1620281010898954,2.665718605210242,1.0,0.8333333333333334,5,3.8988826745933607,0.8888888888888888,-1.7052437571817762,-2.690940871185856,True,False,True,True,True
Moldova,MDA,2017,10.0,2.1637920455485125,2.308388073184729,1.0,0.7222222222222222,2,3.583324912635537,0.8888888888888888,-1.666716464644775,-3.188078365762619,True,False,True,True,True
Moldova,MDA,2018,10.0,2.5812195597394227,3.2850316034070457,0.9444444444444445,0.611111111111111,3,3.7954724548515157,0.8888888888888888,-1.6369756760304728,-1.8480118442533353,True,False,True,True,True
Moldova,MDA,2019,10.0,1.427812285941004,1.8119739023657104,0.9444444444444445,0.8888888888888888,2,3.3812905709946763,0.4444444444444444,-2.4301908188334704,-1.4329566261757822,True,False,True,True,True
Moldova,MDA,2020,10.0,2.2991174179325657,0.9370296267879976,0.8888888888888888,0.8888888888888888,3,3.3583405200552243,0.16666666666666666,-2.115672046944104,-0.5332330984043482,False,False,False,True,True
Moldova,MDA,2021,10.0,3.7297745430578995,3.356787475725251,0.8333333333333334,0.8888888888888888,6,4.10620129264552,0.16767118216753774,-1.6991963741043952,0.0030135465026132355,False,False,False,True,True
Moldova,MDA,2022,10.0,3.674677467721247,1.1297284455822911,0.8888888888888888,0.7222222222222222,5,3.6053256271051515,0.28546613631126955,-1.6610281522434691,0.02306507560047536,False,False,False,True,True
Moldova,MDA,2023,10.0,3.7061149205128516,0.42642988633544554,0.8888888888888888,0.5,3,3.3820645169252144,0.2222222222222222,-1.6679396446574917,-0.39337773955945904,False,False,False,True,True
Moldova,MDA,2024,10.0,2.863620267943726,1.2147163055708479,0.7222222222222222,0.5555555555555556,2,3.326778425814026,0.6575383171639801,-0.09059134392778942,0.9726149514919404,False,True,True,True,True
Moldova,MDA,2025,10.0,4.776349625555559,3.5982813998162695,0.7222222222222222,0.6666666666666666,3,4.230481760629921,0.4199143757242483,-0.35235365533783547,0.09307646050607814,False,True,True,True,True
Mongolia,MNG,1991,,,,,,0,0.0,0.0,,,False,False,False,False,False
Mongolia,MNG,1992,,,,,,0,0.0,0.0,,,False,False,False,False,False
Mongolia,MNG,1993,,,,,,0,0.0,0.0,,,False,False,False,False,False
Mongolia,MNG,1994,,,,,,0,0.0,0.0,,,False,False,False,False,False
Mongolia,MNG,1995,,,,,,0,0.0,0.0,,,False,False,False,False,False
Mongolia,MNG,1996,1.8343268769461494,1.180066666947965,0.13666369592027822,,,0,1.0503524132714641,0.7231783715317527,1.4463567430635054,-0.24049417339930643,False,False,False,False,False
Mongolia,MNG,1997,1.2967238899669276,1.185978462552518,0.5562857863897376,,,0,1.012996046303061,0.523542067850198,1.047084135700396,-0.21875276825450907,False,False,False,False,False
Mongolia,MNG,1998,1.0368935296086965,1.1945347186271824,1.120260520641233,,,0,1.117229589625704,0.7338650509388651,0.980157784496711,0.48757231738101936,False,False,False,False,False
Mongolia,MNG,1999,0.8343348906544545,1.237075286688711,1.7565927153056642,-0.6666666666666669,1.0,0,1.1656005785297658,0.4711059356725252,0.74975223036953,0.6635655766480456,False,False,False,False,False
Mongolia,MNG,2000,1.1124368728370113,2.6005596313198267,2.66855542746028,-0.19999999999999998,0.9999999999999999,0,1.6763103863234234,0.245981423729796,0.6826914175089415,0.05525285368044658,False,False,False,False,False
Mongolia,MNG,2001,0.47124542492148097,0.7159406781001707,2.719717990258354,-0.4666666666666666,0.9999999999999999,0,1.181380818656001,0.0,-0.8971675114349634,-2.359993555248443,False,False,False,False,False
Mongolia,MNG,2002,0.2559488183245198,1.041452286122745,1.5876705929178856,-0.5238095238095238,1.0,0,0.9770143394730301,0.348232255746268,-0.9948894123043995,1.044696767238804,False,False,False,False,False
Mongolia,MNG,2003,0.5292571266880184,1.0725391537843885,1.6742361007278646,-0.2857142857142857,0.9999999999999998,0,1.0552064762400541,0.48866286483596927,-1.0065146430124556,1.4659885945079079,False,True,True,False,False
Mongolia,MNG,2004,0.48312694181741445,1.0523780800927787,1.0819762286482153,-0.16666666666666666,0.9444444444444445,0,0.9012740278894595,0.0,-1.0054840705181602,-0.454959031642602,False,False,False,False,False
Mongolia,MNG,2005,-0.28667470435365516,1.033649110752467,1.404663320998679,0.0,0.7777777777777778,0,0.7987735974613402,0.0,-1.0019866738691046,-0.44287658091137355,False,False,False,False,False
Mongolia,MNG,2006,-0.5749503880305583,1.6736236022071493,1.4189783773444438,0.1111111111111111,0.5555555555555556,0,0.8851870625769852,0.0,-0.9909154652132472,-0.6944589575209309,False,False,False,False,False
Mongolia,MNG,2007,-0.6647491190769991,1.7209687700406915,3.2181240909190563,-0.05555555555555555,0.3888888888888889,0,1.1433741277475051,0.08314515791704474,-1.0058724597278434,0.24943547375113423,False,False,False,False,False
Mongolia,MNG,2008,0.9064150116024218,2.4979940013296003,1.1465099484206183,0.3888888888888889,0.6666666666666666,0,1.3324060144927503,0.0,-0.968345638056631,-1.4646691176761644,False,False,False,False,False
Mongolia,MNG,2009,2.075215361459081,2.0094371876589507,0.15166919148030109,0.7777777777777778,0.6666666666666666,0,1.4250421258974442,0.0,-1.350688105726283,-1.3577280707805175,False,False,False,False,False
Mongolia,MNG,2010,2.0718253143481666,1.3006697667301155,0.8873289620554454,0.8333333333333334,0.611111111111111,0,1.4297425864045235,0.0,-1.3549166553953873,-1.6963626406009356,False,False,False,False,False
Mongolia,MNG,2011,2.076735596226288,0.16813191522089815,1.4121814937103694,0.8888888888888888,0.5,0,1.2869653565870667,0.0,-1.352585894594672,-1.5889152921524057,False,False,False,False,False
Mongolia,MNG,2012,2.0596443177752164,0.6100572190556837,0.7989558134734943,0.7222222222222222,0.5,0,1.1826203589497677,0.0,-1.3463246982086272,-1.531081620936026,False,False,False,False,False
Mongolia,MNG,2013,1.7570407622731343,-0.1607497941815366,0.9180259516543237,0.5,0.05555555555555555,0,0.7572355650077138,0.4413078134312081,-1.2970146475963076,1.3239234402936244,False,False,False,False,False
Mongolia,MNG,2014,1.6963891142353718,2.1686100734810747,1.1742337045065092,0.7777777777777778,0.05555555555555555,0,1.3411799117779242,0.45881017780276817,-1.2940454722333457,1.3764305334083045,False,False,False,False,False
Mongolia,MNG,2015,1.709633921619523,2.416904428239473,0.6384198540929689,0.7777777777777778,0.5,0,1.464102751901504,0.6808625070233804,-1.292092645407778,1.7092541877368077,False,False,False,False,False
Mongolia,MNG,2016,3.1240437323187655,2.320821965116659,0.08722055523760952,0.8333333333333334,0.7222222222222222,0,1.728639472756829,0.6386023164787137,-1.2150196741649848,0.5824736161028077,True,False,True,True,False
Mongolia,MNG,2017,0.41748499860365135,2.25257765167023,0.25719989033815793,1.0,0.8333333333333334,2,1.3187858414557412,0.4444444444444444,-1.374068874264125,-2.3045463499054324,False,False,False,False,False
Mongolia,MNG,2018,-0.8013026376233031,2.482686648888146,0.7391204897149749,0.8888888888888888,0.7777777777777778,2,1.3110280943872907,0.16666666666666666,-1.4969386236391182,-2.3892352275986664,False,False,False,False,False
Mongolia,MNG,2019,-0.8013026307794132,2.5493923423022493,0.5743169835419136,0.8888888888888888,0.8888888888888888,2,1.3358529762799436,0.0,-1.5123808214124417,-2.529003303101084,False,False,False,False,False
Mongolia,MNG,2020,0.6897388481617985,2.2029468389686886,1.5696246163461147,1.0,0.6666666666666666,2,1.559128727361987,0.0,-1.4261051265854037,-3.4283673871410496,False,False,False,False,False
Mongolia,MNG,2021,2.7189928364051688,2.720962806418879,0.4065445336350116,1.0,0.7222222222222222,2,1.8581889241807008,0.0,-1.3480892313172057,-4.432517380804383,False,False,False,False,False
Mongolia,MNG,2022,2.9981102837301674,2.8802431358030463,3.506098640369539,1.0,0.7222222222222222,2,2.5657793008694396,0.0,-1.346173506828239,-3.920182568406166,False,False,False,True,True
Mongolia,MNG,2023,3.205059642197284,2.9158315238629395,2.9339486949646747,1.0,0.7777777777777778,2,2.5220790833160907,0.0,-1.301211379668482,-3.3068846254873074,False,False,False,True,True
Mongolia,MNG,2024,3.220208954838935,2.8057405434124756,2.4162718484669163,1.0,0.8333333333333334,2,2.4217776026769986,0.2777777777777778,-1.301637091493766,-3.2429911743432234,False,False,False,False,False
Mongolia,MNG,2025,1.9925891940995697,2.3616524128133833,1.7639811916985968,0.9444444444444445,0.7222222222222222,2,1.8903112263889768,0.4444444444444444,-1.379468359504545,-4.191921179633852,False,False,False,False,False
Morocco,MAR,1991,,,,,,0,0.0,0.0,,,False,False,False,False,False
Morocco,MAR,1992,,,,,,0,0.0,0.0,,,False,False,False,False,False
Morocco,MAR,1993,,,,,,0,0.0,0.0,,,False,False,False,False,False
Morocco,MAR,1994,,,,,,0,0.0,0.0,,,False,False,False,False,False
Morocco,MAR,1995,,,,,,0,0.0,0.0,,,False,False,False,False,False
Morocco,MAR,1996,1.0820441975871038,1.9191261804652413,-0.20146292239405125,,,0,1.0003901260174484,1.4357568243339989,-1.4180272425863008,2.8715136486679977,False,False,False,False,False
Morocco,MAR,1997,1.3677858734061512,1.5257384431081684,1.9795936014447226,,,0,1.624372639319681,1.1180372801533172,2.1716827155037883,0.06439184480284595,False,False,False,False,False
Morocco,MAR,1998,0.9075940934020431,2.8354899980109534,2.030293746691253,,,0,1.924459279368083,0.5106874222028163,1.0213748444056325,-0.1336533374170878,False,False,False,False,False
Morocco,MAR,1999,0.5571073416102147,2.078429041204853,2.4044555262705036,1.0,1.0,0,1.8079983818171144,0.0,-0.054958226615215065,-0.19844248306219053,False,False,False,False,False
Morocco,MAR,2000,0.816232672476495,1.2379322290037327,2.7245639727962696,0.9999999999999999,0.7999999999999999,0,1.6757457748552995,0.17974701683995187,0.5392410505198556,-0.6227622232476452,False,False,False,False,False
Morocco,MAR,2001,1.0398898659347071,1.213925785001689,0.8054564492295729,0.9999999999999999,0.6,0,1.2518544200331938,0.11422827334235809,0.3426848200270743,-0.11741487919783414,False,False,False,False,False
Morocco,MAR,2002,1.167367995338293,1.930562145811047,0.9304579108477173,1.0,0.7142857142857143,0,1.4913918961136972,0.0,-0.41089964753035496,-0.05235284095504462,False,False,False,False,False
Morocco,MAR,2003,1.2304241344681728,1.0077054025968792,0.8770209302753581,0.9999999999999998,0.6428571428571428,0,1.2801729506109392,0.0,-0.561771086634299,-0.291430681457594,False,False,False,False,False
Morocco,MAR,2004,1.195911343056305,0.6989342443213853,1.845536170988438,0.9444444444444445,0.5555555555555556,0,1.3480763516732257,0.0,-0.8728583984384564,-0.6037865162317904,False,False,False,False,False
Morocco,MAR,2005,1.4256879202852741,2.0627819924793402,1.3296782536841847,0.9444444444444445,0.4444444444444444,0,1.5191851888453154,0.0,-0.7564688286517307,-0.9160625319016503,False,False,False,False,False
Morocco,MAR,2006,1.5817680012766804,4.687972947281736,2.896385848983009,0.9444444444444445,0.8888888888888888,1,2.5665586928416184,0.20984577163641793,-0.8079049700017489,0.6295373149092538,False,False,False,False,False
Morocco,MAR,2007,0.897010779951497,2.279850062813445,8.960659530477875,0.7777777777777778,0.8333333333333334,0,3.0719485190930076,0.7495060468033597,-2.123399218805361,2.2485181404100794,False,False,False,False,False
Morocco,MAR,2008,0.9276042928146917,5.451781345106007,1.0719037404055136,0.7222222222222222,0.8888888888888888,1,2.1347023201096866,0.7237531281850376,-2.075326158392906,2.1712593845551127,False,False,False,False,False
Morocco,MAR,2009,-0.7956397084673366,1.074274110999207,4.6981951133286115,0.3888888888888889,0.8333333333333334,0,1.6433827337544524,0.0,-6.959075639320973,-0.9325127492829529,False,False,False,False,False
Morocco,MAR,2010,-0.572524262821443,1.573868293827151,4.094301162103308,0.0,0.7777777777777778,0,1.444745002297203,0.0,-6.885208597142154,-0.21496205214841066,False,False,False,False,False
Morocco,MAR,2011,1.5885534594795612,1.938031396115985,8.827134107973905,-0.2222222222222222,0.7777777777777778,1,2.781854903825001,1.195495546749075,-2.1980043281416646,3.5864866402472253,False,False,False,False,False
Morocco,MAR,2012,2.432614751634351,1.9349414180073399,8.748106616840738,0.0,0.7222222222222222,0,2.9120214461853746,1.1439133253864668,-1.783892229274997,3.4317399761594003,False,False,False,False,False
Morocco,MAR,2013,2.201439988214441,1.7536690295650663,8.80694733507507,0.2777777777777778,0.611111111111111,0,2.9079668261264713,0.9283583098451387,-1.7517685757314387,2.785074929535416,False,False,False,False,False
Morocco,MAR,2014,1.8025218660590567,0.8828163938230227,8.705372595004434,0.4444444444444444,0.5555555555555556,0,2.678142170977303,1.067595607188571,-1.9020870267218215,2.86945348823238,False,False,False,False,False
Morocco,MAR,2015,1.1831325888821622,0.7250426568371554,6.213069000830309,0.5555555555555556,0.3888888888888889,0,2.002026627087703,1.2553479635582523,-1.939485650361768,2.59937722400809,False,False,False,False,False
Morocco,MAR,2016,0.8768412479774547,0.6645151158870257,6.595171204705724,0.7777777777777778,0.5555555555555556,0,2.160638847047374,1.3544077547340019,-1.8982750199157454,2.7298899308686724,False,False,False,False,False
Morocco,MAR,2017,0.9013241804032682,0.9891507041209707,6.520122855406547,0.8333333333333334,0.4444444444444444,0,2.193230659097268,2.035202132370009,-1.631608021330775,4.272273063776694,False,False,False,False,False
Morocco,MAR,2018,0.7156310539518554,0.8398106075850734,6.67426921724701,0.8888888888888888,0.5,0,2.201497731312343,1.7840356864202664,-1.5919888922280763,3.5187737259274656,True,False,True,True,False
Morocco,MAR,2019,1.204687219724783,1.507620843796665,7.104320686228959,0.8888888888888888,0.2222222222222222,0,2.407770194394526,2.199417536070835,-1.5905842250123137,4.764919274879172,False,False,False,False,False
Morocco,MAR,2020,0.8376123202216867,2.761541584780596,2.3170716141464833,0.5555555555555556,0.2222222222222222,0,1.4943562149408645,0.2309309950728906,-6.649644023788001,0.1927929852186719,False,False,False,False,False
Morocco,MAR,2021,0.33554916229536835,1.5842327088153838,0.3357431754090645,0.4444444444444444,0.5,0,0.828882787081741,0.0,-6.849583430232105,-0.10589860033815175,False,False,False,False,False
Morocco,MAR,2022,1.8857147685526596,3.5731832943921957,0.1943057169221015,0.6666666666666666,0.5555555555555556,0,1.6195296448622802,0.7715090230396547,-6.307283123167659,2.3145270691189643,False,False,False,False,False
Morocco,MAR,2023,2.9968304673774684,1.2921127360208131,0.03939859557396061,1.0,0.5,0,1.4656683597944482,0.5577765441630039,-6.326021600370021,1.673329632489012,False,False,False,False,False
Morocco,MAR,2024,3.1942040667880263,0.8500666943495845,0.13374848507338763,1.0,0.5555555555555556,0,1.457826071464422,0.6796237274516569,-6.351958077195339,2.0388711823549706,False,False,False,False,False
Morocco,MAR,2025,2.112965602252627,1.2071866615424067,0.05490096505538464,1.0,0.6666666666666666,0,1.3416773124367503,0.3279730077707428,-6.321936988214754,0.9839190233122284,False,False,False,False,False
Mozambique,MOZ,1991,,,,,,0,0.0,0.0,,,False,False,False,False,False
Mozambique,MOZ,1992,,,,,,0,0.0,0.0,,,False,False,False,False,False
Mozambique,MOZ,1993,,,,,,0,0.0,0.0,,,False,False,False,False,False
Mozambique,MOZ,1994,,,,,,0,0.0,0.0,,,False,False,False,False,False
Mozambique,MOZ,1995,,,,,,0,0.0,0.0,,,False,False,False,False,False
Mozambique,MOZ,1996,1.627258344914465,0.9801604095952541,-0.6092270216141352,,,0,0.869139584836573,0.6712526375444199,1.3425052750888398,-0.5817192421606646,False,False,False,False,False
Mozambique,MOZ,1997,1.2677220049408255,1.105031127489618,-0.14431955256353624,,,0,0.790917710810148,0.49169105702755916,0.9833821140551183,-0.4645743741753754,False,False,False,False,False
Mozambique,MOZ,1998,1.0811736890024535,1.1870293066879627,0.9190879255807075,,,0,1.0624303070903744,0.3150858768098716,0.6301717536197432,-0.45942132947792275,False,False,False,False,False
Mozambique,MOZ,1999,0.9462164059281484,0.9497290192346244,0.5573467873137077,1.0,1.0,0,1.290658442495296,0.12141834011081652,0.36425502033244955,-0.6156405791595185,False,False,False,False,False
Mozambique,MOZ,2000,0.4758205495315755,0.6577439213350643,2.2503515919937316,0.9999999999999999,0.9999999999999999,0,1.4767832125720743,0.32759472342764734,0.4819424446564851,0.5008417256264569,False,False,False,False,False
Mozambique,MOZ,2001,0.6274421133926439,2.032125780681635,2.257827557599431,0.9999999999999999,0.9999999999999999,0,1.7834790903347417,0.6025168891315374,0.32471017337518737,1.482840494019425,False,False,False,False,False
Mozambique,MOZ,2002,2.383211191640516,2.5164616815251466,2.721654096132857,1.0,1.0,0,2.324265393859704,0.7986368015308285,0.22475898743062522,2.17115141716186,False,False,False,False,False
Mozambique,MOZ,2003,1.4726007602381237,0.8152841321401957,0.30247998341321486,0.9999999999999998,0.9285714285714285,0,1.289501546586878,0.0,-1.449453369551863,-1.0101121217280549,False,False,False,False,False
Mozambique,MOZ,2004,1.4598495163922518,0.8119307886033748,0.8160756318408815,1.0,0.8888888888888888,0,1.373126742922857,0.0,-1.4586066950999301,-0.23949759952161753,False,False,False,False,False
Mozambique,MOZ,2005,1.015274838687135,1.1918552014698938,1.5280344275144075,0.8888888888888888,0.8333333333333334,0,1.4359217824231763,0.0,-1.4436657039066574,-0.7838683905845841,False,False,False,False,False
Mozambique,MOZ,2006,0.38011507636957065,2.688185442717247,3.7938345029333638,0.6666666666666666,0.8333333333333334,0,1.9724270044040364,0.0,-1.443374238108926,-0.7850984064495933,False,False,False,False,False
Mozambique,MOZ,2007,-0.6728537769421848,0.7503974911869219,4.956919863444056,0.2777777777777778,0.6666666666666666,0,1.5192412487039733,0.0,-1.4581207543585069,-0.4805880658724538,False,False,False,False,False
Mozambique,MOZ,2008,-0.9444748683950075,0.4075667696398053,10.0,-0.16666666666666666,0.3333333333333333,0,2.214846687261294,0.0,-1.5008376166891517,-0.6211946595530319,False,False,False,False,False
Mozambique,MOZ,2009,-0.9444950436757882,1.306800443843976,5.855682957659971,-0.5,0.05555555555555555,0,1.4547189025230114,0.3052716515969435,-1.4947775643192145,0.9158149547908305,False,False,False,False,False
Mozambique,MOZ,2010,-0.9445356975986411,0.3041218044062813,3.0796278371262527,-0.3333333333333333,0.2222222222222222,0,0.7656388171953956,0.2584679163735136,-1.4932642455563867,0.7754037491205407,False,False,False,False,False
Mozambique,MOZ,2011,-0.9445300911703278,1.6008162845986058,9.189614339403622,-0.05555555555555555,0.6666666666666666,0,2.4247527914671125,0.28946036275050563,-1.4899421309930887,0.8683810882515168,False,False,False,False,False
Mozambique,MOZ,2012,-0.9445317295557135,0.8128153296919678,1.8931139803043666,0.0,0.611111111111111,0,0.7856303064437113,0.23640233239704403,-1.4902524081594681,0.7092069971911321,False,False,False,False,False
Mozambique,MOZ,2013,-0.9445376090256867,1.872898680132133,6.56630316248252,0.05555555555555555,0.611111111111111,0,1.9545070351895972,0.0025444280836233245,-1.5058022159739828,0.007633284250869973,False,False,False,False,False
Mozambique,MOZ,2014,-0.9445353244726389,2.8957042452020794,7.391513240200596,0.4444444444444444,0.611111111111111,1,2.479665719302757,0.0,-1.5093879541699284,-0.5126902496993082,False,False,False,False,False
Mozambique,MOZ,2015,-0.9445266095278181,2.1053664566112187,5.185030111270555,0.8888888888888888,0.611111111111111,1,2.0580793135763544,0.024143610641847942,-1.4888237060787328,0.07243083192554382,False,False,False,False,False
Mozambique,MOZ,2016,-0.7891031655337122,2.0778925260327608,6.158083693274694,0.9444444444444445,0.611111111111111,1,2.269417466083713,0.3077877252109312,-1.4889418184326868,0.09002984229946007,False,False,False,False,False
Mozambique,MOZ,2017,-0.11267295907755703,1.8856826493796968,3.1870397671776,0.9444444444444445,0.7222222222222222,1,1.681211149978126,0.41598836484202767,-1.4811789203336887,0.08129842785941616,False,False,False,False,False
Mozambique,MOZ,2018,0.5561209005050133,2.1958224685575125,2.770845301979922,0.9444444444444445,0.7222222222222222,1,1.771224400875156,0.1111111111111111,-1.5069838946094027,-0.3740969969477492,False,False,True,True,False
Mozambique,MOZ,2019,1.0863962764946116,2.408866210955255,1.3341467137015837,1.0,0.9444444444444445,1,1.7436596180080677,0.5121322466817635,-1.4720427056905439,0.7030634067119571,False,False,False,False,False
Mozambique,MOZ,2020,1.0537064298317245,1.7333553994996214,-0.288222655549529,0.9444444444444445,0.9444444444444445,0,1.3129679214218248,0.8861907415657174,-1.4457675498273097,1.1585722246971524,False,False,True,False,False
Mozambique,MOZ,2021,0.7367630950367637,1.7580573118865912,-0.25922192107828346,0.9444444444444445,0.9444444444444445,0,1.2545196369402265,0.9332601810632247,-1.4460058956313588,0.9664472098563412,False,False,True,False,False
Mozambique,MOZ,2022,0.18083747739531056,1.7581579286510713,0.990422322289739,0.9444444444444445,1.0,0,1.3636613234450021,1.0143940623919994,-1.4436503642379852,0.8765155205093317,True,False,True,False,False
Mozambique,MOZ,2023,-0.4573400136271476,1.806977501064622,4.665173202456451,0.9444444444444445,1.0,0,2.0722079184819924,0.7601082613460353,-1.4406981463141306,0.11365811737143926,True,False,True,True,True
Mozambique,MOZ,2024,-0.9416704469563141,1.877883690797884,5.505448217924399,1.0,1.0,0,2.2766663817444566,0.8333333333333334,-1.41422740576644,-1.3500401216361788,True,False,True,True,True
Mozambique,MOZ,2025,-0.9306096473742794,1.6975159145541694,2.862518753635142,1.0,0.7777777777777778,0,1.6231180447489735,0.8888888888888888,-1.3868348124229055,-1.5713125045122747,True,False,True,True,True
Namibia,NAM,1991,,,,,,0,0.0,0.0,,,False,False,False,False,False
Namibia,NAM,1992,,,,,,0,0.0,0.0,,,False,False,False,False,False
Namibia,NAM,1993,,,,,,0,0.0,0.0,,,False,False,False,False,False
Namibia,NAM,1994,,,,,,0,0.0,0.0,,,False,False,False,False,False
Namibia,NAM,1995,,,,,,0,0.0,0.0,,,False,False,False,False,False
Namibia,NAM,1996,1.5679544970986936,1.0675822690255663,-0.3611288155515848,,,0,0.8785122553747534,0.6473342523874274,1.2946685047748547,-0.9186486221983782,False,False,False,False,False
Namibia,NAM,1997,1.293577668374096,1.2521870668500676,0.34360558332902436,,,0,0.9631234395177293,0.4788913363031623,0.9577826726063245,-0.9710647396062049,False,False,False,False,False
Namibia,NAM,1998,1.0694003176068694,1.2230081875032663,1.124978102164903,,,0,1.1391288690916797,0.2635023383722941,0.5270046767445882,-1.0108826616494777,False,False,False,False,False
Namibia,NAM,1999,1.0414586755995465,1.0189481052314138,2.2905586986525623,-0.3333333333333334,1.0,0,1.2701930958967045,0.07407722700949164,0.2222316810284749,-1.0188752314662228,False,False,False,False,False
Namibia,NAM,2000,1.1379343200927574,0.8804399427019862,1.0279531988889596,0.19999999999999998,0.9999999999999999,0,1.0892654923367406,0.5356855232660312,0.39770210055965494,1.2093544692384386,False,False,False,False,False
Namibia,NAM,2001,1.4727134636730057,0.9210359412323321,2.669066654978185,0.4666666666666666,0.9999999999999999,0,1.5992298786433712,0.6443902117192937,0.5052861741787058,1.4278844609791752,False,False,False,False,False
Namibia,NAM,2002,1.4748509466065716,2.5134606230613317,1.3067525220885956,0.5238095238095238,1.0,0,1.6685366278751093,0.6310381575011389,0.4352604136806395,1.4578540588227773,False,False,False,False,False
Namibia,NAM,2003,-0.2640349240552699,0.9289570593218824,2.537105956926199,0.3571428571428571,0.7142857142857142,0,1.1217840318210448,0.1734684197467121,-1.1058698479953593,0.5204052592401363,False,False,False,False,False
Namibia,NAM,2004,-0.9548465842806821,1.6263159806464667,1.8780951642109054,0.1111111111111111,0.7777777777777778,0,1.05643778452703,0.0,-1.7263297512883138,-0.4297090991352372,False,False,False,False,False
Namibia,NAM,2005,0.5881681559997476,1.2174974888066552,1.339449641745276,0.2222222222222222,0.611111111111111,0,0.9623563906436692,0.0,-1.5077366242895711,-0.266317894225004,False,False,False,False,False
Namibia,NAM,2006,2.768081038665094,1.882872929241853,0.5211525569206504,0.2222222222222222,0.611111111111111,0,1.367754638298853,0.0,-1.5173229709083935,-0.5603931389671651,False,False,False,False,False
Namibia,NAM,2007,6.98511739245034,2.4325237692663833,0.2290906672299323,0.2222222222222222,0.611111111111111,1,2.2626796991226645,0.0,-1.5158817233005313,-0.3933013794182717,False,False,False,False,False
Namibia,NAM,2008,10.0,2.5208904201605464,2.584571406715684,0.4444444444444444,0.6666666666666666,1,3.46553680981969,0.0,-1.8649628934841043,-1.0616713113443368,False,False,False,False,False
Namibia,NAM,2009,9.080820350611324,2.2875269128669733,1.0629349913110357,0.7222222222222222,0.7777777777777778,1,3.0862564509578663,0.06908850297882388,-1.627714923395019,0.20726550893647164,False,False,False,False,False
Namibia,NAM,2010,7.7627549318175095,2.158890816354314,0.9395870870813042,0.7777777777777778,0.7222222222222222,1,2.772246567050625,0.19673132972218518,-1.502283402549816,0.5901939891665555,False,False,False,False,False
Namibia,NAM,2011,5.345999144435652,2.005491113119908,0.8095042895016642,0.5555555555555556,0.7222222222222222,1,2.1433100205225557,0.2681498390145006,-1.5004793304991342,0.6377828503768352,False,False,False,False,False
Namibia,NAM,2012,2.505774062390237,1.321473288175308,2.3783198876113456,0.3333333333333333,0.5555555555555556,0,1.5966690031909336,0.7065523842993532,-1.5017581876785222,0.7863238195647264,False,False,False,False,False
Namibia,NAM,2013,-0.6634647569589658,0.8198933020062755,0.8848947045614922,0.0,0.5555555555555556,0,0.5631798235357758,0.4173752874872931,-1.7365662353479439,0.9187925291285458,False,False,False,False,False
Namibia,NAM,2014,-0.12616397478855187,1.955398741728945,0.6729612777587253,0.0,0.5555555555555556,0,0.7478942261197562,0.19176345477404777,-1.737907506490767,0.5752903643221433,False,True,True,False,False
Namibia,NAM,2015,0.4124640218492012,2.242980201720494,2.0381294151658476,0.2777777777777778,0.5,0,1.2498258388582195,0.5864992602005031,-0.9128232280056394,1.0928311139348428,False,False,False,False,False
Namibia,NAM,2016,0.5853317783659362,2.2628896970604826,1.8579242718756996,0.5555555555555556,0.3888888888888889,0,1.3190069272382012,0.629842137374849,-0.9060120279407617,0.5561930787912136,False,False,False,False,False
Namibia,NAM,2017,0.804119577948561,1.943336255685421,2.5178988229511785,0.8333333333333334,0.3888888888888889,0,1.5419598202059208,0.4444444444444444,-0.9035357188080874,-0.0421381022188606,False,False,False,False,False
Namibia,NAM,2018,2.6021044606028294,1.5657999187435858,1.952079389635866,0.8333333333333334,0.5555555555555556,1,1.779552309352012,0.3888888888888889,-1.2177354159286953,-0.9097348563737876,False,False,False,False,False
Namibia,NAM,2019,10.0,3.3238259535331474,4.041717354959201,0.9444444444444445,0.611111111111111,2,4.095330883920692,0.931001572549986,1.2930047176499582,-0.1550879784077283,False,False,True,True,True
Namibia,NAM,2020,10.0,1.7706028806021654,3.960522441602275,0.9444444444444445,0.7222222222222222,2,3.8128917311075545,1.2630799391468914,1.709069087228707,0.08017073021196715,True,False,True,True,True
Namibia,NAM,2021,10.0,2.010501631193314,3.8950304223722623,0.8888888888888888,0.7777777777777778,2,3.8477730773797822,1.292156073249919,1.6952301012924729,0.01457145179061749,True,False,True,True,True
Namibia,NAM,2022,10.0,2.129419632841442,2.3142050134017875,0.8888888888888888,0.7222222222222222,2,3.5331693736930903,1.2896008549316162,1.702135898128182,-0.08506075276502946,False,False,True,True,True
Namibia,NAM,2023,10.0,2.277267799447641,2.275988462027745,0.8333333333333334,0.8333333333333334,2,3.5773179189617443,1.1292238433435295,1.6176519341315936,0.10335292923232843,False,False,False,True,True
Namibia,NAM,2024,10.0,2.126901758913564,3.6042180951138625,0.7777777777777778,0.8333333333333334,2,3.79066841524993,0.566310936732496,0.6989328101974879,-0.9630765491608725,False,False,True,True,True
Namibia,NAM,2025,10.0,1.696921373616629,3.0634118254356975,0.8333333333333334,0.7777777777777778,2,3.59651108425491,0.4504283126524858,1.0179516046241242,-0.8391855803579084,False,False,False,True,True
Nepal,NPL,1991,,,,,,0,0.0,0.0,,,False,False,False,False,False
Nepal,NPL,1992,,,,,,0,0.0,0.0,,,False,False,False,False,False
Nepal,NPL,1993,,,,,,0,0.0,0.0,,,False,False,False,False,False
Nepal,NPL,1994,,,,,,0,0.0,0.0,,,False,False,False,False,False
Nepal,NPL,1995,,,,,,0,0.0,0.0,,,False,False,False,False,False
Nepal,NPL,1996,1.6357769071650368,1.175471430087517,-0.17051954390484492,,,0,0.9370827790841846,0.0,-0.28843410970862243,-0.3096674659176882,False,False,False,False,False
Nepal,NPL,1997,1.299996617912202,1.1823068385766469,0.39124944300700076,,,0,0.9578509664986165,0.008446197301778468,-0.4363395377303976,0.016892394603556935,False,False,False,False,False
Nepal,NPL,1998,1.0363006828322652,1.1816857393565832,1.2698865825634351,,,0,1.162624334917428,0.04989194019125536,-0.5553182194130145,0.09978388038251072,False,False,False,False,False
Nepal,NPL,1999,0.836342441124922,1.180046653988002,2.1606208706669743,0.0,1.0,0,1.2354019931559796,0.0,-0.6494156555518501,-0.07177043678675309,False,False,False,False,False
Nepal,NPL,2000,-0.18359435480252845,1.0112199294740716,0.9220343150241387,0.39999999999999997,0.9999999999999999,0,0.9466508488996419,0.0,-1.324692097059986,-2.1798710842506415,False,False,False,False,False
Nepal,NPL,2001,-0.34338838012850736,1.2168901744959313,0.4517098412491864,0.6,0.9999999999999999,0,0.9737200031490236,0.0,-1.3186827782783448,-0.4291888991584518,False,False,False,False,False
Nepal,NPL,2002,0.9644731870093227,1.1651411020915046,2.3798167363454885,0.7142857142857143,0.9047619047619049,0,1.549505252708311,0.39412413622275827,0.6898745504294865,0.49249785823878833,False,False,False,False,False
Nepal,NPL,2003,2.203839200325867,1.6568758636191017,2.5838153552879524,0.7857142857142856,0.9285714285714285,2,1.97462036956087,0.9493993372684448,1.289336869595459,1.5588611422098757,False,False,False,False,False
Nepal,NPL,2004,1.48434937910794,0.9041622824719671,2.278585256472547,0.8333333333333334,0.8888888888888888,0,1.6223082724993798,1.1261761722435393,1.3152759740194113,1.3965858760445404,False,False,False,False,False
Nepal,NPL,2005,2.807646406535682,1.1678493287267078,0.7954805003283185,0.8333333333333334,0.7777777777777778,2,1.5986396915625862,0.8150205567881746,1.2783950036978573,-0.5741232653657624,False,False,False,False,False
Nepal,NPL,2006,8.782044335318934,1.2693562651135912,0.6495023092952587,0.8888888888888888,0.7222222222222222,1,2.7846250263900014,1.3882387329912211,2.3313828656403306,-0.2985009513217092,False,False,False,False,False
Nepal,NPL,2007,10.0,1.0133692243044892,3.439873559428572,0.8888888888888888,0.4444444444444444,5,3.4239818900799457,1.48761899988667,2.2961903329933433,-1.2973124773070184,False,False,True,True,True
Nepal,NPL,2008,10.0,1.0746360180540933,3.1094800861915592,0.9444444444444445,0.05555555555555555,4,3.2368232208491308,4.166666666666667,10.0,-0.34821980380600837,True,False,True,True,True
Nepal,NPL,2009,10.0,0.23515737812109896,2.865122152114202,0.9444444444444445,0.2777777777777778,3,3.108944794935949,4.111111111111112,10.0,-0.31419282584023267,True,False,True,True,True
Nepal,NPL,2010,10.0,0.3621342340185713,2.74848498016378,0.9444444444444445,0.3333333333333333,3,3.1332349539475812,4.055555555555555,10.0,-0.3297134724460536,True,False,True,True,True
Nepal,NPL,2011,10.0,-0.2690690666370007,2.817283027296757,0.8888888888888888,0.2777777777777778,3,3.0301232721260183,3.0943332175382205,7.616332985947995,-0.7980509762973594,False,False,False,True,True
Nepal,NPL,2012,10.0,-0.3655998601193799,2.551614718086225,0.8888888888888888,0.2222222222222222,4,2.9547673880616894,2.572751753595328,6.551588594119317,-0.8371570228117806,False,False,False,True,True
Nepal,NPL,2013,10.0,1.6806837671520598,2.155347011574576,0.9444444444444445,0.3333333333333333,5,3.278317266856438,2.423360196646841,6.603413923273857,-0.9722144617411612,False,False,False,True,True
Nepal,NPL,2014,10.0,1.6028578580199662,2.386872811503326,1.0,0.611111111111111,3,3.442390578349103,2.154513493667134,6.463540481001401,-0.9629995600184974,False,False,False,True,True
Nepal,NPL,2015,10.0,-0.38739796397883863,2.4215512642343233,1.0,0.611111111111111,3,3.128754697291309,2.182700306661269,6.548100919983807,-0.6510469928358377,False,False,False,True,True
Nepal,NPL,2016,10.0,0.3309779676817393,7.452501661785489,0.7777777777777778,0.2777777777777778,3,3.978918148115669,2.3889783433231937,6.472039697806203,0.6948953321633785,False,False,False,True,True
Nepal,NPL,2017,10.0,0.25787471449964616,4.407834196375172,0.3333333333333333,0.5555555555555556,0,3.2886973377305195,0.0,-0.5346027364346293,-0.9797770748515501,False,False,False,False,False
Nepal,NPL,2018,10.0,0.04784559638302194,4.407682009217422,0.0,0.3888888888888889,0,3.046661076675645,0.0,-0.5866669183987943,-1.075579141665741,False,False,False,False,False
Nepal,NPL,2019,10.0,-0.10073031797789399,3.0744606757973973,-0.2222222222222222,0.5555555555555556,0,2.8371143573817017,0.0,-0.591274189725675,-1.59060209444666,False,False,False,False,False
Nepal,NPL,2020,10.0,0.02297282359239137,2.6541175089100935,-0.3888888888888889,0.6666666666666666,0,2.802084733167164,0.0,-0.5840477675049517,-1.6552041407126987,False,False,False,False,False
Nepal,NPL,2021,10.0,-0.38447035994501577,2.703139731077697,-0.3333333333333333,0.2222222222222222,0,2.629516835104428,0.0,-1.0059934290504038,-1.1070892796779277,False,False,False,False,False
Nepal,NPL,2022,10.0,-0.11590602551646681,-0.1863275966641636,-0.3333333333333333,0.3333333333333333,1,2.1333333333333333,0.0,-1.0531254141826816,-3.0014713289435533,False,False,False,False,False
Nepal,NPL,2023,10.0,0.21061180799980672,0.5636009968821306,0.05555555555555555,0.6666666666666666,1,2.4437314498652762,0.0,-1.2648225105416906,-4.706284723065672,False,False,False,False,False
Nepal,NPL,2024,10.0,0.1693482376436507,0.32044067151684247,0.5,0.6666666666666666,1,2.564624448498765,0.0,-1.2789118419351313,-4.003576257896511,False,False,False,False,False
Nepal,NPL,2025,10.0,0.47271058487264617,2.2605540928056174,0.3888888888888889,0.8333333333333334,1,3.035541824424542,0.0,-1.2311971683744174,-3.5103053050981434,False,False,False,False,False
Netherlands,NLD,1991,0.0,,,,,0,0.0,0.0,,,False,False,False,False,False
Netherlands,NLD,1992,0.0,,,,,0,0.0,0.0,,,False,False,False,False,False
Netherlands,NLD,1993,0.0,,,,,0,0.0,0.0,,,False,False,False,False,False
Netherlands,NLD,1994,0.0,,,,,0,0.0,0.0,,,False,False,False,False,False
Netherlands,NLD,1995,0.0,,,,,0,0.0,0.0,,,False,False,False,False,False
Netherlands,NLD,1996,0.0,1.3127992061761946,0.854632444955966,,,0,0.7224772170440535,0.332524800836192,-0.508969301471875,0.665049601672384,False,False,False,False,False
Netherlands,NLD,1997,2.5577043742475597e-05,1.50071858215289,2.057556657731675,,,0,1.1861002723094358,0.2806038514957926,-0.54859048796219,0.5612077029915852,False,False,False,False,False
Netherlands,NLD,1998,0.00011983824116142132,1.2763537604378803,0.628711710307305,,,0,0.6350617696621156,1.1511025159007595,-0.5347497270308759,2.302205031801519,False,False,False,False,False
Netherlands,NLD,1999,0.00027389613501163786,2.7449542030107983,0.8806041434114724,1.0,1.0,2,1.5251664485114564,0.0,-0.5310864069000626,-1.1796430811962504,False,False,False,False,False
Netherlands,NLD,2000,0.9299255161353116,0.8645465283316809,2.044612634227609,0.9999999999999999,0.39999999999999997,0,1.3278169357389202,0.5010455456257202,-0.3130904552280438,0.30313663687716075,False,False,False,False,False
Netherlands,NLD,2001,1.8756443664488036,0.9128275688671339,1.7952109277604809,0.8666666666666666,0.4666666666666666,0,1.450069905948617,0.5687413303634613,-0.3184047545593956,0.3062239910903841,False,False,False,False,False
Netherlands,NLD,2002,1.1088382642230084,1.2368856350503052,1.4739555075755304,0.9047619047619049,0.6190476190476191,0,1.3734596908935783,0.6190476190476191,-0.14008860769012454,-0.706629910877962,False,False,False,False,False
Netherlands,NLD,2003,1.156943030658554,0.7812551647095031,0.11140775780958247,0.9285714285714285,0.5714285714285714,0,1.0099211906355279,0.7142857142857141,-0.021457233268327606,-0.8080558278717656,False,False,False,False,False
Netherlands,NLD,2004,1.1933458249917819,1.4121844797331398,0.10412134636916408,0.9444444444444445,0.4444444444444444,0,1.0974858857743726,0.7222222222222222,-0.024969619827398003,-1.0143786290912449,False,False,False,False,False
Netherlands,NLD,2005,2.9989869768952397,1.7417625043957803,2.895166540162968,1.0,0.611111111111111,1,2.171627648735242,1.869357753534987,2.941406593938294,-0.4291155153958227,True,False,True,True,True
Netherlands,NLD,2006,3.9921568911268515,1.2546455068032416,2.2259812941861656,0.9444444444444445,0.6666666666666666,1,2.1390011828676965,1.9927516602177402,3.3115883139865536,-0.9816637929426598,True,False,True,True,True
Netherlands,NLD,2007,4.202724403900899,1.3753523295061172,2.21679163081719,0.9444444444444445,0.6666666666666666,1,2.203418117289286,1.9291680797782724,3.287504239334817,-0.448712758567192,True,False,True,True,True
Netherlands,NLD,2008,3.704262925089561,2.077551752530108,4.402848580917806,0.8333333333333334,0.6666666666666666,2,2.6369326517074954,1.880065233037082,3.3068623657779117,-0.4721584327270823,False,False,False,True,True
Netherlands,NLD,2009,3.539516945171277,2.4272935606272377,3.989297335700859,0.7222222222222222,0.7222222222222222,2,2.5689993460776526,1.8805959895309996,3.3084546352596655,-1.1107910826881053,True,False,True,True,True
Netherlands,NLD,2010,3.524910597189361,2.7485923871569615,3.774279087388663,0.7222222222222222,0.8333333333333334,1,2.6317786365692193,1.9168612567805579,3.4172504370083407,-1.0286539783971633,True,False,True,True,True
Netherlands,NLD,2011,3.5039079927038443,3.3914010376552044,2.35218866100277,0.7222222222222222,0.8888888888888888,1,2.493943982716808,2.861277097588692,3.4050977898270607,3.0120668362723486,True,False,True,True,True
Netherlands,NLD,2012,3.609932849610283,3.225215650252316,4.286509617652972,0.7777777777777778,0.8888888888888888,1,2.890998290169781,3.796465435527802,3.5093473301538776,5.546715643096194,False,False,False,False,False
Netherlands,NLD,2013,3.7494043420958008,5.834550988636775,5.3825632200724955,0.7777777777777778,0.9444444444444445,1,3.682192599049903,3.5387588321442234,3.6556803162329707,4.627262846866366,True,False,True,True,False
Netherlands,NLD,2014,0.1589297673590297,2.809746772913702,1.5423926596336128,0.3888888888888889,0.6666666666666666,1,1.3244360622034912,0.3333333333333333,-0.48066986404318435,-5.24100523737328,False,False,False,False,False
Netherlands,NLD,2015,0.6827022461174347,3.6401443060988394,1.9927293839563827,0.16666666666666666,0.5555555555555556,0,1.5520040761234202,1.8065291423609313,0.49383875034385716,4.4257486767389365,False,False,False,False,False
Netherlands,NLD,2016,10.0,9.703024438150472,8.46792604669035,0.2777777777777778,0.6666666666666666,3,6.011967874745943,6.448470193853532,10.0,8.512077248227266,False,False,False,True,True
Netherlands,NLD,2017,10.0,2.5095632012436173,6.154694961908927,0.3888888888888889,0.6666666666666666,3,4.1550738548527315,6.541631495298733,10.0,8.458227819229531,False,False,False,True,True
Netherlands,NLD,2018,10.0,3.0955111610064754,4.140274531007587,0.4444444444444444,0.611111111111111,3,3.8693793606250346,6.193459773446403,10.0,7.247045987005877,False,False,False,True,True
Netherlands,NLD,2019,10.0,4.3995081602266914,10.0,0.6666666666666666,0.611111111111111,3,5.391012743156449,6.729223244216513,10.0,8.354336399316207,False,False,False,True,True
Netherlands,NLD,2020,10.0,3.7766556940170433,5.697449205746886,0.8888888888888888,0.6666666666666666,3,4.517043202175008,6.770640223248825,10.0,8.311920669746474,True,False,True,True,True
Netherlands,NLD,2021,10.0,3.7864351290002585,2.4989057367928664,0.9444444444444445,0.611111111111111,3,3.879290395380847,6.774563318886142,10.0,7.990356623325096,False,False,True,True,True
Netherlands,NLD,2022,10.0,3.148850933145324,2.5113581273360617,1.0,0.6666666666666666,3,3.7987084787629435,6.5544532329384415,10.0,7.496693032148655,False,False,True,True,True
Netherlands,NLD,2023,10.0,3.8698967248293035,2.2629334197218918,1.0,0.6666666666666666,5,3.8932326955769057,5.849831933475138,10.0,5.882829133758746,False,False,True,True,True
Netherlands,NLD,2024,10.0,5.546385922796208,2.3770116276919184,1.0,0.8333333333333334,4,4.318012843430958,5.150506887944203,10.0,4.618187330499273,False,False,False,True,True
Netherlands,NLD,2025,10.0,5.493035268089091,10.0,1.0,0.611111111111111,5,5.743051498062263,4.385365956314914,10.0,3.156097868944742,False,False,False,True,True
New Zealand,NZL,1991,0.0,,,,,0,0.0,0.0,,,False,False,False,False,False
New Zealand,NZL,1992,0.0,,,,,0,0.0,0.0,,,False,False,False,False,False
New Zealand,NZL,1993,0.0,,,,,0,0.0,0.0,,,False,False,False,False,False
New Zealand,NZL,1994,0.0,,,,,0,0.0,0.0,,,False,False,False,False,False
New Zealand,NZL,1995,0.0,,,,,0,0.0,0.0,,,False,False,False,False,False
New Zealand,NZL,1996,1.589300342997322,1.3128490518636569,0.09486770130314803,,,0,0.9990056987213757,0.8856009204838758,1.2109764235797533,0.5602254173879984,False,False,False,False,False
New Zealand,NZL,1997,1.0232956444272057,1.1473822865238086,0.024555424364299566,,,0,0.7317444517717714,0.5270056371897954,0.6072452531399679,0.4467660212396229,False,False,False,False,False
New Zealand,NZL,1998,0.9975729961170872,1.0665992062008312,1.226048895731613,,,0,1.0967403660165103,0.3793403423687668,0.33333706370801025,0.42534362102952333,False,False,False,False,False
New Zealand,NZL,1999,1.2440582854430715,1.1120373368904792,0.4065873759899485,0.6666666666666669,1.0,0,1.2192032663313666,0.18658339629612308,0.11572135907093951,0.44402882981742975,False,False,False,False,False
New Zealand,NZL,2000,1.2537891068245164,1.216396318077142,1.4369632188750474,0.0,0.9999999999999999,0,1.1814297287553412,0.17031243013935246,0.4352789684712361,0.07565832194682122,False,False,False,False,False
New Zealand,NZL,2001,1.1531358070550248,0.9340329581649027,0.4999075340510799,0.2,0.8666666666666666,0,0.9440819265208681,0.21761406416079257,0.3653297562452104,0.2875124362371674,False,False,False,False,False
New Zealand,NZL,2002,0.871922120757816,1.2799082631103527,2.8405584440540177,0.23809523809523814,0.7142857142857143,0,1.3794301465368182,0.3335445420402332,0.4012985414152007,0.5993350847054989,False,False,False,False,False
New Zealand,NZL,2003,0.8401406361889103,0.31654315561174273,1.932979511489113,0.21428571428571427,0.4999999999999999,0,0.9036469463722389,0.4603500602571869,0.3803411056810017,1.000709075090559,False,False,False,False,False
New Zealand,NZL,2004,0.0,1.9367608163168102,2.191561352886239,-0.05555555555555555,0.611111111111111,0,1.0701088782850543,0.0,-1.8914771498428273,-1.5401334294605311,False,False,False,False,False
New Zealand,NZL,2005,0.0,2.045660436020781,2.2995015200964057,-0.2777777777777778,0.611111111111111,0,1.1134768356678817,0.0,-1.9580513214684987,-2.299445377994087,False,False,False,False,False
New Zealand,NZL,2006,0.0,1.9648209178028062,2.581971387951264,-0.5,0.611111111111111,0,1.1538029055952586,0.0,-1.973465251015288,-2.4964397433842223,False,False,False,False,False
New Zealand,NZL,2007,0.0,3.4041120515699332,2.785411049345046,-0.5,0.8333333333333334,0,1.5712379535163292,0.0,-1.9743340712618296,-2.5373382322853337,False,False,False,False,False
New Zealand,NZL,2008,0.0,3.7585677427465325,6.602234091124556,-0.2777777777777778,0.7222222222222222,0,2.3610492556631066,0.0,-2.531301016088636,-3.264394618202565,False,False,False,False,False
New Zealand,NZL,2009,0.0,5.701434950020127,6.245503408347912,0.05555555555555555,0.7777777777777778,0,2.7227210050069415,0.0,-2.263838219785739,-0.3850731983752721,False,False,False,False,False
New Zealand,NZL,2010,0.0,2.24762599339946,4.649154307755805,0.3333333333333333,0.7222222222222222,0,1.8015782824532753,0.04343879802956822,-2.196178078979045,0.13031639408870466,False,False,False,False,False
New Zealand,NZL,2011,0.0,1.0990806292151174,4.258322110137493,0.6666666666666666,0.5,0,1.5381472145371886,0.0,-1.948295352689619,-1.0314715655032243,False,False,False,False,False
New Zealand,NZL,2012,0.0,1.2415634428797362,4.652242584202051,0.5555555555555556,0.5,0,1.6009834276385795,0.0,-1.9067804224257203,-0.23001628141554642,False,False,False,False,False
New Zealand,NZL,2013,0.0,1.233624524796051,1.3087246559209786,0.4444444444444444,0.5,0,0.8862476139211836,0.4077781431639043,-1.834093034030415,0.22333442949171303,False,False,False,False,False
New Zealand,NZL,2014,0.0,0.5915735655848466,0.6384854572348367,0.6666666666666666,0.3888888888888889,0,0.6682340267861588,0.7889883848733857,-1.7894085931289103,0.5336318212868243,True,False,True,False,False
New Zealand,NZL,2015,0.0,0.7905149256813181,0.1088794974552317,0.7777777777777778,0.2222222222222222,0,0.57987888462731,0.9778985691674232,-1.8049634200022888,0.6003623741689365,True,True,True,False,False
New Zealand,NZL,2016,0.0,0.3177751731620227,0.7186145907072942,0.8888888888888888,0.1111111111111111,0,0.6072779527738634,0.9474884059113434,-1.8422839995242841,0.5091318844006967,True,True,True,False,False
New Zealand,NZL,2017,0.0,-0.10855617948882036,1.1657121151085905,0.9444444444444445,0.3333333333333333,0,0.7442535341328292,0.7022444473056345,-1.8592109163322263,0.4400666752502368,False,True,True,False,False
New Zealand,NZL,2018,0.0,0.26510856725922183,1.5814704687237746,0.7777777777777778,0.05555555555555555,0,0.7026491405299325,0.16666666666666666,-2.097299897332148,-1.9199527996111116,False,False,False,False,False
New Zealand,NZL,2019,0.0,1.407753356579429,0.6781910139519597,0.5,0.05555555555555555,0,0.6394110963285,0.0,-2.1720287170587063,-2.724947686106844,False,False,False,False,False
New Zealand,NZL,2020,0.0,1.422266389418904,0.44966541987814146,0.6666666666666666,0.3888888888888889,0,0.7966085840816313,0.0,-2.392158709208187,-2.1970612446271187,False,False,False,False,False
New Zealand,NZL,2021,0.0,2.5005357156343497,1.8322616629472481,0.6666666666666666,0.5,1,1.333226142382986,0.0,-2.324801714072603,-2.2972004508249118,False,False,False,False,False
New Zealand,NZL,2022,0.84935724899828,6.04678985067405,4.232430253322348,0.7222222222222222,0.5555555555555556,0,2.736826581710047,0.0,-2.42419856113212,-2.710696747579703,False,False,False,False,False
New Zealand,NZL,2023,1.0103362650948062,8.853756925609039,2.1899604156427803,0.8333333333333334,0.7777777777777778,0,3.055255165713769,0.0,-2.4437139530231327,-3.1080925605339664,False,False,False,False,False
New Zealand,NZL,2024,2.3134189183110667,5.401163114905379,2.222358158257122,0.8888888888888888,0.8333333333333334,1,2.6762769271836024,0.0,-2.5034242196700536,-3.1337503127976856,False,False,False,False,False
New Zealand,NZL,2025,10.0,4.192719593308004,5.488604263375116,0.9444444444444445,0.7222222222222222,2,4.60293143800329,0.0,-2.527976494282918,-3.35627646940027,False,False,False,True,False
Nicaragua,NIC,1991,,,,,,0,0.0,0.0,,,False,False,False,False,False
Nicaragua,NIC,1992,,,,,,0,0.0,0.0,,,False,False,False,False,False
Nicaragua,NIC,1993,,,,,,0,0.0,0.0,,,False,False,False,False,False
Nicaragua,NIC,1994,,,,,,0,0.0,0.0,,,False,False,False,False,False
Nicaragua,NIC,1995,,,,,,0,0.0,0.0,,,False,False,False,False,False
Nicaragua,NIC,1996,1.6971500627194687,1.5315909777675094,1.3315160309795158,,,0,1.5200856904888314,0.691324357027595,-1.0590278399065802,1.38264871405519,False,False,False,False,False
Nicaragua,NIC,1997,1.4067572410004785,1.8357127747161648,0.9189890244229789,,,0,1.387153013379874,0.7272316290634824,-1.1524084152736807,1.4544632581269648,False,False,False,False,False
Nicaragua,NIC,1998,1.1174483157952386,0.8226050859311893,1.5560992956728406,,,0,1.1653842324664228,0.6363729468230213,-1.2663014102066663,1.2727458936460425,False,False,False,False,False
Nicaragua,NIC,1999,1.3518389076096478,0.8273246585503277,1.6392108048963212,1.0,1.0,0,1.5636748742112592,0.2105588426899647,-1.3939753121552132,0.631676528069894,False,False,False,False,False
Nicaragua,NIC,2000,1.1210645578491971,1.95329408170275,2.8075305930811254,0.9999999999999999,0.6,0,1.8163778465266145,0.23265253917848705,0.6979576175354612,-1.026840729107997,False,False,False,False,False
Nicaragua,NIC,2001,1.2023533141823215,0.7970499562945175,1.0199927039523335,0.9999999999999999,0.7333333333333333,0,1.2972125282191678,0.29584617535074315,0.6875385260522295,-1.056762227553119,False,False,False,False,False
Nicaragua,NIC,2002,1.1958720459977983,0.7032485500107958,0.713902001930779,1.0,0.8095238095238096,0,1.2464140433973987,0.6447675769707834,0.9343027309123498,-0.6616181115749552,False,False,False,False,False
Nicaragua,NIC,2003,1.0211967832495055,0.6689050822891707,2.266950791822657,0.8571428571428571,0.8571428571428571,0,1.4771248171865523,0.714506200970679,0.8578043171977514,-0.5606826757544866,False,False,False,False,False
Nicaragua,NIC,2004,0.9984094649075044,2.479604144570273,2.1653393932744915,0.8333333333333334,0.8888888888888888,0,1.8175594894393428,0.7293841119712988,0.8548190025805629,-0.7090900770297773,False,False,False,False,False
Nicaragua,NIC,2005,2.190198663702619,1.2314753071766738,2.766782367388261,0.9444444444444445,0.8333333333333334,0,1.9488023787646216,0.7242080388657063,0.8392907832637856,-0.7265405728777532,False,False,False,False,False
Nicaragua,NIC,2006,10.0,1.2942540958769864,8.81594586468657,1.0,0.5,2,4.622039992112711,0.9399049963022272,0.8910259045254343,0.4286890843812473,False,False,False,True,True
Nicaragua,NIC,2007,10.0,4.320008325592474,8.29017697563933,1.0,0.5555555555555556,4,5.1442592824685835,0.7800029390603483,0.7682026788837437,0.7384728049639679,False,False,False,True,True
Nicaragua,NIC,2008,10.0,3.49600666000494,4.890344572996075,1.0,0.6666666666666666,3,4.3439369132668695,0.578584923705926,0.812051374682981,0.9237033964347968,False,False,False,True,True
Nicaragua,NIC,2009,10.0,3.4703579137602554,4.664593618117864,1.0,0.7222222222222222,2,4.315879195264513,0.9031477937612807,-1.1981515447907343,2.709443381283842,False,False,False,True,True
Nicaragua,NIC,2010,10.0,3.7419122821074513,5.163320679183161,1.0,0.7222222222222222,2,4.469935481147011,0.9700304663571772,-1.2074455483970736,2.9100913990715314,False,False,False,True,True
Nicaragua,NIC,2011,10.0,2.689801537159403,4.7783055274199375,1.0,0.6666666666666666,2,4.160288079582534,0.9074683839702145,-1.4126217448462075,2.7224051519106434,False,False,False,True,True
Nicaragua,NIC,2012,10.0,1.9985534542363252,4.583987079696269,1.0,0.5,1,3.9165081067865186,0.8781233955741462,-1.436516154748226,2.6343701867224385,False,False,False,False,False
Nicaragua,NIC,2013,10.0,2.360970233830047,4.110862597381959,1.0,0.5,3,3.894366566242401,0.6044155513234549,-1.5168973592404942,1.8132466539703649,False,False,False,True,True
Nicaragua,NIC,2014,10.0,4.033243977981212,5.073818304751636,1.0,0.611111111111111,2,4.465856900991014,0.7812267559717122,-1.4646927259537996,2.3436802679151367,False,False,False,True,True
Nicaragua,NIC,2015,10.0,1.2380176938240288,7.9418540944978995,1.0,0.6666666666666666,3,4.502641024331052,1.201188902929869,-1.5546559847980208,3.603566708789607,False,False,False,True,True
Nicaragua,NIC,2016,10.0,1.6053148494110967,2.241262388164026,1.0,0.7222222222222222,1,3.458204336403913,0.0,-2.176952277892954,-0.529482264185455,False,False,False,False,False
Nicaragua,NIC,2017,10.0,1.625217582639993,1.2354619751380662,1.0,0.7222222222222222,2,3.2610248004445004,0.011854824396631805,-2.109240936114603,0.03556447318989542,False,False,False,True,False
Nicaragua,NIC,2018,10.0,1.5031605539385027,3.651254741936294,1.0,0.5555555555555556,1,3.653105281397182,0.0,-1.2459852654199925,-0.8812635644690187,False,False,False,False,False
Nicaragua,NIC,2019,10.0,1.2681507289022618,2.962444269917992,1.0,0.4444444444444444,2,3.4238967775418283,0.0,-1.2686287722330165,-1.378125476160483,False,False,False,True,False
Nicaragua,NIC,2020,10.0,0.8462197762758219,5.568259491965327,1.0,0.2777777777777778,1,3.7940069647593413,0.1111111111111111,-1.2835096978248197,-1.723578135180986,False,False,False,False,False
Nicaragua,NIC,2021,10.0,1.5661946037226822,1.5716553061315464,1.0,0.6666666666666666,1,3.2942366486375123,0.6107501540251121,-1.130378596784889,0.6655837954086697,False,False,False,False,False
Nicaragua,NIC,2022,10.0,1.5384127739476239,3.369459847583232,1.0,0.6666666666666666,1,3.6482411909728376,0.5555555555555556,-0.9763084073601418,-1.267067994297578,True,False,True,True,True
Nicaragua,NIC,2023,10.0,1.4198879126378705,3.482810552980923,0.9444444444444445,0.6666666666666666,0,3.624984137568203,0.6666666666666666,-1.0870261390642426,-1.4511278809591879,True,False,True,True,True
Nicaragua,NIC,2024,10.0,1.0493940913669295,3.840273612046689,0.9444444444444445,0.6666666666666666,1,3.622377985127168,0.611111111111111,-1.2133246056431488,-1.74686047830442,False,False,True,True,True
Nicaragua,NIC,2025,10.0,1.1715444698441488,10.0,0.9444444444444445,0.6666666666666666,1,4.878753338413274,0.5555555555555556,-1.061665108779527,-1.0657721323150546,True,False,True,True,True
Niger,NER,1991,,,,,,0,0.0,0.0,,,False,False,False,False,False
Niger,NER,1992,,,,,,0,0.0,0.0,,,False,False,False,False,False
Niger,NER,1993,,,,,,0,0.0,0.0,,,False,False,False,False,False
Niger,NER,1994,,,,,,0,0.0,0.0,,,False,False,False,False,False
Niger,NER,1995,,,,,,0,0.0,0.0,,,False,False,False,False,False
Niger,NER,1996,1.8946893869330124,2.3170572506443383,-0.46654962348254536,,,0,1.4039155458591168,0.0,-0.08607703481286935,-0.025966444595374397,False,False,False,False,False
Niger,NER,1997,1.6345726970005037,1.3523850325944362,0.1289410838821158,,,0,1.038632937825685,0.0,-0.7818198716283513,-1.254548213844647,False,False,False,False,False
Niger,NER,1998,1.5864326218336,2.0263905990852744,0.7544555993920642,,,0,1.455759606770313,0.0,-1.457365592217388,-1.3732557039783786,False,False,False,False,False
Niger,NER,1999,1.1549703071199966,1.2787788197049232,1.2905253762828193,0.3333333333333334,1.0,0,1.2781882339548811,0.0,-0.389840620369688,-1.2070936603661122,False,False,False,False,False
Niger,NER,2000,1.4047059333467842,0.8896977442359896,2.467869793666723,0.39999999999999997,0.9999999999999999,0,1.5124546942498993,0.7449052445440626,1.5325136032105153,0.10220213042167237,False,False,False,False,False
Niger,NER,2001,1.03807802254008,0.6548269508507742,2.5673162756467147,0.4666666666666666,0.6,0,1.2787109164741806,1.0055051050595205,1.5095388887524623,0.5069764264260991,False,False,False,False,False
Niger,NER,2002,1.0372480366500845,0.6504918472033453,1.443381797245114,0.4285714285714286,0.23809523809523814,0,0.8928910028863755,0.7928648989118458,0.3509011454099214,1.0276935513256162,False,False,False,False,False
Niger,NER,2003,1.4488939848617677,1.148711758228971,1.4181948071290986,0.2857142857142857,0.42857142857142855,0,1.088874395758253,0.8062086787657372,0.3289657190941642,1.2325174600601905,False,False,False,False,False
Niger,NER,2004,0.9957284943851258,1.598147658063769,0.9491955722760725,0.3888888888888889,0.5555555555555556,0,1.0863921227227713,0.9533384457122746,0.4293199035035663,1.4306954336332571,False,True,True,False,False
Niger,NER,2005,0.9565526749468684,1.263490970891389,2.7259882280490926,0.4444444444444444,0.611111111111111,0,1.4114285969996923,0.1111111111111111,-1.4361361409423363,-0.43922097908231855,False,False,False,False,False
Niger,NER,2006,0.832770354390474,1.1593040240311205,4.210265555731241,0.3888888888888889,0.611111111111111,0,1.6404679868305672,0.23817065905250223,-1.6949852362491036,0.7145119771575067,False,False,False,False,False
Niger,NER,2007,0.5672835186108425,1.140868400589526,4.220757452650794,0.2222222222222222,0.5,0,1.4746707632591214,0.21542165964236903,-1.6944781803405302,0.6462649789271071,False,False,False,False,False
Niger,NER,2008,-0.20726908312686018,4.614692813601035,10.0,0.05555555555555555,0.8333333333333334,0,3.2784941182757628,0.2577924913309747,-3.6262568149671814,0.7733774739929241,False,False,False,False,False
Niger,NER,2009,-1.1749974885082481,2.0005358860041005,4.381105675274352,0.2222222222222222,0.5555555555555556,0,1.5874394233668017,0.0,-3.891047364533995,-1.1362351756187774,False,False,False,False,False
Niger,NER,2010,10.0,9.199953817434558,10.0,0.6666666666666666,0.6666666666666666,3,6.3733240968202445,0.0,-0.3711841966938806,-3.120621320408983,False,False,False,True,True
Niger,NER,2011,10.0,6.546894349378914,10.0,0.6666666666666666,0.5,4,5.7760455365424495,3.3333333333333335,10.0,-2.17730598890778,False,False,False,True,True
Niger,NER,2012,10.0,9.154993971017584,10.0,0.6666666666666666,0.611111111111111,4,6.3421099053146275,3.4444444444444446,10.0,-2.3973088042545525,False,False,False,True,True
Niger,NER,2013,10.0,9.269791194290104,10.0,0.6666666666666666,0.6666666666666666,4,6.387291572191353,3.6666666666666665,10.0,-2.7713868816581475,False,False,False,True,True
Niger,NER,2014,10.0,9.234090668032797,10.0,0.7222222222222222,0.7777777777777778,4,6.44681813360656,3.722222222222222,10.0,-2.6914320340945674,False,False,False,True,True
Niger,NER,2015,10.0,9.283029058466651,10.0,0.7777777777777778,0.8333333333333334,5,6.501050256137775,3.6666666666666665,10.0,-2.734392253833896,False,False,False,True,True
Niger,NER,2016,10.0,9.26831908461384,10.0,1.0,0.7222222222222222,6,6.542552705811657,3.5,10.0,-2.944494553346146,False,False,False,True,True
Niger,NER,2017,10.0,10.0,10.0,1.0,0.7777777777777778,6,6.711111111111111,3.3333333333333335,10.0,-3.078282506969507,False,False,False,True,True
Niger,NER,2018,10.0,7.473289083375307,10.0,1.0,0.8888888888888888,5,6.250213372230617,3.3333333333333335,10.0,-1.6779926251821138,False,False,False,True,True
Niger,NER,2019,10.0,10.0,10.0,0.8333333333333334,1.0,3,6.733333333333334,1.7355812607105152,5.206743782131546,-1.5043202604495585,False,False,False,True,True
Niger,NER,2020,-0.6256538462157978,5.060228973589521,2.412819279896843,0.7222222222222222,1.0,0,2.1834985395861617,0.0,-5.124822375523144,-2.504710178513812,False,False,False,False,False
Niger,NER,2021,-0.601419329505103,4.401243704603768,1.8528121691207087,0.7222222222222222,0.9444444444444445,0,1.917477841411562,0.0,-5.099473919820768,-0.8917670008252309,False,False,False,False,False
Niger,NER,2022,-0.9054876138332052,6.93584223388961,1.264255869750631,0.4444444444444444,0.8888888888888888,0,2.1733529540613814,0.0,-5.240701816263791,-0.8146140875159091,False,False,False,False,False
Niger,NER,2023,10.0,7.003415090409957,10.0,0.5,0.7222222222222222,4,5.889571906970881,2.3497683294925555,7.049304988477667,-1.6281524534865208,False,True,True,True,True
Niger,NER,2025,10.0,4.094581659549803,8.985586063836104,0.5555555555555556,0.7222222222222222,5,5.127144655788292,2.2954840721162006,6.886452216348602,-3.6174700470874024,False,False,False,True,True
Nigeria,NGA,1991,,,,,,0,0.0,0.0,,,False,False,False,False,False
Nigeria,NGA,1992,,,,,,0,0.0,0.0,,,False,False,False,False,False
Nigeria,NGA,1993,,,,,,0,0.0,0.0,,,False,False,False,False,False
Nigeria,NGA,1994,,,,,,0,0.0,0.0,,,False,False,False,False,False
Nigeria,NGA,1995,,,,,,0,0.0,0.0,,,False,False,False,False,False
Nigeria,NGA,1996,1.8567370694955894,0.7798541614336754,0.4368117008156213,,,0,1.024467643914962,0.0,-0.1546365349370377,-0.9032291276062567,False,False,False,False,False
Nigeria,NGA,1997,1.0682635344700788,0.9135118735936971,1.7089188227447718,,,0,1.230231410269516,0.0,-0.8529512273275046,-0.9486509493613811,False,False,False,False,False
Nigeria,NGA,1998,0.7545712677436134,-0.34815106332721324,1.4184372812777633,,,0,0.7243361830071255,0.0,-1.0513973932199219,-1.3493820602173658,False,False,False,False,False
Nigeria,NGA,1999,1.7788714263701626,2.4718554653750364,1.2590896736084871,0.6666666666666669,1.0,4,1.768629979737404,0.5920765001214263,1.776229500364279,-0.6483816168764341,False,False,False,True,False
Nigeria,NGA,2000,1.7417143596096927,0.5398303765000926,0.7188734899034048,0.7999999999999999,0.9999999999999999,1,1.3200836452026379,0.7756565870269408,1.7269697610808223,-0.7415882934331293,False,False,False,False,False
Nigeria,NGA,2001,1.3606079571228833,1.64842635149117,1.6950150906958523,0.8666666666666666,0.9999999999999999,0,1.6874765465286476,0.42032692625238505,0.6609807787571552,-0.04092619263736194,False,False,False,False,False
Nigeria,NGA,2002,1.3547303858138897,1.3982006081094072,0.6767823915788893,0.9047619047619049,1.0,0,1.4478474390051992,0.6495374067794714,0.06082083674967592,1.4592199550173095,False,False,False,False,False
Nigeria,NGA,2003,1.0680982597491404,0.9747790797372945,1.2981898849632032,0.9285714285714285,0.9999999999999998,0,1.4396420163184989,0.3739468243297191,-0.7501217422360709,1.1218404729891573,False,False,False,False,False
Nigeria,NGA,2004,0.8864920476732127,0.9391249990574349,1.2664646769644647,0.9444444444444445,1.0,0,1.3961941225168002,0.3405659304602473,-0.713152817367168,1.021697791380742,False,True,True,False,False
Nigeria,NGA,2005,0.9774877322902513,1.2687382649079142,2.821889409924712,1.0,0.9444444444444445,0,1.7914008592023536,0.3431333402482411,-0.702741161864226,1.0294000207447234,False,False,False,False,False
Nigeria,NGA,2006,1.0622329535756714,1.3800247057305655,5.146220116593401,1.0,0.5555555555555556,0,2.1399177774021494,0.3514371696824618,-0.6740204717536962,1.0543115090473854,False,False,False,False,False
Nigeria,NGA,2007,1.0406771287430001,2.0617625996055273,10.0,0.9444444444444445,0.5555555555555556,0,3.2204879456697055,0.38085008967117157,-0.7372922790772335,1.1425502690135148,False,False,False,False,False
Nigeria,NGA,2008,-1.3331707579571705,2.0718193979207395,3.043955925686506,0.5,1.0,2,1.623155064721449,0.0,-4.301949454392313,-0.8732040524650242,False,False,False,False,False
Nigeria,NGA,2009,-1.412532843265303,1.6718070461382764,2.284552029856305,0.1111111111111111,0.9444444444444445,0,1.2134940374211385,0.0,-4.302128366650427,-0.12397520873490825,False,False,False,False,False
Nigeria,NGA,2010,-1.367736426769475,0.2006707872231512,0.7816703347142161,-0.16666666666666666,0.7777777777777778,0,0.5075793354985846,0.0,-4.2948793214848715,-1.1247587432964716,False,False,False,False,False
Nigeria,NGA,2011,-1.334659581885157,1.5012436986004876,0.8900547643056866,-0.2777777777777778,0.6666666666666666,0,0.7449263592479015,0.0,-4.294318616267915,-1.5941251215696917,False,False,False,False,False
Nigeria,NGA,2012,-1.3732677693182058,2.1778480102981472,6.828640869861178,-0.2222222222222222,0.6666666666666666,0,2.0679644426985315,0.0,-4.306705700119019,-1.1066044927080794,False,False,False,False,False
Nigeria,NGA,2013,-1.3807350517010817,2.3982988883886436,4.0373557055472675,0.1111111111111111,0.6666666666666666,0,1.5982420298982933,0.0,-4.31036528080574,-1.2686714734664817,False,False,False,False,False
Nigeria,NGA,2014,-1.380532747071537,2.721199193022325,3.1634775837290805,0.5,0.7222222222222222,0,1.66582424423917,0.0,-4.3105499952377935,-1.2387230002766627,False,False,False,False,False
Nigeria,NGA,2015,-1.3806386764345193,2.6835634089138356,2.382873342446868,0.7222222222222222,0.6666666666666666,2,1.5688429058276963,0.0,-4.3103270467859405,-1.5277751053093085,False,False,False,False,False
Nigeria,NGA,2016,-1.379903975404916,2.6123963074111836,0.711923555516704,0.8333333333333334,0.6666666666666666,2,1.2648639725855775,0.0,-4.303786180763237,-1.2745148454087354,False,False,False,False,False
Nigeria,NGA,2017,-1.3894678760413919,2.8998194190704174,2.4280130739666013,0.7777777777777778,0.7222222222222222,2,1.6655664986074037,0.0,-4.309015960827733,-0.8933448721848164,False,False,False,False,False
Nigeria,NGA,2018,-1.3888216749375568,1.851625834732092,1.7027531026400429,0.7777777777777778,0.7222222222222222,1,1.310875787474427,0.0,-4.308332125749028,-1.06408919742544,False,False,False,False,False
Nigeria,NGA,2019,-1.3121955941887045,1.3007302610247555,3.674311717935664,0.7777777777777778,0.6666666666666666,0,1.5727861735698616,0.16666666666666666,-4.291671745861006,-1.2771753825687968,False,False,False,False,False
Nigeria,NGA,2020,-1.2388308775762376,2.0901842350827136,3.436056746564454,0.7222222222222222,0.611111111111111,0,1.6385815296627668,0.5555555555555556,-4.279810331462308,-1.120407924162108,False,False,False,False,False
Nigeria,NGA,2021,-1.2387605519001794,2.5076171124843705,3.422608385300322,0.8888888888888888,0.4444444444444444,0,1.719378432890272,0.8333333333333334,-4.2778789072537995,-0.9908736979744347,False,False,False,False,False
Nigeria,NGA,2022,-1.2233734178600828,2.578047016875662,1.7100584532403338,0.8888888888888888,0.2222222222222222,0,1.3020655384676436,0.8888888888888888,-4.276908448685484,-0.8315567281206929,True,False,True,False,False
Nigeria,NGA,2023,-1.210629751255131,2.2594325089964618,0.4766932091879345,0.8888888888888888,0.3333333333333333,2,1.036114032525768,0.8888888888888888,-4.276527846848242,-1.4248080163490733,True,False,True,False,False
Nigeria,NGA,2024,-1.1788683641234359,2.1473514325335845,0.19626812704756724,0.8888888888888888,0.5555555555555556,2,1.0465016896940083,0.8888888888888888,-4.269590895587295,-1.580803324303488,True,False,True,False,False
Nigeria,NGA,2025,-0.11822312807866502,2.0291113937965353,4.783052713149047,0.9444444444444445,0.7777777777777778,2,2.0513217102780055,0.9444444444444445,-4.274735453787899,-1.566101625904912,True,False,True,True,False
North Korea,PRK,1991,0.0,0.0,0.0,,,0,0.0,0.0,,,False,False,False,False,False
North Korea,PRK,1992,0.0,0.0,0.0,,,0,0.0,0.0,,,False,False,False,False,False
North Korea,PRK,1993,0.0,0.0,0.0,,,0,0.0,0.0,,,False,False,False,False,False
North Korea,PRK,1994,0.0,0.0,0.0,,,0,0.0,0.0,,,False,False,False,False,False
North Korea,PRK,1995,0.0,0.0,0.0,,,0,0.0,0.0,,,False,False,False,False,False
North Korea,PRK,1996,1.5381750972019061,0.7060591665859602,0.0,,,0,0.7480780879292888,0.8827425024789897,1.127780171046786,0.6377048339111933,False,False,False,False,False
North Korea,PRK,1997,1.28650010947615,0.6412247813081157,0.0,,,0,0.6425749635947552,0.6434415638267874,0.7631375838001351,0.5237455438534397,False,False,False,False,False
North Korea,PRK,1998,1.0363266649386953,0.999226078095051,0.27922526087757876,,,0,0.7715926679704418,0.41113159695830925,0.5520874438057196,0.2701757501108989,False,False,False,False,False
North Korea,PRK,1999,0.8582286174296764,0.519753821961455,1.0007529013302772,-0.3333333333333334,1.0,0,0.8757470681442816,0.11796816604909272,0.22102807531536273,0.13287642283191542,False,False,False,False,False
North Korea,PRK,2000,0.4637878728381361,0.5806929609749685,0.8002831205919855,-0.6,0.9999999999999999,0,0.7689527908810179,0.14526522434492342,0.3182286496296339,0.1175670234051364,False,False,False,False,False
North Korea,PRK,2001,0.42773275020607576,0.38896702764685837,1.0907580848253189,-0.6,0.9999999999999999,0,0.7814915725356506,0.13309109341818606,0.35175394053144177,0.04751933972311637,False,False,False,False,False
North Korea,PRK,2002,0.4357792371553965,2.049384421905626,2.550022821133903,-0.4285714285714286,1.0,0,1.407037296038985,0.4225049316701302,0.2663106640544798,1.001204130955911,False,False,False,False,False
North Korea,PRK,2003,0.41110207853831743,2.6188501377755347,2.029232680912132,-0.42857142857142855,0.9999999999999998,0,1.4118369794451968,0.43197913181416725,0.2545467140674554,1.0413906813750464,False,False,False,False,False
North Korea,PRK,2004,0.0,1.0114084693894874,0.39337654153534946,-0.5555555555555556,0.5555555555555556,0,0.5031792244071897,0.0,-1.9015581181527224,-1.812939000217042,False,False,False,False,False
North Korea,PRK,2005,0.0,0.5393532872896812,1.1113204913923926,-0.5555555555555556,0.3333333333333333,0,0.46346808906974807,0.0,-1.9533151240982927,-1.9592447259496126,False,False,False,False,False
North Korea,PRK,2006,0.0,0.19339693344476327,0.14845859651730808,-0.5,0.16666666666666666,0,0.13503777265908093,0.0,-1.953660338824821,-1.960086064062007,False,False,False,False,False
North Korea,PRK,2007,0.0,0.22435534894415762,2.466068072137577,-0.4444444444444444,0.05555555555555555,0,0.5603069064385692,0.0,-2.050650946623976,-1.9911375948718912,False,False,False,False,False
North Korea,PRK,2008,0.0,2.4824837397109714,4.4796389992241625,-0.5,0.05555555555555555,0,1.414646770009249,0.0,-2.022130476518782,-1.9848095674580273,False,False,False,False,False
North Korea,PRK,2009,0.0,0.0,4.453929739996855,-0.3888888888888889,-0.2222222222222222,0,0.890785947999371,0.0,-1.930968059859551,-1.8465418584161566,False,False,False,False,False
North Korea,PRK,2010,0.0,0.0,1.3859845274035416,-0.2222222222222222,-0.3333333333333333,0,0.2771969054807083,0.0,-1.9729580366362005,-2.1638173074575118,False,False,False,False,False
North Korea,PRK,2011,0.0,2.7831052997307535,1.310040718257051,0.0,-0.3888888888888889,0,0.8186292035975609,0.0,-1.970419117128946,-2.869547271291375,False,False,False,False,False
North Korea,PRK,2012,0.0,0.0,1.2670506368168926,0.3888888888888889,-0.1111111111111111,0,0.4089656829189341,0.0,-1.967118757553518,-2.350393385738789,False,False,False,False,False
North Korea,PRK,2013,0.0,0.0,1.5053121873725732,0.611111111111111,0.2222222222222222,0,0.6343957708078479,0.0,-1.9755559188185585,-2.607623088625746,False,False,False,False,False
North Korea,PRK,2014,0.0,0.0,1.352676008463383,0.611111111111111,0.3333333333333333,0,0.6483129794704543,0.0,-1.974172466932886,-3.134184441257585,False,False,True,False,False
North Korea,PRK,2015,0.0,0.0,1.2946380455262443,0.7222222222222222,0.5,0,0.7478164979941377,0.3333333333333333,-1.9444788448498078,-3.13534080741362,False,False,True,False,False
North Korea,PRK,2016,0.0,0.0,1.9849363580704866,0.8888888888888888,0.5555555555555556,0,0.9747650493918751,0.2777777777777778,-1.9441310692888476,-3.1152549963668106,False,False,True,False,False
North Korea,PRK,2017,0.0,0.0,0.5920347988917753,0.9444444444444445,0.4444444444444444,0,0.6739625153339106,0.0,-1.989015099167246,-3.5070449302535653,False,False,False,False,False
North Korea,PRK,2018,0.0,0.7432376236027759,0.6930249829689125,0.9444444444444445,0.6666666666666666,0,0.9316969657587821,0.1111111111111111,-1.9676219441958342,-3.4648335257791203,False,False,False,False,False
North Korea,PRK,2019,0.0,0.0,1.3013046120200953,0.9444444444444445,0.7222222222222222,0,0.9269275890706858,0.2777777777777778,-1.9233101239496568,-3.497907847236951,False,False,False,False,False
North Korea,PRK,2020,0.0,0.0,1.5413612850196878,0.9444444444444445,0.611111111111111,0,0.9304944792261598,0.4444444444444444,-1.9179932846066479,-2.847230519333797,False,False,False,False,False
North Korea,PRK,2021,0.0,0.0,1.652433781503616,0.9444444444444445,0.6666666666666666,0,0.9749312007451676,0.6666666666666666,-1.895548320757915,-2.7445018505580214,True,False,True,False,False
North Korea,PRK,2022,0.0,1.4425714307205264,1.6433306020102267,0.9444444444444445,0.7222222222222222,0,1.2838470732128173,0.6666666666666666,-1.9014034741870471,-2.65527466121729,False,False,False,False,False
North Korea,PRK,2023,0.0,0.7842854852994529,0.6401345544875654,0.9444444444444445,0.5,0,0.8626617857351814,0.7222222222222222,-1.6018201512113726,-2.4662562115851654,True,False,True,False,False
North Korea,PRK,2024,0.01924439761959739,0.28921862897325973,0.5376998088901696,0.8888888888888888,0.611111111111111,0,0.7692325670966053,0.8333333333333334,-1.5267387549785731,-2.281968983559973,True,True,True,False,False
North Korea,PRK,2025,0.018093479367950232,0.23188274860257793,0.4634049546227341,0.9444444444444445,0.5555555555555556,0,0.7426762365186526,0.9444444444444445,-1.5229034044592549,-2.2853291853730706,True,False,True,False,False
North Macedonia,MKD,1992,,,,,,0,0.0,0.0,,,False,False,False,False,False
North Macedonia,MKD,1993,,,,,,0,0.0,0.0,,,False,False,False,False,False
North Macedonia,MKD,1994,,,,,,0,0.0,0.0,,,False,False,False,False,False
North Macedonia,MKD,1995,,,,,,0,0.0,0.0,,,False,False,False,False,False
North Macedonia,MKD,1996,,,,,,0,0.0,0.0,,,False,False,False,False,False
North Macedonia,MKD,1997,1.321702806074348,1.3784251872331994,-0.3601410964488132,,,0,0.9000426644358491,0.7297612059185216,-0.5020862852054505,1.4595224118370431,False,False,False,False,False
North Macedonia,MKD,1998,1.155029976319078,1.0992117906714838,0.43677770158039164,,,0,0.8970064895236511,0.0,-0.5148636460338593,-0.6710446867461205,False,False,False,False,False
North Macedonia,MKD,1999,1.0204501133595945,0.7103925121200956,0.8599796508899747,,,0,0.8636074254565549,0.0,-0.5548381187773823,-0.5539928396936503,False,False,False,False,False
North Macedonia,MKD,2000,0.8939533939245022,0.5591082509768264,1.7260430818184773,1.0,1.0,0,1.4358209453439612,0.0,-0.5744469835153556,-0.7171975781208739,False,False,False,False,False
North Macedonia,MKD,2001,0.24588419131343023,1.521810713296908,2.4588497662632363,0.6,0.9999999999999999,0,1.4853089341747148,0.0,-0.5382527469813401,-0.7553445533509332,False,False,False,False,False
North Macedonia,MKD,2002,1.49228526256183,0.7201095680464146,1.8571890186727609,0.7333333333333333,0.9999999999999999,0,1.5072501031895345,0.13580295525232455,-0.4504777084873557,0.40740886575697366,False,False,False,False,False
North Macedonia,MKD,2003,0.7683503466020901,1.0639366853945764,1.4315093506706835,0.8095238095238096,0.9047619047619049,0,1.338473562247756,0.674824857108341,-0.6014248430366808,2.024474571325023,False,False,False,False,False
North Macedonia,MKD,2004,1.7993341643783773,1.666976060495745,2.690357447650797,0.8571428571428571,0.42857142857142855,2,1.7456192487906983,0.5987806963810706,1.7963420891432116,-0.4378883019065193,False,False,False,False,False
North Macedonia,MKD,2005,2.431696214962866,1.2265767412026531,1.6867729540202947,0.8888888888888888,0.4444444444444444,1,1.602342515370496,0.8689049698536264,1.9400482428942127,-0.7559378891009386,False,False,False,False,False
North Macedonia,MKD,2006,3.776851971585194,1.5785149138740426,1.6873355169375388,0.9444444444444445,0.5555555555555556,5,2.008540480479355,1.0905706821665753,1.9383787131663928,-0.8823040534637954,False,False,False,True,True
North Macedonia,MKD,2007,4.273911401318505,2.163291504498426,1.6865464412709115,0.8888888888888888,0.7777777777777778,5,2.291416536084235,1.197666485200645,1.926332788935268,-0.896630750146859,False,False,False,True,True
North Macedonia,MKD,2008,3.6982132107505437,2.0762999262147255,1.6976828363248995,0.9444444444444445,0.6666666666666666,4,2.1388836391024784,1.1982258740524927,1.9280109554908111,-0.7065817159877537,False,False,False,True,True
North Macedonia,MKD,2009,3.476982028589723,2.242532955070798,1.6992636021818643,1.0,0.7777777777777778,4,2.1948668282795882,1.024243269650512,1.906063142284869,-0.7862638299514161,False,False,False,True,True
North Macedonia,MKD,2010,4.615050923884749,4.626380055060298,1.695637970691561,1.0,0.8888888888888888,3,2.942969345482877,0.8620651475511786,1.9195287759868689,-0.45850542815889445,False,False,False,True,True
North Macedonia,MKD,2011,4.658407597802965,2.80000364487085,5.777364586313786,0.7222222222222222,0.5555555555555556,2,3.1582662769086314,1.1791174523790415,1.962655363331957,0.741363660471834,False,False,False,True,True
North Macedonia,MKD,2012,5.323341588642233,6.976059684650198,5.747423336292138,0.7222222222222222,0.5555555555555556,3,4.120476033028025,1.5426483487246143,1.9722019599474814,1.822409752893028,False,False,False,True,True
North Macedonia,MKD,2013,5.085513879567199,5.509144080839955,1.1578906406852245,0.6666666666666666,0.611111111111111,1,2.861620831329587,0.0,-0.7936761455015732,-1.5268742698304874,False,False,False,False,False
North Macedonia,MKD,2014,4.269572287726713,4.587880910562905,-0.10153913958427939,0.5,0.5,0,2.171490639657924,0.0,-0.8413995911023037,-1.8526824521080847,False,False,False,False,False
North Macedonia,MKD,2015,2.5693813550562234,4.443532965656839,1.2300075665201229,0.2777777777777778,0.5,0,1.9596954885577482,0.0,-0.8303352062810412,-1.3290755952262716,False,False,False,False,False
North Macedonia,MKD,2016,0.5354988313510469,2.7095825154090787,2.6009805605818164,0.0,0.6666666666666666,0,1.435879048135055,0.0,-0.822267434870788,-0.1944782081701897,False,False,False,False,False
North Macedonia,MKD,2017,4.447911126943072,5.304019392757242,4.2287095864954125,0.1111111111111111,0.7777777777777778,1,3.1516835767947002,0.5828243459439036,-0.5715007100041223,1.748473037831711,False,False,False,False,False
North Macedonia,MKD,2018,4.384001830583636,7.2203119602863115,4.212892056944392,0.3888888888888889,0.4444444444444444,1,3.4967745028962014,0.0,-0.41722915576962105,-0.5343236518493637,False,False,False,False,False
North Macedonia,MKD,2019,4.46338699046439,2.521360289263111,3.420100026867274,0.6666666666666666,0.5555555555555556,1,2.569858350207844,0.05555555555555555,-0.41149990754729554,-1.0094885571348544,False,False,False,False,False
North Macedonia,MKD,2020,4.415013695900821,1.6242728290217945,3.461947013183327,0.8333333333333334,0.5555555555555556,2,2.4558022631767438,0.3888888888888889,-0.40138174713219044,-1.4985675052813334,False,False,False,False,False
North Macedonia,MKD,2021,4.225754006498976,1.1502691459924286,3.546262466495806,0.9444444444444445,0.6666666666666666,1,2.4289015682418866,0.8333333333333334,-0.39711112550297945,-1.3474441688495495,True,False,True,True,True
North Macedonia,MKD,2022,4.068292166468528,1.1723715705066333,3.7001434620477243,0.8888888888888888,0.7777777777777778,1,2.454828106471244,0.9444444444444445,-0.3982147864156573,-1.3327771865298372,True,False,True,True,True
North Macedonia,MKD,2023,4.12300518206004,0.8172087971825515,3.683012584044861,0.8888888888888888,0.6666666666666666,1,2.346867534879713,0.7777777777777778,-0.4066639080324857,-1.393263206000523,True,False,True,True,True
North Macedonia,MKD,2024,4.5276620800725045,0.38864266678415166,4.436077416132057,0.8888888888888888,0.3333333333333333,1,2.359365321486631,0.7777777777777778,-0.38257434303122145,-1.4130109587642752,False,False,True,True,True
North Macedonia,MKD,2025,4.644544499223197,1.840828569001398,3.5051441970194253,0.8333333333333334,0.05555555555555555,2,2.3536590086043594,0.7777777777777778,-0.37825392216283615,-1.4793937092231122,True,False,True,True,True
Norway,NOR,1991,0.0,,,,,0,0.0,0.0,,,False,False,False,False,False
Norway,NOR,1992,0.0,,,,,0,0.0,0.0,,,False,False,False,False,False
Norway,NOR,1993,0.0,,,,,0,0.0,0.0,,,False,False,False,False,False
Norway,NOR,1994,0.0,,,,,0,0.0,0.0,,,False,False,False,False,False
Norway,NOR,1995,0.0,,,,,0,0.0,0.0,,,False,False,False,False,False
Norway,NOR,1996,1.3148880266163425,0.4759937106792057,-0.4905770421053499,,,0,0.5969605790985161,1.1278301045748798,1.313420334090188,0.9422398750595715,False,False,False,False,False
Norway,NOR,1997,0.8881039154580471,0.6833159004798469,0.31374434724229666,,,0,0.628388054393397,0.8656456269099992,0.8825048086659621,0.8487864451540363,False,False,False,False,False
Norway,NOR,1998,1.0036376702460512,0.7370630526427733,0.6701493118264901,,,0,0.8036166782384382,0.5409635685897178,0.5607608870327985,0.5211662501466372,False,False,False,False,False
Norway,NOR,1999,1.59108946891912,1.2243098917077024,1.0144654436942555,1.0,1.0,0,1.5659729608642157,0.3763766376883493,0.3600299983403859,0.769099914724662,False,False,False,False,False
Norway,NOR,2000,1.4716422081103897,1.0860252390723335,2.1175346704738183,0.7999999999999999,0.9999999999999999,0,1.655040423531308,0.23042092133414285,0.38954980393571237,0.3017129600667162,False,False,False,False,False
Norway,NOR,2001,0.7926466508361005,1.143263269565235,2.425531566148867,0.4666666666666666,0.9999999999999999,0,1.4589549639767072,0.23188526955699532,0.42976363133846746,0.2658921773325185,False,False,False,False,False
Norway,NOR,2002,1.3298591968120093,0.8666832669644338,1.0554466265240898,0.5238095238095238,0.8095238095238096,0,1.18373115139344,0.4256261921793268,0.47589658101521015,0.8009819955227704,False,False,False,False,False
Norway,NOR,2003,0.04312648528731225,1.1205100656599933,0.8525908704933797,0.4999999999999999,0.5714285714285714,0,0.8318169128595656,0.0,-1.4628995886856206,-1.5945207742364051,False,False,False,False,False
Norway,NOR,2004,0.794071119921356,2.2044067998902652,1.8826717286472987,0.611111111111111,0.6666666666666666,0,1.487341040802895,0.0,-1.4926902363678058,-1.6582022722037473,False,False,False,False,False
Norway,NOR,2005,2.5811428373842173,1.0560702617218511,1.5745230164929538,0.7777777777777778,0.6666666666666666,0,1.6201250008975823,0.0,-1.4563362193652967,-1.197156571566762,False,False,False,False,False
Norway,NOR,2006,2.6507597252389434,0.8145328724175698,1.0933214513953657,0.8888888888888888,0.3333333333333333,0,1.4006116986992647,0.0,-1.4600659472054378,-0.9748743104439582,False,False,False,False,False
Norway,NOR,2007,2.507779947084946,0.6139910724954725,1.1957974438174195,0.8333333333333334,0.2222222222222222,0,1.2857359149017897,0.0,-1.4731241952258878,-0.9578138935675126,False,False,False,False,False
Norway,NOR,2008,2.6424272930075996,0.708422896323011,0.8118344141984035,0.7777777777777778,0.4444444444444444,0,1.3214258095946918,0.0,-1.4338731920536998,-1.3112585990558898,False,False,False,False,False
Norway,NOR,2009,2.715509660630822,1.3601779415375805,1.517502315841569,0.7777777777777778,0.5555555555555556,0,1.6519713169353278,0.0,-1.4169199823441512,-0.6828057199406238,False,False,False,False,False
Norway,NOR,2010,3.1268900595842353,1.5525266177525636,3.1991952971025217,0.7777777777777778,0.2777777777777778,0,1.9979446171100865,0.2777777777777778,-1.4163333516736898,-0.9077851258725279,False,False,False,False,False
Norway,NOR,2011,10.0,1.1674427841387531,5.2872548375007264,0.8333333333333334,0.1111111111111111,1,3.668717302105674,0.7222222222222222,-1.3232262202182676,-0.0023677940907585494,True,True,True,True,False
Norway,NOR,2012,10.0,0.637501305235936,10.0,0.8333333333333334,0.2777777777777778,0,4.5719447054916325,1.3167082042588696,-1.1375992593754134,1.4501246127766088,False,False,False,False,False
Norway,NOR,2013,10.0,1.301286917820165,10.0,0.8888888888888888,0.611111111111111,2,4.860257383564033,0.779411392602544,-1.1434782492142048,0.004900844474298633,False,True,True,True,True
Norway,NOR,2014,10.0,0.22154378161073643,10.0,0.8888888888888888,0.6666666666666666,2,4.666530978544369,1.0432176671244413,-1.1783236026736097,0.7963196680399904,False,True,True,True,True
Norway,NOR,2015,10.0,0.13663111591423482,9.99061162941224,0.7777777777777778,0.611111111111111,2,4.581004104620851,1.0577164410253255,-1.169511571392136,1.0064826564093097,False,True,True,True,True
Norway,NOR,2016,10.0,0.17432077323569492,9.313565544198326,0.6666666666666666,0.5,1,4.364243930153471,1.0165742342548467,-1.159506956270009,1.2163893694312071,False,True,True,True,True
Norway,NOR,2017,10.0,0.11170841813629703,9.166377275155126,0.611111111111111,0.4444444444444444,1,4.277839360880507,0.81951998986574,-1.166172174057497,1.1252266362638867,False,False,False,True,True
Norway,NOR,2018,10.0,0.12304815530620258,10.0,0.611111111111111,0.4444444444444444,1,4.446831853283462,0.7159850933283086,-1.1482307049421827,1.147955279984926,False,True,True,True,True
Norway,NOR,2019,10.0,0.4996963581742663,10.0,0.611111111111111,0.5,1,4.544383716079297,0.21198073091564426,-1.148321350218647,0.13594219274693276,False,False,False,True,True
Norway,NOR,2020,10.0,2.8786737912198377,9.488322346028504,0.6666666666666666,0.7222222222222222,1,5.028954783005224,0.0,-1.3254255514728335,-1.9243649603151833,False,False,False,True,True
Norway,NOR,2021,10.0,1.6877337522568996,2.5225541920932986,1.0,0.7777777777777778,2,3.553168699981151,0.0,-1.3917739243280405,-2.322279554199753,False,False,False,True,True
Norway,NOR,2022,10.0,1.6241962910992789,2.826785732926408,1.0,0.8333333333333334,3,3.6235297381384712,0.0,-1.3639158941729121,-2.5935469250985648,False,False,False,True,True
Norway,NOR,2023,10.0,1.6585249451930246,5.88594609133671,1.0,0.8333333333333334,3,4.242227540639281,0.0,-1.3092593075455359,-2.66806007035043,False,False,False,True,True
Norway,NOR,2024,10.0,0.8586032335193584,8.075906533306943,0.8333333333333334,0.6666666666666666,3,4.3869019533652605,0.0,-1.2317482612708637,-3.1819385341173834,False,False,False,True,True
Norway,NOR,2025,10.0,0.31680596722547916,10.0,0.8333333333333334,0.6666666666666666,3,4.663361193445096,0.0,-1.242617290006099,-3.22193187502197,False,False,False,True,True
Pakistan,PAK,1991,,,,,,0,0.0,0.0,,,False,False,False,False,False
Pakistan,PAK,1992,,,,,,0,0.0,0.0,,,False,False,False,False,False
Pakistan,PAK,1993,,,,,,0,0.0,0.0,,,False,False,False,False,False
Pakistan,PAK,1994,,,,,,0,0.0,0.0,,,False,False,False,False,False
Pakistan,PAK,1995,,,,,,0,0.0,0.0,,,False,False,False,False,False
Pakistan,PAK,1996,-0.7198828341672744,0.8276354329191246,1.1020862100830808,,,0,0.6432405476674018,0.0,-1.0256691409301115,-0.18476689248183228,False,False,False,False,False
Pakistan,PAK,1997,-0.7550221244452955,0.9150180790836082,2.2660454680475626,,,0,1.0603545157103902,0.0,-1.010520564587232,-1.0204386398600296,False,False,False,False,False
Pakistan,PAK,1998,-0.8082560920282612,1.2535383771857904,1.4096965968038315,,,0,0.887744991329874,0.0,-1.0110837018862973,-2.481294824190564,False,False,False,False,False
Pakistan,PAK,1999,-0.103091736196937,1.6129019895635759,2.095325627424513,1.0,1.0,1,1.5416455233976178,0.892663792141661,-0.6188934840989426,0.6779913764249828,False,False,False,False,False
Pakistan,PAK,2000,0.2830202849287416,1.5477734159500691,2.0106980754789325,0.9999999999999999,0.7999999999999999,0,1.4882983552715485,1.1589314935128792,-0.5792933312279435,1.0767944805386374,False,False,True,False,False
Pakistan,PAK,2001,0.9952100639972962,1.7916419511508077,1.8937054621647478,0.9999999999999999,0.6,1,1.5761114954625703,0.7333333333333333,-0.5878928605903332,-0.09853986058915021,False,False,True,True,False
Pakistan,PAK,2002,1.2181913544001446,1.2669269850394267,1.6387562097929114,1.0,0.6190476190476191,0,1.472393957465544,1.4769122665021428,1.210357480122819,0.7918078908121806,True,False,True,False,False
Pakistan,PAK,2003,1.3599129169437727,1.0332040678302472,0.9056285748326753,0.9999999999999998,0.6428571428571428,0,1.316891969064196,1.3234682628064451,1.2086568952834598,0.4046050359930191,True,False,True,False,False
Pakistan,PAK,2004,1.560282999052041,1.2684028544513077,0.8864787165252948,1.0,0.611111111111111,0,1.3874773584501732,1.2581450073944158,1.2076206845842372,0.40014767093234377,True,False,True,False,False
Pakistan,PAK,2005,2.1855257016653273,1.889521423742292,0.888789235465063,1.0,0.5555555555555556,2,1.6149894943967584,1.1023594841391393,1.2067180233303443,0.4336937624204068,False,False,False,False,False
Pakistan,PAK,2006,2.164138142656604,1.3495904068433386,0.8854640135343304,1.0,0.5,2,1.4798385126068545,1.129974212296345,1.2070898028201744,0.8494995007355273,False,False,False,False,False
Pakistan,PAK,2007,6.876623341200531,1.1084928976276307,3.022178687578118,1.0,0.5555555555555556,2,2.823681207503478,0.8521268388853196,1.2093613700528434,0.18035247993644832,False,False,False,True,True
Pakistan,PAK,2008,10.0,3.002592342984266,8.885836305554626,1.0,0.6666666666666666,2,5.044352396374444,0.2848599272156078,0.6879131149801568,-0.504729777791705,False,False,False,True,True
Pakistan,PAK,2009,10.0,3.601932520154416,5.298428740342556,1.0,0.7777777777777778,2,4.491183363210506,0.1875188173478329,0.5625564520434987,-1.538312551661141,False,False,False,True,True
Pakistan,PAK,2010,10.0,3.259347514378158,1.4020704360688925,1.0,0.9444444444444445,2,3.7100613678671883,0.17480361821014634,0.524410854630439,-1.9895096887682777,False,False,False,True,True
Pakistan,PAK,2011,10.0,3.3452848618875612,0.904869246908871,1.0,0.9444444444444445,2,3.6278085995370644,0.0,-0.9740007929955196,-1.0527601388729235,False,False,False,True,True
Pakistan,PAK,2012,10.0,3.35561941494746,1.8975724796344782,0.9444444444444445,0.9444444444444445,3,3.8061939344719433,0.0,-0.9773283758260581,-1.028181135837777,False,False,False,True,True
Pakistan,PAK,2013,10.0,3.307156629456488,1.5601214220753523,0.7777777777777778,0.8888888888888888,3,3.6401222769730355,0.0,-0.9771433824542871,-0.42617722667243296,False,False,False,True,True
Pakistan,PAK,2014,10.0,3.15491494655446,2.28472585526961,0.5,0.7222222222222222,3,3.5768170492537026,0.0,-0.9791636453943295,-0.13248408867471734,False,False,False,True,True
Pakistan,PAK,2015,10.0,2.3073632661176027,7.883624310153415,0.3333333333333333,0.5555555555555556,2,4.39375307080976,0.0,-0.9771379543609005,-0.17113890254487643,False,False,False,True,True
Pakistan,PAK,2016,10.0,1.7883137309776473,4.744492158962843,0.3333333333333333,0.7222222222222222,3,3.7287834002103204,0.16453867061446117,-0.9771786224859433,0.4936160118433835,False,True,True,True,True
Pakistan,PAK,2017,10.0,2.947239034014755,-0.1941125130664807,0.2222222222222222,0.8333333333333334,3,3.011670029025173,0.0,-1.0180230255924623,-2.337321469437386,False,False,False,True,True
Pakistan,PAK,2018,10.0,3.4551129063064523,1.541895077811871,0.1111111111111111,0.7777777777777778,2,3.35495715237922,0.0,-1.0166460710266487,-2.8588175317387536,False,False,False,True,True
Pakistan,PAK,2019,10.0,3.4920570687705266,0.9086742905631364,0.0,0.611111111111111,2,3.1245907163111766,0.0,-1.0168748247011907,-3.070866819725489,False,False,False,True,True
Pakistan,PAK,2020,10.0,2.8136993024371413,0.49837034946484765,0.0,0.7222222222222222,2,2.9513028192692867,0.0,-1.0159057482818508,-2.814425500683177,False,False,False,True,True
Pakistan,PAK,2021,10.0,1.709134423320958,0.34869581394048754,0.1111111111111111,0.7222222222222222,1,2.7448993807856223,0.0,-1.0121394238514332,-2.2789706642079794,False,False,False,False,False
Pakistan,PAK,2022,10.0,2.328346945902771,4.481395086265857,0.3888888888888889,0.2777777777777778,2,3.6286150731003928,0.0,-1.0089689548866099,-1.396919748027016,False,False,False,True,True
Pakistan,PAK,2023,10.0,3.572730039447612,4.581920123963384,0.5,0.2777777777777778,2,3.9420411437933103,0.1111111111111111,-1.0089430887014563,-1.1698624695607591,False,False,False,True,True
Pakistan,PAK,2024,10.0,3.5676782741891557,1.2819930259344992,0.7777777777777778,0.3333333333333333,2,3.4143787044691756,0.5,-1.0054224760295238,-1.5822677259225657,True,False,True,True,True
Pakistan,PAK,2025,10.0,3.5467325469031707,0.05694025840731873,0.8333333333333334,0.3333333333333333,2,3.187401227728764,0.9444444444444445,-1.004424851494368,-1.4968085548927936,True,False,True,True,True
Papua New Guinea,PNG,1991,0.0,,,,,0,0.0,0.0,,,False,False,False,False,False
Papua New Guinea,PNG,1992,0.0,,,,,0,0.0,0.0,,,False,False,False,False,False
Papua New Guinea,PNG,1993,0.0,,,,,0,0.0,0.0,,,False,False,False,False,False
Papua New Guinea,PNG,1994,0.0,,,,,0,0.0,0.0,,,False,False,False,False,False
Papua New Guinea,PNG,1995,0.0,,,,,0,0.0,0.0,,,False,False,False,False,False
Papua New Guinea,PNG,1996,1.290440087616492,0.9512951188573902,1.0470273667857486,,,0,1.0962541910865438,0.15846820542751522,-0.3402576592032138,0.31693641085503044,False,False,False,False,False
Papua New Guinea,PNG,1997,1.0453742169258637,1.0071095181855234,0.6697544128547135,,,0,0.9074127159887002,0.21631049384273338,0.43262098768546675,-0.032364762719503566,False,False,False,False,False
Papua New Guinea,PNG,1998,1.44514918803114,0.9698873203968527,0.434079585224528,,,0,0.9497053645508403,0.6237535376628931,0.09177955824183771,1.1557275170839485,False,False,False,False,False
Papua New Guinea,PNG,1999,0.3113913957036787,0.8912933918292295,1.2505950787779008,0.6666666666666669,0.6666666666666669,0,1.0239893065954955,0.36349227082526986,-0.18407236953784833,1.0904768124758095,False,False,False,False,False
Papua New Guinea,PNG,2000,0.551645870252308,0.02649364458295489,2.520020080253448,0.6,0.39999999999999997,0,1.019631919017742,0.0,-0.37016961910606117,-0.8396345406287775,False,False,False,False,False
Papua New Guinea,PNG,2001,1.5656872702931712,0.4425569891253576,1.685075682458192,0.7333333333333333,0.6,0,1.2719973217086775,0.0,-0.7518833961035074,-0.9078416609004967,False,False,False,False,False
Papua New Guinea,PNG,2002,1.251892678372028,0.9382695799018692,2.2441442654997044,0.8095238095238096,0.7142857142857143,0,1.49638511427853,0.16606080225836847,-0.7436095334609603,0.49818240677510545,False,False,False,False,False
Papua New Guinea,PNG,2003,1.023793993321061,1.0723662921746695,1.7330088299059585,0.7857142857142856,0.7857142857142856,0,1.3944052516517662,0.1631993527564111,-0.5080106190287965,0.48959805826923325,False,False,False,False,False
Papua New Guinea,PNG,2004,1.3802451844933983,1.5073552434852595,1.343484674487509,0.8333333333333334,0.8333333333333334,1,1.5128836871599003,0.16357678467929532,-0.4448203825885382,0.49073035403788595,False,False,False,False,False
Papua New Guinea,PNG,2005,2.6403252981960064,1.7605090131707364,1.567804538602131,0.8333333333333334,0.8888888888888888,2,1.8826166588826638,0.939474344367206,2.818423033101618,-2.26181059524823,False,False,False,False,False
Papua New Guinea,PNG,2006,2.6091907660835476,1.187650039756744,3.949351898363182,0.7777777777777778,0.7777777777777778,1,2.171460763062917,1.295817135034592,2.6468766128148062,0.9072414589556361,False,False,False,False,False
Papua New Guinea,PNG,2007,2.544636440703135,0.882953369670844,10.0,0.6666666666666666,0.611111111111111,0,3.196629073185907,1.3333870776553918,2.5357165924045337,0.4644446405616416,False,False,False,False,False
Papua New Guinea,PNG,2008,3.2803969788540632,1.9491457230007325,2.045889207548312,0.8333333333333334,0.6666666666666666,1,2.0550863818806215,1.8069727118232197,3.005419038921877,0.582165763214449,False,False,False,False,False
Papua New Guinea,PNG,2009,3.3819556241675155,1.1475780859137088,5.264559724341473,0.7777777777777778,0.5555555555555556,2,2.492152020217873,2.025467234408221,3.0431729535571126,0.5332287496675513,True,False,True,True,True
Papua New Guinea,PNG,2010,10.0,2.293904760399648,5.034706416950606,0.8333333333333334,0.4444444444444444,3,3.976833346581162,2.1996331300213616,3.303964621306439,0.7949347687576459,False,False,False,True,True
Papua New Guinea,PNG,2011,10.0,2.202993110090293,5.076967824595545,0.8333333333333334,0.4444444444444444,4,3.967103298048279,1.9475378428223742,3.342613528467122,-0.6614026193366948,True,False,True,True,True
Papua New Guinea,PNG,2012,10.0,2.2825803606777733,5.0956668695695,0.611111111111111,0.3888888888888889,3,3.8756494460494553,1.1663545892830918,2.1657304345159423,-0.14713178587262862,False,False,False,True,True
Papua New Guinea,PNG,2013,10.0,2.463360315814069,7.333204481821791,0.6666666666666666,0.611111111111111,3,4.470424070638282,1.7395693535983303,3.8853747274616572,-0.25285906894582955,True,False,True,True,True
Papua New Guinea,PNG,2014,10.0,2.727562936854948,9.725712562069026,0.6666666666666666,0.611111111111111,5,5.001766210895905,2.755998361056968,5.68062500900322,0.7540367408343502,False,False,True,True,True
Papua New Guinea,PNG,2015,10.0,3.8478991529154123,3.079445507026491,0.8333333333333334,0.7777777777777778,6,4.029913376432825,3.0030644939993567,5.705552876597916,1.1369739387334878,True,False,True,True,True
Papua New Guinea,PNG,2016,10.0,3.9597006709245375,3.2901787666079643,0.8888888888888888,0.8333333333333334,4,4.13886477639539,3.7079397816439332,8.790486011598466,-0.6354846104445495,False,False,True,True,True
Papua New Guinea,PNG,2017,10.0,3.740222404054931,6.848536734754228,0.8333333333333334,0.7777777777777778,1,4.7621962722062765,4.044890456176474,9.634671368529423,-0.1597037515080478,True,False,True,True,True
Papua New Guinea,PNG,2018,10.0,3.0416037875411774,10.0,0.7777777777777778,0.5,1,5.119431868619347,4.032812234912204,9.598436704736612,-0.9068361421728534,False,False,False,True,True
Papua New Guinea,PNG,2019,10.0,1.1990530099332954,4.028850442878665,0.9444444444444445,0.3333333333333333,1,3.556691801673504,4.146168315484592,9.771838279787108,-0.9583263392555246,True,False,True,True,True
Papua New Guinea,PNG,2020,10.0,1.281965381277651,6.015896261202466,0.9444444444444445,0.05555555555555555,0,3.859572328496023,4.277777777777778,10.0,-0.9901194610831842,True,False,True,True,True
Papua New Guinea,PNG,2021,10.0,0.843544713841451,3.78313009676627,0.8888888888888888,0.3333333333333333,1,3.4142238510104335,4.277777777777778,10.0,-1.5604810074752202,True,False,True,True,True
Papua New Guinea,PNG,2022,10.0,0.831252145481424,2.606725935698154,0.8888888888888888,0.2777777777777778,1,3.154262282902582,4.277777777777778,10.0,-3.4203642691988048,True,False,True,True,True
Papua New Guinea,PNG,2023,10.0,2.0992875284498904,9.284369289424058,0.8333333333333334,0.0,2,4.610064696908124,3.2533440051406406,8.093365348755256,-2.058067770662272,True,False,True,True,True
Papua New Guinea,PNG,2024,10.0,2.0958804883809603,5.7420074627026985,0.7777777777777778,-0.05555555555555555,2,3.8786887013278433,3.026282348021042,8.578847044063126,-2.531549724451019,False,False,False,True,True
Papua New Guinea,PNG,2025,10.0,2.3799851449885256,10.0,0.7777777777777778,0.2777777777777778,4,4.898219251219928,3.5555555555555554,10.0,-1.594395586761832,False,False,False,True,True
Paraguay,PRY,1991,0.0,,,,,0,0.0,0.0,,,False,False,False,False,False
Paraguay,PRY,1992,0.0,,,,,0,0.0,0.0,,,False,False,False,False,False
Paraguay,PRY,1993,0.0,,,,,0,0.0,0.0,,,False,False,False,False,False
Paraguay,PRY,1994,0.0,,,,,0,0.0,0.0,,,False,False,False,False,False
Paraguay,PRY,1995,0.0,,,,,0,0.0,0.0,,,False,False,False,False,False
Paraguay,PRY,1996,1.662167825586626,1.20017758782038,0.0708813347338978,,,0,0.9777422493803013,0.8254195811589657,1.523850563132853,0.1269885991850785,False,False,False,False,False
Paraguay,PRY,1997,1.3031948006165923,1.1922482098711114,1.982567303007101,,,0,1.4926701044982682,0.5533056475929085,0.9795123287379524,0.1270989664478645,False,False,False,False,False
Paraguay,PRY,1998,1.0558169319692698,1.170982534776783,1.0795007824918117,,,0,1.1021000830792882,0.6132496534622313,0.8943607329374985,0.33213857398696406,False,False,False,False,False
Paraguay,PRY,1999,0.8641298002430634,1.1646698966635312,1.6077168926601049,0.3333333333333334,1.0,0,1.2606366512466731,0.1838442865754202,0.5153610527681104,0.03617180695815022,False,False,False,False,False
Paraguay,PRY,2000,1.6610511937160195,2.7273558233970103,1.8209395061691618,0.6,0.9999999999999999,0,1.8818693046564383,0.20049028627963514,0.6014708588389054,-0.9198047544639851,False,False,False,False,False
Paraguay,PRY,2001,1.0153373472206513,1.8605795336519422,2.2523438199084134,0.6,0.6,0,1.5056521401562015,0.8587742045062033,0.033647893072859474,2.5426747204457505,False,False,False,False,False
Paraguay,PRY,2002,0.0,2.0520831676822686,1.8881540245269883,0.23809523809523814,0.4285714285714286,0,1.054714105108518,0.0,-1.2946790250638447,-0.34706907783048596,False,False,False,False,False
Paraguay,PRY,2003,0.6930296415510337,1.1589442889637434,1.4393396531472828,0.0,0.2857142857142857,0,0.7725484310181262,0.0,-1.3230877313603284,-1.4597816935897217,False,False,False,False,False
Paraguay,PRY,2004,1.5180844647559268,1.4513217732101278,0.2986805070483597,0.1111111111111111,0.16666666666666666,0,0.7647284601139941,0.03163521041923015,-0.9674264858623884,0.09490563125769044,False,False,False,False,False
Paraguay,PRY,2005,2.2778098256063113,1.4212819886092438,-0.12130775232694281,0.3333333333333333,0.3888888888888889,0,1.028707251732,0.0,-0.9630101872016172,-0.5333227723973128,False,False,False,False,False
Paraguay,PRY,2006,2.4724550110626042,1.9693860128388267,0.24149593389721774,0.611111111111111,0.5555555555555556,0,1.4033340582263965,0.0,-0.9614173752822531,-0.37701513424836186,False,False,False,False,False
Paraguay,PRY,2007,2.1383272461130396,3.320382615185321,2.012250829935562,0.7222222222222222,0.5555555555555556,0,2.0053032493578953,0.6462000443105153,-0.9839720084685678,1.9386001329315459,False,False,False,False,False
Paraguay,PRY,2008,2.814508202481126,4.982347665660268,4.340207544054258,0.8888888888888888,0.8888888888888888,0,3.1385237935502417,0.0,-1.085935135828291,-1.2922181270869062,False,False,False,False,False
Paraguay,PRY,2009,4.363167620768631,2.659771944657932,3.3466996815996737,1.0,0.8888888888888888,0,2.829483404960803,0.0,-1.1945473256488783,-0.5511018646097855,False,False,False,False,False
Paraguay,PRY,2010,10.0,1.980391515858302,4.6398886300501125,0.8888888888888888,0.9444444444444445,0,4.057389362515017,0.0,-1.2361040241273442,-0.5584100672644717,False,False,False,False,False
Paraguay,PRY,2011,10.0,4.677429933491061,4.870720052616408,0.8888888888888888,0.8333333333333334,1,4.598518886110383,1.5788649248473614,4.736594774542084,-2.4327525569494273,False,False,False,True,True
Paraguay,PRY,2012,10.0,4.004003306241024,5.354519601420809,0.8333333333333334,0.611111111111111,1,4.449482359310144,1.826489390380079,5.479468171140237,-1.4659296029154338,False,False,False,True,True
Paraguay,PRY,2013,10.0,10.0,4.901505208109617,0.7222222222222222,0.4444444444444444,1,5.44696770828859,1.9185338875238376,5.255601662571513,-0.6494664731038385,False,False,False,True,True
Paraguay,PRY,2014,10.0,6.50713152481343,3.9242512096457824,0.7222222222222222,0.3888888888888889,1,4.5307209913362865,2.1505085723137394,5.451525716941218,-0.7028964421031154,False,False,False,True,True
Paraguay,PRY,2015,10.0,6.398262680199595,3.6897244357075953,0.7222222222222222,0.5555555555555556,1,4.528708534292549,2.2470085949486305,5.407692451512559,-0.7298306437636333,False,False,True,True,True
Paraguay,PRY,2016,10.0,6.423490557434883,3.6080190178210247,0.7777777777777778,0.6666666666666666,2,4.5840796928289596,2.38158854270409,5.478098961445603,-0.842354753477127,False,False,True,True,True
Paraguay,PRY,2017,10.0,6.487050238145928,3.7066513814812567,0.7222222222222222,0.611111111111111,2,4.57207365725877,2.5905463970897133,5.77163919126914,-0.6637366962409595,False,False,False,True,True
Paraguay,PRY,2018,10.0,6.000453878873593,3.813055160745062,0.7222222222222222,0.2777777777777778,2,4.362701807923731,2.5367120921018773,5.610136276305632,-0.8263181567468542,False,False,False,True,True
Paraguay,PRY,2019,10.0,5.373810198523372,2.8234402527972944,0.7222222222222222,0.0,2,3.928338979153022,3.0121251488390484,7.036375446517145,-1.2259192386235618,True,False,True,True,True
Paraguay,PRY,2020,3.690098315161458,8.489601273679666,1.9719030783676605,0.4444444444444444,-0.05555555555555555,1,3.008098311219535,0.4037333944447767,0.20822914997930633,0.336304366688357,False,False,False,False,False
Paraguay,PRY,2021,2.4641749554068944,2.1301020164709197,4.927174482226404,0.16666666666666666,-0.05555555555555555,0,1.9709569574875103,0.26597179002487725,0.20435784953037184,0.4268908538775933,False,False,False,False,False
Paraguay,PRY,2022,2.1470697372144314,5.240700792199402,0.4579025223807235,-0.2222222222222222,0.16666666666666666,0,1.6358012770255779,0.0,-0.7835291517321884,-0.9899917342306374,False,False,False,False,False
Paraguay,PRY,2023,1.7545842664672553,7.272653805015916,3.4432072419711113,-0.3333333333333333,0.16666666666666666,0,2.560755729357523,0.0,-0.15977423171481586,-0.6966364367776047,False,False,False,False,False
Paraguay,PRY,2024,1.9853316166815742,5.9637263363685244,3.159425476755272,-0.1111111111111111,0.16666666666666666,0,2.288363352627741,0.0,-0.11214859728993214,-0.23011952903923796,False,False,False,False,False
Paraguay,PRY,2025,1.7004765367411814,5.993731877031768,3.597028965999502,0.2222222222222222,0.2777777777777778,0,2.45824747595449,0.0,-0.105175310828354,-0.26784511453703785,False,False,False,False,False
Philippines,PHL,1991,,,,,,0,0.0,0.0,,,False,False,False,False,False
Philippines,PHL,1992,,,,,,0,0.0,0.0,,,False,False,False,False,False
Philippines,PHL,1993,,,,,,0,0.0,0.0,,,False,False,False,False,False
Philippines,PHL,1994,,,,,,0,0.0,0.0,,,False,False,False,False,False
Philippines,PHL,1995,,,,,,0,0.0,0.0,,,False,False,False,False,False
Philippines,PHL,1996,-0.0005314488378563288,1.9192533614976381,0.873212591194936,,,0,0.930821984230858,0.0,-1.1225112633876597,-1.7386485036623702,False,False,False,False,False
Philippines,PHL,1997,-0.00028860810789332024,2.0655521484573924,2.237604097559298,,,0,1.434385415338897,0.0,-1.5992684031678484,-1.748833391727162,False,False,False,False,False
Philippines,PHL,1998,0.3603242673957783,2.3002077042410938,1.8432820587558105,,,0,1.5012713434642275,0.3838142707063322,0.10057169240090487,0.6670568490117594,False,False,False,False,False
Philippines,PHL,1999,0.39305753153793815,0.544946831963079,2.100876642502858,1.0,0.6666666666666669,0,1.2744428678674418,1.0972445343729993,0.3507635984520418,0.9409700046669561,False,False,False,False,False
Philippines,PHL,2000,0.451503307384592,0.4029981973415642,1.0283632146213468,0.9999999999999999,0.39999999999999997,0,0.9365729438695005,1.0116201155405964,0.22743132719937734,1.0074290194224123,False,False,False,False,False
Philippines,PHL,2001,0.9554269758293531,1.0610214237137916,1.4707628908635038,0.9999999999999999,0.4666666666666666,0,1.2841089247479964,0.6113020645280477,-0.5691074724523132,0.8339061935841432,False,False,False,False,False
Philippines,PHL,2002,0.7758091324161385,0.6162677293712916,0.6275698768186574,1.0,0.5238095238095238,0,1.0134531572450272,0.3892158232118375,-0.2517597960225791,0.45336175534979817,False,False,False,False,False
Philippines,PHL,2003,0.7607385162275222,0.8615778746167363,0.6659974590822691,0.9999999999999998,0.5714285714285714,0,1.086234198556734,0.37788839344714537,-0.25118494888002757,0.49080803748429325,False,False,False,False,False
Philippines,PHL,2004,1.8012829285123637,0.752387019460629,1.5106539943051922,1.0,0.611111111111111,0,1.4573092329000814,0.7115328244841493,0.9679318067857813,-0.555709719735556,False,False,False,False,False
Philippines,PHL,2005,2.682549019556269,1.4723847686184675,2.753702604810605,0.9444444444444445,0.5555555555555556,0,1.9817272785970679,1.1601555974685525,2.1471334590723243,-0.3503402443942769,False,False,False,False,False
Philippines,PHL,2006,4.518639320588614,2.3225547374875637,1.206226279025086,0.7777777777777778,0.7777777777777778,2,2.231706289642475,1.097758255552946,2.1266080999921715,-0.332039706824956,False,False,False,False,False
Philippines,PHL,2007,3.3393717762425865,1.9387118181484604,2.1141060399921296,0.8888888888888888,0.7777777777777778,2,2.145104593543302,0.4400002129881168,0.3200006389643503,-2.1138498778116968,False,False,False,False,False
Philippines,PHL,2008,3.0146373164755023,3.2381688405101405,1.629372664532551,0.7777777777777778,0.8333333333333334,2,2.220880208748083,0.3333333333333333,-0.08267136580648402,-3.0638064566054566,False,False,False,False,False
Philippines,PHL,2009,1.8818185614399978,3.071896503612677,3.4513050314234475,0.611111111111111,0.6666666666666666,2,2.1921151304063353,0.2777777777777778,-0.08346415343169653,-3.2097153807845826,False,False,False,False,False
Philippines,PHL,2010,3.2226595550336468,4.405377806660351,8.250911858413023,0.5,0.7222222222222222,3,3.664678732910293,0.0,-0.470500328309186,-2.6681043304510537,False,False,False,True,True
Philippines,PHL,2011,5.53526974222756,3.8215516309910225,6.039766172319335,0.5,0.9444444444444445,2,3.6570952868853617,0.0,-0.21165187861589443,-2.2942093484967576,False,False,False,True,True
Philippines,PHL,2012,7.0462822968265675,3.430225704367146,5.952712092449999,0.5,0.7777777777777778,1,3.796955129839854,0.0,-0.2116779875603457,-2.481340067928582,False,False,False,False,False
Philippines,PHL,2013,7.7165175180067305,3.0621437085526098,8.58003546567342,0.5,0.7777777777777778,2,4.3828504495576635,0.0,-1.460147954251546,-1.7229856973191573,False,False,False,True,False
Philippines,PHL,2014,6.420975417029703,3.1228869163757706,8.68464059869413,0.611111111111111,0.7222222222222222,0,4.179033919753254,0.0,-2.434611258528004,-2.6300950104112566,False,False,False,False,False
Philippines,PHL,2015,3.965564957492521,3.5212754427732853,7.829715927340949,0.7222222222222222,0.5,0,3.5522001544102393,0.0,-2.43565428448721,-2.7529884198333434,False,False,False,False,False
Philippines,PHL,2016,10.0,5.243166339595297,10.0,0.7777777777777778,0.611111111111111,4,5.604188823474615,0.0590914290225891,0.1772742870677673,-1.0605183735328758,False,False,False,True,True
Philippines,PHL,2017,10.0,6.29305636184543,10.0,0.6666666666666666,0.7777777777777778,4,5.836389050146864,0.02059620977601104,0.061788629328033126,-1.5520655699024375,False,False,False,True,True
Philippines,PHL,2018,10.0,6.754145281787538,9.26040078643851,0.6666666666666666,0.7777777777777778,3,5.7806869914229875,0.20425252567705224,0.11275757703115676,-1.5383109858479387,False,False,False,True,True
Philippines,PHL,2019,10.0,5.767607010587379,3.5817506244611663,0.7777777777777778,0.6666666666666666,4,4.447649304787487,0.16666666666666666,-0.004387808911132702,-0.8839414310114023,False,False,False,True,True
Philippines,PHL,2020,10.0,5.347901560880074,6.439840235522308,0.9444444444444445,0.611111111111111,4,4.979770581502699,0.1111111111111111,-0.7489486159508773,-1.5544557375139805,False,True,True,True,True
Philippines,PHL,2021,10.0,5.170880502091414,4.731978123835867,1.0,0.5555555555555556,4,4.602793947407678,0.1111111111111111,-0.7188254019198812,-1.2167211670665508,False,True,True,True,True
Philippines,PHL,2022,10.0,5.733317714717111,4.454963825453122,0.8888888888888888,0.7222222222222222,4,4.68210075247849,0.0,-0.6293600171391385,-1.4478888284210938,False,False,False,True,True
Philippines,PHL,2023,10.0,5.825053357490031,3.4094023242802534,0.7777777777777778,0.6666666666666666,5,4.424668914131835,0.0,-0.22973566973415563,-1.4271274626687496,False,False,False,True,True
Philippines,PHL,2024,10.0,9.164577908470998,3.118571400505943,0.5555555555555556,0.6666666666666666,5,4.945518750684276,0.0,-0.12176778189369342,-1.4414239754343219,False,False,False,True,True
Philippines,PHL,2025,10.0,7.247530624927746,6.605245579369428,0.5555555555555556,0.8888888888888888,4,5.348333018637213,0.0,-2.4154330459598787,-2.495012220291885,False,False,False,True,True
Poland,POL,1991,,,,,,0,0.0,0.0,,,False,False,False,False,False
Poland,POL,1992,,,,,,0,0.0,0.0,,,False,False,False,False,False
Poland,POL,1993,,,,,,0,0.0,0.0,,,False,False,False,False,False
Poland,POL,1994,,,,,,0,0.0,0.0,,,False,False,False,False,False
Poland,POL,1995,,,,,,0,0.0,0.0,,,False,False,False,False,False
Poland,POL,1996,1.7833066063350835,2.072480444334067,0.4301545107569853,,,1,1.4286471871420454,0.3778531717898446,0.7557063435796892,-0.577311999475242,False,False,False,False,False
Poland,POL,1997,2.040223683171691,0.9317311676107654,1.7927469139290206,,,0,1.5882339215704924,0.5202296789344765,1.040459357868953,-0.6868735448753701,False,False,False,False,False
Poland,POL,1998,1.1260259306427391,0.9283542193521477,1.2793951658995806,,,0,1.111258438631489,0.28248382026053925,0.5649676405210785,-0.8056742817596926,False,False,False,False,False
Poland,POL,1999,1.1237895737976178,1.0873034102673773,1.0402618893665934,0.0,1.0,0,1.0502709746863177,0.02034315176117626,0.06102945528352879,-0.8930233340992562,False,False,False,False,False
Poland,POL,2000,0.15825584942208556,0.029825436376143075,1.807394794853212,-0.19999999999999998,0.9999999999999999,0,0.799095216130288,0.13944684378149555,0.002561931302868644,0.415778600041618,False,False,False,False,False
Poland,POL,2001,0.09051791128250884,0.3330139276674605,1.5512097917663816,-0.06666666666666665,0.9999999999999999,0,0.7949483261432702,0.13809335639322087,0.09604891135071242,0.31823115782895023,False,False,False,False,False
Poland,POL,2002,0.7253961054559402,0.5046508573478152,1.3809181111306175,0.23809523809523814,1.0,0,1.01743111002497,0.43614982995478996,0.0616538226423774,1.2467956672219924,False,False,False,False,False
Poland,POL,2003,1.8636183806590212,0.7786151513077975,1.7453942632947541,0.42857142857142855,0.9999999999999998,2,1.4489541304808857,0.44589235579589387,0.03541669584003377,1.302260371547648,False,False,False,False,False
Poland,POL,2004,1.0216029546148828,2.745633732190606,1.7979133762776645,0.5,1.0,0,1.7130300126166307,0.4963604448316708,0.20478160808824966,1.2842997264067628,False,False,False,False,False
Poland,POL,2005,1.0465277405814897,2.806735403363823,1.3470725847882452,0.7222222222222222,1.0,2,1.7289560346356005,0.0,-2.822625766477496,-1.6044823628374154,False,False,False,False,False
Poland,POL,2006,-7.347315557751361e-07,4.6270798096169194,0.8179881420267827,0.611111111111111,0.8888888888888888,0,1.6890135903287404,0.0,-3.1661581147068145,-0.49054669415509616,False,False,False,False,False
Poland,POL,2007,-7.160477740089529e-07,4.143500218450979,-0.09201964356275404,0.2777777777777778,0.8333333333333334,0,1.27314448813464,0.0,-3.2120068496494047,-0.04029329653173708,False,False,False,False,False
Poland,POL,2008,-6.807090039244732e-07,2.736114558676889,0.9749504594199843,-0.16666666666666666,0.6666666666666666,0,1.0088796702860412,0.0,-3.2560019199464416,-0.9669852658870376,False,False,False,False,False
Poland,POL,2009,-6.535077683976755e-07,4.446989105160463,1.371010701050791,-0.05555555555555555,0.7222222222222222,0,1.4524888501311397,0.0,-3.3521462884046462,-1.3863929705028757,False,False,False,False,False
Poland,POL,2010,-6.286188490284353e-07,3.4394580328891275,1.4997563013837818,0.16666666666666666,0.5555555555555556,0,1.2767317557434708,0.0,-3.3577752921541775,-2.0025348491001114,False,False,False,False,False
Poland,POL,2011,-6.077179341898775e-07,1.6616624221562952,0.8712359703581888,0.2777777777777778,0.4444444444444444,0,0.7954685673917857,0.0,-3.347710381272317,-1.8322563337061615,False,False,False,False,False
Poland,POL,2012,-6.00901764500815e-07,2.2608766252786743,0.8703828504494102,0.5,0.3333333333333333,0,0.9595852284789503,0.0,-3.3733236636346673,-1.2047323475756717,False,False,False,False,False
Poland,POL,2013,-6.036520187475102e-07,1.9266145456277033,1.5776680831924383,0.9444444444444445,0.3888888888888889,0,1.2341898590973617,0.0,-3.377404779280836,-0.6274683943581508,False,False,False,False,False
Poland,POL,2014,-6.136515889505124e-07,2.4135907623958732,2.0407428824235976,0.9444444444444445,0.7222222222222222,2,1.557533395630561,0.0,-3.3844332827956243,-1.1854185081287496,False,False,False,False,False
Poland,POL,2015,2.6512682739343068,4.593492980003785,5.462571724115372,0.9444444444444445,0.7777777777777778,3,3.230355484499582,0.5480306364980062,-2.4266497431665512,1.6440919094940187,False,False,False,True,True
Poland,POL,2016,10.0,6.9790741563794985,10.0,0.9444444444444445,0.8888888888888888,6,6.129148164609233,0.0,-2.0092900760523094,-0.9137424740518295,False,False,False,True,True
Poland,POL,2017,10.0,5.1556864876253705,3.5406223205356913,0.9444444444444445,0.8333333333333334,5,4.4503728727433245,0.2222222222222222,-2.010153345042109,-0.4731179334488762,False,True,True,True,True
Poland,POL,2018,10.0,5.353316729536689,2.3177149246236155,0.9444444444444445,0.7222222222222222,7,4.200872997498728,0.4444444444444444,-2.0092771433040113,-0.5319173619613452,False,True,True,True,True
Poland,POL,2019,10.0,5.625654030349148,2.486452221799409,0.9444444444444445,0.6666666666666666,6,4.266865694874156,0.4444444444444444,-2.0355048193692493,-0.47558938254669636,False,True,True,True,True
Poland,POL,2020,10.0,5.094897812873626,2.6293168830474323,0.9444444444444445,0.5,6,4.12262071696199,0.4444444444444444,-2.034809510473507,-0.4364124252759452,False,True,True,True,True
Poland,POL,2021,10.0,4.4861769509133085,2.828572619693318,1.0,0.4444444444444444,6,4.040727691899103,0.2777777777777778,-2.0360686589007235,-0.4452381280323241,False,True,True,True,True
Poland,POL,2022,10.0,5.241754859325696,2.90058710370047,1.0,0.5,5,4.228468392605233,0.0,-2.0386937772524063,-0.9838144634897158,False,False,False,True,True
Poland,POL,2023,10.0,6.138661562902007,4.6675603315693985,1.0,0.16666666666666666,6,4.627911045560948,0.0,-1.3669213915179717,-0.2836516859626715,False,False,False,True,True
Poland,POL,2024,10.0,6.147941541540534,1.1863122587859738,1.0,0.5555555555555556,3,4.089072982287524,0.0,-1.7977534029030842,-1.1207948266781116,False,False,False,True,True
Poland,POL,2025,10.0,6.55253085120942,0.29825355222934785,0.8888888888888888,0.5,1,3.925712436243309,0.0,-2.387087499085159,-0.6278865229484699,False,False,False,False,False
Portugal,PRT,1991,0.0,,,,,0,0.0,0.0,,,False,False,False,False,False
Portugal,PRT,1992,0.0,,,,,0,0.0,0.0,,,False,False,False,False,False
Portugal,PRT,1993,0.0,,,,,0,0.0,0.0,,,False,False,False,False,False
Portugal,PRT,1994,0.0,,,,,0,0.0,0.0,,,False,False,False,False,False
Portugal,PRT,1995,0.0,,,,,0,0.0,0.0,,,False,False,False,False,False
Portugal,PRT,1996,0.0,2.0254224381815362,1.4536614731189603,,,0,1.1596946371001655,0.07705676240549404,-2.0174480376638733,0.15411352481098808,False,False,False,False,False
Portugal,PRT,1997,0.0,1.9570794856193352,1.212542116773697,,,0,1.0565405341310108,1.349294631294689,-1.9717435868822275,2.698589262589378,False,False,False,False,False
Portugal,PRT,1998,1.4594977256518267,2.9007316221957,1.1712706018003267,,,0,1.8438333165492844,0.16447595340301355,0.3289519068060271,-0.13093536128912134,False,False,False,False,False
Portugal,PRT,1999,1.4212841187330416,0.7216918326635574,1.8460870440956296,1.0,0.6666666666666669,0,1.4644792657651124,1.167647416463588,0.502942249390764,-0.6846284456268377,False,False,False,False,False
Portugal,PRT,2000,0.7956011805847396,0.6753586047885629,1.3896783265692696,0.7999999999999999,0.7999999999999999,0,1.2121276223885142,0.9674600628879985,0.5023801886639955,-0.8618352697890914,False,False,False,False,False
Portugal,PRT,2001,0.7670351812919032,0.34837417725834235,1.3130611425939782,0.6,0.7333333333333333,0,1.019027433562178,0.743402748035426,0.4302082441062784,-0.6968461271730905,False,False,False,False,False
Portugal,PRT,2002,0.686505247699424,0.29015073616519826,0.9919079193542006,0.5238095238095238,0.6190476190476191,0,0.8508556377866217,0.6900809662859464,0.49881432742926746,-0.5134238200803536,False,False,False,False,False
Portugal,PRT,2003,1.128221570177239,0.77344234424828,1.0873923904467007,0.6428571428571428,0.6428571428571428,0,1.1120969752601582,0.8236745785814934,0.5424523071730519,-0.46066567921739426,False,False,False,False,False
Portugal,PRT,2004,1.3617682563169162,0.9987844186149196,2.2493648501980763,0.7222222222222222,0.7222222222222222,0,1.4997612828037603,1.1445094083014962,0.5825780221157979,0.6842835361220243,False,False,True,False,False
Portugal,PRT,2005,1.9849450467729453,1.3315467799201341,2.1570477740607226,0.7222222222222222,0.7777777777777778,1,1.6947079201507607,0.9225103485091952,0.6008643788609193,-0.18865162034649574,False,False,True,True,True
Portugal,PRT,2006,2.487580833504481,2.154152369326287,1.609698868208652,0.611111111111111,0.6666666666666666,1,1.7613975253189948,0.7980997162530942,0.5609658154259495,-1.9343981711293474,False,False,True,True,True
Portugal,PRT,2007,2.3384059092841207,10.0,0.6992440965945514,0.3333333333333333,0.7222222222222222,1,3.0297522233979564,0.16666666666666666,-1.2723140569651634,-1.9794852366348774,False,False,False,False,False
Portugal,PRT,2008,1.3092778389712358,4.805418595635208,2.65253022253951,0.2777777777777778,0.7222222222222222,0,2.153445331429191,0.0,-1.5242887345685976,-3.306187623156352,False,False,False,False,False
Portugal,PRT,2009,0.7180105458695596,5.0450919884088,9.34277978131973,0.3888888888888889,0.7222222222222222,0,3.4656209075640625,0.0,-1.5237932897025863,-2.836209189450905,False,False,False,False,False
Portugal,PRT,2010,1.3031932324504953,5.457804843469567,2.016405771597091,0.2777777777777778,0.7777777777777778,0,2.1777029917256527,0.0,-1.5485763642871957,-3.03472566474396,False,False,False,False,False
Portugal,PRT,2011,2.8510061674124145,4.92868454314836,8.214045281820475,0.3888888888888889,0.611111111111111,2,3.59874719847625,0.0,-1.5753753467559222,-4.832539129993166,False,False,False,True,True
Portugal,PRT,2012,3.421079898363005,4.104608046875318,5.5502768156464475,0.4444444444444444,0.4444444444444444,2,2.9707485077325098,0.0,-1.5328429013377938,-4.658544864749056,False,False,False,True,True
Portugal,PRT,2013,3.510411870757598,4.301730058885453,1.4504677672476824,0.5,0.16666666666666666,0,2.1191886060448133,0.0,-1.5375064824275673,-4.867423547133168,False,False,False,False,False
Portugal,PRT,2014,3.68579914319564,4.980725199973365,2.8646396356376798,0.5,0.5555555555555556,1,2.728455017983559,0.0,-1.5384930332304305,-3.8186502349312357,False,False,False,False,False
Portugal,PRT,2015,2.3513800962737172,1.9252855614619204,3.3047828987048726,0.5555555555555556,0.7777777777777778,1,2.0496230446214354,0.0,-1.5604995456530404,-4.3864913440065285,False,False,False,False,False
Portugal,PRT,2016,1.2231417131629794,4.595808777740444,4.11461646682688,0.3888888888888889,0.7777777777777778,0,2.453380058212727,0.0,-2.0290368007785067,-5.680190745382472,False,False,False,False,False
Portugal,PRT,2017,3.948915497567549,4.361963065695066,3.1585419132926558,0.7222222222222222,0.8888888888888888,2,2.9383285397554983,0.0,-1.8982402898266988,-0.06912181575854594,False,False,False,True,True
Portugal,PRT,2018,5.097368261657782,3.205983894713104,3.8064892961030887,0.7777777777777778,0.7777777777777778,4,3.0441905127170172,0.0,-1.9162572559778814,-0.697993582120528,False,False,False,True,True
Portugal,PRT,2019,7.075165763964058,3.437193285520616,3.551104528257894,0.7777777777777778,0.611111111111111,4,3.3682482711040693,0.0,-1.9053668523147804,-2.555790154679244,False,False,False,True,True
Portugal,PRT,2020,10.0,3.856968163634947,10.0,0.7777777777777778,0.5555555555555556,4,5.304726966060323,0.4493872703297464,-1.9337405432709565,1.3481618109892393,False,False,False,True,True
Portugal,PRT,2021,10.0,4.751119277840554,4.118863685439395,0.7777777777777778,0.611111111111111,4,4.329552148211546,0.0,-1.870455369699032,-1.3795529152194013,False,False,False,True,True
Portugal,PRT,2022,10.0,2.3835226319217244,7.989377190754288,0.8888888888888888,0.7222222222222222,4,4.719024408979647,0.0,-1.7948501767604084,-1.060398038806108,False,False,False,True,True
Portugal,PRT,2023,10.0,3.174456150357957,5.353745923963402,1.0,0.7222222222222222,1,4.39452930375316,0.2777777777777778,-1.7733479569754809,-2.9964959541507414,False,False,True,True,True
Portugal,PRT,2024,10.0,6.299861588937692,4.742619752255261,1.0,0.7222222222222222,0,4.897385157127479,0.6666666666666666,-1.7784477968722041,-6.094659094756537,True,False,True,True,True
Portugal,PRT,2025,10.0,7.451338799808258,10.0,1.0,0.7222222222222222,4,6.17915664885054,0.6666666666666666,-1.734057661246112,-6.1882356742057825,False,False,True,True,True
Romania,ROU,1991,,,,,,0,0.0,0.0,,,False,False,False,False,False
Romania,ROU,1992,,,,,,0,0.0,0.0,,,False,False,False,False,False
Romania,ROU,1993,,,,,,0,0.0,0.0,,,False,False,False,False,False
Romania,ROU,1994,,,,,,0,0.0,0.0,,,False,False,False,False,False
Romania,ROU,1995,,,,,,0,0.0,0.0,,,False,False,False,False,False
Romania,ROU,1996,1.5367894634132597,1.172985138571213,0.004602356548817412,,,0,0.9047923195110966,0.013214769778547355,0.02642953955709471,-0.7604502996939948,False,False,False,False,False
Romania,ROU,1997,1.2926232378831384,1.0080311536496855,0.2756842324242662,,,0,0.8587795413190299,0.0,-0.068629328713932,-0.802942548631985,False,False,False,False,False
Romania,ROU,1998,1.2011914077384462,1.0329416780629361,0.946854244203509,,,0,1.0603291100016305,0.0,-0.24493702890398658,-0.890331965640319,False,False,False,False,False
Romania,ROU,1999,1.1299607867939285,1.3751557365909997,1.8957304610377235,1.0,1.0,0,1.6801693968845304,0.0,-0.36128231324440957,-0.9711749619334756,False,False,False,False,False
Romania,ROU,2000,1.2097978548095316,1.6243020098917977,1.0836573940814673,0.9999999999999999,0.9999999999999999,0,1.5835514517565594,0.0,-1.1261619730928807,-0.8141424536055538,False,False,False,False,False
Romania,ROU,2001,1.5338308275258448,0.905446435129813,0.4291732557417817,0.9999999999999999,0.9999999999999999,2,1.3736901036794877,0.0,-1.1356554539631185,-0.17111798325878477,False,False,False,False,False
Romania,ROU,2002,0.8612115708123735,0.8617775582875282,1.1016065696958195,0.8095238095238096,0.9047619047619049,0,1.2506334254734301,0.5557106519219139,-1.227576148769895,1.6671319557657418,False,False,False,False,False
Romania,ROU,2003,1.6127585725194007,0.7766223441274077,2.423501329788301,0.4999999999999999,0.7857142857142856,0,1.476862163572736,0.879645908144831,1.2426155529774505,1.3963221714570424,False,False,False,False,False
Romania,ROU,2004,1.5938729069255002,1.3902497360913468,2.365557785419157,0.2222222222222222,0.611111111111111,1,1.4032694190205341,0.891127986647989,1.4028859239966134,1.2704980359473534,False,False,False,False,False
Romania,ROU,2005,2.2904688866948058,1.9126107973540096,1.8778679713596063,0.3333333333333333,0.7222222222222222,0,1.6384117533039066,0.6895064265836796,1.4923112301570638,0.07620804959397455,False,False,False,False,False
Romania,ROU,2006,2.893229318319684,1.0536333514936285,2.4871044161682185,0.5555555555555556,0.611111111111111,0,1.7534600838629728,0.8840296300005465,1.440695500061842,0.044726723273130584,False,False,False,False,False
Romania,ROU,2007,6.247121691351353,1.9071964383890692,2.4899236541673706,0.7777777777777778,0.7222222222222222,2,2.7288483567815587,1.3699800772769093,2.0757906101498773,0.20081628834751747,False,False,False,True,True
Romania,ROU,2008,7.56721554335083,0.7784285771653963,1.4789420343066404,0.9444444444444445,0.7777777777777778,2,2.6538061198534626,1.7859492126376872,2.6601131401950746,0.3644011643846535,True,False,True,True,True
Romania,ROU,2009,8.019276115551953,1.0689885990226986,1.4514794734119487,0.9444444444444445,0.9444444444444445,1,2.863504393152876,1.8829167064861128,2.661858205370422,0.3202252474212498,True,False,True,True,True
Romania,ROU,2010,9.567709712243245,0.943405601338824,1.8443630753093783,1.0,0.8888888888888888,1,3.2266512333338446,2.1651205100669757,2.7185361882540553,0.9434920086135387,True,False,True,True,True
Romania,ROU,2011,6.695325104397786,2.098456955730707,1.8277428398354345,0.8888888888888888,0.8333333333333334,1,2.813193868881674,2.1099856855128953,2.7094773719219853,0.953813017950034,True,False,True,True,True
Romania,ROU,2012,5.624175856712245,2.6791526649260664,4.939895418762369,0.5555555555555556,0.4444444444444444,1,3.048644788080136,0.5089892843949225,0.19363451985143454,-0.42019053026356173,False,False,False,False,False
Romania,ROU,2013,7.606342610593713,0.722064997833014,2.2733736886204,0.4444444444444444,0.4444444444444444,0,2.475911814964981,0.20067260348062377,0.268684477108538,-0.5811037061822513,False,False,False,False,False
Romania,ROU,2014,10.0,1.351082590858266,2.0551520044093854,0.4444444444444444,0.3888888888888889,0,3.014580252386864,0.07356841221237943,0.2207052366371383,-0.809947931638153,False,False,False,False,False
Romania,ROU,2015,10.0,1.4642010803981789,1.6513857091376267,0.3888888888888889,0.611111111111111,0,3.0231173579071613,0.1108687974994551,0.33260639249836527,-0.311763799482882,False,False,False,False,False
Romania,ROU,2016,10.0,3.6368822701192483,2.444273209471739,0.4444444444444444,0.8333333333333334,0,3.7273422070293085,0.04915749075184573,-0.6387180737391509,0.1474724722555372,False,False,False,False,False
Romania,ROU,2017,10.0,-0.5160420411783092,4.875339457752463,0.5,0.611111111111111,2,3.419512335994937,0.8871178016341311,-0.018836006386893114,2.6613534049023935,False,False,False,True,True
Romania,ROU,2018,10.0,6.509008988893348,7.281996672765079,0.6666666666666666,0.5,4,5.224867798998352,1.9732573996817175,5.346347639852571,0.5734245591925825,False,False,False,True,True
Romania,ROU,2019,10.0,5.502668282468216,2.0310484868486953,0.8333333333333334,0.5,4,4.0400766871967155,1.9137775475866097,5.256890400850078,0.1511089085764185,False,False,False,True,True
Romania,ROU,2020,10.0,4.871544722812524,1.650860773781046,0.9444444444444445,0.5,3,3.882258877096491,2.537839579001744,6.280185403671899,-0.08448886202440768,False,False,False,True,True
Romania,ROU,2021,10.0,5.111294002303216,2.4636962350662475,1.0,0.611111111111111,3,4.159442491918337,2.58338988542581,6.25016965627743,-0.00948688386932088,False,False,False,True,True
Romania,ROU,2022,10.0,5.003536808390071,2.34004691829181,1.0,0.7222222222222222,2,4.1576056342252645,2.5478775510957927,5.921905051394558,0.055060935226153115,False,False,False,True,True
Romania,ROU,2023,10.0,5.050742484964511,0.5828046792591459,1.0,0.8333333333333334,2,3.860042766178065,2.8226319869954337,6.303994596899979,0.16390136408632097,False,False,False,True,True
Romania,ROU,2024,10.0,5.1341983962508175,1.3112212883266667,1.0,0.8888888888888888,4,4.0446394924710525,3.130682462040264,6.34055951419749,0.7181545385899692,True,False,True,True,True
Romania,ROU,2025,10.0,5.604711263323368,1.1927882335225333,0.9444444444444445,0.8333333333333334,5,4.070611010480292,3.177565218595186,6.494811076341597,0.7045512461106272,True,False,True,True,True
Russia,RUS,1991,,,,,,0,0.0,0.0,,,False,False,False,False,False
Russia,RUS,1992,,,,,,0,0.0,0.0,,,False,False,False,False,False
Russia,RUS,1993,,,,,,0,0.0,0.0,,,False,False,False,False,False
Russia,RUS,1994,,,,,,0,0.0,0.0,,,False,False,False,False,False
Russia,RUS,1995,,,,,,0,0.0,0.0,,,False,False,False,False,False
Russia,RUS,1996,1.786518856617866,1.0519329993204691,0.20955930534621564,,,0,1.0160037204281835,0.7320964593129722,1.4641929186259444,-1.1704773924131127,False,False,False,False,False
Russia,RUS,1997,1.30426447576379,1.1339528002241703,0.8222583892689824,,,0,1.0868252217523142,0.6240934051270433,1.2481868102540865,-1.0487550688389233,False,False,False,False,False
Russia,RUS,1998,1.0337745224486157,1.1945508130137625,1.3488765862873844,,,0,1.1924006405832541,0.4992213933205316,0.9984427866410632,-0.9831116260490712,False,False,False,False,False
Russia,RUS,1999,0.829546329348047,1.279048676609693,1.9385965329095325,-1.0,1.0,0,1.2094383077734545,0.23739191983454141,0.7121757595036242,-0.9735944950848808,False,False,False,False,False
Russia,RUS,2000,0.7326294193959627,0.6354066018717643,1.4329368000993326,-0.7999999999999999,0.9999999999999999,0,0.9601945642734119,0.02957196155794795,0.08871588467384385,-0.2764538623407957,False,True,True,False,False
Russia,RUS,2001,0.8676080759591064,1.0614790168612152,0.9929122085341969,-0.4666666666666666,0.9999999999999999,0,0.9843998602709038,0.21243899378760098,-0.15817926340488989,0.6373169813628029,False,True,True,False,False
Russia,RUS,2002,1.2157395970878782,1.8432083154911776,1.049781862047248,-0.04761904761904762,1.0,0,1.2217459549252607,0.0,-0.9575817823188507,-0.09480988136316149,False,True,True,False,False
Russia,RUS,2003,1.4697892945370121,1.0678357089647137,1.0692792179946669,0.21428571428571427,0.9285714285714285,0,1.1785237014421357,0.38874731981364324,-1.1289936195341328,1.1662419594409297,False,True,True,False,False
Russia,RUS,2004,1.1677925944310765,1.1220485213581335,2.020111067531987,0.2777777777777778,0.9444444444444445,0,1.3508793255531284,0.46062685800075753,-1.128324746088951,1.3818805740022726,False,True,True,False,False
Russia,RUS,2005,2.28365984706215,1.1508915059937466,1.3742385954328589,0.3333333333333333,0.9444444444444445,1,1.4728691008088624,0.4539209370946448,-1.1386347483517396,1.3617628112839344,False,True,True,False,False
Russia,RUS,2006,3.1657714437446316,1.159967782568359,2.909533751091453,0.611111111111111,0.9444444444444445,1,2.069276817703111,0.46066389952636877,-1.1380346470465266,1.3819916985791063,False,True,True,True,True
Russia,RUS,2007,3.518488394803112,1.1584350559262475,10.0,0.8333333333333334,0.9444444444444445,1,3.6464958012569832,0.45643396795479424,-1.1417325226174142,1.3693019038643828,False,True,True,True,True
Russia,RUS,2008,4.967488520847441,2.5251718159728633,1.867411861532884,1.0,0.7222222222222222,1,2.560903328559527,0.3005123685552626,-1.1657733684359475,0.9015371056657878,False,False,False,False,False
Russia,RUS,2009,5.4210582806813195,2.1351492535452747,1.7514100296026194,1.0,0.3888888888888889,0,2.4170790683213985,0.0,-1.2319200726489783,-1.2313328176869833,False,False,False,False,False
Russia,RUS,2010,4.957664510236942,1.7349524768400157,1.790036319150478,1.0,0.2777777777777778,0,2.207641772356598,0.0,-1.2333578145001254,-1.3161691799905892,False,False,False,False,False
Russia,RUS,2011,3.521348993960036,1.4689445619039299,1.994983853225133,0.8333333333333334,0.611111111111111,0,1.9748332595955973,0.0,-1.2297774743764471,-1.3126366094360316,False,False,False,False,False
Russia,RUS,2012,2.274444013390366,5.645456243202024,4.202743964626025,0.611111111111111,0.5,0,2.868973288688127,0.0,-1.224529447633404,-1.3368520894623868,False,False,False,False,False
Russia,RUS,2013,8.799736989649801,3.6899764218280295,0.9214061396659708,0.611111111111111,0.5555555555555556,0,3.1488905768954267,0.0,-1.2238643953090842,-1.032284951423788,False,False,False,False,False
Russia,RUS,2014,10.0,3.0919711915780765,1.0329635073683303,0.611111111111111,0.611111111111111,0,3.31387582867817,0.0,-1.2331438027013515,-1.1116029340821225,False,False,False,False,False
Russia,RUS,2015,10.0,3.0143039407015793,1.0325331145034293,0.611111111111111,0.611111111111111,0,3.2982562999298906,0.0,-1.2331439497536676,-1.123658703564149,False,False,False,False,False
Russia,RUS,2016,10.0,3.4756238482562622,1.0278266104546134,0.7222222222222222,0.611111111111111,0,3.434023425075509,0.0,-1.2352084673830004,-1.1693781439997868,False,False,False,False,False
Russia,RUS,2017,10.0,1.7313923154948019,0.8035290200062036,0.8333333333333334,0.7777777777777778,0,3.1514287115446455,0.0,-1.2938049575625539,-0.4075814203417871,False,False,False,False,False
Russia,RUS,2018,10.0,2.5996109235491525,2.9542240697511777,0.8888888888888888,0.7777777777777778,0,3.7774336653267326,0.0,-1.2924702022853247,-0.7360893375159254,False,False,False,False,False
Russia,RUS,2019,10.0,1.3715186252690692,7.952515485153224,0.8888888888888888,0.7222222222222222,1,4.509251266528903,0.0,-1.2924841745106703,-0.6018557257258249,False,False,False,True,True
Russia,RUS,2020,10.0,1.7753596504921592,3.9466685809013633,0.9444444444444445,0.7777777777777778,2,3.8332945351675938,0.0,-1.0962785490424212,-0.6542828132814662,False,False,False,True,True
Russia,RUS,2021,4.631746406482883,2.107938995018822,5.198582085187472,0.8888888888888888,0.5555555555555556,1,2.9654312751156136,0.0,-1.0498548088149529,-0.5766888921943394,False,False,False,False,False
Russia,RUS,2022,-0.15229253277694607,1.1248389262496514,8.736607593107125,0.8888888888888888,0.3333333333333333,0,2.461178192760244,0.2777777777777778,-1.0495452420617333,-1.4286205639445217,False,False,False,False,False
Russia,RUS,2023,0.5088415983817755,3.0774561022930302,1.532389882377224,0.8888888888888888,0.3888888888888889,0,1.534848627721517,0.5555555555555556,-1.0494957247696106,-1.0019339857816005,False,False,False,False,False
Russia,RUS,2024,0.36516038545778295,5.565717676689785,1.161964736042299,0.8333333333333334,0.2222222222222222,0,1.8407907818601958,0.611111111111111,-1.0521214802248204,-1.8420888671880127,False,False,True,True,True
Russia,RUS,2025,0.23744469206010163,6.476186212579558,1.169111094115734,0.8333333333333334,0.4444444444444444,1,2.08765951086219,0.611111111111111,-1.051344177544443,-2.2903768446174904,False,False,True,True,True
Rwanda,RWA,1991,0.0,,,,,0,0.0,0.0,,,False,False,False,False,False
Rwanda,RWA,1992,0.0,,,,,0,0.0,0.0,,,False,False,False,False,False
Rwanda,RWA,1993,0.0,,,,,0,0.0,0.0,,,False,False,False,False,False
Rwanda,RWA,1994,0.0,,,,,0,0.0,0.0,,,False,False,False,False,False
Rwanda,RWA,1995,0.0,,,,,0,0.0,0.0,,,False,False,False,False,False
Rwanda,RWA,1996,1.6980313453971363,0.5698845949125187,-0.08310331734011288,,,0,0.7559719801032183,0.4786612677986273,0.9573225355972546,-0.8553498000899354,False,False,False,False,False
Rwanda,RWA,1997,1.196963089118748,0.8048759198527907,0.5213121356729331,,,0,0.8410503815481573,0.12171766940761176,0.24343533881522353,-0.8823601133391893,False,False,False,False,False
Rwanda,RWA,1998,1.0965788944994659,0.897591347015296,1.0063060686904124,,,0,1.0001587700683914,0.0,-0.33528815708195686,-0.8956445586813196,False,False,False,False,False
Rwanda,RWA,1999,1.0409001898102963,0.9274132660285445,1.3563709181872161,0.6666666666666669,1.0,0,1.331603541471878,0.0,-0.770206395875078,-0.9063345231930949,False,False,False,False,False
Rwanda,RWA,2000,0.8279541205322065,0.9230933253981635,1.2360176632305102,0.19999999999999998,0.9999999999999999,0,1.077413021832176,0.0,-0.7773598051297639,-0.46297467556003,False,False,False,False,False
Rwanda,RWA,2001,0.1553624669043015,1.029026116148019,2.195899678769114,-0.2,0.9999999999999999,0,1.0760576523642869,0.0,-0.7961418361047077,-0.3341497851372533,False,False,False,False,False
Rwanda,RWA,2002,0.0,2.546472088675378,2.429602828469674,-0.4285714285714286,0.7142857142857143,0,1.280929269143296,0.21769316816706186,-1.8410503028034033,0.6530795045011856,False,False,False,False,False
Rwanda,RWA,2003,0.934862445986246,0.44683692343027787,1.7563156319200752,-0.42857142857142855,0.7142857142857142,0,0.9133172859816054,0.3997938159432344,0.995579507769316,0.20380194006038713,False,False,False,False,False
Rwanda,RWA,2004,1.0104604797259107,0.8334581320122305,1.7289697604493963,-0.2222222222222222,0.7222222222222222,0,1.0034665633263964,0.9998346164876463,1.1668480243504555,1.8326558251124836,False,False,False,False,False
Rwanda,RWA,2005,1.0120239310746502,1.1849703422421454,1.6402428844934076,0.16666666666666666,0.6666666666666666,0,1.1007807648953738,1.0458235367075859,1.1568610904626582,1.6472761863267658,False,False,False,False,False
Rwanda,RWA,2006,1.0068823411648316,1.480408431309544,1.6469976124467436,0.3888888888888889,0.6666666666666666,0,1.249079899206446,1.3546871025823923,1.223007628359302,1.6743870127212075,False,True,True,False,False
Rwanda,RWA,2007,1.0090830342131996,1.5976230276193732,1.647347650299164,0.5555555555555556,0.6666666666666666,0,1.3396996313152363,1.5928971592525356,1.2258971494441127,1.7194609949801614,False,True,True,False,False
Rwanda,RWA,2008,1.038859355327037,1.5631521365485737,1.6464034210866074,0.611111111111111,0.6666666666666666,0,1.3607940937035548,1.7469951132663566,1.249088764424482,1.6585632420412546,True,False,True,False,False
Rwanda,RWA,2009,1.0885667266348922,1.2259850270119914,1.8018203787927909,0.7222222222222222,0.611111111111111,0,1.3566077598212682,1.9510173340087562,1.3579385304320437,1.8284468049275584,True,False,True,False,False
Rwanda,RWA,2010,1.078608080155368,0.27484422473453174,1.9937104210976684,0.7222222222222222,0.8888888888888888,0,1.313876989641958,1.9327385919834283,1.3290818366954305,1.8024672725881883,True,False,True,False,False
Rwanda,RWA,2011,1.1572772518285737,0.8721128317610377,1.7740046236787104,0.7222222222222222,0.7222222222222222,0,1.3384567192314423,1.9680477505022906,1.401869361707246,1.8356072231329588,True,True,True,False,False
Rwanda,RWA,2012,0.0,1.7502119114934411,1.2131561006890017,0.4444444444444444,0.5,0,0.9704513802142664,0.4444444444444444,-3.853113169883549,-1.0614577443988165,True,False,True,False,False
Rwanda,RWA,2013,0.0,2.1489463209757114,0.8875742475298182,0.1111111111111111,0.4444444444444444,0,0.8295263359233281,0.1111111111111111,-3.8930404332618838,-0.5722781142868929,False,False,False,False,False
Rwanda,RWA,2014,0.0,2.3005063567886483,1.3602214915932096,0.05555555555555555,0.3888888888888889,0,0.9099233474541494,0.0,-3.89454559362888,-0.3939224143474998,False,False,False,False,False
Rwanda,RWA,2015,0.0,2.3481956852552237,1.9341721030604002,0.2222222222222222,0.5,0,1.1453624465520138,0.0,-3.4619693274449044,-1.2419728180668308,False,False,False,False,False
Rwanda,RWA,2016,0.03900220514586489,1.3725790506296032,1.5862575222911397,0.5,0.4444444444444444,0,0.9773455333910993,0.0,-3.41009432729976,-1.7236594549928292,False,False,False,False,False
Rwanda,RWA,2017,0.02170302993521948,0.9436387627283933,1.4694473990032964,0.6666666666666666,0.5555555555555556,0,0.9758467272222706,0.0,-3.4133835796212937,-1.948244745016184,False,False,False,False,False
Rwanda,RWA,2018,0.09510837936614049,0.9715358532539703,1.413147026163249,0.8333333333333334,0.7777777777777778,0,1.1404026962011165,0.0,-3.396795755580279,-1.9497937328117385,False,False,False,False,False
Rwanda,RWA,2019,0.09818744836660359,0.907167240671225,1.627219967264693,0.9444444444444445,0.8333333333333334,0,1.2376260423716157,0.3333333333333333,-3.3962772993804604,-1.9180873232597269,True,False,True,False,False
Rwanda,RWA,2020,0.308002085775459,0.9234595795591226,1.6401632811761844,0.9444444444444445,0.9444444444444445,0,1.329880544857709,0.6666666666666666,-3.400308887995402,-1.824626180807466,False,False,False,False,False
Rwanda,RWA,2021,0.15218920752116388,1.3083658618410605,1.6123161243949617,0.8333333333333334,0.8333333333333334,0,1.281240905418104,0.7777777777777778,-3.379020270094131,-1.1601292366169287,True,False,True,False,False
Rwanda,RWA,2022,0.26553249334110884,1.5642375216759008,1.508557648485438,0.8333333333333334,0.8333333333333334,0,1.3343321993671562,0.8333333333333334,-3.3519559620231076,-1.6363747633115053,True,False,True,False,False
Rwanda,RWA,2023,0.29291737277839747,1.8301176969595367,1.551374160606068,0.8333333333333334,0.8888888888888888,0,1.4237707349576894,0.8333333333333334,-3.339656748579004,-1.6402502665034688,True,False,True,False,False
Rwanda,RWA,2024,0.0,2.1593453662631044,0.060146041030356735,0.7222222222222222,0.7777777777777778,0,1.0438982814586921,0.3888888888888889,-3.7946298690039457,-0.625935877969348,True,False,True,False,False
Rwanda,RWA,2025,0.0,2.1998342417945236,-0.3895808142991609,0.8888888888888888,0.7777777777777778,0,1.1066335150255715,0.1111111111111111,-3.7929248139382974,-0.6052103413586986,False,True,True,False,False
Senegal,SEN,1991,,,,,,0,0.0,0.0,,,False,False,False,False,False
Senegal,SEN,1992,,,,,,0,0.0,0.0,,,False,False,False,False,False
Senegal,SEN,1993,,,,,,0,0.0,0.0,,,False,False,False,False,False
Senegal,SEN,1994,,,,,,0,0.0,0.0,,,False,False,False,False,False
Senegal,SEN,1995,,,,,,0,0.0,0.0,,,False,False,False,False,False
Senegal,SEN,1996,1.4676109114106701,0.8386468674379541,-0.4801897423314985,,,0,0.7687525929495415,0.8481947066275636,-0.9138884832807177,1.6963894132551272,False,False,False,False,False
Senegal,SEN,1997,1.273244408958748,0.9486221578565674,0.11162026352352997,,,0,0.7778289434462818,0.5254560070319025,-0.9878321461924844,1.050912014063805,False,False,False,False,False
Senegal,SEN,1998,1.1273157233285187,1.0132011311505527,0.6155358626554094,,,0,0.9186842390448269,0.0,-1.0410199129891768,-0.22978186714547116,False,False,False,False,False
Senegal,SEN,1999,0.9785780764442086,1.1400308629062996,1.2533295277395706,1.0,1.0,0,1.4743876934180158,0.0,-1.0799678540995736,-0.4985795170573189,False,False,False,False,False
Senegal,SEN,2000,1.5283783060095468,1.742425565272765,2.844293028080179,0.7999999999999999,0.9999999999999999,1,1.9430193798724982,0.31508966009994843,-0.9396354919027041,0.9452689802998453,False,False,False,False,False
Senegal,SEN,2001,1.6642460185077517,1.924677820069084,2.8392243428947377,0.8666666666666666,0.9999999999999999,1,2.0322963029609813,0.2896159801191344,0.6688479403574034,-0.3247845178151381,False,False,False,False,False
Senegal,SEN,2002,1.2851120234379445,0.9302690566826699,0.8027888854139958,0.9047619047619049,0.9047619047619049,0,1.3274435169164458,0.6913065081931672,1.0739195245795017,-1.753362204190648,False,False,False,False,False
Senegal,SEN,2003,1.118887451453629,1.0104870710927227,0.960724555894705,0.9285714285714285,0.8571428571428571,0,1.3323055299739255,0.7843107549737951,1.0672179792070997,-1.254950576197478,False,False,False,False,False
Senegal,SEN,2004,1.1731580027443946,1.6014384906148833,1.2846017897798025,0.9444444444444445,0.8333333333333334,0,1.5229507677389273,0.9815488740633977,1.0828591977760957,0.19512075774743093,False,False,False,False,False
Senegal,SEN,2005,1.1202638590920804,2.071549012958276,1.3256546055508764,0.8888888888888888,0.8333333333333334,0,1.5923823844091354,1.0810889211947987,1.0694992465445552,0.1737675170398405,True,False,True,True,True
Senegal,SEN,2006,1.0590398236255367,3.0592178577188602,1.3007299912872663,0.6666666666666666,0.8333333333333334,0,1.6837975345263323,1.2266820193849766,1.0867781443708888,0.2599345804507075,True,False,True,True,True
Senegal,SEN,2007,1.3290264785954686,4.399341665489311,1.052832198480777,0.611111111111111,0.7777777777777778,0,1.911795624068667,1.2078659026042884,1.1235977078128654,-0.6793548200318343,True,False,True,True,True
Senegal,SEN,2008,1.516015119130701,3.4528861039557084,2.1644137875960325,0.611111111111111,0.611111111111111,0,1.9155518910253773,1.2079974027092253,1.1239922081276759,-0.5835978382958317,False,False,False,False,False
Senegal,SEN,2009,1.3402941625526708,1.535420389308093,1.4169280613356197,0.5555555555555556,0.3333333333333333,0,1.214084078194832,1.5515920598673782,1.1097212548823858,1.3783882580530826,True,False,True,False,False
Senegal,SEN,2010,-0.2302846912965916,0.861534672492513,0.27480274967479806,0.3333333333333333,0.6666666666666666,0,0.6272674844334623,1.0527290373118947,-1.0320129680208157,2.3248537786023507,False,False,False,False,False
Senegal,SEN,2011,-0.8632575495633209,0.7286397442922014,1.6372306477028926,0.3888888888888889,0.8333333333333334,0,0.9620629672879076,1.55072047075108,-1.1624969199220743,4.65216141225324,False,False,False,False,False
Senegal,SEN,2012,-0.6356879822186303,0.6977951417929403,0.33196366757852935,0.7777777777777778,0.7222222222222222,0,0.805951761874294,1.5461702894303837,-1.1046213334781347,4.638510868291151,False,False,False,False,False
Senegal,SEN,2013,1.8671689191074723,0.5606547932355036,3.440465416369712,0.7222222222222222,0.5,0,1.6625467146314263,1.5165214921696741,-0.6173019641052814,4.549564476509023,False,False,False,False,False
Senegal,SEN,2014,1.8551120424799055,0.6501792903341914,0.5960254627575378,0.6666666666666666,0.3333333333333333,0,1.020263359114327,1.6834875980932955,-0.6322004113986647,5.050462794279887,False,False,False,False,False
Senegal,SEN,2015,2.3359450808672664,0.6194032397272979,0.024843660212956146,0.611111111111111,0.2222222222222222,0,0.9293717294948374,1.714266999320146,-0.6108357270702585,5.142800997960438,False,True,True,False,False
Senegal,SEN,2016,2.4848125485786197,1.4512064178272592,1.282809175859469,0.611111111111111,0.6666666666666666,0,1.5548767395641807,0.18310790739925142,-0.018101417666995488,0.5493237221977543,False,False,False,False,False
Senegal,SEN,2017,2.287076903993015,0.45126999715746646,1.1682410726404215,0.7222222222222222,0.6666666666666666,0,1.336873150313736,0.3888888888888889,-0.0017016347045915147,-1.414704157727432,False,False,False,False,False
Senegal,SEN,2018,2.2029727140764086,2.0607084633901223,0.8825980134835743,0.7777777777777778,0.2777777777777778,1,1.451478060412243,0.7777777777777778,-0.0031576421975348275,-1.426667310356412,False,False,True,False,False
Senegal,SEN,2019,1.7651387706981698,1.4548523771892068,0.47564202297260993,0.7777777777777778,0.4444444444444444,0,1.2280155230608862,1.0321834015474145,0.4298835379755769,-1.2762871888808216,True,False,True,False,False
Senegal,SEN,2020,1.747469362944101,1.6977898893386396,1.142150851398352,0.7777777777777778,0.6666666666666666,1,1.4952597985139962,1.0484723253001909,0.4787503092339065,-1.1609731584233254,True,False,True,False,False
Senegal,SEN,2021,2.043315584662114,1.8252753060229108,1.2915637018124433,0.7777777777777778,0.7222222222222222,1,1.6320309184994937,1.0643397902694691,0.5263527041417412,-1.2087173886335776,True,False,True,True,False
Senegal,SEN,2022,1.2822122961462377,1.8609065591812368,0.48174874594152667,0.8888888888888888,0.7777777777777778,1,1.3916401869204669,1.6208371529335845,0.9102033803956884,1.1189747450717316,True,False,True,False,False
Senegal,SEN,2023,1.2568822782070637,0.7145804785366481,3.330417772448798,0.8888888888888888,0.5,0,1.6159316613940575,1.7076448799393245,0.8902838761391765,1.5659840970121308,True,False,True,True,False
Senegal,SEN,2024,1.2247004914086326,1.0175549837815665,1.2306667684532826,0.7777777777777778,0.2777777777777778,0,1.1168066709509186,1.066885794193628,0.8673240492475504,-1.0846388377197524,False,False,True,False,False
Senegal,SEN,2025,0.7255991227281453,3.300310843213471,0.5489504169475576,0.7777777777777778,0.611111111111111,0,1.4705276321333904,0.3333333333333333,-0.16364246913796743,-1.9045702833607523,False,False,True,False,False
Serbia,SRB,1991,,,,,,0,0.0,0.0,,,False,False,False,False,False
Serbia,SRB,1992,,,,,,0,0.0,0.0,,,False,False,False,False,False
Serbia,SRB,1993,,,,,,0,0.0,0.0,,,False,False,False,False,False
Serbia,SRB,1994,,,,,,0,0.0,0.0,,,False,False,False,False,False
Serbia,SRB,1995,,,,,,0,0.0,0.0,,,False,False,False,False,False
Serbia,SRB,1996,1.8183619702451743,1.0654059002643737,0.1524842429741675,,,0,1.012084037827905,1.0355883232997967,1.846713825594605,0.2244628210049885,False,False,False,False,False
Serbia,SRB,1997,1.3065775432336433,1.2027608492063366,0.6429156310127535,,,0,1.050751341150911,0.6453984958030604,1.2907969916061208,-0.038911892500055625,False,False,False,False,False
Serbia,SRB,1998,0.9463743156638867,1.1079216595632329,1.1913166566430944,,,0,1.0818708772900714,0.43614780731577013,0.8722956146315403,-0.3357767976872457,False,False,False,False,False
Serbia,SRB,1999,0.6831960294304059,1.1229276485415784,2.3111457135834863,0.6666666666666669,1.0,0,1.490120544977761,0.18663101067051377,0.5598930320115413,-0.3824121818382093,False,False,False,False,False
Serbia,SRB,2000,0.9776091989000227,2.0741797203524306,2.7972996406063206,0.7999999999999999,0.9999999999999999,0,1.8898177119717547,0.0,-0.20906720646666285,-1.0545694350007775,False,False,False,False,False
Serbia,SRB,2001,1.5386741111991264,1.7263222305451915,1.8886364547650356,0.8666666666666666,0.9999999999999999,1,1.7773932259685374,0.0,-0.8923978485080455,-2.2137184053883883,False,False,False,False,False
Serbia,SRB,2002,1.1603568776509412,1.013629973553719,1.8748901898248551,0.8095238095238096,1.0,0,1.533584932015427,0.3834815431233358,-0.8724734198875073,1.1504446293700075,False,False,False,False,False
Serbia,SRB,2003,1.3617110059589206,1.040043757506904,1.1321965646245655,0.7857142857142856,0.9999999999999998,0,1.421075979903792,0.30994731043330237,-0.8961074136575348,0.9298419312999071,False,False,False,False,False
Serbia,SRB,2004,1.3796107426120827,1.0482105163249475,0.5550312918260918,0.8333333333333334,1.0,0,1.3299038434859578,0.3078848097583924,-0.8357057732128738,0.9236544292751772,False,False,False,False,False
Serbia,SRB,2005,1.35035719721959,1.0127147945381285,2.231679177375248,0.8333333333333334,0.8888888888888888,0,1.607839122715482,0.26566163382153174,-0.8639478021111845,0.7969849014645952,False,False,False,False,False
Serbia,SRB,2006,1.507817943579871,0.9381672347187627,2.522927212951704,0.9444444444444445,0.6666666666666666,0,1.6382269226945123,0.0,-0.6356260799417709,-0.663896098366554,False,False,False,False,False
Serbia,SRB,2007,1.6623397475393817,1.3943517239507848,3.911143342169087,1.0,0.6666666666666666,0,2.0602336293985175,0.0,-0.6760274246843471,-1.2481173760626156,False,False,False,False,False
Serbia,SRB,2008,1.7567152744564183,1.7006155427905256,5.972124761380494,1.0,0.6666666666666666,2,2.552557782392154,0.2777777777777778,-0.6378680956796365,-0.9463991400871709,False,False,False,True,False
Serbia,SRB,2009,0.9508362713962578,2.9132220957024204,9.444566660057577,0.5555555555555556,0.4444444444444444,0,3.061725005431251,1.5378859864320893,-0.7310366553507844,2.9469912926296016,False,False,False,False,False
Serbia,SRB,2010,-0.32173730287145624,1.3556469036817536,4.6849161642312245,0.3888888888888889,0.5555555555555556,0,1.5858903913603732,0.16666666666666666,-1.2009256770314687,-4.347838324908374,False,False,False,False,False
Serbia,SRB,2011,-0.30721325515455267,0.8702135205348854,2.61569361085984,0.16666666666666666,0.3888888888888889,0,0.9194036485011674,0.0,-1.1990181811190646,-3.711589612801831,False,False,False,False,False
Serbia,SRB,2012,-0.503578221548846,0.7614484946714382,2.907973548307027,-0.16666666666666666,0.3333333333333333,0,0.8672177419290265,0.0,-1.2359496540066905,-3.4844952300446557,False,False,False,False,False
Serbia,SRB,2013,-0.3707234340760757,3.1226951040803956,6.511329851438677,-0.2777777777777778,0.2222222222222222,0,2.0156938799927033,0.0,-1.2335464913456806,-4.366443378671237,False,False,False,False,False
Serbia,SRB,2014,2.1580563905888144,2.67194390092118,5.83582290488601,-0.05555555555555555,0.2777777777777778,0,2.244275750390312,0.0,-1.2529023674963782,-3.719895181786361,False,False,False,False,False
Serbia,SRB,2015,3.978734479902616,2.9851199496232326,0.7346666026124191,0.2222222222222222,0.5555555555555556,0,1.8508153175387647,0.0,-1.5548811185079685,-4.033307996408867,False,False,False,False,False
Serbia,SRB,2016,4.781573596808727,3.523675277500805,0.22008741458652906,0.6666666666666666,0.8888888888888888,1,2.327289480001435,0.0,-1.5655523482440628,-2.321621772172159,False,False,False,False,False
Serbia,SRB,2017,4.615360527633331,5.672583585667774,1.8278516798463902,0.9444444444444445,0.8888888888888888,1,3.1564924919628323,0.0,-1.568627287181729,-3.100517060923859,False,False,False,False,False
Serbia,SRB,2018,4.07233345848743,5.047572371003143,1.447525818910315,1.0,0.8888888888888888,2,2.8690418852357333,0.0,-1.5806333441323868,-2.9065339390857257,False,False,False,True,False
Serbia,SRB,2019,3.093442390933943,5.234141805213599,1.5945218028710149,1.0,0.9444444444444445,0,2.7621989775814892,0.0,-1.5764006692205177,-2.7573431624126603,False,False,False,False,False
Serbia,SRB,2020,2.0703863491588907,6.645947523626581,3.041373881065069,1.0,0.8888888888888888,0,3.1070971063256634,0.0,-1.5848722299253772,-3.54973154880098,False,False,False,False,False
Serbia,SRB,2021,0.5986674950361425,4.836008290246323,2.9863592486006985,1.0,0.8333333333333334,0,2.417540340109966,0.0,-1.5939510647258892,-2.701513088750991,False,False,False,False,False
Serbia,SRB,2022,0.5995959757256414,2.67554523657591,1.4364193229139914,1.0,0.611111111111111,0,1.5867565514875532,0.0,-1.5457774249960887,-0.6412044953083327,False,False,False,False,False
Serbia,SRB,2023,0.17471052743924687,1.725886051210564,1.2418126814740358,1.0,0.2777777777777778,0,1.1395929631358803,0.0,-1.532319759558805,-0.141645545303085,False,True,True,False,False
Serbia,SRB,2024,-0.395095454100546,3.209107588067454,3.571478187523135,0.8888888888888888,0.2777777777777778,0,1.8227838217847843,0.2222222222222222,-1.5316672596671534,-0.6345909082357418,False,False,False,False,False
Serbia,SRB,2025,-0.8832983938853377,3.7957211328370533,0.646687369854517,0.6666666666666666,0.4444444444444444,0,1.3329261449827583,0.3888888888888889,-1.5334946507224028,-0.03570212335704676,False,True,True,False,False
Seychelles,SYC,1991,,,,,,0,0.0,0.0,,,False,False,False,False,False
Seychelles,SYC,1992,,,,,,0,0.0,0.0,,,False,False,False,False,False
Seychelles,SYC,1993,,,,,,0,0.0,0.0,,,False,False,False,False,False
Seychelles,SYC,1994,,,,,,0,0.0,0.0,,,False,False,False,False,False
Seychelles,SYC,1995,,,,,,0,0.0,0.0,,,False,False,False,False,False
Seychelles,SYC,1996,1.5728957764689564,1.019767867783761,-0.6272958435796484,,,0,0.8642212147509057,1.4090337742310357,1.588592853551336,1.2294746949107351,False,False,False,False,False
Seychelles,SYC,1997,1.3851549247031512,1.0799529783067878,-0.19694709763250287,,,0,0.8217026343366464,1.1130967318246796,1.1250774814831526,1.1011159821662069,False,False,False,False,False
Seychelles,SYC,1998,1.080289732501787,1.019854202726875,1.0027271011342476,,,0,1.034290345454303,0.8179407566372364,0.7647699242777204,0.8711115889967525,False,False,False,False,False
Seychelles,SYC,1999,0.840882745835817,1.0499006384728737,1.2642316915732337,0.6666666666666669,1.0,0,1.2976696818430518,0.48962457130774933,0.5803378807389769,0.888535833184271,False,False,False,False,False
Seychelles,SYC,2000,0.7898956266739624,1.859263636540544,2.17480548183955,0.6,0.9999999999999999,0,1.604792949010811,0.47142774564035056,0.585223458488829,0.8290597784322227,False,False,False,False,False
Seychelles,SYC,2001,0.457796789326132,0.7148064494695165,2.6368836419739954,0.06666666666666665,0.8666666666666666,0,1.1352307094872622,0.0,-0.45649156180954736,-0.8229248899442098,False,False,False,False,False
Seychelles,SYC,2002,-0.17591928511408547,1.0712638016740959,1.8393341392424467,-0.23809523809523814,0.33333333333333337,0,0.7154529215166419,0.0,-0.5314901227131198,-1.008605832071162,False,False,False,False,False
Seychelles,SYC,2003,-0.3623279663488578,0.3609066950491271,1.8500323469386113,0.07142857142857142,0.21428571428571427,0,0.5564735226832619,0.0,-1.2221069813167311,-0.8274017186396773,False,False,False,False,False
Seychelles,SYC,2004,1.55584456319868,1.4365756132429808,2.3886397384975497,0.2777777777777778,0.3888888888888889,1,1.3428786496545086,0.0,-1.2216450017022895,-0.8993651851884797,False,False,False,False,False
Seychelles,SYC,2005,2.6975613106949985,0.7798722298226983,0.01638769958182669,0.5,0.3888888888888889,0,1.0543198035754602,0.0,-1.212267930998325,-1.3610002518466542,False,False,False,False,False
Seychelles,SYC,2006,3.8713569654361435,0.835317919020431,-0.6030405436226276,0.611111111111111,0.4444444444444444,0,1.3635571991135371,0.0,-1.2076264894730184,-1.3294499782629372,False,False,False,False,False
Seychelles,SYC,2007,5.2161313154763524,1.3952371883012635,-0.23453568062426325,0.7222222222222222,0.5,0,1.8111625896444121,0.0,-1.2347868226910672,-1.0656221175074088,False,False,False,False,False
Seychelles,SYC,2008,6.6534664159213515,1.923315951127439,2.631005321589578,0.8333333333333334,0.3888888888888889,1,2.7304464266165627,0.0,-1.2720578507541955,-1.312365682490028,False,False,False,False,False
Seychelles,SYC,2009,6.206583241866736,1.3091771647518509,1.2542240556203732,0.8888888888888888,0.611111111111111,2,2.3539968924477916,0.0,-1.2728358200256802,-1.4641708503729172,False,False,False,False,False
Seychelles,SYC,2010,4.992864605991846,5.562714332064623,3.71892478777064,0.9444444444444445,0.6666666666666666,0,3.4993451896098664,0.0,-1.3181521160471334,-1.9046681928244138,False,False,False,False,False
Seychelles,SYC,2011,2.5261014932286265,2.729329596977317,2.2148238368684283,0.6666666666666666,0.8333333333333334,0,2.0940509854148743,0.0,-1.3072184541406844,-0.810637291153929,False,False,False,False,False
Seychelles,SYC,2012,1.1432442954103912,0.1947104669672775,1.9090455383797442,0.2222222222222222,0.5,0,0.9382889490403714,0.0,-1.3552324323091873,-2.229093705152823,False,False,False,False,False
Seychelles,SYC,2013,3.1523146229656107,1.1765331662182594,0.29730563696505946,0.0,0.2222222222222222,0,1.0141195741186748,0.0,-1.3598351135904474,-1.715211795670805,False,False,False,False,False
Seychelles,SYC,2014,4.336344702314777,1.1504959180386998,0.4876571340021235,0.05555555555555555,0.3333333333333333,0,1.3504551064266757,0.0,-1.3637546753913112,-0.6780954156371987,False,False,False,False,False
Seychelles,SYC,2015,10.0,1.086692043285251,3.050947906954507,0.2222222222222222,0.5555555555555556,2,3.1386391011590624,0.0,-1.3621515110367104,-0.024059642642542376,False,False,False,True,True
Seychelles,SYC,2016,10.0,1.8998166284035143,6.175015513998714,0.4444444444444444,0.611111111111111,2,4.037188650702668,0.9327233901813826,-1.1566219390349746,2.798170170544148,False,False,False,True,True
Seychelles,SYC,2017,10.0,1.9584570568192803,1.9231893933213142,0.611111111111111,0.7222222222222222,0,3.309662623361452,0.06648467843257927,-1.1586278386526565,0.1994540352977378,False,False,False,False,False
Seychelles,SYC,2018,10.0,1.4673915870845244,1.823486855211781,0.7777777777777778,0.8888888888888888,1,3.324842355125928,0.21733433223847323,-1.1656450403945355,0.3186696633820864,False,True,True,True,True
Seychelles,SYC,2019,10.0,1.5025411828488873,1.8235301971858018,0.9444444444444445,1.0,2,3.442992053784715,0.39950774344154816,-1.1559261533397325,0.19852323032464458,False,False,False,True,True
Seychelles,SYC,2020,10.0,1.5104035187743852,1.1872198921699963,1.0,0.8333333333333334,3,3.2728580155222096,0.3333333333333333,-1.1822620867823215,-1.6388226621723598,False,False,False,True,True
Seychelles,SYC,2021,10.0,1.4169970544281056,0.34771634388577116,1.0,0.5555555555555556,1,2.9751649018849973,0.5,-1.0855856846440213,-1.7240092039470272,False,False,False,False,False
Seychelles,SYC,2022,10.0,1.3650035190631675,3.0158660628753013,1.0,0.3888888888888889,1,3.4317294719432496,0.611111111111111,-1.0060183238471732,-2.2759622518440543,False,False,True,True,True
Seychelles,SYC,2023,10.0,0.5244482148800511,2.6660858474304483,1.0,0.2777777777777778,0,3.149217923573211,0.611111111111111,-0.9963176008082698,-2.2260394117722666,False,False,True,True,True
Seychelles,SYC,2024,10.0,2.1001154389110197,2.4305322282058848,1.0,0.611111111111111,1,3.5505739778678254,0.5555555555555556,-1.0043949458050243,-2.103636594113394,False,False,True,True,True
Seychelles,SYC,2025,10.0,1.6275617663869344,2.201385508027199,0.8888888888888888,0.7222222222222222,2,3.410233899327271,0.7222222222222222,-0.8675868335247378,-2.2990542454306926,False,False,False,True,True
Sierra Leone,SLE,1991,,,,,,0,0.0,0.0,,,False,False,False,False,False
Sierra Leone,SLE,1992,,,,,,0,0.0,0.0,,,False,False,False,False,False
Sierra Leone,SLE,1993,,,,,,0,0.0,0.0,,,False,False,False,False,False
Sierra Leone,SLE,1994,,,,,,0,0.0,0.0,,,False,False,False,False,False
Sierra Leone,SLE,1995,,,,,,0,0.0,0.0,,,False,False,False,False,False
Sierra Leone,SLE,1996,1.6411541881434204,2.192281111955298,0.23159849535187874,,,1,1.3550112651501989,0.7510011878294509,1.5020023756589018,-0.4757743597694998,False,False,False,False,False
Sierra Leone,SLE,1997,1.38003772819025,0.715841777607038,1.400047815964022,,,0,1.16530910725377,0.6409554369835619,1.2819108739671239,-0.05359771173726785,False,False,False,False,False
Sierra Leone,SLE,1998,1.1924099981679135,0.7702250178812923,1.3182628646109817,,,0,1.0936326268867291,0.41680759665711814,0.8336151933142363,-0.5178100239189402,False,False,False,False,False
Sierra Leone,SLE,1999,1.1698796771225135,0.8070389514315544,1.0829323465084284,1.0,1.0,0,1.4119701950124992,0.10707666749065002,0.32123000247195005,-0.5589091673724278,False,False,False,False,False
Sierra Leone,SLE,2000,0.8370204062531754,0.8150337829991607,0.7652890703835666,0.39999999999999997,0.9999999999999999,0,1.0434686519271805,0.1810363326368035,0.33779304629601403,0.20531595161439642,False,False,False,False,False
Sierra Leone,SLE,2001,0.4960117195714896,0.9991989701723742,2.0135068933489935,0.2,0.9999999999999999,0,1.1817435166185715,0.635019039694074,-0.8115745664421956,1.905057119082222,False,False,False,False,False
Sierra Leone,SLE,2002,1.2021732711461774,0.9912327143081455,1.6157491955685288,0.4285714285714286,0.6190476190476191,0,1.1808786552521893,0.1558516981036413,-0.4474212089138518,0.4675550943109239,False,False,False,False,False
Sierra Leone,SLE,2003,1.1209431298476338,1.1085689498686508,2.800942167971508,0.5714285714285714,0.5714285714285714,0,1.4632337066804155,0.17702375900686917,-0.538767569525408,0.5310712770206075,False,False,False,False,False
Sierra Leone,SLE,2004,1.7177699275560168,1.0088250000180512,2.2431488048331008,0.6666666666666666,0.2222222222222222,0,1.3495043020369892,0.21432417299806858,-0.5439872212387289,0.6429725189942057,False,False,False,False,False
Sierra Leone,SLE,2005,1.74256791640291,1.7080785302304602,1.7110238188018025,0.8333333333333334,0.4444444444444444,0,1.5434451641981457,0.0,-1.9348009255880407,-2.1458806982242153,False,False,False,False,False
Sierra Leone,SLE,2006,1.7951182811770594,3.0199372710659578,4.678326123888573,0.9444444444444445,0.611111111111111,0,2.5208985574485405,0.0,-2.655619158468027,-1.2657368980395116,False,False,False,False,False
Sierra Leone,SLE,2007,1.8849347859343892,1.8035595547888343,7.294354621651735,0.9444444444444445,0.611111111111111,0,2.818792014697214,0.0,-2.670250666559335,-1.3993303460275484,False,False,False,False,False
Sierra Leone,SLE,2008,2.0231491080853523,3.5423193065826153,7.122196714561633,0.9444444444444445,0.5555555555555556,0,3.13753302584592,0.0,-2.651875046303549,-1.4292083993203022,False,False,False,False,False
Sierra Leone,SLE,2009,2.0667699399393866,3.2306937973549408,7.155064499834081,1.0,0.611111111111111,1,3.134950091870126,0.0,-2.6483471769095512,-1.836311339155508,False,False,False,False,False
Sierra Leone,SLE,2010,2.0144623632083634,9.367339960097887,7.168199596744269,0.9444444444444445,0.7777777777777778,2,4.398889272898993,0.0,-2.6521452483090724,-1.8701089157090078,False,False,False,True,False
Sierra Leone,SLE,2011,0.4711142700929577,3.52730172920214,3.680756185082246,0.5,0.611111111111111,0,1.9802788813199128,0.0,-3.3378171228502524,-3.500287132600215,False,False,False,False,False
Sierra Leone,SLE,2012,0.47027991907768374,2.6589713960631123,6.793723867646741,0.1111111111111111,0.6666666666666666,0,2.2957061476686187,0.0,-3.3364609445486955,-2.2819320563225918,False,False,False,False,False
Sierra Leone,SLE,2013,-0.07682912263868753,2.184917902969058,7.7514062702314845,-0.2222222222222222,0.611111111111111,0,2.2317092790845527,0.0,-3.3372353882523655,-2.017902542571286,False,False,False,False,False
Sierra Leone,SLE,2014,-0.7155702252728444,2.187920049909507,8.239110094577146,-0.3333333333333333,0.5,0,2.285406028897331,0.0,-3.3366449713794464,-1.6934227844665914,False,False,False,False,False
Sierra Leone,SLE,2015,-0.8268363924992291,7.398915693785977,8.102334840772754,-0.3888888888888889,0.3888888888888889,0,3.2558056624673015,0.0,-3.33698418324957,-1.6957322818614375,False,False,False,False,False
Sierra Leone,SLE,2016,-0.8261557292774286,4.903999550760789,3.168527055509152,-0.5555555555555556,0.3333333333333333,0,1.7478386545873215,0.0,-3.343546964973342,-3.8960012628151732,False,False,False,False,False
Sierra Leone,SLE,2017,-0.8218387049294933,5.419440740947197,5.583586524834872,-0.3888888888888889,0.2777777777777778,0,2.311716564267525,0.4034821220740848,-3.327751722277477,1.2104463662222544,False,False,False,False,False
Sierra Leone,SLE,2018,-0.798978986204937,9.65711935636992,1.2112006847195016,-0.1111111111111111,0.3888888888888889,0,2.32921956377344,0.0,-3.3313375031467127,-2.1863897639250895,False,False,False,False,False
Sierra Leone,SLE,2019,-0.6354048938018025,6.599010561879921,0.7802885572952801,0.3333333333333333,0.611111111111111,0,1.8536376016128178,0.4444444444444444,-3.3241930884709046,-2.402015682342032,True,False,True,True,True
Sierra Leone,SLE,2020,2.5152296475617066,6.405122405340935,5.48955753554485,0.5,0.7222222222222222,2,3.370870806578387,0.5,-3.3233920511475423,-3.6247264908351045,False,False,False,True,True
Sierra Leone,SLE,2021,10.0,6.45343664884876,0.7031347365471713,0.7222222222222222,0.6666666666666666,2,3.9868698326347407,0.5555555555555556,-3.328781210689144,-4.0406294085850085,False,False,False,True,True
Sierra Leone,SLE,2022,10.0,4.262631286728698,0.8328584904555432,0.8333333333333334,0.7777777777777778,3,3.663542399881293,0.3888888888888889,-3.328919939073395,-3.829520475170056,False,False,True,True,True
Sierra Leone,SLE,2023,10.0,5.034110589050421,2.8090402759628104,1.0,0.6666666666666666,3,4.235296839669313,0.5,-3.28496303125342,-2.845693950601953,False,False,True,True,True
Sierra Leone,SLE,2024,10.0,5.911427731201875,2.3774102146952916,1.0,0.4444444444444444,2,4.235545366957211,0.5555555555555556,-3.2808085986052364,-3.0520896206002073,False,False,True,True,True
Sierra Leone,SLE,2025,10.0,7.30693273772571,2.4281186344517898,1.0,0.4444444444444444,2,4.524788052213277,0.5555555555555556,-3.2803130478203903,-2.9397143302548447,False,False,True,True,True
Somalia,SOM,1991,,,,,,0,0.0,0.0,,,False,False,False,False,False
Somalia,SOM,1992,,,,,,0,0.0,0.0,,,False,False,False,False,False
Somalia,SOM,1993,,,,,,0,0.0,0.0,,,False,False,False,False,False
Somalia,SOM,1994,,,,,,0,0.0,0.0,,,False,False,False,False,False
Somalia,SOM,1995,,,,,,0,0.0,0.0,,,False,False,False,False,False
Somalia,SOM,1996,1.8207961689066066,1.2849665315531613,2.3816435414351247,,,0,1.8291354139649643,0.896477913186342,1.792955826372684,-0.8473165202256582,False,False,False,False,False
Somalia,SOM,1997,1.287172358682627,1.1971791464080372,0.8482067638278595,,,0,1.1108527563061745,0.6366365358228617,1.2732730716457235,-0.3017914634444261,False,False,False,False,False
Somalia,SOM,1998,1.047870440621138,1.215024212521233,1.3597506818692326,,,0,1.2075484450038678,0.47773742112830736,0.9554748422566147,-0.4691071074262993,False,False,False,False,False
Somalia,SOM,1999,0.8706611031307435,1.2309027910805346,2.0816470311108173,1.0,1.0,0,1.636642185064419,0.231567751770815,0.694703255312445,-0.5945014239945688,False,False,False,False,False
Somalia,SOM,2000,0.8180840433075282,0.7296202867192417,2.6665199606021766,0.9999999999999999,0.9999999999999999,0,1.6428448581257893,0.0,-0.5603805543196211,-0.43091236057654214,False,False,False,False,False
Somalia,SOM,2001,0.7737374495430744,1.2164953770302434,1.1289036624416984,0.9999999999999999,0.9999999999999999,0,1.4238272978030033,0.47411814729017787,-0.8322604718244878,1.4223544418705336,False,False,False,False,False
Somalia,SOM,2002,1.3542210611638859,0.9517868160915316,1.0706943502276525,1.0,1.0,0,1.475340445496614,0.5176117072698456,-0.8315388922967454,1.5528351218095369,False,False,False,False,False
Somalia,SOM,2003,1.5370923480244465,0.970295300883023,1.0926339008520771,0.9999999999999998,0.9999999999999998,2,1.5200043099519092,0.5047462396563999,-0.83142319052141,1.5142387189691997,False,False,False,False,False
Somalia,SOM,2004,1.0242341363951342,1.028990667652893,0.7069832852433313,0.8888888888888888,1.0,0,1.3075971734138272,0.0,-0.8307320163529142,-0.9005161603065895,False,False,False,False,False
Somalia,SOM,2005,2.379990776601861,1.2377578788245274,-0.07013835972919186,0.8333333333333334,1.0,0,1.456883064418611,0.0,-0.8300718702722896,-0.945283246675187,False,False,False,False,False
Somalia,SOM,2006,2.0689854138718053,1.1685526526491306,2.7122163932448107,0.8888888888888888,0.9444444444444445,0,1.9232842252864828,0.0,-1.303297169921815,-0.754933305457381,False,False,False,False,False
Somalia,SOM,2007,1.1265092849965457,1.1858718579188747,2.7125555723773593,0.8333333333333334,0.8888888888888888,0,1.693876231947445,0.0,-1.3039313892553934,-0.7100781573074254,False,False,False,False,False
Somalia,SOM,2008,-0.0014694656549373868,5.916378820100713,2.7012536843393082,0.6666666666666666,0.8888888888888888,0,2.3457487231102263,0.0,-1.3009228951111402,-0.7139200256327529,False,False,False,False,False
Somalia,SOM,2009,-0.002206890043398312,6.43609131943832,1.7803077619555874,0.611111111111111,0.8888888888888888,0,2.2432798162787813,0.0,-1.8928375743329917,-0.6198670040669779,False,False,False,False,False
Somalia,SOM,2010,3.513862461131292,4.497857036785773,4.8545360093387,0.611111111111111,0.8333333333333334,0,3.1510288792289307,0.0,-1.8895727736035626,-1.7736033513155194,False,False,False,False,False
Somalia,SOM,2011,6.689984312507397,5.917473560425671,1.2466318440009179,0.611111111111111,0.8333333333333334,0,3.3485957211645747,0.0,-1.8900361555913379,-1.943523377314906,False,False,False,False,False
Somalia,SOM,2012,10.0,6.905571112405967,1.5221094587098145,0.5555555555555556,0.6666666666666666,0,4.174425003112044,0.0,-1.873487487364361,-1.8797369635469796,False,False,False,False,False
Somalia,SOM,2013,10.0,8.833518209929712,-0.11288265481202164,0.5,0.7777777777777778,0,4.277814753097054,0.0,-1.8751858957752618,-2.2156619434034797,False,False,False,False,False
Somalia,SOM,2014,10.0,8.936785959620398,0.8186410374867865,0.7222222222222222,0.8333333333333334,0,4.573307621643659,0.0,-1.880352449546965,-2.252834680517692,False,False,False,False,False
Somalia,SOM,2015,10.0,9.185147185286398,0.7660561761214653,0.8888888888888888,0.8333333333333334,0,4.679129561170462,0.0,-1.880381481379832,-2.2669699353410464,False,False,False,False,False
Somalia,SOM,2016,10.0,8.938349056209152,2.63626996794601,0.9444444444444445,0.8333333333333334,0,5.026034915942144,0.16666666666666666,-1.866721451718686,-3.248006203357407,False,False,False,False,False
Somalia,SOM,2017,10.0,8.640364301371678,8.977714686005838,1.0,0.6666666666666666,0,6.19028246414217,0.611111111111111,-1.8663653646921,-3.166668121495732,True,False,True,True,True
Somalia,SOM,2018,10.0,8.675765650853272,6.327575414311524,1.0,0.5,0,5.600668213032959,0.611111111111111,-1.866336253716574,-3.5804185489315805,True,False,True,True,True
Somalia,SOM,2019,10.0,8.645086628036893,3.8591516127386836,0.9444444444444445,0.5,0,5.078625425932893,0.5,-1.8686885510174114,-2.5384532883178137,False,False,False,False,False
Somalia,SOM,2020,6.042599829668237,8.385035653655095,4.572775225015917,0.7777777777777778,0.16666666666666666,0,4.177859919445628,0.3333333333333333,-1.867858205522126,-2.8960680095388103,False,False,False,False,False
Somalia,SOM,2021,6.435069378598538,7.370568896146846,2.0958745517772734,0.7777777777777778,0.05555555555555555,0,3.5136358986378644,0.2222222222222222,-1.869820940856107,-3.0852095060476965,False,False,False,False,False
Somalia,SOM,2022,8.769655947102535,8.510831130275479,0.7091197926530874,0.7777777777777778,0.2777777777777778,0,4.020143596228443,0.0,-1.8806700588343053,-3.0366473618553576,False,False,False,False,False
Somalia,SOM,2023,10.0,8.950321361174515,5.300979397909607,0.7777777777777778,0.3333333333333333,0,5.29470459626127,0.0,-1.8766628517476085,-2.3985434290606285,False,False,False,False,False
Somalia,SOM,2024,10.0,7.558335376417862,1.6801207902912556,0.7777777777777778,0.2777777777777778,0,4.269913455564046,0.0,-1.8768836794022907,-3.2927278828970983,False,False,False,False,False
Somalia,SOM,2025,10.0,7.678821454336671,3.4597914871767648,0.7777777777777778,0.0,0,4.538833699413798,0.0,-1.8872463698801172,-2.6212514606577186,False,False,False,False,False
South Africa,ZAF,1991,,,,,,0,0.0,0.0,,,False,False,False,False,False
South Africa,ZAF,1992,,,,,,0,0.0,0.0,,,False,False,False,False,False
South Africa,ZAF,1993,,,,,,0,0.0,0.0,,,False,False,False,False,False
South Africa,ZAF,1994,,,,,,0,0.0,0.0,,,False,False,False,False,False
South Africa,ZAF,1995,,,,,,0,0.0,0.0,,,False,False,False,False,False
South Africa,ZAF,1996,1.552568723648245,0.1399398626718425,-0.6085140756214296,,,0,0.5641695287733625,0.9171986165172824,1.1481333189284089,0.686263914106156,False,False,False,False,False
South Africa,ZAF,1997,1.142215433541684,0.33039722260428067,-0.15002028129640751,,,0,0.49087088538198825,0.655409750182638,0.8465526422321972,0.46426685813307883,False,False,False,False,False
South Africa,ZAF,1998,1.0115139070940122,0.4200817197546907,0.44537490299157845,,,0,0.6256568432800939,0.4441723578179919,0.624846191928183,0.26349852370780086,False,False,False,False,False
South Africa,ZAF,1999,1.0105454759731196,0.5071821529235878,1.061091148125352,-0.3333333333333334,1.0,0,0.9157637554044118,0.1962548024963724,0.4010704345897612,0.18769397289935597,False,False,False,False,False
South Africa,ZAF,2000,0.6124222793581154,1.5081389260987454,1.088434335131728,-0.6,0.9999999999999999,0,1.0417991081177178,0.24385603358027855,0.44812138750070785,0.2834467132401279,False,False,False,False,False
South Africa,ZAF,2001,0.5261592125512567,2.2272700539497046,2.7304967295766573,-0.6,0.9999999999999999,0,1.4967851992155237,0.3983083102756901,0.4649461534555057,0.7299787773715645,False,False,False,False,False
South Africa,ZAF,2002,0.5698390363771831,1.9948925886239375,1.7916439072402688,-0.4285714285714286,1.0,0,1.271275106448278,0.7097374002533012,0.5146036144504975,1.6146085863094062,False,False,False,False,False
South Africa,ZAF,2003,-1.06251663595886,1.687865439916046,2.416426406465531,-0.5714285714285714,0.9285714285714285,0,1.1922869407048868,0.0,-1.1813219542608837,-1.5251268730614662,False,False,False,False,False
South Africa,ZAF,2004,-1.0567181682044546,1.2805780438297678,0.4893443703967646,-0.6666666666666666,0.611111111111111,0,0.598428927289751,0.0,-1.6292860016539725,-1.3016165793038184,False,False,False,False,False
South Africa,ZAF,2005,-1.0527625543088452,1.1489453591562186,0.6708508417146157,-0.6666666666666666,0.5555555555555556,0,0.5861814623963891,0.0,-1.637665787170405,-1.4030138934022038,False,False,False,False,False
South Africa,ZAF,2006,-1.0566203299602808,3.461794501465321,0.7798224079284861,-0.611111111111111,0.4444444444444444,0,1.0261011596565393,0.0,-1.6375670731320657,-1.1333883583554376,False,False,False,False,False
South Africa,ZAF,2007,-1.0563757079096843,7.663185130013736,1.0894322482273853,-0.5555555555555556,0.3333333333333333,0,1.8838568089815575,0.0,-1.6376051289175098,-1.064801244167198,False,False,False,False,False
South Africa,ZAF,2008,-1.076127020874794,5.258709401457973,1.4060502831497814,-0.5555555555555556,0.5,0,1.532951936921551,0.13254183747302845,-1.6375751463569213,0.39762551241908534,False,False,False,False,False
South Africa,ZAF,2009,-1.0908433765553036,3.2011331094801134,2.5409750154310147,-0.5555555555555556,0.611111111111111,0,1.3928660694266701,0.0,-1.6368814286065647,-1.236479658596687,False,False,False,False,False
South Africa,ZAF,2010,-1.0620437941444025,3.7904666490950816,0.584295134311,-0.16666666666666666,0.4444444444444444,0,1.052730134458994,0.0,-1.6367135006786524,-2.0534637019678335,False,False,False,False,False
South Africa,ZAF,2011,-1.0255437304418564,3.041096811469609,0.6173254427278512,0.16666666666666666,0.5,0,0.9983511175061587,0.0,-1.636988868925814,-2.056238454643454,False,False,False,False,False
South Africa,ZAF,2012,-0.9839338489765044,2.433392929822242,0.6429200309426404,0.5,0.5555555555555556,0,1.0374848143751987,0.16666666666666666,-1.6370930084714779,-2.293492468360458,False,False,False,False,False
South Africa,ZAF,2013,-0.9888046837145091,2.7245452120054345,2.633732889591059,0.611111111111111,0.4444444444444444,0,1.493877842541521,0.697870751127936,-1.6289581414270131,0.26027892005047504,True,False,True,False,False
South Africa,ZAF,2014,-0.9944389694977088,5.439783892202483,1.636597208643405,0.5555555555555556,0.5555555555555556,0,1.8597206646136217,0.5555555555555556,-1.6293253400479606,-0.09486029150677813,False,False,False,False,False
South Africa,ZAF,2015,-0.9981191989144697,2.4995271365648493,1.2395810043668787,0.5555555555555556,0.5555555555555556,0,1.1922660726307899,0.5555555555555556,-1.629359474646856,-0.3296454748954179,False,False,False,False,False
South Africa,ZAF,2016,-1.0012495954140415,1.5567940746994784,3.058701731457112,0.8333333333333334,0.5555555555555556,0,1.4786547167868735,0.4444444444444444,-1.6293299164647428,-0.14647314795914002,False,False,True,False,False
South Africa,ZAF,2017,-1.0019155373543303,2.1400910476689696,1.1353034692475823,0.8333333333333334,0.2777777777777778,0,1.0995233478277548,0.2222222222222222,-1.6294336673733345,-0.33423103092521883,False,False,True,False,False
South Africa,ZAF,2018,-1.021467656286756,2.069285206055938,1.7852381396493093,0.8888888888888888,0.5,0,1.3264602246966049,0.05555555555555555,-1.6339350955083893,-1.698276475024727,False,False,False,False,False
South Africa,ZAF,2019,-1.0168760390809168,1.9306963947670572,0.650995025893898,0.9444444444444445,0.5555555555555556,0,1.1163382841321912,0.16666666666666666,-1.6258764511244266,-1.7813158470343768,False,False,True,False,False
South Africa,ZAF,2020,-0.7058649279799164,6.968659698579026,3.6893522744405858,1.0,0.4444444444444444,2,2.7093801723817004,0.2222222222222222,-1.5960486670466656,-0.019574364751561817,False,False,True,True,True
South Africa,ZAF,2021,0.6328114067312445,4.044773623214374,1.2396013925011675,1.0,0.611111111111111,3,1.8278817289338014,0.16666666666666666,-1.5972692180719368,-1.0620597747479927,False,False,False,True,True
South Africa,ZAF,2022,1.6378410575486444,4.140328979223258,-0.1836570878038941,1.0,0.7777777777777778,4,1.8667451184654915,0.3333333333333333,-1.5974155988932868,-0.9541439404391666,False,False,False,True,True
South Africa,ZAF,2023,2.2586705638584106,4.312591929740942,0.4889262932564868,1.0,0.7777777777777778,4,2.123148868482279,0.5555555555555556,-1.593104867218526,-1.8267620473060695,False,False,True,True,True
South Africa,ZAF,2024,2.9375489459979987,5.5974837159037545,-0.18883576716491812,0.8888888888888888,0.8888888888888888,3,2.418117643491462,0.6666666666666666,-1.555516672034726,-1.0090548894645797,False,False,False,True,True
South Africa,ZAF,2025,2.427930626150697,5.113647180366784,-0.22712988725870611,0.9444444444444445,0.6666666666666666,3,2.1527600057479406,0.7777777777777778,-1.552991255669978,-0.9808396900789712,True,False,True,True,True
South Korea,KOR,1991,,,,,,0,0.0,0.0,,,False,False,False,False,False
South Korea,KOR,1992,,,,,,0,0.0,0.0,,,False,False,False,False,False
South Korea,KOR,1993,,,,,,0,0.0,0.0,,,False,False,False,False,False
South Korea,KOR,1994,,,,,,0,0.0,0.0,,,False,False,False,False,False
South Korea,KOR,1995,,,,,,0,0.0,0.0,,,False,False,False,False,False
South Korea,KOR,1996,1.5517441749675398,1.1026916767719608,1.2475433258131439,,,0,1.3006597258508814,1.7687466282883058,1.7156564604710018,1.8218367961056097,False,False,False,False,False
South Korea,KOR,1997,2.0250751330833014,1.5586387171202192,2.205771808746069,,,0,1.9298285529831964,1.0769555552046661,1.0590262956256595,1.0948848147836727,False,False,False,False,False
South Korea,KOR,1998,1.1965330770429121,0.560940100291933,2.1645265240158267,,,0,1.3073332337835573,0.7968006062723487,0.94683231286864,0.6467688996760573,False,False,False,False,False
South Korea,KOR,1999,1.000168070170585,0.5925791693327681,1.211379247979578,1.0,1.0,0,1.3608252974965862,0.38574808280646655,0.5329749103239572,0.6242693380954426,False,False,False,False,False
South Korea,KOR,2000,1.3376103046106291,0.8922869801463713,2.0444552487143124,0.9999999999999999,0.9999999999999999,0,1.6548705066942624,0.0020551312181371906,0.006165393654411572,-0.04190816492557881,False,False,False,False,False
South Korea,KOR,2001,1.5406824605127203,1.6460742369526802,1.1670298090232074,0.9999999999999999,0.9999999999999999,1,1.6707573012977215,0.029265238958478126,0.08779571687543437,-0.069814307865493,False,False,False,False,False
South Korea,KOR,2002,0.2757338944907879,1.9335014151645848,2.2445190048300496,1.0,1.0,0,1.6907508628970844,0.0,-1.2049497129873865,-0.40871319876602996,False,False,False,False,False
South Korea,KOR,2003,1.04183302563643,1.093957048471269,0.9062856541446184,0.9999999999999998,0.7857142857142856,0,1.3227008599361778,0.0,-1.033545084338125,-1.3178362369091772,False,False,False,False,False
South Korea,KOR,2004,1.7058566063885257,1.2718149252070194,1.0080875185936706,1.0,0.7222222222222222,0,1.486040698926732,0.0,-1.0375224766038067,-1.2177542366105996,False,False,False,False,False
South Korea,KOR,2005,1.6743721237320692,1.436055372433632,1.9484534467989179,0.9444444444444445,0.8333333333333334,1,1.7228872997040348,0.0,-1.0724338158897875,-1.1317337035839028,False,False,False,False,False
South Korea,KOR,2006,1.33599862574653,2.569903041917622,2.844107550720269,0.7777777777777778,0.8888888888888888,1,2.0166685103435507,0.0,-1.0090207949882055,-0.4932941125317419,False,False,False,False,False
South Korea,KOR,2007,0.9532705324024341,0.5296794451462505,0.6209058059479144,0.5555555555555556,0.6666666666666666,0,0.9096600455882088,0.06131763579346158,-0.8796056224950244,0.18395290738038475,False,False,False,False,False
South Korea,KOR,2008,7.491853316947456,2.0472145038709844,3.5689784350179696,0.3333333333333333,0.2777777777777778,1,2.8660536956117264,0.4864214891817791,0.9592644675453373,-0.10785066250274897,False,False,False,False,False
South Korea,KOR,2009,7.135466140195157,2.314099490145498,3.584157100107633,0.5555555555555556,0.611111111111111,1,3.073411212756324,1.02183970917609,1.025621281952947,0.5398978455753226,True,False,True,True,True
South Korea,KOR,2010,7.115723290909447,2.604938153689857,5.955610806908598,0.6666666666666666,0.9444444444444445,2,3.779698894746025,1.2122610434705685,0.8863901868006129,0.5837262769444264,False,False,False,True,True
South Korea,KOR,2011,6.835894367180843,3.779685264260401,3.6547522859522665,0.5555555555555556,1.0,1,3.476288605700924,1.1104103995213948,0.9298568532478341,0.5680410119830169,False,True,True,True,True
South Korea,KOR,2012,6.827243938347269,3.0593208018547213,3.644497021366709,0.7222222222222222,0.9444444444444445,1,3.3728790189804068,0.8082159699888919,0.3877954117182692,0.5368524982484064,False,False,False,False,False
South Korea,KOR,2013,7.128143941299972,1.5579800779702695,2.0804800960283583,0.8888888888888888,0.7777777777777778,1,2.8199874897263864,0.5798193272532058,0.4253492126756717,0.3141087690839458,False,False,False,False,False
South Korea,KOR,2014,7.066708438410507,0.4452690931072578,2.087532624575734,1.0,0.8888888888888888,1,2.675457586774255,0.15856987797261424,0.2020291407563254,0.2736804931615173,False,False,False,False,False
South Korea,KOR,2015,6.891666892514219,2.6298728468826216,2.122288823154896,1.0,0.9444444444444445,1,3.106543490288125,0.035115164030941594,0.09575141039808271,0.009594081694742074,False,False,False,False,False
South Korea,KOR,2016,9.935217370881976,5.333789574035464,2.124567041911129,0.9444444444444445,1.0,0,4.256492575143492,0.6595507747494822,1.0848741696407598,0.8937781546076867,False,False,False,False,False
South Korea,KOR,2017,10.0,2.6346092218835495,5.999647954596579,0.8888888888888888,0.7222222222222222,2,4.37129587974047,2.134824095188224,6.404472285564672,-0.06380681909720357,False,False,False,True,True
South Korea,KOR,2018,10.0,2.9985621885992395,4.822144182607527,0.8888888888888888,0.7222222222222222,3,4.208585718685798,2.3541962433652097,6.395922063428962,-0.5065027172328688,False,False,False,True,True
South Korea,KOR,2019,10.0,4.288041659758393,4.492661907676083,0.9444444444444445,0.6666666666666666,3,4.4005851579313395,2.5940140185971994,6.4487087224582655,-0.5379425507623794,False,False,False,True,True
South Korea,KOR,2020,10.0,3.9306905985328946,4.491234146889946,1.0,0.5555555555555556,3,4.306607171306791,2.747401449326027,6.408871014644747,-0.5587422184178495,False,False,True,True,True
South Korea,KOR,2021,10.0,4.482698570820638,6.898251850545236,1.0,0.611111111111111,2,4.920634528717619,2.4508725360806616,5.852617608241984,-0.7805768992938165,False,False,False,True,True
South Korea,KOR,2022,10.0,4.266981933015555,7.569463595851213,0.9444444444444445,0.611111111111111,3,4.989511327995576,2.6964951249593416,6.422818708211359,-0.7933638021575439,False,False,False,True,True
South Korea,KOR,2023,10.0,4.128480786281406,6.9923404267359395,0.8888888888888888,0.6666666666666666,4,4.846386464825691,3.2318226188650936,7.862134523261948,-0.637774343308563,False,False,True,True,True
South Korea,KOR,2024,10.0,3.2839528570146763,5.592145554528947,0.8888888888888888,0.7222222222222222,3,4.419664126753169,3.2645465864314063,7.960306425960885,-0.5874898157107016,True,False,True,True,True
South Korea,KOR,2025,10.0,5.226757683172919,5.585135771934166,0.8888888888888888,0.7222222222222222,5,4.806823135465861,3.625551319895711,9.0433206263538,-0.4187061724145153,False,False,False,True,True
Spain,ESP,1991,0.0,,,,,0,0.0,0.0,,,False,False,False,False,False
Spain,ESP,1992,0.0,,,,,0,0.0,0.0,,,False,False,False,False,False
Spain,ESP,1993,0.0,,,,,0,0.0,0.0,,,False,False,False,False,False
Spain,ESP,1994,0.0,,,,,0,0.0,0.0,,,False,False,False,False,False
Spain,ESP,1995,0.0,,,,,0,0.0,0.0,,,False,False,False,False,False
Spain,ESP,1996,0.0,1.4637351899998627,-0.039637288216790766,,,0,0.48791172999995425,0.0,-0.4378836888167784,-0.31329497941079854,False,False,False,False,False
Spain,ESP,1997,0.0,1.546723476267437,1.7164309840391394,,,0,1.0877181534355254,0.12813280366070842,-0.42319138544799434,0.25626560732141684,False,False,False,False,False
Spain,ESP,1998,0.28553914558834675,0.7763007036248596,1.3182156972375882,,,0,0.7933518488169314,0.0,-0.4389111713172713,-1.1209130139753178,False,False,False,False,False
Spain,ESP,1999,1.0244167242053437,0.714219804623683,1.2471812185321582,1.0,1.0,0,1.397163549472237,0.0,-0.43713259143453653,-1.3481525145469326,False,False,False,False,False
Spain,ESP,2000,1.49651423768012,0.7657464942834594,1.5713138197214964,0.9999999999999999,0.9999999999999999,0,1.5667149103370153,0.9954083298469225,-0.2587738682809423,1.7862249895407676,False,False,False,False,False
Spain,ESP,2001,1.5842961605820456,1.1999303513574833,0.824757031594105,0.9999999999999999,0.9999999999999999,0,1.5217967087067268,0.7254949567781556,-0.2538073371622777,0.37648487033446687,False,False,False,False,False
Spain,ESP,2002,0.8434275842830936,1.0085076450467265,2.3856417326078008,0.9047619047619049,0.9047619047619049,0,1.5713249161970482,0.6489718323909205,-0.2668496366280342,0.37548692574418974,False,False,False,False,False
Spain,ESP,2003,0.7757495446507892,1.118958353334648,1.7016525682471173,0.9285714285714285,0.8571428571428571,0,1.433557807532225,0.42857142857142855,-0.28453940842177305,-0.8049920428878871,False,False,False,False,False
Spain,ESP,2004,1.0274921462386615,1.224667767760424,0.8130204448359303,0.9444444444444445,0.8888888888888888,0,1.3463694051003365,0.5555555555555556,-0.18672283867493736,-0.6821031152547697,False,False,False,False,False
Spain,ESP,2005,2.99848194019319,2.7463908661675784,2.850687388218931,0.9444444444444445,0.9444444444444445,3,2.4746675944714953,2.0987128442175864,2.9878119261845453,1.4749932731348812,False,False,True,True,True
Spain,ESP,2006,3.2036359349877683,2.811787399401304,2.057584250171637,0.9444444444444445,0.8888888888888888,4,2.3479348502454753,2.0868566713704024,3.1429880682681977,0.9509152791763433,True,False,True,True,True
Spain,ESP,2007,3.1256067324616525,2.0859634943570673,2.032904158743597,0.9444444444444445,0.7777777777777778,4,2.1377837660013523,1.9671636577259732,3.0564824225434752,0.8450085506344445,False,False,True,True,True
Spain,ESP,2008,10.0,3.6128843140061897,3.4757280107468462,0.8333333333333334,0.7222222222222222,4,4.039944687172829,1.4787765652348395,2.936329695704518,-1.592675587082781,False,False,False,True,True
Spain,ESP,2009,10.0,5.076520795731495,3.3493314676825605,0.6666666666666666,0.7222222222222222,3,4.240726008238367,1.4235824113632713,2.937413900756481,-1.565400345951304,False,False,False,True,True
Spain,ESP,2010,10.0,4.392425316856445,3.0648902838675878,0.6666666666666666,0.6666666666666666,3,4.02479645347814,1.247786897854292,2.910027360229543,-1.6442873296217135,False,False,False,True,True
Spain,ESP,2011,10.0,3.0450385319246833,2.9892600283927333,0.6666666666666666,0.611111111111111,3,3.717970823174594,0.9686919817621368,2.9060759452864104,-2.382813488548127,False,False,False,True,True
Spain,ESP,2012,10.0,4.24117977435398,1.9380489355019948,0.611111111111111,0.5555555555555556,3,3.702512408637862,0.9538277846111926,2.8614833538335778,-2.4548935582897196,False,False,False,True,True
Spain,ESP,2013,10.0,3.205963922603813,1.9084661544193335,0.611111111111111,0.611111111111111,2,3.5117749042935182,0.9503622341950139,2.8510867025850417,-2.6822121744741487,False,False,False,True,True
Spain,ESP,2014,10.0,3.165284873761635,1.2079967083274645,0.6666666666666666,0.6666666666666666,1,3.4079896497511535,0.0,-0.17686543785785075,-2.8615900242360737,False,False,False,False,False
Spain,ESP,2015,10.0,3.079033358652099,0.4949210178657392,0.7222222222222222,0.611111111111111,1,3.248124208636901,0.0,-0.2379248815357566,-3.2469972315845648,False,False,False,False,False
Spain,ESP,2016,10.0,2.5922153170887077,0.44925527273086363,0.8888888888888888,0.611111111111111,1,3.208294117963914,0.0,-0.236758532265146,-3.91771520674684,False,False,False,False,False
Spain,ESP,2017,10.0,3.895189589168914,0.11112555881159374,0.9444444444444445,0.611111111111111,1,3.423485251818324,0.0,-0.2815476470375405,-4.5608307815458735,False,False,False,False,False
Spain,ESP,2018,10.0,4.644498771637963,0.16182346125745964,0.7777777777777778,0.6666666666666666,1,3.539042224356862,0.0,-0.23795084682239348,-4.691842708654622,False,False,False,False,False
Spain,ESP,2019,10.0,5.831300825397454,0.0761579370836155,0.611111111111111,0.8333333333333334,2,3.759269530273992,0.04845407452351377,0.1453622235705413,-1.4737055751079318,False,False,False,True,False
Spain,ESP,2020,10.0,4.010597326486526,1.1260205767351017,0.3888888888888889,0.7222222222222222,0,3.4717680250887697,0.29540415923766483,0.8862124777129945,-1.9753220076557665,False,False,False,False,False
Spain,ESP,2021,10.0,4.200894375444632,1.977215890554101,0.611111111111111,0.4444444444444444,0,3.6578442754219687,0.41196527904141506,0.9025625037909119,-2.4763995882618155,False,False,False,False,False
Spain,ESP,2022,10.0,3.8293865813317116,0.2736207773825101,0.8888888888888888,0.3333333333333333,0,3.309490360631733,1.1140704260133745,1.675544611373457,-1.3278222856210276,False,False,False,False,False
Spain,ESP,2023,10.0,0.8007210302257892,7.060763204859371,0.8888888888888888,0.0,1,3.927852402572588,1.4341978387956213,1.9692601830535306,-1.0984003676176504,False,False,True,True,True
Spain,ESP,2024,10.0,0.5755785565698398,3.540014319500176,0.9444444444444445,-0.05555555555555555,1,3.200896352991781,1.6110718140323559,2.1665487754304005,-1.0542757829966796,True,False,True,True,True
Spain,ESP,2025,10.0,0.9253730280616225,10.0,0.9444444444444445,0.1111111111111111,3,4.6072968278345465,1.7439688770585378,2.231906631175614,-0.7603137076116755,True,True,True,True,True
Sri Lanka,LKA,1991,,,,,,0,0.0,0.0,,,False,False,False,False,False
Sri Lanka,LKA,1992,,,,,,0,0.0,0.0,,,False,False,False,False,False
Sri Lanka,LKA,1993,,,,,,0,0.0,0.0,,,False,False,False,False,False
Sri Lanka,LKA,1994,,,,,,0,0.0,0.0,,,False,False,False,False,False
Sri Lanka,LKA,1995,,,,,,0,0.0,0.0,,,False,False,False,False,False
Sri Lanka,LKA,1996,1.434466753114823,0.9337139174458985,-0.06229136851344571,,,0,0.7893935568535738,0.8783393561959508,-0.16680087915454253,1.7566787123919017,False,False,False,False,False
Sri Lanka,LKA,1997,1.3035343359300342,0.9421217467254931,1.1547840604921298,,,0,1.1334800477158857,0.7187778038101501,-0.2980878812018132,1.4375556076203002,False,False,False,False,False
Sri Lanka,LKA,1998,1.0608693930780546,2.0572852107039314,1.9221287979637611,,,0,1.6800944672485822,0.29063558605321266,-0.3665791305132164,0.5812711721064253,False,False,False,False,False
Sri Lanka,LKA,1999,0.9282774276167695,0.8767936546649545,0.6551236914985572,0.3333333333333334,1.0,0,1.0253722880893896,0.0,-0.3329445663417769,-0.023935939876308866,False,False,False,False,False
Sri Lanka,LKA,2000,1.0223025964637111,0.6802179772188132,0.4267449817019272,0.6,0.9999999999999999,0,1.0658531110768903,0.0,-0.21548227753366817,-0.17555780410692343,False,False,False,False,False
Sri Lanka,LKA,2001,1.135982615059883,0.4679660239292573,1.7693752196470705,0.7333333333333333,0.8666666666666666,0,1.3146647717272422,0.06666666666666665,-0.20308026928186118,-0.2376030010579282,False,False,False,False,False
Sri Lanka,LKA,2002,1.2598767982624766,2.158381157504887,0.3219790678523532,0.8095238095238096,0.9047619047619049,0,1.433761690438229,0.23809523809523814,-0.19327797428511606,-0.23714545018114916,False,False,False,False,False
Sri Lanka,LKA,2003,-0.16463568665944617,1.3370937693448828,0.8351219817284311,0.5714285714285714,0.7857142857142856,0,0.9773002930718055,0.0,-0.5103457225293666,-1.5950827968611432,False,False,False,False,False
Sri Lanka,LKA,2004,0.15758129105551,0.6627151801153486,0.3689551758415531,0.5,0.7777777777777778,0,0.7489614405135935,0.0,-0.6785593968089693,-1.3391670369095217,False,False,False,False,False
Sri Lanka,LKA,2005,2.9685579726994598,1.805033693609102,2.843661785257699,0.5,0.8333333333333334,3,2.056784023646585,1.1550526992167767,2.9651580976503302,-0.1670134631256519,False,False,False,True,True
Sri Lanka,LKA,2006,5.9984039439542105,2.4362688643043153,2.5844107301301764,0.5555555555555556,0.4444444444444444,3,2.6038167076777405,1.2896323792801394,2.868897137840418,-0.7640899413790647,False,False,False,True,True
Sri Lanka,LKA,2007,8.100652372417816,2.5874450538109706,2.534872977405434,0.5,0.4444444444444444,3,3.022371858504622,1.2760741719194353,2.828222515758306,-0.7958025007059987,False,False,False,True,True
Sri Lanka,LKA,2008,10.0,3.472327939543594,3.6766024908046955,0.4444444444444444,0.7777777777777778,3,3.9186749749585466,1.2892019106385317,2.867605731915595,-0.5255962856005206,False,False,False,True,True
Sri Lanka,LKA,2009,10.0,3.71299447194483,3.7466514281216594,0.7222222222222222,0.7777777777777778,5,4.091929180013298,1.1540527738614064,2.795491654917553,-0.09079815203342444,False,False,False,True,True
Sri Lanka,LKA,2010,10.0,3.7637681845865925,3.1095828059611086,0.8333333333333334,0.9444444444444445,4,4.085781309220652,1.113174060538246,2.839522181614738,-1.771072932351745,False,False,False,True,True
Sri Lanka,LKA,2011,10.0,3.1735032456144032,3.9155589741582384,0.8333333333333334,0.8333333333333334,3,4.084479110621196,1.3182093318291457,3.121294662154104,-1.5620340439827871,False,False,False,True,True
Sri Lanka,LKA,2012,10.0,3.267615892763903,4.658349768592543,0.611111111111111,0.7222222222222222,1,4.1185264656046225,1.374095406599527,3.122286219798581,-1.4613738513950574,False,False,False,True,True
Sri Lanka,LKA,2013,10.0,3.767232971994445,3.273597823906315,0.5,0.6666666666666666,2,3.8748328258468185,1.8045270080437277,4.413581024131183,-0.7493951708242103,False,False,True,True,True
Sri Lanka,LKA,2014,10.0,3.0541991351358693,2.9882080546639656,0.3888888888888889,0.3888888888888889,2,3.5195925490710787,0.6503677671079384,1.4511033013238153,-2.69517885937232,False,False,False,True,True
Sri Lanka,LKA,2015,10.0,2.469423732852771,4.688822623598036,0.5,0.16666666666666666,5,3.698315937956828,4.466899555483056,10.0,2.0673653331158324,True,False,True,True,True
Sri Lanka,LKA,2016,10.0,4.8489587307725985,2.5140212835422515,0.611111111111111,0.2777777777777778,4,3.8281515584185257,3.8548575269656067,10.0,0.06457258089682111,False,False,False,True,True
Sri Lanka,LKA,2017,10.0,4.238687933383127,2.0187352678326516,0.611111111111111,0.5555555555555556,3,3.718151306909822,3.888888888888889,10.0,-0.011802939469859724,False,False,False,True,True
Sri Lanka,LKA,2018,10.0,3.8577027101892196,1.9905138582904884,0.6666666666666666,0.6666666666666666,3,3.702976647029274,3.7744841994323965,9.990119264963855,-1.0285801763663156,False,True,True,True,True
Sri Lanka,LKA,2019,10.0,5.621622144069571,1.2845365523571184,0.7222222222222222,0.8333333333333334,3,4.00345396150756,4.3915142256865884,10.0,1.6745426770597645,False,True,True,True,True
Sri Lanka,LKA,2020,10.0,7.478338207988824,0.8850508295952183,0.8888888888888888,0.8333333333333334,3,4.361566696405697,4.108633601718439,10.0,0.6592341384886489,False,True,True,True,True
Sri Lanka,LKA,2021,10.0,5.5583137793357364,0.5262026374913021,1.0,0.7222222222222222,2,3.9057921722542965,4.177111361547477,10.0,0.6980007513090968,False,False,True,True,True
Sri Lanka,LKA,2022,10.0,5.757594467364576,1.8051413572347597,0.9444444444444445,0.6666666666666666,3,4.156991609364312,4.0,10.0,-0.44551897969944265,False,False,True,True,True
Sri Lanka,LKA,2023,10.0,5.55176604246506,1.2034705532610317,0.8333333333333334,0.7777777777777778,5,3.9954917635896634,3.944444444444444,10.0,-0.438761638997581,False,False,False,True,True
Sri Lanka,LKA,2024,10.0,3.894652037780256,0.9477481738240187,0.7777777777777778,0.6666666666666666,4,3.5462578200986328,3.888888888888889,10.0,-2.2114247321092813,False,False,False,True,True
Sri Lanka,LKA,2025,10.0,3.798454567836604,4.415730251977153,0.8333333333333334,0.5555555555555556,6,4.198392519518307,3.722222222222222,10.0,-3.143914280949205,False,False,False,True,True
Sudan,SDN,1991,0.0,,,,,0,0.0,0.0,,,False,False,False,False,False
Sudan,SDN,1992,0.0,,,,,0,0.0,0.0,,,False,False,False,False,False
Sudan,SDN,1993,0.0,,,,,0,0.0,0.0,,,False,False,False,False,False
Sudan,SDN,1994,0.0,,,,,0,0.0,0.0,,,False,False,False,False,False
Sudan,SDN,1995,0.0,,,,,0,0.0,0.0,,,False,False,False,False,False
Sudan,SDN,1996,1.0608502329934346,2.4882105566593045,1.4435809671907929,,,0,1.664213918947844,1.5288423427579676,0.9919463311345602,2.065738354381375,False,False,False,False,False
Sudan,SDN,1997,0.7066769316808881,1.579559298220473,1.2012888420520351,,,0,1.1625083573177986,0.9589829600892701,0.2583034992172781,1.659662420961262,False,False,False,False,False
Sudan,SDN,1998,0.48561333137602264,0.6679155781440652,1.7858945212575918,,,0,0.9798078102592266,0.0,-0.42599844274748855,-0.04671050366092703,False,False,False,False,False
Sudan,SDN,1999,0.18618384573665622,0.6829972531949611,2.4442066970182528,0.6666666666666669,1.0,0,1.3293442258566408,0.055333753040732896,0.16600125912219868,-0.699212221187713,False,False,False,False,False
Sudan,SDN,2000,0.48103828835382356,0.6275496080850582,1.7926380461220979,0.6,0.6,0,1.060245188512196,0.1348136661630619,0.4044409984891857,-0.3718520305077166,False,False,False,False,False
Sudan,SDN,2001,0.5844692920274888,0.6880938304017041,2.179067691347748,0.7333333333333333,0.6,0,1.2236594960887215,0.11783916544994348,0.35351749634983043,-0.2847761968858962,False,False,False,False,False
Sudan,SDN,2002,0.5837505299643844,0.6945305657866389,0.36567227619373327,0.8095238095238096,0.7142857142857143,0,0.938314483912761,0.1668975946996479,0.3578356412418008,-0.26040076349694496,False,False,False,False,False
Sudan,SDN,2003,0.6943478802899801,0.7322200421410562,1.9288381976596165,0.8571428571428571,0.7857142857142856,0,1.3282240811609876,0.2652378391417982,0.36714208885396615,-0.27571705590925993,False,False,False,False,False
Sudan,SDN,2004,1.3598894459859705,0.8511512009211247,0.4113534956500951,0.8888888888888888,0.7777777777777778,0,1.1911454951781046,0.2883522107983533,0.3650566323950599,-0.37967319271446587,False,False,False,False,False
Sudan,SDN,2005,2.9649762901448207,2.7519471015467034,1.8943428792205028,0.8888888888888888,0.7777777777777778,3,2.188919920849072,0.16666666666666666,-2.8382455040564,-1.4070588109797169,False,False,False,True,True
Sudan,SDN,2006,5.400609304201554,2.3286762923056497,4.623376263175353,1.0,0.8333333333333334,2,3.2038657052698447,0.0,-2.846570618509287,-1.303079712599988,False,False,False,True,True
Sudan,SDN,2007,6.199828754927826,2.217558662491938,3.376801413493914,1.0,0.9444444444444445,3,3.136615543960514,0.0,-3.002974035596972,-0.29733854190900477,False,False,False,True,True
Sudan,SDN,2008,6.701493849923211,6.303165856386519,1.801202065341686,1.0,0.9444444444444445,3,3.738950132108061,0.0,-3.721186433898202,-0.1421827635541885,False,False,False,True,True
Sudan,SDN,2009,7.256282245668675,1.517935523408362,4.893312898139597,1.0,0.9444444444444445,3,3.511283911221105,0.0,-4.268715647966171,-0.8443923228729053,False,False,False,True,True
Sudan,SDN,2010,10.0,2.2484625183682705,6.372271797150407,1.0,0.6666666666666666,3,4.390813529770402,0.0,-3.9044977528141254,-1.1019342689349527,False,False,False,True,True
Sudan,SDN,2011,10.0,2.036765428210322,4.424896387954476,0.9444444444444445,0.5,1,3.8701101410107377,0.0,-3.902369237754675,-1.0972174984104655,False,False,False,False,False
Sudan,SDN,2012,10.0,1.6110112044416263,8.53696819693727,0.8333333333333334,0.5555555555555556,1,4.585151435831335,0.0,-3.9035128480092824,-1.4614215275179598,False,False,False,True,False
Sudan,SDN,2013,10.0,1.3520612969688826,4.397916088834559,0.6666666666666666,0.3888888888888889,1,3.57221769938291,0.0,-3.9026932186586523,-1.47216056033204,False,False,False,False,False
Sudan,SDN,2014,10.0,0.6709230256795842,3.7139363029848025,0.4444444444444444,0.2222222222222222,0,3.143638532399544,0.0,-4.179364334768014,-1.1504158744050315,False,False,False,False,False
Sudan,SDN,2015,10.0,0.6248253041111418,3.580072001881616,0.16666666666666666,0.3333333333333333,0,3.0409794611985514,0.0,-4.181326560338262,-1.6573562057216962,False,False,False,False,False
Sudan,SDN,2016,6.92977943063074,0.5677744008355681,3.5118403930589532,0.3333333333333333,0.16666666666666666,0,2.401878844905052,0.0,-4.17533460763014,-1.7996101436103717,False,False,False,False,False
Sudan,SDN,2017,10.0,1.8925302158621655,3.493220749012979,0.7777777777777778,0.611111111111111,3,3.6327057485305843,0.0,-4.176715070167845,-2.019720985134156,False,False,False,True,False
Sudan,SDN,2018,10.0,0.02526681557441407,3.4894754491744,0.8888888888888888,0.3333333333333333,0,3.191837341838651,0.0,-4.177857315870788,-1.9976865050423993,False,False,False,False,False
Sudan,SDN,2019,10.0,3.3749527298890705,8.803605306959073,0.9444444444444445,0.5,2,5.013489385147407,0.024762106226222044,-2.2149323426414784,0.07428631867866613,False,False,False,True,True
Sudan,SDN,2020,10.0,3.7253979951654874,7.4607849758165266,0.9444444444444445,0.4444444444444444,3,4.792792149751959,0.2222222222222222,-2.137559944632085,-1.001595898314803,False,False,False,True,True
Sudan,SDN,2021,10.0,3.037006672494572,8.051981892264559,0.9444444444444445,0.6666666666666666,3,4.86224215739627,0.5,-2.0243904100478898,-0.9374834162632129,False,False,False,True,True
Sudan,SDN,2022,10.0,3.139306297432895,8.26969090174424,1.0,0.5,3,4.881799439835428,0.7777777777777778,-2.0224956442608115,-0.9680112330049173,True,False,True,True,True
Sudan,SDN,2023,10.0,3.1329312618372027,6.019748836618878,1.0,0.5555555555555556,2,4.452758241913438,0.8333333333333334,-2.002396226669922,-0.9829452910974052,True,False,True,True,True
Sweden,SWE,1991,0.0,,,,,0,0.0,0.0,,,False,False,False,False,False
Sweden,SWE,1992,0.0,,,,,0,0.0,0.0,,,False,False,False,False,False
Sweden,SWE,1993,0.0,,,,,0,0.0,0.0,,,False,False,False,False,False
Sweden,SWE,1994,0.0,,,,,0,0.0,0.0,,,False,False,False,False,False
Sweden,SWE,1995,0.0,,,,,0,0.0,0.0,,,False,False,False,False,False
Sweden,SWE,1996,1.72065617372348,1.0167169284950286,0.1378721415837973,,,0,0.9584150812674354,0.9071472149966264,1.7187852039792726,0.09550922601398018,False,False,False,False,False
Sweden,SWE,1997,1.3278218302033757,1.2939052235193236,0.5939251092042178,,,0,1.0718840543089723,0.5551584841727067,1.049373190447427,0.06094377789798649,False,False,False,False,False
Sweden,SWE,1998,0.9356077786041588,0.9490671512778214,1.6754043981608453,,,0,1.1866931093476085,0.28900075345589377,0.5780015069117875,-0.2532133098447769,False,False,False,False,False
Sweden,SWE,1999,1.1299984662117715,0.9373648265862649,1.5209912699283854,-0.3333333333333334,1.0,0,1.1176709125452844,0.08135873999422248,0.24407621998266746,-0.3395175638966038,False,False,False,False,False
Sweden,SWE,2000,0.6244925539574484,1.212151415708964,0.7665070786224688,-0.6,0.9999999999999999,0,0.9206302096577762,0.24671936402298497,0.12254264104062254,0.6176154510283324,False,False,False,False,False
Sweden,SWE,2001,0.09810843464078231,0.8158055377541069,1.3411428820525768,-0.7333333333333333,0.9999999999999999,0,0.8510113708894933,0.6345627588221731,0.1531549877036854,1.7505332887628338,False,False,False,False,False
Sweden,SWE,2002,0.16643760162227855,0.772792013022025,1.281539240120153,-0.7142857142857143,0.4285714285714286,0,0.6155823423814628,0.5225258317192164,0.186205336747159,1.3813721584104903,False,False,False,False,False
Sweden,SWE,2003,0.0,1.318959878122677,0.022622845743519228,-0.7857142857142856,0.5714285714285714,0,0.4968879733446678,0.0,-1.3054513187771255,-1.3846657765292414,False,False,False,False,False
Sweden,SWE,2004,0.0,0.8511157300348646,0.32004290770118027,-0.8333333333333334,0.2777777777777778,0,0.3453428386583201,0.0,-1.4001656736587633,-1.5459954188606104,False,False,False,False,False
Sweden,SWE,2005,2.567911894707287,2.5344310809095747,2.863963176711002,-0.3888888888888889,0.3333333333333333,2,1.726594563798906,0.0,-1.3465220943767353,-0.3825818329823925,False,False,False,False,False
Sweden,SWE,2006,4.844903935573225,2.5099097457264454,2.5036377549751148,0.0,0.5,1,2.1716902872549566,0.0,-1.2619613026756402,-1.0689031841261547,False,False,False,False,False
Sweden,SWE,2007,4.876453421208724,2.356634084455062,2.1419164080999513,0.2777777777777778,0.5555555555555556,1,2.208334116086081,0.0,-1.2629794285798455,-1.0707591444990339,False,False,False,False,False
Sweden,SWE,2008,4.938005939858029,2.109759348489215,2.2074193198461676,0.5555555555555556,0.611111111111111,1,2.3177035883053487,0.0,-1.2302163262131285,-0.9328876957952092,False,False,False,False,False
Sweden,SWE,2009,4.968694102702427,1.9516976205445529,2.265816863336094,0.7777777777777778,0.6666666666666666,1,2.4150194950943926,0.05555555555555555,-1.2008675508971134,-0.9356029619101117,False,False,False,False,False
Sweden,SWE,2010,9.22855311155942,2.7474524541438776,0.9107909704655398,0.8888888888888888,0.7777777777777778,0,3.244025973900434,0.3888888888888889,-0.9807975374097218,-0.8905338976978184,False,False,True,True,True
Sweden,SWE,2011,9.277429714699158,5.224974339728248,0.6710918344652078,1.0,0.9444444444444445,1,3.8124769555563005,0.7777777777777778,-1.0229330220437194,-1.2525581017452934,True,False,True,True,True
Sweden,SWE,2012,9.327653292901296,6.074168326617498,0.6976046645399546,1.0,1.0,0,4.019885256811749,0.4793949953598125,-1.4165068258662685,0.1048516527461044,False,False,False,False,False
Sweden,SWE,2013,9.148393255915705,7.504735263863126,0.4888255606228484,0.9444444444444445,1.0,0,4.206168593858115,0.3964932491195161,-1.3480305464087974,0.8561464140252151,False,False,False,False,False
Sweden,SWE,2014,3.951777735787292,7.768300091815986,0.4849284647477647,0.7222222222222222,0.8333333333333334,1,3.0632234806924306,0.44943088346387255,-1.8730949108282997,1.3482926503916177,False,False,False,False,False
Sweden,SWE,2015,2.8247619848974668,7.826528702228843,2.5723372300770087,0.7222222222222222,0.8888888888888888,1,3.2891700278851084,0.0,-1.9619897253252092,-0.06943263629854328,False,False,False,False,False
Sweden,SWE,2016,2.379850413469465,7.649007267092623,3.05322358747618,0.5555555555555556,0.8333333333333334,1,3.171971809163209,0.0,-2.080275430594918,-0.8331213053307488,False,False,False,False,False
Sweden,SWE,2017,2.6164986428025836,7.2982683057447915,2.9011055240786656,0.16666666666666666,0.7777777777777778,1,2.9409522723029857,0.0,-2.065605227634331,-0.785911886152516,False,False,False,False,False
Sweden,SWE,2018,3.116187008666046,6.978959288184761,2.5047738696448554,-0.2222222222222222,0.7777777777777778,1,2.8310951444102437,0.0,-1.9666043944195377,-1.0869151873244633,False,False,False,False,False
Sweden,SWE,2019,1.0574718432654142,8.385491375705534,0.08011867575280494,0.05555555555555555,0.8333333333333334,0,2.260171934500306,0.0,-1.9982224218768112,-1.2019302441164608,False,False,False,False,False
Sweden,SWE,2020,0.8498444187881208,8.933674886658139,0.14470562705148055,0.2222222222222222,0.8333333333333334,0,2.4078672087217705,0.0,-1.9878803787491983,-1.0904246366046404,False,False,False,False,False
Sweden,SWE,2021,0.8684277105956872,9.091756929267403,0.1225881066807766,0.2777777777777778,0.8333333333333334,0,2.4609989937532175,0.0,-1.981057495960612,-1.0870665594996753,False,False,False,False,False
Sweden,SWE,2022,1.4196006965552772,8.727880271949042,0.7852370588578997,0.5555555555555556,0.7777777777777778,1,2.719876938805777,0.1111111111111111,-1.7531132113397636,-0.3301610935395434,False,False,True,True,True
Sweden,SWE,2023,2.5511292461648485,7.7276740780413204,1.0283190775729556,0.7222222222222222,0.611111111111111,1,2.7947578136891584,0.5,-1.7291167782761332,-0.13956213116034463,False,False,True,True,True
Sweden,SWE,2024,2.184533885147031,7.114560596434346,-0.12413315143837957,0.7222222222222222,0.5,0,2.3487077852051645,0.7222222222222222,-1.9166923984092765,-2.325733560231946,True,False,True,True,True
Sweden,SWE,2025,10.0,6.990716806389895,5.863368807658201,0.8888888888888888,0.3888888888888889,0,5.08192823392073,0.611111111111111,-1.9066773789421085,-2.5175649344202786,True,False,True,True,True
Switzerland,CHE,1991,,,,,,0,0.0,0.0,,,False,False,False,False,False
Switzerland,CHE,1992,,,,,,0,0.0,0.0,,,False,False,False,False,False
Switzerland,CHE,1993,,,,,,0,0.0,0.0,,,False,False,False,False,False
Switzerland,CHE,1994,,,,,,0,0.0,0.0,,,False,False,False,False,False
Switzerland,CHE,1995,,,,,,0,0.0,0.0,,,False,False,False,False,False
Switzerland,CHE,1996,1.998014119153656,0.476917406044461,0.40375219577241284,,,0,0.9595612403235099,1.5505712669007612,1.7972130410517382,1.303929492749784,False,False,False,False,False
Switzerland,CHE,1997,1.2940820331761207,0.38116905562318226,1.8615162013332684,,,0,1.1789224300441905,0.9780389339914657,1.060510773738592,0.8955670942443394,False,False,False,False,False
Switzerland,CHE,1998,0.976162704271883,0.3677008825939047,0.5560137606809284,,,0,0.6332924491822388,1.0166877240896985,0.9117188367305418,1.121656611448855,False,False,False,False,False
Switzerland,CHE,1999,0.5293823952329827,0.3983861816156021,1.6490609893338684,-0.6666666666666669,1.0,0,0.9153659132364906,0.32763187083112394,0.45509356430284853,0.5278020481905233,False,False,False,False,False
Switzerland,CHE,2000,0.7303725888577091,2.730920765363266,0.7759158582196192,0.0,0.9999999999999999,0,1.2474418424881188,0.1292550110531219,0.3877650331593657,-0.8525996953290396,False,False,False,False,False
Switzerland,CHE,2001,1.0433191592119915,0.9093667432451947,0.6466709587815032,0.3333333333333333,0.7333333333333333,0,0.9465380389144045,0.0,-0.9155593269223069,-1.9833300243569034,False,False,False,False,False
Switzerland,CHE,2002,1.3121369809728234,1.4301633030123875,1.1374294537805179,0.5238095238095238,0.8095238095238096,0,1.309279280886479,0.0,-0.9141611979372283,-0.7734101851224654,False,False,False,False,False
Switzerland,CHE,2003,1.337176932102519,1.5146800780995509,1.453380898524113,0.6428571428571428,0.8571428571428571,0,1.4610475817452366,0.0,-0.9957141686130407,-0.3972667108230694,False,False,False,False,False
Switzerland,CHE,2004,0.6190085340065804,0.9825243652993585,1.3444354638843121,0.5555555555555556,0.7777777777777778,0,1.1225270059713837,0.0,-1.2055284133241058,-0.43697638244114373,False,False,False,False,False
Switzerland,CHE,2005,0.5932331187591153,0.3449289762923681,2.493547813095082,0.3888888888888889,0.5,0,1.0418975371848687,0.19820925047971746,-0.5813381421864031,0.5946277514391524,False,False,False,False,False
Switzerland,CHE,2006,0.6437841596650589,1.7049418499278401,0.6815608537130128,0.05555555555555555,0.4444444444444444,0,0.8060573726611825,0.2922483032824515,-0.6262745930670047,0.8767449098473545,False,False,False,False,False
Switzerland,CHE,2007,0.6093350229438116,2.260453997765839,0.7505547433513055,0.16666666666666666,0.5,0,0.9907354194788578,0.2985678402075612,-0.7933783546786886,0.8957035206226837,False,False,False,False,False
Switzerland,CHE,2008,3.3691517444938714,1.8608781381830923,0.9172993449694193,0.3888888888888889,0.4444444444444444,0,1.5627991788626097,0.8491965249447148,0.42578047764969407,1.6218090971844503,False,True,True,True,False
Switzerland,CHE,2009,1.2262506953452117,0.47635579181284576,0.8383821555089018,0.7222222222222222,0.7222222222222222,0,1.0859755063111698,0.9548682362178615,-0.18990958679952896,1.3646047086535849,False,True,True,False,False
Switzerland,CHE,2010,0.7647518089064456,0.040897242805944145,0.8547129072636706,0.7777777777777778,0.3888888888888889,0,0.7987390584618786,0.8387420438804764,-0.4848455168079378,1.0162261316414287,True,True,True,False,False
Switzerland,CHE,2011,1.400645854040884,0.13252345304209923,0.2289626429236209,0.7222222222222222,0.16666666666666666,0,0.7079819455568763,0.9814472118941486,-0.0741527452664109,1.2776749690157794,True,False,True,False,False
Switzerland,CHE,2012,4.9185290938305934,-1.1227883035620012,2.39852093545417,0.7222222222222222,-0.1111111111111111,0,1.7522988947458416,1.9009412527244638,2.0154487011128728,1.8540417237271853,False,True,True,True,True
Switzerland,CHE,2013,4.367109505828588,1.2078487723605078,0.20416161025669557,0.6666666666666666,0.2777777777777778,0,1.533601755466936,1.7900871217752208,1.8916673027463857,1.8119273959126097,False,True,True,True,True
Switzerland,CHE,2014,2.5716392820706013,2.213634935440039,-0.040856858665130905,0.5555555555555556,0.3333333333333333,1,1.3126103990576836,1.546930293457878,1.220012948879441,1.7541112648275254,False,False,False,False,False
Switzerland,CHE,2015,3.872482419123401,0.3020204750898223,-0.16400958006129523,0.611111111111111,0.3333333333333333,1,1.2126783566204224,1.871890593983899,2.0051453148786704,1.9438598004063599,False,True,True,False,False
Switzerland,CHE,2016,4.147554177682209,0.2468568270384953,-0.08597701276629541,0.611111111111111,0.3333333333333333,2,1.2566599787219188,2.1600665622287183,2.547047840476725,2.2664851795427627,False,False,False,False,False
Switzerland,CHE,2017,4.330549602429884,-0.9039523411389588,-0.620899242110654,0.8888888888888888,0.3333333333333333,0,1.3549988093748657,2.4572395345649762,2.7942056276593155,2.410846309368946,False,False,False,False,False
Switzerland,CHE,2018,4.96225319374744,0.4000229898531811,-0.5405341710025441,0.9444444444444445,0.2777777777777778,0,1.561344125609013,2.596138066369402,2.940652305762656,2.514428560012215,True,True,True,True,True
Switzerland,CHE,2019,7.755140064706426,1.211502478720158,1.0851940666503277,0.9444444444444445,0.3888888888888889,0,2.543700655348716,2.8205599945261484,3.8640115356213927,2.2643351146237194,True,False,True,True,True
Switzerland,CHE,2020,9.007944379563366,2.3155105865119396,0.6499142540751005,0.8888888888888888,0.5555555555555556,1,2.972451621807859,2.7038365060135647,3.9204631561324463,1.8577130285749153,True,False,True,True,True
Switzerland,CHE,2021,6.2462772257907435,2.184762522223117,0.43732233654976593,0.8333333333333334,0.5,0,2.3070057502460584,1.8987963608714746,2.4088706574986753,1.2875184251157485,False,False,True,True,True
Switzerland,CHE,2022,6.269170092385332,0.9234010557966731,0.7294731212170071,0.7777777777777778,0.3333333333333333,0,2.028853298324247,1.629450100167979,2.5505620608446633,0.8377882396592738,False,False,False,False,False
Switzerland,CHE,2023,6.174341493811328,0.5780762687382676,1.8038863789658246,0.6666666666666666,0.4444444444444444,0,2.1557052727475288,1.5349981026277482,3.4383276412165777,-3.672678801285336,False,False,False,False,False
Switzerland,CHE,2024,6.7922429014697245,-1.3022095959296212,2.336299181499915,0.6666666666666666,0.16666666666666666,0,2.1590417499272614,1.9244931861817796,4.606812891878672,-3.682754881545792,False,False,False,False,False
Switzerland,CHE,2025,10.0,0.34307992148224636,10.0,0.6666666666666666,0.2777777777777778,0,4.446393762074227,1.9132734495221821,4.573153681899879,-3.654725477421434,False,False,False,False,False
Syria,SYR,1991,0.0,,,,,0,0.0,0.0,,,False,False,False,False,False
Syria,SYR,1992,0.0,,,,,0,0.0,0.0,,,False,False,False,False,False
Syria,SYR,1993,0.0,,,,,0,0.0,0.0,,,False,False,False,False,False
Syria,SYR,1994,0.0,,,,,0,0.0,0.0,,,False,False,False,False,False
Syria,SYR,1995,0.0,,,,,0,0.0,0.0,,,False,False,False,False,False
Syria,SYR,1996,0.6802082540129237,0.028542088152853553,0.06317503077900073,,,0,0.2573084576482593,0.0,-0.727238728847655,-1.411163284656039,False,False,False,False,False
Syria,SYR,1997,0.0,0.5288033925637027,-0.12793834711494503,,,0,0.17626779752123423,0.0,-1.5121104858199501,-1.4627779869970996,False,False,False,False,False
Syria,SYR,1998,0.0,0.7221506574894546,0.4097393306707378,,,0,0.3772966627200642,0.0,-2.08572923242221,-1.4436787563617353,False,False,False,False,False
Syria,SYR,1999,2.4430563551284306,0.6945398921604985,0.29989211248107983,0.6666666666666669,1.0,1,1.3541643386206685,0.6257327003384278,0.28827698402579166,1.5889211169894917,False,False,False,False,False
Syria,SYR,2000,0.846796460424987,2.9492357163577463,2.841224516138443,0.7999999999999999,0.9999999999999999,1,2.0474513385842354,0.7489334852152364,0.6281600959489929,0.4186403596967163,False,False,False,False,False
Syria,SYR,2001,0.8280071406182223,0.6978446804808376,0.895383372629275,0.8666666666666666,0.8666666666666666,0,1.1775803720790003,0.795795087206164,0.5821245167796268,0.4052607448388651,False,False,False,False,False
Syria,SYR,2002,1.0033271054108608,0.7282794684177513,0.8241688549424776,0.9047619047619049,0.8095238095238096,0,1.1968693714685037,1.0269939984861476,0.6542881288804898,0.5695510094350958,False,True,True,False,False
Syria,SYR,2003,1.224905723459171,1.148145474162968,0.8199928946646243,0.9285714285714285,0.7857142857142856,0,1.3243231041716383,1.0130060799634366,0.6443397948162908,0.4661070165025908,False,False,True,False,False
Syria,SYR,2004,1.1936945214078947,0.914824512548205,0.8174508829456072,0.9444444444444445,0.7777777777777778,0,1.2740828722692303,1.109633378592989,0.703394535949458,0.45883893316284274,True,False,True,False,False
Syria,SYR,2005,1.0072392016142948,0.7880223126503952,0.8501213475363323,0.9444444444444445,0.6666666666666666,0,1.1735210168046488,1.2449317460261442,0.8244943906891701,0.4103008473892625,True,False,True,False,False
Syria,SYR,2006,0.9962746228990084,0.8162168143196392,0.8907507768824218,0.8888888888888888,0.5555555555555556,0,1.1184262205979916,1.2307258937519954,0.773335505842381,0.41884217541360474,True,False,True,False,False
Syria,SYR,2007,2.7028064682127972,0.8312631357845346,2.507841986931077,0.8888888888888888,0.2777777777777778,0,1.6750489848523487,1.2079046676870229,0.9874469878362195,0.13626701522484908,True,False,True,True,False
Syria,SYR,2008,2.3586148210799314,1.076877976199968,0.7967122807106628,0.8888888888888888,0.5555555555555556,0,1.4242187933758903,1.068861882816127,0.7539954567518101,0.45259019169657044,True,False,True,False,False
Syria,SYR,2009,0.5174849214680773,0.6182594832809007,0.12008666343344455,0.4444444444444444,0.5555555555555556,0,0.6511662136364845,0.2777777777777778,-1.3652466651759838,-0.2333854450199883,False,False,True,False,False
Syria,SYR,2010,0.22827933811376588,0.8497244202666583,1.5617178327942591,0.1111111111111111,0.2222222222222222,0,0.66127765156827,0.0,-2.4651410553839246,-1.6529728329046423,False,False,False,False,False
Syria,SYR,2011,10.0,3.4444167405059534,4.727808376512203,0.16666666666666666,0.3333333333333333,1,3.8344450234036316,3.388888888888889,10.0,-0.829958378173728,False,False,False,False,False
Syria,SYR,2012,10.0,3.6120177638022555,3.8089761807703617,0.2777777777777778,0.4444444444444444,4,3.7730876778034124,3.5,10.0,-2.1457225292038142,False,False,False,True,True
Syria,SYR,2013,10.0,1.9440575029395943,2.0963438157031415,0.3888888888888889,0.6666666666666666,2,3.2303024859507694,3.611111111111111,10.0,-3.4505043994498394,False,False,False,True,True
Syria,SYR,2014,10.0,1.8200904666708118,0.7363260524618127,0.5555555555555556,0.8888888888888888,1,3.089061081604303,3.8333333333333335,10.0,-4.033777266378631,False,False,False,False,False
Syria,SYR,2015,10.0,1.6623593276097908,0.48001090193457274,0.8333333333333334,1.0,1,3.161807379242206,3.944444444444444,10.0,-3.938827493149523,False,False,False,False,False
Syria,SYR,2016,10.0,1.785833198047098,0.26010540405606897,1.0,0.8888888888888888,1,3.164743275976189,4.0,10.0,-2.6049766554354266,False,False,False,False,False
Syria,SYR,2017,10.0,1.8587438433016676,0.19683672503957414,0.9444444444444445,0.7777777777777778,1,3.100005002557137,4.0,10.0,-2.300771358322515,False,False,False,False,False
Syria,SYR,2018,10.0,2.1429577421914505,0.47966809772550223,0.9444444444444445,0.8888888888888888,1,3.2578585013167243,3.888888888888889,10.0,-2.472682708632888,False,False,False,False,False
Syria,SYR,2019,10.0,2.533096255842059,3.0307736246500676,0.9444444444444445,0.7777777777777778,3,3.801662864987315,3.611111111111111,10.0,-2.8645916172465276,False,False,False,True,False
Syria,SYR,2020,10.0,1.4921912991413093,2.4753095875386024,1.0,0.5555555555555556,1,3.4157223995582044,3.3333333333333335,10.0,-3.6188394016971945,False,False,False,False,False
Syria,SYR,2021,10.0,0.9656751806691434,1.8022922027187989,1.0,0.3333333333333333,1,3.0869268100109215,3.3333333333333335,10.0,-3.5224711351731384,False,False,False,False,False
Syria,SYR,2022,10.0,0.827355744580224,1.0021364425945447,0.5555555555555556,0.3333333333333333,0,2.721453992990509,0.40803876251804533,1.224116287554136,-1.188354378389743,False,False,False,False,False
Syria,SYR,2023,10.0,0.9948366010511208,1.9079150214676968,0.611111111111111,0.3888888888888889,0,2.9805503245037634,0.0,-2.097837984593698,-2.0234499489360678,False,False,False,False,False
Syria,SYR,2024,10.0,1.9618222339725007,4.300150508339424,0.6666666666666666,0.5555555555555556,2,3.7412834373512736,3.3333333333333335,10.0,-2.4983710412039537,False,False,False,True,True
Syria,SYR,2025,10.0,2.6753887798180305,4.341600911097695,0.7222222222222222,0.7222222222222222,3,3.981175715960922,3.3333333333333335,10.0,-3.0098760200415087,False,False,False,True,True
Taiwan,TWN,1991,,,,,,0,0.0,0.0,,,False,False,False,False,False
Taiwan,TWN,1992,,,,,,0,0.0,0.0,,,False,False,False,False,False
Taiwan,TWN,1993,,,,,,0,0.0,0.0,,,False,False,False,False,False
Taiwan,TWN,1994,,,,,,0,0.0,0.0,,,False,False,False,False,False
Taiwan,TWN,1995,,,,,,0,0.0,0.0,,,False,False,False,False,False
Taiwan,TWN,1996,1.2934618224606398,2.588530295828994,0.7384374992799099,,,0,1.5401432058565145,0.6955896819003907,-0.6053704122661946,1.3911793638007814,False,False,False,False,False
Taiwan,TWN,1997,1.2671674965601525,0.9556490472747006,0.19216190523475332,,,0,0.8049928163565355,0.5732252851916846,-0.5490695996327708,1.1464505703833692,False,False,False,False,False
Taiwan,TWN,1998,1.1805314189920717,1.0790303052895118,1.106607210605119,,,0,1.1220563116289008,0.5558161010116871,-0.6588647401769734,1.1116322020233742,False,False,False,False,False
Taiwan,TWN,1999,1.073698085386355,1.150652025107719,2.167190395686191,0.6666666666666669,1.0,0,1.5449747679027197,0.355398455000997,-0.740356352201416,1.066195365002991,False,False,False,False,False
Taiwan,TWN,2000,1.0005411253919085,0.8585181652391681,2.7085223067550612,0.7999999999999999,0.9999999999999999,0,1.6335163194772275,0.0,-0.37648065136744213,-0.5973006830526323,False,False,False,False,False
Taiwan,TWN,2001,0.8264837795529794,1.1456009263803004,0.6387789209737978,0.6,0.9999999999999999,0,1.1621727253814156,0.3333333333333333,-0.3563832357884111,-0.5508459072642785,False,False,False,False,False
Taiwan,TWN,2002,0.8433355165886062,1.0845947976292385,2.443398704239545,0.6190476190476191,0.9047619047619049,0,1.4837896132152875,0.5238095238095238,-0.35005107486161596,-0.5293045261640542,False,False,False,False,False
Taiwan,TWN,2003,1.4264789467884902,1.167709812272336,2.6322054173058973,0.6428571428571428,0.4999999999999999,0,1.5024216924162017,0.6428571428571428,-0.32012332554024403,-0.5315024383246576,False,False,False,False,False
Taiwan,TWN,2004,2.0932778423013354,1.0478397410882692,1.4746320409519884,0.7222222222222222,0.5555555555555556,2,1.4342610359794297,1.3420050790056715,1.8593485703503474,-1.1706871534730852,False,False,True,False,False
Taiwan,TWN,2005,2.113382632466332,0.916416808196215,1.6708695199527843,0.7777777777777778,0.9444444444444445,1,1.6290226810119552,1.5324502738282406,2.0973508214847216,-1.3358167929318114,True,False,True,True,True
Taiwan,TWN,2006,1.9521174835841932,2.4172654806577336,1.8761918924227023,0.8888888888888888,0.9444444444444445,1,1.9824483046662593,1.5239359387740057,1.9051411496553505,-1.1068724798794305,True,False,True,True,True
Taiwan,TWN,2007,1.9628459939403402,1.9581312902530295,7.113689538953342,0.9444444444444445,0.8888888888888888,1,2.940266697962676,1.5315576281069774,1.928006217654266,-1.0162321576175117,True,False,True,True,True
Taiwan,TWN,2008,8.495795685703596,2.4153295409298585,4.586907801272607,0.9444444444444445,1.0,5,3.87738438335899,3.9979620084732717,9.32721935875315,-0.663932591889956,True,False,True,True,True
Taiwan,TWN,2009,10.0,1.0902279507834844,2.1183411448713243,0.7777777777777778,0.9444444444444445,3,3.3306027080198506,4.253379574047503,10.0,0.09347205547584035,True,False,True,True,True
Taiwan,TWN,2010,10.0,1.1802646848405842,2.2885675666560985,0.8333333333333334,0.6666666666666666,1,3.2937664502993362,4.218268587930419,10.0,0.15480576379125824,True,False,True,True,True
Taiwan,TWN,2011,10.0,1.2244458916344545,2.2803764785205627,0.7777777777777778,0.5555555555555556,2,3.2342978073643365,4.209531574051932,10.0,0.12859472215579756,True,False,True,True,True
Taiwan,TWN,2012,10.0,1.2208452124700466,2.310842595398798,0.6666666666666666,0.611111111111111,3,3.21744867268488,4.04837948518451,10.0,0.14513845555353005,False,True,True,True,True
Taiwan,TWN,2013,10.0,1.2899618803225095,2.4642718216827615,0.7777777777777778,0.5555555555555556,4,3.2841800737343876,4.003581910651208,10.0,0.6774123986202903,False,True,True,True,True
Taiwan,TWN,2014,10.0,1.308207927260167,2.0142570095209322,0.8888888888888888,0.4444444444444444,4,3.197826320689553,3.839596919914064,10.0,0.6854574264088572,False,True,True,True,True
Taiwan,TWN,2015,9.766211881748815,1.3307196763696907,3.92693893482581,0.8888888888888888,0.5555555555555556,3,3.582551876366641,3.61895876187819,10.0,0.6902096189679032,False,True,True,True,True
Taiwan,TWN,2016,9.61938755474267,2.5752950824189242,2.544763173744306,0.7777777777777778,0.5555555555555556,2,3.4812224955145132,3.3869894320230465,10.0,0.16096829606914004,False,True,True,True,True
Taiwan,TWN,2017,0.4171171949595478,1.3150189803175334,1.8527493979453022,0.5,0.611111111111111,0,1.1614215590889212,0.07734975737099771,0.23204927211299314,-0.42627651783572884,False,False,False,False,False
Taiwan,TWN,2018,10.0,2.078861154159835,3.871883989394463,0.5555555555555556,0.6666666666666666,4,3.6790379175997487,3.7179245970825385,10.0,1.1537737912476165,False,False,False,True,True
Taiwan,TWN,2019,10.0,0.5367146835636989,2.7200503439558976,0.611111111111111,0.5555555555555556,1,3.1180196721705853,3.7904990534517733,10.0,1.0381638270219855,False,True,True,True,True
Taiwan,TWN,2020,10.0,0.6681120830578083,2.5632925514177933,0.7222222222222222,0.611111111111111,0,3.179614260228454,4.0528458692995954,10.0,0.9918709412321203,False,False,False,False,False
Taiwan,TWN,2021,10.0,0.7529630360802543,1.6674749682860883,0.8888888888888888,0.5555555555555556,0,3.0618653786510466,4.330830886144424,10.0,0.9924926584332722,False,False,True,True,True
Taiwan,TWN,2022,10.0,0.7389760519232444,1.5110903094934993,0.8888888888888888,0.3333333333333333,0,2.9389021611722375,4.444912913162481,10.0,1.0014054061541098,True,False,True,True,True
Taiwan,TWN,2023,10.0,0.4123620736549338,3.445737407335231,0.8888888888888888,0.16666666666666666,0,3.193842118420256,4.500730234402673,10.0,1.00219070320802,True,False,True,True,True
Taiwan,TWN,2024,10.0,-0.38376985940585473,1.6105668876813053,0.8888888888888888,0.2777777777777778,0,2.7887800442029276,4.482823503791323,10.0,0.9484705113739698,True,False,True,True,True
Taiwan,TWN,2025,10.0,-0.42284402915595437,3.0378628727006878,0.8888888888888888,0.0,0,2.9631281300956926,4.569221953634656,10.0,1.207665860903968,False,False,True,True,True
Tajikistan,TJK,1991,0.0,,,,,0,0.0,0.0,,,False,False,False,False,False
Tajikistan,TJK,1992,0.0,,,,,0,0.0,0.0,,,False,False,False,False,False
Tajikistan,TJK,1993,0.0,,,,,0,0.0,0.0,,,False,False,False,False,False
Tajikistan,TJK,1994,0.0,,,,,0,0.0,0.0,,,False,False,False,False,False
Tajikistan,TJK,1995,0.0,,,,,0,0.0,0.0,,,False,False,False,False,False
Tajikistan,TJK,1996,1.755143860296505,1.0207254454988812,0.2316403951441414,,,0,1.0025032336465094,1.0613644242175768,1.3616948750431126,0.761033973392041,False,False,False,False,False
Tajikistan,TJK,1997,1.3084214207433065,0.9715625719742271,0.8204605421950267,,,0,1.0334815116375202,0.6569005242585428,0.8529372851938997,0.46086376332318596,False,False,False,False,False
Tajikistan,TJK,1998,1.0479138508374775,1.362626889433728,1.4093617848848312,,,0,1.2733008417186789,0.31114056141948354,0.4184977180768182,0.20378340476214887,False,False,False,False,False
Tajikistan,TJK,1999,0.8640930322238045,0.7484756288098934,1.9563707895179494,-0.6666666666666669,1.0,0,1.1137878901103295,0.13958118442997355,0.38630946432424446,0.032434088965676226,False,False,False,False,False
Tajikistan,TJK,2000,0.7208325906280446,1.1365280360372567,2.8792132543885005,-0.19999999999999998,0.9999999999999999,0,1.3473147762107605,0.1707970343133021,0.5123911029399063,-0.40999777883184413,False,False,False,False,False
Tajikistan,TJK,2001,0.7000126430615246,1.602737502004479,2.7313979207618613,-0.06666666666666665,0.9999999999999999,0,1.4068296131655729,0.566857547625018,0.4763173719664674,1.2242552709085868,False,False,False,False,False
Tajikistan,TJK,2002,0.7389507070884597,1.4668570500622575,2.1812009478753502,0.14285714285714288,0.6190476190476191,0,1.1821636457671183,0.6121281728745455,0.39065692849992634,1.4457275901237099,False,False,False,False,False
Tajikistan,TJK,2003,0.0,0.8999789310904329,0.6689004904790334,-0.14285714285714285,0.4999999999999999,0,0.5137758843138933,0.0,-1.5022784265361995,-0.6539585476181755,False,False,False,False,False
Tajikistan,TJK,2004,0.0,1.173871123026185,1.4562304873453469,-0.2777777777777778,0.5,0,0.7260203220743063,0.0,-1.4553752942268328,-1.1534677493463685,False,False,False,False,False
Tajikistan,TJK,2005,0.0,1.9872519984415733,1.4865269162871086,-0.16666666666666666,0.5555555555555556,0,0.9169780051679586,0.0,-1.4411510252813415,-1.9106740156789597,False,False,False,False,False
Tajikistan,TJK,2006,0.0,0.9905172146324125,1.3960687566620875,-0.2222222222222222,0.6666666666666666,0,0.7439838609255667,0.0,-1.4511890842779112,-1.9086049745424385,False,False,False,False,False
Tajikistan,TJK,2007,0.0,0.8767143048546349,1.7731866173558741,-0.2222222222222222,0.611111111111111,0,0.7744246288865462,0.0,-1.4309379196738632,-1.673217798327157,False,False,False,False,False
Tajikistan,TJK,2008,0.0,1.02822833925662,0.8423852574032062,-0.1111111111111111,0.5555555555555556,0,0.5963449415541875,0.0,-2.241672466981168,-0.984116268175207,False,False,False,False,False
Tajikistan,TJK,2009,0.0,1.295996144019126,1.7431142827470467,0.0,0.2777777777777778,0,0.7189331964643456,0.49810568873815053,-2.2837625801519055,1.4943170662144516,False,False,False,False,False
Tajikistan,TJK,2010,0.0,0.9895657096870519,1.1768910969628341,0.1111111111111111,0.2222222222222222,0,0.5666246946633106,0.5115417271849353,-2.287136140625827,1.534625181554806,False,False,False,False,False
Tajikistan,TJK,2011,0.0,1.2368874411664332,1.1920615920114612,0.0,0.5,0,0.6857898066355789,0.4646186294690819,-2.2914447770873965,1.3938558884072456,False,False,False,False,False
Tajikistan,TJK,2012,0.0,1.577309711644286,1.22985552121014,-0.2777777777777778,0.611111111111111,0,0.8058774910153297,0.0707086446267192,-2.327323058355551,0.2121259338801576,False,False,False,False,False
Tajikistan,TJK,2013,0.0,1.136341812059512,1.4395580433453536,-0.3888888888888889,0.6666666666666666,0,0.7818466377476397,0.00040841619236445595,-2.3130641915226726,0.0012252485770933678,False,False,False,False,False
Tajikistan,TJK,2014,0.0,1.170386503628528,1.902827251113418,0.0,0.611111111111111,0,0.8590871953928337,0.0,-2.3369498949913834,-0.08527065113008599,False,False,False,False,False
Tajikistan,TJK,2015,0.0,1.2096297503372087,0.2519209392199735,0.4444444444444444,0.6666666666666666,0,0.7367545823558809,0.1460801350405128,-2.32904748896243,0.43824040512153833,False,False,False,False,False
Tajikistan,TJK,2016,0.0,2.514924356793477,2.533558814824989,0.7777777777777778,0.8888888888888888,0,1.67636330099036,0.44611952301978763,-1.9622648647023408,1.338358569059363,False,False,False,False,False
Tajikistan,TJK,2017,0.0,1.440052161787063,2.1464422790765934,1.0,0.8333333333333334,0,1.4506322215060647,0.48113336198266027,-1.9535115342962273,1.4434000859479807,False,False,False,False,False
Tajikistan,TJK,2018,0.31619241239001533,1.5118056585593354,1.8071055666510787,1.0,0.8333333333333334,1,1.4603540608534193,0.6404831279916089,-1.95753131778481,1.25478271730816,False,False,False,False,False
Tajikistan,TJK,2019,1.635586621744167,1.5334917943596975,1.8383396239657597,1.0,0.8888888888888888,2,1.7570391635694804,0.779726712623626,-1.9654137688655784,1.339180137870878,False,False,False,False,False
Tajikistan,TJK,2020,1.7160759815895024,1.8785723252861868,1.6337167385502864,0.8333333333333334,0.9444444444444445,2,1.7567841201963064,0.6737622580254484,-1.9696906775945702,1.0212867740763452,False,False,False,False,False
Tajikistan,TJK,2021,1.1269263055837937,1.599442091198872,1.699010421200452,0.8888888888888888,0.9444444444444445,1,1.6184090969299567,0.3224349050674707,-1.9938343106653271,0.467304715202412,False,False,False,False,False
Tajikistan,TJK,2022,1.4055003675880446,1.1131437655637284,1.2122026992974135,0.9444444444444445,0.611111111111111,0,1.3683915887120597,0.3881166724923613,-1.9180841755254183,0.3310166841437507,False,False,False,False,False
Tajikistan,TJK,2023,3.612157393194455,0.653306701523425,2.335129427691254,0.9444444444444445,0.3333333333333333,0,1.831229815592938,0.2222222222222222,-1.924103062758172,-0.019120658667374987,False,False,True,True,True
Tajikistan,TJK,2024,3.7664704960383264,1.044698080990872,1.1544164889534287,0.9444444444444445,0.1111111111111111,0,1.6153392354187475,0.3508493160103845,-1.8921850165086334,0.3858812813644869,False,False,True,True,True
Tajikistan,TJK,2025,5.8623320263811864,0.9268810524479468,0.0794932870017162,0.7777777777777778,0.3333333333333333,0,1.8181857176106142,0.0,-2.2429233706186316,-1.332061773690956,False,False,True,True,True
Tanzania,TZA,1991,,,,,,0,0.0,0.0,,,False,False,False,False,False
Tanzania,TZA,1992,,,,,,0,0.0,0.0,,,False,False,False,False,False
Tanzania,TZA,1993,,,,,,0,0.0,0.0,,,False,False,False,False,False
Tanzania,TZA,1994,,,,,,0,0.0,0.0,,,False,False,False,False,False
Tanzania,TZA,1995,,,,,,0,0.0,0.0,,,False,False,False,False,False
Tanzania,TZA,1996,1.5484557442436133,0.8878636679843913,0.13357844005793706,,,0,0.8566326174286473,1.4662131305429817,0.7981079116527159,2.1343183494332476,False,False,False,False,False
Tanzania,TZA,1997,1.2964791309804027,1.1012701917209031,0.7337974871292645,,,0,1.0438489366101902,0.6434896478899021,0.7871912770595071,0.49978801872029716,False,False,False,False,False
Tanzania,TZA,1998,1.1211608880969848,1.2246860403094804,1.171681598515964,,,0,1.1725095089741433,0.32910407182576495,0.374093021847226,0.28411512180430387,False,False,False,False,False
Tanzania,TZA,1999,1.0637262389544915,1.2633480393167116,1.8428236838883691,1.0,1.0,0,1.6339795924319145,0.013305494196325813,-0.09032211001912825,0.03991648258897744,False,False,False,False,False
Tanzania,TZA,2000,1.0358572342216597,1.815811203181758,1.1239058968174283,0.9999999999999999,0.9999999999999999,0,1.595114866844169,0.0,-0.14391055441326783,-1.9349140971209127,False,False,False,False,False
Tanzania,TZA,2001,1.101702593677016,0.8640698027435012,1.4082266144075686,0.8666666666666666,0.9999999999999999,0,1.4214664688322838,0.18367471356513831,0.5510241406954149,-0.2065087001286407,False,False,False,False,False
Tanzania,TZA,2002,1.1109822730430328,1.104454038882911,1.9959833152752984,0.6190476190476191,1.0,0,1.489902973059296,0.22353520342575817,0.6706056102772745,-0.2126702718525349,False,False,False,False,False
Tanzania,TZA,2003,1.2197807852540146,2.309861365454377,1.7422468979308958,0.5714285714285714,0.9999999999999998,1,1.682949238299286,0.2635475254659851,0.7906425763979552,-0.1618005122132986,False,False,False,False,False
Tanzania,TZA,2004,0.7849475066750337,0.6599302555411222,2.1009301460993264,0.3888888888888889,0.8333333333333334,0,1.1980504705519854,0.0,-2.1942048445154683,-0.9816634121384763,False,False,False,False,False
Tanzania,TZA,2005,1.0848939638115356,0.4991437275584118,0.09943510846137396,0.5555555555555556,0.611111111111111,0,0.8033612266329311,0.17980634030234185,-1.5432270289822263,0.5394190209070255,False,False,False,False,False
Tanzania,TZA,2006,1.6840519879322726,0.4908474328489256,0.15148360711647862,0.6666666666666666,0.3888888888888889,0,0.8874988278017575,0.0,-0.9590401028523406,-1.3686824937137094,False,False,False,False,False
Tanzania,TZA,2007,1.6674230109604677,-0.18676322485131092,1.725602742774104,0.6666666666666666,-0.05555555555555555,0,0.945271817413581,0.0,-0.9745503454241146,-1.4141122070845342,False,False,False,False,False
Tanzania,TZA,2008,1.6960182711867766,0.5460775560206851,0.39683484033877875,0.5555555555555556,-0.16666666666666666,0,0.7500083557314703,0.0,-0.9628490195917314,-1.4742569305961328,False,False,False,False,False
Tanzania,TZA,2009,-0.28692868150521494,0.2800683587871504,0.38240880162557905,0.16666666666666666,-0.2777777777777778,0,0.19916209874921256,0.0,-3.097824318667396,-3.734576553480519,False,False,False,False,False
Tanzania,TZA,2010,-0.46044639416960437,0.5745220284755891,0.9196141637054288,-0.1111111111111111,-0.05555555555555555,0,0.29882723843620357,0.0,-3.2972670752502906,-0.7023703674808054,False,False,False,False,False
Tanzania,TZA,2011,-0.25484542916758135,0.23843196787533638,0.4726967410719271,-0.16666666666666666,0.2777777777777778,0,0.25333685290056385,0.0,-3.089268624736159,-2.1987144299152575,False,False,False,False,False
Tanzania,TZA,2012,3.378056286329444,0.20257222347271586,-0.22301229270269088,-0.05555555555555555,0.611111111111111,0,0.9605701464048764,0.0,-2.679016160684251,-3.953567492590408,False,False,False,False,False
Tanzania,TZA,2013,3.281639085492037,0.9584498128399808,0.3646569474619744,0.2222222222222222,0.3333333333333333,0,1.1431713913810209,0.0,-2.6934028055391637,-5.466506755805696,False,False,False,False,False
Tanzania,TZA,2014,2.8004350317025337,1.4334356542279716,1.3940090093457471,0.2222222222222222,0.5555555555555556,1,1.4366870501663616,0.0,-3.32457563495504,-3.8433268107422567,False,False,False,False,False
Tanzania,TZA,2015,2.509830479189489,1.2995209506439696,2.645135582063939,0.5555555555555556,0.6666666666666666,1,1.7797862912683684,0.0,-3.537384583373001,-4.737861901340734,False,False,False,False,False
Tanzania,TZA,2016,2.540252497530217,2.7886103854042523,1.752981212894603,0.8333333333333334,0.6666666666666666,2,2.0163688191658147,0.0,-2.709431041461189,-1.8458568143870484,False,False,False,False,False
Tanzania,TZA,2017,2.5582515592888027,1.669222185515887,0.965896821123365,0.8888888888888888,0.6666666666666666,2,1.660896335407833,0.0,-2.7313495868097606,-1.6647768116568644,False,False,True,True,False
Tanzania,TZA,2018,2.48755980510445,1.4702966735078276,0.6778804950186123,0.8888888888888888,0.7777777777777778,1,1.5938140613928444,0.0,-2.7707831747203016,-1.5073035096613572,False,False,False,False,False
Tanzania,TZA,2019,2.7197503433468357,1.242203388825188,0.4929607517246088,0.9444444444444445,0.7222222222222222,0,1.5576495634459933,0.0,-2.9390018026110805,-1.99538049686897,False,False,False,False,False
Tanzania,TZA,2020,2.198516233981942,2.5001332063681936,0.7555445931184024,1.0,0.6666666666666666,1,1.7575054733603743,0.0,-2.8432110382462334,-1.0314871164416737,False,False,False,False,False
Tanzania,TZA,2021,10.0,1.2361462720523337,1.3943858702396035,1.0,0.611111111111111,0,3.1705508729028318,0.0,-3.090528646937713,-2.765307281903066,False,False,False,False,False
Tanzania,TZA,2022,10.0,1.9180121015669576,0.6937138969607882,0.9444444444444445,0.4444444444444444,0,3.0779007552611053,0.16666666666666666,-1.6753517399524631,-4.483332231287425,False,False,False,False,False
Tanzania,TZA,2023,10.0,2.0070702416218213,0.6281000635055375,0.8888888888888888,0.611111111111111,0,3.1270340610254714,0.2222222222222222,-0.8621663810944198,-3.9580405624943285,False,False,False,False,False
Tanzania,TZA,2024,10.0,1.615110497088924,0.0651277017670522,0.8333333333333334,0.6666666666666666,0,2.9360476397711954,0.2222222222222222,-0.8478378594233119,-4.251018340329236,False,False,False,False,False
Tanzania,TZA,2025,10.0,1.9445334697011054,0.029736495413212456,0.8333333333333334,0.6666666666666666,1,2.994853993022864,0.4884800701348924,-1.4680872035982147,0.29877354373801046,False,False,False,False,False
Thailand,THA,1991,,,,,,0,0.0,0.0,,,False,False,False,False,False
Thailand,THA,1992,,,,,,0,0.0,0.0,,,False,False,False,False,False
Thailand,THA,1993,,,,,,0,0.0,0.0,,,False,False,False,False,False
Thailand,THA,1994,,,,,,0,0.0,0.0,,,False,False,False,False,False
Thailand,THA,1995,,,,,,0,0.0,0.0,,,False,False,False,False,False
Thailand,THA,1996,1.7275685390646849,0.9354786401494739,-0.08255904733409918,,,0,0.8876823930713863,1.4475090701242792,1.7136408860074201,1.1813772542411383,False,False,False,False,False
Thailand,THA,1997,1.2993401480234041,0.9357461476981234,0.9907142634608362,,,0,1.075266853060788,1.125188244594852,1.2906786606824723,0.959697828507232,False,False,False,False,False
Thailand,THA,1998,1.0574861422781314,1.0373846530512505,1.9074909135277043,,,0,1.3341205696190288,0.9583302852995013,0.9704803378718533,0.9461802327271494,False,False,False,False,False
Thailand,THA,1999,0.87790280454201,0.8996243807767716,1.9416539696331678,1.0,1.0,0,1.54383623099039,0.5393418544635095,0.7307791623525726,0.8872464010379557,False,False,False,False,False
Thailand,THA,2000,1.6365146911614283,2.5463088141180905,2.4030641946076226,0.9999999999999999,0.9999999999999999,1,2.1171775399774284,0.2786331465467648,-0.34623971147296156,0.8358994396402945,False,False,False,False,False
Thailand,THA,2001,0.9356267425015556,1.0861801970012306,2.6322536619072077,0.9999999999999999,0.8666666666666666,0,1.6774787869486656,0.0,-0.8450865266244333,-0.3903823410073997,False,False,False,False,False
Thailand,THA,2002,1.3987136015614245,0.8625237802301909,0.31856138608501744,1.0,0.9047619047619049,0,1.2778645154800887,0.0,-0.8882105168431318,-1.1314607295314523,False,False,False,False,False
Thailand,THA,2003,1.271700280027621,0.7771810581125206,0.20389477319257546,0.9285714285714285,0.8571428571428571,0,1.1648409365522576,0.0,-0.8797947526402636,-0.9088116046466787,False,False,False,False,False
Thailand,THA,2004,0.7332263339191227,0.9021490132020327,-0.03697084372437487,0.7777777777777778,0.7777777777777778,0,0.9492972916464533,0.0,-0.8705644986089554,-0.8642969554542478,False,False,False,False,False
Thailand,THA,2005,2.115325963313642,1.666064696407367,1.3260288710007553,0.5555555555555556,0.7777777777777778,1,1.5548172394776862,0.0,-0.8756830407245721,-1.5154495255139928,False,False,False,False,False
Thailand,THA,2006,2.5408710516047526,0.8285390674729943,4.9474804975894,0.5,0.611111111111111,1,2.1078225677778737,0.41465218175696467,-0.2576384987823032,1.243956545270894,False,False,False,False,False
Thailand,THA,2007,10.0,2.0645704439065438,4.642919532420833,0.6666666666666666,0.6666666666666666,2,3.874831328598808,0.13361032410030774,-0.2602545172714583,0.40083097230092324,False,False,False,True,True
Thailand,THA,2008,10.0,0.8180625544886508,2.246170683036899,0.7777777777777778,0.4444444444444444,3,3.101735536393999,1.2761181155957277,0.6362327453183879,2.025454934802128,False,False,False,True,True
Thailand,THA,2009,10.0,1.0346125741667236,2.2043358516246654,0.8333333333333334,0.7222222222222222,2,3.2700119073805,1.6495384327053806,0.6350258224077799,2.4802561423750284,False,False,True,True,True
Thailand,THA,2010,10.0,0.8673389794187931,2.1925528579349365,0.7222222222222222,0.6666666666666666,2,3.1675339230263018,1.8813775761812304,0.6333983599926829,2.8440677018843417,False,True,True,True,True
Thailand,THA,2011,10.0,0.8688966224192183,1.7155750398251617,0.7777777777777778,0.611111111111111,3,3.072449888004431,1.8144758509468943,0.6363870892995083,2.640373796874509,True,True,True,True,True
Thailand,THA,2012,10.0,0.8634202497060638,1.7111706239100957,0.8333333333333334,0.5,3,3.0482515080565653,1.6976908624806317,0.6359128498338297,2.623826404274733,False,False,False,True,True
Thailand,THA,2013,10.0,0.9210926364298881,1.7190243950517181,0.8888888888888888,0.5,2,3.0835789618518765,1.737675739797752,0.693751068269532,2.5192761511237243,True,True,True,True,True
Thailand,THA,2014,10.0,1.363998477679038,2.7011212736832597,0.8888888888888888,0.7777777777777778,2,3.479690616939126,1.4611256101587753,0.9664815090222293,1.416895321454097,False,False,False,True,True
Thailand,THA,2015,10.0,1.676725095672924,4.104873659866139,0.8888888888888888,0.7777777777777778,2,3.82298641777448,0.9223507210211022,0.4816414538723251,1.2854107091909812,False,False,True,True,True
Thailand,THA,2016,10.0,2.517746036486075,4.250359951240192,0.8333333333333334,0.7777777777777778,1,3.9980656419896983,0.5996711232721728,0.4574526295926115,1.3415607402239067,False,False,False,False,False
Thailand,THA,2017,10.0,2.5547938291298657,5.759540743865842,0.6666666666666666,0.7777777777777778,2,4.24064469237692,0.0,-0.20250719206072687,-0.8650280795626382,False,False,False,True,True
Thailand,THA,2018,10.0,2.3363194775148695,5.665847276357719,0.7777777777777778,0.7777777777777778,3,4.222655572996741,0.0,-0.1910395749965601,-0.8065705627691722,False,False,False,True,True
Thailand,THA,2019,10.0,2.2357302601417026,4.428238203230556,0.7777777777777778,0.6666666666666666,3,3.910571470452229,0.04992491544705683,0.06665657153479665,0.08311817480637383,False,False,False,True,True
Thailand,THA,2020,10.0,2.26634484499109,4.512237472055328,0.8333333333333334,0.8333333333333334,2,4.0223831300759505,0.0987620512514366,0.07094256704852014,0.2253435867057896,False,False,False,True,True
Thailand,THA,2021,10.0,2.3267250866150775,8.177625008671006,0.8888888888888888,0.7222222222222222,2,4.7453144635016615,0.10878612960370092,0.07638657194503899,0.24997181686606376,False,False,False,True,True
Thailand,THA,2022,10.0,2.6234304058071403,4.691515130076324,0.8888888888888888,0.7222222222222222,3,4.107433551621137,0.24806652022110912,0.07276817288493113,0.6714313877783963,False,False,False,True,True
Thailand,THA,2023,10.0,1.5853698479457954,5.7429128044837725,0.4444444444444444,0.8888888888888888,1,3.998989863819247,0.29180467671146554,-0.49418676146678014,0.8754140301343966,False,False,False,False,False
Thailand,THA,2024,10.0,1.916633797442407,5.85303726454334,0.5,0.8333333333333334,2,4.087267545730483,0.15273983395244872,-0.5133113492490432,0.45821950185734617,False,True,True,True,False
Thailand,THA,2025,10.0,1.1819363071718372,1.786414100501714,0.611111111111111,0.7222222222222222,1,3.1270034148680432,0.06651498561476281,-0.6773608923246354,0.1995449568442884,False,False,False,False,False
The Gambia,GMB,1991,,,,,,0,0.0,0.0,,,False,False,False,False,False
The Gambia,GMB,1992,,,,,,0,0.0,0.0,,,False,False,False,False,False
The Gambia,GMB,1993,,,,,,0,0.0,0.0,,,False,False,False,False,False
The Gambia,GMB,1994,,,,,,0,0.0,0.0,,,False,False,False,False,False
The Gambia,GMB,1995,,,,,,0,0.0,0.0,,,False,False,False,False,False
The Gambia,GMB,1996,1.5064674535633513,0.7838571815731223,-0.9283398870831993,,,0,0.7634415450454912,0.7543813588819498,1.5087627177638996,-0.3794428961341374,False,False,False,False,False
The Gambia,GMB,1997,1.324796034896841,0.8101933218261723,-0.5957532602630795,,,0,0.7116631189076711,0.6586345761006533,1.042718894045572,0.27455025815573464,False,False,False,False,False
The Gambia,GMB,1998,1.0752425561164891,0.73139657194709,-0.010715739277373723,,,0,0.6022130426878597,0.2763646169480633,0.5527292338961266,-0.011151124355722327,False,False,False,False,False
The Gambia,GMB,1999,0.949666833105477,0.743937804535143,0.6048658302580939,0.3333333333333334,1.0,0,0.9930274269130763,0.060522102028462345,0.18156630608538704,-0.12876012139178178,False,False,False,False,False
The Gambia,GMB,2000,0.7040086419587235,0.6966264228548069,0.6676914214292728,0.6,0.9999999999999999,0,1.0536652972485607,0.06044365185374783,0.18133095556124348,-0.1079221438513323,False,False,False,False,False
The Gambia,GMB,2001,0.7203829513490901,1.0940966504470313,2.3423162637119868,0.7333333333333333,0.9999999999999999,0,1.524692506434955,0.06055360058450838,0.18166080175352514,-0.14689959187798948,False,False,False,False,False
The Gambia,GMB,2002,0.7312588955989032,1.487413876012591,1.7492060283511222,0.8095238095238096,1.0,0,1.5173852838020472,0.0571929169846872,0.1715787509540616,-0.09017323292151581,False,False,False,False,False
The Gambia,GMB,2003,-0.7138948974331193,1.4944450363314128,2.029146263865259,0.3571428571428571,0.9999999999999998,0,1.2475754028964772,0.0,-0.7588280077753117,-2.1453564568598864,False,False,False,False,False
The Gambia,GMB,2004,-0.8093483413282554,2.227173037615297,2.595773256678258,0.05555555555555555,0.8888888888888888,0,1.3423670366364886,0.7326957350359571,-0.8450833813764401,2.1980872051078713,False,False,False,False,False
The Gambia,GMB,2005,-1.0601446346159793,1.1296817083967867,2.4626772817420464,-0.2777777777777778,0.5,0,0.9184717980277666,0.1790227013762621,-2.2164362709080647,0.5370681041287864,False,False,False,False,False
The Gambia,GMB,2006,-1.0601434797197287,0.2526943669126576,0.6111720563004456,-0.5,0.16666666666666666,0,0.2394399513092873,0.0,-2.441843894017542,-6.015848097455585,False,False,False,False,False
The Gambia,GMB,2007,-1.0601454466946545,-0.2212062647350652,1.1151074438201551,-0.611111111111111,-0.16666666666666666,0,0.22302148876403102,0.0,-2.440337158014181,-4.432913868195746,False,False,False,False,False
The Gambia,GMB,2008,-1.0601467077270557,-0.5586074799570447,1.2917029047463893,-0.611111111111111,-0.16666666666666666,0,0.25834058094927786,0.0,-2.440172749111864,-4.061579208264843,False,False,False,False,False
The Gambia,GMB,2009,-1.0601468390350648,-0.5135830760342733,0.46954952998383354,-0.5555555555555556,0.0,0,0.09390990599676671,0.0,-2.4400205588697594,-3.5933881761114104,False,False,False,False,False
The Gambia,GMB,2010,-1.0601465206904181,0.4537759635272813,-0.2844290255745634,-0.2777777777777778,0.3333333333333333,0,0.22408852603878956,0.0,-2.4424704638324215,-4.9919455825643135,False,False,False,False,False
The Gambia,GMB,2011,-1.0601446185051806,0.7771135546685485,0.03390603999476524,0.16666666666666666,0.7777777777777778,0,0.5399816967104405,0.0,-2.4408944408452706,-4.6700630895820305,False,False,False,False,False
The Gambia,GMB,2012,-1.0601438941915955,1.0527761780462246,-0.4028699591755718,0.5,0.5555555555555556,0,0.6327774578314671,0.0,-2.4395914477525666,-3.623518218018982,False,False,False,False,False
The Gambia,GMB,2013,-1.0601439053546426,1.2082238430390184,0.28726296347256014,0.8333333333333334,0.8333333333333334,0,0.9657640279689824,0.1111111111111111,-2.439754885265163,-5.289388063421124,False,False,False,False,False
The Gambia,GMB,2014,-1.0601434821838134,0.8744109399587151,-0.16893011966679025,0.8888888888888888,0.8333333333333334,0,0.8637710768806318,0.4444444444444444,-2.439765603950051,-6.204951434280181,True,False,True,False,False
The Gambia,GMB,2015,-1.0601452390733184,0.29404855589049916,-0.0838270535374217,0.7777777777777778,0.8888888888888888,0,0.7254763778447665,0.05555555555555555,-2.4427718165924017,-7.33620353670014,False,False,False,False,False
The Gambia,GMB,2016,-1.060127255646949,0.4432355748866566,1.4077753979093983,0.8333333333333334,0.8888888888888888,0,1.0590910834481,0.0,-2.4422700751583153,-5.877364849733433,False,False,False,False,False
The Gambia,GMB,2017,10.0,1.5280255054050829,2.992437082400726,0.8888888888888888,0.8888888888888888,3,3.6152036286722735,1.9472057242353644,-1.993911364124154,5.50828383937276,False,False,False,True,True
The Gambia,GMB,2018,10.0,1.1908970970746775,2.8706336593838326,0.8888888888888888,0.611111111111111,3,3.412306151291702,2.1254655913207166,-1.998993759781819,5.543063440628816,False,False,False,True,True
The Gambia,GMB,2019,10.0,1.3714163065114657,2.860848295977742,0.9444444444444445,0.6666666666666666,3,3.4908973649422856,1.7268769736246936,-1.9954238489242702,4.347297587540748,False,False,False,True,True
The Gambia,GMB,2020,10.0,1.4143071784265655,2.8389707998431324,1.0,0.8333333333333334,3,3.583988928987273,1.5256874264328844,-1.9942805606629566,3.5770622792986537,False,False,False,True,True
The Gambia,GMB,2021,10.0,1.4057506136905933,2.8459990990795867,1.0,0.8333333333333334,3,3.583683275887369,2.0606195648918946,-1.9906379360824444,4.515192028009016,False,False,False,True,True
The Gambia,GMB,2022,10.0,1.9832189658723949,2.866343710208779,1.0,0.8333333333333334,4,3.703245868549568,1.9853105981021333,-1.9944189994334942,4.289265127639733,False,False,True,True,True
The Gambia,GMB,2023,10.0,1.9303509425271883,2.8794681163637503,1.0,0.8888888888888888,4,3.717519367333743,1.826970755183319,-1.9960205681463397,4.31424559888329,False,False,True,True,True
The Gambia,GMB,2024,10.0,1.8838413379402896,3.3906519798991472,1.0,1.0,4,3.8548986635678872,1.8050439128186708,-1.9928049145784406,4.4151317384560125,False,False,True,True,True
The Gambia,GMB,2025,10.0,1.5827026181779147,2.8848114883291474,1.0,0.8888888888888888,4,3.649058376856968,2.1980952080386023,-1.9898649110365305,5.594285624115807,False,False,True,True,True
Togo,TGO,1991,,,,,,0,0.0,0.0,,,False,False,False,False,False
Togo,TGO,1992,,,,,,0,0.0,0.0,,,False,False,False,False,False
Togo,TGO,1993,,,,,,0,0.0,0.0,,,False,False,False,False,False
Togo,TGO,1994,,,,,,0,0.0,0.0,,,False,False,False,False,False
Togo,TGO,1995,,,,,,0,0.0,0.0,,,False,False,False,False,False
Togo,TGO,1996,1.7066039717439951,1.0227825024337702,1.1458021203230246,,,0,1.2917295315002633,1.2686279184925375,1.682177474731809,0.8550783622532659,False,False,False,False,False
Togo,TGO,1997,1.3030051951058255,1.045194839372145,-0.029135059173833855,,,0,0.7827333448259902,0.9962506392916416,1.2818663861631676,0.7106348924201156,False,False,False,False,False
Togo,TGO,1998,1.0866145272637817,1.0613776542834443,0.5496550628725356,,,0,0.8992157481399206,0.714870961572841,1.014805432371305,0.41493649077437705,False,False,False,False,False
Togo,TGO,1999,0.9174340685865391,1.0746269614543071,1.142220802392432,1.0,1.0,0,1.4268563664866556,0.40267130359940717,0.7857827859531582,0.4222311248450634,False,False,False,False,False
Togo,TGO,2000,0.5663135346185456,0.7252435741360305,2.3824373864412167,0.7999999999999999,0.9999999999999999,0,1.4547988990391585,0.14644746590738653,-0.5389174641853401,0.4393423977221596,False,False,False,False,False
Togo,TGO,2001,-0.00032242657120842757,1.0953479685416638,1.407890519626085,0.6,0.9999999999999999,0,1.1406476976335498,0.0,-0.813494854933539,-0.15213145203291129,False,False,False,False,False
Togo,TGO,2002,-0.0006094846230304381,0.743856047139868,1.3865065980460864,0.4285714285714286,0.9047619047619049,0,0.9594058623705243,0.0,-0.8856107868493981,-1.7143504920632142,False,False,False,False,False
Togo,TGO,2003,-0.002241784773487065,0.5328478208088434,1.7429556840609115,0.21428571428571427,0.8571428571428571,0,0.8837321295453794,0.0,-0.8968130241459878,-1.403920205729814,False,False,False,False,False
Togo,TGO,2004,-0.0018903780165372326,0.6996343220938553,1.1955455506692294,0.1111111111111111,0.7222222222222222,0,0.7123693078859503,0.0,-0.8887541291041265,-1.049944533652776,False,False,False,False,False
Togo,TGO,2005,2.978878664613414,2.1101917635750325,2.58366028543345,0.1111111111111111,0.7222222222222222,1,1.8678794760577122,0.4927078051545777,-0.7410418200010477,1.478123415463733,False,False,False,False,False
Togo,TGO,2006,10.0,3.060129596413183,6.830142550249335,0.2777777777777778,0.7222222222222222,1,4.378054429332503,0.4068441489229448,-0.7028538509378682,1.2205324467688343,False,False,False,True,False
Togo,TGO,2007,10.0,2.3778739373287245,2.0267454172946913,0.611111111111111,0.7222222222222222,1,3.4142572042580164,0.5074416102468196,-0.6747017745970562,1.5223248307404587,False,False,False,False,False
Togo,TGO,2008,10.0,2.7136280090847023,1.4727620698795967,0.8888888888888888,0.7777777777777778,1,3.503944682459527,0.8085875911203547,-0.6755882113581297,1.7590961066943975,False,False,False,False,False
Togo,TGO,2009,10.0,2.842489901385217,2.0370391589824277,1.0,0.7222222222222222,2,3.6647947009624176,1.1430980090502931,-0.6810208716162641,1.7626273604842126,False,True,True,True,True
Togo,TGO,2010,10.0,3.0391724060729204,1.856377696511728,1.0,0.8888888888888888,2,3.734665576072486,1.0321121140257337,-0.6740407827303754,0.9296696754105347,True,True,True,True,True
Togo,TGO,2011,10.0,2.7674686402511504,1.8816012362631496,0.9444444444444445,0.8333333333333334,2,3.6409250864139713,0.900902985198411,-0.675170106141223,0.5360422889285665,False,False,True,True,True
Togo,TGO,2012,10.0,2.903600337570665,2.822424193923566,0.8333333333333334,0.8333333333333334,2,3.8118715729655137,0.932166272326345,-0.670494395332621,0.6298321503123682,False,False,False,True,True
Togo,TGO,2013,10.0,2.8777220541817994,3.0684374552692777,0.6666666666666666,0.9444444444444445,2,3.83367634633466,1.107263845245568,-0.6611346346089855,1.1551248690700378,False,False,True,True,True
Togo,TGO,2014,10.0,1.3681026149065232,1.2991983609423088,0.5555555555555556,0.9444444444444445,1,3.1334601951697665,0.2777777777777778,-0.8208101284569943,-1.0015044400735638,True,False,True,True,True
Togo,TGO,2015,10.0,1.1546701039311644,0.8369729500985488,0.4444444444444444,0.7777777777777778,1,2.8872174996948314,0.2731918794380816,-0.8340260241185251,0.8195756383142447,False,False,False,False,False
Togo,TGO,2016,10.0,1.0749959475258881,1.1670801191783524,0.4444444444444444,0.4444444444444444,0,2.803970768896404,0.8636018551583566,-0.8238344727174987,2.59080556547507,False,False,False,False,False
Togo,TGO,2017,10.0,0.8004284105017545,0.8401494245603381,0.4444444444444444,0.0,0,2.5058933447901963,0.5316996862208109,-0.8158591023572894,1.5950990586624327,False,False,False,False,False
Togo,TGO,2018,10.0,0.6744283503249595,1.1182485368409223,0.4444444444444444,-0.16666666666666666,0,2.536313155210954,0.0,-0.810377217407297,-1.317646917029027,False,False,False,False,False
Togo,TGO,2019,10.0,1.367711146521059,0.5959282971270692,0.3888888888888889,0.0,0,2.548283444285181,0.0,-0.8345404987909304,-1.8334813084679562,False,False,False,False,False
Togo,TGO,2020,10.0,1.093365282111865,0.42751021269397976,0.16666666666666666,0.05555555555555555,0,2.393063987850058,0.0,-0.8428123445717107,-2.2424136181778,False,False,False,False,False
Togo,TGO,2021,10.0,0.9033900175703738,0.0364755253265308,0.611111111111111,0.16666666666666666,0,2.499084219690492,0.0,-0.8405219615909144,-2.4556704968760754,False,False,False,False,False
Togo,TGO,2022,10.0,0.9571080946784241,0.1722408811188011,0.8888888888888888,0.5,0,2.7814253507150006,0.0,-0.8480469234847057,-2.572801554146563,False,False,False,False,False
Togo,TGO,2023,10.0,0.9742410457508549,0.24827483595031485,0.9444444444444445,0.7222222222222222,0,2.911169843006901,0.0,-0.8464523529356166,-2.783877656903752,False,False,True,True,False
Togo,TGO,2024,10.0,1.8184290098631506,1.1214239340024212,1.0,0.8333333333333334,0,3.3213039221064475,0.0,-0.815419439505578,-1.7259057870518448,False,False,False,False,False
Togo,TGO,2025,10.0,-0.22760271627540582,2.6720505577499583,0.9444444444444445,0.6666666666666666,1,3.1788545559944366,0.22326084420541206,0.6697825326162362,-2.293620031081324,False,False,True,True,False
Trinidad and Tobago,TTO,1991,0.0,,,,,0,0.0,0.0,,,False,False,False,False,False
Trinidad and Tobago,TTO,1992,0.0,,,,,0,0.0,0.0,,,False,False,False,False,False
Trinidad and Tobago,TTO,1993,0.0,,,,,0,0.0,0.0,,,False,False,False,False,False
Trinidad and Tobago,TTO,1994,0.0,,,,,0,0.0,0.0,,,False,False,False,False,False
Trinidad and Tobago,TTO,1995,0.0,,,,,0,0.0,0.0,,,False,False,False,False,False
Trinidad and Tobago,TTO,1996,1.5653116032315273,1.868398643049677,0.3487867583550985,,,1,1.2608323348787676,2.0314958839275348,1.827231660912714,2.2357601069423554,False,False,False,False,False
Trinidad and Tobago,TTO,1997,1.3152756858744228,2.384577707266498,1.1504297191459552,,,0,1.6167610374289587,1.176367129732557,1.343328963532446,1.0094052959326685,False,False,False,False,False
Trinidad and Tobago,TTO,1998,1.0069095367465957,1.4686146386729895,1.8299791231641807,,,0,1.4351677661945885,0.6123847311925912,0.9783850509112091,0.2463844114739732,False,False,False,False,False
Trinidad and Tobago,TTO,1999,0.7514745509796094,1.7698417251111653,2.0156788560538605,1.0,1.0,0,1.7073990264289272,0.20106432892132653,0.42621318884875475,0.17697979791522483,False,False,False,False,False
Trinidad and Tobago,TTO,2000,0.9147743861851182,1.884469611021844,2.789196374180615,0.9999999999999999,0.7999999999999999,0,1.8376880742775152,0.03094913484061197,-1.065585910400247,0.0928474045218359,False,False,False,False,False
Trinidad and Tobago,TTO,2001,0.7860172717853716,1.0884696805990737,1.404539671911033,0.9999999999999999,0.8666666666666666,0,1.4024719915257624,0.03282700875495025,-0.836833845902329,0.09848102626485077,False,False,False,False,False
Trinidad and Tobago,TTO,2002,0.8830063572435474,0.7086867055654454,0.9756210172975306,1.0,0.9047619047619049,0,1.2753675779260667,0.0,-0.8747673613704093,-0.7447792899487151,False,False,False,False,False
Trinidad and Tobago,TTO,2003,1.385408117111479,0.8330631581218998,0.6991544081024341,0.9999999999999998,0.9285714285714285,0,1.3549537080957337,0.0,-0.5312960277777513,-0.8960435900108388,False,False,False,False,False
Trinidad and Tobago,TTO,2004,1.6431604248255447,1.0027898063928367,0.7148570004634422,0.9444444444444445,0.9444444444444445,2,1.4277170018919203,0.0,-0.5062444863904093,-0.9475259472769095,False,False,False,False,False
Trinidad and Tobago,TTO,2005,1.9796656719812136,1.0036337947638958,0.5904254450899346,0.8333333333333334,1.0,2,1.448078315700342,0.0,-0.760431232363977,-1.2715092158144399,False,False,False,False,False
Trinidad and Tobago,TTO,2006,10.0,1.159428294858482,10.0,0.8333333333333334,1.0,1,4.96521899230503,0.22545923573912585,0.5097110405507109,-1.3030279199822088,False,False,False,True,True
Trinidad and Tobago,TTO,2007,10.0,1.1339228309430769,10.0,0.8888888888888888,1.0,2,4.982340121744171,2.015510635547014,4.546531906641042,-0.7408665338124891,False,False,False,True,True
Trinidad and Tobago,TTO,2008,10.0,1.3500736968278264,10.0,0.8888888888888888,1.0,3,5.025570294921121,2.389626536914109,4.6688796107423265,-0.7506136704426546,True,False,True,True,True
Trinidad and Tobago,TTO,2009,10.0,1.9901423749093832,10.0,0.8333333333333334,0.9444444444444445,2,5.109139586092988,2.107608859297569,4.15615991122604,-0.510741788818275,False,False,False,True,True
Trinidad and Tobago,TTO,2010,10.0,2.007489697013118,10.0,0.6666666666666666,0.5,1,4.86816460606929,1.973034688716843,4.085770732817196,-1.5754728341303197,False,False,False,True,True
Trinidad and Tobago,TTO,2011,10.0,1.4891903179775445,10.0,0.5555555555555556,0.3333333333333333,1,4.653393619151065,1.921880868447747,4.265642605343241,-1.547042988297703,False,False,False,True,True
Trinidad and Tobago,TTO,2012,10.0,1.0836273263802763,10.0,0.2777777777777778,0.3333333333333333,1,4.4611699097205,1.7035487492648616,4.110646247794585,-1.2062239817689309,False,False,False,True,True
Trinidad and Tobago,TTO,2013,10.0,0.1771735031601424,9.681692283859915,0.2777777777777778,0.1111111111111111,1,4.127328712959567,2.003915798717912,4.845080729487069,-0.8871563880827159,False,False,False,True,True
Trinidad and Tobago,TTO,2014,10.0,0.03135612678064115,10.0,0.2222222222222222,0.1111111111111111,1,4.139604558689461,1.9096426943956528,4.7289280831869585,-1.1069415878834945,False,False,False,True,True
Trinidad and Tobago,TTO,2015,10.0,0.8773875640561646,10.0,-0.2222222222222222,0.5,1,4.375477512811233,0.5466248116455567,1.5373421618001648,0.10253227313650505,False,False,False,True,True
Trinidad and Tobago,TTO,2016,10.0,0.6593418196766779,10.0,-0.05555555555555555,0.7222222222222222,1,4.420757252824224,0.003506925131818247,0.010520775395454741,-0.37791508220494213,False,False,False,True,True
Trinidad and Tobago,TTO,2017,10.0,0.6858224191739791,10.0,0.2777777777777778,0.8333333333333334,1,4.581608928279241,0.0,-0.11846882418480101,-1.9088721407059905,False,False,False,True,True
Trinidad and Tobago,TTO,2018,10.0,0.760282981888239,5.276885320970159,0.5555555555555556,0.7777777777777778,1,3.740766993905013,0.06317055303402885,0.18951165910208656,-2.0030076035990847,False,False,False,False,False
Trinidad and Tobago,TTO,2019,10.0,1.0463625437077937,3.4203837132960397,0.7777777777777778,0.7777777777777778,1,3.5155714736229897,0.0,-1.5736793108494445,-2.7487744057105368,False,False,False,False,False
Trinidad and Tobago,TTO,2020,10.0,1.1417632284273564,1.0999539061174612,0.9444444444444445,0.8333333333333334,3,3.1594545380200745,0.0,-1.642746937481693,-3.0862403863654357,False,False,False,True,True
Trinidad and Tobago,TTO,2021,10.0,0.8478471808796934,1.1657891429378051,1.0,0.7777777777777778,4,3.113838375874611,1.0265336084948444,3.0796008254845333,-2.6691330169854224,False,False,False,True,True
Trinidad and Tobago,TTO,2022,10.0,0.6999724029916707,2.2052152990261344,0.8888888888888888,0.7222222222222222,4,3.225481984848005,1.0120247286343063,3.036074185902919,-2.0542238587339,False,False,False,True,True
Trinidad and Tobago,TTO,2023,10.0,0.22499278241159415,3.2089100621011784,0.8888888888888888,0.611111111111111,4,3.2867805689025547,1.2556364329902137,3.1002426323039747,-2.0222330219863403,False,False,False,True,True
Trinidad and Tobago,TTO,2024,10.0,1.637290958322153,3.7633272136482065,0.8888888888888888,0.611111111111111,2,3.6801236343940715,1.3256200194347323,2.976860058304197,-2.8225048557022245,False,False,False,True,True
Trinidad and Tobago,TTO,2025,10.0,3.38625457327995,2.881941577730587,0.8333333333333334,0.6666666666666666,2,3.853639230202107,1.0203450112052688,2.227701700282473,-2.686105655325541,False,False,False,True,True
Tunisia,TUN,1991,,,,,,0,0.0,0.0,,,False,False,False,False,False
Tunisia,TUN,1992,,,,,,0,0.0,0.0,,,False,False,False,False,False
Tunisia,TUN,1993,,,,,,0,0.0,0.0,,,False,False,False,False,False
Tunisia,TUN,1994,,,,,,0,0.0,0.0,,,False,False,False,False,False
Tunisia,TUN,1995,,,,,,0,0.0,0.0,,,False,False,False,False,False
Tunisia,TUN,1996,1.6740230347959946,0.8919930195414362,0.37084169136170647,,,0,0.9789525818997125,0.2764577889986432,-0.7603859990279068,0.5529155779972864,False,False,False,False,False
Tunisia,TUN,1997,0.5905447579553355,0.8822412233424,1.2311916850825337,,,0,0.9013258887934231,0.10471718843324317,-0.8464898019460281,0.20943437686648633,False,False,False,False,False
Tunisia,TUN,1998,6.534176488383032e-10,0.8848111401801314,2.1142505978994177,,,0,0.9996872462443221,0.1445208520011324,-0.9073760433966388,0.2890417040022648,False,False,False,False,False
Tunisia,TUN,1999,7.883891960714306e-10,1.1304817570325267,1.4918963961502396,1.0,1.0,0,1.3244756307942311,0.7469088059707477,-0.8474059967848074,2.240726417912243,False,False,False,False,False
Tunisia,TUN,2000,0.6063498234782351,1.1813234945130582,2.729660086882486,0.9999999999999999,0.9999999999999999,0,1.7034666809747558,0.18581506783889443,-0.7653343514726672,0.5574452035166833,False,False,False,False,False
Tunisia,TUN,2001,0.9670770842237171,1.9417945747256062,0.8374241049229096,0.9999999999999999,0.8666666666666666,1,1.4959258194411134,0.06666666666666665,-0.7614056273839518,-0.7414509685524311,False,False,False,False,False
Tunisia,TUN,2002,2.146553063118938,2.323520186472672,1.319421607771174,1.0,0.9047619047619049,1,1.9198037333773186,0.7083262207479452,1.1249786622438354,-1.435200784406917,False,False,False,False,False
Tunisia,TUN,2003,1.289654271174159,1.763648589804009,1.7619473491288065,0.9285714285714285,0.9285714285714285,0,1.7059071848785377,0.9312843414613327,1.2938530243839983,-0.46079725789535775,False,False,False,False,False
Tunisia,TUN,2004,1.1889343687179805,1.3118017841116056,2.6200449720009544,0.8888888888888888,0.9444444444444445,0,1.7574895582994414,0.944354128834117,1.166395719835684,-0.023484813207786833,False,False,False,False,False
Tunisia,TUN,2005,1.810141508157814,1.0379535240877442,1.0201005784513164,0.8888888888888888,0.611111111111111,0,1.373639122139375,1.2677234711828276,1.3031704135484827,-1.1886294562324708,True,False,True,False,False
Tunisia,TUN,2006,1.85204353149641,1.323990918305456,1.0288289262770478,0.8888888888888888,0.611111111111111,0,1.4409726752157828,1.3848754819541345,1.32129311252907,-1.26229556774508,True,False,True,False,False
Tunisia,TUN,2007,1.9698766384037847,1.4302689156897899,3.059931968818742,0.8888888888888888,0.3888888888888889,0,1.8031266156935744,1.3976040086432775,1.3594786925964988,-1.1341967442830179,True,False,True,True,True
Tunisia,TUN,2008,5.896484715638453,4.279605421637798,1.2240190253911685,0.9444444444444445,0.611111111111111,1,2.9022440547557062,1.8300207060447018,1.4130844706819776,1.2436443141187936,True,False,True,True,True
Tunisia,TUN,2009,6.0041474991737145,3.6466486993890013,1.1172514672332754,1.0,0.7222222222222222,1,2.842498422048087,2.4156468705845833,1.3311663013348918,3.415774310418858,True,False,True,True,True
Tunisia,TUN,2010,10.0,4.834121918873037,5.983343411810224,1.0,0.8888888888888888,3,4.919048621692208,2.1857336476117877,1.6052606745223188,2.451940268313044,True,False,True,True,True
Tunisia,TUN,2011,10.0,10.0,10.0,1.0,0.9444444444444445,8,6.777777777777777,7.5,10.0,10.0,False,False,False,True,True
Tunisia,TUN,2012,10.0,5.0126749105254635,10.0,0.9444444444444445,0.611111111111111,6,5.624757204327315,7.5,10.0,10.0,True,True,True,True,True
Tunisia,TUN,2013,10.0,4.561749628575338,10.0,0.8888888888888888,0.611111111111111,8,5.512349925715068,7.388888888888889,10.0,10.0,True,True,True,True,True
Tunisia,TUN,2014,10.0,4.774957334522117,10.0,0.8888888888888888,0.5,9,5.5105470224599795,7.388888888888889,10.0,10.0,False,True,True,True,True
Tunisia,TUN,2015,10.0,4.851075736501336,10.0,1.0,0.611111111111111,9,5.6146595917447115,7.333333333333333,10.0,10.0,False,False,False,True,True
Tunisia,TUN,2016,10.0,4.835600517728404,10.0,1.0,0.4444444444444444,8,5.544897881323458,7.333333333333333,10.0,10.0,True,False,True,True,True
Tunisia,TUN,2017,10.0,4.8230056171122,10.0,1.0,0.3888888888888889,6,5.520156678977996,7.333333333333333,10.0,10.0,True,False,True,True,True
Tunisia,TUN,2018,10.0,4.871621301436856,10.0,1.0,0.3333333333333333,8,5.507657593620705,7.111111111111111,10.0,10.0,False,False,False,True,True
Tunisia,TUN,2019,10.0,9.499474295506147,10.0,1.0,0.5555555555555556,6,6.522117081323453,7.111111111111111,10.0,10.0,False,False,False,True,True
Tunisia,TUN,2020,10.0,2.3548462706708664,3.7472803794604808,0.5555555555555556,0.9444444444444445,1,3.820425330026269,0.5585594452754507,1.3423450024930188,-0.37711104658204275,False,False,False,False,False
Tunisia,TUN,2021,10.0,0.32381105826294354,5.4511074541745455,0.2222222222222222,0.7777777777777778,2,3.5549837024874984,2.424574382632914,2.5098532744064275,4.7638698734923155,False,False,False,True,True
Tunisia,TUN,2022,10.0,7.254223027269808,10.0,0.0,0.7777777777777778,3,5.761955716565073,1.5542378964500614,4.662713689350184,-2.4130512829667436,False,False,False,True,True
Tunisia,TUN,2023,10.0,4.693389363880024,10.0,-0.1111111111111111,0.4444444444444444,5,5.116455650553783,1.7105710953760411,5.131713286128123,-5.451086577602536,False,False,False,True,True
Tunisia,TUN,2024,10.0,4.6529571926720115,9.30813608053862,-0.1111111111111111,0.3333333333333333,6,4.92555198797546,1.6791681842039379,5.037504552611813,-6.508269603784256,False,False,False,True,True
Tunisia,TUN,2025,10.0,4.795825153154279,8.123497744187942,0.3333333333333333,0.3888888888888889,4,4.872753468357333,1.6526165539749424,4.957849661924827,-5.941202339338079,False,False,False,True,True
Turkmenistan,TKM,1991,0.0,,,,,0,0.0,0.0,,,False,False,False,False,False
Turkmenistan,TKM,1992,0.0,,,,,0,0.0,0.0,,,False,False,False,False,False
Turkmenistan,TKM,1993,0.0,,,,,0,0.0,0.0,,,False,False,False,False,False
Turkmenistan,TKM,1994,0.0,,,,,0,0.0,0.0,,,False,False,False,False,False
Turkmenistan,TKM,1995,0.0,,,,,0,0.0,0.0,,,False,False,False,False,False
Turkmenistan,TKM,1996,1.6524034919099084,1.6375110620129096,-0.12421951976923931,,,0,1.0966381846409394,0.8416811689241515,1.683362337848303,-0.1966990693924449,False,False,False,False,False
Turkmenistan,TKM,1997,1.278504788811304,0.9057541792339366,0.6367132135331579,,,0,0.9403240605261329,0.6384138786825821,1.2768277573651643,-0.8314276037496228,False,False,False,False,False
Turkmenistan,TKM,1998,1.1456421751998709,0.7056394850838499,1.4255163545943956,,,0,1.0922660049593722,0.4980399631197037,0.9960799262394074,-0.6381308357046589,False,False,False,False,False
Turkmenistan,TKM,1999,1.3297835892641845,0.8789718653253986,2.3566340268950876,1.0,1.0,0,1.7130778962969342,0.28010580416004066,0.8403174124801219,-1.8296758673213385,False,False,False,False,False
Turkmenistan,TKM,2000,1.0464470348926775,1.22365626346442,0.3011912873192325,0.7999999999999999,0.9999999999999999,0,1.234258917135266,0.023101377075716373,-0.7614644238293944,0.06930413122714912,False,False,False,False,False
Turkmenistan,TKM,2001,0.7144595152285643,0.7455452620255284,1.4909011215692454,0.4666666666666666,0.8666666666666666,0,1.1235145130980009,0.2222024167674682,-0.7904072987282437,0.6666072503024046,False,False,False,False,False
Turkmenistan,TKM,2002,0.7202621067943717,0.8017655832965569,0.3451579735473549,0.5238095238095238,0.8095238095238096,0,0.9067704660609902,0.5574935959575976,-0.7901219325558908,1.6724807878727928,False,False,False,False,False
Turkmenistan,TKM,2003,0.15119945467580992,1.8586291856146049,1.6153068199682266,0.3571428571428571,0.8571428571428571,0,1.210741377766014,0.4926143744939513,-0.8361125488317266,1.4778431234818539,False,False,False,False,False
Turkmenistan,TKM,2004,0.7645121574441797,1.127166787609393,2.532920055142068,0.4444444444444444,0.8333333333333334,0,1.3960309111502391,0.0,-0.8106844275828989,-0.2605898902138864,False,False,False,False,False
Turkmenistan,TKM,2005,0.7967124298315722,1.4616294994446928,1.2472582554980558,0.5,0.8333333333333334,0,1.2344533702881975,0.0,-0.8077968024048414,-0.12971202650225358,False,False,False,False,False
Turkmenistan,TKM,2006,0.5577607312928589,1.614454121639842,3.247901388151996,0.2777777777777778,0.8333333333333334,0,1.5284676926613838,0.6519133963772515,-0.8199949566720731,1.9557401891317545,False,False,False,False,False
Turkmenistan,TKM,2007,5.307851143443753,1.876338135305363,10.0,0.2777777777777778,0.8333333333333334,1,3.8812823001942682,2.8512207037058066,-0.43589366173780336,8.55366211111742,False,False,False,False,False
Turkmenistan,TKM,2008,3.7334211270677495,1.4778378938644805,10.0,0.5555555555555556,0.4444444444444444,2,3.4422518041864465,2.5409988731334283,-0.5546770765773016,7.456329952733618,False,False,False,True,True
Turkmenistan,TKM,2009,2.431969185323421,1.263221073971103,10.0,0.611111111111111,0.5,2,3.1834824963033492,2.167610410631631,-0.6578946065242591,5.669497898561561,False,False,False,True,True
Turkmenistan,TKM,2010,2.5003654457720597,1.1616823266611427,10.0,0.5555555555555556,0.2222222222222222,2,3.043520665597751,2.178891709252123,-0.6575861643959497,5.370008461089702,False,False,False,True,True
Turkmenistan,TKM,2011,2.495794213149101,1.089165747073551,10.0,0.5,0.05555555555555555,2,2.9392142142667526,2.3271609404891067,-0.6568158232351736,5.481482821467321,True,False,True,True,True
Turkmenistan,TKM,2012,2.3374043767695256,0.7200482498743264,10.0,0.7222222222222222,0.16666666666666666,2,2.9670460808843258,1.9860002600716473,-0.6691663516178556,5.291334113548275,False,False,False,True,True
Turkmenistan,TKM,2013,2.5935326223581088,1.1158881344698426,10.0,0.611111111111111,0.2777777777777778,2,3.0974397069211457,3.23702891544943,-0.6560281935891894,9.21108674634829,False,False,False,True,True
Turkmenistan,TKM,2014,2.5722459214316267,1.1690082918419253,10.0,0.3333333333333333,0.16666666666666666,2,2.9482508426547107,3.275771326694367,-0.6513740774201418,9.493980646749767,False,False,False,True,True
Turkmenistan,TKM,2015,2.662031049655282,1.6827591046709294,10.0,0.0,0.16666666666666666,2,2.9356246975319094,3.3333333333333335,-0.6746314592401602,10.0,False,False,False,True,True
Turkmenistan,TKM,2016,0.0,-0.4737376077017035,1.8335948003646554,0.0,0.3333333333333333,0,0.5000522934062644,0.17750804146532392,-0.9835064963904315,0.5325241243959717,False,False,False,False,False
Turkmenistan,TKM,2017,2.1737520337350857,0.0021085859795103865,6.492992945980272,0.05555555555555555,0.6666666666666666,2,2.022659602027862,0.7451722455213665,-0.96783035148815,2.2355167365640995,False,False,False,False,False
Turkmenistan,TKM,2018,2.121847945723319,-0.33048671246715244,5.325969526743436,0.0,0.7777777777777778,2,1.8006746056044622,0.6531320195287884,-0.9562093735046703,1.9593960585863652,False,False,False,False,False
Turkmenistan,TKM,2019,4.712674970516256,-0.43197676203469065,5.303621969652094,0.2777777777777778,0.7777777777777778,0,2.425481610255892,0.12510170323347597,-0.9567925274303566,0.3753051097004279,False,False,False,False,False
Turkmenistan,TKM,2020,5.243992563691128,-0.8971821145486111,5.189720264197362,0.5,0.4444444444444444,0,2.464520343355476,0.25321193605175357,-0.955244786018575,0.7596358081552608,False,False,False,False,False
Turkmenistan,TKM,2021,5.295100432743941,-0.2930902832669001,5.9426303146003905,0.7222222222222222,0.7777777777777778,2,2.847546149468866,0.226078434482451,-0.957771527573937,0.6782353034473529,False,False,False,True,True
Turkmenistan,TKM,2022,3.4949844443083324,0.04973674536798977,6.420329655288324,0.7777777777777778,0.8333333333333334,2,2.6374546134373733,0.45311039500352396,-0.9598303213117899,1.3593311850105718,False,False,False,True,True
Turkmenistan,TKM,2023,3.3845503620683544,-1.1629188412178986,6.187162713063572,0.8888888888888888,0.611111111111111,2,2.514342615026385,1.1070504823123672,-0.9251178387134504,2.9878181136037685,False,False,True,True,True
Turkmenistan,TKM,2024,2.8197950846621054,-0.5930469182973789,4.812179446026966,0.8888888888888888,0.3333333333333333,0,2.0152837950267033,1.3971935043938697,-0.9252802394676016,2.691580513181609,False,False,True,True,True
Turkmenistan,TKM,2025,3.819965602028093,-0.19143211669365146,4.88113736077926,0.8888888888888888,0.3333333333333333,2,2.229109481450359,0.6678263836500574,-0.9237510291096439,0.5034791509501723,False,False,True,True,True
Türkiye,TUR,1991,,,,,,0,0.0,0.0,,,False,False,False,False,False
Türkiye,TUR,1992,,,,,,0,0.0,0.0,,,False,False,False,False,False
Türkiye,TUR,1993,,,,,,0,0.0,0.0,,,False,False,False,False,False
Türkiye,TUR,1994,,,,,,0,0.0,0.0,,,False,False,False,False,False
Türkiye,TUR,1995,,,,,,0,0.0,0.0,,,False,False,False,False,False
Türkiye,TUR,1996,1.3974797351004076,2.2592841127814483,0.44509257201740565,,,0,1.367285473299754,0.36451006611143694,-0.8669316559213096,0.7290201322228739,False,False,False,False,False
Türkiye,TUR,1997,1.3948523712059746,1.41761153257916,1.8759542044251016,,,0,1.5628060360700788,0.0579750429241128,-1.115391901630128,0.1159500858482256,False,False,False,False,False
Türkiye,TUR,1998,0.9881301615397061,1.5731290660385269,1.2508572878836417,,,0,1.2707055051539582,0.0,-1.0190520475655112,-1.459642990598055,False,False,False,False,False
Türkiye,TUR,1999,1.834816464419623,0.519766360624923,1.8717443353167413,1.0,1.0,0,1.6452654320722573,0.0,-1.1497131208132696,-2.3068960412319552,False,False,False,False,False
Türkiye,TUR,2000,0.6381369392448486,1.8733081561686877,2.5494675928583876,0.9999999999999999,0.9999999999999999,0,1.8121825376543845,0.28727298577383226,-0.21110648320501688,0.8618189573214967,False,False,False,False,False
Türkiye,TUR,2001,0.9207223608143219,1.079491742303967,1.4442602349120963,0.9999999999999999,0.8666666666666666,0,1.4355615342727437,0.49691521082642404,-0.31550040443260896,0.8907456324792719,False,False,True,False,False
Türkiye,TUR,2002,1.4577744227011886,0.6245193386198161,1.452171279829046,1.0,0.9047619047619049,0,1.4687977701347723,1.0129509296172776,1.2985481032123285,0.45459039992521827,False,False,True,False,False
Türkiye,TUR,2003,1.2674622426624713,1.125511671998386,0.8223901256263333,0.9999999999999998,0.9285714285714285,0,1.4145013794860093,1.0004293171920533,1.1592005268330232,0.3420874247431367,False,False,True,False,False
Türkiye,TUR,2004,1.5702474588015007,1.191811086441835,0.39800422004624875,1.0,0.8333333333333334,1,1.3653458863912502,0.8519460370283904,1.0558381110851713,-0.0056815431767543645,False,False,True,False,False
Türkiye,TUR,2005,2.1759004742590453,1.2687384573888087,0.854838813908734,0.9444444444444445,0.6666666666666666,1,1.5043399935557622,1.1251500494123992,1.1641088724373188,0.3780079424665455,False,False,False,False,False
Türkiye,TUR,2006,2.4109347429832773,2.1880229299505305,5.135439767012006,0.9444444444444445,0.7777777777777778,2,2.6357683768780515,0.6854613757713975,0.7230507939808591,-0.5359381482013775,False,False,False,True,True
Türkiye,TUR,2007,10.0,1.672723388753496,10.0,0.8888888888888888,0.7222222222222222,4,4.978989122195143,5.6120166072244055,10.0,5.3360498216732175,True,False,True,True,True
Türkiye,TUR,2008,10.0,1.7009741391390063,9.6943284993393,0.7777777777777778,0.7222222222222222,5,4.879060527695661,4.836874862548293,10.0,3.010624587644881,False,False,False,True,True
Türkiye,TUR,2009,10.0,1.5005680419838363,10.0,0.7222222222222222,0.3888888888888889,3,4.744558052841212,5.047898109956397,10.0,3.4770276632025254,False,False,False,True,True
Türkiye,TUR,2010,10.0,1.571019326832044,10.0,0.7222222222222222,0.611111111111111,3,4.847537198699742,3.888888888888889,10.0,-1.1964223617033054,False,False,False,True,True
Türkiye,TUR,2011,10.0,1.1973378513249602,7.92473995094805,0.7222222222222222,0.2777777777777778,2,4.224415560454602,4.111111111111112,10.0,-0.6586904271681557,True,False,True,True,True
Türkiye,TUR,2012,10.0,1.2110733548416064,7.615759114598238,0.7777777777777778,0.4444444444444444,2,4.254255382776858,4.111111111111112,10.0,-0.754586623240083,True,False,True,True,True
Türkiye,TUR,2013,10.0,1.200775702498644,7.637435968613525,0.8333333333333334,0.5,3,4.300975667555767,4.0,10.0,-3.010591788597742,False,False,False,True,True
Türkiye,TUR,2014,10.0,1.1108505208647153,10.0,0.8888888888888888,0.611111111111111,4,4.822170104172943,4.055555555555555,10.0,-2.4059962895930447,True,False,True,True,True
Türkiye,TUR,2015,10.0,0.9313150166670819,2.2867497534496786,0.8888888888888888,0.7777777777777778,3,3.310279620690019,4.055555555555555,10.0,-2.9145876506211508,True,False,True,True,True
Türkiye,TUR,2016,10.0,0.7306713916256864,9.10955190390339,0.9444444444444445,0.7777777777777778,4,4.656933547994704,3.611111111111111,10.0,-2.1009288498926946,False,False,False,True,True
Türkiye,TUR,2017,10.0,1.9328024486935707,10.0,1.0,0.8333333333333334,4,5.119893823072048,4.141737311688254,10.0,1.425211935064762,True,False,True,True,True
Türkiye,TUR,2018,10.0,2.4571784155348784,3.885049018720906,1.0,0.5,4,3.8684454868511566,3.722222222222222,10.0,-3.7725608410566087,False,False,False,True,True
Türkiye,TUR,2019,10.0,1.5923474023108186,2.879943209654236,1.0,0.3888888888888889,2,3.4500136779485664,3.888888888888889,10.0,-0.6138257525033063,False,False,False,True,True
Türkiye,TUR,2020,10.0,1.7050248387371343,2.684804041953778,1.0,0.7222222222222222,3,3.5668546650270714,4.055555555555555,10.0,-0.08115062726626701,False,False,True,True,True
Türkiye,TUR,2021,10.0,1.7733306827779234,2.494268302569636,1.0,0.8333333333333334,4,3.586853130402845,4.166666666666667,10.0,-0.0016295341357882866,True,True,True,True,True
Türkiye,TUR,2022,10.0,2.0123015924577192,2.8656147879955687,0.9444444444444445,0.8333333333333334,4,3.6866943872017686,4.397556192791563,10.0,0.5260019117080225,True,True,True,True,True
Türkiye,TUR,2023,10.0,2.2475653969844553,3.579365863419444,1.0,0.8888888888888888,5,3.9209418076363356,4.551003905475109,10.0,0.9863450497586619,True,True,True,True,True
Türkiye,TUR,2024,10.0,2.3649749510464173,10.0,1.0,0.8888888888888888,5,5.228550545764839,4.277777777777778,10.0,-0.03971349304751426,True,True,True,True,True
Türkiye,TUR,2025,10.0,3.0601869198255534,9.176093181079331,1.0,0.7222222222222222,5,5.136144909069865,4.659120970483063,10.0,1.1440295781158578,True,False,True,True,True
Uganda,UGA,1991,,,,,,0,0.0,0.0,,,False,False,False,False,False
Uganda,UGA,1992,,,,,,0,0.0,0.0,,,False,False,False,False,False
Uganda,UGA,1993,,,,,,0,0.0,0.0,,,False,False,False,False,False
Uganda,UGA,1994,,,,,,0,0.0,0.0,,,False,False,False,False,False
Uganda,UGA,1995,,,,,,0,0.0,0.0,,,False,False,False,False,False
Uganda,UGA,1996,1.263075152859748,2.918098971215631,1.9203520526372497,,,0,2.0338420589042094,0.7808103051602642,0.8914881293277991,0.6701324809927293,False,False,False,False,False
Uganda,UGA,1997,1.2575818429222618,1.0507193729284885,0.17931821394550115,,,0,0.8292064765987505,0.6066938042300885,0.35934600772445147,0.8540416007357255,False,False,False,False,False
Uganda,UGA,1998,1.2386116063533803,1.1051949733172177,0.9737917873069493,,,0,1.105866122325849,0.4843210979497032,-0.20754102577614997,0.9686421958994064,False,False,False,False,False
Uganda,UGA,1999,1.1163858097537989,1.2675209052964895,1.7868126116480552,0.6666666666666669,1.0,0,1.5008105320063354,0.3568852782065202,-0.6818037820843874,1.0706558346195607,False,False,False,False,False
Uganda,UGA,2000,1.4307348484400892,0.9919944790507841,2.4670824657572163,0.7999999999999999,0.9999999999999999,0,1.6979623586496178,0.2428665309729985,0.7285995929189956,-0.18514214055616135,False,False,False,False,False
Uganda,UGA,2001,0.9375061609372599,0.5815361962943639,0.9296276224561923,0.8666666666666666,0.6,0,1.07640066260423,0.2619773998229294,0.7859321994687881,-0.7605527116705073,False,False,False,False,False
Uganda,UGA,2002,1.3551237470614712,0.9642581965430919,2.0339288460407765,0.9047619047619049,0.4285714285714286,0,1.4039954912624015,0.4217670530964291,0.8367297307178587,-0.5232501387194518,False,False,False,False,False
Uganda,UGA,2003,0.9109707740975755,0.713200769930796,0.9376313521987747,0.8571428571428571,0.42857142857142855,0,1.0266462935311433,0.4746358420328569,0.7815540937274583,0.21378200379968387,False,False,False,False,False
Uganda,UGA,2004,0.6890607277153884,0.4432763694381907,2.8789740491926206,0.5,0.16666666666666666,0,1.0689288959359067,0.032987635433544486,-1.7896726258560476,0.09896290630063345,False,False,False,False,False
Uganda,UGA,2005,-0.9709472762731418,0.36681242465059666,2.429742460516571,0.16666666666666666,0.4444444444444444,0,0.8037554214778779,0.0,-1.704632320168764,-2.407272031401619,False,False,False,False,False
Uganda,UGA,2006,-0.9810153826244943,1.0393721770537807,2.4874890026078185,-0.05555555555555555,0.4444444444444444,0,0.8831500137100976,0.0,-1.52363202008688,-1.7831297779553246,False,False,False,False,False
Uganda,UGA,2007,-0.9943666649773022,0.9087051254280128,2.329257481679697,-0.1111111111111111,0.1111111111111111,0,0.6920369658659864,0.0,-1.3853947176259858,-1.6546086183329096,False,False,False,False,False
Uganda,UGA,2008,-0.9644438450888966,1.2944889902614378,2.791973984457038,-0.16666666666666666,0.2777777777777778,0,0.9284037060548063,0.0,-1.3355822892735867,-1.635337898874928,False,False,False,False,False
Uganda,UGA,2009,-1.0234392784802606,1.6941206533235755,2.2519162662291987,-0.1111111111111111,0.5555555555555556,0,1.011429606132777,0.0,-3.896557143523194,-1.7221005093726875,False,False,False,False,False
Uganda,UGA,2010,-1.0236123389044194,1.7713678250913707,2.253542219250466,0.16666666666666666,0.8333333333333334,0,1.2049820088683674,0.0,-3.8924781856055533,-0.48973570112693077,False,False,False,False,False
Uganda,UGA,2011,-1.0154004976027007,1.441828218479097,2.2612216103877905,0.2222222222222222,0.7222222222222222,0,1.1183877435511553,0.0,-3.904153297351827,-0.8082954898007124,False,False,False,False,False
Uganda,UGA,2012,-1.0155157862438933,2.1170765602161774,4.133487359169888,0.1111111111111111,0.5555555555555556,0,1.5167794505438799,0.0,-3.769855578651114,-0.7542803862669598,False,False,False,False,False
Uganda,UGA,2013,-1.0189529567721574,2.8572615387841838,9.362587025747855,0.0,0.7222222222222222,0,2.732858601795297,0.0,-3.758482306789463,-0.6922832911358495,False,True,True,True,False
Uganda,UGA,2014,-1.050513075643755,2.9394128069350876,2.432524032974667,-0.2222222222222222,0.8333333333333334,0,1.4077207013152842,0.0752670465492518,-4.909924275634909,0.22580113964775542,False,False,False,False,False
Uganda,UGA,2015,-1.0504602230897915,3.141592542794749,1.3612242363284859,0.05555555555555555,0.8888888888888888,0,1.2783411336024246,0.07992953603035502,-4.97041170657201,0.23978860809106506,False,True,True,False,False
Uganda,UGA,2016,-1.0510411249393332,3.0195706515501817,1.2536818381414991,0.2777777777777778,0.8888888888888888,0,1.3213171646050026,0.0,-4.996456943081301,-0.6794872677898177,False,True,True,False,False
Uganda,UGA,2017,-1.0485179737028365,2.7711387320023766,2.1112524652835765,0.3888888888888889,0.6666666666666666,0,1.3987004616794128,0.0,-4.780517363526979,-0.33445701764543256,False,True,True,False,False
Uganda,UGA,2018,-1.0482530295781092,2.701674818505389,1.0692232100942358,0.2222222222222222,0.5555555555555556,0,1.065290716831036,0.0,-4.780881180893921,-0.2770923577286651,False,False,False,False,False
Uganda,UGA,2019,-1.0474524488147139,2.9507335960785865,0.9816464697152589,0.6666666666666666,0.611111111111111,1,1.2975871242698802,0.0,-4.806720601365732,-0.5395052312198446,False,False,False,False,False
Uganda,UGA,2020,-1.050039438330233,3.0233585556319422,1.3727038270321592,0.7777777777777778,0.7777777777777778,0,1.5014346987550424,0.0,-4.931911273522644,-0.7163668962148263,False,False,False,False,False
Uganda,UGA,2021,-0.8300394972997363,2.987365588402152,9.09267963637717,0.5,0.7222222222222222,0,2.9048979338447536,0.0,-4.966471186109703,-1.2656715592880574,False,False,False,False,False
Uganda,UGA,2022,-0.046721843867899585,2.5524527719275314,4.195618755289826,0.8888888888888888,0.7222222222222222,0,1.9940587498879156,0.0,-4.819862782305227,-1.126293320051601,False,False,True,True,True
Uganda,UGA,2023,1.7679915951284966,1.570945610121292,2.981581190374807,0.8888888888888888,0.7222222222222222,1,1.9085481235693635,0.1111111111111111,-4.802476253589422,-1.5227129577469467,False,False,True,True,True
Uganda,UGA,2024,3.091267010653321,2.239275891105647,0.12719128703252044,0.8888888888888888,0.6666666666666666,1,1.71376905998052,0.16666666666666666,-4.667536016443258,-1.5684243275865999,False,False,True,True,True
Uganda,UGA,2025,6.180698999406931,2.5485901943418634,1.1391789701809267,0.8888888888888888,0.611111111111111,1,2.573693632785944,0.1111111111111111,-4.740319643621272,-2.7071634561734754,False,False,False,False,False
Ukraine,UKR,1991,,,,,,0,0.0,0.0,,,False,False,False,False,False
Ukraine,UKR,1992,,,,,,0,0.0,0.0,,,False,False,False,False,False
Ukraine,UKR,1993,,,,,,0,0.0,0.0,,,False,False,False,False,False
Ukraine,UKR,1994,,,,,,0,0.0,0.0,,,False,False,False,False,False
Ukraine,UKR,1995,,,,,,0,0.0,0.0,,,False,False,False,False,False
Ukraine,UKR,1996,1.7885892072753735,1.8988953621547633,-0.4530059274591343,,,0,1.229161523143379,0.0,-1.0794392625199867,-0.1394795090060677,False,False,False,False,False
Ukraine,UKR,1997,1.2982815663906953,1.1820332806589096,0.8269749472985974,,,0,1.1024299314494008,0.0,-1.1964518199452008,-1.073628296318101,False,False,False,False,False
Ukraine,UKR,1998,1.1156706166336539,1.2057687627035882,1.350378707260574,,,0,1.223939362199272,0.0,-1.268940139996578,-1.4116022056437847,False,False,False,False,False
Ukraine,UKR,1999,1.717398050926304,1.5862396351201526,1.6300844044369205,1.0,1.0,1,1.7867444180966754,0.0,-1.331226044643001,-1.6374303095820686,False,False,False,False,False
Ukraine,UKR,2000,2.385008361572914,2.7469369231679632,1.6432126672165202,0.7999999999999999,0.9999999999999999,1,2.0750315903914798,0.2970872040464661,0.6076607512655372,0.28360086087386116,False,False,False,False,False
Ukraine,UKR,2001,0.9819263747958472,0.3984131640937288,1.101942739201961,0.6,0.6,0,0.9764564556183075,0.7403796487173299,0.8208318392601603,0.8003071068918293,False,False,False,False,False
Ukraine,UKR,2002,1.0086350373449604,1.9237888114837483,1.6835214759139547,0.5238095238095238,0.6190476190476191,0,1.3803319220913897,1.0694579038476542,0.8404625762037131,1.0821968496249637,False,False,False,False,False
Ukraine,UKR,2003,0.9619182895879015,1.6416743397055382,1.5796149028720776,0.4999999999999999,0.6428571428571428,0,1.2937843635759605,1.0908181893795652,0.8066003705018967,1.1801399119225138,False,False,False,False,False
Ukraine,UKR,2004,0.9281156598345143,0.6340860192022504,1.4532371269936823,0.611111111111111,0.611111111111111,0,1.0919766500949781,1.167879397565535,0.9047688261185256,0.9322026999114129,False,False,False,False,False
Ukraine,UKR,2005,0.8972413054581445,0.6779825811726209,1.354908781888718,0.7222222222222222,0.611111111111111,0,1.1193598670372302,0.9652443012516455,0.8957329037549362,-0.016307108674558368,False,False,False,False,False
Ukraine,UKR,2006,10.0,1.3470087733783866,6.382267811576387,0.8333333333333334,0.5555555555555556,1,4.101410872546511,1.2031267603876643,1.2760469478296597,-1.0880003429688019,True,False,True,True,True
Ukraine,UKR,2007,10.0,5.4307078621918174,1.2691093556759792,0.8888888888888888,0.5555555555555556,1,3.917741221351337,1.2018514370616045,1.27222097785148,-0.563177559747637,False,False,True,True,True
Ukraine,UKR,2008,10.0,7.634099804882825,0.978142420074247,0.8888888888888888,0.9444444444444445,2,4.455781778324748,1.203918840156993,1.278423187137645,-0.40304713840611295,False,False,False,True,True
Ukraine,UKR,2009,10.0,7.779227292011267,0.8117169999891772,0.611111111111111,0.9444444444444445,1,4.340411080622311,0.3333333333333333,-1.3903404797506642,-2.410936690917268,True,False,True,True,True
Ukraine,UKR,2010,10.0,7.764993289120206,1.8320612140989028,0.8333333333333334,0.8888888888888888,1,4.608299789532711,0.05555555555555555,-1.1229363355753343,-0.9341669102619546,False,False,False,True,True
Ukraine,UKR,2011,10.0,5.54151697026404,1.873537242204272,0.9444444444444445,0.8888888888888888,2,4.216344175826996,0.0,-1.122477762659872,-0.9642790184572784,False,False,False,True,True
Ukraine,UKR,2012,10.0,4.862419051916446,1.6967006550358907,0.9444444444444445,0.8888888888888888,2,4.045157274723801,0.0,-1.1275960458646894,-0.8777227985873939,False,False,False,True,True
Ukraine,UKR,2013,10.0,4.121595139646149,1.915765219915696,0.9444444444444445,0.611111111111111,2,3.8296942941345913,0.0,-1.1275124680063298,-0.2975632596772488,False,False,False,True,True
Ukraine,UKR,2014,10.0,6.917921106967966,3.2365625196642043,0.9444444444444445,0.6666666666666666,3,4.675341169770879,0.0,-0.7085488734406844,-1.0271051892970395,False,False,False,True,True
Ukraine,UKR,2015,10.0,6.859526555992723,4.594610446709126,0.8888888888888888,0.7222222222222222,3,4.935271844984814,0.0,-0.9018864270207283,-1.3789885320821398,False,False,False,True,True
Ukraine,UKR,2016,10.0,6.521456368611534,4.677368000919242,0.7222222222222222,0.7777777777777778,3,4.839764873906155,0.2222222222222222,-0.8996482523530923,-1.3655468207033166,False,False,False,True,True
Ukraine,UKR,2017,9.175021132574333,5.5049609281677006,10.0,0.8333333333333334,0.6666666666666666,4,5.535996412148407,0.5555555555555556,-0.9000457273296555,-1.3396829246073334,True,False,True,True,True
Ukraine,UKR,2018,3.0776598517407647,2.6342215620539724,10.0,0.6666666666666666,0.5,2,3.609042949425614,0.3888888888888889,-0.9014190088157872,-1.3166818129134987,False,False,False,True,True
Ukraine,UKR,2019,-0.6281163048826729,2.270514668543808,10.0,0.3888888888888889,0.3888888888888889,1,2.765214044819873,0.05555555555555555,-1.1942017236465234,-1.716688295605589,False,False,False,False,False
Ukraine,UKR,2020,-0.6151762589634817,7.311567412473759,2.9211710247246536,0.16666666666666666,0.4444444444444444,0,2.2909921318841273,0.0,-1.1903751171901207,-1.5249675709114172,False,False,False,False,False
Ukraine,UKR,2021,0.2165309503269506,7.336949966345563,2.0148553672162683,0.611111111111111,0.2777777777777778,0,2.269222812333312,0.0,-1.1737290165124423,-1.4347933554711298,False,False,False,False,False
Ukraine,UKR,2022,0.7195351940871875,5.844599944860278,2.585218986924943,0.6666666666666666,0.3888888888888889,0,2.2520930473967042,0.0,-1.1572836966895943,-1.6741707837013786,False,False,False,False,False
Ukraine,UKR,2023,1.3131809138310326,5.302536518418252,2.639324029352936,0.8888888888888888,0.4444444444444444,0,2.3843416256537777,0.0,-1.649101138433632,-1.681041937180862,False,False,False,False,False
Ukraine,UKR,2024,2.2522726807660547,5.2039212214149835,1.2352602218522608,0.7222222222222222,0.3333333333333333,0,2.160513047028882,0.0,-1.6653616623819412,-1.5917266880268262,False,False,False,False,False
Ukraine,UKR,2025,3.0089410921666784,5.157058829892404,1.2339041769364436,0.6666666666666666,0.2777777777777778,0,2.257758597576883,0.0,-1.6602286550915617,-1.5713200358472132,False,False,False,False,False
United Arab Emirates,ARE,1991,0.0,,,,,0,0.0,0.0,,,False,False,False,False,False
United Arab Emirates,ARE,1992,0.0,,,,,0,0.0,0.0,,,False,False,False,False,False
United Arab Emirates,ARE,1993,0.0,,,,,0,0.0,0.0,,,False,False,False,False,False
United Arab Emirates,ARE,1994,0.0,,,,,0,0.0,0.0,,,False,False,False,False,False
United Arab Emirates,ARE,1995,0.0,,,,,0,0.0,0.0,,,False,False,False,False,False
United Arab Emirates,ARE,1996,1.4600651002827576,0.747307298218226,-0.26565297875849686,,,0,0.7357907995003279,0.29402911168655765,0.2485189678928065,0.33953925548030883,False,False,False,False,False
United Arab Emirates,ARE,1997,1.245846311597235,0.8148216961813453,-0.11681295661523534,,,0,0.6868893359261934,0.16674335061083773,-0.14007159755976759,0.33348670122167545,False,False,False,False,False
United Arab Emirates,ARE,1998,1.0490057615711688,0.8257111761763329,0.7782835824651226,,,0,0.8843335067375415,0.0,-0.39322128116315413,-0.3519268929267448,False,False,False,False,False
United Arab Emirates,ARE,1999,0.7843859593850844,0.9195195155897,1.471949310783722,1.0,1.0,0,1.4351709571517013,0.0,-0.6092169342771665,-0.3408211148868585,False,False,False,False,False
United Arab Emirates,ARE,2000,0.5845012761067833,0.6048264430402308,0.5776566669753934,0.9999999999999999,0.9999999999999999,0,1.1533968772244814,0.0,-0.3577884752315178,-0.6518994606658245,False,False,False,False,False
United Arab Emirates,ARE,2001,0.5481885456919459,0.7790331731438087,2.410161508550723,0.9999999999999999,0.9999999999999999,0,1.5474766454772955,0.0,-0.37033352751023835,-0.550951882235313,False,False,False,False,False
United Arab Emirates,ARE,2002,0.5584525988800344,2.660738602585065,0.8245564210713904,0.7142857142857143,0.4285714285714286,0,1.2658923816501553,0.0,-0.37031942842134696,-0.4526644277118183,False,False,False,False,False
United Arab Emirates,ARE,2003,0.0,0.9054704351885718,0.2342760115372878,0.4999999999999999,0.5714285714285714,0,0.6565207179166005,0.0,-1.5966745909279172,-1.5132349842358974,False,False,False,False,False
United Arab Emirates,ARE,2004,1.950446267734919,2.8793606945091867,2.703620707401582,0.611111111111111,0.2777777777777778,2,1.862241089484693,1.3863367827569473,1.7815106940086576,2.3774996542621847,False,False,False,False,False
United Arab Emirates,ARE,2005,2.894662714611068,2.0339840269707987,1.912444179992896,0.611111111111111,0.3888888888888889,2,1.7682181843149525,1.095078663851533,1.8075961731896482,0.8109731516982842,False,False,False,False,False
United Arab Emirates,ARE,2006,10.0,3.1783198670161745,3.4228537444407943,0.7222222222222222,0.5,4,3.809123611180282,3.888888888888889,10.0,-1.2811626724033116,False,False,True,True,True
United Arab Emirates,ARE,2007,10.0,2.231021571960783,3.2817650201564326,0.7777777777777778,0.5555555555555556,2,3.635890651756777,3.944444444444444,10.0,-1.2605813688577308,False,False,True,True,True
United Arab Emirates,ARE,2008,10.0,2.121403872564228,3.296157673367278,0.8333333333333334,0.6666666666666666,4,3.683512309186301,3.888888888888889,10.0,-1.227364806965215,False,False,False,True,True
United Arab Emirates,ARE,2009,10.0,2.37155801648014,3.2854895621627422,0.8888888888888888,0.7777777777777778,5,3.7980761823952434,4.055555555555555,10.0,-1.324505113807165,True,False,True,True,True
United Arab Emirates,ARE,2010,10.0,2.339133591189893,3.2971716859194933,0.8888888888888888,0.8333333333333334,4,3.8161499443107667,4.055555555555555,10.0,-1.2583761053527989,False,False,False,True,True
United Arab Emirates,ARE,2011,10.0,1.8133769495394179,2.7667977407802145,0.8888888888888888,0.6666666666666666,4,3.538257160286148,3.8333333333333335,10.0,-1.1669954137625214,False,False,False,True,True
United Arab Emirates,ARE,2012,10.0,1.8691251227241445,2.7002784563225246,0.8333333333333334,0.7222222222222222,5,3.5361029380315556,3.6666666666666665,10.0,-1.111284985209619,False,False,False,True,True
United Arab Emirates,ARE,2013,10.0,1.9440435254369102,2.9933408390679723,0.4444444444444444,0.8333333333333334,4,3.498587984012088,3.6666666666666665,10.0,-1.3249328152485962,False,False,False,True,True
United Arab Emirates,ARE,2014,10.0,6.1512233607622955,2.725424061527249,0.3333333333333333,0.8888888888888888,2,4.264218373346798,3.6666666666666665,10.0,-1.4724685427427588,False,False,False,True,True
United Arab Emirates,ARE,2015,4.227971710092835,1.2928581198699656,0.0020794962231822354,0.1111111111111111,0.7777777777777778,0,1.460137420792752,0.6660115789884068,1.664701403631887,-0.8882156189248382,False,False,False,False,False
United Arab Emirates,ARE,2016,4.416802428075842,1.3612195584398383,0.5465347788677873,-0.1111111111111111,0.3333333333333333,0,1.398244686410027,0.7534464684900469,1.793833551295608,0.4665058541745325,False,False,False,False,False
United Arab Emirates,ARE,2017,4.357990479721306,1.4077625122641417,-0.049113530421976505,-0.2777777777777778,0.2777777777777778,0,1.2642617095082005,0.5667560210335681,1.7002680631007046,-0.5019003809898023,False,False,False,False,False
United Arab Emirates,ARE,2018,5.096479498662305,1.3031704957445358,0.3030849228606955,-0.16666666666666666,0.3333333333333333,0,1.4738803167868406,1.0430640179069404,2.3979725637868676,0.7312194899339538,False,False,False,False,False
United Arab Emirates,ARE,2019,10.0,2.24311700992346,0.5175279972685367,0.05555555555555555,0.4444444444444444,0,2.7521290014383992,2.547719271707709,7.251785812706052,0.3913720024170757,False,False,False,False,False
United Arab Emirates,ARE,2020,10.0,2.390263368675864,0.26382813889428,0.2222222222222222,0.5,0,2.8197071904029176,2.0126040234888634,6.03781207046659,-0.2826720124580948,False,False,False,False,False
United Arab Emirates,ARE,2021,10.0,3.8065590672174494,0.3551888171029538,0.6666666666666666,0.5555555555555556,0,3.3212384657529697,1.8931106087313336,5.679331826194001,-0.44583154617996584,False,False,False,False,False
United Arab Emirates,ARE,2022,10.0,1.5906598898728534,0.28018047574072924,0.7222222222222222,0.5555555555555556,1,2.885279184233828,2.6001990598771347,6.485483431725682,0.4817804145723891,False,False,True,True,True
United Arab Emirates,ARE,2023,10.0,1.5897165670689883,-0.08351784188931473,0.7777777777777778,0.5,1,2.8290544245249087,2.79100492139853,6.330221645200514,0.2094597856617423,False,False,True,True,True
United Arab Emirates,ARE,2024,10.0,1.6801212996840622,1.51284911140864,0.8333333333333334,0.5555555555555556,3,3.1941496377740957,2.4942013508418457,6.133421679822741,0.01584903936946387,False,False,True,True,True
United Arab Emirates,ARE,2025,10.0,1.4257956054424754,1.401475213025263,0.7777777777777778,0.6666666666666666,2,3.1432319414713255,2.1679765486331575,5.83461028364415,0.0026526955886562002,False,False,False,True,True
United Kingdom,GBR,1991,0.0,,,,,0,0.0,0.0,,,False,False,False,False,False
United Kingdom,GBR,1992,0.0,,,,,0,0.0,0.0,,,False,False,False,False,False
United Kingdom,GBR,1993,0.0,,,,,0,0.0,0.0,,,False,False,False,False,False
United Kingdom,GBR,1994,0.0,,,,,0,0.0,0.0,,,False,False,False,False,False
United Kingdom,GBR,1995,0.0,,,,,0,0.0,0.0,,,False,False,False,False,False
United Kingdom,GBR,1996,0.0,1.3105675426363503,0.9745087027022296,,,0,0.7616920817795266,0.3474113682009464,-2.0540642221002843,0.6948227364018928,False,False,False,False,False
United Kingdom,GBR,1997,1.6730865346916364,1.4465970093072165,1.7077724765408069,,,0,1.6091520068465532,2.0993839678348243,1.6820408565565208,2.516727079113128,False,False,False,False,False
United Kingdom,GBR,1998,1.1067296086967544,1.3257157401213144,1.2597763899709424,,,0,1.230740579596337,0.9131997675206626,1.157641834157576,0.6687577008837491,False,False,False,False,False
United Kingdom,GBR,1999,0.862120770050992,1.074156606038543,2.800659143860541,1.0,1.0,0,1.7473873039900152,0.2903178862696633,0.8709536588089899,-0.41739968838311153,False,False,False,False,False
United Kingdom,GBR,2000,1.5353690179477197,1.5683050228962843,1.3607771209879538,0.9999999999999999,0.9999999999999999,1,1.6928902323663917,0.04760863281971908,0.1195474616920757,0.02327843676708154,False,False,False,False,False
United Kingdom,GBR,2001,1.1500029444014503,0.7836246094184095,1.9499783136812554,0.9999999999999999,0.8666666666666666,0,1.5233878401668897,0.01639803764303519,0.04919411292910556,-0.4288424517761349,False,False,False,False,False
United Kingdom,GBR,2002,1.2544756100878,0.6147362683446598,1.5452963162058218,1.0,0.7142857142857143,0,1.3686159246419423,0.0,-0.45764418934300005,-0.9065267328914589,False,False,False,False,False
United Kingdom,GBR,2003,0.8553153730731563,0.4642065313798573,0.9096861775223815,0.9285714285714285,0.5714285714285714,0,1.045841616395079,0.0,-0.5009667029099358,-0.8050044956188586,False,False,False,False,False
United Kingdom,GBR,2004,1.1852799604303714,0.36065936177196356,0.7975691268133772,0.9444444444444445,0.3888888888888889,0,1.0020350231364756,0.0,-0.44228052355481134,-0.7042939180952471,False,False,False,False,False
United Kingdom,GBR,2005,1.436688499176747,0.11463264913037814,2.1112714465259264,0.9444444444444445,0.05555555555555555,0,1.1325185189666103,0.0,-0.42442228623623857,-0.6415186664010463,False,False,False,False,False
United Kingdom,GBR,2006,1.4731695738618416,-0.8657528828940401,4.919754701370956,0.9444444444444445,-0.3333333333333333,0,1.6563626328243373,0.3836246530648965,-1.0549321210866527,1.1508739591946895,False,False,False,False,False
United Kingdom,GBR,2007,1.4634178195089669,-1.2033636395428275,6.3073173964371465,0.8888888888888888,-0.7222222222222222,0,1.9097025987447782,0.43625560607964364,-1.0893849159268525,1.308766818238931,False,False,False,False,False
United Kingdom,GBR,2008,2.2854510168447795,-1.4477032818954814,5.034136212063587,0.7222222222222222,-0.7777777777777778,0,1.7528063346705622,0.3897932253802228,-1.2077575226727424,1.1693796761406685,False,False,False,False,False
United Kingdom,GBR,2009,1.2818564229625615,-1.2728635914001238,8.23562294282071,0.611111111111111,-0.7222222222222222,0,2.1479403176010985,1.2029007828343372,-1.2926859934754893,3.6087023485030114,False,False,False,False,False
United Kingdom,GBR,2010,2.285761695319345,-0.5890129113210427,1.0388369221826348,0.611111111111111,-0.2777777777777778,0,0.9093641679448405,0.9809583834571031,-1.2840420813645959,2.942875150371309,False,True,True,False,False
United Kingdom,GBR,2011,10.0,-1.1845558636495641,5.778282901796453,0.6666666666666666,-0.1111111111111111,2,3.4223232470259575,4.1152185171374365,10.0,2.345655551412311,False,True,True,True,False
United Kingdom,GBR,2012,10.0,0.011439889489388982,5.043158200037183,0.7777777777777778,0.2222222222222222,1,3.4109196179053143,3.9300232887751734,10.0,1.7900698663255206,False,False,False,False,False
United Kingdom,GBR,2013,10.0,0.07597964410972097,4.655035313676288,0.7222222222222222,0.4444444444444444,2,3.412869658223868,4.0546766467598845,10.0,1.6640299402796523,False,False,False,True,True
United Kingdom,GBR,2014,10.0,1.11760964925175,4.644557829786877,0.7222222222222222,0.6666666666666666,2,3.7079890513632803,4.376283832687,10.0,2.128851498060999,False,False,False,True,True
United Kingdom,GBR,2015,10.0,0.5254296340671921,4.674306511460235,0.7777777777777778,0.7222222222222222,2,3.6399472291054855,4.343304408288638,10.0,1.6965798915325803,False,False,False,True,True
United Kingdom,GBR,2016,10.0,-0.6204072454913803,4.015241522182423,1.0,0.6666666666666666,2,3.4697149711031505,4.091428879805848,10.0,1.1076199727508793,False,False,False,True,True
United Kingdom,GBR,2017,10.0,-0.914106621618344,7.78023268491109,0.9444444444444445,0.7222222222222222,3,4.222713203648885,4.2323405190130385,10.0,1.1970215570391152,False,False,True,True,True
United Kingdom,GBR,2018,10.0,-1.349387124976261,7.742361144130157,0.8333333333333334,0.6666666666666666,3,4.148472228826032,4.229872134988877,10.0,1.1896164049666313,False,False,True,True,True
United Kingdom,GBR,2019,10.0,0.41721721129153905,10.0,0.8333333333333334,0.7777777777777778,3,4.727887886702753,4.050452876583467,10.0,0.8180252964170669,False,False,False,True,True
United Kingdom,GBR,2020,10.0,-0.5200408811446308,10.0,0.8333333333333334,0.7222222222222222,2,4.622222222222222,1.9723598721868794,4.931050734411336,0.9860288821493021,False,False,False,True,True
United Kingdom,GBR,2021,10.0,0.7908845214366929,7.968241118275022,0.9444444444444445,0.7222222222222222,2,4.418491794609009,1.5909947344430118,4.734567550462757,0.03841665286627791,False,False,False,True,True
United Kingdom,GBR,2022,10.0,1.1452160158815783,6.761102157598284,0.9444444444444445,0.7222222222222222,2,4.247930301362638,1.2897596003721208,3.8692788011163626,-0.5518054948091705,False,False,False,True,True
United Kingdom,GBR,2023,10.0,1.1166849533900294,6.8810409012607625,0.9444444444444445,0.8333333333333334,2,4.31065628204127,1.2866410065213976,3.8599230195641927,-0.6609125528215718,False,False,False,True,True
United Kingdom,GBR,2024,10.0,1.2519686025526564,6.860571263053383,0.9444444444444445,0.8888888888888888,4,4.355841306454542,1.460655805376151,4.381967416128453,-1.1656795287326145,False,False,False,True,True
United Kingdom,GBR,2025,10.0,1.3309504138211516,10.0,1.0,0.8888888888888888,6,5.021745638319786,0.8710703471100635,2.6132110413301906,-0.7042399901932528,False,False,False,True,True
United States of America,USA,1991,,,,,,0,0.0,0.0,,,False,False,False,False,False
United States of America,USA,1992,,,,,,0,0.0,0.0,,,False,False,False,False,False
United States of America,USA,1993,,,,,,0,0.0,0.0,,,False,False,False,False,False
United States of America,USA,1994,,,,,,0,0.0,0.0,,,False,False,False,False,False
United States of America,USA,1995,,,,,,0,0.0,0.0,,,False,False,False,False,False
United States of America,USA,1996,1.762120709593415,1.20416291762283,-0.330377646404282,,,0,0.9887612090720816,0.0,-1.2832259601063039,-0.9934126736617003,False,False,False,False,False
United States of America,USA,1997,1.222778650941811,1.0036166678994907,0.15550820516943337,,,0,0.7939678413369117,0.6929657312365632,-0.7170799852450758,1.3859314624731265,False,False,False,False,False
United States of America,USA,1998,1.020623074817165,1.1096943854145194,0.6467564256878924,,,0,0.9256912953065256,0.5138476108486927,-1.200201009394063,1.0276952216973854,False,False,False,False,False
United States of America,USA,1999,1.7829350128857966,1.2206693395747912,1.180093344013366,1.0,1.0,2,1.636739539294791,0.22819292135065175,-1.546998199485021,0.6845787640519553,False,False,False,False,False
United States of America,USA,2000,1.7024475643463801,1.4525589615660983,1.985034463156071,0.7999999999999999,0.9999999999999999,2,1.7480081978137096,0.5102895017003733,0.9308685051011201,-1.0086332458279033,False,False,False,False,False
United States of America,USA,2001,0.7142387679985118,2.0056523128802826,2.636812562391193,0.6,0.9999999999999999,0,1.7113407286539974,0.5306066779748959,0.5918200339246877,-1.3899758010399417,False,False,False,False,False
United States of America,USA,2002,1.0122896973708646,1.0175392603470503,1.4010678632822036,0.7142857142857143,0.8095238095238096,0,1.2957031737238334,0.6689492166361548,0.7211333641941787,-0.6984914195825412,False,False,False,False,False
United States of America,USA,2003,1.1700933423432984,0.8464654008681539,1.283925928997251,0.6428571428571428,0.7857142857142856,0,1.2315255058703118,0.7575224567522043,0.7725673702566134,-0.73527322018687,False,False,False,False,False
United States of America,USA,2004,1.262223647515674,1.3352342394600636,1.0015338217030654,0.7222222222222222,0.8333333333333334,0,1.3420205639579827,0.9407344584253474,0.5711096047324743,1.0844271038769013,False,False,False,False,False
United States of America,USA,2005,1.0733520521709257,1.1114343647391236,0.9962069871386151,0.6666666666666666,0.8888888888888888,0,1.258420903031955,1.045497805851447,1.160006276021394,0.6431538081996139,False,False,False,False,False
United States of America,USA,2006,1.2280526562548357,2.2620715314184934,1.424827291944944,0.7222222222222222,0.8888888888888888,0,1.627434740368099,0.38987534624012926,0.5029593720537213,-0.12845060428273952,False,False,False,False,False
United States of America,USA,2007,2.6527954055149867,2.994804022288711,1.9493180463486433,0.8333333333333334,0.9444444444444445,4,2.2304946059415793,0.5421546879365587,0.9597973971430096,-0.372530123948501,False,False,False,True,True
United States of America,USA,2008,2.546206435608054,1.81959569478047,1.8126667591422414,0.8888888888888888,0.8333333333333334,3,1.9245826667950419,0.7323801203680084,1.3124595391089986,0.21801415532835963,False,False,False,True,True
United States of America,USA,2009,1.8526387149043262,1.4238494921430649,1.6328079270891724,0.8333333333333334,0.6666666666666666,1,1.5818592268273126,0.34895196597859707,-1.4766148715860377,0.8801892312691245,False,False,False,False,False
United States of America,USA,2010,0.8889085300388893,2.1637351812806633,3.022328604224451,0.8888888888888888,0.7777777777777778,1,1.8816611297754673,0.04903846346697888,-1.3002632264168201,0.14711539040093663,False,False,False,False,False
United States of America,USA,2011,1.4436760946011602,2.111118654764375,3.6418714750111807,0.7777777777777778,0.7222222222222222,0,2.039333244875343,0.0,-0.7977667860111763,-0.204113577621722,False,False,False,False,False
United States of America,USA,2012,1.248905913278589,1.3662991356456136,5.080651303594894,0.5,0.5555555555555556,0,1.9613934927260412,0.0,-0.09486459974492918,-0.3973710457276012,False,False,False,False,False
United States of America,USA,2013,-4.3707147835150575e-05,1.550412674607723,0.16936781537761172,0.05555555555555555,0.3888888888888889,0,0.5217338757748446,0.0,-0.5992026044842453,-2.230000382309187,False,False,False,False,False
United States of America,USA,2014,-0.0001051700245545909,0.6184068198154257,0.9773738388457726,-0.2222222222222222,0.2777777777777778,0,0.4302672428433508,0.0,-1.106776908252884,-3.0853559333677985,False,False,False,False,False
United States of America,USA,2015,-0.00014172201655350525,1.2576858341258397,2.2494400114161315,-0.1111111111111111,0.1111111111111111,0,0.7458696135528387,0.0,-1.1050809620045432,-2.4450966374687626,False,False,False,False,False
United States of America,USA,2016,9.807779207193235,1.4145091381279449,10.0,0.16666666666666666,0.3333333333333333,3,4.444457669064237,0.358565423947355,0.575696271842065,-0.5040080577991276,False,False,False,True,True
United States of America,USA,2017,10.0,4.877812167129685,10.0,0.611111111111111,0.3888888888888889,5,5.375562433425936,1.5739794439179375,2.8772374940431,0.011367504377379682,False,False,False,True,True
United States of America,USA,2018,10.0,5.2198207927714515,10.0,0.8888888888888888,0.3333333333333333,5,5.532853047443179,1.3457748235165772,2.3706578038830646,-1.3187432202138982,False,False,False,True,True
United States of America,USA,2019,10.0,6.0244119041777795,10.0,0.9444444444444445,0.5,4,5.782660158613334,2.036350971101224,4.442386246637005,-1.8483073306836457,False,False,False,True,True
United States of America,USA,2020,10.0,4.585716950930608,2.397735828901751,0.8888888888888888,0.6666666666666666,3,4.018912778188694,1.8868026517099568,3.8270746217965375,-1.5421391263339295,False,False,False,True,True
United States of America,USA,2021,10.0,3.307207898644519,2.002023831733444,0.8888888888888888,0.6666666666666666,3,3.684068568297815,3.9468083656207082,7.355529000209919,2.1515627633188723,True,True,True,True,True
United States of America,USA,2022,10.0,5.151142317018636,3.714566755493332,0.8333333333333334,0.4444444444444444,3,4.284252925613505,3.234895728982089,7.059207401905351,0.14547978504091788,True,False,True,True,True
United States of America,USA,2023,10.0,6.357164146860827,4.368085994014859,0.8333333333333334,0.5,3,4.6783833615084705,3.811921969910321,8.79095598916587,0.1448099205650928,False,False,True,True,True
United States of America,USA,2024,10.0,5.990919826571824,5.079781628742721,0.8333333333333334,0.611111111111111,4,4.791918068840687,3.7063315010045197,8.785661169680225,-0.2917120489955045,True,False,True,True,True
United States of America,USA,2025,10.0,2.79182631692872,7.082925664484416,0.7777777777777778,0.611111111111111,4,4.530505951838183,4.111111111111112,10.0,-2.0686376597583753,True,False,True,True,True
Uruguay,URY,1991,,,,,,0,0.0,0.0,,,False,False,False,False,False
Uruguay,URY,1992,,,,,,0,0.0,0.0,,,False,False,False,False,False
Uruguay,URY,1993,,,,,,0,0.0,0.0,,,False,False,False,False,False
Uruguay,URY,1994,,,,,,0,0.0,0.0,,,False,False,False,False,False
Uruguay,URY,1995,,,,,,0,0.0,0.0,,,False,False,False,False,False
Uruguay,URY,1996,1.6615107271633576,-0.711439898702784,-0.19978101130236314,,,0,0.5538369090544525,1.1143370207701881,1.4291643004663588,0.7995097410740177,False,False,False,False,False
Uruguay,URY,1997,0.9696123445099689,-0.5993964425662809,0.6012701611374461,,,0,0.5236275018824718,0.7822835698449064,0.8847255241529312,0.6798416155368818,False,False,False,False,False
Uruguay,URY,1998,0.5952198299964013,-0.5262461492317284,1.430445796511006,,,0,0.6752218755024691,0.49124068490166695,0.3383915757283013,0.6440897940750325,False,False,False,False,False
Uruguay,URY,1999,0.269959084834323,-0.3733203812772571,1.6531600695484179,-0.3333333333333334,1.0,0,0.7846238308765482,0.18313720468319375,-0.11757040855547703,0.5494116140495813,False,False,False,False,False
Uruguay,URY,2000,0.5982118069869806,0.6443338664000642,2.1150350954847426,0.19999999999999998,0.9999999999999999,0,1.1515161537743572,0.2995893295837249,0.4229914171291115,0.4757765716220634,False,False,False,False,False
Uruguay,URY,2001,1.4897168898825803,1.3936849114146779,1.9654165634742524,0.4666666666666666,0.9999999999999999,0,1.5564303396209689,0.2511391235462823,0.2680966630165837,0.4853207076222632,False,False,False,False,False
Uruguay,URY,2002,1.826092440633704,0.9275875816252503,1.4479632246998744,0.6190476190476191,0.9047619047619049,2,1.4498524589155752,0.45457920774223287,0.9624724507696655,0.4012651724570332,False,False,False,False,False
Uruguay,URY,2003,0.5541788470763216,1.5164687200248421,1.6810684781665706,0.5714285714285714,0.9285714285714285,0,1.3503432090535468,0.0,-1.2970980866015842,-0.22611361886334752,False,False,False,False,False
Uruguay,URY,2004,0.5535532564161298,1.7751596869265798,1.03314856082503,0.5,0.9444444444444445,0,1.2501500786113258,0.0,-1.506259390770068,-1.5487231478830485,False,False,False,False,False
Uruguay,URY,2005,1.9259610723779876,2.45761894757033,1.1237195109566767,0.4444444444444444,0.9444444444444445,0,1.6570154617365542,0.0,-1.3849140453358268,-2.2603784496904775,False,False,False,False,False
Uruguay,URY,2006,5.0065652477818485,3.656407730417089,0.9767999408674578,0.3333333333333333,0.9444444444444445,1,2.4390656949243903,0.0,-1.4546434685168401,-2.1998807425803157,False,False,False,False,False
Uruguay,URY,2007,5.654632413229097,3.8558069125687746,0.9468677993147825,0.5555555555555556,0.8888888888888888,1,2.6692392028003082,0.0,-1.4652324297805854,-2.289878338517726,False,False,False,False,False
Uruguay,URY,2008,4.349556423157359,3.553166285449726,1.7771801995257968,0.5555555555555556,0.8333333333333334,0,2.4915361371821314,0.0,-1.443321588819176,-2.2486558281604543,False,False,False,False,False
Uruguay,URY,2009,2.535201127210774,2.0738519103211335,9.689857623686603,0.5,0.6666666666666666,0,3.3264487989103686,0.0,-1.6559515663864814,-2.9544865646645544,False,False,False,False,False
Uruguay,URY,2010,1.3915645750677588,3.3137876564754687,10.0,0.3333333333333333,0.5,0,3.274403779641979,0.0,-1.2062643996307019,-2.1076051044222357,False,False,False,False,False
Uruguay,URY,2011,3.10695001063716,4.112141235314717,1.971744832060461,0.3888888888888889,0.5,1,2.1937227711580234,0.0,-1.9052509340013626,-3.7805917043973185,False,False,False,False,False
Uruguay,URY,2012,3.9898278984795295,4.503822528326901,1.7327394799338225,0.5,0.611111111111111,2,2.489722425792495,0.0,-1.900277236531572,-3.5435864684663883,False,False,False,False,False
Uruguay,URY,2013,4.106679406230001,4.663005984824169,0.9946808247503308,0.7222222222222222,0.611111111111111,2,2.486206576494234,0.0,-1.6053391151244083,-1.5117572822931418,False,False,False,False,False
Uruguay,URY,2014,3.2130392812482063,4.634591998925103,0.7495778420967656,0.7222222222222222,0.5,2,2.208330713342904,0.0,-1.7780734803707088,-1.0498400406433692,False,False,False,False,False
Uruguay,URY,2015,0.8525506659030081,3.8506950150978536,0.6640172446880006,0.7222222222222222,0.3888888888888889,0,1.517897029582217,0.0,-1.5815447273394478,-1.6431756447948647,False,False,False,False,False
Uruguay,URY,2016,-0.13463826570710172,2.4764515165885395,0.7085876708756478,0.7222222222222222,0.2777777777777778,0,1.0370078374928373,0.05555555555555555,-1.5805020165528132,-1.6766055732276244,False,False,False,False,False
Uruguay,URY,2017,-0.10560603383069479,1.370874195962388,0.6784576707419786,0.7222222222222222,0.7222222222222222,0,0.9876441511186511,0.2222222222222222,-1.6159981802122374,-1.7047838535839581,False,False,False,False,False
Uruguay,URY,2018,-0.5871826830215413,2.8960853451393542,1.2711807290365547,0.5555555555555556,0.8888888888888888,0,1.4112309926129596,0.0,-2.0166845300086385,-0.5743057283803497,False,False,False,False,False
Uruguay,URY,2019,-1.014635883220422,1.7986368576643839,2.569454551627742,0.3333333333333333,0.8888888888888888,0,1.3625071707473142,0.1111111111111111,-1.8019155218771736,-1.7071633726369078,False,False,False,False,False
Uruguay,URY,2020,10.0,0.36506434020638423,8.49933949578433,0.3888888888888889,0.5555555555555556,1,4.15065854497592,0.16666666666666666,-1.390823316014668,-2.765104695598361,False,False,False,True,True
Uruguay,URY,2021,10.0,3.6802719960605423,2.5238290652234032,0.3888888888888889,0.2222222222222222,2,3.4852646567012338,0.16666666666666666,-1.3941991844125345,-3.037575874601732,False,False,False,True,True
Uruguay,URY,2022,10.0,4.728102111748502,2.2439977014420993,0.4444444444444444,0.2222222222222222,3,3.661086629304787,0.0,-1.9265274949624733,-3.5817365986585785,False,False,False,True,True
Uruguay,URY,2023,10.0,4.64939479948534,0.501760286499739,0.5555555555555556,0.5555555555555556,2,3.4746754616414597,0.0,-1.8943407843570925,-3.1588974045748595,False,False,False,True,True
Uruguay,URY,2024,10.0,4.659739342692353,0.5901590088187713,0.7777777777777778,0.6666666666666666,3,3.6277574480800028,0.1111111111111111,-0.8961785439016209,-2.322649334662443,False,False,False,True,True
Uruguay,URY,2025,10.0,4.633313357084843,0.0684617008291122,0.8333333333333334,0.7777777777777778,3,3.5847994560272363,0.3888888888888889,-0.43170426782840954,-3.2042524842483537,False,False,False,True,True
Uzbekistan,UZB,1991,0.0,,,,,0,0.0,0.0,,,False,False,False,False,False
Uzbekistan,UZB,1992,0.0,,,,,0,0.0,0.0,,,False,False,False,False,False
Uzbekistan,UZB,1993,0.0,,,,,0,0.0,0.0,,,False,False,False,False,False
Uzbekistan,UZB,1994,0.0,,,,,0,0.0,0.0,,,False,False,False,False,False
Uzbekistan,UZB,1995,0.0,,,,,0,0.0,0.0,,,False,False,False,False,False
Uzbekistan,UZB,1996,1.7203275762096442,1.942744284041653,0.32332293168400067,,,1,1.3287982639784326,1.4830247181926732,1.5713812461980725,1.394668190187274,False,False,False,False,False
Uzbekistan,UZB,1997,1.3298133001436858,1.1543678344850938,0.7995502023771532,,,0,1.094577112335311,1.1979257156481267,1.306211042243342,1.0896403890529112,False,False,False,False,False
Uzbekistan,UZB,1998,1.1267277440177967,1.154253997467799,1.4107091904044953,,,0,1.2305636439633636,1.0509827256670388,1.075618891298253,1.0263465600358248,False,False,False,False,False
Uzbekistan,UZB,1999,0.9027678088876291,1.0839145318994763,2.1391716518876405,-1.0,1.0,0,1.2251707985349491,0.6293321062647946,0.8785079437775836,1.0094883750168002,False,False,False,False,False
Uzbekistan,UZB,2000,0.0,1.6091946634716914,2.698836596907725,-0.9999999999999999,0.9999999999999999,0,1.2616062520758833,0.0,-0.7713745841778042,-0.13541382813987218,False,False,False,False,False
Uzbekistan,UZB,2001,0.0,1.0499269797377428,0.4830740531988075,-0.9999999999999999,0.8666666666666666,0,0.6532668732539767,0.0,-0.8529014074008149,-0.18498888751041873,False,False,False,False,False
Uzbekistan,UZB,2002,0.0,-0.02926436161837162,-0.4986098476284296,-0.9047619047619049,0.7142857142857143,0,0.2857142857142857,0.0,-0.8333604092991254,-0.6345038762469272,False,False,False,False,False
Uzbekistan,UZB,2003,0.0,0.5162077352880985,1.6936566634176757,-0.7142857142857142,0.6428571428571428,0,0.699115736884012,0.0,-0.7819487193229381,-0.9268200105584176,False,False,False,False,False
Uzbekistan,UZB,2004,0.0,0.8651876054091967,1.0572955471796657,-0.611111111111111,0.6666666666666666,0,0.6511632971844391,0.0,-0.7947997088014841,-1.3057878262569802,False,False,False,False,False
Uzbekistan,UZB,2005,0.0,0.934164235807415,0.4490002788998762,-0.4444444444444444,0.5,0,0.47663290294145827,0.0,-0.797334294515085,-1.332629085580191,False,False,False,False,False
Uzbekistan,UZB,2006,0.0,0.8983668875666173,1.9229785955875802,-0.2222222222222222,0.4444444444444444,0,0.7420468744086173,0.0,-0.7972938619968515,-1.2811563169517177,False,False,False,False,False
Uzbekistan,UZB,2007,0.0,0.6628097212570533,-0.19932747726755473,0.05555555555555555,0.2222222222222222,0,0.24367305536252176,0.0,-0.7973338418580903,-1.2123851443363072,False,False,False,False,False
Uzbekistan,UZB,2008,0.0,-0.6320975823500383,-0.28848521110131353,0.4444444444444444,-0.05555555555555555,0,0.17777777777777776,0.0,-0.7951701512267556,-0.860967250219245,False,False,False,False,False
Uzbekistan,UZB,2009,0.0,-1.052853895883121,0.2576240325164592,0.8333333333333334,-0.2222222222222222,0,0.3848581398366252,0.1111111111111111,-0.8004288303028021,-0.6531744762069769,False,False,False,False,False
Uzbekistan,UZB,2010,0.0,-0.7129826561217146,0.433122618304158,0.8333333333333334,-0.2777777777777778,0,0.41995785699416494,0.0,-0.8058468552347113,-0.9995445307675411,False,False,False,False,False
Uzbekistan,UZB,2011,0.0,0.2185090977233086,1.1555481607544014,0.8888888888888888,0.16666666666666666,0,0.6970336739177643,0.0,-0.8763104711671338,-0.993363817278923,False,False,False,False,False
Uzbekistan,UZB,2012,0.0,0.0702855547904419,-0.04337030405633837,0.7777777777777778,0.1111111111111111,0,0.369612666513644,0.0,-0.8784343204271574,-1.021414512310864,False,False,False,False,False
Uzbekistan,UZB,2013,0.0,0.23364045341986805,0.17123257069346848,0.3888888888888889,0.3888888888888889,0,0.39208571593377844,0.0,-0.8931977029683872,-1.0450598585400992,False,False,False,False,False
Uzbekistan,UZB,2014,0.0,0.9846481557230058,0.3162677410558366,0.5,0.7777777777777778,0,0.7712942904668795,0.0,-0.8992093754037233,-0.8614952927853756,False,False,False,False,False
Uzbekistan,UZB,2015,0.0,0.9721007456093643,0.8284800962645087,0.8333333333333334,0.8333333333333334,0,1.0267828350414414,0.0,-0.9034963974392771,-0.28619175387487,False,False,False,False,False
Uzbekistan,UZB,2016,0.0,3.871516564822918,3.6050741098603547,0.9444444444444445,0.6666666666666666,0,2.1397625793810993,0.0,-0.8849058596573969,-0.022570118709973164,False,False,False,False,False
Uzbekistan,UZB,2017,1.1949650328340453,2.399968132157651,3.415693993484066,0.9444444444444445,0.7777777777777778,1,2.0910143205840415,0.0,-0.8321752405745735,-0.09394104860891384,False,False,False,False,False
Uzbekistan,UZB,2018,3.777406625321277,1.4781517447249053,2.061501775124935,0.9444444444444445,0.7777777777777778,3,2.1523009179231125,0.0,-0.8378658361988088,-0.13422372113082195,False,False,False,True,False
Uzbekistan,UZB,2019,10.0,1.4711917694743968,1.266311040694407,0.9444444444444445,0.8333333333333334,1,3.258611673144872,0.16666666666666666,-0.8381036641124716,-0.366228610188793,False,False,False,False,False
Uzbekistan,UZB,2020,10.0,1.0476369017063183,1.4302491328643576,0.9444444444444445,0.6666666666666666,1,3.14002165135858,0.2777777777777778,-0.8409072007938938,-0.365461799349627,False,False,False,False,False
Uzbekistan,UZB,2021,10.0,1.6571635981441137,0.6977147248928173,0.9444444444444445,0.5,1,3.048753442385164,0.5,-0.8295946405535922,-0.5789867277815932,False,False,False,False,False
Uzbekistan,UZB,2022,10.0,1.149024330937422,0.6870510978958199,1.0,0.3333333333333333,0,2.9005484190999815,0.5555555555555556,-0.8302183633677614,-0.9157070442055449,False,False,True,True,True
Uzbekistan,UZB,2023,10.0,1.0183269432931328,1.7596846590278186,1.0,0.2777777777777778,0,3.0667134315753013,0.6965332908016529,-0.5984128486453482,0.2562665390716255,False,False,True,True,True
Uzbekistan,UZB,2024,10.0,1.6538096880621882,1.3698793253847419,1.0,0.4444444444444444,3,3.1825155804671637,0.6270565533628701,-0.5836861748600979,0.04783632675527728,False,False,True,True,True
Uzbekistan,UZB,2025,10.0,2.079440061644467,1.7048265947285501,0.9444444444444445,0.5555555555555556,3,3.3568533312746034,0.5748806588598515,-0.5840503443674271,0.057975309912887615,False,False,True,True,True
Venezuela,VEN,1991,,,,,,0,0.0,0.0,,,False,False,False,False,False
Venezuela,VEN,1992,,,,,,0,0.0,0.0,,,False,False,False,False,False
Venezuela,VEN,1993,,,,,,0,0.0,0.0,,,False,False,False,False,False
Venezuela,VEN,1994,,,,,,0,0.0,0.0,,,False,False,False,False,False
Venezuela,VEN,1995,,,,,,0,0.0,0.0,,,False,False,False,False,False
Venezuela,VEN,1996,-0.9247518344355893,0.607956375692579,-0.3032213008348633,,,0,0.20265212523085965,0.6360486528768211,-1.496659425438099,1.2720973057536422,False,False,False,False,False
Venezuela,VEN,1997,-0.9247518315873531,1.1657178812697109,0.14844871567395806,,,0,0.4380555323145563,0.39931418033745475,-1.544037838352459,0.7986283606749095,False,False,False,False,False
Venezuela,VEN,1998,-0.9247517815304958,1.3379650231349551,1.0061160859756448,,,0,0.7813603697035333,0.0,-1.5373519796309678,-0.45730264375376917,False,False,False,False,False
Venezuela,VEN,1999,0.6719927401355212,2.412552794423174,2.7044230703147325,1.0,1.0,1,1.9577937209746856,1.3243051461013706,0.7350972481047501,2.2378181901993615,False,False,False,False,False
Venezuela,VEN,2000,1.5391561732279593,1.8288312612405788,1.6378363236339997,0.9999999999999999,0.9999999999999999,3,1.8011647516205074,0.6292880578008084,0.6878641734024254,-0.6793942332692283,False,False,False,True,False
Venezuela,VEN,2001,1.2293991372287265,0.3807244494974194,0.45432461144690467,0.9999999999999999,0.7333333333333333,0,1.1062229729679434,0.7026157982956017,0.7078473948868053,-0.7501191724615774,False,False,False,False,False
Venezuela,VEN,2002,0.8868303596831327,0.8118486646354319,0.8895419210422092,1.0,0.7142857142857143,0,1.2033584747864405,0.5317671384680781,0.5953014154042344,-0.6882924083525546,False,False,False,False,False
Venezuela,VEN,2003,1.1073415008083163,0.7053203212664105,1.2753912867951271,0.9999999999999998,0.6428571428571428,0,1.274753478916828,0.49250863247619076,0.6203830402857151,-0.523577875100266,False,False,False,False,False
Venezuela,VEN,2004,1.308418537544331,0.6805851190435248,1.306516283617946,1.0,0.6666666666666666,0,1.325770654707827,0.48718467532094395,0.6282206926294984,-0.4977091641748251,False,False,False,False,False
Venezuela,VEN,2005,2.219755256491624,0.6319707878482568,1.1608993493139776,1.0,0.611111111111111,2,1.4469695231752162,0.31222287068047666,0.6033352787080967,-0.7121483595156989,False,False,False,False,False
Venezuela,VEN,2006,2.8278474258704374,0.631269286353847,1.3022646844363805,1.0,0.5555555555555556,2,1.5744985015543551,0.1988626905001264,0.5965880715003792,-0.7162103090482828,False,False,False,False,False
Venezuela,VEN,2007,2.9282414697221544,0.8866907215307384,4.22507365765794,1.0,0.6666666666666666,0,2.2746678364488333,0.19870531601828123,0.5961159480548437,-0.6534486174360448,False,False,False,False,False
Venezuela,VEN,2008,2.405669254810343,1.523522012982727,3.9380099587190824,0.8888888888888888,0.7777777777777778,2,2.240106911969097,0.0,-1.3499779252354824,-0.8422053366080878,False,False,False,False,False
Venezuela,VEN,2009,2.1584502120445817,1.5691227290891645,3.8901895574296215,0.6666666666666666,0.8888888888888888,2,2.145774721934896,0.0,-1.5069911823894209,-1.1653496976925974,False,False,False,False,False
Venezuela,VEN,2010,1.4427709895410352,2.215169420698601,5.306294959476949,0.3888888888888889,0.6666666666666666,0,2.2150692961655394,0.0,-1.4754542539334305,-1.6047143536707849,False,False,False,False,False
Venezuela,VEN,2011,0.5722465379564413,3.2278613091872375,4.484896009852596,-0.05555555555555555,0.5,0,1.857000771399255,0.0,-1.4754919353566072,-1.5350501881074787,False,False,False,False,False
Venezuela,VEN,2012,-0.10127457627086252,3.3474646632758107,3.17971652399716,-0.3333333333333333,0.5,0,1.5054362374545942,0.0,-1.4737126279086392,-1.5699058013495506,False,False,False,False,False
Venezuela,VEN,2013,0.14351095242781503,3.6093104918164918,4.749730643555892,-0.05555555555555555,0.5555555555555556,0,1.922732639782262,0.0,-1.4733641744565942,-3.3937461494072845,False,False,False,False,False
Venezuela,VEN,2014,0.5525347007545679,2.973475217831212,3.168847829620566,0.2222222222222222,0.611111111111111,0,1.6723048829746023,0.0,-1.4513277602354784,-5.306322359314196,False,False,False,False,False
Venezuela,VEN,2015,0.7370931671080545,2.695744739995468,3.1768270046831355,0.5555555555555556,0.5555555555555556,0,1.7663774268017758,0.1111111111111111,-1.4340393854776026,-5.318451261796046,False,False,False,False,False
Venezuela,VEN,2016,0.6860893707825026,1.4284014116454196,1.9508379183267808,0.611111111111111,0.3333333333333333,0,1.1908435179287185,0.1111111111111111,-1.5275166772825304,-2.4147885227986605,False,False,False,False,False
Venezuela,VEN,2017,1.0940659855933,2.9856124131869506,3.455840566339777,0.8333333333333334,0.6666666666666666,0,2.1071037930240055,0.1111111111111111,-1.5711410001772985,-2.4931263954575202,False,False,False,False,False
Venezuela,VEN,2018,1.3605615305715477,3.3608859689281982,0.8853041329388925,0.8333333333333334,0.7777777777777778,0,1.7657947709321722,0.14576265169643618,-1.5040014940875994,0.4372879550893085,False,False,False,False,False
Venezuela,VEN,2019,5.7514470179697605,3.2462752961063623,0.46212130977879545,0.8333333333333334,0.7222222222222222,1,2.5141909469932058,0.29443982428657245,-1.4808170388502164,0.8833194728597173,False,False,False,False,False
Venezuela,VEN,2020,10.0,1.5984116005781503,2.5745190646294307,0.9444444444444445,0.6666666666666666,0,3.4790305774859602,0.21271842383568915,-1.475706318919924,0.6381552715070674,False,False,False,False,False
Venezuela,VEN,2021,10.0,1.3003820620509476,2.698451991810641,0.9444444444444445,0.5555555555555556,0,3.399766810772318,0.25218624187479904,-1.472774760430738,0.7565587256243972,False,False,False,False,False
Venezuela,VEN,2022,10.0,1.4198956353763497,3.7449197242953103,0.9444444444444445,0.4444444444444444,1,3.5885186274898877,0.298567099165241,-1.4940264432759038,0.8957012974957229,False,False,False,False,False
Venezuela,VEN,2023,10.0,1.097064574631082,0.7296729092314915,0.8888888888888888,0.3888888888888889,2,2.876458607883626,0.45206016804657906,0.18951383747307052,-0.10411661188717472,True,False,True,True,True
Venezuela,VEN,2024,10.0,1.4688002564795308,3.8792174455110877,0.8888888888888888,0.4444444444444444,2,3.602936873731457,1.0020999588957349,0.6729665433538711,-2.358191447851308,True,False,True,True,True
Venezuela,VEN,2025,10.0,1.1210637538402837,1.988257958309405,0.9444444444444445,0.611111111111111,2,3.24408656465216,0.9919937664173629,0.6426479659187553,-3.28378279400415,False,False,False,True,True
Vietnam,VNM,1991,0.0,,,,,0,0.0,0.0,,,False,False,False,False,False
Vietnam,VNM,1992,0.0,,,,,0,0.0,0.0,,,False,False,False,False,False
Vietnam,VNM,1993,0.0,,,,,0,0.0,0.0,,,False,False,False,False,False
Vietnam,VNM,1994,0.0,,,,,0,0.0,0.0,,,False,False,False,False,False
Vietnam,VNM,1995,0.0,,,,,0,0.0,0.0,,,False,False,False,False,False
Vietnam,VNM,1996,1.5095355764224396,2.1614259675081153,1.8765077756192285,,,0,1.8491564398499278,1.05875464019666,1.3855900081367027,0.7319192722566175,False,False,False,False,False
Vietnam,VNM,1997,1.1632644435838977,1.1062864495247304,1.1634394066350437,,,0,1.1443300999145574,0.3736045673543256,0.7472091347086512,-0.27709004090614286,False,False,False,False,False
Vietnam,VNM,1998,1.1011594420445723,1.419099010558203,2.5517775114616854,,,0,1.6906786546881536,1.1726934681993493,0.6795450285393225,1.6658419078593762,False,False,False,False,False
Vietnam,VNM,1999,1.565509732928359,1.463009804837652,1.3665450976334261,1.0,1.0,0,1.6790129270798875,0.6642253999521386,0.1720026981772194,1.8206735016791964,False,False,False,False,False
Vietnam,VNM,2000,1.9097853045550377,1.3482182793133053,-0.28923475397995635,0.9999999999999999,0.6,0,1.2916007167736685,0.542157186226479,1.6264715586794372,-0.5210278023664562,False,False,False,False,False
Vietnam,VNM,2001,0.9253442675732328,0.9080868069957929,0.9043872025138762,0.8666666666666666,0.6,0,1.134230322083247,0.0,-0.8132978674724761,-1.0194794348911786,False,False,False,False,False
Vietnam,VNM,2002,0.5047958914942928,0.609357693767409,1.5417850365231056,0.7142857142857143,0.5238095238095238,0,1.0264258195950569,0.0,-1.031144452217689,-0.6410007160433718,False,False,False,False,False
Vietnam,VNM,2003,0.5119746390140728,0.3492990331771257,1.4732159885786544,0.6428571428571428,0.42857142857142855,0,0.895469360725399,0.0,-0.7630467983566763,-0.9348856299797873,False,False,False,False,False
Vietnam,VNM,2004,0.6374810362906749,1.6686868360948859,0.9907036708150107,0.6666666666666666,0.2777777777777778,0,1.0371520864178918,0.0,-0.8126860166553965,-0.8377169629285899,False,False,False,False,False
Vietnam,VNM,2005,2.6059458079742366,0.10147064153159657,2.968052130475811,0.7222222222222222,-0.05555555555555555,0,1.4239826048852178,0.004255301773446208,-1.190643293539096,0.012765905320338623,False,False,False,False,False
Vietnam,VNM,2006,5.261887477595433,2.115861191445291,1.5958641945397567,0.6666666666666666,0.05555555555555555,0,2.0836114616049852,0.0,-0.6993023360069505,-0.9165020350323704,False,False,False,False,False
Vietnam,VNM,2007,6.5005667126465605,1.0410323499958343,1.377816360548122,0.7222222222222222,0.16666666666666666,0,2.139438640193659,0.0,-1.4237217505098367,-2.170848560841562,False,False,False,False,False
Vietnam,VNM,2008,6.450049290608607,2.395571165777053,2.7562887431449896,0.7222222222222222,0.611111111111111,1,2.853715173239463,0.0,-1.161830554250873,-1.9534020166229435,False,False,False,False,False
Vietnam,VNM,2009,5.619632788567672,5.924653096135852,6.12589779468467,0.7222222222222222,0.9444444444444445,1,4.200703402544305,0.5367125740032896,-2.1593853888334653,1.610137722009869,False,False,False,True,False
Vietnam,VNM,2010,4.227964670058546,5.882661942919965,6.1293650864069305,0.611111111111111,0.9444444444444445,1,3.8702205620993104,0.0,-2.2532520000076763,-1.305967537930931,False,False,False,False,False
Vietnam,VNM,2011,3.0351689630123326,8.104636148665845,6.71218664906334,0.5555555555555556,0.9444444444444445,1,4.170398352148304,0.09290794807764831,-2.2229621678973004,0.27872384423294494,False,False,False,True,False
Vietnam,VNM,2012,2.8789906424116936,7.3095103753930335,6.856973961179444,0.5,0.9444444444444445,1,3.986872773574612,0.0,-2.3517704312693106,-0.3000070323191983,False,False,False,False,False
Vietnam,VNM,2013,2.7531113652736687,10.0,8.629712848110488,0.16666666666666666,0.9444444444444445,2,4.721009287121275,1.0590687027589558,1.9099107086593707,1.2672953996174965,False,False,False,True,False
Vietnam,VNM,2014,2.5662828211896747,8.11404541273622,3.9726416174463264,0.0,0.7777777777777778,1,3.2417050813855552,0.7019576625967302,1.6916973429488704,0.41417564484132025,False,False,False,False,False
Vietnam,VNM,2015,1.1568438181695644,6.159313931534129,4.1972952223364555,0.2222222222222222,0.611111111111111,0,2.636023927741363,0.5711835696896637,0.17251677776503957,1.2077005979706181,False,True,True,True,False
Vietnam,VNM,2016,0.41520982083068786,7.013849201410193,5.080576031205782,0.3333333333333333,0.3888888888888889,0,2.790815899578221,0.16666666666666666,-0.38650792342140533,-2.2769409735909973,False,False,False,False,False
Vietnam,VNM,2017,1.8216752581680373,6.045084118694181,8.12671068600073,0.4444444444444444,0.3888888888888889,1,3.532027345905923,0.39264647405738423,0.3446060888388194,-2.570182310269871,False,False,False,False,False
Vietnam,VNM,2018,10.0,4.129837038267529,9.347875524804651,0.5555555555555556,0.3333333333333333,4,5.051098068169992,4.319988871262583,10.0,1.626633280454417,True,False,True,True,True
Vietnam,VNM,2019,10.0,2.1801536766670004,9.877111275275965,0.5555555555555556,0.2222222222222222,3,4.722564101499704,4.572402734642963,10.0,2.217208203928887,False,False,False,True,True
Vietnam,VNM,2020,10.0,2.6484440086328274,10.0,0.6666666666666666,0.611111111111111,4,5.040799912837676,3.888888888888889,10.0,-0.4188549894450124,False,False,False,True,True
Vietnam,VNM,2021,10.0,1.4714641558223018,5.654209527361629,0.8333333333333334,0.7777777777777778,6,4.069579181081231,4.3482136876309685,10.0,1.37797439622624,False,False,False,True,True
Vietnam,VNM,2022,10.0,5.267431400246392,6.276074729380388,0.8888888888888888,0.7777777777777778,7,4.975367892592023,4.755158625609694,10.0,1.9321425434957478,True,False,True,True,True
Vietnam,VNM,2023,10.0,4.332343309504132,4.8312982132697915,1.0,0.8888888888888888,7,4.58828386011034,4.715346913981797,10.0,1.3127074086120583,True,False,True,True,True
Vietnam,VNM,2024,10.0,3.8671328730356067,3.521827705760438,1.0,0.8333333333333334,7,4.211125449092543,4.776192501074179,10.0,1.3285775032225344,True,False,True,True,True
Vietnam,VNM,2025,10.0,4.336908124984988,2.6060285934882637,0.9444444444444445,0.6666666666666666,6,4.033031788139095,4.573248051652833,10.0,0.719744154958498,True,False,True,True,True
Yemen,YEM,1991,0.0,,,,,0,0.0,0.0,,,False,False,False,False,False
Yemen,YEM,1992,0.0,,,,,0,0.0,0.0,,,False,False,False,False,False
Yemen,YEM,1993,0.0,,,,,0,0.0,0.0,,,False,False,False,False,False
Yemen,YEM,1994,0.0,,,,,0,0.0,0.0,,,False,False,False,False,False
Yemen,YEM,1995,0.0,,,,,0,0.0,0.0,,,False,False,False,False,False
Yemen,YEM,1996,2.0488913308990186,0.8545736471102723,0.1914709067172977,,,0,1.0316452949088628,1.6066658277304222,1.982692261480409,1.2306393939804354,False,False,False,False,False
Yemen,YEM,1997,1.2828236378544633,0.750204800814526,0.8578019151278499,,,0,0.9636101179322797,1.22149517208925,1.2258296370250217,1.217160707153478,False,False,False,False,False
Yemen,YEM,1998,1.145650103603729,0.7815188080144718,1.3058105726378033,,,0,1.077659828085335,0.9544644748446576,0.6924252394980023,1.216503710191313,False,False,False,False,False
Yemen,YEM,1999,1.0119754920019939,0.7711721263750034,2.181272426613395,0.0,1.0,0,1.1928840089980786,0.6197957475786092,0.6703661578075889,1.189021084928239,False,False,False,False,False
Yemen,YEM,2000,0.8469931588709049,2.2739257051132116,1.9726839649708592,-0.39999999999999997,0.9999999999999999,0,1.4187205657909951,0.0,-0.9018609773909056,-0.7633157288477581,False,False,False,False,False
Yemen,YEM,2001,0.4778628492127184,1.2725287052294714,0.5325953367925651,-0.6,0.9999999999999999,0,0.8565973782469509,0.0,-0.4116511750169891,-0.7272250736276327,False,False,False,False,False
Yemen,YEM,2002,0.0,0.9390909557242493,1.9718985759447751,-0.7142857142857143,0.8095238095238096,0,0.9060074301433287,0.0,-0.8126409425755208,-1.1105334032373266,False,False,False,False,False
Yemen,YEM,2003,0.0,0.8229027775147932,1.7326945692529208,-0.6428571428571428,0.8571428571428571,0,0.8539766122106857,0.0,-0.7872918370444496,-0.9738275085594775,False,False,False,False,False
Yemen,YEM,2004,0.0,1.3556007717730405,1.9500187937850904,-0.6666666666666666,0.8888888888888888,0,1.0166794686671818,0.0,-0.8373660545338383,-0.6329069987652894,False,False,False,False,False
Yemen,YEM,2005,0.0,2.0049665304555906,1.7045785098963318,-0.5555555555555556,0.8888888888888888,0,1.09746456362594,0.0,-0.8205023092493158,-0.6455161832159834,False,False,False,False,False
Yemen,YEM,2006,0.0,2.2059427307179393,2.913589237155759,-0.3888888888888889,0.8888888888888888,0,1.379461949130295,0.0,-0.8467018296317634,-0.5332260977531946,False,False,False,False,False
Yemen,YEM,2007,0.0,3.6443688842239825,2.616492965614085,-0.16666666666666666,1.0,0,1.6521723699676136,0.0,-0.7599948730047542,-0.30972111188473694,False,False,False,False,False
Yemen,YEM,2008,0.0,2.3619129755753714,7.593518533089621,0.05555555555555555,0.8333333333333334,0,2.346641857288554,0.0,-1.0592569750474448,-1.149568754630282,False,False,False,False,False
Yemen,YEM,2009,0.0,1.9243009363749854,7.876343113764622,0.0,0.7222222222222222,0,2.2490176989168105,0.1979216187092767,-1.0424702983079313,0.59376485612783,False,True,True,True,False
Yemen,YEM,2010,0.0,1.4013844006872727,2.2049543829483946,0.0,0.4444444444444444,0,0.8990455345049113,0.10545791942065806,-2.506151141030966,0.31637375826197417,False,True,True,False,False
Yemen,YEM,2011,0.0,2.1636757967729685,2.8399007900135222,-0.05555555555555555,0.6666666666666666,0,1.2673819840239646,1.0566988392840215,-2.3534478220422526,3.170096517852065,False,True,True,False,False
Yemen,YEM,2012,10.0,2.0126779505390804,5.488482580171495,0.16666666666666666,0.8888888888888888,1,3.922454328364337,0.20328385549556324,-2.2113447655141476,0.6098515664866897,False,True,True,True,True
Yemen,YEM,2013,10.0,2.080452833138471,4.704654764722503,0.3888888888888889,0.8333333333333334,1,3.8459104084610845,0.48232220605355475,-2.130156382625562,1.4469666181606642,False,True,True,True,True
Yemen,YEM,2014,10.0,2.631725999273611,8.165194980699988,0.611111111111111,0.7777777777777778,3,4.714939751550276,0.5416349384547814,-1.3767443408036122,1.6249048153643442,False,True,True,True,True
Yemen,YEM,2015,10.0,5.383969795706759,10.0,0.8333333333333334,0.8333333333333334,6,5.7434606258080185,3.266205133304583,8.827444845233527,0.8045038880135565,False,True,True,True,True
Yemen,YEM,2016,10.0,3.388678481112859,8.560956134718058,0.9444444444444445,0.8333333333333334,4,5.101038034277295,3.4362851961173835,8.975522255018817,-0.8641022289539586,False,False,False,True,True
Yemen,YEM,2017,10.0,3.1659557427991465,8.671551800729976,0.9444444444444445,0.7222222222222222,4,5.034168175372491,3.5366437894859266,8.776598035124447,-1.0372274028400816,False,False,True,True,True
Yemen,YEM,2018,10.0,3.146127813288722,8.636459042643986,0.9444444444444445,0.611111111111111,3,4.978739593408763,3.785076330972245,8.855228992916734,-0.8012532309002324,True,False,True,True,True
Yemen,YEM,2019,10.0,3.110783230297962,8.683291321023887,0.9444444444444445,0.5555555555555556,3,4.95881491026437,3.6075106104467625,8.822531831340287,-0.8480827021218638,True,False,True,True,True
Yemen,YEM,2020,10.0,3.109984281407178,8.857074663238743,0.9444444444444445,0.5555555555555556,4,4.993411788929184,3.229446269580784,8.521672142075687,-1.3689725421117793,False,False,False,True,True
Yemen,YEM,2021,10.0,3.1875597046202473,8.637508742135305,1.0,0.8888888888888888,3,5.120569244906666,3.032682278478339,8.764713502101683,-0.2696211784101163,False,False,False,True,True
Yemen,YEM,2022,10.0,3.3817369893882208,8.475586983689508,1.0,0.8888888888888888,2,5.127020350171102,3.145985629711612,9.104623555801503,-1.0655228674767796,False,False,False,True,True
Yemen,YEM,2023,10.0,5.510300982271532,9.263254967555696,0.8888888888888888,0.5555555555555556,3,5.532488967743223,3.4005431587067267,9.868296142786846,-0.5296842236926028,False,False,False,True,True
Yemen,YEM,2024,1.333850984073295,3.2293272821741965,8.461236057688073,0.4444444444444444,0.9444444444444445,0,3.1604384203426683,0.27042053731588656,-0.30328270727505335,0.8112616119476597,False,False,False,False,False
Yemen,YEM,2025,0.27162684892856204,4.6822566070132,3.577336536045916,0.5,0.8888888888888888,0,2.261799553953091,0.12722586071610797,-0.6017412924773747,0.3816775821483239,False,False,False,False,False
Zambia,ZMB,1991,,,,,,0,0.0,0.0,,,False,False,False,False,False
Zambia,ZMB,1992,,,,,,0,0.0,0.0,,,False,False,False,False,False
Zambia,ZMB,1993,,,,,,0,0.0,0.0,,,False,False,False,False,False
Zambia,ZMB,1994,,,,,,0,0.0,0.0,,,False,False,False,False,False
Zambia,ZMB,1995,,,,,,0,0.0,0.0,,,False,False,False,False,False
Zambia,ZMB,1996,1.7144279011030024,1.156927546824737,0.024201370522622192,,,0,0.9651856061501206,0.7741194198614849,1.5482388397229698,-0.5227855358075465,False,False,False,False,False
Zambia,ZMB,1997,1.3472878262691002,1.1893582306598276,0.6288981281237789,,,0,1.0551813950175688,0.6331997780379284,1.2663995560758567,-0.9708102566158809,False,False,False,False,False
Zambia,ZMB,1998,1.106819964957786,1.2260927351771125,1.2613961029265928,,,0,1.1981029343538303,0.535460458104442,1.070920916208884,-1.026905825504521,False,False,False,False,False
Zambia,ZMB,1999,0.9266308400599874,1.2515351525749276,2.365770501815178,-0.3333333333333334,1.0,0,1.3087872988900187,0.2976318521299131,0.8928955563897393,-1.410103643737224,False,False,False,False,False
Zambia,ZMB,2000,0.40636839310347284,1.6569071888604023,2.8794535905600624,0.19999999999999998,0.9999999999999999,0,1.4685458345047877,0.42919822704540217,-0.3985354572926571,1.2875946811362065,False,False,False,False,False
Zambia,ZMB,2001,-0.5827319380105751,1.8609622462629645,0.8673865020848067,0.2,0.9999999999999999,0,1.0256697496695542,0.0,-1.086073138905899,-0.8688505352229074,False,False,False,False,False
Zambia,ZMB,2002,1.3366846027706596,0.9102359742272152,1.2404266823126862,0.4285714285714286,0.9047619047619049,0,1.2308027851954457,0.2193579411088599,-0.8000904378164184,0.6580738233265797,False,False,False,False,False
Zambia,ZMB,2003,1.3665910139508117,0.7992224078325411,0.9230519692699457,0.5714285714285714,0.7857142857142856,0,1.1606302210678023,0.3682114457021106,-0.8069175809955305,1.1046343371063319,False,False,False,False,False
Zambia,ZMB,2004,1.361813919364901,0.8205673667428995,0.9137368144871227,0.611111111111111,0.6666666666666666,0,1.1303347312300958,0.38141658313992144,-0.8066981202540754,1.1442497494197643,False,False,False,False,False
Zambia,ZMB,2005,1.9931142283479957,1.4182414165646133,1.1426799743873963,0.611111111111111,0.9444444444444445,0,1.5330293460822235,0.20163440196639862,-0.8801401331328679,0.6049032058991959,False,False,False,False,False
Zambia,ZMB,2006,1.6363637864460843,1.4981553292279006,1.0986787044417594,0.7222222222222222,0.8888888888888888,0,1.4910840084675934,0.4009352012118362,-0.8537919200371662,1.2028056036355086,False,True,True,False,False
Zambia,ZMB,2007,1.9297951518888932,0.7355198722959562,2.5446627117486815,0.7777777777777778,0.7222222222222222,0,1.6419955471867063,0.4836526345619425,-0.8475416329062049,1.4509579036858276,False,True,True,True,False
Zambia,ZMB,2008,2.337885204652983,0.3569177256875763,0.04045688719702388,0.8888888888888888,0.611111111111111,1,1.1470519635075165,0.9789298831460324,-0.6366823874912316,2.936789649438097,False,True,True,False,False
Zambia,ZMB,2009,1.9302334036960613,0.19008953891102906,0.47340477443414297,0.611111111111111,0.2777777777777778,0,0.8743010989638021,1.478679357391542,-0.6574021785664764,3.436038072174626,False,True,True,False,False
Zambia,ZMB,2010,2.122754395322196,1.7236190156962095,0.7584984653458684,0.3333333333333333,0.3888888888888889,0,1.2098632641617437,1.0770955354564364,-0.6632233722190729,2.564619939702643,False,True,True,False,False
Zambia,ZMB,2011,0.4110925687117131,0.7343241787484903,0.330067011174809,0.611111111111111,0.3888888888888889,0,0.6950967517270025,0.513788522836545,-0.9564741088448546,1.3746989018429683,False,False,False,False,False
Zambia,ZMB,2012,1.804542653525368,0.4334904440120048,1.7688279250106824,0.7222222222222222,0.1111111111111111,0,1.1347055378429443,0.8443964476028153,-0.7936329048161312,2.1998560094751123,False,False,False,False,False
Zambia,ZMB,2013,1.842386018078868,3.4862367970303847,2.906724618693784,0.7777777777777778,0.2777777777777778,0,2.069291708982829,0.16666666666666666,-0.7848678492811444,-0.18895996194646922,False,False,False,False,False
Zambia,ZMB,2014,1.5623667211496495,2.639515623593021,1.4738017631077522,0.7222222222222222,0.4444444444444444,0,1.6018034882367513,0.03295815014446509,-0.8009004940722988,0.09887445043339527,False,False,False,False,False
Zambia,ZMB,2015,1.6670782434371039,2.91554222145277,1.574189610408694,0.6666666666666666,0.6666666666666666,0,1.764695348393047,0.060852548299613764,-0.7838088664678435,0.1825576448988413,False,False,False,False,False
Zambia,ZMB,2016,7.372519123260828,4.476209068664101,6.099938058798134,0.7777777777777778,0.5555555555555556,2,4.1230665834779465,0.0,-0.7349434622951831,-0.6980280598135231,False,False,False,True,True
Zambia,ZMB,2017,10.0,2.740559165111259,6.1455266633590675,0.8888888888888888,0.5555555555555556,2,4.354994943471843,0.05555555555555555,-0.7307885932957691,-1.4456296478396948,False,False,False,True,True
Zambia,ZMB,2018,10.0,2.61348470681431,6.152721440912718,0.8888888888888888,0.7777777777777778,1,4.419907896212073,0.4444444444444444,-0.7291279643061016,-1.7795583009721252,True,False,True,True,True
Zambia,ZMB,2019,9.04545912002498,3.1877936054853517,5.82163050756068,0.8888888888888888,0.8888888888888888,1,4.322087757725313,0.8888888888888888,-0.7140301157410105,-1.687170125757916,True,False,True,True,True
Zambia,ZMB,2020,7.733848029765746,3.1441254554111424,5.638887710671341,0.9444444444444445,0.8333333333333334,1,4.0144833502807575,0.8333333333333334,-0.7140717208606601,-2.4219612402250155,True,False,True,True,True
Zambia,ZMB,2021,7.811591506576896,3.2117752470119383,5.583753726384973,0.9444444444444445,0.7222222222222222,1,3.988090762661428,0.8888888888888888,-0.6830990652713214,-1.910025370133656,True,False,True,True,True
Zambia,ZMB,2022,10.0,3.8312094662073206,5.873385638986414,0.8888888888888888,0.5555555555555556,1,4.518696798816525,0.9444444444444445,-0.45890742138892443,-0.33004563061492764,True,False,True,True,True
Zambia,ZMB,2023,10.0,3.690234511037225,5.228498363519106,0.9444444444444445,0.5555555555555556,1,4.383746574911266,0.9444444444444445,-0.4498662775059091,-0.8106389618391583,True,False,True,True,True
Zambia,ZMB,2024,10.0,3.3963195837563713,5.602808423891387,0.9444444444444445,0.6666666666666666,2,4.444270045973996,0.8333333333333334,-0.46249013948783885,-1.0090155966379635,False,False,False,True,True
Zambia,ZMB,2025,10.0,3.3595251632617136,0.15145489639615342,0.8888888888888888,0.611111111111111,1,3.302196011931573,0.6666666666666666,-0.6270534636166005,-1.537263089321315,False,False,True,True,True
Zimbabwe,ZWE,1991,,,,,,0,0.0,0.0,,,False,False,False,False,False
Zimbabwe,ZWE,1992,,,,,,0,0.0,0.0,,,False,False,False,False,False
Zimbabwe,ZWE,1993,,,,,,0,0.0,0.0,,,False,False,False,False,False
Zimbabwe,ZWE,1994,,,,,,0,0.0,0.0,,,False,False,False,False,False
Zimbabwe,ZWE,1995,,,,,,0,0.0,0.0,,,False,False,False,False,False
Zimbabwe,ZWE,1996,0.9822658157363973,2.066368548993072,-0.675468183267251,,,0,1.0162114549098231,0.0,-1.2160741401183457,-0.577128900452909,False,False,False,False,False
Zimbabwe,ZWE,1997,1.1367909319247163,0.7791149007813335,-0.2068532148932338,,,0,0.6386352775686833,0.0,-1.219474263092169,-0.7126723530684359,False,False,False,False,False
Zimbabwe,ZWE,1998,1.1779442729427159,0.9292938825279556,0.2227322673614203,,,0,0.7766568076106973,0.0,-1.2267265150200988,-1.5252219831859424,False,False,False,False,False
Zimbabwe,ZWE,1999,1.4353076605208201,1.783801875046285,-0.009780636957252386,1.0,1.0,0,1.443821907113421,0.0,-1.2336416333314677,-1.7585324686748707,False,False,False,False,False
Zimbabwe,ZWE,2000,1.025213389454437,1.3392507858949292,2.615542089057124,0.9999999999999999,0.7999999999999999,0,1.716001252881298,0.601847450469959,0.7826733818272553,1.0228689695826219,False,False,False,False,False
Zimbabwe,ZWE,2001,1.0008843779201448,1.4024819061157783,2.335836450861153,0.8666666666666666,0.8666666666666666,0,1.6411738803127485,0.7732043741536185,0.7995797033481135,0.920033419112742,False,False,False,False,False
Zimbabwe,ZWE,2002,0.7872376015262246,1.2273838480750396,2.6765509245369246,0.7142857142857143,0.8095238095238096,0,1.5477582843514475,0.7911326565516353,0.7621517294110461,0.8969605259581452,False,False,False,False,False
Zimbabwe,ZWE,2003,1.0735296005788248,1.0050212828097955,0.9304865069106788,0.7857142857142856,0.7857142857142856,0,1.2303789066312885,0.9469421939027138,0.814714197916108,0.7403980980777479,False,False,False,False,False
Zimbabwe,ZWE,2004,1.4823459384992652,1.2036059487548882,1.2335104863031072,0.8333333333333334,0.6666666666666666,0,1.3838924747114523,0.9895094320464262,0.8327341382406934,0.4691274912319183,False,False,True,False,False
Zimbabwe,ZWE,2005,1.4374638249659961,1.8828645702999758,0.813951461519059,0.7777777777777778,0.611111111111111,1,1.3824115269125616,1.1982990896348393,0.9040634008188669,0.5241672014189848,False,False,True,False,False
Zimbabwe,ZWE,2006,1.0704009965868566,2.2367465057600984,1.7045429230923734,0.8333333333333334,0.7222222222222222,1,1.6245603073100878,1.353546037944979,0.9383055941002869,0.6223325197346502,True,False,True,True,True
Zimbabwe,ZWE,2007,1.0851287682086375,2.4778055191003046,8.757561711111213,0.8888888888888888,0.8333333333333334,1,3.1529880885729202,1.421150559281683,0.989859496016726,0.6069255151616572,True,False,True,True,True
Zimbabwe,ZWE,2008,1.182220272955137,4.8669037493089835,5.308722728884317,0.8333333333333334,0.8888888888888888,2,2.9604582391185756,1.2789295959654285,0.9747559440962813,0.362032843800004,True,False,True,True,True
Zimbabwe,ZWE,2009,1.0205479172473577,4.540092515930987,2.0214474539024865,0.4444444444444444,0.5555555555555556,0,1.9164175774161663,0.4444444444444444,-0.7518139952404528,-0.9208792531218234,True,False,True,True,True
Zimbabwe,ZWE,2010,1.857543919719132,5.484153529083191,4.7278261376690205,0.3888888888888889,0.3333333333333333,1,2.7027936061831577,0.16666666666666666,-0.7429394751012611,-1.1821908018268399,False,False,False,False,False
Zimbabwe,ZWE,2011,1.78871037335486,4.734953781021802,1.3360133462480224,0.8333333333333334,0.5555555555555556,1,2.1274910556804922,0.0,-0.8058576927493323,-1.215406660547038,False,False,False,False,False
Zimbabwe,ZWE,2012,1.2143530302308787,3.8136760824599194,0.6440997132741418,0.8888888888888888,0.7777777777777778,1,1.8010924318596548,0.0,-0.8098503513726008,-1.184564725399074,False,False,False,False,False
Zimbabwe,ZWE,2013,2.7832714380585886,4.351012768580305,4.350307356069548,0.8333333333333334,0.611111111111111,1,2.874696090319466,0.3231835743348075,0.9695507230044225,-1.9026188556936883,False,False,False,False,False
Zimbabwe,ZWE,2014,2.8575607686505995,4.3251473453240825,1.0220137428218206,0.6666666666666666,0.5555555555555556,1,2.1298332602481898,0.33776793948560996,1.01330381845683,-2.003725366127631,False,False,False,False,False
Zimbabwe,ZWE,2015,2.8493942894380435,4.454218890125481,0.2921982964813574,0.611111111111111,0.3888888888888889,1,1.9191622952089766,0.3903137361591964,1.0042745418109225,-1.8873434538242895,False,False,False,False,False
Zimbabwe,ZWE,2016,2.831336418032784,4.696960933153559,2.1514660094430162,0.7777777777777778,0.5,1,2.447063783236983,0.6089833048507317,0.9936165812188616,-1.9421934899082935,False,False,False,False,False
Zimbabwe,ZWE,2017,2.9194847133045854,4.031214159641308,1.5118089358007516,0.7222222222222222,0.3888888888888889,0,2.1369460061937735,0.8967067416551745,1.0234535582988566,-1.6992161000046546,False,False,False,False,False
Zimbabwe,ZWE,2018,1.8464375087644447,2.421163109297983,2.1613452038041783,0.4444444444444444,0.3888888888888889,0,1.6191224977066547,0.5324140471978215,0.43057547492679776,-2.019490366720849,False,False,False,False,False
Zimbabwe,ZWE,2019,1.8538930929545727,2.4931518805563675,2.0596273963500518,0.2222222222222222,0.5,0,1.5702233628610873,0.3693306586789246,0.44132530937010717,-1.7470309379813165,False,False,False,False,False
Zimbabwe,ZWE,2020,1.7857034315102336,2.9291027629041535,1.8905361848343591,0.05555555555555555,0.5555555555555556,0,1.5655129202941935,0.13772247290687403,0.41316741872062207,-2.420493045952599,False,False,False,False,False
Zimbabwe,ZWE,2021,1.824609861002035,5.398029557013611,1.4268231407705199,0.4444444444444444,0.611111111111111,1,2.152114733979455,0.1385502994300207,0.41565089829006213,-2.493989160888711,False,False,False,False,False
Zimbabwe,ZWE,2022,1.8347051757595456,4.817388973811108,0.7038487721670504,0.5,0.7222222222222222,0,1.9600774732364297,0.0,-1.07587619669889,-2.641839444536299,False,False,False,False,False
Zimbabwe,ZWE,2023,1.96380173264867,9.083301146238192,1.7979581426882696,0.611111111111111,0.7777777777777778,0,3.124567759870582,0.0,-1.0038705872692313,-2.7200424182922838,False,False,False,False,False
Zimbabwe,ZWE,2024,6.868997647916061,2.2057085934367247,4.399234986783525,0.7777777777777778,0.4444444444444444,4,3.1836771345161514,0.0,-0.6936939136019497,-1.5822879406872603,False,False,False,True,True
Zimbabwe,ZWE,2025,7.961114734779037,1.0559060213259532,0.7515576929788725,1.0,0.7777777777777778,2,2.6648268009278837,0.0,-0.6808246895120985,-1.5610646575551164,False,False,False,True,True
