================================================================
AIM4D full pipeline run started 2026-05-17T00:25:54Z
Host: brev-f4cptey4g  CPUs: 16  RAM: 118Gi
FAST_ONLY=0  SKIP_GDELT=0
================================================================

================================================================
STAGE 1: POET factor extraction
================================================================
V-Dem loaded: 28092 rows, 4618 columns
Countries: 202, Years: 1789-2025
/home/shadeform/AIM4D/stage1_factors/extract.py:39: SettingWithCopyWarning: 
A value is trying to be set on a copy of a slice from a DataFrame.
Try using .loc[row_indexer,col_indexer] = value instead

See the caveats in the documentation: https://pandas.pydata.org/pandas-docs/stable/user_guide/indexing.html#returning-a-view-versus-a-copy
  panel[c] = pd.to_numeric(panel[c], errors="coerce")
Selected 332 indicators (from 507 candidates)
Panel: 139 countries, 1970-2025, 7422 country-years, 332 indicators
Matrix: 7422 obs x 332 indicators
Fitting POET on 6596/7422 country-years (year <= 2019)
Bai-Ng: IC1=20, IC2=20, IC3=20 (all maxed)
Scree elbow: K=4

Using K=4 factors (scree elbow — IC criteria maxed at 20)
Variance explained: [43.5  5.7  3.7  2.4]%
Cumulative: [43.5 49.2 52.9 55.2]%

Factor interpretations:
  factor_1 -> institutional_entrenchment
    Top: ['v2x_diagacc', 'v2x_freexp_altinf', 'v2x_clpol', 'v2x_accountability', 'v2x_electoral_integrity']
  factor_2 -> executive_overreach
    Top: ['v2xeg_eqdr', 'v2peedueq', 'v2pehealth', 'v2peapsecon', 'v2elvotbuy']
  factor_3 -> civil_society_and_suffrage
    Top: ['v2fsuffrage', 'v2asuffrage', 'v2msuffrage', 'v2x_elecreg', 'v2xlg_elecreg']
  factor_4 -> direct_democratic_practice
    Top: ['v2xdd_dd', 'v2xdd_cic', 'v2xdd_i_ci', 'v2ddthreci', 'v2ddthrerf']

Saved to stage1_factors/

=== Factor loadings (top 5 per factor) ===

factor_1:
  v2x_diagacc: 0.985
  v2x_freexp_altinf: 0.979
  v2x_clpol: 0.975
  v2x_accountability: 0.973
  v2x_electoral_integrity: 0.972

factor_2:
  v2xeg_eqdr: 0.780
  v2peedueq: 0.777
  v2pehealth: 0.763
  v2peapsecon: 0.762
  v2elvotbuy: 0.761

factor_3:
  v2fsuffrage: 0.719
  v2asuffrage: 0.717
  v2msuffrage: 0.712
  v2x_elecreg: 0.669
  v2xlg_elecreg: 0.665

factor_4:
  v2xdd_dd: 0.708
  v2xdd_cic: 0.661
  v2xdd_i_ci: 0.590
  v2ddthreci: 0.579
  v2ddthrerf: 0.570

=== Sample country trajectories (Factor 1) ===

Hungary:
  2021: -0.133
  2022: -0.140
  2023: -0.165
  2024: -0.186
  2025: -0.229

Poland:
  2021: 0.356
  2022: 0.320
  2023: 0.438
  2024: 0.693
  2025: 0.764

Denmark:
  2021: 1.201
  2022: 1.191
  2023: 1.182
  2024: 1.177
  2025: 1.159

United States of America:
  2021: 1.371
  2022: 1.361
  2023: 1.354
  2024: 1.307
  2025: 0.908

================================================================
STAGE 2: Kalman + DCC-GARCH betas
================================================================
Loaded 7422 country-years, 139 countries
  [1/139] Mexico: done
  [25/139] Afghanistan: done
  [50/139] Zimbabwe: done
  [75/139] Morocco: done
  [100/139] Laos: done
  [125/139] Israel: done

Estimated betas for 138 countries
Output: 7394 country-years x 4 factor betas

Beta summary by factor:
  factor_1: mean=0.632, std=1.712, range=[-5.597, 7.768]
  factor_2: mean=0.632, std=1.401, range=[-1.821, 7.188]
  factor_3: mean=0.511, std=1.351, range=[-2.098, 10.133]
  factor_4: mean=0.601, std=2.442, range=[-3.585, 15.992]

=== Hungary betas over time ===
  2016: F1=3.572 F2=1.361 F3=1.507 F4=0.517
  2017: F1=4.360 F2=1.346 F3=1.463 F4=1.100
  2018: F1=5.104 F2=0.758 F3=1.484 F4=1.082
  2019: F1=4.717 F2=1.528 F3=1.489 F4=0.842
  2020: F1=4.716 F2=1.532 F3=1.488 F4=0.840
  2021: F1=4.714 F2=1.557 F3=1.347 F4=0.838
  2022: F1=4.701 F2=1.549 F3=1.421 F4=0.800
  2023: F1=4.698 F2=1.536 F3=1.385 F4=1.058
  2024: F1=4.694 F2=1.505 F3=1.375 F4=0.871
  2025: F1=4.696 F2=1.430 F3=1.414 F4=0.771

=== Turkey betas over time ===
  2016: F1=2.713 F2=-0.035 F3=-0.369 F4=-1.022
  2017: F1=3.063 F2=0.263 F3=-0.495 F4=-0.244
  2018: F1=3.063 F2=0.372 F3=-0.400 F4=-1.159
  2019: F1=3.049 F2=0.095 F3=-0.371 F4=-0.477
  2020: F1=3.054 F2=0.341 F3=-0.437 F4=-0.308
  2021: F1=2.981 F2=0.317 F3=-0.301 F4=-0.320
  2022: F1=2.886 F2=0.292 F3=-0.365 F4=-0.318
  2023: F1=2.863 F2=0.180 F3=-0.350 F4=-0.294
  2024: F1=2.798 F2=0.090 F3=-0.349 F4=-0.284
  2025: F1=2.796 F2=0.611 F3=-0.541 F4=-0.318

=== Poland betas over time ===
  2016: F1=4.371 F2=0.976 F3=-0.590 F4=-1.254
  2017: F1=4.761 F2=1.117 F3=-0.809 F4=-1.931
  2018: F1=4.757 F2=1.077 F3=-0.752 F4=-1.498
  2019: F1=4.740 F2=1.019 F3=-0.731 F4=-1.370
  2020: F1=4.656 F2=1.035 F3=-0.710 F4=-1.215
  2021: F1=4.533 F2=0.664 F3=-0.757 F4=-1.238
  2022: F1=4.367 F2=0.632 F3=-0.465 F4=-1.283
  2023: F1=4.329 F2=0.736 F3=-0.416 F4=-1.280
  2024: F1=3.993 F2=0.565 F3=-0.411 F4=-1.160
  2025: F1=3.998 F2=1.032 F3=-0.493 F4=-1.419

=== 2025 Factor 1 beta rankings ===
Bottom 5 (decoupling from global democratic trend):
  Benin: -5.597
  Zimbabwe: -4.775
  Ivory Coast: -3.110
  Namibia: -2.830
  Morocco: -2.145
Top 5 (amplifying global democratic trend):
  Azerbaijan: 4.502
  Hungary: 4.696
  Yemen: 5.612
  Burundi: 5.623
  Egypt: 7.768

=== Cross-country beta variation ===
  factor_1: avg within-country std = 0.8440
  factor_2: avg within-country std = 0.7151
  factor_3: avg within-country std = 0.5680
  factor_4: avg within-country std = 0.7767

================================================================
STAGE 3: MS-VAR HMM regime classification
================================================================
=== Stage 3: MS Regime Classification + TVTP ===

Features (8): ['factor_1', 'factor_2', 'factor_3', 'factor_4'] + ['lag_factor_1', 'lag_factor_2', 'lag_factor_3', 'lag_factor_4'] (MS-VAR(1) with lagged factors)
Panel: 138 countries, 7256 obs

Training subset: year <= 2019, 138 countries, 6436 obs

Quantile-based init (Factor 1 bands, no V-Dem supervision):
  Band 0 (liberal_democracy): 1288 obs, F1 range=[0.947, 1.542], F1 mean=1.127
  Band 1 (electoral_democracy): 1287 obs, F1 range=[0.506, 0.947], F1 mean=0.767
  Band 2 (hybrid_regime): 1287 obs, F1 range=[-0.204, 0.506], F1 mean=0.173
  Band 3 (competitive_authoritarian): 1287 obs, F1 range=[-1.019, -0.204], F1 mean=-0.614
  Band 4 (closed_authoritarian): 6436 obs, F1 range=[-2.802, -1.019], F1 mean=-0.019

Phase 1: Baseline HMM (K-means init, no supervision)...
Model is not converging.  Current: -45325.00355414826 is not greater than -45324.998778664325. Delta is -0.004775483932462521
Model is not converging.  Current: -45325.0043120444 is not greater than -45324.99854862098. Delta is -0.005763423425378278
Model is not converging.  Current: -45325.00434515816 is not greater than -45325.000423709265. Delta is -0.00392144889337942
Model is not converging.  Current: -45325.00148045498 is not greater than -45324.99852879459. Delta is -0.0029516603899537586
Model is not converging.  Current: -45325.00876975448 is not greater than -45325.00193393767. Delta is -0.0068358168136910535
Model is not converging.  Current: -45325.00378268245 is not greater than -45324.998676274925. Delta is -0.005106407523271628
Model is not converging.  Current: -45325.00001480367 is not greater than -45324.999321928146. Delta is -0.0006928755246917717
Model is not converging.  Current: -45325.0016448982 is not greater than -45324.99849377379. Delta is -0.0031511244087596424
  Restart 20/60: score=-45230.7
Model is not converging.  Current: -45325.00644469466 is not greater than -45325.00035351284. Delta is -0.006091181821830105
Model is not converging.  Current: -45324.99968835326 is not greater than -45324.9996695. Delta is -1.8853257643058896e-05
Model is not converging.  Current: -45325.004365096946 is not greater than -45324.99855738393. Delta is -0.005807713016110938
Model is not converging.  Current: -45325.00047997455 is not greater than -45324.99842519919. Delta is -0.002054775359283667
Model is not converging.  Current: -45325.23442641976 is not greater than -45325.21907788168. Delta is -0.015348538079706486
Model is not converging.  Current: -45328.16571171665 is not greater than -45328.11730417943. Delta is -0.04840753721509827
Model is not converging.  Current: -45410.97304127409 is not greater than -45410.94320835385. Delta is -0.02983292024146067
Model is not converging.  Current: -45230.13251183524 is not greater than -45230.13226953266. Delta is -0.0002423025798634626
Model is not converging.  Current: -45325.00431506756 is not greater than -45324.99905914148. Delta is -0.005255926080280915
  Restart 40/60: score=-45175.6
Model is not converging.  Current: -46169.72649418502 is not greater than -46169.72648699979. Delta is -7.185233698692173e-06
Model is not converging.  Current: -45325.00504149697 is not greater than -45325.00428793997. Delta is -0.0007535569966421463
Model is not converging.  Current: -45269.61995876247 is not greater than -45269.619903034. Delta is -5.572847294388339e-05
Model is not converging.  Current: -45452.808067479986 is not greater than -45452.808066866826. Delta is -6.131595000624657e-07
Model is not converging.  Current: -45325.004909713134 is not greater than -45325.00230135443. Delta is -0.0026083587072207592
Model is not converging.  Current: -45324.68574787357 is not greater than -45324.60819970171. Delta is -0.07754817185923457
Model is not converging.  Current: -45325.00344709966 is not greater than -45325.00193828258. Delta is -0.001508817083959002
Model is not converging.  Current: -45325.00547072313 is not greater than -45324.99880497327. Delta is -0.00666574986098567
Model is not converging.  Current: -45324.99138984523 is not greater than -45324.98543537502. Delta is -0.005954470208962448
Model is not converging.  Current: -45265.9552759591 is not greater than -45265.95526162953. Delta is -1.432956923963502e-05
Model is not converging.  Current: -45411.65038376733 is not greater than -45411.6476931704. Delta is -0.0026905969280051067
Model is not converging.  Current: -45264.25198067909 is not greater than -45264.251912142965. Delta is -6.853612285340205e-05
  Restart 60/60: score=-45175.6

Baseline HMM: LL=-45175.6, min persistence=0.913

State means:
  liberal_democracy: [1.071, 1.202, -0.357, 0.087, 1.068, 1.193, -0.364, 0.074]
  electoral_democracy: [0.778, -0.503, 0.390, 0.004, 0.771, -0.508, 0.376, -0.013]
  hybrid_regime: [0.042, -0.708, 0.117, -0.247, 0.008, -0.697, 0.080, -0.250]
  competitive_authoritarian: [-1.000, -0.254, -0.565, 0.207, -1.014, -0.248, -0.594, 0.203]
  closed_authoritarian: [-1.850, 1.219, 0.768, -0.194, -1.878, 1.243, 0.750, -0.203]

Baseline transition matrix:
  liberal_democracy              [0.9927 0.0036 0.0034 0.0002 0.0002]
  electoral_democracy            [0.0077 0.9749 0.0103 0.0068 0.0003]
  hybrid_regime                  [0.0152 0.0361 0.9131 0.0219 0.0137]
  competitive_authoritarian      [0.0006 0.0134 0.0393 0.9298 0.0169]
  closed_authoritarian           [0.0003 0.0003 0.0112 0.0114 0.9768]

Baseline state distribution:
  hybrid_regime: 1892 (26.1%)
  competitive_authoritarian: 1695 (23.4%)
  electoral_democracy: 1598 (22.0%)
  liberal_democracy: 1459 (20.1%)
  closed_authoritarian: 612 (8.4%)

=== Validation vs V-Dem (5-state) ===
Cohen's kappa: 0.500
Weighted kappa (linear): 0.718
Accuracy: 0.596

Confusion matrix (rows=V-Dem, cols=ours):
           lib_dem  elec_dem  hybrid  comp_auth  clos_auth
lib_dem       1385       216      10          0          0
elec_dem        74      1153     313          0          2
hybrid           0       226     627          3          5
comp_auth        0         3     650        710        158
clos_auth        0         0     292        982        447

Polyarchy by our state:
  liberal_democracy: 0.856 ± 0.043 (n=1459)
  electoral_democracy: 0.642 ± 0.121 (n=1598)
  hybrid_regime: 0.368 ± 0.125 (n=1892)
  competitive_authoritarian: 0.154 ± 0.062 (n=1695)
  closed_authoritarian: 0.145 ± 0.057 (n=612)

============================================================
Phase 2: TVTP with macro covariates

  GDELT loaded: 5407 rows, covariates: ['total_events', 'protest_count', 'conflict_count', 'repression_count', 'avg_goldstein', 'avg_tone']

LASSO: 11/16 covariates selected:
  gdp_pc: 4.3860
  resource_rents: 3.6130
  military_spending: 1.5753
  urbanization: 1.4037
  trade_openness: 1.0074
  avg_goldstein_lag1: 0.7809
  avg_goldstein: 0.6833
  avg_tone_lag1: 0.4443
  gdp_growth: 0.3674
  protest_count_lag1: 0.2620
  avg_tone: 0.2002
  GDELT forced inclusion: adding protest_count_lag1 as 4th covariate

Building TVTP with top 3 covariates: ['gdp_pc', 'resource_rents', 'protest_count_lag1']
  TVTP: 8 adjacent transitions x 3 covariates = 24 params
  TVTP converged=True, LL=-45213.4, iters=3

TVTP state distribution:
  hybrid_regime: 1886 (26.0%)
  competitive_authoritarian: 1692 (23.3%)
  electoral_democracy: 1607 (22.1%)
  liberal_democracy: 1459 (20.1%)
  closed_authoritarian: 612 (8.4%)

=== Validation vs V-Dem (5-state) ===
Cohen's kappa: 0.498
Weighted kappa (linear): 0.717
Accuracy: 0.594

Confusion matrix (rows=V-Dem, cols=ours):
           lib_dem  elec_dem  hybrid  comp_auth  clos_auth
lib_dem       1385       216      10          0          0
elec_dem        74      1153     313          0          2
hybrid           0       235     618          3          5
comp_auth        0         3     653        707        158
clos_auth        0         0     292        982        447

Polyarchy by our state:
  liberal_democracy: 0.856 ± 0.043 (n=1459)
  electoral_democracy: 0.640 ± 0.122 (n=1607)
  hybrid_regime: 0.367 ± 0.126 (n=1886)
  competitive_authoritarian: 0.154 ± 0.062 (n=1692)
  closed_authoritarian: 0.145 ± 0.057 (n=612)

TVTP adjacent transition effects:
  liberal_ -> electora: gdp_pc=-0.829, resource_rents=+0.264, protest_count_lag1=-0.198
  electora -> liberal_: gdp_pc=+0.773, resource_rents=-0.203, protest_count_lag1=-0.258
  electora -> hybrid_r: gdp_pc=-0.495, resource_rents=+0.307, protest_count_lag1=-0.145
  hybrid_r -> electora: gdp_pc=+0.117, resource_rents=-0.642, protest_count_lag1=+0.335
  hybrid_r -> competit: gdp_pc=+0.879, resource_rents=-0.564, protest_count_lag1=+1.035
  competit -> hybrid_r: gdp_pc=-0.386, resource_rents=-0.323, protest_count_lag1=-0.009
  competit -> closed_a: gdp_pc=+0.406, resource_rents=-0.150, protest_count_lag1=+0.129
  closed_a -> competit: gdp_pc=-0.367, resource_rents=+0.220, protest_count_lag1=+1.033

Saved to stage3_msvar/country_year_states.csv

=== Sample trajectories ===

Hungary: 2016:hybr, 2017:hybr, 2018:hybr, 2019:hybr, 2020:hybr, 2021:hybr, 2022:hybr, 2023:hybr, 2024:hybr, 2025:hybr

Türkiye: 2016:hybr, 2017:comp, 2018:comp, 2019:comp, 2020:comp, 2021:comp, 2022:comp, 2023:comp, 2024:comp, 2025:comp

Poland: 2016:elec, 2017:elec, 2018:elec, 2019:elec, 2020:elec, 2021:elec, 2022:elec, 2023:elec, 2024:elec, 2025:elec

Denmark: 2016:libe, 2017:libe, 2018:libe, 2019:libe, 2020:libe, 2021:libe, 2022:libe, 2023:libe, 2024:libe, 2025:libe

United States of America: 2016:libe, 2017:libe, 2018:libe, 2019:libe, 2020:libe, 2021:libe, 2022:libe, 2023:libe, 2024:libe, 2025:libe

Venezuela: 2016:hybr, 2017:hybr, 2018:hybr, 2019:hybr, 2020:comp, 2021:comp, 2022:comp, 2023:comp, 2024:comp, 2025:comp

Tunisia: 2016:elec, 2017:elec, 2018:elec, 2019:elec, 2020:elec, 2021:elec, 2022:elec, 2023:hybr, 2024:hybr, 2025:hybr

Georgia: 2016:elec, 2017:elec, 2018:elec, 2019:elec, 2020:elec, 2021:elec, 2022:elec, 2023:elec, 2024:elec, 2025:hybr

=== Transitions 2020-2025 ===
  Afghanistan: hybrid_regime -> competitive_authoritarian (2022)
  Armenia: electoral_democracy -> hybrid_regime (2024)
  Burkina Faso: electoral_democracy -> hybrid_regime (2022)
  Burma/Myanmar: hybrid_regime -> competitive_authoritarian (2022)
  Georgia: electoral_democracy -> hybrid_regime (2025)
  Greece: liberal_democracy -> electoral_democracy (2021)
  Haiti: electoral_democracy -> hybrid_regime (2021)
  Ivory Coast: electoral_democracy -> hybrid_regime (2021)
  Maldives: hybrid_regime -> electoral_democracy (2021)
  Mali: electoral_democracy -> hybrid_regime (2021)
  Mexico: electoral_democracy -> hybrid_regime (2024)
  Moldova: hybrid_regime -> electoral_democracy (2021)
  Niger: electoral_democracy -> hybrid_regime (2023)
  Pakistan: electoral_democracy -> hybrid_regime (2023)
  Thailand: competitive_authoritarian -> hybrid_regime (2021)
  Tunisia: electoral_democracy -> hybrid_regime (2023)
  Venezuela: hybrid_regime -> competitive_authoritarian (2020)

================================================================
STAGE 4: INE-TARNet network contagion
================================================================
=== Stage 4: Network SCM (Spatio-Temporal Graph) — seed=42 ===

/home/shadeform/AIM4D/stage4_nscm/estimate.py:416: FutureWarning: DataFrameGroupBy.apply operated on the grouping columns. This behavior is deprecated, and in a future version of pandas the grouping columns will be excluded from the operation. Either pass `include_groups=False` to exclude the groupings or explicitly select the grouping columns after groupby to silence this warning.
  complete = df.groupby("country_text_id").apply(
Countries: 138, Years: 1990-2025

Building spatial edges...
  Contiguity pairs: 482, Alliance pairs (2020): 4950

Building spatio-temporal graph...
  Spatio-temporal graph: 4968 nodes, 186260 edges (176600 spatial, 9660 temporal)
  Augmented features: 22 (raw 10 + spatial lags 12)
  Train nodes: 4140, Test nodes: 828

Training INE-TARNet on spatio-temporal graph...
  Epoch 50/250: train=-0.50945, test=0.040959
  Epoch 100/250: train=-0.65807, test=0.025922
  Epoch 150/250: train=-0.69096, test=0.022802
  Epoch 200/250: train=-0.69965, test=0.021447
  Epoch 250/250: train=-0.70039, test=0.021204
  Best test MSE: 0.021204

  Learned convex W weights (Neumayer & Plumper 2016):
    α_contiguity: 0.357
    α_alliance: 0.357
    α_trade: 0.286

Counterfactual decomposition...
Saved NSCM residuals (4968 rows)
Computing per-factor contagion scores...

=== Network ablation test ===
  MSE (full model):       0.021204
  MSE (temporal only):    0.038354
  MSE (no network):       0.048443
  Improvement from spatial edges: 44.7%
  Improvement from total network: 56.2%
  PASS: Network features improve prediction by 56.2%

=== Most network-influenced (2025) ===
  Malaysia: 0.774
  Ecuador: 0.685
  Sudan: 0.648
  Jordan: 0.641
  Afghanistan: 0.627
  Mexico: 0.627
  Bhutan: 0.617
  Tanzania: 0.613
  Georgia: 0.608
  Guyana: 0.600

=== Most domestically driven (2025) ===
  Sweden: 0.146
  Norway: 0.145
  Switzerland: 0.144
  Vietnam: 0.141
  Denmark: 0.135
  United Arab Emirates: 0.126
  Laos: 0.117
  Turkmenistan: 0.084
  Belarus: 0.068
  North Korea: 0.055

=== Case studies (smoothed) ===
  Hungary: 2021:0.607, 2022:0.604, 2023:0.598, 2024:0.586, 2025:0.564
  Türkiye: 2021:0.348, 2022:0.352, 2023:0.343, 2024:0.331, 2025:0.318
  Poland: 2021:0.563, 2022:0.565, 2023:0.496, 2024:0.422, 2025:0.369
  United States of America: 2021:0.261, 2022:0.255, 2023:0.236, 2024:0.266, 2025:0.270
  Denmark: 2021:0.163, 2022:0.162, 2023:0.145, 2024:0.144, 2025:0.135

================================================================
STAGE 5: Multi-channel early warning + meta-learner
================================================================
=== Stage 5: Early Warning Signals ===

Loaded dual residuals: 4 factor-based + 5 NSCM
Countries: 138
Indicators: rolling variance, AR(1), kurtosis
Country-relative z-scores (baseline ≤2005), z-cap=10.0

============================================================
Election vulnerability module
============================================================

  Election thresholds: high=5.65 (p80), moderate=5.08 (p50 of nonzero)
  Election alerts: 2492
  Poland: election alerts in [1996, 1997, 1998, 1999, 2004]
  Hungary: election alerts in [1999, 2011, 2013, 2014, 2015]
  Venezuela: election alerts in [1999, 2000, 2001, 2004, 2005]
  Türkiye: election alerts in [2012, 2013, 2014, 2015, 2016]

============================================================
Democratic vulnerability module (high-polyarchy sensitivity)
============================================================

  Democratic vulnerability alerts: 201
  Hungary: alerts in [2004, 2010]
  United States of America: alerts in [2001, 2016, 2017, 2018, 2024]
  Denmark: alerts in [2014, 2020]

============================================================
Military threat module
============================================================

/home/shadeform/AIM4D/stage5_ews/estimate.py:528: FutureWarning: The default fill_method='ffill' in SeriesGroupBy.pct_change is deprecated and will be removed in a future version. Either fill in any non-leading NA values prior to calling pct_change or specify 'fill_method=None' to not fill NA values.
  macro["mil_growth"] = macro.groupby("iso3")["military_spending"].pct_change()
  Military threat alerts: 313
  Thailand: alerts in [2020]
  Egypt: no military threat alert
  Burma/Myanmar: no military threat alert
  Mali: alerts in [2015, 2016, 2017, 2024]

  GDELT event features loaded: ['protest_count_zscore', 'conflict_count_zscore', 'repression_count_zscore', 'protest_count_zscore_lag1', 'conflict_count_zscore_lag1', 'repression_count_zscore_lag1']

============================================================
Meta-learner calibration
============================================================

  DSP variables loaded: ['v2smgovdom', 'v2smfordom', 'v2smgovfilprc', 'v2smgovsmmon', 'v2smpardom']
  Restricted to year >= 2000 (DSP coverage window): 5066 -> 3765 country-years
  Elastic net selected 32/73 features:
    csd_x_network: +0.6637
    csd_index_pctile: -0.6288
    v2smfordom_x_post2015_detrended: -0.3587
    v2smpardom: -0.3376
    v2smgovdom_detrended: +0.3055
    csd_index_delta2: +0.2255
    v2smfordom_detrended: +0.2233
    mv_csd_index_pctile: +0.1700
    party_threat: -0.1584
    network_exposure_detrended: +0.1349
    protest_count_zscore: +0.1338
    csd_x_military: -0.1272
    csd_index_detrended: -0.1147
    party_threat_detrended: -0.1141
    network_exposure: +0.1093
    csd_index_delta1: +0.0993
    mil_zscore: +0.0975
    v2smgovsmmon: -0.0939
    v2smpardom_x_post2015_detrended: -0.0907
    csd_index_x_post2015: +0.0895
    mil_zscore_x_post2015_detrended: +0.0849
    mv_csd_index_delta1: -0.0805
    v2smgovsmmon_x_post2015_detrended: -0.0633
    v2smgovsmmon_x_post2015: -0.0335
    mil_zscore_x_post2015: +0.0298
    mil_zscore_lag1: +0.0296
    election_vulnerability_delta2: +0.0251
    conflict_count_zscore_lag1_detrended: -0.0235
    election_vulnerability_lag1: -0.0212
    v2smfordom_x_post2015: -0.0078
    v2smgovdom_x_post2015: +0.0037
    election_vulnerability_detrended: -0.0037

  Stacked ensemble (cross-validated weights):
    LR weight: 0.200, GB weight: 0.800
    LR component range: [0.0038, 0.7275]
    GB component range: [0.0056, 0.8956]
  GB feature importance (top 10):
    csd_x_network: 0.1125
    csd_index_x_post2015: 0.0779
    v2smgovsmmon: 0.0661
    csd_index_detrended: 0.0592
    party_threat: 0.0589
    network_exposure_detrended: 0.0448
    v2smfordom_detrended: 0.0438
    v2smfordom_x_post2015: 0.0424
    network_exposure: 0.0423
    v2smpardom: 0.0400

  Tiered alerts (calibrated risk):
    alert: 80 (2.2%)
    warning: 154 (4.3%)
    watch: 631 (17.6%)
    none: 2715 (75.8%)

============================================================
Validation: episode detection + precision@K
============================================================

  Hungary (backsliding 2010): DETECTED [warning] via CSD+mvCSD (5yr lead, risk=0.304)
  Türkiye (backsliding 2013): DETECTED [alert] via CSD+mvCSD+ELEC (5yr lead, risk=0.695)
  Poland (backsliding 2015): DETECTED [watch] via ELEC (5yr lead, risk=0.198)
  Venezuela (backsliding 2002): DETECTED [watch] via mvCSD+ELEC (2yr lead, risk=0.123)
  Tunisia (backsliding 2021): DETECTED [alert] via CSD+mvCSD+ELEC (5yr lead, risk=0.589)
  Burma/Myanmar (coup 2021): DETECTED [alert] via CSD (5yr lead, risk=0.756)
  Mali (coup 2020): DETECTED [alert] via mvCSD+ELEC (5yr lead, risk=0.657)
  Burkina Faso (coup 2022): DETECTED [alert] via CSD+mvCSD+ELEC (5yr lead, risk=0.547)
  Nicaragua (backsliding 2007): DETECTED [warning] via CSD+ELEC (5yr lead, risk=0.242)
  Philippines (backsliding 2016): DETECTED [warning] via ELEC (5yr lead, risk=0.320)
  India (backsliding 2014): DETECTED [watch] via ELEC (5yr lead, risk=0.161)
  Brazil (backsliding 2019): DETECTED [alert] via CSD+ELEC (3yr lead, risk=0.534)
  El Salvador (2019): NO DATA
  Russia (2000): NO DATA
  Serbia (backsliding 2012): DETECTED [watch] via meta-only (5yr lead, risk=0.151)
  Bangladesh (backsliding 2007): DETECTED [warning] via CSD (5yr lead, risk=0.262)
  Thailand (coup 2014): DETECTED [alert] via CSD+mvCSD (5yr lead, risk=0.454)
  Egypt (coup 2013): DETECTED [alert] via CSD+mvCSD+ELEC (5yr lead, risk=0.587)
  Fiji (coup 2006): DETECTED [watch] via ELEC (5yr lead, risk=0.154)
  Honduras (2009): NO DATA
  Niger (coup 2009): DETECTED [watch] via mvCSD+ELEC (5yr lead, risk=0.181)
  Guinea (coup 2009): DETECTED [watch] via mvCSD (2yr lead, risk=0.085)
  Guinea-Bissau (coup 2012): DETECTED [watch] via CSD+mvCSD+ELEC (4yr lead, risk=0.124)
  Libya (2014): NO DATA
  Afghanistan (coup 2021): DETECTED [alert] via ELEC (5yr lead, risk=0.514)
  Sudan (coup 2021): DETECTED [alert] via CSD+ELEC (5yr lead, risk=0.666)
  Chad (coup 2021): DETECTED [alert] via meta-only (5yr lead, risk=0.611)
  Ukraine (backsliding 2010): DETECTED [warning] via CSD+mvCSD (5yr lead, risk=0.383)
  Maldives (backsliding 2013): DETECTED [warning] via CSD+mvCSD+ELEC (5yr lead, risk=0.239)
  Zambia (backsliding 2013): DETECTED [warning] via mvCSD+ELEC (5yr lead, risk=0.263)
  Montenegro (2007): NO DATA
  North Macedonia (backsliding 2011): DETECTED [warning] via CSD+mvCSD+ELEC (5yr lead, risk=0.239)
  Kenya (backsliding 2007): DETECTED [warning] via meta-only (5yr lead, risk=0.310)
  Bolivia (backsliding 2019): DETECTED [alert] via CSD+ELEC (5yr lead, risk=0.769)
  Benin (backsliding 2019): DETECTED [warning] via mvCSD+ELEC (5yr lead, risk=0.283)
  Ivory Coast (backsliding 2020): DETECTED [alert] via CSD+ELEC (5yr lead, risk=0.760)
  Nigeria (backsliding 2021): DETECTED [alert] via meta-only (5yr lead, risk=0.656)
  Guyana (backsliding 2021): DETECTED [alert] via CSD+mvCSD (5yr lead, risk=0.821)
  Mauritius (backsliding 2017): DETECTED [warning] via CSD+mvCSD (5yr lead, risk=0.422)
  Belarus (1996): NO DATA
  Georgia (backsliding 2024): DETECTED [warning] via CSD+ELEC (5yr lead, risk=0.251)

  Detection by tier (cumulative):
    Watch (top 20%):  35/35
    Warning (top 5%): 27/35
    Alert (top 2%):   15/35

  Precision@K (country-level ranked risk list):
    @  5: precision=100.0%, recall=13.9%, lift=3.8x
    @ 10: precision=100.0%, recall=27.8%, lift=3.8x
    @ 20: precision=90.0%, recall=50.0%, lift=3.5x
    @ 50: precision=64.0%, recall=88.9%, lift=2.5x

  Warning-tier performance:
    Alerts: 234 / 3580 (6.5%)
    Precision: 47.0%
    Sensitivity: 27/35 (77%)
    F1: 0.584
    Stable democracy FPs: 0

============================================================
Leave-one-episode-out cross-validation
============================================================

  Hungary: DETECTED [warning] (LOEO, risk=0.164)
  Türkiye: DETECTED [warning] (LOEO, risk=0.320)
  Poland: MISSED (LOEO, risk=0.033, watch_thresh=0.069)
  Venezuela: MISSED (LOEO, risk=0.058, watch_thresh=0.069)
  Tunisia: DETECTED [watch] (LOEO, risk=0.080)
  Burma/Myanmar: DETECTED [watch] (LOEO, risk=0.137)
  Mali: MISSED (LOEO, risk=0.035, watch_thresh=0.070)
  Burkina Faso: MISSED (LOEO, risk=0.043, watch_thresh=0.070)
  Nicaragua: DETECTED [watch] (LOEO, risk=0.101)
  Philippines: MISSED (LOEO, risk=0.057, watch_thresh=0.066)
  India: DETECTED [watch] (LOEO, risk=0.104)
  Brazil: DETECTED [watch] (LOEO, risk=0.069)
  Serbia: DETECTED [watch] (LOEO, risk=0.093)
  Bangladesh: DETECTED [watch] (LOEO, risk=0.133)
  Thailand: DETECTED [warning] (LOEO, risk=0.169)
  Egypt: DETECTED [watch] (LOEO, risk=0.135)
  Fiji: DETECTED [watch] (LOEO, risk=0.076)
  Niger: DETECTED [watch] (LOEO, risk=0.110)
  Guinea: MISSED (LOEO, risk=0.046, watch_thresh=0.067)
  Guinea-Bissau: MISSED (LOEO, risk=0.050, watch_thresh=0.067)
  Afghanistan: MISSED (LOEO, risk=0.053, watch_thresh=0.068)
  Sudan: DETECTED [watch] (LOEO, risk=0.150)
  Chad: DETECTED [watch] (LOEO, risk=0.099)
  Ukraine: MISSED (LOEO, risk=0.067, watch_thresh=0.069)
  Maldives: DETECTED [watch] (LOEO, risk=0.138)
  Zambia: DETECTED [watch] (LOEO, risk=0.103)
  North Macedonia: MISSED (LOEO, risk=0.053, watch_thresh=0.067)
  Kenya: DETECTED [watch] (LOEO, risk=0.095)
  Bolivia: DETECTED [warning] (LOEO, risk=0.205)
  Benin: MISSED (LOEO, risk=0.046, watch_thresh=0.069)
  Ivory Coast: DETECTED [watch] (LOEO, risk=0.104)
  Nigeria: DETECTED [watch] (LOEO, risk=0.083)
  Guyana: DETECTED [warning] (LOEO, risk=0.208)
  Mauritius: DETECTED [watch] (LOEO, risk=0.130)
  Georgia: MISSED (LOEO, risk=0.026, watch_thresh=0.070)

  LOEO Sensitivity by tier (unbiased):
    Watch (P80):   23/35 (66%)
    Warning (P95): 5/35 (14%)
    Alert (P98):   0/35 (0%)
  (Each episode predicted without seeing itself)

  LOEO stratified by episode type:
    backsliding: 16/23 (70%)
    coup: 7/12 (58%)

  LOEO stratified by onset era:
    pre-2005: 0/1 (0%)
    2005-2014: 13/17 (76%)
    2015-2021: 10/15 (67%)
    post-2021: 0/2 (0%)

============================================================
Continuous risk score evaluation (AUC)
============================================================

  Base rate (positive class): 0.061
  AUC-ROC: 0.935
  AUC-PR:  0.621
  Lift over random: 10.2x
  AUC-ROC (OOS): 0.825
  AUC-PR (OOS):  0.258

  Risk score calibration:
    Top 1%: precision=91.4%, recall=15.4% (thresh=0.55)
    Top 5%: precision=64.3%, recall=52.9% (thresh=0.22)
    Top 10%: precision=41.8%, recall=68.8% (thresh=0.14)
    Top 20%: precision=26.2%, recall=86.1% (thresh=0.09)

============================================================
Expanding-window temporal CV
============================================================

  2006-2008: AUC=0.932, episodes=5, detected=3/5
  2009-2011: AUC=0.960, episodes=6, detected=3/6
  2012-2014: AUC=0.938, episodes=9, detected=4/9
  2015-2017: AUC=0.971, episodes=3, detected=1/3
  2018-2020: AUC=0.979, episodes=6, detected=5/6
  2021-2023: AUC=0.759, episodes=8, detected=0/8

  Mean AUC across windows: 0.923 +/- 0.075
  Mean detection rate: 45%
  (This is the robust generalization estimate across 6 temporal windows)

  Secondary OOS (TRAIN_CUTOFF=2019, 6-year horizon):
    AUC-ROC: 0.825
    AUC-PR:  0.258
    Episodes (onset>2019): 11, detected: 9/11

============================================================
Case studies
============================================================

Hungary:
  2016 CSD=4.9 elec_vuln=0.0 var_z=10.0 ar1_z=3.0 f=5/9 *** CSD
  2017 CSD=4.8 elec_vuln=5.1 var_z=10.0 ar1_z=2.9 f=4/9 *** CSD+ELEC
  2018 CSD=6.0 elec_vuln=5.5 var_z=10.0 ar1_z=6.4 f=4/9 *** CSD+ELEC
  2019 CSD=3.7 elec_vuln=5.6 var_z=10.0 ar1_z=2.8 f=4/9 *** CSD+ELEC
  2020 (OOS) CSD=3.7 elec_vuln=0.0 var_z=10.0 ar1_z=2.8 f=3/9 *** CSD
  2021 (OOS) CSD=3.6 elec_vuln=5.6 var_z=10.0 ar1_z=2.8 f=4/9 *** CSD+ELEC
  2022 (OOS) CSD=4.7 elec_vuln=5.6 var_z=10.0 ar1_z=2.7 f=5/9 *** CSD+ELEC
  2023 (OOS) CSD=4.1 elec_vuln=5.8 var_z=10.0 ar1_z=2.4 f=5/9 *** CSD+ELEC
  2024 (OOS) CSD=3.5 elec_vuln=0.0 var_z=10.0 ar1_z=2.3 f=2/9 *** CSD
  2025 (OOS) CSD=4.0 elec_vuln=0.0 var_z=10.0 ar1_z=2.0 f=1/9 *** CSD

Türkiye:
  2016 CSD=4.7 elec_vuln=5.0 var_z=10.0 ar1_z=0.8 f=4/9 *** CSD+ELEC
  2017 CSD=5.1 elec_vuln=5.2 var_z=10.0 ar1_z=1.9 f=4/9 *** CSD+ELEC
  2018 CSD=3.9 elec_vuln=5.3 var_z=10.0 ar1_z=2.4 f=4/9 *** CSD+ELEC
  2019 CSD=3.4 elec_vuln=5.4 var_z=10.0 ar1_z=1.6 f=2/9 *** CSD+ELEC
  2020 (OOS) CSD=3.6 elec_vuln=0.0 var_z=10.0 ar1_z=1.7 f=3/9 *** CSD
  2021 (OOS) CSD=3.6 elec_vuln=0.0 var_z=10.0 ar1_z=1.7 f=4/9 *** CSD
  2022 (OOS) CSD=3.7 elec_vuln=5.4 var_z=10.0 ar1_z=2.0 f=4/9 *** CSD+ELEC
  2023 (OOS) CSD=3.9 elec_vuln=5.5 var_z=10.0 ar1_z=2.2 f=5/9 *** CSD+ELEC
  2024 (OOS) CSD=5.2 elec_vuln=5.7 var_z=10.0 ar1_z=2.4 f=5/9 *** CSD+ELEC
  2025 (OOS) CSD=5.1 elec_vuln=0.0 var_z=10.0 ar1_z=3.0 f=5/9 *** CSD

Poland:
  2016 CSD=6.1 elec_vuln=4.8 var_z=10.0 ar1_z=7.0 f=6/9 *** CSD+ELEC
  2017 CSD=4.5 elec_vuln=0.0 var_z=10.0 ar1_z=5.2 f=5/9 *** CSD
  2018 CSD=4.2 elec_vuln=5.4 var_z=10.0 ar1_z=5.3 f=7/9 *** CSD+ELEC
  2019 CSD=4.3 elec_vuln=5.4 var_z=10.0 ar1_z=5.6 f=6/9 *** CSD+ELEC
  2020 (OOS) CSD=4.1 elec_vuln=5.4 var_z=10.0 ar1_z=5.1 f=6/9 *** CSD+ELEC
  2021 (OOS) CSD=4.0 elec_vuln=5.4 var_z=10.0 ar1_z=4.5 f=6/9 *** CSD+ELEC
  2022 (OOS) CSD=4.2 elec_vuln=5.4 var_z=10.0 ar1_z=5.2 f=5/9 *** CSD+ELEC
  2023 (OOS) CSD=4.6 elec_vuln=5.7 var_z=10.0 ar1_z=6.1 f=6/9 *** CSD+ELEC
  2024 (OOS) CSD=4.1 elec_vuln=5.7 var_z=10.0 ar1_z=6.1 f=3/9 *** CSD+ELEC
  2025 (OOS) CSD=3.9 elec_vuln=5.7 var_z=10.0 ar1_z=6.6 f=2/9 *** CSD+ELEC

United States of America:
  2016 CSD=4.4 elec_vuln=4.3 var_z=9.8 ar1_z=1.4 f=3/9 *** CSD+ELEC
  2017 CSD=5.4 elec_vuln=4.2 var_z=10.0 ar1_z=4.9 f=5/9 *** CSD+ELEC
  2018 CSD=5.5 elec_vuln=4.1 var_z=10.0 ar1_z=5.2 f=5/9 *** CSD+ELEC
  2019 CSD=5.8 elec_vuln=4.1 var_z=10.0 ar1_z=6.0 f=4/9 *** CSD+ELEC
  2020 (OOS) CSD=4.0 elec_vuln=4.1 var_z=10.0 ar1_z=4.6 f=3/9 *** CSD+ELEC
  2021 (OOS) CSD=3.6 elec_vuln=4.1 var_z=10.0 ar1_z=3.3 f=3/9 *** CSD+ELEC
  2022 (OOS) CSD=4.2 elec_vuln=4.1 var_z=10.0 ar1_z=5.2 f=3/9 *** CSD+ELEC
  2023 (OOS) CSD=4.6 elec_vuln=4.1 var_z=10.0 ar1_z=6.4 f=3/9 *** CSD+ELEC
  2024 (OOS) CSD=4.7 elec_vuln=4.8 var_z=10.0 ar1_z=6.0 f=4/9 *** CSD+ELEC
  2025 (OOS) CSD=4.3 elec_vuln=4.8 var_z=10.0 ar1_z=2.8 f=4/9 *** CSD+ELEC

Denmark:
  2016 CSD=3.1 elec_vuln=4.7 var_z=7.0 ar1_z=0.9 f=1/9 *** CSD+ELEC
  2017 CSD=3.2 elec_vuln=0.0 var_z=6.9 ar1_z=2.0 f=2/9 *** CSD
  2018 CSD=4.0 elec_vuln=4.3 var_z=8.8 ar1_z=3.3 f=2/9 *** CSD+ELEC
  2019 CSD=3.4 elec_vuln=4.1 var_z=4.3 ar1_z=3.7 f=2/9 *** CSD+ELEC
  2020 (OOS) CSD=4.8 elec_vuln=4.1 var_z=10.0 ar1_z=4.3 f=2/9 *** CSD+ELEC
  2021 (OOS) CSD=4.2 elec_vuln=4.1 var_z=10.0 ar1_z=3.4 f=2/9 *** CSD+ELEC
  2022 (OOS) CSD=4.1 elec_vuln=4.1 var_z=10.0 ar1_z=3.6 f=1/9 *** CSD+ELEC
  2023 (OOS) CSD=4.8 elec_vuln=4.1 var_z=10.0 ar1_z=4.2 f=2/9 *** CSD+ELEC
  2024 (OOS) CSD=5.3 elec_vuln=0.0 var_z=10.0 ar1_z=3.9 f=2/9 *** CSD
  2025 (OOS) CSD=5.2 elec_vuln=0.0 var_z=10.0 ar1_z=3.1 f=2/9 *** CSD


============================================================
Prospective Risk Ranking: 2026-2031 Autocratization Risk
(Genuine prospective forecast — verifiable against future data)
============================================================

  Rank  Country                            Risk Tier       Key Signals
  --------------------------------------------------------------------------------
  1     Ivory Coast                      0.5986 alert      CSD+ELEC
  2     Bolivia                          0.5678 alert      CSD+mvCSD+ELEC
  3     Argentina                        0.4390 alert      CSD+mvCSD+ELEC
  4     Niger                            0.3909 warning    CSD
  5     Moldova                          0.3681 warning    CSD+mvCSD
  6     Ecuador                          0.3608 warning    CSD+ELEC
  7     Bhutan                           0.3357 warning    CSD+mvCSD
  8     Malaysia                         0.3282 warning    CSD
  9     Portugal                         0.3084 warning    CSD+mvCSD+ELEC
  10    Gabon                            0.3042 warning    CSD+mvCSD+ELEC
  11    Guyana                           0.2821 warning    CSD+ELEC
  12    Nigeria                          0.2799 warning    mvCSD
  13    North Macedonia                  0.2223 warning    CSD+mvCSD
  14    Iran                             0.2206 warning    meta
  15    Philippines                      0.2189 warning    CSD+ELEC
  16    Mauritius                        0.2090 warning    CSD+mvCSD
  17    Georgia                          0.1906 watch      ELEC
  18    Mexico                           0.1855 watch      CSD+mvCSD+ELEC
  19    Zambia                           0.1712 watch      CSD+mvCSD
  20    Indonesia                        0.1705 watch      meta
  21    Guatemala                        0.1620 watch      CSD+mvCSD
  22    Colombia                         0.1529 watch      meta
  23    Fiji                             0.1529 watch      CSD
  24    Serbia                           0.1499 watch      meta
  25    Mali                             0.1432 watch      CSD

================================================================
ROBUSTNESS: DSP ablation
================================================================
Total candidate features: 89
  DSP-derived: 20
  Non-DSP:     69

  full          n= 89  AUC=0.951  AUC-PR=0.576  OOS AUC=0.900  watch=35/35
  ablate_dsp    n= 69  AUC=0.917  AUC-PR=0.492  OOS AUC=0.822  watch=34/35
  dsp_only      n= 20  AUC=0.920  AUC-PR=0.518  OOS AUC=0.827  watch=33/35

  Δ AUC-ROC (ablate − full): -0.034
  Δ AUC-PR  (ablate − full): -0.084
  Δ OOS AUC (ablate − full): -0.078
  Δ watch   (ablate − full): -2.9%

  Verdict: DSP carries strong distinct signal

Wrote /home/shadeform/AIM4D/robustness/dsp_ablation.csv

================================================================
ROBUSTNESS: cluster-bootstrap 95% CIs
================================================================
======================================================================
BOOTSTRAP 95% CIs ON HEADLINE METRICS
======================================================================

Full panel (post-onset excluded): n=3416, n_positive=208 (6.1%), n_countries=138

  AUC-ROC (in-sample, cluster boot):  0.935  95% CI [0.909, 0.958]
  AUC-PR  (in-sample, cluster boot):  0.618  95% CI [0.488, 0.724]
  AUC-ROC (OOS year>2019, cluster): 0.826  95% CI [0.726, 0.924]  n=762
  AUC-PR  (OOS year>2019, cluster): 0.270  95% CI [0.095, 0.476]  n=762
  in_sample_watch_all         : 34/35 (97%)  95% CI [85%, 100%]
  in_sample_watch_backsliding : 23/23 (100%)  95% CI [85%, 100%]
  in_sample_watch_coup        : 11/12 (92%)  95% CI [62%, 100%]
  loeo_watch_all              : 23/35 (66%)  95% CI [48%, 81%]
  loeo_watch_backsliding      : 16/23 (70%)  95% CI [47%, 87%]
  loeo_watch_coup             : 7/12 (58%)  95% CI [28%, 85%]
  FH 3yr decline AUC:   0.671  95% CI [0.606, 0.732]  n=3274
  Polity 3yr decline:   0.585  95% CI [0.514, 0.649]  n=2421

Wrote /home/shadeform/AIM4D/robustness/bootstrap_cis.csv

================================================================
ROBUSTNESS: multi-seed Stage 4 contagion sweep (10 seeds)
================================================================
/home/shadeform/AIM4D/robustness/contagion_seed_sweep.py:65: FutureWarning: DataFrameGroupBy.apply operated on the grouping columns. This behavior is deprecated, and in a future version of pandas the grouping columns will be excluded from the operation. Either pass `include_groups=False` to exclude the groupings or explicitly select the grouping columns after groupby to silence this warning.
  complete = df.groupby("country_text_id").apply(
  Spatio-temporal graph: 4968 nodes, 186260 edges (176600 spatial, 9660 temporal)
  Augmented features: 22 (raw 10 + spatial lags 12)

=== Seed 0 ===
  Epoch 50/250: train=-0.46233, test=0.048067
  Epoch 100/250: train=-0.66930, test=0.023901
  Epoch 150/250: train=-0.69136, test=0.021706
  Epoch 200/250: train=-0.69888, test=0.020230
  Epoch 250/250: train=-0.70028, test=0.020166
  Best test MSE: 0.020166
  Argentina                      contagion=0.405  domestic=0.595
  Brazil                         contagion=0.299  domestic=0.701
  Denmark                        contagion=0.173  domestic=0.827
  Hungary                        contagion=0.519  domestic=0.481
  Poland                         contagion=0.397  domestic=0.603
  Serbia                         contagion=0.594  domestic=0.406
  Tunisia                        contagion=0.682  domestic=0.318
  Türkiye                        contagion=0.420  domestic=0.580
  Ukraine                        contagion=0.657  domestic=0.343
  United States of America       contagion=0.293  domestic=0.707

=== Seed 1 ===
  Epoch 50/250: train=-0.55736, test=0.038289
  Epoch 100/250: train=-0.67585, test=0.025129
  Epoch 150/250: train=-0.69790, test=0.023005
  Epoch 200/250: train=-0.70428, test=0.021551
  Epoch 250/250: train=-0.70559, test=0.021630
  Best test MSE: 0.021551
  Argentina                      contagion=0.408  domestic=0.592
  Brazil                         contagion=0.261  domestic=0.739
  Denmark                        contagion=0.218  domestic=0.782
  Hungary                        contagion=0.416  domestic=0.584
  Poland                         contagion=0.228  domestic=0.772
  Serbia                         contagion=0.508  domestic=0.492
  Tunisia                        contagion=0.596  domestic=0.404
  Türkiye                        contagion=0.331  domestic=0.669
  Ukraine                        contagion=0.511  domestic=0.489
  United States of America       contagion=0.355  domestic=0.645

=== Seed 2 ===
  Epoch 50/250: train=-0.48192, test=0.044299
  Epoch 100/250: train=-0.65984, test=0.023415
  Epoch 150/250: train=-0.69162, test=0.019908
  Epoch 200/250: train=-0.69987, test=0.018175
  Epoch 250/250: train=-0.70072, test=0.017881
  Best test MSE: 0.017881
  Argentina                      contagion=0.421  domestic=0.579
  Brazil                         contagion=0.321  domestic=0.679
  Denmark                        contagion=0.187  domestic=0.813
  Hungary                        contagion=0.425  domestic=0.575
  Poland                         contagion=0.430  domestic=0.570
  Serbia                         contagion=0.457  domestic=0.543
  Tunisia                        contagion=0.409  domestic=0.591
  Türkiye                        contagion=0.246  domestic=0.754
  Ukraine                        contagion=0.458  domestic=0.542
  United States of America       contagion=0.427  domestic=0.573

=== Seed 3 ===
  Epoch 50/250: train=-0.46874, test=0.052254
  Epoch 100/250: train=-0.65864, test=0.026626
  Epoch 150/250: train=-0.68946, test=0.022961
  Epoch 200/250: train=-0.69787, test=0.021360
  Epoch 250/250: train=-0.70024, test=0.021171
  Best test MSE: 0.021171
  Argentina                      contagion=0.391  domestic=0.609
  Brazil                         contagion=0.256  domestic=0.744
  Denmark                        contagion=0.128  domestic=0.872
  Hungary                        contagion=0.535  domestic=0.465
  Poland                         contagion=0.433  domestic=0.567
  Serbia                         contagion=0.535  domestic=0.465
  Tunisia                        contagion=0.570  domestic=0.430
  Türkiye                        contagion=0.341  domestic=0.659
  Ukraine                        contagion=0.599  domestic=0.401
  United States of America       contagion=0.337  domestic=0.663

=== Seed 4 ===
  Epoch 50/250: train=-0.52270, test=0.047132
  Epoch 100/250: train=-0.66708, test=0.026431
  Epoch 150/250: train=-0.69335, test=0.023453
  Epoch 200/250: train=-0.69962, test=0.022484
  Epoch 250/250: train=-0.70062, test=0.021968
  Best test MSE: 0.021968
  Argentina                      contagion=0.426  domestic=0.574
  Brazil                         contagion=0.320  domestic=0.680
  Denmark                        contagion=0.181  domestic=0.819
  Hungary                        contagion=0.495  domestic=0.505
  Poland                         contagion=0.355  domestic=0.645
  Serbia                         contagion=0.524  domestic=0.476
  Tunisia                        contagion=0.526  domestic=0.474
  Türkiye                        contagion=0.282  domestic=0.718
  Ukraine                        contagion=0.531  domestic=0.469
  United States of America       contagion=0.385  domestic=0.615

=== Seed 5 ===
  Epoch 50/250: train=-0.48417, test=0.046676
  Epoch 100/250: train=-0.65905, test=0.027290
  Epoch 150/250: train=-0.69261, test=0.023555
  Epoch 200/250: train=-0.69978, test=0.022541
  Epoch 250/250: train=-0.70167, test=0.022110
  Best test MSE: 0.022110
  Argentina                      contagion=0.335  domestic=0.665
  Brazil                         contagion=0.276  domestic=0.724
  Denmark                        contagion=0.162  domestic=0.838
  Hungary                        contagion=0.547  domestic=0.453
  Poland                         contagion=0.317  domestic=0.683
  Serbia                         contagion=0.537  domestic=0.463
  Tunisia                        contagion=0.509  domestic=0.491
  Türkiye                        contagion=0.268  domestic=0.732
  Ukraine                        contagion=0.561  domestic=0.439
  United States of America       contagion=0.358  domestic=0.642

=== Seed 6 ===
  Epoch 50/250: train=-0.50905, test=0.046505
  Epoch 100/250: train=-0.66909, test=0.020371
  Epoch 150/250: train=-0.69730, test=0.017313
  Epoch 200/250: train=-0.70296, test=0.016685
  Epoch 250/250: train=-0.70449, test=0.016580
  Best test MSE: 0.016580
  Argentina                      contagion=0.381  domestic=0.619
  Brazil                         contagion=0.262  domestic=0.738
  Denmark                        contagion=0.166  domestic=0.834
  Hungary                        contagion=0.621  domestic=0.379
  Poland                         contagion=0.381  domestic=0.619
  Serbia                         contagion=0.613  domestic=0.387
  Tunisia                        contagion=0.744  domestic=0.256
  Türkiye                        contagion=0.383  domestic=0.617
  Ukraine                        contagion=0.745  domestic=0.255
  United States of America       contagion=0.278  domestic=0.722

=== Seed 7 ===
  Epoch 50/250: train=-0.44032, test=0.041102
  Epoch 100/250: train=-0.65183, test=0.022879
  Epoch 150/250: train=-0.69116, test=0.019136
  Epoch 200/250: train=-0.69988, test=0.017669
  Epoch 250/250: train=-0.70130, test=0.017396
  Best test MSE: 0.017396
  Argentina                      contagion=0.383  domestic=0.617
  Brazil                         contagion=0.263  domestic=0.737
  Denmark                        contagion=0.151  domestic=0.849
  Hungary                        contagion=0.575  domestic=0.425
  Poland                         contagion=0.271  domestic=0.729
  Serbia                         contagion=0.592  domestic=0.408
  Tunisia                        contagion=0.764  domestic=0.236
  Türkiye                        contagion=0.340  domestic=0.660
  Ukraine                        contagion=0.705  domestic=0.295
  United States of America       contagion=0.343  domestic=0.657

=== Seed 8 ===
  Epoch 50/250: train=-0.52544, test=0.044613
  Epoch 100/250: train=-0.66452, test=0.024295
  Epoch 150/250: train=-0.69193, test=0.022839
  Epoch 200/250: train=-0.69919, test=0.022035
  Epoch 250/250: train=-0.70066, test=0.022083
  Best test MSE: 0.022035
  Argentina                      contagion=0.467  domestic=0.533
  Brazil                         contagion=0.330  domestic=0.670
  Denmark                        contagion=0.190  domestic=0.810
  Hungary                        contagion=0.456  domestic=0.544
  Poland                         contagion=0.442  domestic=0.558
  Serbia                         contagion=0.527  domestic=0.473
  Tunisia                        contagion=0.575  domestic=0.425
  Türkiye                        contagion=0.322  domestic=0.678
  Ukraine                        contagion=0.543  domestic=0.457
  United States of America       contagion=0.414  domestic=0.586

=== Seed 9 ===
  Epoch 50/250: train=-0.55319, test=0.037184
  Epoch 100/250: train=-0.66611, test=0.024957
  Epoch 150/250: train=-0.69147, test=0.023117
  Epoch 200/250: train=-0.69926, test=0.021648
  Epoch 250/250: train=-0.70114, test=0.021456
  Best test MSE: 0.021456
  Argentina                      contagion=0.386  domestic=0.614
  Brazil                         contagion=0.271  domestic=0.729
  Denmark                        contagion=0.121  domestic=0.879
  Hungary                        contagion=0.492  domestic=0.508
  Poland                         contagion=0.394  domestic=0.606
  Serbia                         contagion=0.466  domestic=0.534
  Tunisia                        contagion=0.491  domestic=0.509
  Türkiye                        contagion=0.281  domestic=0.719
  Ukraine                        contagion=0.540  domestic=0.460
  United States of America       contagion=0.382  domestic=0.618

=== Summary across 10 seeds (target year 2025) ===
                 country   mean    std    min    max
                 Tunisia 0.5866 0.1136 0.4092 0.7637
                 Ukraine 0.5849 0.0909 0.4576 0.7452
                  Serbia 0.5354 0.0523 0.4573 0.6135
                 Hungary 0.5082 0.0651 0.4157 0.6211
               Argentina 0.4003 0.0346 0.3354 0.4666
                  Poland 0.3648 0.0722 0.2279 0.4419
United States of America 0.3572 0.0478 0.2779 0.4273
                 Türkiye 0.3214 0.0537 0.2464 0.4199
                  Brazil 0.2859 0.0289 0.2558 0.3301
                 Denmark 0.1678 0.0293 0.1210 0.2181

Wrote /home/shadeform/AIM4D/robustness/contagion_seed_sweep.csv
Wrote /home/shadeform/AIM4D/robustness/contagion_seed_sweep_summary.csv

================================================================
ROBUSTNESS: network weight stability sweep (10 seeds)
================================================================
/home/shadeform/AIM4D/robustness/network_seed_sweep.py:30: FutureWarning: DataFrameGroupBy.apply operated on the grouping columns. This behavior is deprecated, and in a future version of pandas the grouping columns will be excluded from the operation. Either pass `include_groups=False` to exclude the groupings or explicitly select the grouping columns after groupby to silence this warning.
  complete = df.groupby("country_text_id").apply(
  Spatio-temporal graph: 4968 nodes, 186260 edges (176600 spatial, 9660 temporal)
  Augmented features: 22 (raw 10 + spatial lags 12)
  Epoch 50/250: train=-0.46234, test=0.048067
  Epoch 100/250: train=-0.66738, test=0.024401
  Epoch 150/250: train=-0.69306, test=0.021484
  Epoch 200/250: train=-0.70026, test=0.020062
  Epoch 250/250: train=-0.70166, test=0.020010
  Best test MSE: 0.020010
seed 0: contig=0.332 alliance=0.364 trade=0.305
  Epoch 50/250: train=-0.55634, test=0.038331
  Epoch 100/250: train=-0.65979, test=0.025498
  Epoch 150/250: train=-0.69347, test=0.023667
  Epoch 200/250: train=-0.70066, test=0.021935
  Epoch 250/250: train=-0.70203, test=0.021980
  Best test MSE: 0.021935
seed 1: contig=0.354 alliance=0.362 trade=0.284
  Epoch 50/250: train=-0.48192, test=0.044299
  Epoch 100/250: train=-0.66495, test=0.022811
  Epoch 150/250: train=-0.69207, test=0.019801
  Epoch 200/250: train=-0.70003, test=0.018064
  Epoch 250/250: train=-0.70083, test=0.017773
  Best test MSE: 0.017773
seed 2: contig=0.333 alliance=0.385 trade=0.282
  Epoch 50/250: train=-0.46874, test=0.052254
  Epoch 100/250: train=-0.65875, test=0.026619
  Epoch 150/250: train=-0.68954, test=0.022904
  Epoch 200/250: train=-0.69793, test=0.021357
  Epoch 250/250: train=-0.70030, test=0.021170
  Best test MSE: 0.021170
seed 3: contig=0.330 alliance=0.378 trade=0.292
  Epoch 50/250: train=-0.52270, test=0.047132
  Epoch 100/250: train=-0.67435, test=0.025664
  Epoch 150/250: train=-0.69767, test=0.023073
  Epoch 200/250: train=-0.70298, test=0.022314
  Epoch 250/250: train=-0.70390, test=0.021827
  Best test MSE: 0.021827
seed 4: contig=0.333 alliance=0.373 trade=0.294
  Epoch 50/250: train=-0.48416, test=0.046675
  Epoch 100/250: train=-0.66328, test=0.026707
  Epoch 150/250: train=-0.69404, test=0.023343
  Epoch 200/250: train=-0.70042, test=0.022406
  Epoch 250/250: train=-0.70223, test=0.021994
  Best test MSE: 0.021994
seed 5: contig=0.323 alliance=0.399 trade=0.278
  Epoch 50/250: train=-0.50905, test=0.046504
  Epoch 100/250: train=-0.66911, test=0.020388
  Epoch 150/250: train=-0.69727, test=0.017311
  Epoch 200/250: train=-0.70292, test=0.016684
  Epoch 250/250: train=-0.70445, test=0.016579
  Best test MSE: 0.016579
seed 6: contig=0.308 alliance=0.363 trade=0.328
  Epoch 50/250: train=-0.44032, test=0.041102
  Epoch 100/250: train=-0.65187, test=0.022857
  Epoch 150/250: train=-0.68904, test=0.019348
  Epoch 200/250: train=-0.69820, test=0.017738
  Epoch 250/250: train=-0.69965, test=0.017469
  Best test MSE: 0.017469
seed 7: contig=0.342 alliance=0.382 trade=0.276
  Epoch 50/250: train=-0.52543, test=0.044613
  Epoch 100/250: train=-0.66412, test=0.024296
  Epoch 150/250: train=-0.69253, test=0.022743
  Epoch 200/250: train=-0.69959, test=0.022024
  Epoch 250/250: train=-0.70104, test=0.022073
  Best test MSE: 0.022024
seed 8: contig=0.341 alliance=0.363 trade=0.296
  Epoch 50/250: train=-0.55319, test=0.037184
  Epoch 100/250: train=-0.66597, test=0.024955
  Epoch 150/250: train=-0.69113, test=0.023134
  Epoch 200/250: train=-0.69912, test=0.021669
  Epoch 250/250: train=-0.70100, test=0.021478
  Best test MSE: 0.021478
seed 9: contig=0.329 alliance=0.356 trade=0.315

=== Summary across seeds ===
      alpha_contig  alpha_alliance  alpha_trade
mean        0.3325          0.3724       0.2951
std         0.0121          0.0133       0.0168
min         0.3083          0.3561       0.2760
max         0.3541          0.3987       0.3284

================================================================
TASK E: real expanding-window CV (4 folds, full refit per fold)
Expected: 2-3 hr
================================================================

======================================================================
Fold: train <= 2008, test (2009-2011)
======================================================================
/home/shadeform/AIM4D/stage1_factors/extract.py:39: SettingWithCopyWarning: 
A value is trying to be set on a copy of a slice from a DataFrame.
Try using .loc[row_indexer,col_indexer] = value instead

See the caveats in the documentation: https://pandas.pydata.org/pandas-docs/stable/user_guide/indexing.html#returning-a-view-versus-a-copy
  panel[c] = pd.to_numeric(panel[c], errors="coerce")
V-Dem loaded: 28092 rows, 4618 columns
Countries: 202, Years: 1789-2025
Selected 332 indicators (from 507 candidates)
Panel: 139 countries, 1970-2025, 7422 country-years, 332 indicators
Matrix: 7422 obs x 332 indicators
Fitting POET on 5067/7422 country-years (year <= 2008)
Bai-Ng: IC1=20, IC2=20, IC3=20 (all maxed)
Scree elbow: K=4

Using K=4 factors (scree elbow — IC criteria maxed at 20)
Variance explained: [43.9  5.6  3.8  2.3]%
Cumulative: [43.9 49.5 53.2 55.6]%

Factor interpretations:
  factor_1 -> institutional_entrenchment
    Top: ['v2x_diagacc', 'v2x_freexp_altinf', 'v2x_clpol', 'v2x_accountability', 'v2x_electoral_integrity']
  factor_2 -> executive_overreach
    Top: ['v2peedueq', 'v2xeg_eqdr', 'v2xpe_exlecon', 'v2peapsecon', 'v2pehealth']
  factor_3 -> civil_society_and_suffrage
    Top: ['v2fsuffrage', 'v2asuffrage', 'v2msuffrage', 'v2x_elecreg', 'v2xlg_elecreg']
  factor_4 -> direct_democratic_practice
    Top: ['v2ex_hogw', 'v2ex_hosw', 'v2xex_elecreg', 'v2x_ex_direlect', 'v2xdd_dd']

Saved to stage1_factors/

=== Factor loadings (top 5 per factor) ===

factor_1:
  v2x_diagacc: 1.015
  v2x_freexp_altinf: 1.007
  v2x_clpol: 1.003
  v2x_accountability: 1.001
  v2x_electoral_integrity: 1.000

factor_2:
  v2peedueq: 0.794
  v2xeg_eqdr: 0.791
  v2xpe_exlecon: -0.761
  v2peapsecon: 0.759
  v2pehealth: 0.759

factor_3:
  v2fsuffrage: 0.865
  v2asuffrage: 0.864
  v2msuffrage: 0.860
  v2x_elecreg: 0.849
  v2xlg_elecreg: 0.846

factor_4:
  v2ex_hogw: -0.577
  v2ex_hosw: 0.577
  v2xex_elecreg: 0.544
  v2x_ex_direlect: 0.528
  v2xdd_dd: 0.516

=== Sample country trajectories (Factor 1) ===

Hungary:
  2021: -0.094
  2022: -0.098
  2023: -0.132
  2024: -0.157
  2025: -0.203

Poland:
  2021: 0.336
  2022: 0.302
  2023: 0.424
  2024: 0.666
  2025: 0.734

Denmark:
  2021: 1.204
  2022: 1.201
  2023: 1.189
  2024: 1.185
  2025: 1.169

United States of America:
  2021: 1.348
  2022: 1.341
  2023: 1.335
  2024: 1.291
  2025: 0.912
Loaded 7422 country-years, 139 countries
  [1/139] Mexico: done
  [25/139] Afghanistan: done
  [50/139] Zimbabwe: done
  [75/139] Morocco: done
  [100/139] Laos: done
  [125/139] Israel: done

Estimated betas for 138 countries
Output: 7394 country-years x 4 factor betas

Beta summary by factor:
  factor_1: mean=0.583, std=1.687, range=[-5.040, 12.623]
  factor_2: mean=0.351, std=1.443, range=[-8.157, 3.896]
  factor_3: mean=0.284, std=1.268, range=[-3.019, 10.489]
  factor_4: mean=0.506, std=1.360, range=[-4.069, 6.048]

=== Hungary betas over time ===
  2016: F1=-1.033 F2=1.204 F3=-3.016 F4=0.128
  2017: F1=-1.033 F2=1.196 F3=-3.024 F4=0.655
  2018: F1=-1.033 F2=1.198 F3=-3.020 F4=0.743
  2019: F1=-1.033 F2=1.165 F3=-3.011 F4=0.580
  2020: F1=-1.033 F2=1.177 F3=-3.009 F4=0.617
  2021: F1=-1.033 F2=1.220 F3=-3.027 F4=0.596
  2022: F1=-1.034 F2=1.199 F3=-3.011 F4=0.606
  2023: F1=-1.034 F2=1.175 F3=-3.030 F4=0.837
  2024: F1=-1.034 F2=1.107 F3=-3.036 F4=0.673
  2025: F1=-1.034 F2=0.988 F3=-3.019 F4=0.502

=== Turkey betas over time ===
  2016: F1=0.904 F2=0.654 F3=-0.192 F4=1.890
  2017: F1=1.228 F2=0.852 F3=-0.330 F4=1.796
  2018: F1=1.237 F2=0.986 F3=-0.307 F4=0.369
  2019: F1=1.215 F2=0.965 F3=-0.364 F4=1.179
  2020: F1=1.215 F2=1.242 F3=-0.434 F4=1.311
  2021: F1=1.143 F2=1.183 F3=-0.370 F4=1.369
  2022: F1=1.050 F2=1.143 F3=-0.287 F4=1.369
  2023: F1=1.025 F2=0.951 F3=-0.253 F4=1.364
  2024: F1=0.962 F2=0.858 F3=-0.251 F4=1.377
  2025: F1=0.958 F2=1.199 F3=-0.406 F4=1.255

=== Poland betas over time ===
  2016: F1=4.569 F2=-0.044 F3=-1.139 F4=-0.004
  2017: F1=4.948 F2=0.117 F3=-1.175 F4=-0.380
  2018: F1=4.953 F2=0.144 F3=-1.171 F4=-0.117
  2019: F1=4.934 F2=0.049 F3=-1.163 F4=-0.165
  2020: F1=4.860 F2=0.053 F3=-1.160 F4=-0.190
  2021: F1=4.739 F2=-0.196 F3=-1.167 F4=-0.211
  2022: F1=4.573 F2=-0.266 F3=-1.126 F4=-0.224
  2023: F1=4.538 F2=-0.134 F3=-1.119 F4=-0.259
  2024: F1=4.179 F2=-0.182 F3=-1.116 F4=-0.153
  2025: F1=4.188 F2=0.210 F3=-1.131 F4=-0.577

=== 2025 Factor 1 beta rankings ===
Bottom 5 (decoupling from global democratic trend):
  Venezuela: -5.040
  Azerbaijan: -3.889
  Burundi: -2.584
  Nepal: -2.332
  Ecuador: -1.714
Top 5 (amplifying global democratic trend):
  Croatia: 3.539
  Poland: 4.188
  Serbia: 4.569
  Romania: 5.015
  Paraguay: 12.623

=== Cross-country beta variation ===
  factor_1: avg within-country std = 0.8080
  factor_2: avg within-country std = 0.7224
  factor_3: avg within-country std = 0.5946
  factor_4: avg within-country std = 0.7041
Model is not converging.  Current: -34201.98724045518 is not greater than -34201.98527868207. Delta is -0.0019617731086327694
Model is not converging.  Current: -34201.98779256142 is not greater than -34201.985126485815. Delta is -0.00266607560479315
Model is not converging.  Current: -34201.98914155105 is not greater than -34201.98537460563. Delta is -0.0037669454177375883
Model is not converging.  Current: -34201.9878771647 is not greater than -34201.98509155592. Delta is -0.002785608776321169
Model is not converging.  Current: -34201.98898802554 is not greater than -34201.985256424254. Delta is -0.003731601289473474
Model is not converging.  Current: -34201.986301337 is not greater than -34201.985346222245. Delta is -0.0009551147522870451
Model is not converging.  Current: -34201.98890304095 is not greater than -34201.98519837256. Delta is -0.0037046683864900842
Model is not converging.  Current: -34201.98782035701 is not greater than -34201.98511483487. Delta is -0.002705522143514827
Model is not converging.  Current: -34201.98799441407 is not greater than -34201.985048316405. Delta is -0.002946097665699199
Model is not converging.  Current: -34201.98825219568 is not greater than -34201.984994124476. Delta is -0.0032580712068011053
Model is not converging.  Current: -34201.98866437332 is not greater than -34201.98506915283. Delta is -0.0035952204852947034
Model is not converging.  Current: -34201.987266543736 is not greater than -34201.98527568144. Delta is -0.001990862292586826
Model is not converging.  Current: -34201.988134786 is not greater than -34201.98501036505. Delta is -0.0031244209458236583
Model is not converging.  Current: -34201.98603293095 is not greater than -34201.98543015167. Delta is -0.0006027792842360213
Model is not converging.  Current: -34201.98653758094 is not greater than -34201.98531532159. Delta is -0.0012222593504702672
Model is not converging.  Current: -34201.98824039877 is not greater than -34201.98499503886. Delta is -0.0032453599123982713
Model is not converging.  Current: -34201.989425250096 is not greater than -34201.98562980457. Delta is -0.003795445525611285
Model is not converging.  Current: -34201.98821348283 is not greater than -34201.984997741405. Delta is -0.003215741424355656
Model is not converging.  Current: -34201.9864328791 is not greater than -34201.9853256184. Delta is -0.0011072607012465596
Model is not converging.  Current: -34201.99608176391 is not greater than -34201.9951696043. Delta is -0.0009121596085606143
Model is not converging.  Current: -34201.98734766135 is not greater than -34201.98526434127. Delta is -0.002083320083329454
Model is not converging.  Current: -34201.989273449304 is not greater than -34201.985487971884. Delta is -0.003785477420024108
Model is not converging.  Current: -34201.98791692653 is not greater than -34201.98507600399. Delta is -0.0028409225415089168
Model is not converging.  Current: -34201.98827367843 is not greater than -34201.98499288897. Delta is -0.003280789460404776
Model is not converging.  Current: -34201.98923508863 is not greater than -34201.98545398034. Delta is -0.0037811082875123248
Model is not converging.  Current: -34201.98894219821 is not greater than -34201.98522441595. Delta is -0.003717782259627711
Model is not converging.  Current: -34201.98905110078 is not greater than -34201.9853030239. Delta is -0.0037480768805835396
Model is not converging.  Current: -34201.98954983893 is not greater than -34201.98692422161. Delta is -0.002625617322337348
Model is not converging.  Current: -34201.98890355633 is not greater than -34201.985198707276. Delta is -0.003704849055793602
Model is not converging.  Current: -34201.98896501826 is not greater than -34201.9852401536. Delta is -0.003724864662217442
Model is not converging.  Current: -34201.98910292787 is not greater than -34201.98534338819. Delta is -0.0037595396861433983
Model is not converging.  Current: -34201.99889271463 is not greater than -34201.99850926059. Delta is -0.00038345404027495533
Model is not converging.  Current: -34340.653159974776 is not greater than -34340.65314393227. Delta is -1.604250428499654e-05
Model is not converging.  Current: -34201.996006774956 is not greater than -34201.99525219692. Delta is -0.0007545780390501022
Model is not converging.  Current: -34201.98799061775 is not greater than -34201.985049577306. Delta is -0.002941040445875842
Model is not converging.  Current: -34201.98867277864 is not greater than -34201.98507275333. Delta is -0.0036000253167003393
Model is not converging.  Current: -34201.995881344454 is not greater than -34201.99526992054. Delta is -0.0006114239149610512
Model is not converging.  Current: -34201.98647580468 is not greater than -34201.98340603993. Delta is -0.00306976475258125
Model is not converging.  Current: -34201.98783757286 is not greater than -34201.98510768261. Delta is -0.002729890249611344
Model is not converging.  Current: -34218.22629544935 is not greater than -34218.22114056834. Delta is -0.005154881007911172
Model is not converging.  Current: -34589.78347199027 is not greater than -34589.698435091675. Delta is -0.08503689859207952
Model is not converging.  Current: -34201.986356941525 is not greater than -34201.98533627893. Delta is -0.0010206625956925564
Model is not converging.  Current: -34289.55651889924 is not greater than -34289.556508644855. Delta is -1.025438541546464e-05
Model is not converging.  Current: -34201.98768707816 is not greater than -34201.98215191232. Delta is -0.005535165837500244
Model is not converging.  Current: -34201.98758020451 is not greater than -34201.98520904822. Delta is -0.0023711562898824923
Model is not converging.  Current: -34590.82237520927 is not greater than -34590.8217385425. Delta is -0.0006366667657857761
Model is not converging.  Current: -34201.99606515678 is not greater than -34201.99522146037. Delta is -0.0008436964126303792
Model is not converging.  Current: -34201.98706580503 is not greater than -34201.9852926369. Delta is -0.0017731681291479617
Model is not converging.  Current: -34201.99564990082 is not greater than -34201.995422710854. Delta is -0.00022718996478943154
Model is not converging.  Current: -34368.9126362579 is not greater than -34368.91168279562. Delta is -0.0009534622804494575
=== Stage 3: MS Regime Classification + TVTP ===

Features (8): ['factor_1', 'factor_2', 'factor_3', 'factor_4'] + ['lag_factor_1', 'lag_factor_2', 'lag_factor_3', 'lag_factor_4'] (MS-VAR(1) with lagged factors)
Panel: 138 countries, 7256 obs

Training subset: year <= 2008, 138 countries, 4918 obs

Quantile-based init (Factor 1 bands, no V-Dem supervision):
  Band 0 (liberal_democracy): 984 obs, F1 range=[0.903, 1.489], F1 mean=1.098
  Band 1 (electoral_democracy): 983 obs, F1 range=[0.319, 0.903], F1 mean=0.659
  Band 2 (hybrid_regime): 984 obs, F1 range=[-0.378, 0.319], F1 mean=-0.013
  Band 3 (competitive_authoritarian): 983 obs, F1 range=[-1.071, -0.378], F1 mean=-0.746
  Band 4 (closed_authoritarian): 4918 obs, F1 range=[-2.727, -1.071], F1 mean=-0.115

Phase 1: Baseline HMM (K-means init, no supervision)...
  Restart 20/60: score=-34202.0
  Restart 40/60: score=-34202.0
  Restart 60/60: score=-34202.0

Baseline HMM: LL=-34202.0, min persistence=0.909

State means:
  liberal_democracy: [1.081, 1.096, -0.268, -0.396, 1.076, 1.084, -0.271, -0.412]
  electoral_democracy: [0.595, -0.439, 0.284, -0.105, 0.574, -0.442, 0.272, -0.127]
  hybrid_regime: [-0.233, -0.975, -0.102, -0.291, -0.270, -0.963, -0.134, -0.309]
  competitive_authoritarian: [-1.002, -0.059, -0.743, 0.276, -1.017, -0.051, -0.780, 0.258]
  closed_authoritarian: [-1.403, 1.374, 0.517, 0.108, -1.441, 1.395, 0.503, 0.076]

Baseline transition matrix:
  liberal_democracy              [0.9928 0.0034 0.0034 0.0002 0.0002]
  electoral_democracy            [0.0078 0.9748 0.0102 0.0069 0.0003]
  hybrid_regime                  [0.0140 0.0403 0.9086 0.0226 0.0145]
  competitive_authoritarian      [0.0006 0.0169 0.0370 0.9298 0.0156]
  closed_authoritarian           [0.0012 0.0024 0.0077 0.0084 0.9803]

Baseline state distribution:
  electoral_democracy: 2260 (31.1%)
  competitive_authoritarian: 1531 (21.1%)
  hybrid_regime: 1440 (19.8%)
  liberal_democracy: 1340 (18.5%)
  closed_authoritarian: 685 (9.4%)

=== Validation vs V-Dem (5-state) ===
Cohen's kappa: 0.433
Weighted kappa (linear): 0.645
Accuracy: 0.545

Confusion matrix (rows=V-Dem, cols=ours):
           lib_dem  elec_dem  hybrid  comp_auth  clos_auth
lib_dem       1267       246       0          2         96
elec_dem        73      1425      31          2         11
hybrid           0       527     291         11         32
comp_auth        0        39     760        573        149
clos_auth        0        23     358        943        397

Polyarchy by our state:
  liberal_democracy: 0.860 ± 0.034 (n=1340)
  electoral_democracy: 0.595 ± 0.134 (n=2260)
  hybrid_regime: 0.282 ± 0.097 (n=1440)
  competitive_authoritarian: 0.153 ± 0.070 (n=1531)
  closed_authoritarian: 0.266 ± 0.262 (n=685)

============================================================
Phase 2: TVTP with macro covariates

  GDELT loaded: 5407 rows, covariates: ['total_events', 'protest_count', 'conflict_count', 'repression_count', 'avg_goldstein', 'avg_tone']

LASSO: 1/16 covariates selected:
  gdp_pc: 0.9752
  GDELT forced inclusion: adding protest_count_lag1 as 4th covariate

Building TVTP with top 3 covariates: ['gdp_pc', 'protest_count_lag1']
  TVTP: 8 adjacent transitions x 2 covariates = 16 params
  TVTP converged=True, LL=-34244.2, iters=2

TVTP state distribution:
  electoral_democracy: 2262 (31.2%)
  competitive_authoritarian: 1530 (21.1%)
  hybrid_regime: 1440 (19.8%)
  liberal_democracy: 1339 (18.5%)
  closed_authoritarian: 685 (9.4%)

=== Validation vs V-Dem (5-state) ===
Cohen's kappa: 0.433
Weighted kappa (linear): 0.645
Accuracy: 0.545

Confusion matrix (rows=V-Dem, cols=ours):
           lib_dem  elec_dem  hybrid  comp_auth  clos_auth
lib_dem       1266       248       0          1         96
elec_dem        73      1425      31          2         11
hybrid           0       526     291         12         32
comp_auth        0        40     759        573        149
clos_auth        0        23     359        942        397

Polyarchy by our state:
  liberal_democracy: 0.860 ± 0.034 (n=1339)
  electoral_democracy: 0.595 ± 0.134 (n=2262)
  hybrid_regime: 0.281 ± 0.097 (n=1440)
  competitive_authoritarian: 0.153 ± 0.070 (n=1530)
  closed_authoritarian: 0.266 ± 0.262 (n=685)

TVTP adjacent transition effects:
  liberal_ -> electora: gdp_pc=-0.691, protest_count_lag1=+0.054
  electora -> liberal_: gdp_pc=+0.762, protest_count_lag1=+0.099
  electora -> hybrid_r: gdp_pc=-0.545, protest_count_lag1=+0.030
  hybrid_r -> electora: gdp_pc=-0.104, protest_count_lag1=-0.087
  hybrid_r -> competit: gdp_pc=+0.698, protest_count_lag1=+0.098
  competit -> hybrid_r: gdp_pc=-0.399, protest_count_lag1=+0.378
  competit -> closed_a: gdp_pc=+0.497, protest_count_lag1=+0.331
  closed_a -> competit: gdp_pc=-0.259, protest_count_lag1=+0.027

Saved to stage3_msvar/country_year_states.csv

=== Sample trajectories ===

Hungary: 2016:elec, 2017:elec, 2018:clos, 2019:clos, 2020:clos, 2021:clos, 2022:clos, 2023:clos, 2024:clos, 2025:clos

Türkiye: 2016:hybr, 2017:comp, 2018:comp, 2019:comp, 2020:comp, 2021:comp, 2022:comp, 2023:comp, 2024:comp, 2025:comp

Poland: 2016:elec, 2017:elec, 2018:elec, 2019:elec, 2020:elec, 2021:elec, 2022:elec, 2023:elec, 2024:elec, 2025:elec

Denmark: 2016:libe, 2017:libe, 2018:libe, 2019:libe, 2020:libe, 2021:libe, 2022:libe, 2023:libe, 2024:libe, 2025:libe

United States of America: 2016:libe, 2017:libe, 2018:libe, 2019:libe, 2020:libe, 2021:libe, 2022:libe, 2023:libe, 2024:libe, 2025:libe

Venezuela: 2016:hybr, 2017:hybr, 2018:hybr, 2019:hybr, 2020:hybr, 2021:hybr, 2022:hybr, 2023:hybr, 2024:hybr, 2025:hybr

Tunisia: 2016:elec, 2017:elec, 2018:elec, 2019:elec, 2020:elec, 2021:elec, 2022:elec, 2023:elec, 2024:elec, 2025:elec

Georgia: 2016:elec, 2017:elec, 2018:elec, 2019:elec, 2020:elec, 2021:elec, 2022:elec, 2023:elec, 2024:elec, 2025:elec

=== Transitions 2020-2025 ===
  Afghanistan: electoral_democracy -> hybrid_regime (2021)
  Afghanistan: hybrid_regime -> competitive_authoritarian (2022)
  Burkina Faso: electoral_democracy -> hybrid_regime (2022)
  Burma/Myanmar: hybrid_regime -> competitive_authoritarian (2022)
  Gabon: electoral_democracy -> hybrid_regime (2021)
  Guinea-Bissau: electoral_democracy -> hybrid_regime (2025)
  Haiti: electoral_democracy -> hybrid_regime (2021)
  Malaysia: hybrid_regime -> electoral_democracy (2020)
  Maldives: hybrid_regime -> electoral_democracy (2020)
  Mali: electoral_democracy -> hybrid_regime (2020)
  Niger: electoral_democracy -> hybrid_regime (2023)
  Pakistan: electoral_democracy -> hybrid_regime (2024)
  Serbia: electoral_democracy -> hybrid_regime (2021)
  South Korea: liberal_democracy -> electoral_democracy (2024)
  Thailand: competitive_authoritarian -> hybrid_regime (2021)
  Togo: electoral_democracy -> hybrid_regime (2024)
/home/shadeform/AIM4D/stage4_nscm/estimate.py:416: FutureWarning: DataFrameGroupBy.apply operated on the grouping columns. This behavior is deprecated, and in a future version of pandas the grouping columns will be excluded from the operation. Either pass `include_groups=False` to exclude the groupings or explicitly select the grouping columns after groupby to silence this warning.
  complete = df.groupby("country_text_id").apply(
=== Stage 4: Network SCM (Spatio-Temporal Graph) — seed=42 ===

Countries: 138, Years: 1990-2025

Building spatial edges...
  Contiguity pairs: 482, Alliance pairs (2020): 4950

Building spatio-temporal graph...
  Spatio-temporal graph: 4968 nodes, 186260 edges (176600 spatial, 9660 temporal)
  Augmented features: 22 (raw 10 + spatial lags 12)
  Train nodes: 2622, Test nodes: 2346

Training INE-TARNet on spatio-temporal graph...
  Epoch 50/250: train=-0.52399, test=0.039326
  Epoch 100/250: train=-0.67173, test=0.024078
  Epoch 150/250: train=-0.69718, test=0.020796
  Epoch 200/250: train=-0.70376, test=0.019743
  Epoch 250/250: train=-0.70481, test=0.019517
  Best test MSE: 0.019517

  Learned convex W weights (Neumayer & Plumper 2016):
    α_contiguity: 0.374
    α_alliance: 0.335
    α_trade: 0.291

Counterfactual decomposition...
Saved NSCM residuals (4968 rows)
Computing per-factor contagion scores...

=== Network ablation test ===
  MSE (full model):       0.019517
  MSE (temporal only):    0.029836
  MSE (no network):       0.035338
  Improvement from spatial edges: 34.6%
  Improvement from total network: 44.8%
  PASS: Network features improve prediction by 44.8%

=== Most network-influenced (2025) ===
  Tunisia: 0.692
  Tanzania: 0.674
  Jordan: 0.660
  Malaysia: 0.639
  Ukraine: 0.617
  Bhutan: 0.596
  Serbia: 0.550
  Afghanistan: 0.507
  Georgia: 0.505
  Sudan: 0.500

=== Most domestically driven (2025) ===
  Uruguay: 0.117
  Switzerland: 0.108
  Bahrain: 0.103
  Vietnam: 0.101
  Equatorial Guinea: 0.095
  Laos: 0.081
  Turkmenistan: 0.063
  United Arab Emirates: 0.055
  North Korea: 0.033
  Belarus: 0.024

=== Case studies (smoothed) ===
  Hungary: 2021:0.335, 2022:0.336, 2023:0.344, 2024:0.368, 2025:0.380
  Türkiye: 2021:0.265, 2022:0.265, 2023:0.266, 2024:0.279, 2025:0.283
  Poland: 2021:0.550, 2022:0.524, 2023:0.456, 2024:0.388, 2025:0.347
  United States of America: 2021:0.243, 2022:0.233, 2023:0.205, 2024:0.207, 2025:0.196
  Denmark: 2021:0.232, 2022:0.237, 2023:0.249, 2024:0.236, 2025:0.234
/home/shadeform/AIM4D/stage5_ews/estimate.py:528: FutureWarning: The default fill_method='ffill' in SeriesGroupBy.pct_change is deprecated and will be removed in a future version. Either fill in any non-leading NA values prior to calling pct_change or specify 'fill_method=None' to not fill NA values.
  macro["mil_growth"] = macro.groupby("iso3")["military_spending"].pct_change()
=== Stage 5: Early Warning Signals ===

Loaded dual residuals: 4 factor-based + 5 NSCM
Countries: 138
Indicators: rolling variance, AR(1), kurtosis
Country-relative z-scores (baseline ≤2005), z-cap=10.0

============================================================
Election vulnerability module
============================================================

  Election thresholds: high=5.62 (p80), moderate=5.10 (p50 of nonzero)
  Election alerts: 2480
  Poland: election alerts in [1996, 1997, 1998, 1999, 2004]
  Hungary: election alerts in [1997, 1998, 1999, 2011, 2013]
  Venezuela: election alerts in [1998, 1999, 2000, 2001, 2004]
  Türkiye: election alerts in [2012, 2013, 2014, 2015, 2016]

============================================================
Democratic vulnerability module (high-polyarchy sensitivity)
============================================================

  Democratic vulnerability alerts: 166
  Hungary: alerts in [2010]
  United States of America: alerts in [2001, 2016, 2017, 2018, 2024]
  Denmark: alerts in [2020]

============================================================
Military threat module
============================================================

  Military threat alerts: 310
  Thailand: alerts in [2020]
  Egypt: no military threat alert
  Burma/Myanmar: no military threat alert
  Mali: alerts in [2015, 2016, 2017, 2024]

  GDELT event features loaded: ['protest_count_zscore', 'conflict_count_zscore', 'repression_count_zscore', 'protest_count_zscore_lag1', 'conflict_count_zscore_lag1', 'repression_count_zscore_lag1']

============================================================
Meta-learner calibration
============================================================

  DSP variables loaded: ['v2smgovdom', 'v2smfordom', 'v2smgovfilprc', 'v2smgovsmmon', 'v2smpardom']
  Restricted to year >= 2000 (DSP coverage window): 5066 -> 3765 country-years
  Elastic net selected 33/73 features:
    csd_index_delta2: +0.7307
    csd_index_pctile: -0.7266
    csd_index_lag2: +0.6604
    csd_x_military: -0.6299
    network_exposure: +0.5695
    csd_x_network_detrended: -0.5309
    party_threat_detrended: -0.5272
    party_threat: -0.5088
    mil_zscore: +0.4484
    network_exposure_detrended: +0.4385
    v2smgovfilprc: -0.3923
    v2smgovfilprc_detrended: -0.3652
    election_vulnerability_delta2: -0.3634
    csd_index_detrended: -0.3054
    election_vulnerability_lag2: -0.3022
    v2smpardom: -0.2763
    csd_index: +0.2651
    mv_csd_index: +0.2504
    mil_zscore_delta2: -0.2384
    v2smgovdom: +0.1940
    v2smgovdom_detrended: +0.1873
    mil_zscore_lag1: +0.1767
    v2smfordom_detrended: +0.1606
    csd_index_delta1: +0.1481
    protest_count_zscore: +0.1233
    repression_count_zscore_detrended: -0.1217
    protest_count_zscore_lag1: +0.1142
    mil_zscore_detrended: +0.1125
    election_vulnerability_lag1: -0.0805
    mil_zscore_lag2: +0.0799
    v2smfordom: +0.0796
    conflict_count_zscore_lag1_detrended: -0.0587
    election_vulnerability_pctile: +0.0387

  Stacked ensemble (cross-validated weights):
    LR weight: 0.200, GB weight: 0.800
    LR component range: [0.0501, 0.0550]
    GB component range: [0.0030, 0.7995]
  GB feature importance (top 10):
    party_threat_detrended: 0.1181
    party_threat: 0.0963
    v2smgovfilprc_detrended: 0.0829
    csd_index_detrended: 0.0748
    v2smfordom: 0.0639
    v2smgovdom_detrended: 0.0479
    v2smgovfilprc: 0.0450
    v2smpardom: 0.0393
    mv_csd_index: 0.0384
    network_exposure_detrended: 0.0366

  Tiered alerts (calibrated risk):
    alert: 25 (0.7%)
    warning: 128 (3.6%)
    watch: 1008 (28.2%)
    none: 2419 (67.6%)

============================================================
Validation: episode detection + precision@K
============================================================

  Hungary (backsliding 2010): DETECTED [alert] via CSD+mvCSD (5yr lead, risk=0.650)
  Türkiye (backsliding 2013): DETECTED [alert] via CSD+ELEC (5yr lead, risk=0.481)
  Poland (backsliding 2015): MISSED (risk=0.024)
  Venezuela (backsliding 2002): DETECTED [watch] via mvCSD+ELEC (2yr lead, risk=0.086)
  Tunisia (backsliding 2021): DETECTED [watch] via CSD+mvCSD+ELEC (5yr lead, risk=0.081)
  Burma/Myanmar (coup 2021): DETECTED [warning] via CSD+mvCSD (5yr lead, risk=0.227)
  Mali (coup 2020): DETECTED [watch] via mvCSD+ELEC (5yr lead, risk=0.134)
  Burkina Faso (coup 2022): DETECTED [warning] via mvCSD+ELEC (5yr lead, risk=0.180)
  Nicaragua (backsliding 2007): DETECTED [alert] via CSD+mvCSD+ELEC (5yr lead, risk=0.500)
  Philippines (backsliding 2016): DETECTED [watch] via CSD+mvCSD+ELEC (2yr lead, risk=0.052)
  India (backsliding 2014): DETECTED [watch] via CSD+mvCSD+ELEC (5yr lead, risk=0.068)
  Brazil (backsliding 2019): DETECTED [watch] via CSD+mvCSD+ELEC (3yr lead, risk=0.050)
  El Salvador (2019): NO DATA
  Russia (2000): NO DATA
  Serbia (backsliding 2012): DETECTED [alert] via meta-only (5yr lead, risk=0.553)
  Bangladesh (backsliding 2007): DETECTED [alert] via CSD (5yr lead, risk=0.590)
  Thailand (coup 2014): DETECTED [warning] via CSD+mvCSD (5yr lead, risk=0.246)
  Egypt (coup 2013): DETECTED [warning] via CSD+mvCSD+ELEC (5yr lead, risk=0.440)
  Fiji (coup 2006): DETECTED [alert] via ELEC (5yr lead, risk=0.578)
  Honduras (2009): NO DATA
  Niger (coup 2009): DETECTED [alert] via mvCSD+ELEC (5yr lead, risk=0.487)
  Guinea (coup 2009): DETECTED [warning] via meta-only (5yr lead, risk=0.428)
  Guinea-Bissau (coup 2012): DETECTED [alert] via mvCSD+ELEC (5yr lead, risk=0.496)
  Libya (2014): NO DATA
  Afghanistan (coup 2021): MISSED (risk=0.017)
  Sudan (coup 2021): DETECTED [watch] via CSD+ELEC (5yr lead, risk=0.069)
  Chad (coup 2021): MISSED (risk=0.023)
  Ukraine (backsliding 2010): DETECTED [alert] via meta-only (5yr lead, risk=0.552)
  Maldives (backsliding 2013): DETECTED [warning] via CSD+mvCSD+ELEC (5yr lead, risk=0.328)
  Zambia (backsliding 2013): DETECTED [warning] via mvCSD+ELEC (5yr lead, risk=0.357)
  Montenegro (2007): NO DATA
  North Macedonia (backsliding 2011): DETECTED [alert] via CSD+mvCSD+ELEC (5yr lead, risk=0.580)
  Kenya (backsliding 2007): DETECTED [alert] via meta-only (5yr lead, risk=0.519)
  Bolivia (backsliding 2019): DETECTED [watch] via CSD+ELEC (5yr lead, risk=0.048)
  Benin (backsliding 2019): DETECTED [watch] via ELEC (5yr lead, risk=0.063)
  Ivory Coast (backsliding 2020): DETECTED [watch] via CSD+ELEC (1yr lead, risk=0.053)
  Nigeria (backsliding 2021): DETECTED [watch] via mvCSD (4yr lead, risk=0.109)
  Guyana (backsliding 2021): DETECTED [watch] via CSD+mvCSD (5yr lead, risk=0.078)
  Mauritius (backsliding 2017): DETECTED [watch] via CSD+mvCSD (4yr lead, risk=0.135)
  Belarus (1996): NO DATA
  Georgia (backsliding 2024): MISSED (risk=0.034)

  Detection by tier (cumulative):
    Watch (top 20%):  31/35
    Warning (top 5%): 18/35
    Alert (top 2%):   11/35

  Precision@K (country-level ranked risk list):
    @  5: precision=100.0%, recall=13.9%, lift=3.8x
    @ 10: precision=100.0%, recall=27.8%, lift=3.8x
    @ 20: precision=80.0%, recall=44.4%, lift=3.1x
    @ 50: precision=46.0%, recall=63.9%, lift=1.8x

  Warning-tier performance:
    Alerts: 153 / 3580 (4.3%)
    Precision: 45.8%
    Sensitivity: 18/35 (51%)
    F1: 0.484
    Stable democracy FPs: 0

============================================================
Leave-one-episode-out cross-validation
============================================================

  Hungary: DETECTED [watch] (LOEO, risk=0.080)
  Türkiye: DETECTED [alert] (LOEO, risk=0.361)
  Poland: MISSED (LOEO, risk=0.039, watch_thresh=0.068)
  Venezuela: MISSED (LOEO, risk=0.049, watch_thresh=0.069)
  Tunisia: MISSED (LOEO, risk=0.040, watch_thresh=0.070)
  Burma/Myanmar: DETECTED [warning] (LOEO, risk=0.215)
  Mali: DETECTED [watch] (LOEO, risk=0.085)
  Burkina Faso: DETECTED [watch] (LOEO, risk=0.086)
  Nicaragua: MISSED (LOEO, risk=0.040, watch_thresh=0.070)
  Philippines: DETECTED [watch] (LOEO, risk=0.133)
  India: DETECTED [warning] (LOEO, risk=0.259)
  Brazil: DETECTED [watch] (LOEO, risk=0.084)
  Serbia: DETECTED [watch] (LOEO, risk=0.078)
  Bangladesh: DETECTED [watch] (LOEO, risk=0.077)
  Thailand: DETECTED [warning] (LOEO, risk=0.167)
  Egypt: DETECTED [warning] (LOEO, risk=0.309)
  Fiji: MISSED (LOEO, risk=0.070, watch_thresh=0.070)
  Niger: DETECTED [watch] (LOEO, risk=0.092)
  Guinea: DETECTED [watch] (LOEO, risk=0.086)
  Guinea-Bissau: MISSED (LOEO, risk=0.043, watch_thresh=0.069)
  Afghanistan: MISSED (LOEO, risk=0.066, watch_thresh=0.071)
  Sudan: DETECTED [watch] (LOEO, risk=0.133)
  Chad: DETECTED [watch] (LOEO, risk=0.112)
  Ukraine: MISSED (LOEO, risk=0.053, watch_thresh=0.068)
  Maldives: DETECTED [watch] (LOEO, risk=0.118)
  Zambia: DETECTED [watch] (LOEO, risk=0.101)
  North Macedonia: MISSED (LOEO, risk=0.031, watch_thresh=0.071)
  Kenya: DETECTED [watch] (LOEO, risk=0.096)
  Bolivia: DETECTED [watch] (LOEO, risk=0.135)
  Benin: MISSED (LOEO, risk=0.044, watch_thresh=0.071)
  Ivory Coast: MISSED (LOEO, risk=0.058, watch_thresh=0.070)
  Nigeria: DETECTED [watch] (LOEO, risk=0.075)
  Guyana: DETECTED [warning] (LOEO, risk=0.186)
  Mauritius: DETECTED [watch] (LOEO, risk=0.078)
  Georgia: MISSED (LOEO, risk=0.043, watch_thresh=0.071)

  LOEO Sensitivity by tier (unbiased):
    Watch (P80):   23/35 (66%)
    Warning (P95): 6/35 (17%)
    Alert (P98):   1/35 (3%)
  (Each episode predicted without seeing itself)

  LOEO stratified by episode type:
    backsliding: 14/23 (61%)
    coup: 9/12 (75%)

  LOEO stratified by onset era:
    pre-2005: 0/1 (0%)
    2005-2014: 12/17 (71%)
    2015-2021: 10/15 (67%)
    post-2021: 1/2 (50%)

============================================================
Continuous risk score evaluation (AUC)
============================================================

  Base rate (positive class): 0.061
  AUC-ROC: 0.796
  AUC-PR:  0.418
  Lift over random: 6.9x
  AUC-ROC (OOS): 0.677
  AUC-PR (OOS):  0.139

  Risk score calibration:
    Top 1%: precision=97.1%, recall=16.3% (thresh=0.42)
    Top 5%: precision=42.7%, recall=35.1% (thresh=0.14)
    Top 10%: precision=26.3%, recall=43.3% (thresh=0.09)
    Top 20%: precision=18.1%, recall=59.6% (thresh=0.05)

============================================================
Expanding-window temporal CV
============================================================

  2006-2008: AUC=1.000, episodes=5, detected=3/5
  2009-2011: AUC=0.842, episodes=6, detected=2/6
  2012-2014: AUC=0.684, episodes=9, detected=1/9
  2015-2017: AUC=0.634, episodes=3, detected=0/3
  2018-2020: AUC=0.637, episodes=6, detected=0/6
  2021-2023: AUC=0.544, episodes=8, detected=1/8

  Mean AUC across windows: 0.723 +/- 0.153
  Mean detection rate: 19%
  (This is the robust generalization estimate across 6 temporal windows)

  Secondary OOS (TRAIN_CUTOFF=2008, 17-year horizon):
    AUC-ROC: 0.677
    AUC-PR:  0.139
    Episodes (onset>2008): 33, detected: 24/33

============================================================
Case studies
============================================================

Hungary:
  2016 (OOS) CSD=5.2 elec_vuln=0.0 var_z=10.0 ar1_z=5.7 f=7/9 *** CSD
  2017 (OOS) CSD=4.8 elec_vuln=5.1 var_z=10.0 ar1_z=3.4 f=7/9 *** CSD+ELEC
  2018 (OOS) CSD=5.3 elec_vuln=5.5 var_z=10.0 ar1_z=4.9 f=7/9 *** CSD+ELEC
  2019 (OOS) CSD=4.0 elec_vuln=5.6 var_z=10.0 ar1_z=4.5 f=4/9 *** CSD+ELEC
  2020 (OOS) CSD=4.1 elec_vuln=0.0 var_z=10.0 ar1_z=4.5 f=4/9 *** CSD
  2021 (OOS) CSD=3.8 elec_vuln=5.6 var_z=10.0 ar1_z=4.7 f=4/9 *** CSD+ELEC
  2022 (OOS) CSD=4.0 elec_vuln=5.6 var_z=10.0 ar1_z=4.8 f=4/9 *** CSD+ELEC
  2023 (OOS) CSD=3.6 elec_vuln=5.8 var_z=10.0 ar1_z=4.9 f=3/9 *** CSD+ELEC
  2024 (OOS) CSD=3.7 elec_vuln=0.0 var_z=10.0 ar1_z=4.6 f=3/9 *** CSD
  2025 (OOS) CSD=3.7 elec_vuln=0.0 var_z=10.0 ar1_z=3.0 f=3/9 *** CSD

Türkiye:
  2016 (OOS) CSD=5.0 elec_vuln=5.0 var_z=10.0 ar1_z=1.5 f=4/9 *** CSD+ELEC
  2017 (OOS) CSD=5.1 elec_vuln=5.2 var_z=10.0 ar1_z=1.9 f=4/9 *** CSD+ELEC
  2018 (OOS) CSD=4.0 elec_vuln=5.3 var_z=10.0 ar1_z=1.6 f=6/9 *** CSD+ELEC
  2019 (OOS) CSD=3.9 elec_vuln=5.4 var_z=10.0 ar1_z=2.1 f=3/9 *** CSD+ELEC
  2020 (OOS) CSD=4.1 elec_vuln=0.0 var_z=10.0 ar1_z=3.0 f=4/9 *** CSD
  2021 (OOS) CSD=4.2 elec_vuln=0.0 var_z=10.0 ar1_z=3.4 f=4/9 *** CSD
  2022 (OOS) CSD=4.1 elec_vuln=5.4 var_z=10.0 ar1_z=3.0 f=4/9 *** CSD+ELEC
  2023 (OOS) CSD=5.0 elec_vuln=5.5 var_z=10.0 ar1_z=3.2 f=5/9 *** CSD+ELEC
  2024 (OOS) CSD=5.5 elec_vuln=5.7 var_z=10.0 ar1_z=3.9 f=7/9 *** CSD+ELEC
  2025 (OOS) CSD=4.9 elec_vuln=0.0 var_z=10.0 ar1_z=1.6 f=5/9 *** CSD

Poland:
  2016 (OOS) CSD=4.8 elec_vuln=4.8 var_z=10.0 ar1_z=4.8 f=4/9 *** CSD+ELEC
  2017 (OOS) CSD=4.5 elec_vuln=0.0 var_z=10.0 ar1_z=3.9 f=3/9 *** CSD
  2018 (OOS) CSD=4.5 elec_vuln=5.4 var_z=10.0 ar1_z=4.3 f=3/9 *** CSD+ELEC
  2019 (OOS) CSD=4.6 elec_vuln=5.4 var_z=10.0 ar1_z=4.6 f=5/9 *** CSD+ELEC
  2020 (OOS) CSD=4.5 elec_vuln=5.4 var_z=10.0 ar1_z=4.1 f=6/9 *** CSD+ELEC
  2021 (OOS) CSD=4.5 elec_vuln=5.4 var_z=10.0 ar1_z=3.5 f=5/9 *** CSD+ELEC
  2022 (OOS) CSD=4.6 elec_vuln=5.4 var_z=10.0 ar1_z=4.4 f=7/9 *** CSD+ELEC
  2023 (OOS) CSD=4.3 elec_vuln=5.7 var_z=10.0 ar1_z=5.0 f=3/9 *** CSD+ELEC
  2024 (OOS) CSD=4.1 elec_vuln=5.7 var_z=10.0 ar1_z=6.0 f=3/9 *** CSD+ELEC
  2025 (OOS) CSD=4.0 elec_vuln=5.7 var_z=10.0 ar1_z=6.1 f=0/9 *** ELEC

United States of America:
  2016 (OOS) CSD=3.4 elec_vuln=4.3 var_z=5.0 ar1_z=1.4 f=3/9 *** CSD+ELEC
  2017 (OOS) CSD=5.5 elec_vuln=4.2 var_z=10.0 ar1_z=5.8 f=5/9 *** CSD+ELEC
  2018 (OOS) CSD=5.5 elec_vuln=4.1 var_z=10.0 ar1_z=5.4 f=5/9 *** CSD+ELEC
  2019 (OOS) CSD=5.2 elec_vuln=4.1 var_z=10.0 ar1_z=6.8 f=5/9 *** CSD+ELEC
  2020 (OOS) CSD=4.0 elec_vuln=4.1 var_z=10.0 ar1_z=5.1 f=5/9 *** CSD+ELEC
  2021 (OOS) CSD=3.7 elec_vuln=4.1 var_z=10.0 ar1_z=4.3 f=4/9 *** CSD+ELEC
  2022 (OOS) CSD=4.1 elec_vuln=4.1 var_z=10.0 ar1_z=6.3 f=3/9 *** CSD+ELEC
  2023 (OOS) CSD=4.5 elec_vuln=4.1 var_z=10.0 ar1_z=8.3 f=1/9 *** CSD+ELEC
  2024 (OOS) CSD=4.4 elec_vuln=4.8 var_z=10.0 ar1_z=8.1 f=2/9 *** CSD+ELEC
  2025 (OOS) CSD=4.7 elec_vuln=4.8 var_z=10.0 ar1_z=6.5 f=4/9 *** CSD+ELEC

Denmark:
  2016 (OOS) CSD=3.3 elec_vuln=4.7 var_z=9.0 ar1_z=3.0 f=0/9 *** ELEC
  2017 (OOS) CSD=3.3 elec_vuln=0.0 var_z=8.7 ar1_z=3.7 f=0/9
  2018 (OOS) CSD=4.0 elec_vuln=4.3 var_z=10.0 ar1_z=4.4 f=0/9 *** ELEC
  2019 (OOS) CSD=3.9 elec_vuln=4.1 var_z=8.9 ar1_z=4.4 f=0/9 *** ELEC
  2020 (OOS) CSD=4.0 elec_vuln=4.1 var_z=10.0 ar1_z=4.0 f=0/9 *** ELEC
  2021 (OOS) CSD=3.9 elec_vuln=4.1 var_z=10.0 ar1_z=2.7 f=1/9 *** ELEC
  2022 (OOS) CSD=4.5 elec_vuln=4.1 var_z=10.0 ar1_z=3.5 f=0/9 *** ELEC
  2023 (OOS) CSD=4.4 elec_vuln=4.1 var_z=10.0 ar1_z=4.8 f=1/9 *** CSD+ELEC
  2024 (OOS) CSD=4.8 elec_vuln=0.0 var_z=10.0 ar1_z=5.9 f=2/9 *** CSD
  2025 (OOS) CSD=4.5 elec_vuln=0.0 var_z=10.0 ar1_z=0.6 f=2/9 *** CSD


============================================================
Prospective Risk Ranking: 2026-2031 Autocratization Risk
(Genuine prospective forecast — verifiable against future data)
============================================================

  Rank  Country                            Risk Tier       Key Signals
  --------------------------------------------------------------------------------
  1     Malaysia                         0.3361 warning    CSD
  2     Namibia                          0.2481 warning    meta
  3     Italy                            0.2244 warning    CSD
  4     Nepal                            0.2058 warning    meta
  5     Guatemala                        0.1933 warning    CSD+mvCSD
  6     Lesotho                          0.1888 warning    meta
  7     North Macedonia                  0.1718 warning    CSD+mvCSD
  8     Nigeria                          0.1640 warning    CSD+mvCSD
  9     Albania                          0.1613 warning    CSD+mvCSD+ELEC
  10    Niger                            0.1445 watch      CSD
  11    Belgium                          0.1315 watch      CSD+mvCSD
  12    Papua New Guinea                 0.1296 watch      CSD+mvCSD
  13    Moldova                          0.1257 watch      CSD
  14    Uganda                           0.1253 watch      meta
  15    Mozambique                       0.1098 watch      mvCSD+ELEC
  16    Djibouti                         0.1078 watch      CSD+mvCSD
  17    Guyana                           0.1037 watch      CSD+ELEC
  18    Croatia                          0.1025 watch      ELEC
  19    Mexico                           0.1006 watch      CSD+ELEC
  20    Gabon                            0.0982 watch      CSD+mvCSD+ELEC
  21    Thailand                         0.0964 watch      meta
  22    Fiji                             0.0916 watch      CSD
  23    Iran                             0.0915 watch      meta
  24    Greece                           0.0903 watch      CSD
  25    Morocco                          0.0890 watch      meta
  -> AUC=0.842, AP=0.401, n_pos=36, episodes=6

======================================================================
Fold: train <= 2011, test (2012-2014)
======================================================================
/home/shadeform/AIM4D/stage1_factors/extract.py:39: SettingWithCopyWarning: 
A value is trying to be set on a copy of a slice from a DataFrame.
Try using .loc[row_indexer,col_indexer] = value instead

See the caveats in the documentation: https://pandas.pydata.org/pandas-docs/stable/user_guide/indexing.html#returning-a-view-versus-a-copy
  panel[c] = pd.to_numeric(panel[c], errors="coerce")
V-Dem loaded: 28092 rows, 4618 columns
Countries: 202, Years: 1789-2025
Selected 332 indicators (from 507 candidates)
Panel: 139 countries, 1970-2025, 7422 country-years, 332 indicators
Matrix: 7422 obs x 332 indicators
Fitting POET on 5484/7422 country-years (year <= 2011)
Bai-Ng: IC1=20, IC2=20, IC3=20 (all maxed)
Scree elbow: K=4

Using K=4 factors (scree elbow — IC criteria maxed at 20)
Variance explained: [43.7  5.7  3.7  2.3]%
Cumulative: [43.7 49.4 53.1 55.5]%

Factor interpretations:
  factor_1 -> institutional_entrenchment
    Top: ['v2x_diagacc', 'v2x_freexp_altinf', 'v2x_clpol', 'v2x_accountability', 'v2x_electoral_integrity']
  factor_2 -> executive_overreach
    Top: ['v2peedueq', 'v2xeg_eqdr', 'v2pehealth', 'v2peapsecon', 'v2xpe_exlecon']
  factor_3 -> civil_society_and_suffrage
    Top: ['v2fsuffrage', 'v2asuffrage', 'v2msuffrage', 'v2x_elecreg', 'v2xlg_elecreg']
  factor_4 -> direct_democratic_practice
    Top: ['v2xdd_dd', 'v2ex_hogw', 'v2ex_hosw', 'v2xex_elecreg', 'v2x_ex_direlect']

Saved to stage1_factors/

=== Factor loadings (top 5 per factor) ===

factor_1:
  v2x_diagacc: 1.006
  v2x_freexp_altinf: 0.999
  v2x_clpol: 0.994
  v2x_accountability: 0.992
  v2x_electoral_integrity: 0.991

factor_2:
  v2peedueq: 0.788
  v2xeg_eqdr: 0.784
  v2pehealth: 0.759
  v2peapsecon: 0.758
  v2xpe_exlecon: -0.752

factor_3:
  v2fsuffrage: 0.828
  v2asuffrage: 0.826
  v2msuffrage: 0.822
  v2x_elecreg: 0.797
  v2xlg_elecreg: 0.794

factor_4:
  v2xdd_dd: 0.602
  v2ex_hogw: -0.564
  v2ex_hosw: 0.564
  v2xex_elecreg: 0.510
  v2x_ex_direlect: 0.503

=== Sample country trajectories (Factor 1) ===

Hungary:
  2021: -0.104
  2022: -0.109
  2023: -0.139
  2024: -0.164
  2025: -0.209

Poland:
  2021: 0.344
  2022: 0.309
  2023: 0.429
  2024: 0.674
  2025: 0.744

Denmark:
  2021: 1.197
  2022: 1.191
  2023: 1.180
  2024: 1.176
  2025: 1.159

United States of America:
  2021: 1.351
  2022: 1.344
  2023: 1.337
  2024: 1.293
  2025: 0.907
Loaded 7422 country-years, 139 countries
  [1/139] Mexico: done
  [25/139] Afghanistan: done
  [50/139] Zimbabwe: done
  [75/139] Morocco: done
  [100/139] Laos: done
  [125/139] Israel: done

Estimated betas for 138 countries
Output: 7394 country-years x 4 factor betas

Beta summary by factor:
  factor_1: mean=0.441, std=1.505, range=[-9.932, 4.104]
  factor_2: mean=0.187, std=1.779, range=[-10.974, 4.373]
  factor_3: mean=0.406, std=1.213, range=[-1.794, 9.801]
  factor_4: mean=0.414, std=1.437, range=[-3.051, 8.441]

=== Hungary betas over time ===
  2016: F1=-9.925 F2=-5.078 F3=3.569 F4=0.059
  2017: F1=-9.926 F2=-5.096 F3=3.546 F4=0.796
  2018: F1=-9.926 F2=-5.094 F3=3.559 F4=0.833
  2019: F1=-9.925 F2=-5.120 F3=3.569 F4=0.624
  2020: F1=-9.925 F2=-5.112 F3=3.572 F4=0.636
  2021: F1=-9.926 F2=-5.078 F3=3.513 F4=0.652
  2022: F1=-9.930 F2=-5.095 F3=3.553 F4=0.647
  2023: F1=-9.931 F2=-5.114 F3=3.533 F4=0.929
  2024: F1=-9.933 F2=-5.170 F3=3.519 F4=0.717
  2025: F1=-9.932 F2=-5.267 F3=3.552 F4=0.561

=== Turkey betas over time ===
  2016: F1=-0.002 F2=0.317 F3=-0.420 F4=0.591
  2017: F1=0.331 F2=0.578 F3=-0.575 F4=0.618
  2018: F1=0.338 F2=0.695 F3=-0.536 F4=-0.777
  2019: F1=0.316 F2=0.584 F3=-0.549 F4=0.056
  2020: F1=0.318 F2=0.850 F3=-0.627 F4=0.232
  2021: F1=0.246 F2=0.801 F3=-0.536 F4=0.255
  2022: F1=0.152 F2=0.766 F3=-0.470 F4=0.256
  2023: F1=0.128 F2=0.598 F3=-0.437 F4=0.261
  2024: F1=0.063 F2=0.507 F3=-0.437 F4=0.279
  2025: F1=0.060 F2=0.934 F3=-0.592 F4=0.194

=== Poland betas over time ===
  2016: F1=4.479 F2=-0.061 F3=0.921 F4=-0.379
  2017: F1=4.862 F2=0.076 F3=0.846 F4=-0.992
  2018: F1=4.865 F2=0.108 F3=0.855 F4=-0.633
  2019: F1=4.846 F2=0.015 F3=0.858 F4=-0.619
  2020: F1=4.770 F2=0.032 F3=0.865 F4=-0.548
  2021: F1=4.649 F2=-0.268 F3=0.854 F4=-0.559
  2022: F1=4.481 F2=-0.324 F3=0.938 F4=-0.602
  2023: F1=4.445 F2=-0.196 F3=0.952 F4=-0.628
  2024: F1=4.095 F2=-0.266 F3=0.955 F4=-0.463
  2025: F1=4.104 F2=0.139 F3=0.939 F4=-0.847

=== 2025 Factor 1 beta rankings ===
Bottom 5 (decoupling from global democratic trend):
  Hungary: -9.932
  Ivory Coast: -6.255
  Ecuador: -2.771
  Burundi: -2.314
  Equatorial Guinea: -1.712
Top 5 (amplifying global democratic trend):
  Kyrgyzstan: 2.853
  Morocco: 2.898
  Serbia: 2.952
  Yemen: 3.499
  Poland: 4.104

=== Cross-country beta variation ===
  factor_1: avg within-country std = 0.8315
  factor_2: avg within-country std = 0.7581
  factor_3: avg within-country std = 0.5772
  factor_4: avg within-country std = 0.7126
Model is not converging.  Current: -37187.87203805196 is not greater than -37187.871985226986. Delta is -5.2824972954113036e-05
Model is not converging.  Current: -37639.35045096054 is not greater than -37639.34970400703. Delta is -0.0007469535121344961
Model is not converging.  Current: -37187.87202566274 is not greater than -37187.871991435546. Delta is -3.422719601076096e-05
Model is not converging.  Current: -37200.884598828336 is not greater than -37200.884086997794. Delta is -0.0005118305416544899
Model is not converging.  Current: -37187.87208609816 is not greater than -37187.87198532125. Delta is -0.0001007769096759148
Model is not converging.  Current: -37187.87206929413 is not greater than -37187.871982159035. Delta is -8.713509305380285e-05
Model is not converging.  Current: -37187.873916385994 is not greater than -37187.86761952331. Delta is -0.006296862680756021
Model is not converging.  Current: -37497.167680270366 is not greater than -37497.152203375736. Delta is -0.015476894630410243
Model is not converging.  Current: -37187.87201186581 is not greater than -37187.872001774216. Delta is -1.00915931398049e-05
Model is not converging.  Current: -37497.33575951502 is not greater than -37497.33561722238. Delta is -0.0001422926434315741
Model is not converging.  Current: -37515.305848057134 is not greater than -37515.29452277432. Delta is -0.011325282815960236
Model is not converging.  Current: -37187.87201461014 is not greater than -37187.87200094191. Delta is -1.3668228348251432e-05
Model is not converging.  Current: -37187.872245319224 is not greater than -37187.87217552675. Delta is -6.979247700655833e-05
Model is not converging.  Current: -38588.8953286936 is not greater than -38588.895247277964. Delta is -8.1415637396276e-05
=== Stage 3: MS Regime Classification + TVTP ===

Features (8): ['factor_1', 'factor_2', 'factor_3', 'factor_4'] + ['lag_factor_1', 'lag_factor_2', 'lag_factor_3', 'lag_factor_4'] (MS-VAR(1) with lagged factors)
Panel: 138 countries, 7256 obs

Training subset: year <= 2011, 138 countries, 5332 obs

Quantile-based init (Factor 1 bands, no V-Dem supervision):
  Band 0 (liberal_democracy): 1067 obs, F1 range=[0.923, 1.497], F1 mean=1.106
  Band 1 (electoral_democracy): 1066 obs, F1 range=[0.382, 0.923], F1 mean=0.700
  Band 2 (hybrid_regime): 1066 obs, F1 range=[-0.310, 0.382], F1 mean=0.050
  Band 3 (competitive_authoritarian): 1066 obs, F1 range=[-1.063, -0.310], F1 mean=-0.705
  Band 4 (closed_authoritarian): 5332 obs, F1 range=[-2.749, -1.063], F1 mean=-0.083

Phase 1: Baseline HMM (K-means init, no supervision)...
  Restart 20/60: score=-37187.9
  Restart 40/60: score=-37187.9
  Restart 60/60: score=-37187.9

Baseline HMM: LL=-37187.9, min persistence=0.906

State means:
  liberal_democracy: [1.083, 1.123, -0.277, -0.308, 1.079, 1.112, -0.281, -0.324]
  electoral_democracy: [0.596, -0.497, 0.315, -0.160, 0.577, -0.499, 0.301, -0.179]
  hybrid_regime: [-0.248, -0.832, -0.200, -0.120, -0.290, -0.816, -0.240, -0.134]
  competitive_authoritarian: [-1.097, -0.094, -0.637, 0.225, -1.109, -0.086, -0.670, 0.211]
  closed_authoritarian: [-1.396, 1.388, 0.445, 0.231, -1.430, 1.408, 0.430, 0.210]

Baseline transition matrix:
  liberal_democracy              [0.9927 0.0036 0.0034 0.0002 0.0002]
  electoral_democracy            [0.0076 0.9746 0.0107 0.0067 0.0003]
  hybrid_regime                  [0.0143 0.0467 0.9063 0.0185 0.0143]
  competitive_authoritarian      [0.0006 0.0138 0.0384 0.9305 0.0167]
  closed_authoritarian           [0.0009 0.0023 0.0083 0.0085 0.9800]

Baseline state distribution:
  electoral_democracy: 2343 (32.3%)
  hybrid_regime: 1481 (20.4%)
  competitive_authoritarian: 1410 (19.4%)
  liberal_democracy: 1340 (18.5%)
  closed_authoritarian: 682 (9.4%)

=== Validation vs V-Dem (5-state) ===
Cohen's kappa: 0.420
Weighted kappa (linear): 0.633
Accuracy: 0.534

Confusion matrix (rows=V-Dem, cols=ours):
           lib_dem  elec_dem  hybrid  comp_auth  clos_auth
lib_dem       1263       250       0          0         98
elec_dem        77      1439      13          1         12
hybrid           0       590     239          3         29
comp_auth        0        55     794        532        140
clos_auth        0         9     435        874        403

Polyarchy by our state:
  liberal_democracy: 0.859 ± 0.035 (n=1340)
  electoral_democracy: 0.589 ± 0.135 (n=2343)
  hybrid_regime: 0.269 ± 0.091 (n=1481)
  competitive_authoritarian: 0.146 ± 0.062 (n=1410)
  closed_authoritarian: 0.266 ± 0.264 (n=682)

============================================================
Phase 2: TVTP with macro covariates

  GDELT loaded: 5407 rows, covariates: ['total_events', 'protest_count', 'conflict_count', 'repression_count', 'avg_goldstein', 'avg_tone']

LASSO: 1/16 covariates selected:
  gdp_pc: 1.0679
  GDELT forced inclusion: adding protest_count_lag1 as 4th covariate

Building TVTP with top 3 covariates: ['gdp_pc', 'protest_count_lag1']
  TVTP: 8 adjacent transitions x 2 covariates = 16 params
  TVTP converged=True, LL=-37235.2, iters=3

TVTP state distribution:
  electoral_democracy: 2342 (32.3%)
  hybrid_regime: 1481 (20.4%)
  competitive_authoritarian: 1410 (19.4%)
  liberal_democracy: 1341 (18.5%)
  closed_authoritarian: 682 (9.4%)

=== Validation vs V-Dem (5-state) ===
Cohen's kappa: 0.420
Weighted kappa (linear): 0.633
Accuracy: 0.534

Confusion matrix (rows=V-Dem, cols=ours):
           lib_dem  elec_dem  hybrid  comp_auth  clos_auth
lib_dem       1264       249       0          0         98
elec_dem        77      1439      13          1         12
hybrid           0       590     239          3         29
comp_auth        0        55     794        532        140
clos_auth        0         9     435        874        403

Polyarchy by our state:
  liberal_democracy: 0.859 ± 0.035 (n=1341)
  electoral_democracy: 0.589 ± 0.135 (n=2342)
  hybrid_regime: 0.269 ± 0.091 (n=1481)
  competitive_authoritarian: 0.146 ± 0.062 (n=1410)
  closed_authoritarian: 0.266 ± 0.264 (n=682)

TVTP adjacent transition effects:
  liberal_ -> electora: gdp_pc=-1.186, protest_count_lag1=+0.056
  electora -> liberal_: gdp_pc=+1.582, protest_count_lag1=+0.049
  electora -> hybrid_r: gdp_pc=-1.184, protest_count_lag1=-0.051
  hybrid_r -> electora: gdp_pc=+0.122, protest_count_lag1=+0.445
  hybrid_r -> competit: gdp_pc=+1.642, protest_count_lag1=+0.273
  competit -> hybrid_r: gdp_pc=-0.258, protest_count_lag1=+0.982
  competit -> closed_a: gdp_pc=+0.453, protest_count_lag1=+0.712
  closed_a -> competit: gdp_pc=-0.585, protest_count_lag1=+0.117

Saved to stage3_msvar/country_year_states.csv

=== Sample trajectories ===

Hungary: 2016:elec, 2017:elec, 2018:clos, 2019:clos, 2020:clos, 2021:clos, 2022:clos, 2023:clos, 2024:clos, 2025:clos

Türkiye: 2016:hybr, 2017:comp, 2018:comp, 2019:comp, 2020:comp, 2021:comp, 2022:comp, 2023:comp, 2024:comp, 2025:comp

Poland: 2016:elec, 2017:elec, 2018:elec, 2019:elec, 2020:elec, 2021:elec, 2022:elec, 2023:elec, 2024:elec, 2025:elec

Denmark: 2016:libe, 2017:libe, 2018:libe, 2019:libe, 2020:libe, 2021:libe, 2022:libe, 2023:libe, 2024:libe, 2025:libe

United States of America: 2016:libe, 2017:libe, 2018:libe, 2019:libe, 2020:libe, 2021:libe, 2022:libe, 2023:libe, 2024:libe, 2025:libe

Venezuela: 2016:hybr, 2017:hybr, 2018:hybr, 2019:hybr, 2020:hybr, 2021:hybr, 2022:hybr, 2023:hybr, 2024:hybr, 2025:hybr

Tunisia: 2016:elec, 2017:elec, 2018:elec, 2019:elec, 2020:elec, 2021:elec, 2022:elec, 2023:elec, 2024:elec, 2025:elec

Georgia: 2016:elec, 2017:elec, 2018:elec, 2019:elec, 2020:elec, 2021:elec, 2022:elec, 2023:elec, 2024:elec, 2025:elec

=== Transitions 2020-2025 ===
  Afghanistan: electoral_democracy -> hybrid_regime (2021)
  Afghanistan: hybrid_regime -> competitive_authoritarian (2022)
  Burkina Faso: electoral_democracy -> hybrid_regime (2022)
  Burma/Myanmar: hybrid_regime -> competitive_authoritarian (2022)
  Cambodia: hybrid_regime -> competitive_authoritarian (2022)
  Central African Republic: electoral_democracy -> hybrid_regime (2023)
  Fiji: hybrid_regime -> electoral_democracy (2022)
  Gabon: electoral_democracy -> hybrid_regime (2021)
  Guinea-Bissau: electoral_democracy -> hybrid_regime (2025)
  Haiti: electoral_democracy -> hybrid_regime (2021)
  Maldives: hybrid_regime -> electoral_democracy (2020)
  Mali: electoral_democracy -> hybrid_regime (2021)
  Niger: electoral_democracy -> hybrid_regime (2023)
  Thailand: competitive_authoritarian -> hybrid_regime (2020)
  Togo: electoral_democracy -> hybrid_regime (2022)
/home/shadeform/AIM4D/stage4_nscm/estimate.py:416: FutureWarning: DataFrameGroupBy.apply operated on the grouping columns. This behavior is deprecated, and in a future version of pandas the grouping columns will be excluded from the operation. Either pass `include_groups=False` to exclude the groupings or explicitly select the grouping columns after groupby to silence this warning.
  complete = df.groupby("country_text_id").apply(
=== Stage 4: Network SCM (Spatio-Temporal Graph) — seed=42 ===

Countries: 138, Years: 1990-2025

Building spatial edges...
  Contiguity pairs: 482, Alliance pairs (2020): 4950

Building spatio-temporal graph...
  Spatio-temporal graph: 4968 nodes, 186260 edges (176600 spatial, 9660 temporal)
  Augmented features: 22 (raw 10 + spatial lags 12)
  Train nodes: 3036, Test nodes: 1932

Training INE-TARNet on spatio-temporal graph...
  Epoch 50/250: train=-0.50753, test=0.034311
  Epoch 100/250: train=-0.66004, test=0.020303
  Epoch 150/250: train=-0.68872, test=0.017713
  Epoch 200/250: train=-0.69760, test=0.017230
  Epoch 250/250: train=-0.69878, test=0.017149
  Best test MSE: 0.017149

  Learned convex W weights (Neumayer & Plumper 2016):
    α_contiguity: 0.375
    α_alliance: 0.337
    α_trade: 0.288

Counterfactual decomposition...
Saved NSCM residuals (4968 rows)
Computing per-factor contagion scores...

=== Network ablation test ===
  MSE (full model):       0.017149
  MSE (temporal only):    0.031465
  MSE (no network):       0.034006
  Improvement from spatial edges: 45.5%
  Improvement from total network: 49.6%
  PASS: Network features improve prediction by 49.6%

=== Most network-influenced (2025) ===
  Jordan: 0.684
  Tunisia: 0.664
  Malaysia: 0.662
  Tanzania: 0.638
  Ukraine: 0.626
  Sudan: 0.623
  Serbia: 0.605
  Hungary: 0.600
  Afghanistan: 0.595
  Bhutan: 0.591

=== Most domestically driven (2025) ===
  Uzbekistan: 0.122
  Switzerland: 0.120
  Uruguay: 0.113
  Latvia: 0.111
  Laos: 0.109
  Nicaragua: 0.108
  United Arab Emirates: 0.090
  Turkmenistan: 0.079
  North Korea: 0.055
  Belarus: 0.035

=== Case studies (smoothed) ===
  Hungary: 2021:0.515, 2022:0.526, 2023:0.554, 2024:0.584, 2025:0.600
  Türkiye: 2021:0.253, 2022:0.261, 2023:0.252, 2024:0.250, 2025:0.240
  Poland: 2021:0.518, 2022:0.520, 2023:0.469, 2024:0.380, 2025:0.329
  United States of America: 2021:0.219, 2022:0.213, 2023:0.185, 2024:0.161, 2025:0.135
  Denmark: 2021:0.223, 2022:0.226, 2023:0.236, 2024:0.227, 2025:0.227
/home/shadeform/AIM4D/stage5_ews/estimate.py:528: FutureWarning: The default fill_method='ffill' in SeriesGroupBy.pct_change is deprecated and will be removed in a future version. Either fill in any non-leading NA values prior to calling pct_change or specify 'fill_method=None' to not fill NA values.
  macro["mil_growth"] = macro.groupby("iso3")["military_spending"].pct_change()
=== Stage 5: Early Warning Signals ===

Loaded dual residuals: 4 factor-based + 5 NSCM
Countries: 138
Indicators: rolling variance, AR(1), kurtosis
Country-relative z-scores (baseline ≤2005), z-cap=10.0

============================================================
Election vulnerability module
============================================================

  Election thresholds: high=5.63 (p80), moderate=5.09 (p50 of nonzero)
  Election alerts: 2473
  Poland: election alerts in [1996, 1997, 1998, 1999, 2006]
  Hungary: election alerts in [1999, 2011, 2013, 2014, 2015]
  Venezuela: election alerts in [1999, 2000, 2001, 2004, 2005]
  Türkiye: election alerts in [2012, 2013, 2014, 2015, 2016]

============================================================
Democratic vulnerability module (high-polyarchy sensitivity)
============================================================

  Democratic vulnerability alerts: 179
  Hungary: alerts in [2010]
  United States of America: alerts in [2001, 2016, 2017, 2018, 2024]
  Denmark: alerts in [2020]

============================================================
Military threat module
============================================================

  Military threat alerts: 304
  Thailand: alerts in [2020]
  Egypt: no military threat alert
  Burma/Myanmar: no military threat alert
  Mali: alerts in [2015, 2016, 2017, 2024]

  GDELT event features loaded: ['protest_count_zscore', 'conflict_count_zscore', 'repression_count_zscore', 'protest_count_zscore_lag1', 'conflict_count_zscore_lag1', 'repression_count_zscore_lag1']

============================================================
Meta-learner calibration
============================================================

  DSP variables loaded: ['v2smgovdom', 'v2smfordom', 'v2smgovfilprc', 'v2smgovsmmon', 'v2smpardom']
  Restricted to year >= 2000 (DSP coverage window): 5066 -> 3765 country-years
  Elastic net selected 32/73 features:
    csd_index_delta2: +0.5421
    csd_index_pctile: -0.5122
    party_threat: -0.4941
    party_threat_detrended: -0.4249
    v2smpardom: -0.3896
    network_exposure_detrended: +0.3831
    csd_index_lag2: +0.3809
    v2smgovfilprc: -0.3438
    v2smgovdom_detrended: +0.3313
    csd_x_election: +0.2952
    v2smgovfilprc_detrended: -0.2910
    csd_index_detrended: -0.2702
    mv_csd_index_lag2: +0.2665
    network_exposure: +0.2656
    v2smgovdom: +0.2317
    v2smfordom_detrended: +0.2020
    election_vulnerability_detrended: -0.1572
    csd_x_military: -0.1492
    mv_csd_index_pctile: +0.1335
    v2smpardom_detrended: -0.1001
    repression_count_zscore_lag1: +0.0943
    csd_index_lag1: +0.0881
    csd_index: +0.0796
    conflict_count_zscore_lag1_detrended: -0.0760
    election_vulnerability: -0.0729
    v2smgovsmmon_detrended: +0.0627
    election_vulnerability_lag1: -0.0552
    v2smfordom: +0.0515
    protest_count_zscore_detrended: -0.0483
    mil_zscore_delta2: -0.0475
    csd_index_delta1: +0.0459
    mv_csd_index: +0.0280

  Stacked ensemble (cross-validated weights):
    LR weight: 0.200, GB weight: 0.800
    LR component range: [0.0618, 0.0725]
    GB component range: [0.0032, 0.8958]
  GB feature importance (top 10):
    party_threat: 0.1014
    v2smgovsmmon_detrended: 0.0706
    v2smgovdom_detrended: 0.0692
    network_exposure_detrended: 0.0672
    mv_csd_index: 0.0613
    v2smgovfilprc_detrended: 0.0580
    party_threat_detrended: 0.0572
    v2smgovfilprc: 0.0549
    network_exposure: 0.0521
    v2smfordom: 0.0502

  Tiered alerts (calibrated risk):
    alert: 53 (1.5%)
    warning: 150 (4.2%)
    watch: 822 (23.0%)
    none: 2555 (71.4%)

============================================================
Validation: episode detection + precision@K
============================================================

  Hungary (backsliding 2010): DETECTED [alert] via CSD+mvCSD (5yr lead, risk=0.672)
  Türkiye (backsliding 2013): DETECTED [alert] via CSD+mvCSD+ELEC (5yr lead, risk=0.700)
  Poland (backsliding 2015): DETECTED [watch] via ELEC (5yr lead, risk=0.249)
  Venezuela (backsliding 2002): DETECTED [watch] via CSD+mvCSD+ELEC (1yr lead, risk=0.071)
  Tunisia (backsliding 2021): DETECTED [warning] via CSD+mvCSD+ELEC (5yr lead, risk=0.302)
  Burma/Myanmar (coup 2021): DETECTED [alert] via CSD+mvCSD (5yr lead, risk=0.568)
  Mali (coup 2020): MISSED (risk=0.050)
  Burkina Faso (coup 2022): DETECTED [watch] via mvCSD+ELEC (5yr lead, risk=0.084)
  Nicaragua (backsliding 2007): DETECTED [alert] via CSD+ELEC (5yr lead, risk=0.523)
  Philippines (backsliding 2016): DETECTED [watch] via CSD+ELEC (5yr lead, risk=0.144)
  India (backsliding 2014): DETECTED [alert] via ELEC (5yr lead, risk=0.609)
  Brazil (backsliding 2019): DETECTED [watch] via CSD+mvCSD+ELEC (3yr lead, risk=0.061)
  El Salvador (2019): NO DATA
  Russia (2000): NO DATA
  Serbia (backsliding 2012): DETECTED [alert] via meta-only (5yr lead, risk=0.578)
  Bangladesh (backsliding 2007): DETECTED [alert] via CSD (5yr lead, risk=0.531)
  Thailand (coup 2014): DETECTED [alert] via CSD+mvCSD (5yr lead, risk=0.695)
  Egypt (coup 2013): DETECTED [alert] via CSD+mvCSD+ELEC (5yr lead, risk=0.493)
  Fiji (coup 2006): DETECTED [warning] via ELEC (5yr lead, risk=0.386)
  Honduras (2009): NO DATA
  Niger (coup 2009): DETECTED [alert] via mvCSD+ELEC (5yr lead, risk=0.474)
  Guinea (coup 2009): DETECTED [warning] via mvCSD (5yr lead, risk=0.442)
  Guinea-Bissau (coup 2012): DETECTED [alert] via CSD+mvCSD+ELEC (5yr lead, risk=0.548)
  Libya (2014): NO DATA
  Afghanistan (coup 2021): MISSED (risk=0.021)
  Sudan (coup 2021): DETECTED [watch] via CSD+ELEC (1yr lead, risk=0.064)
  Chad (coup 2021): MISSED (risk=0.053)
  Ukraine (backsliding 2010): DETECTED [alert] via meta-only (5yr lead, risk=0.520)
  Maldives (backsliding 2013): DETECTED [alert] via CSD+mvCSD+ELEC (5yr lead, risk=0.726)
  Zambia (backsliding 2013): DETECTED [alert] via mvCSD+ELEC (5yr lead, risk=0.554)
  Montenegro (2007): NO DATA
  North Macedonia (backsliding 2011): DETECTED [alert] via CSD+mvCSD+ELEC (5yr lead, risk=0.503)
  Kenya (backsliding 2007): DETECTED [alert] via meta-only (5yr lead, risk=0.489)
  Bolivia (backsliding 2019): DETECTED [watch] via CSD+ELEC (5yr lead, risk=0.190)
  Benin (backsliding 2019): MISSED (risk=0.030)
  Ivory Coast (backsliding 2020): DETECTED [watch] via CSD+ELEC (4yr lead, risk=0.069)
  Nigeria (backsliding 2021): DETECTED [watch] via mvCSD (1yr lead, risk=0.094)
  Guyana (backsliding 2021): DETECTED [warning] via CSD+mvCSD (5yr lead, risk=0.331)
  Mauritius (backsliding 2017): DETECTED [watch] via CSD+mvCSD (4yr lead, risk=0.080)
  Belarus (1996): NO DATA
  Georgia (backsliding 2024): MISSED (risk=0.042)

  Detection by tier (cumulative):
    Watch (top 20%):  30/35
    Warning (top 5%): 20/35
    Alert (top 2%):   16/35

  Precision@K (country-level ranked risk list):
    @  5: precision=100.0%, recall=13.9%, lift=3.8x
    @ 10: precision=100.0%, recall=27.8%, lift=3.8x
    @ 20: precision=90.0%, recall=50.0%, lift=3.5x
    @ 50: precision=48.0%, recall=66.7%, lift=1.8x

  Warning-tier performance:
    Alerts: 203 / 3580 (5.7%)
    Precision: 44.8%
    Sensitivity: 20/35 (57%)
    F1: 0.502
    Stable democracy FPs: 1

============================================================
Leave-one-episode-out cross-validation
============================================================

  Hungary: DETECTED [watch] (LOEO, risk=0.073)
  Türkiye: DETECTED [alert] (LOEO, risk=0.418)
  Poland: MISSED (LOEO, risk=0.043, watch_thresh=0.066)
  Venezuela: MISSED (LOEO, risk=0.054, watch_thresh=0.069)
  Tunisia: MISSED (LOEO, risk=0.057, watch_thresh=0.067)
  Burma/Myanmar: DETECTED [watch] (LOEO, risk=0.156)
  Mali: MISSED (LOEO, risk=0.036, watch_thresh=0.067)
  Burkina Faso: MISSED (LOEO, risk=0.058, watch_thresh=0.068)
  Nicaragua: DETECTED [watch] (LOEO, risk=0.098)
  Philippines: DETECTED [warning] (LOEO, risk=0.210)
  India: DETECTED [warning] (LOEO, risk=0.234)
  Brazil: DETECTED [warning] (LOEO, risk=0.198)
  Serbia: DETECTED [watch] (LOEO, risk=0.072)
  Bangladesh: DETECTED [watch] (LOEO, risk=0.114)
  Thailand: DETECTED [warning] (LOEO, risk=0.166)
  Egypt: DETECTED [warning] (LOEO, risk=0.209)
  Fiji: MISSED (LOEO, risk=0.064, watch_thresh=0.065)
  Niger: DETECTED [watch] (LOEO, risk=0.081)
  Guinea: MISSED (LOEO, risk=0.047, watch_thresh=0.067)
  Guinea-Bissau: MISSED (LOEO, risk=0.036, watch_thresh=0.067)
  Afghanistan: MISSED (LOEO, risk=0.041, watch_thresh=0.066)
  Sudan: DETECTED [warning] (LOEO, risk=0.228)
  Chad: DETECTED [watch] (LOEO, risk=0.091)
  Ukraine: MISSED (LOEO, risk=0.058, watch_thresh=0.067)
  Maldives: DETECTED [watch] (LOEO, risk=0.099)
  Zambia: DETECTED [watch] (LOEO, risk=0.091)
  North Macedonia: MISSED (LOEO, risk=0.037, watch_thresh=0.065)
  Kenya: DETECTED [watch] (LOEO, risk=0.125)
  Bolivia: DETECTED [warning] (LOEO, risk=0.198)
  Benin: MISSED (LOEO, risk=0.064, watch_thresh=0.065)
  Ivory Coast: MISSED (LOEO, risk=0.057, watch_thresh=0.067)
  Nigeria: DETECTED [watch] (LOEO, risk=0.075)
  Guyana: MISSED (LOEO, risk=0.068, watch_thresh=0.070)
  Mauritius: DETECTED [watch] (LOEO, risk=0.136)
  Georgia: MISSED (LOEO, risk=0.036, watch_thresh=0.068)

  LOEO Sensitivity by tier (unbiased):
    Watch (P80):   20/35 (57%)
    Warning (P95): 8/35 (23%)
    Alert (P98):   1/35 (3%)
  (Each episode predicted without seeing itself)

  LOEO stratified by episode type:
    backsliding: 14/23 (61%)
    coup: 6/12 (50%)

  LOEO stratified by onset era:
    pre-2005: 0/1 (0%)
    2005-2014: 12/17 (71%)
    2015-2021: 8/15 (53%)
    post-2021: 0/2 (0%)

============================================================
Continuous risk score evaluation (AUC)
============================================================

  Base rate (positive class): 0.061
  AUC-ROC: 0.826
  AUC-PR:  0.448
  Lift over random: 7.4x
  AUC-ROC (OOS): 0.642
  AUC-PR (OOS):  0.122

  Risk score calibration:
    Top 1%: precision=88.6%, recall=14.9% (thresh=0.49)
    Top 5%: precision=51.5%, recall=42.3% (thresh=0.28)
    Top 10%: precision=33.3%, recall=54.8% (thresh=0.14)
    Top 20%: precision=19.9%, recall=65.4% (thresh=0.07)

============================================================
Expanding-window temporal CV
============================================================

  2006-2008: AUC=0.997, episodes=5, detected=2/5
  2009-2011: AUC=0.999, episodes=6, detected=3/6
  2012-2014: AUC=0.768, episodes=9, detected=3/9
  2015-2017: AUC=0.595, episodes=3, detected=0/3
  2018-2020: AUC=0.653, episodes=6, detected=0/6
  2021-2023: AUC=0.596, episodes=8, detected=0/8

  Mean AUC across windows: 0.768 +/- 0.172
  Mean detection rate: 21%
  (This is the robust generalization estimate across 6 temporal windows)

  Secondary OOS (TRAIN_CUTOFF=2011, 14-year horizon):
    AUC-ROC: 0.642
    AUC-PR:  0.122
    Episodes (onset>2011): 27, detected: 18/27

============================================================
Case studies
============================================================

Hungary:
  2016 (OOS) CSD=4.8 elec_vuln=0.0 var_z=10.0 ar1_z=2.9 f=7/9 *** CSD
  2017 (OOS) CSD=4.6 elec_vuln=5.1 var_z=10.0 ar1_z=1.6 f=6/9 *** CSD+ELEC
  2018 (OOS) CSD=5.8 elec_vuln=5.5 var_z=10.0 ar1_z=5.8 f=5/9 *** CSD+ELEC
  2019 (OOS) CSD=3.6 elec_vuln=5.6 var_z=10.0 ar1_z=3.3 f=4/9 *** CSD+ELEC
  2020 (OOS) CSD=3.6 elec_vuln=0.0 var_z=10.0 ar1_z=3.1 f=3/9 *** CSD
  2021 (OOS) CSD=3.4 elec_vuln=5.6 var_z=10.0 ar1_z=3.1 f=3/9 *** CSD+ELEC
  2022 (OOS) CSD=3.9 elec_vuln=5.6 var_z=10.0 ar1_z=3.1 f=3/9 *** CSD+ELEC
  2023 (OOS) CSD=3.2 elec_vuln=5.8 var_z=10.0 ar1_z=3.0 f=3/9 *** CSD+ELEC
  2024 (OOS) CSD=3.8 elec_vuln=0.0 var_z=10.0 ar1_z=2.9 f=3/9 *** CSD
  2025 (OOS) CSD=3.9 elec_vuln=0.0 var_z=10.0 ar1_z=2.3 f=2/9 *** CSD

Türkiye:
  2016 (OOS) CSD=5.3 elec_vuln=5.0 var_z=10.0 ar1_z=3.3 f=4/9 *** CSD+ELEC
  2017 (OOS) CSD=5.4 elec_vuln=5.2 var_z=10.0 ar1_z=3.4 f=3/9 *** CSD+ELEC
  2018 (OOS) CSD=4.3 elec_vuln=5.3 var_z=10.0 ar1_z=3.7 f=4/9 *** CSD+ELEC
  2019 (OOS) CSD=4.0 elec_vuln=5.4 var_z=10.0 ar1_z=3.5 f=3/9 *** CSD+ELEC
  2020 (OOS) CSD=4.3 elec_vuln=0.0 var_z=10.0 ar1_z=4.0 f=4/9 *** CSD
  2021 (OOS) CSD=4.7 elec_vuln=0.0 var_z=10.0 ar1_z=3.7 f=5/9 *** CSD
  2022 (OOS) CSD=4.0 elec_vuln=5.4 var_z=10.0 ar1_z=2.9 f=5/9 *** CSD+ELEC
  2023 (OOS) CSD=5.1 elec_vuln=5.5 var_z=10.0 ar1_z=1.7 f=6/9 *** CSD+ELEC
  2024 (OOS) CSD=5.3 elec_vuln=5.7 var_z=10.0 ar1_z=2.7 f=6/9 *** CSD+ELEC
  2025 (OOS) CSD=5.0 elec_vuln=0.0 var_z=10.0 ar1_z=2.4 f=5/9 *** CSD

Poland:
  2016 (OOS) CSD=5.3 elec_vuln=4.8 var_z=10.0 ar1_z=5.1 f=5/9 *** CSD+ELEC
  2017 (OOS) CSD=4.8 elec_vuln=0.0 var_z=10.0 ar1_z=3.9 f=3/9 *** CSD
  2018 (OOS) CSD=4.4 elec_vuln=5.4 var_z=10.0 ar1_z=4.1 f=6/9 *** CSD+ELEC
  2019 (OOS) CSD=4.5 elec_vuln=5.4 var_z=10.0 ar1_z=4.4 f=6/9 *** CSD+ELEC
  2020 (OOS) CSD=4.4 elec_vuln=5.4 var_z=10.0 ar1_z=3.8 f=5/9 *** CSD+ELEC
  2021 (OOS) CSD=4.4 elec_vuln=5.4 var_z=10.0 ar1_z=3.2 f=4/9 *** CSD+ELEC
  2022 (OOS) CSD=4.5 elec_vuln=5.4 var_z=10.0 ar1_z=4.0 f=6/9 *** CSD+ELEC
  2023 (OOS) CSD=4.2 elec_vuln=5.7 var_z=10.0 ar1_z=4.7 f=6/9 *** CSD+ELEC
  2024 (OOS) CSD=4.0 elec_vuln=5.7 var_z=10.0 ar1_z=5.6 f=5/9 *** CSD+ELEC
  2025 (OOS) CSD=4.1 elec_vuln=5.7 var_z=10.0 ar1_z=5.9 f=2/9 *** CSD+ELEC

United States of America:
  2016 (OOS) CSD=3.6 elec_vuln=4.3 var_z=6.1 ar1_z=1.5 f=3/9 *** CSD+ELEC
  2017 (OOS) CSD=5.4 elec_vuln=4.2 var_z=10.0 ar1_z=5.3 f=5/9 *** CSD+ELEC
  2018 (OOS) CSD=5.4 elec_vuln=4.1 var_z=10.0 ar1_z=4.9 f=5/9 *** CSD+ELEC
  2019 (OOS) CSD=5.1 elec_vuln=4.1 var_z=10.0 ar1_z=6.1 f=5/9 *** CSD+ELEC
  2020 (OOS) CSD=3.8 elec_vuln=4.1 var_z=10.0 ar1_z=4.7 f=4/9 *** CSD+ELEC
  2021 (OOS) CSD=3.5 elec_vuln=4.1 var_z=10.0 ar1_z=3.7 f=4/9 *** CSD+ELEC
  2022 (OOS) CSD=3.9 elec_vuln=4.1 var_z=10.0 ar1_z=5.6 f=3/9 *** CSD+ELEC
  2023 (OOS) CSD=4.2 elec_vuln=4.1 var_z=10.0 ar1_z=7.0 f=1/9 *** CSD+ELEC
  2024 (OOS) CSD=4.4 elec_vuln=4.8 var_z=10.0 ar1_z=6.8 f=4/9 *** CSD+ELEC
  2025 (OOS) CSD=4.3 elec_vuln=4.8 var_z=10.0 ar1_z=4.7 f=4/9 *** CSD+ELEC

Denmark:
  2016 (OOS) CSD=3.6 elec_vuln=4.7 var_z=10.0 ar1_z=3.8 f=0/9 *** ELEC
  2017 (OOS) CSD=3.8 elec_vuln=0.0 var_z=10.0 ar1_z=4.5 f=0/9
  2018 (OOS) CSD=4.3 elec_vuln=4.3 var_z=10.0 ar1_z=5.3 f=0/9 *** ELEC
  2019 (OOS) CSD=4.4 elec_vuln=4.1 var_z=9.2 ar1_z=5.6 f=0/9 *** ELEC
  2020 (OOS) CSD=4.5 elec_vuln=4.1 var_z=10.0 ar1_z=5.5 f=1/9 *** CSD+ELEC
  2021 (OOS) CSD=4.1 elec_vuln=4.1 var_z=10.0 ar1_z=5.2 f=1/9 *** CSD+ELEC
  2022 (OOS) CSD=4.7 elec_vuln=4.1 var_z=10.0 ar1_z=5.4 f=0/9 *** ELEC
  2023 (OOS) CSD=4.9 elec_vuln=4.1 var_z=10.0 ar1_z=6.6 f=2/9 *** CSD+ELEC
  2024 (OOS) CSD=4.9 elec_vuln=0.0 var_z=10.0 ar1_z=7.3 f=2/9 *** CSD
  2025 (OOS) CSD=4.5 elec_vuln=0.0 var_z=10.0 ar1_z=1.5 f=3/9 *** CSD


============================================================
Prospective Risk Ranking: 2026-2031 Autocratization Risk
(Genuine prospective forecast — verifiable against future data)
============================================================

  Rank  Country                            Risk Tier       Key Signals
  --------------------------------------------------------------------------------
  1     Niger                            0.4820 alert      CSD
  2     Gabon                            0.3918 warning    CSD+mvCSD+ELEC
  3     Guatemala                        0.3828 warning    CSD+mvCSD
  4     Malaysia                         0.3822 warning    CSD
  5     North Macedonia                  0.3767 warning    meta
  6     Moldova                          0.3232 warning    CSD+mvCSD
  7     India                            0.3043 warning    CSD+ELEC
  8     Greece                           0.2942 warning    CSD
  9     Belgium                          0.2803 warning    CSD+mvCSD
  10    Mauritius                        0.2791 warning    CSD+mvCSD
  11    Sri Lanka                        0.2698 warning    CSD+ELEC
  12    Namibia                          0.2639 warning    meta
  13    Guinea                           0.2156 watch      CSD+ELEC
  14    Italy                            0.1856 watch      CSD
  15    Maldives                         0.1758 watch      CSD+ELEC
  16    Mexico                           0.1680 watch      CSD+mvCSD+ELEC
  17    Taiwan                           0.1554 watch      CSD+mvCSD
  18    Fiji                             0.1553 watch      CSD
  19    Nigeria                          0.1464 watch      CSD+mvCSD
  20    Jordan                           0.1463 watch      CSD+ELEC
  21    Spain                            0.1425 watch      CSD+mvCSD
  22    Jamaica                          0.1410 watch      CSD+mvCSD+ELEC
  23    Germany                          0.1373 watch      CSD+mvCSD+ELEC
  24    Tunisia                          0.1234 watch      CSD+ELEC
  25    Ecuador                          0.1216 watch      CSD+ELEC
  -> AUC=0.768, AP=0.233, n_pos=28, episodes=9

======================================================================
Fold: train <= 2014, test (2015-2017)
======================================================================
/home/shadeform/AIM4D/stage1_factors/extract.py:39: SettingWithCopyWarning: 
A value is trying to be set on a copy of a slice from a DataFrame.
Try using .loc[row_indexer,col_indexer] = value instead

See the caveats in the documentation: https://pandas.pydata.org/pandas-docs/stable/user_guide/indexing.html#returning-a-view-versus-a-copy
  panel[c] = pd.to_numeric(panel[c], errors="coerce")
V-Dem loaded: 28092 rows, 4618 columns
Countries: 202, Years: 1789-2025
Selected 332 indicators (from 507 candidates)
Panel: 139 countries, 1970-2025, 7422 country-years, 332 indicators
Matrix: 7422 obs x 332 indicators
Fitting POET on 5901/7422 country-years (year <= 2014)
Bai-Ng: IC1=20, IC2=20, IC3=20 (all maxed)
Scree elbow: K=4

Using K=4 factors (scree elbow — IC criteria maxed at 20)
Variance explained: [43.6  5.7  3.7  2.4]%
Cumulative: [43.6 49.3 53.  55.4]%

Factor interpretations:
  factor_1 -> institutional_entrenchment
    Top: ['v2x_diagacc', 'v2x_freexp_altinf', 'v2x_clpol', 'v2x_accountability', 'v2x_electoral_integrity']
  factor_2 -> executive_overreach
    Top: ['v2peedueq', 'v2xeg_eqdr', 'v2pehealth', 'v2elvotbuy', 'v2peapsecon']
  factor_3 -> civil_society_and_suffrage
    Top: ['v2fsuffrage', 'v2asuffrage', 'v2msuffrage', 'v2x_elecreg', 'v2xlg_elecreg']
  factor_4 -> direct_democratic_practice
    Top: ['v2xdd_dd', 'v2xdd_cic', 'v2ex_hogw', 'v2ex_hosw', 'v2xdd_i_ci']

Saved to stage1_factors/

=== Factor loadings (top 5 per factor) ===

factor_1:
  v2x_diagacc: 0.998
  v2x_freexp_altinf: 0.991
  v2x_clpol: 0.986
  v2x_accountability: 0.984
  v2x_electoral_integrity: 0.983

factor_2:
  v2peedueq: 0.782
  v2xeg_eqdr: 0.780
  v2pehealth: 0.759
  v2elvotbuy: 0.758
  v2peapsecon: 0.758

factor_3:
  v2fsuffrage: 0.783
  v2asuffrage: 0.781
  v2msuffrage: 0.776
  v2x_elecreg: 0.741
  v2xlg_elecreg: 0.738

factor_4:
  v2xdd_dd: 0.666
  v2xdd_cic: 0.573
  v2ex_hogw: -0.533
  v2ex_hosw: 0.533
  v2xdd_i_ci: 0.514

=== Sample country trajectories (Factor 1) ===

Hungary:
  2021: -0.114
  2022: -0.121
  2023: -0.147
  2024: -0.171
  2025: -0.215

Poland:
  2021: 0.351
  2022: 0.315
  2023: 0.433
  2024: 0.683
  2025: 0.753

Denmark:
  2021: 1.195
  2022: 1.187
  2023: 1.177
  2024: 1.172
  2025: 1.155

United States of America:
  2021: 1.357
  2022: 1.348
  2023: 1.340
  2024: 1.295
  2025: 0.904
Loaded 7422 country-years, 139 countries
  [1/139] Mexico: done
  [25/139] Afghanistan: done
  [50/139] Zimbabwe: done
  [75/139] Morocco: done
  [100/139] Laos: done
  [125/139] Israel: done

Estimated betas for 138 countries
Output: 7394 country-years x 4 factor betas

Beta summary by factor:
  factor_1: mean=0.807, std=1.962, range=[-6.944, 16.320]
  factor_2: mean=0.647, std=1.690, range=[-2.502, 9.559]
  factor_3: mean=0.421, std=1.143, range=[-2.018, 8.927]
  factor_4: mean=0.308, std=1.681, range=[-6.183, 8.995]

=== Hungary betas over time ===
  2016: F1=5.476 F2=-0.980 F3=2.598 F4=0.204
  2017: F1=5.474 F2=-1.003 F3=2.556 F4=0.938
  2018: F1=5.475 F2=-1.001 F3=2.575 F4=0.930
  2019: F1=5.475 F2=-1.021 F3=2.582 F4=0.690
  2020: F1=5.475 F2=-1.016 F3=2.584 F4=0.689
  2021: F1=5.474 F2=-0.987 F3=2.481 F4=0.707
  2022: F1=5.469 F2=-1.000 F3=2.542 F4=0.682
  2023: F1=5.468 F2=-1.015 F3=2.519 F4=0.953
  2024: F1=5.466 F2=-1.059 F3=2.504 F4=0.759
  2025: F1=5.467 F2=-1.144 F3=2.544 F4=0.624

=== Turkey betas over time ===
  2016: F1=1.185 F2=0.042 F3=-0.497 F4=-0.953
  2017: F1=1.526 F2=0.335 F3=-0.646 F4=-0.612
  2018: F1=1.529 F2=0.442 F3=-0.578 F4=-1.799
  2019: F1=1.508 F2=0.235 F3=-0.566 F4=-0.997
  2020: F1=1.511 F2=0.493 F3=-0.643 F4=-0.816
  2021: F1=1.440 F2=0.461 F3=-0.524 F4=-0.818
  2022: F1=1.345 F2=0.432 F3=-0.512 F4=-0.817
  2023: F1=1.321 F2=0.292 F3=-0.486 F4=-0.803
  2024: F1=1.257 F2=0.207 F3=-0.485 F4=-0.790
  2025: F1=1.254 F2=0.691 F3=-0.651 F4=-0.848

=== Poland betas over time ===
  2016: F1=1.548 F2=0.077 F3=1.713 F4=-0.832
  2017: F1=1.804 F2=0.211 F3=1.591 F4=-1.505
  2018: F1=1.805 F2=0.250 F3=1.605 F4=-1.086
  2019: F1=1.793 F2=0.161 F3=1.606 F4=-1.007
  2020: F1=1.740 F2=0.182 F3=1.617 F4=-0.878
  2021: F1=1.659 F2=-0.159 F3=1.602 F4=-0.896
  2022: F1=1.546 F2=-0.203 F3=1.733 F4=-0.950
  2023: F1=1.522 F2=-0.084 F3=1.755 F4=-0.960
  2024: F1=1.294 F2=-0.196 F3=1.759 F4=-0.822
  2025: F1=1.299 F2=0.243 F3=1.735 F4=-1.138

=== 2025 Factor 1 beta rankings ===
Bottom 5 (decoupling from global democratic trend):
  Georgia: -6.944
  Namibia: -1.580
  Romania: -1.553
  Uzbekistan: -1.168
  Fiji: -1.033
Top 5 (amplifying global democratic trend):
  Venezuela: 4.726
  Hungary: 5.467
  Russia: 5.496
  Yemen: 5.810
  Egypt: 16.320

=== Cross-country beta variation ===
  factor_1: avg within-country std = 0.9216
  factor_2: avg within-country std = 0.7495
  factor_3: avg within-country std = 0.5681
  factor_4: avg within-country std = 0.7806
Model is not converging.  Current: -40690.09284182904 is not greater than -40690.081259735256. Delta is -0.011582093786273617
Model is not converging.  Current: -40565.48741195196 is not greater than -40565.48741165601. Delta is -2.9594957595691085e-07
Model is not converging.  Current: -40691.3367914992 is not greater than -40691.178428900625. Delta is -0.15836259857314872
Model is not converging.  Current: -40691.41505981438 is not greater than -40691.20302504122. Delta is -0.2120347731615766
Model is not converging.  Current: -40565.487413143834 is not greater than -40565.48740242879. Delta is -1.071504084393382e-05
Model is not converging.  Current: -40993.78749695454 is not greater than -40993.78701842758. Delta is -0.0004785269557032734
Model is not converging.  Current: -40691.15716754698 is not greater than -40690.998186323945. Delta is -0.15898122303769924
Model is not converging.  Current: -40690.750260182926 is not greater than -40690.66696047492. Delta is -0.08329970800696174
Model is not converging.  Current: -40692.60015505498 is not greater than -40692.59955597015. Delta is -0.0005990848294459283
Model is not converging.  Current: -40814.31106396956 is not greater than -40814.21393760529. Delta is -0.09712636427138932
Model is not converging.  Current: -40565.48742567738 is not greater than -40565.48741022952. Delta is -1.5447854821104556e-05
=== Stage 3: MS Regime Classification + TVTP ===

Features (8): ['factor_1', 'factor_2', 'factor_3', 'factor_4'] + ['lag_factor_1', 'lag_factor_2', 'lag_factor_3', 'lag_factor_4'] (MS-VAR(1) with lagged factors)
Panel: 138 countries, 7256 obs

Training subset: year <= 2014, 138 countries, 5746 obs

Quantile-based init (Factor 1 bands, no V-Dem supervision):
  Band 0 (liberal_democracy): 1150 obs, F1 range=[0.935, 1.526], F1 mean=1.114
  Band 1 (electoral_democracy): 1149 obs, F1 range=[0.433, 0.935], F1 mean=0.732
  Band 2 (hybrid_regime): 1149 obs, F1 range=[-0.268, 0.433], F1 mean=0.103
  Band 3 (competitive_authoritarian): 1149 obs, F1 range=[-1.045, -0.268], F1 mean=-0.666
  Band 4 (closed_authoritarian): 5746 obs, F1 range=[-2.768, -1.045], F1 mean=-0.055

Phase 1: Baseline HMM (K-means init, no supervision)...
  Restart 20/60: score=-40727.9
  Restart 40/60: score=-40466.2
  Restart 60/60: score=-40319.6

Baseline HMM: LL=-40319.6, min persistence=0.917

State means:
  liberal_democracy: [1.074, 1.167, -0.341, 0.008, 1.071, 1.157, -0.345, -0.008]
  electoral_democracy: [0.622, -0.600, 0.243, -0.228, 0.603, -0.602, 0.226, -0.241]
  hybrid_regime: [-0.462, -0.441, 0.688, 0.332, -0.486, -0.425, 0.668, 0.318]
  competitive_authoritarian: [-0.774, -0.383, -1.383, -0.097, -0.799, -0.378, -1.439, -0.106]
  closed_authoritarian: [-1.857, 1.137, 0.874, -0.278, -1.887, 1.163, 0.868, -0.289]

Baseline transition matrix:
  liberal_democracy              [0.9927 0.0036 0.0034 0.0002 0.0002]
  electoral_democracy            [0.0091 0.9722 0.0084 0.0101 0.0003]
  hybrid_regime                  [0.0137 0.0261 0.9287 0.0178 0.0137]
  competitive_authoritarian      [0.0006 0.0345 0.0301 0.9175 0.0172]
  closed_authoritarian           [0.0003 0.0015 0.0105 0.0102 0.9775]

Baseline state distribution:
  electoral_democracy: 2119 (29.2%)
  hybrid_regime: 1660 (22.9%)
  liberal_democracy: 1511 (20.8%)
  competitive_authoritarian: 1358 (18.7%)
  closed_authoritarian: 608 (8.4%)

=== Validation vs V-Dem (5-state) ===
Cohen's kappa: 0.413
Weighted kappa (linear): 0.673
Accuracy: 0.528

Confusion matrix (rows=V-Dem, cols=ours):
           lib_dem  elec_dem  hybrid  comp_auth  clos_auth
lib_dem       1444       165       1          1          0
elec_dem        67      1360     101         10          4
hybrid           0       499     320         38          4
comp_auth        0        75    1020        265        161
clos_auth        0        20     218       1044        439

Polyarchy by our state:
  liberal_democracy: 0.857 ± 0.041 (n=1511)
  electoral_democracy: 0.585 ± 0.136 (n=2119)
  hybrid_regime: 0.293 ± 0.111 (n=1660)
  competitive_authoritarian: 0.153 ± 0.093 (n=1358)
  closed_authoritarian: 0.148 ± 0.061 (n=608)

============================================================
Phase 2: TVTP with macro covariates

  GDELT loaded: 5407 rows, covariates: ['total_events', 'protest_count', 'conflict_count', 'repression_count', 'avg_goldstein', 'avg_tone']

LASSO: 10/16 covariates selected:
  gdp_pc: 2.8932
  resource_rents: 2.1846
  military_spending: 1.2135
  urbanization: 0.8665
  avg_goldstein_lag1: 0.4452
  avg_goldstein: 0.4341
  trade_openness: 0.2756
  avg_tone_lag1: 0.1888
  avg_tone: 0.0690
  gdp_growth: 0.0434
  GDELT forced inclusion: adding protest_count_lag1 as 4th covariate

Building TVTP with top 3 covariates: ['gdp_pc', 'resource_rents', 'protest_count_lag1']
  TVTP: 8 adjacent transitions x 3 covariates = 24 params
  TVTP converged=True, LL=-40339.6, iters=3

TVTP state distribution:
  electoral_democracy: 2117 (29.2%)
  hybrid_regime: 1661 (22.9%)
  liberal_democracy: 1511 (20.8%)
  competitive_authoritarian: 1358 (18.7%)
  closed_authoritarian: 609 (8.4%)

=== Validation vs V-Dem (5-state) ===
Cohen's kappa: 0.414
Weighted kappa (linear): 0.673
Accuracy: 0.528

Confusion matrix (rows=V-Dem, cols=ours):
           lib_dem  elec_dem  hybrid  comp_auth  clos_auth
lib_dem       1444       165       1          1          0
elec_dem        67      1360     101         10          4
hybrid           0       498     321         38          4
comp_auth        0        74    1020        265        162
clos_auth        0        20     218       1044        439

Polyarchy by our state:
  liberal_democracy: 0.857 ± 0.041 (n=1511)
  electoral_democracy: 0.585 ± 0.135 (n=2117)
  hybrid_regime: 0.293 ± 0.111 (n=1661)
  competitive_authoritarian: 0.153 ± 0.093 (n=1358)
  closed_authoritarian: 0.148 ± 0.061 (n=609)

TVTP adjacent transition effects:
  liberal_ -> electora: gdp_pc=-0.561, resource_rents=+0.139, protest_count_lag1=-0.007
  electora -> liberal_: gdp_pc=+0.798, resource_rents=-0.372, protest_count_lag1=-0.070
  electora -> hybrid_r: gdp_pc=+0.235, resource_rents=+0.012, protest_count_lag1=+0.200
  hybrid_r -> electora: gdp_pc=+0.380, resource_rents=-0.640, protest_count_lag1=+0.396
  hybrid_r -> competit: gdp_pc=+0.621, resource_rents=-0.177, protest_count_lag1=+0.135
  competit -> hybrid_r: gdp_pc=-0.396, resource_rents=+0.017, protest_count_lag1=-0.055
  competit -> closed_a: gdp_pc=+0.321, resource_rents=-0.267, protest_count_lag1=+0.179
  closed_a -> competit: gdp_pc=-0.202, resource_rents=+0.297, protest_count_lag1=-0.015

Saved to stage3_msvar/country_year_states.csv

=== Sample trajectories ===

Hungary: 2016:hybr, 2017:hybr, 2018:hybr, 2019:hybr, 2020:hybr, 2021:hybr, 2022:hybr, 2023:hybr, 2024:hybr, 2025:hybr

Türkiye: 2016:hybr, 2017:hybr, 2018:hybr, 2019:hybr, 2020:hybr, 2021:hybr, 2022:hybr, 2023:hybr, 2024:hybr, 2025:hybr

Poland: 2016:libe, 2017:elec, 2018:elec, 2019:elec, 2020:elec, 2021:elec, 2022:elec, 2023:elec, 2024:elec, 2025:elec

Denmark: 2016:libe, 2017:libe, 2018:libe, 2019:libe, 2020:libe, 2021:libe, 2022:libe, 2023:libe, 2024:libe, 2025:libe

United States of America: 2016:libe, 2017:libe, 2018:libe, 2019:libe, 2020:libe, 2021:libe, 2022:libe, 2023:libe, 2024:libe, 2025:libe

Venezuela: 2016:hybr, 2017:hybr, 2018:hybr, 2019:hybr, 2020:hybr, 2021:hybr, 2022:hybr, 2023:hybr, 2024:hybr, 2025:hybr

Tunisia: 2016:elec, 2017:elec, 2018:elec, 2019:elec, 2020:elec, 2021:elec, 2022:elec, 2023:elec, 2024:hybr, 2025:hybr

Georgia: 2016:elec, 2017:elec, 2018:elec, 2019:elec, 2020:elec, 2021:elec, 2022:elec, 2023:elec, 2024:elec, 2025:elec

=== Transitions 2020-2025 ===
  Afghanistan: electoral_democracy -> competitive_authoritarian (2021)
  Burkina Faso: electoral_democracy -> competitive_authoritarian (2022)
  Central African Republic: electoral_democracy -> hybrid_regime (2023)
  Chad: hybrid_regime -> competitive_authoritarian (2021)
  Chad: competitive_authoritarian -> hybrid_regime (2025)
  Democratic Republic of the Congo: electoral_democracy -> hybrid_regime (2024)
  Fiji: hybrid_regime -> electoral_democracy (2022)
  Gabon: hybrid_regime -> electoral_democracy (2024)
  Greece: liberal_democracy -> electoral_democracy (2022)
  Guinea: hybrid_regime -> competitive_authoritarian (2021)
  Haiti: electoral_democracy -> competitive_authoritarian (2022)
  Ivory Coast: electoral_democracy -> hybrid_regime (2022)
  Maldives: hybrid_regime -> electoral_democracy (2021)
  Mali: electoral_democracy -> competitive_authoritarian (2021)
  Mozambique: electoral_democracy -> hybrid_regime (2023)
  Niger: electoral_democracy -> competitive_authoritarian (2025)
  Syria: closed_authoritarian -> competitive_authoritarian (2021)
  Tunisia: electoral_democracy -> hybrid_regime (2024)
/home/shadeform/AIM4D/stage4_nscm/estimate.py:416: FutureWarning: DataFrameGroupBy.apply operated on the grouping columns. This behavior is deprecated, and in a future version of pandas the grouping columns will be excluded from the operation. Either pass `include_groups=False` to exclude the groupings or explicitly select the grouping columns after groupby to silence this warning.
  complete = df.groupby("country_text_id").apply(
=== Stage 4: Network SCM (Spatio-Temporal Graph) — seed=42 ===

Countries: 138, Years: 1990-2025

Building spatial edges...
  Contiguity pairs: 482, Alliance pairs (2020): 4950

Building spatio-temporal graph...
  Spatio-temporal graph: 4968 nodes, 186260 edges (176600 spatial, 9660 temporal)
  Augmented features: 22 (raw 10 + spatial lags 12)
  Train nodes: 3450, Test nodes: 1518

Training INE-TARNet on spatio-temporal graph...
  Epoch 50/250: train=-0.51998, test=0.030671
  Epoch 100/250: train=-0.66774, test=0.018299
  Epoch 150/250: train=-0.69002, test=0.016008
  Epoch 200/250: train=-0.70076, test=0.014988
  Epoch 250/250: train=-0.70208, test=0.014868
  Best test MSE: 0.014868

  Learned convex W weights (Neumayer & Plumper 2016):
    α_contiguity: 0.378
    α_alliance: 0.333
    α_trade: 0.289

Counterfactual decomposition...
Saved NSCM residuals (4968 rows)
Computing per-factor contagion scores...

=== Network ablation test ===
  MSE (full model):       0.014868
  MSE (temporal only):    0.026891
  MSE (no network):       0.031785
  Improvement from spatial edges: 44.7%
  Improvement from total network: 53.2%
  PASS: Network features improve prediction by 53.2%

=== Most network-influenced (2025) ===
  Jordan: 0.673
  Bhutan: 0.652
  Malaysia: 0.630
  Guyana: 0.607
  Afghanistan: 0.591
  Morocco: 0.581
  Maldives: 0.571
  Sudan: 0.560
  India: 0.559
  Romania: 0.551

=== Most domestically driven (2025) ===
  Belgium: 0.174
  Vietnam: 0.170
  Sweden: 0.167
  Haiti: 0.164
  Germany: 0.154
  Belarus: 0.153
  Turkmenistan: 0.147
  Laos: 0.128
  Bahrain: 0.117
  North Korea: 0.066

=== Case studies (smoothed) ===
  Hungary: 2021:0.379, 2022:0.359, 2023:0.368, 2024:0.382, 2025:0.401
  Türkiye: 2021:0.248, 2022:0.240, 2023:0.248, 2024:0.273, 2025:0.293
  Poland: 2021:0.524, 2022:0.514, 2023:0.459, 2024:0.388, 2025:0.341
  United States of America: 2021:0.192, 2022:0.169, 2023:0.170, 2024:0.217, 2025:0.249
  Denmark: 2021:0.152, 2022:0.144, 2023:0.147, 2024:0.162, 2025:0.174
/home/shadeform/AIM4D/stage5_ews/estimate.py:528: FutureWarning: The default fill_method='ffill' in SeriesGroupBy.pct_change is deprecated and will be removed in a future version. Either fill in any non-leading NA values prior to calling pct_change or specify 'fill_method=None' to not fill NA values.
  macro["mil_growth"] = macro.groupby("iso3")["military_spending"].pct_change()
=== Stage 5: Early Warning Signals ===

Loaded dual residuals: 4 factor-based + 5 NSCM
Countries: 138
Indicators: rolling variance, AR(1), kurtosis
Country-relative z-scores (baseline ≤2005), z-cap=10.0

============================================================
Election vulnerability module
============================================================

  Election thresholds: high=5.66 (p80), moderate=5.09 (p50 of nonzero)
  Election alerts: 2477
  Poland: election alerts in [1996, 1997, 1998, 1999, 2005]
  Hungary: election alerts in [1998, 1999, 2011, 2013, 2014]
  Venezuela: election alerts in [1998, 1999, 2000, 2001, 2004]
  Türkiye: election alerts in [2012, 2013, 2014, 2015, 2016]

============================================================
Democratic vulnerability module (high-polyarchy sensitivity)
============================================================

  Democratic vulnerability alerts: 190
  Hungary: alerts in [2004, 2010]
  United States of America: alerts in [2001, 2016, 2017, 2018, 2024]
  Denmark: alerts in [2020]

============================================================
Military threat module
============================================================

  Military threat alerts: 312
  Thailand: alerts in [2020]
  Egypt: no military threat alert
  Burma/Myanmar: no military threat alert
  Mali: alerts in [2016, 2017, 2024]

  GDELT event features loaded: ['protest_count_zscore', 'conflict_count_zscore', 'repression_count_zscore', 'protest_count_zscore_lag1', 'conflict_count_zscore_lag1', 'repression_count_zscore_lag1']

============================================================
Meta-learner calibration
============================================================

  DSP variables loaded: ['v2smgovdom', 'v2smfordom', 'v2smgovfilprc', 'v2smgovsmmon', 'v2smpardom']
  Restricted to year >= 2000 (DSP coverage window): 5066 -> 3765 country-years
  Elastic net selected 22/73 features:
    csd_x_network: +0.5572
    network_exposure: +0.5163
    v2smgovdom_detrended: +0.4270
    csd_index_pctile: -0.4231
    v2smfordom_detrended: +0.3997
    network_exposure_detrended: +0.3530
    csd_index_lag1: +0.3483
    party_threat: -0.3378
    csd_index_delta2: +0.3173
    mil_zscore_delta1: +0.3145
    party_threat_detrended: -0.2794
    csd_x_military: -0.2366
    v2smpardom: -0.2249
    v2smgovfilprc: -0.2109
    mv_csd_index_lag2: +0.1819
    v2smfordom: +0.1800
    repression_count_zscore_detrended: +0.1769
    csd_index_detrended: -0.1710
    v2smgovfilprc_detrended: -0.1488
    protest_count_zscore_lag1: +0.1374
    election_vulnerability_delta1: +0.1048
    protest_count_zscore: +0.0720

  Stacked ensemble (cross-validated weights):
    LR weight: 0.200, GB weight: 0.800
    LR component range: [0.0628, 0.0751]
    GB component range: [0.0041, 0.8727]
  GB feature importance (top 10):
    csd_x_network: 0.1986
    v2smgovfilprc: 0.0830
    network_exposure: 0.0757
    mv_csd_index_lag2: 0.0615
    csd_x_military: 0.0598
    csd_index_lag1: 0.0587
    v2smgovdom_detrended: 0.0583
    v2smgovfilprc_detrended: 0.0575
    v2smfordom: 0.0550
    party_threat_detrended: 0.0387

  Tiered alerts (calibrated risk):
    alert: 64 (1.8%)
    warning: 178 (5.0%)
    watch: 644 (18.0%)
    none: 2694 (75.3%)

============================================================
Validation: episode detection + precision@K
============================================================

  Hungary (backsliding 2010): DETECTED [warning] via CSD+mvCSD (5yr lead, risk=0.440)
  Türkiye (backsliding 2013): DETECTED [alert] via CSD+mvCSD+ELEC (5yr lead, risk=0.697)
  Poland (backsliding 2015): DETECTED [warning] via ELEC (5yr lead, risk=0.432)
  Venezuela (backsliding 2002): MISSED (risk=0.042)
  Tunisia (backsliding 2021): DETECTED [watch] via CSD+mvCSD+ELEC (4yr lead, risk=0.100)
  Burma/Myanmar (coup 2021): DETECTED [warning] via CSD+mvCSD (5yr lead, risk=0.441)
  Mali (coup 2020): MISSED (risk=0.023)
  Burkina Faso (coup 2022): MISSED (risk=0.027)
  Nicaragua (backsliding 2007): DETECTED [alert] via CSD+ELEC (5yr lead, risk=0.605)
  Philippines (backsliding 2016): DETECTED [alert] via CSD+ELEC (5yr lead, risk=0.678)
  India (backsliding 2014): DETECTED [alert] via ELEC (5yr lead, risk=0.597)
  Brazil (backsliding 2019): DETECTED [watch] via CSD+mvCSD+ELEC (5yr lead, risk=0.219)
  El Salvador (2019): NO DATA
  Russia (2000): NO DATA
  Serbia (backsliding 2012): DETECTED [warning] via ELEC (5yr lead, risk=0.367)
  Bangladesh (backsliding 2007): DETECTED [alert] via CSD (5yr lead, risk=0.589)
  Thailand (coup 2014): DETECTED [alert] via CSD+mvCSD (5yr lead, risk=0.712)
  Egypt (coup 2013): DETECTED [alert] via CSD+mvCSD+ELEC (5yr lead, risk=0.598)
  Fiji (coup 2006): DETECTED [warning] via ELEC (5yr lead, risk=0.456)
  Honduras (2009): NO DATA
  Niger (coup 2009): DETECTED [warning] via ELEC (5yr lead, risk=0.487)
  Guinea (coup 2009): DETECTED [warning] via CSD+mvCSD (5yr lead, risk=0.340)
  Guinea-Bissau (coup 2012): DETECTED [alert] via CSD+mvCSD+ELEC (5yr lead, risk=0.548)
  Libya (2014): NO DATA
  Afghanistan (coup 2021): MISSED (risk=0.019)
  Sudan (coup 2021): DETECTED [watch] via CSD+ELEC (2yr lead, risk=0.121)
  Chad (coup 2021): MISSED (risk=0.033)
  Ukraine (backsliding 2010): DETECTED [warning] via CSD+mvCSD (5yr lead, risk=0.460)
  Maldives (backsliding 2013): DETECTED [alert] via CSD+mvCSD+ELEC (5yr lead, risk=0.647)
  Zambia (backsliding 2013): DETECTED [warning] via mvCSD+ELEC (5yr lead, risk=0.361)
  Montenegro (2007): NO DATA
  North Macedonia (backsliding 2011): DETECTED [alert] via CSD+mvCSD+ELEC (5yr lead, risk=0.681)
  Kenya (backsliding 2007): DETECTED [warning] via meta-only (5yr lead, risk=0.318)
  Bolivia (backsliding 2019): DETECTED [alert] via CSD+ELEC (5yr lead, risk=0.490)
  Benin (backsliding 2019): DETECTED [watch] via ELEC (5yr lead, risk=0.068)
  Ivory Coast (backsliding 2020): DETECTED [watch] via ELEC (2yr lead, risk=0.117)
  Nigeria (backsliding 2021): MISSED (risk=0.063)
  Guyana (backsliding 2021): DETECTED [watch] via CSD+mvCSD (5yr lead, risk=0.155)
  Mauritius (backsliding 2017): DETECTED [alert] via CSD+mvCSD (5yr lead, risk=0.614)
  Belarus (1996): NO DATA
  Georgia (backsliding 2024): DETECTED [watch] via CSD+ELEC (5yr lead, risk=0.082)

  Detection by tier (cumulative):
    Watch (top 20%):  29/35
    Warning (top 5%): 22/35
    Alert (top 2%):   12/35

  Precision@K (country-level ranked risk list):
    @  5: precision=100.0%, recall=13.9%, lift=3.8x
    @ 10: precision=90.0%, recall=25.0%, lift=3.5x
    @ 20: precision=80.0%, recall=44.4%, lift=3.1x
    @ 50: precision=54.0%, recall=75.0%, lift=2.1x

  Warning-tier performance:
    Alerts: 242 / 3580 (6.8%)
    Precision: 43.0%
    Sensitivity: 22/35 (63%)
    F1: 0.510
    Stable democracy FPs: 0

============================================================
Leave-one-episode-out cross-validation
============================================================

  Hungary: MISSED (LOEO, risk=0.045, watch_thresh=0.065)
  Türkiye: DETECTED [warning] (LOEO, risk=0.284)
  Poland: MISSED (LOEO, risk=0.023, watch_thresh=0.067)
  Venezuela: MISSED (LOEO, risk=0.049, watch_thresh=0.066)
  Tunisia: MISSED (LOEO, risk=0.048, watch_thresh=0.066)
  Burma/Myanmar: DETECTED [watch] (LOEO, risk=0.135)
  Mali: MISSED (LOEO, risk=0.053, watch_thresh=0.066)
  Burkina Faso: MISSED (LOEO, risk=0.063, watch_thresh=0.068)
  Nicaragua: DETECTED [warning] (LOEO, risk=0.207)
  Philippines: DETECTED [watch] (LOEO, risk=0.152)
  India: DETECTED [warning] (LOEO, risk=0.199)
  Brazil: DETECTED [watch] (LOEO, risk=0.083)
  Serbia: DETECTED [watch] (LOEO, risk=0.086)
  Bangladesh: DETECTED [watch] (LOEO, risk=0.182)
  Thailand: DETECTED [warning] (LOEO, risk=0.303)
  Egypt: DETECTED [warning] (LOEO, risk=0.216)
  Fiji: DETECTED [watch] (LOEO, risk=0.079)
  Niger: DETECTED [watch] (LOEO, risk=0.081)
  Guinea: DETECTED [watch] (LOEO, risk=0.070)
  Guinea-Bissau: DETECTED [watch] (LOEO, risk=0.075)
  Afghanistan: MISSED (LOEO, risk=0.046, watch_thresh=0.067)
  Sudan: DETECTED [warning] (LOEO, risk=0.205)
  Chad: DETECTED [watch] (LOEO, risk=0.095)
  Ukraine: DETECTED [watch] (LOEO, risk=0.099)
  Maldives: DETECTED [warning] (LOEO, risk=0.229)
  Zambia: DETECTED [watch] (LOEO, risk=0.124)
  North Macedonia: DETECTED [watch] (LOEO, risk=0.079)
  Kenya: DETECTED [watch] (LOEO, risk=0.139)
  Bolivia: DETECTED [warning] (LOEO, risk=0.291)
  Benin: MISSED (LOEO, risk=0.040, watch_thresh=0.065)
  Ivory Coast: DETECTED [watch] (LOEO, risk=0.084)
  Nigeria: DETECTED [watch] (LOEO, risk=0.153)
  Guyana: DETECTED [warning] (LOEO, risk=0.237)
  Mauritius: DETECTED [warning] (LOEO, risk=0.192)
  Georgia: MISSED (LOEO, risk=0.044, watch_thresh=0.066)

  LOEO Sensitivity by tier (unbiased):
    Watch (P80):   26/35 (74%)
    Warning (P95): 10/35 (29%)
    Alert (P98):   0/35 (0%)
  (Each episode predicted without seeing itself)

  LOEO stratified by episode type:
    backsliding: 17/23 (74%)
    coup: 9/12 (75%)

  LOEO stratified by onset era:
    pre-2005: 0/1 (0%)
    2005-2014: 16/17 (94%)
    2015-2021: 10/15 (67%)
    post-2021: 0/2 (0%)

============================================================
Continuous risk score evaluation (AUC)
============================================================

  Base rate (positive class): 0.061
  AUC-ROC: 0.835
  AUC-PR:  0.479
  Lift over random: 7.9x
  AUC-ROC (OOS): 0.605
  AUC-PR (OOS):  0.113

  Risk score calibration:
    Top 1%: precision=91.4%, recall=15.4% (thresh=0.55)
    Top 5%: precision=53.2%, recall=43.8% (thresh=0.27)
    Top 10%: precision=37.1%, recall=61.1% (thresh=0.14)
    Top 20%: precision=21.5%, recall=70.7% (thresh=0.07)

============================================================
Expanding-window temporal CV
============================================================

  2006-2008: AUC=0.990, episodes=5, detected=3/5
  2009-2011: AUC=0.996, episodes=6, detected=3/6
  2012-2014: AUC=0.990, episodes=9, detected=6/9
  2015-2017: AUC=0.626, episodes=3, detected=2/3
  2018-2020: AUC=0.580, episodes=6, detected=1/6
  2021-2023: AUC=0.594, episodes=8, detected=0/8

  Mean AUC across windows: 0.796 +/- 0.196
  Mean detection rate: 43%
  (This is the robust generalization estimate across 6 temporal windows)

  Secondary OOS (TRAIN_CUTOFF=2014, 11-year horizon):
    AUC-ROC: 0.605
    AUC-PR:  0.113
    Episodes (onset>2014): 18, detected: 10/18

============================================================
Case studies
============================================================

Hungary:
  2016 (OOS) CSD=4.4 elec_vuln=0.0 var_z=10.0 ar1_z=2.1 f=6/9 *** CSD
  2017 (OOS) CSD=4.4 elec_vuln=5.1 var_z=10.0 ar1_z=2.2 f=3/9 *** CSD+ELEC
  2018 (OOS) CSD=5.6 elec_vuln=5.5 var_z=10.0 ar1_z=5.3 f=3/9 *** CSD+ELEC
  2019 (OOS) CSD=3.3 elec_vuln=5.6 var_z=10.0 ar1_z=2.1 f=3/9 *** CSD+ELEC
  2020 (OOS) CSD=3.3 elec_vuln=0.0 var_z=10.0 ar1_z=2.1 f=3/9 *** CSD
  2021 (OOS) CSD=3.6 elec_vuln=5.6 var_z=10.0 ar1_z=2.2 f=4/9 *** CSD+ELEC
  2022 (OOS) CSD=4.8 elec_vuln=5.6 var_z=10.0 ar1_z=2.1 f=4/9 *** CSD+ELEC
  2023 (OOS) CSD=3.7 elec_vuln=5.8 var_z=10.0 ar1_z=2.2 f=2/9 *** CSD+ELEC
  2024 (OOS) CSD=3.3 elec_vuln=0.0 var_z=10.0 ar1_z=2.1 f=1/9
  2025 (OOS) CSD=3.7 elec_vuln=0.0 var_z=10.0 ar1_z=1.8 f=2/9

Türkiye:
  2016 (OOS) CSD=4.7 elec_vuln=5.0 var_z=10.0 ar1_z=1.1 f=3/9 *** CSD+ELEC
  2017 (OOS) CSD=4.7 elec_vuln=5.2 var_z=10.0 ar1_z=1.7 f=2/9 *** CSD+ELEC
  2018 (OOS) CSD=3.8 elec_vuln=5.3 var_z=10.0 ar1_z=2.2 f=2/9 *** CSD+ELEC
  2019 (OOS) CSD=3.4 elec_vuln=5.4 var_z=10.0 ar1_z=1.1 f=2/9 *** CSD+ELEC
  2020 (OOS) CSD=4.5 elec_vuln=0.0 var_z=10.0 ar1_z=2.0 f=2/9 *** CSD
  2021 (OOS) CSD=4.5 elec_vuln=0.0 var_z=10.0 ar1_z=1.3 f=3/9 *** CSD
  2022 (OOS) CSD=3.6 elec_vuln=5.4 var_z=10.0 ar1_z=1.7 f=4/9 *** CSD+ELEC
  2023 (OOS) CSD=4.9 elec_vuln=5.5 var_z=10.0 ar1_z=2.1 f=4/9 *** CSD+ELEC
  2024 (OOS) CSD=4.3 elec_vuln=5.7 var_z=10.0 ar1_z=2.8 f=3/9 *** CSD+ELEC
  2025 (OOS) CSD=5.0 elec_vuln=0.0 var_z=10.0 ar1_z=3.0 f=4/9 *** CSD

Poland:
  2016 (OOS) CSD=5.8 elec_vuln=4.8 var_z=10.0 ar1_z=5.9 f=7/9 *** CSD+ELEC
  2017 (OOS) CSD=4.9 elec_vuln=0.0 var_z=10.0 ar1_z=4.4 f=7/9 *** CSD
  2018 (OOS) CSD=4.3 elec_vuln=5.4 var_z=10.0 ar1_z=4.6 f=5/9 *** CSD+ELEC
  2019 (OOS) CSD=4.4 elec_vuln=5.4 var_z=10.0 ar1_z=4.9 f=6/9 *** CSD+ELEC
  2020 (OOS) CSD=4.3 elec_vuln=5.4 var_z=10.0 ar1_z=4.4 f=6/9 *** CSD+ELEC
  2021 (OOS) CSD=4.3 elec_vuln=5.4 var_z=10.0 ar1_z=3.8 f=6/9 *** CSD+ELEC
  2022 (OOS) CSD=4.5 elec_vuln=5.4 var_z=10.0 ar1_z=4.6 f=5/9 *** CSD+ELEC
  2023 (OOS) CSD=4.5 elec_vuln=5.7 var_z=10.0 ar1_z=5.3 f=6/9 *** CSD+ELEC
  2024 (OOS) CSD=4.8 elec_vuln=5.7 var_z=10.0 ar1_z=5.8 f=3/9 *** CSD+ELEC
  2025 (OOS) CSD=3.9 elec_vuln=5.7 var_z=10.0 ar1_z=6.1 f=0/9 *** ELEC

United States of America:
  2016 (OOS) CSD=4.4 elec_vuln=4.3 var_z=10.0 ar1_z=1.5 f=1/9 *** CSD+ELEC
  2017 (OOS) CSD=5.3 elec_vuln=4.2 var_z=10.0 ar1_z=5.0 f=6/9 *** CSD+ELEC
  2018 (OOS) CSD=5.5 elec_vuln=4.1 var_z=10.0 ar1_z=5.2 f=5/9 *** CSD+ELEC
  2019 (OOS) CSD=5.6 elec_vuln=4.1 var_z=10.0 ar1_z=6.1 f=5/9 *** CSD+ELEC
  2020 (OOS) CSD=3.8 elec_vuln=4.1 var_z=10.0 ar1_z=4.7 f=4/9 *** CSD+ELEC
  2021 (OOS) CSD=3.5 elec_vuln=4.1 var_z=10.0 ar1_z=3.5 f=4/9 *** CSD+ELEC
  2022 (OOS) CSD=4.0 elec_vuln=4.1 var_z=10.0 ar1_z=5.4 f=4/9 *** CSD+ELEC
  2023 (OOS) CSD=4.2 elec_vuln=4.1 var_z=10.0 ar1_z=6.7 f=3/9 *** CSD+ELEC
  2024 (OOS) CSD=4.4 elec_vuln=4.8 var_z=10.0 ar1_z=6.3 f=4/9 *** CSD+ELEC
  2025 (OOS) CSD=4.9 elec_vuln=4.8 var_z=10.0 ar1_z=3.6 f=4/9 *** CSD+ELEC

Denmark:
  2016 (OOS) CSD=2.8 elec_vuln=4.7 var_z=5.8 ar1_z=1.8 f=0/9 *** ELEC
  2017 (OOS) CSD=2.9 elec_vuln=0.0 var_z=5.6 ar1_z=2.3 f=0/9
  2018 (OOS) CSD=3.7 elec_vuln=4.3 var_z=8.3 ar1_z=3.4 f=0/9 *** ELEC
  2019 (OOS) CSD=3.0 elec_vuln=4.1 var_z=4.5 ar1_z=2.6 f=0/9 *** ELEC
  2020 (OOS) CSD=4.6 elec_vuln=4.1 var_z=10.0 ar1_z=2.8 f=1/9 *** CSD+ELEC
  2021 (OOS) CSD=3.6 elec_vuln=4.1 var_z=10.0 ar1_z=2.9 f=2/9 *** CSD+ELEC
  2022 (OOS) CSD=3.4 elec_vuln=4.1 var_z=10.0 ar1_z=1.8 f=1/9 *** ELEC
  2023 (OOS) CSD=4.0 elec_vuln=4.1 var_z=10.0 ar1_z=2.5 f=2/9 *** CSD+ELEC
  2024 (OOS) CSD=4.8 elec_vuln=0.0 var_z=10.0 ar1_z=2.8 f=2/9 *** CSD
  2025 (OOS) CSD=5.2 elec_vuln=0.0 var_z=10.0 ar1_z=2.9 f=2/9 *** CSD


============================================================
Prospective Risk Ranking: 2026-2031 Autocratization Risk
(Genuine prospective forecast — verifiable against future data)
============================================================

  Rank  Country                            Risk Tier       Key Signals
  --------------------------------------------------------------------------------
  1     Maldives                         0.4398 warning    CSD+ELEC
  2     Namibia                          0.4162 warning    meta
  3     Malaysia                         0.4069 warning    CSD
  4     North Macedonia                  0.3854 warning    meta
  5     India                            0.3813 warning    ELEC
  6     Guyana                           0.3598 warning    CSD+ELEC
  7     Sierra Leone                     0.3536 warning    CSD+mvCSD
  8     Jordan                           0.3118 warning    ELEC
  9     Greece                           0.3050 warning    CSD
  10    Morocco                          0.2728 warning    meta
  11    Zambia                           0.1990 watch      CSD+mvCSD
  12    Thailand                         0.1934 watch      meta
  13    Moldova                          0.1854 watch      CSD
  14    Ecuador                          0.1804 watch      CSD+ELEC
  15    Georgia                          0.1775 watch      ELEC
  16    Mexico                           0.1553 watch      CSD+mvCSD+ELEC
  17    Tanzania                         0.1550 watch      mvCSD+ELEC
  18    Fiji                             0.1496 watch      CSD
  19    Sri Lanka                        0.1459 watch      CSD+ELEC
  20    Hungary                          0.1411 watch      meta
  21    Papua New Guinea                 0.1306 watch      CSD+mvCSD
  22    Bolivia                          0.1296 watch      CSD+mvCSD+ELEC
  23    Guatemala                        0.1160 watch      CSD+mvCSD
  24    Albania                          0.1059 watch      mvCSD+ELEC
  25    Mongolia                         0.1010 watch      CSD
  -> AUC=0.626, AP=0.256, n_pos=36, episodes=3

======================================================================
Fold: train <= 2017, test (2018-2020)
======================================================================
/home/shadeform/AIM4D/stage1_factors/extract.py:39: SettingWithCopyWarning: 
A value is trying to be set on a copy of a slice from a DataFrame.
Try using .loc[row_indexer,col_indexer] = value instead

See the caveats in the documentation: https://pandas.pydata.org/pandas-docs/stable/user_guide/indexing.html#returning-a-view-versus-a-copy
  panel[c] = pd.to_numeric(panel[c], errors="coerce")
V-Dem loaded: 28092 rows, 4618 columns
Countries: 202, Years: 1789-2025
Selected 332 indicators (from 507 candidates)
Panel: 139 countries, 1970-2025, 7422 country-years, 332 indicators
Matrix: 7422 obs x 332 indicators
Fitting POET on 6318/7422 country-years (year <= 2017)
Bai-Ng: IC1=20, IC2=20, IC3=20 (all maxed)
Scree elbow: K=4

Using K=4 factors (scree elbow — IC criteria maxed at 20)
Variance explained: [43.5  5.7  3.7  2.4]%
Cumulative: [43.5 49.3 52.9 55.3]%

Factor interpretations:
  factor_1 -> institutional_entrenchment
    Top: ['v2x_diagacc', 'v2x_freexp_altinf', 'v2x_clpol', 'v2x_accountability', 'v2x_electoral_integrity']
  factor_2 -> executive_overreach
    Top: ['v2xeg_eqdr', 'v2peedueq', 'v2elvotbuy', 'v2pehealth', 'v2peapsecon']
  factor_3 -> civil_society_and_suffrage
    Top: ['v2fsuffrage', 'v2asuffrage', 'v2msuffrage', 'v2x_elecreg', 'v2xlg_elecreg']
  factor_4 -> direct_democratic_practice
    Top: ['v2xdd_dd', 'v2xdd_cic', 'v2xdd_i_ci', 'v2ddthreci', 'v2ddthrerf']

Saved to stage1_factors/

=== Factor loadings (top 5 per factor) ===

factor_1:
  v2x_diagacc: 0.991
  v2x_freexp_altinf: 0.984
  v2x_clpol: 0.979
  v2x_accountability: 0.978
  v2x_electoral_integrity: 0.976

factor_2:
  v2xeg_eqdr: 0.779
  v2peedueq: 0.778
  v2elvotbuy: 0.761
  v2pehealth: 0.761
  v2peapsecon: 0.760

factor_3:
  v2fsuffrage: 0.743
  v2asuffrage: 0.740
  v2msuffrage: 0.736
  v2x_elecreg: 0.694
  v2xlg_elecreg: 0.691

factor_4:
  v2xdd_dd: 0.695
  v2xdd_cic: 0.632
  v2xdd_i_ci: 0.563
  v2ddthreci: 0.553
  v2ddthrerf: 0.547

=== Sample country trajectories (Factor 1) ===

Hungary:
  2021: -0.125
  2022: -0.133
  2023: -0.157
  2024: -0.180
  2025: -0.223

Poland:
  2021: 0.354
  2022: 0.319
  2023: 0.435
  2024: 0.689
  2025: 0.760

Denmark:
  2021: 1.198
  2022: 1.189
  2023: 1.180
  2024: 1.174
  2025: 1.157

United States of America:
  2021: 1.366
  2022: 1.356
  2023: 1.348
  2024: 1.302
  2025: 0.906
Loaded 7422 country-years, 139 countries
  [1/139] Mexico: done
  [25/139] Afghanistan: done
  [50/139] Zimbabwe: done
  [75/139] Morocco: done
  [100/139] Laos: done
  [125/139] Israel: done

Estimated betas for 138 countries
Output: 7394 country-years x 4 factor betas

Beta summary by factor:
  factor_1: mean=0.842, std=1.860, range=[-3.044, 11.218]
  factor_2: mean=0.564, std=1.396, range=[-3.790, 9.302]
  factor_3: mean=0.498, std=1.576, range=[-2.091, 14.052]
  factor_4: mean=0.496, std=2.265, range=[-4.495, 17.357]

=== Hungary betas over time ===
  2016: F1=3.059 F2=1.564 F3=1.442 F4=0.380
  2017: F1=3.150 F2=1.913 F3=1.399 F4=1.034
  2018: F1=3.151 F2=1.916 F3=1.418 F4=1.023
  2019: F1=3.152 F2=1.901 F3=1.425 F4=0.796
  2020: F1=3.152 F2=1.905 F3=1.425 F4=0.796
  2021: F1=3.151 F2=1.930 F3=1.295 F4=0.802
  2022: F1=3.142 F2=1.921 F3=1.368 F4=0.770
  2023: F1=3.140 F2=1.908 F3=1.337 F4=1.031
  2024: F1=3.137 F2=1.873 F3=1.325 F4=0.852
  2025: F1=3.138 F2=1.797 F3=1.366 F4=0.741

=== Turkey betas over time ===
  2016: F1=2.634 F2=-0.022 F3=-0.471 F4=-2.633
  2017: F1=2.981 F2=0.276 F3=-0.607 F4=-2.075
  2018: F1=2.980 F2=0.382 F3=-0.522 F4=-3.058
  2019: F1=2.959 F2=0.121 F3=-0.499 F4=-2.381
  2020: F1=2.964 F2=0.370 F3=-0.567 F4=-2.204
  2021: F1=2.891 F2=0.345 F3=-0.434 F4=-2.215
  2022: F1=2.796 F2=0.320 F3=-0.471 F4=-2.213
  2023: F1=2.773 F2=0.199 F3=-0.452 F4=-2.188
  2024: F1=2.709 F2=0.113 F3=-0.451 F4=-2.178
  2025: F1=2.706 F2=0.624 F3=-0.634 F4=-2.216

=== Poland betas over time ===
  2016: F1=4.392 F2=1.116 F3=-1.068 F4=-1.135
  2017: F1=4.780 F2=1.312 F3=-1.276 F4=-1.814
  2018: F1=4.777 F2=1.356 F3=-1.247 F4=-1.388
  2019: F1=4.760 F2=1.276 F3=-1.242 F4=-1.285
  2020: F1=4.677 F2=1.294 F3=-1.222 F4=-1.141
  2021: F1=4.555 F2=0.931 F3=-1.260 F4=-1.163
  2022: F1=4.389 F2=0.895 F3=-0.986 F4=-1.211
  2023: F1=4.351 F2=1.006 F3=-0.940 F4=-1.210
  2024: F1=4.015 F2=0.862 F3=-0.935 F4=-1.091
  2025: F1=4.021 F2=1.311 F3=-1.000 F4=-1.356

=== 2025 Factor 1 beta rankings ===
Bottom 5 (decoupling from global democratic trend):
  Romania: -3.044
  Georgia: -2.114
  Mongolia: -2.094
  Gabon: -2.020
  Uzbekistan: -1.935
Top 5 (amplifying global democratic trend):
  Burundi: 6.104
  Tajikistan: 6.304
  Yemen: 6.327
  Egypt: 8.671
  Brazil: 11.218

=== Cross-country beta variation ===
  factor_1: avg within-country std = 0.8877
  factor_2: avg within-country std = 0.7127
  factor_3: avg within-country std = 0.5813
  factor_4: avg within-country std = 0.7722
Model is not converging.  Current: -43495.58935027937 is not greater than -43495.509844145745. Delta is -0.07950613362481818
Model is not converging.  Current: -43510.33100690931 is not greater than -43510.30698233315. Delta is -0.02402457615971798
Model is not converging.  Current: -43395.36022539762 is not greater than -43395.36020552487. Delta is -1.987275027204305e-05
Model is not converging.  Current: -43389.368750615366 is not greater than -43389.341664318395. Delta is -0.027086296970082913
Model is not converging.  Current: -43499.7324785671 is not greater than -43499.66842136354. Delta is -0.0640572035626974
Model is not converging.  Current: -43499.7941466216 is not greater than -43499.73906462981. Delta is -0.05508199179166695
Model is not converging.  Current: -43499.580493889574 is not greater than -43499.53110917973. Delta is -0.04938470984779997
Model is not converging.  Current: -43500.71372738175 is not greater than -43500.61772919364. Delta is -0.09599818810966099
Model is not converging.  Current: -43534.972496430295 is not greater than -43534.70810443768. Delta is -0.264391992612218
Model is not converging.  Current: -43527.831037434946 is not greater than -43527.732984010894. Delta is -0.09805342405161355
=== Stage 3: MS Regime Classification + TVTP ===

Features (8): ['factor_1', 'factor_2', 'factor_3', 'factor_4'] + ['lag_factor_1', 'lag_factor_2', 'lag_factor_3', 'lag_factor_4'] (MS-VAR(1) with lagged factors)
Panel: 138 countries, 7256 obs

Training subset: year <= 2017, 138 countries, 6160 obs

Quantile-based init (Factor 1 bands, no V-Dem supervision):
  Band 0 (liberal_democracy): 1232 obs, F1 range=[0.942, 1.535], F1 mean=1.123
  Band 1 (electoral_democracy): 1232 obs, F1 range=[0.480, 0.942], F1 mean=0.755
  Band 2 (hybrid_regime): 1232 obs, F1 range=[-0.230, 0.480], F1 mean=0.146
  Band 3 (competitive_authoritarian): 1232 obs, F1 range=[-1.031, -0.230], F1 mean=-0.634
  Band 4 (closed_authoritarian): 6160 obs, F1 range=[-2.788, -1.031], F1 mean=-0.032

Phase 1: Baseline HMM (K-means init, no supervision)...
  Restart 20/60: score=-43499.6
  Restart 40/60: score=-43369.8
  Restart 60/60: score=-43363.2

Baseline HMM: LL=-43363.2, min persistence=0.920

State means:
  liberal_democracy: [1.074, 1.200, -0.347, 0.077, 1.071, 1.191, -0.352, 0.061]
  electoral_democracy: [0.644, -0.600, 0.237, -0.242, 0.627, -0.602, 0.220, -0.254]
  hybrid_regime: [-0.453, -0.400, 0.764, 0.303, -0.474, -0.386, 0.743, 0.293]
  competitive_authoritarian: [-0.781, -0.413, -1.330, -0.045, -0.805, -0.409, -1.382, -0.048]
  closed_authoritarian: [-1.861, 1.186, 0.873, -0.267, -1.891, 1.211, 0.866, -0.277]

Baseline transition matrix:
  liberal_democracy              [0.9926 0.0037 0.0034 0.0002 0.0002]
  electoral_democracy            [0.0085 0.9730 0.0086 0.0096 0.0003]
  hybrid_regime                  [0.0138 0.0252 0.9306 0.0168 0.0136]
  competitive_authoritarian      [0.0006 0.0340 0.0284 0.9204 0.0166]
  closed_authoritarian           [0.0003 0.0016 0.0106 0.0098 0.9776]

Baseline state distribution:
  electoral_democracy: 2163 (29.8%)
  hybrid_regime: 1617 (22.3%)
  liberal_democracy: 1471 (20.3%)
  competitive_authoritarian: 1408 (19.4%)
  closed_authoritarian: 597 (8.2%)

=== Validation vs V-Dem (5-state) ===
Cohen's kappa: 0.408
Weighted kappa (linear): 0.669
Accuracy: 0.524

Confusion matrix (rows=V-Dem, cols=ours):
           lib_dem  elec_dem  hybrid  comp_auth  clos_auth
lib_dem       1410       199       1          1          0
elec_dem        61      1350     119          8          4
hybrid           0       509     306         42          4
comp_auth        0        84     975        303        159
clos_auth        0        21     216       1054        430

Polyarchy by our state:
  liberal_democracy: 0.857 ± 0.041 (n=1471)
  electoral_democracy: 0.588 ± 0.142 (n=2163)
  hybrid_regime: 0.296 ± 0.118 (n=1617)
  competitive_authoritarian: 0.155 ± 0.089 (n=1408)
  closed_authoritarian: 0.148 ± 0.062 (n=597)

============================================================
Phase 2: TVTP with macro covariates

  GDELT loaded: 5407 rows, covariates: ['total_events', 'protest_count', 'conflict_count', 'repression_count', 'avg_goldstein', 'avg_tone']

LASSO: 10/16 covariates selected:
  gdp_pc: 3.0621
  resource_rents: 2.5080
  military_spending: 1.2232
  urbanization: 0.6236
  avg_goldstein: 0.5853
  avg_goldstein_lag1: 0.5459
  trade_openness: 0.3954
  avg_tone: 0.2094
  avg_tone_lag1: 0.0472
  gdp_growth: 0.0433
  GDELT forced inclusion: adding protest_count_lag1 as 4th covariate

Building TVTP with top 3 covariates: ['gdp_pc', 'resource_rents', 'protest_count_lag1']
  TVTP: 8 adjacent transitions x 3 covariates = 24 params
  TVTP converged=True, LL=-43392.9, iters=2

TVTP state distribution:
  electoral_democracy: 2159 (29.8%)
  hybrid_regime: 1620 (22.3%)
  liberal_democracy: 1471 (20.3%)
  competitive_authoritarian: 1410 (19.4%)
  closed_authoritarian: 596 (8.2%)

=== Validation vs V-Dem (5-state) ===
Cohen's kappa: 0.410
Weighted kappa (linear): 0.670
Accuracy: 0.525

Confusion matrix (rows=V-Dem, cols=ours):
           lib_dem  elec_dem  hybrid  comp_auth  clos_auth
lib_dem       1410       199       1          1          0
elec_dem        61      1350     119          8          4
hybrid           0       505     312         40          4
comp_auth        0        84     972        307        158
clos_auth        0        21     216       1054        430

Polyarchy by our state:
  liberal_democracy: 0.857 ± 0.041 (n=1471)
  electoral_democracy: 0.588 ± 0.142 (n=2159)
  hybrid_regime: 0.297 ± 0.118 (n=1620)
  competitive_authoritarian: 0.155 ± 0.089 (n=1410)
  closed_authoritarian: 0.148 ± 0.062 (n=596)

TVTP adjacent transition effects:
  liberal_ -> electora: gdp_pc=-0.503, resource_rents=+0.089, protest_count_lag1=-0.052
  electora -> liberal_: gdp_pc=+0.655, resource_rents=-0.401, protest_count_lag1=-0.151
  electora -> hybrid_r: gdp_pc=+0.219, resource_rents=-0.083, protest_count_lag1=+0.010
  hybrid_r -> electora: gdp_pc=+0.448, resource_rents=-0.492, protest_count_lag1=+0.199
  hybrid_r -> competit: gdp_pc=+0.574, resource_rents=-0.227, protest_count_lag1=-0.000
  competit -> hybrid_r: gdp_pc=-0.324, resource_rents=-0.108, protest_count_lag1=+0.347
  competit -> closed_a: gdp_pc=+0.375, resource_rents=-0.364, protest_count_lag1=+0.131
  closed_a -> competit: gdp_pc=-0.159, resource_rents=+0.356, protest_count_lag1=-0.006

Saved to stage3_msvar/country_year_states.csv

=== Sample trajectories ===

Hungary: 2016:hybr, 2017:hybr, 2018:hybr, 2019:hybr, 2020:hybr, 2021:hybr, 2022:hybr, 2023:hybr, 2024:hybr, 2025:hybr

Türkiye: 2016:hybr, 2017:hybr, 2018:hybr, 2019:hybr, 2020:hybr, 2021:hybr, 2022:hybr, 2023:hybr, 2024:hybr, 2025:hybr

Poland: 2016:libe, 2017:elec, 2018:elec, 2019:elec, 2020:elec, 2021:elec, 2022:elec, 2023:elec, 2024:elec, 2025:elec

Denmark: 2016:libe, 2017:libe, 2018:libe, 2019:libe, 2020:libe, 2021:libe, 2022:libe, 2023:libe, 2024:libe, 2025:libe

United States of America: 2016:libe, 2017:libe, 2018:libe, 2019:libe, 2020:libe, 2021:libe, 2022:libe, 2023:libe, 2024:libe, 2025:libe

Venezuela: 2016:hybr, 2017:hybr, 2018:hybr, 2019:hybr, 2020:hybr, 2021:hybr, 2022:hybr, 2023:hybr, 2024:hybr, 2025:hybr

Tunisia: 2016:elec, 2017:elec, 2018:elec, 2019:elec, 2020:elec, 2021:elec, 2022:elec, 2023:elec, 2024:hybr, 2025:hybr

Georgia: 2016:elec, 2017:elec, 2018:elec, 2019:elec, 2020:elec, 2021:elec, 2022:elec, 2023:elec, 2024:elec, 2025:elec

=== Transitions 2020-2025 ===
  Afghanistan: electoral_democracy -> competitive_authoritarian (2021)
  Burkina Faso: electoral_democracy -> competitive_authoritarian (2022)
  Central African Republic: electoral_democracy -> hybrid_regime (2024)
  Chad: hybrid_regime -> competitive_authoritarian (2021)
  Fiji: hybrid_regime -> electoral_democracy (2022)
  Gabon: hybrid_regime -> electoral_democracy (2023)
  Greece: liberal_democracy -> electoral_democracy (2022)
  Guinea: hybrid_regime -> competitive_authoritarian (2021)
  Haiti: electoral_democracy -> competitive_authoritarian (2022)
  Ivory Coast: electoral_democracy -> hybrid_regime (2021)
  Maldives: hybrid_regime -> electoral_democracy (2021)
  Mali: electoral_democracy -> competitive_authoritarian (2021)
  Mexico: electoral_democracy -> hybrid_regime (2022)
  Mozambique: electoral_democracy -> hybrid_regime (2024)
  Niger: electoral_democracy -> competitive_authoritarian (2025)
  Syria: hybrid_regime -> competitive_authoritarian (2020)
  Tunisia: electoral_democracy -> hybrid_regime (2024)
  United Arab Emirates: competitive_authoritarian -> closed_authoritarian (2020)
  Uzbekistan: closed_authoritarian -> hybrid_regime (2020)
/home/shadeform/AIM4D/stage4_nscm/estimate.py:416: FutureWarning: DataFrameGroupBy.apply operated on the grouping columns. This behavior is deprecated, and in a future version of pandas the grouping columns will be excluded from the operation. Either pass `include_groups=False` to exclude the groupings or explicitly select the grouping columns after groupby to silence this warning.
  complete = df.groupby("country_text_id").apply(
=== Stage 4: Network SCM (Spatio-Temporal Graph) — seed=42 ===

Countries: 138, Years: 1990-2025

Building spatial edges...
  Contiguity pairs: 482, Alliance pairs (2020): 4950

Building spatio-temporal graph...
  Spatio-temporal graph: 4968 nodes, 186260 edges (176600 spatial, 9660 temporal)
  Augmented features: 22 (raw 10 + spatial lags 12)
  Train nodes: 3864, Test nodes: 1104

Training INE-TARNet on spatio-temporal graph...
  Epoch 50/250: train=-0.52304, test=0.032938
  Epoch 100/250: train=-0.66978, test=0.022647
  Epoch 150/250: train=-0.69620, test=0.020514
  Epoch 200/250: train=-0.70423, test=0.019415
  Epoch 250/250: train=-0.70460, test=0.019380
  Best test MSE: 0.019380

  Learned convex W weights (Neumayer & Plumper 2016):
    α_contiguity: 0.373
    α_alliance: 0.341
    α_trade: 0.285

Counterfactual decomposition...
Saved NSCM residuals (4968 rows)
Computing per-factor contagion scores...

=== Network ablation test ===
  MSE (full model):       0.019380
  MSE (temporal only):    0.026965
  MSE (no network):       0.030277
  Improvement from spatial edges: 28.1%
  Improvement from total network: 36.0%
  PASS: Network features improve prediction by 36.0%

=== Most network-influenced (2025) ===
  Jordan: 0.724
  Malaysia: 0.667
  Morocco: 0.592
  Guyana: 0.583
  India: 0.562
  Afghanistan: 0.562
  Fiji: 0.555
  Sudan: 0.541
  Bhutan: 0.540
  Ecuador: 0.530

=== Most domestically driven (2025) ===
  Belgium: 0.145
  Ireland: 0.145
  Sweden: 0.143
  Turkmenistan: 0.138
  Canada: 0.133
  Bahrain: 0.129
  Denmark: 0.126
  Haiti: 0.123
  Belarus: 0.117
  North Korea: 0.078

=== Case studies (smoothed) ===
  Hungary: 2021:0.348, 2022:0.314, 2023:0.318, 2024:0.338, 2025:0.360
  Türkiye: 2021:0.269, 2022:0.262, 2023:0.265, 2024:0.271, 2025:0.278
  Poland: 2021:0.484, 2022:0.459, 2023:0.401, 2024:0.370, 2025:0.358
  United States of America: 2021:0.226, 2022:0.198, 2023:0.176, 2024:0.209, 2025:0.226
  Denmark: 2021:0.140, 2022:0.128, 2023:0.117, 2024:0.123, 2025:0.126
/home/shadeform/AIM4D/stage5_ews/estimate.py:528: FutureWarning: The default fill_method='ffill' in SeriesGroupBy.pct_change is deprecated and will be removed in a future version. Either fill in any non-leading NA values prior to calling pct_change or specify 'fill_method=None' to not fill NA values.
  macro["mil_growth"] = macro.groupby("iso3")["military_spending"].pct_change()
=== Stage 5: Early Warning Signals ===

Loaded dual residuals: 4 factor-based + 5 NSCM
Countries: 138
Indicators: rolling variance, AR(1), kurtosis
Country-relative z-scores (baseline ≤2005), z-cap=10.0

============================================================
Election vulnerability module
============================================================

  Election thresholds: high=5.65 (p80), moderate=5.08 (p50 of nonzero)
  Election alerts: 2475
  Poland: election alerts in [1996, 2004, 2005, 2006, 2014]
  Hungary: election alerts in [1997, 1999, 2011, 2013, 2014]
  Venezuela: election alerts in [1999, 2000, 2001, 2004, 2005]
  Türkiye: election alerts in [2012, 2013, 2014, 2015, 2016]

============================================================
Democratic vulnerability module (high-polyarchy sensitivity)
============================================================

  Democratic vulnerability alerts: 193
  Hungary: alerts in [2004, 2010]
  United States of America: alerts in [2001, 2016, 2017, 2018, 2024]
  Denmark: alerts in [2014, 2020]

============================================================
Military threat module
============================================================

  Military threat alerts: 316
  Thailand: alerts in [2020]
  Egypt: no military threat alert
  Burma/Myanmar: no military threat alert
  Mali: alerts in [2015, 2016, 2017, 2024]

  GDELT event features loaded: ['protest_count_zscore', 'conflict_count_zscore', 'repression_count_zscore', 'protest_count_zscore_lag1', 'conflict_count_zscore_lag1', 'repression_count_zscore_lag1']

============================================================
Meta-learner calibration
============================================================

  DSP variables loaded: ['v2smgovdom', 'v2smfordom', 'v2smgovfilprc', 'v2smgovsmmon', 'v2smpardom']
  Restricted to year >= 2000 (DSP coverage window): 5066 -> 3765 country-years
  Elastic net selected 30/73 features:
    network_exposure: +0.5929
    csd_index_pctile: -0.5545
    csd_index_delta2: +0.3992
    v2smgovdom_detrended: +0.3567
    v2smpardom: -0.3468
    csd_x_network: +0.2976
    v2smfordom_x_post2015_detrended: -0.2790
    csd_x_military: -0.2544
    v2smfordom_detrended: +0.2321
    mil_zscore: +0.2062
    party_threat: -0.2010
    v2smgovsmmon_x_post2015_detrended: -0.2009
    csd_index_detrended: -0.2005
    mil_zscore_x_post2015_detrended: +0.1656
    mv_csd_index_lag2: +0.1587
    csd_index_x_post2015_detrended: -0.1478
    repression_count_zscore: +0.1129
    protest_count_zscore_lag1: +0.1058
    v2smgovsmmon: -0.1003
    party_threat_detrended: -0.0934
    network_exposure_detrended: +0.0911
    mil_zscore_delta2: +0.0876
    v2smgovdom_x_post2015: +0.0828
    v2smpardom_x_post2015_detrended: -0.0562
    v2smgovdom_x_post2015_detrended: +0.0543
    election_vulnerability_x_post2015_detrended: -0.0496
    v2smgovsmmon_x_post2015: -0.0333
    election_vulnerability_pctile: -0.0323
    mil_zscore_delta1: +0.0306
    mv_csd_index_lag1: +0.0247

  Stacked ensemble (cross-validated weights):
    LR weight: 0.200, GB weight: 0.800
    LR component range: [0.0676, 0.0846]
    GB component range: [0.0058, 0.8782]
  GB feature importance (top 10):
    v2smgovsmmon: 0.1201
    v2smpardom: 0.0996
    csd_x_network: 0.0946
    network_exposure: 0.0945
    network_exposure_detrended: 0.0908
    party_threat: 0.0550
    v2smfordom_detrended: 0.0476
    v2smfordom_x_post2015_detrended: 0.0471
    mv_csd_index_lag1: 0.0408
    csd_index_detrended: 0.0400

  Tiered alerts (calibrated risk):
    alert: 94 (2.6%)
    warning: 208 (5.8%)
    watch: 626 (17.5%)
    none: 2652 (74.1%)

============================================================
Validation: episode detection + precision@K
============================================================

  Hungary (backsliding 2010): DETECTED [warning] via CSD+mvCSD (5yr lead, risk=0.368)
  Türkiye (backsliding 2013): DETECTED [alert] via CSD+mvCSD+ELEC (5yr lead, risk=0.643)
  Poland (backsliding 2015): DETECTED [warning] via ELEC (5yr lead, risk=0.252)
  Venezuela (backsliding 2002): MISSED (risk=0.058)
  Tunisia (backsliding 2021): DETECTED [alert] via CSD+mvCSD+ELEC (5yr lead, risk=0.566)
  Burma/Myanmar (coup 2021): DETECTED [alert] via CSD (5yr lead, risk=0.670)
  Mali (coup 2020): DETECTED [alert] via mvCSD+ELEC (5yr lead, risk=0.573)
  Burkina Faso (coup 2022): DETECTED [alert] via CSD+mvCSD+ELEC (5yr lead, risk=0.476)
  Nicaragua (backsliding 2007): DETECTED [warning] via CSD+mvCSD+ELEC (5yr lead, risk=0.222)
  Philippines (backsliding 2016): DETECTED [alert] via CSD+ELEC (5yr lead, risk=0.559)
  India (backsliding 2014): DETECTED [warning] via ELEC (5yr lead, risk=0.323)
  Brazil (backsliding 2019): DETECTED [alert] via CSD+ELEC (5yr lead, risk=0.450)
  El Salvador (2019): NO DATA
  Russia (2000): NO DATA
  Serbia (backsliding 2012): DETECTED [watch] via ELEC (5yr lead, risk=0.181)
  Bangladesh (backsliding 2007): DETECTED [warning] via CSD (5yr lead, risk=0.321)
  Thailand (coup 2014): DETECTED [alert] via CSD+mvCSD (5yr lead, risk=0.624)
  Egypt (coup 2013): DETECTED [alert] via CSD+mvCSD+ELEC (5yr lead, risk=0.616)
  Fiji (coup 2006): DETECTED [warning] via ELEC (5yr lead, risk=0.215)
  Honduras (2009): NO DATA
  Niger (coup 2009): DETECTED [warning] via mvCSD+ELEC (5yr lead, risk=0.205)
  Guinea (coup 2009): DETECTED [watch] via meta-only (3yr lead, risk=0.093)
  Guinea-Bissau (coup 2012): DETECTED [watch] via mvCSD+ELEC (3yr lead, risk=0.113)
  Libya (2014): NO DATA
  Afghanistan (coup 2021): DETECTED [warning] via ELEC (5yr lead, risk=0.380)
  Sudan (coup 2021): DETECTED [warning] via CSD+ELEC (5yr lead, risk=0.256)
  Chad (coup 2021): DETECTED [alert] via meta-only (5yr lead, risk=0.436)
  Ukraine (backsliding 2010): DETECTED [alert] via mvCSD (5yr lead, risk=0.433)
  Maldives (backsliding 2013): DETECTED [alert] via CSD+mvCSD+ELEC (5yr lead, risk=0.464)
  Zambia (backsliding 2013): DETECTED [warning] via mvCSD+ELEC (5yr lead, risk=0.317)
  Montenegro (2007): NO DATA
  North Macedonia (backsliding 2011): DETECTED [warning] via CSD+ELEC (5yr lead, risk=0.264)
  Kenya (backsliding 2007): DETECTED [watch] via meta-only (5yr lead, risk=0.179)
  Bolivia (backsliding 2019): DETECTED [alert] via CSD+ELEC (5yr lead, risk=0.676)
  Benin (backsliding 2019): DETECTED [alert] via CSD+ELEC (5yr lead, risk=0.415)
  Ivory Coast (backsliding 2020): DETECTED [alert] via ELEC (5yr lead, risk=0.647)
  Nigeria (backsliding 2021): DETECTED [alert] via meta-only (5yr lead, risk=0.540)
  Guyana (backsliding 2021): DETECTED [alert] via CSD+mvCSD (5yr lead, risk=0.719)
  Mauritius (backsliding 2017): DETECTED [alert] via CSD+mvCSD (5yr lead, risk=0.536)
  Belarus (1996): NO DATA
  Georgia (backsliding 2024): DETECTED [warning] via CSD+ELEC (4yr lead, risk=0.190)

  Detection by tier (cumulative):
    Watch (top 20%):  34/35
    Warning (top 5%): 30/35
    Alert (top 2%):   18/35

  Precision@K (country-level ranked risk list):
    @  5: precision=100.0%, recall=13.9%, lift=3.8x
    @ 10: precision=90.0%, recall=25.0%, lift=3.5x
    @ 20: precision=90.0%, recall=50.0%, lift=3.5x
    @ 50: precision=64.0%, recall=88.9%, lift=2.5x

  Warning-tier performance:
    Alerts: 302 / 3580 (8.4%)
    Precision: 40.1%
    Sensitivity: 30/35 (86%)
    F1: 0.546
    Stable democracy FPs: 0

============================================================
Leave-one-episode-out cross-validation
============================================================

  Hungary: DETECTED [watch] (LOEO, risk=0.156)
  Türkiye: DETECTED [warning] (LOEO, risk=0.230)
  Poland: MISSED (LOEO, risk=0.028, watch_thresh=0.070)
  Venezuela: MISSED (LOEO, risk=0.049, watch_thresh=0.071)
  Tunisia: MISSED (LOEO, risk=0.054, watch_thresh=0.070)
  Burma/Myanmar: DETECTED [warning] (LOEO, risk=0.174)
  Mali: DETECTED [watch] (LOEO, risk=0.080)
  Burkina Faso: MISSED (LOEO, risk=0.055, watch_thresh=0.070)
  Nicaragua: DETECTED [watch] (LOEO, risk=0.105)
  Philippines: DETECTED [watch] (LOEO, risk=0.099)
  India: DETECTED [watch] (LOEO, risk=0.117)
  Brazil: DETECTED [watch] (LOEO, risk=0.080)
  Serbia: DETECTED [watch] (LOEO, risk=0.068)
  Bangladesh: DETECTED [watch] (LOEO, risk=0.092)
  Thailand: DETECTED [warning] (LOEO, risk=0.178)
  Egypt: DETECTED [watch] (LOEO, risk=0.140)
  Fiji: DETECTED [watch] (LOEO, risk=0.076)
  Niger: DETECTED [watch] (LOEO, risk=0.100)
  Guinea: MISSED (LOEO, risk=0.048, watch_thresh=0.069)
  Guinea-Bissau: MISSED (LOEO, risk=0.062, watch_thresh=0.069)
  Afghanistan: MISSED (LOEO, risk=0.061, watch_thresh=0.069)
  Sudan: DETECTED [watch] (LOEO, risk=0.130)
  Chad: DETECTED [watch] (LOEO, risk=0.087)
  Ukraine: DETECTED [watch] (LOEO, risk=0.073)
  Maldives: DETECTED [watch] (LOEO, risk=0.107)
  Zambia: DETECTED [watch] (LOEO, risk=0.101)
  North Macedonia: DETECTED [watch] (LOEO, risk=0.073)
  Kenya: DETECTED [watch] (LOEO, risk=0.101)
  Bolivia: DETECTED [watch] (LOEO, risk=0.166)
  Benin: MISSED (LOEO, risk=0.041, watch_thresh=0.071)
  Ivory Coast: DETECTED [watch] (LOEO, risk=0.079)
  Nigeria: DETECTED [watch] (LOEO, risk=0.147)
  Guyana: DETECTED [warning] (LOEO, risk=0.230)
  Mauritius: DETECTED [warning] (LOEO, risk=0.184)
  Georgia: MISSED (LOEO, risk=0.041, watch_thresh=0.070)

  LOEO Sensitivity by tier (unbiased):
    Watch (P80):   26/35 (74%)
    Warning (P95): 5/35 (14%)
    Alert (P98):   0/35 (0%)
  (Each episode predicted without seeing itself)

  LOEO stratified by episode type:
    backsliding: 18/23 (78%)
    coup: 8/12 (67%)

  LOEO stratified by onset era:
    pre-2005: 0/1 (0%)
    2005-2014: 15/17 (88%)
    2015-2021: 11/15 (73%)
    post-2021: 0/2 (0%)

============================================================
Continuous risk score evaluation (AUC)
============================================================

  Base rate (positive class): 0.061
  AUC-ROC: 0.925
  AUC-PR:  0.572
  Lift over random: 9.4x
  AUC-ROC (OOS): 0.807
  AUC-PR (OOS):  0.283

  Risk score calibration:
    Top 1%: precision=94.3%, recall=15.9% (thresh=0.52)
    Top 5%: precision=57.9%, recall=47.6% (thresh=0.25)
    Top 10%: precision=41.8%, recall=68.8% (thresh=0.15)
    Top 20%: precision=26.0%, recall=85.6% (thresh=0.09)

============================================================
Expanding-window temporal CV
============================================================

  2006-2008: AUC=0.952, episodes=5, detected=2/5
  2009-2011: AUC=0.965, episodes=6, detected=3/6
  2012-2014: AUC=0.974, episodes=9, detected=4/9
  2015-2017: AUC=0.992, episodes=3, detected=2/3
  2018-2020: AUC=0.858, episodes=6, detected=3/6
  2021-2023: AUC=0.643, episodes=8, detected=0/8

  Mean AUC across windows: 0.897 +/- 0.121
  Mean detection rate: 42%
  (This is the robust generalization estimate across 6 temporal windows)

  Secondary OOS (TRAIN_CUTOFF=2017, 8-year horizon):
    AUC-ROC: 0.807
    AUC-PR:  0.283
    Episodes (onset>2017): 15, detected: 14/15

============================================================
Case studies
============================================================

Hungary:
  2016 CSD=4.5 elec_vuln=0.0 var_z=10.0 ar1_z=2.4 f=3/9 *** CSD
  2017 CSD=4.5 elec_vuln=5.1 var_z=10.0 ar1_z=2.5 f=3/9 *** CSD+ELEC
  2018 (OOS) CSD=5.7 elec_vuln=5.5 var_z=10.0 ar1_z=5.5 f=3/9 *** CSD+ELEC
  2019 (OOS) CSD=3.4 elec_vuln=5.6 var_z=10.0 ar1_z=2.9 f=3/9 *** CSD+ELEC
  2020 (OOS) CSD=3.8 elec_vuln=0.0 var_z=10.0 ar1_z=3.0 f=3/9 *** CSD
  2021 (OOS) CSD=3.9 elec_vuln=5.6 var_z=10.0 ar1_z=2.8 f=3/9 *** CSD+ELEC
  2022 (OOS) CSD=4.4 elec_vuln=5.6 var_z=10.0 ar1_z=3.0 f=4/9 *** CSD+ELEC
  2023 (OOS) CSD=4.2 elec_vuln=5.8 var_z=10.0 ar1_z=3.1 f=1/9 *** CSD+ELEC
  2024 (OOS) CSD=3.5 elec_vuln=0.0 var_z=10.0 ar1_z=2.8 f=0/9
  2025 (OOS) CSD=3.8 elec_vuln=0.0 var_z=10.0 ar1_z=2.4 f=1/9

Türkiye:
  2016 CSD=4.2 elec_vuln=5.0 var_z=10.0 ar1_z=1.3 f=6/9 *** CSD+ELEC
  2017 CSD=4.7 elec_vuln=5.2 var_z=10.0 ar1_z=1.8 f=3/9 *** CSD+ELEC
  2018 (OOS) CSD=3.8 elec_vuln=5.3 var_z=10.0 ar1_z=2.2 f=2/9 *** CSD+ELEC
  2019 (OOS) CSD=3.5 elec_vuln=5.4 var_z=10.0 ar1_z=1.4 f=1/9 *** CSD+ELEC
  2020 (OOS) CSD=5.2 elec_vuln=0.0 var_z=10.0 ar1_z=2.0 f=3/9 *** CSD
  2021 (OOS) CSD=5.0 elec_vuln=0.0 var_z=10.0 ar1_z=1.6 f=3/9 *** CSD
  2022 (OOS) CSD=3.8 elec_vuln=5.4 var_z=10.0 ar1_z=1.9 f=4/9 *** CSD+ELEC
  2023 (OOS) CSD=5.2 elec_vuln=5.5 var_z=10.0 ar1_z=2.3 f=4/9 *** CSD+ELEC
  2024 (OOS) CSD=4.2 elec_vuln=5.7 var_z=10.0 ar1_z=2.5 f=4/9 *** CSD+ELEC
  2025 (OOS) CSD=4.8 elec_vuln=0.0 var_z=10.0 ar1_z=3.1 f=4/9 *** CSD

Poland:
  2016 CSD=6.0 elec_vuln=4.8 var_z=10.0 ar1_z=6.4 f=7/9 *** CSD+ELEC
  2017 CSD=5.8 elec_vuln=0.0 var_z=10.0 ar1_z=5.5 f=7/9 *** CSD
  2018 (OOS) CSD=4.2 elec_vuln=5.4 var_z=10.0 ar1_z=5.0 f=5/9 *** CSD+ELEC
  2019 (OOS) CSD=4.3 elec_vuln=5.4 var_z=10.0 ar1_z=5.3 f=7/9 *** CSD+ELEC
  2020 (OOS) CSD=4.2 elec_vuln=5.4 var_z=10.0 ar1_z=4.7 f=7/9 *** CSD+ELEC
  2021 (OOS) CSD=4.2 elec_vuln=5.4 var_z=10.0 ar1_z=4.5 f=7/9 *** CSD+ELEC
  2022 (OOS) CSD=4.3 elec_vuln=5.4 var_z=10.0 ar1_z=4.9 f=7/9 *** CSD+ELEC
  2023 (OOS) CSD=5.3 elec_vuln=5.7 var_z=10.0 ar1_z=5.8 f=7/9 *** CSD+ELEC
  2024 (OOS) CSD=4.6 elec_vuln=5.7 var_z=10.0 ar1_z=6.0 f=4/9 *** CSD+ELEC
  2025 (OOS) CSD=4.0 elec_vuln=5.7 var_z=10.0 ar1_z=6.4 f=0/9 *** ELEC

United States of America:
  2016 CSD=4.2 elec_vuln=4.3 var_z=9.3 ar1_z=1.4 f=1/9 *** CSD+ELEC
  2017 CSD=5.3 elec_vuln=4.2 var_z=10.0 ar1_z=4.8 f=5/9 *** CSD+ELEC
  2018 (OOS) CSD=5.5 elec_vuln=4.1 var_z=10.0 ar1_z=5.1 f=2/9 *** CSD+ELEC
  2019 (OOS) CSD=5.7 elec_vuln=4.1 var_z=10.0 ar1_z=5.9 f=4/9 *** CSD+ELEC
  2020 (OOS) CSD=4.2 elec_vuln=4.1 var_z=10.0 ar1_z=4.6 f=3/9 *** CSD+ELEC
  2021 (OOS) CSD=3.7 elec_vuln=4.1 var_z=10.0 ar1_z=3.4 f=3/9 *** CSD+ELEC
  2022 (OOS) CSD=4.2 elec_vuln=4.1 var_z=10.0 ar1_z=5.2 f=4/9 *** CSD+ELEC
  2023 (OOS) CSD=4.6 elec_vuln=4.1 var_z=10.0 ar1_z=6.5 f=3/9 *** CSD+ELEC
  2024 (OOS) CSD=4.7 elec_vuln=4.8 var_z=10.0 ar1_z=6.1 f=4/9 *** CSD+ELEC
  2025 (OOS) CSD=5.2 elec_vuln=4.8 var_z=10.0 ar1_z=3.1 f=4/9 *** CSD+ELEC

Denmark:
  2016 CSD=4.5 elec_vuln=4.7 var_z=6.4 ar1_z=3.1 f=1/9 *** CSD+ELEC
  2017 CSD=4.8 elec_vuln=0.0 var_z=6.2 ar1_z=4.3 f=1/9 *** CSD
  2018 (OOS) CSD=4.2 elec_vuln=4.3 var_z=8.4 ar1_z=4.9 f=1/9 *** CSD+ELEC
  2019 (OOS) CSD=3.5 elec_vuln=4.1 var_z=4.1 ar1_z=4.5 f=0/9 *** ELEC
  2020 (OOS) CSD=4.6 elec_vuln=4.1 var_z=10.0 ar1_z=3.5 f=1/9 *** CSD+ELEC
  2021 (OOS) CSD=3.9 elec_vuln=4.1 var_z=10.0 ar1_z=3.0 f=2/9 *** CSD+ELEC
  2022 (OOS) CSD=3.9 elec_vuln=4.1 var_z=10.0 ar1_z=2.7 f=1/9 *** ELEC
  2023 (OOS) CSD=4.7 elec_vuln=4.1 var_z=10.0 ar1_z=3.2 f=2/9 *** CSD+ELEC
  2024 (OOS) CSD=5.5 elec_vuln=0.0 var_z=10.0 ar1_z=3.9 f=2/9 *** CSD
  2025 (OOS) CSD=5.5 elec_vuln=0.0 var_z=10.0 ar1_z=4.5 f=2/9 *** CSD


============================================================
Prospective Risk Ranking: 2026-2031 Autocratization Risk
(Genuine prospective forecast — verifiable against future data)
============================================================

  Rank  Country                            Risk Tier       Key Signals
  --------------------------------------------------------------------------------
  1     Bolivia                          0.4383 alert      CSD+ELEC
  2     Malaysia                         0.3679 warning    CSD
  3     Moldova                          0.3661 warning    CSD
  4     India                            0.3427 warning    ELEC
  5     Israel                           0.3412 warning    CSD
  6     Pakistan                         0.3161 warning    CSD+mvCSD+ELEC
  7     Guyana                           0.2836 warning    CSD+ELEC
  8     Kenya                            0.2062 warning    meta
  9     North Macedonia                  0.1981 warning    mvCSD
  10    Mauritius                        0.1879 warning    CSD+mvCSD
  11    Iran                             0.1822 watch      meta
  12    Philippines                      0.1753 watch      CSD+ELEC
  13    Tunisia                          0.1722 watch      CSD+ELEC
  14    Georgia                          0.1675 watch      CSD+ELEC
  15    Maldives                         0.1643 watch      CSD+ELEC
  16    Gabon                            0.1594 watch      CSD+mvCSD+ELEC
  17    Lebanon                          0.1573 watch      meta
  18    Argentina                        0.1561 watch      CSD+mvCSD+ELEC
  19    Italy                            0.1553 watch      CSD
  20    Nepal                            0.1522 watch      meta
  21    Serbia                           0.1450 watch      mvCSD
  22    Poland                           0.1378 watch      ELEC
  23    Zambia                           0.1363 watch      CSD+mvCSD
  24    Nigeria                          0.1337 watch      CSD+mvCSD
  25    Hungary                          0.1330 watch      meta
  -> AUC=0.858, AP=0.455, n_pos=38, episodes=6

======================================================================
Summary
======================================================================
 cutoff  test_end      auc       ap  n_pos   n  episodes_in_window
   2008      2011 0.841821 0.401175     36 396                   6
   2011      2014 0.768452 0.232503     28 388                   9
   2014      2017 0.626321 0.255820     36 383                   3
   2017      2020 0.857629 0.454874     38 394                   6

Mean AUC across folds:    0.774 +/- 0.106
Mean AUC-PR across folds: 0.336 +/- 0.109

Wrote /home/shadeform/AIM4D/robustness/expanding_window_cv.csv

================================================================
TASK F: 5-episode full-pipeline LOEO
Expected: 2-3 hr
================================================================

======================================================================
Full-pipeline LOEO: Hungary (2010, backsliding)
======================================================================
/home/shadeform/AIM4D/stage1_factors/extract.py:39: SettingWithCopyWarning: 
A value is trying to be set on a copy of a slice from a DataFrame.
Try using .loc[row_indexer,col_indexer] = value instead

See the caveats in the documentation: https://pandas.pydata.org/pandas-docs/stable/user_guide/indexing.html#returning-a-view-versus-a-copy
  panel[c] = pd.to_numeric(panel[c], errors="coerce")
V-Dem loaded: 28092 rows, 4618 columns
Countries: 202, Years: 1789-2025
Selected 332 indicators (from 507 candidates)
Panel: 139 countries, 1970-2025, 7422 country-years, 332 indicators
Matrix: 7422 obs x 332 indicators
  Task F: excluding country 'Hungary' from POET fit
Fitting POET on 6546/7422 country-years (year <= 2019)
Bai-Ng: IC1=20, IC2=20, IC3=20 (all maxed)
Scree elbow: K=4

Using K=4 factors (scree elbow — IC criteria maxed at 20)
Variance explained: [43.5  5.7  3.7  2.4]%
Cumulative: [43.5 49.2 52.9 55.3]%

Factor interpretations:
  factor_1 -> institutional_entrenchment
    Top: ['v2x_diagacc', 'v2x_freexp_altinf', 'v2x_clpol', 'v2x_accountability', 'v2x_electoral_integrity']
  factor_2 -> executive_overreach
    Top: ['v2xeg_eqdr', 'v2peedueq', 'v2pehealth', 'v2peapsecon', 'v2elvotbuy']
  factor_3 -> civil_society_and_suffrage
    Top: ['v2fsuffrage', 'v2asuffrage', 'v2msuffrage', 'v2x_elecreg', 'v2xlg_elecreg']
  factor_4 -> direct_democratic_practice
    Top: ['v2xdd_dd', 'v2xdd_cic', 'v2xdd_i_ci', 'v2ddthrerf', 'v2xdd_i_rf']

Saved to stage1_factors/

=== Factor loadings (top 5 per factor) ===

factor_1:
  v2x_diagacc: 0.986
  v2x_freexp_altinf: 0.979
  v2x_clpol: 0.974
  v2x_accountability: 0.973
  v2x_electoral_integrity: 0.972

factor_2:
  v2xeg_eqdr: 0.777
  v2peedueq: 0.776
  v2pehealth: 0.763
  v2peapsecon: 0.760
  v2elvotbuy: 0.758

factor_3:
  v2fsuffrage: 0.723
  v2asuffrage: 0.720
  v2msuffrage: 0.716
  v2x_elecreg: 0.673
  v2xlg_elecreg: 0.669

factor_4:
  v2xdd_dd: 0.688
  v2xdd_cic: 0.635
  v2xdd_i_ci: 0.559
  v2ddthrerf: 0.557
  v2xdd_i_rf: 0.557

=== Sample country trajectories (Factor 1) ===

Hungary:
  2021: -0.113
  2022: -0.120
  2023: -0.145
  2024: -0.166
  2025: -0.208

Poland:
  2021: 0.356
  2022: 0.320
  2023: 0.438
  2024: 0.692
  2025: 0.763

Denmark:
  2021: 1.200
  2022: 1.190
  2023: 1.181
  2024: 1.176
  2025: 1.157

United States of America:
  2021: 1.364
  2022: 1.353
  2023: 1.345
  2024: 1.296
  2025: 0.896
Loaded 7422 country-years, 139 countries
  [1/139] Mexico: done
  [25/139] Afghanistan: done
  [50/139] Zimbabwe: done
  [75/139] Morocco: done
  [100/139] Laos: done
  [125/139] Israel: done

Estimated betas for 138 countries
Output: 7394 country-years x 4 factor betas

Beta summary by factor:
  factor_1: mean=0.629, std=1.711, range=[-5.675, 7.841]
  factor_2: mean=0.646, std=1.418, range=[-1.998, 7.665]
  factor_3: mean=0.511, std=1.384, range=[-2.089, 10.804]
  factor_4: mean=0.597, std=2.440, range=[-3.886, 15.939]

=== Hungary betas over time ===
  2016: F1=3.619 F2=1.476 F3=1.469 F4=0.463
  2017: F1=4.364 F2=1.347 F3=1.423 F4=1.073
  2018: F1=5.031 F2=0.739 F3=1.445 F4=1.064
  2019: F1=4.641 F2=1.479 F3=1.449 F4=0.820
  2020: F1=4.641 F2=1.482 F3=1.449 F4=0.816
  2021: F1=4.639 F2=1.509 F3=1.301 F4=0.815
  2022: F1=4.626 F2=1.500 F3=1.375 F4=0.777
  2023: F1=4.623 F2=1.486 F3=1.340 F4=1.039
  2024: F1=4.619 F2=1.450 F3=1.329 F4=0.860
  2025: F1=4.620 F2=1.367 F3=1.370 F4=0.756

=== Turkey betas over time ===
  2016: F1=2.714 F2=-0.053 F3=-0.401 F4=-0.960
  2017: F1=3.058 F2=0.257 F3=-0.532 F4=-0.237
  2018: F1=3.061 F2=0.371 F3=-0.434 F4=-1.205
  2019: F1=3.048 F2=0.154 F3=-0.411 F4=-0.460
  2020: F1=3.053 F2=0.408 F3=-0.480 F4=-0.292
  2021: F1=2.981 F2=0.371 F3=-0.344 F4=-0.303
  2022: F1=2.888 F2=0.344 F3=-0.405 F4=-0.300
  2023: F1=2.866 F2=0.222 F3=-0.388 F4=-0.276
  2024: F1=2.803 F2=0.134 F3=-0.386 F4=-0.263
  2025: F1=2.800 F2=0.617 F3=-0.579 F4=-0.298

=== Poland betas over time ===
  2016: F1=4.338 F2=0.809 F3=-0.624 F4=-1.239
  2017: F1=4.721 F2=0.970 F3=-0.845 F4=-1.966
  2018: F1=4.719 F2=1.012 F3=-0.787 F4=-1.512
  2019: F1=4.701 F2=0.922 F3=-0.767 F4=-1.378
  2020: F1=4.618 F2=0.942 F3=-0.745 F4=-1.218
  2021: F1=4.499 F2=0.511 F3=-0.790 F4=-1.239
  2022: F1=4.338 F2=0.471 F3=-0.498 F4=-1.288
  2023: F1=4.300 F2=0.605 F3=-0.448 F4=-1.284
  2024: F1=3.965 F2=0.430 F3=-0.443 F4=-1.173
  2025: F1=3.967 F2=0.949 F3=-0.524 F4=-1.425

=== 2025 Factor 1 beta rankings ===
Bottom 5 (decoupling from global democratic trend):
  Benin: -5.675
  Zimbabwe: -4.856
  Ivory Coast: -3.034
  Namibia: -2.629
  Morocco: -2.150
Top 5 (amplifying global democratic trend):
  Azerbaijan: 4.391
  Hungary: 4.620
  Burundi: 5.661
  Yemen: 5.734
  Egypt: 7.841

=== Cross-country beta variation ===
  factor_1: avg within-country std = 0.8438
  factor_2: avg within-country std = 0.7137
  factor_3: avg within-country std = 0.5727
  factor_4: avg within-country std = 0.7925
Model is not converging.  Current: -45161.77536966953 is not greater than -45161.50168505308. Delta is -0.27368461644800846
Model is not converging.  Current: -45162.64892900618 is not greater than -45162.30343266074. Delta is -0.3454963454423705
Model is not converging.  Current: -45160.31069763882 is not greater than -45160.21401413994. Delta is -0.09668349887942895
Model is not converging.  Current: -45162.42424100591 is not greater than -45162.326719681674. Delta is -0.09752132423454896
Model is not converging.  Current: -45041.11434453911 is not greater than -45041.11415474922. Delta is -0.0001897898910101503
Model is not converging.  Current: -44996.177537628246 is not greater than -44995.28195863693. Delta is -0.8955789913161425
Model is not converging.  Current: -44924.726057946784 is not greater than -44924.726057344735. Delta is -6.020491127856076e-07
Model is not converging.  Current: -45160.206230333766 is not greater than -45159.987470111104. Delta is -0.21876022266224027
Model is not converging.  Current: -45159.76647220461 is not greater than -45159.7409978835. Delta is -0.02547432111168746
Model is not converging.  Current: -45161.091990653804 is not greater than -45161.04204590961. Delta is -0.04994474419072503
Model is not converging.  Current: -45259.591492996304 is not greater than -45259.59121572635. Delta is -0.0002772699517663568
=== Stage 3: MS Regime Classification + TVTP ===

Features (8): ['factor_1', 'factor_2', 'factor_3', 'factor_4'] + ['lag_factor_1', 'lag_factor_2', 'lag_factor_3', 'lag_factor_4'] (MS-VAR(1) with lagged factors)
Panel: 138 countries, 7256 obs

  Task F: excluding country 'Hungary' from HMM/TVTP fit
Training subset: year <= 2019, 137 countries, 6387 obs

Quantile-based init (Factor 1 bands, no V-Dem supervision):
  Band 0 (liberal_democracy): 1278 obs, F1 range=[0.948, 1.532], F1 mean=1.129
  Band 1 (electoral_democracy): 1277 obs, F1 range=[0.508, 0.948], F1 mean=0.768
  Band 2 (hybrid_regime): 1277 obs, F1 range=[-0.204, 0.508], F1 mean=0.174
  Band 3 (competitive_authoritarian): 1277 obs, F1 range=[-1.020, -0.204], F1 mean=-0.614
  Band 4 (closed_authoritarian): 6387 obs, F1 range=[-2.814, -1.020], F1 mean=-0.018

Phase 1: Baseline HMM (K-means init, no supervision)...
  Restart 20/60: score=-45041.1
  Restart 40/60: score=-44924.7
  Restart 60/60: score=-44924.7

Baseline HMM: LL=-44924.7, min persistence=0.915

State means:
  liberal_democracy: [1.075, 1.205, -0.349, 0.055, 1.072, 1.196, -0.356, 0.041]
  electoral_democracy: [0.771, -0.514, 0.380, 0.033, 0.763, -0.520, 0.367, 0.016]
  hybrid_regime: [0.009, -0.738, 0.029, -0.267, -0.024, -0.727, -0.004, -0.272]
  competitive_authoritarian: [-1.028, -0.204, -0.512, 0.245, -1.041, -0.196, -0.543, 0.241]
  closed_authoritarian: [-1.858, 1.203, 0.779, -0.207, -1.884, 1.225, 0.760, -0.213]

Baseline transition matrix:
  liberal_democracy              [0.9928 0.0035 0.0034 0.0002 0.0002]
  electoral_democracy            [0.0077 0.9753 0.0100 0.0068 0.0003]
  hybrid_regime                  [0.0148 0.0354 0.9150 0.0208 0.0140]
  competitive_authoritarian      [0.0006 0.0133 0.0395 0.9298 0.0167]
  closed_authoritarian           [0.0003 0.0004 0.0104 0.0116 0.9773]

Baseline state distribution:
  hybrid_regime: 1958 (27.0%)
  electoral_democracy: 1629 (22.5%)
  competitive_authoritarian: 1596 (22.0%)
  liberal_democracy: 1461 (20.1%)
  closed_authoritarian: 612 (8.4%)

=== Validation vs V-Dem (5-state) ===
Cohen's kappa: 0.494
Weighted kappa (linear): 0.710
Accuracy: 0.591

Confusion matrix (rows=V-Dem, cols=ours):
           lib_dem  elec_dem  hybrid  comp_auth  clos_auth
lib_dem       1387       214      10          0          0
elec_dem        74      1171     295          0          2
hybrid           0       241     613          2          5
comp_auth        0         3     693        667        158
clos_auth        0         0     347        927        447

Polyarchy by our state:
  liberal_democracy: 0.856 ± 0.043 (n=1461)
  electoral_democracy: 0.639 ± 0.122 (n=1629)
  hybrid_regime: 0.355 ± 0.129 (n=1958)
  competitive_authoritarian: 0.153 ± 0.062 (n=1596)
  closed_authoritarian: 0.145 ± 0.057 (n=612)

============================================================
Phase 2: TVTP with macro covariates

  GDELT loaded: 5407 rows, covariates: ['total_events', 'protest_count', 'conflict_count', 'repression_count', 'avg_goldstein', 'avg_tone']

LASSO: 16/16 covariates selected:
  gdp_pc: 5.8514
  resource_rents: 5.0403
  repression_count_lag1: 3.2147
  military_spending: 2.0464
  urbanization: 1.8454
  repression_count: 1.8113
  trade_openness: 1.4379
  protest_count: 1.0769
  conflict_count: 0.9901
  avg_goldstein_lag1: 0.9497
  conflict_count_lag1: 0.9063
  avg_goldstein: 0.8865
  avg_tone_lag1: 0.7954
  gdp_growth: 0.5467
  protest_count_lag1: 0.4316
  avg_tone: 0.3688

Building TVTP with top 3 covariates: ['gdp_pc', 'resource_rents', 'repression_count_lag1']
  TVTP: 8 adjacent transitions x 3 covariates = 24 params
  TVTP converged=True, LL=-45323.4, iters=2

TVTP state distribution:
  hybrid_regime: 1959 (27.0%)
  electoral_democracy: 1629 (22.5%)
  competitive_authoritarian: 1595 (22.0%)
  liberal_democracy: 1461 (20.1%)
  closed_authoritarian: 612 (8.4%)

=== Validation vs V-Dem (5-state) ===
Cohen's kappa: 0.494
Weighted kappa (linear): 0.710
Accuracy: 0.591

Confusion matrix (rows=V-Dem, cols=ours):
           lib_dem  elec_dem  hybrid  comp_auth  clos_auth
lib_dem       1387       214      10          0          0
elec_dem        74      1172     294          0          2
hybrid           0       240     614          2          5
comp_auth        0         3     694        666        158
clos_auth        0         0     347        927        447

Polyarchy by our state:
  liberal_democracy: 0.856 ± 0.043 (n=1461)
  electoral_democracy: 0.639 ± 0.121 (n=1629)
  hybrid_regime: 0.355 ± 0.129 (n=1959)
  competitive_authoritarian: 0.153 ± 0.062 (n=1595)
  closed_authoritarian: 0.145 ± 0.057 (n=612)

TVTP adjacent transition effects:
  liberal_ -> electora: gdp_pc=-0.535, resource_rents=+0.192, repression_count_lag1=-0.171
  electora -> liberal_: gdp_pc=+0.504, resource_rents=-0.117, repression_count_lag1=-0.097
  electora -> hybrid_r: gdp_pc=-0.276, resource_rents=+0.168, repression_count_lag1=-0.068
  hybrid_r -> electora: gdp_pc=+0.217, resource_rents=-0.560, repression_count_lag1=-0.179
  hybrid_r -> competit: gdp_pc=+0.575, resource_rents=-0.456, repression_count_lag1=+0.608
  competit -> hybrid_r: gdp_pc=-0.413, resource_rents=-0.250, repression_count_lag1=-0.208
  competit -> closed_a: gdp_pc=+0.373, resource_rents=-0.115, repression_count_lag1=+0.094
  closed_a -> competit: gdp_pc=-0.274, resource_rents=+0.467, repression_count_lag1=+0.114

Saved to stage3_msvar/country_year_states.csv

=== Sample trajectories ===

Hungary: 2016:hybr, 2017:hybr, 2018:hybr, 2019:hybr, 2020:hybr, 2021:hybr, 2022:hybr, 2023:hybr, 2024:hybr, 2025:hybr

Türkiye: 2016:hybr, 2017:comp, 2018:comp, 2019:comp, 2020:comp, 2021:comp, 2022:comp, 2023:comp, 2024:comp, 2025:comp

Poland: 2016:elec, 2017:elec, 2018:elec, 2019:elec, 2020:elec, 2021:elec, 2022:elec, 2023:elec, 2024:elec, 2025:elec

Denmark: 2016:libe, 2017:libe, 2018:libe, 2019:libe, 2020:libe, 2021:libe, 2022:libe, 2023:libe, 2024:libe, 2025:libe

United States of America: 2016:libe, 2017:libe, 2018:libe, 2019:libe, 2020:libe, 2021:libe, 2022:libe, 2023:libe, 2024:libe, 2025:libe

Venezuela: 2016:hybr, 2017:hybr, 2018:hybr, 2019:hybr, 2020:hybr, 2021:hybr, 2022:hybr, 2023:hybr, 2024:hybr, 2025:hybr

Tunisia: 2016:elec, 2017:elec, 2018:elec, 2019:elec, 2020:elec, 2021:elec, 2022:elec, 2023:elec, 2024:hybr, 2025:hybr

Georgia: 2016:elec, 2017:elec, 2018:elec, 2019:elec, 2020:elec, 2021:elec, 2022:elec, 2023:elec, 2024:elec, 2025:elec

=== Transitions 2020-2025 ===
  Afghanistan: hybrid_regime -> competitive_authoritarian (2022)
  Burkina Faso: electoral_democracy -> hybrid_regime (2022)
  Burma/Myanmar: hybrid_regime -> competitive_authoritarian (2022)
  Cambodia: hybrid_regime -> competitive_authoritarian (2022)
  Greece: liberal_democracy -> electoral_democracy (2021)
  Haiti: electoral_democracy -> hybrid_regime (2021)
  India: electoral_democracy -> hybrid_regime (2020)
  Ivory Coast: electoral_democracy -> hybrid_regime (2022)
  Maldives: hybrid_regime -> electoral_democracy (2021)
  Mali: electoral_democracy -> hybrid_regime (2021)
  Niger: electoral_democracy -> hybrid_regime (2023)
  Pakistan: electoral_democracy -> hybrid_regime (2023)
  Thailand: competitive_authoritarian -> hybrid_regime (2021)
  Tunisia: electoral_democracy -> hybrid_regime (2024)
/home/shadeform/AIM4D/stage4_nscm/estimate.py:416: FutureWarning: DataFrameGroupBy.apply operated on the grouping columns. This behavior is deprecated, and in a future version of pandas the grouping columns will be excluded from the operation. Either pass `include_groups=False` to exclude the groupings or explicitly select the grouping columns after groupby to silence this warning.
  complete = df.groupby("country_text_id").apply(
=== Stage 4: Network SCM (Spatio-Temporal Graph) — seed=42 ===

Countries: 138, Years: 1990-2025

Building spatial edges...
  Contiguity pairs: 482, Alliance pairs (2020): 4950

Building spatio-temporal graph...
  Spatio-temporal graph: 4968 nodes, 186260 edges (176600 spatial, 9660 temporal)
  Augmented features: 22 (raw 10 + spatial lags 12)
  Train nodes: 4140, Test nodes: 828

Training INE-TARNet on spatio-temporal graph...
  Epoch 50/250: train=-0.50993, test=0.039449
  Epoch 100/250: train=-0.65980, test=0.025864
  Epoch 150/250: train=-0.68898, test=0.023035
  Epoch 200/250: train=-0.69772, test=0.021879
  Epoch 250/250: train=-0.69797, test=0.021626
  Best test MSE: 0.021626

  Learned convex W weights (Neumayer & Plumper 2016):
    α_contiguity: 0.352
    α_alliance: 0.361
    α_trade: 0.287

Counterfactual decomposition...
Saved NSCM residuals (4968 rows)
Computing per-factor contagion scores...

=== Network ablation test ===
  MSE (full model):       0.021626
  MSE (temporal only):    0.034934
  MSE (no network):       0.044532
  Improvement from spatial edges: 38.1%
  Improvement from total network: 51.4%
  PASS: Network features improve prediction by 51.4%

=== Most network-influenced (2025) ===
  Malaysia: 0.747
  Ecuador: 0.688
  Mexico: 0.665
  Bhutan: 0.627
  Sudan: 0.615
  Tanzania: 0.614
  Ukraine: 0.608
  Jordan: 0.606
  Georgia: 0.604
  Serbia: 0.603

=== Most domestically driven (2025) ===
  Germany: 0.166
  Sweden: 0.158
  Norway: 0.157
  Denmark: 0.147
  Vietnam: 0.139
  United Arab Emirates: 0.130
  Laos: 0.118
  Turkmenistan: 0.097
  Belarus: 0.076
  North Korea: 0.054

=== Case studies (smoothed) ===
  Hungary: 2021:0.626, 2022:0.627, 2023:0.625, 2024:0.620, 2025:0.603
  Türkiye: 2021:0.355, 2022:0.359, 2023:0.351, 2024:0.337, 2025:0.323
  Poland: 2021:0.567, 2022:0.571, 2023:0.507, 2024:0.441, 2025:0.395
  United States of America: 2021:0.272, 2022:0.266, 2023:0.248, 2024:0.280, 2025:0.285
  Denmark: 2021:0.170, 2022:0.171, 2023:0.156, 2024:0.156, 2025:0.147
/home/shadeform/AIM4D/stage5_ews/estimate.py:528: FutureWarning: The default fill_method='ffill' in SeriesGroupBy.pct_change is deprecated and will be removed in a future version. Either fill in any non-leading NA values prior to calling pct_change or specify 'fill_method=None' to not fill NA values.
  macro["mil_growth"] = macro.groupby("iso3")["military_spending"].pct_change()
=== Stage 5: Early Warning Signals ===

Loaded dual residuals: 4 factor-based + 5 NSCM
Countries: 138
Indicators: rolling variance, AR(1), kurtosis
Country-relative z-scores (baseline ≤2005), z-cap=10.0

============================================================
Election vulnerability module
============================================================

  Election thresholds: high=5.65 (p80), moderate=5.08 (p50 of nonzero)
  Election alerts: 2490
  Poland: election alerts in [1996, 1997, 1998, 1999, 2004]
  Hungary: election alerts in [1999, 2011, 2013, 2014, 2015]
  Venezuela: election alerts in [1999, 2000, 2001, 2004, 2005]
  Türkiye: election alerts in [2012, 2013, 2014, 2015, 2016]

============================================================
Democratic vulnerability module (high-polyarchy sensitivity)
============================================================

  Democratic vulnerability alerts: 200
  Hungary: alerts in [2004, 2010]
  United States of America: alerts in [2001, 2016, 2017, 2018, 2024]
  Denmark: alerts in [2014, 2020]

============================================================
Military threat module
============================================================

  Military threat alerts: 314
  Thailand: alerts in [2020]
  Egypt: no military threat alert
  Burma/Myanmar: no military threat alert
  Mali: alerts in [2015, 2016, 2017, 2024]

  GDELT event features loaded: ['protest_count_zscore', 'conflict_count_zscore', 'repression_count_zscore', 'protest_count_zscore_lag1', 'conflict_count_zscore_lag1', 'repression_count_zscore_lag1']

============================================================
Meta-learner calibration
============================================================

  DSP variables loaded: ['v2smgovdom', 'v2smfordom', 'v2smgovfilprc', 'v2smgovsmmon', 'v2smpardom']
  Restricted to year >= 2000 (DSP coverage window): 5066 -> 3765 country-years
  Task F: excluding country 'Hungary' from meta-learner training
  Elastic net selected 32/73 features:
    csd_x_network: +0.7402
    csd_index_pctile: -0.5628
    v2smfordom_x_post2015_detrended: -0.3997
    v2smpardom: -0.3722
    v2smgovdom_detrended: +0.3242
    v2smfordom_detrended: +0.2405
    csd_index_delta2: +0.1873
    csd_x_military: -0.1804
    mv_csd_index_pctile: +0.1445
    csd_index_detrended: -0.1398
    party_threat: -0.1341
    csd_index_delta1: +0.1327
    protest_count_zscore: +0.1265
    v2smgovsmmon: -0.1215
    v2smpardom_x_post2015_detrended: -0.1108
    network_exposure: +0.1003
    election_vulnerability_delta2: +0.0987
    v2smgovfilprc: -0.0942
    mil_zscore_x_post2015_detrended: +0.0846
    network_exposure_detrended: +0.0791
    mil_zscore: +0.0723
    mv_csd_index_delta1: -0.0696
    csd_index_x_post2015: +0.0518
    conflict_count_zscore_lag1_detrended: -0.0466
    party_threat_detrended: -0.0353
    repression_count_zscore: +0.0339
    v2smgovsmmon_x_post2015: -0.0324
    v2smgovdom_x_post2015: +0.0323
    v2smgovsmmon_x_post2015_detrended: -0.0276
    mil_zscore_lag1: +0.0184
    v2smfordom_x_post2015: -0.0084
    mil_zscore_x_post2015: +0.0045

  Stacked ensemble (cross-validated weights):
    LR weight: 0.200, GB weight: 0.800
    LR component range: [0.0184, 0.3267]
    GB component range: [0.0057, 0.9099]
  GB feature importance (top 10):
    csd_index_x_post2015: 0.1206
    v2smgovsmmon: 0.1065
    csd_x_network: 0.0941
    v2smfordom_x_post2015: 0.0645
    mv_csd_index_pctile: 0.0566
    v2smpardom: 0.0550
    network_exposure: 0.0493
    party_threat: 0.0470
    v2smgovfilprc: 0.0397
    v2smgovdom_x_post2015: 0.0355

  Tiered alerts (calibrated risk):
    alert: 78 (2.2%)
    warning: 156 (4.4%)
    watch: 650 (18.2%)
    none: 2696 (75.3%)

============================================================
Validation: episode detection + precision@K
============================================================

  Hungary (backsliding 2010): DETECTED [watch] via CSD+mvCSD (4yr lead, risk=0.106)
  Türkiye (backsliding 2013): DETECTED [alert] via CSD+mvCSD+ELEC (5yr lead, risk=0.564)
  Poland (backsliding 2015): DETECTED [watch] via ELEC (5yr lead, risk=0.139)
  Venezuela (backsliding 2002): DETECTED [watch] via mvCSD+ELEC (2yr lead, risk=0.111)
  Tunisia (backsliding 2021): DETECTED [alert] via CSD+mvCSD+ELEC (5yr lead, risk=0.640)
  Burma/Myanmar (coup 2021): DETECTED [alert] via CSD (5yr lead, risk=0.674)
  Mali (coup 2020): DETECTED [alert] via mvCSD+ELEC (5yr lead, risk=0.648)
  Burkina Faso (coup 2022): DETECTED [alert] via CSD+mvCSD+ELEC (5yr lead, risk=0.498)
  Nicaragua (backsliding 2007): DETECTED [warning] via CSD+ELEC (5yr lead, risk=0.213)
  Philippines (backsliding 2016): DETECTED [alert] via CSD+ELEC (5yr lead, risk=0.446)
  India (backsliding 2014): DETECTED [watch] via ELEC (5yr lead, risk=0.153)
  Brazil (backsliding 2019): DETECTED [alert] via CSD+ELEC (4yr lead, risk=0.590)
  El Salvador (2019): NO DATA
  Russia (2000): NO DATA
  Serbia (backsliding 2012): DETECTED [watch] via CSD+mvCSD+ELEC (5yr lead, risk=0.176)
  Bangladesh (backsliding 2007): DETECTED [watch] via CSD (5yr lead, risk=0.140)
  Thailand (coup 2014): DETECTED [alert] via CSD+mvCSD (5yr lead, risk=0.478)
  Egypt (coup 2013): DETECTED [alert] via CSD+mvCSD+ELEC (5yr lead, risk=0.489)
  Fiji (coup 2006): DETECTED [watch] via ELEC (5yr lead, risk=0.147)
  Honduras (2009): NO DATA
  Niger (coup 2009): DETECTED [watch] via ELEC (5yr lead, risk=0.128)
  Guinea (coup 2009): DETECTED [watch] via meta-only (2yr lead, risk=0.090)
  Guinea-Bissau (coup 2012): DETECTED [watch] via CSD+mvCSD+ELEC (5yr lead, risk=0.147)
  Libya (2014): NO DATA
  Afghanistan (coup 2021): DETECTED [alert] via ELEC (5yr lead, risk=0.485)
  Sudan (coup 2021): DETECTED [alert] via CSD+ELEC (5yr lead, risk=0.648)
  Chad (coup 2021): DETECTED [alert] via meta-only (5yr lead, risk=0.598)
  Ukraine (backsliding 2010): DETECTED [warning] via CSD+mvCSD (5yr lead, risk=0.257)
  Maldives (backsliding 2013): DETECTED [warning] via CSD+mvCSD+ELEC (5yr lead, risk=0.265)
  Zambia (backsliding 2013): DETECTED [warning] via mvCSD+ELEC (5yr lead, risk=0.259)
  Montenegro (2007): NO DATA
  North Macedonia (backsliding 2011): DETECTED [warning] via CSD+ELEC (5yr lead, risk=0.298)
  Kenya (backsliding 2007): DETECTED [warning] via meta-only (5yr lead, risk=0.190)
  Bolivia (backsliding 2019): DETECTED [alert] via CSD+ELEC (5yr lead, risk=0.784)
  Benin (backsliding 2019): DETECTED [warning] via mvCSD+ELEC (5yr lead, risk=0.325)
  Ivory Coast (backsliding 2020): DETECTED [alert] via CSD+ELEC (5yr lead, risk=0.704)
  Nigeria (backsliding 2021): DETECTED [alert] via meta-only (5yr lead, risk=0.649)
  Guyana (backsliding 2021): DETECTED [alert] via CSD+mvCSD (5yr lead, risk=0.751)
  Mauritius (backsliding 2017): DETECTED [warning] via CSD+mvCSD (5yr lead, risk=0.427)
  Belarus (1996): NO DATA
  Georgia (backsliding 2024): DETECTED [warning] via CSD+ELEC (5yr lead, risk=0.190)

  Detection by tier (cumulative):
    Watch (top 20%):  35/35
    Warning (top 5%): 25/35
    Alert (top 2%):   16/35

  Precision@K (country-level ranked risk list):
    @  5: precision=100.0%, recall=13.9%, lift=3.8x
    @ 10: precision=100.0%, recall=27.8%, lift=3.8x
    @ 20: precision=95.0%, recall=52.8%, lift=3.6x
    @ 50: precision=64.0%, recall=88.9%, lift=2.5x

  Warning-tier performance:
    Alerts: 234 / 3580 (6.5%)
    Precision: 47.9%
    Sensitivity: 25/35 (71%)
    F1: 0.573
    Stable democracy FPs: 0

============================================================
Leave-one-episode-out cross-validation
============================================================

  Hungary: DETECTED [watch] (LOEO, risk=0.120)
  Türkiye: DETECTED [alert] (LOEO, risk=0.329)
  Poland: MISSED (LOEO, risk=0.045, watch_thresh=0.066)
  Venezuela: DETECTED [watch] (LOEO, risk=0.073)
  Tunisia: MISSED (LOEO, risk=0.061, watch_thresh=0.067)
  Burma/Myanmar: DETECTED [warning] (LOEO, risk=0.166)
  Mali: MISSED (LOEO, risk=0.039, watch_thresh=0.068)
  Burkina Faso: MISSED (LOEO, risk=0.033, watch_thresh=0.069)
  Nicaragua: DETECTED [watch] (LOEO, risk=0.097)
  Philippines: MISSED (LOEO, risk=0.060, watch_thresh=0.066)
  India: DETECTED [watch] (LOEO, risk=0.092)
  Brazil: DETECTED [watch] (LOEO, risk=0.121)
  Serbia: DETECTED [watch] (LOEO, risk=0.090)
  Bangladesh: DETECTED [watch] (LOEO, risk=0.079)
  Thailand: DETECTED [warning] (LOEO, risk=0.152)
  Egypt: DETECTED [warning] (LOEO, risk=0.181)
  Fiji: MISSED (LOEO, risk=0.066, watch_thresh=0.067)
  Niger: DETECTED [watch] (LOEO, risk=0.097)
  Guinea: MISSED (LOEO, risk=0.058, watch_thresh=0.067)
  Guinea-Bissau: MISSED (LOEO, risk=0.043, watch_thresh=0.065)
  Afghanistan: MISSED (LOEO, risk=0.055, watch_thresh=0.066)
  Sudan: DETECTED [watch] (LOEO, risk=0.127)
  Chad: DETECTED [warning] (LOEO, risk=0.210)
  Ukraine: DETECTED [watch] (LOEO, risk=0.072)
  Maldives: DETECTED [watch] (LOEO, risk=0.136)
  Zambia: DETECTED [warning] (LOEO, risk=0.173)
  North Macedonia: MISSED (LOEO, risk=0.057, watch_thresh=0.066)
  Kenya: DETECTED [watch] (LOEO, risk=0.092)
  Bolivia: DETECTED [warning] (LOEO, risk=0.311)
  Benin: MISSED (LOEO, risk=0.031, watch_thresh=0.067)
  Ivory Coast: DETECTED [watch] (LOEO, risk=0.145)
  Nigeria: DETECTED [watch] (LOEO, risk=0.088)
  Guyana: DETECTED [watch] (LOEO, risk=0.144)
  Mauritius: DETECTED [watch] (LOEO, risk=0.146)
  Georgia: MISSED (LOEO, risk=0.026, watch_thresh=0.066)

  LOEO Sensitivity by tier (unbiased):
    Watch (P80):   23/35 (66%)
    Warning (P95): 7/35 (20%)
    Alert (P98):   1/35 (3%)
  (Each episode predicted without seeing itself)

  LOEO stratified by episode type:
    backsliding: 17/23 (74%)
    coup: 6/12 (50%)

  LOEO stratified by onset era:
    pre-2005: 1/1 (100%)
    2005-2014: 13/17 (76%)
    2015-2021: 9/15 (60%)
    post-2021: 0/2 (0%)

============================================================
Continuous risk score evaluation (AUC)
============================================================

  Base rate (positive class): 0.061
  AUC-ROC: 0.945
  AUC-PR:  0.628
  Lift over random: 10.3x
  AUC-ROC (OOS): 0.845
  AUC-PR (OOS):  0.268

  Risk score calibration:
    Top 1%: precision=100.0%, recall=16.8% (thresh=0.57)
    Top 5%: precision=61.4%, recall=50.5% (thresh=0.21)
    Top 10%: precision=40.1%, recall=65.9% (thresh=0.13)
    Top 20%: precision=27.6%, recall=90.9% (thresh=0.09)

============================================================
Expanding-window temporal CV
============================================================

  2006-2008: AUC=0.930, episodes=5, detected=2/5
  2009-2011: AUC=0.974, episodes=6, detected=2/6
  2012-2014: AUC=0.950, episodes=9, detected=4/9
  2015-2017: AUC=0.985, episodes=3, detected=2/3
  2018-2020: AUC=0.981, episodes=6, detected=5/6
  2021-2023: AUC=0.785, episodes=8, detected=0/8

  Mean AUC across windows: 0.934 +/- 0.069
  Mean detection rate: 45%
  (This is the robust generalization estimate across 6 temporal windows)

  Secondary OOS (TRAIN_CUTOFF=2019, 6-year horizon):
    AUC-ROC: 0.845
    AUC-PR:  0.268
    Episodes (onset>2019): 11, detected: 9/11

============================================================
Case studies
============================================================

Hungary:
  2016 CSD=5.3 elec_vuln=0.0 var_z=10.0 ar1_z=3.0 f=5/9 *** CSD
  2017 CSD=5.3 elec_vuln=5.1 var_z=10.0 ar1_z=2.9 f=4/9 *** CSD+ELEC
  2018 CSD=6.0 elec_vuln=5.5 var_z=10.0 ar1_z=6.6 f=4/9 *** CSD+ELEC
  2019 CSD=3.8 elec_vuln=5.6 var_z=10.0 ar1_z=2.7 f=4/9 *** CSD+ELEC
  2020 (OOS) CSD=3.6 elec_vuln=0.0 var_z=10.0 ar1_z=2.7 f=3/9 *** CSD
  2021 (OOS) CSD=3.4 elec_vuln=5.6 var_z=10.0 ar1_z=2.7 f=3/9 *** CSD+ELEC
  2022 (OOS) CSD=3.6 elec_vuln=5.6 var_z=10.0 ar1_z=2.7 f=5/9 *** CSD+ELEC
  2023 (OOS) CSD=4.4 elec_vuln=5.8 var_z=10.0 ar1_z=2.5 f=5/9 *** CSD+ELEC
  2024 (OOS) CSD=3.6 elec_vuln=0.0 var_z=10.0 ar1_z=2.6 f=1/9
  2025 (OOS) CSD=3.9 elec_vuln=0.0 var_z=10.0 ar1_z=2.2 f=2/9

Türkiye:
  2016 CSD=4.8 elec_vuln=5.0 var_z=10.0 ar1_z=0.8 f=3/9 *** CSD+ELEC
  2017 CSD=4.7 elec_vuln=5.2 var_z=10.0 ar1_z=1.9 f=3/9 *** CSD+ELEC
  2018 CSD=4.0 elec_vuln=5.3 var_z=10.0 ar1_z=2.6 f=4/9 *** CSD+ELEC
  2019 CSD=3.5 elec_vuln=5.4 var_z=10.0 ar1_z=1.7 f=2/9 *** CSD+ELEC
  2020 (OOS) CSD=3.6 elec_vuln=0.0 var_z=10.0 ar1_z=1.8 f=2/9 *** CSD
  2021 (OOS) CSD=3.7 elec_vuln=0.0 var_z=10.0 ar1_z=1.8 f=3/9 *** CSD
  2022 (OOS) CSD=3.8 elec_vuln=5.4 var_z=10.0 ar1_z=2.1 f=3/9 *** CSD+ELEC
  2023 (OOS) CSD=4.4 elec_vuln=5.5 var_z=10.0 ar1_z=2.3 f=5/9 *** CSD+ELEC
  2024 (OOS) CSD=5.3 elec_vuln=5.7 var_z=10.0 ar1_z=2.4 f=5/9 *** CSD+ELEC
  2025 (OOS) CSD=5.4 elec_vuln=0.0 var_z=10.0 ar1_z=3.1 f=5/9 *** CSD

Poland:
  2016 CSD=6.1 elec_vuln=4.8 var_z=10.0 ar1_z=7.1 f=6/9 *** CSD+ELEC
  2017 CSD=4.9 elec_vuln=0.0 var_z=10.0 ar1_z=5.2 f=5/9 *** CSD
  2018 CSD=4.1 elec_vuln=5.4 var_z=10.0 ar1_z=5.4 f=6/9 *** CSD+ELEC
  2019 CSD=4.3 elec_vuln=5.4 var_z=10.0 ar1_z=5.7 f=6/9 *** CSD+ELEC
  2020 (OOS) CSD=4.1 elec_vuln=5.4 var_z=10.0 ar1_z=5.1 f=6/9 *** CSD+ELEC
  2021 (OOS) CSD=4.0 elec_vuln=5.4 var_z=10.0 ar1_z=4.5 f=7/9 *** CSD+ELEC
  2022 (OOS) CSD=4.2 elec_vuln=5.4 var_z=10.0 ar1_z=5.3 f=7/9 *** CSD+ELEC
  2023 (OOS) CSD=5.1 elec_vuln=5.7 var_z=10.0 ar1_z=6.2 f=7/9 *** CSD+ELEC
  2024 (OOS) CSD=4.0 elec_vuln=5.7 var_z=10.0 ar1_z=6.3 f=3/9 *** CSD+ELEC
  2025 (OOS) CSD=3.9 elec_vuln=5.7 var_z=10.0 ar1_z=6.7 f=0/9 *** ELEC

United States of America:
  2016 CSD=4.4 elec_vuln=4.3 var_z=9.4 ar1_z=1.4 f=3/9 *** CSD+ELEC
  2017 CSD=5.3 elec_vuln=4.2 var_z=10.0 ar1_z=4.7 f=5/9 *** CSD+ELEC
  2018 CSD=5.5 elec_vuln=4.1 var_z=10.0 ar1_z=5.2 f=5/9 *** CSD+ELEC
  2019 CSD=5.8 elec_vuln=4.1 var_z=10.0 ar1_z=6.0 f=4/9 *** CSD+ELEC
  2020 (OOS) CSD=3.9 elec_vuln=4.1 var_z=10.0 ar1_z=4.6 f=3/9 *** CSD+ELEC
  2021 (OOS) CSD=3.6 elec_vuln=4.1 var_z=10.0 ar1_z=3.4 f=3/9 *** CSD+ELEC
  2022 (OOS) CSD=4.3 elec_vuln=4.1 var_z=10.0 ar1_z=5.2 f=3/9 *** CSD+ELEC
  2023 (OOS) CSD=4.7 elec_vuln=4.1 var_z=10.0 ar1_z=6.4 f=3/9 *** CSD+ELEC
  2024 (OOS) CSD=4.9 elec_vuln=4.8 var_z=10.0 ar1_z=6.0 f=4/9 *** CSD+ELEC
  2025 (OOS) CSD=4.5 elec_vuln=4.8 var_z=10.0 ar1_z=2.9 f=5/9 *** CSD+ELEC

Denmark:
  2016 CSD=3.3 elec_vuln=4.7 var_z=6.2 ar1_z=0.9 f=1/9 *** ELEC
  2017 CSD=3.4 elec_vuln=0.0 var_z=6.1 ar1_z=1.9 f=1/9
  2018 CSD=3.7 elec_vuln=4.3 var_z=7.8 ar1_z=3.4 f=1/9 *** ELEC
  2019 CSD=3.1 elec_vuln=4.1 var_z=3.7 ar1_z=3.6 f=0/9 *** ELEC
  2020 (OOS) CSD=4.7 elec_vuln=4.1 var_z=10.0 ar1_z=4.2 f=1/9 *** CSD+ELEC
  2021 (OOS) CSD=4.2 elec_vuln=4.1 var_z=10.0 ar1_z=3.3 f=2/9 *** CSD+ELEC
  2022 (OOS) CSD=3.9 elec_vuln=4.1 var_z=10.0 ar1_z=3.5 f=1/9 *** ELEC
  2023 (OOS) CSD=4.6 elec_vuln=4.1 var_z=10.0 ar1_z=4.1 f=2/9 *** CSD+ELEC
  2024 (OOS) CSD=5.0 elec_vuln=0.0 var_z=8.5 ar1_z=3.8 f=2/9 *** CSD
  2025 (OOS) CSD=5.0 elec_vuln=0.0 var_z=10.0 ar1_z=3.2 f=2/9 *** CSD


============================================================
Prospective Risk Ranking: 2026-2031 Autocratization Risk
(Genuine prospective forecast — verifiable against future data)
============================================================

  Rank  Country                            Risk Tier       Key Signals
  --------------------------------------------------------------------------------
  1     Ivory Coast                      0.5682 alert      CSD+ELEC
  2     Bolivia                          0.5640 alert      CSD+mvCSD+ELEC
  3     Argentina                        0.3881 warning    CSD+mvCSD+ELEC
  4     Niger                            0.3335 warning    CSD
  5     Ecuador                          0.3260 warning    CSD+mvCSD+ELEC
  6     Tunisia                          0.3036 warning    CSD+ELEC
  7     Moldova                          0.2914 warning    CSD
  8     Portugal                         0.2881 warning    CSD+mvCSD+ELEC
  9     Gabon                            0.2809 warning    CSD+ELEC
  10    Nigeria                          0.2605 warning    mvCSD
  11    Philippines                      0.2576 warning    CSD+ELEC
  12    Israel                           0.2490 warning    CSD
  13    Iran                             0.2476 warning    meta
  14    Guyana                           0.2328 warning    ELEC
  15    Mauritius                        0.2267 warning    CSD+mvCSD
  16    Fiji                             0.2134 warning    CSD
  17    Türkiye                          0.1991 warning    CSD+mvCSD
  18    Malaysia                         0.1838 watch      CSD
  19    North Macedonia                  0.1834 watch      CSD+mvCSD
  20    Bhutan                           0.1764 watch      CSD+mvCSD
  21    Guatemala                        0.1684 watch      CSD+mvCSD
  22    Somalia                          0.1583 watch      meta
  23    Indonesia                        0.1571 watch      meta
  24    United Kingdom                   0.1552 watch      CSD+ELEC
  25    Hungary                          0.1480 watch      meta
  -> full-pipeline LOEO max_risk=0.1056 tier=watch
     meta-only      LOEO max_risk=0.1558 tier=watch
     delta (full - meta) = -0.0502

======================================================================
Full-pipeline LOEO: Türkiye (2013, backsliding)
======================================================================
/home/shadeform/AIM4D/stage1_factors/extract.py:39: SettingWithCopyWarning: 
A value is trying to be set on a copy of a slice from a DataFrame.
Try using .loc[row_indexer,col_indexer] = value instead

See the caveats in the documentation: https://pandas.pydata.org/pandas-docs/stable/user_guide/indexing.html#returning-a-view-versus-a-copy
  panel[c] = pd.to_numeric(panel[c], errors="coerce")
V-Dem loaded: 28092 rows, 4618 columns
Countries: 202, Years: 1789-2025
Selected 332 indicators (from 507 candidates)
Panel: 139 countries, 1970-2025, 7422 country-years, 332 indicators
Matrix: 7422 obs x 332 indicators
  Task F: excluding country 'Türkiye' from POET fit
Fitting POET on 6546/7422 country-years (year <= 2019)
Bai-Ng: IC1=20, IC2=20, IC3=20 (all maxed)
Scree elbow: K=4

Using K=4 factors (scree elbow — IC criteria maxed at 20)
Variance explained: [43.6  5.8  3.7  2.4]%
Cumulative: [43.6 49.4 53.  55.4]%

Factor interpretations:
  factor_1 -> institutional_entrenchment
    Top: ['v2x_diagacc', 'v2x_freexp_altinf', 'v2x_clpol', 'v2x_accountability', 'v2x_electoral_integrity']
  factor_2 -> executive_overreach
    Top: ['v2xeg_eqdr', 'v2peedueq', 'v2pehealth', 'v2peapsecon', 'v2elvotbuy']
  factor_3 -> civil_society_and_suffrage
    Top: ['v2fsuffrage', 'v2asuffrage', 'v2msuffrage', 'v2x_elecreg', 'v2xlg_elecreg']
  factor_4 -> direct_democratic_practice
    Top: ['v2xdd_dd', 'v2xdd_cic', 'v2xdd_i_ci', 'v2ddthreci', 'v2ddthrerf']

Saved to stage1_factors/

=== Factor loadings (top 5 per factor) ===

factor_1:
  v2x_diagacc: 0.988
  v2x_freexp_altinf: 0.982
  v2x_clpol: 0.978
  v2x_accountability: 0.976
  v2x_electoral_integrity: 0.975

factor_2:
  v2xeg_eqdr: 0.783
  v2peedueq: 0.780
  v2pehealth: 0.766
  v2peapsecon: 0.764
  v2elvotbuy: 0.762

factor_3:
  v2fsuffrage: 0.715
  v2asuffrage: 0.713
  v2msuffrage: 0.708
  v2x_elecreg: 0.662
  v2xlg_elecreg: 0.659

factor_4:
  v2xdd_dd: 0.737
  v2xdd_cic: 0.694
  v2xdd_i_ci: 0.617
  v2ddthreci: 0.605
  v2ddthrerf: 0.602

=== Sample country trajectories (Factor 1) ===

Hungary:
  2021: -0.134
  2022: -0.142
  2023: -0.164
  2024: -0.185
  2025: -0.228

Poland:
  2021: 0.358
  2022: 0.322
  2023: 0.438
  2024: 0.693
  2025: 0.764

Denmark:
  2021: 1.197
  2022: 1.187
  2023: 1.178
  2024: 1.173
  2025: 1.155

United States of America:
  2021: 1.365
  2022: 1.355
  2023: 1.347
  2024: 1.301
  2025: 0.903
Loaded 7422 country-years, 139 countries
  [1/139] Mexico: done
  [25/139] Afghanistan: done
  [50/139] Zimbabwe: done
  [75/139] Morocco: done
  [100/139] Laos: done
  [125/139] Israel: done

Estimated betas for 138 countries
Output: 7394 country-years x 4 factor betas

Beta summary by factor:
  factor_1: mean=0.640, std=1.692, range=[-5.496, 7.616]
  factor_2: mean=0.643, std=1.403, range=[-1.535, 7.146]
  factor_3: mean=0.504, std=1.292, range=[-2.109, 9.146]
  factor_4: mean=0.599, std=2.446, range=[-2.930, 16.081]

=== Hungary betas over time ===
  2016: F1=3.523 F2=1.335 F3=1.450 F4=0.626
  2017: F1=4.306 F2=1.490 F3=1.402 F4=1.159
  2018: F1=5.101 F2=0.845 F3=1.422 F4=1.125
  2019: F1=4.686 F2=1.610 F3=1.429 F4=0.894
  2020: F1=4.685 F2=1.613 F3=1.428 F4=0.893
  2021: F1=4.683 F2=1.635 F3=1.278 F4=0.883
  2022: F1=4.671 F2=1.629 F3=1.355 F4=0.844
  2023: F1=4.668 F2=1.619 F3=1.315 F4=1.100
  2024: F1=4.664 F2=1.595 F3=1.306 F4=0.911
  2025: F1=4.665 F2=1.529 F3=1.339 F4=0.829

=== Turkey betas over time ===
  2016: F1=2.702 F2=-0.046 F3=-0.283 F4=-1.228
  2017: F1=3.055 F2=0.242 F3=-0.400 F4=-0.322
  2018: F1=3.053 F2=0.352 F3=-0.298 F4=-1.106
  2019: F1=3.038 F2=0.053 F3=-0.254 F4=-0.535
  2020: F1=3.044 F2=0.279 F3=-0.302 F4=-0.379
  2021: F1=2.970 F2=0.262 F3=-0.174 F4=-0.393
  2022: F1=2.875 F2=0.240 F3=-0.266 F4=-0.393
  2023: F1=2.853 F2=0.140 F3=-0.262 F4=-0.374
  2024: F1=2.788 F2=0.050 F3=-0.262 F4=-0.369
  2025: F1=2.785 F2=0.588 F3=-0.456 F4=-0.404

=== Poland betas over time ===
  2016: F1=4.362 F2=1.121 F3=-0.445 F4=-1.275
  2017: F1=4.754 F2=1.294 F3=-0.661 F4=-1.843
  2018: F1=4.749 F2=1.259 F3=-0.611 F4=-1.454
  2019: F1=4.731 F2=1.203 F3=-0.591 F4=-1.331
  2020: F1=4.646 F2=1.216 F3=-0.575 F4=-1.190
  2021: F1=4.523 F2=0.840 F3=-0.636 F4=-1.213
  2022: F1=4.358 F2=0.811 F3=-0.344 F4=-1.252
  2023: F1=4.319 F2=0.903 F3=-0.301 F4=-1.255
  2024: F1=3.988 F2=0.702 F3=-0.297 F4=-1.134
  2025: F1=3.993 F2=1.191 F3=-0.379 F4=-1.401

=== 2025 Factor 1 beta rankings ===
Bottom 5 (decoupling from global democratic trend):
  Benin: -5.496
  Zimbabwe: -4.704
  Ivory Coast: -3.156
  Namibia: -2.846
  Morocco: -2.150
Top 5 (amplifying global democratic trend):
  Azerbaijan: 4.480
  Hungary: 4.665
  Yemen: 5.515
  Burundi: 5.592
  Egypt: 7.616

=== Cross-country beta variation ===
  factor_1: avg within-country std = 0.8360
  factor_2: avg within-country std = 0.7113
  factor_3: avg within-country std = 0.5634
  factor_4: avg within-country std = 0.7723
Model is not converging.  Current: -44631.18523019387 is not greater than -44631.15995496586. Delta is -0.02527522801392479
Model is not converging.  Current: -44631.25284947866 is not greater than -44631.160753108205. Delta is -0.09209637045569252
Model is not converging.  Current: -44631.18180204311 is not greater than -44631.13937124572. Delta is -0.042430797388078645
Model is not converging.  Current: -44833.74426396587 is not greater than -44833.729658520904. Delta is -0.01460544496512739
Model is not converging.  Current: -44631.21997312419 is not greater than -44631.15119132001. Delta is -0.06878180418425472
Model is not converging.  Current: -44833.992559105354 is not greater than -44833.98023218616. Delta is -0.012326919197221287
Model is not converging.  Current: -44631.22367872887 is not greater than -44631.15314951977. Delta is -0.07052920910064131
Model is not converging.  Current: -44735.70151476728 is not greater than -44735.01388572406. Delta is -0.6876290432192036
Model is not converging.  Current: -44631.19204871099 is not greater than -44631.127331810676. Delta is -0.06471690031321486
Model is not converging.  Current: -44736.56491530393 is not greater than -44735.419082894674. Delta is -1.1458324092527619
Model is not converging.  Current: -44775.52780297811 is not greater than -44775.527000452326. Delta is -0.0008025257848203182
Model is not converging.  Current: -44631.22049528661 is not greater than -44631.15278294994. Delta is -0.06771233666950138
Model is not converging.  Current: -44631.192519025426 is not greater than -44631.15161413854. Delta is -0.040904886889620684
Model is not converging.  Current: -44833.93541806411 is not greater than -44833.93491516654. Delta is -0.0005028975720051676
Model is not converging.  Current: -44631.1879252505 is not greater than -44631.147366889636. Delta is -0.04055836086627096
Model is not converging.  Current: -44631.19513891377 is not greater than -44631.18070386313. Delta is -0.014435050637985114
Model is not converging.  Current: -44833.9349125338 is not greater than -44833.91733124535. Delta is -0.017581288448127452
Model is not converging.  Current: -44631.19997881949 is not greater than -44631.15678146209. Delta is -0.04319735740136821
Model is not converging.  Current: -44834.19429881471 is not greater than -44834.179785783155. Delta is -0.014513031557726208
Model is not converging.  Current: -44833.755207089074 is not greater than -44833.72644320706. Delta is -0.028763882015482523
Model is not converging.  Current: -44832.189645541504 is not greater than -44831.63281930471. Delta is -0.5568262367960415
Model is not converging.  Current: -44631.19294425923 is not greater than -44631.15885218693. Delta is -0.034092072302883025
Model is not converging.  Current: -44834.10147634051 is not greater than -44834.08308513967. Delta is -0.01839120084332535
Model is not converging.  Current: -44834.002615644975 is not greater than -44834.00214012595. Delta is -0.0004755190238938667
Model is not converging.  Current: -44631.25525278551 is not greater than -44631.16276232346. Delta is -0.09249046204786282
Model is not converging.  Current: -44631.19544195431 is not greater than -44631.14313942385. Delta is -0.05230253045738209
Model is not converging.  Current: -44834.04042601716 is not greater than -44834.02518291641. Delta is -0.015243100751831662
Model is not converging.  Current: -44630.55277654555 is not greater than -44630.44938007415. Delta is -0.1033964714006288
Model is not converging.  Current: -44631.72437597201 is not greater than -44631.72410255736. Delta is -0.00027341464738128707
Model is not converging.  Current: -44737.5034276322 is not greater than -44736.82218756636. Delta is -0.6812400658382103
Model is not converging.  Current: -44631.20041144144 is not greater than -44631.150089744326. Delta is -0.05032169711194001
Model is not converging.  Current: -44735.762999097176 is not greater than -44735.441932259484. Delta is -0.32106683769234223
Model is not converging.  Current: -44631.19571448423 is not greater than -44631.13131652182. Delta is -0.0643979624073836
Model is not converging.  Current: -44702.044931683944 is not greater than -44702.03396576412. Delta is -0.010965919820591807
Model is not converging.  Current: -44775.546474455026 is not greater than -44775.545257498576. Delta is -0.00121695645066211
Model is not converging.  Current: -44775.546942911125 is not greater than -44775.54540338033. Delta is -0.00153953079279745
Model is not converging.  Current: -44752.646841669346 is not greater than -44752.635022129434. Delta is -0.011819539911812171
Model is not converging.  Current: -44736.557692059 is not greater than -44735.528498763684. Delta is -1.0291932953186915
Model is not converging.  Current: -44431.98243019062 is not greater than -44431.96119153231. Delta is -0.02123865830799332
Model is not converging.  Current: -44774.546592192266 is not greater than -44774.546583455085. Delta is -8.737180905882269e-06
Model is not converging.  Current: -44736.541550360314 is not greater than -44735.33920960319. Delta is -1.2023407571250573
Model is not converging.  Current: -44631.222168988505 is not greater than -44631.14500277904. Delta is -0.0771662094630301
Model is not converging.  Current: -44612.41551716828 is not greater than -44612.41549969596. Delta is -1.7472317267674953e-05
=== Stage 3: MS Regime Classification + TVTP ===

Features (8): ['factor_1', 'factor_2', 'factor_3', 'factor_4'] + ['lag_factor_1', 'lag_factor_2', 'lag_factor_3', 'lag_factor_4'] (MS-VAR(1) with lagged factors)
Panel: 138 countries, 7256 obs

  Task F: excluding country 'Türkiye' from HMM/TVTP fit
Training subset: year <= 2019, 137 countries, 6387 obs

Quantile-based init (Factor 1 bands, no V-Dem supervision):
  Band 0 (liberal_democracy): 1278 obs, F1 range=[0.943, 1.535], F1 mean=1.125
  Band 1 (electoral_democracy): 1277 obs, F1 range=[0.513, 0.943], F1 mean=0.770
  Band 2 (hybrid_regime): 1277 obs, F1 range=[-0.208, 0.513], F1 mean=0.176
  Band 3 (competitive_authoritarian): 1277 obs, F1 range=[-1.022, -0.208], F1 mean=-0.618
  Band 4 (closed_authoritarian): 6387 obs, F1 range=[-2.791, -1.022], F1 mean=-0.019

Phase 1: Baseline HMM (K-means init, no supervision)...
  Restart 20/60: score=-44537.4
  Restart 40/60: score=-44492.2
  Restart 60/60: score=-44432.1

Baseline HMM: LL=-44432.1, min persistence=0.915

State means:
  liberal_democracy: [1.065, 1.191, -0.369, 0.135, 1.063, 1.184, -0.375, 0.121]
  electoral_democracy: [0.780, -0.499, 0.413, -0.020, 0.773, -0.504, 0.400, -0.037]
  hybrid_regime: [0.049, -0.718, 0.098, -0.244, 0.016, -0.707, 0.060, -0.246]
  competitive_authoritarian: [-1.005, -0.264, -0.545, 0.195, -1.019, -0.258, -0.571, 0.192]
  closed_authoritarian: [-1.834, 1.254, 0.758, -0.183, -1.867, 1.279, 0.738, -0.191]

Baseline transition matrix:
  liberal_democracy              [0.9927 0.0036 0.0034 0.0002 0.0002]
  electoral_democracy            [0.0079 0.9751 0.0099 0.0068 0.0003]
  hybrid_regime                  [0.0147 0.0352 0.9153 0.0210 0.0138]
  competitive_authoritarian      [0.0006 0.0134 0.0386 0.9310 0.0164]
  closed_authoritarian           [0.0005 0.0004 0.0105 0.0109 0.9778]

Baseline state distribution:
  hybrid_regime: 1917 (26.4%)
  competitive_authoritarian: 1701 (23.4%)
  electoral_democracy: 1567 (21.6%)
  liberal_democracy: 1471 (20.3%)
  closed_authoritarian: 600 (8.3%)

=== Validation vs V-Dem (5-state) ===
Cohen's kappa: 0.496
Weighted kappa (linear): 0.715
Accuracy: 0.592

Confusion matrix (rows=V-Dem, cols=ours):
           lib_dem  elec_dem  hybrid  comp_auth  clos_auth
lib_dem       1385       216      10          0          0
elec_dem        86      1134     319          0          3
hybrid           0       214     638          4          5
comp_auth        0         3     656        705        157
clos_auth        0         0     294        992        435

Polyarchy by our state:
  liberal_democracy: 0.855 ± 0.043 (n=1471)
  electoral_democracy: 0.642 ± 0.120 (n=1567)
  hybrid_regime: 0.368 ± 0.126 (n=1917)
  competitive_authoritarian: 0.154 ± 0.062 (n=1701)
  closed_authoritarian: 0.146 ± 0.064 (n=600)

============================================================
Phase 2: TVTP with macro covariates

  GDELT loaded: 5407 rows, covariates: ['total_events', 'protest_count', 'conflict_count', 'repression_count', 'avg_goldstein', 'avg_tone']

LASSO: 11/16 covariates selected:
  gdp_pc: 5.2745
  resource_rents: 4.2831
  military_spending: 1.8692
  urbanization: 1.6808
  trade_openness: 1.2576
  avg_goldstein_lag1: 0.8887
  avg_goldstein: 0.7643
  avg_tone_lag1: 0.6431
  gdp_growth: 0.4863
  protest_count_lag1: 0.4675
  avg_tone: 0.2545
  GDELT forced inclusion: adding protest_count_lag1 as 4th covariate

Building TVTP with top 3 covariates: ['gdp_pc', 'resource_rents', 'protest_count_lag1']
  TVTP: 8 adjacent transitions x 3 covariates = 24 params
  TVTP converged=True, LL=-44815.6, iters=2

TVTP state distribution:
  hybrid_regime: 1919 (26.4%)
  competitive_authoritarian: 1696 (23.4%)
  electoral_democracy: 1568 (21.6%)
  liberal_democracy: 1471 (20.3%)
  closed_authoritarian: 602 (8.3%)

=== Validation vs V-Dem (5-state) ===
Cohen's kappa: 0.495
Weighted kappa (linear): 0.714
Accuracy: 0.592

Confusion matrix (rows=V-Dem, cols=ours):
           lib_dem  elec_dem  hybrid  comp_auth  clos_auth
lib_dem       1385       216       9          0          1
elec_dem        86      1134     319          0          3
hybrid           0       215     637          4          5
comp_auth        0         3     659        701        158
clos_auth        0         0     295        991        435

Polyarchy by our state:
  liberal_democracy: 0.855 ± 0.043 (n=1471)
  electoral_democracy: 0.641 ± 0.121 (n=1568)
  hybrid_regime: 0.368 ± 0.126 (n=1919)
  competitive_authoritarian: 0.153 ± 0.062 (n=1696)
  closed_authoritarian: 0.147 ± 0.067 (n=602)

TVTP adjacent transition effects:
  liberal_ -> electora: gdp_pc=-0.629, resource_rents=+0.231, protest_count_lag1=-0.156
  electora -> liberal_: gdp_pc=+0.514, resource_rents=-0.239, protest_count_lag1=-0.217
  electora -> hybrid_r: gdp_pc=-0.384, resource_rents=+0.318, protest_count_lag1=-0.111
  hybrid_r -> electora: gdp_pc=+0.185, resource_rents=-0.592, protest_count_lag1=+0.268
  hybrid_r -> competit: gdp_pc=+0.639, resource_rents=-0.526, protest_count_lag1=+0.820
  competit -> hybrid_r: gdp_pc=-0.466, resource_rents=-0.321, protest_count_lag1=-0.063
  competit -> closed_a: gdp_pc=+0.580, resource_rents=-0.420, protest_count_lag1=+0.110
  closed_a -> competit: gdp_pc=-0.239, resource_rents=+0.434, protest_count_lag1=+0.657

Saved to stage3_msvar/country_year_states.csv

=== Sample trajectories ===

Hungary: 2016:hybr, 2017:hybr, 2018:hybr, 2019:hybr, 2020:hybr, 2021:hybr, 2022:hybr, 2023:hybr, 2024:hybr, 2025:hybr

Türkiye: 2016:hybr, 2017:comp, 2018:comp, 2019:comp, 2020:comp, 2021:comp, 2022:comp, 2023:comp, 2024:comp, 2025:comp

Poland: 2016:elec, 2017:elec, 2018:elec, 2019:elec, 2020:elec, 2021:elec, 2022:elec, 2023:elec, 2024:elec, 2025:elec

Denmark: 2016:libe, 2017:libe, 2018:libe, 2019:libe, 2020:libe, 2021:libe, 2022:libe, 2023:libe, 2024:libe, 2025:libe

United States of America: 2016:libe, 2017:libe, 2018:libe, 2019:libe, 2020:libe, 2021:libe, 2022:libe, 2023:libe, 2024:libe, 2025:libe

Venezuela: 2016:hybr, 2017:hybr, 2018:hybr, 2019:hybr, 2020:hybr, 2021:hybr, 2022:hybr, 2023:hybr, 2024:hybr, 2025:hybr

Tunisia: 2016:elec, 2017:elec, 2018:elec, 2019:elec, 2020:elec, 2021:elec, 2022:elec, 2023:hybr, 2024:hybr, 2025:hybr

Georgia: 2016:elec, 2017:elec, 2018:elec, 2019:elec, 2020:elec, 2021:elec, 2022:elec, 2023:elec, 2024:elec, 2025:elec

=== Transitions 2020-2025 ===
  Afghanistan: hybrid_regime -> competitive_authoritarian (2022)
  Burkina Faso: electoral_democracy -> hybrid_regime (2022)
  Burma/Myanmar: hybrid_regime -> competitive_authoritarian (2022)
  Greece: liberal_democracy -> electoral_democracy (2021)
  Haiti: electoral_democracy -> hybrid_regime (2021)
  India: electoral_democracy -> hybrid_regime (2022)
  Ivory Coast: electoral_democracy -> hybrid_regime (2021)
  Maldives: hybrid_regime -> electoral_democracy (2021)
  Mali: electoral_democracy -> hybrid_regime (2021)
  Mexico: electoral_democracy -> hybrid_regime (2023)
  Niger: electoral_democracy -> hybrid_regime (2023)
  Pakistan: electoral_democracy -> hybrid_regime (2022)
  Thailand: competitive_authoritarian -> hybrid_regime (2021)
  Tunisia: electoral_democracy -> hybrid_regime (2023)
  Zambia: hybrid_regime -> electoral_democracy (2022)
/home/shadeform/AIM4D/stage4_nscm/estimate.py:416: FutureWarning: DataFrameGroupBy.apply operated on the grouping columns. This behavior is deprecated, and in a future version of pandas the grouping columns will be excluded from the operation. Either pass `include_groups=False` to exclude the groupings or explicitly select the grouping columns after groupby to silence this warning.
  complete = df.groupby("country_text_id").apply(
=== Stage 4: Network SCM (Spatio-Temporal Graph) — seed=42 ===

Countries: 138, Years: 1990-2025

Building spatial edges...
  Contiguity pairs: 482, Alliance pairs (2020): 4950

Building spatio-temporal graph...
  Spatio-temporal graph: 4968 nodes, 186260 edges (176600 spatial, 9660 temporal)
  Augmented features: 22 (raw 10 + spatial lags 12)
  Train nodes: 4140, Test nodes: 828

Training INE-TARNet on spatio-temporal graph...
  Epoch 50/250: train=-0.50672, test=0.040352
  Epoch 100/250: train=-0.65282, test=0.025845
  Epoch 150/250: train=-0.68396, test=0.022800
  Epoch 200/250: train=-0.69524, test=0.021460
  Epoch 250/250: train=-0.69611, test=0.021243
  Best test MSE: 0.021243

  Learned convex W weights (Neumayer & Plumper 2016):
    α_contiguity: 0.361
    α_alliance: 0.355
    α_trade: 0.284

Counterfactual decomposition...
Saved NSCM residuals (4968 rows)
Computing per-factor contagion scores...

=== Network ablation test ===
  MSE (full model):       0.021243
  MSE (temporal only):    0.043555
  MSE (no network):       0.050887
  Improvement from spatial edges: 51.2%
  Improvement from total network: 58.3%
  PASS: Network features improve prediction by 58.3%

=== Most network-influenced (2025) ===
  Malaysia: 0.780
  Ecuador: 0.699
  Sudan: 0.661
  Jordan: 0.648
  Mexico: 0.627
  Afghanistan: 0.626
  Bhutan: 0.595
  Georgia: 0.590
  Tanzania: 0.588
  Guyana: 0.586

=== Most domestically driven (2025) ===
  Germany: 0.140
  Sweden: 0.136
  Denmark: 0.135
  Norway: 0.133
  Vietnam: 0.128
  United Arab Emirates: 0.119
  Laos: 0.109
  Turkmenistan: 0.072
  Belarus: 0.056
  North Korea: 0.054

=== Case studies (smoothed) ===
  Hungary: 2021:0.580, 2022:0.581, 2023:0.561, 2024:0.546, 2025:0.517
  Türkiye: 2021:0.343, 2022:0.350, 2023:0.336, 2024:0.319, 2025:0.300
  Poland: 2021:0.548, 2022:0.552, 2023:0.473, 2024:0.382, 2025:0.314
  United States of America: 2021:0.247, 2022:0.243, 2023:0.226, 2024:0.256, 2025:0.260
  Denmark: 2021:0.169, 2022:0.169, 2023:0.154, 2024:0.147, 2025:0.135
/home/shadeform/AIM4D/stage5_ews/estimate.py:528: FutureWarning: The default fill_method='ffill' in SeriesGroupBy.pct_change is deprecated and will be removed in a future version. Either fill in any non-leading NA values prior to calling pct_change or specify 'fill_method=None' to not fill NA values.
  macro["mil_growth"] = macro.groupby("iso3")["military_spending"].pct_change()
=== Stage 5: Early Warning Signals ===

Loaded dual residuals: 4 factor-based + 5 NSCM
Countries: 138
Indicators: rolling variance, AR(1), kurtosis
Country-relative z-scores (baseline ≤2005), z-cap=10.0

============================================================
Election vulnerability module
============================================================

  Election thresholds: high=5.65 (p80), moderate=5.08 (p50 of nonzero)
  Election alerts: 2487
  Poland: election alerts in [1996, 1997, 1998, 1999, 2004]
  Hungary: election alerts in [1999, 2011, 2013, 2014, 2015]
  Venezuela: election alerts in [1999, 2000, 2001, 2004, 2005]
  Türkiye: election alerts in [2012, 2013, 2014, 2015, 2016]

============================================================
Democratic vulnerability module (high-polyarchy sensitivity)
============================================================

  Democratic vulnerability alerts: 204
  Hungary: alerts in [2004, 2008, 2010]
  United States of America: alerts in [2001, 2016, 2017, 2018, 2024]
  Denmark: alerts in [2014, 2020]

============================================================
Military threat module
============================================================

  Military threat alerts: 315
  Thailand: alerts in [2020]
  Egypt: no military threat alert
  Burma/Myanmar: no military threat alert
  Mali: alerts in [2015, 2016, 2017, 2024]

  GDELT event features loaded: ['protest_count_zscore', 'conflict_count_zscore', 'repression_count_zscore', 'protest_count_zscore_lag1', 'conflict_count_zscore_lag1', 'repression_count_zscore_lag1']

============================================================
Meta-learner calibration
============================================================

  DSP variables loaded: ['v2smgovdom', 'v2smfordom', 'v2smgovfilprc', 'v2smgovsmmon', 'v2smpardom']
  Restricted to year >= 2000 (DSP coverage window): 5066 -> 3765 country-years
  Task F: excluding country 'Türkiye' from meta-learner training
  Elastic net selected 34/73 features:
    csd_index_pctile: -0.5437
    csd_x_network: +0.4164
    v2smfordom_x_post2015_detrended: -0.3836
    v2smgovdom_detrended: +0.3534
    v2smpardom: -0.3194
    csd_index_delta2: +0.2952
    network_exposure_detrended: +0.2506
    party_threat: -0.2042
    v2smfordom_detrended: +0.1898
    mv_csd_index_pctile: +0.1670
    csd_index_lag2: +0.1551
    mil_zscore_x_post2015_detrended: +0.1368
    csd_index_delta1: +0.1333
    csd_index: +0.1109
    v2smgovsmmon: -0.1043
    v2smgovsmmon_x_post2015_detrended: -0.1019
    party_threat_detrended: -0.0941
    protest_count_zscore: +0.0857
    csd_index_x_post2015: +0.0753
    network_exposure: +0.0696
    csd_x_military: -0.0664
    v2smpardom_x_post2015_detrended: -0.0660
    mv_csd_index_delta2: -0.0624
    csd_index_detrended: -0.0593
    v2smgovdom_x_post2015: +0.0556
    mil_zscore_lag1: +0.0485
    v2smgovsmmon_x_post2015: -0.0470
    election_vulnerability_lag1: -0.0306
    v2smgovdom_x_post2015_detrended: +0.0275
    repression_count_zscore: +0.0267
    conflict_count_zscore_lag1_detrended: -0.0254
    election_vulnerability_x_post2015_detrended: -0.0190
    election_vulnerability_pctile: -0.0116
    election_vulnerability_delta2: +0.0097

  Stacked ensemble (cross-validated weights):
    LR weight: 0.200, GB weight: 0.800
    LR component range: [0.0714, 0.0878]
    GB component range: [0.0069, 0.8602]
  GB feature importance (top 10):
    csd_index_x_post2015: 0.1325
    v2smgovsmmon: 0.0963
    csd_x_network: 0.0692
    v2smfordom_detrended: 0.0606
    party_threat: 0.0602
    v2smfordom_x_post2015_detrended: 0.0563
    network_exposure: 0.0549
    v2smpardom: 0.0472
    csd_index_pctile: 0.0386
    network_exposure_detrended: 0.0354

  Tiered alerts (calibrated risk):
    alert: 78 (2.2%)
    warning: 205 (5.7%)
    watch: 600 (16.8%)
    none: 2697 (75.3%)

============================================================
Validation: episode detection + precision@K
============================================================

  Hungary (backsliding 2010): DETECTED [warning] via CSD+mvCSD (5yr lead, risk=0.300)
  Türkiye (backsliding 2013): DETECTED [warning] via CSD+mvCSD+ELEC (5yr lead, risk=0.268)
  Poland (backsliding 2015): DETECTED [warning] via ELEC (5yr lead, risk=0.191)
  Venezuela (backsliding 2002): DETECTED [watch] via mvCSD+ELEC (2yr lead, risk=0.119)
  Tunisia (backsliding 2021): DETECTED [alert] via CSD+mvCSD+ELEC (5yr lead, risk=0.586)
  Burma/Myanmar (coup 2021): DETECTED [alert] via CSD (5yr lead, risk=0.678)
  Mali (coup 2020): DETECTED [alert] via mvCSD+ELEC (5yr lead, risk=0.623)
  Burkina Faso (coup 2022): DETECTED [alert] via CSD+mvCSD+ELEC (5yr lead, risk=0.436)
  Nicaragua (backsliding 2007): DETECTED [warning] via CSD+ELEC (5yr lead, risk=0.217)
  Philippines (backsliding 2016): DETECTED [warning] via CSD+ELEC (5yr lead, risk=0.372)
  India (backsliding 2014): DETECTED [watch] via ELEC (5yr lead, risk=0.152)
  Brazil (backsliding 2019): DETECTED [alert] via CSD+ELEC (3yr lead, risk=0.571)
  El Salvador (2019): NO DATA
  Russia (2000): NO DATA
  Serbia (backsliding 2012): DETECTED [warning] via meta-only (5yr lead, risk=0.171)
  Bangladesh (backsliding 2007): DETECTED [warning] via CSD (5yr lead, risk=0.226)
  Thailand (coup 2014): DETECTED [alert] via CSD+mvCSD (5yr lead, risk=0.444)
  Egypt (coup 2013): DETECTED [alert] via CSD+mvCSD+ELEC (5yr lead, risk=0.520)
  Fiji (coup 2006): DETECTED [watch] via ELEC (5yr lead, risk=0.141)
  Honduras (2009): NO DATA
  Niger (coup 2009): DETECTED [watch] via mvCSD+ELEC (5yr lead, risk=0.153)
  Guinea (coup 2009): DETECTED [watch] via meta-only (3yr lead, risk=0.109)
  Guinea-Bissau (coup 2012): DETECTED [watch] via CSD+mvCSD+ELEC (4yr lead, risk=0.086)
  Libya (2014): NO DATA
  Afghanistan (coup 2021): DETECTED [alert] via ELEC (5yr lead, risk=0.439)
  Sudan (coup 2021): DETECTED [alert] via CSD+ELEC (5yr lead, risk=0.669)
  Chad (coup 2021): DETECTED [alert] via meta-only (5yr lead, risk=0.574)
  Ukraine (backsliding 2010): DETECTED [warning] via CSD+mvCSD (5yr lead, risk=0.328)
  Maldives (backsliding 2013): DETECTED [warning] via CSD+mvCSD+ELEC (5yr lead, risk=0.232)
  Zambia (backsliding 2013): DETECTED [warning] via mvCSD+ELEC (5yr lead, risk=0.161)
  Montenegro (2007): NO DATA
  North Macedonia (backsliding 2011): DETECTED [warning] via CSD+mvCSD+ELEC (5yr lead, risk=0.227)
  Kenya (backsliding 2007): DETECTED [warning] via meta-only (5yr lead, risk=0.178)
  Bolivia (backsliding 2019): DETECTED [alert] via CSD+ELEC (5yr lead, risk=0.601)
  Benin (backsliding 2019): DETECTED [warning] via mvCSD+ELEC (3yr lead, risk=0.257)
  Ivory Coast (backsliding 2020): DETECTED [alert] via CSD+ELEC (5yr lead, risk=0.705)
  Nigeria (backsliding 2021): DETECTED [alert] via meta-only (5yr lead, risk=0.669)
  Guyana (backsliding 2021): DETECTED [alert] via CSD+mvCSD (5yr lead, risk=0.702)
  Mauritius (backsliding 2017): DETECTED [alert] via CSD+mvCSD (5yr lead, risk=0.405)
  Belarus (1996): NO DATA
  Georgia (backsliding 2024): DETECTED [warning] via CSD+ELEC (5yr lead, risk=0.301)

  Detection by tier (cumulative):
    Watch (top 20%):  35/35
    Warning (top 5%): 29/35
    Alert (top 2%):   15/35

  Precision@K (country-level ranked risk list):
    @  5: precision=100.0%, recall=13.9%, lift=3.8x
    @ 10: precision=100.0%, recall=27.8%, lift=3.8x
    @ 20: precision=85.0%, recall=47.2%, lift=3.3x
    @ 50: precision=62.0%, recall=86.1%, lift=2.4x

  Warning-tier performance:
    Alerts: 283 / 3580 (7.9%)
    Precision: 41.3%
    Sensitivity: 29/35 (83%)
    F1: 0.552
    Stable democracy FPs: 4

============================================================
Leave-one-episode-out cross-validation
============================================================

  Hungary: DETECTED [watch] (LOEO, risk=0.130)
  Türkiye: DETECTED [warning] (LOEO, risk=0.318)
  Poland: MISSED (LOEO, risk=0.030, watch_thresh=0.068)
  Venezuela: MISSED (LOEO, risk=0.058, watch_thresh=0.068)
  Tunisia: MISSED (LOEO, risk=0.042, watch_thresh=0.067)
  Burma/Myanmar: DETECTED [watch] (LOEO, risk=0.148)
  Mali: MISSED (LOEO, risk=0.042, watch_thresh=0.068)
  Burkina Faso: MISSED (LOEO, risk=0.053, watch_thresh=0.069)
  Nicaragua: DETECTED [watch] (LOEO, risk=0.092)
  Philippines: DETECTED [watch] (LOEO, risk=0.079)
  India: DETECTED [watch] (LOEO, risk=0.081)
  Brazil: DETECTED [watch] (LOEO, risk=0.081)
  Serbia: DETECTED [watch] (LOEO, risk=0.078)
  Bangladesh: DETECTED [watch] (LOEO, risk=0.110)
  Thailand: DETECTED [warning] (LOEO, risk=0.215)
  Egypt: DETECTED [warning] (LOEO, risk=0.185)
  Fiji: DETECTED [watch] (LOEO, risk=0.096)
  Niger: DETECTED [watch] (LOEO, risk=0.080)
  Guinea: MISSED (LOEO, risk=0.063, watch_thresh=0.068)
  Guinea-Bissau: MISSED (LOEO, risk=0.059, watch_thresh=0.066)
  Afghanistan: MISSED (LOEO, risk=0.054, watch_thresh=0.065)
  Sudan: DETECTED [warning] (LOEO, risk=0.311)
  Chad: DETECTED [watch] (LOEO, risk=0.137)
  Ukraine: DETECTED [watch] (LOEO, risk=0.075)
  Maldives: DETECTED [watch] (LOEO, risk=0.128)
  Zambia: DETECTED [watch] (LOEO, risk=0.150)
  North Macedonia: MISSED (LOEO, risk=0.054, watch_thresh=0.066)
  Kenya: DETECTED [watch] (LOEO, risk=0.095)
  Bolivia: DETECTED [warning] (LOEO, risk=0.165)
  Benin: MISSED (LOEO, risk=0.042, watch_thresh=0.067)
  Ivory Coast: DETECTED [watch] (LOEO, risk=0.138)
  Nigeria: MISSED (LOEO, risk=0.066, watch_thresh=0.068)
  Guyana: DETECTED [alert] (LOEO, risk=0.336)
  Mauritius: DETECTED [watch] (LOEO, risk=0.107)
  Georgia: DETECTED [watch] (LOEO, risk=0.068)

  LOEO Sensitivity by tier (unbiased):
    Watch (P80):   24/35 (69%)
    Warning (P95): 6/35 (17%)
    Alert (P98):   1/35 (3%)
  (Each episode predicted without seeing itself)

  LOEO stratified by episode type:
    backsliding: 17/23 (74%)
    coup: 7/12 (58%)

  LOEO stratified by onset era:
    pre-2005: 0/1 (0%)
    2005-2014: 14/17 (82%)
    2015-2021: 9/15 (60%)
    post-2021: 1/2 (50%)

============================================================
Continuous risk score evaluation (AUC)
============================================================

  Base rate (positive class): 0.061
  AUC-ROC: 0.940
  AUC-PR:  0.603
  Lift over random: 9.9x
  AUC-ROC (OOS): 0.844
  AUC-PR (OOS):  0.218

  Risk score calibration:
    Top 1%: precision=94.3%, recall=15.9% (thresh=0.52)
    Top 5%: precision=60.8%, recall=50.0% (thresh=0.19)
    Top 10%: precision=41.8%, recall=68.8% (thresh=0.13)
    Top 20%: precision=26.0%, recall=85.6% (thresh=0.09)

============================================================
Expanding-window temporal CV
============================================================

  2006-2008: AUC=0.934, episodes=5, detected=3/5
  2009-2011: AUC=0.965, episodes=6, detected=3/6
  2012-2014: AUC=0.946, episodes=9, detected=3/9
  2015-2017: AUC=0.977, episodes=3, detected=1/3
  2018-2020: AUC=0.984, episodes=6, detected=5/6
  2021-2023: AUC=0.795, episodes=8, detected=0/8

  Mean AUC across windows: 0.933 +/- 0.064
  Mean detection rate: 43%
  (This is the robust generalization estimate across 6 temporal windows)

  Secondary OOS (TRAIN_CUTOFF=2019, 6-year horizon):
    AUC-ROC: 0.844
    AUC-PR:  0.218
    Episodes (onset>2019): 11, detected: 9/11

============================================================
Case studies
============================================================

Hungary:
  2016 CSD=4.7 elec_vuln=0.0 var_z=10.0 ar1_z=2.8 f=5/9 *** CSD
  2017 CSD=4.7 elec_vuln=5.1 var_z=10.0 ar1_z=2.8 f=4/9 *** CSD+ELEC
  2018 CSD=5.9 elec_vuln=5.5 var_z=10.0 ar1_z=6.2 f=4/9 *** CSD+ELEC
  2019 CSD=3.5 elec_vuln=5.6 var_z=10.0 ar1_z=2.7 f=4/9 *** CSD+ELEC
  2020 (OOS) CSD=3.6 elec_vuln=0.0 var_z=10.0 ar1_z=2.7 f=3/9 *** CSD
  2021 (OOS) CSD=3.4 elec_vuln=5.6 var_z=10.0 ar1_z=2.7 f=3/9 *** CSD+ELEC
  2022 (OOS) CSD=4.4 elec_vuln=5.6 var_z=10.0 ar1_z=2.6 f=5/9 *** CSD+ELEC
  2023 (OOS) CSD=4.4 elec_vuln=5.8 var_z=10.0 ar1_z=2.4 f=5/9 *** CSD+ELEC
  2024 (OOS) CSD=3.4 elec_vuln=0.0 var_z=10.0 ar1_z=2.3 f=1/9
  2025 (OOS) CSD=3.9 elec_vuln=0.0 var_z=10.0 ar1_z=2.0 f=1/9

Türkiye:
  2016 CSD=4.7 elec_vuln=5.0 var_z=10.0 ar1_z=1.2 f=5/9 *** CSD+ELEC
  2017 CSD=5.1 elec_vuln=5.2 var_z=10.0 ar1_z=1.9 f=4/9 *** CSD+ELEC
  2018 CSD=3.8 elec_vuln=5.3 var_z=10.0 ar1_z=2.9 f=5/9 *** CSD+ELEC
  2019 CSD=3.4 elec_vuln=5.4 var_z=10.0 ar1_z=2.2 f=3/9 *** CSD+ELEC
  2020 (OOS) CSD=3.8 elec_vuln=0.0 var_z=10.0 ar1_z=2.3 f=3/9 *** CSD
  2021 (OOS) CSD=3.7 elec_vuln=0.0 var_z=10.0 ar1_z=2.4 f=4/9 *** CSD
  2022 (OOS) CSD=3.7 elec_vuln=5.4 var_z=10.0 ar1_z=2.7 f=3/9 *** CSD+ELEC
  2023 (OOS) CSD=4.2 elec_vuln=5.5 var_z=10.0 ar1_z=3.0 f=5/9 *** CSD+ELEC
  2024 (OOS) CSD=5.4 elec_vuln=5.7 var_z=10.0 ar1_z=3.1 f=5/9 *** CSD+ELEC
  2025 (OOS) CSD=5.0 elec_vuln=0.0 var_z=10.0 ar1_z=4.0 f=5/9 *** CSD

Poland:
  2016 CSD=5.7 elec_vuln=4.8 var_z=10.0 ar1_z=7.5 f=6/9 *** CSD+ELEC
  2017 CSD=4.9 elec_vuln=0.0 var_z=10.0 ar1_z=5.7 f=6/9 *** CSD
  2018 CSD=4.3 elec_vuln=5.4 var_z=10.0 ar1_z=6.0 f=7/9 *** CSD+ELEC
  2019 CSD=4.4 elec_vuln=5.4 var_z=10.0 ar1_z=6.3 f=7/9 *** CSD+ELEC
  2020 (OOS) CSD=4.2 elec_vuln=5.4 var_z=10.0 ar1_z=5.7 f=7/9 *** CSD+ELEC
  2021 (OOS) CSD=4.1 elec_vuln=5.4 var_z=10.0 ar1_z=5.0 f=7/9 *** CSD+ELEC
  2022 (OOS) CSD=4.3 elec_vuln=5.4 var_z=10.0 ar1_z=5.8 f=8/9 *** CSD+ELEC
  2023 (OOS) CSD=5.7 elec_vuln=5.7 var_z=10.0 ar1_z=6.8 f=7/9 *** CSD+ELEC
  2024 (OOS) CSD=3.9 elec_vuln=5.7 var_z=10.0 ar1_z=6.6 f=4/9 *** CSD+ELEC
  2025 (OOS) CSD=4.3 elec_vuln=5.7 var_z=10.0 ar1_z=7.0 f=2/9 *** CSD+ELEC

United States of America:
  2016 CSD=4.5 elec_vuln=4.3 var_z=9.9 ar1_z=1.4 f=3/9 *** CSD+ELEC
  2017 CSD=5.5 elec_vuln=4.2 var_z=10.0 ar1_z=5.4 f=5/9 *** CSD+ELEC
  2018 CSD=5.5 elec_vuln=4.1 var_z=10.0 ar1_z=5.2 f=5/9 *** CSD+ELEC
  2019 CSD=5.8 elec_vuln=4.1 var_z=10.0 ar1_z=6.0 f=4/9 *** CSD+ELEC
  2020 (OOS) CSD=4.1 elec_vuln=4.1 var_z=10.0 ar1_z=4.6 f=3/9 *** CSD+ELEC
  2021 (OOS) CSD=3.8 elec_vuln=4.1 var_z=10.0 ar1_z=3.4 f=4/9 *** CSD+ELEC
  2022 (OOS) CSD=4.4 elec_vuln=4.1 var_z=10.0 ar1_z=5.2 f=4/9 *** CSD+ELEC
  2023 (OOS) CSD=4.7 elec_vuln=4.1 var_z=10.0 ar1_z=6.4 f=4/9 *** CSD+ELEC
  2024 (OOS) CSD=4.7 elec_vuln=4.8 var_z=10.0 ar1_z=6.1 f=5/9 *** CSD+ELEC
  2025 (OOS) CSD=4.0 elec_vuln=4.8 var_z=10.0 ar1_z=2.6 f=5/9 *** CSD+ELEC

Denmark:
  2016 CSD=3.9 elec_vuln=4.7 var_z=9.3 ar1_z=0.9 f=2/9 *** CSD+ELEC
  2017 CSD=4.0 elec_vuln=0.0 var_z=9.5 ar1_z=1.7 f=2/9 *** CSD
  2018 CSD=4.1 elec_vuln=4.3 var_z=8.0 ar1_z=3.3 f=2/9 *** CSD+ELEC
  2019 CSD=3.9 elec_vuln=4.1 var_z=5.3 ar1_z=3.2 f=2/9 *** CSD+ELEC
  2020 (OOS) CSD=5.0 elec_vuln=4.1 var_z=10.0 ar1_z=3.7 f=2/9 *** CSD+ELEC
  2021 (OOS) CSD=4.3 elec_vuln=4.1 var_z=10.0 ar1_z=2.9 f=2/9 *** CSD+ELEC
  2022 (OOS) CSD=4.0 elec_vuln=4.1 var_z=10.0 ar1_z=2.9 f=1/9 *** ELEC
  2023 (OOS) CSD=4.9 elec_vuln=4.1 var_z=10.0 ar1_z=3.6 f=2/9 *** CSD+ELEC
  2024 (OOS) CSD=5.2 elec_vuln=0.0 var_z=10.0 ar1_z=3.4 f=2/9 *** CSD
  2025 (OOS) CSD=5.2 elec_vuln=0.0 var_z=10.0 ar1_z=2.9 f=2/9 *** CSD


============================================================
Prospective Risk Ranking: 2026-2031 Autocratization Risk
(Genuine prospective forecast — verifiable against future data)
============================================================

  Rank  Country                            Risk Tier       Key Signals
  --------------------------------------------------------------------------------
  1     Israel                           0.5138 alert      CSD
  2     Bolivia                          0.4943 alert      CSD+mvCSD+ELEC
  3     Argentina                        0.4711 alert      CSD+mvCSD+ELEC
  4     Philippines                      0.4388 alert      CSD+ELEC
  5     Türkiye                          0.2905 warning    CSD+mvCSD
  6     Ecuador                          0.2894 warning    CSD+ELEC
  7     Gabon                            0.2876 warning    CSD+mvCSD+ELEC
  8     Moldova                          0.2634 warning    CSD+mvCSD
  9     Armenia                          0.2439 warning    CSD
  10    Portugal                         0.2359 warning    CSD+mvCSD+ELEC
  11    Nigeria                          0.2338 warning    mvCSD
  12    Burma/Myanmar                    0.2300 warning    CSD
  13    Mauritius                        0.2297 warning    CSD+mvCSD
  14    Fiji                             0.2112 warning    CSD
  15    Italy                            0.1949 warning    meta
  16    Guatemala                        0.1926 warning    CSD+mvCSD
  17    Poland                           0.1874 warning    CSD+ELEC
  18    South Korea                      0.1870 warning    CSD+ELEC
  19    Malaysia                         0.1863 warning    CSD
  20    Mexico                           0.1853 warning    CSD+ELEC
  21    Ivory Coast                      0.1821 warning    ELEC
  22    Colombia                         0.1806 warning    mvCSD
  23    Germany                          0.1692 warning    CSD+mvCSD+ELEC
  24    Denmark                          0.1640 warning    CSD
  25    Iran                             0.1623 warning    meta
  -> full-pipeline LOEO max_risk=0.2681 tier=warning
     meta-only      LOEO max_risk=0.2299 tier=warning
     delta (full - meta) = +0.0383

======================================================================
Full-pipeline LOEO: Burma/Myanmar (2021, coup)
======================================================================
/home/shadeform/AIM4D/stage1_factors/extract.py:39: SettingWithCopyWarning: 
A value is trying to be set on a copy of a slice from a DataFrame.
Try using .loc[row_indexer,col_indexer] = value instead

See the caveats in the documentation: https://pandas.pydata.org/pandas-docs/stable/user_guide/indexing.html#returning-a-view-versus-a-copy
  panel[c] = pd.to_numeric(panel[c], errors="coerce")
V-Dem loaded: 28092 rows, 4618 columns
Countries: 202, Years: 1789-2025
Selected 332 indicators (from 507 candidates)
Panel: 139 countries, 1970-2025, 7422 country-years, 332 indicators
Matrix: 7422 obs x 332 indicators
  Task F: excluding country 'Burma/Myanmar' from POET fit
Fitting POET on 6546/7422 country-years (year <= 2019)
Bai-Ng: IC1=20, IC2=20, IC3=20 (all maxed)
Scree elbow: K=4

Using K=4 factors (scree elbow — IC criteria maxed at 20)
Variance explained: [43.2  5.8  3.7  2.4]%
Cumulative: [43.2 49.  52.7 55.1]%

Factor interpretations:
  factor_1 -> institutional_entrenchment
    Top: ['v2x_diagacc', 'v2x_freexp_altinf', 'v2x_clpol', 'v2x_electoral_integrity', 'v2x_accountability']
  factor_2 -> executive_overreach
    Top: ['v2xeg_eqdr', 'v2peedueq', 'v2pehealth', 'v2peapsecon', 'v2elvotbuy']
  factor_3 -> civil_society_and_suffrage
    Top: ['v2fsuffrage', 'v2asuffrage', 'v2msuffrage', 'v2x_elecreg', 'v2xlg_elecreg']
  factor_4 -> direct_democratic_practice
    Top: ['v2xdd_dd', 'v2xdd_cic', 'v2xdd_i_ci', 'v2ddthreci', 'v2ddthrerf']

Saved to stage1_factors/

=== Factor loadings (top 5 per factor) ===

factor_1:
  v2x_diagacc: 0.981
  v2x_freexp_altinf: 0.975
  v2x_clpol: 0.971
  v2x_electoral_integrity: 0.968
  v2x_accountability: 0.967

factor_2:
  v2xeg_eqdr: 0.781
  v2peedueq: 0.779
  v2pehealth: 0.765
  v2peapsecon: 0.764
  v2elvotbuy: 0.763

factor_3:
  v2fsuffrage: 0.707
  v2asuffrage: 0.705
  v2msuffrage: 0.700
  v2x_elecreg: 0.655
  v2xlg_elecreg: 0.652

factor_4:
  v2xdd_dd: 0.707
  v2xdd_cic: 0.664
  v2xdd_i_ci: 0.592
  v2ddthreci: 0.581
  v2ddthrerf: 0.574

=== Sample country trajectories (Factor 1) ===

Hungary:
  2021: -0.133
  2022: -0.140
  2023: -0.165
  2024: -0.186
  2025: -0.228

Poland:
  2021: 0.358
  2022: 0.322
  2023: 0.440
  2024: 0.696
  2025: 0.766

Denmark:
  2021: 1.205
  2022: 1.195
  2023: 1.186
  2024: 1.181
  2025: 1.163

United States of America:
  2021: 1.377
  2022: 1.366
  2023: 1.358
  2024: 1.312
  2025: 0.912
Loaded 7422 country-years, 139 countries
  [1/139] Mexico: done
  [25/139] Afghanistan: done
  [50/139] Zimbabwe: done
  [75/139] Morocco: done
  [100/139] Laos: done
  [125/139] Israel: done

Estimated betas for 138 countries
Output: 7394 country-years x 4 factor betas

Beta summary by factor:
  factor_1: mean=0.633, std=1.715, range=[-5.564, 7.798]
  factor_2: mean=0.645, std=1.415, range=[-1.820, 7.270]
  factor_3: mean=0.525, std=1.322, range=[-2.079, 9.633]
  factor_4: mean=0.600, std=2.480, range=[-3.632, 16.120]

=== Hungary betas over time ===
  2016: F1=3.558 F2=1.325 F3=1.515 F4=0.510
  2017: F1=4.357 F2=1.300 F3=1.469 F4=1.085
  2018: F1=5.101 F2=0.709 F3=1.489 F4=1.071
  2019: F1=4.718 F2=1.489 F3=1.493 F4=0.831
  2020: F1=4.717 F2=1.493 F3=1.491 F4=0.826
  2021: F1=4.716 F2=1.518 F3=1.351 F4=0.825
  2022: F1=4.703 F2=1.511 F3=1.428 F4=0.789
  2023: F1=4.699 F2=1.498 F3=1.384 F4=1.042
  2024: F1=4.695 F2=1.466 F3=1.375 F4=0.866
  2025: F1=4.697 F2=1.389 F3=1.416 F4=0.766

=== Turkey betas over time ===
  2016: F1=2.708 F2=-0.037 F3=-0.292 F4=-1.041
  2017: F1=3.058 F2=0.252 F3=-0.419 F4=-0.246
  2018: F1=3.059 F2=0.362 F3=-0.325 F4=-1.162
  2019: F1=3.044 F2=0.089 F3=-0.294 F4=-0.474
  2020: F1=3.049 F2=0.336 F3=-0.365 F4=-0.297
  2021: F1=2.976 F2=0.314 F3=-0.231 F4=-0.308
  2022: F1=2.881 F2=0.290 F3=-0.296 F4=-0.306
  2023: F1=2.859 F2=0.178 F3=-0.279 F4=-0.278
  2024: F1=2.794 F2=0.090 F3=-0.277 F4=-0.269
  2025: F1=2.791 F2=0.620 F3=-0.479 F4=-0.299

=== Poland betas over time ===
  2016: F1=4.369 F2=0.934 F3=-0.484 F4=-1.249
  2017: F1=4.759 F2=1.073 F3=-0.707 F4=-1.972
  2018: F1=4.756 F2=1.033 F3=-0.652 F4=-1.522
  2019: F1=4.738 F2=0.977 F3=-0.631 F4=-1.393
  2020: F1=4.654 F2=0.995 F3=-0.609 F4=-1.230
  2021: F1=4.532 F2=0.626 F3=-0.658 F4=-1.253
  2022: F1=4.365 F2=0.594 F3=-0.370 F4=-1.299
  2023: F1=4.327 F2=0.698 F3=-0.319 F4=-1.292
  2024: F1=3.991 F2=0.529 F3=-0.315 F4=-1.185
  2025: F1=3.995 F2=1.014 F3=-0.410 F4=-1.431

=== 2025 Factor 1 beta rankings ===
Bottom 5 (decoupling from global democratic trend):
  Benin: -5.564
  Zimbabwe: -4.785
  Ivory Coast: -3.131
  Namibia: -2.818
  Morocco: -2.163
Top 5 (amplifying global democratic trend):
  Azerbaijan: 4.494
  Hungary: 4.697
  Yemen: 5.620
  Burundi: 5.653
  Egypt: 7.798

=== Cross-country beta variation ===
  factor_1: avg within-country std = 0.8444
  factor_2: avg within-country std = 0.7218
  factor_3: avg within-country std = 0.5626
  factor_4: avg within-country std = 0.7849
Model is not converging.  Current: -44935.80384239981 is not greater than -44935.80382660281. Delta is -1.5796998923178762e-05
Model is not converging.  Current: -44935.80363912927 is not greater than -44935.80362483613. Delta is -1.4293138519860804e-05
Model is not converging.  Current: -44973.6415396559 is not greater than -44973.22619609689. Delta is -0.41534355901239906
Model is not converging.  Current: -45757.862419989324 is not greater than -45757.862417158445. Delta is -2.830878656823188e-06
Model is not converging.  Current: -44776.7437963718 is not greater than -44776.70114724695. Delta is -0.04264912484359229
Model is not converging.  Current: -44896.18271701162 is not greater than -44896.182663772015. Delta is -5.323960795067251e-05
Model is not converging.  Current: -45028.206677484544 is not greater than -45028.206414241475. Delta is -0.00026324306963942945
=== Stage 3: MS Regime Classification + TVTP ===

Features (8): ['factor_1', 'factor_2', 'factor_3', 'factor_4'] + ['lag_factor_1', 'lag_factor_2', 'lag_factor_3', 'lag_factor_4'] (MS-VAR(1) with lagged factors)
Panel: 138 countries, 7256 obs

  Task F: excluding country 'Burma/Myanmar' from HMM/TVTP fit
Training subset: year <= 2019, 137 countries, 6387 obs

Quantile-based init (Factor 1 bands, no V-Dem supervision):
  Band 0 (liberal_democracy): 1278 obs, F1 range=[0.953, 1.547], F1 mean=1.133
  Band 1 (electoral_democracy): 1277 obs, F1 range=[0.516, 0.953], F1 mean=0.775
  Band 2 (hybrid_regime): 1277 obs, F1 range=[-0.194, 0.516], F1 mean=0.187
  Band 3 (competitive_authoritarian): 1277 obs, F1 range=[-1.005, -0.194], F1 mean=-0.600
  Band 4 (closed_authoritarian): 6387 obs, F1 range=[-2.813, -1.005], F1 mean=-0.009

Phase 1: Baseline HMM (K-means init, no supervision)...
  Restart 20/60: score=-44846.1
  Restart 40/60: score=-44777.6
  Restart 60/60: score=-44776.8

Baseline HMM: LL=-44776.8, min persistence=0.914

State means:
  liberal_democracy: [1.074, 1.202, -0.343, 0.086, 1.071, 1.193, -0.350, 0.073]
  electoral_democracy: [0.782, -0.497, 0.392, 0.007, 0.775, -0.503, 0.377, -0.010]
  hybrid_regime: [0.045, -0.707, 0.117, -0.251, 0.013, -0.697, 0.080, -0.254]
  competitive_authoritarian: [-0.995, -0.254, -0.559, 0.214, -1.008, -0.247, -0.588, 0.210]
  closed_authoritarian: [-1.852, 1.234, 0.765, -0.194, -1.885, 1.259, 0.746, -0.203]

Baseline transition matrix:
  liberal_democracy              [0.9927 0.0036 0.0034 0.0002 0.0002]
  electoral_democracy            [0.0077 0.9749 0.0103 0.0068 0.0003]
  hybrid_regime                  [0.0147 0.0361 0.9137 0.0218 0.0137]
  competitive_authoritarian      [0.0006 0.0134 0.0393 0.9301 0.0165]
  closed_authoritarian           [0.0005 0.0003 0.0106 0.0111 0.9774]

Baseline state distribution:
  hybrid_regime: 1898 (26.2%)
  competitive_authoritarian: 1701 (23.4%)
  electoral_democracy: 1588 (21.9%)
  liberal_democracy: 1459 (20.1%)
  closed_authoritarian: 610 (8.4%)

=== Validation vs V-Dem (5-state) ===
Cohen's kappa: 0.498
Weighted kappa (linear): 0.717
Accuracy: 0.594

Confusion matrix (rows=V-Dem, cols=ours):
           lib_dem  elec_dem  hybrid  comp_auth  clos_auth
lib_dem       1385       216       9          0          1
elec_dem        74      1145     320          0          3
hybrid           0       224     629          3          5
comp_auth        0         3     649        711        158
clos_auth        0         0     291        987        443

Polyarchy by our state:
  liberal_democracy: 0.856 ± 0.043 (n=1459)
  electoral_democracy: 0.642 ± 0.121 (n=1588)
  hybrid_regime: 0.368 ± 0.126 (n=1898)
  competitive_authoritarian: 0.154 ± 0.062 (n=1701)
  closed_authoritarian: 0.147 ± 0.067 (n=610)

============================================================
Phase 2: TVTP with macro covariates

  GDELT loaded: 5407 rows, covariates: ['total_events', 'protest_count', 'conflict_count', 'repression_count', 'avg_goldstein', 'avg_tone']

LASSO: 11/16 covariates selected:
  gdp_pc: 4.4151
  resource_rents: 3.6104
  military_spending: 1.5801
  urbanization: 1.4067
  trade_openness: 1.0152
  avg_goldstein_lag1: 0.7810
  avg_goldstein: 0.6832
  avg_tone_lag1: 0.4387
  gdp_growth: 0.3734
  protest_count_lag1: 0.2845
  avg_tone: 0.2011
  GDELT forced inclusion: adding protest_count_lag1 as 4th covariate

Building TVTP with top 3 covariates: ['gdp_pc', 'resource_rents', 'protest_count_lag1']
  TVTP: 8 adjacent transitions x 3 covariates = 24 params
  TVTP converged=True, LL=-45161.3, iters=3

TVTP state distribution:
  hybrid_regime: 1892 (26.1%)
  competitive_authoritarian: 1705 (23.5%)
  electoral_democracy: 1598 (22.0%)
  liberal_democracy: 1459 (20.1%)
  closed_authoritarian: 602 (8.3%)

=== Validation vs V-Dem (5-state) ===
Cohen's kappa: 0.495
Weighted kappa (linear): 0.715
Accuracy: 0.592

Confusion matrix (rows=V-Dem, cols=ours):
           lib_dem  elec_dem  hybrid  comp_auth  clos_auth
lib_dem       1385       216       9          0          1
elec_dem        74      1145     320          0          3
hybrid           0       234     619          3          5
comp_auth        0         3     651        709        158
clos_auth        0         0     293        993        435

Polyarchy by our state:
  liberal_democracy: 0.856 ± 0.043 (n=1459)
  electoral_democracy: 0.640 ± 0.122 (n=1598)
  hybrid_regime: 0.368 ± 0.126 (n=1892)
  competitive_authoritarian: 0.154 ± 0.061 (n=1705)
  closed_authoritarian: 0.147 ± 0.067 (n=602)

TVTP adjacent transition effects:
  liberal_ -> electora: gdp_pc=-0.824, resource_rents=+0.264, protest_count_lag1=-0.192
  electora -> liberal_: gdp_pc=+0.762, resource_rents=-0.204, protest_count_lag1=-0.257
  electora -> hybrid_r: gdp_pc=-0.490, resource_rents=+0.319, protest_count_lag1=-0.145
  hybrid_r -> electora: gdp_pc=+0.133, resource_rents=-0.658, protest_count_lag1=+0.341
  hybrid_r -> competit: gdp_pc=+0.878, resource_rents=-0.553, protest_count_lag1=+1.059
  competit -> hybrid_r: gdp_pc=-0.379, resource_rents=-0.305, protest_count_lag1=-0.004
  competit -> closed_a: gdp_pc=+0.404, resource_rents=-0.185, protest_count_lag1=+0.129
  closed_a -> competit: gdp_pc=-0.384, resource_rents=+0.232, protest_count_lag1=+1.023

Saved to stage3_msvar/country_year_states.csv

=== Sample trajectories ===

Hungary: 2016:hybr, 2017:hybr, 2018:hybr, 2019:hybr, 2020:hybr, 2021:hybr, 2022:hybr, 2023:hybr, 2024:hybr, 2025:hybr

Türkiye: 2016:hybr, 2017:comp, 2018:comp, 2019:comp, 2020:comp, 2021:comp, 2022:comp, 2023:comp, 2024:comp, 2025:comp

Poland: 2016:elec, 2017:elec, 2018:elec, 2019:elec, 2020:hybr, 2021:hybr, 2022:hybr, 2023:hybr, 2024:elec, 2025:elec

Denmark: 2016:libe, 2017:libe, 2018:libe, 2019:libe, 2020:libe, 2021:libe, 2022:libe, 2023:libe, 2024:libe, 2025:libe

United States of America: 2016:libe, 2017:libe, 2018:libe, 2019:libe, 2020:libe, 2021:libe, 2022:libe, 2023:libe, 2024:libe, 2025:libe

Venezuela: 2016:hybr, 2017:hybr, 2018:hybr, 2019:comp, 2020:comp, 2021:comp, 2022:comp, 2023:comp, 2024:comp, 2025:comp

Tunisia: 2016:elec, 2017:elec, 2018:elec, 2019:elec, 2020:elec, 2021:elec, 2022:elec, 2023:hybr, 2024:hybr, 2025:hybr

Georgia: 2016:elec, 2017:elec, 2018:elec, 2019:elec, 2020:elec, 2021:elec, 2022:elec, 2023:elec, 2024:elec, 2025:hybr

=== Transitions 2020-2025 ===
  Afghanistan: hybrid_regime -> competitive_authoritarian (2022)
  Armenia: electoral_democracy -> hybrid_regime (2024)
  Burkina Faso: electoral_democracy -> hybrid_regime (2022)
  Burma/Myanmar: hybrid_regime -> competitive_authoritarian (2022)
  Georgia: electoral_democracy -> hybrid_regime (2025)
  Greece: liberal_democracy -> electoral_democracy (2021)
  Haiti: electoral_democracy -> hybrid_regime (2021)
  Ivory Coast: electoral_democracy -> hybrid_regime (2021)
  Maldives: hybrid_regime -> electoral_democracy (2021)
  Mali: electoral_democracy -> hybrid_regime (2021)
  Mexico: electoral_democracy -> hybrid_regime (2024)
  Moldova: hybrid_regime -> electoral_democracy (2021)
  Niger: electoral_democracy -> hybrid_regime (2023)
  Pakistan: electoral_democracy -> hybrid_regime (2023)
  Poland: electoral_democracy -> hybrid_regime (2020)
  Poland: hybrid_regime -> electoral_democracy (2024)
  Thailand: competitive_authoritarian -> hybrid_regime (2021)
  Tunisia: electoral_democracy -> hybrid_regime (2023)
/home/shadeform/AIM4D/stage4_nscm/estimate.py:416: FutureWarning: DataFrameGroupBy.apply operated on the grouping columns. This behavior is deprecated, and in a future version of pandas the grouping columns will be excluded from the operation. Either pass `include_groups=False` to exclude the groupings or explicitly select the grouping columns after groupby to silence this warning.
  complete = df.groupby("country_text_id").apply(
=== Stage 4: Network SCM (Spatio-Temporal Graph) — seed=42 ===

Countries: 138, Years: 1990-2025

Building spatial edges...
  Contiguity pairs: 482, Alliance pairs (2020): 4950

Building spatio-temporal graph...
  Spatio-temporal graph: 4968 nodes, 186260 edges (176600 spatial, 9660 temporal)
  Augmented features: 22 (raw 10 + spatial lags 12)
  Train nodes: 4140, Test nodes: 828

Training INE-TARNet on spatio-temporal graph...
  Epoch 50/250: train=-0.51178, test=0.040678
  Epoch 100/250: train=-0.66156, test=0.026354
  Epoch 150/250: train=-0.68896, test=0.023133
  Epoch 200/250: train=-0.69819, test=0.021778
  Epoch 250/250: train=-0.69902, test=0.021513
  Best test MSE: 0.021513

  Learned convex W weights (Neumayer & Plumper 2016):
    α_contiguity: 0.356
    α_alliance: 0.360
    α_trade: 0.285

Counterfactual decomposition...
Saved NSCM residuals (4968 rows)
Computing per-factor contagion scores...

=== Network ablation test ===
  MSE (full model):       0.021513
  MSE (temporal only):    0.038627
  MSE (no network):       0.048449
  Improvement from spatial edges: 44.3%
  Improvement from total network: 55.6%
  PASS: Network features improve prediction by 55.6%

=== Most network-influenced (2025) ===
  Malaysia: 0.771
  Ecuador: 0.686
  Sudan: 0.649
  Jordan: 0.630
  Afghanistan: 0.627
  Mexico: 0.625
  Tanzania: 0.623
  Bhutan: 0.620
  Guyana: 0.610
  Georgia: 0.606

=== Most domestically driven (2025) ===
  Sweden: 0.154
  Norway: 0.150
  Denmark: 0.141
  Vietnam: 0.140
  Switzerland: 0.135
  United Arab Emirates: 0.127
  Laos: 0.117
  Turkmenistan: 0.085
  Belarus: 0.069
  North Korea: 0.055

=== Case studies (smoothed) ===
  Hungary: 2021:0.608, 2022:0.606, 2023:0.600, 2024:0.588, 2025:0.566
  Türkiye: 2021:0.348, 2022:0.352, 2023:0.343, 2024:0.330, 2025:0.316
  Poland: 2021:0.566, 2022:0.568, 2023:0.498, 2024:0.426, 2025:0.373
  United States of America: 2021:0.263, 2022:0.257, 2023:0.239, 2024:0.272, 2025:0.278
  Denmark: 2021:0.164, 2022:0.164, 2023:0.148, 2024:0.149, 2025:0.141
/home/shadeform/AIM4D/stage5_ews/estimate.py:528: FutureWarning: The default fill_method='ffill' in SeriesGroupBy.pct_change is deprecated and will be removed in a future version. Either fill in any non-leading NA values prior to calling pct_change or specify 'fill_method=None' to not fill NA values.
  macro["mil_growth"] = macro.groupby("iso3")["military_spending"].pct_change()
=== Stage 5: Early Warning Signals ===

Loaded dual residuals: 4 factor-based + 5 NSCM
Countries: 138
Indicators: rolling variance, AR(1), kurtosis
Country-relative z-scores (baseline ≤2005), z-cap=10.0

============================================================
Election vulnerability module
============================================================

  Election thresholds: high=5.65 (p80), moderate=5.08 (p50 of nonzero)
  Election alerts: 2485
  Poland: election alerts in [1996, 1997, 1998, 1999, 2004]
  Hungary: election alerts in [1999, 2011, 2013, 2014, 2015]
  Venezuela: election alerts in [1999, 2000, 2001, 2004, 2005]
  Türkiye: election alerts in [2012, 2013, 2014, 2015, 2016]

============================================================
Democratic vulnerability module (high-polyarchy sensitivity)
============================================================

  Democratic vulnerability alerts: 202
  Hungary: alerts in [2004, 2010]
  United States of America: alerts in [2001, 2016, 2017, 2018, 2024]
  Denmark: alerts in [2014, 2020]

============================================================
Military threat module
============================================================

  Military threat alerts: 316
  Thailand: alerts in [2020]
  Egypt: no military threat alert
  Burma/Myanmar: no military threat alert
  Mali: alerts in [2015, 2016, 2017, 2024]

  GDELT event features loaded: ['protest_count_zscore', 'conflict_count_zscore', 'repression_count_zscore', 'protest_count_zscore_lag1', 'conflict_count_zscore_lag1', 'repression_count_zscore_lag1']

============================================================
Meta-learner calibration
============================================================

  DSP variables loaded: ['v2smgovdom', 'v2smfordom', 'v2smgovfilprc', 'v2smgovsmmon', 'v2smpardom']
  Restricted to year >= 2000 (DSP coverage window): 5066 -> 3765 country-years
  Task F: excluding country 'Burma/Myanmar' from meta-learner training
  Elastic net selected 32/73 features:
    csd_index_pctile: -0.6292
    csd_x_network: +0.4949
    v2smfordom_x_post2015_detrended: -0.4402
    v2smgovdom_detrended: +0.3577
    csd_index_delta2: +0.3493
    v2smpardom: -0.3253
    network_exposure_detrended: +0.2072
    v2smfordom_detrended: +0.2045
    csd_index_detrended: -0.1744
    mv_csd_index_pctile: +0.1736
    party_threat: -0.1717
    csd_index_lag2: +0.1708
    v2smgovsmmon: -0.1514
    protest_count_zscore: +0.1250
    mil_zscore_x_post2015_detrended: +0.1246
    v2smgovsmmon_x_post2015_detrended: -0.1182
    v2smgovsmmon_x_post2015: -0.1048
    party_threat_detrended: -0.1003
    network_exposure: +0.0847
    csd_index_delta1: +0.0844
    v2smpardom_x_post2015_detrended: -0.0793
    v2smgovdom_x_post2015: +0.0738
    conflict_count_zscore_detrended: -0.0581
    repression_count_zscore: +0.0499
    conflict_count_zscore_lag1_detrended: -0.0472
    csd_index: +0.0425
    mil_zscore_x_post2015: +0.0420
    election_vulnerability_delta1: +0.0183
    v2smgovdom_x_post2015_detrended: +0.0166
    election_vulnerability_pctile: -0.0147
    election_vulnerability_x_post2015_detrended: -0.0116
    csd_index_x_post2015: +0.0102

  Stacked ensemble (cross-validated weights):
    LR weight: 0.200, GB weight: 0.800
    LR component range: [0.0709, 0.0876]
    GB component range: [0.0059, 0.8595]
  GB feature importance (top 10):
    csd_x_network: 0.1133
    v2smgovsmmon: 0.0862
    v2smpardom: 0.0777
    csd_index_x_post2015: 0.0705
    party_threat: 0.0664
    v2smfordom_x_post2015_detrended: 0.0562
    v2smfordom_detrended: 0.0537
    network_exposure_detrended: 0.0513
    csd_index_pctile: 0.0396
    csd_index_detrended: 0.0392

  Tiered alerts (calibrated risk):
    alert: 68 (1.9%)
    warning: 165 (4.6%)
    watch: 589 (16.5%)
    none: 2758 (77.0%)

============================================================
Validation: episode detection + precision@K
============================================================

  Hungary (backsliding 2010): DETECTED [warning] via CSD+mvCSD (5yr lead, risk=0.370)
  Türkiye (backsliding 2013): DETECTED [alert] via CSD+mvCSD+ELEC (5yr lead, risk=0.537)
  Poland (backsliding 2015): DETECTED [warning] via ELEC (5yr lead, risk=0.196)
  Venezuela (backsliding 2002): DETECTED [watch] via ELEC (2yr lead, risk=0.137)
  Tunisia (backsliding 2021): DETECTED [alert] via CSD+mvCSD+ELEC (5yr lead, risk=0.598)
  Burma/Myanmar (coup 2021): DETECTED [warning] via CSD (5yr lead, risk=0.305)
  Mali (coup 2020): DETECTED [alert] via mvCSD+ELEC (5yr lead, risk=0.532)
  Burkina Faso (coup 2022): DETECTED [alert] via CSD+mvCSD+ELEC (5yr lead, risk=0.476)
  Nicaragua (backsliding 2007): DETECTED [warning] via CSD+ELEC (5yr lead, risk=0.226)
  Philippines (backsliding 2016): DETECTED [warning] via CSD+ELEC (5yr lead, risk=0.268)
  India (backsliding 2014): DETECTED [watch] via ELEC (5yr lead, risk=0.148)
  Brazil (backsliding 2019): DETECTED [alert] via CSD+mvCSD+ELEC (3yr lead, risk=0.605)
  El Salvador (2019): NO DATA
  Russia (2000): NO DATA
  Serbia (backsliding 2012): DETECTED [warning] via meta-only (5yr lead, risk=0.187)
  Bangladesh (backsliding 2007): DETECTED [warning] via CSD (5yr lead, risk=0.232)
  Thailand (coup 2014): DETECTED [alert] via CSD+mvCSD (5yr lead, risk=0.416)
  Egypt (coup 2013): DETECTED [alert] via CSD+mvCSD+ELEC (5yr lead, risk=0.457)
  Fiji (coup 2006): DETECTED [watch] via ELEC (5yr lead, risk=0.156)
  Honduras (2009): NO DATA
  Niger (coup 2009): DETECTED [warning] via ELEC (5yr lead, risk=0.189)
  Guinea (coup 2009): DETECTED [watch] via mvCSD (2yr lead, risk=0.099)
  Guinea-Bissau (coup 2012): MISSED (risk=0.081)
  Libya (2014): NO DATA
  Afghanistan (coup 2021): DETECTED [alert] via ELEC (5yr lead, risk=0.483)
  Sudan (coup 2021): DETECTED [alert] via CSD+ELEC (5yr lead, risk=0.594)
  Chad (coup 2021): DETECTED [alert] via meta-only (5yr lead, risk=0.586)
  Ukraine (backsliding 2010): DETECTED [warning] via CSD+mvCSD (5yr lead, risk=0.371)
  Maldives (backsliding 2013): DETECTED [warning] via CSD+mvCSD+ELEC (5yr lead, risk=0.353)
  Zambia (backsliding 2013): DETECTED [watch] via mvCSD+ELEC (5yr lead, risk=0.170)
  Montenegro (2007): NO DATA
  North Macedonia (backsliding 2011): DETECTED [warning] via CSD+ELEC (5yr lead, risk=0.299)
  Kenya (backsliding 2007): DETECTED [warning] via meta-only (5yr lead, risk=0.297)
  Bolivia (backsliding 2019): DETECTED [alert] via CSD+ELEC (5yr lead, risk=0.632)
  Benin (backsliding 2019): DETECTED [warning] via mvCSD+ELEC (5yr lead, risk=0.353)
  Ivory Coast (backsliding 2020): DETECTED [alert] via CSD+ELEC (5yr lead, risk=0.704)
  Nigeria (backsliding 2021): DETECTED [alert] via meta-only (5yr lead, risk=0.657)
  Guyana (backsliding 2021): DETECTED [alert] via CSD+mvCSD (5yr lead, risk=0.683)
  Mauritius (backsliding 2017): DETECTED [warning] via CSD+mvCSD (5yr lead, risk=0.366)
  Belarus (1996): NO DATA
  Georgia (backsliding 2024): DETECTED [warning] via CSD+ELEC (5yr lead, risk=0.299)

  Detection by tier (cumulative):
    Watch (top 20%):  34/35
    Warning (top 5%): 29/35
    Alert (top 2%):   14/35

  Precision@K (country-level ranked risk list):
    @  5: precision=100.0%, recall=13.9%, lift=3.8x
    @ 10: precision=100.0%, recall=27.8%, lift=3.8x
    @ 20: precision=95.0%, recall=52.8%, lift=3.6x
    @ 50: precision=64.0%, recall=88.9%, lift=2.5x

  Warning-tier performance:
    Alerts: 233 / 3580 (6.5%)
    Precision: 47.6%
    Sensitivity: 29/35 (83%)
    F1: 0.605
    Stable democracy FPs: 0

============================================================
Leave-one-episode-out cross-validation
============================================================

  Hungary: DETECTED [watch] (LOEO, risk=0.149)
  Türkiye: DETECTED [alert] (LOEO, risk=0.338)
  Poland: MISSED (LOEO, risk=0.034, watch_thresh=0.070)
  Venezuela: DETECTED [watch] (LOEO, risk=0.077)
  Tunisia: DETECTED [watch] (LOEO, risk=0.086)
  Burma/Myanmar: DETECTED [watch] (LOEO, risk=0.125)
  Mali: MISSED (LOEO, risk=0.044, watch_thresh=0.070)
  Burkina Faso: MISSED (LOEO, risk=0.050, watch_thresh=0.069)
  Nicaragua: DETECTED [watch] (LOEO, risk=0.102)
  Philippines: MISSED (LOEO, risk=0.057, watch_thresh=0.067)
  India: DETECTED [watch] (LOEO, risk=0.102)
  Brazil: MISSED (LOEO, risk=0.068, watch_thresh=0.069)
  Serbia: DETECTED [watch] (LOEO, risk=0.072)
  Bangladesh: DETECTED [watch] (LOEO, risk=0.108)
  Thailand: DETECTED [watch] (LOEO, risk=0.145)
  Egypt: DETECTED [warning] (LOEO, risk=0.186)
  Fiji: MISSED (LOEO, risk=0.054, watch_thresh=0.068)
  Niger: DETECTED [watch] (LOEO, risk=0.096)
  Guinea: MISSED (LOEO, risk=0.051, watch_thresh=0.068)
  Guinea-Bissau: MISSED (LOEO, risk=0.052, watch_thresh=0.066)
  Afghanistan: MISSED (LOEO, risk=0.064, watch_thresh=0.068)
  Sudan: DETECTED [watch] (LOEO, risk=0.102)
  Chad: DETECTED [watch] (LOEO, risk=0.079)
  Ukraine: DETECTED [watch] (LOEO, risk=0.072)
  Maldives: DETECTED [watch] (LOEO, risk=0.134)
  Zambia: DETECTED [watch] (LOEO, risk=0.091)
  North Macedonia: MISSED (LOEO, risk=0.052, watch_thresh=0.068)
  Kenya: DETECTED [watch] (LOEO, risk=0.088)
  Bolivia: DETECTED [watch] (LOEO, risk=0.137)
  Benin: MISSED (LOEO, risk=0.046, watch_thresh=0.068)
  Ivory Coast: DETECTED [warning] (LOEO, risk=0.308)
  Nigeria: MISSED (LOEO, risk=0.063, watch_thresh=0.069)
  Guyana: DETECTED [watch] (LOEO, risk=0.161)
  Mauritius: DETECTED [watch] (LOEO, risk=0.136)
  Georgia: MISSED (LOEO, risk=0.042, watch_thresh=0.070)

  LOEO Sensitivity by tier (unbiased):
    Watch (P80):   22/35 (63%)
    Warning (P95): 3/35 (9%)
    Alert (P98):   1/35 (3%)
  (Each episode predicted without seeing itself)

  LOEO stratified by episode type:
    backsliding: 16/23 (70%)
    coup: 6/12 (50%)

  LOEO stratified by onset era:
    pre-2005: 1/1 (100%)
    2005-2014: 13/17 (76%)
    2015-2021: 8/15 (53%)
    post-2021: 0/2 (0%)

============================================================
Continuous risk score evaluation (AUC)
============================================================

  Base rate (positive class): 0.061
  AUC-ROC: 0.943
  AUC-PR:  0.658
  Lift over random: 10.8x
  AUC-ROC (OOS): 0.840
  AUC-PR (OOS):  0.215

  Risk score calibration:
    Top 1%: precision=100.0%, recall=16.8% (thresh=0.48)
    Top 5%: precision=63.2%, recall=51.9% (thresh=0.19)
    Top 10%: precision=44.4%, recall=73.1% (thresh=0.13)
    Top 20%: precision=26.3%, recall=86.5% (thresh=0.08)

============================================================
Expanding-window temporal CV
============================================================

  2006-2008: AUC=0.937, episodes=5, detected=3/5
  2009-2011: AUC=0.958, episodes=6, detected=3/6
  2012-2014: AUC=0.942, episodes=9, detected=4/9
  2015-2017: AUC=0.978, episodes=3, detected=1/3
  2018-2020: AUC=0.980, episodes=6, detected=5/6
  2021-2023: AUC=0.795, episodes=8, detected=0/8

  Mean AUC across windows: 0.932 +/- 0.063
  Mean detection rate: 45%
  (This is the robust generalization estimate across 6 temporal windows)

  Secondary OOS (TRAIN_CUTOFF=2019, 6-year horizon):
    AUC-ROC: 0.840
    AUC-PR:  0.215
    Episodes (onset>2019): 11, detected: 9/11

============================================================
Case studies
============================================================

Hungary:
  2016 CSD=4.8 elec_vuln=0.0 var_z=10.0 ar1_z=3.0 f=5/9 *** CSD
  2017 CSD=4.8 elec_vuln=5.1 var_z=10.0 ar1_z=3.0 f=4/9 *** CSD+ELEC
  2018 CSD=6.0 elec_vuln=5.5 var_z=10.0 ar1_z=6.3 f=4/9 *** CSD+ELEC
  2019 CSD=3.7 elec_vuln=5.6 var_z=10.0 ar1_z=2.8 f=4/9 *** CSD+ELEC
  2020 (OOS) CSD=3.6 elec_vuln=0.0 var_z=10.0 ar1_z=2.8 f=3/9 *** CSD
  2021 (OOS) CSD=3.5 elec_vuln=5.6 var_z=10.0 ar1_z=2.8 f=4/9 *** CSD+ELEC
  2022 (OOS) CSD=4.6 elec_vuln=5.6 var_z=10.0 ar1_z=2.7 f=5/9 *** CSD+ELEC
  2023 (OOS) CSD=3.9 elec_vuln=5.8 var_z=10.0 ar1_z=2.4 f=5/9 *** CSD+ELEC
  2024 (OOS) CSD=3.4 elec_vuln=0.0 var_z=10.0 ar1_z=2.3 f=2/9 *** CSD
  2025 (OOS) CSD=4.0 elec_vuln=0.0 var_z=10.0 ar1_z=2.0 f=1/9

Türkiye:
  2016 CSD=4.6 elec_vuln=5.0 var_z=10.0 ar1_z=0.7 f=4/9 *** CSD+ELEC
  2017 CSD=5.1 elec_vuln=5.2 var_z=10.0 ar1_z=1.8 f=4/9 *** CSD+ELEC
  2018 CSD=3.8 elec_vuln=5.3 var_z=10.0 ar1_z=2.4 f=4/9 *** CSD+ELEC
  2019 CSD=3.4 elec_vuln=5.4 var_z=10.0 ar1_z=1.6 f=2/9 *** CSD+ELEC
  2020 (OOS) CSD=3.5 elec_vuln=0.0 var_z=10.0 ar1_z=1.7 f=2/9 *** CSD
  2021 (OOS) CSD=3.6 elec_vuln=0.0 var_z=10.0 ar1_z=1.7 f=4/9 *** CSD
  2022 (OOS) CSD=3.7 elec_vuln=5.4 var_z=10.0 ar1_z=1.9 f=4/9 *** CSD+ELEC
  2023 (OOS) CSD=3.9 elec_vuln=5.5 var_z=10.0 ar1_z=2.2 f=5/9 *** CSD+ELEC
  2024 (OOS) CSD=5.3 elec_vuln=5.7 var_z=10.0 ar1_z=2.4 f=5/9 *** CSD+ELEC
  2025 (OOS) CSD=5.1 elec_vuln=0.0 var_z=10.0 ar1_z=2.9 f=5/9 *** CSD

Poland:
  2016 CSD=6.2 elec_vuln=4.8 var_z=10.0 ar1_z=7.1 f=6/9 *** CSD+ELEC
  2017 CSD=4.5 elec_vuln=0.0 var_z=10.0 ar1_z=5.3 f=5/9 *** CSD
  2018 CSD=4.3 elec_vuln=5.4 var_z=10.0 ar1_z=5.5 f=7/9 *** CSD+ELEC
  2019 CSD=4.3 elec_vuln=5.4 var_z=10.0 ar1_z=5.8 f=6/9 *** CSD+ELEC
  2020 (OOS) CSD=4.4 elec_vuln=5.4 var_z=10.0 ar1_z=5.2 f=6/9 *** CSD+ELEC
  2021 (OOS) CSD=4.1 elec_vuln=5.4 var_z=10.0 ar1_z=4.6 f=6/9 *** CSD+ELEC
  2022 (OOS) CSD=4.3 elec_vuln=5.4 var_z=10.0 ar1_z=5.4 f=5/9 *** CSD+ELEC
  2023 (OOS) CSD=4.7 elec_vuln=5.7 var_z=10.0 ar1_z=6.4 f=6/9 *** CSD+ELEC
  2024 (OOS) CSD=4.1 elec_vuln=5.7 var_z=10.0 ar1_z=6.3 f=3/9 *** CSD+ELEC
  2025 (OOS) CSD=3.9 elec_vuln=5.7 var_z=10.0 ar1_z=6.6 f=1/9 *** ELEC

United States of America:
  2016 CSD=4.4 elec_vuln=4.3 var_z=9.9 ar1_z=1.4 f=3/9 *** CSD+ELEC
  2017 CSD=5.4 elec_vuln=4.2 var_z=10.0 ar1_z=5.0 f=5/9 *** CSD+ELEC
  2018 CSD=5.5 elec_vuln=4.1 var_z=10.0 ar1_z=5.4 f=5/9 *** CSD+ELEC
  2019 CSD=5.8 elec_vuln=4.1 var_z=10.0 ar1_z=6.3 f=4/9 *** CSD+ELEC
  2020 (OOS) CSD=3.9 elec_vuln=4.1 var_z=10.0 ar1_z=4.7 f=3/9 *** CSD+ELEC
  2021 (OOS) CSD=3.6 elec_vuln=4.1 var_z=10.0 ar1_z=3.2 f=3/9 *** CSD+ELEC
  2022 (OOS) CSD=4.2 elec_vuln=4.1 var_z=10.0 ar1_z=5.2 f=3/9 *** CSD+ELEC
  2023 (OOS) CSD=4.6 elec_vuln=4.1 var_z=10.0 ar1_z=6.5 f=3/9 *** CSD+ELEC
  2024 (OOS) CSD=4.7 elec_vuln=4.8 var_z=10.0 ar1_z=6.1 f=4/9 *** CSD+ELEC
  2025 (OOS) CSD=4.3 elec_vuln=4.8 var_z=10.0 ar1_z=2.7 f=4/9 *** CSD+ELEC

Denmark:
  2016 CSD=3.1 elec_vuln=4.7 var_z=7.1 ar1_z=0.9 f=1/9 *** CSD+ELEC
  2017 CSD=3.3 elec_vuln=0.0 var_z=7.0 ar1_z=2.0 f=2/9 *** CSD
  2018 CSD=4.1 elec_vuln=4.3 var_z=9.0 ar1_z=3.4 f=2/9 *** CSD+ELEC
  2019 CSD=3.4 elec_vuln=4.1 var_z=4.4 ar1_z=3.6 f=2/9 *** CSD+ELEC
  2020 (OOS) CSD=4.8 elec_vuln=4.1 var_z=10.0 ar1_z=4.2 f=2/9 *** CSD+ELEC
  2021 (OOS) CSD=4.2 elec_vuln=4.1 var_z=10.0 ar1_z=3.3 f=2/9 *** CSD+ELEC
  2022 (OOS) CSD=4.1 elec_vuln=4.1 var_z=10.0 ar1_z=3.5 f=1/9 *** CSD+ELEC
  2023 (OOS) CSD=4.9 elec_vuln=4.1 var_z=10.0 ar1_z=4.2 f=2/9 *** CSD+ELEC
  2024 (OOS) CSD=5.3 elec_vuln=0.0 var_z=10.0 ar1_z=3.9 f=2/9 *** CSD
  2025 (OOS) CSD=5.1 elec_vuln=0.0 var_z=10.0 ar1_z=3.0 f=2/9 *** CSD


============================================================
Prospective Risk Ranking: 2026-2031 Autocratization Risk
(Genuine prospective forecast — verifiable against future data)
============================================================

  Rank  Country                            Risk Tier       Key Signals
  --------------------------------------------------------------------------------
  1     Argentina                        0.3914 alert      CSD+mvCSD+ELEC
  2     Bolivia                          0.3892 alert      CSD+mvCSD+ELEC
  3     Ivory Coast                      0.3702 warning    CSD+ELEC
  4     Gabon                            0.3579 warning    CSD+mvCSD+ELEC
  5     Philippines                      0.3561 warning    CSD+ELEC
  6     Ecuador                          0.3373 warning    CSD+mvCSD+ELEC
  7     Mexico                           0.3363 warning    CSD+mvCSD+ELEC
  8     Portugal                         0.2873 warning    CSD+mvCSD+ELEC
  9     Nigeria                          0.2521 warning    mvCSD
  10    Moldova                          0.2494 warning    CSD+mvCSD
  11    Guatemala                        0.2108 warning    CSD+mvCSD
  12    Türkiye                          0.1938 warning    CSD+mvCSD
  13    Colombia                         0.1808 warning    meta
  14    Guyana                           0.1759 watch      CSD+ELEC
  15    Armenia                          0.1691 watch      CSD+mvCSD
  16    Israel                           0.1667 watch      CSD
  17    North Macedonia                  0.1629 watch      CSD+mvCSD
  18    Georgia                          0.1577 watch      ELEC
  19    Maldives                         0.1526 watch      CSD+ELEC
  20    Mauritius                        0.1488 watch      CSD+mvCSD
  21    Niger                            0.1478 watch      CSD
  22    Tanzania                         0.1465 watch      ELEC
  23    Indonesia                        0.1431 watch      meta
  24    Hungary                          0.1372 watch      meta
  25    Brazil                           0.1353 watch      CSD
  -> full-pipeline LOEO max_risk=0.3048 tier=warning
     meta-only      LOEO max_risk=0.1745 tier=warning
     delta (full - meta) = +0.1303

======================================================================
Full-pipeline LOEO: Mali (2020, coup)
======================================================================
/home/shadeform/AIM4D/stage1_factors/extract.py:39: SettingWithCopyWarning: 
A value is trying to be set on a copy of a slice from a DataFrame.
Try using .loc[row_indexer,col_indexer] = value instead

See the caveats in the documentation: https://pandas.pydata.org/pandas-docs/stable/user_guide/indexing.html#returning-a-view-versus-a-copy
  panel[c] = pd.to_numeric(panel[c], errors="coerce")
V-Dem loaded: 28092 rows, 4618 columns
Countries: 202, Years: 1789-2025
Selected 332 indicators (from 507 candidates)
Panel: 139 countries, 1970-2025, 7422 country-years, 332 indicators
Matrix: 7422 obs x 332 indicators
  Task F: excluding country 'Mali' from POET fit
Fitting POET on 6546/7422 country-years (year <= 2019)
Bai-Ng: IC1=20, IC2=20, IC3=20 (all maxed)
Scree elbow: K=4

Using K=4 factors (scree elbow — IC criteria maxed at 20)
Variance explained: [43.6  5.7  3.7  2.4]%
Cumulative: [43.6 49.2 52.9 55.3]%

Factor interpretations:
  factor_1 -> institutional_entrenchment
    Top: ['v2x_diagacc', 'v2x_freexp_altinf', 'v2x_accountability', 'v2x_clpol', 'v2x_electoral_integrity']
  factor_2 -> executive_overreach
    Top: ['v2xeg_eqdr', 'v2peedueq', 'v2elvotbuy', 'v2pehealth', 'v2xnp_client']
  factor_3 -> civil_society_and_suffrage
    Top: ['v2fsuffrage', 'v2asuffrage', 'v2msuffrage', 'v2x_elecreg', 'v2xlg_elecreg']
  factor_4 -> direct_democratic_practice
    Top: ['v2xdd_dd', 'v2xdd_cic', 'v2xdd_i_ci', 'v2ddthreci', 'v2ddthrerf']

Saved to stage1_factors/

=== Factor loadings (top 5 per factor) ===

factor_1:
  v2x_diagacc: 0.987
  v2x_freexp_altinf: 0.980
  v2x_accountability: 0.976
  v2x_clpol: 0.975
  v2x_electoral_integrity: 0.973

factor_2:
  v2xeg_eqdr: 0.774
  v2peedueq: 0.772
  v2elvotbuy: 0.760
  v2pehealth: 0.757
  v2xnp_client: -0.752

factor_3:
  v2fsuffrage: 0.714
  v2asuffrage: 0.712
  v2msuffrage: 0.707
  v2x_elecreg: 0.663
  v2xlg_elecreg: 0.659

factor_4:
  v2xdd_dd: 0.711
  v2xdd_cic: 0.666
  v2xdd_i_ci: 0.594
  v2ddthreci: 0.583
  v2ddthrerf: 0.575

=== Sample country trajectories (Factor 1) ===

Hungary:
  2021: -0.124
  2022: -0.131
  2023: -0.157
  2024: -0.177
  2025: -0.219

Poland:
  2021: 0.363
  2022: 0.327
  2023: 0.444
  2024: 0.696
  2025: 0.767

Denmark:
  2021: 1.210
  2022: 1.200
  2023: 1.191
  2024: 1.186
  2025: 1.168

United States of America:
  2021: 1.377
  2022: 1.367
  2023: 1.359
  2024: 1.313
  2025: 0.918
Loaded 7422 country-years, 139 countries
  [1/139] Mexico: done
  [25/139] Afghanistan: done
  [50/139] Zimbabwe: done
  [75/139] Morocco: done
  [100/139] Laos: done
  [125/139] Israel: done

Estimated betas for 138 countries
Output: 7394 country-years x 4 factor betas

Beta summary by factor:
  factor_1: mean=0.623, std=1.708, range=[-5.700, 7.822]
  factor_2: mean=0.625, std=1.401, range=[-1.821, 7.311]
  factor_3: mean=0.514, std=1.337, range=[-2.093, 9.973]
  factor_4: mean=0.604, std=2.462, range=[-3.554, 16.046]

=== Hungary betas over time ===
  2016: F1=3.559 F2=1.408 F3=1.488 F4=0.532
  2017: F1=4.272 F2=1.387 F3=1.440 F4=1.105
  2018: F1=4.958 F2=0.786 F3=1.461 F4=1.086
  2019: F1=4.587 F2=1.525 F3=1.465 F4=0.846
  2020: F1=4.587 F2=1.528 F3=1.464 F4=0.843
  2021: F1=4.585 F2=1.551 F3=1.316 F4=0.840
  2022: F1=4.572 F2=1.544 F3=1.391 F4=0.803
  2023: F1=4.568 F2=1.531 F3=1.351 F4=1.059
  2024: F1=4.564 F2=1.501 F3=1.342 F4=0.876
  2025: F1=4.566 F2=1.425 F3=1.381 F4=0.777

=== Turkey betas over time ===
  2016: F1=2.675 F2=-0.041 F3=-0.335 F4=-1.039
  2017: F1=3.022 F2=0.251 F3=-0.461 F4=-0.242
  2018: F1=3.022 F2=0.362 F3=-0.365 F4=-1.148
  2019: F1=3.008 F2=0.097 F3=-0.335 F4=-0.474
  2020: F1=3.012 F2=0.339 F3=-0.401 F4=-0.304
  2021: F1=2.940 F2=0.310 F3=-0.263 F4=-0.317
  2022: F1=2.845 F2=0.285 F3=-0.329 F4=-0.315
  2023: F1=2.824 F2=0.173 F3=-0.314 F4=-0.289
  2024: F1=2.759 F2=0.078 F3=-0.312 F4=-0.280
  2025: F1=2.756 F2=0.611 F3=-0.506 F4=-0.313

=== Poland betas over time ===
  2016: F1=4.371 F2=1.021 F3=-0.584 F4=-1.255
  2017: F1=4.758 F2=1.160 F3=-0.809 F4=-1.940
  2018: F1=4.753 F2=1.122 F3=-0.753 F4=-1.506
  2019: F1=4.736 F2=1.065 F3=-0.733 F4=-1.377
  2020: F1=4.652 F2=1.079 F3=-0.711 F4=-1.221
  2021: F1=4.531 F2=0.710 F3=-0.760 F4=-1.243
  2022: F1=4.364 F2=0.676 F3=-0.468 F4=-1.288
  2023: F1=4.326 F2=0.781 F3=-0.418 F4=-1.284
  2024: F1=3.989 F2=0.604 F3=-0.413 F4=-1.168
  2025: F1=4.005 F2=1.080 F3=-0.498 F4=-1.422

=== 2025 Factor 1 beta rankings ===
Bottom 5 (decoupling from global democratic trend):
  Benin: -5.700
  Zimbabwe: -4.717
  Ivory Coast: -3.166
  Namibia: -2.934
  Equatorial Guinea: -2.174
Top 5 (amplifying global democratic trend):
  Azerbaijan: 4.482
  Hungary: 4.566
  Burundi: 5.513
  Yemen: 5.547
  Egypt: 7.822

=== Cross-country beta variation ===
  factor_1: avg within-country std = 0.8429
  factor_2: avg within-country std = 0.7127
  factor_3: avg within-country std = 0.5647
  factor_4: avg within-country std = 0.7762
Model is not converging.  Current: -44984.55065993903 is not greater than -44984.527362828485. Delta is -0.023297110543353483
Model is not converging.  Current: -44984.564903653925 is not greater than -44984.53871842769. Delta is -0.02618522623379249
Model is not converging.  Current: -44984.55590470369 is not greater than -44984.5363994239. Delta is -0.0195052797862445
Model is not converging.  Current: -44984.578888665645 is not greater than -44984.56699518345. Delta is -0.011893482194864191
Model is not converging.  Current: -44984.50570983659 is not greater than -44984.50265192166. Delta is -0.0030579149242839776
Model is not converging.  Current: -44984.51332178135 is not greater than -44984.50197713403. Delta is -0.011344647318765055
Model is not converging.  Current: -44984.52574580431 is not greater than -44984.50332973427. Delta is -0.022416070045437664
Model is not converging.  Current: -44984.5179902908 is not greater than -44984.50210509894. Delta is -0.015885191860434134
Model is not converging.  Current: -44984.50679782795 is not greater than -44984.50134806888. Delta is -0.005449759068142157
Model is not converging.  Current: -44984.537997163694 is not greater than -44984.53205956442. Delta is -0.005937599271419458
Model is not converging.  Current: -44984.52019230313 is not greater than -44984.50184547131. Delta is -0.01834683181368746
Model is not converging.  Current: -44984.55942072757 is not greater than -44984.539190507596. Delta is -0.020230219975928776
Model is not converging.  Current: -44984.509055093135 is not greater than -44984.501276173665. Delta is -0.007778919469274115
Model is not converging.  Current: -44984.53340221087 is not greater than -44984.52871240813. Delta is -0.004689802743087057
Model is not converging.  Current: -44984.54226186872 is not greater than -44984.52588935946. Delta is -0.016372509264328983
Model is not converging.  Current: -44984.51666539614 is not greater than -44984.502107276465. Delta is -0.014558119677531067
Model is not converging.  Current: -44984.51243431656 is not greater than -44984.501705032024. Delta is -0.010729284535045736
Model is not converging.  Current: -44984.52424758485 is not greater than -44984.501859752054. Delta is -0.022387832796084695
Model is not converging.  Current: -44984.51955119751 is not greater than -44984.50193271565. Delta is -0.017618481862882618
Model is not converging.  Current: -44984.58518891494 is not greater than -44984.56989515153. Delta is -0.015293763412046246
Model is not converging.  Current: -44984.52111624911 is not greater than -44984.501718676736. Delta is -0.019397572374145966
Model is not converging.  Current: -44984.52503143238 is not greater than -44984.50204274734. Delta is -0.022988685035670642
Model is not converging.  Current: -44984.50926338897 is not greater than -44984.50133008157. Delta is -0.007933307402709033
Model is not converging.  Current: -44984.538831992344 is not greater than -44984.53681008996. Delta is -0.0020219023863319308
Model is not converging.  Current: -44984.518174193625 is not greater than -44984.50216477737. Delta is -0.0160094162565656
Model is not converging.  Current: -44984.51545241523 is not greater than -44984.50219270898. Delta is -0.013259706254757475
Model is not converging.  Current: -44984.5610880016 is not greater than -44984.535354525535. Delta is -0.025733476068126038
Model is not converging.  Current: -44987.64519803013 is not greater than -44987.63473168613. Delta is -0.010466343999723904
Model is not converging.  Current: -44984.505180111555 is not greater than -44984.501740392545. Delta is -0.0034397190102026798
Model is not converging.  Current: -44984.51556296026 is not greater than -44984.49658141009. Delta is -0.018981550172611605
Model is not converging.  Current: -44890.34394362221 is not greater than -44890.34392428988. Delta is -1.9332328520249575e-05
Model is not converging.  Current: -44984.55815529961 is not greater than -44984.53890787189. Delta is -0.01924742772098398
Model is not converging.  Current: -44984.57389803118 is not greater than -44984.560346108694. Delta is -0.013551922485930845
Model is not converging.  Current: -44940.04427985066 is not greater than -44940.04413973528. Delta is -0.00014011538587510586
Model is not converging.  Current: -44984.57770264808 is not greater than -44984.55085742319. Delta is -0.026845224885619245
Model is not converging.  Current: -44984.55969699288 is not greater than -44984.54746432327. Delta is -0.012232669614604674
Model is not converging.  Current: -44984.50604105363 is not greater than -44984.50148706532. Delta is -0.00455398831400089
Model is not converging.  Current: -44983.97797434433 is not greater than -44983.84727508623. Delta is -0.13069925810123095
Model is not converging.  Current: -44984.56300946823 is not greater than -44984.53696792568. Delta is -0.026041542550956365
Model is not converging.  Current: -44984.527619640074 is not greater than -44984.502904020526. Delta is -0.024715619547350798
Model is not converging.  Current: -44893.41217545035 is not greater than -44893.41213847295. Delta is -3.6977398849558085e-05
Model is not converging.  Current: -44984.52487739571 is not greater than -44984.50096432941. Delta is -0.023913066295790486
Model is not converging.  Current: -44935.78541000575 is not greater than -44935.78539344166. Delta is -1.6564088582526892e-05
Model is not converging.  Current: -44984.559134360716 is not greater than -44984.53710297599. Delta is -0.02203138472395949
Model is not converging.  Current: -44903.89239917273 is not greater than -44903.892387977765. Delta is -1.119496300816536e-05
=== Stage 3: MS Regime Classification + TVTP ===

Features (8): ['factor_1', 'factor_2', 'factor_3', 'factor_4'] + ['lag_factor_1', 'lag_factor_2', 'lag_factor_3', 'lag_factor_4'] (MS-VAR(1) with lagged factors)
Panel: 138 countries, 7256 obs

  Task F: excluding country 'Mali' from HMM/TVTP fit
Training subset: year <= 2019, 137 countries, 6387 obs

Quantile-based init (Factor 1 bands, no V-Dem supervision):
  Band 0 (liberal_democracy): 1278 obs, F1 range=[0.948, 1.545], F1 mean=1.131
  Band 1 (electoral_democracy): 1277 obs, F1 range=[0.497, 0.948], F1 mean=0.762
  Band 2 (hybrid_regime): 1277 obs, F1 range=[-0.209, 0.497], F1 mean=0.168
  Band 3 (competitive_authoritarian): 1277 obs, F1 range=[-1.026, -0.209], F1 mean=-0.617
  Band 4 (closed_authoritarian): 6387 obs, F1 range=[-2.788, -1.026], F1 mean=-0.021

Phase 1: Baseline HMM (K-means init, no supervision)...
  Restart 20/60: score=-44885.2
  Restart 40/60: score=-44837.8
  Restart 60/60: score=-44837.8

Baseline HMM: LL=-44837.8, min persistence=0.914

State means:
  liberal_democracy: [1.075, 1.195, -0.358, 0.092, 1.072, 1.187, -0.365, 0.078]
  electoral_democracy: [0.770, -0.481, 0.392, 0.001, 0.762, -0.487, 0.378, -0.017]
  hybrid_regime: [0.036, -0.714, 0.115, -0.248, 0.003, -0.704, 0.078, -0.250]
  competitive_authoritarian: [-1.011, -0.236, -0.558, 0.205, -1.025, -0.229, -0.585, 0.201]
  closed_authoritarian: [-1.846, 1.275, 0.768, -0.192, -1.874, 1.299, 0.750, -0.201]

Baseline transition matrix:
  liberal_democracy              [0.9927 0.0036 0.0034 0.0002 0.0002]
  electoral_democracy            [0.0077 0.9749 0.0103 0.0068 0.0003]
  hybrid_regime                  [0.0152 0.0355 0.9138 0.0218 0.0137]
  competitive_authoritarian      [0.0006 0.0134 0.0389 0.9305 0.0165]
  closed_authoritarian           [0.0003 0.0004 0.0108 0.0112 0.9773]

Baseline state distribution:
  hybrid_regime: 1881 (25.9%)
  competitive_authoritarian: 1706 (23.5%)
  electoral_democracy: 1612 (22.2%)
  liberal_democracy: 1460 (20.1%)
  closed_authoritarian: 597 (8.2%)

=== Validation vs V-Dem (5-state) ===
Cohen's kappa: 0.498
Weighted kappa (linear): 0.717
Accuracy: 0.594

Confusion matrix (rows=V-Dem, cols=ours):
           lib_dem  elec_dem  hybrid  comp_auth  clos_auth
lib_dem       1385       216      10          0          0
elec_dem        75      1163     302          0          2
hybrid           0       230     623          3          5
comp_auth        0         3     652        709        157
clos_auth        0         0     294        994        433

Polyarchy by our state:
  liberal_democracy: 0.855 ± 0.043 (n=1460)
  electoral_democracy: 0.641 ± 0.121 (n=1612)
  hybrid_regime: 0.366 ± 0.125 (n=1881)
  competitive_authoritarian: 0.153 ± 0.061 (n=1706)
  closed_authoritarian: 0.145 ± 0.058 (n=597)

============================================================
Phase 2: TVTP with macro covariates

  GDELT loaded: 5407 rows, covariates: ['total_events', 'protest_count', 'conflict_count', 'repression_count', 'avg_goldstein', 'avg_tone']

LASSO: 12/16 covariates selected:
  gdp_pc: 5.2096
  resource_rents: 4.3000
  military_spending: 1.8397
  urbanization: 1.6958
  trade_openness: 1.2511
  avg_goldstein_lag1: 0.8687
  avg_goldstein: 0.7734
  avg_tone_lag1: 0.6314
  gdp_growth: 0.4921
  protest_count_lag1: 0.4258
  avg_tone: 0.2588
  conflict_count: 0.0114
  GDELT forced inclusion: adding protest_count_lag1 as 4th covariate

Building TVTP with top 3 covariates: ['gdp_pc', 'resource_rents', 'protest_count_lag1']
  TVTP: 8 adjacent transitions x 3 covariates = 24 params
  TVTP converged=True, LL=-45157.9, iters=2

TVTP state distribution:
  hybrid_regime: 1885 (26.0%)
  competitive_authoritarian: 1702 (23.5%)
  electoral_democracy: 1612 (22.2%)
  liberal_democracy: 1459 (20.1%)
  closed_authoritarian: 598 (8.2%)

=== Validation vs V-Dem (5-state) ===
Cohen's kappa: 0.497
Weighted kappa (linear): 0.716
Accuracy: 0.593

Confusion matrix (rows=V-Dem, cols=ours):
           lib_dem  elec_dem  hybrid  comp_auth  clos_auth
lib_dem       1385       216      10          0          0
elec_dem        74      1160     306          0          2
hybrid           0       233     620          3          5
comp_auth        0         3     654        706        158
clos_auth        0         0     295        993        433

Polyarchy by our state:
  liberal_democracy: 0.856 ± 0.043 (n=1459)
  electoral_democracy: 0.640 ± 0.122 (n=1612)
  hybrid_regime: 0.366 ± 0.125 (n=1885)
  competitive_authoritarian: 0.153 ± 0.061 (n=1702)
  closed_authoritarian: 0.145 ± 0.058 (n=598)

TVTP adjacent transition effects:
  liberal_ -> electora: gdp_pc=-0.629, resource_rents=+0.231, protest_count_lag1=-0.177
  electora -> liberal_: gdp_pc=+0.574, resource_rents=-0.152, protest_count_lag1=-0.203
  electora -> hybrid_r: gdp_pc=-0.343, resource_rents=+0.274, protest_count_lag1=-0.117
  hybrid_r -> electora: gdp_pc=+0.134, resource_rents=-0.615, protest_count_lag1=+0.283
  hybrid_r -> competit: gdp_pc=+0.646, resource_rents=-0.530, protest_count_lag1=+0.819
  competit -> hybrid_r: gdp_pc=-0.455, resource_rents=-0.333, protest_count_lag1=-0.068
  competit -> closed_a: gdp_pc=+0.576, resource_rents=-0.420, protest_count_lag1=+0.113
  closed_a -> competit: gdp_pc=-0.260, resource_rents=+0.410, protest_count_lag1=+0.629

Saved to stage3_msvar/country_year_states.csv

=== Sample trajectories ===

Hungary: 2016:hybr, 2017:hybr, 2018:hybr, 2019:hybr, 2020:hybr, 2021:hybr, 2022:hybr, 2023:hybr, 2024:hybr, 2025:hybr

Türkiye: 2016:hybr, 2017:comp, 2018:comp, 2019:comp, 2020:comp, 2021:comp, 2022:comp, 2023:comp, 2024:comp, 2025:comp

Poland: 2016:elec, 2017:elec, 2018:elec, 2019:elec, 2020:elec, 2021:elec, 2022:elec, 2023:elec, 2024:elec, 2025:elec

Denmark: 2016:libe, 2017:libe, 2018:libe, 2019:libe, 2020:libe, 2021:libe, 2022:libe, 2023:libe, 2024:libe, 2025:libe

United States of America: 2016:libe, 2017:libe, 2018:libe, 2019:libe, 2020:libe, 2021:libe, 2022:libe, 2023:libe, 2024:libe, 2025:libe

Venezuela: 2016:hybr, 2017:hybr, 2018:hybr, 2019:hybr, 2020:comp, 2021:comp, 2022:comp, 2023:comp, 2024:comp, 2025:comp

Tunisia: 2016:elec, 2017:elec, 2018:elec, 2019:elec, 2020:elec, 2021:elec, 2022:elec, 2023:elec, 2024:hybr, 2025:hybr

Georgia: 2016:elec, 2017:elec, 2018:elec, 2019:elec, 2020:elec, 2021:elec, 2022:elec, 2023:elec, 2024:elec, 2025:hybr

=== Transitions 2020-2025 ===
  Afghanistan: hybrid_regime -> competitive_authoritarian (2022)
  Armenia: electoral_democracy -> hybrid_regime (2025)
  Burkina Faso: electoral_democracy -> hybrid_regime (2022)
  Burma/Myanmar: hybrid_regime -> competitive_authoritarian (2022)
  Georgia: electoral_democracy -> hybrid_regime (2025)
  Greece: liberal_democracy -> electoral_democracy (2021)
  Haiti: electoral_democracy -> hybrid_regime (2021)
  India: electoral_democracy -> hybrid_regime (2023)
  Ivory Coast: electoral_democracy -> hybrid_regime (2021)
  Maldives: hybrid_regime -> electoral_democracy (2021)
  Mali: electoral_democracy -> hybrid_regime (2021)
  Mexico: electoral_democracy -> hybrid_regime (2024)
  Moldova: hybrid_regime -> electoral_democracy (2021)
  Niger: electoral_democracy -> hybrid_regime (2023)
  Pakistan: electoral_democracy -> hybrid_regime (2023)
  Thailand: competitive_authoritarian -> hybrid_regime (2021)
  Tunisia: electoral_democracy -> hybrid_regime (2024)
  Venezuela: hybrid_regime -> competitive_authoritarian (2020)
/home/shadeform/AIM4D/stage4_nscm/estimate.py:416: FutureWarning: DataFrameGroupBy.apply operated on the grouping columns. This behavior is deprecated, and in a future version of pandas the grouping columns will be excluded from the operation. Either pass `include_groups=False` to exclude the groupings or explicitly select the grouping columns after groupby to silence this warning.
  complete = df.groupby("country_text_id").apply(
=== Stage 4: Network SCM (Spatio-Temporal Graph) — seed=42 ===

Countries: 138, Years: 1990-2025

Building spatial edges...
  Contiguity pairs: 482, Alliance pairs (2020): 4950

Building spatio-temporal graph...
  Spatio-temporal graph: 4968 nodes, 186260 edges (176600 spatial, 9660 temporal)
  Augmented features: 22 (raw 10 + spatial lags 12)
  Train nodes: 4140, Test nodes: 828

Training INE-TARNet on spatio-temporal graph...
  Epoch 50/250: train=-0.49281, test=0.039467
  Epoch 100/250: train=-0.65251, test=0.025241
  Epoch 150/250: train=-0.68789, test=0.021794
  Epoch 200/250: train=-0.69724, test=0.020596
  Epoch 250/250: train=-0.69802, test=0.020343
  Best test MSE: 0.020343

  Learned convex W weights (Neumayer & Plumper 2016):
    α_contiguity: 0.357
    α_alliance: 0.357
    α_trade: 0.285

Counterfactual decomposition...
Saved NSCM residuals (4968 rows)
Computing per-factor contagion scores...

=== Network ablation test ===
  MSE (full model):       0.020343
  MSE (temporal only):    0.036929
  MSE (no network):       0.046973
  Improvement from spatial edges: 44.9%
  Improvement from total network: 56.7%
  PASS: Network features improve prediction by 56.7%

=== Most network-influenced (2025) ===
  Malaysia: 0.765
  Ecuador: 0.691
  Sudan: 0.646
  Mexico: 0.634
  Jordan: 0.633
  Afghanistan: 0.622
  Bhutan: 0.609
  Tanzania: 0.608
  Georgia: 0.601
  Guyana: 0.595

=== Most domestically driven (2025) ===
  Germany: 0.148
  Sweden: 0.142
  Norway: 0.142
  Vietnam: 0.136
  Denmark: 0.131
  United Arab Emirates: 0.124
  Laos: 0.114
  Turkmenistan: 0.083
  Belarus: 0.066
  North Korea: 0.055

=== Case studies (smoothed) ===
  Hungary: 2021:0.608, 2022:0.606, 2023:0.599, 2024:0.589, 2025:0.567
  Türkiye: 2021:0.349, 2022:0.353, 2023:0.343, 2024:0.330, 2025:0.315
  Poland: 2021:0.553, 2022:0.556, 2023:0.488, 2024:0.415, 2025:0.363
  United States of America: 2021:0.259, 2022:0.253, 2023:0.235, 2024:0.265, 2025:0.270
  Denmark: 2021:0.162, 2022:0.160, 2023:0.144, 2024:0.141, 2025:0.131
/home/shadeform/AIM4D/stage5_ews/estimate.py:528: FutureWarning: The default fill_method='ffill' in SeriesGroupBy.pct_change is deprecated and will be removed in a future version. Either fill in any non-leading NA values prior to calling pct_change or specify 'fill_method=None' to not fill NA values.
  macro["mil_growth"] = macro.groupby("iso3")["military_spending"].pct_change()
=== Stage 5: Early Warning Signals ===

Loaded dual residuals: 4 factor-based + 5 NSCM
Countries: 138
Indicators: rolling variance, AR(1), kurtosis
Country-relative z-scores (baseline ≤2005), z-cap=10.0

============================================================
Election vulnerability module
============================================================

  Election thresholds: high=5.65 (p80), moderate=5.08 (p50 of nonzero)
  Election alerts: 2492
  Poland: election alerts in [1996, 1997, 1998, 1999, 2004]
  Hungary: election alerts in [1999, 2011, 2013, 2014, 2015]
  Venezuela: election alerts in [1999, 2000, 2001, 2004, 2005]
  Türkiye: election alerts in [2012, 2013, 2014, 2015, 2016]

============================================================
Democratic vulnerability module (high-polyarchy sensitivity)
============================================================

  Democratic vulnerability alerts: 199
  Hungary: alerts in [2004, 2010]
  United States of America: alerts in [2001, 2016, 2017, 2018, 2024]
  Denmark: alerts in [2014, 2020]

============================================================
Military threat module
============================================================

  Military threat alerts: 314
  Thailand: alerts in [2020]
  Egypt: no military threat alert
  Burma/Myanmar: no military threat alert
  Mali: alerts in [2015, 2016, 2017, 2024]

  GDELT event features loaded: ['protest_count_zscore', 'conflict_count_zscore', 'repression_count_zscore', 'protest_count_zscore_lag1', 'conflict_count_zscore_lag1', 'repression_count_zscore_lag1']

============================================================
Meta-learner calibration
============================================================

  DSP variables loaded: ['v2smgovdom', 'v2smfordom', 'v2smgovfilprc', 'v2smgovsmmon', 'v2smpardom']
  Restricted to year >= 2000 (DSP coverage window): 5066 -> 3765 country-years
  Task F: excluding country 'Mali' from meta-learner training
  Elastic net selected 30/73 features:
    csd_index_pctile: -0.6821
    csd_index_delta2: +0.3323
    v2smgovdom_detrended: +0.3303
    csd_x_network: +0.3225
    v2smfordom_x_post2015_detrended: -0.3104
    network_exposure_detrended: +0.3088
    v2smpardom: -0.2701
    v2smfordom_detrended: +0.2462
    party_threat: -0.2304
    network_exposure: +0.2082
    csd_index_lag2: +0.1831
    v2smgovsmmon_x_post2015_detrended: -0.1300
    protest_count_zscore: +0.1170
    mil_zscore_x_post2015_detrended: +0.1161
    csd_index_x_post2015: +0.0985
    repression_count_zscore: +0.0974
    csd_index_delta1: +0.0935
    v2smgovsmmon: -0.0933
    party_threat_detrended: -0.0846
    election_vulnerability_delta1: +0.0809
    csd_index: +0.0643
    election_vulnerability_delta2: +0.0640
    mv_csd_index_lag2: +0.0590
    v2smgovsmmon_x_post2015: -0.0477
    v2smpardom_x_post2015_detrended: -0.0455
    csd_index_lag1: +0.0104
    repression_count_zscore_lag1: +0.0085
    election_vulnerability_x_post2015_detrended: -0.0066
    protest_count_zscore_lag1: +0.0053
    csd_index_detrended: -0.0041

  Stacked ensemble (cross-validated weights):
    LR weight: 0.200, GB weight: 0.800
    LR component range: [0.0707, 0.0881]
    GB component range: [0.0058, 0.8741]
  GB feature importance (top 10):
    csd_x_network: 0.1258
    v2smgovsmmon: 0.1018
    csd_index_x_post2015: 0.0742
    party_threat: 0.0694
    network_exposure_detrended: 0.0498
    network_exposure: 0.0487
    v2smfordom_x_post2015_detrended: 0.0479
    v2smfordom_detrended: 0.0474
    v2smpardom: 0.0449
    csd_index_pctile: 0.0417

  Tiered alerts (calibrated risk):
    alert: 76 (2.1%)
    warning: 149 (4.2%)
    watch: 601 (16.8%)
    none: 2754 (76.9%)

============================================================
Validation: episode detection + precision@K
============================================================

  Hungary (backsliding 2010): DETECTED [warning] via CSD+mvCSD (5yr lead, risk=0.329)
  Türkiye (backsliding 2013): DETECTED [alert] via CSD+mvCSD+ELEC (5yr lead, risk=0.621)
  Poland (backsliding 2015): DETECTED [warning] via ELEC (5yr lead, risk=0.209)
  Venezuela (backsliding 2002): DETECTED [watch] via ELEC (2yr lead, risk=0.092)
  Tunisia (backsliding 2021): DETECTED [alert] via CSD+mvCSD+ELEC (5yr lead, risk=0.607)
  Burma/Myanmar (coup 2021): DETECTED [alert] via CSD (5yr lead, risk=0.675)
  Mali (coup 2020): MISSED (risk=0.076)
  Burkina Faso (coup 2022): DETECTED [warning] via CSD+mvCSD+ELEC (5yr lead, risk=0.363)
  Nicaragua (backsliding 2007): DETECTED [warning] via CSD+ELEC (5yr lead, risk=0.224)
  Philippines (backsliding 2016): DETECTED [warning] via ELEC (5yr lead, risk=0.332)
  India (backsliding 2014): DETECTED [watch] via ELEC (5yr lead, risk=0.172)
  Brazil (backsliding 2019): DETECTED [alert] via CSD+mvCSD+ELEC (3yr lead, risk=0.582)
  El Salvador (2019): NO DATA
  Russia (2000): NO DATA
  Serbia (backsliding 2012): DETECTED [warning] via meta-only (5yr lead, risk=0.201)
  Bangladesh (backsliding 2007): DETECTED [warning] via CSD (5yr lead, risk=0.225)
  Thailand (coup 2014): DETECTED [alert] via CSD+mvCSD (5yr lead, risk=0.452)
  Egypt (coup 2013): DETECTED [alert] via CSD+mvCSD+ELEC (5yr lead, risk=0.484)
  Fiji (coup 2006): DETECTED [watch] via mvCSD+ELEC (5yr lead, risk=0.151)
  Honduras (2009): NO DATA
  Niger (coup 2009): DETECTED [warning] via mvCSD+ELEC (5yr lead, risk=0.232)
  Guinea (coup 2009): DETECTED [watch] via mvCSD (2yr lead, risk=0.096)
  Guinea-Bissau (coup 2012): DETECTED [watch] via CSD+mvCSD+ELEC (3yr lead, risk=0.095)
  Libya (2014): NO DATA
  Afghanistan (coup 2021): DETECTED [alert] via ELEC (5yr lead, risk=0.459)
  Sudan (coup 2021): DETECTED [alert] via CSD+ELEC (5yr lead, risk=0.594)
  Chad (coup 2021): DETECTED [alert] via meta-only (5yr lead, risk=0.575)
  Ukraine (backsliding 2010): DETECTED [warning] via CSD+mvCSD (5yr lead, risk=0.324)
  Maldives (backsliding 2013): DETECTED [warning] via CSD+mvCSD+ELEC (5yr lead, risk=0.313)
  Zambia (backsliding 2013): DETECTED [watch] via mvCSD+ELEC (4yr lead, risk=0.174)
  Montenegro (2007): NO DATA
  North Macedonia (backsliding 2011): DETECTED [warning] via CSD+ELEC (5yr lead, risk=0.243)
  Kenya (backsliding 2007): DETECTED [warning] via meta-only (5yr lead, risk=0.335)
  Bolivia (backsliding 2019): DETECTED [alert] via CSD+ELEC (5yr lead, risk=0.679)
  Benin (backsliding 2019): DETECTED [warning] via mvCSD+ELEC (5yr lead, risk=0.234)
  Ivory Coast (backsliding 2020): DETECTED [alert] via CSD+ELEC (5yr lead, risk=0.716)
  Nigeria (backsliding 2021): DETECTED [alert] via meta-only (5yr lead, risk=0.663)
  Guyana (backsliding 2021): DETECTED [alert] via CSD+mvCSD (5yr lead, risk=0.694)
  Mauritius (backsliding 2017): DETECTED [alert] via CSD+mvCSD (5yr lead, risk=0.429)
  Belarus (1996): NO DATA
  Georgia (backsliding 2024): DETECTED [warning] via CSD+ELEC (5yr lead, risk=0.274)

  Detection by tier (cumulative):
    Watch (top 20%):  34/35
    Warning (top 5%): 28/35
    Alert (top 2%):   14/35

  Precision@K (country-level ranked risk list):
    @  5: precision=100.0%, recall=13.9%, lift=3.8x
    @ 10: precision=100.0%, recall=27.8%, lift=3.8x
    @ 20: precision=90.0%, recall=50.0%, lift=3.5x
    @ 50: precision=64.0%, recall=88.9%, lift=2.5x

  Warning-tier performance:
    Alerts: 225 / 3580 (6.3%)
    Precision: 49.3%
    Sensitivity: 28/35 (80%)
    F1: 0.610
    Stable democracy FPs: 0

============================================================
Leave-one-episode-out cross-validation
============================================================

  Hungary: DETECTED [watch] (LOEO, risk=0.148)
  Türkiye: DETECTED [alert] (LOEO, risk=0.310)
  Poland: MISSED (LOEO, risk=0.034, watch_thresh=0.069)
  Venezuela: DETECTED [watch] (LOEO, risk=0.075)
  Tunisia: MISSED (LOEO, risk=0.056, watch_thresh=0.069)
  Burma/Myanmar: DETECTED [watch] (LOEO, risk=0.128)
  Mali: MISSED (LOEO, risk=0.028, watch_thresh=0.070)
  Burkina Faso: MISSED (LOEO, risk=0.043, watch_thresh=0.069)
  Nicaragua: DETECTED [watch] (LOEO, risk=0.144)
  Philippines: DETECTED [watch] (LOEO, risk=0.069)
  India: DETECTED [watch] (LOEO, risk=0.095)
  Brazil: DETECTED [watch] (LOEO, risk=0.074)
  Serbia: DETECTED [watch] (LOEO, risk=0.082)
  Bangladesh: DETECTED [watch] (LOEO, risk=0.101)
  Thailand: DETECTED [warning] (LOEO, risk=0.167)
  Egypt: DETECTED [warning] (LOEO, risk=0.222)
  Fiji: DETECTED [watch] (LOEO, risk=0.087)
  Niger: DETECTED [watch] (LOEO, risk=0.093)
  Guinea: MISSED (LOEO, risk=0.058, watch_thresh=0.067)
  Guinea-Bissau: MISSED (LOEO, risk=0.051, watch_thresh=0.067)
  Afghanistan: MISSED (LOEO, risk=0.047, watch_thresh=0.068)
  Sudan: DETECTED [watch] (LOEO, risk=0.152)
  Chad: DETECTED [watch] (LOEO, risk=0.093)
  Ukraine: DETECTED [watch] (LOEO, risk=0.094)
  Maldives: DETECTED [watch] (LOEO, risk=0.124)
  Zambia: DETECTED [watch] (LOEO, risk=0.089)
  North Macedonia: MISSED (LOEO, risk=0.054, watch_thresh=0.069)
  Kenya: DETECTED [watch] (LOEO, risk=0.105)
  Bolivia: DETECTED [warning] (LOEO, risk=0.173)
  Benin: MISSED (LOEO, risk=0.049, watch_thresh=0.068)
  Ivory Coast: DETECTED [warning] (LOEO, risk=0.172)
  Nigeria: MISSED (LOEO, risk=0.051, watch_thresh=0.069)
  Guyana: DETECTED [warning] (LOEO, risk=0.177)
  Mauritius: DETECTED [warning] (LOEO, risk=0.173)
  Georgia: MISSED (LOEO, risk=0.026, watch_thresh=0.069)

  LOEO Sensitivity by tier (unbiased):
    Watch (P80):   24/35 (69%)
    Warning (P95): 7/35 (20%)
    Alert (P98):   1/35 (3%)
  (Each episode predicted without seeing itself)

  LOEO stratified by episode type:
    backsliding: 17/23 (74%)
    coup: 7/12 (58%)

  LOEO stratified by onset era:
    pre-2005: 1/1 (100%)
    2005-2014: 14/17 (82%)
    2015-2021: 9/15 (60%)
    post-2021: 0/2 (0%)

============================================================
Continuous risk score evaluation (AUC)
============================================================

  Base rate (positive class): 0.061
  AUC-ROC: 0.935
  AUC-PR:  0.647
  Lift over random: 10.6x
  AUC-ROC (OOS): 0.839
  AUC-PR (OOS):  0.249

  Risk score calibration:
    Top 1%: precision=97.1%, recall=16.3% (thresh=0.52)
    Top 5%: precision=63.2%, recall=51.9% (thresh=0.19)
    Top 10%: precision=43.0%, recall=70.7% (thresh=0.12)
    Top 20%: precision=26.2%, recall=86.1% (thresh=0.08)

============================================================
Expanding-window temporal CV
============================================================

  2006-2008: AUC=0.930, episodes=5, detected=3/5
  2009-2011: AUC=0.964, episodes=6, detected=3/6
  2012-2014: AUC=0.946, episodes=9, detected=4/9
  2015-2017: AUC=0.958, episodes=3, detected=1/3
  2018-2020: AUC=0.950, episodes=6, detected=3/6
  2021-2023: AUC=0.793, episodes=8, detected=0/8

  Mean AUC across windows: 0.923 +/- 0.059
  Mean detection rate: 40%
  (This is the robust generalization estimate across 6 temporal windows)

  Secondary OOS (TRAIN_CUTOFF=2019, 6-year horizon):
    AUC-ROC: 0.839
    AUC-PR:  0.249
    Episodes (onset>2019): 11, detected: 8/11

============================================================
Case studies
============================================================

Hungary:
  2016 CSD=4.9 elec_vuln=0.0 var_z=10.0 ar1_z=2.9 f=5/9 *** CSD
  2017 CSD=4.9 elec_vuln=5.1 var_z=10.0 ar1_z=2.9 f=4/9 *** CSD+ELEC
  2018 CSD=6.0 elec_vuln=5.5 var_z=10.0 ar1_z=6.7 f=4/9 *** CSD+ELEC
  2019 CSD=3.6 elec_vuln=5.6 var_z=10.0 ar1_z=2.8 f=4/9 *** CSD+ELEC
  2020 (OOS) CSD=3.7 elec_vuln=0.0 var_z=10.0 ar1_z=2.8 f=3/9 *** CSD
  2021 (OOS) CSD=3.5 elec_vuln=5.6 var_z=10.0 ar1_z=2.8 f=3/9 *** CSD+ELEC
  2022 (OOS) CSD=4.4 elec_vuln=5.6 var_z=10.0 ar1_z=2.7 f=5/9 *** CSD+ELEC
  2023 (OOS) CSD=4.4 elec_vuln=5.8 var_z=10.0 ar1_z=2.5 f=4/9 *** CSD+ELEC
  2024 (OOS) CSD=3.5 elec_vuln=0.0 var_z=10.0 ar1_z=2.5 f=1/9
  2025 (OOS) CSD=4.0 elec_vuln=0.0 var_z=10.0 ar1_z=2.1 f=1/9

Türkiye:
  2016 CSD=4.6 elec_vuln=5.0 var_z=10.0 ar1_z=0.7 f=4/9 *** CSD+ELEC
  2017 CSD=5.1 elec_vuln=5.2 var_z=10.0 ar1_z=1.9 f=4/9 *** CSD+ELEC
  2018 CSD=3.8 elec_vuln=5.3 var_z=10.0 ar1_z=2.5 f=4/9 *** CSD+ELEC
  2019 CSD=3.4 elec_vuln=5.4 var_z=10.0 ar1_z=1.7 f=2/9 *** CSD+ELEC
  2020 (OOS) CSD=3.6 elec_vuln=0.0 var_z=10.0 ar1_z=1.8 f=2/9 *** CSD
  2021 (OOS) CSD=3.6 elec_vuln=0.0 var_z=10.0 ar1_z=1.8 f=4/9 *** CSD
  2022 (OOS) CSD=3.7 elec_vuln=5.4 var_z=10.0 ar1_z=2.1 f=4/9 *** CSD+ELEC
  2023 (OOS) CSD=3.9 elec_vuln=5.5 var_z=10.0 ar1_z=2.3 f=5/9 *** CSD+ELEC
  2024 (OOS) CSD=5.2 elec_vuln=5.7 var_z=10.0 ar1_z=2.4 f=5/9 *** CSD+ELEC
  2025 (OOS) CSD=5.1 elec_vuln=0.0 var_z=10.0 ar1_z=3.1 f=5/9 *** CSD

Poland:
  2016 CSD=6.1 elec_vuln=4.8 var_z=10.0 ar1_z=7.1 f=6/9 *** CSD+ELEC
  2017 CSD=4.5 elec_vuln=0.0 var_z=10.0 ar1_z=5.2 f=4/9 *** CSD
  2018 CSD=4.2 elec_vuln=5.4 var_z=10.0 ar1_z=5.4 f=7/9 *** CSD+ELEC
  2019 CSD=4.3 elec_vuln=5.4 var_z=10.0 ar1_z=5.7 f=7/9 *** CSD+ELEC
  2020 (OOS) CSD=4.2 elec_vuln=5.4 var_z=10.0 ar1_z=5.2 f=6/9 *** CSD+ELEC
  2021 (OOS) CSD=4.1 elec_vuln=5.4 var_z=10.0 ar1_z=4.5 f=7/9 *** CSD+ELEC
  2022 (OOS) CSD=4.2 elec_vuln=5.4 var_z=10.0 ar1_z=5.3 f=6/9 *** CSD+ELEC
  2023 (OOS) CSD=5.5 elec_vuln=5.7 var_z=10.0 ar1_z=6.2 f=7/9 *** CSD+ELEC
  2024 (OOS) CSD=4.0 elec_vuln=5.7 var_z=10.0 ar1_z=6.2 f=3/9 *** CSD+ELEC
  2025 (OOS) CSD=3.9 elec_vuln=5.7 var_z=10.0 ar1_z=6.6 f=1/9 *** ELEC

United States of America:
  2016 CSD=4.5 elec_vuln=4.3 var_z=10.0 ar1_z=1.5 f=3/9 *** CSD+ELEC
  2017 CSD=5.4 elec_vuln=4.2 var_z=10.0 ar1_z=4.8 f=5/9 *** CSD+ELEC
  2018 CSD=5.5 elec_vuln=4.1 var_z=10.0 ar1_z=5.2 f=5/9 *** CSD+ELEC
  2019 CSD=5.8 elec_vuln=4.1 var_z=10.0 ar1_z=6.0 f=4/9 *** CSD+ELEC
  2020 (OOS) CSD=4.0 elec_vuln=4.1 var_z=10.0 ar1_z=4.5 f=3/9 *** CSD+ELEC
  2021 (OOS) CSD=3.7 elec_vuln=4.1 var_z=10.0 ar1_z=3.3 f=3/9 *** CSD+ELEC
  2022 (OOS) CSD=4.3 elec_vuln=4.1 var_z=10.0 ar1_z=5.1 f=3/9 *** CSD+ELEC
  2023 (OOS) CSD=4.7 elec_vuln=4.1 var_z=10.0 ar1_z=6.3 f=3/9 *** CSD+ELEC
  2024 (OOS) CSD=4.8 elec_vuln=4.8 var_z=10.0 ar1_z=5.9 f=4/9 *** CSD+ELEC
  2025 (OOS) CSD=4.6 elec_vuln=4.8 var_z=10.0 ar1_z=2.7 f=4/9 *** CSD+ELEC

Denmark:
  2016 CSD=3.4 elec_vuln=4.7 var_z=7.0 ar1_z=0.9 f=1/9 *** CSD+ELEC
  2017 CSD=3.4 elec_vuln=0.0 var_z=7.2 ar1_z=1.9 f=2/9 *** CSD
  2018 CSD=4.0 elec_vuln=4.3 var_z=8.7 ar1_z=3.3 f=2/9 *** CSD+ELEC
  2019 CSD=3.4 elec_vuln=4.1 var_z=4.3 ar1_z=3.6 f=1/9 *** ELEC
  2020 (OOS) CSD=4.8 elec_vuln=4.1 var_z=10.0 ar1_z=4.0 f=2/9 *** CSD+ELEC
  2021 (OOS) CSD=4.2 elec_vuln=4.1 var_z=10.0 ar1_z=3.2 f=2/9 *** CSD+ELEC
  2022 (OOS) CSD=4.0 elec_vuln=4.1 var_z=10.0 ar1_z=3.3 f=1/9 *** ELEC
  2023 (OOS) CSD=4.8 elec_vuln=4.1 var_z=10.0 ar1_z=4.0 f=2/9 *** CSD+ELEC
  2024 (OOS) CSD=5.3 elec_vuln=0.0 var_z=10.0 ar1_z=3.7 f=2/9 *** CSD
  2025 (OOS) CSD=5.2 elec_vuln=0.0 var_z=10.0 ar1_z=3.1 f=2/9 *** CSD


============================================================
Prospective Risk Ranking: 2026-2031 Autocratization Risk
(Genuine prospective forecast — verifiable against future data)
============================================================

  Rank  Country                            Risk Tier       Key Signals
  --------------------------------------------------------------------------------
  1     Ivory Coast                      0.6068 alert      CSD+ELEC
  2     Bolivia                          0.4843 alert      CSD+mvCSD+ELEC
  3     Portugal                         0.3577 warning    CSD+mvCSD+ELEC
  4     Gabon                            0.3272 warning    CSD+mvCSD+ELEC
  5     Argentina                        0.3214 warning    CSD+mvCSD+ELEC
  6     Mexico                           0.2804 warning    CSD+ELEC
  7     Philippines                      0.2757 warning    CSD+ELEC
  8     Niger                            0.2509 warning    CSD
  9     Ecuador                          0.2405 warning    CSD+ELEC
  10    Nigeria                          0.2349 warning    mvCSD
  11    Colombia                         0.1957 warning    meta
  12    Malaysia                         0.1908 warning    CSD
  13    Armenia                          0.1893 warning    CSD
  14    Guyana                           0.1788 watch      CSD+ELEC
  15    Moldova                          0.1706 watch      CSD+mvCSD
  16    Israel                           0.1629 watch      CSD
  17    Iran                             0.1573 watch      meta
  18    Mauritius                        0.1564 watch      CSD+mvCSD
  19    Indonesia                        0.1483 watch      meta
  20    Burma/Myanmar                    0.1451 watch      CSD
  21    Türkiye                          0.1445 watch      CSD+mvCSD
  22    Tunisia                          0.1361 watch      CSD+ELEC
  23    Fiji                             0.1320 watch      CSD
  24    Mali                             0.1282 watch      CSD
  25    Jordan                           0.1248 watch      mvCSD+ELEC
  -> full-pipeline LOEO max_risk=0.0762 tier=none
     meta-only      LOEO max_risk=0.0804 tier=watch
     delta (full - meta) = -0.0043

======================================================================
Full-pipeline LOEO: Nigeria (2021, backsliding)
======================================================================
/home/shadeform/AIM4D/stage1_factors/extract.py:39: SettingWithCopyWarning: 
A value is trying to be set on a copy of a slice from a DataFrame.
Try using .loc[row_indexer,col_indexer] = value instead

See the caveats in the documentation: https://pandas.pydata.org/pandas-docs/stable/user_guide/indexing.html#returning-a-view-versus-a-copy
  panel[c] = pd.to_numeric(panel[c], errors="coerce")
V-Dem loaded: 28092 rows, 4618 columns
Countries: 202, Years: 1789-2025
Selected 332 indicators (from 507 candidates)
Panel: 139 countries, 1970-2025, 7422 country-years, 332 indicators
Matrix: 7422 obs x 332 indicators
  Task F: excluding country 'Nigeria' from POET fit
Fitting POET on 6546/7422 country-years (year <= 2019)
Bai-Ng: IC1=20, IC2=20, IC3=20 (all maxed)
Scree elbow: K=4

Using K=4 factors (scree elbow — IC criteria maxed at 20)
Variance explained: [43.7  5.6  3.6  2.4]%
Cumulative: [43.7 49.3 52.9 55.3]%

Factor interpretations:
  factor_1 -> institutional_entrenchment
    Top: ['v2x_diagacc', 'v2x_freexp_altinf', 'v2x_accountability', 'v2x_clpol', 'v2x_electoral_integrity']
  factor_2 -> executive_overreach
    Top: ['v2xeg_eqdr', 'v2peedueq', 'v2peapsecon', 'v2pehealth', 'v2elvotbuy']
  factor_3 -> civil_society_and_suffrage
    Top: ['v2fsuffrage', 'v2asuffrage', 'v2msuffrage', 'v2x_elecreg', 'v2xlg_elecreg']
  factor_4 -> direct_democratic_practice
    Top: ['v2xdd_dd', 'v2xdd_cic', 'v2xdd_i_ci', 'v2ddthreci', 'v2ddthrerf']

Saved to stage1_factors/

=== Factor loadings (top 5 per factor) ===

factor_1:
  v2x_diagacc: 0.990
  v2x_freexp_altinf: 0.983
  v2x_accountability: 0.979
  v2x_clpol: 0.978
  v2x_electoral_integrity: 0.978

factor_2:
  v2xeg_eqdr: 0.772
  v2peedueq: 0.772
  v2peapsecon: 0.770
  v2pehealth: 0.757
  v2elvotbuy: 0.749

factor_3:
  v2fsuffrage: 0.698
  v2asuffrage: 0.695
  v2msuffrage: 0.690
  v2x_elecreg: 0.644
  v2xlg_elecreg: 0.640

factor_4:
  v2xdd_dd: 0.710
  v2xdd_cic: 0.669
  v2xdd_i_ci: 0.596
  v2ddthreci: 0.585
  v2ddthrerf: 0.580

=== Sample country trajectories (Factor 1) ===

Hungary:
  2021: -0.126
  2022: -0.133
  2023: -0.158
  2024: -0.180
  2025: -0.222

Poland:
  2021: 0.364
  2022: 0.330
  2023: 0.448
  2024: 0.703
  2025: 0.776

Denmark:
  2021: 1.215
  2022: 1.207
  2023: 1.198
  2024: 1.191
  2025: 1.173

United States of America:
  2021: 1.367
  2022: 1.357
  2023: 1.351
  2024: 1.306
  2025: 0.908
Loaded 7422 country-years, 139 countries
  [1/139] Mexico: done
  [25/139] Afghanistan: done
  [50/139] Zimbabwe: done
  [75/139] Morocco: done
  [100/139] Laos: done
  [125/139] Israel: done

Estimated betas for 138 countries
Output: 7394 country-years x 4 factor betas

Beta summary by factor:
  factor_1: mean=0.624, std=1.724, range=[-5.776, 8.000]
  factor_2: mean=0.624, std=1.386, range=[-1.757, 7.120]
  factor_3: mean=0.524, std=1.331, range=[-2.110, 9.947]
  factor_4: mean=0.611, std=2.500, range=[-3.515, 16.095]

=== Hungary betas over time ===
  2016: F1=3.557 F2=1.398 F3=1.449 F4=0.563
  2017: F1=4.294 F2=1.455 F3=1.395 F4=1.111
  2018: F1=4.987 F2=0.845 F3=1.415 F4=1.093
  2019: F1=4.621 F2=1.572 F3=1.420 F4=0.851
  2020: F1=4.620 F2=1.575 F3=1.418 F4=0.848
  2021: F1=4.619 F2=1.597 F3=1.271 F4=0.843
  2022: F1=4.605 F2=1.591 F3=1.345 F4=0.806
  2023: F1=4.602 F2=1.581 F3=1.302 F4=1.061
  2024: F1=4.598 F2=1.553 F3=1.293 F4=0.888
  2025: F1=4.599 F2=1.483 F3=1.335 F4=0.792

=== Turkey betas over time ===
  2016: F1=2.689 F2=0.015 F3=-0.251 F4=-1.150
  2017: F1=3.035 F2=0.335 F3=-0.377 F4=-0.314
  2018: F1=3.036 F2=0.457 F3=-0.282 F4=-1.199
  2019: F1=3.022 F2=0.197 F3=-0.254 F4=-0.524
  2020: F1=3.027 F2=0.441 F3=-0.318 F4=-0.354
  2021: F1=2.953 F2=0.400 F3=-0.176 F4=-0.366
  2022: F1=2.858 F2=0.374 F3=-0.248 F4=-0.364
  2023: F1=2.836 F2=0.269 F3=-0.235 F4=-0.336
  2024: F1=2.771 F2=0.170 F3=-0.232 F4=-0.327
  2025: F1=2.768 F2=0.650 F3=-0.429 F4=-0.358

=== Poland betas over time ===
  2016: F1=4.355 F2=1.145 F3=-0.601 F4=-1.287
  2017: F1=4.743 F2=1.308 F3=-0.840 F4=-1.992
  2018: F1=4.740 F2=1.257 F3=-0.787 F4=-1.545
  2019: F1=4.723 F2=1.188 F3=-0.770 F4=-1.411
  2020: F1=4.639 F2=1.192 F3=-0.748 F4=-1.249
  2021: F1=4.519 F2=0.834 F3=-0.797 F4=-1.272
  2022: F1=4.349 F2=0.800 F3=-0.499 F4=-1.316
  2023: F1=4.311 F2=0.888 F3=-0.444 F4=-1.309
  2024: F1=3.974 F2=0.699 F3=-0.440 F4=-1.206
  2025: F1=3.987 F2=1.126 F3=-0.535 F4=-1.451

=== 2025 Factor 1 beta rankings ===
Bottom 5 (decoupling from global democratic trend):
  Benin: -5.776
  Zimbabwe: -4.692
  Ivory Coast: -3.208
  Namibia: -3.003
  Equatorial Guinea: -2.113
Top 5 (amplifying global democratic trend):
  Azerbaijan: 4.479
  Hungary: 4.599
  Burundi: 5.593
  Yemen: 5.605
  Egypt: 8.000

=== Cross-country beta variation ===
  factor_1: avg within-country std = 0.8460
  factor_2: avg within-country std = 0.7191
  factor_3: avg within-country std = 0.5587
  factor_4: avg within-country std = 0.7865
Model is not converging.  Current: -44809.98396200544 is not greater than -44809.97178477992. Delta is -0.012177225522464141
Model is not converging.  Current: -44809.85832300871 is not greater than -44809.85687463187. Delta is -0.0014483768391073681
Model is not converging.  Current: -44734.932254642394 is not greater than -44734.93222822466. Delta is -2.641773608047515e-05
Model is not converging.  Current: -44698.96820914989 is not greater than -44698.96815207545. Delta is -5.707443779101595e-05
Model is not converging.  Current: -44617.42098188357 is not greater than -44617.42094909385. Delta is -3.2789721444714814e-05
=== Stage 3: MS Regime Classification + TVTP ===

Features (8): ['factor_1', 'factor_2', 'factor_3', 'factor_4'] + ['lag_factor_1', 'lag_factor_2', 'lag_factor_3', 'lag_factor_4'] (MS-VAR(1) with lagged factors)
Panel: 138 countries, 7256 obs

  Task F: excluding country 'Nigeria' from HMM/TVTP fit
Training subset: year <= 2019, 137 countries, 6387 obs

Quantile-based init (Factor 1 bands, no V-Dem supervision):
  Band 0 (liberal_democracy): 1278 obs, F1 range=[0.950, 1.539], F1 mean=1.132
  Band 1 (electoral_democracy): 1277 obs, F1 range=[0.497, 0.950], F1 mean=0.762
  Band 2 (hybrid_regime): 1277 obs, F1 range=[-0.219, 0.497], F1 mean=0.158
  Band 3 (competitive_authoritarian): 1277 obs, F1 range=[-1.022, -0.219], F1 mean=-0.626
  Band 4 (closed_authoritarian): 6387 obs, F1 range=[-2.789, -1.022], F1 mean=-0.023

Phase 1: Baseline HMM (K-means init, no supervision)...
  Restart 20/60: score=-44694.6
  Restart 40/60: score=-44669.0
  Restart 60/60: score=-44665.5

Baseline HMM: LL=-44665.5, min persistence=0.914

State means:
  liberal_democracy: [1.079, 1.187, -0.369, 0.097, 1.076, 1.179, -0.376, 0.084]
  electoral_democracy: [0.770, -0.488, 0.393, 0.001, 0.763, -0.494, 0.378, -0.016]
  hybrid_regime: [0.032, -0.696, 0.154, -0.261, -0.002, -0.685, 0.118, -0.264]
  competitive_authoritarian: [-1.004, -0.253, -0.557, 0.211, -1.018, -0.246, -0.586, 0.208]
  closed_authoritarian: [-1.834, 1.300, 0.757, -0.208, -1.863, 1.324, 0.737, -0.216]

Baseline transition matrix:
  liberal_democracy              [0.9927 0.0036 0.0034 0.0002 0.0002]
  electoral_democracy            [0.0077 0.9749 0.0103 0.0068 0.0003]
  hybrid_regime                  [0.0153 0.0355 0.9136 0.0218 0.0138]
  competitive_authoritarian      [0.0006 0.0134 0.0390 0.9306 0.0164]
  closed_authoritarian           [0.0003 0.0004 0.0109 0.0109 0.9774]

Baseline state distribution:
  hybrid_regime: 1895 (26.1%)
  competitive_authoritarian: 1708 (23.5%)
  electoral_democracy: 1592 (21.9%)
  liberal_democracy: 1459 (20.1%)
  closed_authoritarian: 602 (8.3%)

=== Validation vs V-Dem (5-state) ===
Cohen's kappa: 0.499
Weighted kappa (linear): 0.717
Accuracy: 0.595

Confusion matrix (rows=V-Dem, cols=ours):
           lib_dem  elec_dem  hybrid  comp_auth  clos_auth
lib_dem       1385       216      10          0          0
elec_dem        74      1153     313          0          2
hybrid           0       220     633          3          5
comp_auth        0         3     651        709        158
clos_auth        0         0     288        996        437

Polyarchy by our state:
  liberal_democracy: 0.856 ± 0.043 (n=1459)
  electoral_democracy: 0.642 ± 0.120 (n=1592)
  hybrid_regime: 0.368 ± 0.125 (n=1895)
  competitive_authoritarian: 0.154 ± 0.061 (n=1708)
  closed_authoritarian: 0.145 ± 0.058 (n=602)

============================================================
Phase 2: TVTP with macro covariates

  GDELT loaded: 5407 rows, covariates: ['total_events', 'protest_count', 'conflict_count', 'repression_count', 'avg_goldstein', 'avg_tone']

LASSO: 11/16 covariates selected:
  gdp_pc: 4.4088
  resource_rents: 3.6120
  military_spending: 1.5758
  urbanization: 1.4080
  trade_openness: 1.0138
  avg_goldstein_lag1: 0.7805
  avg_goldstein: 0.6843
  avg_tone_lag1: 0.4430
  gdp_growth: 0.3706
  protest_count_lag1: 0.2876
  avg_tone: 0.2003
  GDELT forced inclusion: adding protest_count_lag1 as 4th covariate

Building TVTP with top 3 covariates: ['gdp_pc', 'resource_rents', 'protest_count_lag1']
  TVTP: 8 adjacent transitions x 3 covariates = 24 params
  TVTP converged=True, LL=-45175.0, iters=2

TVTP state distribution:
  hybrid_regime: 1894 (26.1%)
  competitive_authoritarian: 1705 (23.5%)
  electoral_democracy: 1596 (22.0%)
  liberal_democracy: 1459 (20.1%)
  closed_authoritarian: 602 (8.3%)

=== Validation vs V-Dem (5-state) ===
Cohen's kappa: 0.498
Weighted kappa (linear): 0.717
Accuracy: 0.594

Confusion matrix (rows=V-Dem, cols=ours):
           lib_dem  elec_dem  hybrid  comp_auth  clos_auth
lib_dem       1385       216      10          0          0
elec_dem        74      1153     313          0          2
hybrid           0       224     629          3          5
comp_auth        0         3     653        707        158
clos_auth        0         0     289        995        437

Polyarchy by our state:
  liberal_democracy: 0.856 ± 0.043 (n=1459)
  electoral_democracy: 0.642 ± 0.121 (n=1596)
  hybrid_regime: 0.368 ± 0.125 (n=1894)
  competitive_authoritarian: 0.154 ± 0.061 (n=1705)
  closed_authoritarian: 0.145 ± 0.058 (n=602)

TVTP adjacent transition effects:
  liberal_ -> electora: gdp_pc=-0.630, resource_rents=+0.233, protest_count_lag1=-0.182
  electora -> liberal_: gdp_pc=+0.571, resource_rents=-0.153, protest_count_lag1=-0.201
  electora -> hybrid_r: gdp_pc=-0.400, resource_rents=+0.313, protest_count_lag1=-0.116
  hybrid_r -> electora: gdp_pc=+0.148, resource_rents=-0.610, protest_count_lag1=+0.300
  hybrid_r -> competit: gdp_pc=+0.651, resource_rents=-0.526, protest_count_lag1=+0.818
  competit -> hybrid_r: gdp_pc=-0.455, resource_rents=-0.323, protest_count_lag1=-0.062
  competit -> closed_a: gdp_pc=+0.580, resource_rents=-0.416, protest_count_lag1=+0.112
  closed_a -> competit: gdp_pc=-0.250, resource_rents=+0.423, protest_count_lag1=+0.686

Saved to stage3_msvar/country_year_states.csv

=== Sample trajectories ===

Hungary: 2016:hybr, 2017:hybr, 2018:hybr, 2019:hybr, 2020:hybr, 2021:hybr, 2022:hybr, 2023:hybr, 2024:hybr, 2025:hybr

Türkiye: 2016:hybr, 2017:comp, 2018:comp, 2019:comp, 2020:comp, 2021:comp, 2022:comp, 2023:comp, 2024:comp, 2025:comp

Poland: 2016:elec, 2017:elec, 2018:elec, 2019:elec, 2020:elec, 2021:elec, 2022:elec, 2023:elec, 2024:elec, 2025:elec

Denmark: 2016:libe, 2017:libe, 2018:libe, 2019:libe, 2020:libe, 2021:libe, 2022:libe, 2023:libe, 2024:libe, 2025:libe

United States of America: 2016:libe, 2017:libe, 2018:libe, 2019:libe, 2020:libe, 2021:libe, 2022:libe, 2023:libe, 2024:libe, 2025:libe

Venezuela: 2016:hybr, 2017:hybr, 2018:hybr, 2019:comp, 2020:comp, 2021:comp, 2022:comp, 2023:comp, 2024:comp, 2025:comp

Tunisia: 2016:elec, 2017:elec, 2018:elec, 2019:elec, 2020:elec, 2021:elec, 2022:elec, 2023:hybr, 2024:hybr, 2025:hybr

Georgia: 2016:elec, 2017:elec, 2018:elec, 2019:elec, 2020:elec, 2021:elec, 2022:elec, 2023:elec, 2024:elec, 2025:hybr

=== Transitions 2020-2025 ===
  Afghanistan: hybrid_regime -> competitive_authoritarian (2022)
  Armenia: electoral_democracy -> hybrid_regime (2025)
  Burkina Faso: electoral_democracy -> hybrid_regime (2022)
  Burma/Myanmar: hybrid_regime -> competitive_authoritarian (2022)
  Georgia: electoral_democracy -> hybrid_regime (2025)
  Greece: liberal_democracy -> electoral_democracy (2021)
  Guinea: hybrid_regime -> competitive_authoritarian (2024)
  Haiti: electoral_democracy -> hybrid_regime (2021)
  India: electoral_democracy -> hybrid_regime (2022)
  Ivory Coast: electoral_democracy -> hybrid_regime (2021)
  Maldives: hybrid_regime -> electoral_democracy (2021)
  Mali: electoral_democracy -> hybrid_regime (2021)
  Mexico: electoral_democracy -> hybrid_regime (2024)
  Moldova: hybrid_regime -> electoral_democracy (2021)
  Niger: electoral_democracy -> hybrid_regime (2023)
  Pakistan: electoral_democracy -> hybrid_regime (2023)
  Thailand: competitive_authoritarian -> hybrid_regime (2021)
  Tunisia: electoral_democracy -> hybrid_regime (2023)
  Zambia: hybrid_regime -> electoral_democracy (2022)
/home/shadeform/AIM4D/stage4_nscm/estimate.py:416: FutureWarning: DataFrameGroupBy.apply operated on the grouping columns. This behavior is deprecated, and in a future version of pandas the grouping columns will be excluded from the operation. Either pass `include_groups=False` to exclude the groupings or explicitly select the grouping columns after groupby to silence this warning.
  complete = df.groupby("country_text_id").apply(
=== Stage 4: Network SCM (Spatio-Temporal Graph) — seed=42 ===

Countries: 138, Years: 1990-2025

Building spatial edges...
  Contiguity pairs: 482, Alliance pairs (2020): 4950

Building spatio-temporal graph...
  Spatio-temporal graph: 4968 nodes, 186260 edges (176600 spatial, 9660 temporal)
  Augmented features: 22 (raw 10 + spatial lags 12)
  Train nodes: 4140, Test nodes: 828

Training INE-TARNet on spatio-temporal graph...
  Epoch 50/250: train=-0.50082, test=0.040147
  Epoch 100/250: train=-0.66050, test=0.025122
  Epoch 150/250: train=-0.68968, test=0.022315
  Epoch 200/250: train=-0.69859, test=0.021234
  Epoch 250/250: train=-0.69938, test=0.020995
  Best test MSE: 0.020995

  Learned convex W weights (Neumayer & Plumper 2016):
    α_contiguity: 0.358
    α_alliance: 0.357
    α_trade: 0.285

Counterfactual decomposition...
Saved NSCM residuals (4968 rows)
Computing per-factor contagion scores...

=== Network ablation test ===
  MSE (full model):       0.020995
  MSE (temporal only):    0.039289
  MSE (no network):       0.050307
  Improvement from spatial edges: 46.6%
  Improvement from total network: 58.3%
  PASS: Network features improve prediction by 58.3%

=== Most network-influenced (2025) ===
  Malaysia: 0.756
  Ecuador: 0.684
  Sudan: 0.638
  Jordan: 0.632
  Mexico: 0.625
  Tanzania: 0.618
  Afghanistan: 0.613
  Bhutan: 0.610
  Georgia: 0.597
  Guyana: 0.594

=== Most domestically driven (2025) ===
  Switzerland: 0.145
  Sweden: 0.145
  Norway: 0.145
  Vietnam: 0.133
  Denmark: 0.133
  United Arab Emirates: 0.121
  Laos: 0.109
  Turkmenistan: 0.074
  Belarus: 0.065
  North Korea: 0.053

=== Case studies (smoothed) ===
  Hungary: 2021:0.611, 2022:0.610, 2023:0.599, 2024:0.583, 2025:0.556
  Türkiye: 2021:0.349, 2022:0.353, 2023:0.341, 2024:0.325, 2025:0.307
  Poland: 2021:0.553, 2022:0.555, 2023:0.487, 2024:0.412, 2025:0.357
  United States of America: 2021:0.260, 2022:0.254, 2023:0.237, 2024:0.266, 2025:0.272
  Denmark: 2021:0.160, 2022:0.159, 2023:0.144, 2024:0.142, 2025:0.133
/home/shadeform/AIM4D/stage5_ews/estimate.py:528: FutureWarning: The default fill_method='ffill' in SeriesGroupBy.pct_change is deprecated and will be removed in a future version. Either fill in any non-leading NA values prior to calling pct_change or specify 'fill_method=None' to not fill NA values.
  macro["mil_growth"] = macro.groupby("iso3")["military_spending"].pct_change()
=== Stage 5: Early Warning Signals ===

Loaded dual residuals: 4 factor-based + 5 NSCM
Countries: 138
Indicators: rolling variance, AR(1), kurtosis
Country-relative z-scores (baseline ≤2005), z-cap=10.0

============================================================
Election vulnerability module
============================================================

  Election thresholds: high=5.65 (p80), moderate=5.08 (p50 of nonzero)
  Election alerts: 2483
  Poland: election alerts in [1996, 1997, 1998, 2004, 2005]
  Hungary: election alerts in [1999, 2011, 2013, 2014, 2015]
  Venezuela: election alerts in [1999, 2000, 2001, 2004, 2005]
  Türkiye: election alerts in [2012, 2013, 2014, 2015, 2016]

============================================================
Democratic vulnerability module (high-polyarchy sensitivity)
============================================================

  Democratic vulnerability alerts: 194
  Hungary: alerts in [2004, 2010]
  United States of America: alerts in [2001, 2016, 2017, 2018, 2024]
  Denmark: alerts in [2020]

============================================================
Military threat module
============================================================

  Military threat alerts: 315
  Thailand: alerts in [2020]
  Egypt: no military threat alert
  Burma/Myanmar: no military threat alert
  Mali: alerts in [2015, 2016, 2017, 2024]

  GDELT event features loaded: ['protest_count_zscore', 'conflict_count_zscore', 'repression_count_zscore', 'protest_count_zscore_lag1', 'conflict_count_zscore_lag1', 'repression_count_zscore_lag1']

============================================================
Meta-learner calibration
============================================================

  DSP variables loaded: ['v2smgovdom', 'v2smfordom', 'v2smgovfilprc', 'v2smgovsmmon', 'v2smpardom']
  Restricted to year >= 2000 (DSP coverage window): 5066 -> 3765 country-years
  Task F: excluding country 'Nigeria' from meta-learner training
  Elastic net selected 38/73 features:
    csd_index_pctile: -0.7581
    csd_x_network: +0.5501
    csd_index_delta2: +0.3762
    v2smgovdom_detrended: +0.3627
    v2smfordom_x_post2015_detrended: -0.2856
    mv_csd_index_pctile: +0.2722
    v2smpardom: -0.2697
    csd_index_lag2: +0.2404
    v2smfordom_detrended: +0.2339
    network_exposure_detrended: +0.2301
    mil_zscore_x_post2015_detrended: +0.2292
    csd_index_detrended: -0.1734
    mil_zscore_x_post2015: +0.1534
    party_threat: -0.1530
    protest_count_zscore: +0.1276
    network_exposure: +0.1116
    csd_x_military: -0.1114
    mil_zscore: +0.1052
    mv_csd_index_delta2: -0.0971
    v2smgovsmmon: -0.0811
    csd_index_x_post2015: +0.0799
    repression_count_zscore: +0.0779
    v2smpardom_x_post2015_detrended: -0.0775
    csd_index_delta1: +0.0652
    mil_zscore_lag1: +0.0605
    v2smgovsmmon_x_post2015_detrended: -0.0577
    v2smgovdom_x_post2015: +0.0465
    mv_csd_index_delta1: -0.0439
    v2smfordom_x_post2015: -0.0392
    conflict_count_zscore_detrended: -0.0305
    v2smgovdom_x_post2015_detrended: +0.0291
    election_vulnerability_delta2: +0.0283
    election_vulnerability_detrended: -0.0157
    csd_index_lag1: +0.0140
    v2smgovsmmon_x_post2015: -0.0134
    election_vulnerability_lag1: -0.0108
    v2smgovfilprc_x_post2015_detrended: -0.0077
    party_threat_detrended: -0.0012

  Stacked ensemble (cross-validated weights):
    LR weight: 0.200, GB weight: 0.800
    LR component range: [0.0439, 0.1543]
    GB component range: [0.0066, 0.9133]
  GB feature importance (top 10):
    csd_index_x_post2015: 0.1424
    csd_x_network: 0.0830
    party_threat: 0.0743
    v2smgovsmmon: 0.0649
    v2smfordom_detrended: 0.0489
    v2smpardom: 0.0445
    network_exposure: 0.0421
    network_exposure_detrended: 0.0357
    mv_csd_index_pctile: 0.0356
    csd_index_lag2: 0.0339

  Tiered alerts (calibrated risk):
    alert: 79 (2.2%)
    warning: 175 (4.9%)
    watch: 609 (17.0%)
    none: 2717 (75.9%)

============================================================
Validation: episode detection + precision@K
============================================================

  Hungary (backsliding 2010): DETECTED [warning] via CSD+mvCSD (5yr lead, risk=0.295)
  Türkiye (backsliding 2013): DETECTED [alert] via CSD+mvCSD+ELEC (5yr lead, risk=0.647)
  Poland (backsliding 2015): DETECTED [warning] via ELEC (5yr lead, risk=0.206)
  Venezuela (backsliding 2002): DETECTED [watch] via ELEC (2yr lead, risk=0.113)
  Tunisia (backsliding 2021): DETECTED [alert] via CSD+mvCSD+ELEC (5yr lead, risk=0.666)
  Burma/Myanmar (coup 2021): DETECTED [alert] via CSD (5yr lead, risk=0.646)
  Mali (coup 2020): DETECTED [alert] via mvCSD+ELEC (5yr lead, risk=0.578)
  Burkina Faso (coup 2022): DETECTED [alert] via CSD+mvCSD+ELEC (5yr lead, risk=0.455)
  Nicaragua (backsliding 2007): DETECTED [warning] via CSD+ELEC (5yr lead, risk=0.196)
  Philippines (backsliding 2016): DETECTED [warning] via CSD+ELEC (5yr lead, risk=0.286)
  India (backsliding 2014): DETECTED [watch] via ELEC (5yr lead, risk=0.165)
  Brazil (backsliding 2019): DETECTED [alert] via CSD+ELEC (3yr lead, risk=0.493)
  El Salvador (2019): NO DATA
  Russia (2000): NO DATA
  Serbia (backsliding 2012): DETECTED [watch] via meta-only (5yr lead, risk=0.173)
  Bangladesh (backsliding 2007): DETECTED [warning] via CSD (5yr lead, risk=0.246)
  Thailand (coup 2014): DETECTED [alert] via CSD+mvCSD (5yr lead, risk=0.360)
  Egypt (coup 2013): DETECTED [alert] via CSD+mvCSD+ELEC (5yr lead, risk=0.511)
  Fiji (coup 2006): DETECTED [watch] via ELEC (5yr lead, risk=0.134)
  Honduras (2009): NO DATA
  Niger (coup 2009): DETECTED [watch] via mvCSD+ELEC (5yr lead, risk=0.137)
  Guinea (coup 2009): DETECTED [watch] via mvCSD (2yr lead, risk=0.103)
  Guinea-Bissau (coup 2012): DETECTED [watch] via CSD+mvCSD+ELEC (3yr lead, risk=0.084)
  Libya (2014): NO DATA
  Afghanistan (coup 2021): DETECTED [alert] via ELEC (5yr lead, risk=0.457)
  Sudan (coup 2021): DETECTED [alert] via CSD+ELEC (5yr lead, risk=0.534)
  Chad (coup 2021): DETECTED [alert] via meta-only (5yr lead, risk=0.565)
  Ukraine (backsliding 2010): DETECTED [warning] via CSD+mvCSD (5yr lead, risk=0.290)
  Maldives (backsliding 2013): DETECTED [warning] via CSD+mvCSD+ELEC (5yr lead, risk=0.239)
  Zambia (backsliding 2013): DETECTED [warning] via mvCSD+ELEC (5yr lead, risk=0.256)
  Montenegro (2007): NO DATA
  North Macedonia (backsliding 2011): DETECTED [warning] via CSD+ELEC (5yr lead, risk=0.280)
  Kenya (backsliding 2007): DETECTED [warning] via meta-only (5yr lead, risk=0.268)
  Bolivia (backsliding 2019): DETECTED [alert] via CSD+ELEC (5yr lead, risk=0.630)
  Benin (backsliding 2019): DETECTED [warning] via CSD+mvCSD+ELEC (5yr lead, risk=0.298)
  Ivory Coast (backsliding 2020): DETECTED [alert] via CSD+ELEC (5yr lead, risk=0.756)
  Nigeria (backsliding 2021): DETECTED [warning] via meta-only (5yr lead, risk=0.175)
  Guyana (backsliding 2021): DETECTED [alert] via CSD+mvCSD (5yr lead, risk=0.697)
  Mauritius (backsliding 2017): DETECTED [alert] via CSD+mvCSD (5yr lead, risk=0.434)
  Belarus (1996): NO DATA
  Georgia (backsliding 2024): DETECTED [alert] via CSD+ELEC (5yr lead, risk=0.385)

  Detection by tier (cumulative):
    Watch (top 20%):  35/35
    Warning (top 5%): 28/35
    Alert (top 2%):   16/35

  Precision@K (country-level ranked risk list):
    @  5: precision=100.0%, recall=13.9%, lift=3.8x
    @ 10: precision=100.0%, recall=27.8%, lift=3.8x
    @ 20: precision=90.0%, recall=50.0%, lift=3.5x
    @ 50: precision=64.0%, recall=88.9%, lift=2.5x

  Warning-tier performance:
    Alerts: 254 / 3580 (7.1%)
    Precision: 44.9%
    Sensitivity: 28/35 (80%)
    F1: 0.575
    Stable democracy FPs: 2

============================================================
Leave-one-episode-out cross-validation
============================================================

  Hungary: DETECTED [warning] (LOEO, risk=0.179)
  Türkiye: DETECTED [warning] (LOEO, risk=0.252)
  Poland: MISSED (LOEO, risk=0.034, watch_thresh=0.069)
  Venezuela: DETECTED [watch] (LOEO, risk=0.077)
  Tunisia: MISSED (LOEO, risk=0.061, watch_thresh=0.068)
  Burma/Myanmar: DETECTED [watch] (LOEO, risk=0.148)
  Mali: MISSED (LOEO, risk=0.046, watch_thresh=0.068)
  Burkina Faso: MISSED (LOEO, risk=0.049, watch_thresh=0.069)
  Nicaragua: DETECTED [watch] (LOEO, risk=0.148)
  Philippines: MISSED (LOEO, risk=0.048, watch_thresh=0.068)
  India: DETECTED [watch] (LOEO, risk=0.112)
  Brazil: DETECTED [watch] (LOEO, risk=0.080)
  Serbia: DETECTED [watch] (LOEO, risk=0.070)
  Bangladesh: DETECTED [watch] (LOEO, risk=0.105)
  Thailand: DETECTED [warning] (LOEO, risk=0.237)
  Egypt: DETECTED [watch] (LOEO, risk=0.143)
  Fiji: MISSED (LOEO, risk=0.060, watch_thresh=0.067)
  Niger: DETECTED [watch] (LOEO, risk=0.107)
  Guinea: MISSED (LOEO, risk=0.051, watch_thresh=0.067)
  Guinea-Bissau: MISSED (LOEO, risk=0.048, watch_thresh=0.068)
  Afghanistan: MISSED (LOEO, risk=0.044, watch_thresh=0.067)
  Sudan: DETECTED [watch] (LOEO, risk=0.080)
  Chad: DETECTED [watch] (LOEO, risk=0.151)
  Ukraine: DETECTED [watch] (LOEO, risk=0.073)
  Maldives: DETECTED [watch] (LOEO, risk=0.126)
  Zambia: DETECTED [watch] (LOEO, risk=0.148)
  North Macedonia: MISSED (LOEO, risk=0.061, watch_thresh=0.067)
  Kenya: DETECTED [watch] (LOEO, risk=0.104)
  Bolivia: DETECTED [watch] (LOEO, risk=0.140)
  Benin: MISSED (LOEO, risk=0.044, watch_thresh=0.068)
  Ivory Coast: DETECTED [warning] (LOEO, risk=0.338)
  Nigeria: MISSED (LOEO, risk=0.064, watch_thresh=0.069)
  Guyana: DETECTED [watch] (LOEO, risk=0.138)
  Mauritius: DETECTED [warning] (LOEO, risk=0.170)
  Georgia: MISSED (LOEO, risk=0.032, watch_thresh=0.067)

  LOEO Sensitivity by tier (unbiased):
    Watch (P80):   22/35 (63%)
    Warning (P95): 5/35 (14%)
    Alert (P98):   0/35 (0%)
  (Each episode predicted without seeing itself)

  LOEO stratified by episode type:
    backsliding: 16/23 (70%)
    coup: 6/12 (50%)

  LOEO stratified by onset era:
    pre-2005: 1/1 (100%)
    2005-2014: 13/17 (76%)
    2015-2021: 8/15 (53%)
    post-2021: 0/2 (0%)

============================================================
Continuous risk score evaluation (AUC)
============================================================

  Base rate (positive class): 0.061
  AUC-ROC: 0.942
  AUC-PR:  0.612
  Lift over random: 10.0x
  AUC-ROC (OOS): 0.852
  AUC-PR (OOS):  0.192

  Risk score calibration:
    Top 1%: precision=85.7%, recall=14.4% (thresh=0.50)
    Top 5%: precision=60.8%, recall=50.0% (thresh=0.19)
    Top 10%: precision=43.0%, recall=70.7% (thresh=0.12)
    Top 20%: precision=26.6%, recall=87.5% (thresh=0.09)

============================================================
Expanding-window temporal CV
============================================================

  2006-2008: AUC=0.930, episodes=5, detected=3/5
  2009-2011: AUC=0.963, episodes=6, detected=3/6
  2012-2014: AUC=0.936, episodes=9, detected=4/9
  2015-2017: AUC=0.979, episodes=3, detected=1/3
  2018-2020: AUC=0.979, episodes=6, detected=5/6
  2021-2023: AUC=0.809, episodes=8, detected=0/8

  Mean AUC across windows: 0.933 +/- 0.059
  Mean detection rate: 45%
  (This is the robust generalization estimate across 6 temporal windows)

  Secondary OOS (TRAIN_CUTOFF=2019, 6-year horizon):
    AUC-ROC: 0.852
    AUC-PR:  0.192
    Episodes (onset>2019): 11, detected: 9/11

============================================================
Case studies
============================================================

Hungary:
  2016 CSD=4.7 elec_vuln=0.0 var_z=10.0 ar1_z=2.9 f=5/9 *** CSD
  2017 CSD=4.7 elec_vuln=5.1 var_z=10.0 ar1_z=2.9 f=4/9 *** CSD+ELEC
  2018 CSD=6.0 elec_vuln=5.5 var_z=10.0 ar1_z=6.3 f=4/9 *** CSD+ELEC
  2019 CSD=3.6 elec_vuln=5.6 var_z=10.0 ar1_z=2.8 f=4/9 *** CSD+ELEC
  2020 (OOS) CSD=3.7 elec_vuln=0.0 var_z=10.0 ar1_z=2.8 f=3/9 *** CSD
  2021 (OOS) CSD=3.5 elec_vuln=5.6 var_z=10.0 ar1_z=2.7 f=4/9 *** CSD+ELEC
  2022 (OOS) CSD=4.6 elec_vuln=5.6 var_z=10.0 ar1_z=2.7 f=5/9 *** CSD+ELEC
  2023 (OOS) CSD=3.9 elec_vuln=5.8 var_z=10.0 ar1_z=2.4 f=5/9 *** CSD+ELEC
  2024 (OOS) CSD=3.5 elec_vuln=0.0 var_z=10.0 ar1_z=2.5 f=2/9 *** CSD
  2025 (OOS) CSD=4.0 elec_vuln=0.0 var_z=10.0 ar1_z=2.2 f=1/9 *** CSD

Türkiye:
  2016 CSD=4.7 elec_vuln=5.0 var_z=10.0 ar1_z=0.7 f=3/9 *** CSD+ELEC
  2017 CSD=5.1 elec_vuln=5.2 var_z=10.0 ar1_z=1.9 f=4/9 *** CSD+ELEC
  2018 CSD=3.9 elec_vuln=5.3 var_z=10.0 ar1_z=2.5 f=4/9 *** CSD+ELEC
  2019 CSD=3.5 elec_vuln=5.4 var_z=10.0 ar1_z=1.7 f=2/9 *** CSD+ELEC
  2020 (OOS) CSD=3.6 elec_vuln=0.0 var_z=10.0 ar1_z=1.8 f=2/9 *** CSD
  2021 (OOS) CSD=3.6 elec_vuln=0.0 var_z=10.0 ar1_z=1.9 f=3/9 *** CSD
  2022 (OOS) CSD=3.7 elec_vuln=5.4 var_z=10.0 ar1_z=2.1 f=4/9 *** CSD+ELEC
  2023 (OOS) CSD=4.0 elec_vuln=5.5 var_z=10.0 ar1_z=2.3 f=5/9 *** CSD+ELEC
  2024 (OOS) CSD=5.3 elec_vuln=5.7 var_z=10.0 ar1_z=2.4 f=5/9 *** CSD+ELEC
  2025 (OOS) CSD=5.3 elec_vuln=0.0 var_z=10.0 ar1_z=3.1 f=5/9 *** CSD

Poland:
  2016 CSD=6.2 elec_vuln=4.8 var_z=10.0 ar1_z=7.6 f=5/9 *** CSD+ELEC
  2017 CSD=4.6 elec_vuln=0.0 var_z=10.0 ar1_z=5.6 f=5/9 *** CSD
  2018 CSD=4.3 elec_vuln=5.4 var_z=10.0 ar1_z=5.8 f=7/9 *** CSD+ELEC
  2019 CSD=4.4 elec_vuln=5.4 var_z=10.0 ar1_z=6.1 f=7/9 *** CSD+ELEC
  2020 (OOS) CSD=4.4 elec_vuln=5.4 var_z=10.0 ar1_z=5.5 f=7/9 *** CSD+ELEC
  2021 (OOS) CSD=4.3 elec_vuln=5.4 var_z=10.0 ar1_z=4.8 f=8/9 *** CSD+ELEC
  2022 (OOS) CSD=4.4 elec_vuln=5.4 var_z=10.0 ar1_z=5.7 f=7/9 *** CSD+ELEC
  2023 (OOS) CSD=5.8 elec_vuln=5.7 var_z=10.0 ar1_z=6.7 f=7/9 *** CSD+ELEC
  2024 (OOS) CSD=4.0 elec_vuln=5.7 var_z=10.0 ar1_z=6.6 f=2/9 *** CSD+ELEC
  2025 (OOS) CSD=4.0 elec_vuln=5.7 var_z=10.0 ar1_z=7.0 f=2/9 *** CSD+ELEC

United States of America:
  2016 CSD=4.3 elec_vuln=4.3 var_z=8.9 ar1_z=1.4 f=3/9 *** CSD+ELEC
  2017 CSD=5.3 elec_vuln=4.2 var_z=10.0 ar1_z=4.6 f=5/9 *** CSD+ELEC
  2018 CSD=5.4 elec_vuln=4.1 var_z=10.0 ar1_z=4.8 f=5/9 *** CSD+ELEC
  2019 CSD=5.2 elec_vuln=4.1 var_z=10.0 ar1_z=5.5 f=4/9 *** CSD+ELEC
  2020 (OOS) CSD=3.9 elec_vuln=4.1 var_z=10.0 ar1_z=4.2 f=3/9 *** CSD+ELEC
  2021 (OOS) CSD=3.6 elec_vuln=4.1 var_z=10.0 ar1_z=3.0 f=3/9 *** CSD+ELEC
  2022 (OOS) CSD=4.1 elec_vuln=4.1 var_z=10.0 ar1_z=4.7 f=3/9 *** CSD+ELEC
  2023 (OOS) CSD=4.5 elec_vuln=4.1 var_z=10.0 ar1_z=5.7 f=3/9 *** CSD+ELEC
  2024 (OOS) CSD=4.6 elec_vuln=4.8 var_z=10.0 ar1_z=5.4 f=4/9 *** CSD+ELEC
  2025 (OOS) CSD=4.2 elec_vuln=4.8 var_z=10.0 ar1_z=2.5 f=4/9 *** CSD+ELEC

Denmark:
  2016 CSD=3.4 elec_vuln=4.7 var_z=7.9 ar1_z=0.9 f=1/9 *** CSD+ELEC
  2017 CSD=3.4 elec_vuln=0.0 var_z=8.0 ar1_z=1.9 f=2/9 *** CSD
  2018 CSD=4.1 elec_vuln=4.3 var_z=9.9 ar1_z=3.3 f=1/9 *** CSD+ELEC
  2019 CSD=3.4 elec_vuln=4.1 var_z=4.9 ar1_z=3.5 f=1/9 *** ELEC
  2020 (OOS) CSD=4.6 elec_vuln=4.1 var_z=10.0 ar1_z=4.0 f=2/9 *** CSD+ELEC
  2021 (OOS) CSD=4.2 elec_vuln=4.1 var_z=10.0 ar1_z=3.1 f=2/9 *** CSD+ELEC
  2022 (OOS) CSD=4.3 elec_vuln=4.1 var_z=10.0 ar1_z=3.3 f=1/9 *** CSD+ELEC
  2023 (OOS) CSD=5.1 elec_vuln=4.1 var_z=10.0 ar1_z=4.0 f=2/9 *** CSD+ELEC
  2024 (OOS) CSD=5.3 elec_vuln=0.0 var_z=10.0 ar1_z=3.7 f=2/9 *** CSD
  2025 (OOS) CSD=5.1 elec_vuln=0.0 var_z=10.0 ar1_z=2.9 f=2/9 *** CSD


============================================================
Prospective Risk Ranking: 2026-2031 Autocratization Risk
(Genuine prospective forecast — verifiable against future data)
============================================================

  Rank  Country                            Risk Tier       Key Signals
  --------------------------------------------------------------------------------
  1     Ivory Coast                      0.6504 alert      CSD+ELEC
  2     Argentina                        0.5278 alert      CSD+mvCSD+ELEC
  3     Gabon                            0.4910 alert      CSD+mvCSD+ELEC
  4     Guatemala                        0.3800 alert      CSD+mvCSD
  5     Bolivia                          0.3737 alert      CSD+mvCSD+ELEC
  6     Türkiye                          0.3734 alert      CSD+mvCSD
  7     Ecuador                          0.3483 warning    CSD+ELEC
  8     Israel                           0.3027 warning    CSD
  9     Brazil                           0.2601 warning    CSD
  10    Portugal                         0.2558 warning    CSD+mvCSD+ELEC
  11    Moldova                          0.2511 warning    CSD+mvCSD
  12    Niger                            0.2446 warning    CSD
  13    Philippines                      0.2226 warning    CSD+ELEC
  14    Burma/Myanmar                    0.2056 warning    CSD
  15    Italy                            0.2038 warning    CSD
  16    Belgium                          0.1910 warning    CSD+mvCSD
  17    Guyana                           0.1813 warning    CSD+ELEC
  18    Mauritius                        0.1805 warning    CSD+mvCSD
  19    Mexico                           0.1778 warning    CSD+ELEC
  20    Nigeria                          0.1674 watch      mvCSD
  21    Benin                            0.1673 watch      CSD
  22    Malaysia                         0.1656 watch      CSD
  23    North Macedonia                  0.1596 watch      CSD+mvCSD
  24    Mali                             0.1473 watch      CSD+mvCSD
  25    Netherlands                      0.1391 watch      CSD+ELEC
  -> full-pipeline LOEO max_risk=0.1752 tier=warning
     meta-only      LOEO max_risk=0.1466 tier=watch
     delta (full - meta) = +0.0286

======================================================================
Summary
======================================================================
      country  onset        type  full_pipeline_max_risk full_pipeline_tier  meta_only_max_risk meta_only_tier  delta_risk             tier_breakdown
      Hungary   2010 backsliding                0.105594              watch            0.155769          watch   -0.050175    {'watch': 3, 'none': 2}
      Türkiye   2013 backsliding                0.268131            warning            0.229877        warning    0.038253 {'warning': 3, 'watch': 2}
Burma/Myanmar   2021        coup                0.304795            warning            0.174472        warning    0.130323 {'watch': 4, 'warning': 1}
         Mali   2020        coup                0.076168               none            0.080428          watch   -0.004259                {'none': 5}
      Nigeria   2021 backsliding                0.175215            warning            0.146576          watch    0.028639 {'watch': 4, 'warning': 1}

Mean (full - meta) risk delta: +0.0286
Std:                           0.0666
Max abs:                       0.1303

Interpretation: small delta means the meta-only LOEO in the paper
is a good proxy for full-pipeline LOEO. Large delta means upstream
contamination matters and meta-only LOEO is optimistic.

Wrote /home/shadeform/AIM4D/robustness/sample_pipeline_loeo.csv

Restoring canonical pipeline state (no country excluded)...
/home/shadeform/AIM4D/stage1_factors/extract.py:39: SettingWithCopyWarning: 
A value is trying to be set on a copy of a slice from a DataFrame.
Try using .loc[row_indexer,col_indexer] = value instead

See the caveats in the documentation: https://pandas.pydata.org/pandas-docs/stable/user_guide/indexing.html#returning-a-view-versus-a-copy
  panel[c] = pd.to_numeric(panel[c], errors="coerce")
V-Dem loaded: 28092 rows, 4618 columns
Countries: 202, Years: 1789-2025
Selected 332 indicators (from 507 candidates)
Panel: 139 countries, 1970-2025, 7422 country-years, 332 indicators
Matrix: 7422 obs x 332 indicators
Fitting POET on 6596/7422 country-years (year <= 2019)
Bai-Ng: IC1=20, IC2=20, IC3=20 (all maxed)
Scree elbow: K=4

Using K=4 factors (scree elbow — IC criteria maxed at 20)
Variance explained: [43.5  5.7  3.7  2.4]%
Cumulative: [43.5 49.2 52.9 55.2]%

Factor interpretations:
  factor_1 -> institutional_entrenchment
    Top: ['v2x_diagacc', 'v2x_freexp_altinf', 'v2x_clpol', 'v2x_accountability', 'v2x_electoral_integrity']
  factor_2 -> executive_overreach
    Top: ['v2xeg_eqdr', 'v2peedueq', 'v2pehealth', 'v2peapsecon', 'v2elvotbuy']
  factor_3 -> civil_society_and_suffrage
    Top: ['v2fsuffrage', 'v2asuffrage', 'v2msuffrage', 'v2x_elecreg', 'v2xlg_elecreg']
  factor_4 -> direct_democratic_practice
    Top: ['v2xdd_dd', 'v2xdd_cic', 'v2xdd_i_ci', 'v2ddthreci', 'v2ddthrerf']

Saved to stage1_factors/

=== Factor loadings (top 5 per factor) ===

factor_1:
  v2x_diagacc: 0.985
  v2x_freexp_altinf: 0.979
  v2x_clpol: 0.975
  v2x_accountability: 0.973
  v2x_electoral_integrity: 0.972

factor_2:
  v2xeg_eqdr: 0.780
  v2peedueq: 0.777
  v2pehealth: 0.763
  v2peapsecon: 0.762
  v2elvotbuy: 0.761

factor_3:
  v2fsuffrage: 0.719
  v2asuffrage: 0.717
  v2msuffrage: 0.712
  v2x_elecreg: 0.669
  v2xlg_elecreg: 0.665

factor_4:
  v2xdd_dd: 0.708
  v2xdd_cic: 0.661
  v2xdd_i_ci: 0.590
  v2ddthreci: 0.579
  v2ddthrerf: 0.570

=== Sample country trajectories (Factor 1) ===

Hungary:
  2021: -0.133
  2022: -0.140
  2023: -0.165
  2024: -0.186
  2025: -0.229

Poland:
  2021: 0.356
  2022: 0.320
  2023: 0.438
  2024: 0.693
  2025: 0.764

Denmark:
  2021: 1.201
  2022: 1.191
  2023: 1.182
  2024: 1.177
  2025: 1.159

United States of America:
  2021: 1.371
  2022: 1.361
  2023: 1.354
  2024: 1.307
  2025: 0.908
Loaded 7422 country-years, 139 countries
  [1/139] Mexico: done
  [25/139] Afghanistan: done
  [50/139] Zimbabwe: done
  [75/139] Morocco: done
  [100/139] Laos: done
  [125/139] Israel: done

Estimated betas for 138 countries
Output: 7394 country-years x 4 factor betas

Beta summary by factor:
  factor_1: mean=0.632, std=1.712, range=[-5.597, 7.768]
  factor_2: mean=0.632, std=1.401, range=[-1.821, 7.188]
  factor_3: mean=0.511, std=1.351, range=[-2.098, 10.133]
  factor_4: mean=0.601, std=2.442, range=[-3.585, 15.992]

=== Hungary betas over time ===
  2016: F1=3.572 F2=1.361 F3=1.507 F4=0.517
  2017: F1=4.360 F2=1.346 F3=1.463 F4=1.100
  2018: F1=5.104 F2=0.758 F3=1.484 F4=1.082
  2019: F1=4.717 F2=1.528 F3=1.489 F4=0.842
  2020: F1=4.716 F2=1.532 F3=1.488 F4=0.840
  2021: F1=4.714 F2=1.557 F3=1.347 F4=0.838
  2022: F1=4.701 F2=1.549 F3=1.421 F4=0.800
  2023: F1=4.698 F2=1.536 F3=1.385 F4=1.058
  2024: F1=4.694 F2=1.505 F3=1.375 F4=0.871
  2025: F1=4.696 F2=1.430 F3=1.414 F4=0.771

=== Turkey betas over time ===
  2016: F1=2.713 F2=-0.035 F3=-0.369 F4=-1.022
  2017: F1=3.063 F2=0.263 F3=-0.495 F4=-0.244
  2018: F1=3.063 F2=0.372 F3=-0.400 F4=-1.159
  2019: F1=3.049 F2=0.095 F3=-0.371 F4=-0.477
  2020: F1=3.054 F2=0.341 F3=-0.437 F4=-0.308
  2021: F1=2.981 F2=0.317 F3=-0.301 F4=-0.320
  2022: F1=2.886 F2=0.292 F3=-0.365 F4=-0.318
  2023: F1=2.863 F2=0.180 F3=-0.350 F4=-0.294
  2024: F1=2.798 F2=0.090 F3=-0.349 F4=-0.284
  2025: F1=2.796 F2=0.611 F3=-0.541 F4=-0.318

=== Poland betas over time ===
  2016: F1=4.371 F2=0.976 F3=-0.590 F4=-1.254
  2017: F1=4.761 F2=1.117 F3=-0.809 F4=-1.931
  2018: F1=4.757 F2=1.077 F3=-0.752 F4=-1.498
  2019: F1=4.740 F2=1.019 F3=-0.731 F4=-1.370
  2020: F1=4.656 F2=1.035 F3=-0.710 F4=-1.215
  2021: F1=4.533 F2=0.664 F3=-0.757 F4=-1.238
  2022: F1=4.367 F2=0.632 F3=-0.465 F4=-1.283
  2023: F1=4.329 F2=0.736 F3=-0.416 F4=-1.280
  2024: F1=3.993 F2=0.565 F3=-0.411 F4=-1.160
  2025: F1=3.998 F2=1.032 F3=-0.493 F4=-1.419

=== 2025 Factor 1 beta rankings ===
Bottom 5 (decoupling from global democratic trend):
  Benin: -5.597
  Zimbabwe: -4.775
  Ivory Coast: -3.110
  Namibia: -2.830
  Morocco: -2.145
Top 5 (amplifying global democratic trend):
  Azerbaijan: 4.502
  Hungary: 4.696
  Yemen: 5.612
  Burundi: 5.623
  Egypt: 7.768

=== Cross-country beta variation ===
  factor_1: avg within-country std = 0.8440
  factor_2: avg within-country std = 0.7151
  factor_3: avg within-country std = 0.5680
  factor_4: avg within-country std = 0.7767
Model is not converging.  Current: -45325.00355414826 is not greater than -45324.998778664325. Delta is -0.004775483932462521
Model is not converging.  Current: -45325.0043120444 is not greater than -45324.99854862098. Delta is -0.005763423425378278
Model is not converging.  Current: -45325.00434515816 is not greater than -45325.000423709265. Delta is -0.00392144889337942
Model is not converging.  Current: -45325.00148045498 is not greater than -45324.99852879459. Delta is -0.0029516603899537586
Model is not converging.  Current: -45325.00876975448 is not greater than -45325.00193393767. Delta is -0.0068358168136910535
Model is not converging.  Current: -45325.00378268245 is not greater than -45324.998676274925. Delta is -0.005106407523271628
Model is not converging.  Current: -45325.00001480367 is not greater than -45324.999321928146. Delta is -0.0006928755246917717
Model is not converging.  Current: -45325.0016448982 is not greater than -45324.99849377379. Delta is -0.0031511244087596424
Model is not converging.  Current: -45325.00644469466 is not greater than -45325.00035351284. Delta is -0.006091181821830105
Model is not converging.  Current: -45324.99968835326 is not greater than -45324.9996695. Delta is -1.8853257643058896e-05
Model is not converging.  Current: -45325.004365096946 is not greater than -45324.99855738393. Delta is -0.005807713016110938
Model is not converging.  Current: -45325.00047997455 is not greater than -45324.99842519919. Delta is -0.002054775359283667
Model is not converging.  Current: -45325.23442641976 is not greater than -45325.21907788168. Delta is -0.015348538079706486
Model is not converging.  Current: -45328.16571171665 is not greater than -45328.11730417943. Delta is -0.04840753721509827
Model is not converging.  Current: -45410.97304127409 is not greater than -45410.94320835385. Delta is -0.02983292024146067
Model is not converging.  Current: -45230.13251183524 is not greater than -45230.13226953266. Delta is -0.0002423025798634626
Model is not converging.  Current: -45325.00431506756 is not greater than -45324.99905914148. Delta is -0.005255926080280915
Model is not converging.  Current: -46169.72649418502 is not greater than -46169.72648699979. Delta is -7.185233698692173e-06
Model is not converging.  Current: -45325.00504149697 is not greater than -45325.00428793997. Delta is -0.0007535569966421463
Model is not converging.  Current: -45269.61995876247 is not greater than -45269.619903034. Delta is -5.572847294388339e-05
Model is not converging.  Current: -45452.808067479986 is not greater than -45452.808066866826. Delta is -6.131595000624657e-07
Model is not converging.  Current: -45325.004909713134 is not greater than -45325.00230135443. Delta is -0.0026083587072207592
Model is not converging.  Current: -45324.68574787357 is not greater than -45324.60819970171. Delta is -0.07754817185923457
Model is not converging.  Current: -45325.00344709966 is not greater than -45325.00193828258. Delta is -0.001508817083959002
Model is not converging.  Current: -45325.00547072313 is not greater than -45324.99880497327. Delta is -0.00666574986098567
Model is not converging.  Current: -45324.99138984523 is not greater than -45324.98543537502. Delta is -0.005954470208962448
Model is not converging.  Current: -45265.9552759591 is not greater than -45265.95526162953. Delta is -1.432956923963502e-05
Model is not converging.  Current: -45411.65038376733 is not greater than -45411.6476931704. Delta is -0.0026905969280051067
Model is not converging.  Current: -45264.25198067909 is not greater than -45264.251912142965. Delta is -6.853612285340205e-05
=== Stage 3: MS Regime Classification + TVTP ===

Features (8): ['factor_1', 'factor_2', 'factor_3', 'factor_4'] + ['lag_factor_1', 'lag_factor_2', 'lag_factor_3', 'lag_factor_4'] (MS-VAR(1) with lagged factors)
Panel: 138 countries, 7256 obs

Training subset: year <= 2019, 138 countries, 6436 obs

Quantile-based init (Factor 1 bands, no V-Dem supervision):
  Band 0 (liberal_democracy): 1288 obs, F1 range=[0.947, 1.542], F1 mean=1.127
  Band 1 (electoral_democracy): 1287 obs, F1 range=[0.506, 0.947], F1 mean=0.767
  Band 2 (hybrid_regime): 1287 obs, F1 range=[-0.204, 0.506], F1 mean=0.173
  Band 3 (competitive_authoritarian): 1287 obs, F1 range=[-1.019, -0.204], F1 mean=-0.614
  Band 4 (closed_authoritarian): 6436 obs, F1 range=[-2.802, -1.019], F1 mean=-0.019

Phase 1: Baseline HMM (K-means init, no supervision)...
  Restart 20/60: score=-45230.7
  Restart 40/60: score=-45175.6
  Restart 60/60: score=-45175.6

Baseline HMM: LL=-45175.6, min persistence=0.913

State means:
  liberal_democracy: [1.071, 1.202, -0.357, 0.087, 1.068, 1.193, -0.364, 0.074]
  electoral_democracy: [0.778, -0.503, 0.390, 0.004, 0.771, -0.508, 0.376, -0.013]
  hybrid_regime: [0.042, -0.708, 0.117, -0.247, 0.008, -0.697, 0.080, -0.250]
  competitive_authoritarian: [-1.000, -0.254, -0.565, 0.207, -1.014, -0.248, -0.594, 0.203]
  closed_authoritarian: [-1.850, 1.219, 0.768, -0.194, -1.878, 1.243, 0.750, -0.203]

Baseline transition matrix:
  liberal_democracy              [0.9927 0.0036 0.0034 0.0002 0.0002]
  electoral_democracy            [0.0077 0.9749 0.0103 0.0068 0.0003]
  hybrid_regime                  [0.0152 0.0361 0.9131 0.0219 0.0137]
  competitive_authoritarian      [0.0006 0.0134 0.0393 0.9298 0.0169]
  closed_authoritarian           [0.0003 0.0003 0.0112 0.0114 0.9768]

Baseline state distribution:
  hybrid_regime: 1892 (26.1%)
  competitive_authoritarian: 1695 (23.4%)
  electoral_democracy: 1598 (22.0%)
  liberal_democracy: 1459 (20.1%)
  closed_authoritarian: 612 (8.4%)

=== Validation vs V-Dem (5-state) ===
Cohen's kappa: 0.500
Weighted kappa (linear): 0.718
Accuracy: 0.596

Confusion matrix (rows=V-Dem, cols=ours):
           lib_dem  elec_dem  hybrid  comp_auth  clos_auth
lib_dem       1385       216      10          0          0
elec_dem        74      1153     313          0          2
hybrid           0       226     627          3          5
comp_auth        0         3     650        710        158
clos_auth        0         0     292        982        447

Polyarchy by our state:
  liberal_democracy: 0.856 ± 0.043 (n=1459)
  electoral_democracy: 0.642 ± 0.121 (n=1598)
  hybrid_regime: 0.368 ± 0.125 (n=1892)
  competitive_authoritarian: 0.154 ± 0.062 (n=1695)
  closed_authoritarian: 0.145 ± 0.057 (n=612)

============================================================
Phase 2: TVTP with macro covariates

  GDELT loaded: 5407 rows, covariates: ['total_events', 'protest_count', 'conflict_count', 'repression_count', 'avg_goldstein', 'avg_tone']

LASSO: 11/16 covariates selected:
  gdp_pc: 4.3860
  resource_rents: 3.6130
  military_spending: 1.5753
  urbanization: 1.4037
  trade_openness: 1.0074
  avg_goldstein_lag1: 0.7809
  avg_goldstein: 0.6833
  avg_tone_lag1: 0.4443
  gdp_growth: 0.3674
  protest_count_lag1: 0.2620
  avg_tone: 0.2002
  GDELT forced inclusion: adding protest_count_lag1 as 4th covariate

Building TVTP with top 3 covariates: ['gdp_pc', 'resource_rents', 'protest_count_lag1']
  TVTP: 8 adjacent transitions x 3 covariates = 24 params
  TVTP converged=True, LL=-45213.4, iters=3

TVTP state distribution:
  hybrid_regime: 1886 (26.0%)
  competitive_authoritarian: 1692 (23.3%)
  electoral_democracy: 1607 (22.1%)
  liberal_democracy: 1459 (20.1%)
  closed_authoritarian: 612 (8.4%)

=== Validation vs V-Dem (5-state) ===
Cohen's kappa: 0.498
Weighted kappa (linear): 0.717
Accuracy: 0.594

Confusion matrix (rows=V-Dem, cols=ours):
           lib_dem  elec_dem  hybrid  comp_auth  clos_auth
lib_dem       1385       216      10          0          0
elec_dem        74      1153     313          0          2
hybrid           0       235     618          3          5
comp_auth        0         3     653        707        158
clos_auth        0         0     292        982        447

Polyarchy by our state:
  liberal_democracy: 0.856 ± 0.043 (n=1459)
  electoral_democracy: 0.640 ± 0.122 (n=1607)
  hybrid_regime: 0.367 ± 0.126 (n=1886)
  competitive_authoritarian: 0.154 ± 0.062 (n=1692)
  closed_authoritarian: 0.145 ± 0.057 (n=612)

TVTP adjacent transition effects:
  liberal_ -> electora: gdp_pc=-0.829, resource_rents=+0.264, protest_count_lag1=-0.198
  electora -> liberal_: gdp_pc=+0.773, resource_rents=-0.203, protest_count_lag1=-0.258
  electora -> hybrid_r: gdp_pc=-0.495, resource_rents=+0.307, protest_count_lag1=-0.145
  hybrid_r -> electora: gdp_pc=+0.117, resource_rents=-0.642, protest_count_lag1=+0.335
  hybrid_r -> competit: gdp_pc=+0.879, resource_rents=-0.564, protest_count_lag1=+1.035
  competit -> hybrid_r: gdp_pc=-0.386, resource_rents=-0.323, protest_count_lag1=-0.009
  competit -> closed_a: gdp_pc=+0.406, resource_rents=-0.150, protest_count_lag1=+0.129
  closed_a -> competit: gdp_pc=-0.367, resource_rents=+0.220, protest_count_lag1=+1.033

Saved to stage3_msvar/country_year_states.csv

=== Sample trajectories ===

Hungary: 2016:hybr, 2017:hybr, 2018:hybr, 2019:hybr, 2020:hybr, 2021:hybr, 2022:hybr, 2023:hybr, 2024:hybr, 2025:hybr

Türkiye: 2016:hybr, 2017:comp, 2018:comp, 2019:comp, 2020:comp, 2021:comp, 2022:comp, 2023:comp, 2024:comp, 2025:comp

Poland: 2016:elec, 2017:elec, 2018:elec, 2019:elec, 2020:elec, 2021:elec, 2022:elec, 2023:elec, 2024:elec, 2025:elec

Denmark: 2016:libe, 2017:libe, 2018:libe, 2019:libe, 2020:libe, 2021:libe, 2022:libe, 2023:libe, 2024:libe, 2025:libe

United States of America: 2016:libe, 2017:libe, 2018:libe, 2019:libe, 2020:libe, 2021:libe, 2022:libe, 2023:libe, 2024:libe, 2025:libe

Venezuela: 2016:hybr, 2017:hybr, 2018:hybr, 2019:hybr, 2020:comp, 2021:comp, 2022:comp, 2023:comp, 2024:comp, 2025:comp

Tunisia: 2016:elec, 2017:elec, 2018:elec, 2019:elec, 2020:elec, 2021:elec, 2022:elec, 2023:hybr, 2024:hybr, 2025:hybr

Georgia: 2016:elec, 2017:elec, 2018:elec, 2019:elec, 2020:elec, 2021:elec, 2022:elec, 2023:elec, 2024:elec, 2025:hybr

=== Transitions 2020-2025 ===
  Afghanistan: hybrid_regime -> competitive_authoritarian (2022)
  Armenia: electoral_democracy -> hybrid_regime (2024)
  Burkina Faso: electoral_democracy -> hybrid_regime (2022)
  Burma/Myanmar: hybrid_regime -> competitive_authoritarian (2022)
  Georgia: electoral_democracy -> hybrid_regime (2025)
  Greece: liberal_democracy -> electoral_democracy (2021)
  Haiti: electoral_democracy -> hybrid_regime (2021)
  Ivory Coast: electoral_democracy -> hybrid_regime (2021)
  Maldives: hybrid_regime -> electoral_democracy (2021)
  Mali: electoral_democracy -> hybrid_regime (2021)
  Mexico: electoral_democracy -> hybrid_regime (2024)
  Moldova: hybrid_regime -> electoral_democracy (2021)
  Niger: electoral_democracy -> hybrid_regime (2023)
  Pakistan: electoral_democracy -> hybrid_regime (2023)
  Thailand: competitive_authoritarian -> hybrid_regime (2021)
  Tunisia: electoral_democracy -> hybrid_regime (2023)
  Venezuela: hybrid_regime -> competitive_authoritarian (2020)
/home/shadeform/AIM4D/stage4_nscm/estimate.py:416: FutureWarning: DataFrameGroupBy.apply operated on the grouping columns. This behavior is deprecated, and in a future version of pandas the grouping columns will be excluded from the operation. Either pass `include_groups=False` to exclude the groupings or explicitly select the grouping columns after groupby to silence this warning.
  complete = df.groupby("country_text_id").apply(
=== Stage 4: Network SCM (Spatio-Temporal Graph) — seed=42 ===

Countries: 138, Years: 1990-2025

Building spatial edges...
  Contiguity pairs: 482, Alliance pairs (2020): 4950

Building spatio-temporal graph...
  Spatio-temporal graph: 4968 nodes, 186260 edges (176600 spatial, 9660 temporal)
  Augmented features: 22 (raw 10 + spatial lags 12)
  Train nodes: 4140, Test nodes: 828

Training INE-TARNet on spatio-temporal graph...
  Epoch 50/250: train=-0.50945, test=0.040959
  Epoch 100/250: train=-0.65087, test=0.026267
  Epoch 150/250: train=-0.69115, test=0.022683
  Epoch 200/250: train=-0.69938, test=0.021491
  Epoch 250/250: train=-0.70008, test=0.021232
  Best test MSE: 0.021232

  Learned convex W weights (Neumayer & Plumper 2016):
    α_contiguity: 0.356
    α_alliance: 0.358
    α_trade: 0.286

Counterfactual decomposition...
Saved NSCM residuals (4968 rows)
Computing per-factor contagion scores...

=== Network ablation test ===
  MSE (full model):       0.021232
  MSE (temporal only):    0.038418
  MSE (no network):       0.048437
  Improvement from spatial edges: 44.7%
  Improvement from total network: 56.2%
  PASS: Network features improve prediction by 56.2%

=== Most network-influenced (2025) ===
  Malaysia: 0.772
  Ecuador: 0.683
  Sudan: 0.646
  Jordan: 0.641
  Mexico: 0.627
  Afghanistan: 0.626
  Bhutan: 0.617
  Tanzania: 0.610
  Georgia: 0.605
  Guyana: 0.597

=== Most domestically driven (2025) ===
  Switzerland: 0.146
  Sweden: 0.146
  Norway: 0.145
  Vietnam: 0.140
  Denmark: 0.135
  United Arab Emirates: 0.126
  Laos: 0.116
  Turkmenistan: 0.083
  Belarus: 0.068
  North Korea: 0.055

=== Case studies (smoothed) ===
  Hungary: 2021:0.606, 2022:0.603, 2023:0.598, 2024:0.585, 2025:0.563
  Türkiye: 2021:0.348, 2022:0.352, 2023:0.343, 2024:0.331, 2025:0.318
  Poland: 2021:0.563, 2022:0.565, 2023:0.496, 2024:0.422, 2025:0.369
  United States of America: 2021:0.260, 2022:0.254, 2023:0.235, 2024:0.265, 2025:0.270
  Denmark: 2021:0.163, 2022:0.162, 2023:0.145, 2024:0.144, 2025:0.135
/home/shadeform/AIM4D/stage5_ews/estimate.py:528: FutureWarning: The default fill_method='ffill' in SeriesGroupBy.pct_change is deprecated and will be removed in a future version. Either fill in any non-leading NA values prior to calling pct_change or specify 'fill_method=None' to not fill NA values.
  macro["mil_growth"] = macro.groupby("iso3")["military_spending"].pct_change()
=== Stage 5: Early Warning Signals ===

Loaded dual residuals: 4 factor-based + 5 NSCM
Countries: 138
Indicators: rolling variance, AR(1), kurtosis
Country-relative z-scores (baseline ≤2005), z-cap=10.0

============================================================
Election vulnerability module
============================================================

  Election thresholds: high=5.65 (p80), moderate=5.08 (p50 of nonzero)
  Election alerts: 2490
  Poland: election alerts in [1996, 1997, 1998, 1999, 2004]
  Hungary: election alerts in [1999, 2011, 2013, 2014, 2015]
  Venezuela: election alerts in [1999, 2000, 2001, 2004, 2005]
  Türkiye: election alerts in [2012, 2013, 2014, 2015, 2016]

============================================================
Democratic vulnerability module (high-polyarchy sensitivity)
============================================================

  Democratic vulnerability alerts: 201
  Hungary: alerts in [2004, 2010]
  United States of America: alerts in [2001, 2016, 2017, 2018, 2024]
  Denmark: alerts in [2014, 2020]

============================================================
Military threat module
============================================================

  Military threat alerts: 312
  Thailand: alerts in [2020]
  Egypt: no military threat alert
  Burma/Myanmar: no military threat alert
  Mali: alerts in [2015, 2016, 2017, 2024]

  GDELT event features loaded: ['protest_count_zscore', 'conflict_count_zscore', 'repression_count_zscore', 'protest_count_zscore_lag1', 'conflict_count_zscore_lag1', 'repression_count_zscore_lag1']

============================================================
Meta-learner calibration
============================================================

  DSP variables loaded: ['v2smgovdom', 'v2smfordom', 'v2smgovfilprc', 'v2smgovsmmon', 'v2smpardom']
  Restricted to year >= 2000 (DSP coverage window): 5066 -> 3765 country-years
  Elastic net selected 31/73 features:
    csd_x_network: +0.6770
    csd_index_pctile: -0.6366
    v2smfordom_x_post2015_detrended: -0.3519
    v2smpardom: -0.3338
    v2smgovdom_detrended: +0.3007
    v2smfordom_detrended: +0.2246
    csd_index_delta2: +0.2240
    mv_csd_index_pctile: +0.1727
    party_threat: -0.1548
    protest_count_zscore: +0.1359
    csd_x_military: -0.1313
    csd_index_detrended: -0.1308
    network_exposure_detrended: +0.1277
    party_threat_detrended: -0.1215
    network_exposure: +0.1076
    csd_index_delta1: +0.1007
    v2smgovsmmon: -0.0961
    mil_zscore_x_post2015_detrended: +0.0954
    mil_zscore: +0.0949
    csd_index_x_post2015: +0.0865
    v2smpardom_x_post2015_detrended: -0.0857
    mv_csd_index_delta1: -0.0787
    v2smgovsmmon_x_post2015_detrended: -0.0633
    mil_zscore_lag1: +0.0338
    v2smgovsmmon_x_post2015: -0.0332
    election_vulnerability_delta2: +0.0257
    conflict_count_zscore_lag1_detrended: -0.0215
    mil_zscore_x_post2015: +0.0192
    election_vulnerability_lag1: -0.0139
    v2smfordom_x_post2015: -0.0096
    election_vulnerability_detrended: -0.0061

  Stacked ensemble (cross-validated weights):
    LR weight: 0.200, GB weight: 0.800
    LR component range: [0.0035, 0.7078]
    GB component range: [0.0055, 0.8979]
  GB feature importance (top 10):
    csd_x_network: 0.1037
    v2smgovsmmon: 0.0974
    csd_index_x_post2015: 0.0708
    party_threat: 0.0599
    csd_index_detrended: 0.0575
    network_exposure_detrended: 0.0502
    v2smfordom_x_post2015: 0.0498
    network_exposure: 0.0483
    v2smfordom_detrended: 0.0442
    v2smpardom: 0.0436

  Tiered alerts (calibrated risk):
    alert: 79 (2.2%)
    warning: 158 (4.4%)
    watch: 641 (17.9%)
    none: 2702 (75.5%)

============================================================
Validation: episode detection + precision@K
============================================================

  Hungary (backsliding 2010): DETECTED [warning] via CSD+mvCSD (5yr lead, risk=0.275)
  Türkiye (backsliding 2013): DETECTED [alert] via CSD+ELEC (5yr lead, risk=0.710)
  Poland (backsliding 2015): DETECTED [watch] via ELEC (5yr lead, risk=0.204)
  Venezuela (backsliding 2002): DETECTED [watch] via ELEC (2yr lead, risk=0.115)
  Tunisia (backsliding 2021): DETECTED [alert] via CSD+mvCSD+ELEC (5yr lead, risk=0.577)
  Burma/Myanmar (coup 2021): DETECTED [alert] via CSD (5yr lead, risk=0.745)
  Mali (coup 2020): DETECTED [alert] via mvCSD+ELEC (5yr lead, risk=0.642)
  Burkina Faso (coup 2022): DETECTED [alert] via CSD+mvCSD+ELEC (5yr lead, risk=0.511)
  Nicaragua (backsliding 2007): DETECTED [warning] via CSD+ELEC (5yr lead, risk=0.237)
  Philippines (backsliding 2016): DETECTED [warning] via CSD+ELEC (5yr lead, risk=0.333)
  India (backsliding 2014): DETECTED [watch] via ELEC (5yr lead, risk=0.167)
  Brazil (backsliding 2019): DETECTED [alert] via CSD+ELEC (3yr lead, risk=0.527)
  El Salvador (2019): NO DATA
  Russia (2000): NO DATA
  Serbia (backsliding 2012): DETECTED [watch] via meta-only (5yr lead, risk=0.155)
  Bangladesh (backsliding 2007): DETECTED [warning] via CSD (5yr lead, risk=0.254)
  Thailand (coup 2014): DETECTED [alert] via CSD+mvCSD (5yr lead, risk=0.461)
  Egypt (coup 2013): DETECTED [alert] via CSD+mvCSD+ELEC (5yr lead, risk=0.603)
  Fiji (coup 2006): DETECTED [watch] via mvCSD+ELEC (5yr lead, risk=0.167)
  Honduras (2009): NO DATA
  Niger (coup 2009): DETECTED [watch] via mvCSD+ELEC (5yr lead, risk=0.194)
  Guinea (coup 2009): MISSED (risk=0.083)
  Guinea-Bissau (coup 2012): DETECTED [watch] via CSD+mvCSD+ELEC (4yr lead, risk=0.122)
  Libya (2014): NO DATA
  Afghanistan (coup 2021): DETECTED [alert] via ELEC (5yr lead, risk=0.521)
  Sudan (coup 2021): DETECTED [alert] via CSD+ELEC (5yr lead, risk=0.656)
  Chad (coup 2021): DETECTED [alert] via meta-only (5yr lead, risk=0.618)
  Ukraine (backsliding 2010): DETECTED [warning] via CSD+mvCSD (5yr lead, risk=0.401)
  Maldives (backsliding 2013): DETECTED [warning] via CSD+mvCSD+ELEC (5yr lead, risk=0.242)
  Zambia (backsliding 2013): DETECTED [warning] via mvCSD+ELEC (5yr lead, risk=0.266)
  Montenegro (2007): NO DATA
  North Macedonia (backsliding 2011): DETECTED [warning] via CSD+ELEC (5yr lead, risk=0.239)
  Kenya (backsliding 2007): DETECTED [warning] via meta-only (5yr lead, risk=0.307)
  Bolivia (backsliding 2019): DETECTED [alert] via CSD+ELEC (5yr lead, risk=0.764)
  Benin (backsliding 2019): DETECTED [warning] via mvCSD+ELEC (4yr lead, risk=0.288)
  Ivory Coast (backsliding 2020): DETECTED [alert] via CSD+ELEC (5yr lead, risk=0.790)
  Nigeria (backsliding 2021): DETECTED [alert] via meta-only (5yr lead, risk=0.659)
  Guyana (backsliding 2021): DETECTED [alert] via CSD+mvCSD (5yr lead, risk=0.815)
  Mauritius (backsliding 2017): DETECTED [alert] via CSD+mvCSD (5yr lead, risk=0.458)
  Belarus (1996): NO DATA
  Georgia (backsliding 2024): DETECTED [warning] via CSD+ELEC (5yr lead, risk=0.238)

  Detection by tier (cumulative):
    Watch (top 20%):  34/35
    Warning (top 5%): 27/35
    Alert (top 2%):   16/35

  Precision@K (country-level ranked risk list):
    @  5: precision=100.0%, recall=13.9%, lift=3.8x
    @ 10: precision=100.0%, recall=27.8%, lift=3.8x
    @ 20: precision=90.0%, recall=50.0%, lift=3.5x
    @ 50: precision=64.0%, recall=88.9%, lift=2.5x

  Warning-tier performance:
    Alerts: 237 / 3580 (6.6%)
    Precision: 46.8%
    Sensitivity: 27/35 (77%)
    F1: 0.583
    Stable democracy FPs: 0

============================================================
Leave-one-episode-out cross-validation
============================================================

  Hungary: DETECTED [watch] (LOEO, risk=0.153)
  Türkiye: DETECTED [alert] (LOEO, risk=0.358)
  Poland: MISSED (LOEO, risk=0.035, watch_thresh=0.069)
  Venezuela: MISSED (LOEO, risk=0.057, watch_thresh=0.069)
  Tunisia: MISSED (LOEO, risk=0.063, watch_thresh=0.069)
  Burma/Myanmar: DETECTED [watch] (LOEO, risk=0.124)
  Mali: MISSED (LOEO, risk=0.034, watch_thresh=0.068)
  Burkina Faso: MISSED (LOEO, risk=0.042, watch_thresh=0.069)
  Nicaragua: DETECTED [watch] (LOEO, risk=0.125)
  Philippines: MISSED (LOEO, risk=0.054, watch_thresh=0.068)
  India: DETECTED [watch] (LOEO, risk=0.103)
  Brazil: DETECTED [watch] (LOEO, risk=0.082)
  Serbia: DETECTED [watch] (LOEO, risk=0.071)
  Bangladesh: DETECTED [watch] (LOEO, risk=0.110)
  Thailand: DETECTED [warning] (LOEO, risk=0.172)
  Egypt: DETECTED [watch] (LOEO, risk=0.125)
  Fiji: MISSED (LOEO, risk=0.061, watch_thresh=0.067)
  Niger: DETECTED [watch] (LOEO, risk=0.092)
  Guinea: MISSED (LOEO, risk=0.043, watch_thresh=0.065)
  Guinea-Bissau: MISSED (LOEO, risk=0.046, watch_thresh=0.067)
  Afghanistan: MISSED (LOEO, risk=0.048, watch_thresh=0.067)
  Sudan: DETECTED [watch] (LOEO, risk=0.145)
  Chad: DETECTED [watch] (LOEO, risk=0.125)
  Ukraine: DETECTED [watch] (LOEO, risk=0.068)
  Maldives: DETECTED [watch] (LOEO, risk=0.132)
  Zambia: DETECTED [watch] (LOEO, risk=0.147)
  North Macedonia: MISSED (LOEO, risk=0.055, watch_thresh=0.068)
  Kenya: DETECTED [watch] (LOEO, risk=0.093)
  Bolivia: DETECTED [warning] (LOEO, risk=0.180)
  Benin: MISSED (LOEO, risk=0.041, watch_thresh=0.067)
  Ivory Coast: DETECTED [watch] (LOEO, risk=0.105)
  Nigeria: DETECTED [watch] (LOEO, risk=0.080)
  Guyana: DETECTED [warning] (LOEO, risk=0.237)
  Mauritius: DETECTED [watch] (LOEO, risk=0.152)
  Georgia: MISSED (LOEO, risk=0.030, watch_thresh=0.069)

  LOEO Sensitivity by tier (unbiased):
    Watch (P80):   22/35 (63%)
    Warning (P95): 4/35 (11%)
    Alert (P98):   1/35 (3%)
  (Each episode predicted without seeing itself)

  LOEO stratified by episode type:
    backsliding: 16/23 (70%)
    coup: 6/12 (50%)

  LOEO stratified by onset era:
    pre-2005: 0/1 (0%)
    2005-2014: 13/17 (76%)
    2015-2021: 9/15 (60%)
    post-2021: 0/2 (0%)

============================================================
Continuous risk score evaluation (AUC)
============================================================

  Base rate (positive class): 0.061
  AUC-ROC: 0.937
  AUC-PR:  0.618
  Lift over random: 10.1x
  AUC-ROC (OOS): 0.830
  AUC-PR (OOS):  0.232

  Risk score calibration:
    Top 1%: precision=91.4%, recall=15.4% (thresh=0.55)
    Top 5%: precision=62.0%, recall=51.0% (thresh=0.22)
    Top 10%: precision=42.7%, recall=70.2% (thresh=0.14)
    Top 20%: precision=26.3%, recall=86.5% (thresh=0.09)

============================================================
Expanding-window temporal CV
============================================================

  2006-2008: AUC=0.935, episodes=5, detected=3/5
  2009-2011: AUC=0.961, episodes=6, detected=3/6
  2012-2014: AUC=0.942, episodes=9, detected=4/9
  2015-2017: AUC=0.973, episodes=3, detected=1/3
  2018-2020: AUC=0.977, episodes=6, detected=5/6
  2021-2023: AUC=0.766, episodes=8, detected=0/8

  Mean AUC across windows: 0.926 +/- 0.073
  Mean detection rate: 45%
  (This is the robust generalization estimate across 6 temporal windows)

  Secondary OOS (TRAIN_CUTOFF=2019, 6-year horizon):
    AUC-ROC: 0.830
    AUC-PR:  0.232
    Episodes (onset>2019): 11, detected: 9/11

============================================================
Case studies
============================================================

Hungary:
  2016 CSD=4.9 elec_vuln=0.0 var_z=10.0 ar1_z=3.0 f=5/9 *** CSD
  2017 CSD=4.8 elec_vuln=5.1 var_z=10.0 ar1_z=2.9 f=4/9 *** CSD+ELEC
  2018 CSD=6.0 elec_vuln=5.5 var_z=10.0 ar1_z=6.4 f=4/9 *** CSD+ELEC
  2019 CSD=3.7 elec_vuln=5.6 var_z=10.0 ar1_z=2.8 f=4/9 *** CSD+ELEC
  2020 (OOS) CSD=3.7 elec_vuln=0.0 var_z=10.0 ar1_z=2.8 f=3/9 *** CSD
  2021 (OOS) CSD=3.6 elec_vuln=5.6 var_z=10.0 ar1_z=2.8 f=4/9 *** CSD+ELEC
  2022 (OOS) CSD=4.7 elec_vuln=5.6 var_z=10.0 ar1_z=2.7 f=5/9 *** CSD+ELEC
  2023 (OOS) CSD=4.1 elec_vuln=5.8 var_z=10.0 ar1_z=2.4 f=4/9 *** CSD+ELEC
  2024 (OOS) CSD=3.5 elec_vuln=0.0 var_z=10.0 ar1_z=2.3 f=2/9 *** CSD
  2025 (OOS) CSD=4.0 elec_vuln=0.0 var_z=10.0 ar1_z=2.0 f=1/9 *** CSD

Türkiye:
  2016 CSD=4.7 elec_vuln=5.0 var_z=10.0 ar1_z=0.7 f=4/9 *** CSD+ELEC
  2017 CSD=5.1 elec_vuln=5.2 var_z=10.0 ar1_z=1.9 f=4/9 *** CSD+ELEC
  2018 CSD=3.9 elec_vuln=5.3 var_z=10.0 ar1_z=2.4 f=4/9 *** CSD+ELEC
  2019 CSD=3.4 elec_vuln=5.4 var_z=10.0 ar1_z=1.6 f=2/9 *** CSD+ELEC
  2020 (OOS) CSD=3.6 elec_vuln=0.0 var_z=10.0 ar1_z=1.7 f=3/9 *** CSD
  2021 (OOS) CSD=3.6 elec_vuln=0.0 var_z=10.0 ar1_z=1.7 f=4/9 *** CSD
  2022 (OOS) CSD=3.7 elec_vuln=5.4 var_z=10.0 ar1_z=2.0 f=4/9 *** CSD+ELEC
  2023 (OOS) CSD=3.9 elec_vuln=5.5 var_z=10.0 ar1_z=2.2 f=5/9 *** CSD+ELEC
  2024 (OOS) CSD=5.2 elec_vuln=5.7 var_z=10.0 ar1_z=2.4 f=5/9 *** CSD+ELEC
  2025 (OOS) CSD=5.1 elec_vuln=0.0 var_z=10.0 ar1_z=3.0 f=5/9 *** CSD

Poland:
  2016 CSD=6.1 elec_vuln=4.8 var_z=10.0 ar1_z=7.0 f=6/9 *** CSD+ELEC
  2017 CSD=4.5 elec_vuln=0.0 var_z=10.0 ar1_z=5.2 f=4/9 *** CSD
  2018 CSD=4.2 elec_vuln=5.4 var_z=10.0 ar1_z=5.3 f=7/9 *** CSD+ELEC
  2019 CSD=4.3 elec_vuln=5.4 var_z=10.0 ar1_z=5.6 f=6/9 *** CSD+ELEC
  2020 (OOS) CSD=4.1 elec_vuln=5.4 var_z=10.0 ar1_z=5.1 f=6/9 *** CSD+ELEC
  2021 (OOS) CSD=4.0 elec_vuln=5.4 var_z=10.0 ar1_z=4.5 f=6/9 *** CSD+ELEC
  2022 (OOS) CSD=4.2 elec_vuln=5.4 var_z=10.0 ar1_z=5.2 f=5/9 *** CSD+ELEC
  2023 (OOS) CSD=4.7 elec_vuln=5.7 var_z=10.0 ar1_z=6.1 f=6/9 *** CSD+ELEC
  2024 (OOS) CSD=4.1 elec_vuln=5.7 var_z=10.0 ar1_z=6.1 f=3/9 *** CSD+ELEC
  2025 (OOS) CSD=3.9 elec_vuln=5.7 var_z=10.0 ar1_z=6.5 f=2/9 *** CSD+ELEC

United States of America:
  2016 CSD=4.4 elec_vuln=4.3 var_z=9.8 ar1_z=1.4 f=3/9 *** CSD+ELEC
  2017 CSD=5.4 elec_vuln=4.2 var_z=10.0 ar1_z=4.9 f=5/9 *** CSD+ELEC
  2018 CSD=5.5 elec_vuln=4.1 var_z=10.0 ar1_z=5.2 f=5/9 *** CSD+ELEC
  2019 CSD=5.8 elec_vuln=4.1 var_z=10.0 ar1_z=6.0 f=4/9 *** CSD+ELEC
  2020 (OOS) CSD=4.0 elec_vuln=4.1 var_z=10.0 ar1_z=4.6 f=3/9 *** CSD+ELEC
  2021 (OOS) CSD=3.6 elec_vuln=4.1 var_z=10.0 ar1_z=3.3 f=3/9 *** CSD+ELEC
  2022 (OOS) CSD=4.2 elec_vuln=4.1 var_z=10.0 ar1_z=5.2 f=3/9 *** CSD+ELEC
  2023 (OOS) CSD=4.6 elec_vuln=4.1 var_z=10.0 ar1_z=6.4 f=3/9 *** CSD+ELEC
  2024 (OOS) CSD=4.7 elec_vuln=4.8 var_z=10.0 ar1_z=6.0 f=4/9 *** CSD+ELEC
  2025 (OOS) CSD=4.4 elec_vuln=4.8 var_z=10.0 ar1_z=2.8 f=4/9 *** CSD+ELEC

Denmark:
  2016 CSD=3.1 elec_vuln=4.7 var_z=7.0 ar1_z=0.9 f=1/9 *** CSD+ELEC
  2017 CSD=3.2 elec_vuln=0.0 var_z=6.9 ar1_z=2.0 f=2/9 *** CSD
  2018 CSD=4.0 elec_vuln=4.3 var_z=8.8 ar1_z=3.3 f=2/9 *** CSD+ELEC
  2019 CSD=3.4 elec_vuln=4.1 var_z=4.3 ar1_z=3.7 f=2/9 *** CSD+ELEC
  2020 (OOS) CSD=4.9 elec_vuln=4.1 var_z=10.0 ar1_z=4.3 f=2/9 *** CSD+ELEC
  2021 (OOS) CSD=4.2 elec_vuln=4.1 var_z=10.0 ar1_z=3.4 f=2/9 *** CSD+ELEC
  2022 (OOS) CSD=4.0 elec_vuln=4.1 var_z=10.0 ar1_z=3.5 f=1/9 *** CSD+ELEC
  2023 (OOS) CSD=4.8 elec_vuln=4.1 var_z=10.0 ar1_z=4.2 f=2/9 *** CSD+ELEC
  2024 (OOS) CSD=5.3 elec_vuln=0.0 var_z=10.0 ar1_z=3.8 f=2/9 *** CSD
  2025 (OOS) CSD=5.2 elec_vuln=0.0 var_z=10.0 ar1_z=3.1 f=2/9 *** CSD


============================================================
Prospective Risk Ranking: 2026-2031 Autocratization Risk
(Genuine prospective forecast — verifiable against future data)
============================================================

  Rank  Country                            Risk Tier       Key Signals
  --------------------------------------------------------------------------------
  1     Ivory Coast                      0.6507 alert      CSD+ELEC
  2     Bolivia                          0.5749 alert      CSD+mvCSD+ELEC
  3     Niger                            0.4398 warning    CSD
  4     Moldova                          0.4010 warning    CSD
  5     Ecuador                          0.3486 warning    CSD+mvCSD+ELEC
  6     Malaysia                         0.3113 warning    CSD
  7     Gabon                            0.3095 warning    CSD+ELEC
  8     Guyana                           0.2971 warning    CSD+ELEC
  9     Portugal                         0.2955 warning    CSD+mvCSD+ELEC
  10    Bhutan                           0.2655 warning    CSD+mvCSD
  11    Argentina                        0.2586 warning    CSD+mvCSD+ELEC
  12    Nigeria                          0.2396 warning    mvCSD
  13    North Macedonia                  0.2282 warning    CSD+mvCSD
  14    Philippines                      0.2133 warning    CSD+ELEC
  15    Mauritius                        0.2062 watch      CSD+mvCSD
  16    Iran                             0.2027 watch      meta
  17    Mexico                           0.1917 watch      CSD+mvCSD+ELEC
  18    Mali                             0.1790 watch      CSD
  19    Indonesia                        0.1737 watch      meta
  20    Georgia                          0.1731 watch      ELEC
  21    Colombia                         0.1684 watch      meta
  22    Tunisia                          0.1621 watch      CSD+ELEC
  23    Serbia                           0.1567 watch      mvCSD
  24    Fiji                             0.1533 watch      CSD
  25    Democratic Republic of the Congo   0.1452 watch      CSD+mvCSD

================================================================
DONE. Total wall-time: 998 min
Output: brev/run_all.log
================================================================
