country_name,country_text_id,year,beta_factor_1,beta_factor_2,beta_factor_3,beta_factor_4
Mexico,MEX,1970,0.1524624348434188,-0.2194307480836293,0.1394967616844261,-0.4279098942542309
Mexico,MEX,1971,0.1524624348434188,-0.2194307480836293,0.1394967616844261,-0.4279098942542309
Mexico,MEX,1972,0.14284065437729862,-0.21931516976231696,0.1464168996507585,-0.46043345575042494
Mexico,MEX,1973,0.14478765995722376,-0.21673260600096422,0.14311831797419067,-0.43212745720326656
Mexico,MEX,1974,0.15377372981738646,-0.2133771006042494,0.17179501578538842,-0.405796275794524
Mexico,MEX,1975,0.17430096368446488,-0.20358005231179566,0.1813601236314067,-0.3942387531612843
Mexico,MEX,1976,0.19415322335001142,-0.1716906040816137,0.17982428872855377,-0.371131999076309
Mexico,MEX,1977,0.22565922426089166,-0.21568735369792,0.3322797058845768,-0.3419347574539498
Mexico,MEX,1978,0.2700795058196264,-0.23826149390615767,0.29212773900521205,-0.49048145540473176
Mexico,MEX,1979,0.2960274137374771,-0.2288075993839601,0.25055495335427047,-0.5058509107724091
Mexico,MEX,1980,0.2932206577581161,-0.2524651512380131,0.20666814368682893,-0.3908724329948986
Mexico,MEX,1981,0.2817097185357586,-0.22758389794509404,0.18650618608683633,-0.3575014067661082
Mexico,MEX,1982,0.31355567335111745,-0.24393357391255588,0.21269927460112056,-0.3648021401570966
Mexico,MEX,1983,0.35359768738540065,-0.243531308154011,0.20940006124195354,-0.37132963291315924
Mexico,MEX,1984,0.39201907240302525,-0.24839847295514048,0.17201716682690513,-0.37185859117971864
Mexico,MEX,1985,0.4300073451080174,-0.2494571533113808,0.16866114485046954,-0.34731572877323336
Mexico,MEX,1986,0.46935472238209996,-0.17717198708680001,0.1830300617073564,-0.3483428179825293
Mexico,MEX,1987,0.5010882263550278,-0.20690412301635244,0.13810456777939772,-0.34402176374016136
Mexico,MEX,1988,0.5449760062648089,-0.15773372800862331,0.13663027615613052,-0.4015381309222362
Mexico,MEX,1989,0.5347310187335196,-0.032868857172262955,0.2104448072929227,-0.5755026530369067
Mexico,MEX,1990,0.4022084926275736,-0.11217566815895312,0.09261442225011834,-0.6429584978468045
Mexico,MEX,1991,0.3347491546406979,-0.4620129481508172,0.09143985404398346,-0.5716086970205914
Mexico,MEX,1992,0.49015630735477034,-0.39926344462858254,0.0720388710415936,-0.5312006849245263
Mexico,MEX,1993,0.7825249469068125,-0.3609358988377461,0.058219634153121036,-0.4455835127252463
Mexico,MEX,1994,1.1137400489653573,-0.35247221555921493,0.045407237779750434,-0.4644596198210441
Mexico,MEX,1995,1.286101561784554,-0.34974740115590985,0.06076020472909027,-0.5735777307060608
Mexico,MEX,1996,1.4522119786191439,-0.39237936832181264,-0.047348538062860344,-0.5086892505093221
Mexico,MEX,1997,1.617288280750124,-0.39037075969177826,-0.039532446738325205,-0.5341223751136739
Mexico,MEX,1998,1.7542528510940316,-0.39894903466993437,-0.061958513841135196,-0.60498583064705
Mexico,MEX,1999,1.8977807157087891,-0.40529953442451755,-0.06138551020974521,-0.6309302504770734
Mexico,MEX,2000,2.066706440019212,-0.40561637815357054,-0.06631478406749867,-0.6168112704734288
Mexico,MEX,2001,2.021260878725689,-0.40762557122452736,-0.18514152502757159,-0.40953378080938785
Mexico,MEX,2002,1.8716960872276516,-0.4071580430085484,-0.19387166536260592,-0.40863545678491897
Mexico,MEX,2003,1.7549794191665722,-0.40981295092839365,-0.19672115758342773,-0.4148303123273771
Mexico,MEX,2004,1.6639369628138734,-0.40617525501792373,-0.24106476432301702,-0.3904038179943595
Mexico,MEX,2005,1.5965076482970948,-0.4083500948573133,-0.24218439357542804,-0.38664338116841046
Mexico,MEX,2006,1.5477048748229103,-0.408761329597511,-0.20734513399470567,-0.39246047915106286
Mexico,MEX,2007,1.5057144775509657,-0.4831214605298866,-0.1147441843319206,-0.4831945551973823
Mexico,MEX,2008,1.4637157261522507,-0.436384031492112,-0.13715055269513793,-0.5632946714628052
Mexico,MEX,2009,1.4305070385113872,-0.4314243611192268,-0.14031035251657933,-0.5839467822249912
Mexico,MEX,2010,1.3986020161221098,-0.42463628428949557,-0.14123231464311053,-0.5462697447784941
Mexico,MEX,2011,1.3813586069738053,-0.4118657336133901,-0.1569047665281204,-0.5011912583593294
Mexico,MEX,2012,1.3893587410363908,-0.3988760739453727,-0.15527658263057093,-0.5267464030273186
Mexico,MEX,2013,1.3989864398980325,-0.4989187300548208,-0.23969550840895193,-0.6159117039911053
Mexico,MEX,2014,1.4082014276697312,-0.3759461687224215,-0.24191619205174064,-0.6182908271167978
Mexico,MEX,2015,1.321814891029215,-0.37145061808381874,-0.23701932461233988,-0.6372901473281922
Mexico,MEX,2016,1.2417776178286648,-0.2865264371226308,-0.22084702193039626,-1.360101971148453
Mexico,MEX,2017,1.1689962605422397,-0.1783069696042488,-0.19069569171500234,-0.7455815685660335
Mexico,MEX,2018,1.10079740394717,-0.17422535881965295,-0.19272341077986338,-0.5983117385201612
Mexico,MEX,2019,1.0343375883265036,-0.11306552283529517,-0.17562805093408648,-0.44506271619275595
Mexico,MEX,2020,0.9957921802814955,-0.3572502457777036,-0.18999359010332567,-0.34395552186477824
Mexico,MEX,2021,1.0580082524345764,-0.2087520372832977,-0.11390755563405289,-0.34329981603394144
Mexico,MEX,2022,1.158895161623442,-0.18034819344308595,-0.4125366645396965,-0.2641630892674326
Mexico,MEX,2023,1.2452954056234127,-0.05868207436722478,-0.07534230125873398,0.5427604126158087
Mexico,MEX,2024,1.2244521231601169,-0.11130227604261608,-0.07848771549782693,0.485848782687304
Mexico,MEX,2025,1.2653276468557708,0.11527568796352378,0.08118312998210432,0.49148118761079074
Sweden,SWE,1970,0.03202150149585215,0.17279749912992662,0.40839506554080174,0.31549895950486706
Sweden,SWE,1971,0.03202150149585215,0.17279749912992662,0.40839506554080174,0.31549895950486706
Sweden,SWE,1972,0.020359281116757,0.1735708162500149,0.41049928401637636,0.3092726319799489
Sweden,SWE,1973,0.0084297092646346,0.1463504385718293,0.4043929756382566,0.3159760210580603
Sweden,SWE,1974,-0.000392312433575584,0.16438928908539235,0.5289081678993156,0.31599432414353995
Sweden,SWE,1975,0.008336859031024517,0.15116105145399159,0.5606610149786939,0.28003988872350943
Sweden,SWE,1976,0.006793993563435152,0.2620791797834135,0.5599822322352046,0.19804675480909856
Sweden,SWE,1977,0.004073263461729184,0.25385928343796427,0.6276207994786016,0.15271938946565566
Sweden,SWE,1978,0.005148280345060582,0.24696610582839346,0.5856675226169983,0.2113096726703224
Sweden,SWE,1979,0.007086234545771904,0.2396580863387178,0.43250344397239693,0.21196332774245252
Sweden,SWE,1980,0.005786982383469441,0.21967612578160306,0.47794022223752874,-0.06416467055762254
Sweden,SWE,1981,-0.011060782385125863,0.253232869517129,0.49676662974233377,0.22853306300362045
Sweden,SWE,1982,-0.008925891975531364,0.2398454179609833,0.4955207293352635,0.22840910454333377
Sweden,SWE,1983,-0.008824818179586514,0.23152963710996163,0.5083540613819557,0.22774630105393862
Sweden,SWE,1984,-0.015425356146338162,0.21967225166653898,0.4946987317467798,0.22297512206406217
Sweden,SWE,1985,-0.0016556071827850474,0.20946396577639226,0.49187228865629623,0.23111875714402902
Sweden,SWE,1986,0.023741972340028998,0.20176149534775217,0.5161492900919186,0.24432074043650737
Sweden,SWE,1987,0.013812258988872343,0.14599821097297594,0.46005047834397633,0.2432805779227576
Sweden,SWE,1988,0.01305517388028016,0.11196559552251073,0.4614631358466891,0.20855622746101962
Sweden,SWE,1989,0.022823604930723232,0.096970022680799,0.4971800824727294,0.24471698820885984
Sweden,SWE,1990,0.010749659711368462,0.04473455471412085,0.4449110834974126,0.24278810150579533
Sweden,SWE,1991,0.037946230674815284,0.014323565226629819,0.3832772499843645,0.23262578472493878
Sweden,SWE,1992,0.045175678648799844,0.09555095487437547,0.39363124366486363,0.1514798805852025
Sweden,SWE,1993,0.048719492800448405,0.05822585386333494,0.35509527793568463,0.21361433631630286
Sweden,SWE,1994,0.04885505166544282,0.03744918301529709,0.3381489916904613,0.21602099466084088
Sweden,SWE,1995,0.047567305031566295,0.016935751694139564,0.38083604945976185,0.5970943999946695
Sweden,SWE,1996,0.04930183270722527,0.007952954366845323,0.3755827171176511,0.4245504415795974
Sweden,SWE,1997,0.04932348309432531,-0.005376048287047762,0.33074867770758126,0.42576851114346853
Sweden,SWE,1998,0.050320543352193096,-0.01228821284386316,0.33049465425976354,0.4203052916056414
Sweden,SWE,1999,0.05260246364546691,-0.018438735000570347,0.34999809295309003,0.4210907430905705
Sweden,SWE,2000,0.053284392091304075,-0.024368261779428226,0.36673734944372427,0.37829259853478303
Sweden,SWE,2001,0.052588989822803967,-0.030760589687655417,0.35644872604940625,0.3496498428698647
Sweden,SWE,2002,0.05453413984552661,-0.040737275505025074,0.3573517783804412,0.3538655939566697
Sweden,SWE,2003,0.058866476448772485,-0.0487481791926528,0.37943099053240753,0.34210315844002903
Sweden,SWE,2004,0.06022308467115548,-0.05386672196141903,0.40091559611513855,0.49280628800391674
Sweden,SWE,2005,0.058576341530871615,-0.05836598349873266,0.4047338917927267,0.44409047105129495
Sweden,SWE,2006,0.03860462234865615,-0.08458092161861507,0.4891932142499943,0.45190525550383537
Sweden,SWE,2007,0.042723321554615765,-0.09787699787787502,0.5141714044359644,0.467289838319916
Sweden,SWE,2008,0.0434405650489148,-0.10126335881121099,0.49576976492113956,0.4708611558251036
Sweden,SWE,2009,0.04430721580208678,-0.11138072935210225,0.4765279177233337,0.44429565004230387
Sweden,SWE,2010,0.044650368160216204,-0.12177446653265811,0.4754278337468153,0.3864484205196694
Sweden,SWE,2011,0.08047577062598113,-0.10174303461361668,0.4608066510428772,0.4846928120150021
Sweden,SWE,2012,0.07471000196184956,-0.12243099045187669,0.45890075026413496,0.4834289911124001
Sweden,SWE,2013,0.07349217085364453,-0.13377642380014482,0.4638970033290861,0.49807748326725676
Sweden,SWE,2014,0.06568070808911898,-0.20890731344991637,0.4792085336767475,0.47825787536469483
Sweden,SWE,2015,0.06342262858427494,-0.21805957318311692,0.5102467877967554,0.5207203116405557
Sweden,SWE,2016,0.060920550644555746,-0.28265929585745164,0.4892740435359488,0.5423115357033281
Sweden,SWE,2017,0.05784223894063464,-0.29254406567605973,0.48592281886510036,0.3548036596315156
Sweden,SWE,2018,0.05711937387186386,-0.2954601329254258,0.46780777926342776,0.3223919478270034
Sweden,SWE,2019,0.05913043476592332,-0.2738940635993294,0.47926513165230644,0.33049412720216714
Sweden,SWE,2020,0.050066734052422374,-0.3046753412961546,0.45747562184438695,0.2966236932254097
Sweden,SWE,2021,0.04122857068357676,-0.2801392557362865,0.4445030659814502,0.3031768353003639
Sweden,SWE,2022,0.020425845137649407,-0.3118400748766421,0.3372509165720788,0.3066367214673317
Sweden,SWE,2023,0.05885566100404124,-0.2868365103397741,0.18972974417620153,0.3041688694041495
Sweden,SWE,2024,0.09928624177324168,-0.25558562509498584,0.19784605329887908,0.30400658370236705
Sweden,SWE,2025,0.09678622728289847,-0.26762499261449607,0.19971201984661702,0.30631416842598036
Switzerland,CHE,1970,0.1245923477866078,1.4062447119132082,0.7810491111789362,6.5142716654913135
Switzerland,CHE,1971,0.1245923477866078,1.4062447119132082,0.7810491111789362,6.5142716654913135
Switzerland,CHE,1972,0.12237667130871621,1.368438707519818,0.5724696698362094,6.5142716654913135
Switzerland,CHE,1973,0.11971090868154091,1.4740939093295884,0.5588466629718176,6.5142716654913135
Switzerland,CHE,1974,0.11034051533131577,1.3521752328722418,0.7040042330977914,6.5142716654913135
Switzerland,CHE,1975,0.12159062166161894,1.2670776661028176,0.6369722061848004,6.5142716654913135
Switzerland,CHE,1976,0.1287094798677811,1.307532980575255,0.6176844924431946,6.5142716654913135
Switzerland,CHE,1977,0.12972328181956205,1.2658183046288531,0.5535958429849637,6.5142716654913135
Switzerland,CHE,1978,0.12531589153384212,1.3127383263687267,0.21023946905888335,6.5142716654913135
Switzerland,CHE,1979,0.13002362203831921,1.2643174734067602,0.4666387140621571,6.5142716654913135
Switzerland,CHE,1980,0.18029026101013354,1.3273039234966932,1.5266035667483793,6.5142716654913135
Switzerland,CHE,1981,0.22352159438132965,1.2194443338317464,1.5012795331785882,6.5142716654913135
Switzerland,CHE,1982,0.21652387156927477,1.0978560268539561,1.537461448623745,6.5142716654913135
Switzerland,CHE,1983,0.21528676822080658,1.0522971738335651,1.5383724738063835,6.5142716654913135
Switzerland,CHE,1984,0.21154313852354312,0.993586717766471,1.5757163811753254,6.5142716654913135
Switzerland,CHE,1985,0.14799362695210047,0.8431618239351613,1.485969019432643,6.5142716654913135
Switzerland,CHE,1986,0.11771433491277089,0.6773112474077744,1.4529301986676542,6.5142716654913135
Switzerland,CHE,1987,0.14028033963847514,0.7098095833209197,1.5935510508971267,6.5142716654913135
Switzerland,CHE,1988,0.13738592339787833,0.6045909023363452,1.6031102578398442,6.5142716654913135
Switzerland,CHE,1989,0.13659921945983705,0.5469630171411338,1.6534857363325746,6.060831971095745
Switzerland,CHE,1990,0.15432339895231612,0.49184304705917137,1.710888876325737,3.920452721539031
Switzerland,CHE,1991,0.09914879202310867,-0.22730990739679008,0.8387639331201091,0.5544414642873652
Switzerland,CHE,1992,0.1160364515281922,0.020448711825073115,0.9678756484951923,-1.3598371810522636
Switzerland,CHE,1993,0.09492460521531657,-0.21783515023943018,0.6684672302492578,0.32741926418136225
Switzerland,CHE,1994,0.10041217274866815,-0.13751364863710933,0.7644778927864585,0.020223971718942815
Switzerland,CHE,1995,0.10236964210077396,-0.0707450017942843,0.8471215858447783,-0.9230273998685159
Switzerland,CHE,1996,0.10687150467656656,-0.018713487539691737,1.0566489516654956,-1.8255728617646512
Switzerland,CHE,1997,0.10774868207360647,0.02693718346778981,0.9649082114492447,-1.7509433014485352
Switzerland,CHE,1998,0.109261150605238,0.07407698032093049,0.9871696040313096,-1.7872668631034243
Switzerland,CHE,1999,0.10705976304758745,0.11515925306152691,0.817663751705186,-1.8915078247815207
Switzerland,CHE,2000,0.11197377988744303,0.16770725636836603,0.8089838964508835,-1.6425430708462077
Switzerland,CHE,2001,0.09049244366555345,0.33008025425086057,0.520800640716199,-0.5764577031417194
Switzerland,CHE,2002,0.09536390897170716,0.3333966729561117,0.5498733441122853,-0.6094063778588308
Switzerland,CHE,2003,0.10039950099353634,0.3618169850974109,0.6684243835706979,-0.6095552503223287
Switzerland,CHE,2004,0.10529558655079838,0.3982359071591863,0.6208442376930793,-0.6366641806815374
Switzerland,CHE,2005,0.09866602660186517,0.4398737017008324,0.5075317751443191,-0.31303770196550484
Switzerland,CHE,2006,0.11399017023970812,0.47023789015515916,1.0137230004361528,-0.7800640377144715
Switzerland,CHE,2007,0.1136792385474763,0.501015126700848,0.9808873221697302,-0.6890292252264902
Switzerland,CHE,2008,0.11219614118996016,0.4481362175065387,1.1010419494463446,-1.3913661661524557
Switzerland,CHE,2009,0.09684214695358306,0.5032914786801701,0.700314005207668,-1.3193117886389811
Switzerland,CHE,2010,0.09907852432577806,0.5142727273470076,0.7207837439233057,-1.5561506970507906
Switzerland,CHE,2011,0.10188311896256985,0.542791183753449,0.6993582846080358,-0.48222305603842264
Switzerland,CHE,2012,0.12888389595897226,0.634078088777035,0.7232649580760039,-0.6624379675713845
Switzerland,CHE,2013,0.1314338592026123,0.8111960355628623,0.928258617439848,-2.4917967160028427
Switzerland,CHE,2014,0.11958586423877651,0.7750745871116475,0.9073992341188815,-1.7360341815172875
Switzerland,CHE,2015,0.12263614167321393,0.8095032066924243,0.8733117181220603,-0.9696763772450456
Switzerland,CHE,2016,0.11447328240261714,0.685028161752663,0.9667536431835531,-0.6847614746833104
Switzerland,CHE,2017,0.15591977975138308,1.2028820242481544,1.3174609677884468,5.431541087612879
Switzerland,CHE,2018,0.15529145452115373,1.0140663949124658,1.523433325318392,6.5142716654913135
Switzerland,CHE,2019,0.16060189356096122,1.1502426206123573,1.4322076408592888,6.5142716654913135
Switzerland,CHE,2020,0.18964826139817703,1.4963338708964002,1.504552597817967,6.5142716654913135
Switzerland,CHE,2021,0.2545326318031328,1.8131655944741674,1.9773789730623574,6.5142716654913135
Switzerland,CHE,2022,0.25153606634414094,1.8507925210070653,2.093225270342609,6.5142716654913135
Switzerland,CHE,2023,0.23138651859427542,1.7618163874617734,1.6063296069083963,6.5142716654913135
Switzerland,CHE,2024,0.21117139845574956,1.3593018769704686,1.4876119275265567,6.5142716654913135
Switzerland,CHE,2025,0.21172255804397416,2.0585617868856643,0.3966454818169195,6.5142716654913135
Ghana,GHA,1970,5.9442695014189555,1.3217632689286984,4.495179808916037,3.6814782113973177
Ghana,GHA,1971,5.9442695014189555,1.3217632689286984,4.495179808916037,3.6814782113973177
Ghana,GHA,1972,5.941340721184979,1.3246716806871335,4.332889680169939,3.525807635788842
Ghana,GHA,1973,5.9442695014189555,1.4688543908233698,2.4816519930585423,4.367650539472304
Ghana,GHA,1974,5.814252021051603,1.6203011273312076,2.316671728094075,3.96127917042045
Ghana,GHA,1975,5.543395811724876,1.5948861747488934,2.3286237164376757,3.7535903238934925
Ghana,GHA,1976,5.330280452566636,1.3203191161677883,2.27560697763702,3.5071887763368794
Ghana,GHA,1977,5.160313146546086,1.3109650352929156,2.3688713635254253,3.338262349087138
Ghana,GHA,1978,5.004568574970023,1.3157965076629627,2.3442835816986802,3.029376792086577
Ghana,GHA,1979,4.862566136707632,1.3232779243214494,2.8586432462725844,3.217279625352358
Ghana,GHA,1980,5.004124084295206,1.643274145470935,5.308821898119329,3.7782763504471237
Ghana,GHA,1981,4.489509881318961,1.574719935076309,4.969702642755967,3.3966587144881393
Ghana,GHA,1982,3.935755486420387,1.7071845487196122,4.441672498410135,3.1877010894195816
Ghana,GHA,1983,3.6230661870419856,1.9829578194573059,4.343840073520674,2.9032473428316896
Ghana,GHA,1984,3.076017106815359,1.9525622199269086,4.200787101098166,2.709424017431408
Ghana,GHA,1985,2.576447544441371,1.9149019828139275,4.095807294202197,2.3461076133696457
Ghana,GHA,1986,2.061649179408964,1.7842059613156167,3.9121245963955387,2.1657391139086437
Ghana,GHA,1987,1.7094356640726849,1.6687640746012073,3.663566575279135,1.955049729044268
Ghana,GHA,1988,1.5478278133138963,1.6032284996693118,3.5984447045504755,1.4753738825069136
Ghana,GHA,1989,1.4310176724133983,1.522585447651244,3.468542707084515,1.3677344661314073
Ghana,GHA,1990,1.3487712085867911,1.4524418884378485,3.2872101165868783,1.1044183796978015
Ghana,GHA,1991,1.3226779832269868,1.3523296161055958,2.841925495140955,0.8765611164447508
Ghana,GHA,1992,2.162316549296967,1.2395547070779682,2.8031472060726186,0.7495191177456038
Ghana,GHA,1993,3.050009515510081,1.347660753473019,3.134060465514128,0.5982386939023512
Ghana,GHA,1994,3.1481539959856364,1.5401357941064182,3.3771157657724693,0.6234671794771189
Ghana,GHA,1995,3.0627941700388246,1.5344286367078377,3.2350699901888564,0.5292067657243369
Ghana,GHA,1996,2.9940024740726154,1.5367753781410172,3.022023696865591,0.4591902124396986
Ghana,GHA,1997,2.8976126704111067,1.5441837385586379,2.615566328256218,0.43284884714065325
Ghana,GHA,1998,2.784771782149449,1.547145319593831,2.5486769747861286,0.3773307222648844
Ghana,GHA,1999,2.709472017159484,1.54997269341528,2.4456534767545413,0.361939466725007
Ghana,GHA,2000,2.668126069650318,1.5532980969345678,2.414845792737262,0.2973241755402318
Ghana,GHA,2001,2.5676527900168375,1.5348176267871692,2.4065413301920797,0.2733798224225859
Ghana,GHA,2002,2.422117131662368,1.5380084390718691,2.3652033604339637,0.27457082343393274
Ghana,GHA,2003,2.3033905492573945,1.5431698465882342,2.221490471623362,0.26784975360843827
Ghana,GHA,2004,2.2050440575777994,1.545411487898155,2.1861440361899542,0.23912174068752065
Ghana,GHA,2005,2.116433135449567,1.5410724091513708,2.205336773897506,0.25409471441171844
Ghana,GHA,2006,2.050661611150528,1.5407656548038977,1.8677233075064559,0.25784134281448595
Ghana,GHA,2007,1.9986101629363013,1.543473547526606,1.8229869326960637,0.2698328656688147
Ghana,GHA,2008,1.9483974560602983,1.510492657792143,1.800863922849994,0.24343315554836165
Ghana,GHA,2009,1.9021250493044697,1.5085431571410592,1.8084379195074731,0.2742439836720094
Ghana,GHA,2010,1.8601229991822348,1.5133312802575105,1.7989824296602763,0.11543900753775996
Ghana,GHA,2011,1.8193786988245768,1.4917093422654082,1.6510271655630704,0.12780223885108968
Ghana,GHA,2012,1.791996296413217,1.4894644153340852,1.6643383302684904,0.13836681578680932
Ghana,GHA,2013,1.7947771460612008,1.4581394731622659,1.5752937113176293,0.10054251687783872
Ghana,GHA,2014,1.8111028458644265,1.6802327462137674,1.5960675693712365,0.12924306804588548
Ghana,GHA,2015,1.7598052128066901,1.6846240633418232,1.589580476666193,0.16158517605208683
Ghana,GHA,2016,1.7081965002699646,1.623489311502695,1.5812894329508191,0.1669419986203556
Ghana,GHA,2017,1.6325435265102244,1.360484426627641,1.4401152808508513,0.5269750732764023
Ghana,GHA,2018,1.6191918071619225,1.3623359591679916,1.322598261935151,0.6995499756444143
Ghana,GHA,2019,1.6064131443399932,1.3498211086427037,1.3430663952949202,0.6405962248147234
Ghana,GHA,2020,1.574240261300543,1.2752957579050006,1.3651087393919012,0.6534897536565323
Ghana,GHA,2021,1.529447017352618,1.1252432221212065,0.8730646521392966,0.683311729127648
Ghana,GHA,2022,1.602893852586681,1.2085085726932088,1.1954686344542091,0.6883996078957704
Ghana,GHA,2023,1.5306301456537361,1.1583898973733247,1.1086509072461088,0.6664653188513039
Ghana,GHA,2024,1.5387282582731379,1.2684313072772118,1.1074563264842754,0.663465894649373
Ghana,GHA,2025,1.5542893253040788,0.774765993319721,1.1078317231060122,0.7579199656072995
South Africa,ZAF,1970,1.0130060286362699,-0.26851075207108843,0.3494259577035095,-0.039471371894514586
South Africa,ZAF,1971,1.0130060286362699,-0.26851075207108843,0.3494259577035095,-0.039471371894514586
South Africa,ZAF,1972,1.0019650010544596,-0.2684826369391091,0.3522744381625057,-0.029157743643000555
South Africa,ZAF,1973,0.994691880569376,-0.25899444206587385,0.35077073591170893,-0.02279488689632804
South Africa,ZAF,1974,0.9811704102556924,-0.2512114847215039,0.342505981613552,-0.018730156820468705
South Africa,ZAF,1975,0.9848451535581793,-0.24280540805257897,0.3099605937615815,-0.019978029376093956
South Africa,ZAF,1976,0.9828839710333696,-0.19179954136637356,0.3090925659785774,-0.007923251361360746
South Africa,ZAF,1977,0.9794800140980133,-0.22920583101088546,0.33174970537067594,-0.009453520100721882
South Africa,ZAF,1978,0.9895246921729641,-0.23400154233518103,0.34137206573972717,-0.019380546232784936
South Africa,ZAF,1979,0.9936875807779499,-0.2361082431210315,0.25192564073849844,-0.015760927802875344
South Africa,ZAF,1980,0.9526505447497536,-0.23661385016746508,0.25017194160469086,-0.00022730559939419803
South Africa,ZAF,1981,0.882599759470804,-0.2184634813299623,0.24162476951023382,0.008049165348140687
South Africa,ZAF,1982,0.8947487540774797,-0.21698932384170083,0.26272280318649316,0.007341237323524173
South Africa,ZAF,1983,0.9120970682565777,-0.218035580004935,0.25942611712700436,0.0031739467261298476
South Africa,ZAF,1984,0.9001250857683312,-0.2219214839606784,0.2899015136239321,-0.16105333874641556
South Africa,ZAF,1985,0.9874277793195025,-0.14353800357817179,0.2945030330970075,0.16536852834694044
South Africa,ZAF,1986,0.9677072056423086,-0.12746415754420803,0.29422380927470315,0.16044280819162243
South Africa,ZAF,1987,0.8977478510773639,-0.1403620015394559,0.2737732701448414,0.15967554615179919
South Africa,ZAF,1988,0.8803399490974287,-0.12158654851799566,0.28022758574895285,0.14116660865678787
South Africa,ZAF,1989,0.8681295512979113,-0.12234480650957656,0.257525343976712,0.11892644854138873
South Africa,ZAF,1990,0.9201126759125299,-0.10607015578285442,0.2790301682661388,0.0890996467753622
South Africa,ZAF,1991,1.224188733597039,-0.22635769424711338,0.35658289279906236,-0.14597181690262342
South Africa,ZAF,1992,1.1862496526102677,-0.06717718158563976,0.39015620876425405,-0.13414284024154174
South Africa,ZAF,1993,1.1569382105303385,-0.0985167086320946,0.43369298228025044,0.25907094994399726
South Africa,ZAF,1994,1.1861028641859337,-0.08909439719513675,0.5724724082347895,0.24031860464744126
South Africa,ZAF,1995,1.4394330388168082,-0.2734301445406392,1.0893725436005948,0.11777526621225132
South Africa,ZAF,1996,1.5056407481651775,-0.2732437844756638,1.2731905069455431,0.08698630716838857
South Africa,ZAF,1997,1.507927271307603,-0.26647422322294645,0.9753832681609713,0.08450012871203713
South Africa,ZAF,1998,1.5013479638533878,-0.2657840333521093,0.9620604191735111,0.08540121649602128
South Africa,ZAF,1999,1.4876867390575752,-0.26486899305523476,0.9090504133692503,0.08660291186101285
South Africa,ZAF,2000,1.4750112999052634,-0.2673876225456331,0.8967237581502205,0.09930426675875234
South Africa,ZAF,2001,1.442752939917952,-0.25519218703931157,0.8275973801545684,0.10158646124787268
South Africa,ZAF,2002,1.4337491936072033,-0.25303796387633126,0.8200818453756487,0.10430224742415001
South Africa,ZAF,2003,1.4128876670166082,-0.252003149901324,0.746026845461446,0.0964440336109729
South Africa,ZAF,2004,1.3953530362352917,-0.250219601363128,0.7336753570748208,0.07538464331307002
South Africa,ZAF,2005,1.3832870003857474,-0.24745806686826294,0.7249854181402495,0.05445609857714438
South Africa,ZAF,2006,1.370869115304799,-0.24565598417553858,0.6343036731792978,0.05215883961401467
South Africa,ZAF,2007,1.3641951040563356,-0.24497075146473307,0.6161226516571869,0.07520016169958929
South Africa,ZAF,2008,1.3568980922149554,-0.24380945653323166,0.6038808665343012,0.040268947370315646
South Africa,ZAF,2009,1.3444912080046372,-0.24343463617323347,0.5889981503467059,0.018931567088474086
South Africa,ZAF,2010,1.3363089508510044,-0.24853788811557906,0.5980604959560851,-0.035066262079664456
South Africa,ZAF,2011,1.3145803546760328,-0.24218646675493422,0.5473395838506845,0.0035384502394485706
South Africa,ZAF,2012,1.2827779782869113,-0.2400771562201437,0.549174540885809,-0.004006507058597272
South Africa,ZAF,2013,1.279830401871736,-0.24267891830024768,0.5479192211589727,-0.000937915632668429
South Africa,ZAF,2014,1.2815702333519225,-0.19160944975378735,0.5532706165495109,0.02352205449486772
South Africa,ZAF,2015,1.2789336347964975,-0.18821040846361944,0.5577164548938798,0.02345813243565826
South Africa,ZAF,2016,1.2747665606168463,-0.22038209151323018,0.5657736945595477,0.023206602677243483
South Africa,ZAF,2017,1.2433709685649061,-0.18384595008081928,0.554031420316955,0.0177151688691603
South Africa,ZAF,2018,1.2485421675944324,-0.1892380446155674,0.5565959825628608,0.09046914020299426
South Africa,ZAF,2019,1.2428136414734656,-0.2060434077181697,0.5542624224306986,0.0806545741423397
South Africa,ZAF,2020,1.214031117814437,-0.40003528660463167,0.558552138788813,0.04771279474664462
South Africa,ZAF,2021,1.2814971551711591,-0.07412167908550503,0.688503421592509,0.05635590851186156
South Africa,ZAF,2022,1.1268373858927652,-0.07203792867555867,0.6735183857669595,0.02725613089511279
South Africa,ZAF,2023,1.1244514479809857,-0.06926039392279532,0.5765080284786159,0.05484009930818786
South Africa,ZAF,2024,1.0908371519789004,-0.16891429799399107,0.5851522620588621,0.1146125264280263
South Africa,ZAF,2025,1.113348737009664,-0.4292319501914426,0.3411739928801175,0.03727234705616149
Japan,JPN,1970,0.03468715874132842,0.946535053684959,0.35927496404530673,0.08568939498040927
Japan,JPN,1971,0.03468715874132842,0.946535053684959,0.35927496404530673,0.08568939498040927
Japan,JPN,1972,0.033391986019840045,0.9405834441661145,0.3629320725666402,0.08288400412690551
Japan,JPN,1973,0.03540264429386329,0.9535049538944371,0.3705823360762702,0.0734047606839241
Japan,JPN,1974,0.04184252099406157,0.9664726222717099,0.340188602626496,0.05406060606268178
Japan,JPN,1975,0.0455685319967545,0.9593757268955088,0.33578402954441944,0.05887584026857075
Japan,JPN,1976,0.06137717613026634,1.0945875886652907,0.33898508091091545,0.08324817663916022
Japan,JPN,1977,0.05424316541902202,1.0319303373657853,0.35107467144156135,0.08315411401124204
Japan,JPN,1978,0.04833521292087736,0.9864413902838409,0.33769860658226675,0.10413510946596238
Japan,JPN,1979,0.04261934128575432,0.9434428020311889,0.4013368852653612,0.1114928056476865
Japan,JPN,1980,0.031130241978512937,0.9085247131247199,0.40017403664714807,0.1084143811539968
Japan,JPN,1981,-0.004762167735397465,0.9060991969569359,0.4163010652110123,0.14847875035117614
Japan,JPN,1982,0.003187473600282714,0.8026595359852715,0.4038750444105823,0.14808782140809318
Japan,JPN,1983,0.011262290235288012,0.7176966530209847,0.4001145823307413,0.14759948805409953
Japan,JPN,1984,0.02173989147879465,0.6265267294660782,0.39233773669654465,0.14689573702818554
Japan,JPN,1985,0.030323081501543923,0.5348441540827824,0.39322037556413947,0.13743691912638045
Japan,JPN,1986,0.02991297205731882,0.4202692876851092,0.3861522713030606,0.13389074321643962
Japan,JPN,1987,0.025325757214719767,0.3319134853950642,0.46237743872057613,0.14197085394040762
Japan,JPN,1988,0.0392025577401912,0.31266477918158125,0.4484327545613199,0.17016252609026394
Japan,JPN,1989,0.05451501114197992,0.2824423080758015,0.41808182735556965,0.15824133744458724
Japan,JPN,1990,0.06561835786212052,0.24504160991632104,0.3951332252531573,0.2110173674452548
Japan,JPN,1991,0.0711232849328009,0.13265492412767355,0.3400099193209443,0.18442394738203874
Japan,JPN,1992,0.07913598707569217,0.04719469740890865,0.3221968522008477,0.17391466441429987
Japan,JPN,1993,0.09875417955505791,0.026289847892869707,0.3096053083274761,0.15411281130514531
Japan,JPN,1994,0.11089891603152793,0.004212536939889752,0.2743460293450011,0.15340121030054177
Japan,JPN,1995,0.11988886059062251,0.04120545405141309,0.2545855284931122,0.21286772470178594
Japan,JPN,1996,0.12795502871546188,0.09470478700907471,0.24668701049320296,0.19456714672090664
Japan,JPN,1997,0.13574687215078357,0.15498442424944175,0.23733294093008203,0.1885665948223586
Japan,JPN,1998,0.144287388214358,0.21715218048928364,0.2288285551318887,0.1876914217813493
Japan,JPN,1999,0.15318923353820002,0.277811774776341,0.2121063041695755,0.18107432378690716
Japan,JPN,2000,0.16306121167317408,0.34080197381423233,0.20819190595254466,0.15639988016596884
Japan,JPN,2001,0.1809496934707587,0.38922159001172457,0.21788650234109808,0.1358247491280537
Japan,JPN,2002,0.20760604595388354,0.4046953143141931,0.21060164921368224,0.131053541003397
Japan,JPN,2003,0.23636478451454876,0.41509785841098534,0.18746712326631584,0.12652558064269553
Japan,JPN,2004,0.266934607214512,0.42866620862320715,0.17308057097701116,0.10788504407469868
Japan,JPN,2005,0.29735872240915456,0.4456106993987131,0.16342123580767376,0.1104929339516966
Japan,JPN,2006,0.3305158457562498,0.46204245902486674,0.1662800639042231,0.10649390432501307
Japan,JPN,2007,0.3572295561614465,0.47810060487313577,0.14857981170694362,0.09792076084636195
Japan,JPN,2008,0.38410619422851516,0.49434131066624754,0.14709819770307045,0.07934189752564515
Japan,JPN,2009,0.4123024338365424,0.5185870602362578,0.13087105531043572,0.08418316668827594
Japan,JPN,2010,0.4402123910590694,0.5456631616074481,0.13491666053790788,0.06965825272682787
Japan,JPN,2011,0.4738743030047231,0.5750984776669804,0.07461755565847968,0.07645084611348249
Japan,JPN,2012,0.5223273495393809,0.6211551179546534,0.0826271898738344,0.07057125295347003
Japan,JPN,2013,0.5395002717348528,0.6133137232376066,0.08328581022384912,0.06486049185722455
Japan,JPN,2014,0.6188091973681288,0.6583651207796797,0.08760836142037959,0.07714065882764543
Japan,JPN,2015,0.6106926724144935,0.5874774629789383,0.10267972177149547,0.06633592848705683
Japan,JPN,2016,0.5995355662313897,0.5144731669476035,0.09330300920143411,0.06956139627692695
Japan,JPN,2017,0.5861443004234421,0.39566457920329934,0.08982943056673678,0.050437802376473065
Japan,JPN,2018,0.5796875010285297,0.3544522154819112,0.10855373099303725,-0.03520008611497939
Japan,JPN,2019,0.5737234959423991,0.3142844466772996,0.10477782475906688,-0.0463426443269408
Japan,JPN,2020,0.5663289554445313,0.2536412837150931,0.10100589448410924,-0.043159676330026486
Japan,JPN,2021,0.6219818030019306,0.35920908481825375,0.10137940278453345,-0.04688029932006009
Japan,JPN,2022,0.599099818885232,0.34033357340788817,0.21510201164216752,-0.040631981987568795
Japan,JPN,2023,0.5794116079199979,0.3292536721382553,0.14302803281506632,-0.0575850640469836
Japan,JPN,2024,0.5546793916212719,0.2644319990837152,0.1431740189164213,-0.05768484749337438
Japan,JPN,2025,0.5539756292661318,0.11258625083774682,0.13278103222971838,-0.060785529798980095
Burma/Myanmar,MMR,1970,0.7907710003715468,0.5753399521512508,-0.6119952038734262,-2.8303673380345313
Burma/Myanmar,MMR,1971,0.7907710003715468,0.5753399521512508,-0.6119952038734262,-2.8303673380345313
Burma/Myanmar,MMR,1972,0.778694402355598,0.5795924556221618,-0.6109074602246689,-2.784965120207376
Burma/Myanmar,MMR,1973,0.7669089823015459,0.5780520565212541,-0.6073260091598537,-2.7705964338650033
Burma/Myanmar,MMR,1974,0.7650766535286935,0.6078834922351172,-0.5144966458818157,-3.2677268164616198
Burma/Myanmar,MMR,1975,0.7652010251973613,0.585142129710053,-2.635723469905174,-3.8083032747921983
Burma/Myanmar,MMR,1976,0.775455369676616,0.6532245353104205,-2.638773480108342,-3.575542292761753
Burma/Myanmar,MMR,1977,0.763362052432369,0.6486940321833735,-2.265360635469932,-3.266322367510167
Burma/Myanmar,MMR,1978,0.7667857966249545,0.6587911401617109,-2.189136562364349,-2.722310333451209
Burma/Myanmar,MMR,1979,0.7547793866613661,0.6737432457752068,-1.607437523747188,-2.4685625573003147
Burma/Myanmar,MMR,1980,0.7083506790636005,0.6944589160013903,-1.287715307578725,-1.9719679537645425
Burma/Myanmar,MMR,1981,0.6043114483864308,0.7260979528495483,-1.2578531390828107,-1.797404157845473
Burma/Myanmar,MMR,1982,0.6053098234599018,0.7519102162744431,-1.2426490242449955,-1.650498356773116
Burma/Myanmar,MMR,1983,0.6132158639649654,0.7863741847964159,-1.2449231831974596,-1.493886366350063
Burma/Myanmar,MMR,1984,0.6113540487260614,0.8211116357615161,-1.240441069875617,-1.34563776307514
Burma/Myanmar,MMR,1985,0.5993035403561374,0.8553254864517603,-1.2424018435499613,-1.1419548083908055
Burma/Myanmar,MMR,1986,0.5507883277049841,0.874122757854196,-1.2191047622462772,-0.972306568914633
Burma/Myanmar,MMR,1987,0.5042733417054566,0.9211496487713797,-1.2041295937699072,-0.8299121572140025
Burma/Myanmar,MMR,1988,0.5163167119071371,1.0337497118235346,-1.2103478905204235,-0.5708553706721416
Burma/Myanmar,MMR,1989,0.8243120925086005,1.4431115496315492,-2.1607239081352,-0.7884503412371935
Burma/Myanmar,MMR,1990,0.84736080377704,1.231790811659603,-2.592060022589078,0.29311309383081724
Burma/Myanmar,MMR,1991,0.5627157891284632,0.8011146953786172,-1.7739363645150006,0.5134891833486733
Burma/Myanmar,MMR,1992,0.5038596900896799,0.6345034311164846,-1.8703273118885677,0.6048166927962448
Burma/Myanmar,MMR,1993,0.5083079729583059,0.6885142975565129,-1.8348997093383854,0.5974136041196606
Burma/Myanmar,MMR,1994,0.5173666435357136,0.7417599058357378,-1.7019676029515072,0.523861893079571
Burma/Myanmar,MMR,1995,0.5314859976624434,0.8069642263198984,-1.6484718686946251,0.41561031030978
Burma/Myanmar,MMR,1996,0.5485686436441308,0.8781496662003376,-1.562557625034589,0.31652839933979926
Burma/Myanmar,MMR,1997,0.5682762902603299,0.9478054500245592,-1.2905685991795917,0.2557104558256208
Burma/Myanmar,MMR,1998,0.5860186202271576,1.0158558920854364,-1.2860879328819217,0.19383447695545772
Burma/Myanmar,MMR,1999,0.6071892963433285,1.0803233853270884,-1.253971726169869,0.13476163321404855
Burma/Myanmar,MMR,2000,0.6311262282709318,1.1442333021373483,-1.2480531434685276,0.06068069626717422
Burma/Myanmar,MMR,2001,0.6267582391059873,1.2140640354512109,-1.1812672975872909,-0.04476322016892739
Burma/Myanmar,MMR,2002,0.6519554563270505,1.2775771356321564,-1.1934303149164243,-0.10867402296597392
Burma/Myanmar,MMR,2003,0.6693361427820324,1.3434050260256676,-1.1306655561429917,-0.16733802220110408
Burma/Myanmar,MMR,2004,0.6940470803003781,1.4088948377403023,-1.129846871334955,-0.42249421718558355
Burma/Myanmar,MMR,2005,0.7138429117635111,1.4806560659321164,-1.123384375612048,-0.42676388236436247
Burma/Myanmar,MMR,2006,0.7274131771835669,1.5507249033437491,-0.9818653918152445,-0.43916437474649883
Burma/Myanmar,MMR,2007,0.7524624868510785,1.6234974495983687,-0.9675811929510951,-0.4588976407619699
Burma/Myanmar,MMR,2008,0.7629986231053485,1.6489885129130073,-0.9572260952693811,-0.4820960711704949
Burma/Myanmar,MMR,2009,0.7272526032142792,1.8091149770311654,-0.8364604629878485,-0.34183047287087226
Burma/Myanmar,MMR,2010,0.7489851164149751,1.9064144489294492,-0.839649573714299,-0.502763240504897
Burma/Myanmar,MMR,2011,0.8730871646839667,2.011938583944769,-0.10024985853787921,-0.30731126860466357
Burma/Myanmar,MMR,2012,1.2691402343294398,2.2115413810710662,-0.04838578797816412,-0.5292431360287098
Burma/Myanmar,MMR,2013,1.2612672310061754,2.2642199600069883,-0.06587848584299583,-0.5527109100271664
Burma/Myanmar,MMR,2014,1.046124439940051,2.3426418312520516,-0.03810083089976729,-0.5970978258419658
Burma/Myanmar,MMR,2015,1.004741966718637,2.4523241866689847,-0.040129536099855645,-0.6461751644246814
Burma/Myanmar,MMR,2016,0.9674625378032613,2.671269252001693,-0.03722878331322094,-0.6882351056476488
Burma/Myanmar,MMR,2017,0.8349396741314545,3.063686047720682,-0.06095032785213944,-1.67782590251928
Burma/Myanmar,MMR,2018,0.8212516747587456,3.0835918267685165,-0.06065674754503869,-1.3003736896569702
Burma/Myanmar,MMR,2019,0.80941848655072,3.2024439362740376,-0.07093930520573954,-1.1527803720755667
Burma/Myanmar,MMR,2020,0.8286776080238109,3.22672964149373,-0.07517529991922661,-1.0507016882074547
Burma/Myanmar,MMR,2021,0.6917774810661703,3.0009219415840476,-0.12015277189883422,-1.0945362433850394
Burma/Myanmar,MMR,2022,2.6652123225492144,2.872451646331031,2.394245014105905,-0.9994642442840251
Burma/Myanmar,MMR,2023,2.5190947642798878,2.9148801306391148,2.1586507127572014,-0.9425120421764803
Burma/Myanmar,MMR,2025,2.322013732280505,2.9217510515082923,2.127676595640196,-0.9240887006664182
Russia,RUS,1970,0.0765965939774522,0.8526223503847251,-0.3752757088915514,0.4444838471450484
Russia,RUS,1971,0.0765965939774522,0.8526223503847251,-0.3752757088915514,0.4444838471450484
Russia,RUS,1972,0.06394427753823806,0.8029263517441396,-0.37207355047238233,0.4388851991345013
Russia,RUS,1973,-0.015192817944848752,0.8229388864483853,-0.37181119476817864,0.42930002608819595
Russia,RUS,1974,-0.12592277419035197,0.8657875364569827,-0.3517556398790412,0.42484909410763083
Russia,RUS,1975,-0.04623139018148742,0.8135180014313885,-0.3673807566858607,0.41981452190130464
Russia,RUS,1976,-0.10295959491515619,0.37167873535655926,-0.36989201686156215,0.4251598002749342
Russia,RUS,1977,-0.02210546457879141,0.5175362844895931,-0.2204616580276576,0.4285627531245053
Russia,RUS,1978,0.0966953140284612,0.581021392975497,-0.21904453846709188,0.6900818007187941
Russia,RUS,1979,0.12732732524470716,0.5295295943532927,-0.1020237644805261,0.7604304352102034
Russia,RUS,1980,0.571763682100288,0.6288025760750133,-0.06080095225682822,0.674310289960357
Russia,RUS,1981,0.26073739123945316,1.1931231088551826,-0.08056989019858887,0.6775305753193612
Russia,RUS,1982,0.3122812344518366,2.3455371702908003,-0.08109195671631322,0.6872654354260139
Russia,RUS,1983,0.3614182436679287,3.632115614291389,-0.08032494472278914,0.695774919155965
Russia,RUS,1984,1.3908862364605687,4.930629834223222,-0.07912728845157824,0.7053026244136539
Russia,RUS,1985,3.032948991863491,6.0951233729332674,-0.07125691294684139,0.659366435192125
Russia,RUS,1986,5.9442695014189555,8.05638860016951,-0.1112444549098567,0.6648256360025784
Russia,RUS,1987,5.9442695014189555,8.05638860016951,-0.12409750302785075,0.6371910812429717
Russia,RUS,1988,3.547051647154022,6.84520879183951,-0.13861859791802994,0.4451689145404155
Russia,RUS,1989,5.9442695014189555,8.05638860016951,-0.16279567673722933,0.3791199558150441
Russia,RUS,1990,3.094490918229179,8.05638860016951,-0.4501635193233367,-0.09232406651381847
Russia,RUS,1991,4.507789050437139,8.05638860016951,-0.6349437337409167,-0.27133180720025546
Russia,RUS,1992,5.9442695014189555,8.05638860016951,-0.6295287553729019,1.4175855420988475
Russia,RUS,1993,1.3432111503653352,7.13984913324429,-0.6469057298135151,1.2613451732391519
Russia,RUS,1994,0.828537662597512,4.537341984314974,-0.9447394949608425,1.2109099907625414
Russia,RUS,1995,1.0199263246461485,5.41530252857509,-0.8850165193480267,0.6727286875369833
Russia,RUS,1996,0.6536781063591878,6.303673642925949,-0.7991320556308513,0.598498616397684
Russia,RUS,1997,-0.5422592576633967,8.05638860016951,-0.6060711703840261,0.5998881382316241
Russia,RUS,1998,-0.44178471865042207,8.05638860016951,-0.6019368973753064,0.5782750443307398
Russia,RUS,1999,-2.1161372533588367,8.05638860016951,-0.5831423519034428,0.5762489372781621
Russia,RUS,2000,-8.683387650891431,8.05638860016951,-0.573644943736161,0.833719583945983
Russia,RUS,2001,-7.525832568241908,8.05638860016951,-0.44637858632854627,0.6791787889799951
Russia,RUS,2002,-5.121317318876314,8.05638860016951,-0.4467163044824125,0.6837319720529336
Russia,RUS,2003,-3.814092035614024,8.05638860016951,-0.38505098490662687,0.6876302628918506
Russia,RUS,2004,-2.9156703459880355,8.05638860016951,-0.42288515595977333,0.6456312183077466
Russia,RUS,2005,-3.5242089822272575,7.1481346655415585,-0.42683297422947414,0.6551205893310397
Russia,RUS,2006,-2.8357793963684177,6.2599724208194525,-0.36524123310095985,0.6493476154992814
Russia,RUS,2007,-2.115361824277022,5.344770974252768,-0.3417006457575973,0.6505735257621164
Russia,RUS,2008,-1.9885744568166606,5.471506437437165,-0.32760582067286603,0.5918276106521672
Russia,RUS,2009,-1.8300169582147894,5.628106715282079,-0.33553529946319527,0.7747549562803391
Russia,RUS,2010,-1.3082942817542298,5.6717796736546,-0.3432780428603259,0.6913489922790255
Russia,RUS,2011,0.555170482532198,5.940547584990632,-0.2729400456845787,0.669182897475592
Russia,RUS,2012,1.618002849288717,5.879881499169866,-0.26575438505070315,0.659269998471176
Russia,RUS,2013,3.3365545065635858,5.834471384438535,-0.2838054778836039,0.6068304245515176
Russia,RUS,2014,4.663568121276543,4.642108922653447,-0.2710390663357177,0.5980996836092678
Russia,RUS,2015,3.0632877888182306,3.31974753930285,-0.2547557265631014,0.5818521435980104
Russia,RUS,2016,1.5542058100815679,2.011888693482433,-0.25036565584832554,0.5871417782479722
Russia,RUS,2017,0.5591544296818052,0.8595948451502816,-0.2701351517169246,0.4899921383472386
Russia,RUS,2018,-0.3896953118238955,0.394369509313472,-0.2700150477287818,0.4553573047127335
Russia,RUS,2019,-0.971218921757554,0.22401694431315533,-0.26632247297209555,0.518188773726376
Russia,RUS,2020,-0.9722864011404168,0.15794044328975887,-0.2756184472900228,0.5720672521495307
Russia,RUS,2021,-0.9710678268847497,0.20648329266648424,-0.3000184151901001,0.6668727582978706
Russia,RUS,2022,-0.9775930233673633,0.15183902461442955,-0.4373401461919287,0.6158253036026686
Russia,RUS,2023,-0.9667984635429994,0.16123145207311873,-0.3866091579703879,0.5853167072900929
Russia,RUS,2024,-0.9629313916260283,0.1556044102752877,-0.3798860569528019,0.5925762833729222
Russia,RUS,2025,-0.9636196005172252,-0.46128003746493407,-0.41364578003683294,0.6335229393729551
Albania,ALB,1970,0.052192039757011637,1.1629533700931665,-0.22414549795131306,-0.6369022802463291
Albania,ALB,1971,0.052192039757011637,1.1629533700931665,-0.22414549795131306,-0.6369022802463291
Albania,ALB,1972,0.047710679119388116,1.1619011451571737,-0.2395551128151176,-0.6043150202404416
Albania,ALB,1973,0.07056623855626937,1.1295043512534717,-0.25659821642048747,-0.5729742323714544
Albania,ALB,1974,0.03269593954704837,1.1220737904006186,-0.2761558563773343,-0.5557028409364039
Albania,ALB,1975,0.22827866045050985,1.0740240044193903,-0.2616088849290127,-0.5449304294315893
Albania,ALB,1976,0.24765978906972827,0.8088524699608075,-0.20262827399194613,-0.5131791067480947
Albania,ALB,1977,0.19186056438170423,0.8023497391370878,-0.13208023118742632,-0.5102262221067994
Albania,ALB,1978,0.1263758811218771,0.8939560933077514,-0.10480684333365277,-0.4271618433328901
Albania,ALB,1979,0.05464249128426181,1.012937948318942,-0.11869363130709207,-0.42889641000501433
Albania,ALB,1980,0.07077732168089146,1.1807471811755574,-0.16955128959796084,-0.384940337051366
Albania,ALB,1981,0.08542154947115539,1.39912887627217,-0.22928153016884412,-0.3834861908405801
Albania,ALB,1982,0.030935170348802284,1.929482217675414,-0.2977013673354074,-0.3904788644768381
Albania,ALB,1983,-0.0686738920440487,2.458927054828322,-0.38195383874341043,-0.3943865050162353
Albania,ALB,1984,0.16920854659031886,2.9807726342928365,-0.4661141696727831,-0.43064885326493707
Albania,ALB,1985,1.0025842997799468,3.521543182233378,-0.554538748881277,-0.4108808681185309
Albania,ALB,1986,0.38224737659619606,4.06784755618883,-0.6872096217162701,-0.4779952324497525
Albania,ALB,1987,0.350860335458991,4.623946143369673,-0.8202485955125558,-0.1797555695757369
Albania,ALB,1988,1.2770135189287426,5.84028092149928,-0.9193145854335237,-0.18820055384499743
Albania,ALB,1989,0.6210404526353346,8.05638860016951,-1.0575837997488402,-0.16432174825291018
Albania,ALB,1990,3.373432359304981,8.05638860016951,-1.2829639271830617,-0.17991419636534384
Albania,ALB,1991,5.9442695014189555,8.05638860016951,-1.369032065846512,-0.22040550133412362
Albania,ALB,1992,5.558631159841475,8.05638860016951,-1.0687364430667359,-0.7051601146198261
Albania,ALB,1993,-1.054494535713502,4.93249174381576,-0.8119145086297525,-0.41470333824624367
Albania,ALB,1994,0.4966620043144747,4.118666464993305,-0.4506436343481603,-0.42897032147161807
Albania,ALB,1995,1.7198075629438552,3.654054344526679,-0.2877264034114704,-0.034100228241359526
Albania,ALB,1996,-0.4989155643212019,3.0973804221115984,0.02741825438845724,-0.4509664630368449
Albania,ALB,1997,3.1135967112635172,2.6008636491798645,0.16447902790543115,-0.44810418803917873
Albania,ALB,1998,2.6884641602869337,2.717777005524603,0.14742809984494729,-0.4264944716790877
Albania,ALB,1999,1.5380248642022116,3.0589186495647285,0.09466823085352674,-0.6700128152645941
Albania,ALB,2000,2.582165763791606,3.504424382117509,0.05017527116436571,-0.728628621701337
Albania,ALB,2001,3.3408939680117578,3.4137584577279427,0.02699479600279117,-0.6082175039467157
Albania,ALB,2002,1.8684422650484427,3.328058936913542,-0.0009233042836749028,-0.6021053288094614
Albania,ALB,2003,1.4956482401364004,3.2498347636445835,0.016287766427371703,-0.5958765394840857
Albania,ALB,2004,2.3553841815402654,3.1969207868991685,0.049420042277604326,-0.5846162991575174
Albania,ALB,2005,3.310439328717448,3.169014476407707,0.1197250449485057,-0.5788502282968555
Albania,ALB,2006,1.9054242656443783,3.1828858276043874,0.19142665102055903,-0.5748636898287526
Albania,ALB,2007,1.318027119613706,3.126589374727282,0.19464177245950715,-0.544629100994394
Albania,ALB,2008,0.7128342969846925,3.145177067857227,0.17956864744451329,-0.5480530817443524
Albania,ALB,2009,0.976775323909172,3.2472372306193753,0.15671717408260016,-0.547526638461346
Albania,ALB,2010,0.5369807688401884,3.397597410305229,0.10127685715996237,-0.5518043651792013
Albania,ALB,2011,1.8127277387690128,3.631210436775243,0.13810924236327982,-0.5194705953558261
Albania,ALB,2012,2.487316690360222,3.7701193470143384,0.1798052009781902,-0.5284001697346115
Albania,ALB,2013,3.2594110877986258,3.796817632623114,0.19855514490724163,-0.5106434957441639
Albania,ALB,2014,1.0837201435858042,3.126557301482003,0.2225788813117223,-0.5029084394315895
Albania,ALB,2015,0.24141701619327233,2.462050781379511,0.28642621966519,-0.4969489978164604
Albania,ALB,2016,-0.4268218322567558,1.811465615901423,0.3579753416139377,-0.4880961350640436
Albania,ALB,2017,0.31588106072860217,1.3791470021163965,0.44599135309271865,-0.434352502971352
Albania,ALB,2018,1.055260774014594,1.4040123435988803,0.497456618446405,-0.49261313670362206
Albania,ALB,2019,1.1056045633909102,1.2756761080515462,0.513361623748802,-0.4109621544850105
Albania,ALB,2020,1.1056471258954295,1.2160206854677664,0.5275809019914465,-0.4002653464826492
Albania,ALB,2021,1.1036152799860035,1.194932549099712,0.5550069784453168,-0.40660814152545083
Albania,ALB,2022,1.1002110478963545,1.1931624897483077,0.6423026994294788,-0.46720363226785494
Albania,ALB,2023,1.100175729928554,1.2195768649419176,0.6987357293140628,-0.4333660438751447
Albania,ALB,2024,1.1007064562070121,1.1263009228429999,0.69573869826607,-0.4304325448447016
Albania,ALB,2025,1.1011699157282748,0.6969857773286219,0.6913994373815444,-0.41130923934493857
Egypt,EGY,1970,-0.4666928135605927,-0.2971698874201306,-0.44477240034179244,-0.8488301419791177
Egypt,EGY,1971,-0.4666928135605927,-0.2971698874201306,-0.44477240034179244,-0.8488301419791177
Egypt,EGY,1972,-0.4521271961191571,-0.28787248181908515,-0.45010637247686824,-0.22668242763170723
Egypt,EGY,1973,-0.36822228404049084,-0.34078756395921506,-0.4322501639647758,-0.4456019079854989
Egypt,EGY,1974,-0.3042751889722487,-0.31273602160930547,-0.4281535716406609,-0.43987448567152626
Egypt,EGY,1975,-0.2648549056511498,-0.300505374128142,-0.3899542334170357,-0.3899271093228033
Egypt,EGY,1976,-0.24461481890513892,-0.40435506388381653,-0.3897882588224706,-0.47853121959843414
Egypt,EGY,1977,-0.14025137141429128,-0.44935943769764586,-0.2746277199960199,-0.3706102322379198
Egypt,EGY,1978,-0.02235023843057371,-0.44450058291228084,-0.2452594895691005,-0.6946939978344526
Egypt,EGY,1979,0.10813958696248659,-0.4306107020713086,-0.24489514520422803,-0.6733893820236481
Egypt,EGY,1980,0.32488841454274475,-0.39954391089635666,-0.1539291120752541,-0.7324546254087063
Egypt,EGY,1981,0.3017992084504605,-0.5394945975620684,-0.4772941828836986,-0.6279987446501256
Egypt,EGY,1982,0.2728022394183264,-0.6507345125812998,-0.3387842126085381,-0.689803494818656
Egypt,EGY,1983,0.2662287058589693,-0.5626651829022888,-0.32997347647446146,-0.6784659695287789
Egypt,EGY,1984,0.2785261279786734,-0.5121195898206937,-0.33092036119368523,-0.6716312237048512
Egypt,EGY,1985,0.25138462289860297,-0.44399225017620236,-0.2922497232415772,-0.7246195375712987
Egypt,EGY,1986,0.26082207791320844,-0.35642164056687564,-0.30545874188911554,-0.698659064210577
Egypt,EGY,1987,0.12024999498247461,-0.15972248120231974,-0.3060179329510865,-0.7292581437536034
Egypt,EGY,1988,0.053907882147342524,-0.18659129086768944,-0.3105739827545543,-0.2682418865817044
Egypt,EGY,1989,0.07975593144039649,-0.17100580749773198,-0.323435214754233,0.03664047017092542
Egypt,EGY,1990,0.0834239177452351,-0.07869417531868103,-0.3238152162540575,-0.05860612975024432
Egypt,EGY,1991,0.04794351161976859,0.39207862120138715,0.025353302463969996,-0.16090986640990151
Egypt,EGY,1992,0.0794895179298748,0.36147434839777837,0.029937137847876272,-0.3582048436644164
Egypt,EGY,1993,0.11338667852228233,0.37314760035348704,0.03365658060161453,-0.39469683836552444
Egypt,EGY,1994,0.2018583656498314,0.3946048150672421,0.027806539744728687,-0.4268779221373882
Egypt,EGY,1995,0.2968515253215131,0.41717323347751123,0.015721644022877845,-0.6680358160918445
Egypt,EGY,1996,0.36861951667002346,0.44909221212570527,0.0712658396665905,-0.6689943526834587
Egypt,EGY,1997,0.4389859195233453,0.4777970694154172,-0.046177519534788186,-0.6775292301658988
Egypt,EGY,1998,0.5054322238066029,0.5025939075626713,-0.031268709269138883,-0.6997968725074771
Egypt,EGY,1999,0.6408228915691235,0.5289163662868319,-0.022386160784790887,-0.7058648128630094
Egypt,EGY,2000,0.8736639077483855,0.5515984729055283,-0.015389394833663528,-0.3864797461726911
Egypt,EGY,2001,1.1713039299428405,0.5340080171933315,-0.021271575043151192,-0.41272369255107944
Egypt,EGY,2002,1.4967172157814566,0.5729622807215362,-0.018055420750860307,-0.41836322935376125
Egypt,EGY,2003,1.9653971675882094,0.6041308713391196,-0.03140520138890596,-0.4236973588935209
Egypt,EGY,2004,2.5546276609869145,0.6384864333802103,-0.02701717643881535,-0.42086857335492545
Egypt,EGY,2005,3.2467428170387906,0.6681406762664366,-0.016204873592543467,-0.44730674183979
Egypt,EGY,2006,3.9842886675347104,0.7033756824319845,-0.0615907265961273,-0.5592099584355047
Egypt,EGY,2007,4.726663433084482,0.7435167782528773,-0.09700488929235648,-0.44037144064981937
Egypt,EGY,2008,5.481315416387435,0.7751356766189557,-0.1523752867190828,-0.32247381415780296
Egypt,EGY,2009,5.9442695014189555,0.7923726920461771,-0.10664876416770347,-0.42393195902554115
Egypt,EGY,2010,5.9442695014189555,0.8284300666546089,-0.09880072335318235,-0.4462768316944459
Egypt,EGY,2011,5.9442695014189555,0.8884304075836454,0.16679607134272928,-0.33322565248394087
Egypt,EGY,2012,5.9442695014189555,0.9900467777498071,-1.1694890734340708,-0.31572012105354696
Egypt,EGY,2013,5.9442695014189555,0.9185355055542164,-1.6127055535581176,-0.35143528681146197
Egypt,EGY,2014,5.9442695014189555,1.8099612532199032,-1.8771648312746603,-0.30240416231494993
Egypt,EGY,2015,5.9442695014189555,1.8986337080843014,-1.8873649174844367,-0.2013234045507315
Egypt,EGY,2016,5.9442695014189555,1.8439396029836084,-1.8076766268119984,-0.16700716682160102
Egypt,EGY,2017,5.9442695014189555,1.6102322296110732,-1.8421274778997376,-0.4010328185551709
Egypt,EGY,2018,5.9442695014189555,1.5790481466212174,-1.7526399084983635,-0.3749427823982181
Egypt,EGY,2019,5.9442695014189555,1.5500620067594748,-1.6926496391657313,-0.26603472480629925
Egypt,EGY,2020,5.9442695014189555,1.3665663906922836,-1.644110116336221,-0.9223813754127204
Egypt,EGY,2021,5.9442695014189555,1.3495899667447753,-1.6608399038636263,-0.9533019360432304
Egypt,EGY,2022,5.9442695014189555,1.2728650375040327,-0.9816295686346078,-0.9560203132532457
Egypt,EGY,2023,5.9442695014189555,1.2570840907718503,-0.872051289898018,-0.9098568278821875
Egypt,EGY,2024,5.9442695014189555,1.044624785615468,-0.8842702275654514,-0.9044954578270605
Egypt,EGY,2025,5.9442695014189555,1.1183281746817193,-0.7557002958146407,-1.050962900880199
Yemen,YEM,1970,0.89984447066774,2.1762160545783846,0.4157290079364285,0.14736110962540167
Yemen,YEM,1971,0.89984447066774,2.1762160545783846,0.4157290079364285,0.14736110962540167
Yemen,YEM,1972,0.9067937807513398,2.1858368331653764,-0.48801968936915663,-0.317135230339013
Yemen,YEM,1973,0.9142474998041712,2.1461816163838368,-0.4619412808631339,-0.2771292577050403
Yemen,YEM,1974,0.9186638541616051,2.162324080949273,-0.3763706800844248,-0.2518776961667517
Yemen,YEM,1975,0.9473899946179204,2.3754744735168796,-0.03979333564059828,-0.20485821266343213
Yemen,YEM,1976,0.9445034667978487,2.036228641858079,-0.1510419808197378,-0.1133586747466138
Yemen,YEM,1977,0.9159649005380613,2.079165481443186,0.05268890978582064,-0.12114830747347907
Yemen,YEM,1978,0.8839421772020921,2.072042019647273,0.0957291620104076,-0.03894176055925046
Yemen,YEM,1979,0.9191147944618728,2.257961138705161,0.8423516583304307,-0.06679148572377265
Yemen,YEM,1980,0.8751874733297711,2.2712407342405427,0.6551529275957402,0.0844330003988926
Yemen,YEM,1981,0.7364758753856104,2.1631698775601316,0.6297952546831123,0.04557248643003291
Yemen,YEM,1982,0.7016954829973736,2.130988060192668,0.626957085453598,0.0479718527956232
Yemen,YEM,1983,0.6690057455419448,2.147630122558957,0.6367113376659252,0.05181017753245487
Yemen,YEM,1984,0.6596453352886511,2.1600405018905944,0.5806765995585399,0.04743625512275254
Yemen,YEM,1985,0.6672363973258211,2.1719765722142164,0.6125404238317528,-0.04262495943635566
Yemen,YEM,1986,0.7014491036450183,2.0984899685951017,0.6063984627359682,-0.04226878729349205
Yemen,YEM,1987,0.813692076465752,2.1053530635222226,0.6006376981882257,-0.04239392580442912
Yemen,YEM,1988,1.0758985759959914,2.0872121823359717,0.611134771623804,-0.02246770568578968
Yemen,YEM,1989,1.4278016555719806,2.072886197686957,1.2011070732451261,0.5383558006355156
Yemen,YEM,1990,2.196808731142453,1.998730439833245,1.2410386836143976,0.367331390166623
Yemen,YEM,1991,2.744765872719238,2.9897537316555978,1.2416393895789768,0.36645134615501307
Yemen,YEM,1992,1.5986477969315875,2.9362738131076247,1.262708544632146,1.1773336269677643
Yemen,YEM,1993,1.4957094768383625,2.6778229898427806,1.233780712085946,0.5825888826349489
Yemen,YEM,1994,1.146719185681342,2.696910183985972,1.488131401125429,0.6102197583347705
Yemen,YEM,1995,0.9628933643793095,2.68830694201171,1.4210861058401243,0.4849840660075425
Yemen,YEM,1996,0.9961271301773253,2.741441979610145,1.5525096704864172,0.3329335446746996
Yemen,YEM,1997,1.031253199708263,2.7226809906138834,1.256930506350483,0.33427850152222083
Yemen,YEM,1998,1.0453331155497176,2.7545178144664266,1.2948203710761281,0.3104164185864394
Yemen,YEM,1999,1.1173452555703067,2.7569898763123364,1.2377448170425591,0.31008754766811664
Yemen,YEM,2000,1.1449212474003823,2.8260684829577034,1.199787576853903,0.6969360288895857
Yemen,YEM,2001,1.293157137749592,2.7974043456253814,1.2796292489914824,0.6316192247378737
Yemen,YEM,2002,1.4575967640064622,2.8021694302055504,1.2899313650151503,0.5716293847547528
Yemen,YEM,2003,1.673487662352609,2.802186667538722,1.2419609327949548,0.5296279326456013
Yemen,YEM,2004,1.8156772621192265,2.7984875912263467,1.2146254607601636,0.4598185653653514
Yemen,YEM,2005,2.036180295314617,2.7986074170141695,1.1887631788657544,0.44569214989243117
Yemen,YEM,2006,2.3023876653074775,2.8005037071341805,1.003305474216981,0.4387661435285383
Yemen,YEM,2007,2.5650868627851846,2.7938073474419753,1.0429815128830193,0.41847636335419264
Yemen,YEM,2008,2.8250622071732603,2.771850667745592,1.0103182348199817,0.3026980102395912
Yemen,YEM,2009,3.126910786178684,2.766118792765509,1.0095705685442502,0.2743886087796439
Yemen,YEM,2010,3.4507344295554443,2.7636573813169756,1.0318887773542795,0.2154882535026993
Yemen,YEM,2011,3.960796110984183,2.7580919846778094,0.943513687640946,0.2615413685641059
Yemen,YEM,2012,4.45695794930695,2.8741008156336276,0.9804588845761655,0.242125677857656
Yemen,YEM,2013,4.928714721642602,3.059598971686706,1.0322673281056403,0.21040418293747803
Yemen,YEM,2014,5.509202322916313,3.096037419062247,1.0737556011786293,0.22083067645608706
Yemen,YEM,2015,5.919491852476413,3.050939393358855,0.643072610194669,0.10514958715964486
Yemen,YEM,2016,5.9442695014189555,2.8920826664816532,-0.7824297708282424,0.09298423104009737
Yemen,YEM,2017,5.9442695014189555,3.2349736617923504,-0.5784083434671083,-0.18328157326833422
Yemen,YEM,2018,5.9442695014189555,3.056524747015775,-0.5593654374267412,-0.1665827498676521
Yemen,YEM,2019,5.9442695014189555,2.8871551292243556,-0.5301612815975569,-0.2535430433976489
Yemen,YEM,2020,5.9442695014189555,2.729318829291706,-0.509348775719501,-0.2037776410679829
Yemen,YEM,2021,5.9442695014189555,2.508757398722068,-0.43767377825178316,-0.2230811998925601
Yemen,YEM,2022,5.78257875029049,2.368127791290088,-0.140611730789936,-0.2533795300086884
Yemen,YEM,2023,5.6981795689311845,2.473375520891434,-0.07382342617907384,0.17504802331863462
Yemen,YEM,2024,5.623214418080812,2.6380041189331793,-0.09934516623267048,0.22749540786647443
Yemen,YEM,2025,5.612246971758964,1.96792382954992,-0.051978717145079345,0.19518932608701184
Colombia,COL,1970,-0.4316850030200542,-0.4423203941280887,0.3297356879143995,-0.09564808051721296
Colombia,COL,1971,-0.4316850030200542,-0.4423203941280887,0.3297356879143995,-0.09564808051721296
Colombia,COL,1972,-0.44459247687035586,-0.44415108552024785,0.343642352360072,-0.12397166329870946
Colombia,COL,1973,-0.44795451878598685,-0.45348936648867755,0.3415894979756844,-0.12589639537625366
Colombia,COL,1974,-0.5126965016238461,-0.4468872259468318,0.32320051084471974,-0.12830245965711365
Colombia,COL,1975,-0.6637722672160848,-0.489430957035119,0.2216688189748555,-0.11282887989178729
Colombia,COL,1976,-0.7231374189213933,-0.3022062890155424,0.22578566072708908,-0.11693414474713418
Colombia,COL,1977,-0.7625434362414094,-0.3164701946715389,0.28092493681885244,-0.13037784124515533
Colombia,COL,1978,-0.8020423244216756,-0.33127309647340625,0.2853170901356185,-0.11718769554157031
Colombia,COL,1979,-0.6371636771299263,-0.3494252215722069,0.27669154834731,-0.027736989887077262
Colombia,COL,1980,-0.2858873009432836,-0.416729595484032,0.1138347587608832,0.014627375158347791
Colombia,COL,1981,-0.056014970611467575,-0.36971764127891404,0.13032303256940098,0.0221052820663681
Colombia,COL,1982,0.15415538211623642,-0.370792724631512,0.14612364160213273,0.00020144360304795786
Colombia,COL,1983,0.3854819688022678,-0.4067591326265573,0.16922374133712303,-0.020738233532451324
Colombia,COL,1984,0.32808654638224627,-0.4215277348147994,0.14563057962708967,-0.030975066971141205
Colombia,COL,1985,0.250237144139427,-0.4316723063641863,0.1657191707969864,-0.03634107474910018
Colombia,COL,1986,0.3022126935866975,-0.39792425355602223,0.1864707431755762,-0.06898226327155281
Colombia,COL,1987,0.3576676627699851,-0.3575675899698676,0.298258797431518,-0.09314998809107991
Colombia,COL,1988,0.3628723661201855,-0.37487363767545434,0.30510797226804753,-0.2832278098274398
Colombia,COL,1989,0.36803051444169504,-0.4055415474491981,0.3466429094593481,-0.27504065307430603
Colombia,COL,1990,0.31353976490748,-0.3598288093157701,0.35725779961265547,-0.31255624431327245
Colombia,COL,1991,1.3890087800696171,-0.7208276115952049,0.3788606496904793,-3.272334906138331
Colombia,COL,1992,0.7944636277692186,-0.6045643390899494,0.4633383591808528,-2.471598846786193
Colombia,COL,1993,0.5075337643720427,-0.6712371739137828,0.45903412377288116,-2.024084439850009
Colombia,COL,1994,0.573853622626358,-0.6841381765317952,0.45449348761999964,-1.9761346716470227
Colombia,COL,1995,0.5034108473833545,-0.6745327988254359,0.45941028589855293,-1.5349979338783002
Colombia,COL,1996,0.46325148180246345,-0.6771230193965323,0.4070118091831312,-1.2959376972887187
Colombia,COL,1997,0.42509805347143126,-0.6744175242647957,0.44654768263090056,-1.2748014693017908
Colombia,COL,1998,0.3959363802131218,-0.6774482917780369,0.4765700471942279,-1.220493540842886
Colombia,COL,1999,0.3631606277667262,-0.6819689268629323,0.5217399539311753,-1.19881707818627
Colombia,COL,2000,0.39297584794101914,-0.6887492914544169,0.5572613277492161,-1.0479747674085687
Colombia,COL,2001,0.31980252225473077,-0.6774887244352307,0.5533735396445579,-0.9188463176875861
Colombia,COL,2002,0.2716793628228543,-0.6806103237694052,0.5761881213493859,-0.8832918689317285
Colombia,COL,2003,0.3734626870487297,-0.6880786977418107,0.7132489574788314,-0.8530808267182007
Colombia,COL,2004,0.602791360952676,-0.8099161219194113,0.8459146700389228,-0.24736810632440998
Colombia,COL,2005,0.7626907645152223,-0.8594870980303582,1.0169658772326169,-1.4128635524771809
Colombia,COL,2006,0.9101965389943043,-0.8488312969232644,0.9822033674494781,-1.2828851737555302
Colombia,COL,2007,1.0466903335685833,-0.8331268813997872,0.9689049551315008,-1.0968719779844696
Colombia,COL,2008,1.203518444128227,-0.7952772278699973,0.9499232320885727,-0.8421297001532296
Colombia,COL,2009,1.3504626287143842,-0.7905489509250563,0.9153767054842513,-0.6948819212645441
Colombia,COL,2010,1.499199714960743,-0.7748155787190742,0.9100120289559462,-0.4965281178561287
Colombia,COL,2011,1.4611320860722006,-0.7530179169879365,0.8958944512985267,-0.1258966193242601
Colombia,COL,2012,1.2158811947149046,-0.7562693053555312,0.8930383557404378,-0.01343294063609135
Colombia,COL,2013,0.9231226710199729,-0.7342116551229918,0.9117009817005277,0.13671846744093297
Colombia,COL,2014,0.8144596892182601,-0.7358644023984193,0.9056540634706148,0.2559598725061234
Colombia,COL,2015,0.7800127825258917,-0.7285742430272137,0.9741584994960926,0.39145058936423305
Colombia,COL,2016,0.764676010493656,-0.6940541639061291,0.9477850205735958,0.5507940202970281
Colombia,COL,2017,0.6768809468576498,-0.4912541456264983,0.881924560788515,2.279914499033958
Colombia,COL,2018,0.5678633838572567,-0.49257381240808146,0.8887660371022159,2.3624637972826195
Colombia,COL,2019,0.43403589974631934,-0.49930312739809013,0.8711338898852587,3.0627026915108067
Colombia,COL,2020,0.4062624206095543,-0.4986752374371102,0.933431148162873,3.5626635603882875
Colombia,COL,2021,0.47102340679397303,-0.432233187181767,1.0144695202472103,3.564616229472562
Colombia,COL,2022,0.3807849396893594,-0.5528748508502912,0.8346771191078091,3.532278190623785
Colombia,COL,2023,0.2611759271774458,-0.6149003553755742,0.7977417260209463,3.43761173088508
Colombia,COL,2024,0.25507753604612055,-0.5289864240656128,0.8053130812247598,3.3803004977846602
Colombia,COL,2025,0.2525438791970135,-0.438910806676612,0.734956532969357,3.313045189275869
Poland,POL,1970,4.46679172031525,-0.9901226928475761,-0.19882697466863575,-1.584570901371293
Poland,POL,1971,4.46679172031525,-0.9901226928475761,-0.19882697466863575,-1.584570901371293
Poland,POL,1972,4.424547423116079,-0.5830361281361358,-0.1874173243289058,-1.4867710046720524
Poland,POL,1973,4.389089689906946,-0.40601922840798166,-0.17841814931755262,-1.3935856211149207
Poland,POL,1974,4.316552437239938,-0.3416396212255178,-0.1524704613036289,-1.356613265236625
Poland,POL,1975,4.311372130894513,-0.30882787568702136,-0.09921813984641573,-1.338133309377684
Poland,POL,1976,4.275312829218162,-1.0717786567710512,-0.059547736918831584,-1.2785982793572834
Poland,POL,1977,4.250101103111781,-1.5140726046574617,0.039727457290938364,-1.2857539415149937
Poland,POL,1978,4.25505073461403,-2.0500961939047704,-0.07453820884570062,-1.0689034224081584
Poland,POL,1979,4.246871470991951,-2.659315229896574,-0.149382581202875,-1.0599613553968046
Poland,POL,1980,4.080906889877563,-3.4434764438586365,-0.3047354999580051,-0.9129679492520768
Poland,POL,1981,5.0018923283290295,-2.5559274763614157,-0.4613444946160352,-1.0502183097288043
Poland,POL,1982,5.0297631987706275,-1.331973582533532,-0.5599369596514394,-1.071220664053278
Poland,POL,1983,5.111631119325693,-0.5263269287276855,-0.6288183052888393,-1.1161218727826707
Poland,POL,1984,4.980081063569612,0.348756708344099,-0.7308481907643473,-1.1352730893433325
Poland,POL,1985,5.029434754383523,1.1242306795831487,-0.8737398290763845,-1.0015562190432648
Poland,POL,1986,4.668974203130162,1.6141861834520812,-1.0113446576823848,-1.85091300782485
Poland,POL,1987,4.33305377874904,2.1926797377610656,-1.2062379545907602,-1.8001414442478452
Poland,POL,1988,4.164483960678182,3.0403089229533693,-1.426262940870613,-1.0389894033213238
Poland,POL,1989,4.12216064081738,4.148687728728019,-1.686130315607542,-0.5078456026673032
Poland,POL,1990,5.616211054371348,3.876211553780203,-1.9478504501885416,-1.63421675278278
Poland,POL,1991,5.280904058894636,1.6209943346361513,-2.131866133159664,-2.5852220825732712
Poland,POL,1992,4.868172323084615,0.7380472612533959,-1.8051158545730486,-2.2583338835112734
Poland,POL,1993,4.654400840468892,0.26376754927819746,-1.4900121399215296,-1.8645618258698167
Poland,POL,1994,4.595644905960668,0.14762421102025436,-1.2632260679252307,-1.8481073679146345
Poland,POL,1995,4.5763178532187245,0.010328250192994104,-1.1021767116854195,-1.603314666875681
Poland,POL,1996,4.571462645754037,-0.1556932561757705,-1.0250791558188532,-1.3162228758610186
Poland,POL,1997,4.566121090525106,-0.10438344746215078,-0.8547168473070643,-1.5333305542663453
Poland,POL,1998,4.571099316711731,-0.027192823828958324,-0.8193175808572655,-1.6058404437563518
Poland,POL,1999,4.562251545679108,0.054166905891848305,-0.7533588728378843,-1.593151990434348
Poland,POL,2000,4.554944369313301,0.13178034036638364,-0.7167563277379274,-1.3124427161366041
Poland,POL,2001,4.478949862624264,0.2015084788145984,-0.6386956253465051,-1.105542329331053
Poland,POL,2002,4.4843101485143695,0.2668795082960232,-0.5789038129542599,-1.0955209713428462
Poland,POL,2003,4.463673778005569,0.3283115214175745,-0.46258228186255834,-1.0820889602045538
Poland,POL,2004,4.44918263362859,0.3985192611682794,-0.38267744369327067,-0.9631151026310192
Poland,POL,2005,4.44331886713319,0.4718877838586757,-0.3184995926826434,-1.009130937906858
Poland,POL,2006,4.445013245790911,0.5403584732318827,-0.23016592382170153,-1.0082682533723828
Poland,POL,2007,4.461596248790556,0.5873737256572952,-0.22378347855999847,-0.9439590996757714
Poland,POL,2008,4.480680188317723,0.6213717815793605,-0.22293847213733042,-0.8615596016727045
Poland,POL,2009,4.499829492727474,0.6599337822578605,-0.20280684085160472,-0.8530691043330467
Poland,POL,2010,4.515979083311996,0.688554706507548,-0.1720029471371163,-0.8453894857498319
Poland,POL,2011,4.488328787627816,0.7086410681657761,-0.13552731650385413,-0.8717908086634997
Poland,POL,2012,4.424538533268088,0.7280315578833686,-0.21920470279896664,-0.8889947593844549
Poland,POL,2013,4.450264445141485,0.7607773033422852,-0.29751239745529,-0.8823159012265194
Poland,POL,2014,4.302506796834689,0.7935776539684247,-0.38399039823168174,-0.8939698097531905
Poland,POL,2015,4.3128198023541575,0.872412986696657,-0.4725007068410502,-0.8634520795510936
Poland,POL,2016,4.370948333885676,0.9764282358485046,-0.5902479672953249,-1.2541378381097603
Poland,POL,2017,4.760765466327934,1.117159975990308,-0.8094050584869176,-1.9306910450336208
Poland,POL,2018,4.75718959904393,1.0765486839575695,-0.75187374568264,-1.4980338437689085
Poland,POL,2019,4.7397630853172945,1.018517520641466,-0.7314491652179094,-1.3697265306576474
Poland,POL,2020,4.655528020942259,1.0348730244148963,-0.7103991663616188,-1.215167555155166
Poland,POL,2021,4.532913920344112,0.6640126177585877,-0.7574588243127887,-1.237719682611867
Poland,POL,2022,4.3669070872816755,0.6319131947839293,-0.46529911699686766,-1.2830673448745353
Poland,POL,2023,4.328932010468047,0.7356965284900076,-0.41594776901365094,-1.2798497030311096
Poland,POL,2024,3.9927754127929402,0.5651480077311279,-0.41081945523679697,-1.1601136687412985
Poland,POL,2025,3.997545699352148,1.0318983844814205,-0.49265455984187,-1.4187869045527337
Brazil,BRA,1970,1.831889751419199,-0.16277932932994485,0.201417071362222,-0.3540002037033008
Brazil,BRA,1971,1.831889751419199,-0.16277932932994485,0.201417071362222,-0.3540002037033008
Brazil,BRA,1972,1.3303378952215352,-0.15734893426500918,0.2072531929862465,-0.3305135511203501
Brazil,BRA,1973,1.1143569067471613,-0.14900525442857765,0.21414039867147736,-0.3235642247488516
Brazil,BRA,1974,1.3211037105246444,-0.15767731758064768,0.20503021997617743,-0.3167562682234836
Brazil,BRA,1975,1.4017718233693204,-0.1764564243789015,0.16083105050466703,-0.3286511991927965
Brazil,BRA,1976,1.9248280494337275,-0.09763943346309284,0.16750967348062673,-0.3031711629817525
Brazil,BRA,1977,2.7056787850042867,-0.0974910637567707,0.1916362814093722,-0.3063944272180509
Brazil,BRA,1978,3.5046853043921025,-0.0917191210109824,0.1938045741924022,-0.19411435063255575
Brazil,BRA,1979,4.250654117792595,-0.06716870151082273,0.3524778025372298,-0.23709788744399315
Brazil,BRA,1980,4.406839076040444,0.005610097333855105,0.20959339996812354,-0.1413002496176294
Brazil,BRA,1981,4.487041522732595,-0.1924120098134324,0.13009785808927338,-0.12073770758080685
Brazil,BRA,1982,4.684991614387779,-0.17282584611383173,0.15296041438647662,-0.12019468652730216
Brazil,BRA,1983,4.977586822914923,-0.1750469093913558,0.17790152327668324,-0.06452986388240434
Brazil,BRA,1984,5.8810520182668355,-0.1586439793433913,0.18836059579360537,-0.06239211484315936
Brazil,BRA,1985,5.9442695014189555,-0.130105758799488,0.21174116986899394,-0.053201160323530186
Brazil,BRA,1986,5.9442695014189555,0.08594564955084515,0.335042321863777,-0.011573243530251354
Brazil,BRA,1987,5.9442695014189555,0.10736825700948904,0.3473534053923677,0.022026348722813394
Brazil,BRA,1988,5.9442695014189555,0.11519911090278048,0.366182228086534,0.004593434072049513
Brazil,BRA,1989,3.914006231959063,-0.06450231839916243,0.6269325463802637,-0.023098234732572137
Brazil,BRA,1990,1.2795546599644831,0.038109142228112736,0.6549497247307552,0.38626407680522024
Brazil,BRA,1991,0.2900236380104315,0.03465870585159317,0.6217304123374816,-0.024418997612983884
Brazil,BRA,1992,0.7004667473265815,-0.135687990551853,0.6050991070901981,-0.08593993951879317
Brazil,BRA,1993,0.06792326659157052,-0.11794742643346041,0.6273065783021785,-0.2883423122247658
Brazil,BRA,1994,0.5014032353730358,-0.19487463340897726,0.5063913335282282,-0.5036582711850064
Brazil,BRA,1995,0.4095702923407368,-0.21436359636141614,0.568018298777276,-0.8512687351820403
Brazil,BRA,1996,0.4621196993689153,-0.24694264766354732,0.5591157933307287,-0.7244237645525805
Brazil,BRA,1997,0.5148651237431103,-0.27349510834453244,0.6002612610315994,-0.7233645701625592
Brazil,BRA,1998,0.603917906437307,-0.3000162594756087,0.6045251592756749,-0.7020739590167859
Brazil,BRA,1999,0.5832077863372375,-0.3268814562929054,0.6451608918604474,-0.7028946914632357
Brazil,BRA,2000,0.5777568257182318,-0.3551409702920826,0.659334059054715,-0.6617909260245154
Brazil,BRA,2001,0.6667177380264135,-0.3796918467508527,0.6460703175055218,-0.6150446226516217
Brazil,BRA,2002,0.8158055668414979,-0.40870077286116574,0.6555750579083666,-0.6128534976622854
Brazil,BRA,2003,0.692105174560167,-0.4386798089210118,0.7975655314271773,-0.600503657324691
Brazil,BRA,2004,0.8615581501400871,-0.4938829761215857,0.8303771000484217,-0.5746444370514237
Brazil,BRA,2005,1.0506156893936338,-0.5212323819072788,0.8230991303602964,-0.5726202541550681
Brazil,BRA,2006,1.0472900650153663,-0.5533126335792056,0.7482133225317182,-0.7374061757304422
Brazil,BRA,2007,0.9893761756417848,-0.5986931638307501,0.7920149750439166,-0.6935468558992549
Brazil,BRA,2008,0.9076494477278214,-0.5830156413511621,0.7628192099449633,-0.665123599730373
Brazil,BRA,2009,0.8750748972449919,-0.6115511812915895,0.7516267083891937,-0.6458534483711069
Brazil,BRA,2010,0.8486575471739227,-0.6410779334595668,0.7532675277272723,-0.6066239418854094
Brazil,BRA,2011,0.6502847934873971,-0.656063223715587,0.7839726615762173,-0.5721064606416185
Brazil,BRA,2012,0.4798934241945961,-0.7148320848747867,0.7778072602644391,-0.5877955450975832
Brazil,BRA,2013,0.31701004023245016,-0.7429492800161409,0.7719464642249579,-0.5662504048639153
Brazil,BRA,2014,1.3272466260147668,-1.2107305399839672,0.7642376369166651,-0.6045342116420851
Brazil,BRA,2015,2.324055421280188,-1.207946965261953,0.7971327326043905,-0.6071269762688735
Brazil,BRA,2016,3.301555295601459,-1.1846985538725465,0.7684340447133322,-0.58163879167022
Brazil,BRA,2017,2.5400184551009684,-1.3955638764208562,0.6966368088425874,-0.4507413499743403
Brazil,BRA,2018,1.6849652973320695,-1.3482015312826623,0.6809840309137163,-0.32802942516257666
Brazil,BRA,2019,0.6198383293761107,-1.335875911411305,0.7169449223876476,-0.2403277325903421
Brazil,BRA,2020,0.5879995138148267,-1.4140038956671819,0.7391390408449858,-0.12620621560365786
Brazil,BRA,2021,0.5621061078600343,-1.2968902865745797,0.7033975542684912,-0.12088644441727942
Brazil,BRA,2022,0.5295235344580684,-1.391386535808723,0.7067623708857974,-0.12990227028340529
Brazil,BRA,2023,0.5038409263906912,-1.6103240130275134,0.4282432217382172,-0.10979382048564539
Brazil,BRA,2024,0.3183619872080507,-1.2994957895875308,0.4714404918968763,-0.1135632461634196
Brazil,BRA,2025,0.3202127911647823,-0.9330170865858476,0.396274151359901,-0.11550373445925796
United States of America,USA,1970,0.1729992847371785,0.03092556385835285,0.3742941340093624,0.7572469768828287
United States of America,USA,1971,0.1729992847371785,0.03092556385835285,0.3742941340093624,0.7572469768828287
United States of America,USA,1972,0.17132008169388852,0.022865506219948345,0.37336326304794487,0.7693074799079958
United States of America,USA,1973,0.15461834672652275,0.02213555295777528,0.39311406153453415,0.8102212025389297
United States of America,USA,1974,0.11973381206375659,0.04356151162537708,0.29327945983728804,0.8303709418728272
United States of America,USA,1975,0.1202168352351432,0.07199590262131937,0.41170187995748486,0.6787785563221581
United States of America,USA,1976,0.09509204353333313,0.14300165604970827,0.4095528938406631,0.6703662467303904
United States of America,USA,1977,0.07560207767291352,0.10499571209690835,0.46959146417482067,0.6985564470714518
United States of America,USA,1978,0.0763065038987921,0.07433124975215158,0.6264033842481603,0.959050820904827
United States of America,USA,1979,0.08339380774589708,0.056015922566715545,0.463311789139463,0.918734333337087
United States of America,USA,1980,0.1057315800994107,0.038552806971497225,0.3093256514243257,0.8725804630016265
United States of America,USA,1981,0.13657088993192665,0.03564634182285598,0.3705694460020693,0.9335286189369872
United States of America,USA,1982,0.13418276655767464,-0.0264030535940501,0.3509505244105744,0.9091038260209261
United States of America,USA,1983,0.13536111642586524,-0.07583488429756954,0.3548027322866809,0.8755353002216799
United States of America,USA,1984,0.13324425313413285,-0.11842526940865747,0.3441733673492865,0.8417360813323457
United States of America,USA,1985,0.14068510958623026,-0.1555839330627949,0.3583228687862102,0.8429774736985605
United States of America,USA,1986,0.10362799852511051,-0.22666476360957152,0.32362361001558626,0.8222977516054937
United States of America,USA,1987,0.09670970591270714,-0.280018057178522,0.34227741201869066,0.7845507691135327
United States of America,USA,1988,0.11441564000712548,-0.3232738195551311,0.34139240003232385,0.6688188755883593
United States of America,USA,1989,0.0875581357982024,-0.36426235002726093,0.3986719771274867,0.5275888688745924
United States of America,USA,1990,0.054568845919518445,-0.4846269396647729,0.33772896484473613,0.41188670204486144
United States of America,USA,1991,0.10541405700004267,-0.5735354403728126,0.3400459734182688,0.35480762234018876
United States of America,USA,1992,0.0922269612024863,-0.3921094366106256,0.3360308061540499,0.350841255003401
United States of America,USA,1993,0.10156664494213669,-0.3765153985654818,0.36639802668790705,0.3971917526247155
United States of America,USA,1994,0.10217838016724581,-0.3987121169126171,0.3630847184447952,0.39037437517946594
United States of America,USA,1995,0.1062975633173122,-0.40298664245015153,0.3690990888132463,0.3601283559657743
United States of America,USA,1996,0.11268932261019951,-0.41442730630263974,0.3042674626140173,0.3311960465402502
United States of America,USA,1997,0.11775958832324243,-0.43038652971872415,0.35975653444462696,0.3407437015468747
United States of America,USA,1998,0.12203681901426253,-0.4552977675987756,0.349529439577987,0.32375024699554217
United States of America,USA,1999,0.12469949036007019,-0.48073199212882955,0.35893133346189865,0.3268615363161365
United States of America,USA,2000,0.13092837938181034,-0.5031992529783254,0.36496801013670244,0.32931349744288074
United States of America,USA,2001,0.12414190759864693,-0.5253678763487263,0.49935142727937115,0.4267861307219243
United States of America,USA,2002,0.10294050695178159,-0.5576498104290932,0.4993849807734158,0.42981574451166255
United States of America,USA,2003,0.11170332267522723,-0.5894137606234318,0.44665648465384306,0.42352678863869886
United States of America,USA,2004,0.11944225565357613,-0.6203379748117042,0.4520535648971048,0.4230309767355116
United States of America,USA,2005,0.12729258558046913,-0.6591007865107201,0.48990794681353644,0.4613618400056301
United States of America,USA,2006,0.13263001161194038,-0.6932482193873981,0.33371346668686847,0.4562077139306965
United States of America,USA,2007,0.13770387459021446,-0.720476275596552,0.3224299629615167,0.443580221329993
United States of America,USA,2008,0.13541979903674536,-0.7559695882115847,0.2933156506247547,0.41227275065655966
United States of America,USA,2009,0.14871717558959616,-0.7925884010794948,0.33179106574357387,0.43877446508168394
United States of America,USA,2010,0.15220891536633416,-0.8220024971758269,0.32975542626781545,0.34878321221000463
United States of America,USA,2011,0.1420244669634177,-0.8545232304252185,0.39146654006936704,0.36129066235500995
United States of America,USA,2012,0.1604883046526479,-0.8881404378162286,0.3826487747247225,0.3561026363013376
United States of America,USA,2013,0.16369418582767586,-0.9350628084920505,0.35079931459227987,0.32477164920521495
United States of America,USA,2014,0.09911714237706364,-0.9878609487837753,0.3723846210842876,0.3072081039258426
United States of America,USA,2015,0.10390507964350061,-1.0237083450810522,0.37800651898036747,0.30545968450006156
United States of America,USA,2016,0.11097838017983089,-1.0391042274931226,0.37035684751498676,0.30012150709584806
United States of America,USA,2017,0.14855523934222412,-1.450143152505102,0.2378017527566023,0.36878922968973815
United States of America,USA,2018,0.11143131887838023,-1.3754479858877962,0.33062173283491825,0.2703156232070968
United States of America,USA,2019,0.11683768312576684,-1.276126883859126,0.33337003899112,0.2920908009163087
United States of America,USA,2020,0.12363183122595486,-1.1832267162238925,0.2825843148379975,0.3269920465957792
United States of America,USA,2021,0.12060588193998445,-1.4049125602910133,0.11677201412137486,0.3387175738235727
United States of America,USA,2022,0.02244409803468661,-1.329770132156791,0.4633629865566673,0.3056270717141465
United States of America,USA,2023,0.03269904015869388,-1.2838569227454282,0.47494200481258564,0.3406248900776545
United States of America,USA,2024,0.0419327367342987,-1.2063489888034917,0.5111885537304175,0.3288925034856889
United States of America,USA,2025,0.03923883170306303,-0.8520817680975221,0.4704405976716258,0.3128954891680812
Portugal,PRT,1970,-2.073721551942538,0.5067389470446991,1.9967093184881541,-0.051631994184867976
Portugal,PRT,1971,-2.073721551942538,0.5067389470446991,1.9967093184881541,-0.051631994184867976
Portugal,PRT,1972,-2.014123179254959,0.4831605679698635,1.9845149040531354,-0.006190306695876273
Portugal,PRT,1973,-1.955836975065229,0.4769016498982984,1.9627972757135717,0.00851502799737687
Portugal,PRT,1974,-1.9448544275610598,0.45615667779213265,1.9650902106540677,0.03885733735114943
Portugal,PRT,1975,-2.113536443261773,-0.1951875564206187,2.7722303576465164,-0.04953929754069733
Portugal,PRT,1976,-2.2012609847120426,0.6011601606768633,2.7130515392863437,0.14333256968589037
Portugal,PRT,1977,-2.1185951609170877,0.5180679088187843,4.927325983683787,0.0075552348712865786
Portugal,PRT,1978,-1.9559827380023123,0.510708272000844,4.548917009564812,0.04967469358577342
Portugal,PRT,1979,-1.7898615887039897,0.45645187806503146,2.9128386506339585,0.040680789438506997
Portugal,PRT,1980,-1.5784613802694185,0.370867718793238,1.9980936668166362,0.05621143079488585
Portugal,PRT,1981,-1.2840537083202004,0.307529644374545,1.8875108353984462,0.11620389642247571
Portugal,PRT,1982,-1.172572413646359,0.29305235261210555,1.8020985082145038,0.11755775437562868
Portugal,PRT,1983,-1.066003660119905,0.2489463427573615,1.7562026152238717,0.12320991332983312
Portugal,PRT,1984,-0.9472920117186205,0.2047240033096274,1.6843852702261723,0.11509997318469486
Portugal,PRT,1985,-0.8331553302481784,0.15602169354461526,1.6372112545404696,0.12296819751254631
Portugal,PRT,1986,-0.693465208919581,0.1159363015048847,1.5662583953653528,0.1214353364078437
Portugal,PRT,1987,-0.5581769087335071,0.07154560043468904,1.4432099017554738,0.16878480873147658
Portugal,PRT,1988,-0.48315870736449484,-0.04177311458927768,1.412234519901324,0.06925092274212584
Portugal,PRT,1989,-0.3944203916801504,-0.07137695059236367,1.3342900679195029,0.041729480882441015
Portugal,PRT,1990,-0.2979289177421821,-0.0659906779552655,1.2496428711619254,0.054184733343653584
Portugal,PRT,1991,-0.18173029425871312,-0.1212647025374068,1.0226467742505005,-0.07622317024818259
Portugal,PRT,1992,-0.1594087541118113,-0.01708220036372872,1.0181807666934164,0.06617303401337721
Portugal,PRT,1993,-0.14752677561926844,-0.014215954974182599,0.984978171800063,-0.021550556108841837
Portugal,PRT,1994,-0.13964070222919472,-0.011222884220658425,0.9306624899681961,-0.025349901257070317
Portugal,PRT,1995,-0.13276040869537517,-0.0052515261512148526,0.8996474274774493,0.0011737274763604852
Portugal,PRT,1996,-0.1262580105984109,-0.0012375795760703745,0.8696058773966033,-0.01471738151971761
Portugal,PRT,1997,-0.12190131639152915,0.0065090329944550995,0.7854031314422552,-0.008174686440712578
Portugal,PRT,1998,-0.11876838201594221,0.010340213685697527,0.7732376436586099,-0.04143177294211378
Portugal,PRT,1999,-0.11769051695165633,0.010201344481109334,0.7870330893571137,-0.2083362485600109
Portugal,PRT,2000,-0.1113797125880143,0.015914583625349726,0.7711782522478323,-0.31974303349392835
Portugal,PRT,2001,-0.10432883612646662,0.04059183032997185,0.7199631191632635,-0.2668297260347328
Portugal,PRT,2002,-0.1019931702410318,0.04381494839800193,0.7315615802785124,-0.27181077209454396
Portugal,PRT,2003,-0.09821794788075489,0.04542846624435355,0.6596825494833516,-0.2759513807242284
Portugal,PRT,2004,-0.09611005363295294,0.04520802903525245,0.6778804945110639,-0.2726335912050956
Portugal,PRT,2005,-0.0933807040650178,0.046504360114171,0.68087123672834,-0.28033210712624046
Portugal,PRT,2006,-0.08682208753863661,0.04597561466864142,0.7486249409114674,-0.2785484969370365
Portugal,PRT,2007,-0.08536795094517213,0.0315834830795208,0.7614875148065419,-0.3067786915004187
Portugal,PRT,2008,-0.08376480447865953,0.10264822735978311,0.7886750673880327,-0.08642471530407028
Portugal,PRT,2009,-0.0816739279213889,0.10062179601705903,0.79846562983379,-0.1251824945630097
Portugal,PRT,2010,-0.08128356611318277,0.10297247952666319,0.8181606296978522,-0.10756335867103442
Portugal,PRT,2011,-0.08375946849443416,0.1189489144663897,0.7391477739383443,-0.07999014586236117
Portugal,PRT,2012,-0.08636640745497697,0.15647465247428521,0.7694895318676724,-0.07353433038271301
Portugal,PRT,2013,-0.08669281838441047,0.1828319331913341,0.8223650531549516,-0.054527844443619036
Portugal,PRT,2014,-0.038619711870049915,0.20302854218014593,0.8452273138332389,-0.06496570952660485
Portugal,PRT,2015,-0.03825471292123574,0.2109638496356409,0.8252695127828479,-0.057373499755307006
Portugal,PRT,2016,-0.04607557187773932,0.2540316266205848,0.8410511931448408,-0.051581629480858086
Portugal,PRT,2017,-0.05014412117369323,0.40161652228173084,0.7947753906070338,0.09472526473431166
Portugal,PRT,2018,-0.05394992666291527,0.4569997564365479,0.6782322970375197,0.17426777000232205
Portugal,PRT,2019,-0.06113381651191595,0.4120873668032971,0.6797502278241982,0.1358669544370188
Portugal,PRT,2020,-0.1146779981369773,0.32327541176511887,0.7033174549351737,0.1356913449158571
Portugal,PRT,2021,0.023815447142303957,-0.06323971034960041,0.5053442648354602,0.14212946052923456
Portugal,PRT,2022,-0.047455641642418014,-0.26118798567996576,0.15997939123631763,0.1513552139716914
Portugal,PRT,2023,0.1471100208792658,-0.13072694361263731,0.20775968567503408,0.11342238521108108
Portugal,PRT,2024,0.22379659928852175,-0.35587133010296934,0.20982279782231947,0.10383241368471732
Portugal,PRT,2025,0.22341005851440826,-0.3200422938320422,0.264244857695518,-0.030948724864932935
Bangladesh,BGD,1971,0.5224156866953076,2.459429873256906,1.5348794446906906,2.6351493692468058
Bangladesh,BGD,1972,0.5224156866953076,2.459429873256906,1.5348794446906906,2.6351493692468058
Bangladesh,BGD,1973,0.30637805854861744,2.4073963418309963,1.5052773288806702,2.712134102336021
Bangladesh,BGD,1974,0.3153533021809771,2.3715017154388107,2.147908969200823,2.8983607694446314
Bangladesh,BGD,1975,0.30234905702718345,2.432017415860225,1.8891023015980906,2.792855070788729
Bangladesh,BGD,1976,0.5345472649193592,3.2567023427223223,1.587345984861005,3.255189788682924
Bangladesh,BGD,1977,0.5234900078208218,3.037199527753651,0.5066421947009505,3.0228810908217363
Bangladesh,BGD,1978,0.5398482546434452,2.9211023013757114,0.5325705468698199,2.810398647985116
Bangladesh,BGD,1979,0.580054962788267,2.9428627033341184,2.9491887146433458,2.023407840173395
Bangladesh,BGD,1980,0.6445737621700003,2.849797218404472,2.650889094056738,1.3452226023131928
Bangladesh,BGD,1981,0.5833637651400552,2.6565780849806933,2.5151583597748317,1.05073602499679
Bangladesh,BGD,1982,0.5897563901459939,2.4936135764822716,2.375326730369089,0.759805950071809
Bangladesh,BGD,1983,0.5989887806445022,2.4854278565520964,2.0067610082523877,0.509157051349014
Bangladesh,BGD,1984,0.5278413934376612,2.354389078093804,1.7987103982043897,0.11142338108605565
Bangladesh,BGD,1985,0.5792875217384909,2.238882803375116,1.7268782268209943,-0.25916839153014437
Bangladesh,BGD,1986,0.5729026780491394,2.0224662810262215,1.6314348027750865,-0.579897960701873
Bangladesh,BGD,1987,0.6944094684773974,2.197216565557185,2.5668936297609424,-0.92531037364657
Bangladesh,BGD,1988,0.6602611456457611,1.8397148146092812,2.4252362350327163,-1.065709300340819
Bangladesh,BGD,1989,0.6182573312184625,1.4601268268711165,2.2063348412392787,-1.2526294894792656
Bangladesh,BGD,1990,0.6140659955057658,1.1738391575111198,1.9321550832914571,-1.605588270126444
Bangladesh,BGD,1991,0.5729672148072179,0.5478743631717536,0.4312441322504033,-1.8850177592629875
Bangladesh,BGD,1992,0.7640808662369545,0.1939248409042926,0.47782352909805403,-3.6452887711926047
Bangladesh,BGD,1993,0.7431362117443941,0.1607650712528674,0.4418224867587855,-3.3766912464636563
Bangladesh,BGD,1994,0.7375244695144905,0.1925091221599341,0.414024710210818,-3.13935735992522
Bangladesh,BGD,1995,0.7397664584086046,0.2219538388671809,0.38046634326846057,-2.744072109482495
Bangladesh,BGD,1996,0.7446164269914775,0.24457070267129166,0.3286618405363554,-2.4303252743716794
Bangladesh,BGD,1997,0.747471665780088,0.26254474174424336,0.25737587125598194,-2.3729367519514315
Bangladesh,BGD,1998,0.7535730864409556,0.29578985739098684,0.22136115998703107,-2.306192080016211
Bangladesh,BGD,1999,0.7583590958749222,0.3259097638672087,0.20654954029558345,-2.2462565029698016
Bangladesh,BGD,2000,0.765048307333162,0.3561612442142291,0.1711049414825209,-2.094111930937629
Bangladesh,BGD,2001,0.7594829249539108,0.37767093533097573,0.1628509196427202,-1.999317330599759
Bangladesh,BGD,2002,0.7677615162992035,0.4128946651940767,0.12678997034461836,-1.9780057045030799
Bangladesh,BGD,2003,0.7535147583107848,0.4508721018997994,0.13862151288414767,-1.9633736253130425
Bangladesh,BGD,2004,0.763195274540559,0.4895538507422111,0.11007976028485186,-1.907091670222501
Bangladesh,BGD,2005,0.7674130651536691,0.5258492049697182,0.0766108765024751,-1.8711719936173568
Bangladesh,BGD,2006,0.7794012802422436,0.5656431788224283,0.1835924028252141,-1.855357091544478
Bangladesh,BGD,2007,0.7914909585751861,0.5839266580275141,-0.6850477865365778,-1.975051145565698
Bangladesh,BGD,2008,0.8210375232776881,0.9057941933934471,-1.0251257171371628,-1.488930088642089
Bangladesh,BGD,2009,0.8344588516461184,0.8503626359719442,-0.8172319700473645,-1.6407231039406729
Bangladesh,BGD,2010,0.8600305610809391,0.8088914760773129,-0.9685731776299368,-2.0720936031939154
Bangladesh,BGD,2011,0.8209640836722742,0.7774010519743046,-0.704221911428038,-1.7249321769967394
Bangladesh,BGD,2012,0.7845458386892971,0.7447117999540377,-0.7018556145607047,-1.6463192937961568
Bangladesh,BGD,2013,0.7862962355485823,0.71602237199287,-0.6548966387943543,-1.536334505955609
Bangladesh,BGD,2014,0.9463462667993192,0.7832497437215786,-0.6817654193795541,-1.457139782771749
Bangladesh,BGD,2015,1.0224283779142505,0.7285117425087543,-0.6039075705263145,-1.4107645337506882
Bangladesh,BGD,2016,1.0180330347705386,0.7114841326885586,-0.6166302749327391,-1.3334236207086079
Bangladesh,BGD,2017,0.9929877531395725,0.5747343731287895,-0.579693607058898,-0.8289536468213066
Bangladesh,BGD,2018,0.9887587941794562,0.4930580878737467,-0.5782445768416778,-0.7593092646279878
Bangladesh,BGD,2019,0.9971177170590757,0.4202920811143304,-0.5823300981162214,-0.6846425280057831
Bangladesh,BGD,2020,0.9480254727217219,0.2726988717787613,-0.5840913351677627,-0.6568138845081226
Bangladesh,BGD,2021,0.8635408151877664,0.31395436941233024,-0.4738037857309334,-0.6701713042887094
Bangladesh,BGD,2022,0.8318342042721882,0.24454202771311492,-0.5491727287116334,-0.6756913452993374
Bangladesh,BGD,2023,0.7708254125151695,0.25160685082554646,-0.5115890059330178,-0.7690111929490044
Bangladesh,BGD,2024,0.7779241374827957,0.1840468014211734,-0.538532260590539,-0.7171342554981759
Bolivia,BOL,1970,0.20233323303727285,0.4596058049202718,2.269050654745601,0.9636862711325823
Bolivia,BOL,1971,0.20233323303727285,0.4596058049202718,2.269050654745601,0.9636862711325823
Bolivia,BOL,1972,0.3163743817491468,0.4504178472984224,2.2389244325665,1.0095480015662723
Bolivia,BOL,1973,0.3724384497704985,0.5543115645178929,2.223858373650148,1.0385409350018702
Bolivia,BOL,1974,0.37102233182528427,0.5612746192806832,2.1659375751597736,1.0287869871550341
Bolivia,BOL,1975,0.3664665099280846,0.5404925939982322,2.139964307911463,1.0582888263273977
Bolivia,BOL,1976,0.3683559649364171,0.4663511675529107,2.127235483145009,1.0534337309502029
Bolivia,BOL,1977,0.3662382647291015,0.4459233968946849,2.0140169185408627,1.0546928600428809
Bolivia,BOL,1978,0.36608943607316213,0.4282727319995932,2.0011933373395796,1.033800104660107
Bolivia,BOL,1979,0.43849613144950994,0.4968730618783714,2.966747831186657,0.9250554908888288
Bolivia,BOL,1980,0.8202531228775852,0.5296127218922724,3.434220166104285,1.514074616126898
Bolivia,BOL,1981,0.3441234490413179,0.6436308200428664,3.218305769985661,1.7095543756584917
Bolivia,BOL,1982,0.32914346283821655,0.6944414134482906,3.1098451542524916,1.726115908214815
Bolivia,BOL,1983,0.056259380384318575,0.5626025903832039,3.455205109226663,1.8022022537574451
Bolivia,BOL,1984,0.25327834686596823,0.539376450847421,3.390923509214238,1.8115089635188988
Bolivia,BOL,1985,0.28055387230991047,0.5035279391295857,3.338788908408671,1.7252842538280935
Bolivia,BOL,1986,0.4603119210889415,0.5237549509113276,3.811476599624466,1.6949932952404383
Bolivia,BOL,1987,0.3995993876493937,0.18148389075232518,3.4814592721721587,1.6955924282915453
Bolivia,BOL,1988,0.4087287794953959,0.1309049788657704,3.4296754211960314,1.573096534753307
Bolivia,BOL,1989,0.3998723056845851,0.11210809291816971,3.2442645517583815,1.5007504771382043
Bolivia,BOL,1990,0.4125909215531499,0.14472820493609145,3.138585981870136,1.599566821575956
Bolivia,BOL,1991,0.32909166156558367,-0.03956317255188545,2.318252554963455,1.5548366909656408
Bolivia,BOL,1992,0.3351192881613135,-0.036082287099011026,2.2867398189627512,1.4449922263688775
Bolivia,BOL,1993,0.3328095694953534,-0.02003242201878186,2.252974043273058,1.3895017728226233
Bolivia,BOL,1994,0.33591917881713285,-0.02518366305075219,2.2088603125388153,1.3922280872156527
Bolivia,BOL,1995,0.34133937400143466,-0.03432890496039709,2.1784071110185277,1.2445508918909096
Bolivia,BOL,1996,0.34354865744049845,-0.044120580243113744,2.1312077088997503,1.2060720839530024
Bolivia,BOL,1997,0.34315638350496125,-0.05820981647242142,1.8566215434462516,1.2232258508260248
Bolivia,BOL,1998,0.34602059457116896,-0.061050832574731526,1.8756707460327906,1.2686861769635072
Bolivia,BOL,1999,0.34522295273132453,-0.062484913188003255,1.81580799855444,1.2911289504840213
Bolivia,BOL,2000,0.3496497273838089,-0.06046662389508532,1.8233585698487933,1.204239731948437
Bolivia,BOL,2001,0.360340502279406,-0.07470734677212815,1.8132161891214735,1.2370851754972136
Bolivia,BOL,2002,0.3605696308416674,-0.06897858908514663,1.8315348153323634,1.2349840779938386
Bolivia,BOL,2003,0.3663741648738251,-0.07265095265579151,1.8699720665459187,1.2735332352249142
Bolivia,BOL,2004,0.3802250251658355,-0.05531223061579832,1.921303813692279,1.1316907534703837
Bolivia,BOL,2005,0.37950968003544516,-0.025725670241883478,1.959598795223596,1.3338672292747682
Bolivia,BOL,2006,0.37478564219758265,-0.03113049192968048,2.0237928528074747,1.2980145303945236
Bolivia,BOL,2007,0.3438144332896347,-0.02159964558263068,2.05765991252517,-0.19068934768455126
Bolivia,BOL,2008,0.3444892144946124,-0.002615097218969145,2.1010390074631586,-0.1934650842764224
Bolivia,BOL,2009,0.34391852231204184,0.0028473917214942163,2.0837576860391933,-0.12425305743899862
Bolivia,BOL,2010,0.3367209890319667,0.016819021965610886,2.1308527848470695,0.23947077185959598
Bolivia,BOL,2011,0.27861858756050983,-0.02018661896356813,2.170885539923349,0.6238363525950793
Bolivia,BOL,2012,0.2806682796941898,-0.0005455655454592312,2.2048723129135164,0.6112206985672635
Bolivia,BOL,2013,0.2805122739308085,7.590848553196139e-05,2.2013530885970116,0.6482250057863163
Bolivia,BOL,2014,0.2970224554353124,0.073542548567867,2.2504180720808957,0.619453537766889
Bolivia,BOL,2015,0.3140785265795684,0.0809381260268551,2.3748390336501,0.6659173011617581
Bolivia,BOL,2016,0.3215923597800623,0.09435256591908867,2.393187298418569,0.7095466723549246
Bolivia,BOL,2017,0.32250630105873745,0.008295005262004274,2.397555825253983,0.8229975936552418
Bolivia,BOL,2018,0.323300664596647,-0.008037853848307325,2.470017224974427,1.1656674266926885
Bolivia,BOL,2019,0.33192266360337386,0.011377187437552866,2.4981449987348645,0.9991591288775475
Bolivia,BOL,2020,0.19443972231258994,0.4204408468545734,1.921906485733306,1.0836449036935332
Bolivia,BOL,2021,0.15267777305232633,0.5336727310694406,1.287297565301739,1.0725422772099344
Bolivia,BOL,2022,-0.22651301118753625,0.7239202143089059,0.7223750402167183,1.0661512875263177
Bolivia,BOL,2023,-0.18709509674058628,0.5706224606547105,0.8528745331348557,1.0782972192579616
Bolivia,BOL,2024,-0.07984049512968994,0.6858895861682284,0.8566601347406615,1.0679821794365678
Bolivia,BOL,2025,-0.08704618938783099,0.3004564183417178,0.965183793818241,1.0039275564917367
Haiti,HTI,1970,0.7559943416306666,0.11204753777727805,0.6819014549549722,-1.1317807747787831
Haiti,HTI,1971,0.7559943416306666,0.11204753777727805,0.6819014549549722,-1.1317807747787831
Haiti,HTI,1972,0.7439948267777008,0.11764368207197279,0.6643731712977484,-0.8145806161492368
Haiti,HTI,1973,0.7165351586947233,0.07854768687152247,0.6408226731962141,-1.2884907157934486
Haiti,HTI,1974,0.6961873609321962,0.09061279226418031,0.6396081793943698,-1.2350238603451127
Haiti,HTI,1975,0.6951047065102907,0.08644696944924707,0.6200331915909554,-1.2108842513926024
Haiti,HTI,1976,0.689349303537508,-0.023505853790847492,0.6241080731905027,-1.1566466514898746
Haiti,HTI,1977,0.6871679263682032,-0.026267613419569763,0.49913836491236296,-1.1429156573922032
Haiti,HTI,1978,0.6888950101552869,-0.024233842650397325,0.4911595499006537,-1.013596015449801
Haiti,HTI,1979,0.6869513397537761,-0.02227598709582651,0.2864980454071404,-0.9970221404284805
Haiti,HTI,1980,0.676373737086756,0.004287267690183755,0.2312731785759096,-0.8570109111099422
Haiti,HTI,1981,0.7218721100816361,-0.17069972985494897,0.19076272465994248,-0.8588612408567231
Haiti,HTI,1982,0.7189281877970701,-0.18419419359141243,0.19416718043099546,-0.8668814302664751
Haiti,HTI,1983,0.7261291042477416,-0.18376183079749336,0.2064654585052881,-0.8751465695563065
Haiti,HTI,1984,0.7050048095163484,-0.18220504664988985,0.04614134032553157,-0.9605346386264966
Haiti,HTI,1985,0.7012749887115348,-0.19376094061834637,0.11396714771302704,-1.146671138521811
Haiti,HTI,1986,0.6170348046034435,-0.20910995779712077,0.19439076172370523,-1.6855934306381986
Haiti,HTI,1987,1.3979740733284474,0.7020515101377217,-1.5694472626204399,-1.6598795043531593
Haiti,HTI,1988,2.237247380626303,1.2863063835282147,-1.5649612834581994,-2.3699620338460794
Haiti,HTI,1989,2.108415760310701,1.1771156456903495,-1.4661467984225718,-1.8939072962713501
Haiti,HTI,1990,1.7611701081094768,0.7644392830870799,-1.793690335315377,-1.6373655781228844
Haiti,HTI,1991,0.8397524058440475,0.5343044434080457,-0.6684095739266536,-1.2869960896734711
Haiti,HTI,1992,0.773617979124812,0.08855022434261267,-0.5613938786283128,-2.4739420954757922
Haiti,HTI,1993,0.6990094189235394,-0.05667766848490274,-0.710606690690203,-1.8471322548199556
Haiti,HTI,1994,0.6922602059783665,-0.06459128216659342,-0.42319547903238586,-1.8633199623628909
Haiti,HTI,1995,0.701254776299512,-0.047917378885707435,-0.4234291171483096,-1.6553781523872146
Haiti,HTI,1996,0.8028125676089803,-0.026083547123704393,-0.18291703710240773,-1.475338551141124
Haiti,HTI,1997,0.8060038588605389,-0.027462231841085483,-0.1994424061343666,-1.4839625916422088
Haiti,HTI,1998,0.8070747352385983,-0.028652391225244905,-0.20402728933465028,-1.397149610115004
Haiti,HTI,1999,0.8023758424843274,-0.02858282179599478,-0.1981944877469858,-1.4010413292305204
Haiti,HTI,2000,0.7961194446855835,-0.03676503168138609,-0.21151784489339687,-1.9834433340761775
Haiti,HTI,2001,0.7912381588523563,-0.12076154828541395,-0.11279691788961646,-1.8269547069793237
Haiti,HTI,2002,0.7881390234005077,-0.11652938520451356,-0.11535694023505655,-1.8282440383255048
Haiti,HTI,2003,0.7772170454263774,-0.1163577816714641,-0.10876429134679924,-1.8112502441538674
Haiti,HTI,2004,0.7709070442992048,-0.11227011605309989,-0.09960681318011551,-1.746212138354968
Haiti,HTI,2005,0.757681633868621,-0.1268012097737442,-1.088051723143035,-1.6127564034207729
Haiti,HTI,2006,0.7596109759703971,-0.12831736049679243,-1.2270732369117756,-1.6053205321121577
Haiti,HTI,2007,0.7888222055411575,-0.18168682016556106,-0.9366562191572839,-1.40702388555219
Haiti,HTI,2008,0.7846417590637347,-0.15632640939374623,-0.9022383926037263,-1.4053159372473105
Haiti,HTI,2009,0.7760810947545594,-0.15359747690259543,-0.8704888780755924,-1.3625307197062666
Haiti,HTI,2010,0.7749286484976117,-0.15746957453922866,-0.860006400340138,-1.3265639391760882
Haiti,HTI,2011,0.7460293011170457,-0.14107934102368,-0.6547197481771114,-1.3396190632128109
Haiti,HTI,2012,0.7060249119229489,-0.12915115759214826,-0.6389364012800978,-1.3320460379334413
Haiti,HTI,2013,0.7058460875770307,-0.11331085510246422,-0.6111336478796671,-1.308366951490251
Haiti,HTI,2014,0.6825229968590714,-0.06583799457670249,-0.6077783293310185,-1.3048488678313581
Haiti,HTI,2015,0.6747191792317068,-0.07187249061435538,-0.5921856837526718,-1.2922552588900493
Haiti,HTI,2016,0.6737092535708464,-0.27739065732683316,-0.5500330402919429,-1.355047818959879
Haiti,HTI,2017,0.6562597247844537,0.04516130843231722,-0.5031409539455614,-1.1004096811761122
Haiti,HTI,2018,0.6604826081130563,0.07109604822090465,-0.5475859945939601,-0.7456714097702384
Haiti,HTI,2019,0.6418885423222689,-0.1559679800869331,-0.5384121780989362,-0.7112814779202515
Haiti,HTI,2020,0.6146012846662716,-0.1201948806131353,-0.5082325153885416,-0.7079508412318699
Haiti,HTI,2021,0.7592145911312792,0.20068581193767196,-0.2269158355253179,-0.6796599278092421
Haiti,HTI,2022,0.6241123550428851,0.03134078264361789,2.42068072971601,-0.48558895249714795
Haiti,HTI,2023,0.8458776369141114,0.2786568541820693,2.6810902428273056,-0.5494928087625242
Haiti,HTI,2024,0.8901534270003053,0.27775311652355505,2.767289976707747,-0.4864455704952103
Haiti,HTI,2025,0.8943233472141503,0.28225830453892886,1.6924211338494202,-0.3876453803450227
Mali,MLI,1970,0.20008167809585312,0.5950752915197207,5.308821898119329,0.5952032487674135
Mali,MLI,1971,0.20008167809585312,0.5950752915197207,5.308821898119329,0.5952032487674135
Mali,MLI,1972,0.05258452498779609,0.5795209914552861,5.308821898119329,0.5725945329373558
Mali,MLI,1973,-0.18201807396888256,0.505637125535805,5.308821898119329,0.5467344429928425
Mali,MLI,1974,-1.0623401001477197,0.42965554361354336,5.265512049265517,0.5306875127828501
Mali,MLI,1975,-1.195208534044534,0.3055911818513538,4.647780524808539,0.7336490520827064
Mali,MLI,1976,-0.5225588935545623,0.28523870789239636,4.579020671400873,0.20534866434846347
Mali,MLI,1977,-0.0001829393366261367,0.6498368089762776,4.4176564664136615,0.2094397498042629
Mali,MLI,1978,0.48309108088203023,1.1933781389831255,4.3815112068882165,0.19568613985386707
Mali,MLI,1979,1.2857499340008547,1.802395070206534,4.11499657063174,0.19560085352572312
Mali,MLI,1980,0.7317427661166501,1.344269318147575,5.308821898119329,0.500201763640645
Mali,MLI,1981,0.47539391243829326,1.1182371398237947,5.308821898119329,0.4141545351371062
Mali,MLI,1982,0.2821492569319107,0.9780835746656511,5.308821898119329,0.41476391690981795
Mali,MLI,1983,0.06418827783561308,0.8531949860805923,5.135146596496476,0.41692962067653816
Mali,MLI,1984,0.08131393445447005,0.7414140640375114,4.78007244623074,0.4151527030828269
Mali,MLI,1985,0.11068356183280514,0.6408591007797881,4.49270538718084,0.3982593617721295
Mali,MLI,1986,-0.17308797760573064,0.36450204925121904,4.114431067287528,0.3544820218837119
Mali,MLI,1987,0.322754677592203,0.6573021894795092,3.5710673793310566,0.22361133586160803
Mali,MLI,1988,0.714950517246956,1.0865289437247807,3.345284255874084,0.22571939074898575
Mali,MLI,1989,0.4506435208254863,1.3786890492736275,2.972611627336238,0.060125979981088734
Mali,MLI,1990,1.4483589437863917,1.9597823751603771,2.5604094138507425,0.07259709194924974
Mali,MLI,1991,5.054611563809598,2.6904130779071056,1.5327171056851798,0.4256045508830497
Mali,MLI,1992,5.9442695014189555,4.38128746239455,0.9530508470130079,0.500482530560123
Mali,MLI,1993,2.3679538789264027,3.270457666405715,1.3050917568327975,1.1685720125368486
Mali,MLI,1994,0.4778637465196376,2.2245999236054597,1.198718734268301,1.208136603590888
Mali,MLI,1995,-0.45031891220008025,1.6925410078359509,1.1410823560094034,1.0501725593756908
Mali,MLI,1996,0.012365129144323292,1.4183491929461072,1.0503983537012944,0.9164042188164353
Mali,MLI,1997,-0.5546118304169957,0.9663736301158837,0.8275693721865219,0.9233622416128315
Mali,MLI,1998,-0.706874185261469,0.8672662024350757,0.8434455484928534,0.96564062958231
Mali,MLI,1999,0.1203883968792266,0.7960066384749017,0.802256924154616,0.9883075572072311
Mali,MLI,2000,0.6568435784242462,0.7180549149688265,0.8044507902390734,0.8404761582979843
Mali,MLI,2001,1.9615206182751046,0.7079238623016392,0.7605926953117399,0.7372925703147157
Mali,MLI,2002,3.514242109964256,0.7542533400787833,0.7654964188572984,0.7468902153886742
Mali,MLI,2003,1.5450956834325262,0.8208888678130672,0.7159504116392631,0.7453950330721547
Mali,MLI,2004,0.7606230619215197,0.9136212077260872,0.7378001888982719,0.6461849174805401
Mali,MLI,2005,0.42739718863325943,1.0095505749984488,0.7302236658196066,0.6258472715702457
Mali,MLI,2006,0.33192737537578954,1.109058221495597,0.6323555804697076,0.6335063667667489
Mali,MLI,2007,0.21708428461116802,1.2131249107870785,0.6265278161663326,0.6631124324108564
Mali,MLI,2008,-0.007469624671784247,1.3686304012756683,0.6673773741238074,0.6659616386691052
Mali,MLI,2009,0.4301319150796301,1.516293534177965,0.6326633272675259,0.6165703081075053
Mali,MLI,2010,0.6705059790396413,1.6649266608044437,0.6592519308276156,0.5458751686054052
Mali,MLI,2011,1.105145142093119,1.7402668677116875,0.6489792068701079,0.5576726635160018
Mali,MLI,2012,1.8953569575622198,1.7650430790503744,0.6770820138304594,0.557568830174194
Mali,MLI,2013,3.3208717655771314,1.7620457048299762,0.9194745857164478,0.5761254158846042
Mali,MLI,2014,-0.16981638940761218,1.391585398561769,0.8171557271752612,0.6360561167470995
Mali,MLI,2015,0.2386824468640119,1.0050351224892384,0.9270531417671142,0.7472191002153828
Mali,MLI,2016,0.6472484543139587,0.5309353891981956,0.9275460416184038,0.7507442896861416
Mali,MLI,2017,2.1102296027751573,-0.11882765490592218,0.8978690864400617,0.47397925950196884
Mali,MLI,2018,3.4816760901931154,-0.49903911126311806,0.8936699948005589,0.40435414732325037
Mali,MLI,2019,3.8694877383253203,-0.8927146286219044,0.9164542103251827,0.5458471723181412
Mali,MLI,2020,3.8703665635702897,-1.031501256367422,0.8815582881867323,0.5715048772787912
Mali,MLI,2021,3.8847858565544735,-0.8533457258020265,2.3381736114397715,0.6242598997201654
Mali,MLI,2022,3.9069891783065946,-0.8583907237304805,3.0102065114580046,0.6221071631239005
Mali,MLI,2023,3.9146900653737817,-0.6638836154993119,2.4314908942909184,0.6816041698366756
Mali,MLI,2024,3.9253406424930652,-0.4635468386465088,2.4100184217445344,1.0001208642519752
Mali,MLI,2025,3.9252098440205483,-0.4459794611460468,1.7950331918342424,0.9579275807621114
Pakistan,PAK,1970,-1.0067618525538553,0.6215025543048751,-1.714836500574295,2.8247504243565595
Pakistan,PAK,1971,-1.0067618525538553,0.6215025543048751,-1.714836500574295,2.8247504243565595
Pakistan,PAK,1972,-0.8872969169868224,0.660293854160197,-1.6475118187296083,2.8842125271777896
Pakistan,PAK,1973,-0.9014382708131816,0.7161339138523689,-1.5782666434262298,2.414688532510764
Pakistan,PAK,1974,-0.94152157350819,0.6598967982835665,-1.2950949766636601,2.9878010536178725
Pakistan,PAK,1975,-0.8927441089063217,0.6601302345374676,-1.287350568723808,2.8122583229225233
Pakistan,PAK,1976,-0.8459093407565892,0.5388248541516614,-1.2410716949120275,2.6853462058648567
Pakistan,PAK,1977,-0.8142050453551877,0.5041109751140086,-1.1754021585768466,2.599453704071461
Pakistan,PAK,1978,-0.7752998874436282,0.45596770708810996,-1.7490648148012788,3.2894411466685494
Pakistan,PAK,1979,-0.9330399277431629,0.2882295515315477,-3.036778203637198,3.7423148793851633
Pakistan,PAK,1980,-0.8805815643178881,0.2766452841176086,-2.149221091202273,3.0119763732211142
Pakistan,PAK,1981,-0.8001108541270585,0.33273204605803014,-2.032585735138549,3.0102293381109746
Pakistan,PAK,1982,-0.6444096793831229,0.3526393427993326,-1.948474081495546,2.918394007797332
Pakistan,PAK,1983,-0.49536789941540227,0.3710060149963986,-1.899776322457199,2.820231896655313
Pakistan,PAK,1984,-0.34482364296128076,0.3903435984419743,-1.8259553613143558,2.7236684816555603
Pakistan,PAK,1985,-0.20350367184408272,0.38897529329949765,-1.7623476523059831,3.2545838739104376
Pakistan,PAK,1986,0.02108101049411848,0.42830826135439193,-1.259745555914444,3.6082029482346325
Pakistan,PAK,1987,0.22049024472870238,0.45692404413713217,-1.124198552904992,3.3266223449025114
Pakistan,PAK,1988,0.3595400809178233,0.4821212392988966,-1.0733679483126635,2.7933393494105063
Pakistan,PAK,1989,0.6440251450776421,0.9484884580231575,-0.8474970112187732,2.6199017128742996
Pakistan,PAK,1990,0.9983240536047772,1.3589930816895714,-0.7487246776785592,1.5882799335758988
Pakistan,PAK,1991,0.40190428863832683,1.038039978270659,-0.5132315843928388,1.4114159732252398
Pakistan,PAK,1992,0.36695030691139674,0.7436590819871769,-0.48696391926664834,1.248914171922801
Pakistan,PAK,1993,0.37322544223981374,0.680652267039328,-0.4557374926152964,1.110504169468036
Pakistan,PAK,1994,0.38481197884536805,0.6885327707898672,-0.391740204903357,1.0846097539156683
Pakistan,PAK,1995,0.39709825981087643,0.6878546140438827,-0.37599431201141054,0.9097183414997787
Pakistan,PAK,1996,0.41072980970182726,0.6981256817745379,-0.3341329603369406,0.834745897090191
Pakistan,PAK,1997,0.42534507896931095,0.7038590154364743,-0.2745040995149327,0.8262300125338307
Pakistan,PAK,1998,0.44044681684562387,0.7152295306739571,-0.2560844201297158,0.6837373804814397
Pakistan,PAK,1999,0.45273661544903515,0.7296765228224493,-0.2518277069464313,0.685727548773336
Pakistan,PAK,2000,0.4649061794612931,0.7402530174077087,-0.19046636819690357,1.4279547300592341
Pakistan,PAK,2001,0.4915169881787739,0.7908344098754789,-0.41844374539821205,1.6778283923171742
Pakistan,PAK,2002,0.5432309372795061,0.7967878062164389,-0.3998225595492626,1.550887071268226
Pakistan,PAK,2003,0.6000102685816786,0.8235066490342676,0.9988986789099864,1.4403607818788406
Pakistan,PAK,2004,0.6513855467087454,0.8459024681705253,0.9369015835676769,1.3842676897869064
Pakistan,PAK,2005,0.683955581301559,0.8476549449190375,0.9225954122095544,1.33149269321836
Pakistan,PAK,2006,0.7137776265555854,0.8503544249322066,0.7512161545928113,1.2838936244730745
Pakistan,PAK,2007,0.7447657621643078,0.8500534463977807,0.7050957303303077,1.2039020421978854
Pakistan,PAK,2008,0.777024037990007,0.8632285210398624,0.6476149459317632,0.6812986440506755
Pakistan,PAK,2009,0.8449986334633384,0.8442596936663035,0.6380214427963428,0.34730795566821665
Pakistan,PAK,2010,0.8641806795979615,0.8516693576198509,0.6242220967369444,0.20706484416880772
Pakistan,PAK,2011,0.8935222846812678,0.8331865431139528,0.5666564051741008,0.3702076221463183
Pakistan,PAK,2012,0.8823249879022284,0.8348364613636483,0.5617601841782551,0.3468493708140923
Pakistan,PAK,2013,0.8799491613606146,0.817978465178963,0.5524263478641418,0.3377500276033186
Pakistan,PAK,2014,0.882342138421118,1.0544881009543947,0.5775349145310668,0.3112079538724155
Pakistan,PAK,2015,0.881131954392147,1.0536914646196895,0.527844196358189,0.36252811376850214
Pakistan,PAK,2016,0.8980790656740336,1.1369228634949382,0.5197279989379302,0.354577721313399
Pakistan,PAK,2017,0.9034827620091659,1.0563525714951982,0.5051473880578279,0.18616128380281116
Pakistan,PAK,2018,0.9001585049589318,1.0619265106783238,0.5035669615178214,0.1526524507443408
Pakistan,PAK,2019,0.8999078313431106,1.1580044828166913,0.5186917255086625,0.08711967263981153
Pakistan,PAK,2020,0.8716538631479225,1.1116538052465963,0.4874794727395644,0.015002448513307717
Pakistan,PAK,2021,0.8043569445602906,1.1902184299535457,0.39923765934752964,-0.012285855975968624
Pakistan,PAK,2022,0.7400615740010164,1.093900754482776,0.08015023887908909,-0.05269834884093422
Pakistan,PAK,2023,0.7561853626577959,0.925803763073648,0.2420766514236643,0.003471592072699578
Pakistan,PAK,2024,0.9200736278753754,0.9292276536178934,0.24150071303457854,0.0018489792400792904
Pakistan,PAK,2025,0.9088986155888796,1.5568127571083008,0.27009249436945637,0.055457487495615465
Senegal,SEN,1970,0.29177027738757366,0.06090498174941365,0.2859580684775064,-0.955868483974322
Senegal,SEN,1971,0.29177027738757366,0.06090498174941365,0.2859580684775064,-0.955868483974322
Senegal,SEN,1972,0.2842632186430215,0.0561179634581546,0.2808589365719897,-1.1426273033589163
Senegal,SEN,1973,0.3181168592770252,0.05281700842396885,0.38826189904369957,-1.3668470642820925
Senegal,SEN,1974,0.3244091565629322,0.043865766678352826,0.42688515549845985,-1.3673254037803206
Senegal,SEN,1975,0.31930054791618695,0.05075617838141919,0.4587043848335287,-1.3466819122253861
Senegal,SEN,1976,0.3140905679423315,-0.03906293289315137,0.45253839862038414,-1.3043923087503457
Senegal,SEN,1977,0.2969732738665216,-0.07750606750523914,0.4407353859949862,-1.276618394393038
Senegal,SEN,1978,0.2960214427778668,-0.10758499126988039,0.42475414234200964,-1.1937721371010632
Senegal,SEN,1979,0.3118749547014053,-0.12940146757699802,0.49729682505939304,-1.133961635540367
Senegal,SEN,1980,0.2920318011453037,-0.18160465815883697,0.277753309736324,-0.8785027194503319
Senegal,SEN,1981,0.3856883873496636,-0.22896594601132683,0.29664000747221203,-0.8773379232422418
Senegal,SEN,1982,0.3336234812972714,-0.3791447371220087,0.2930441407004406,-0.8681415292938064
Senegal,SEN,1983,0.3312833737132709,-0.35954662321303366,0.2915842707406059,-0.8483446963570417
Senegal,SEN,1984,0.34290877768490235,-0.3289398137781924,0.30090236924544495,-0.9266708905532873
Senegal,SEN,1985,0.32698426062266267,-0.29854613981935374,0.2909950644626658,-0.9733737912235814
Senegal,SEN,1986,0.3003426840019098,-0.2470144911798527,0.28262779903067836,-0.9345552885354246
Senegal,SEN,1987,0.2777129797617527,-0.19654978941465304,0.26806031514953843,-0.9300436478290646
Senegal,SEN,1988,0.27043425631539875,-0.15551451400550342,0.2689699218401661,-0.9083304423377143
Senegal,SEN,1989,0.2891334408520332,-0.03252235808325627,0.3304219606408069,-0.8636556144052459
Senegal,SEN,1990,0.26194726254928824,-0.08764517650112684,0.25619944293240987,-0.9075008068140042
Senegal,SEN,1991,0.2576525163653018,-0.09914234909292129,0.2789645272313678,-0.8594755209647181
Senegal,SEN,1992,0.25286401766223676,-0.03780638332148337,0.28902378656167166,-1.126577218859388
Senegal,SEN,1993,0.25563286314401706,0.10922361658797579,0.2848043974957492,-1.0466058262795928
Senegal,SEN,1994,0.29556210670596517,0.19054218246352106,0.2993543423901679,-1.0242276586047196
Senegal,SEN,1995,0.29588574667248496,0.24765910339689412,0.25766590949295887,-0.9659773049779522
Senegal,SEN,1996,0.30262980481601326,0.309276702473901,0.2176081635379388,-0.8100920899182777
Senegal,SEN,1997,0.3036291651578501,0.37509925796700283,0.22350713068357148,-0.8003383442879476
Senegal,SEN,1998,0.30491247335635663,0.43948542743159463,0.22579899881232568,-0.7825599516908112
Senegal,SEN,1999,0.3045875189250408,0.5036448998603912,0.24672281568988408,-0.7749316273335913
Senegal,SEN,2000,0.3066096361641914,0.5688824491571889,0.24371658670528235,-0.7071102063583095
Senegal,SEN,2001,0.3104109955168767,0.6688617462998623,0.31112672773415306,-0.415203148558173
Senegal,SEN,2002,0.3147924759852921,0.6885940928160418,0.26682246797188874,-0.6436396236118658
Senegal,SEN,2003,0.32362184875167693,0.7035659418072977,0.39684149207314806,-0.6571746697558158
Senegal,SEN,2004,0.32289754947584837,0.7188859142006164,0.39442306682806094,-0.592406772301035
Senegal,SEN,2005,0.3230727229558996,0.7348007827608007,0.38773344642766516,-0.5471894717526475
Senegal,SEN,2006,0.3237549831402344,0.750390380694344,0.37548088968643023,-0.5140967536864646
Senegal,SEN,2007,0.3256532921217765,0.7665266938822365,0.3667341139975544,-0.45491888004445413
Senegal,SEN,2008,0.3271575337925045,0.7142215598830036,0.4221399728378308,-0.3764683929931015
Senegal,SEN,2009,0.32287480330060825,0.769962296239795,0.38142880125486145,-0.37244498385459723
Senegal,SEN,2010,0.323760066648298,0.8188485488922489,0.3809320183012945,-0.3416426790006781
Senegal,SEN,2011,0.3439673476184151,0.8735576399330707,0.3606741749917862,-0.18984070336111852
Senegal,SEN,2012,0.33825335285911495,0.9245116090120878,0.3620505507167825,-0.16967218157038927
Senegal,SEN,2013,0.3418720363930424,0.9736962931892382,0.31638091423120573,-0.15803518857858012
Senegal,SEN,2014,0.31567798680839526,1.3741548191540232,0.3687874704955333,-0.19580018445536362
Senegal,SEN,2015,0.3158329353061303,1.3519531703263366,0.36010788264637655,-0.14761012381451083
Senegal,SEN,2016,0.31116005204371944,1.29861152885486,0.36696882091399335,-0.10775788409454243
Senegal,SEN,2017,0.33295315038801765,1.3338483430714596,0.39066887849052645,1.2935615568907795
Senegal,SEN,2018,0.3354103425048812,1.32314669880081,0.424075597722427,1.0435521788083661
Senegal,SEN,2019,0.3474062865591362,1.3262905478045104,0.4130216227756554,0.873168394200631
Senegal,SEN,2020,0.3480073804086927,1.400880182984042,0.41402376635088134,0.5434396312302908
Senegal,SEN,2021,0.3058554992978829,1.4144179467654767,0.399166057483358,0.5355001456531885
Senegal,SEN,2022,0.2370970105930238,1.3499464569608475,0.29200866776376316,0.5165584978871167
Senegal,SEN,2023,0.23086407276574827,1.300425182729502,0.10581436235855537,0.35194440736074345
Senegal,SEN,2024,0.4244899190764235,1.3803625921759117,0.11161716909565458,0.35162607297666865
Senegal,SEN,2025,0.41950840756601093,1.3640290201948035,0.38548658816447573,0.3512251486654537
Sudan,SDN,1970,0.04442434919218692,0.22728726955273695,-0.6000824582575899,0.9226365255825754
Sudan,SDN,1971,0.04442434919218692,0.22728726955273695,-0.6000824582575899,0.9226365255825754
Sudan,SDN,1972,0.02704497488744835,0.20738448961204856,-1.0409772493554763,1.35691986411046
Sudan,SDN,1973,0.04433474639694375,0.3305196405082419,-1.0495243890543562,0.7683708894346938
Sudan,SDN,1974,0.03147135907965708,0.27862564637338927,-0.8475661949537402,0.6331386035105318
Sudan,SDN,1975,0.017972706008436548,0.23727501128568113,-2.020972325062957,0.4303442150859035
Sudan,SDN,1976,0.001779130466261547,0.12228083853605748,-2.0058087989096096,0.3942464256085608
Sudan,SDN,1977,-0.013382112520702538,0.11928695448331347,-1.6914468355781387,0.38850863830941457
Sudan,SDN,1978,-0.029356102143758604,0.1268764276018169,-1.5791335572735883,1.4629917512803163
Sudan,SDN,1979,-0.028878923523746915,0.1313860521467924,-0.7281077153039959,1.2113359358070714
Sudan,SDN,1980,-0.006388461905555604,0.1418683154815661,-0.5829115626321093,0.963686724621369
Sudan,SDN,1981,0.01276856750060596,0.11633127376302968,-0.5507149555927211,0.8473922410267684
Sudan,SDN,1982,0.0005909291172157098,0.1460171659055389,-0.5026763877167073,0.8526017251745981
Sudan,SDN,1983,-0.017972018017754304,0.13743710192275094,-0.6076926142917136,0.7827908397261003
Sudan,SDN,1984,-0.02140019969935881,0.14126230760676087,-0.5144028414296433,0.7675510801745438
Sudan,SDN,1985,0.06362827362510948,0.17257607608393505,-0.523731686944204,0.28445977268173045
Sudan,SDN,1986,0.8838490189978103,0.3757540466088888,-1.5490549926467718,0.471185687034662
Sudan,SDN,1987,0.7051097585123207,0.3245850147044925,-0.9261756574600806,-0.06843300734945129
Sudan,SDN,1988,0.4804062893435446,0.3211759259452026,-0.9212330889011926,-0.01577801507415777
Sudan,SDN,1989,0.25431555151214646,0.3180916619537865,-0.8918888894637371,0.0381412328888005
Sudan,SDN,1990,-0.6249419399900457,-0.11790156040325629,-2.0760271494870475,1.7172972803418014
Sudan,SDN,1991,-0.7142777171533036,-0.10110137408832748,-1.7740693605816151,1.0053140741109858
Sudan,SDN,1992,-0.629580869486875,-0.03266898109621528,-1.7600996463115666,0.844092286022045
Sudan,SDN,1993,-0.5756966907083576,-0.010609358513896765,-1.7338990400264562,0.7222324000337603
Sudan,SDN,1994,-0.5358504548696907,-0.004319371754542986,-1.5936310901082167,0.7175645866066078
Sudan,SDN,1995,-0.5013483755553423,0.003803557533690112,-1.554738651070335,0.6131131558739031
Sudan,SDN,1996,-0.46968007997138395,0.003525096779237215,-1.4731931305443853,0.523305117690019
Sudan,SDN,1997,-0.43965956557197095,0.08679348846735765,0.5477861529640993,0.51085244616635
Sudan,SDN,1998,-0.4126812546238283,0.08787622728717312,0.5254350674786625,0.4764144648217357
Sudan,SDN,1999,-0.3857190313173783,0.08797325747774229,0.6426058705503869,0.3839270397676141
Sudan,SDN,2000,-0.35560071843759633,0.08800168110752296,0.7451438858156934,0.44032141159195703
Sudan,SDN,2001,-0.31375211251673135,0.012297915385494497,1.0743922818044813,0.2368967257663835
Sudan,SDN,2002,-0.2999422457061833,0.0025630444055301446,1.107715027051732,0.2517341085205503
Sudan,SDN,2003,-0.28767146819192607,0.0026153110258872944,0.9234651331266761,0.25191333924730946
Sudan,SDN,2004,-0.275161388822203,0.005198461384892626,0.9025056926857429,0.22151700636763533
Sudan,SDN,2005,-0.25694715615940733,-0.004517066090191077,0.8726610878420568,0.20296213660138995
Sudan,SDN,2006,-0.2310649943074236,-0.0029828651680500126,0.06022859989902973,0.1943252204682047
Sudan,SDN,2007,-0.23085823752984053,-0.0007328447930592605,0.0516150369817453,0.21551698730537058
Sudan,SDN,2008,-0.23121610318374503,0.007370283245197798,0.04310005234169789,0.17300759148584516
Sudan,SDN,2009,-0.22753173687853226,0.003973993156535911,0.032299460621679044,0.1450300121317757
Sudan,SDN,2010,-0.22712442708640687,-0.00020385244627325882,0.0336450365767334,0.10450033798711575
Sudan,SDN,2011,-0.2169549105639445,-0.013318049158256372,0.7613511617109248,0.4289155596521192
Sudan,SDN,2012,-0.2515812116149919,-0.0063280517903106445,0.7622092925992143,0.42643751457264567
Sudan,SDN,2013,-0.25103747254186637,0.03478957998208497,0.7515078134633884,0.43936843718289975
Sudan,SDN,2014,-0.2907994073493801,-0.1215462917882765,0.7605890660980357,0.4304502760632377
Sudan,SDN,2015,-0.2808607509160018,-0.1196255433234627,0.7259294475140201,0.4576756072945892
Sudan,SDN,2016,-0.27804025272347455,-0.09333286864276057,0.7517220994411244,0.4434563466823507
Sudan,SDN,2017,-0.2559966344724892,0.07027850183759593,0.770709805788355,-0.0002446448383300326
Sudan,SDN,2018,-0.2560489274400961,0.22561317335500303,0.7361311975925631,1.2688868229838137
Sudan,SDN,2019,-0.25135955383521275,0.15636710611597524,0.7466577819381459,1.2194764009563466
Sudan,SDN,2020,-0.10526673730566292,0.7714649995571063,-1.548658692249564,0.9680603883850124
Sudan,SDN,2021,-0.0334546164842658,1.1006127451517933,-0.9150184632533278,1.0847666887851948
Sudan,SDN,2022,0.09150961769691948,1.1941616643672002,-0.9011003185470856,1.029326123669918
Sudan,SDN,2023,0.1024045041540145,1.0739467572599297,-0.7924798504104515,1.0253112806724203
Vietnam,VNM,1970,0.5687072898848278,0.27561151009383844,0.6220209998614954,0.5061260596153676
Vietnam,VNM,1971,0.5687072898848278,0.27561151009383844,0.6220209998614954,0.5061260596153676
Vietnam,VNM,1972,0.5665513639524323,0.28173176949711654,0.6195021634992818,0.24674413939755588
Vietnam,VNM,1973,0.5867992921173354,0.27844123082713285,0.6081481244225418,0.11961563770857506
Vietnam,VNM,1974,0.6532766262788704,0.27609689528809434,0.5818380455620187,0.4070118126387902
Vietnam,VNM,1975,0.731943566365264,0.2722173543309911,0.562001883174869,0.9840068714130026
Vietnam,VNM,1976,0.8200744124371974,0.1656357682603639,0.5644670587299856,2.562616087912147
Vietnam,VNM,1977,0.7493355061409126,0.3803718431350459,1.2187643184648445,1.0117032267686001
Vietnam,VNM,1978,0.6504604676356281,0.4137259033849305,1.1468585015679977,0.4157231907801496
Vietnam,VNM,1979,0.5722386417750575,0.4061985002528091,0.7835580662649051,0.012767194536363706
Vietnam,VNM,1980,0.5415407015857636,0.395122773879677,0.5691150547991197,0.3632960082740967
Vietnam,VNM,1981,0.6192912064876841,0.36974118160309766,0.563505314598864,-0.047972539539797514
Vietnam,VNM,1982,0.715100277062067,0.37560745413497776,0.5619269948472295,-0.48880404707560454
Vietnam,VNM,1983,0.8093536544225082,0.37408116929622903,0.568030854955484,-0.24872919103363736
Vietnam,VNM,1984,0.9432998574204537,0.37187356853881415,0.5624976708107572,-0.03140471084367865
Vietnam,VNM,1985,1.1569467172338839,0.36909456963794457,0.5618576317886459,0.2090714577510762
Vietnam,VNM,1986,1.6802600682011986,0.3419621209691383,0.5513499076615647,1.3943308768603775
Vietnam,VNM,1987,1.7454062837388826,0.7470652717002805,0.5776240390320149,0.4317996324161935
Vietnam,VNM,1988,1.2140064651016276,0.8417556345332526,0.5791623453945945,-0.33609238992229457
Vietnam,VNM,1989,0.6914841819652252,0.756093891218011,0.5540303769673978,-1.5034153051620909
Vietnam,VNM,1990,0.28156910865518825,0.6909633027070285,0.5341712194004936,-3.2621033180553893
Vietnam,VNM,1991,0.18872854986298815,0.26714793615974086,0.5803837648832374,0.35390993880758914
Vietnam,VNM,1992,0.30141093962033555,0.25100220382670857,0.5792447687824239,1.1733617266563208
Vietnam,VNM,1993,0.3617758500889657,0.25858018796222126,0.6093500316392975,0.3992980802990151
Vietnam,VNM,1994,0.4162256124314407,0.26774208043700237,0.564229284817944,0.06882036500316634
Vietnam,VNM,1995,0.463745528234946,0.27045613035284577,0.558746734408591,-0.0016189169222172867
Vietnam,VNM,1996,0.5189353131388937,0.27256069276361417,0.5397424140136098,-0.7896024412805093
Vietnam,VNM,1997,0.5425675795766395,0.2790324443986084,0.4559197060500778,-0.6558946490749578
Vietnam,VNM,1998,0.5504815848228904,0.2797946503847882,0.47396149065615323,-0.16198476057954456
Vietnam,VNM,1999,0.5837013705369589,0.28083192914404376,0.45886855841299967,0.002718419179663256
Vietnam,VNM,2000,0.6191761119981307,0.2813545496866948,0.4646586318159056,0.9609323452818
Vietnam,VNM,2001,0.6026419107411938,0.3006530805652293,0.5098210788396323,0.11677385428384786
Vietnam,VNM,2002,0.5823004772086634,0.30237666050657136,0.5139570910941448,-0.40844443164177974
Vietnam,VNM,2003,0.5703131841960905,0.3041721562217534,0.5243468557163519,0.019556661944526293
Vietnam,VNM,2004,0.5893430009561753,0.30473108415447137,0.5369291650243115,-0.320375149971648
Vietnam,VNM,2005,0.5972368981331428,0.3018354669681732,0.5433007237600125,-1.2320980054512074
Vietnam,VNM,2006,0.5360148917285458,0.30652863625897336,0.5302877220689204,-2.266378902424729
Vietnam,VNM,2007,0.4562993702820772,0.2974254337617296,0.5647368917572686,-0.2307534021191905
Vietnam,VNM,2008,0.37481170679549947,0.2862787671387746,0.58589076106125,0.12084639330999916
Vietnam,VNM,2009,0.29846216906538653,0.28807903555072434,0.5682312423979409,-0.08852228539942325
Vietnam,VNM,2010,0.2292977036924034,0.2922044327358165,0.5760753483479906,-0.5362442709522794
Vietnam,VNM,2011,0.1559186679813678,0.2707672073442182,0.6028720116285777,-0.83672121738152
Vietnam,VNM,2012,0.08847651262132766,0.2671759229295388,0.6153717608834932,-1.0194494367365852
Vietnam,VNM,2013,0.025771399412863577,0.25944104861349315,0.632484538014648,-1.2142639051031259
Vietnam,VNM,2014,-0.017020487273238474,0.4162983901866322,0.6698264871195443,-0.79103985028163
Vietnam,VNM,2015,-0.0338546914506819,0.41543264147946257,0.6735667109139227,-0.7589244317384352
Vietnam,VNM,2016,-0.046300027501387314,0.4073339068594497,0.6743666473245427,-0.8735561873714169
Vietnam,VNM,2017,-0.07143792447622171,0.3690348610444514,0.6515203110559977,-0.6709596456798852
Vietnam,VNM,2018,-0.09581586927560037,0.37887495220188927,0.6060825473505753,4.870864573212319
Vietnam,VNM,2019,-0.10099906661980364,0.08406688120551332,0.6110980308043192,1.7570677183696892
Vietnam,VNM,2020,-0.1008109605623669,0.05359773702468637,0.6067016101762063,1.7605800201729207
Vietnam,VNM,2021,0.0094914489347237,0.4836155605981628,0.5457152966178324,1.7601635688891535
Vietnam,VNM,2022,0.032859946912984384,0.5183386703981521,1.0278760016534807,1.7572060422844613
Vietnam,VNM,2023,0.03335840753926045,0.551562525516596,0.9542073050800761,1.754842729666514
Vietnam,VNM,2024,0.01812837306652862,0.6342021254420867,0.9650548785610733,1.7567542910579714
Vietnam,VNM,2025,0.020399675091462982,0.08981629998959177,0.7868566708057834,1.7590187495225362
Afghanistan,AFG,1970,0.7210936641993779,-0.570847903149531,2.03732142152742,-0.17713704238638572
Afghanistan,AFG,1971,0.7210936641993779,-0.570847903149531,2.03732142152742,-0.17713704238638572
Afghanistan,AFG,1972,0.7036355766633696,-0.5097548873470716,2.0336573606893795,-0.17914146622858737
Afghanistan,AFG,1973,0.7103437679842798,-0.7660268874265596,2.0276736107887294,-0.18080714754149058
Afghanistan,AFG,1974,0.6948493042639392,-0.28947010703091147,0.21049261424709656,-1.1467153401227828
Afghanistan,AFG,1975,0.6332063905324994,-0.12236231378189777,0.5244723828929954,-1.0618336225575082
Afghanistan,AFG,1976,0.6184313782757552,-0.6137069909448121,0.5163814481099835,-0.9901015554638993
Afghanistan,AFG,1977,0.6157932485433288,-1.053032975774023,0.38136309206174757,-0.9626126146261462
Afghanistan,AFG,1978,0.6080576677878042,-1.5907799368499496,0.45321878423459433,-0.8191784017785745
Afghanistan,AFG,1979,0.4930975420889717,-2.035689328763099,0.5691642022390659,-0.8762225213501842
Afghanistan,AFG,1980,0.2419938962024734,-2.1301725689385753,0.4330311454949919,-0.4642715921242113
Afghanistan,AFG,1981,0.45539882437231555,-1.253207554125431,0.1834378048456523,-0.3855886022490288
Afghanistan,AFG,1982,0.46002765877502894,-0.9102692990890451,0.2299633729744229,-0.45407396271749656
Afghanistan,AFG,1983,0.4640481193062156,-0.6594619563230765,0.2394207445545518,-0.44848620079683493
Afghanistan,AFG,1984,0.4718755133507972,-0.41441278191491804,0.2672965815259475,-0.44349728260347043
Afghanistan,AFG,1985,0.45490173962075775,-0.18480246972578138,0.2778475930180566,-0.41911169411183846
Afghanistan,AFG,1986,0.41021209954613297,-0.020185839883601585,0.26931972165641904,-0.40996298058509206
Afghanistan,AFG,1987,0.3194994138953319,0.3375801918331889,0.33598895727563316,-0.4470622384212317
Afghanistan,AFG,1988,0.3341781423238329,0.541754707726267,0.3652665662773061,-0.30828625529788306
Afghanistan,AFG,1989,0.29468543869233066,0.7351763303093821,1.1028882109912803,0.27869013376141366
Afghanistan,AFG,1990,0.24295362169037396,1.2844148669643822,1.0604233920213724,0.11664750280355529
Afghanistan,AFG,1991,0.18329277299405894,1.3498510271663449,0.4473193318729828,-0.1387955280534006
Afghanistan,AFG,1992,0.16819935925859025,4.476022150300226,0.45212861435795004,-0.21327000311142344
Afghanistan,AFG,1993,0.2863056933155225,3.88261120884627,0.009969718311778425,0.126558688057243
Afghanistan,AFG,1994,0.3073920940982228,1.9079058771733441,-0.22756399289021784,0.09014084394440045
Afghanistan,AFG,1995,0.3177354511586736,0.1441295428814786,-0.22063083072028628,0.04688260196260635
Afghanistan,AFG,1996,0.32674926574617774,-1.584308336131306,-0.21682604581616197,-0.02818442126666096
Afghanistan,AFG,1997,0.27417050638891177,-1.823432223655845,-0.15677170264061552,-0.032265900085213184
Afghanistan,AFG,1998,0.2793838488992405,-2.0465431073139495,-0.1856529012064433,0.12435268228415011
Afghanistan,AFG,1999,0.28538479221001123,-2.2712706402389005,-0.17846555117262336,0.12336339835104368
Afghanistan,AFG,2000,0.29348262462615127,-2.497388814863532,-0.16649167767972006,0.03170951068888153
Afghanistan,AFG,2001,0.3036789764224417,-3.1900266984770185,-0.1947139328922742,-0.026284119104361126
Afghanistan,AFG,2002,0.34115618545859117,-3.5798570551990077,-0.18023111836248287,-0.024193229714073727
Afghanistan,AFG,2003,0.6012394893953557,-3.2686701034291312,0.4912625676639678,0.038328874636871596
Afghanistan,AFG,2004,0.6011919882314518,-3.122266847532385,0.48043431977875656,0.02118045638439256
Afghanistan,AFG,2005,0.6029665816174146,-2.654241652310617,0.9089636073419547,0.004929458854228991
Afghanistan,AFG,2006,0.607099457832432,-2.19400305023039,1.0837453820558087,-0.008814157274564471
Afghanistan,AFG,2007,0.602077663332879,-1.7683594822316406,1.1440063472744428,0.04092379199126328
Afghanistan,AFG,2008,0.5954611712376396,-1.5599813801249662,1.1149530217771555,0.017711782331995246
Afghanistan,AFG,2009,0.5896102833377761,-1.321184199597329,1.0599614182858106,0.010702670200571501
Afghanistan,AFG,2010,0.5861196628411373,-1.0046177218221675,1.0713464666051216,0.05859808409533099
Afghanistan,AFG,2011,0.565095448351207,-0.6624997717848287,0.8781282545957281,0.1163718689410804
Afghanistan,AFG,2012,0.541347013150111,-0.3200533007699361,0.8818952245957978,0.12320045459910572
Afghanistan,AFG,2013,0.5371617347521371,0.015599607159867412,0.8650810271939953,0.1323179381536253
Afghanistan,AFG,2014,0.4766470624414068,0.24271471798712102,0.8892472054894248,0.13590317699263144
Afghanistan,AFG,2015,0.4726805932145848,0.5187334151330975,0.8968196972415767,0.07371613903913207
Afghanistan,AFG,2016,0.4765106689754706,0.6312911129074619,0.8716121283125084,0.09622079598136024
Afghanistan,AFG,2017,0.513182676374343,0.48653395874806427,0.8709260411255636,-0.0354027864762235
Afghanistan,AFG,2018,0.512839353968134,0.4645284303396435,0.8595428586900462,-0.10429713078185965
Afghanistan,AFG,2019,0.5064125965559233,0.4857701303268751,0.8931001185988684,-0.10345913772160903
Afghanistan,AFG,2020,0.48357135366813236,0.47869536018589515,0.9042660136051338,-0.1620933585777849
Afghanistan,AFG,2021,0.42981640768416884,0.38890216991684073,1.094777818813034,-0.18208363498730817
Afghanistan,AFG,2022,2.64505410189719,0.9053062424501894,5.308821898119329,-0.050966858047025526
Afghanistan,AFG,2023,2.68422714063066,0.9451529211807403,5.308821898119329,0.07652619569806027
Argentina,ARG,1970,-0.8067566381142677,1.543768177474392,-2.3674593867535534,1.6127577089038037
Argentina,ARG,1971,-0.8067566381142677,1.543768177474392,-2.3674593867535534,1.6127577089038037
Argentina,ARG,1972,-0.7964539197142598,1.540391355473194,-2.3458316778379653,1.5447003593639959
Argentina,ARG,1973,-0.7739638087448794,1.4172011481055367,-2.2750447564443976,1.4721318681149191
Argentina,ARG,1974,-1.1809666096633804,0.8538831567905314,-1.462203702849432,1.9214626000515889
Argentina,ARG,1975,-1.1105757259655598,0.8833632068883644,-1.463823224599476,1.8318858319426088
Argentina,ARG,1976,-1.0112384837458315,0.9180787374973125,-1.4474989730665953,1.778416643442727
Argentina,ARG,1977,-0.9655910592995296,1.2817782706832475,-3.7330484682497684,1.9776991215829378
Argentina,ARG,1978,-0.9458380305822998,1.3510243747965445,-3.743529724913845,2.082725189967848
Argentina,ARG,1979,-0.8817894795868895,1.3337661635481557,-2.7832647747818773,1.9864395027847181
Argentina,ARG,1980,-0.7692367263907708,1.3072686574268457,-2.1255473504604634,1.6915874167937386
Argentina,ARG,1981,-0.5720557635910625,1.2750457214016184,-2.0832561669621077,1.6896048285246492
Argentina,ARG,1982,-0.5302156883074636,1.2255626532432151,-2.032746114401996,1.652987673407087
Argentina,ARG,1983,-0.48974535748085113,1.186778226808821,-2.0040553615270804,1.612946089269724
Argentina,ARG,1984,-0.08401684880325547,1.2084408001401066,-1.9997756487756775,1.6421772968009543
Argentina,ARG,1985,0.5629759403244026,1.2375199015685117,-1.9681871361376495,1.7154649601690912
Argentina,ARG,1986,0.4249625653086677,1.1586028345313721,-1.9125164743278065,1.9133730239266018
Argentina,ARG,1987,0.3289510682406319,1.1013345291550272,-1.814381490585453,1.8374496220103147
Argentina,ARG,1988,0.29821524260619525,1.1060961235044746,-1.7854384933097558,1.614535934052137
Argentina,ARG,1989,0.24373699360249287,0.9720502457484332,-1.7085380416389242,1.553276492332969
Argentina,ARG,1990,0.1874851392900316,1.28674780417533,-1.5040884814578601,1.4934780793850928
Argentina,ARG,1991,-0.07281334404235354,1.7060452506674086,-1.1539174318776368,1.1584221696214398
Argentina,ARG,1992,-0.06408212166577584,1.1986021472367931,-1.1218216616893264,0.9861812853897798
Argentina,ARG,1993,-0.055364179241266256,1.1503396802544668,-1.136650871433629,0.961256373214638
Argentina,ARG,1994,-0.05869045945958608,1.13772411563016,-1.0665448522887004,0.9399531877601729
Argentina,ARG,1995,-0.058257231078922125,1.1372026724694844,-1.033356276793282,0.8729124320761992
Argentina,ARG,1996,-0.059924342399731725,1.1439807715966135,-0.9958180517150675,0.9682658804313692
Argentina,ARG,1997,-0.06146328258574611,1.1333885006587225,-1.0512850761327375,0.947525381918261
Argentina,ARG,1998,-0.06205924659181816,1.1441749826835834,-1.0426657305020208,0.9238480534553282
Argentina,ARG,1999,-0.06528783352927348,1.1542652212547035,-1.0274247059208492,0.9058364431190759
Argentina,ARG,2000,-0.06127605629988134,1.1707882790069912,-1.0305707450760808,0.8643892500212234
Argentina,ARG,2001,-0.053874857085361716,1.295896375479943,-1.2172306118973855,0.5763082081866095
Argentina,ARG,2002,-0.05174046311264324,1.299452653462419,-1.214798536871118,0.5944728595240326
Argentina,ARG,2003,-0.07086616554465859,1.3100028772318184,-1.2472625477690236,0.5740433133233889
Argentina,ARG,2004,-0.0916448660541389,1.3823245476833685,-1.3767410759616234,0.8456822994360456
Argentina,ARG,2005,-0.1073499019134248,1.4132206512971908,-1.3905501730053507,0.8251546138107568
Argentina,ARG,2006,-0.11533150750383823,1.4100140708766942,-1.2620551519801886,0.8091619508799011
Argentina,ARG,2007,-0.11614134520552682,1.4116235236022419,-1.2882233058759884,0.768007206613796
Argentina,ARG,2008,-0.11624131620780684,1.3931422168214416,-1.2242240147482266,0.8341465623474991
Argentina,ARG,2009,-0.13095027991916594,1.4082283829341966,-1.2787212823041059,0.7895564012829603
Argentina,ARG,2010,-0.13065826353843288,1.407782594392866,-1.2789643881930843,0.7146282640977245
Argentina,ARG,2011,-0.15657835527110928,1.374484569735108,-1.303740120166614,0.5697542348095646
Argentina,ARG,2012,-0.14900607006188002,1.3808389632024096,-1.2992158895504478,0.5656206080221007
Argentina,ARG,2013,-0.14947342067128833,1.3850985486941976,-1.2593443426834652,0.5643439400245529
Argentina,ARG,2014,-0.20145268139676165,1.1575258941473767,-1.28431145443217,0.5367624805934649
Argentina,ARG,2015,-0.2073862095104787,1.1599620238590451,-1.34175310267335,0.4988381310576949
Argentina,ARG,2016,-0.2055071866388703,1.135768212802724,-1.3020534872230294,0.4470348652461768
Argentina,ARG,2017,-0.21867908686590412,1.7141186734407352,-0.9625052052222565,0.38636398111102044
Argentina,ARG,2018,-0.21893825611195333,1.7538561482549717,-0.9337488754352341,0.2910191655067421
Argentina,ARG,2019,-0.2275405713086916,1.694741343836034,-0.9367724452774848,0.27647899695513384
Argentina,ARG,2020,-0.2355558467231324,1.6816720397637135,-0.9090106072003984,0.20535130224425918
Argentina,ARG,2021,-0.28466336576385975,1.3245384956274349,-1.1471776396014042,0.18324753524534254
Argentina,ARG,2022,-0.2495071757545333,1.3526303195891614,-0.9253814416859331,0.1839111270098909
Argentina,ARG,2023,-0.30789989159132375,1.286557534326672,-0.8709431256494317,0.1870848357168427
Argentina,ARG,2024,-0.49914870464314537,1.0405424016734648,-0.8826766240152668,0.23268507099962954
Argentina,ARG,2025,-0.532655349924424,2.2538654310262003,-1.122441769721077,0.1440544371773084
Ethiopia,ETH,1970,0.41909110452577336,3.8924268802291175,0.562954580689085,0.24206604040957266
Ethiopia,ETH,1971,0.41909110452577336,3.8924268802291175,0.562954580689085,0.24206604040957266
Ethiopia,ETH,1972,0.41511509111405753,3.5716592965407474,0.5630778907163306,0.23158528927181526
Ethiopia,ETH,1973,0.39055801804482104,3.5984127659263514,0.5708005423291301,0.22935216917498277
Ethiopia,ETH,1974,0.5094065849347574,4.893697838929102,0.6013133432105356,0.23106925054578967
Ethiopia,ETH,1975,1.1606934647979184,5.235808612202165,1.4211577071387662,0.4690767185742204
Ethiopia,ETH,1976,1.1474912840567306,4.573644219826624,1.3855569469791353,0.5116715212120735
Ethiopia,ETH,1977,0.9001625992786597,3.349157307940825,1.2293882209049618,0.4857327734022628
Ethiopia,ETH,1978,0.6442412114577298,2.4001593351038273,1.2046074100295676,0.5265575466557111
Ethiopia,ETH,1979,0.4467544387695458,1.7977373756356205,0.8567542285502033,0.47446480898549315
Ethiopia,ETH,1980,0.3533167178713875,1.429386561347675,0.6794147553005712,0.39357905619499123
Ethiopia,ETH,1981,0.2662085859026214,1.285619078660861,0.6742943082553837,0.33853628315220136
Ethiopia,ETH,1982,0.22421067477284462,1.1390750084222017,0.6721367851094848,0.3110241356552949
Ethiopia,ETH,1983,0.18449536235525493,1.0017707304286545,0.6758121502768617,0.2831165429034084
Ethiopia,ETH,1984,0.15634333459730623,0.8707060323563934,0.6756806726772584,0.256869935573744
Ethiopia,ETH,1985,0.13580043067091502,0.7561165275047992,0.6796939036605009,0.2047395349997554
Ethiopia,ETH,1986,0.11984113553361013,0.6356358725307509,0.6744813450772214,0.17947829009265992
Ethiopia,ETH,1987,0.1065572972185501,0.5109837244988263,0.6583201816283163,0.14532497675327274
Ethiopia,ETH,1988,0.25466080693112453,0.7741606431292447,0.360977675874364,-0.9239483410143382
Ethiopia,ETH,1989,0.27654362072750205,0.892049565423979,0.37810376102915083,-0.5393988951651522
Ethiopia,ETH,1990,0.44721661317773864,1.300583453647021,0.38391720963488424,-0.4758214312556281
Ethiopia,ETH,1991,4.34333623585093,3.3034167534943313,0.429329966053429,-0.3818556819520544
Ethiopia,ETH,1992,2.967686703124055,2.495102169093278,0.36131081526356834,-0.5231405567763205
Ethiopia,ETH,1993,1.6067931077925695,1.6686352386490766,0.3842091815799744,-0.3643882828188848
Ethiopia,ETH,1994,1.6393233248016292,1.5538630700322629,0.4233273159690922,-0.38319326466732573
Ethiopia,ETH,1995,1.25166484476199,1.1966111578148684,0.5049857346472918,-0.6090584584468383
Ethiopia,ETH,1996,0.7199926448394318,0.6486285233117307,0.7029591776852044,-0.5609739829886029
Ethiopia,ETH,1997,0.5612092202916759,0.6308151671253825,0.8374456078708888,-0.5936018489129802
Ethiopia,ETH,1998,0.41998620265605435,0.6206970946825617,0.8341934941315936,-0.5866306371612975
Ethiopia,ETH,1999,0.30345274223000174,0.6075405357191882,0.812941748804022,-0.5888276999484284
Ethiopia,ETH,2000,0.19699922630202152,0.5972470917735634,0.8122012646885302,-0.5256002234497459
Ethiopia,ETH,2001,0.20683568212851566,0.7480999716056691,0.9064429844354129,-0.6285940139230631
Ethiopia,ETH,2002,0.210909867763904,0.9297248155494631,0.9044106672512646,-0.6280285545648107
Ethiopia,ETH,2003,0.21396757285018805,1.1103592717136959,0.8485576216141654,-0.6216067649858124
Ethiopia,ETH,2004,0.2278314312388809,1.3210289614150934,0.8428719472359596,-0.5922962042817095
Ethiopia,ETH,2005,0.2709796423152081,1.5370411748407675,0.8388321061319135,-0.5827305575414022
Ethiopia,ETH,2006,0.03795557710446859,1.717665403289597,0.9100056662132852,-0.5900581207729598
Ethiopia,ETH,2007,-0.021067722460869576,1.6984474558546134,0.8867208554375356,-0.5982761429641333
Ethiopia,ETH,2008,-0.08889368302632025,1.3734408387977624,0.8767909799420239,-0.5491222343637375
Ethiopia,ETH,2009,-0.21575195521233534,1.0693818912070852,0.8695431843973243,-0.5405994411189576
Ethiopia,ETH,2010,-0.3332360525986539,0.7818359127124717,0.8797924599881354,-0.5151185360325156
Ethiopia,ETH,2011,-0.19881369879359723,0.7196351048492302,0.9279569384122879,-0.5060323724372224
Ethiopia,ETH,2012,-0.18831581587010462,0.6746077476390117,0.935822856706162,-0.5114255349885878
Ethiopia,ETH,2013,-0.17088244918129214,0.6040928211589849,0.93442009840142,-0.5135158016850848
Ethiopia,ETH,2014,-0.23764020403592004,0.540445257574148,0.9286680731795364,-0.511564473506452
Ethiopia,ETH,2015,-0.21472719456475053,0.5931181447141162,0.9033699073179833,-0.5136746013435305
Ethiopia,ETH,2016,-0.21734537108494703,0.4695806538922365,0.9253100075202261,-0.5226544340967048
Ethiopia,ETH,2017,-0.19286853554838823,0.7950302915227666,0.9246721378813092,-0.35145379147580735
Ethiopia,ETH,2018,-0.13447810233883323,1.4077831847659756,0.932452243397391,-0.28545268958797493
Ethiopia,ETH,2019,0.4827773888446483,2.579426280527613,0.9200908410668402,-0.3830279895367295
Ethiopia,ETH,2020,0.5495583510383055,2.7410770153213053,0.9043706268332848,-0.2715133161329235
Ethiopia,ETH,2021,0.5548604575352118,2.846645328307391,0.8987961506194606,-0.2504461527641044
Ethiopia,ETH,2022,0.5809889479042892,2.859732820243953,0.4204279694107345,-0.24115815143514507
Ethiopia,ETH,2023,0.5461111556210917,2.7319399629859573,0.7283582973476225,-0.30856478609971244
Ethiopia,ETH,2024,0.616003998511764,2.814261699115708,0.700583541541665,-0.3072567102835703
Ethiopia,ETH,2025,0.6178763933895813,2.7270865721167774,0.46584828452088645,-0.254652207759764
India,IND,1970,0.6721038595351003,2.3973342070082397,-0.05944747735199887,-0.4182924256551879
India,IND,1971,0.6721038595351003,2.3973342070082397,-0.05944747735199887,-0.4182924256551879
India,IND,1972,0.6667673430053964,2.3605231332722614,-0.066367573021577,-0.41872084353296135
India,IND,1973,0.6570423173306791,2.3301137597733472,-0.0726551547040458,-0.41327641624098704
India,IND,1974,0.6465732026989235,2.325261250127717,-0.05987196089067,-0.4178385728210309
India,IND,1975,0.6183125250405979,2.3814606338317668,-0.10763284742585735,-0.42911208858700783
India,IND,1976,0.9025188059227123,2.915423376459147,-0.14374637918937377,-0.37369315903200234
India,IND,1977,0.8944134778157734,2.649156300577942,-0.06683912194340054,-0.4159085197735439
India,IND,1978,0.9665306406893751,2.6413530398704017,-0.10166656593412553,-0.6230829976453699
India,IND,1979,1.1062951585079475,2.6911253171617497,-0.21921382346580795,-0.6655117319134587
India,IND,1980,0.9933854026719702,2.509896711697546,-0.04573161770902519,-0.6264019317270565
India,IND,1981,0.8045348012745651,2.3422721047603994,-0.025880373688495224,-0.5698118542892185
India,IND,1982,0.7869540672334518,2.1387685641658183,-0.03013116245378962,-0.5324547343312486
India,IND,1983,0.7712382174638416,1.9943188367934832,-0.029016300034332212,-0.49356742002669896
India,IND,1984,0.7392274156469922,1.8588134264466296,-0.02707081644984976,-0.45454900103282664
India,IND,1985,0.7121093788689588,1.7244441559628623,-0.021340741502885487,-0.41151030220861207
India,IND,1986,0.654266828490811,1.4776745610286133,-0.030872078342694557,-0.3728710372545703
India,IND,1987,0.5788541195199947,1.2332166439635657,-0.01347844432030696,-0.32786962155256894
India,IND,1988,0.5541882810446134,1.1376999516745656,-0.01228312890030673,-0.2485054446395505
India,IND,1989,0.5207390715900941,0.9722759884549839,-0.011998061792088732,-0.21025128620566025
India,IND,1990,0.48285796176764084,0.8392116607329025,3.241548663371341e-05,-0.1619975076135114
India,IND,1991,0.43198775020293423,0.6482233405543862,0.023960024474852938,-0.11877135470044144
India,IND,1992,0.42348422314424733,0.48197531865946275,0.036051617519520754,-0.058501072549765845
India,IND,1993,0.42043234695569576,0.4851329978254093,0.04426331578908785,-0.017138070266561188
India,IND,1994,0.4203538407114763,0.4956094159291254,0.04940406751381012,-0.00016464218464078834
India,IND,1995,0.42629965587268914,0.5177230293500035,0.07171772591516219,0.03469307945813192
India,IND,1996,0.4305379808293293,0.5440969588630254,0.06862321257131791,0.06417678933395422
India,IND,1997,0.4370163152301558,0.572143270996863,0.09020014409764403,0.08746914583069046
India,IND,1998,0.44346447967807606,0.6071424586738274,0.08142845955882194,0.11467367505393514
India,IND,1999,0.4474121088978281,0.6430532846812252,0.09077293802279475,0.13564150499487657
India,IND,2000,0.4503857628048953,0.6795239541300406,0.08943117539320534,0.17643646774321847
India,IND,2001,0.4357391455331683,0.7292791338733656,0.1500543466140108,0.24598214551024844
India,IND,2002,0.4419226141453752,0.7461190312711037,0.15039301840543542,0.23542489544528516
India,IND,2003,0.44778471153415145,0.7654782330508847,0.1455500309326183,0.22362317607739302
India,IND,2004,0.4544274111066128,0.7826602578909002,0.15243929792387564,0.21734012076593173
India,IND,2005,0.45513025685714686,0.8059722141883691,0.16418422772466712,0.20346597871944766
India,IND,2006,0.4615217657830778,0.8242996883344217,0.09729712142405691,0.19087762471527367
India,IND,2007,0.46881279372744017,0.8454067801371139,0.09503989818988706,0.1744831819058707
India,IND,2008,0.4749457000180833,0.8737217933916346,0.09029969178438219,0.21179770521088262
India,IND,2009,0.48156141363081534,0.8905448051751524,0.0870445657265478,0.1753353942118221
India,IND,2010,0.4906951127894543,0.8727207354778517,0.09714272486936956,0.11181707475456054
India,IND,2011,0.478322472677222,0.8930510121688511,0.09932981041056874,0.038087871227853724
India,IND,2012,0.4834079691645859,0.9146893708709887,0.10185252194890959,0.0318511256859446
India,IND,2013,0.4881157536924233,0.9206702461393201,0.0931062647340821,0.04309364881925845
India,IND,2014,0.47449462788602664,0.8608293677469235,0.08666563799832301,0.047329358435578985
India,IND,2015,0.55260662368585,0.9016699772292547,0.19192738702224288,0.027291224471733905
India,IND,2016,0.5956839919509068,1.0026294437047718,0.20741766018372676,-0.001711050894543667
India,IND,2017,0.6123624086386341,0.9721697684772812,0.19559619177099974,-0.1077156833928295
India,IND,2018,0.6128126625276944,1.0407359960842113,0.22732166091797304,-0.12067333427237807
India,IND,2019,0.6082873598201453,1.0371116964667608,0.23166954891552227,-0.022041724286592138
India,IND,2020,0.5402927826970382,1.2167407492954003,0.21264425887364868,0.057263036397289316
India,IND,2021,0.6561728807239706,1.2699744677018199,0.14679453633915002,0.059443062810458025
India,IND,2022,0.47993321408075235,1.2139497884053592,0.04915731576130911,0.06935973184936825
India,IND,2023,0.5240294547750317,1.2510228439848257,0.14263257842933486,0.07377898434927961
India,IND,2024,0.6856154978526117,1.4539226062473718,0.13489519778278694,0.07571949731374705
India,IND,2025,0.6804884538216749,1.0616730998862012,0.11862663878882218,0.08906319174310348
Kenya,KEN,1970,0.34052047238437777,0.223744056201641,0.1869323252084575,-1.330884028929827
Kenya,KEN,1971,0.34052047238437777,0.223744056201641,0.1869323252084575,-1.330884028929827
Kenya,KEN,1972,0.11141795302338672,0.13979928416634224,0.1860736018654227,-1.2726306978613797
Kenya,KEN,1973,0.11330478831567947,0.19383151633947165,0.2018991943005187,-1.2264539422149634
Kenya,KEN,1974,0.33962726468452464,0.30153214738932843,0.19680274804420053,-1.1948868536344535
Kenya,KEN,1975,0.41899351700771525,0.3877581737004424,0.14029463126885955,-1.1512493319583816
Kenya,KEN,1976,0.31387874516812186,0.2884317532338989,0.1389358481453624,-1.1654576464450326
Kenya,KEN,1977,0.37139040580105476,0.30862315661328343,0.23759176717741334,-1.1610526779359878
Kenya,KEN,1978,0.4102383997931127,0.38662246601707995,0.24358114844400003,-1.0374891512390156
Kenya,KEN,1979,0.6412598377892277,0.44452895622290434,0.3286819475899988,-1.049517761346276
Kenya,KEN,1980,0.8632793160457546,0.3588871225107402,0.3653663130579119,-1.053468963713297
Kenya,KEN,1981,0.5829095804599981,0.4429514875964086,0.3332315787416748,-1.0463461491964048
Kenya,KEN,1982,0.23948300533029016,0.46413625553425897,0.33912227205803225,-1.068402624027682
Kenya,KEN,1983,-0.1446820057912375,0.3844033216712251,0.33687413941792665,-1.0987201237692643
Kenya,KEN,1984,-0.6794726007818052,0.2742456912468115,0.3767408954312663,-1.1381842017434778
Kenya,KEN,1985,-0.27019186646161475,0.2291507034159156,0.3726415863885888,-1.2757620377218213
Kenya,KEN,1986,-0.10971993664564833,0.2866230761609689,0.3821459714677738,-1.271138482833527
Kenya,KEN,1987,0.2030763897116074,0.5559454036313515,0.37259303273078076,-1.2675592010058718
Kenya,KEN,1988,0.38065151422761384,0.9028815315941988,0.365702781970765,-1.212514997904071
Kenya,KEN,1989,0.19150012129496014,0.9764590321529855,0.41049285500563704,-1.2890082229152486
Kenya,KEN,1990,1.056410206387185,1.4164497698576943,0.3420878628330093,-1.316342640638868
Kenya,KEN,1991,0.999174385752785,1.6614444175203023,0.21301106655181273,-1.1203378663532555
Kenya,KEN,1992,4.929276518573672,3.626358876809606,0.1989348428912806,-1.1145764073046822
Kenya,KEN,1993,2.707885404764666,2.7132430031752968,0.2074120469698841,-1.2149250506993916
Kenya,KEN,1994,1.4266152890791535,2.0988745085364275,0.13082620858817454,-1.2393900365314057
Kenya,KEN,1995,1.3776550347590497,1.747327616470447,0.12434004794455436,-1.2104040738091228
Kenya,KEN,1996,1.284803459119278,1.3956741845404486,0.13005099370625414,-1.132513505442374
Kenya,KEN,1997,1.5886513862135234,1.1310946218740239,0.12098568250820972,-1.1692141496605994
Kenya,KEN,1998,1.578611470555282,0.9282906346962251,0.1392062476326338,-1.1363917573577877
Kenya,KEN,1999,1.9931662193717212,0.76682188814258,0.10318843540453931,-1.1600978061294054
Kenya,KEN,2000,3.4228070035265654,0.6047598325553398,0.10407242619148023,-1.1048360804290525
Kenya,KEN,2001,5.009838752999985,0.12478562428033013,0.06587161052445561,-0.9889329637185242
Kenya,KEN,2002,5.9442695014189555,-0.368531042846611,0.06850305489236297,-1.015617262911171
Kenya,KEN,2003,5.9442695014189555,-0.7410128663825197,0.09911587369065294,-0.9982740045074623
Kenya,KEN,2004,4.155973891026224,-1.023349557033585,0.10900892026881169,-1.0024385617283473
Kenya,KEN,2005,2.8702328326200273,-1.3156310837960299,0.1069566858132906,-1.0095313380162727
Kenya,KEN,2006,2.5864002280003446,-1.5842774157791646,0.17232019526932593,-0.9684347964058702
Kenya,KEN,2007,2.2540102115796024,-1.8500035800554333,0.11852383145315844,-0.7518702123025722
Kenya,KEN,2008,2.136560240117094,-1.5873708917486495,0.16778054944921394,-0.7376180880444221
Kenya,KEN,2009,2.9207775449697606,-1.2814162780670384,0.14407060382538145,-0.9462650801011145
Kenya,KEN,2010,3.929299105762183,-1.016956479571558,0.14187761751233544,-0.9275385021185545
Kenya,KEN,2011,1.8919775742755949,-0.613518334985301,0.13353486922875765,-3.2172834727378126
Kenya,KEN,2012,0.8862800728854768,-0.23191583066021804,0.14234067804869543,-3.1798035712892427
Kenya,KEN,2013,-0.10827056691761333,0.13462223951422458,0.14598719448963848,-3.099286868042972
Kenya,KEN,2014,0.4302900585558284,0.23654665984891782,0.11044114880043629,-3.1415524762150726
Kenya,KEN,2015,0.5384812564900701,0.31179330142612316,0.08903037756600209,-3.0263899543686197
Kenya,KEN,2016,0.6239136881932192,0.3328973774084123,0.08936700532347641,-2.935630618059694
Kenya,KEN,2017,0.965104697115713,0.20605527767307333,0.07117180271465848,-1.8853890482797828
Kenya,KEN,2018,1.2948084533753297,0.3838595342281747,0.09866886324719806,-1.6366300787473438
Kenya,KEN,2019,1.0899844817147204,0.16143750672955093,0.09033049448751773,-1.504660246031217
Kenya,KEN,2020,1.0836464213785315,0.02600882905614521,0.10415611814373607,-1.362717056071487
Kenya,KEN,2021,1.0471373968502786,-0.038141246225097014,0.008251380968212811,-1.368259916107689
Kenya,KEN,2022,1.0174241074276642,0.024399056682985587,0.07445553336662883,-1.3640611719613045
Kenya,KEN,2023,0.9893449588533371,-0.0012707327047050132,-0.07405486642339074,-1.3002986863704167
Kenya,KEN,2024,0.9874007946267721,-0.025311150655296044,-0.0685021075588943,-1.317939893678742
Kenya,KEN,2025,0.9870921476706049,-0.5967050610016245,0.015478893243846652,-1.2864665940644628
North Korea,PRK,1970,0.028983538450599467,0.19930022811532822,-0.04686127206529892,-0.541826999756289
North Korea,PRK,1971,0.028983538450599467,0.19930022811532822,-0.04686127206529892,-0.541826999756289
North Korea,PRK,1972,0.030562486626658218,0.19954392698741305,-0.046897777925049886,-0.5343929680576381
North Korea,PRK,1973,0.07092065040384511,0.3601190402904645,-0.006869214994759943,-0.8943957158958058
North Korea,PRK,1974,0.07222589435170443,0.3547904092080352,-0.03347280291834946,-0.8249554679214397
North Korea,PRK,1975,0.07010610738188734,0.34469575171702516,-0.029015381297309427,-0.778872880096904
North Korea,PRK,1976,0.0675595544636786,0.2491832317583444,-0.027873218163266735,-0.7153580096480638
North Korea,PRK,1977,0.06681690691858352,0.24726558939887008,-0.02169044601008193,-0.6727855167232948
North Korea,PRK,1978,0.06464953374496425,0.24826529163986963,-0.011105529521878101,-0.5788166545371873
North Korea,PRK,1979,0.06200176428120008,0.245943575824396,-0.0342474707891711,-0.5404755738077738
North Korea,PRK,1980,0.056543652556012486,0.24140558544411972,-0.012532504984034446,-0.45553226481950004
North Korea,PRK,1981,0.05853672838002381,0.21804841476034797,-0.009377397562381207,-0.4321927170911717
North Korea,PRK,1982,0.05565403863698212,0.20140468592437516,0.008855243415377183,-0.4168381809665873
North Korea,PRK,1983,0.05451402123375245,0.20467994178652862,0.010422357972698124,-0.3989879053114414
North Korea,PRK,1984,0.05137602793858856,0.20470931756123997,0.005590729422900342,-0.38392131801006757
North Korea,PRK,1985,0.047952997517664894,0.20392699594757566,0.005665315202276184,-0.35152029741109525
North Korea,PRK,1986,0.041934569465786144,0.19298687188372374,0.00600677939001092,-0.3345934895038227
North Korea,PRK,1987,0.03539515602790319,0.18408098684404356,0.024759550347784796,-0.3203275371627956
North Korea,PRK,1988,0.03308533510553629,0.18458865209699316,0.02321540781453288,-0.2746715812872577
North Korea,PRK,1989,0.03286457546981516,0.199069412909254,0.028240967867565053,-0.25417694779622607
North Korea,PRK,1990,0.02938430899170713,0.1871411624711567,0.027227999973313495,-0.22962299899172128
North Korea,PRK,1991,0.01957803440733271,0.1521875192255663,0.05922707713111813,-0.19855255736218458
North Korea,PRK,1992,0.018600726764684907,0.1310487331154438,0.05258192529031296,-0.17736889437892359
North Korea,PRK,1993,0.014071804336068429,0.1194724644993452,0.057325090516415086,-0.14290102479779435
North Korea,PRK,1994,0.014027735251321173,0.12424306379965533,0.07555722113205436,-0.16412607329307138
North Korea,PRK,1995,0.015973673340291424,0.14358082848470152,0.07485906523160128,-0.179955456384779
North Korea,PRK,1996,0.021237830419621646,0.1669305385258753,0.02589676427134039,-0.20706108913088211
North Korea,PRK,1997,0.021880723966580078,0.17144879920942652,0.00873804486760649,-0.20200565352971991
North Korea,PRK,1998,0.021678185651188286,0.17152781006739504,0.009713403506463393,-0.19449735558249034
North Korea,PRK,1999,0.019918143246674222,0.1709575692561236,0.028169080129438903,-0.19057319694566144
North Korea,PRK,2000,0.019937401702297398,0.17051420003149428,0.031992223795916236,-0.16978803208921192
North Korea,PRK,2001,0.018833900513340475,0.18040462220384862,0.02614959356375697,-0.16027103165487955
North Korea,PRK,2002,0.018437932962635288,0.18207424229099806,0.02944632188236345,-0.1613517554295357
North Korea,PRK,2003,0.01882259018991391,0.1812260837048321,0.02772056987756097,-0.1611000978483752
North Korea,PRK,2004,0.02191832800332533,0.1817205763195137,0.02083861377890219,-0.1644511200675699
North Korea,PRK,2005,0.02239254460246729,0.1808173246480073,0.00888602820976952,-0.1584210522723819
North Korea,PRK,2006,0.02210803919708136,0.17963033740166579,0.010697433950685821,-0.15853331042959642
North Korea,PRK,2007,0.022238487023907478,0.17793723679756046,0.010809667311395328,-0.15505671853217012
North Korea,PRK,2008,0.022294709006596497,0.17333464218192007,0.011464736374632635,-0.14989047926746332
North Korea,PRK,2009,0.023292029700374015,0.1704472632422916,-0.00924481810910234,-0.15166442678145903
North Korea,PRK,2010,0.02076604665963854,0.1836388780105709,-0.007370021337991398,-0.1501588636261592
North Korea,PRK,2011,0.022826830858135506,0.179749175705174,-0.014872938446408657,-0.16147234693878382
North Korea,PRK,2012,0.024544239215176913,0.17721166876982944,-0.013215541537683652,-0.15428687103070776
North Korea,PRK,2013,0.024901533866992287,0.19272719009768008,-0.009509723046347925,-0.14873269327696542
North Korea,PRK,2014,0.027126213727144487,0.18830867499733472,-0.02001564505088503,-0.1498955716818972
North Korea,PRK,2015,0.026096959173514594,0.18405214298850087,-0.005331585932470356,-0.1440765279122559
North Korea,PRK,2016,0.025923229816783355,0.1785386017208799,-0.01556442815957161,-0.14476016081814952
North Korea,PRK,2017,0.024204184077770006,0.16624983391606035,-0.014174194272992602,-0.12280690669613153
North Korea,PRK,2018,0.024321045380617988,0.17335326130783543,-0.03168954248428101,-0.13675095508297871
North Korea,PRK,2019,0.016853773263998725,0.13810941499802412,-0.038774867955596676,-0.11587837867275189
North Korea,PRK,2020,0.020939177521262245,0.12847816461554623,-0.028622677876633744,-0.15241003857928775
North Korea,PRK,2021,0.024857439371044402,0.1641598766220974,-0.0014072370684395288,-0.16415821959615412
North Korea,PRK,2022,0.028200748571729398,0.20882759784677868,-0.03915844593713593,-0.15743705551183634
North Korea,PRK,2023,0.04759310046765736,0.23419455501137001,-0.0475901204506889,-0.1440075073971605
North Korea,PRK,2024,0.002108961834966252,0.1270825776675476,-0.06611446760038772,-0.14753023462891968
North Korea,PRK,2025,0.0012931906176090364,0.2172990768327381,-0.08275150427089642,-0.14182772591258375
South Korea,KOR,1970,2.9343985278895626,0.17909710245862265,-0.270593374499825,2.1186584012425413
South Korea,KOR,1971,2.9343985278895626,0.17909710245862265,-0.270593374499825,2.1186584012425413
South Korea,KOR,1972,2.9203405585917,0.1785189763157542,-0.27905438412955996,2.1577789359567774
South Korea,KOR,1973,2.945398859250648,0.3626151013039377,-0.8105136103416333,2.2585755786297077
South Korea,KOR,1974,2.936199843590332,0.42297463981599936,-0.43150204312442453,2.448663783391638
South Korea,KOR,1975,2.8858490660224887,0.40942934618904225,-0.3939200698906803,2.363657676220031
South Korea,KOR,1976,2.8507092641925125,0.4580732054949133,-0.39230994713874323,2.885805879888192
South Korea,KOR,1977,2.8162669093626156,0.43823829818422927,-0.34820907650496485,2.6761028551895434
South Korea,KOR,1978,2.7852810690113885,0.42717137394315197,-0.3407160876730705,2.2807458909015828
South Korea,KOR,1979,2.7566015938892057,0.40893672146179244,-0.2930883526294582,2.137775508599972
South Korea,KOR,1980,2.7667423862809395,0.4203445550080338,-0.28056268508981214,1.9208039590671109
South Korea,KOR,1981,3.0577199926447847,0.25135996357198864,-0.5923078343122786,2.034339474725594
South Korea,KOR,1982,3.027726229506613,0.43821729315203234,-0.4747958762616254,2.037244766573121
South Korea,KOR,1983,2.919169459643674,0.403223772301303,-0.471856094558856,1.9487967548905925
South Korea,KOR,1984,2.8120001169190965,0.38537170176241775,-0.47393241895297517,1.8645570920461538
South Korea,KOR,1985,2.7204970003156523,0.38261497751208606,-0.47305418468064125,1.644863643665397
South Korea,KOR,1986,2.643040540608416,0.4205459922583236,-0.47091706963817115,1.6005938840850051
South Korea,KOR,1987,2.5209369261080523,0.47656495228352963,-0.4718228308580641,1.48710216624966
South Korea,KOR,1988,2.642351604614473,0.5349992052560067,-0.4875276817073274,1.4979450786934
South Korea,KOR,1989,2.843019816523414,0.6329615251927345,-0.5329775670411591,1.738208528359277
South Korea,KOR,1990,2.0072110455925474,0.47449160435443144,-0.5262138680394453,1.4365663677377658
South Korea,KOR,1991,0.832155310649512,0.00958168004375574,-0.2286364539112682,1.158207636210638
South Korea,KOR,1992,0.8894558018875616,0.03011475249446644,-0.19787609136181564,0.8966961426873978
South Korea,KOR,1993,0.9699313026113066,0.02796258074114273,-0.21889703017963644,0.802830357256257
South Korea,KOR,1994,0.9820732567178756,-0.01690892500144671,-0.35460108853252126,0.7797409903290755
South Korea,KOR,1995,0.9831107146800311,-0.01964068876637637,-0.34161310182408255,0.6129939604281514
South Korea,KOR,1996,0.9784062003572029,-0.02350126250264533,-0.33996020700770796,0.5457291710123948
South Korea,KOR,1997,0.9667966981878111,-0.02425023016153561,-0.3712843719488414,0.5320121185090181
South Korea,KOR,1998,0.9504659757539589,-0.03228163612683426,-0.3992416567711135,0.5544065480680472
South Korea,KOR,1999,0.9078439886563051,-0.04675330773905386,-0.41399715461421194,0.5349383243301594
South Korea,KOR,2000,0.8420830194452831,-0.050653023726080895,-0.4129766602438228,0.44476727752510675
South Korea,KOR,2001,0.7735518847048095,0.005879356695196611,-0.38875198031290115,0.4267924792367061
South Korea,KOR,2002,0.7159208088175151,-0.007221577274024248,-0.39604129959768947,0.4162507719786268
South Korea,KOR,2003,0.6554494044721508,-0.02091283791621472,-0.35628314236965675,0.41248287441772036
South Korea,KOR,2004,0.5983342438387096,-0.060019975405462285,-0.3072577997186939,0.31999325798833483
South Korea,KOR,2005,0.5457683152687134,-0.07078090390625982,-0.26393895094550446,0.3019033640821839
South Korea,KOR,2006,0.4938165138471521,-0.08580025733440685,-0.3217690233060114,0.29584058006758696
South Korea,KOR,2007,0.4454799340608496,-0.09564717079289181,-0.327305346521503,0.3036409668875225
South Korea,KOR,2008,0.3971662068596424,-0.11919761680906994,-0.3019895429521513,0.41372275643539763
South Korea,KOR,2009,0.34854561531178113,-0.11515482646519712,-0.1843527472984421,0.4212350851214448
South Korea,KOR,2010,0.34252774290317284,-0.12284303688229226,-0.18660202692551803,0.3928149213012839
South Korea,KOR,2011,0.3310155198840256,-0.1415376623651262,-0.1691350011691304,0.27417752386547667
South Korea,KOR,2012,0.31697771729483404,-0.15334761847599543,-0.16536379091122305,0.25730594294665354
South Korea,KOR,2013,0.3145289876835204,-0.17463556816565012,-0.23727713352127328,0.19646141471108697
South Korea,KOR,2014,0.32810196636131955,-0.05277702380095478,-0.2072818638587674,0.17601368774846332
South Korea,KOR,2015,0.27506553894074937,-0.06624925543088162,-0.20024857656571243,0.1553976912233933
South Korea,KOR,2016,0.22296059456752507,-0.12523786306497625,-0.18518637273787641,0.14306250139564095
South Korea,KOR,2017,0.11837423117642423,-0.7153916368032649,-0.2160135471851744,-0.23002580200399905
South Korea,KOR,2018,0.07409385113211509,-0.6882358286024083,-0.4685230809349875,-0.20708967291108446
South Korea,KOR,2019,0.06601329560065719,-0.5538431280385461,-0.4904534067421013,-0.25486391738876
South Korea,KOR,2020,0.0426755423103343,-0.6762837153516681,-0.5100625138018771,-0.2284914204509975
South Korea,KOR,2021,0.002731435906172641,-0.6328091103262992,-0.4875378147898446,-0.22180066585902183
South Korea,KOR,2022,-0.01811415072123007,-0.632282805727475,-0.3847542561490301,-0.18080956933100478
South Korea,KOR,2023,0.029133330152286946,-0.6932904115011777,-0.44100900844816326,-0.2083157234745593
South Korea,KOR,2024,0.14392522849535064,-0.6392866564101924,-0.4583196314618569,-0.23167071548013543
South Korea,KOR,2025,0.14160420818463634,-1.2181955175194645,-0.24688970162964108,-0.239663057006675
Lebanon,LBN,1970,-0.05283866940774607,-0.6316253218547163,0.17571398348365186,-0.7749461839731216
Lebanon,LBN,1971,-0.05283866940774607,-0.6316253218547163,0.17571398348365186,-0.7749461839731216
Lebanon,LBN,1972,-0.044575887896665355,-0.8110782887597187,0.17018330068802776,-0.7926785812454774
Lebanon,LBN,1973,-0.045240809900317515,-0.7181525676339986,0.21186709828129646,-0.8029322600504165
Lebanon,LBN,1974,-0.04531221294439483,-0.5930931935344932,0.15783639479987047,-0.7977825613189604
Lebanon,LBN,1975,-0.04402262219439822,-0.43076163761343456,0.1428625927266977,-0.8044244266607368
Lebanon,LBN,1976,-0.02668647704274123,0.3288046263457759,0.029507945219018866,-0.5574901548038457
Lebanon,LBN,1977,-0.01718525916827632,0.2833363467706127,-0.36428554881823144,-0.7472979593963782
Lebanon,LBN,1978,-0.016829085788907867,0.1516752923798393,-0.34076269533852155,-0.6759076131276947
Lebanon,LBN,1979,-0.01898021341486341,0.07053146259403995,-0.18215658025841827,-0.6781259490674553
Lebanon,LBN,1980,-0.0068389265404090495,-0.036718025913219404,-0.084023650067778,-0.5945248066962263
Lebanon,LBN,1981,-0.02390703477320976,-0.17184458887324747,-0.05041190728359623,-0.635166410165954
Lebanon,LBN,1982,-0.02300495163107846,-0.3284335959135346,-0.039183035157901475,-0.6584055290259164
Lebanon,LBN,1983,-0.023145348279408007,-0.37948743519025907,-0.02640995277969828,-0.7059254029982747
Lebanon,LBN,1984,-0.0070486017102100035,-0.42771214173756633,0.014070745624894007,-0.7288084112905553
Lebanon,LBN,1985,-0.007822114204823826,-0.46767763442311383,0.020639287262108424,-0.7265319258977805
Lebanon,LBN,1986,-0.009169598767468715,-0.5393207354831401,0.029159544142201232,-0.7444487971811286
Lebanon,LBN,1987,-0.010057847296208506,-0.7125559214752496,0.040199404665575506,-0.7667223970749162
Lebanon,LBN,1988,-0.010360790512732086,-0.9761838252538303,0.04630661918750978,-0.7534713902937996
Lebanon,LBN,1989,-0.014586162406554878,-1.5427095938339,0.028688972260885987,-0.9017541569185927
Lebanon,LBN,1990,-0.03349576684913427,-2.529169261070488,0.04908678528291083,-1.1395803188488693
Lebanon,LBN,1991,-0.07669838589175602,-1.4795725912020619,0.663089805787666,-0.8744504679150985
Lebanon,LBN,1992,-0.08581399857720817,-0.10900539253252745,0.6725777028929663,-0.7577819103575283
Lebanon,LBN,1993,-0.08316892519654147,0.003095621757411293,0.9394165953785578,-1.1336077685521189
Lebanon,LBN,1994,-0.08030348659164262,-0.028007651168203473,0.8365329974426237,-1.1620431959311812
Lebanon,LBN,1995,-0.08473590538619662,0.10099992670513913,0.8087671117237205,-1.115014236815615
Lebanon,LBN,1996,-0.08799007429705771,0.21840929683355198,0.7515129470506449,-1.067094290108725
Lebanon,LBN,1997,-0.09080472330980317,0.5231388931064285,0.653488492051947,-1.1105903063515425
Lebanon,LBN,1998,-0.0952983602684559,0.8234080807125634,0.6555246257255718,-1.1574259446551527
Lebanon,LBN,1999,-0.09807015336787604,1.123695725929601,0.6440805716489624,-1.2065034170406537
Lebanon,LBN,2000,-0.10111109099531444,1.4305878201353142,0.6429223492528895,-1.2023605968440099
Lebanon,LBN,2001,-0.0882637559203817,1.25243558821582,0.6611012387178714,-1.1109500435404898
Lebanon,LBN,2002,-0.08873767477483667,1.055490326333575,0.6659144842660304,-1.1635839908672967
Lebanon,LBN,2003,-0.09527488919662692,0.8552596840929373,0.6045961527482391,-1.2147727513374633
Lebanon,LBN,2004,-0.09773671561147834,0.66859616674136,0.6020163860194052,-1.2461605152259227
Lebanon,LBN,2005,-0.0858635226173308,0.5179488249102385,0.6043425958127836,-1.2929907955135693
Lebanon,LBN,2006,0.001681008958377396,0.2901877336604937,0.7373009885899239,-1.34668042997078
Lebanon,LBN,2007,0.004291687625416174,0.09838487551818231,0.6826048083520618,-1.4312613655486062
Lebanon,LBN,2008,0.003913201932366499,0.37782041308689707,0.6490131246293944,-0.41136114074441077
Lebanon,LBN,2009,0.00051457491222785,0.6471553973742326,0.7101427827363543,-0.6618728009992454
Lebanon,LBN,2010,0.005956562123135875,0.8975974136648659,0.7178185934258619,-1.0033320773921233
Lebanon,LBN,2011,0.004205339815011184,1.1842894005380775,0.6576449408574652,-1.0675607080369272
Lebanon,LBN,2012,0.009286084565858884,1.4515274998639565,0.6665516997287332,-1.113487086982325
Lebanon,LBN,2013,0.008930783369505771,1.7416940428147072,0.6784957040552259,-1.1569021830928417
Lebanon,LBN,2014,0.006931219469478982,2.061427569211645,0.6772388382206006,-1.2064232154413008
Lebanon,LBN,2015,-0.0008390081693692769,2.3487944675671293,0.008286632630108356,-2.004621803313321
Lebanon,LBN,2016,-0.0007297347266118689,2.953407424138577,0.0049293135575353,-2.0010257383210552
Lebanon,LBN,2017,0.007188687027818557,3.5970170976653457,-0.08217360329810038,-3.074458305874696
Lebanon,LBN,2018,0.008863540186821735,3.983637430751851,-0.10167013582337765,-2.6446575465232423
Lebanon,LBN,2019,0.01863322258682986,4.565196649465877,-0.1509535783356291,-2.533110104369978
Lebanon,LBN,2020,0.04540089578647702,4.760235425179464,-0.16416727774117035,-2.2935486056957117
Lebanon,LBN,2021,0.036071246612863574,4.651927075486222,-0.1245355700940133,-2.2903722167487826
Lebanon,LBN,2022,0.03585935817983736,4.596964875700755,-0.052364089116585424,-2.281391826838955
Lebanon,LBN,2023,0.06970062667247441,4.649351924851913,0.2236903566348853,-2.0311683306327026
Lebanon,LBN,2024,0.06265772451813724,4.671703447491706,0.22650882925827376,-2.025547545753335
Lebanon,LBN,2025,0.06072727275097122,4.50245974387062,0.23713961648511367,-1.9823940335052035
Nigeria,NGA,1970,1.2389683901078088,0.40444134239125007,5.308821898119329,0.4965842779223611
Nigeria,NGA,1971,1.2389683901078088,0.40444134239125007,5.308821898119329,0.4965842779223611
Nigeria,NGA,1972,1.1870233593776722,0.4113469251123544,5.308821898119329,0.4831635894573862
Nigeria,NGA,1973,1.114127854652172,0.3975026897328258,5.308821898119329,0.47372238208940404
Nigeria,NGA,1974,1.0669272077985805,0.3932905162504883,5.060596050108815,0.45068486668456637
Nigeria,NGA,1975,1.0207267183130144,0.3892805939913785,4.85751606406153,0.4299437791286498
Nigeria,NGA,1976,0.9824741455946719,0.43961700836095063,4.7026245274275515,0.3119566414689683
Nigeria,NGA,1977,0.940705678631769,0.4339880938730194,4.614526730582323,0.3125292958901069
Nigeria,NGA,1978,0.8997520961586789,0.4219970851067745,4.553682528989047,0.317681666890692
Nigeria,NGA,1979,0.8752732131258559,0.43202136415279435,4.714485490567635,0.25664007826576263
Nigeria,NGA,1980,1.306245916925828,0.734340921626849,5.308821898119329,0.9330053097114765
Nigeria,NGA,1981,1.1061043040363479,0.6981767131792577,5.308821898119329,0.807390128456486
Nigeria,NGA,1982,0.9681373487755183,0.6598893839519072,5.1252883922561505,0.7504758279613657
Nigeria,NGA,1983,0.8386599442451362,0.6508010615996456,4.501944531865512,0.6899717727526519
Nigeria,NGA,1984,0.6596899100403106,0.6424160745334397,3.997574255284209,0.6279928921362496
Nigeria,NGA,1985,0.2674548814498211,0.5066193013199969,3.8923003459107255,0.9740856276213565
Nigeria,NGA,1986,0.23086424661996838,0.42535078156976414,3.593565040451821,0.8015339951789907
Nigeria,NGA,1987,0.24710892373756088,0.466709824771843,3.1599293613524013,0.6818203240315688
Nigeria,NGA,1988,0.21981844788966481,0.43150257376231477,3.0081729651493516,0.46197694648376764
Nigeria,NGA,1989,0.1883070540925171,0.3937172165802152,2.7173955193229227,0.3065966459740189
Nigeria,NGA,1990,0.17273590763389512,0.4009674841453664,2.518628428993432,0.0277478528278165
Nigeria,NGA,1991,0.11187157046199195,0.15628562763353762,1.5320877735492897,-0.101513380337238
Nigeria,NGA,1992,0.1433334482268766,0.16755232800640005,1.2918294226667146,-0.24875872794237353
Nigeria,NGA,1993,0.1980395735937407,0.1843677365056155,1.390007441534681,-0.7633730644245905
Nigeria,NGA,1994,0.2471004620391242,0.2212153982741237,0.7548437008558991,-0.8167532133927644
Nigeria,NGA,1995,0.29763695707183113,0.18819610785447172,0.5349323774425024,-0.7014111127583514
Nigeria,NGA,1996,0.3583325809853576,0.18561479830092253,0.4616212456631952,-0.6687205392967523
Nigeria,NGA,1997,0.42219127018209474,0.1877703028182112,0.14945803689819603,-0.6876839126010275
Nigeria,NGA,1998,0.4855054288420797,0.18601119841003458,0.10615211999104535,-0.7066859030515015
Nigeria,NGA,1999,0.5511252913603049,0.18481325918047428,0.10773262191112187,-0.7256990782903154
Nigeria,NGA,2000,0.6118486789906448,0.19247377721875866,-0.13413030777398038,-0.8787534455194991
Nigeria,NGA,2001,0.6070233947508199,0.19690593836729725,-0.08802811752103246,-0.8973771019284533
Nigeria,NGA,2002,0.5901278075135153,0.1971449874652322,-0.023310661436698576,-0.863122167507471
Nigeria,NGA,2003,0.5747860357344486,0.1967526564235768,-0.04908228677990378,-0.8282745260722788
Nigeria,NGA,2004,0.5594404935770676,0.20789280696834808,-0.025290345981377693,-0.7426474141869145
Nigeria,NGA,2005,0.5488700614385995,0.21285127311908178,0.01778068071704575,-0.7316243711863257
Nigeria,NGA,2006,0.5418641922249123,0.21200482023630793,-0.021884260357479368,-0.7081993259240587
Nigeria,NGA,2007,0.537013217736301,0.2103398593952272,0.009100525598194853,-0.6773318577879193
Nigeria,NGA,2008,0.5318109087830561,0.21427281612234558,0.06384787515140394,-0.634875493127095
Nigeria,NGA,2009,0.5273500374819786,0.22224422364994936,0.06824101119954362,-0.6321137752598683
Nigeria,NGA,2010,0.522436189914361,0.22008229815365876,0.12275746693289491,-0.5785725983357011
Nigeria,NGA,2011,0.5386926905849212,0.25399113798304707,0.1835609928744543,-0.3832770714645471
Nigeria,NGA,2012,0.5475991834177922,0.25944053062931055,0.21318638278121005,-0.3771634262119297
Nigeria,NGA,2013,0.532568094491381,0.2704029790075647,0.24930900647138537,-0.38334075824459035
Nigeria,NGA,2014,0.49886659068627437,0.43782124637265196,0.26685448672672585,-0.38389450551143445
Nigeria,NGA,2015,0.4850486368574237,0.43121326537817717,0.2785742944236985,-0.3785580506350127
Nigeria,NGA,2016,0.4822889882650314,0.4638671168422989,0.3100026894798766,-0.3743185114305274
Nigeria,NGA,2017,0.489902132305545,0.6345405656702228,0.3594741157672082,-0.39759161538373056
Nigeria,NGA,2018,0.4850139533138307,0.6475616626648841,0.3582862491705323,-0.39035842491328104
Nigeria,NGA,2019,0.4800523513022643,0.5703856854978476,0.3746386784620433,-0.39531960939473154
Nigeria,NGA,2020,0.43446103979495326,0.5315239817824594,0.42423984122950564,-0.551900689879327
Nigeria,NGA,2021,0.4090022026505532,0.33716798301614626,0.45195427570881863,-0.5789980224138943
Nigeria,NGA,2022,0.5929904414156336,0.4871439510186363,0.13889762647963683,-0.5778651615855923
Nigeria,NGA,2023,0.5881640813944056,0.4937523267005896,0.06198440813369445,-0.5316149614868322
Nigeria,NGA,2024,0.521656913726235,0.539842883237113,0.05123363690763215,-0.5113104547799328
Nigeria,NGA,2025,0.5215089885971527,0.6662736496388552,-0.021448098399234394,-0.5495981729891672
Philippines,PHL,1970,3.7194003389792987,1.1473094713916807,1.4119697125677866,-1.6487268768170733
Philippines,PHL,1971,3.7194003389792987,1.1473094713916807,1.4119697125677866,-1.6487268768170733
Philippines,PHL,1972,3.8692357978781544,1.148510840737904,1.3497921653567921,-1.5392780562901534
Philippines,PHL,1973,4.148090394428016,1.6130135763846392,0.4473545379177516,-1.1785988031275036
Philippines,PHL,1974,4.039508732708179,1.63880844034169,0.4475807945376018,-2.171950902148979
Philippines,PHL,1975,3.8735924222757516,1.5141303854598769,0.505062261774453,-2.6046356711138676
Philippines,PHL,1976,3.7071874554612165,1.2969683812361141,0.5065553038654685,-2.102208964765635
Philippines,PHL,1977,3.5471812980561923,1.2289029400445228,0.7665297297494198,-1.9962796509396648
Philippines,PHL,1978,3.397441451403518,1.1501642508386682,0.9419350833893643,-1.598437916744642
Philippines,PHL,1979,3.239728510369461,1.132539597474409,2.670928232702064,-1.9263577176315922
Philippines,PHL,1980,3.047300071209592,1.0973416334101334,1.8864926016538734,-1.4783900015540863
Philippines,PHL,1981,2.8583919231220913,1.0676541918858327,1.7590233967476183,-1.2729545542820966
Philippines,PHL,1982,2.8757016802025115,1.0834711522421676,1.6410601692845206,-1.1749582646417407
Philippines,PHL,1983,2.891325479807396,1.0257243455526113,1.569566962440518,-1.0489091392756318
Philippines,PHL,1984,2.910911656914208,1.0018994077356238,1.4787079286853513,-0.9051796167485323
Philippines,PHL,1985,2.9343759962812026,0.9670141838815862,1.3860051834885012,-0.3711046248872052
Philippines,PHL,1986,2.9883111326298266,0.9644051990705866,1.3053542519455839,-0.14597579940699454
Philippines,PHL,1987,4.055219354483868,1.5623472541188828,0.8279705461442892,0.037396831990184294
Philippines,PHL,1988,4.0728888332757585,1.5615737647951833,0.7945656732949966,1.2100099348724582
Philippines,PHL,1989,3.244374158318891,1.3228973764470864,0.8023015772624236,1.3856378245644352
Philippines,PHL,1990,2.3386892331621163,1.1019538214521174,0.705972725749006,1.216509703788431
Philippines,PHL,1991,0.756481608446105,0.6613624159099196,0.6166061755020474,0.9920985488641633
Philippines,PHL,1992,0.6345764181624705,0.3761762653148807,0.583450197690234,0.7998179565546125
Philippines,PHL,1993,0.5747819825483524,0.3166801277980402,0.5963279110031305,0.6532225966849665
Philippines,PHL,1994,0.5680168184528441,0.2906946808609038,0.5222357317617453,0.6304792130233167
Philippines,PHL,1995,0.5751480762210066,0.28142142291504624,0.49465753482943026,0.4582040116627477
Philippines,PHL,1996,0.5879237066523552,0.273734519411952,0.4654100120586503,0.28756568109350755
Philippines,PHL,1997,0.6042825959370564,0.2614924773878692,0.3629744220034523,0.2865855094128732
Philippines,PHL,1998,0.622891639111999,0.2602166546280848,0.3522856917444385,0.26512513311266234
Philippines,PHL,1999,0.6335274614735039,0.2652551590572028,0.41940921129293124,0.26102252960410904
Philippines,PHL,2000,0.6464045893816592,0.2600355097096147,0.42007645945610894,0.15086669449612466
Philippines,PHL,2001,0.6560694705513346,0.24557646727686872,0.39741992793705005,0.10308626268129738
Philippines,PHL,2002,0.6760460293228889,0.24260116257582295,0.3996474407461271,0.12035388442261714
Philippines,PHL,2003,0.6984819880440511,0.24571173899083476,0.28794936906334,0.13129919023107792
Philippines,PHL,2004,0.7334744281243473,0.24540857210498263,0.27511651968326256,0.09774818979804376
Philippines,PHL,2005,0.772488933627039,0.22577495729928765,0.34365873030836847,0.10660102080605896
Philippines,PHL,2006,0.8207527824718354,0.22519921691825642,0.0908810293466982,0.10817207636825223
Philippines,PHL,2007,0.8736222870622512,0.22693707050755624,0.08887596640902548,0.14141316961919945
Philippines,PHL,2008,0.9264363211168456,0.20174989681371222,0.10867743243722539,0.09840243213189961
Philippines,PHL,2009,0.979200554092841,0.20488905209569133,0.06489653113581795,0.12936762233945764
Philippines,PHL,2010,1.0338757795040738,0.20892531334171355,0.06030203313375428,0.13961957868748262
Philippines,PHL,2011,1.1184113320627005,0.12799513336894466,0.16264240339162594,0.09929498636080439
Philippines,PHL,2012,1.1498400311016805,0.1170356780670133,0.1316669853212284,0.09325482731584087
Philippines,PHL,2013,1.189236663831452,0.1288574032692918,0.13168037848672037,0.09143069102395876
Philippines,PHL,2014,1.2067878240414587,0.1713008697282608,0.10279995777157118,0.0915261369760044
Philippines,PHL,2015,1.2570445109689756,0.17618960161978486,0.05404168903849288,0.08047314373650899
Philippines,PHL,2016,1.3124022684032985,0.19557593825030262,0.05827464659901416,0.08266626749757548
Philippines,PHL,2017,1.4912145244628645,0.18942092843031932,-0.1926332159274978,0.5928869254478674
Philippines,PHL,2018,1.4952458570757052,0.2647680890489093,-0.21714736029780302,0.4137862947129062
Philippines,PHL,2019,1.5094671764292376,0.3487494076270969,-0.21087930180980308,0.3872142587691449
Philippines,PHL,2020,1.4831101600171106,0.3011283299743327,-0.2228137563929664,0.3445769025997206
Philippines,PHL,2021,1.4824005266920748,0.14355419985280277,-0.030342706143665493,0.3573142244397032
Philippines,PHL,2022,1.3831402302518876,0.08160128201889788,-0.061072389836424754,0.34140779853691167
Philippines,PHL,2023,1.3072543290645071,-0.06562475142438425,-0.15572977465759974,0.38294654993333305
Philippines,PHL,2024,1.3048625503329254,-0.013377469928812197,-0.14035061494076168,0.3123571041655233
Philippines,PHL,2025,1.3145896910488983,-0.1806101592257861,-0.13044393382474218,0.35966957483786527
Tanzania,TZA,1970,1.0174437670384318,0.29884761644292324,0.5726551668804918,0.020118591443565204
Tanzania,TZA,1971,1.0174437670384318,0.29884761644292324,0.5726551668804918,0.020118591443565204
Tanzania,TZA,1972,1.007808574305563,0.3414391134355077,0.5858130654524993,-0.021272929683705644
Tanzania,TZA,1973,1.0132212854308875,0.3475328014934046,0.5688678519782459,0.007909306387756429
Tanzania,TZA,1974,0.9949856015147431,0.34728355110469555,0.5502472833527368,0.012450898502405383
Tanzania,TZA,1975,0.9931100396925125,0.35458569986902766,0.5353967017866025,0.014368468650042925
Tanzania,TZA,1976,0.97683288759071,0.08072906632618408,0.5485262438873768,0.10662720991941602
Tanzania,TZA,1977,0.9713518938636823,0.1501457630716479,0.46064712321463497,0.07761665862258338
Tanzania,TZA,1978,0.9741157082538285,0.22306164342103657,0.4976548513634347,0.18619975289707164
Tanzania,TZA,1979,0.9575728852743854,0.3093282415885514,0.4952457363604718,0.1959152693512732
Tanzania,TZA,1980,0.9220848571080145,0.4105737909083127,0.41747044278075274,0.1670670972259991
Tanzania,TZA,1981,0.9532738208950948,0.4865436449892764,0.45484658749762497,0.208599194382385
Tanzania,TZA,1982,0.9579045497871879,0.6703795748367146,0.45162231625091087,0.21252345766488673
Tanzania,TZA,1983,0.9600599803515582,0.8205356542127039,0.46882832525832074,0.2199016953933795
Tanzania,TZA,1984,0.9488586935790514,0.9867533911254871,0.47740779657367916,0.21893932852682266
Tanzania,TZA,1985,0.9346890254474187,1.1557970960936532,0.48815865335738434,0.19785586060858754
Tanzania,TZA,1986,1.110228218558576,1.57761427938201,0.5588792178062308,0.18706718717414703
Tanzania,TZA,1987,1.1649441151654316,1.6035960475587197,0.6387647783613958,0.2647677072922796
Tanzania,TZA,1988,1.1387039003974173,1.5549567849336068,0.6451485800307074,0.24702265699236664
Tanzania,TZA,1989,1.1053697661439856,1.510474241195626,0.6369802442922219,0.22282407060736603
Tanzania,TZA,1990,1.0412969175188502,1.4908652528787707,0.6241452322191092,0.19438657939833692
Tanzania,TZA,1991,0.9702884210019352,1.5714200798837934,0.7199775028397755,-0.028039348589890684
Tanzania,TZA,1992,0.9627130467839675,1.5779782093740558,0.7071878253770632,-0.02946175773039522
Tanzania,TZA,1993,1.0469179650417404,1.7378723500428228,0.7020189564944215,-0.0029118328153522055
Tanzania,TZA,1994,1.0396583588060815,1.8323574863191783,0.684584277021475,-0.0029529755008233932
Tanzania,TZA,1995,1.044992983110164,1.9312641992336583,0.7036797071990866,-0.009636417523786925
Tanzania,TZA,1996,1.1482312002694832,2.09751903317777,0.8312667554636204,0.014455331575865343
Tanzania,TZA,1997,1.1615860571476802,2.1399899472880217,0.715660831910713,0.007953186989096361
Tanzania,TZA,1998,1.1618159523429528,2.1819104111291647,0.7194102293224296,0.010367440954302892
Tanzania,TZA,1999,1.1586774588457605,2.222657042187527,0.7093762693818134,0.009926137911017124
Tanzania,TZA,2000,1.156324392641928,2.263652957234387,0.7175125456289198,0.013230917646983406
Tanzania,TZA,2001,1.1496216799056924,2.3088415636968023,0.8869024381417265,0.18134514072263702
Tanzania,TZA,2002,1.1494966317884376,2.355532497207009,0.8858307925526726,0.18722456740235477
Tanzania,TZA,2003,1.1403933771056476,2.387744455423797,0.838975418371336,0.1892696524813589
Tanzania,TZA,2004,1.134619675698445,2.419001959694363,0.8329348421902749,0.18254298259895385
Tanzania,TZA,2005,1.1343428576490893,2.454044038597398,0.8289581666863022,0.17680882582979637
Tanzania,TZA,2006,1.130100995838467,2.4971602604580108,0.9522966713123773,0.18843138767687423
Tanzania,TZA,2007,1.1334709592521812,2.553459858919359,0.8934126202580641,0.209780412403338
Tanzania,TZA,2008,1.1365782504205186,2.5829498256217356,0.8834441472441178,0.1968020090892112
Tanzania,TZA,2009,1.1368513930548791,2.6372249857972356,0.8663361974001688,0.193495582620701
Tanzania,TZA,2010,1.140145981922752,2.6915560022207936,0.867960140100313,0.18255121291620793
Tanzania,TZA,2011,1.1401556036549105,2.7556414422309468,0.8819268120313273,0.15915259394981698
Tanzania,TZA,2012,1.116074429240782,2.7945448245714712,0.8822166985099476,0.15246537785496928
Tanzania,TZA,2013,1.1213946683371645,2.8575775199601767,0.8734455775146653,0.04572045871282285
Tanzania,TZA,2014,1.1032370527961284,2.9055465137099583,0.8694831608145219,0.05164016045376338
Tanzania,TZA,2015,1.1090439428891754,3.025615706388023,0.870966496034288,0.05566776288452645
Tanzania,TZA,2016,1.1304178457085166,3.241176461763702,0.9026126372865055,0.05407867324223657
Tanzania,TZA,2017,1.2792778849870052,3.878310190802301,1.0344817478977595,0.04736014090327538
Tanzania,TZA,2018,1.2702220661585621,3.8410121152229717,1.0298885132634825,-0.030863206194953655
Tanzania,TZA,2019,1.2759367087730609,3.7131403915823817,1.0159706974321605,0.03660474288247074
Tanzania,TZA,2020,1.2476245316255814,3.578999009739618,1.0046446941550695,0.07357423530278671
Tanzania,TZA,2021,1.193958254306829,3.4178156064256493,0.754584603097609,0.0814714076810251
Tanzania,TZA,2022,1.040578852916123,3.4648513260124396,0.8458326487581043,0.07606339767026406
Tanzania,TZA,2023,0.8610517349925861,3.326935214632566,0.8841012781443789,0.06989071293983555
Tanzania,TZA,2024,0.8080766616491081,3.0003773555500017,0.8813126478129176,0.06195569865975775
Tanzania,TZA,2025,0.8052034352360262,3.071451470572413,0.8869560604050772,0.06340540875697336
Taiwan,TWN,1970,1.2663588624994992,0.2739675475335283,0.3889060037128486,0.31417571412773426
Taiwan,TWN,1971,1.2663588624994992,0.2739675475335283,0.3889060037128486,0.31417571412773426
Taiwan,TWN,1972,1.265216745563234,0.2759706695933265,0.3881235399097772,0.2862561018302669
Taiwan,TWN,1973,1.2475708579591245,0.2630145795727992,0.40058694684021445,0.23358012821324314
Taiwan,TWN,1974,1.2198151859414272,0.22842915534570446,0.3418384430420002,0.21706771532289665
Taiwan,TWN,1975,1.227330748069587,0.2232446393476316,0.3249735863359534,0.2140822999007112
Taiwan,TWN,1976,1.1869677741176727,0.23389420984832004,0.324495547418653,0.0641455041823785
Taiwan,TWN,1977,1.1494175708209935,0.21800739949534387,0.24775601774086342,0.05691619854712943
Taiwan,TWN,1978,1.1512140885799458,0.21604051332974805,0.2375638634131912,0.04416277405118615
Taiwan,TWN,1979,1.1309801031826978,0.21283763818705326,0.37676226804429236,0.15552174863230828
Taiwan,TWN,1980,1.1002406684951653,0.2089182723623674,0.3262999738640651,0.15291625839757866
Taiwan,TWN,1981,1.353359341768898,0.3751554428891083,0.3893238195341612,0.1953334271237089
Taiwan,TWN,1982,1.3424782211634434,0.37188838014687675,0.3814260886005395,0.2031113949043587
Taiwan,TWN,1983,1.3417177799911495,0.3719826128448539,0.3899380072418659,0.21191648401262259
Taiwan,TWN,1984,1.3520836772519118,0.37723335267657676,0.4036931927244467,0.22675949038073348
Taiwan,TWN,1985,1.3305943961951183,0.3715844484068128,0.4070101026428983,0.27188751755638685
Taiwan,TWN,1986,1.2669644114332044,0.38862570410565467,0.4083594548045568,0.2609769529900286
Taiwan,TWN,1987,1.418606316402142,0.6352239701786793,0.39356970145420456,0.23948444584510561
Taiwan,TWN,1988,1.6486389345547516,0.8390597906128594,0.38170418669617834,0.3399269382752948
Taiwan,TWN,1989,1.9823745351493196,0.9062573601851683,0.2980557685741471,0.6447396831001186
Taiwan,TWN,1990,2.077699026833394,0.7437873333480833,0.8025894490030612,-0.11797929828909309
Taiwan,TWN,1991,1.3608794551387873,0.09940958632568506,0.458568573484456,-0.8245769997244985
Taiwan,TWN,1992,1.2983543387848138,0.07402915649885798,0.44824730427533355,-0.6326761617792827
Taiwan,TWN,1993,1.2916597883512497,0.14543641790487727,0.43763660518509584,-0.40340698575800676
Taiwan,TWN,1994,1.303395853868625,0.18353076655146341,0.41210834983263345,-0.293988217724431
Taiwan,TWN,1995,1.3054194972355715,0.20334138669432628,0.38756365414887095,0.0176797358267915
Taiwan,TWN,1996,1.3189006334231934,0.22907394402156572,0.3805030153308794,0.25728390521712474
Taiwan,TWN,1997,1.3743439920154596,0.3206165885605316,0.8050936387345338,0.4211316755174646
Taiwan,TWN,1998,1.3824808853501231,0.3398553491666645,0.7939855597683639,0.404962979241289
Taiwan,TWN,1999,1.3874109221948574,0.35741276972184644,0.7866383345897731,0.5552126265704456
Taiwan,TWN,2000,1.3896769465451633,0.37601900001807226,0.7926997102765159,0.897818154338624
Taiwan,TWN,2001,1.7085009710126813,0.39878094785778123,0.5972997097258693,1.7510675009356855
Taiwan,TWN,2002,1.6973370435187247,0.42208159795552613,0.5953392795429305,1.9197191759476957
Taiwan,TWN,2003,1.6720276732749833,0.43882779093104346,0.5562194550116863,2.0828184794730964
Taiwan,TWN,2004,1.647094078176984,0.44853205617165287,0.5329703356223652,2.235088333834316
Taiwan,TWN,2005,1.6218953506016924,0.47329970042073255,0.659626980170485,2.806545784156199
Taiwan,TWN,2006,1.602845199704975,0.4872762301392932,0.5127871083151025,2.897854764653733
Taiwan,TWN,2007,1.59164636545558,0.5013440308788217,0.49875604260755835,3.0203120062416016
Taiwan,TWN,2008,1.5786373847556174,0.4993283041039731,0.4696972861032643,3.1350227262829944
Taiwan,TWN,2009,1.5553161698017264,0.5398478058573142,0.22202293338772824,2.7801250236347497
Taiwan,TWN,2010,1.5373887312416619,0.545950633261943,0.24867165648424902,2.139636669914354
Taiwan,TWN,2011,1.5105271842687134,0.5495844734387086,0.28447683081891,2.8674111440325714
Taiwan,TWN,2012,1.4746031700429163,0.569038872098717,0.2808291875537203,3.3583807923074405
Taiwan,TWN,2013,1.4643790575658688,0.5729750117728138,0.246949972217823,3.848812244811226
Taiwan,TWN,2014,1.3974912022297123,0.6514645529941713,0.2607482621055998,4.305215352005446
Taiwan,TWN,2015,1.3750513720729374,0.6502037611160941,0.2736197217547508,4.893523936361011
Taiwan,TWN,2016,1.3688233829242242,0.6771352165975072,0.2743125149524765,5.435059478322133
Taiwan,TWN,2017,1.262452890652713,0.7941492002481945,0.37804565394088935,6.3601324861777595
Taiwan,TWN,2018,1.256807729629326,0.8418636619462665,0.34228009155003825,6.5142716654913135
Taiwan,TWN,2019,1.3027828977523552,1.4827579620111158,-0.4098655536377129,6.5142716654913135
Taiwan,TWN,2020,1.304430859656887,1.7362699093032745,-0.4999774845334712,6.5142716654913135
Taiwan,TWN,2021,1.3048906750495983,1.648338794073119,-0.45611096434123793,6.5142716654913135
Taiwan,TWN,2022,1.2615617832647381,1.6723112772971882,0.2676397729842035,6.5142716654913135
Taiwan,TWN,2023,1.182126815720667,1.540624257925209,0.08340683625730978,6.5142716654913135
Taiwan,TWN,2024,1.135296829962893,1.3613276553674547,0.08253130960807091,6.5142716654913135
Taiwan,TWN,2025,1.1333191535923093,0.8179887489600576,0.09600576686639739,6.5142716654913135
Thailand,THA,1970,1.7684849521122155,0.07097912141645527,0.9150721687250727,2.0364987349459693
Thailand,THA,1971,1.7684849521122155,0.07097912141645527,0.9150721687250727,2.0364987349459693
Thailand,THA,1972,1.6811591815037104,0.06402600129635237,0.7611959636239463,2.352173066079292
Thailand,THA,1973,1.651686942517909,0.14350617469408247,0.6219927582599727,2.3896418956112235
Thailand,THA,1974,1.4417233508038771,-0.010698571351812194,0.8012362358768178,2.500376466447072
Thailand,THA,1975,1.4572335461993156,-0.1406322611569376,0.5578811024285677,2.2764313886813095
Thailand,THA,1976,1.3933019603044554,-0.1613627992086239,-0.037997836247260386,1.6211692899900498
Thailand,THA,1977,1.4072644436299544,-0.09488126096551991,-1.0615608119212974,1.7866688507909938
Thailand,THA,1978,1.3146773324931524,-0.018225188387113428,-1.643524825208132,2.407986958636763
Thailand,THA,1979,1.2655843260116995,-0.024078189940819686,-0.017750866015373123,2.0325265243886017
Thailand,THA,1980,1.2368469972152323,-0.014436791253805287,1.50986227158966,2.425289063161026
Thailand,THA,1981,1.9328374375911335,-0.027712528130416747,1.5630777865510321,2.2618324774257728
Thailand,THA,1982,1.808846305678589,-0.023790585723412166,1.5259344108990072,2.2260027710638925
Thailand,THA,1983,1.7073158791123717,-0.03536229787622186,1.5257631537172458,2.184474643989545
Thailand,THA,1984,1.613958280276645,-0.040269458327180443,1.56685638928652,2.1636532294832653
Thailand,THA,1985,1.4743933080110976,-0.03817948333011198,1.561026344637363,2.043433329004573
Thailand,THA,1986,1.2720470932540375,-0.01204058990258626,1.5387234212680552,2.0015013266629165
Thailand,THA,1987,1.1010961035672173,0.04932118676586157,1.498240859057553,1.9488839392002935
Thailand,THA,1988,0.9852799640806373,0.05047879038405692,1.4981950786504543,1.809897134078644
Thailand,THA,1989,0.9856579755675228,0.12648085610917226,1.4557792604070459,1.772114172375072
Thailand,THA,1990,0.8251572074363573,-0.010495562664107505,1.4537537169050887,1.6937770688349527
Thailand,THA,1991,0.4637439026708289,-0.03811892104938158,1.4118723561678423,1.523601167524039
Thailand,THA,1992,0.4280497605727159,-0.04796290026962649,0.9950791417593097,2.31105443120187
Thailand,THA,1993,0.5365581460813755,0.1561351517038228,1.15236363084377,1.5554577280915742
Thailand,THA,1994,0.5989052593079414,0.10592152880862932,1.296706396826792,1.56906354626864
Thailand,THA,1995,0.618350672347459,0.10756241345689145,1.3130600498298999,1.4475475452116693
Thailand,THA,1996,0.6373498859941925,0.10765032608942889,1.322297871576431,1.3628512603123943
Thailand,THA,1997,0.6558385016158788,0.1156532276093869,1.1722893061210051,1.3627337177690442
Thailand,THA,1998,0.6787681871111186,0.12036489621336309,1.2110254644098808,1.3857028762428862
Thailand,THA,1999,0.7040120505093973,0.12027460336380566,1.2286598879500163,1.3843400678431612
Thailand,THA,2000,0.7218236865682817,0.12443358096978868,1.208591224392332,1.4145449037283446
Thailand,THA,2001,0.7260789607806145,0.29235989473960605,1.2831103555975065,1.3818935532310874
Thailand,THA,2002,0.7468908506431088,0.3198040659190138,1.29837690075799,1.3946728749558992
Thailand,THA,2003,0.753993775535182,0.3216171068925515,1.3162823842489184,1.4075027371843067
Thailand,THA,2004,0.7806430170918319,0.32442527860340126,1.3319520612953522,1.3958065392907621
Thailand,THA,2005,0.8115757791625926,0.31351785008482047,1.3156541191505455,1.4160876301519183
Thailand,THA,2006,0.8489229466725067,0.33368578273861293,1.4463685528195804,1.4179213440420178
Thailand,THA,2007,0.7844424776900555,0.37627096324236686,0.4481066317294553,0.7623074034637112
Thailand,THA,2008,0.8233912069408332,0.5527026436813361,0.47614399958061615,1.58169785248643
Thailand,THA,2009,0.9367377832536001,0.48905539786552504,0.7632162321810501,1.0519258739861141
Thailand,THA,2010,0.9566374302409145,0.4689344064962312,0.769565432497562,1.067399459505153
Thailand,THA,2011,0.9668064508475079,0.4677475043358111,0.8518658631292733,1.0492308898783063
Thailand,THA,2012,1.0532558377193297,0.4144718178088961,0.8551262571469198,1.0388590870462011
Thailand,THA,2013,1.0704415379331063,0.3841925457620352,0.8792182058679574,1.0473755229624508
Thailand,THA,2014,1.1656544741616708,0.2572426897852962,0.9356078362738183,1.0698329045398298
Thailand,THA,2015,1.3830388765299353,0.22340455491615163,0.7776282210474543,1.0058172297502446
Thailand,THA,2016,1.3766965876981687,0.35648747396853075,0.7307373109679014,0.9860723144285254
Thailand,THA,2017,1.3521212822009727,0.3719048138174178,0.753276973180936,2.1654620591256317
Thailand,THA,2018,1.3369676152080539,0.4016937911755748,0.8703241151265768,1.2904874469061978
Thailand,THA,2019,1.3114476769420453,0.3560357817506779,0.8735998860080901,1.1708220967973486
Thailand,THA,2020,1.391790099159297,0.5291106103906884,0.9426460368490965,1.5072312179772194
Thailand,THA,2021,1.3005781873444793,0.3407278606978372,0.778052883966622,1.4944694659441482
Thailand,THA,2022,1.1814720996123085,0.23118748560945732,0.901368227973575,1.4889104341742172
Thailand,THA,2023,1.1334935928341876,0.2860252028427608,1.0273950566415277,1.4241328436259968
Thailand,THA,2024,0.8578865249399572,0.021225170093395446,1.0170692199225273,1.2913700023964978
Thailand,THA,2025,0.8576113727654648,-0.05659355063374999,0.8448477280336172,1.176297288131235
Uganda,UGA,1970,5.9442695014189555,-0.297812804594915,2.0481662173044506,-2.0313288934656493
Uganda,UGA,1971,5.9442695014189555,-0.297812804594915,2.0481662173044506,-2.0313288934656493
Uganda,UGA,1972,5.9442695014189555,-0.4253210874306456,1.998357309812544,-1.4974996915565775
Uganda,UGA,1973,5.617244961927394,-0.4257194381089505,1.8279679872571135,-1.1562635183166377
Uganda,UGA,1974,4.048068493674863,-0.40215166607062575,1.8945455778295701,-1.2298634657066216
Uganda,UGA,1975,3.099161148446015,-0.3942324600378879,1.83981682251127,-1.2613703903342095
Uganda,UGA,1976,2.888401615769239,-0.24682743013029607,1.8341464712900462,-1.3569695058343427
Uganda,UGA,1977,3.157717383034529,-0.24478856213768124,1.7367896470263888,-1.3980047928139354
Uganda,UGA,1978,3.505634333127244,-0.24457457411299566,1.7343278931535169,-1.5843374828709993
Uganda,UGA,1979,4.435300855333086,-0.2384003483577073,1.5882854994355895,-1.6683819199264327
Uganda,UGA,1980,5.9442695014189555,-0.1657017750150605,1.7724741801029191,-1.9747071565270318
Uganda,UGA,1981,5.9442695014189555,-0.13552865117913238,2.3322478387074232,-3.827393187982798
Uganda,UGA,1982,5.437234833469291,-0.10690062078356363,2.419147510237008,-3.6493302700694397
Uganda,UGA,1983,2.83178015797116,-0.09929484142786878,2.4171753461276246,-3.465153110091394
Uganda,UGA,1984,1.5017287734441664,-0.0980502634405375,2.3947182733786088,-3.2801332764339417
Uganda,UGA,1985,0.8725681932442577,-0.09131701186442477,2.3921142055009943,-2.9582048026413768
Uganda,UGA,1986,2.9216808810613992,-0.14698745642088734,1.566261170322401,-3.152599386510301
Uganda,UGA,1987,4.324647903907194,-1.3725339715125746,1.2868272648295147,-2.896560982187158
Uganda,UGA,1988,2.2222716668993456,-1.2927931701568645,1.2918835713731671,-2.482187879776526
Uganda,UGA,1989,0.7290474375203262,-1.1831262076995257,1.3049033397155234,-2.164464724938296
Uganda,UGA,1990,0.493708137999534,-1.0441502510592855,1.9471038569346422,-2.1947457611065992
Uganda,UGA,1991,0.6617769754358981,-0.7154059771762604,2.078703415134622,-1.5980920052450136
Uganda,UGA,1992,0.39893351428633156,-0.40415509367793134,2.063112553934708,-1.133780896744516
Uganda,UGA,1993,1.3294390518682373,-0.3356424390407129,2.0451048740434477,-0.7195122381932775
Uganda,UGA,1994,3.369976318300896,-0.32093051898463043,1.9625448675360366,-0.48640365831165006
Uganda,UGA,1995,4.612654017128396,-0.30376969865765413,1.9525386846691297,-0.11799421818864853
Uganda,UGA,1996,4.6170934634084375,-0.30553426639373404,1.9381771009691176,0.7943667045674512
Uganda,UGA,1997,2.6582225729758386,-0.28240277184769746,2.230957045680709,0.8474771939199984
Uganda,UGA,1998,1.1035007915587332,-0.2824306325772486,2.219061361163304,0.8903184466332276
Uganda,UGA,1999,0.379193052648506,-0.2826956226298723,2.1730493365266574,0.9390774915088905
Uganda,UGA,2000,-0.38708555734569344,-0.2813297895403075,2.1737800082558527,1.0006152612119399
Uganda,UGA,2001,-0.9169630746808686,-0.25175134425645085,2.1515205029550426,1.5156182941678789
Uganda,UGA,2002,-1.1427650185161222,-0.26325786592063327,2.202020695305473,1.4729225407016502
Uganda,UGA,2003,-0.611680145216673,-0.2649377933065381,2.076660866231788,1.4188021362013838
Uganda,UGA,2004,0.2144535752326516,-0.2720738850122508,2.071606629474269,1.356228622209988
Uganda,UGA,2005,0.6226324477128724,-0.2753806263862831,2.076312103885094,1.299700442843164
Uganda,UGA,2006,0.8193380708280702,-0.28158952611912347,2.1395521379356106,1.257284123225567
Uganda,UGA,2007,0.6623102062154885,-0.31103696733862163,2.159553159674571,1.2563402685430076
Uganda,UGA,2008,0.43099695492846113,-0.26161069913507307,2.118534255754194,1.089816389920767
Uganda,UGA,2009,0.1726009247766903,-0.2629785557938574,2.1121853207350356,1.0377346755932482
Uganda,UGA,2010,0.06078643758965322,-0.25926112033106163,2.135494950284328,0.9742019648002002
Uganda,UGA,2011,0.40194980568945304,-0.2473675571006932,2.107314787475743,0.9030203654046041
Uganda,UGA,2012,0.7941412861587056,-0.22235040994598707,2.151683795846762,0.8929511658219952
Uganda,UGA,2013,1.2002131758999313,-0.18991318040334892,2.2111388275425194,0.9166998766982378
Uganda,UGA,2014,1.6223847759391696,-0.1566247828599029,2.2415225261408223,0.8984536908366074
Uganda,UGA,2015,1.9617111180734381,-0.1517050143711428,2.2314234472069314,0.9153692422008709
Uganda,UGA,2016,2.4578673318191377,-0.2150872154216445,2.2568284375570156,0.9266729032235638
Uganda,UGA,2017,2.0490836708786744,-0.24532561736019076,2.1217374365002213,0.7305181590840842
Uganda,UGA,2018,1.5899755778332552,-0.17120220715822212,2.009488380519068,0.8832090626809502
Uganda,UGA,2019,1.1364652499741084,-0.23582226983214702,2.020669235325359,0.8143230479357174
Uganda,UGA,2020,1.1319964521897017,-0.28586601955412694,2.055304468158119,0.8730702934040746
Uganda,UGA,2021,1.1331451602146412,-0.37633186653989903,2.113775086369889,0.8882403322892523
Uganda,UGA,2022,1.1886480204846674,-0.19126866129441444,1.5483440127301547,0.8903569258057042
Uganda,UGA,2023,1.1806609241576689,-0.11906254449287987,1.8446539771531936,0.8249845133581002
Uganda,UGA,2024,1.2025456149540656,-0.09032745407750804,1.890365379556954,0.8151039596935128
Uganda,UGA,2025,1.2036846781981883,-0.1661369562070123,1.9516317328769024,0.9220110368241847
Venezuela,VEN,1970,-0.15371691904480284,-0.5092943339474215,0.6083226893963363,0.8163610703870698
Venezuela,VEN,1971,-0.15371691904480284,-0.5092943339474215,0.6083226893963363,0.8163610703870698
Venezuela,VEN,1972,-0.32321974358125066,-0.5089840396063001,0.607188380015875,0.7773237254377724
Venezuela,VEN,1973,-0.2606568012571122,-0.5387283866749651,0.604396204969349,0.7401215119061682
Venezuela,VEN,1974,-0.12963013371312243,-0.5859596829331042,0.7628981829759083,0.6085303127673931
Venezuela,VEN,1975,-0.07878675482245455,-0.6076011205369827,0.8275924303778149,0.5683365993308436
Venezuela,VEN,1976,-0.06099658940132464,-0.4403614786633147,0.8262948875362979,0.5570240082639335
Venezuela,VEN,1977,0.0026864270203490123,-0.4535767227549956,0.7559770462112649,0.5459330274342182
Venezuela,VEN,1978,0.07520691075110546,-0.44853366809890316,0.7469762514636322,0.5282280602820603
Venezuela,VEN,1979,0.17172043222522385,-0.44758176435251096,0.8866377815844695,0.589919677874934
Venezuela,VEN,1980,0.25875906704813717,-0.45142739950335165,0.5371890946347537,0.6473463143244611
Venezuela,VEN,1981,0.21667287013828218,-0.4613490894540434,0.531501067125247,0.6412278558431681
Venezuela,VEN,1982,0.1467948860859322,-0.44869702238711595,0.5313511553515033,0.6520211221765222
Venezuela,VEN,1983,0.07743351242270347,-0.45967700597534455,0.5366765937264592,0.6647805292225382
Venezuela,VEN,1984,-0.06199635207943907,-0.46465987653403595,0.572884626845947,0.6520919899889268
Venezuela,VEN,1985,-0.05241734555912313,-0.4978641448641776,0.5746920681117003,0.5388741285355878
Venezuela,VEN,1986,0.05067876424193366,-0.48945831966999054,0.5630845781696234,0.533892994037133
Venezuela,VEN,1987,0.19283763977564006,-0.4337350784036164,0.5451567352483423,0.5327219944891759
Venezuela,VEN,1988,0.40971104227523214,-0.4402618061086426,0.5535061766121768,0.5153401336635781
Venezuela,VEN,1989,0.3435525790069502,-0.25899446237708734,0.6487790018215773,0.3484683383845306
Venezuela,VEN,1990,0.21438143762831127,-0.27447250376576865,0.6815537724490649,0.2784124355942523
Venezuela,VEN,1991,0.20835036173035515,-0.39359993814113603,0.4298852662019078,0.2359984830166385
Venezuela,VEN,1992,0.16957360678066247,-0.3389101557626071,0.4201486091253062,0.19264100250928373
Venezuela,VEN,1993,-0.2358401983259218,-0.23137263293944915,0.4215034092849103,0.07007942934511657
Venezuela,VEN,1994,-0.7072911342191804,-0.27597987134090485,0.31364457344369767,0.10319457948547267
Venezuela,VEN,1995,-1.5315793693894275,-0.24857078596199364,0.35590240828746467,0.6005111165047696
Venezuela,VEN,1996,-2.640350507857425,-0.2525522033514729,0.35147335265060753,0.5623609219172591
Venezuela,VEN,1997,-4.115426371482475,-0.25079966463599007,0.34071238127516706,0.5772095734686611
Venezuela,VEN,1998,-5.654318969802445,-0.2521322694435604,0.3458191445659112,0.5907228152005408
Venezuela,VEN,1999,-7.749653252100009,-0.2576548758645434,0.4630514636632669,0.5882819079896666
Venezuela,VEN,2000,-7.503400698513375,-0.3533214672439763,0.38180852269596555,3.2193181520556675
Venezuela,VEN,2001,-6.162742380291088,-0.43971745762860476,0.7439434068854416,2.7593582479846503
Venezuela,VEN,2002,-4.915931397946242,-0.4345955181373165,0.7309413541964244,2.7269465729867326
Venezuela,VEN,2003,-4.338295141949045,-0.4353861132064716,0.7102272823463578,2.6577411914546114
Venezuela,VEN,2004,-3.994973439096805,-0.4404092639565834,0.6913723497881602,2.4664760643221344
Venezuela,VEN,2005,-3.8211819386487376,-0.43848166632434193,0.7005554656625685,2.355307655444298
Venezuela,VEN,2006,-3.144432386029724,-0.43857152082157513,0.8362140193249272,2.31528167530915
Venezuela,VEN,2007,-2.431922780475792,-0.4326864888745815,0.8222487792428737,2.198778780880693
Venezuela,VEN,2008,-1.7509660795333861,-0.42359128723031425,0.7890071876916738,2.1725739721423487
Venezuela,VEN,2009,-1.044088002117962,-0.415049737177382,0.7827086035183827,2.0122700066185106
Venezuela,VEN,2010,-0.3456571140237362,-0.4194372636618837,0.7755824104767037,2.0122983895122433
Venezuela,VEN,2011,0.3766929004402606,-0.39488336354676057,0.7091705581904489,1.8639001754491378
Venezuela,VEN,2012,1.2088196348760327,-0.3825348578224087,0.7014166928226184,1.8429492076386653
Venezuela,VEN,2013,2.0422711121544506,-0.39729011275494075,0.6740617669789915,1.8027361115203242
Venezuela,VEN,2014,1.748797611727703,-0.43497484121003316,0.6731572642126158,1.787113078526613
Venezuela,VEN,2015,1.2980302156883545,-0.4347484916482365,0.6320623654945894,1.8028340235061981
Venezuela,VEN,2016,0.8118226477188691,-0.4272503527429498,0.6087023833037487,1.8152969516009314
Venezuela,VEN,2017,0.9698620948152159,-0.8846211700883292,0.7420306814945034,0.8244193509458053
Venezuela,VEN,2018,1.1852101020512023,-0.9876395313790081,0.7200621184853929,0.7597830230800913
Venezuela,VEN,2019,1.1755156159232123,-0.8723575035875154,0.7437115128882661,0.6896225378385665
Venezuela,VEN,2020,1.1762860036427485,-0.7567494012923655,0.7018187502789639,0.7211587639568307
Venezuela,VEN,2021,1.2031960563056985,-0.5521415530570002,0.7188950883209649,0.7331231815105588
Venezuela,VEN,2022,1.1689359644941557,-0.5851459926053332,0.6882812998589412,0.7409093889642249
Venezuela,VEN,2023,1.1645117717124935,-0.6481443879401364,0.6743380017371909,0.660990684811706
Venezuela,VEN,2024,1.1963891404414164,-0.5035487863560806,0.6717661492740498,0.9860026786308668
Venezuela,VEN,2025,1.1944083809112664,-0.7773843199938284,0.8825496588112685,0.7824949421355112
Benin,BEN,1970,5.206328957088407,4.9889071248385,3.359752429710328,0.25068130553962575
Benin,BEN,1971,5.206328957088407,4.9889071248385,3.359752429710328,0.25068130553962575
Benin,BEN,1972,5.9442695014189555,7.027289979621478,3.225501125076294,0.6149238738532413
Benin,BEN,1973,5.9442695014189555,6.96957800492769,3.089351387146622,0.30849862455819016
Benin,BEN,1974,5.9442695014189555,4.4923606434972045,2.9931426773914147,0.13338011872329386
Benin,BEN,1975,4.944441673140327,1.9110585146000625,2.8700596029541257,-0.07123654447860715
Benin,BEN,1976,3.7658955024664187,1.3926950365939703,2.7840441675436565,0.332770125588381
Benin,BEN,1977,2.722182537808594,1.3294937986591808,2.7811936451053345,0.6959712833178037
Benin,BEN,1978,1.70880438362129,1.331221102839099,2.844872650486604,2.7193382460089195
Benin,BEN,1979,0.7769540968271246,1.4430888118126093,3.237556801265831,5.431158499088444
Benin,BEN,1980,0.47872528356251565,1.93870205576459,4.156250331160918,3.447472124923199
Benin,BEN,1981,0.303078422047118,1.3742353286126465,3.5505196030825754,2.596483499820362
Benin,BEN,1982,0.29432356047766384,1.2517385058074566,3.0761360121039973,1.753093568373944
Benin,BEN,1983,0.2904819246656041,1.2027447205589183,2.649236046046277,1.0035665607518447
Benin,BEN,1984,0.29374708528625926,1.1622917390358882,2.203004081681196,0.22618181790775208
Benin,BEN,1985,0.3995406961182652,1.0737280377595724,1.783796188018293,-0.1470516898963976
Benin,BEN,1986,0.4939314328055742,1.2509626750389966,1.3067734418234263,-0.4078521635093979
Benin,BEN,1987,0.8659847938894208,1.9391969538916383,0.7711268349292869,-0.6927442208031043
Benin,BEN,1988,1.4965362754880416,3.0115150199725975,0.3756432447205118,-1.9239958902887502
Benin,BEN,1989,2.880595613388076,5.113411747376299,-0.12327973121732039,-4.913611193549066
Benin,BEN,1990,5.9442695014189555,8.05638860016951,-0.6999625229506701,-13.169772224127081
Benin,BEN,1991,4.56070703647981,5.442216563080327,-1.6513807405295329,-7.664842195180564
Benin,BEN,1992,3.021690552310715,2.52872817334306,-1.3242541965263848,-3.1027503409640516
Benin,BEN,1993,1.4450316324489543,1.8923942954742388,-1.0762039218647939,-2.0407623373443236
Benin,BEN,1994,1.1297382404916179,1.648817484874706,-0.87198007134589,-1.087962242364384
Benin,BEN,1995,1.1505754178311025,1.953257671289788,-0.7001788932342788,-1.2544529959322328
Benin,BEN,1996,1.0548071821592786,2.336356978123139,-0.5596099206270022,-1.4569892024225974
Benin,BEN,1997,0.9096794548512976,2.0928458592671157,-0.5031866203784611,-1.7966742760915517
Benin,BEN,1998,0.8897996612596767,1.822995629879058,-0.5073629267682126,-1.5367917556924409
Benin,BEN,1999,0.9197917689888933,1.5572001431738247,-0.5174204830961893,-1.3435242728357053
Benin,BEN,2000,0.8791128471927736,1.2862064364376897,-0.5192299251942272,-1.2095527263880133
Benin,BEN,2001,0.8479824339544656,1.1665235850715263,-0.500151936104516,-2.0776400588003585
Benin,BEN,2002,0.7234433592518756,1.294503699640364,-0.47165905728766055,-2.791710368815078
Benin,BEN,2003,0.8350213723962638,1.42134454017578,-0.44793341834676326,-3.1137237173242447
Benin,BEN,2004,0.39450798294585787,1.4066682778251995,-0.41196714303100396,-2.7575662036164292
Benin,BEN,2005,0.013702390879325232,1.3792675656351001,-0.3247982579203292,-2.7776854610434354
Benin,BEN,2006,0.14769088157042615,1.8903306084481388,-0.20653840177465344,-2.8119612989361786
Benin,BEN,2007,0.23111368382835912,2.397069197567061,-0.13528912024956838,-2.4303240095861494
Benin,BEN,2008,0.27955894051288027,2.9187055352086544,-0.104978492261156,-1.8440482107982883
Benin,BEN,2009,0.333945616044081,3.491549472432061,-0.06459692177394434,-1.3232829893693054
Benin,BEN,2010,0.37838792683741385,4.107096354193478,-0.014779390528980071,-0.6232477929327607
Benin,BEN,2011,0.36473694992878114,4.830707926164103,0.057490076778832555,0.10627054672681957
Benin,BEN,2012,0.626473333401235,5.53503282358848,0.10769399689988414,0.6239420827484043
Benin,BEN,2013,0.9180326004003485,6.200364923815528,0.16032525273506032,0.8759475610852603
Benin,BEN,2014,-0.06720143671248624,6.547747628369346,0.2019698870407328,0.84392610173065
Benin,BEN,2015,-1.069432594369328,6.870098649961312,0.21535822360951412,0.8330572735411891
Benin,BEN,2016,-1.821326912697836,8.025587154193412,0.23826484495115435,0.7061164250541585
Benin,BEN,2017,-2.873904684436287,8.05638860016951,0.28686914172048555,1.551426718534732
Benin,BEN,2018,-3.9119083940422636,8.05638860016951,0.22455842919285673,1.1999408607636093
Benin,BEN,2019,-5.424667888788008,7.125010372333765,0.2676390384841215,0.1946619730469556
Benin,BEN,2020,-5.433692040200439,7.025477170206848,0.32662586372314645,0.18995782770737718
Benin,BEN,2021,-5.465766830878726,7.088874891709332,0.5971552852601043,0.19911014628824641
Benin,BEN,2022,-5.5548114450523896,7.019881789030693,0.511469847380538,0.2077486074216734
Benin,BEN,2023,-5.579237509875782,7.000127416819938,0.43455713663631523,0.19902396818948986
Benin,BEN,2024,-5.597562307816328,7.058563532386277,0.4063679051729756,0.20381061922050173
Benin,BEN,2025,-5.596513602997404,6.691289850315304,0.41032429640001017,0.21216834747323604
Bhutan,BTN,1970,0.2190186256667862,-0.22847147400922307,-0.025571573466649372,-0.48862484267898765
Bhutan,BTN,1971,0.2190186256667862,-0.22847147400922307,-0.025571573466649372,-0.48862484267898765
Bhutan,BTN,1972,0.20872196285356714,-0.22929052259835606,-0.02429438266694367,-0.4761208473130306
Bhutan,BTN,1973,0.19397384931021885,-0.22489063723068747,-0.0035536933114437286,-0.4102707493600253
Bhutan,BTN,1974,0.19155754465286054,-0.21643478802565877,0.00886623991164559,-0.41254608249212865
Bhutan,BTN,1975,0.1874764200263968,-0.20505583197685534,0.00952439921348,-0.366414291631878
Bhutan,BTN,1976,0.18608296541853353,-0.09528209369287013,0.008882072782818246,-0.39065852348865704
Bhutan,BTN,1977,0.18169567042002077,-0.09928498190776122,0.028708396869269917,-0.39008107051991325
Bhutan,BTN,1978,0.18228546845082017,-0.10070685176617036,0.030470800131115777,-0.36903887179629163
Bhutan,BTN,1979,0.18278406431104052,-0.11081484585541154,0.05489853688048095,-0.3798685808840698
Bhutan,BTN,1980,0.17719263998140852,-0.11701455201490303,0.09190944421419321,-0.3465776488137444
Bhutan,BTN,1981,0.17010823365662253,-0.050203266198499734,0.15382155448795148,-0.3314226099546327
Bhutan,BTN,1982,0.15621605671000666,-0.08559520489104328,0.16416331722808863,-0.338610361481148
Bhutan,BTN,1983,0.1570501185397482,-0.08192224558082414,0.16534284892974568,-0.3415787410899336
Bhutan,BTN,1984,0.1558306104137865,-0.08287098352678607,0.17624284765281828,-0.3408558572971326
Bhutan,BTN,1985,0.13631587640916318,-0.0872111356142227,0.18261650812191266,-0.3636007442239349
Bhutan,BTN,1986,0.12163213065563142,-0.07754898114668649,0.17818049719285842,-0.3601282855590052
Bhutan,BTN,1987,0.18865104098050983,0.022736087911313176,0.14613529682018483,-0.36349897894313965
Bhutan,BTN,1988,0.15145636924298064,0.006049373264714228,0.1568475317996435,-0.5391089720791601
Bhutan,BTN,1989,0.20173770723290646,0.15174123481223156,0.15404182029898436,-0.49385475334398543
Bhutan,BTN,1990,0.25824939512070627,0.1820723785778891,0.18503616542635176,-0.421305963925516
Bhutan,BTN,1991,0.20303743998782756,-0.0454596650162789,-0.00966846592584164,-0.7518930099258686
Bhutan,BTN,1992,0.21379923041286986,0.010863939741349561,0.0638940010620098,-0.6896435915869981
Bhutan,BTN,1993,0.22106741877575484,0.0012508880862647422,0.06276045960643506,-0.6640295762794448
Bhutan,BTN,1994,0.22592869534084992,-0.009246799787952993,0.03764494286488619,-0.6808921581587655
Bhutan,BTN,1995,0.22820561876632522,-0.02354295332362377,0.039550215296049046,-0.6045446585501517
Bhutan,BTN,1996,0.23441212422397228,-0.025103216394158558,0.04121287450458325,-0.5302846135603758
Bhutan,BTN,1997,0.2398178427016735,-0.043084134320464845,0.13208254452317833,-0.5427828932504559
Bhutan,BTN,1998,0.24722581602856136,-0.04330894008499217,0.14186665122120387,-0.5379099496924085
Bhutan,BTN,1999,0.257677081085195,-0.05356866754252633,0.2599368577122926,-0.49564330100964454
Bhutan,BTN,2000,0.2695438689038125,-0.05284977921958804,0.24655777323119069,-0.4608157172808067
Bhutan,BTN,2001,0.2848575053431361,-0.01464132706906667,0.43001063351397534,-0.456225638753723
Bhutan,BTN,2002,0.29371768436088996,-0.014742894498807843,0.44791669534023293,-0.45552314817326267
Bhutan,BTN,2003,0.30709976556069934,-0.014640080581887087,0.3630700161970706,-0.4569432051087061
Bhutan,BTN,2004,0.32422659613303967,-0.00727212694680256,0.30069480912678814,-0.4669378169157849
Bhutan,BTN,2005,0.33712368425968986,-0.004377676123543369,0.29197578612251573,-0.46890145319430526
Bhutan,BTN,2006,0.33125324663154687,-0.02097916792967351,0.40869376534487023,-0.47016586664897764
Bhutan,BTN,2007,0.3387509907883366,-0.023536285628863708,0.36526983540581826,-0.46048293543313984
Bhutan,BTN,2008,0.31121748071139427,-0.0821100542359901,0.47315120206579764,-0.5702603409855759
Bhutan,BTN,2009,0.44146530845953147,-0.07141628113576817,0.9239766800246606,-1.8804114763891078
Bhutan,BTN,2010,0.43613450706254875,-0.06320440762719447,0.9064327076015749,-1.7239641303112108
Bhutan,BTN,2011,0.42803331458095584,-0.05329695818899221,0.7884189122321947,-1.4213254092866725
Bhutan,BTN,2012,0.4060758458835946,-0.05667449996822771,0.7748382429724441,-1.3916805744156169
Bhutan,BTN,2013,0.3959787685351205,-0.05953406531552,0.757774400249724,-1.3597231131802083
Bhutan,BTN,2014,0.40787324363582705,0.036647862666817015,0.7293170629848296,-1.32721478060416
Bhutan,BTN,2015,0.397530447510946,0.04204109660870485,0.6982051640205873,-1.2903559811495229
Bhutan,BTN,2016,0.3865186822645076,0.04016694700352888,0.6797826099270612,-1.254654240508719
Bhutan,BTN,2017,0.3768579360340925,0.14681216979724493,0.6233118495127647,-0.7581911692469294
Bhutan,BTN,2018,0.36778583099237816,0.15051887194717659,0.5983728625848654,-0.5994865995650853
Bhutan,BTN,2019,0.35309983055274763,0.13427877436165667,0.5896626849091766,-0.5578343551866742
Bhutan,BTN,2020,0.3512775982212836,0.053687416966379235,0.5650870707920189,-0.5226010442195799
Bhutan,BTN,2021,0.29950939955661554,0.001283810937084428,0.5255302933750188,-0.5219785106275326
Bhutan,BTN,2022,0.36751715437158644,-0.00418060960710368,0.31460137365676755,-0.5236647549470097
Bhutan,BTN,2023,0.38084431645260636,-0.002525906525587181,0.32092484288798934,-0.5172509990247975
Bhutan,BTN,2024,0.3716288435030515,0.01193973185647594,0.3279054115008754,-0.4956817350645395
Bhutan,BTN,2025,0.36719834126150286,-0.8305481403543469,0.41628479025158793,-0.535361991825233
Burkina Faso,BFA,1970,0.4560730859815778,1.6940800282954775,3.142791603895768,-0.48135118426189705
Burkina Faso,BFA,1971,0.4560730859815778,1.6940800282954775,3.142791603895768,-0.48135118426189705
Burkina Faso,BFA,1972,0.4919582161549926,1.707299716011557,3.1310135586791574,-0.9006691066000994
Burkina Faso,BFA,1973,0.5874545127634525,1.686831568190164,3.1809561304006593,-0.9586744102472449
Burkina Faso,BFA,1974,0.7246662090437622,1.6581886812409288,3.028553064929172,-0.9649626727036457
Burkina Faso,BFA,1975,0.7958432918919021,1.624858186780893,3.951935538590053,-0.8158974591021686
Burkina Faso,BFA,1976,0.7277489111619639,1.3362638666745619,3.9160896494443125,-0.7073384373438766
Burkina Faso,BFA,1977,0.6491301457383373,1.3446677980880564,3.268697179688984,-0.6889556213193772
Burkina Faso,BFA,1978,0.5853640539303053,1.3900303330258996,3.393716097941879,-0.10124060420529302
Burkina Faso,BFA,1979,0.3323949979187111,1.5216132193493879,5.308821898119329,-0.7429262404081081
Burkina Faso,BFA,1980,-0.10989898162885353,1.5052235442986692,3.520838893589107,-0.47338783638069226
Burkina Faso,BFA,1981,-0.19418278484073412,1.7353805021133462,2.9944518983380837,-0.28219238144990677
Burkina Faso,BFA,1982,-0.32783589534043167,1.8377593047252665,2.8478296741634113,-0.2899503104003234
Burkina Faso,BFA,1983,-0.4879388031526296,1.8426470439091522,2.8427815257895035,-0.2971804791252799
Burkina Faso,BFA,1984,-0.37421969771882435,1.85870256086113,2.856656456419723,-0.28184051200389326
Burkina Faso,BFA,1985,-0.12988200334871253,1.8290762566087324,2.855836150735449,-0.2682492667083083
Burkina Faso,BFA,1986,0.14622335849997967,1.7452749940018044,2.7679699266733455,-0.26900576203584114
Burkina Faso,BFA,1987,0.5002982334745456,1.6989719259822715,2.608923283335507,-0.2780337237349264
Burkina Faso,BFA,1988,0.5255163767632894,1.786016520406009,2.614351451827239,-0.18117028568913665
Burkina Faso,BFA,1989,0.4695755255755191,2.3779192494214083,2.714635495947358,-0.22958434211585035
Burkina Faso,BFA,1990,0.45970649950132964,2.23318635597861,2.5987403372842666,-0.21343078558053286
Burkina Faso,BFA,1991,1.657613319603862,1.8580772092527078,1.9810964942421978,-0.43968299751570533
Burkina Faso,BFA,1992,2.2690679689882476,2.1772894052273113,2.3922349814490578,0.1843665323951545
Burkina Faso,BFA,1993,1.8882629349916613,2.0828535733122178,2.5014506530930216,-1.2168565930114905
Burkina Faso,BFA,1994,1.5679040105794941,2.077213152371428,2.3869358154012135,-1.2003667247490688
Burkina Faso,BFA,1995,1.5451212422898966,2.067993697636044,2.3254708375900144,-1.0433922958755428
Burkina Faso,BFA,1996,1.6064494147212771,2.0792409821189604,2.227766059882926,-0.9144273776022311
Burkina Faso,BFA,1997,1.7632404071224694,2.0782763477318476,1.8671648501543912,-0.9142891983655874
Burkina Faso,BFA,1998,1.9606467577223923,2.095836825525951,1.9090498188318175,-0.8306557535229971
Burkina Faso,BFA,1999,2.0629103486028595,2.133207957977497,1.8862609525340668,-0.8318018063206645
Burkina Faso,BFA,2000,2.0059257812552285,2.14680330725755,1.90366124258055,-0.8828513500764466
Burkina Faso,BFA,2001,1.6954015329068652,2.1858537095080965,1.8738930805262906,-0.7905012818157986
Burkina Faso,BFA,2002,1.3902305173411602,2.1998973709139245,1.8830935199251178,-0.7916556567579471
Burkina Faso,BFA,2003,1.2495669031712089,2.216176552170403,1.7964754962198695,-0.7945322754904534
Burkina Faso,BFA,2004,1.2084544603332565,2.228909911989335,1.8083529728609742,-0.7802568888998158
Burkina Faso,BFA,2005,1.1824761787035416,2.2422699312327867,1.798022048353868,-0.7909203328085399
Burkina Faso,BFA,2006,1.1309405947243463,2.26348895624625,1.7072120401704833,-0.7954869086259098
Burkina Faso,BFA,2007,1.0597425065556467,2.2772637229104697,1.7226144903145535,-0.7274604003703116
Burkina Faso,BFA,2008,0.9843781740510035,2.2752513455685315,1.737538175953585,-0.7134804919329207
Burkina Faso,BFA,2009,0.9122592798353902,2.2898459559698416,1.724672519063219,-0.7262365151180489
Burkina Faso,BFA,2010,0.851436687753529,2.3093181646035195,1.7532269883177998,-0.7219827719335044
Burkina Faso,BFA,2011,0.5041092887625812,2.371690946222749,1.8271449542405582,-0.6347973819332994
Burkina Faso,BFA,2012,0.08613434050269997,2.3852103691717774,1.8523047366125498,-0.6540046134700461
Burkina Faso,BFA,2013,-0.32165208839651765,2.3652821936382873,1.8237674386187441,-0.6340668370098813
Burkina Faso,BFA,2014,-0.7392240980772558,2.4124062479943222,1.9089412703680568,-0.7324589344565247
Burkina Faso,BFA,2015,-0.864335083031738,2.3510214442475075,1.7576258660040405,-0.6796473135722129
Burkina Faso,BFA,2016,-0.9428069516082589,2.3922976239190517,1.7620819689083558,-0.6846350804648029
Burkina Faso,BFA,2017,-0.9645677929579263,2.648921088989103,1.8195343110228692,-0.9123568623769729
Burkina Faso,BFA,2018,-0.9356146844358473,2.5854049229314446,1.823702895984687,-0.8551871445147428
Burkina Faso,BFA,2019,-0.9754057820351372,2.767580250665916,1.84217336432463,-0.7246373727752665
Burkina Faso,BFA,2020,-0.9935825347804995,2.549386710790259,1.8534696767233843,-0.6197111773900121
Burkina Faso,BFA,2021,-1.0604138140154686,2.1145061151989566,1.7090484106585668,-0.6199554928372606
Burkina Faso,BFA,2022,-1.0576681128477547,1.9135542842918953,2.000678927837286,-0.6666573266427289
Burkina Faso,BFA,2023,-0.9253128450570351,2.091580884616972,4.090745296209628,0.032592512053589706
Burkina Faso,BFA,2024,-0.6185271019540101,2.772454915049325,4.074518105881574,0.026789351730210575
Burkina Faso,BFA,2025,-0.5775008229044966,2.6265444259358315,3.4159634219474304,0.09140849535991802
Cambodia,KHM,1970,4.988338593854316,8.05638860016951,-1.5490780025279867,-3.353133073484272
Cambodia,KHM,1971,4.988338593854316,8.05638860016951,-1.5490780025279867,-3.353133073484272
Cambodia,KHM,1972,4.8452101750419025,8.05638860016951,-1.4952407001283379,-2.9738661015759673
Cambodia,KHM,1973,4.690841040230085,8.05638860016951,-1.6349469896213829,-2.7980649287957724
Cambodia,KHM,1974,4.564190201534667,8.05638860016951,-2.3655568110491028,-2.715136878804864
Cambodia,KHM,1975,4.436129064803241,8.05638860016951,-2.177346777371926,-2.886234692938315
Cambodia,KHM,1976,4.517011502026559,8.05638860016951,-2.529416294690104,-3.049018714450652
Cambodia,KHM,1977,4.376768092778044,8.05638860016951,-0.8883965034993612,-3.6440658695320356
Cambodia,KHM,1978,4.17063339232397,8.05638860016951,-0.8372193930086598,-4.042448920908386
Cambodia,KHM,1979,3.9631307155835964,6.8507871145866,-0.8404635996438092,-4.416893083850491
Cambodia,KHM,1980,3.8047160138102143,4.342785406519301,-1.6115982144772563,-5.572861765972561
Cambodia,KHM,1981,3.845950921896451,3.9129377651125186,-1.4413666262784208,-5.323649903969924
Cambodia,KHM,1982,3.516607501362108,3.4507431937777637,-1.288433664639872,-5.104979696896287
Cambodia,KHM,1983,3.200171784511927,3.1824326104823686,-1.2319464256700665,-4.588564216128599
Cambodia,KHM,1984,2.8522675511427074,2.9493089658820897,-1.1717979583335307,-4.0873240670831565
Cambodia,KHM,1985,2.4962190565752573,2.708632427568109,-1.1203988493834864,-3.494872420840479
Cambodia,KHM,1986,2.0910719420788233,2.3284186886250544,-1.0474662958940895,-3.061082085308378
Cambodia,KHM,1987,1.7716843986958584,2.018128993616226,-0.9509730113648411,-2.6331352910729082
Cambodia,KHM,1988,1.5758494909613021,1.9113359589757317,-0.9066179184854113,-2.0612541343049076
Cambodia,KHM,1989,1.3992636003528882,1.80135417324253,-0.8373804144109435,-1.6487195798005128
Cambodia,KHM,1990,1.2405438776975188,1.7782216773000648,-0.7516100880747382,-1.2283103286161103
Cambodia,KHM,1991,1.267070964501401,1.6640318436072152,-0.4167213610596639,-0.8329787341122639
Cambodia,KHM,1992,1.6895470998743667,3.5253299739320663,-0.39561545711098495,-0.5692550569332808
Cambodia,KHM,1993,2.066269385302002,5.232341578456107,-0.36741747847816114,-0.2901573275490274
Cambodia,KHM,1994,2.2127984467699036,4.596734704160152,-0.18077795641391978,-0.05277795912556427
Cambodia,KHM,1995,2.12488426532486,4.112066709215576,0.003445103890190704,0.2611970045859209
Cambodia,KHM,1996,2.031996737439263,3.6712194237301565,-0.007669345543351858,0.292186488246576
Cambodia,KHM,1997,1.946108218223776,3.5948058142192254,0.032278612883014396,0.2675979280604513
Cambodia,KHM,1998,1.8638363102789062,3.5659670839272533,0.047808824663354565,0.24818975514052036
Cambodia,KHM,1999,1.7851185597029104,3.541827509294141,0.1624845489052686,0.22187046066365174
Cambodia,KHM,2000,1.714982130123638,3.567840634190183,0.1778932349873048,0.25813763888664043
Cambodia,KHM,2001,1.656540928803644,3.498977118135625,0.1945508413871672,0.2955584226649553
Cambodia,KHM,2002,1.6286501330144412,3.4161948958500377,0.2148269599472694,0.24985982064929968
Cambodia,KHM,2003,1.6022114508212786,3.336874136462401,0.27357737214799144,0.19689637313338937
Cambodia,KHM,2004,1.579647720117068,3.2598036509255843,0.26051343146709016,0.17058738313339103
Cambodia,KHM,2005,1.5633973755041506,3.180282613019912,0.2748035241436117,0.16671122852556833
Cambodia,KHM,2006,1.5520008328139425,3.1142562527327864,0.162243493494938,0.1309780202699337
Cambodia,KHM,2007,1.551638650288128,3.0411842312813544,0.14883663588453147,0.0949980542045773
Cambodia,KHM,2008,1.5527444232719647,3.00392902184402,0.1743255706238736,0.06066707236580461
Cambodia,KHM,2009,1.5444315900212824,2.984420713805979,0.2419539557925361,0.051377713005751176
Cambodia,KHM,2010,1.5476330307809891,2.9537399507859607,0.25867334519103036,0.042106207282349484
Cambodia,KHM,2011,1.5396874680273174,2.934903647137503,0.2711699883296419,0.029999445451581824
Cambodia,KHM,2012,1.5376514370181518,2.931618885884425,0.28430024214773586,-0.0030653925851138065
Cambodia,KHM,2013,1.5598602565855484,2.9234180340938836,0.2376403581456177,-0.034291393338750496
Cambodia,KHM,2014,1.585696408467119,2.9365741622509294,0.219140116655754,-0.07895537330580667
Cambodia,KHM,2015,1.6256375793932734,2.994337854081512,0.12349559713352498,-0.12180033769447299
Cambodia,KHM,2016,1.6548592774790136,3.0220925141572845,0.1080348266451811,-0.15499767084629795
Cambodia,KHM,2017,1.7436689394194964,3.0314822520068443,0.08591874659548485,-0.1355222309414196
Cambodia,KHM,2018,1.7498624915636622,2.9867199747784614,0.15193301642266754,-0.29481801834551985
Cambodia,KHM,2019,1.7893150117954213,2.796541621777584,0.1914328351786678,-0.33449092431362115
Cambodia,KHM,2020,1.7701708598559847,2.6587863278422876,0.20047933914228908,-0.3541713406927074
Cambodia,KHM,2021,1.7548610484184788,2.666164784466222,0.4212342276526069,-0.3766235432357597
Cambodia,KHM,2022,1.7117421491900506,2.625071765078685,0.31307420626471816,-0.3957050962681755
Cambodia,KHM,2023,1.6732167725288207,2.6109295343039056,0.15766600726157035,-0.35900610033850444
Cambodia,KHM,2024,1.6923259560294168,2.548222876664933,0.19901264931530258,-0.3330159978172341
Cambodia,KHM,2025,1.702827836866895,2.123817477760225,0.038822832073592606,-0.31261203270357174
Indonesia,IDN,1970,0.3099565253782929,0.5001822715067996,-0.26703998732524026,-0.5485740796067473
Indonesia,IDN,1971,0.3099565253782929,0.5001822715067996,-0.26703998732524026,-0.5485740796067473
Indonesia,IDN,1972,0.32437314914381166,0.5004851437340194,-0.8456367757116754,-0.8684063060471221
Indonesia,IDN,1973,0.31815375347513764,0.49850131727601843,-0.820691731249937,-0.8480410701902552
Indonesia,IDN,1974,0.3181637223840683,0.5181655375749921,-0.7444365535129926,-0.8086469882858925
Indonesia,IDN,1975,0.31313733110176745,0.5371344570978756,-0.685622004194304,-0.7866099644384448
Indonesia,IDN,1976,0.34042069613341663,0.6374230010179114,-0.670649318279778,-0.7253573049338896
Indonesia,IDN,1977,0.3367301009827042,0.6284484673972105,-0.5404682437692822,-0.724021502019119
Indonesia,IDN,1978,0.3209686548262761,0.6864073976925553,-0.4623314200527109,-0.6807259935434237
Indonesia,IDN,1979,0.3241885404231081,0.7019684194418155,-0.32506842400873914,-0.6620940188709663
Indonesia,IDN,1980,0.27021515727186207,0.6552752512692711,-0.20594986252954348,-0.6189779160924727
Indonesia,IDN,1981,0.21577543292600665,0.6631163124019727,-0.1968367400148499,-0.6040077427240906
Indonesia,IDN,1982,0.21131807708107836,0.6281185110284361,-0.1929642856135645,-0.6040270707695985
Indonesia,IDN,1983,0.21350744457298207,0.629498507028609,-0.1888746156612085,-0.6026824089664475
Indonesia,IDN,1984,0.20224872542607059,0.6344455414002343,-0.19143921917617213,-0.6026721563231852
Indonesia,IDN,1985,0.19100136570463683,0.6257137698046725,-0.19097262352571392,-0.5653115175091324
Indonesia,IDN,1986,0.14020523523815798,0.5767436086805495,-0.17120965645575845,-0.5436866559222266
Indonesia,IDN,1987,0.12862512752590602,0.5030260341082098,-0.1642616309252427,-0.5333445846055492
Indonesia,IDN,1988,0.131853340476199,0.461220926058869,-0.1613033736223942,-0.5243374247000043
Indonesia,IDN,1989,0.1208367707538618,0.4242766378273477,-0.1683740226499371,-0.5072357502084806
Indonesia,IDN,1990,0.12016847564140495,0.40386910829948003,-0.1651108256190763,-0.480855194731199
Indonesia,IDN,1991,0.17577284077859964,0.42001533454034823,-0.12370979072955002,-0.40809279587238445
Indonesia,IDN,1992,0.17949621319381628,0.3868145768881568,-0.12494304002413884,-0.4044586668598941
Indonesia,IDN,1993,0.1661982712776379,0.3506195962866391,-0.11483222779994828,-0.38630777839099373
Indonesia,IDN,1994,0.1694284006298319,0.35788440437457536,-0.1370845873673735,-0.3910633723193073
Indonesia,IDN,1995,0.17377338485220872,0.3684125009382826,-0.13898141121898253,-0.3879900465890642
Indonesia,IDN,1996,0.1787930890037551,0.3777019057072769,-0.1476460144601369,-0.37994596067582703
Indonesia,IDN,1997,0.184638355943202,0.3977499528442666,-0.14530562692112586,-0.38467464291797254
Indonesia,IDN,1998,0.19304023276368523,0.3756738762044091,-0.1536088472409563,-0.41570807845936797
Indonesia,IDN,1999,0.26452658377810984,0.3752064662745647,-0.26398891268525104,-0.4096672285667834
Indonesia,IDN,2000,0.4245233471037317,0.4265625865190737,-0.22838837034987586,-1.0139691796543266
Indonesia,IDN,2001,0.4202730322906397,0.43112995777797547,-0.23843245279918732,-0.9266463944761594
Indonesia,IDN,2002,0.4172358368972684,0.42944773955841187,-0.23793049692066376,-0.9257861177193529
Indonesia,IDN,2003,0.40537637449021774,0.42745559484099116,-0.22834660058711484,-0.911341285115844
Indonesia,IDN,2004,0.39825065412378857,0.42324478217208605,-0.23349122171122855,-0.8517963564796764
Indonesia,IDN,2005,0.39751528095595834,0.40395355712681424,-0.05173455819734517,-0.8699746641328325
Indonesia,IDN,2006,0.39111158735942964,0.4001482213452438,-0.18400103166667203,-0.8541092331341371
Indonesia,IDN,2007,0.3867362643601403,0.39068516452781166,-0.13630111514721635,-0.825912830526772
Indonesia,IDN,2008,0.3809091710043874,0.37984982754120117,-0.13091094664088498,-0.7519071544826708
Indonesia,IDN,2009,0.37522783865189346,0.37705893568939064,-0.12080953720443845,-0.7330705346129456
Indonesia,IDN,2010,0.3700173289950841,0.3635588645373129,-0.10572431552865427,-0.6539272828976344
Indonesia,IDN,2011,0.3672123751535111,0.3350099087261247,-0.15953671585274237,-0.49124959477122404
Indonesia,IDN,2012,0.35220206176960533,0.33423863980835794,-0.15954569521342588,-0.4863817439271259
Indonesia,IDN,2013,0.34764194285459876,0.32714114724247595,-0.16862994236604717,-0.47524735005979446
Indonesia,IDN,2014,0.3537861325608308,0.26313409199034216,-0.1600312446127723,-0.459720175818921
Indonesia,IDN,2015,0.3449086530806045,0.25336204274139246,-0.07477983007137465,-0.47241067763835537
Indonesia,IDN,2016,0.3379231852844505,0.30562402087351515,-0.12455624253644915,-0.4588004350293142
Indonesia,IDN,2017,0.3342998713844975,0.22198521038067698,-0.13338608433469698,-0.3491555125813241
Indonesia,IDN,2018,0.3339310226908079,0.28107489368702365,-0.12742912990541566,-0.28910702176961534
Indonesia,IDN,2019,0.34261084560110344,0.3138665774437066,-0.11916773155449639,-0.261920712458577
Indonesia,IDN,2020,0.3372548840612511,0.47119029094759807,-0.09906520357277507,-0.34695792882102855
Indonesia,IDN,2021,0.46071946443550815,0.4005740821784192,0.002947994610395674,-0.3570607106264614
Indonesia,IDN,2022,0.5043885529576995,0.4757022588588108,0.005777019272428394,-0.3491939341221403
Indonesia,IDN,2023,0.4731282753936301,0.45132289348214955,0.015088684193127241,-0.2899521820908433
Indonesia,IDN,2024,0.5716968072209593,0.45750021886129033,0.007513797413144438,-0.3039722833398034
Indonesia,IDN,2025,0.5711564389563364,0.5770019926658702,0.27062176213722183,-0.22762221856476175
Mozambique,MOZ,1970,1.8744927284045558,8.05638860016951,0.6315690045167888,0.6202605083350834
Mozambique,MOZ,1971,1.8744927284045558,8.05638860016951,0.6315690045167888,0.6202605083350834
Mozambique,MOZ,1972,1.91620528693194,8.05638860016951,0.6302316977796795,0.6015453203757812
Mozambique,MOZ,1973,1.9942158575409874,8.05638860016951,0.6331787189358858,0.578149697795931
Mozambique,MOZ,1974,2.1084317071425027,8.05638860016951,1.1481024098282093,0.7663396358283157
Mozambique,MOZ,1975,2.2743781690405793,8.05638860016951,1.2231790883658245,0.7136132277104328
Mozambique,MOZ,1976,2.2960222472839167,8.05638860016951,0.31313978340629844,1.4200828936562198
Mozambique,MOZ,1977,2.1067127059588335,8.05638860016951,0.8353082958065785,1.3527666188414587
Mozambique,MOZ,1978,1.9327342448892344,8.05638860016951,1.0091358607279532,0.8926468714966296
Mozambique,MOZ,1979,1.7522990393673634,8.05638860016951,0.8005441874583854,0.852332005644028
Mozambique,MOZ,1980,1.5420406990000062,8.05638860016951,0.6728833068895896,0.716787587224495
Mozambique,MOZ,1981,1.3633276963358842,8.05638860016951,0.6601077685997457,0.6947666639111922
Mozambique,MOZ,1982,1.3855073970036242,7.527141712114281,0.6515600747746558,0.6894246207705829
Mozambique,MOZ,1983,1.416873249710477,7.042153714481154,0.652203308899293,0.6813169246369613
Mozambique,MOZ,1984,1.441901089876738,6.583211944771017,0.6480854865341599,0.6750078304841118
Mozambique,MOZ,1985,1.4761282329738488,6.105782964115122,0.6457250127455154,0.6310662376007938
Mozambique,MOZ,1986,1.5692039665205106,5.704763449981849,0.6388627345753091,0.6217800137557803
Mozambique,MOZ,1987,1.858051894711006,5.755243281683706,0.6383150218794638,0.6331919587658382
Mozambique,MOZ,1988,2.1982163366798746,5.89819504212703,0.6356105927562017,0.6634750446599805
Mozambique,MOZ,1989,2.608653482361474,6.223152797141947,0.6192647807431787,0.6094379327106383
Mozambique,MOZ,1990,3.3285124056709,7.2181933953085,0.6020283457176666,0.5898079182571436
Mozambique,MOZ,1991,3.4099431318126063,5.381441926099745,0.8439901284065381,0.4288887636216495
Mozambique,MOZ,1992,3.12775072095794,3.6150832734771514,0.8275613487524558,0.309361623450343
Mozambique,MOZ,1993,3.368039858594088,3.7342986879180993,0.7570482162301502,0.5215501012500258
Mozambique,MOZ,1994,3.7336558496734735,4.422950646269925,1.0833161227057175,0.5330803502738922
Mozambique,MOZ,1995,3.704458195338803,4.221639938953086,1.4749076183763705,0.8238744045668264
Mozambique,MOZ,1996,3.4862670122885633,3.8820508482330207,1.4406000624940782,0.7880692291099722
Mozambique,MOZ,1997,3.2604307728452184,3.6137595539321454,1.1893891960807483,0.7895873156569913
Mozambique,MOZ,1998,3.044236411293163,3.368820678536938,1.1875913814104484,0.7824560948593227
Mozambique,MOZ,1999,2.7754480174895804,3.1230592916956263,1.200697074549834,0.7950866926394736
Mozambique,MOZ,2000,2.551346394465635,2.8620509450675207,1.1851696915637766,0.7908564536090659
Mozambique,MOZ,2001,2.327407385118038,2.6948520339549074,1.0862557468609995,0.7241799284126087
Mozambique,MOZ,2002,2.145600647940819,2.570409817078338,1.0874254017049623,0.7271419407715987
Mozambique,MOZ,2003,1.9899738731410412,2.447174502891441,1.030905440627421,0.7300637271123798
Mozambique,MOZ,2004,1.861183675009178,2.3223656600805755,1.022919827807385,0.7278006372147399
Mozambique,MOZ,2005,1.7337915060262965,2.204112230573001,1.0570068993339574,0.7623089631159636
Mozambique,MOZ,2006,1.6423382594659461,2.1030961681933578,0.9072627433292266,0.7689927098843241
Mozambique,MOZ,2007,1.5621330244131166,2.0042044179441456,0.8939312870516418,0.7576366006385495
Mozambique,MOZ,2008,1.4835825463879204,1.8842938799740605,0.8926795595215523,0.715303253901949
Mozambique,MOZ,2009,1.404074754320145,1.8309545053624325,0.9033648766373762,0.7176260288946666
Mozambique,MOZ,2010,1.333804887467088,1.7859661263136406,0.9287382818687442,0.8059622262206414
Mozambique,MOZ,2011,1.2672396356679658,1.7705830961271936,0.8847127120747268,0.7490808651157771
Mozambique,MOZ,2012,1.2217107094909156,1.7936198644831698,0.8918989304128011,0.7599668113897053
Mozambique,MOZ,2013,1.2235673262353015,1.8325130623911297,0.8964289557474524,0.7677440839852017
Mozambique,MOZ,2014,1.1578283521215404,1.80841496092403,0.9186665521818898,0.7736075342146356
Mozambique,MOZ,2015,1.186776085257306,1.9720345210109702,0.9764008563875504,0.7494387629285266
Mozambique,MOZ,2016,1.223794851772623,2.113623869812036,0.9416434694123298,0.7724547457191979
Mozambique,MOZ,2017,1.224169464174602,2.0832815156892304,0.9295848539978459,0.707469921355589
Mozambique,MOZ,2018,1.272793623328869,2.255656974327694,0.9215403513996907,0.7086036405964942
Mozambique,MOZ,2019,1.297051040882187,2.407251739575442,0.9367564687815632,0.6278419488787458
Mozambique,MOZ,2020,1.3051063217123353,2.525732578658869,0.977121459495514,0.5280173629305315
Mozambique,MOZ,2021,1.295675460710933,2.5351078348392857,1.1718551187234727,0.531678674314748
Mozambique,MOZ,2022,1.165141703707346,2.442099493024932,1.0140149651433625,0.5286373090461602
Mozambique,MOZ,2023,1.1443545711431757,2.3751263466323094,0.9334532090791678,0.49886096873032665
Mozambique,MOZ,2024,1.1441744852262352,2.192061825674498,0.9259349485540929,0.5478045695744785
Mozambique,MOZ,2025,1.1571780687670838,1.2248593842788185,1.1557911112937898,0.5116648081555517
Nepal,NPL,1970,1.0841436360013184,0.5717016782077629,0.38094257836470957,0.9612295420628962
Nepal,NPL,1971,1.0841436360013184,0.5717016782077629,0.38094257836470957,0.9612295420628962
Nepal,NPL,1972,1.027571146829785,0.5712880715954471,0.3812538967423378,0.9180285154616509
Nepal,NPL,1973,0.983481943055583,0.5554535916856784,0.3828980601637692,0.8742947811821479
Nepal,NPL,1974,0.9655756172640886,0.550909648310987,0.3789035754742005,0.8506678840603048
Nepal,NPL,1975,0.9770852625749293,0.5457904643030882,0.36879707866448364,0.8430295408934614
Nepal,NPL,1976,0.9993614386003692,0.4101775862728879,0.36934210422795355,0.8127717638688113
Nepal,NPL,1977,1.0422503397861327,0.40790218860419825,0.34072515435681416,0.8084180204227769
Nepal,NPL,1978,1.0934392308472363,0.411331268073767,0.341456640805069,0.728795623333482
Nepal,NPL,1979,1.13350280780714,0.4211104012479999,0.2974349525068555,0.719730306633741
Nepal,NPL,1980,1.2024865583540487,0.43049564403975604,0.26821354554127946,0.6393183247544829
Nepal,NPL,1981,0.9676585730845871,0.47816199284845684,0.3123084348278109,0.8948411083237245
Nepal,NPL,1982,0.8901955737602503,0.36532349467435776,0.5201329910795622,0.7788116987332876
Nepal,NPL,1983,0.831642795332463,0.35155535552156336,0.5229838879124499,0.7737846930375674
Nepal,NPL,1984,0.795440370586606,0.35101140337402653,0.5236963335398268,0.7704468014019192
Nepal,NPL,1985,0.7881645437991147,0.350667476261124,0.528291395412753,0.7290337855542641
Nepal,NPL,1986,0.854203929076809,0.3403137475452442,0.5202090081653721,0.7222895194351451
Nepal,NPL,1987,1.159599541951972,0.28488962859426076,0.5055593312943958,0.712588834469513
Nepal,NPL,1988,1.708167004107873,0.28917181976467365,0.5111809381676649,0.665719272454975
Nepal,NPL,1989,2.6366517638352205,0.30982123009666523,0.5076763508702795,0.6417159592902508
Nepal,NPL,1990,4.49184854213857,0.3912995585827671,0.5143539116879521,0.5874434063484052
Nepal,NPL,1991,4.643422446746986,0.9170626783689073,1.2616655198006643,1.7784395278097993
Nepal,NPL,1992,2.4293472476853926,0.6677382634511315,1.3237463566802485,1.1998489151777343
Nepal,NPL,1993,1.6751506504569185,0.5837469754948161,1.3259348917919431,1.1129359603899034
Nepal,NPL,1994,1.2637065909322964,0.5757721241368957,1.2030314812657232,1.1185400070429254
Nepal,NPL,1995,0.9006410901428871,0.5814743516895763,1.189696078986243,0.9942005296941914
Nepal,NPL,1996,0.5740336298303046,0.5887081225720459,1.0936283963582396,0.9139523892028502
Nepal,NPL,1997,0.28795656668305203,0.6090898229299375,0.8543524195364895,0.9218275152088449
Nepal,NPL,1998,0.004789707305409285,0.6153539860641861,0.872026524735489,0.9335298377045333
Nepal,NPL,1999,-0.3537998115586276,0.6209734748401345,0.8618106057228676,0.9454498902439511
Nepal,NPL,2000,-0.7684335305443235,0.6274331908663555,0.8792512868285751,0.8662890914492498
Nepal,NPL,2001,-1.1756457769104183,0.6344193206320936,0.8906203999278082,1.0583954245352194
Nepal,NPL,2002,-1.5240862784933933,0.6465717856706616,0.9237887833236742,1.0610396875526045
Nepal,NPL,2003,-1.399370039902788,0.6544015701345497,-0.4543892570781022,1.2561658953968795
Nepal,NPL,2004,-1.0819683927078243,0.6561439126088333,-0.37253621618863925,1.7395146380847235
Nepal,NPL,2005,-0.895163389332977,0.6586589717211861,-0.36848764979386994,1.6830281442409238
Nepal,NPL,2006,-0.7483030779374896,0.6734050143504993,-0.30213934854459057,1.671030590613922
Nepal,NPL,2007,-0.6194345132646032,0.6705820208055556,-0.23957455987685125,2.290578916363146
Nepal,NPL,2008,0.12587819482803864,0.549544985159348,-0.19359540893575597,2.507967726762491
Nepal,NPL,2009,0.4458985997304109,0.6164541788901605,0.15942347073867807,1.6805677851633862
Nepal,NPL,2010,0.7048659517478872,0.6256712537312543,0.1709277543035832,1.568726723884954
Nepal,NPL,2011,0.9803293125255849,0.6076254445380661,0.15048818801224007,1.3209274631894552
Nepal,NPL,2012,1.2273465647570745,0.5870755451643144,0.15141161303278947,1.29806621201308
Nepal,NPL,2013,1.5196823689584322,0.556318330046984,0.24108495448253853,1.2301435849609679
Nepal,NPL,2014,1.0010153751813022,0.7800197644430228,0.2475361954548702,1.2270497481833376
Nepal,NPL,2015,0.7388836170510203,0.7579393535004173,0.3625792434332763,1.25236787291796
Nepal,NPL,2016,0.5851250310296905,0.7863940110265575,0.34381708703970865,1.21227967291304
Nepal,NPL,2017,0.44477405504237255,0.5932193784418388,0.29486429434865913,0.7638194961392694
Nepal,NPL,2018,0.3559631091041651,0.6491526584193789,0.36158169424308517,0.6619989248465756
Nepal,NPL,2019,0.20479635486476466,0.7874361926800018,0.3599637084180075,0.6161288935498518
Nepal,NPL,2020,0.1801105873337263,0.7194787031498233,0.36988155290613367,0.516907899205803
Nepal,NPL,2021,0.0939726267523806,0.5987282792635942,0.4085740607875953,0.5237186356304134
Nepal,NPL,2022,-0.01993048713841694,0.5648550027961028,0.49409225012256885,0.5099360293794147
Nepal,NPL,2023,-0.06045706794686734,0.5550568369311255,0.4257017764130702,0.5215981267205826
Nepal,NPL,2024,-0.0686762170005224,0.6962286147765233,0.4238706137425773,0.5482603375400256
Nepal,NPL,2025,-0.06534805203172939,0.5931387025314114,0.4009334061435744,0.5251901337272873
Nicaragua,NIC,1970,4.077100662482166,1.1257531361741282,-5.268753409327591,-0.2776108163735663
Nicaragua,NIC,1971,4.077100662482166,1.1257531361741282,-5.268753409327591,-0.2776108163735663
Nicaragua,NIC,1972,3.8693352888474077,1.1268123169444428,-5.187076064703204,-0.27044353074515026
Nicaragua,NIC,1973,3.751877884031935,1.0781045119811505,-5.168953547492297,-0.1736023198287568
Nicaragua,NIC,1974,3.7525231514139317,1.0831983512934578,-5.05133933818761,-0.2409142539762322
Nicaragua,NIC,1975,3.825787071812673,1.0523213229115322,-5.2310605325956745,-0.2932460839173886
Nicaragua,NIC,1976,3.941977839717095,0.8831438699575258,-5.039257019145625,-0.3418718396227926
Nicaragua,NIC,1977,4.100558780899228,0.8794098101730835,-4.668364630878175,-0.33016101708712214
Nicaragua,NIC,1978,4.272274529702532,0.8555136200674354,-4.610560584057834,-0.34980555237542
Nicaragua,NIC,1979,4.44872361303306,0.8893643218848506,-4.447597305302343,-0.354744885313793
Nicaragua,NIC,1980,4.66436906460705,0.5610802303417726,-5.335570374211949,-0.5248406859886436
Nicaragua,NIC,1981,4.710745437214434,1.1715648927333255,-4.762641000703138,-0.5105226317879549
Nicaragua,NIC,1982,4.397140616404462,1.1329871340978803,-4.297968260670058,-0.4953603654829192
Nicaragua,NIC,1983,4.129511923082447,1.138358214659438,-3.8787864957743956,-0.47142545940201175
Nicaragua,NIC,1984,3.8359444794491417,1.1220519887767857,-3.4388418115629182,-0.4529439075114393
Nicaragua,NIC,1985,3.507466821713138,1.1213845075971105,-3.6219133623915507,-1.027675180368201
Nicaragua,NIC,1986,3.0917795963853196,1.1586336368803156,-3.4517235321202198,-0.9510468612707762
Nicaragua,NIC,1987,2.988359228086426,1.0996484908269122,-3.1220529626259803,-0.8935756217804203
Nicaragua,NIC,1988,3.152686966676888,1.1160045916739125,-3.028269082336875,-0.7880745917032138
Nicaragua,NIC,1989,3.390510639930146,1.15812965056914,-2.8301059066201533,-0.7030395456605102
Nicaragua,NIC,1990,3.8255688075856913,1.0864819732995756,-2.628877717447771,-0.5400322167892923
Nicaragua,NIC,1991,3.094521853954622,1.2517869876665704,-1.912116417006119,-0.20174358475819495
Nicaragua,NIC,1992,2.1164097478808617,1.0710586711399515,-1.7168983823407737,-0.17421004913955307
Nicaragua,NIC,1993,1.7976795224388908,0.953891155132125,-1.493855449403096,-0.041982661136932775
Nicaragua,NIC,1994,1.6021379111600518,0.9557411593606142,-1.1600202846940426,-0.003521601383854378
Nicaragua,NIC,1995,1.4251617997285335,0.9573744843092072,-0.9363475352119033,0.04450096116283664
Nicaragua,NIC,1996,1.2472476964630075,0.9636542813894879,-0.6723045358531355,0.153274562819877
Nicaragua,NIC,1997,1.104146043697654,1.006557099529382,-0.255885681036492,0.21422562484113
Nicaragua,NIC,1998,0.9940412049084182,1.0220455212685975,-0.26278750759452923,0.30639759095841834
Nicaragua,NIC,1999,0.8616203471791593,1.031475693912276,-0.224090228743819,0.36321309463478285
Nicaragua,NIC,2000,0.8067213988364496,1.0351946426378795,-0.19892827118233913,0.5384877781124111
Nicaragua,NIC,2001,0.8145129160824387,1.0840963907073482,-0.12070298534280777,1.5089689084401152
Nicaragua,NIC,2002,0.871260198544316,1.1018445004420618,-0.12791838142047673,1.4730368286039732
Nicaragua,NIC,2003,0.8760524614263612,1.111834923834895,-0.05195078125689301,1.4243637106520721
Nicaragua,NIC,2004,0.8897826223240026,1.1149008273081449,0.01577693637450761,1.363141157206791
Nicaragua,NIC,2005,0.9000532282179954,1.1190118208077857,0.0882974212343468,1.3136350883599395
Nicaragua,NIC,2006,0.9287307338488089,1.122186580761066,0.3043944471117551,1.2931751850052007
Nicaragua,NIC,2007,1.063343369508467,1.1350832890896496,0.4484752047973579,1.1911592642443984
Nicaragua,NIC,2008,1.3400394821833022,1.416702190069702,0.5039850191073885,1.2243264036571482
Nicaragua,NIC,2009,1.4333149801534428,1.422731868479053,0.5083533909216551,1.1891733188906106
Nicaragua,NIC,2010,1.5447036753623204,1.4212901340798478,0.46694008493009254,1.1553850408271527
Nicaragua,NIC,2011,1.6788325924573704,1.3884912065395896,0.5131485915088356,1.0064732894151505
Nicaragua,NIC,2012,1.8870218903213773,1.393745006873995,0.48567641377708526,1.0101061045116961
Nicaragua,NIC,2013,2.184952988330597,1.4247728331330185,0.450992997407881,0.9942502712173582
Nicaragua,NIC,2014,2.2624875345092885,1.556255290391289,0.41285999832420417,1.0051873930392263
Nicaragua,NIC,2015,2.2433414726031806,1.5559204638205864,0.39248963644928636,0.9919879065900756
Nicaragua,NIC,2016,2.2341847963285923,1.5588950355031586,0.34347439265103974,0.9733291086260982
Nicaragua,NIC,2017,2.1699386334876207,1.3576808231976396,0.25463034222784514,0.9080581750412842
Nicaragua,NIC,2018,2.149908979762103,1.4050840767413435,0.21656416133022938,0.871249403093691
Nicaragua,NIC,2019,2.3035764577760003,1.4405452802256073,0.21661801288334614,0.8277276451198947
Nicaragua,NIC,2020,2.219314925198886,1.1534397462816532,0.2169942605674709,0.7663348365666987
Nicaragua,NIC,2021,2.1008888490801536,1.163669232747131,0.2803863486488098,0.7726167860822822
Nicaragua,NIC,2022,2.156788941092545,1.3375173391423087,-0.06345701329261899,0.8825350679638243
Nicaragua,NIC,2023,2.2881751166404563,1.5994020968079221,0.031890562026923974,0.8274835560765934
Nicaragua,NIC,2024,2.2188403661889695,1.5290149017259047,0.03830641194434603,0.8383710626832593
Nicaragua,NIC,2025,2.1899425935204526,1.0637899595252862,0.14368876873040493,0.8189457085128259
Niger,NER,1970,1.5227004003258249,2.1531591680864945,0.010226695247701645,1.8275501001568508
Niger,NER,1971,1.5227004003258249,2.1531591680864945,0.010226695247701645,1.8275501001568508
Niger,NER,1972,1.5217864173196722,2.1567585499950863,0.01746139999023849,1.7005827583180682
Niger,NER,1973,1.524286636379462,2.1009780102473767,0.019408480444833398,1.6059488303451677
Niger,NER,1974,1.5072552946794664,2.0323075862513185,0.04635298628213147,1.5601046539105612
Niger,NER,1975,1.5273719886010388,2.456404672874415,0.9710246314790516,1.6034494119657552
Niger,NER,1976,1.596534623553668,2.314797692565444,0.924849419690345,1.722256929818237
Niger,NER,1977,1.6195877864892179,2.2598760599879983,0.8017915846358086,1.7144678988754434
Niger,NER,1978,1.6540635925075242,2.2370899361902525,0.7866010749498562,1.508543930437431
Niger,NER,1979,1.6773182386529597,2.217276522044686,0.591832963764307,1.4933641871746604
Niger,NER,1980,1.5984280230016314,2.172582903040389,0.5013435068918951,1.2679655022271286
Niger,NER,1981,1.4919973804189515,2.092303289224491,0.5102997468391715,1.2724042987414912
Niger,NER,1982,1.5489835589424783,2.0455261137270697,0.5098827262661961,1.2958481074572217
Niger,NER,1983,1.6113344886842147,2.031833694794952,0.512863812298223,1.3127646565412139
Niger,NER,1984,1.6429388874956548,2.0272827361010624,0.5261422777826787,1.3521843767179171
Niger,NER,1985,1.6781095435450957,2.022158435774718,0.5291766323398166,1.3045171461083465
Niger,NER,1986,1.6009270412055434,1.8940864622150446,0.5279966973714999,1.3070547991183834
Niger,NER,1987,1.6054323421740282,1.8275101982171225,0.58713946942067,1.3218631407246901
Niger,NER,1988,1.7908905835154043,2.2506146440251182,0.6068021011793456,2.1787818880883023
Niger,NER,1989,2.0629494492506892,2.430081230254439,0.6135440779593921,2.684838692712219
Niger,NER,1990,2.290811184086545,2.873458744368666,1.6573049689462538,2.386197050288426
Niger,NER,1991,2.4623762220096936,2.576604459199504,1.3610044013584015,3.878759988654199
Niger,NER,1992,2.346548449663701,2.004607356330513,1.2255644709248776,2.900859170559838
Niger,NER,1993,2.3339935253465924,1.903312757256589,1.3002326195635725,3.0561068229581023
Niger,NER,1994,2.5227824605006814,2.1678300904735086,1.391897264871189,3.1099213143231914
Niger,NER,1995,2.506337028222074,2.1467659843303983,1.3237182566550791,2.490008356988862
Niger,NER,1996,2.501301115321582,2.1593930423448207,1.2462638615864163,2.0896818141390234
Niger,NER,1997,2.6122776375107666,2.1351586964622555,0.6376069473393514,2.2653031735407403
Niger,NER,1998,2.6483428543460987,2.1433786125674636,0.708990743389711,2.1578131113426586
Niger,NER,1999,2.672443405293171,2.1498216512392143,0.678737339379164,2.1597386974454538
Niger,NER,2000,2.700794700763532,2.1548942533642657,0.7216086504471091,3.5397938923194747
Niger,NER,2001,2.946891779011355,2.1057479509471473,1.0483472660034328,2.7993530866618856
Niger,NER,2002,2.9178841500349533,2.1140515193640415,1.059336409669272,2.7687968580878723
Niger,NER,2003,2.8719781753175253,2.122346274841131,0.9910322935300083,2.7222027253992493
Niger,NER,2004,2.8377216137387467,2.130434963837284,0.9831068333418025,2.553078975791157
Niger,NER,2005,2.8302575574573714,2.122341520849904,1.0922087792939135,2.48878319297883
Niger,NER,2006,2.7937774214401663,2.1212572956926703,0.9007100775158388,2.46525573844369
Niger,NER,2007,2.776640615618904,2.117666943709943,0.8872615329138248,2.4065490278974186
Niger,NER,2008,2.757403239610614,2.055358609037628,0.8817535394364266,2.1965848216767183
Niger,NER,2009,2.726222413206303,2.067813833882317,0.8960409845618267,2.118751220527202
Niger,NER,2010,2.7342399559741293,2.0539507543037145,0.8698925026057659,2.9751506749753722
Niger,NER,2011,2.759273959413589,1.9611319871712238,-1.9399838631625834,2.1134615590154997
Niger,NER,2012,2.847345171308513,2.01115864161705,-2.7299396860786374,2.038745114698102
Niger,NER,2013,2.8143411445610402,2.009930904775148,-2.6484916153910616,2.0771904881201726
Niger,NER,2014,2.543476440539865,1.3466448954651602,-2.5894043316516426,2.0328537313240322
Niger,NER,2015,2.512228762725245,1.340463199580253,-2.490798142288994,2.006042241436583
Niger,NER,2016,2.502632358914274,1.3534756984967442,-2.4385084801031844,1.990768188887147
Niger,NER,2017,2.4834676125473782,1.0972061653015557,-2.3325858173957226,1.2740890446035662
Niger,NER,2018,2.486560567255609,1.2047130073691195,-2.248470459661682,1.1945047853991289
Niger,NER,2019,2.500846794945492,1.3461370072949483,-2.208018371903184,1.0484553615647778
Niger,NER,2020,2.5035034704398256,1.6372261216299249,-2.2070293749296703,0.9909070748686752
Niger,NER,2021,2.3136225438227984,1.4418371788932973,-2.0001104330769066,1.0041320220323764
Niger,NER,2022,2.2461337488892887,1.4930891397533022,-1.1297790251443536,1.0017287960303656
Niger,NER,2023,2.2081359828657163,1.4104194051791485,-0.8322763530362054,1.0534608162131485
Niger,NER,2025,1.9737405583634664,0.7444191648292311,-1.5293268580769495,1.0352594685126535
Zambia,ZMB,1970,1.9758894280867736,2.546763733518574,0.20496640578782999,0.06960858807621384
Zambia,ZMB,1971,1.9758894280867736,2.546763733518574,0.20496640578782999,0.06960858807621384
Zambia,ZMB,1972,3.0957606053871083,2.7569320431388142,0.21220383433867118,-1.3298121582046787
Zambia,ZMB,1973,4.733491919184056,3.1597377415878087,0.2414446008286104,-4.416198032598098
Zambia,ZMB,1974,2.3548011023143447,3.010865142504795,0.41364529178650006,-2.438914588188278
Zambia,ZMB,1975,1.9176251214214182,2.4005217271217516,0.3221396902887621,-0.6396568340655241
Zambia,ZMB,1976,1.44637331671234,1.7399344516487627,0.3215474931390561,-0.20217074909733065
Zambia,ZMB,1977,1.0979696934801892,1.5254981759373871,0.2705422749101191,0.2142513199029562
Zambia,ZMB,1978,0.7589776642449001,1.3726385946739486,0.26375039143838286,1.2812918551442365
Zambia,ZMB,1979,0.4600900340217239,1.1978804786635242,0.3252744240784724,0.9513163465952627
Zambia,ZMB,1980,0.7028434035094207,1.142397891083078,0.12800250044772488,0.950256784614362
Zambia,ZMB,1981,0.6170498723539035,1.1238125807742676,0.1109865722275415,0.41861400377910557
Zambia,ZMB,1982,0.6033241797123794,1.1302145890845685,0.1149853779158373,-0.11120631848451132
Zambia,ZMB,1983,0.5921028000556052,1.177367959492361,0.11600495840724329,-0.6784533132999797
Zambia,ZMB,1984,0.5077774841830404,1.221432718088228,0.14149697054763627,-0.6453920745541192
Zambia,ZMB,1985,0.23667665761335854,1.2632473150780452,0.15037870037467777,-0.4132466313761745
Zambia,ZMB,1986,0.21647685119003968,1.3270153733984191,0.14529122542399206,-0.37496290189635245
Zambia,ZMB,1987,0.27330985434019395,1.5030665664996796,0.1423681254437264,-0.4215398545251498
Zambia,ZMB,1988,0.4779185630161464,1.805880948133046,0.14481776097069132,-1.3018990677052378
Zambia,ZMB,1989,0.3795844055934751,2.2864438586536373,0.20146302939219302,-0.8474599151717068
Zambia,ZMB,1990,1.0315236911768328,3.3690965703778493,0.1517112274330951,0.7626392484354748
Zambia,ZMB,1991,5.3622863629687885,5.723868959608577,0.13962657362546085,2.3359523603951726
Zambia,ZMB,1992,4.5521184524829215,5.531052010361275,0.1484138004239305,-1.5483292139168732
Zambia,ZMB,1993,1.5581446787021225,4.391891805126053,0.13707437240743214,-1.1301959763201723
Zambia,ZMB,1994,1.734226561802967,3.9274723979760937,0.1174724611956203,-0.5094993967829935
Zambia,ZMB,1995,1.241333318814789,3.5622977917442626,0.12408798052907014,-0.16710048688279597
Zambia,ZMB,1996,0.9051072142943124,3.2345156229172765,0.11084668545515292,-0.11357562559135478
Zambia,ZMB,1997,0.7961177345204925,2.8160461301451254,0.2968950047427703,-0.477869724501157
Zambia,ZMB,1998,0.5924475257280408,2.4220268768424393,0.283535419625464,0.25943207032826104
Zambia,ZMB,1999,0.6304627755819117,2.036373993471524,0.2727462266276627,1.055265020653124
Zambia,ZMB,2000,0.9002354673010461,1.6702657683045876,0.2789353843880028,-0.4289382201685255
Zambia,ZMB,2001,0.7462383358501748,1.4811764418704803,0.3534372449712309,-1.044392948125494
Zambia,ZMB,2002,0.14520946600264192,1.3459430670730441,0.36668949933164985,-1.2120208574184115
Zambia,ZMB,2003,0.34381187585953166,1.4884706652312305,0.10202046566906026,-0.29618582928299675
Zambia,ZMB,2004,0.641342820025004,1.4796547696192177,0.09178315252044512,-0.5589650372029398
Zambia,ZMB,2005,1.0314399031713024,1.4735257502043886,0.0909062192843492,-1.1859423541203467
Zambia,ZMB,2006,1.0920289054193362,1.4619672882546757,-0.032440977354643116,-1.6822383394312133
Zambia,ZMB,2007,1.1057177914568104,1.4815715895742962,0.005698304216134417,-0.8111836700838487
Zambia,ZMB,2008,1.0804135370774592,1.2870767001632244,-0.011499971898018366,0.6329156824640221
Zambia,ZMB,2009,0.7591275984770166,1.4124153805101352,0.08716081238238808,0.5016164170507718
Zambia,ZMB,2010,0.6509607450090711,1.4731687425085243,0.08264097293438255,2.1393933380817685
Zambia,ZMB,2011,1.2617944774970646,1.5582608984736979,0.15881428260639666,3.396586356800247
Zambia,ZMB,2012,2.4292449353107983,1.6185269003307179,0.15948277659550125,4.235124635007785
Zambia,ZMB,2013,3.636923442756048,1.5532070104027758,0.235392695792208,5.03403167540094
Zambia,ZMB,2014,3.5471246128755913,1.288004274590866,0.22029968176989384,4.944801357918254
Zambia,ZMB,2015,3.787035998481153,1.186925985694766,0.222132990002956,5.790171610390367
Zambia,ZMB,2016,3.9757161219028836,1.1958780424552167,0.2557655291501678,6.5142716654913135
Zambia,ZMB,2017,3.1672529443380752,1.0256066905810681,0.22782213879291974,1.9987638038396756
Zambia,ZMB,2018,2.3080790771346047,1.0869139573420432,0.27037854496663205,0.34737521799559334
Zambia,ZMB,2019,1.9664794320360068,1.2265380482834087,0.2753944807631177,2.120321932918816
Zambia,ZMB,2020,1.9596863078436706,1.2452018901188977,0.27519819131495854,2.097258501587522
Zambia,ZMB,2021,1.914526647498712,0.8363781759203874,0.5382577258891756,2.0994604645005586
Zambia,ZMB,2022,1.8103972543796005,0.8867611202927461,0.047413749454347745,2.09299215983956
Zambia,ZMB,2023,1.7320558881799406,1.0588703076235373,0.3752772801851561,2.0699989901279308
Zambia,ZMB,2024,1.7446799514715197,1.1696782320828778,0.3624252460874224,2.070685294552884
Zambia,ZMB,2025,1.743058735334988,0.6791129341482176,0.403237678614922,2.059159698009549
Zimbabwe,ZWE,1970,1.2044360311252778,0.7897223578790543,1.402527035784003,0.8233551813655241
Zimbabwe,ZWE,1971,1.2044360311252778,0.7897223578790543,1.402527035784003,0.8233551813655241
Zimbabwe,ZWE,1972,0.32743660374427236,0.7894483547585569,1.406437431934291,0.8058010179376854
Zimbabwe,ZWE,1973,-0.07005971924665208,0.7661369852319871,1.4085540644737575,0.7909285252209743
Zimbabwe,ZWE,1974,-0.05944633876988508,0.7287025845290205,1.4148967183206662,0.7764275423552007
Zimbabwe,ZWE,1975,-0.11839280139676676,0.7179360445244007,1.4206569681951433,0.7550271569972302
Zimbabwe,ZWE,1976,-0.22885002903359175,0.5503985226030018,1.4176202447434574,0.7469514611111024
Zimbabwe,ZWE,1977,0.07166808910877848,0.512222076643288,1.628145627961318,0.7312975990510696
Zimbabwe,ZWE,1978,0.3138960118628103,0.5077974111909407,1.6457256074867292,0.6865852791739733
Zimbabwe,ZWE,1979,2.8131312286724053,0.5072382165111429,-0.7227741787524953,0.9566834633463333
Zimbabwe,ZWE,1980,5.9442695014189555,0.6035004755520876,1.0674154287204565,1.1156253702070773
Zimbabwe,ZWE,1981,4.663797767473132,0.8056691974235615,1.422697591713924,1.2739570693791333
Zimbabwe,ZWE,1982,2.8467810402482643,0.9715778436269126,1.4517284988165258,1.2423024323334333
Zimbabwe,ZWE,1983,1.0147997793016028,0.9630330723687359,1.4547286773696027,1.2080025244137809
Zimbabwe,ZWE,1984,-0.07325204208517067,0.957092553931197,1.4622400299431282,1.1767114872434685
Zimbabwe,ZWE,1985,-0.47543130596964733,0.9404513152931788,1.4661542309643691,1.091714136322405
Zimbabwe,ZWE,1986,0.0024451425289193085,0.8626481541263751,1.501880731708735,1.0272577775148064
Zimbabwe,ZWE,1987,-0.9418604319639132,0.7871648172430128,1.517473470412159,0.9958528351590039
Zimbabwe,ZWE,1988,1.231511895386632,0.7991053179734275,1.515111286576492,2.014129888791024
Zimbabwe,ZWE,1989,0.31776692768229686,0.7761616623155159,1.5313404636272894,1.6659751856150327
Zimbabwe,ZWE,1990,0.15434782665537328,0.6525317299098038,1.5386948361617965,1.4203285655399829
Zimbabwe,ZWE,1991,0.4402645378476654,0.9705268743655162,1.9714694457251989,0.5777414588931158
Zimbabwe,ZWE,1992,0.04232392923857104,0.849662166200802,1.9609019887733274,0.4996441282977861
Zimbabwe,ZWE,1993,0.07392616655195182,0.7742242806932742,1.9571825708501174,0.4645837736512109
Zimbabwe,ZWE,1994,0.05546217376895726,0.7782702631530141,1.9246712451585697,0.45470198312020693
Zimbabwe,ZWE,1995,0.6126031394160377,0.7802699668200936,1.9272952094326887,0.5144250109085376
Zimbabwe,ZWE,1996,0.5418960160529819,0.7981832544752883,1.9297674215781546,0.4626400656895251
Zimbabwe,ZWE,1997,0.31312227843057056,0.8207168096765809,1.8965179132936942,0.45860949733422046
Zimbabwe,ZWE,1998,-0.5929802941436537,0.8350615588250139,1.8955737644512003,0.43125279048454607
Zimbabwe,ZWE,1999,-0.8184894187942889,0.855625516208609,1.9206352015599504,0.42487213034183313
Zimbabwe,ZWE,2000,-2.362153975621301,0.8718737827555351,1.916486834714393,0.3672064290227548
Zimbabwe,ZWE,2001,-1.638224715956754,0.5648817835776803,2.2266482903499183,1.0158852200645594
Zimbabwe,ZWE,2002,-0.8913705615928835,0.5590987928381301,2.241983024686802,0.9944160191235534
Zimbabwe,ZWE,2003,-1.4805893392028846,0.5559784654848148,2.2163439309669988,0.9732745078934069
Zimbabwe,ZWE,2004,-1.4231593826425408,0.5529716003336845,2.214253575489365,0.8578812941188647
Zimbabwe,ZWE,2005,-0.11511228330769743,0.5603815001169897,2.214646078095136,0.8165581620460212
Zimbabwe,ZWE,2006,0.5205806090326652,0.5575879537095184,2.093524655824175,0.7822382453956388
Zimbabwe,ZWE,2007,1.3114211731941334,0.5566468997165834,2.0502121088858924,0.7534698915934046
Zimbabwe,ZWE,2008,2.272282272757004,0.5325561918415286,2.0454236172355955,0.6005166783239246
Zimbabwe,ZWE,2009,3.5430981579420315,0.5073712441557128,2.0767757926482617,0.5527971081017863
Zimbabwe,ZWE,2010,3.138207826451704,0.5215086687429216,2.0615649204006807,0.001306478199720212
Zimbabwe,ZWE,2011,1.2574247933759346,0.5022405383790953,1.941146382688127,-0.08638214288300951
Zimbabwe,ZWE,2012,0.8506344912881394,0.5010029270980836,1.9469759991238051,-0.10774086876293293
Zimbabwe,ZWE,2013,0.44342936913893377,0.4944650531878708,1.9613574672995675,-0.10541292855246835
Zimbabwe,ZWE,2014,0.5410435620397013,0.6883320169085572,1.8511824337503282,-0.11907374443218711
Zimbabwe,ZWE,2015,0.44267320828496726,0.6762131128877555,1.7969872720304916,-0.09016678913819313
Zimbabwe,ZWE,2016,0.3882042441834469,0.6668531220821295,1.8035942693574964,-0.09944004397405055
Zimbabwe,ZWE,2017,-1.7836015573720732,0.5079280387582978,1.8044247317093014,-0.018522338086614118
Zimbabwe,ZWE,2018,-3.6590866838188023,0.483780420984701,1.7781914468786921,-0.23135616616923937
Zimbabwe,ZWE,2019,-4.785936985161562,0.4015635775937404,1.804845511708676,-0.28975484618891356
Zimbabwe,ZWE,2020,-4.792707015752923,0.38792341767383337,1.7526203220947112,-0.2822541066967103
Zimbabwe,ZWE,2021,-4.785938285976894,0.6873070712268163,1.983339443881463,-0.2809664424457205
Zimbabwe,ZWE,2022,-4.77111492047711,0.7199605137944367,1.7774363709978331,-0.299831446484307
Zimbabwe,ZWE,2023,-4.778374068771162,0.6186212147232351,1.84585018626173,-0.30973107925364113
Zimbabwe,ZWE,2024,-4.773258548808821,0.3189287944846703,1.8102142983380558,-0.3099196266807914
Zimbabwe,ZWE,2025,-4.774576138255144,1.1272212433093676,1.5202548546657335,-0.2644049820047346
Guinea,GIN,1970,1.1601336449385766,1.1175598007771521,1.79227447880563,-0.6628884808524996
Guinea,GIN,1971,1.1601336449385766,1.1175598007771521,1.79227447880563,-0.6628884808524996
Guinea,GIN,1972,1.1480226220090244,1.141760256316029,1.78783550637394,-0.6620643280008377
Guinea,GIN,1973,1.1376993238830093,1.128575044782035,1.7733901552827518,-0.6497644767809307
Guinea,GIN,1974,1.1164954841189974,1.103125793992358,1.63441188221712,-0.6500636528027117
Guinea,GIN,1975,1.123317784674718,1.066502821888965,1.4325294787836846,-0.6549022882247502
Guinea,GIN,1976,1.1204412722913277,0.9252257476370987,1.4358248179937816,-0.7115826950338298
Guinea,GIN,1977,1.1173804914381513,0.946851838441267,1.2475633223791522,-0.738346231627126
Guinea,GIN,1978,1.120574976734403,0.9764349147010137,1.2420429525880585,-0.6938522303792005
Guinea,GIN,1979,1.117241183915095,1.013454097387482,0.8313478554377158,-0.7361176702076921
Guinea,GIN,1980,1.0787285065221228,1.0437301289659566,0.5283294928822768,-0.7268252871445215
Guinea,GIN,1981,1.0529876948720651,1.0490108398150841,0.5241566533319187,-0.7951657142018733
Guinea,GIN,1982,1.0577570022280232,1.084712937627732,0.5137777651728009,-0.8764148570516004
Guinea,GIN,1983,1.0646280686734757,1.1081594216358674,0.5402766769542279,-0.975426381630661
Guinea,GIN,1984,1.0539700988315184,1.1507315444421191,0.5239729466352158,-1.0429002259254025
Guinea,GIN,1985,1.132765915200861,1.2179762152519982,-0.28970422923428785,-0.9126444078313176
Guinea,GIN,1986,2.03765393260716,2.4843580574352595,-0.4955461924303668,-1.0613910624954248
Guinea,GIN,1987,1.7888535819023836,2.281866739156059,-0.429647775616969,-1.1775657381317468
Guinea,GIN,1988,1.6809848067949522,2.1745822309276805,-0.4313746605048887,-1.2964436798275467
Guinea,GIN,1989,1.5808554725591533,2.0133079740825206,-0.40544222704667354,-1.4399031489839988
Guinea,GIN,1990,1.477692545089187,1.893233060768671,-0.3796201192999703,-1.6577905202404315
Guinea,GIN,1991,1.0915927991026877,1.8054637025801767,0.20989292194364606,-2.872430746443659
Guinea,GIN,1992,1.1338946180722393,1.5051918715151034,0.2728904401463417,-2.7799543324175193
Guinea,GIN,1993,1.117009889976107,1.4011176540608412,0.29290490511476086,-2.4500070590367313
Guinea,GIN,1994,1.1122064883379972,1.4199774721920828,0.8814542401207041,-2.3213020096094903
Guinea,GIN,1995,1.1189938377405477,1.4647025576908512,1.0540703297001461,-2.037716290736258
Guinea,GIN,1996,1.128616209707209,1.4778300527128025,1.0859044542095186,-1.919609979724948
Guinea,GIN,1997,1.1307638073855826,1.4613786632102435,0.8494028100752974,-1.9422546653001924
Guinea,GIN,1998,1.138531947212278,1.4606749563505892,0.8515651028652662,-1.8736492243603489
Guinea,GIN,1999,1.1424207014865997,1.4633998947706206,0.8360855593221245,-1.8135453277052853
Guinea,GIN,2000,1.1439436120164492,1.4620502376668418,0.8563759282141239,-1.6691798389565409
Guinea,GIN,2001,1.140797926847047,1.4220437336447525,0.8386510018841208,-1.5362684586790796
Guinea,GIN,2002,1.1490823496038685,1.423708431374903,0.8510654575273053,-1.5916771880425111
Guinea,GIN,2003,1.1450316527242934,1.433939063312293,0.9004947083765716,-1.5273868276686318
Guinea,GIN,2004,1.1544985194300423,1.4440107390935193,0.897811567684444,-1.3716434370519959
Guinea,GIN,2005,1.1563999469398294,1.4509125969457757,0.877904364036773,-1.3113279069203947
Guinea,GIN,2006,1.1693517350145277,1.4560083232413419,0.8647288121890888,-1.2443569169739266
Guinea,GIN,2007,1.18112709376173,1.4535494817828962,0.8529225191271189,-1.1434845331851873
Guinea,GIN,2008,1.189443845962147,1.409508070941397,0.8598531538390141,-1.0453662638307795
Guinea,GIN,2009,1.1843320852482877,1.4480349667320205,-0.501848388885295,-0.9435503283799314
Guinea,GIN,2010,1.1864709527130683,1.4712091612169638,-0.579166408077111,-0.808113926626903
Guinea,GIN,2011,1.4931099699668682,1.6834492766082734,0.30381380466324726,-0.5780267063907764
Guinea,GIN,2012,1.4360788794904178,1.6047361122034425,0.2995191654001672,-0.6010717746414427
Guinea,GIN,2013,1.4168000460168115,1.5794337073879574,0.30869630522901725,-0.622776571751778
Guinea,GIN,2014,1.3595339739375674,1.6757479022921324,0.23788056161484797,-0.68742273914524
Guinea,GIN,2015,1.3315864983498311,1.6436625853130735,0.3566586889886259,-0.6404194384692055
Guinea,GIN,2016,1.3178760350376053,1.6141635521090758,0.37774074364953625,-0.6450949800845983
Guinea,GIN,2017,1.2673420225864915,1.4733206944128914,0.3873054507974928,-0.5635524819140146
Guinea,GIN,2018,1.2571590363574117,1.4386439661996882,0.3758005471075719,-0.44013072080682303
Guinea,GIN,2019,1.2428279209416075,1.3267185053720874,0.3756090610555135,-0.39652631911907543
Guinea,GIN,2020,1.2056991182605197,1.332430471492919,0.32538119082768013,-0.33783120506561043
Guinea,GIN,2021,1.4584841180517336,1.4694034540341057,0.2400414491836207,-0.30836571991413325
Guinea,GIN,2022,1.37748616940736,1.636130125386157,5.14079358723146,-0.28913953157596617
Guinea,GIN,2023,1.4568515223798415,1.8118133082440009,4.693770662198999,-0.24684729956850643
Guinea,GIN,2024,1.4917041156493847,1.9915486011919856,4.6020060361993025,-0.24418539781235027
Guinea,GIN,2025,1.4751685934917833,1.5243938748988595,3.423081678406671,-0.245214235850422
Ivory Coast,CIV,1970,0.6365121560869027,0.5722510039663669,-0.11058456060414347,1.197083040135547
Ivory Coast,CIV,1971,0.6365121560869027,0.5722510039663669,-0.11058456060414347,1.197083040135547
Ivory Coast,CIV,1972,0.21691290985532435,0.6009595733789505,-0.10479803018270499,1.125368519803168
Ivory Coast,CIV,1973,0.04799424577598937,0.6037805897959743,-0.10317567509171885,1.0855458403575684
Ivory Coast,CIV,1974,-0.19462211380028197,0.6076161863425115,-0.09517278360700084,1.0755953598389698
Ivory Coast,CIV,1975,-0.43816678235080975,0.623741837045737,-0.09196898734975746,1.0915062824762043
Ivory Coast,CIV,1976,-0.6788540542946292,0.40845518755070054,-0.09278857259126,1.1459163045224632
Ivory Coast,CIV,1977,-0.3189091174321561,0.43953748439904405,-0.20200814592337107,1.1313386414256517
Ivory Coast,CIV,1978,-0.02847824068800986,0.4738400455094931,-0.1976347195460171,1.0185098780253488
Ivory Coast,CIV,1979,0.2199363192426417,0.5109469866819871,-0.11753960596766218,1.0374501087016568
Ivory Coast,CIV,1980,1.884009454118171,0.5439371153225052,-0.06440562625633708,0.9405624919458817
Ivory Coast,CIV,1981,0.2035091030385141,0.4985802297287796,0.016023832159759378,0.998172444989214
Ivory Coast,CIV,1982,0.0679795468010151,0.547364952350851,-0.011184214195467978,1.0513087204149947
Ivory Coast,CIV,1983,-0.04102648943890907,0.5829598159385279,-0.011056076861130788,1.1016365532302042
Ivory Coast,CIV,1984,0.19692145447282558,0.6265647800017364,-0.015387337004273431,1.1523133719345848
Ivory Coast,CIV,1985,1.1069997916070464,0.670883227661443,-0.016745242738919072,1.1549540860933059
Ivory Coast,CIV,1986,0.30382656367754257,0.8219831094514938,0.06362513403700062,1.1607430727959844
Ivory Coast,CIV,1987,0.16931584375059835,0.8393876212821105,-0.05739995027548627,1.172700050511799
Ivory Coast,CIV,1988,0.43377531937059033,0.8816323573370806,-0.060924892379123005,1.163798900103055
Ivory Coast,CIV,1989,0.38630095829436706,0.956105215814121,-0.062179848153838924,1.2015680968296114
Ivory Coast,CIV,1990,3.6502162815693913,1.0779591820600776,-0.05359252247393538,1.2179724012397761
Ivory Coast,CIV,1991,0.08652111984761778,2.434191522185329,-0.08374114096805359,1.9751062319867216
Ivory Coast,CIV,1992,0.11084824645495797,1.5813476621003482,-0.1312034375541833,1.7649687167967434
Ivory Coast,CIV,1993,1.4376582571654577,1.4061247907747727,-0.08888838593043727,1.6825562395283786
Ivory Coast,CIV,1994,5.868030709817057,1.3846365841484736,-0.3161855268833203,1.8155124919452412
Ivory Coast,CIV,1995,3.9879980972288314,1.4293937287843435,-0.3713117736738501,1.7791885122614683
Ivory Coast,CIV,1996,3.722730972072431,1.4690528677443258,-0.029122283275166586,1.8730979485055643
Ivory Coast,CIV,1997,2.2223254658618155,1.436468919723458,-0.15417465913065112,1.9124178990729739
Ivory Coast,CIV,1998,0.884619749650279,1.4218560975631502,-0.15905222873912908,1.9414824427244812
Ivory Coast,CIV,1999,2.2922849639112743,1.4076303501461154,-0.15223938347177204,1.9839085502786964
Ivory Coast,CIV,2000,4.297191356843341,1.392923679949,-0.12662529404773792,2.1907375763585417
Ivory Coast,CIV,2001,3.4827177626651165,1.3560639997283208,0.25565597717775523,2.683620527029465
Ivory Coast,CIV,2002,1.5301654962944777,1.3720241175946717,0.27430202824075184,2.764131271741588
Ivory Coast,CIV,2003,0.06286377890320934,1.3856940468908892,-0.04352190050463957,2.7734105128519966
Ivory Coast,CIV,2004,-0.37055476294472367,1.3795470842908244,-0.04330806739388512,2.6215365544538862
Ivory Coast,CIV,2005,-0.20562296740600344,1.3794918009718466,-0.04102137318064632,2.536684196224588
Ivory Coast,CIV,2006,0.17452328401239153,1.3753572889165313,-0.07519831012108681,2.501098892617792
Ivory Coast,CIV,2007,0.5959777706786457,1.3723660147500367,-0.07311817313138205,2.4210164806478094
Ivory Coast,CIV,2008,0.6602687873996004,1.3439125002498788,0.04100087938408331,2.0893500152181357
Ivory Coast,CIV,2009,0.7375869585390227,1.3394440903437963,0.0333996384344594,2.0411144099638427
Ivory Coast,CIV,2010,1.5982109890234566,1.3403265138737184,0.033255715602015304,1.9275573247734301
Ivory Coast,CIV,2011,-5.137981075913654,1.4031742779508511,-0.3710654513573568,1.5518160387280484
Ivory Coast,CIV,2012,-2.8904689778917234,1.2424614674393792,-0.3967755462594464,1.5755342004887078
Ivory Coast,CIV,2013,-0.6757348268256308,1.2810742404353013,-0.3708813033486229,1.607455638981576
Ivory Coast,CIV,2014,-0.5079157630598987,1.2526456792495857,-0.37271476023111055,1.6712348395147152
Ivory Coast,CIV,2015,-0.5372402768162663,1.2374728579302081,-0.3713095682883995,1.716987883488374
Ivory Coast,CIV,2016,0.23595655039888075,1.2208954229068008,-0.35408853993616307,1.7335426158961544
Ivory Coast,CIV,2017,-0.43532976800436096,1.271669577335559,-0.32299176040135896,3.0396088313037724
Ivory Coast,CIV,2018,-1.3177590940860942,1.320214319602317,-0.3148086683170533,2.7708392845684964
Ivory Coast,CIV,2019,-3.1037076740778464,1.2776223243137843,-0.2997438456284573,2.4231261727607114
Ivory Coast,CIV,2020,-3.104537280193641,1.2038893304688516,-0.2988682600201339,2.247266612678786
Ivory Coast,CIV,2021,-3.1039853148863563,0.6291965808176603,-0.30328014498656514,2.258661022801511
Ivory Coast,CIV,2022,-3.1064152843637487,0.7683738165950718,-0.25609593592601754,2.2333831257719883
Ivory Coast,CIV,2023,-3.107962993363376,0.8061573077751734,-0.23960585197420012,2.1900164659625903
Ivory Coast,CIV,2024,-3.1104820838887233,0.7929777729604071,-0.25221921022117205,2.164585142449771
Ivory Coast,CIV,2025,-3.1101502848892877,0.6468360851806235,-0.2712936572651733,2.112699610734812
Canada,CAN,1970,-0.08423038896382021,-0.10561115270092042,0.10598101118404135,0.3631852607414755
Canada,CAN,1971,-0.08423038896382021,-0.10561115270092042,0.10598101118404135,0.3631852607414755
Canada,CAN,1972,-0.08546260171274991,-0.10813807661904364,0.10764768416166282,0.3490562639105085
Canada,CAN,1973,-0.08270228398594465,-0.0922371981416037,0.11711289318648319,0.34886654746376433
Canada,CAN,1974,-0.08696856123615926,-0.10403287658384006,0.09155470001846797,0.33527576391586145
Canada,CAN,1975,-0.08423711720059573,-0.11794983657450528,0.0062412965163745615,0.3209752137735813
Canada,CAN,1976,-0.084912116737374,-0.08091462193954492,0.0068718616188029324,0.3126994567671332
Canada,CAN,1977,-0.08919489414987454,-0.07721203392047238,0.18096742691671036,0.3384704971781599
Canada,CAN,1978,-0.08911570320696069,-0.08553044113798719,0.18964141567808449,0.3259693809984665
Canada,CAN,1979,-0.08861270093463142,-0.10840198179073622,0.18305900088825747,0.32076082536443046
Canada,CAN,1980,-0.07190363370059236,-0.13088878310428873,0.2395176424655165,0.22703277127700544
Canada,CAN,1981,-0.05105381261966391,-0.1317871775381873,0.24236040030362951,0.2389123071094248
Canada,CAN,1982,-0.04942655043268296,-0.15901336535132637,0.23872652295757446,0.23856024750847513
Canada,CAN,1983,-0.052884317673866366,-0.21671289893810441,0.2542769727783234,0.24496860736920628
Canada,CAN,1984,-0.05366931146106578,-0.2683328847538968,0.2585049577372639,0.23546464657423266
Canada,CAN,1985,-0.06350183247094525,-0.3370351124525336,0.26005266921698184,0.1939344684792067
Canada,CAN,1986,-0.0733187174853546,-0.3789722646931749,0.24827924209969005,0.18117159328292123
Canada,CAN,1987,-0.08792012178723908,-0.4286481865454079,0.23351220927919045,0.22176382810616457
Canada,CAN,1988,-0.08680757321230545,-0.4168516778123408,0.2348139440209312,0.22160569880964234
Canada,CAN,1989,-0.08002197539403544,-0.3936228796801939,0.2609052142046766,0.2287900021059252
Canada,CAN,1990,-0.08365602439731978,-0.36630403051188853,0.2372961712891113,0.2823802550980151
Canada,CAN,1991,-0.07135339447530785,-0.3772366165550202,0.29961256803992836,0.22098359523401365
Canada,CAN,1992,-0.06813200283069079,-0.3257430911617387,0.2952665935413482,0.20065714402523824
Canada,CAN,1993,-0.08219411722071095,-0.31136787327072113,0.34963508979952257,0.9713561417839806
Canada,CAN,1994,-0.0809178800600236,-0.2770856865542862,0.3539217139045433,0.9786394781297896
Canada,CAN,1995,-0.08114717390148632,-0.24523261208937425,0.3441803366657712,0.8480635885890059
Canada,CAN,1996,-0.08178938164971325,-0.21487060864007826,0.3312314661220076,0.7257731941765927
Canada,CAN,1997,-0.08220728878417338,-0.18427115517606657,0.28906928962140577,0.7206052846042084
Canada,CAN,1998,-0.08313444033429013,-0.15792579491119543,0.2973594605638552,0.6993684672664691
Canada,CAN,1999,-0.08383607888872424,-0.13203031509585297,0.27288982315598925,0.6965958019879304
Canada,CAN,2000,-0.08378322704260611,-0.10620358228845671,0.27757510723214396,0.6244162260301618
Canada,CAN,2001,-0.0791509327367243,-0.06912422123318178,0.2944512438076914,0.5655992521705018
Canada,CAN,2002,-0.08185258326127529,-0.051327340931066584,0.2925211584196539,0.5673170349566602
Canada,CAN,2003,-0.08512193221803788,-0.03550683143409583,0.26427398359863846,0.5590186520997097
Canada,CAN,2004,-0.08491719092458212,-0.019561063854249577,0.26579183657644145,0.5205151410861272
Canada,CAN,2005,-0.08789603970630114,0.0036578288802859016,0.2792141853368268,0.499909792269543
Canada,CAN,2006,-0.0926420258532514,0.017011929985072644,0.24628583294876932,0.4990093343248595
Canada,CAN,2007,-0.09447497765464566,0.03916315029128198,0.26188846093948875,0.4890283604113813
Canada,CAN,2008,-0.09526438398283474,0.07302032592598937,0.23958341836059582,0.4708440864059311
Canada,CAN,2009,-0.09723961799260267,0.08231492321771294,0.25937894460130795,0.4665802310414416
Canada,CAN,2010,-0.097522414800483,0.09488788383645946,0.26085893119523873,0.4575606671776094
Canada,CAN,2011,-0.09893418614209054,0.11612489990026856,0.25833232700206776,0.4175447105924705
Canada,CAN,2012,-0.11776571061120522,0.12446276347091759,0.27236252346596496,0.4185979834139034
Canada,CAN,2013,-0.11834225611090166,0.12718859437085098,0.2887350873465662,0.417395527750624
Canada,CAN,2014,-0.1157086911205216,0.1501001329517984,0.3013245233761622,0.41518452136316
Canada,CAN,2015,-0.11561100210821951,0.17163347802105314,0.30681086916798495,0.4129715995920902
Canada,CAN,2016,-0.1169294166650112,0.23988411463737763,0.3031686400932164,0.4146428817903348
Canada,CAN,2017,-0.12660909832755737,0.3894373494907052,0.31880400431709477,0.344078439646569
Canada,CAN,2018,-0.12700890367468234,0.43119717577540023,0.2825206505086958,0.3524648321011077
Canada,CAN,2019,-0.12483444228522966,0.4308753513358953,0.28429472062970207,0.34842932334182863
Canada,CAN,2020,-0.12768691534039223,0.4209635349216019,0.3197957114290932,0.3420556110572012
Canada,CAN,2021,-0.10885482141878133,-0.04660944804295347,0.3579519400251372,0.3436458729104933
Canada,CAN,2022,-0.20462902597485183,-0.2876783475141882,-0.34793173606081884,0.33172633903068627
Canada,CAN,2023,-0.1580644434342426,-0.2725068262292454,-0.0972302949704053,0.21379832254386075
Canada,CAN,2024,-0.14252628817122628,-0.17245963371072637,-0.08971113282819396,0.2291012904933481
Canada,CAN,2025,-0.14323012471900362,0.021559045532140608,-0.12824935249931688,0.23444184574773352
Australia,AUS,1970,0.013517678139911614,-0.015129480884985587,0.391287259726007,-1.0490476513499314
Australia,AUS,1971,0.013517678139911614,-0.015129480884985587,0.391287259726007,-1.0490476513499314
Australia,AUS,1972,0.013492067671107933,-0.014672200935848836,0.3897647567182088,-1.0463379449348569
Australia,AUS,1973,0.00489641049611662,0.003240807062624744,0.41283417080071094,-0.9677710681530137
Australia,AUS,1974,0.008366863753378546,0.07253210547106914,0.32350726318134265,-1.2216975094415305
Australia,AUS,1975,0.0019796902123846364,0.15745228371317363,0.3185190343362473,-1.0773278553897412
Australia,AUS,1976,-0.003309128086671917,0.006836795904268689,0.3189250892884683,-1.8107519712062152
Australia,AUS,1977,-0.01334029874439696,-0.021592082313832833,0.3007296582631915,-1.7689631161106596
Australia,AUS,1978,-0.019591449148625168,0.03107414966819154,0.22936675053315106,0.2459895687659293
Australia,AUS,1979,-0.009208569733496909,0.05452305692152238,0.6359879095034917,-0.5548468894617211
Australia,AUS,1980,-0.01006305297536077,0.04686095703190704,0.4837622668110595,-0.44541209423970374
Australia,AUS,1981,0.01872423028583544,0.07279329452134627,0.46957494929829346,-0.4435373576179856
Australia,AUS,1982,0.01993517392271029,0.0705326749579324,0.4594491092617714,-0.4434466337161347
Australia,AUS,1983,0.019738396431504136,0.06901057161050445,0.4592399906536022,-0.42695105578330744
Australia,AUS,1984,0.025426334516638976,0.06690980467635221,0.47500982173973516,-0.4160556242890434
Australia,AUS,1985,0.027368963806935116,0.044486738114277495,0.46900594659277206,-0.11696458399679463
Australia,AUS,1986,0.061459527751545735,0.09151683867858736,0.4701327756296455,-0.004786317589611178
Australia,AUS,1987,0.05907214781216547,0.06058599167352485,0.4805144442732441,-0.0505031581404215
Australia,AUS,1988,0.05798845324690538,0.015159667069169491,0.48752285782743066,-0.10062855273502846
Australia,AUS,1989,0.029287460170465445,-0.11091507947358818,0.370835772042783,-0.9439679395140022
Australia,AUS,1990,0.05408930781103496,-0.006364952142419901,0.461710475644478,-1.6729084267961989
Australia,AUS,1991,-0.020782248746906585,-0.13688361904018603,0.48370075552798786,-1.3841465269681414
Australia,AUS,1992,-0.017611821203395734,-0.08703537686272474,0.4701501526213091,-1.1743727037026266
Australia,AUS,1993,-0.012025197863343858,-0.06580797679165884,0.46349680642140556,-1.0538717000621212
Australia,AUS,1994,-0.010596063832503246,-0.06421410937138741,0.4636100715823625,-1.0423700186807159
Australia,AUS,1995,-0.009760444793714539,-0.06223942269305445,0.4360731941081357,-0.9699774692446023
Australia,AUS,1996,-0.009680633784823901,-0.06308778400289719,0.4260604333712083,-1.0155948541701996
Australia,AUS,1997,-0.010392995492388472,-0.06339480750973443,0.4463721580580867,-1.0269526156378754
Australia,AUS,1998,-0.01170332100842398,-0.06395348891245586,0.45291993981646456,-1.0712234554486433
Australia,AUS,1999,-0.012800964066811398,-0.06640997701777807,0.4785599049870002,-1.0800988558544093
Australia,AUS,2000,-0.01660287483537512,-0.07884545974320961,0.5128905844023652,-0.13312036851263823
Australia,AUS,2001,-0.009628909170002715,-0.08843672850403841,0.5749517501159273,-0.44585633239609346
Australia,AUS,2002,-0.010144788974411385,-0.08819754036131681,0.5760637983795753,-0.4531366777447316
Australia,AUS,2003,-0.012715450501772394,-0.0888061662038448,0.52526998805664,-0.4491976047170918
Australia,AUS,2004,-0.014234374470212833,-0.09250007281062482,0.529557404821859,-0.47963089458544783
Australia,AUS,2005,-0.013794121886727554,-0.09193550387006792,0.542052956661458,-0.5450247723387189
Australia,AUS,2006,-0.012984143402010019,-0.09180070346521299,0.49486620674366394,-0.5455659503396195
Australia,AUS,2007,-0.012981331913080056,-0.09233948531449276,0.4934834130148737,-0.46242738127571226
Australia,AUS,2008,-0.014547109630855681,-0.07799737051195826,0.5020186066920523,-0.54384064579252
Australia,AUS,2009,-0.0019364953771631409,-0.07399156236045422,0.4635879734110052,-0.5012998397825092
Australia,AUS,2010,-0.0013596130099479287,-0.07393717237588597,0.4683160074284595,-0.6367838241688166
Australia,AUS,2011,0.015419194963746937,-0.06078086202781725,0.42324038387475305,-0.40759767265324864
Australia,AUS,2012,0.02020538324591673,-0.04786534049458204,0.42097533832779316,-0.41077499449226196
Australia,AUS,2013,0.02054619808950318,-0.03613413537877092,0.42252982465347,-0.41154522673766214
Australia,AUS,2014,0.13040355634588596,-0.16099847328134947,0.39120685113604375,-0.4011835967519375
Australia,AUS,2015,0.12979371426820097,-0.16472172569616605,0.4067275234538279,-0.39352942892802195
Australia,AUS,2016,0.12456505461526214,-0.18910230299069264,0.4086929367572033,-0.3906109059688707
Australia,AUS,2017,0.10572584898947762,-0.04337123441011859,0.4250193742049301,-0.3874733532079448
Australia,AUS,2018,0.11894789566510973,0.04251054268182134,0.44808554305581316,-1.3411578198575034
Australia,AUS,2019,0.11979455522782491,0.07394024013745033,0.4591889781774215,-1.2771376774456769
Australia,AUS,2020,0.10043681904107164,-0.01004684905930461,0.4749879052155944,-1.1301451583776356
Australia,AUS,2021,0.0673997107790031,-0.0851637009538593,0.5614078669284073,-1.1659575301686598
Australia,AUS,2022,0.04638609342781063,-0.1536074571666179,0.5608277713029624,-1.186739814387892
Australia,AUS,2023,0.0334551022393835,-0.1455147013059285,0.31656384717701724,-1.131530739825929
Australia,AUS,2024,0.050438533946058905,0.02405929087658408,0.3319781519673347,-0.9199431010933244
Australia,AUS,2025,0.04910324854220214,0.07498548736205671,0.3360370158234273,-0.985977426796852
Botswana,BWA,1970,0.04889276034337971,-0.36513930560454644,0.37148543833168424,-0.1609540948769695
Botswana,BWA,1971,0.04889276034337971,-0.36513930560454644,0.37148543833168424,-0.1609540948769695
Botswana,BWA,1972,0.04185143980478391,-0.3648257491796669,0.37076301197721484,-0.1375179997056115
Botswana,BWA,1973,0.042138127855968766,-0.33738068708382707,0.3761895654421271,-0.10499064283398753
Botswana,BWA,1974,0.04122358966323279,-0.3241119579778634,0.360445328557626,-0.10250114251451435
Botswana,BWA,1975,0.04126083208310802,-0.3155728213445989,0.32411586643128987,-0.10331301438611598
Botswana,BWA,1976,0.02875261820367167,-0.286872505612241,0.3248206358373723,-0.069746448571659
Botswana,BWA,1977,0.0253960962582385,-0.2456794950795562,0.44963706234141243,-0.05569161094786522
Botswana,BWA,1978,0.02619293956669224,-0.2802281287358407,0.42828090763014515,-0.10453560927693797
Botswana,BWA,1979,0.028130393065100595,-0.2878324582623823,0.2507682884955708,-0.07733076116521345
Botswana,BWA,1980,-0.015756896322155756,-0.3309664328515236,0.30907038078598714,-0.039602237637413266
Botswana,BWA,1981,-0.021133497338461774,-0.2760913900324023,0.29548173632977204,-0.03062654810493672
Botswana,BWA,1982,-0.029884191575520976,-0.26125717044388375,0.2947421320784652,-0.03138664589179062
Botswana,BWA,1983,-0.031166523984304584,-0.2672211468285277,0.2957815264151081,-0.040380189911397885
Botswana,BWA,1984,-0.03304776588856834,-0.2706238221584639,0.30590495696597064,-0.03934385321480248
Botswana,BWA,1985,0.0027234742991696353,-0.2633204879459883,0.3154832300287024,-0.0724036051321635
Botswana,BWA,1986,0.0021982017701763744,-0.30891180511745986,0.32426099560304167,-0.07703442377837688
Botswana,BWA,1987,0.029029998174472438,-0.29942092821682936,0.33284909362937976,-0.07132993705792123
Botswana,BWA,1988,0.007310343842023491,-0.38048817787834455,0.33186682290805414,1.3565832177796289
Botswana,BWA,1989,0.041858613145633494,-0.30089425146345117,0.34933595412397356,1.3956587697126757
Botswana,BWA,1990,0.04222357024435243,-0.313129126490733,0.36279529616475326,1.1653872460521428
Botswana,BWA,1991,0.04069428205909819,-0.36841117192531947,0.4331737592679971,0.9343360818782128
Botswana,BWA,1992,0.05237270880286815,-0.11558793292680464,0.4456661399554942,0.7515657186089307
Botswana,BWA,1993,0.040614078163283183,-0.186876746841482,0.4376562757503768,0.6125282631120972
Botswana,BWA,1994,0.04180710320069725,-0.18762083093620163,0.42217067229091426,0.6288720474933722
Botswana,BWA,1995,0.04474445781734196,-0.1874969807162019,0.44315777358971203,0.4723267935291074
Botswana,BWA,1996,0.04884990960806848,-0.18851966212363325,0.4070563726029077,0.4041072701563066
Botswana,BWA,1997,0.04698827731068852,-0.21976680178152105,0.3678762915853661,0.4151310572277376
Botswana,BWA,1998,0.0478882340818782,-0.222318486408668,0.3191438007978161,0.6878169975492114
Botswana,BWA,1999,0.060732722282481374,-0.2279537659259782,0.41799931545305674,0.736335092819576
Botswana,BWA,2000,0.061745097760388674,-0.24529881138425896,0.40487642750091796,0.6654337857585836
Botswana,BWA,2001,0.052256993701922716,-0.1887939119457931,0.4135450146967443,0.631173677238285
Botswana,BWA,2002,0.04953527347340799,-0.18080145662517016,0.37656528760236513,0.3087412145472107
Botswana,BWA,2003,0.0616423893455665,-0.19547770517703725,0.6111794872942666,-0.11139670500270675
Botswana,BWA,2004,0.060133785504465034,-0.19787540558773054,0.5917610186116687,-0.10720309120340797
Botswana,BWA,2005,0.06569148073377859,-0.2009899531378287,0.5806276401680184,-0.11002275083909613
Botswana,BWA,2006,0.06652363931186789,-0.20161791538955418,0.49579313082558885,-0.10789264478063505
Botswana,BWA,2007,0.06689119348413078,-0.20047933066830545,0.47556019166824987,-0.0887406087369946
Botswana,BWA,2008,0.06707105120813146,-0.1918391142274742,0.46713502823240505,-0.09707026095540036
Botswana,BWA,2009,0.053227402260965416,-0.18445339793363336,0.4714094706769591,-0.08487302921593148
Botswana,BWA,2010,0.05957686920944825,-0.19302729110751438,0.46427869640086006,-0.13364854049140812
Botswana,BWA,2011,0.06712718616527862,-0.20853027178239336,0.41278308675846886,-0.05789511164681642
Botswana,BWA,2012,0.08389535861545032,-0.18130692964804032,0.41742731923593707,-0.06443167148125106
Botswana,BWA,2013,0.0835051523121984,-0.15416523707011962,0.4248078137346871,-0.0489796040018937
Botswana,BWA,2014,0.07707448136012161,-0.14831093371780213,0.4095519503126127,-0.056136957123215876
Botswana,BWA,2015,0.06833302658117335,-0.1658281200485302,0.41477089197787664,-0.041377261796581175
Botswana,BWA,2016,0.07520671876829021,-0.21306775343281442,0.40286649155803356,-0.039637837749507174
Botswana,BWA,2017,0.07692163837791287,-0.18862979875196376,0.3919320584327647,-0.0955390339301337
Botswana,BWA,2018,0.0783359358364131,-0.149890880878328,0.38062754450205644,-0.1406842156159944
Botswana,BWA,2019,0.06103075071239268,-0.2087163535219559,0.3625728186602527,-0.2785036306873275
Botswana,BWA,2020,0.009130251378662357,-0.5109777807592851,0.4548630512656941,-0.2815489979990493
Botswana,BWA,2021,0.08097955356731246,-0.318104857602931,0.5123499781289125,-0.27397572331386755
Botswana,BWA,2022,0.040816603545473853,-0.7307941759685355,0.36006272568790654,-0.29555460027151126
Botswana,BWA,2023,0.07267394152973128,-0.8978934905921488,0.38267587804759345,-0.3441043223922968
Botswana,BWA,2024,0.12416648971224942,-0.8264823915941406,0.3757308100135074,-0.3474854550079278
Botswana,BWA,2025,0.13905368578178345,-0.7357710930616445,0.26645968274786436,-0.3396533630958787
Burundi,BDI,1970,0.23802871144994686,1.6855821305200804,0.21353124398710976,-0.14948598191144266
Burundi,BDI,1971,0.23802871144994686,1.6855821305200804,0.21353124398710976,-0.14948598191144266
Burundi,BDI,1972,0.20885774523061557,1.6934522113290051,0.2125544480770025,-0.13242835688550342
Burundi,BDI,1973,0.25710355750445846,1.602059618068628,0.221947283923831,-0.2686894589714547
Burundi,BDI,1974,0.21961862380092703,1.6150641215697208,0.14491085595736355,-0.33907907599197273
Burundi,BDI,1975,0.28263059981773414,1.668633381651857,-0.13250333429036149,-0.30941985408025213
Burundi,BDI,1976,0.33244443050820915,1.4614150794393646,-0.1324409224716493,-0.24011762656743874
Burundi,BDI,1977,0.3329880072728692,1.6277527754976389,-0.31650729687003276,-0.24158975318526066
Burundi,BDI,1978,0.31038961744787436,1.6859545790697352,-0.26134522113358916,-0.17102973624019652
Burundi,BDI,1979,0.2632359595834155,1.7028883121003666,-0.26346769534984255,-0.06014645838517818
Burundi,BDI,1980,0.21823475727893754,1.6994052922041736,-0.18384774434087686,-0.004674099299517481
Burundi,BDI,1981,0.25519511769931696,1.719503136706435,-0.16606965662122458,0.03392913038954695
Burundi,BDI,1982,0.3713786272639815,1.725340308188977,0.04400758027048593,0.0795989570456188
Burundi,BDI,1983,0.5036538211481955,1.7411685271684512,0.08686058881953254,0.21090362164670348
Burundi,BDI,1984,0.6780016300609351,1.7630109017897042,0.13555045227507934,0.26867673960591765
Burundi,BDI,1985,0.5369695862590746,1.8574866670560968,0.215609200246007,0.5842308421464485
Burundi,BDI,1986,0.5070330134365743,1.7564986822405921,0.189061245748002,0.6268389268523086
Burundi,BDI,1987,0.7893549168298759,1.710942878337261,0.1646214837958958,0.6412034557723792
Burundi,BDI,1988,0.7123188759586842,1.6853395844764814,-0.38440147276733677,0.8809839218629136
Burundi,BDI,1989,0.7153746800580465,1.6752049938669846,-0.588288158787992,0.9033835648031274
Burundi,BDI,1990,0.4902071204825357,1.7408096498955152,-0.5298347392052063,0.7784184498582881
Burundi,BDI,1991,0.7029135508308486,1.7935233667271182,-0.29629678505751056,0.7947833029002628
Burundi,BDI,1992,3.3660970462984765,1.7146936722558777,-0.2739579674379397,1.195374316861916
Burundi,BDI,1993,3.953046524577707,2.1361680249282164,-0.19767320877452987,1.1985541359276204
Burundi,BDI,1994,2.0230747960983084,2.5516243118566817,0.7604434087896854,1.2461408322098575
Burundi,BDI,1995,1.4177851779544894,2.510042464231338,0.7540055832741188,0.807014072720742
Burundi,BDI,1996,1.016349372619126,2.505708994953752,0.6889441566558416,0.7149738374169703
Burundi,BDI,1997,0.7832137976549411,2.4772462503140407,-0.5194496127689753,0.7404664145804194
Burundi,BDI,1998,0.635264604947187,2.4831326333047237,-0.5279355019440339,0.7315043247638489
Burundi,BDI,1999,0.6236628033188736,2.4841892806260493,-0.5319740947559081,0.7185459675677622
Burundi,BDI,2000,0.5926724433833432,2.484213428526502,-0.5296457469230765,0.6082567379177264
Burundi,BDI,2001,0.7670510545074364,2.4637963754001264,-0.4992412928264625,0.5426383358720974
Burundi,BDI,2002,0.8038707835921526,2.4612465459743094,-0.5109533214711564,0.5485321593548713
Burundi,BDI,2003,0.5645456087356124,2.4686445498946883,-0.46034165611591393,0.5457044052913087
Burundi,BDI,2004,0.11958858927435848,2.4773335358653643,-0.5596007039780656,0.5712053935592235
Burundi,BDI,2005,-0.35030125299536496,2.474322712434378,-0.5657657651343196,0.5731002097915041
Burundi,BDI,2006,-0.40438273888746495,2.585378571301515,1.500059561656761,0.5722831561389087
Burundi,BDI,2007,-0.4420248113244833,2.57049039250273,1.4282177069252078,0.614420339809109
Burundi,BDI,2008,-0.5028024934325395,2.553362991851917,1.380985294906204,0.622349538018226
Burundi,BDI,2009,-0.5543473844866722,2.54379355195881,1.315138033560955,0.6182294059386252
Burundi,BDI,2010,-0.5781087088607986,2.5306016223417953,1.2980846325928852,0.6122444196394493
Burundi,BDI,2011,0.37542612933137853,2.601938081755371,1.540057233680739,-0.2280542856201535
Burundi,BDI,2012,1.5194957996158225,2.571381032107169,1.510053168555048,-0.18239569977481285
Burundi,BDI,2013,2.67904598780796,2.5421164161553893,1.468187603974249,-0.11330687802485312
Burundi,BDI,2014,3.812289449794439,2.3925988228405815,1.4379501289585752,-0.06469523713740633
Burundi,BDI,2015,4.975231731191826,2.3802411457176076,1.3895493923287974,0.015177125344766118
Burundi,BDI,2016,5.9308373595204085,2.387783437846286,1.4276984466678657,0.05504159305827694
Burundi,BDI,2017,5.9442695014189555,3.080856493218983,1.4412324438808204,0.22780085247298526
Burundi,BDI,2018,5.858243572404528,3.1363351272568885,1.4429126869635667,0.45828479223027246
Burundi,BDI,2019,5.86141870898836,2.994599738940971,1.414589928429467,1.1629209314873226
Burundi,BDI,2020,5.856582298364942,2.846673335228251,1.3787620018995432,1.2817512836408733
Burundi,BDI,2021,5.8123961097755155,3.102831423775749,0.9309196760592304,1.26524497066502
Burundi,BDI,2022,5.653433847302753,3.13324138872569,1.5946104115087827,1.220782535335658
Burundi,BDI,2023,5.608532361098875,3.0662356812631426,1.349936271537929,1.1761528143874571
Burundi,BDI,2024,5.625329943862372,2.6681683859189596,1.3645369458052732,1.1646333157399233
Burundi,BDI,2025,5.622572603326712,1.5841741235601758,1.0565972501468879,1.1840739324265117
Central African Republic,CAF,1970,4.490141559147761,-0.342546408260333,0.5108019927336085,-0.99665877702332
Central African Republic,CAF,1971,4.490141559147761,-0.342546408260333,0.5108019927336085,-0.99665877702332
Central African Republic,CAF,1972,4.178124729727742,-0.2815668671355454,0.5311419025247619,-0.9603255727819725
Central African Republic,CAF,1973,3.985518743584053,-0.24338873669990208,0.5509585042949293,-0.9456871623553651
Central African Republic,CAF,1974,3.9515496696111727,-0.215031131134083,0.5478304308976214,-0.9376655113073183
Central African Republic,CAF,1975,3.9663578505968813,-0.17127720955892217,0.535655005246683,-0.9233408282201604
Central African Republic,CAF,1976,4.042178564776979,-0.28074268103360345,0.5612419622098269,-1.048663327050093
Central African Republic,CAF,1977,4.159226855524558,-0.34035974460892343,0.4934191815346603,-1.1489099729052532
Central African Republic,CAF,1978,4.295968048726967,-0.3586109851958661,0.5118411333457374,-1.1006899821070384
Central African Republic,CAF,1979,4.464204813989311,-0.3925925210321105,0.3710267890443683,-1.0736013905722674
Central African Republic,CAF,1980,4.869406746329313,-0.4191003775732497,0.2708338674245459,-1.2726137281089738
Central African Republic,CAF,1981,5.367306778739497,-0.951893569890806,0.20739903995483155,-1.5770431302119958
Central African Republic,CAF,1982,4.6129483618330935,-0.8640025278371642,0.5389875721056347,-1.664662714598064
Central African Republic,CAF,1983,4.103699009428839,-0.7071992967360411,0.40481683536308316,-1.6007052491932292
Central African Republic,CAF,1984,3.4257554149526017,-0.5234588818357035,0.427342213471458,-1.5718862845985508
Central African Republic,CAF,1985,2.81028664849899,-0.33577437612602534,0.4525882091211652,-1.4657382821474823
Central African Republic,CAF,1986,2.268520991300508,-0.1018741679828008,0.47284808101550824,-1.4288481494124228
Central African Republic,CAF,1987,1.8835457095788035,0.24165530315123054,1.0945500860696997,-1.2622260477290255
Central African Republic,CAF,1988,1.6817562806492372,0.3466496400126177,1.105453808290871,-1.9905774739689055
Central African Republic,CAF,1989,1.5410493828844398,0.5167609715671195,1.1254476617274984,-1.7638094680595486
Central African Republic,CAF,1990,1.4811668684865258,0.7139816392793153,1.079352336396362,-1.5408466424304978
Central African Republic,CAF,1991,1.3019703211139246,1.193682033131604,0.9798956843165806,-1.2097166711184701
Central African Republic,CAF,1992,1.902702033236005,1.2902072644488303,1.007324459740727,-1.3981397721892848
Central African Republic,CAF,1993,1.9976406897478467,1.4545796086746758,1.0050573177846702,-1.1890843425386697
Central African Republic,CAF,1994,1.8061887671181267,1.4356818250722785,0.8972881454649637,-1.1407395559524347
Central African Republic,CAF,1995,1.6318992854298258,1.4085966968238217,0.8649401556998417,-0.7978620522631219
Central African Republic,CAF,1996,1.4884346358743872,1.3949701035435975,0.8731277017584036,-0.8011601305889745
Central African Republic,CAF,1997,1.369070887901468,1.3834116877757736,0.8027631623935664,-0.7657108358091461
Central African Republic,CAF,1998,1.2535072149498039,1.3770410027669964,0.8265991998364612,-0.7194234716729524
Central African Republic,CAF,1999,1.157470207392508,1.3707095632138153,0.8557964142607204,-0.6868515620053641
Central African Republic,CAF,2000,1.0855961366451181,1.3656129008750704,0.88069773046621,-0.5255452782504015
Central African Republic,CAF,2001,0.9850372285966666,1.353558352927401,0.774950711485286,-0.4861364878414164
Central African Republic,CAF,2002,0.8950195305692443,1.359616463306055,0.8008285025859649,-0.4535469071337014
Central African Republic,CAF,2003,0.7748590667102727,1.3751349917555407,0.7766076706844709,-0.44340378767743527
Central African Republic,CAF,2004,0.6217296233606386,1.3967537024155792,1.13021515712831,-0.10942949772041977
Central African Republic,CAF,2005,0.6281752704109813,1.43223116150557,1.1575567854097646,0.02453289612950984
Central African Republic,CAF,2006,0.6081476007487088,1.4642223571617814,2.8118678808551705,0.016091038000292646
Central African Republic,CAF,2007,0.5717369269741983,1.443953837070132,2.6199675214696603,0.08127838845671946
Central African Republic,CAF,2008,0.5340475875504301,1.421183092626717,2.5503333026219304,0.0985603718971603
Central African Republic,CAF,2009,0.4871108808201867,1.4131456040767496,2.451363991987316,0.11570070008742164
Central African Republic,CAF,2010,0.441480421192648,1.4064294200837826,2.4313146647924095,0.07144236123154087
Central African Republic,CAF,2011,0.4354943642829644,1.4126847250118795,2.6961101977604938,0.9051529318037852
Central African Republic,CAF,2012,0.47118935713937604,1.4215237860343772,2.6809291810290286,0.9109118823660068
Central African Republic,CAF,2013,0.5391826011355781,1.369469496792627,2.9018137023896586,0.8651245586744247
Central African Republic,CAF,2014,0.47074817766261423,1.2376126278647122,2.918534332830361,0.6201298042882528
Central African Republic,CAF,2015,0.3245649234908311,1.2641760965378204,2.486935280132008,0.6160904130116762
Central African Republic,CAF,2016,0.24904030978581682,1.3536642418448055,2.663510383992606,0.5661872863738979
Central African Republic,CAF,2017,0.15380984722130459,1.6049657701058408,2.442701512580944,0.620503086907353
Central African Republic,CAF,2018,0.10135543745186465,1.557683578963759,2.2729055934650924,0.6859944767955172
Central African Republic,CAF,2019,0.05300226811834763,1.527882752519996,2.2346158303079133,0.5295589735280141
Central African Republic,CAF,2020,0.016579954108564388,1.627064011559819,2.141715797902276,0.3983586883898755
Central African Republic,CAF,2021,0.027678096181242118,1.3720433892692359,1.6401449977593183,0.4168734104710927
Central African Republic,CAF,2022,0.15661847253960737,1.6725812754779659,1.2283360420743685,0.43068226514110935
Central African Republic,CAF,2023,0.18939264790292143,1.5896772994725556,1.1439527827651654,0.4804279638903279
Central African Republic,CAF,2024,0.44864547373199304,1.7113064347957934,1.1367618482147428,0.7526107521099967
Central African Republic,CAF,2025,0.4323857743087711,1.4905637510456569,1.0254998932683848,0.6239541218052651
Chile,CHL,1970,2.627355120121861,1.0629352659099849,-2.7423003182718713,1.5309401922407933
Chile,CHL,1971,2.627355120121861,1.0629352659099849,-2.7423003182718713,1.5309401922407933
Chile,CHL,1972,2.621843823124501,1.0639353861328615,-4.4851963437109,1.452483137111151
Chile,CHL,1973,2.6313198549679293,1.0311851147313125,-6.27817910072941,1.4157276768258167
Chile,CHL,1974,2.4294235173907004,1.6004093908685315,-4.659063144741742,0.9998736653958639
Chile,CHL,1975,2.5224934873738114,1.9347570020071503,-3.202913584898749,1.1265167446614819
Chile,CHL,1976,2.5953082589250602,1.2969719892587865,-1.8836785349552208,1.1339358079850428
Chile,CHL,1977,2.7042067995167076,1.2544676628049287,-1.088787706996405,1.146417799713343
Chile,CHL,1978,2.838231349251916,1.2330227940828926,-0.5255896269502104,1.2152340831081458
Chile,CHL,1979,2.958132124893492,1.2111204146749333,-0.4588673115421782,1.4482479651327718
Chile,CHL,1980,2.9159292747553565,1.2105441760141007,0.47464831096968657,2.062347703407874
Chile,CHL,1981,2.6805038315044394,1.1529288366142056,0.8337717080908221,2.279783011896008
Chile,CHL,1982,2.7860762868263365,1.1205672602713466,0.8491806143425413,2.187929421851489
Chile,CHL,1983,2.9080223340153744,1.096750693980068,0.8400399116109734,2.08987184629411
Chile,CHL,1984,3.000362467201157,1.0902892747080277,0.947524083931789,1.9932712577028981
Chile,CHL,1985,3.112088954483439,1.0772006980765527,1.048515754744548,1.7993486092634243
Chile,CHL,1986,3.309916162831257,1.0313874218419206,1.4798949319654338,1.715326406000666
Chile,CHL,1987,3.8076032357922656,1.0687446969262615,2.586416209253602,1.5978754486075393
Chile,CHL,1988,4.540993789015208,1.1317035207778328,3.675030472880456,1.3150403144848335
Chile,CHL,1989,5.424764837245805,1.1114291970699572,5.308821898119329,0.8688599283214471
Chile,CHL,1990,5.9442695014189555,1.001690202160855,5.308821898119329,0.8514149420198783
Chile,CHL,1991,5.190653357174766,1.31187435903108,4.5863280291427895,1.561616514576139
Chile,CHL,1992,3.7590804122153436,0.951402613035203,3.378946663947047,1.4365659862050464
Chile,CHL,1993,3.25378848398312,0.9072842264341081,2.1614826245241594,1.1620749251240492
Chile,CHL,1994,3.106257631061264,0.8992882419697772,1.361723157984945,1.0942090291366235
Chile,CHL,1995,3.0306571448985338,0.8970027492943194,0.9618949897733042,0.9247341610697976
Chile,CHL,1996,2.985626222962641,0.9048124807441282,0.704540153616422,0.7819286102481964
Chile,CHL,1997,2.934738392181672,0.9127471237470939,0.678877275987197,0.7525364065016831
Chile,CHL,1998,2.8929064438738914,0.9234761215535019,0.7652388006356983,0.7206135358356811
Chile,CHL,1999,2.8525969168813683,0.9342152057383417,1.0111238338416744,0.6966474677446493
Chile,CHL,2000,2.810776827045956,0.9508590230048204,1.322245937388237,0.6838327686129105
Chile,CHL,2001,2.6670597268903906,1.0418950280307482,1.0599473491488771,0.6110499906450906
Chile,CHL,2002,2.603335651644743,1.0576393307585628,0.7804653157911842,0.5941169409453708
Chile,CHL,2003,2.5249097403189826,1.068248422588634,0.6738115807437919,0.5722211325559288
Chile,CHL,2004,2.4744784482938433,1.0699413110435425,0.6908584118392781,0.5292583572730112
Chile,CHL,2005,2.44063528760127,1.081420455040583,0.7374016687825276,0.49998859374957794
Chile,CHL,2006,2.3851424737710234,1.099226872098066,0.44755571677045,0.47870005519457176
Chile,CHL,2007,2.330726972453533,1.1114179351705662,0.41363530536626913,0.4057784310011141
Chile,CHL,2008,2.2738704380797237,1.1589527022570871,0.5603285039960648,0.25678335794993584
Chile,CHL,2009,2.2028794775673712,1.1682340666392057,0.7353742493023107,0.23461188703776403
Chile,CHL,2010,2.143927393605608,1.1714789549818891,0.889879245267245,0.3063576289714669
Chile,CHL,2011,2.057606309999934,1.1560866367845257,0.8241580349412905,0.27432151013818024
Chile,CHL,2012,1.9648839281122596,1.1596124217612815,0.7227269169394481,0.2208353392687612
Chile,CHL,2013,1.9607910824927934,1.1612992497961105,0.6119002436914203,0.21328238163538116
Chile,CHL,2014,1.7650902486626145,0.942946942796651,0.5796557130996198,0.22889211119199232
Chile,CHL,2015,1.7882128850004435,0.9529354165654502,0.7198216496972063,0.218987375032295
Chile,CHL,2016,1.8393867384534914,0.9692059771258015,0.9012871629209815,0.18957454010466648
Chile,CHL,2017,1.7989753275877844,0.8994497950882707,1.0874915287108187,-0.037053032192021995
Chile,CHL,2018,1.8485627354467433,0.8350047581812657,1.1686273318078144,-0.2868851602468073
Chile,CHL,2019,1.890798255273069,0.9517399509039373,1.2119896241267412,-0.38983987175728885
Chile,CHL,2020,1.8938290730042708,1.1840686717844815,1.2362987134698067,-0.5103380504613172
Chile,CHL,2021,1.7926035528617748,1.2594768188110768,1.4779881291829162,-0.4039753982745107
Chile,CHL,2022,1.4608964297624127,1.029860737283555,0.9387484439109437,-0.45554255229426815
Chile,CHL,2023,1.4434641281171794,1.1960837372349866,1.0143288892266396,-0.36993959987756186
Chile,CHL,2024,1.404499656769223,1.2791454009608485,1.0102604769855599,-0.35092001281379126
Chile,CHL,2025,1.4430465841829434,0.9187542152158881,1.050310598040274,-0.3881192911345957
Costa Rica,CRI,1970,0.37231004391006395,-0.12332358281252082,0.2701410020028183,-0.007462174425722196
Costa Rica,CRI,1971,0.37231004391006395,-0.12332358281252082,0.2701410020028183,-0.007462174425722196
Costa Rica,CRI,1972,0.37074205597774146,-0.13402300692310418,0.2788101641578535,-0.02388353780393132
Costa Rica,CRI,1973,0.36685532022824346,-0.12396570598481911,0.27783940566375975,-0.008544898652438654
Costa Rica,CRI,1974,0.3670841235718566,-0.1518483857546717,0.27004677456974835,-0.004560967776352148
Costa Rica,CRI,1975,0.3697746767306399,-0.17366183467666427,0.2023539286597547,0.03627986778526436
Costa Rica,CRI,1976,0.3673711002481271,-0.104848731508123,0.2067338700612655,-0.028410992291328513
Costa Rica,CRI,1977,0.38480880155343133,-0.08637584212336051,0.28798382001148903,-0.021331487610409372
Costa Rica,CRI,1978,0.4081271718302041,-0.059962421885828135,0.2844700939923215,0.014918422505763446
Costa Rica,CRI,1979,0.4384970726324404,-0.08615692550886986,0.3842925608782018,0.07199462288610091
Costa Rica,CRI,1980,0.46844704196777837,-0.06015391715355513,0.22266386753222447,0.13999771231607375
Costa Rica,CRI,1981,0.5815320032622358,-0.1027391434736079,0.2534327257582827,0.23274717533902706
Costa Rica,CRI,1982,0.5349256549863601,-0.20765924165639055,0.26645993817487634,0.23360072526147568
Costa Rica,CRI,1983,0.49406137601744615,-0.2884811969804443,0.29802842649502015,0.23574983000288313
Costa Rica,CRI,1984,0.4433166924583527,-0.3492747063210622,0.3007957926774101,0.23772648740544294
Costa Rica,CRI,1985,0.39721209174262995,-0.3867420449604857,0.323885388004439,0.29058186292187604
Costa Rica,CRI,1986,0.3609593318582159,-0.39626592243473285,0.34023408235102504,0.2784287485311999
Costa Rica,CRI,1987,0.3611845201630547,-0.5334990123319449,0.40318763203271013,0.39236920540391573
Costa Rica,CRI,1988,0.3185326306784976,-0.6438766475359684,0.41718008978385834,0.28281447152301253
Costa Rica,CRI,1989,0.288883521246561,-0.8322978204083944,0.4397538563938288,0.2492475817620473
Costa Rica,CRI,1990,0.24592693273369032,-1.2261998373403573,0.4606525998273046,0.1532684147180502
Costa Rica,CRI,1991,0.10134313065874795,-1.0774028455255777,0.6410274178848352,-0.20708233332965806
Costa Rica,CRI,1992,0.08682546718195372,-0.5921291597132533,0.6289210072200526,-0.14760048563299652
Costa Rica,CRI,1993,0.08887746231462165,-0.3453878659259337,0.6315110661698852,-0.10357247942509401
Costa Rica,CRI,1994,0.09211767202560642,-0.1629880612648777,0.6131310019438216,-0.11303278344001003
Costa Rica,CRI,1995,0.08737792114293483,-0.11555002231014372,0.6574997372300087,-0.0055525107050844735
Costa Rica,CRI,1996,0.08407007444754225,-0.020965696246111887,0.611070926966358,-0.0774521025855843
Costa Rica,CRI,1997,0.08244681347928308,0.1267254218293155,0.5597418167936641,-0.08608571876748558
Costa Rica,CRI,1998,0.08216136603506606,0.26842421733213784,0.585417711474119,-0.0795122574040513
Costa Rica,CRI,1999,0.0762416929969063,0.39756175137854205,0.6637930194099817,-0.09449818653543351
Costa Rica,CRI,2000,0.07263421792105748,0.5583419027033911,0.70875347898784,-0.20020886261217555
Costa Rica,CRI,2001,0.07228704468089374,0.5094348542790945,0.7940721649418245,-0.17991719149528465
Costa Rica,CRI,2002,0.0765752412217653,0.44507876664487017,0.7955480456566488,-0.19664192390056986
Costa Rica,CRI,2003,0.0821186754977675,0.37214169638747546,0.8302294496356033,-0.02038321356693426
Costa Rica,CRI,2004,0.09069090290799567,0.3323676011061773,0.8550723119543464,-0.036407664770195663
Costa Rica,CRI,2005,0.10110557269669537,0.30838571219287664,0.8451610798013189,-0.030932299176222783
Costa Rica,CRI,2006,0.11215885933692057,0.285393148984971,0.7717483115597721,-0.02688326823054424
Costa Rica,CRI,2007,0.12641576059634585,0.2740075062967792,0.8523650194530158,-0.024778318672435545
Costa Rica,CRI,2008,0.13950677908308956,0.19817625924052396,0.8405382332780007,0.26456704655761815
Costa Rica,CRI,2009,0.1487859952719408,0.09031412892129431,0.8275951651368185,0.2335734463609327
Costa Rica,CRI,2010,0.15855586443053124,-0.018115697618834636,0.825301373195197,0.22325641918947658
Costa Rica,CRI,2011,0.17188604926491224,-0.1161832148693219,0.8391118584867947,0.18511676701718974
Costa Rica,CRI,2012,0.1701786214942353,-0.1932617264879379,0.839083037015068,0.18216800393303859
Costa Rica,CRI,2013,0.17791010109793826,-0.25617525288614124,0.8260907805755532,0.18522667824668376
Costa Rica,CRI,2014,0.19375348806314335,-0.3017795888418756,0.8251791090364019,0.1739628871706712
Costa Rica,CRI,2015,0.18983400565185204,-0.3740105389402648,0.8413723598361866,0.16354505727598628
Costa Rica,CRI,2016,0.1971981950622248,-0.4330759564053477,0.8156776935420531,0.1730080965420145
Costa Rica,CRI,2017,0.19649844174689698,-0.5088515865342593,0.7920374368404699,0.09293823558340686
Costa Rica,CRI,2018,0.19919639069028705,-0.6439275079957631,0.7814633842752035,0.14146180490816282
Costa Rica,CRI,2019,0.20669122233703202,-0.7733998445266488,0.800623940633534,0.16448211363511506
Costa Rica,CRI,2020,0.20596428999343727,-0.842049969417149,0.7781044673754923,0.20831010510695336
Costa Rica,CRI,2021,0.1644692630103362,-0.8625833199438813,0.8227250945778002,0.20565741312409433
Costa Rica,CRI,2022,0.18149419703483657,-0.8096343042206087,0.6167946642457954,0.2105564419647017
Costa Rica,CRI,2023,0.24012163263433617,-0.7865086598579423,0.37723430536181685,0.24124505435009075
Costa Rica,CRI,2024,0.23534112200973795,-0.7937475878354933,0.3779521934085372,0.21228662854469052
Costa Rica,CRI,2025,0.23429389824222924,-0.8294158063551167,0.3894357044521823,0.17354295175215212
Ecuador,ECU,1970,4.64178478598229,1.3766348123461383,5.308821898119329,4.11235245861301
Ecuador,ECU,1971,4.64178478598229,1.3766348123461383,5.308821898119329,4.11235245861301
Ecuador,ECU,1972,4.552773380404606,1.3472335512784812,5.308821898119329,4.243052539108607
Ecuador,ECU,1973,4.481887996668671,1.5614576511401457,5.303383459641974,4.201926339650633
Ecuador,ECU,1974,4.438388341735469,1.590105350374537,5.182624085686025,4.2415003905019
Ecuador,ECU,1975,4.362675570775626,1.4903693833115785,5.269369283277275,4.249259130745843
Ecuador,ECU,1976,4.363666266623072,1.3214558273107955,5.253965549090264,4.153730281958915
Ecuador,ECU,1977,4.406756306029885,1.2789861934078757,5.308821898119329,4.016169929273935
Ecuador,ECU,1978,4.454565957066089,1.248050033940692,5.308821898119329,3.7833734910494967
Ecuador,ECU,1979,4.514210594165648,1.2350571635650884,5.308821898119329,4.067456920638147
Ecuador,ECU,1980,4.566670900386522,1.2917949157753505,5.308821898119329,5.074205082749659
Ecuador,ECU,1981,3.9853669345132383,1.4806731318893154,5.308821898119329,5.016278515571775
Ecuador,ECU,1982,3.304110391248349,1.3742159822256044,5.308821898119329,5.008265454252207
Ecuador,ECU,1983,2.6329994896343343,1.2753855982781999,5.305315745637604,4.977737116545752
Ecuador,ECU,1984,1.9708621515922364,1.1974431090252642,4.95891092984312,4.981840669179851
Ecuador,ECU,1985,1.4388441773746208,1.1125343447900224,4.728034523740488,4.5973811795336585
Ecuador,ECU,1986,1.1059378817814394,1.0215143666305375,4.34161101708868,4.550538779224421
Ecuador,ECU,1987,0.974990799114414,0.8368305180855583,3.8953857106584135,4.697029639469673
Ecuador,ECU,1988,0.9617894134254861,0.7441648958098945,3.6963502323021986,4.051023707093545
Ecuador,ECU,1989,0.8895741686997907,0.738147889932971,3.4326116098758073,3.677997629177759
Ecuador,ECU,1990,0.5799490958987622,0.4886402327571972,3.056405540650544,3.1450050734635346
Ecuador,ECU,1991,0.1331017599664842,0.16763124874977287,2.436179179993835,2.9488322571333585
Ecuador,ECU,1992,0.11631514056483773,0.127469088408596,2.3982959142022215,2.78387783526227
Ecuador,ECU,1993,0.010806152378587869,0.1660200073130361,2.3871231258618892,2.7204091302291546
Ecuador,ECU,1994,-0.043143174799967016,0.16493510995184676,2.292008577859405,2.746030113899953
Ecuador,ECU,1995,-0.04034537713489378,0.15636095785219653,2.3370553612873604,4.141199909739291
Ecuador,ECU,1996,-0.024884227558219826,0.17454005339380868,2.4145311097091664,4.449491985347599
Ecuador,ECU,1997,-0.050682978596361186,0.22637079249633874,2.6417855049111787,4.182907873595656
Ecuador,ECU,1998,-0.07070196314287219,0.23401934920889655,2.725229581773646,4.610281643045042
Ecuador,ECU,1999,-0.1586586745262721,0.23593152117183386,2.96056346743448,4.6088870201815135
Ecuador,ECU,2000,-0.24832854070795063,0.237153907123552,2.8472943115734832,4.148167548985812
Ecuador,ECU,2001,-0.3356781458047672,0.2764516408691822,2.6623803995914646,3.972920788591072
Ecuador,ECU,2002,-0.4045456970954352,0.270476622163787,2.5487017332185267,3.9546350354566746
Ecuador,ECU,2003,-0.48298440810558574,0.25532814307469004,2.3164337844411547,3.9476205115834704
Ecuador,ECU,2004,-0.568375223705938,0.2368284883138513,2.211751009411199,3.804472268527953
Ecuador,ECU,2005,-0.6496433570564274,0.22104535329665587,2.1018547091802517,3.7361732399430356
Ecuador,ECU,2006,-0.7596123040891565,0.20198386930429932,1.7485969087194835,3.6869084043458495
Ecuador,ECU,2007,-0.873994502633777,0.2039576624190737,1.818821688852579,3.104445652932989
Ecuador,ECU,2008,-0.9926006690923014,0.37324665576015886,1.9308090962785731,3.0968728402027668
Ecuador,ECU,2009,-1.0531769160537567,0.4024352649140958,1.9199564838859318,3.4215319294425584
Ecuador,ECU,2010,-1.0460469735465738,0.353895607434725,1.8261236579663032,3.2526488369976603
Ecuador,ECU,2011,-0.9819306807545322,0.24451727446336824,1.549573196527829,3.1083702628990686
Ecuador,ECU,2012,-0.8514118740362645,0.153465704934552,1.419118961473895,3.0219352598078753
Ecuador,ECU,2013,-0.6917080852400618,0.06672079116247898,1.241575576010213,3.1158461979335925
Ecuador,ECU,2014,-0.6866739424369306,0.07095710124858176,1.1362226231378112,3.1123820315446182
Ecuador,ECU,2015,-0.811564118044135,0.04823267873474285,1.02186643177573,3.114597622802785
Ecuador,ECU,2016,-0.9438399565995924,-0.005099159591089503,0.9597161099826326,3.1059515000712508
Ecuador,ECU,2017,-1.1115428597987567,-0.10472455627258997,0.8642141041853341,2.4652104058796755
Ecuador,ECU,2018,-1.252879486573275,-0.2289946708713132,0.6825600171909059,2.170596271339534
Ecuador,ECU,2019,-1.3169998585947156,-0.5947523556613463,0.5269071267716532,2.5778798955345144
Ecuador,ECU,2020,-1.310008412349486,-0.4180611855955273,0.5390808701624812,3.3972803570287553
Ecuador,ECU,2021,-1.332252090512094,-0.345925193662857,0.4968649691095356,3.4247644249249376
Ecuador,ECU,2022,-1.2943070574978326,-0.38712558979779055,0.08814648449814397,3.4544370812448464
Ecuador,ECU,2023,-1.3211714821344622,-0.48117056481374604,0.07070768229828325,3.2891159505690846
Ecuador,ECU,2024,-1.2363316658903334,-0.2517606298165519,0.12279608989113142,3.3371211517278874
Ecuador,ECU,2025,-1.2419872963098242,-0.30580219733945846,0.1312104590663337,3.3086264912778436
France,FRA,1970,0.06654179729569032,0.19289043649939838,0.22944448066316908,-0.03596231126497657
France,FRA,1971,0.06654179729569032,0.19289043649939838,0.22944448066316908,-0.03596231126497657
France,FRA,1972,0.06312191592713207,0.19098402257241395,0.22948485725489387,-0.05517086097650839
France,FRA,1973,0.08055052390837644,0.26122427660827946,0.22128879551867087,0.04328639713334536
France,FRA,1974,0.06969174287329888,0.2641696220804398,0.29597926661717056,0.1827826458364536
France,FRA,1975,0.06938835396173007,0.2453764105599286,0.2785245629600803,0.21395612246063403
France,FRA,1976,0.0656956862334799,0.259780577474114,0.2782318790566094,0.1167042169376357
France,FRA,1977,0.05783348252837369,0.2432637882482493,0.1875561306564659,0.1138594682110056
France,FRA,1978,0.058252045555841715,0.2310668266073883,0.1726462899648787,-0.012941008425184954
France,FRA,1979,0.06086949009734015,0.22639423689388713,0.17872533689532866,-0.03188485969522917
France,FRA,1980,0.06628207237165636,0.22353099859133874,0.12371939630043333,0.05454426544104653
France,FRA,1981,0.052946053377640204,0.26026861507694754,0.18935375289806566,0.07414215646780568
France,FRA,1982,0.04676204761596438,0.24112433590632656,0.2130984019876957,0.0709183183439285
France,FRA,1983,0.046938347137679394,0.24762846188249515,0.21049528180872806,0.0968396669732086
France,FRA,1984,0.048432075086065174,0.23016482811272826,0.20847319833427796,0.1019568709329399
France,FRA,1985,0.051163783931374635,0.2124866391174767,0.20888197416322168,0.07356614958377428
France,FRA,1986,0.04646624034383129,0.16621736865894993,0.19997865892392058,0.10032831894074237
France,FRA,1987,0.09997761541330674,0.20664262593576138,0.20506405414153006,0.019616944483624738
France,FRA,1988,0.11750774502046964,0.20805757475469283,0.20243737779325163,0.037050621579748616
France,FRA,1989,0.10909880559117802,0.12487137197100023,0.3221414871162424,-0.9495895337851015
France,FRA,1990,0.1016264570915108,0.09228142742567974,0.27670823417864526,-0.880251758094864
France,FRA,1991,0.06417787455744114,-0.07197958108643987,0.21196877486055682,-0.7526502705085849
France,FRA,1992,0.061696711138922444,-0.06789945092423147,0.21028065649950894,-0.6089201195735132
France,FRA,1993,0.06317325765555701,-0.08235101850075813,0.2071789031343912,-0.43852577923593117
France,FRA,1994,0.06788528819586298,-0.07080405633490064,0.23383840854771823,-0.44241625494814957
France,FRA,1995,0.06915738363453701,-0.06831742720910998,0.214853660447127,-0.35703238559968326
France,FRA,1996,0.07345744709586524,-0.06201952082162928,0.266225836181291,-0.24592386950874096
France,FRA,1997,0.07380994159627792,-0.07114641773577476,0.15775383321511,-0.24533805158750133
France,FRA,1998,0.07460049324282347,-0.061411706785331935,0.16506230298297808,-0.2659867696979733
France,FRA,1999,0.07657959846549203,-0.05094907506189909,0.15753715973031318,-0.26509152236702027
France,FRA,2000,0.07712974026820718,-0.040382930434845914,0.16208952889030004,-0.23030815947734343
France,FRA,2001,0.06817106838932047,0.013091096246674518,0.2143989950127259,-0.05232521615372991
France,FRA,2002,0.06926992304379195,0.010353503721225222,0.221768899548546,-0.043337019230377076
France,FRA,2003,0.07552501665225896,0.006703294795357844,0.2917658208437959,-0.0231376531790103
France,FRA,2004,0.07691142084682746,0.001322011488530405,0.32147690128031814,-0.037826163039341235
France,FRA,2005,0.07754116757659289,0.0015822906962805992,0.32134150387099897,-0.03898023032614704
France,FRA,2006,0.08189725074740913,0.0019500677755877674,0.21613758336590927,-0.03841559050247436
France,FRA,2007,0.08331200471912255,-0.004954766941071765,0.23469484429761617,0.02645440122786852
France,FRA,2008,0.08359732759434571,-0.01367774886100041,0.30503505878047266,0.1357997098394846
France,FRA,2009,0.09024407183044143,-0.01132907967529425,0.2827363864715577,0.09746632187191732
France,FRA,2010,0.0887079272689513,-0.005850961822084243,0.27864164376803013,0.1245332440686196
France,FRA,2011,0.10132442353754433,0.008426574277383057,0.2722251609631443,0.20847599865881764
France,FRA,2012,0.10957150344842356,0.011383942087208124,0.26695907470398694,0.20342034334855752
France,FRA,2013,0.10923550949178774,0.018488296151043603,0.2462881032201477,0.18758141486814423
France,FRA,2014,0.11701983921958137,0.08317462368694684,0.26048179803436533,0.15160410111085443
France,FRA,2015,0.1171722409607503,0.07772229447786833,0.25993992468816074,0.18526765234492645
France,FRA,2016,0.11809995326549992,0.06155053330231111,0.26491211429629685,0.20962491895091537
France,FRA,2017,0.11158490772577767,0.00558009843609179,0.2973479719160761,0.041705719576498816
France,FRA,2018,0.11209557475305393,-0.0471497337175953,0.3288283389494215,0.021402759942598975
France,FRA,2019,0.11711958157245088,-0.058322941143656645,0.3180500627287059,-0.0021997541981331817
France,FRA,2020,0.11356352830395483,0.010847331355324437,0.30748055728873597,0.01892368313387867
France,FRA,2021,0.20146217361094576,0.11242772918836257,0.3984034675431091,0.015841085135388556
France,FRA,2022,0.16168059928085238,0.030409985069005996,0.11510978538894566,-0.011199423030145199
France,FRA,2023,0.1310924898714093,-0.020560754279667245,0.23891446262269517,0.09949617194642152
France,FRA,2024,0.10687956386534342,-0.07331156982922872,0.2577667928984265,0.06114090146422574
France,FRA,2025,0.10546163009733434,-0.15165948823278066,0.21884410958347894,0.05394734593614937
Germany,DEU,1970,0.3592198641049269,-0.02149805073640604,0.1786874467392529,-0.09799833226978666
Germany,DEU,1971,0.3592198641049269,-0.02149805073640604,0.1786874467392529,-0.09799833226978666
Germany,DEU,1972,0.355461239553733,-0.020156710268291154,0.178732387656117,-0.08886242722361501
Germany,DEU,1973,0.35161677025837157,-0.015314308516002937,0.189349364369594,-0.08058755001502838
Germany,DEU,1974,0.34746354419375214,-0.005112530206122328,0.15696523596059025,-0.08662561425444515
Germany,DEU,1975,0.3471465696840934,-0.0021511360143657288,0.1550232710137212,-0.08817650316377744
Germany,DEU,1976,0.3420278181055154,-0.024022710890097106,0.15495380405450884,-0.08941651894393068
Germany,DEU,1977,0.3415176075934858,-0.024750234375851356,0.30972556547523933,-0.08979953185268573
Germany,DEU,1978,0.342118528631674,-0.019534877509690556,0.30215081218427514,-0.04695581056430173
Germany,DEU,1979,0.35672863272495425,-0.01503339755119153,0.27425438011182063,-0.025987700044330042
Germany,DEU,1980,0.35833521908491117,-0.006216382164339344,0.19845244201112505,-0.03459170881276748
Germany,DEU,1981,0.40129064177255547,0.002174452349759756,0.221439929384189,-0.04589152816098016
Germany,DEU,1982,0.39632439017911203,-0.007006341549497346,0.21472634754908543,-0.04723277073563427
Germany,DEU,1983,0.3937802801766507,-0.006753292565356107,0.21535338169632434,-0.047697485836234704
Germany,DEU,1984,0.3806403308001501,-0.009891573088128353,0.22494677152243098,-0.048042768333365224
Germany,DEU,1985,0.33527343014218003,-0.08088598387160104,0.22295702272043932,0.029707315703796457
Germany,DEU,1986,0.2936783284444844,-0.08322770643891525,0.237998291707968,0.038525662676344545
Germany,DEU,1987,0.2736585868817594,-0.06658130352647819,0.22552475337633177,0.03569550591596729
Germany,DEU,1988,0.26303582188889374,-0.0704826807855243,0.23384210190970522,0.02656767493116787
Germany,DEU,1989,0.2701863437008317,-0.030023430713204492,0.220143548267324,0.020285111948908877
Germany,DEU,1990,0.2875599948860741,0.02610149264873756,0.22720885244563274,0.0009825092508837646
Germany,DEU,1991,0.36726705151762296,0.047688376719245695,0.3077959629627426,-0.19112081211996584
Germany,DEU,1992,0.34165676146071444,0.046731523503040905,0.2990844821092864,-0.15685131619998696
Germany,DEU,1993,0.33038647469919763,0.05292716267513664,0.293069529047461,-0.13483822838586584
Germany,DEU,1994,0.32709890019558496,0.05140745947421154,0.2784714516982624,-0.13454011325597037
Germany,DEU,1995,0.3270850062407179,0.04745865832033494,0.30402212139736673,-0.12198387178607176
Germany,DEU,1996,0.3278310818146709,0.04668012771999745,0.2701310980320799,-0.08570348952757742
Germany,DEU,1997,0.32882933483927923,0.040015258645642496,0.22399313485437045,-0.08576946816938737
Germany,DEU,1998,0.3306078042788686,0.040193356626743115,0.22410090874566074,-0.0842924439873046
Germany,DEU,1999,0.33185764736936807,0.03990892805320328,0.2484542271417477,-0.08594463923453083
Germany,DEU,2000,0.33276700327308295,0.03841666934046921,0.2510160265482085,-0.07319308002959894
Germany,DEU,2001,0.34034350611108527,0.03264177738235109,0.2495191588376501,-0.05462509441268876
Germany,DEU,2002,0.3418782119967837,0.03406553195492072,0.24930586873010036,-0.05643127161840725
Germany,DEU,2003,0.3410339186311604,0.03427483042451089,0.2564084639614251,-0.057430495869931514
Germany,DEU,2004,0.34081204664007025,0.03325894173363272,0.2676837013219582,-0.050978188577441075
Germany,DEU,2005,0.34181962842137914,0.03318964441254444,0.2621841608617469,-0.051725358722012824
Germany,DEU,2006,0.34525130762763123,0.028370517252310615,0.2218416151748128,-0.05486417848660913
Germany,DEU,2007,0.34851455583694235,0.026831051844798996,0.20811497388845446,-0.05846951797725826
Germany,DEU,2008,0.3516203946791752,0.03351824149898808,0.20506073203656025,-0.04877316450659523
Germany,DEU,2009,0.3531775036879423,0.034283191666830116,0.20205762162359853,-0.04832191993004848
Germany,DEU,2010,0.35537479903621194,0.03609106599538908,0.2087666612475731,-0.05511076789167134
Germany,DEU,2011,0.380580549805698,0.05871871663522718,0.15089701050934112,-0.08182738153955077
Germany,DEU,2012,0.3793862262293941,0.06695694295310223,0.14899730700415448,-0.08284516918279244
Germany,DEU,2013,0.3804605052589983,0.07785279628739697,0.14900978249576322,-0.08908461534527098
Germany,DEU,2014,0.40458927517640497,0.08207348620416768,0.14001946235433074,-0.0828755946109663
Germany,DEU,2015,0.39975880097629873,0.07811511244177403,0.12494160796278916,-0.08628474552830079
Germany,DEU,2016,0.3965857140335697,0.07155126803724905,0.1323637766666355,-0.08166520784801051
Germany,DEU,2017,0.3774946389860431,-0.045279472035937324,0.13092949010204036,-0.11408851844281273
Germany,DEU,2018,0.3866755390189851,-0.026613655924482005,0.1736727065937232,-0.09232365165179604
Germany,DEU,2019,0.4008889235633232,0.0018977856901347123,0.16998342402994387,-0.07700943796082188
Germany,DEU,2020,0.3925856588126028,-0.0441355716170595,0.17564085660772122,-0.10571175026006308
Germany,DEU,2021,0.39017731688262225,-0.18627348171704916,0.2471725006156998,-0.12322239830789658
Germany,DEU,2022,0.3716632388748584,-0.1884902898501028,0.07626473285076195,-0.11780993374213977
Germany,DEU,2023,0.4069880694202381,-0.15659974062508225,0.06815642965465409,-0.09590757689988957
Germany,DEU,2024,0.3866672317746645,-0.11548006888486954,0.06717734341538734,-0.0981001375460595
Germany,DEU,2025,0.40038737655385936,-0.1006310103792696,0.14077822753630143,-0.10296539905972699
Guatemala,GTM,1970,0.8501660403934207,0.3702308666962767,0.18558206969111618,0.6684559048892817
Guatemala,GTM,1971,0.8501660403934207,0.3702308666962767,0.18558206969111618,0.6684559048892817
Guatemala,GTM,1972,0.1441876267701478,0.37592490548769264,0.19162610148482317,0.6061973650336691
Guatemala,GTM,1973,-0.11791612244575127,0.3390771456807643,0.18950788112398004,0.5571752764603781
Guatemala,GTM,1974,-0.30601900112229585,0.30811259217984793,0.1920849241561895,0.5548325474967096
Guatemala,GTM,1975,-0.7724861339760806,0.2495061580906252,0.14898524132572594,0.6144212476663252
Guatemala,GTM,1976,-0.8633796357048015,0.1847912077182997,0.1437320313288335,0.5471874091340422
Guatemala,GTM,1977,-1.4599711019977608,0.20554407708891753,0.17725840936837728,0.5502647100834808
Guatemala,GTM,1978,-1.8644054836688266,0.20867961572476643,0.17502013716953033,0.46098446405883203
Guatemala,GTM,1979,-0.8249424115565027,0.21089142449484624,0.5671417948519331,0.5947387391290441
Guatemala,GTM,1980,-0.1311868229236002,0.1860947726452202,0.28531596961384587,0.6417905736803787
Guatemala,GTM,1981,0.24067136535889538,0.18868680358640294,0.2934542755242867,0.6520300214935091
Guatemala,GTM,1982,0.5241528255642942,0.2115469177570922,0.2919258279265517,0.6597415269759048
Guatemala,GTM,1983,1.0597354216860149,0.14733443636818666,-0.12350867695137388,0.5224400269378339
Guatemala,GTM,1984,5.9442695014189555,-0.06612073100168193,-0.22953524240601927,0.5403479959960391
Guatemala,GTM,1985,5.9442695014189555,-0.040898023410686546,-0.21233649716568073,0.1777800995904166
Guatemala,GTM,1986,5.9442695014189555,0.26642484687746615,-0.13636213507190506,-0.20055402041299797
Guatemala,GTM,1987,5.100784601732875,0.4740723181031559,0.3656172060391203,-0.3293020012527929
Guatemala,GTM,1988,1.2978399328879955,0.49711154525088064,0.36367694419702995,-0.21469676627746132
Guatemala,GTM,1989,0.5131331918711168,0.36688028718847265,0.3920968840383313,-0.1832909740193716
Guatemala,GTM,1990,0.7460525249525192,0.3140095643625076,0.3735384933284429,-0.09873731918829087
Guatemala,GTM,1991,-0.056957548821755175,0.31682680456840756,0.3147405420005211,-0.03878690989719408
Guatemala,GTM,1992,0.1065115074911632,0.13208562842353608,0.3120501440266719,0.0726557961323041
Guatemala,GTM,1993,-0.061248343547051984,0.12288237891614262,0.3023445205857511,0.03958545801727403
Guatemala,GTM,1994,1.7039070256535989,0.07817472228264781,0.19334943892718418,0.05964364568611363
Guatemala,GTM,1995,3.790430157210504,0.06500090605072353,0.20409940633748522,0.9064213955766851
Guatemala,GTM,1996,5.134806765059739,0.07508338178713718,0.2575705467735221,0.7584415732701276
Guatemala,GTM,1997,4.3343194537340874,0.09704142925983118,0.4156705632430018,0.78453932406751
Guatemala,GTM,1998,2.824596292867286,0.1008040896980736,0.42015662005435944,0.7759575966686908
Guatemala,GTM,1999,3.4478818350258975,0.10131050176788609,0.4076579479889726,0.774518430618701
Guatemala,GTM,2000,5.9442695014189555,0.0984492171169429,0.4207192002383265,1.4339247734236076
Guatemala,GTM,2001,3.6665315549555375,-0.07503428495769898,0.5041329388587631,0.9357647416650084
Guatemala,GTM,2002,1.543623841816221,-0.07440990654156064,0.5073525756671488,0.9299987702534598
Guatemala,GTM,2003,0.8985806731671282,-0.0740818183409576,0.47280553414180365,0.9208273160126776
Guatemala,GTM,2004,0.5063959298375174,-0.07127159759900165,0.44412333914451096,0.970685212959645
Guatemala,GTM,2005,0.15060260564802164,-0.06258298293102554,0.40226071964999993,0.9094065842354807
Guatemala,GTM,2006,-0.06234666056729228,-0.0645503924874128,0.380063555240797,0.903381293931642
Guatemala,GTM,2007,-0.2584612550291185,-0.062416720142024984,0.37424350822699715,0.9128621019860181
Guatemala,GTM,2008,-0.16937651709085216,-0.10229701307372313,0.4108822749869043,0.8764759754616523
Guatemala,GTM,2009,-0.04122793238281992,-0.09291010356016041,0.3571277169571856,0.7726078015412874
Guatemala,GTM,2010,-0.11324228991348952,-0.09953138554307184,0.36379134347127934,0.6763472245497899
Guatemala,GTM,2011,0.028082761652068314,-0.10780460376243847,0.3278326118756111,0.6850798573285068
Guatemala,GTM,2012,-0.3191379265220952,-0.08279582953494027,0.34604806902976637,0.6930905750003145
Guatemala,GTM,2013,-0.6594767997448903,-0.06976709035027917,0.38046926167561423,0.683229399865261
Guatemala,GTM,2014,-0.4876233585396693,-0.1495939417947812,0.397673122879784,0.7045210571511773
Guatemala,GTM,2015,-0.30987322501266457,-0.1468982238299033,0.3824265221467671,0.6982765062873126
Guatemala,GTM,2016,1.1092487991313065,-0.30966633436317814,0.3998251700056006,0.6726752428995082
Guatemala,GTM,2017,2.2022371192049524,0.07443433739518625,0.5063120238358286,0.4460463577811621
Guatemala,GTM,2018,3.2879558970429072,0.10689589877675729,0.5122045855754634,0.40242928515902404
Guatemala,GTM,2019,3.5447400561556,0.1344435297852874,0.5340124113779938,1.3261091845306798
Guatemala,GTM,2020,3.548417086862562,0.1665636841135393,0.6019759806725625,1.20316320177054
Guatemala,GTM,2021,3.5442488166375266,0.22383523021963928,0.8276057388623991,1.1973576026601709
Guatemala,GTM,2022,3.584503969613839,0.3509428692316608,0.47839510648812233,1.2051487744066018
Guatemala,GTM,2023,3.6091340233765457,0.3609108056741443,0.3699434259724999,1.1735555086993419
Guatemala,GTM,2024,3.5721346172696617,0.05322855706567206,0.32360942590671193,1.1576461190022016
Guatemala,GTM,2025,3.575740584116451,1.1955057339628854,-0.594468214854571,1.022338095978502
Iran,IRN,1970,0.2730739869615217,0.893661410194601,-0.460321911584449,-3.3612550897509514
Iran,IRN,1971,0.2730739869615217,0.893661410194601,-0.460321911584449,-3.3612550897509514
Iran,IRN,1972,0.26880013588749435,0.8811965363710664,-0.4642620415277636,-1.8586616352346923
Iran,IRN,1973,0.26390202540613683,0.8689344324076355,-0.47016152238071074,-1.2703786311600713
Iran,IRN,1974,0.25861164996243513,0.8510081255173835,-0.43510126934753257,-1.218281474148075
Iran,IRN,1975,0.2583176822548513,0.8399848665870125,-0.4103060203184131,-1.31577085111959
Iran,IRN,1976,0.2851427119397667,0.9702401786329788,-0.41190817989834816,-1.9690707207179505
Iran,IRN,1977,0.273650915723328,0.9078566020734941,-0.3024223183190313,-2.770188563684004
Iran,IRN,1978,0.27644669321451665,0.8974809876538989,-0.3045759657773177,-6.48840003777525
Iran,IRN,1979,0.31976318152714206,0.9647544653016955,0.020542893452643707,-11.379705748424294
Iran,IRN,1980,0.9525323714814901,1.1597869420675098,-0.8117952461081956,-12.656970070099446
Iran,IRN,1981,0.3738034353985573,1.4762174306488935,-0.6953795013495558,-10.428645646466947
Iran,IRN,1982,0.4341813646645394,1.638858080115333,-0.6622438577401615,-7.964377756439072
Iran,IRN,1983,0.4251601941852565,1.614236310473848,-0.6556881935391916,-6.03596337948566
Iran,IRN,1984,0.3739086748637915,1.5575974709980929,-0.6378835528136261,-4.067403277539965
Iran,IRN,1985,0.3899355734893098,1.486847697387232,-0.6308484281143445,-3.291645572385257
Iran,IRN,1986,0.33968121326187944,1.349147012725668,-0.5987370199895263,-2.4641559503003916
Iran,IRN,1987,0.2871063115935643,1.2070858472015042,-0.4564035576558446,-0.660854382617451
Iran,IRN,1988,0.27783082854926877,1.1418538201317932,-0.45269391086721367,2.168000485293539
Iran,IRN,1989,0.27821025449238623,1.0857448676830939,-0.43150724561216525,6.207205939908205
Iran,IRN,1990,0.35333489779155974,0.9744653768806726,-0.406522961914783,3.7927635191412215
Iran,IRN,1991,0.25581578016182427,0.8617742470918087,-0.3469399998447822,0.6452554971307608
Iran,IRN,1992,0.23490019155568514,0.6838723414736849,-0.3441316329702501,-0.4197755483436647
Iran,IRN,1993,0.22108302078819161,0.626514714875579,-0.33922268310141757,-1.0858344450325925
Iran,IRN,1994,0.22667872706944647,0.6367212834559336,-0.3042041985398686,-1.6994917162484637
Iran,IRN,1995,0.2302637583040133,0.6309109509730835,-0.31593768752874724,-1.3862051433142084
Iran,IRN,1996,0.23435163015868882,0.635891402102448,-0.30583305339413136,-1.7312551181743743
Iran,IRN,1997,0.24373574727238265,0.6509117254016079,-0.22258725817426728,-1.916300413467812
Iran,IRN,1998,0.2822456921521672,0.6550855774574391,-0.23458918054574462,-1.8987958324097531
Iran,IRN,1999,0.28575306693261415,0.6576218881341432,-0.24849119178760715,-2.0464939424473343
Iran,IRN,2000,0.29570811251867246,0.6739150665158071,-0.26830906391601084,-1.2887352033869737
Iran,IRN,2001,0.28908115219404484,0.680560061420852,-0.260829071297412,-1.5563371661704297
Iran,IRN,2002,0.2884028197947972,0.695331310987994,-0.2574125498301514,-1.6070607127193248
Iran,IRN,2003,0.284107409077032,0.6976912637323478,-0.2755663878067203,-1.2805490030769389
Iran,IRN,2004,0.28741061831076514,0.7102535088034816,-0.2986865146344717,-0.8440904530533763
Iran,IRN,2005,0.2751286252370229,0.70495620577394,-0.2605678711044887,-0.4351500655252777
Iran,IRN,2006,0.24811767756984918,0.7083267055526283,-0.03613482802033769,-0.04717364299459936
Iran,IRN,2007,0.24583580014327247,0.7248799495775711,-0.051331586590010456,-0.283306037103234
Iran,IRN,2008,0.24615159052997518,0.71239025701688,-0.05395889233235521,-0.19083422231234498
Iran,IRN,2009,0.23995436157618827,0.7172475673108165,-0.038515145907624476,0.09432508810332924
Iran,IRN,2010,0.24910361839568856,0.5872850821257476,-0.022626142131487254,0.3502396265935145
Iran,IRN,2011,0.17784825477498784,0.5225018858487183,-0.14592328543473757,0.31898069967125015
Iran,IRN,2012,0.16816071566478158,0.5016313185743104,-0.14986359448821984,0.21581476178167722
Iran,IRN,2013,0.16788620688183292,0.5655171967983168,-0.13957414489270617,0.2657755332486582
Iran,IRN,2014,0.087529120564177,0.5538295105546318,-0.14573099323814503,0.19660967337340046
Iran,IRN,2015,0.08190646854148187,0.5548848282881614,-0.1850417985062589,-0.08182711696022482
Iran,IRN,2016,0.07211192338151151,0.5165535544083785,-0.18953373305091267,-0.3627942181631849
Iran,IRN,2017,0.08482240845870398,0.5747412995989107,-0.2486288074664939,-0.6027260230445076
Iran,IRN,2018,0.08152944041277499,0.3467745701016753,-0.23877707827453007,-0.710495060055883
Iran,IRN,2019,0.09906616624250426,0.47922575099974707,-0.23445675696834029,-0.2335125157319106
Iran,IRN,2020,0.10044947280111259,0.5692940306529308,-0.24678214128777803,-0.2177873378220998
Iran,IRN,2021,0.20603808360084763,0.5030092554329813,-0.2480788408087572,-0.22037644375054416
Iran,IRN,2022,0.40707631926098153,0.4845736752631929,-0.4647454277175969,-0.2069880038521019
Iran,IRN,2023,0.44354976970885873,0.46053402485258543,-0.406250223983932,-0.23398477212681296
Iran,IRN,2024,0.4313693447277823,0.5487191782548848,-0.41094417296299096,-0.23471260204422195
Iran,IRN,2025,0.4425153823976982,-0.16400167840476793,-0.39495136310057305,-0.20503809327223999
Iraq,IRQ,1970,-1.740022124499148,0.7862967712801054,2.4292611044505774,-0.4988380824825287
Iraq,IRQ,1971,-1.740022124499148,0.7862967712801054,2.4292611044505774,-0.4988380824825287
Iraq,IRQ,1972,-1.6542397146960153,0.7942065879132009,2.4210644480265673,-0.49618826767255775
Iraq,IRQ,1973,-1.5846396538677403,0.7643549850539537,2.4136600494011504,-0.5025171491477389
Iraq,IRQ,1974,-1.5200864170583501,0.7978085767534924,2.3806838810634883,-0.5285294271854258
Iraq,IRQ,1975,-1.4656661144644942,0.7714919159753417,2.3233436832822014,-0.5305408621301194
Iraq,IRQ,1976,-1.4053034703948744,0.526529338560048,2.329446100044495,-0.5460926513896136
Iraq,IRQ,1977,-1.3598904151891849,0.5370724688574305,2.2885129140797416,-0.5381684157395643
Iraq,IRQ,1978,-1.3169106527853207,0.5406671072017006,2.303502003680101,-0.5126086532888423
Iraq,IRQ,1979,-1.2759839071051902,0.5380286525643837,1.9928972836198586,-0.5094392735492659
Iraq,IRQ,1980,-1.4158884726003382,0.43479620230465077,2.183436330057826,-0.3155476355189311
Iraq,IRQ,1981,-1.9074361478763895,0.5540218738391018,2.810052593863073,-1.037472192687732
Iraq,IRQ,1982,-1.7651446308662593,0.5379353123091944,2.873432463792397,-1.0369568355234804
Iraq,IRQ,1983,-1.6343893255074473,0.5416178521496806,2.869220261137076,-1.0336935793323876
Iraq,IRQ,1984,-1.479867715134151,0.5462104413429563,2.8353291981490125,-1.0333437226838145
Iraq,IRQ,1985,-1.314840484525615,0.5454797312128076,2.8355915563246232,-0.9873334113318988
Iraq,IRQ,1986,-1.0826970660574384,0.5017880501696906,2.7643083225429255,-0.9853393830106747
Iraq,IRQ,1987,-0.8649923329548312,0.4855121933120362,2.6461703103808794,-0.9803539389003315
Iraq,IRQ,1988,-0.733237910138714,0.4714891928170766,2.651025812423635,-0.9182584233799223
Iraq,IRQ,1989,-0.6032632566078154,0.43001361808963723,2.5924216661055044,-0.894161094900405
Iraq,IRQ,1990,-0.4252992550559667,0.5099041248987513,2.5160051164336585,-0.922199874022302
Iraq,IRQ,1991,-0.045990564156883365,0.5991308957337314,2.179095383084053,-0.8658713564971947
Iraq,IRQ,1992,0.06584845594722365,0.763886798161385,2.178579642792018,-1.2544434761286618
Iraq,IRQ,1993,0.18255873458428973,0.6481743217331044,2.1713279241684154,-1.1320433669132122
Iraq,IRQ,1994,0.30090266088123235,0.65862973525843,2.1122976361187704,-1.1494425957204726
Iraq,IRQ,1995,0.4163441391704636,0.6825468849109689,2.0823910222105004,-0.903253382448775
Iraq,IRQ,1996,0.5322576529765185,0.703041280402055,2.378851394606276,0.6549738506971369
Iraq,IRQ,1997,0.6374774324089177,0.7064387687535626,2.0734606799249726,0.6651669740834968
Iraq,IRQ,1998,0.7398297903891313,0.7179546032881368,2.079628132345074,0.6280120272831495
Iraq,IRQ,1999,0.8459770799640177,0.7302970007529441,2.0661702865630014,0.6160687985941408
Iraq,IRQ,2000,0.9568896092663874,0.7441396815234813,2.0813744501504043,0.41298960477926994
Iraq,IRQ,2001,1.1279975062587146,0.649019635063933,2.054523104471793,0.28832205632206676
Iraq,IRQ,2002,1.2353020163266504,0.6541705811656269,2.0682296112085408,0.2850542631221834
Iraq,IRQ,2003,1.3739533144171832,0.6621102336366081,2.092308274252344,0.4300957455327237
Iraq,IRQ,2004,1.609202601713382,0.7554644138335984,2.4965087895751448,-0.777647826546815
Iraq,IRQ,2005,1.6649159972477914,0.686545837446832,2.3370189043523464,-0.9397566534737463
Iraq,IRQ,2006,1.6453923132958104,0.6931190561191641,2.8997756067992015,-0.9379833473012834
Iraq,IRQ,2007,1.6103789207557546,0.6651576496586629,2.993519241638232,-0.8495651160837068
Iraq,IRQ,2008,1.5728837277687149,0.665068727360261,2.9638393813091577,-0.8201814554159303
Iraq,IRQ,2009,1.5352908658234334,0.6519703240065293,2.8836298706545698,-0.8075453767378987
Iraq,IRQ,2010,1.4989184233431407,0.6397493658378746,2.864493123860222,-0.7802789645797528
Iraq,IRQ,2011,1.4704579142727463,0.660573925109988,2.7377863195538272,-0.6646464195921893
Iraq,IRQ,2012,1.434277623237947,0.6641057149680948,2.7222928408753817,-0.666447104209164
Iraq,IRQ,2013,1.4031014214907724,0.6497838123246794,2.6779497162097163,-0.6751162755426132
Iraq,IRQ,2014,1.3855883071856159,0.5194298051913826,2.655425837072319,-0.6720387360881751
Iraq,IRQ,2015,1.3512647908223072,0.4785475181352098,2.530936963442459,-0.6412475543626903
Iraq,IRQ,2016,1.3303877849061863,0.49279652533686247,2.512858375356926,-0.6343771813383363
Iraq,IRQ,2017,1.297342027569959,0.44319522716545545,2.478736327821516,-0.5693812448687282
Iraq,IRQ,2018,1.2895624064570939,0.563545025409424,2.544899764890645,-0.5831536206274268
Iraq,IRQ,2019,1.2710159765334246,0.532886025825232,2.551019386812361,-0.6280130907744854
Iraq,IRQ,2020,1.257884909300747,0.6103591047534759,2.5498848334059447,-0.6042324309095549
Iraq,IRQ,2021,1.3121360381428253,0.7945611365881166,2.415259689594445,-0.6106272405086444
Iraq,IRQ,2022,1.2840468621945496,0.8688028143871099,1.9919899567104824,-0.6218161993091078
Iraq,IRQ,2023,1.300770836570012,0.801161520758849,1.9797565890635087,-0.6163644529377109
Iraq,IRQ,2024,1.30277479418495,1.1815291356298978,2.0002170569792104,-0.6298121682375717
Iraq,IRQ,2025,1.3006886943724485,1.0361095794200132,2.06793327671782,-0.6254833681430627
Ireland,IRL,1970,0.1140562687683891,-0.21562936821144968,0.12427914201135676,-0.5412107167232778
Ireland,IRL,1971,0.1140562687683891,-0.21562936821144968,0.12427914201135676,-0.5412107167232778
Ireland,IRL,1972,0.10864507244098995,-0.21646609567133973,0.1230507310371925,-0.5347051645929275
Ireland,IRL,1973,0.11592311087502935,-0.16423010953795592,0.0776133431548191,-0.04813423684033408
Ireland,IRL,1974,0.10242985821809089,-0.19310902193098065,0.2998234203389383,0.18223066906893853
Ireland,IRL,1975,0.10767886946787114,-0.16106348132461001,0.3299408379662477,0.14485172968393156
Ireland,IRL,1976,0.10917729493975095,-0.10408466380079845,0.3261956470250179,0.10522460420162194
Ireland,IRL,1977,0.10548244348932569,-0.1324915516160259,0.33759506606067635,0.0927054444719993
Ireland,IRL,1978,0.1057580801605133,-0.1335877598765258,0.3708450271112098,-0.1254605804074547
Ireland,IRL,1979,0.10599580766197704,-0.1512592429208765,0.20421281058019297,-0.139944362957699
Ireland,IRL,1980,0.08937317179449136,-0.18772534336318536,0.09019355965324972,-0.9003060845477893
Ireland,IRL,1981,0.1201809676980648,-0.20989013439780352,0.13989850073069596,-1.0649206287006527
Ireland,IRL,1982,0.11574730795305517,-0.1807401307325738,0.15759426767360632,-1.0632885164711863
Ireland,IRL,1983,0.11657012598070608,-0.19774373943259063,0.1596107510934877,-1.0590399243709117
Ireland,IRL,1984,0.1153974431084687,-0.21325951172562368,0.1469872322303711,-1.0914821011961777
Ireland,IRL,1985,0.11685808075770035,-0.22596114255737237,0.14628042696601162,-1.0250950952681048
Ireland,IRL,1986,0.11176322156807825,-0.2602243695167959,0.1852470453832175,-0.9643991036543405
Ireland,IRL,1987,0.08827769439661837,-0.3482858626988241,0.1605264268297224,-0.8788629819765406
Ireland,IRL,1988,0.10426569619392534,-0.3590337158009518,0.16145717086285533,-0.8019790661079595
Ireland,IRL,1989,0.10916400032831015,-0.33113450706001024,0.17064552527619894,-0.5929454089790178
Ireland,IRL,1990,0.11330800101459473,-0.33349874475173796,0.20204958319499333,-0.5680030988963711
Ireland,IRL,1991,0.1590316374545395,-0.49818109248234754,0.30746209250857615,-0.918686213662318
Ireland,IRL,1992,0.17217937863301622,-0.3997024949624429,0.29051559030906327,-0.9016439190564887
Ireland,IRL,1993,0.15963854750543768,-0.49345976141346254,0.24826772243347295,-0.09781325730473928
Ireland,IRL,1994,0.1575152609777984,-0.4790392244241023,0.3433087351002554,-0.026494224318138415
Ireland,IRL,1995,0.15297001004596678,-0.4721026418121893,0.3421031000772568,-0.0807494214740474
Ireland,IRL,1996,0.1487494094155655,-0.47775811565162446,0.30791905056514096,0.02293798155217086
Ireland,IRL,1997,0.1454883990496,-0.47581509663291444,0.25579388988748575,0.022252970002899053
Ireland,IRL,1998,0.14364360406187707,-0.4682848019188641,0.2722003651248974,0.03888162335975126
Ireland,IRL,1999,0.1398251749125699,-0.4819559487350889,0.21378128723296158,0.03214362174919844
Ireland,IRL,2000,0.13562037628470508,-0.47482360831811954,0.21111511418580714,-0.17768736235881738
Ireland,IRL,2001,0.12955054055587567,-0.45207862264681364,0.3798401842099288,-0.3571028933412902
Ireland,IRL,2002,0.12923655437592044,-0.45315807685564197,0.3713172490229045,-0.4601684337025158
Ireland,IRL,2003,0.12840273711163538,-0.4484394535950772,0.39518809588311854,-0.5005036496678013
Ireland,IRL,2004,0.13005304697834774,-0.441053872968164,0.3731591430266563,-0.714851872355506
Ireland,IRL,2005,0.12800242859884162,-0.4348820034389071,0.35414875321731343,-0.6440648198346255
Ireland,IRL,2006,0.1296265033625572,-0.4304290136985817,0.3462481113694337,-0.6536902472335817
Ireland,IRL,2007,0.12921874773780123,-0.4225855394507302,0.34705804330079615,-0.6445012243892083
Ireland,IRL,2008,0.13365202226074843,-0.4184219689856088,0.3489258181389566,-0.6343947507005269
Ireland,IRL,2009,0.13095931508921854,-0.41072358220557903,0.30995427993908786,-0.5586620298409799
Ireland,IRL,2010,0.12949161914521218,-0.40392229915684685,0.30918967347608484,-0.5487269031896819
Ireland,IRL,2011,0.1367267268805561,-0.407156540517441,0.1715487039999301,-0.8606034109834702
Ireland,IRL,2012,0.13578880738100405,-0.3932218280715204,0.184499056307321,-0.8527808958057165
Ireland,IRL,2013,0.13360577578085953,-0.3757147754776745,0.20707511775218584,-0.8626974580297875
Ireland,IRL,2014,0.11616630332116504,-0.3289144459778792,0.20355030376860017,-0.8611340130868738
Ireland,IRL,2015,0.11120422241151498,-0.33572627526281973,0.2639498598672392,-0.7421160439396108
Ireland,IRL,2016,0.11540729290033053,-0.26826166891081327,0.2428330532738127,-0.9094057143663443
Ireland,IRL,2017,0.11063417212789559,-0.3137308978666278,0.10246044981545152,-1.3307687634024763
Ireland,IRL,2018,0.1092887855807943,-0.2766779117768917,0.08875570207016331,-1.0326995353163146
Ireland,IRL,2019,0.11001893782675416,-0.2594667264837447,0.07936728078086158,-0.6270279090624611
Ireland,IRL,2020,0.09971799279906696,-0.35888796724117417,0.09719786572317611,-0.453639474633763
Ireland,IRL,2021,0.060537663503958325,-0.4694183968528138,0.11399282143984515,-0.4769699930955796
Ireland,IRL,2022,0.07309893106469195,-0.4294762695724058,0.20372932368564414,-0.47581906939408675
Ireland,IRL,2023,0.08105074858987245,-0.40011637254969123,0.12269951186309477,-0.44526877137636656
Ireland,IRL,2024,0.0538267659160865,-0.43227747725851967,0.12333647101122379,-0.46690129390658147
Ireland,IRL,2025,0.05320812007620222,-0.22029631289682752,0.0553308726617507,-0.35634266777587886
Italy,ITA,1970,0.18519227931277724,0.10555212931298202,0.5470691857889489,1.7857101159625706
Italy,ITA,1971,0.18519227931277724,0.10555212931298202,0.5470691857889489,1.7857101159625706
Italy,ITA,1972,0.17846669150601013,0.1049365191270469,0.547525734536112,1.7781305586945626
Italy,ITA,1973,0.17999491577246426,0.13981490955799322,0.5583535577160388,1.7742704223699248
Italy,ITA,1974,0.17967996732622588,0.14987845486756438,0.5219481409301456,1.7646371071471363
Italy,ITA,1975,0.1665190948904188,0.3278749239930217,0.8696119788546159,1.8057776109775205
Italy,ITA,1976,0.15461948510660534,0.15885995167533462,0.8702119063708105,1.5504160037762398
Italy,ITA,1977,0.13941150495972338,0.15119072451825888,0.9078915741806257,1.5708383233948766
Italy,ITA,1978,0.1410478930780233,0.1477545873770983,0.8642245917153208,1.6435032392304594
Italy,ITA,1979,0.1355695498779067,0.11321786187450213,0.4114905882323265,1.9338581146432343
Italy,ITA,1980,0.1477922821654541,0.14625463670723993,0.6446686494055228,2.6736872604814415
Italy,ITA,1981,0.17428497885130445,0.3161873853309909,0.7130415006591968,2.776457210489952
Italy,ITA,1982,0.17443213404537097,0.44624868658095707,0.5843771529895659,2.35958948128171
Italy,ITA,1983,0.17432768982573588,0.3879548195222866,0.6247336218943842,2.350985859117701
Italy,ITA,1984,0.16438391178759815,0.3839449423845327,0.6348942550849431,2.34743846791003
Italy,ITA,1985,0.17387244007125902,0.38337782110856566,0.6372465190982766,2.312464262119612
Italy,ITA,1986,0.14109696154659146,0.2804385456891264,0.5972979204117663,2.152779195552769
Italy,ITA,1987,0.1463457978541743,0.31300572042958574,0.6294101542781951,1.9789963997160804
Italy,ITA,1988,0.09003097310882688,0.019867951220343294,0.5857414222986973,3.966527371501577
Italy,ITA,1989,0.12871196484643066,0.24515712458722605,0.786854236998294,5.123948638685772
Italy,ITA,1990,0.09653082585703548,0.19848409252622695,0.825354880724487,5.345584774931686
Italy,ITA,1991,0.10539672893384584,-0.0840683137933044,0.3128713153035687,4.136195866006925
Italy,ITA,1992,0.12021873139789621,0.09668004070442376,0.36466648067618823,2.9923940542127068
Italy,ITA,1993,0.13113240241524365,0.14275818405848512,0.37402193023239017,2.432928225772831
Italy,ITA,1994,0.1258607737595675,0.028807343104645264,-0.17454255211977387,1.4981590750383174
Italy,ITA,1995,0.1359864831316534,0.0985729400465114,0.05112020425330571,-0.7874191444093546
Italy,ITA,1996,0.13586884060051269,0.046465693107198364,-0.5735882233797421,0.9704153012771043
Italy,ITA,1997,0.1494756064458903,0.10478944030483706,0.20465524995561385,-0.1465609130411747
Italy,ITA,1998,0.1494873753827695,0.10534013156888332,0.1003370453248883,-0.021700114493442113
Italy,ITA,1999,0.15613953378254103,0.10445655121537373,0.27726541389187503,-0.31384181324335714
Italy,ITA,2000,0.1558719365511359,0.1037144103318983,0.2887981517985069,0.19671502741254043
Italy,ITA,2001,0.1424433214574894,0.16900003199407,0.09436914430365845,1.0200226455869008
Italy,ITA,2002,0.14326205992363095,0.14198237826704976,0.12331102829822466,1.0213603388949943
Italy,ITA,2003,0.14521585087779296,0.14095009213192375,0.14978113637903648,0.9945863083595162
Italy,ITA,2004,0.1393798709540173,0.11803796273557995,0.19109575215101327,1.3281194649032733
Italy,ITA,2005,0.14325230420036406,0.10899364343920215,0.2447119407012916,1.0763857372765728
Italy,ITA,2006,0.14131967344914287,0.09517676098385541,-0.01186984594617213,0.8549665471983313
Italy,ITA,2007,0.14614808617603509,0.09092853158137967,0.11251223337815675,1.2048633239677544
Italy,ITA,2008,0.145339508094596,0.08694225426233534,0.12188790088384222,1.0513954266268777
Italy,ITA,2009,0.13958724965379238,0.07208228410499004,0.17464154384567865,1.0788245520679456
Italy,ITA,2010,0.13585390733800184,0.08755199210817705,0.12714534446341338,1.6903003378381873
Italy,ITA,2011,0.15159856991227344,0.11372654928181881,0.34878371770828925,2.7765664828912717
Italy,ITA,2012,0.13577659097799918,-0.0069651208164971945,0.26455403405782335,2.6767455786671697
Italy,ITA,2013,0.13803551949412085,-0.0860036184950459,0.14732982705309686,2.768859934905816
Italy,ITA,2014,0.15802852533532866,-0.0622130652763051,0.14136801768603158,2.716518127407674
Italy,ITA,2015,0.15867173138544483,-0.05680001473881824,0.12380804500636833,2.7347306999346994
Italy,ITA,2016,0.1565132016516123,-0.05556688260807269,0.13441768463714074,2.7254379809581337
Italy,ITA,2017,0.15627555466489093,0.20271325164654033,0.2505650818822434,4.2404626601522235
Italy,ITA,2018,0.15571460730984335,0.1591096925189382,0.3077690169448538,3.72484657497081
Italy,ITA,2019,0.1600708623792678,0.17451226584145352,0.31622062569335835,3.0555971660546755
Italy,ITA,2020,0.15338064854107425,0.0909542338605393,0.3146228845537572,2.8895857632662576
Italy,ITA,2021,0.27650950129419505,0.2777434266346227,0.4114145617682751,2.9643921501025483
Italy,ITA,2022,0.23679011206318618,0.28064244241536274,0.14981127329776622,2.875286723098302
Italy,ITA,2023,0.2746202829630415,0.44467957208324616,0.5493238925573988,3.5705303600493923
Italy,ITA,2024,0.293343779005072,-0.04022132716670476,0.46173828264410116,2.936056104964318
Italy,ITA,2025,0.3124165304864407,0.095227029192402,0.5883620406397919,2.935597415445014
Jordan,JOR,1970,1.294449919563356,0.22235569429664198,0.26709527351319967,0.05522655420554132
Jordan,JOR,1971,1.294449919563356,0.22235569429664198,0.26709527351319967,0.05522655420554132
Jordan,JOR,1972,0.9944112382717506,0.23975153832938773,0.2683212957855877,0.09684412403842593
Jordan,JOR,1973,0.3431977956617354,0.2650489611086097,0.27756835841789573,0.1006941586529478
Jordan,JOR,1974,0.22156659661138556,0.23691062613367014,0.2664776506081178,0.0956344937525648
Jordan,JOR,1975,0.14814882050662417,0.27089557462597025,0.54292006015008,0.13720290943349706
Jordan,JOR,1976,0.1933328999808503,0.1405332494671894,0.43993298705096073,0.4236904179375772
Jordan,JOR,1977,0.2274422649973926,0.16194970532465247,0.5779439628418008,0.40025162646841395
Jordan,JOR,1978,0.2507938876943658,0.16177644767193322,0.5674249022444335,0.32293519332054366
Jordan,JOR,1979,0.25336986330810163,0.16144472898795356,0.45339175748055605,0.2899633888551688
Jordan,JOR,1980,0.4404154205779381,0.15549927888883086,0.44133651626085424,0.18811442793621744
Jordan,JOR,1981,0.4175977599292303,0.2639330231845393,0.526574339975615,0.19135288232796044
Jordan,JOR,1982,0.4007560095875247,0.2535173087997579,0.5360048918492779,0.16893616527619595
Jordan,JOR,1983,0.38925924593250916,0.25192962987805434,0.5418270014192872,0.14440182701370383
Jordan,JOR,1984,0.4776133012823517,0.2515727729431583,0.5430773496299061,0.1208030243283731
Jordan,JOR,1985,0.3208808013219159,0.2655960837993127,0.6058039328881882,-0.09369897114932887
Jordan,JOR,1986,0.15362316425997377,0.22144759493243943,0.6016249547032488,-0.10797746012113586
Jordan,JOR,1987,0.36027021020331657,0.19484609279727855,0.5842412879124297,-0.12971063072200578
Jordan,JOR,1988,0.8509360241204718,0.19673293807885534,0.5922586847996731,-0.1484294285891663
Jordan,JOR,1989,2.610808836583063,0.15292402194778715,0.6104976384209767,-0.18922427397230487
Jordan,JOR,1990,0.4954782361963073,0.47710968229156514,1.4012912105224022,-1.1506430652410955
Jordan,JOR,1991,0.0740805854830221,0.10327982683489931,1.076792899316699,-0.993196718901464
Jordan,JOR,1992,0.1092280316611885,0.08063102014358285,1.0641521329179318,-0.8436661786951127
Jordan,JOR,1993,0.3597824831329537,0.08426302542875583,1.0520256364928688,-0.6980666784979008
Jordan,JOR,1994,0.22880192146389156,0.09509335430373846,1.0033002934839228,-0.6892656567378378
Jordan,JOR,1995,0.2052500022253098,0.09797064077770976,0.9641786652103045,-0.5846615150011718
Jordan,JOR,1996,0.04458859675838951,0.09910777462013487,0.9228798418301282,-0.5087374502018918
Jordan,JOR,1997,0.2892448911595088,0.093977329205111,0.7638524203448654,-0.5076552493657638
Jordan,JOR,1998,0.68907753876045,0.09447647182598988,0.7742360925012436,-0.4997065282761931
Jordan,JOR,1999,1.0349070760795565,0.09543748697863834,0.7528480506988349,-0.5059383826889791
Jordan,JOR,2000,1.3322198852818656,0.10011759310175147,0.7595905497087254,-0.4275920792712681
Jordan,JOR,2001,0.9801900965405753,0.09432707154220661,0.3216812138143178,-0.1462809467435307
Jordan,JOR,2002,0.6105155425292919,0.09273334096997868,0.25011199781946,-0.18398639892347818
Jordan,JOR,2003,0.6917750227865335,0.09341394160755219,0.24770182716505035,-0.19827441470339913
Jordan,JOR,2004,0.9509280834489957,0.10581476298559273,-0.403608463456259,-0.5433233646019042
Jordan,JOR,2005,1.2430951285417104,0.10235884789278522,-0.34733785868710015,-0.5478550145959095
Jordan,JOR,2006,1.38973968947658,0.10580990615039548,-0.18583331920198592,-0.5420161883730477
Jordan,JOR,2007,1.4609466487790759,0.10276628904705387,-0.15793555572047852,-0.519397165231808
Jordan,JOR,2008,1.579223417238624,0.08223818214383549,-0.13162060732743824,-0.4910111029922283
Jordan,JOR,2009,1.8255332778999487,0.0805561040886771,-0.12304853936356686,-0.47446765731580437
Jordan,JOR,2010,2.030470059943895,0.0758945552254884,-0.11815924232123037,-0.46081434870513965
Jordan,JOR,2011,1.9711619806846816,0.09018013360375833,-0.017238807536637868,-0.38570178483654183
Jordan,JOR,2012,1.4284896473994546,0.12347561034507357,-0.015120419552968112,-0.3810214582673928
Jordan,JOR,2013,0.8673136640563907,0.09664596710838923,-0.006098298806906488,-0.383660510995341
Jordan,JOR,2014,0.21054629562528326,0.36420244419796827,-0.0030363144838946865,-0.37361619517742994
Jordan,JOR,2015,-0.2546950422975698,0.3545203057795574,-0.017417142171600453,-0.36460988559636276
Jordan,JOR,2016,-0.7133088165110134,0.34848219032714944,-0.015520110210214044,-0.3597181703268146
Jordan,JOR,2017,-0.8816093811689393,0.33387496997811894,0.14623200219308266,-0.3144772522632849
Jordan,JOR,2018,-1.0524920448580803,0.41227055489290965,0.22330539368322738,-0.17557090557835653
Jordan,JOR,2019,-1.008225949122499,0.4245033452310741,0.23076079935802654,-0.18033407127988804
Jordan,JOR,2020,-1.0104333058261115,0.3802850509024108,0.2320214924501554,-0.1999393450517822
Jordan,JOR,2021,-1.0094592397013746,0.31066555253613337,0.28305666911130367,-0.1995872363663838
Jordan,JOR,2022,-1.0101050398949663,0.33858115621244084,0.39941425130316816,-0.21657064190762507
Jordan,JOR,2023,-1.0186008780063605,0.29393900211548435,0.37465995422775444,-0.21611576762947832
Jordan,JOR,2024,-1.0076971089812314,0.8295516064097488,0.3603182911346311,-0.19294817668943443
Jordan,JOR,2025,-0.9983041055564031,0.4271495649952457,0.24659068016348717,-0.1697760835034956
Latvia,LVA,1990,1.5452836380588821,1.0225306343292346,-0.6828957369772493,-1.5549454567626202
Latvia,LVA,1991,1.5452836380588821,1.0225306343292346,-0.6828957369772493,-1.5549454567626202
Latvia,LVA,1992,1.6329330505366204,1.1288612954921415,-0.6067936242886749,-0.8834076022363618
Latvia,LVA,1993,1.6745699542086052,1.0524446895629622,-0.5750112900713079,-1.3142374674782071
Latvia,LVA,1994,1.6322234705414154,1.0534694231691772,-0.4690432488335859,-1.3311637683713866
Latvia,LVA,1995,1.518175539873262,1.087579076909393,-0.48907919446855,-1.226113684091362
Latvia,LVA,1996,1.3960935611568224,1.10443735704102,-0.528525350387112,-1.1795170429117734
Latvia,LVA,1997,1.2311971767488776,1.164708074146471,-0.6449653793641341,-1.184024586758377
Latvia,LVA,1998,1.05434974200142,1.1838833522498793,-0.6345790756567176,-1.1815135888138963
Latvia,LVA,1999,0.975949795051806,1.2486529544064098,-0.9668330494338433,-1.9935346060938235
Latvia,LVA,2000,0.8981482451209856,1.2431950467863162,-0.9585127337049777,-1.9437770128023921
Latvia,LVA,2001,0.7942126647353251,1.3015973592350127,-0.9031099855395812,-1.9270759193873706
Latvia,LVA,2002,0.7156595168935569,1.2925947402547866,-0.8971696901520447,-1.9176019899294234
Latvia,LVA,2003,0.6671997004961093,1.3178542950082912,-0.886989319298367,-1.9025227859039173
Latvia,LVA,2004,0.6141890237953906,1.3007434303927408,-0.8622378501843142,-1.5848048933966146
Latvia,LVA,2005,0.5531437859580199,1.3034880296161582,-0.8311608068479532,-1.701891962814318
Latvia,LVA,2006,0.528532619930289,1.2918214784725217,-0.717158709884774,-1.703873139440674
Latvia,LVA,2007,0.5149000097261398,1.270232966740965,-0.6750154490260203,-1.6195417219969095
Latvia,LVA,2008,0.4995632008411088,1.346326118523552,-0.8240699096822517,-0.8687309885051477
Latvia,LVA,2009,0.4909617972418251,1.4147592236566697,-0.9259354133754136,-0.6312386780959282
Latvia,LVA,2010,0.49259471925866644,1.3882279326613247,-0.9402548560011932,-1.2283603635319489
Latvia,LVA,2011,0.43349470232409626,1.3368239428293265,-0.890129859190676,-1.1344497794784394
Latvia,LVA,2012,0.3490384915037379,1.286040542327965,-0.8835718441945504,-1.1348388628042558
Latvia,LVA,2013,0.30875463603794423,1.2724679481625718,-0.8606298568643871,-1.1178923892369537
Latvia,LVA,2014,0.23406699715018175,1.1740949681573913,-0.8935397711175838,-1.2993708976512592
Latvia,LVA,2015,0.28007398818122986,1.1509096888033339,-0.8617917774578666,-1.2295357187191998
Latvia,LVA,2016,0.35036294686477815,1.101994820501118,-0.8482126695886771,-1.1836615920653424
Latvia,LVA,2017,0.3938986707157553,0.7862069717844282,-0.846184311672451,-1.7202012126068538
Latvia,LVA,2018,0.42300958707632674,0.7122317709829387,-0.7957065340064378,-1.122938170414526
Latvia,LVA,2019,0.4490124054801613,0.7179323348355315,-0.7834736106459492,-1.4089656236771748
Latvia,LVA,2020,0.4726381317860246,0.8075632469860479,-0.7714237912546891,-1.0581724801042132
Latvia,LVA,2021,0.42377374090319364,0.7504491851416215,-0.8047229174124446,-1.0959798172233115
Latvia,LVA,2022,0.3117792879732748,0.7781882673906848,-0.4261696332613273,-1.120616300618249
Latvia,LVA,2023,0.3097819196238282,0.7975746651113917,-0.5244465766380645,-1.2282525125820662
Latvia,LVA,2024,0.33416549986397764,0.9047860698672985,-0.5179705418034843,-1.3251640499693946
Latvia,LVA,2025,0.3360131921160616,0.8101404217190717,-0.5218966058334762,-1.4120568423624966
Lesotho,LSO,1970,0.8464349237550381,0.42985763507714525,0.3405453993077281,1.1300023360207314
Lesotho,LSO,1971,0.8464349237550381,0.42985763507714525,0.3405453993077281,1.1300023360207314
Lesotho,LSO,1972,0.9268182681738347,0.44971314709251653,0.35760603157247983,1.4419639464314447
Lesotho,LSO,1973,0.9155826479039879,0.4387710406579423,0.3604393641006527,1.3139312492662123
Lesotho,LSO,1974,0.8957740616346284,0.4385188670387712,0.4040958784581886,1.2876101853573276
Lesotho,LSO,1975,0.8919368134078698,0.4334021042440155,0.3913720496856029,1.2684145601298802
Lesotho,LSO,1976,0.8821927900599789,0.32377889812022626,0.39183048090311773,1.2131738224316841
Lesotho,LSO,1977,0.8768482611143629,0.3216813905144745,0.3597409973971858,1.2010531177581112
Lesotho,LSO,1978,0.875853866790175,0.3238699767828277,0.35732851938506827,1.0690289252591396
Lesotho,LSO,1979,0.8744878937805237,0.3261964759175041,0.31031335220173084,1.0535243517020212
Lesotho,LSO,1980,0.9003262422910487,0.35764704901805844,0.2533278248645636,0.9552001199284839
Lesotho,LSO,1981,0.9530010869311796,0.280261108198272,0.26396529007441705,0.9374657806975564
Lesotho,LSO,1982,0.954032994600694,0.28952619664673707,0.26651092150170486,0.947655526982167
Lesotho,LSO,1983,0.9578016180822968,0.28608908428884633,0.270079912364578,0.9536944051618018
Lesotho,LSO,1984,0.9214713767923097,0.28411624102118954,0.3491607519408694,0.9859704152152684
Lesotho,LSO,1985,0.9004501194120789,0.2835589004483217,0.354282969527571,0.9445309453486179
Lesotho,LSO,1986,0.8269565369783154,0.3040523559332147,0.6793171135045637,1.071873674651778
Lesotho,LSO,1987,0.9971368645997369,0.6563196605719791,-0.22960877438620128,1.3446679187302633
Lesotho,LSO,1988,1.0588404911710398,0.6342019809143162,-0.2317459186273734,1.6543451233878617
Lesotho,LSO,1989,1.0309743797698645,0.5789439561688857,-0.20390738871993255,1.6068367979759426
Lesotho,LSO,1990,0.9698267066557258,0.5099303499385377,-0.17436895292258484,1.3677341616073553
Lesotho,LSO,1991,0.8572790803554353,0.3047151313418712,0.012540287411305306,1.7432350290866534
Lesotho,LSO,1992,0.8039061426891891,0.2111065205498371,0.03633971356326335,1.8312675947849457
Lesotho,LSO,1993,0.8013598918654568,0.21573100124753491,0.06550947093038151,1.5823805738210095
Lesotho,LSO,1994,0.9563390669965961,0.2771332129760694,1.3642051676435034,1.8490766292998453
Lesotho,LSO,1995,0.950252410865388,0.28184511746804625,1.2761474643340167,1.6823640255893184
Lesotho,LSO,1996,0.9471476462856966,0.28103952550031847,1.0438191848560086,1.503901746424962
Lesotho,LSO,1997,0.944686885688498,0.28454318493824227,0.8408157690156655,1.4962351613038112
Lesotho,LSO,1998,0.9438724771069196,0.2859396203913324,0.8376580985772029,1.4505161204097408
Lesotho,LSO,1999,0.9490157378179971,0.31372224427232753,1.0033397954353314,1.46027715126309
Lesotho,LSO,2000,0.9424893728960007,0.3103542470274071,1.0483259755255865,1.4886083796029683
Lesotho,LSO,2001,0.9178064209398766,0.38662132268894744,0.9759054103858689,1.3895156717439416
Lesotho,LSO,2002,0.9155223166166182,0.38631909496840794,0.9696364071909568,1.3816836857611743
Lesotho,LSO,2003,0.9342156568175504,0.3847056995016649,1.198305574496616,1.3324166581023298
Lesotho,LSO,2004,0.9365743308617793,0.37834013869465133,1.175940967632775,1.2929766512825198
Lesotho,LSO,2005,0.9290518302754074,0.3757358165600443,1.1444852405915191,1.2652819189823197
Lesotho,LSO,2006,0.9336304334572998,0.37345162496763173,1.0462325104191172,1.2610189414572814
Lesotho,LSO,2007,0.9317071293667478,0.37049131410373876,1.0023646141234497,1.2224880036921668
Lesotho,LSO,2008,0.9324193638969362,0.36227172962811277,1.024072220832235,1.1542358943864581
Lesotho,LSO,2009,0.927166342359609,0.3599531621759797,0.9851280911677399,1.148070394989944
Lesotho,LSO,2010,0.9235415119028871,0.35798740856056377,0.9914216618305405,1.1008219472398215
Lesotho,LSO,2011,0.9389533874314537,0.37008709264940337,0.899127941676976,0.9675912398447029
Lesotho,LSO,2012,0.9287160774603349,0.36850732415080745,0.909873299659117,0.9692018652102758
Lesotho,LSO,2013,0.933918886961074,0.3603946233391573,0.9156620194909662,0.9799958349351432
Lesotho,LSO,2014,0.8861252299300928,0.5196727556999945,0.9472924746921496,0.992342612537829
Lesotho,LSO,2015,0.8737469835615246,0.5130648686662698,0.5222252191718753,0.8701338512802379
Lesotho,LSO,2016,0.8930526719058205,0.4672011383169763,0.6474878901626981,0.9276708381775669
Lesotho,LSO,2017,0.9149481900876537,0.4956575440843819,0.6522819560446869,0.8084771201399081
Lesotho,LSO,2018,0.913728954027621,0.5009437616132301,0.542523899998155,0.5760546232674075
Lesotho,LSO,2019,0.9070105325882609,0.468934437892091,0.5657411451959491,0.5294202371777963
Lesotho,LSO,2020,0.9609041243970211,0.5213198845613222,0.5275936544887054,0.617037451118298
Lesotho,LSO,2021,0.8280844705558716,0.5972290386011255,0.5052997694753767,0.6200289254394414
Lesotho,LSO,2022,0.8984469467396965,0.8105655836360526,0.37093045585055295,0.66244918530586
Lesotho,LSO,2023,0.8089789241495606,0.7205411360359824,0.2586648833245941,0.560723657483357
Lesotho,LSO,2024,0.8174329510154643,0.6556234937588733,0.27482190041643495,0.5137635282801625
Lesotho,LSO,2025,0.8186123744181351,0.6145697110079618,0.22719333388257082,0.5930344164044491
Liberia,LBR,1970,-2.2729796527693105,-0.18776794430666405,-2.8455885399683027,0.8500311182379037
Liberia,LBR,1971,-2.2729796527693105,-0.18776794430666405,-2.8455885399683027,0.8500311182379037
Liberia,LBR,1972,-2.1977116335092117,-0.7531112062701462,-2.8544891362536866,0.8053839958478426
Liberia,LBR,1973,-2.097460185030236,-0.4646494845991761,-2.8793804781419974,1.1597649278336808
Liberia,LBR,1974,-1.9595951241017093,-0.151430397356858,-2.7576800820126293,1.1926092899714429
Liberia,LBR,1975,-1.822879658647396,0.10423877180370322,-2.677573267441872,1.1170403969367475
Liberia,LBR,1976,-1.7053803221311326,0.7563159203658685,-2.6840203345753224,1.2413524463294303
Liberia,LBR,1977,-1.5916320828090373,1.8566515939345771,-2.4685694412451316,1.0342912789654466
Liberia,LBR,1978,-1.4772963510836126,3.2143857721739097,-2.455027762700663,0.9404169085596429
Liberia,LBR,1979,-1.368892228274828,4.881952337742364,-2.094387215998813,0.8711812945644392
Liberia,LBR,1980,-1.3052857148132022,7.259660265999844,-1.845122157577749,0.8198479468362849
Liberia,LBR,1981,-1.7270990121475087,7.3510041518547204,-2.7478847321106397,1.0282709969668655
Liberia,LBR,1982,-1.3804017721711368,6.408445554557792,-2.8192063647694434,0.9525045524644247
Liberia,LBR,1983,-1.0488731267479037,5.949673761392356,-2.835144091968507,0.887666398465409
Liberia,LBR,1984,-0.6973399715689783,5.482163592253181,-2.833240308412353,0.8197384467209299
Liberia,LBR,1985,-0.3319775028013247,4.967238280001958,-2.846744776584269,0.9312909471614352
Liberia,LBR,1986,0.06261914312801348,5.426754916890852,-2.6144144223644403,1.0408840440514238
Liberia,LBR,1987,0.39308259604352946,3.74976578447026,-1.944642503570123,0.6505183701606096
Liberia,LBR,1988,0.4563875014790131,2.734690311427065,-1.9427823955198005,0.5220180093152746
Liberia,LBR,1989,0.5454681360344084,2.4514171645852105,-1.9190144176495076,0.44595583137420747
Liberia,LBR,1990,0.6573683452717196,3.318772914140662,-2.083018841388583,0.424879136676585
Liberia,LBR,1991,1.2147881610556768,1.5328419617067777,-3.9630402819444077,-0.32245432308475325
Liberia,LBR,1992,1.0956997394921524,0.7434298664817545,-4.031478218767502,-0.7144762142671993
Liberia,LBR,1993,0.9563804717736093,-0.14886542270703917,-3.9909415317103125,-0.6865771045972566
Liberia,LBR,1994,0.8522264177406882,-1.7855201002851109,-3.746688636336357,-0.7151613857153056
Liberia,LBR,1995,0.8335690375026658,-1.4782899626889154,-3.695494593851218,-0.7054845217159247
Liberia,LBR,1996,0.8417151427615963,-1.1834796916165142,-3.514052488540937,-0.7952396395306378
Liberia,LBR,1997,0.8935903595241966,-0.7160388908693384,-3.0175866420903725,-0.8234782425558272
Liberia,LBR,1998,0.9666650303368955,-0.1672250577307356,-3.320520518577256,-0.9434049980737527
Liberia,LBR,1999,1.0468117210159176,0.551284984485515,-3.162952393719595,-0.9600780894662508
Liberia,LBR,2000,1.133205602866025,1.1263221068858869,-3.1477277978085265,-0.9512729657342509
Liberia,LBR,2001,1.2448471772338183,1.124855388863834,-3.0155357771402755,-0.9410869187148452
Liberia,LBR,2002,1.379206991643134,1.0021033714150134,-3.0088593386503297,-0.9645906011449099
Liberia,LBR,2003,1.524561920543834,0.8712170199122254,-3.2875964453160034,-0.9229602165419526
Liberia,LBR,2004,1.6764044316119244,0.5709701748763472,-3.182005839637971,-1.1403113403855258
Liberia,LBR,2005,1.8471123535007687,0.1564138021419294,-3.466664548708401,-1.127211456029861
Liberia,LBR,2006,1.8081725046389956,-0.3371444804507987,-2.6047275279126305,-1.1448669682121528
Liberia,LBR,2007,1.7514754366704552,-0.3347311624036666,-2.2079849680984696,-1.003743133277027
Liberia,LBR,2008,1.6567987357937604,-0.5852051897701078,-2.178594850677173,-0.9429257624861076
Liberia,LBR,2009,1.5609550799107919,-0.846853924669676,-2.147727754688556,-0.9541120497480788
Liberia,LBR,2010,1.4685136378648416,-1.1327633772481756,-2.141456743027874,-0.9269187007011445
Liberia,LBR,2011,1.3769274181229827,-1.1974385864808945,-1.975041264948047,-0.9233731253720612
Liberia,LBR,2012,1.3130756759627813,-0.9931405154320823,-1.9797651581027176,-1.037240925863768
Liberia,LBR,2013,1.288647981399138,-0.5590159940699124,-2.010532912313682,-1.0192694098535409
Liberia,LBR,2014,1.248838615542755,-0.43820230329725296,-1.988209273857938,-0.9961289366792815
Liberia,LBR,2015,1.2161175702249174,-0.2901621572629111,-1.9656425203031462,-0.9703592075920883
Liberia,LBR,2016,1.1871864522054267,-0.2470376541905716,-1.9622644237459412,-0.9525104621585001
Liberia,LBR,2017,1.1488705125302405,-0.5699314407462857,-1.944182374664012,-0.6899596232455181
Liberia,LBR,2018,1.1377924004701714,-0.6923109491533668,-1.8970674628854598,-0.6692602903088256
Liberia,LBR,2019,1.1397184403391225,-0.42213192075066563,-1.8936697042172876,-0.6661217349857025
Liberia,LBR,2020,1.1123866950634962,-0.4138986662836247,-1.8703433947733714,-0.6025373811137862
Liberia,LBR,2021,1.0523217279344002,-0.24532092968360875,-1.2327617271135356,-0.6440648122556372
Liberia,LBR,2022,1.004839147938192,-0.34188583857731847,-2.2899105517244753,-1.0580267984288865
Liberia,LBR,2023,0.9745475325973538,-0.37207128278490154,-2.132692562306012,-1.0100947345771085
Liberia,LBR,2024,0.9797845051248172,-0.41955003454811246,-2.1646798662960274,-0.9812730555967042
Liberia,LBR,2025,0.9793361077976053,-0.3892620105368487,-2.097544816676482,-0.9584956977738492
Malawi,MWI,1970,0.33817558346136317,0.7542727048825388,0.38097270017358303,-0.4759142644945778
Malawi,MWI,1971,0.33817558346136317,0.7542727048825388,0.38097270017358303,-0.4759142644945778
Malawi,MWI,1972,0.3477519085053118,0.7590743069842523,0.3878718769954459,-0.4586213744291542
Malawi,MWI,1973,0.34495561137956665,0.733624208652174,0.3869585363126059,-0.452878842679876
Malawi,MWI,1974,0.3439829354905867,0.7198581669188107,0.37071834023489536,-0.44127460940605506
Malawi,MWI,1975,0.3448110789046423,0.7130767123054548,0.35622786194985256,-0.4370979461697627
Malawi,MWI,1976,0.33669092920619215,0.5876269460973841,0.3574493902237952,-0.41536120263258736
Malawi,MWI,1977,0.3959902196270526,0.6818760387950082,0.4360038657228851,-0.3804930486221307
Malawi,MWI,1978,0.3941693613896331,0.6863868653809715,0.4328380736026148,-0.37078424216781664
Malawi,MWI,1979,0.3718810708786845,0.6763014339329738,0.411234607831693,-0.35084980955293643
Malawi,MWI,1980,0.3663203631523959,0.6722627640102101,0.2736849079879577,-0.326597620842521
Malawi,MWI,1981,0.35937433348223313,0.6664412826837536,0.271249231374207,-0.32344725997366264
Malawi,MWI,1982,0.3563702111274513,0.6348252951272053,0.26669305647766584,-0.32739566629658495
Malawi,MWI,1983,0.35717800754862883,0.6406842754588351,0.2704197286297011,-0.3303887136040205
Malawi,MWI,1984,0.36188618877845125,0.6489728802915888,0.2742604360731543,-0.3324085577721442
Malawi,MWI,1985,0.35001335499224284,0.6521956596737546,0.27616453640249194,-0.3301702833866481
Malawi,MWI,1986,0.3828747018321967,0.6517777053334345,0.23865445461473886,-0.3558715612392391
Malawi,MWI,1987,0.37297315561072997,0.6217895472232869,0.2348589765647851,-0.3572322884930309
Malawi,MWI,1988,0.3653634401656498,0.5955498003398869,0.24148084778947543,-0.3454768343778641
Malawi,MWI,1989,0.3603038928119889,0.5642459271118455,0.22908015036139334,-0.3511410541685194
Malawi,MWI,1990,0.35574183367107454,0.5458716117219901,0.22681577323294444,-0.3327042817327666
Malawi,MWI,1991,0.29830801456168554,0.14071413039724093,0.26805604415559214,-0.4840320641884094
Malawi,MWI,1992,0.30323947228374604,0.3050412331096318,0.27826870132177384,-0.4534201001775563
Malawi,MWI,1993,0.4269152410585684,0.6912572953304443,0.27747612336045246,-0.6233336519964856
Malawi,MWI,1994,0.49970815052371953,0.8052660065052926,0.4268137179585671,-0.8123559141273575
Malawi,MWI,1995,0.6615817685627549,1.1379959454884943,0.5752107075159234,-0.7736119278658256
Malawi,MWI,1996,0.686775198715174,1.1393673960465285,0.619592231370959,-0.6821164116333689
Malawi,MWI,1997,0.6843241922837473,1.1131526947157808,0.5288153164438637,-0.6771964021601369
Malawi,MWI,1998,0.6816662747227744,1.1073944903918642,0.5358576010565704,-0.660378620481119
Malawi,MWI,1999,0.6765604415635222,1.1002093800930373,0.519426540931319,-0.6555677177711228
Malawi,MWI,2000,0.6678483354246496,1.0961294108947564,0.5253153808733027,-0.5341969941871433
Malawi,MWI,2001,0.6535160930065393,1.0754710062301271,0.4952570129539551,-0.48836235530375083
Malawi,MWI,2002,0.6526758198372636,1.0636965619479373,0.5064098794878914,-0.49094500574078626
Malawi,MWI,2003,0.6469125332581018,1.0547486787045997,0.4714127085344664,-0.4866586627144557
Malawi,MWI,2004,0.640618424521266,1.0392970833823005,0.47456220361623536,-0.47544701982714577
Malawi,MWI,2005,0.6405221289448255,1.0198892916362332,0.4605266723958563,-0.4993720679961063
Malawi,MWI,2006,0.6361973988092466,1.0077433863697838,0.40091154006396035,-0.5181520136630005
Malawi,MWI,2007,0.6333228772195196,0.9967258172819399,0.3845961797348938,-0.5036785886344199
Malawi,MWI,2008,0.6313706311084315,0.9732638966031171,0.3838840636370124,-0.46785358764700063
Malawi,MWI,2009,0.6274792595064047,0.9644685675210669,0.373027581036794,-0.45795567980789426
Malawi,MWI,2010,0.6284607548216012,0.9574749781590424,0.3993597319794491,-0.3749725443970501
Malawi,MWI,2011,0.6156535972087904,0.9650208932183919,0.35247004609782523,-0.29218865478126105
Malawi,MWI,2012,0.6108258696095266,0.9683731341460251,0.35583530752887793,-0.29325799590837914
Malawi,MWI,2013,0.6105030410550885,0.953272899350355,0.37098722171910037,-0.31446630277907694
Malawi,MWI,2014,0.5075158309500526,0.8363961880817261,0.3833721920953732,-0.3090995797115567
Malawi,MWI,2015,0.4794647592574979,0.8084777764075607,0.48509132293298096,-0.3085035157702081
Malawi,MWI,2016,0.47604301099118074,0.828134859154103,0.46419781270824945,-0.3045715714633614
Malawi,MWI,2017,0.4901219372484844,0.7740681348812468,0.43608666791793144,-0.22852816512686658
Malawi,MWI,2018,0.48885268126615766,0.8039358817674296,0.4004381346114807,-0.17146298328703424
Malawi,MWI,2019,0.49418039420584225,0.7286155871917117,0.408626081309192,-0.1715348238202151
Malawi,MWI,2020,0.5185785560948182,1.1415427405862963,0.46610318515056515,-0.30605370627895184
Malawi,MWI,2021,0.25309363625929426,1.2726440817754738,0.6451123052835157,-0.3428293889888193
Malawi,MWI,2022,0.21536402237663066,1.3761572013538208,0.7667131448243641,-0.36770558060133807
Malawi,MWI,2023,0.27735418593148986,1.3279629097757955,0.6130718782826508,-0.32858691609896173
Malawi,MWI,2024,0.37164799975113766,1.2309067712751136,0.6314396344371767,-0.3812355617025072
Malawi,MWI,2025,0.37333869422881827,0.34567407492838004,0.5761017412592654,-0.3366349611045799
Maldives,MDV,1970,0.35973561534025766,-0.2493969802272527,0.8441076888669733,0.06597254236776809
Maldives,MDV,1971,0.35973561534025766,-0.2493969802272527,0.8441076888669733,0.06597254236776809
Maldives,MDV,1972,0.35390332258934887,-0.24918006447230484,0.843556106105368,0.06480308838388164
Maldives,MDV,1973,0.3509852330990509,-0.20941275698663106,0.8554073692293297,-0.21786653545063533
Maldives,MDV,1974,0.35036487542955064,-0.18268747497145105,0.8782323989193572,-0.27193357006115176
Maldives,MDV,1975,0.34709720191129345,-0.15633148539478478,0.8982581609610009,-0.29812615080718624
Maldives,MDV,1976,0.3261376912521331,-0.371893649176189,0.8993304369709021,-0.06727602188218346
Maldives,MDV,1977,0.32537672957681185,-0.36153605579760717,0.7830965674875079,-0.06136961258366662
Maldives,MDV,1978,0.3256052384949733,-0.36001863141109025,0.7769525849926113,-0.03239209948609105
Maldives,MDV,1979,0.27726016990675995,-0.3610516261559061,1.1815047300763637,0.09579754213849392
Maldives,MDV,1980,0.22789242241978086,-0.3721210265257471,0.9580534540464998,0.14843362445418623
Maldives,MDV,1981,0.2711438368618209,-0.3871034796973347,0.9332097969759291,0.15040205331581602
Maldives,MDV,1982,0.2739820337100162,-0.368181312485319,0.9325742141830546,0.15120394193683295
Maldives,MDV,1983,0.27634164853750376,-0.3686595420550941,0.9425632347568498,0.14909007660120882
Maldives,MDV,1984,0.2572863133064966,-0.37500295194728317,0.9648165577632495,0.13193581206713892
Maldives,MDV,1985,0.2627519711938857,-0.3869783509069541,0.974802507947605,-0.032033981260429806
Maldives,MDV,1986,0.03598669729119773,-0.43482140429879124,1.2202552631266619,0.1182874545721658
Maldives,MDV,1987,0.0530488857846006,-0.407882433772937,1.1489830378451866,0.11115769968584945
Maldives,MDV,1988,0.07714833935537858,-0.3548029952251856,1.1477435121527773,0.08094070185316624
Maldives,MDV,1989,0.07885989763884968,-0.2093772967079237,1.1323296636688214,6.751518675163909e-05
Maldives,MDV,1990,0.14490663882352714,-0.2341706469334618,1.0860338001342762,-0.10532909372897119
Maldives,MDV,1991,0.3773429912564484,0.04877050784534459,0.8414783289087701,-0.10047129414693225
Maldives,MDV,1992,0.3197463938426435,-0.1515141865589558,0.8394262066201534,-0.06710548942096883
Maldives,MDV,1993,0.3148244663769105,-0.15458252890354532,0.8386985761757366,-0.049602025109492485
Maldives,MDV,1994,0.3154253623658969,-0.15838258561750376,0.8450691578289398,-0.07079612931582951
Maldives,MDV,1995,0.32895120098222974,-0.14878217612364392,0.816204520660891,-0.18249792279999508
Maldives,MDV,1996,0.337159096635577,-0.15016684314549425,0.7788732383755135,-0.11348180750312772
Maldives,MDV,1997,0.3489980451072825,-0.1458479847612314,0.7107671449365678,-0.11998875665291331
Maldives,MDV,1998,0.36130896671905516,-0.14486728008576052,0.7163700853248256,-0.12184336202112295
Maldives,MDV,1999,0.3637159516916512,-0.14425804841233592,0.7971576712197919,-0.15934685301679083
Maldives,MDV,2000,0.3840138733741028,-0.13846085624032378,0.8014573328463706,-0.3040708200892426
Maldives,MDV,2001,0.41440307990531366,-0.21157005790115127,0.802699959129032,-0.28133005082359275
Maldives,MDV,2002,0.4326127013138582,-0.21966712496820182,0.8112372486285688,-0.2858494087245994
Maldives,MDV,2003,0.4359735702926636,-0.22192699294895654,0.7762155193701337,-0.286003705703779
Maldives,MDV,2004,0.4763603666762536,-0.17055905290324827,0.7634255907418045,-0.28485695313215165
Maldives,MDV,2005,0.5169053712086178,-0.20095184926752319,0.7493998437705895,-0.40376772067322947
Maldives,MDV,2006,0.5824166003606919,-0.19596684661717909,1.0173283569041132,-0.5347967109029915
Maldives,MDV,2007,0.585552403826712,-0.21096184338222973,1.0183784057670073,-0.4939092046701548
Maldives,MDV,2008,0.5839410217820653,-0.16363194960468133,1.0731585030532365,-0.0027594348971127017
Maldives,MDV,2009,0.7866674965754955,-0.36367806426455435,1.0833198250376286,-0.10051717881746154
Maldives,MDV,2010,0.8361409974198244,-0.3609452844592774,1.1052482170054718,-0.23587486807425895
Maldives,MDV,2011,0.7808896672210236,-0.42175351754932455,1.1702697579303907,-0.27052153690495717
Maldives,MDV,2012,0.7687417664626929,-0.4138682048811502,1.2352162140361376,-0.2642371836258473
Maldives,MDV,2013,0.755158488089579,-0.42946780957109765,1.1989748464566243,-0.2548276533850682
Maldives,MDV,2014,1.0605207797324507,-0.32202683778455354,1.1852783283105746,-0.21891907301111604
Maldives,MDV,2015,1.0258652904539836,-0.3163753828313287,1.137216752088237,-0.19599841807843665
Maldives,MDV,2016,1.0124035773641704,-0.30182844025348243,1.1151758703912995,-0.1921635257763249
Maldives,MDV,2017,1.005049320496641,0.06500843578747043,1.10744242182222,-0.15653746577471112
Maldives,MDV,2018,0.9758283686254039,0.07108504607318725,1.1036840057184865,-0.04339230361714221
Maldives,MDV,2019,0.9261466359730155,-0.06521693888049333,1.0844573371236748,0.061355949761100745
Maldives,MDV,2020,1.1783303502298077,-0.5917098568753857,0.9857680573147064,0.28323232637552515
Maldives,MDV,2021,1.023168578971697,-0.44291226274624396,1.1158223392093423,0.2750893063103225
Maldives,MDV,2022,0.8096980255488616,-0.4594318755673129,0.8107407264389359,0.2335518504718099
Maldives,MDV,2023,0.7501075835144076,-0.4743927477135177,0.8409271642515614,0.20486688409721748
Maldives,MDV,2024,0.6058482449023926,-0.6146129839907031,0.8283481567316799,0.205265873900885
Maldives,MDV,2025,0.5899088020134818,-0.26470123634099185,0.6650802043210946,0.14709906086939994
Mongolia,MNG,1970,0.06951555373787527,0.671782874586041,0.0027025671823049935,0.3775960976582887
Mongolia,MNG,1971,0.06951555373787527,0.671782874586041,0.0027025671823049935,0.3775960976582887
Mongolia,MNG,1972,0.10930039637005598,0.7095920509952938,0.0015300405024730596,0.38392179168224605
Mongolia,MNG,1973,-0.012104423500091922,0.6584125632938401,0.0036883851143675803,0.3812024357061238
Mongolia,MNG,1974,-0.03164695016914241,0.6261122846588901,0.06868325238752952,0.33233872127298647
Mongolia,MNG,1975,-0.04692559162815907,0.6044761535140694,0.09197978365879864,0.36406945750177744
Mongolia,MNG,1976,-0.18428265815596176,0.38560210786075444,0.09204088830227641,0.3817039005855417
Mongolia,MNG,1977,-0.1238859836490416,0.45443424291118917,0.17643206548549423,0.41439324384313003
Mongolia,MNG,1978,-0.04904959150327118,0.526870466484428,0.1923691856776223,0.39966115261975804
Mongolia,MNG,1979,0.0010314273070380839,0.6129494736016343,0.08805676065176292,0.4380948388181784
Mongolia,MNG,1980,0.19694190710125717,0.751365304794043,0.07167811432537163,0.394722525650743
Mongolia,MNG,1981,0.13948451380420473,1.0221890193027607,0.07998193002025974,0.4377524677992274
Mongolia,MNG,1982,0.06375028788847614,1.3618354296946151,0.09126264258496801,0.4869651796970266
Mongolia,MNG,1983,-0.015648303819034738,1.73335715061165,0.08895939496346314,0.533091180014408
Mongolia,MNG,1984,-0.2051253023322997,2.1087869600493323,0.08920257181229552,0.5823907961370972
Mongolia,MNG,1985,0.08923492096555893,2.490628386162078,0.09420708520685553,0.820178775275658
Mongolia,MNG,1986,0.3279350895524359,3.3564161114440765,0.09058575951550478,0.8729493874554264
Mongolia,MNG,1987,1.8392782429926409,5.121817236851373,0.1183280820307717,0.8858303997275396
Mongolia,MNG,1988,1.36157643052654,7.120270814147482,0.11272706960693227,0.9324293111918485
Mongolia,MNG,1989,5.550654807263053,8.05638860016951,0.09436086494716416,0.9759411389961692
Mongolia,MNG,1990,5.9442695014189555,8.05638860016951,-0.007667224573573966,0.8619290944689867
Mongolia,MNG,1991,5.162613819084129,6.972178674730036,-0.29661341896824606,2.185547689731405
Mongolia,MNG,1992,5.9442695014189555,4.205205306143044,-0.3835695933158916,1.8923854741405504
Mongolia,MNG,1993,2.103283228240293,3.208771059032724,-0.3687319372262856,1.7815335948810969
Mongolia,MNG,1994,0.9057572409603293,2.156067034411956,-0.23411050302701308,1.763519636754031
Mongolia,MNG,1995,0.5870880642362567,1.5233116750243174,-0.23020991742047386,1.4652188028934077
Mongolia,MNG,1996,1.495815513046455,0.9315524360184481,-0.2080646457655973,1.2382401076301202
Mongolia,MNG,1997,1.5461323023393245,0.03172235991061767,-0.08960515215185673,1.1974796429559815
Mongolia,MNG,1998,0.03495427323762714,-0.821466418008004,-0.08864784765964422,1.168392729113582
Mongolia,MNG,1999,-0.007107701707965916,-1.6641920549759166,-0.10420952183984204,1.127140348034264
Mongolia,MNG,2000,-1.5463187618955265,-2.510313463868533,-0.1033438702745474,0.9598858895802627
Mongolia,MNG,2001,-0.3351928866395461,-2.423703363228906,0.11797287336617374,0.7997761349342213
Mongolia,MNG,2002,0.3346591106564563,-2.319305283307542,0.11454381519306225,0.7735913704622346
Mongolia,MNG,2003,0.9177507135284693,-2.2161532423194577,0.07778191533513414,0.7437939755185898
Mongolia,MNG,2004,2.869284473055558,-2.1465803600150126,0.07974026615072868,0.6899327694916826
Mongolia,MNG,2005,1.9759153183707592,-1.9218117908756713,0.06201711773709858,0.6533916804680505
Mongolia,MNG,2006,1.7293169981329561,-1.7218877808031108,0.061625628859883284,0.6470716264692358
Mongolia,MNG,2007,1.7226249210273727,-1.5813548487963636,0.041925433730309616,0.6379201325707781
Mongolia,MNG,2008,1.835208424326151,-1.6640565879646834,0.042883846823090654,0.5743809632528617
Mongolia,MNG,2009,0.08406473370841916,-1.3801472623314384,0.07007303900034598,0.5258143271259546
Mongolia,MNG,2010,0.722371936641571,-1.1390810778072056,0.06828944470978325,0.6200174610371944
Mongolia,MNG,2011,0.2050219691116931,-0.9548908122697949,0.047023262874277785,0.5769422809351438
Mongolia,MNG,2012,1.1466102808511343,-0.7569129601411715,0.0460629514869559,0.5435365009123349
Mongolia,MNG,2013,2.062049393734414,-0.5357685237069414,-0.0009286512678704922,0.517127323054621
Mongolia,MNG,2014,1.495846463243979,-0.8516145530028734,0.017539033882722162,0.5281180533185149
Mongolia,MNG,2015,-0.38090432075466174,-1.1628537269957615,-0.01794406477543728,0.5107126693410382
Mongolia,MNG,2016,-2.1862362174348253,-1.5045368690620835,-0.01094612857006054,0.4617719953585507
Mongolia,MNG,2017,-1.572591607929688,-1.31390148902425,0.01771820228883359,0.06755536112847871
Mongolia,MNG,2018,-1.1452698078766599,-1.0313618787560046,0.09318235257739244,-0.195520469490443
Mongolia,MNG,2019,-1.2632194796923994,-0.8311020191774644,0.08168341432362157,-0.23211264800736758
Mongolia,MNG,2020,-1.2632973792780477,-0.8434203373751651,0.10712332407519512,-0.22068737765316063
Mongolia,MNG,2021,-1.2627505120346363,-0.7064726914350339,0.15816735229714995,-0.2270338028921379
Mongolia,MNG,2022,-1.2668798763600564,-0.8271743794242788,0.2038121718550044,-0.21886443421458282
Mongolia,MNG,2023,-1.2673409161346738,-0.8832446998536198,0.13170908627486103,-0.23862193333086984
Mongolia,MNG,2024,-1.266626614408485,-0.8506217758878508,0.13195862456853807,-0.22644729447744866
Mongolia,MNG,2025,-1.2661531446851249,-1.0666217462365457,0.12062395183987096,-0.2014795122968769
Morocco,MAR,1970,-0.9593682472445819,0.34423000707786583,0.6809196521161722,0.42078225237841677
Morocco,MAR,1971,-0.9593682472445819,0.34423000707786583,0.6809196521161722,0.42078225237841677
Morocco,MAR,1972,0.10220770254704166,0.34221198871242076,0.6883491362048625,-0.06775461718406145
Morocco,MAR,1973,0.3581937413382855,0.36707041717737965,0.5679481172208188,0.6796899013768524
Morocco,MAR,1974,0.5501968136910216,0.3578104988609318,0.6170441502947197,0.7070032429930926
Morocco,MAR,1975,0.34140027857357896,0.3396814814218023,1.2601677765696333,0.7964176683825173
Morocco,MAR,1976,-0.02644200193490246,0.3138598496547379,1.24513458612885,0.7233618422460122
Morocco,MAR,1977,0.12213389794315557,0.3285406215329931,1.1183870254127293,0.7091095098676039
Morocco,MAR,1978,0.37039006905657534,0.322443424066043,1.6872011811464502,0.05344779836573808
Morocco,MAR,1979,0.503042789305265,0.3168190650403848,1.2529377183506996,0.011217180669100213
Morocco,MAR,1980,0.17320218803797516,0.323601633120092,0.9001960479671515,0.08620995818223058
Morocco,MAR,1981,-0.1553607981902727,0.41854340437881904,0.8784819474362895,0.22986844947882612
Morocco,MAR,1982,0.008922645380733278,0.3658193906265883,0.8780618475825499,0.22502125242579551
Morocco,MAR,1983,0.15978184158330097,0.3706849835678938,0.8748910835409871,0.22300764838019319
Morocco,MAR,1984,0.19282366531952483,0.3707131300453264,0.8628712076209616,0.2220633903360362
Morocco,MAR,1985,0.13964363232330024,0.3651187556194224,0.8586572605213431,0.31370898151737303
Morocco,MAR,1986,0.07209488862675342,0.34907053198172666,0.8405951677706469,0.3534978403375192
Morocco,MAR,1987,0.29855976685564073,0.3241838268477927,0.8036864891106135,0.3467404133962124
Morocco,MAR,1988,0.05013408588113414,0.32463807003767303,0.8035799542787372,0.3104620179930058
Morocco,MAR,1989,0.11655042133051383,0.3028092071676069,0.7833063473450879,0.2935810878738053
Morocco,MAR,1990,0.8099373776555345,0.2730762169331032,0.7443103333059575,0.4294621935621039
Morocco,MAR,1991,0.2982249656092827,0.5358558393412738,0.6224964891406811,0.6000202249451435
Morocco,MAR,1992,0.7659811532257293,0.36275117420659936,0.6234525258755318,0.5241551598259753
Morocco,MAR,1993,0.9006651050494207,0.3726987457042904,0.6247504202342364,0.5916816779290589
Morocco,MAR,1994,0.37565089880412017,0.3906123162674956,0.651121745716567,0.6251655326028734
Morocco,MAR,1995,0.45548919665121773,0.38675085259679953,0.6322596008280719,0.5733904744639828
Morocco,MAR,1996,1.1868833025034242,0.3909709265371478,0.6073477691774969,0.6464454248838505
Morocco,MAR,1997,1.8145551616861826,0.3957761033356774,0.5509120608946094,0.6566675454533759
Morocco,MAR,1998,1.7217181963285426,0.404702009830732,0.5985603748297577,0.60191068631003
Morocco,MAR,1999,3.4868309317803368,0.4237975685615744,0.6425426396739546,0.6111661154161696
Morocco,MAR,2000,5.9442695014189555,0.421469129562032,0.6350006976279188,0.5630388145574545
Morocco,MAR,2001,4.700469175127005,0.38802131818564833,0.719357576558811,0.5028398442542864
Morocco,MAR,2002,2.362160444369948,0.38363458756374114,0.7249637724777345,0.5217485029751815
Morocco,MAR,2003,0.8333069555260482,0.3809729590545652,0.7912953484027532,0.5170929938736994
Morocco,MAR,2004,0.6388598088523395,0.37334175969139444,0.8030633006170714,0.47664585301964024
Morocco,MAR,2005,1.0935061746318395,0.3716934794304635,0.8016672605818445,0.45963042954345223
Morocco,MAR,2006,1.132457624915534,0.36752219365815264,0.7091698057497785,0.464116656379414
Morocco,MAR,2007,1.1962307703839208,0.36512491522318935,0.686599271138347,0.48918453464223877
Morocco,MAR,2008,1.5670267082728524,0.34246011566240053,0.7006524360787052,0.3913400362983389
Morocco,MAR,2009,1.6746385120733658,0.33352084033538826,0.670265488290458,0.3603704105333102
Morocco,MAR,2010,2.0648009015672746,0.33361436562239677,0.6814177217830317,0.29549028274342876
Morocco,MAR,2011,2.6320826766521646,0.34476668305805636,0.6021342467991327,0.40906301386575694
Morocco,MAR,2012,2.198520643940638,0.3535708953599548,0.6320534102205392,0.4341809284558528
Morocco,MAR,2013,1.7490755842942045,0.3546526526832233,0.6364112113481892,0.4877659090908829
Morocco,MAR,2014,1.0000420444259455,0.47768975902085353,0.6463489275370391,0.48142485790061085
Morocco,MAR,2015,0.5549746760176371,0.47008803821521034,0.6483404956175342,0.4768162917014157
Morocco,MAR,2016,0.05744929292498034,0.46000440041318713,0.6755844307932003,0.47366884645559726
Morocco,MAR,2017,-0.7385110890505162,0.3910451901278933,0.6689955872121733,0.1815616713041065
Morocco,MAR,2018,-1.5755631340691505,0.4465880924140091,0.6325691487574892,0.3208467970724464
Morocco,MAR,2019,-2.110111310931324,0.3923166356470239,0.6273717108849972,0.24142479276122153
Morocco,MAR,2020,-2.1130877316084797,0.27690064918471075,0.6176721575359242,0.2673293812549477
Morocco,MAR,2021,-2.1128782110366697,0.4354624813034468,0.5887981444618132,0.27993344769282036
Morocco,MAR,2022,-2.128456153509117,0.48073051857960336,0.47787333368041585,0.2490711536797141
Morocco,MAR,2023,-2.136390516535392,0.4425088162270824,0.6322244470332475,0.08606321721805495
Morocco,MAR,2024,-2.144195405853902,0.3443033794904917,0.6362033083497973,0.07447140029378861
Morocco,MAR,2025,-2.1446045962030027,0.25224691517779085,0.4455717715948113,0.0060794035552752534
Netherlands,NLD,1970,-0.03524885834176881,0.21994782115123748,0.39942959915193255,1.2301526727392067
Netherlands,NLD,1971,-0.03524885834176881,0.21994782115123748,0.39942959915193255,1.2301526727392067
Netherlands,NLD,1972,-0.03528080567678823,0.21403182566262366,0.3950384590940259,1.1378433675901414
Netherlands,NLD,1973,-0.03780000674763491,0.20766517139111096,0.4019762174473534,1.0615564997083655
Netherlands,NLD,1974,-0.03299284787413878,0.19257855635772766,0.3880225253305834,1.0493676638495286
Netherlands,NLD,1975,-0.03396292097535988,0.18135510286273943,0.3846075015554992,1.0680446941045918
Netherlands,NLD,1976,-0.03652658993898511,0.17060393060435866,0.3856632034689343,1.0382496634171692
Netherlands,NLD,1977,-0.036678495082517255,0.19746340978686774,0.4015281118315982,1.0587944418245527
Netherlands,NLD,1978,-0.03641197411309689,0.22770306796414636,0.41599150817744823,0.9610580479358118
Netherlands,NLD,1979,-0.040004078158781445,0.2592496688925358,0.3585114128359058,1.0089887543320164
Netherlands,NLD,1980,-0.010883325557029937,0.2983225320121151,0.2686138870315344,1.0114451059197422
Netherlands,NLD,1981,-0.008451976962006153,0.32327868226836276,0.3262255436014361,1.0313537028011046
Netherlands,NLD,1982,-0.010579192200957294,0.27754399682897735,0.3329797744425345,1.0251721251591746
Netherlands,NLD,1983,-0.010807660301152171,0.23341891815551424,0.3365184638861941,1.0160045151825805
Netherlands,NLD,1984,0.0053657390918080035,0.18366509211113036,0.3366146495098986,1.0071097836512788
Netherlands,NLD,1985,-0.011227401449362679,0.12766262049553564,0.34578627832699854,0.9315120241275097
Netherlands,NLD,1986,-0.011673797633716473,0.0786977535946806,0.3390703429027622,0.8976512551245531
Netherlands,NLD,1987,-0.00501623866670824,0.02306404868587418,0.36869217569246304,0.8683075298367031
Netherlands,NLD,1988,0.0034341918635373073,-0.030761248808223132,0.37616532646831774,0.7254497143813528
Netherlands,NLD,1989,0.0024894411917539966,-0.09342832041443096,0.37613259650854164,0.6003951664591834
Netherlands,NLD,1990,-0.00607920035040925,-0.16394295230655193,0.38670925360731273,0.4354737268979509
Netherlands,NLD,1991,-0.0534459901092512,-0.22661198345562306,0.3201829001450071,0.34980806239769136
Netherlands,NLD,1992,-0.0491762896168632,-0.12200167240509721,0.32483415620912115,0.3382433358522575
Netherlands,NLD,1993,-0.04872967238383727,-0.06941037415784025,0.3258420272921785,0.3324626323345541
Netherlands,NLD,1994,-0.04969239275452034,-0.008024823246305268,0.33228817038138014,0.38512462451710805
Netherlands,NLD,1995,-0.051026747315244106,0.078540550963786,0.375412265286853,0.4899668080439007
Netherlands,NLD,1996,-0.05376077562013765,0.17710241237120022,0.33752929501242446,0.5563713668039819
Netherlands,NLD,1997,-0.05498806678643672,0.2896705388377089,0.3039139912182286,0.6192798811461675
Netherlands,NLD,1998,-0.05659936277799282,0.40115074817337276,0.30723178440373594,0.6926385730510196
Netherlands,NLD,1999,-0.05628088426830978,0.5119302448122984,0.33753188729477696,0.7682216636255953
Netherlands,NLD,2000,-0.05589146500851082,0.6226305837496164,0.35051505190022575,0.863839273112577
Netherlands,NLD,2001,-0.0708873572576581,0.7337566679073183,0.41201752723950025,0.9581599936636835
Netherlands,NLD,2002,-0.07148897771875885,0.7544115490579952,0.42001111988991224,1.045115835637459
Netherlands,NLD,2003,-0.06779099567556084,0.7747068661509575,0.480637259659195,1.171477471989641
Netherlands,NLD,2004,-0.07266469465674531,0.8097803899545751,0.49036870234202035,1.338732037023648
Netherlands,NLD,2005,-0.07401808603899022,0.8681624187008169,0.4756495046205223,1.5303587038641864
Netherlands,NLD,2006,-0.0883469126786644,0.9275509593202846,0.5789759820111079,1.6645115714393877
Netherlands,NLD,2007,-0.08728329770453325,0.9994572321342561,0.5979613400631597,1.886059867465762
Netherlands,NLD,2008,-0.08661126992396814,1.086358455093999,0.5802972554268625,2.209077774646135
Netherlands,NLD,2009,-0.08533909099867484,1.1733966984189723,0.5702345258551537,2.5942996499952673
Netherlands,NLD,2010,-0.0846127983235368,1.2619854927850125,0.5833373909304368,3.145820888147446
Netherlands,NLD,2011,-0.07833042213682485,1.3525516016562558,0.5548206173305159,4.270835045889343
Netherlands,NLD,2012,-0.07205390012154318,1.4426323876640104,0.5540575918218011,5.3990999822782335
Netherlands,NLD,2013,-0.07132492708046055,1.5397517157509173,0.5589784099545738,6.5142716654913135
Netherlands,NLD,2014,-0.07322980598626116,1.6355082017988394,0.562979452224793,6.5142716654913135
Netherlands,NLD,2015,-0.0727911477296275,1.8269172877836721,0.5493161538114693,6.5142716654913135
Netherlands,NLD,2016,-0.06992976790328367,2.0553433259527143,0.4979738176898387,6.5142716654913135
Netherlands,NLD,2017,-0.035905744233653586,2.6382218154766615,0.8188670992357845,6.5142716654913135
Netherlands,NLD,2018,-0.03568081283164849,2.6865680866641966,0.8311623146992384,6.5142716654913135
Netherlands,NLD,2019,-0.03774297224886054,2.76696623814783,0.8173953360798336,6.5142716654913135
Netherlands,NLD,2020,-0.019482828855877092,3.134348453132702,1.045294320989295,6.5142716654913135
Netherlands,NLD,2021,-0.02511154341588738,2.976949651733743,0.9056727845885539,6.5142716654913135
Netherlands,NLD,2022,-0.052994232530252844,2.8701619041029627,0.5764554513042635,6.5142716654913135
Netherlands,NLD,2023,-0.042234063740120856,2.807520509276777,0.502771065563163,6.5142716654913135
Netherlands,NLD,2024,-0.0015211480369076366,2.80926692144341,0.49219014288550195,6.5142716654913135
Netherlands,NLD,2025,-0.0022737858611596475,2.618179253569964,0.4001312150887747,6.5142716654913135
Papua New Guinea,PNG,1970,-1.2397400782501034,-1.2256251595832879,0.0051330656134424,-2.181027620051633
Papua New Guinea,PNG,1971,-1.2397400782501034,-1.2256251595832879,0.0051330656134424,-2.181027620051633
Papua New Guinea,PNG,1972,-1.246339209846434,-1.1111410398666217,0.007939540924250532,-2.200685039467168
Papua New Guinea,PNG,1973,-1.2768823635090416,-1.4756798889215657,0.06772089911265405,-3.0789554980814016
Papua New Guinea,PNG,1974,-1.306907999428864,-1.7304655908860216,0.11708271656286072,-2.7866319736639618
Papua New Guinea,PNG,1975,-1.2918738331551682,-2.0506591937273475,0.10275657531858616,-2.5474382368253994
Papua New Guinea,PNG,1976,-1.4912712154600347,-1.6201820920833943,-0.0539478664102173,-2.2603199050837968
Papua New Guinea,PNG,1977,-1.3467556035032344,-1.411402702242998,0.08212736812335264,-2.0662790246147176
Papua New Guinea,PNG,1978,-1.2101380209549328,-1.0784647560666714,0.10850160357456393,-1.746410333375377
Papua New Guinea,PNG,1979,-1.0698403993078738,-0.7957993726631172,0.0569105806566445,-1.5851228930295584
Papua New Guinea,PNG,1980,-0.9122966754646069,-0.5487651666844465,0.05934598394046825,-1.309247935704251
Papua New Guinea,PNG,1981,-0.7572767171496092,-0.4393986443100687,0.06711197453563691,-1.213785354939183
Papua New Guinea,PNG,1982,-0.6765326665912215,-0.3784322022726767,0.06721802101097255,-1.1438501219716026
Papua New Guinea,PNG,1983,-0.5981066472381775,-0.3076169682537987,0.06816839675790293,-1.069718047388265
Papua New Guinea,PNG,1984,-0.5133339822247256,-0.23566984022107482,0.06347972252572628,-1.0005211118426498
Papua New Guinea,PNG,1985,-0.4271779023648997,-0.15574833365671303,0.06341810098034342,-0.8848730179502426
Papua New Guinea,PNG,1986,-0.32919362044720646,-0.0001417504410199666,0.06369268582978191,-0.8180478370962341
Papua New Guinea,PNG,1987,-0.24530816609193634,0.27014889678634624,0.06143384215663624,-0.7514084406499291
Papua New Guinea,PNG,1988,-0.18822036977678616,0.3602730280887882,0.06306054751612593,-0.6367528012751852
Papua New Guinea,PNG,1989,-0.1381635153151575,0.2767308802686479,0.051106936252195395,-0.5469115285321311
Papua New Guinea,PNG,1990,-0.09462979389546058,0.03054858395828551,0.0381213464112786,-0.45937413252443937
Papua New Guinea,PNG,1991,-0.022562095495966054,0.0026444534385026905,0.059968678926035544,-0.367828167643222
Papua New Guinea,PNG,1992,-0.027153413016817396,-0.018260130371556077,0.0649138408924786,-0.27605578648792706
Papua New Guinea,PNG,1993,-0.034208598638865245,-0.14474946536695543,0.07264490946932756,-0.24674005394370188
Papua New Guinea,PNG,1994,-0.04164117530717236,-0.30267115245631665,0.0566107136986161,-0.24461200673692635
Papua New Guinea,PNG,1995,-0.0474008187157887,-0.33044237937113524,0.06002909624530215,-0.2170282032919703
Papua New Guinea,PNG,1996,-0.052995158738748466,-0.3554239792902161,0.060486578792240356,-0.2016758081729497
Papua New Guinea,PNG,1997,-0.05688307052801979,-0.3562506076057751,0.06784267735494086,-0.21162169802476394
Papua New Guinea,PNG,1998,-0.05962963384122759,-0.3721198174796733,0.07026132362702646,-0.2305896637301053
Papua New Guinea,PNG,1999,-0.05970638362079543,-0.3699053686095374,0.0548302874536602,-0.23368885945104118
Papua New Guinea,PNG,2000,-0.05785030793579659,-0.35880363442881275,0.0537646982939947,-0.21548731382851538
Papua New Guinea,PNG,2001,-0.05896223923314284,-0.3802066347040459,0.05807002074413618,-0.21238434974196535
Papua New Guinea,PNG,2002,-0.06462960972740457,-0.4081587992485201,0.05711893892377008,-0.222342492873393
Papua New Guinea,PNG,2003,-0.07065569405664923,-0.43368961097925873,0.0794010548921214,-0.2352073146895344
Papua New Guinea,PNG,2004,-0.077697400882936,-0.4563848768868321,0.09172338301336701,-0.2326048860972656
Papua New Guinea,PNG,2005,-0.08486605471515374,-0.47802714922583067,0.0860828806859026,-0.23725538819398015
Papua New Guinea,PNG,2006,-0.09434103382353158,-0.4883250250240296,0.19769614276987837,-0.24994695001974965
Papua New Guinea,PNG,2007,-0.10169602257399674,-0.48795646285178407,0.194566423662848,-0.257903580737683
Papua New Guinea,PNG,2008,-0.10931590847709814,-0.44284756545802645,0.21995110565323336,-0.2712160305088498
Papua New Guinea,PNG,2009,-0.11999580705303604,-0.3744915055433287,0.25685434974375765,-0.27453000591262194
Papua New Guinea,PNG,2010,-0.12760954303623379,-0.3058451815542026,0.2628994768664385,-0.28652621007719203
Papua New Guinea,PNG,2011,-0.14841281246315186,-0.26661649511164953,0.33461077511519793,-0.28492709088233337
Papua New Guinea,PNG,2012,-0.14951538160519426,-0.3084349776143474,0.3511105314371432,-0.31015978850437664
Papua New Guinea,PNG,2013,-0.15089273348649487,-0.29434244760113765,0.32529222106563827,-0.3339809928145013
Papua New Guinea,PNG,2014,-0.1499551302712204,-0.3623024997546823,0.3460008071932233,-0.3599565648497589
Papua New Guinea,PNG,2015,-0.15194153161000987,-0.4512836211561909,0.344466773403689,-0.4819809724448113
Papua New Guinea,PNG,2016,-0.15489564053185467,-0.576770282020976,0.34746981076477346,-0.49240217847269635
Papua New Guinea,PNG,2017,-0.17255490760691072,-0.6140865951543961,0.36677258658737943,-0.6645942686421279
Papua New Guinea,PNG,2018,-0.1721945996630443,-0.6469966103605332,0.39488434398247907,-0.5990911665955176
Papua New Guinea,PNG,2019,-0.18261146965076214,-0.6432588502079292,0.3727395450219918,-0.4931408732118792
Papua New Guinea,PNG,2020,-0.17186797636100934,-0.6449771214664892,0.3733351916462257,-0.4433103180922753
Papua New Guinea,PNG,2021,-0.157219112282651,-0.5970144650339866,0.4715700018217963,-0.4551208256062809
Papua New Guinea,PNG,2022,-0.09851346322489715,-0.607672302568066,0.3563947031835544,-0.45701443644363116
Papua New Guinea,PNG,2023,-0.1415474291132851,-0.6035579908865534,0.11505313452183662,-0.5063741615137095
Papua New Guinea,PNG,2024,-0.09238439902723532,-0.5335668245856804,0.11448525190246928,-0.5097946893927091
Papua New Guinea,PNG,2025,-0.09222843011194494,-0.52642317702963,0.11217117453151412,-0.5690610827208609
Sierra Leone,SLE,1970,0.24707651045319273,0.3573153397182012,0.6002923422174408,3.9154786792069745
Sierra Leone,SLE,1971,0.24707651045319273,0.3573153397182012,0.6002923422174408,3.9154786792069745
Sierra Leone,SLE,1972,0.22221992415771374,0.35135697335898064,0.5199128659071829,4.252185557125047
Sierra Leone,SLE,1973,0.2541081050318251,0.32953733231881266,0.5322885841549192,4.1142513856446286
Sierra Leone,SLE,1974,0.25543243580186076,0.3111722929600562,0.9328143008065165,4.045237946793747
Sierra Leone,SLE,1975,0.2553473706536686,0.3023702127084623,0.9169832810673759,3.860362076803148
Sierra Leone,SLE,1976,0.2534362132610335,0.20644853961111428,0.9165557403742096,3.6332819124417512
Sierra Leone,SLE,1977,0.24979962962810337,0.1939951040277973,0.7931514451177404,3.4817145182989053
Sierra Leone,SLE,1978,0.24950960513414439,0.16951364878900438,0.8108984369431931,3.207006416238294
Sierra Leone,SLE,1979,0.2070544238873539,0.14377727376317584,0.666429041820084,3.5290051076637483
Sierra Leone,SLE,1980,0.16022194804500273,0.1667570093756227,0.45142914852241856,3.6840897630100393
Sierra Leone,SLE,1981,0.13623017999910084,0.17357170641687364,0.46135665182477625,3.4301512665532248
Sierra Leone,SLE,1982,0.14991078372713593,0.20178837255168303,0.4566781506201203,3.234396211950802
Sierra Leone,SLE,1983,0.1503888794597133,0.2134967191965787,0.4644958678989687,3.0275398564202183
Sierra Leone,SLE,1984,0.14639628091773255,0.2143786392730181,0.4597571982795945,2.829707888687073
Sierra Leone,SLE,1985,0.14648453292922242,0.21373163839579307,0.4624772400659142,2.486946366867471
Sierra Leone,SLE,1986,0.25231842973348273,0.511173065477699,0.6474976795947802,2.1654033489274997
Sierra Leone,SLE,1987,0.3566784866086914,0.48732371673961716,0.5994078677067347,2.0124116142993387
Sierra Leone,SLE,1988,0.35495281064903733,0.464250031648785,0.6089076559332585,1.7483171338527725
Sierra Leone,SLE,1989,0.3400737078909589,0.41740784332341646,0.6044500832087494,1.5731469478514732
Sierra Leone,SLE,1990,0.32222616271365423,0.3786387847737876,0.5940654793457386,1.3898028563519642
Sierra Leone,SLE,1991,0.22280863167535014,0.3329328250219862,0.5009147191583954,1.211923943136635
Sierra Leone,SLE,1992,0.15587073349060876,0.24398336919044034,0.47379768902713515,1.7400144996054454
Sierra Leone,SLE,1993,0.22323550722573837,0.24470627390874272,-0.5014367259358133,1.1555926468616355
Sierra Leone,SLE,1994,0.2195443941849739,0.2032510793346587,-0.6050227972910691,1.1074104636195763
Sierra Leone,SLE,1995,0.23210948433094059,0.2167431743165304,-0.6259001589429427,0.9784118852176374
Sierra Leone,SLE,1996,0.24324244767545222,0.2242760353962394,-0.5656213646700323,0.8080614712954182
Sierra Leone,SLE,1997,0.301063036684741,0.31778965521390135,0.9994908519631776,0.825968652984516
Sierra Leone,SLE,1998,0.299848135000766,0.34076927586873207,0.786511445435723,0.91820717536931
Sierra Leone,SLE,1999,0.2959205938293391,0.3460634936142748,0.9175031128278255,0.9237842792853495
Sierra Leone,SLE,2000,0.30346891973050616,0.3535453457408574,0.9066173114434182,0.820058477719394
Sierra Leone,SLE,2001,0.30370451271421767,0.3685807332439734,0.898866765140465,0.8465525930999549
Sierra Leone,SLE,2002,0.30240916246219185,0.3701401354888485,0.8932962718560551,0.8608312014480443
Sierra Leone,SLE,2003,0.4362241841074086,0.36809476209638137,1.639101477103801,0.9177793704581606
Sierra Leone,SLE,2004,0.4375975442287681,0.3541047684266631,1.553276444784794,0.8656091340882648
Sierra Leone,SLE,2005,0.4330968440109457,0.35512600197973476,1.5110305083024662,0.863832289879247
Sierra Leone,SLE,2006,0.4229396739933257,0.3511582136818671,1.3177100532686055,0.8880832532209142
Sierra Leone,SLE,2007,0.41785518240552877,0.34417138808568315,1.258553954395269,0.9170640597963772
Sierra Leone,SLE,2008,0.41120862121716184,0.19887546946879153,1.2761094219592883,0.983077957160025
Sierra Leone,SLE,2009,0.4025233363254578,0.18834256954664397,1.2098528355840852,0.9469264596314215
Sierra Leone,SLE,2010,0.396292378255041,0.18386430302648138,1.2101746635748358,1.0847927623981515
Sierra Leone,SLE,2011,0.39741286772756934,0.18579719440065118,1.1156106427496497,1.0182952883640595
Sierra Leone,SLE,2012,0.3824030621566368,0.18180130023160618,1.1143347661212832,1.0374250252963286
Sierra Leone,SLE,2013,0.3778623725946435,0.17605097359051444,1.0739991973861378,1.0290760261682539
Sierra Leone,SLE,2014,0.36127073501577167,0.14579350148557157,1.0563492979013216,1.0386266831047097
Sierra Leone,SLE,2015,0.3558373892721668,0.14516445554124535,1.0395232859061043,1.0596830274423445
Sierra Leone,SLE,2016,0.3527255903210169,0.14525509803003891,1.036129943536722,1.0860859768303124
Sierra Leone,SLE,2017,0.3453617909230689,0.15449870222743162,1.0048263500791137,1.0017918972350832
Sierra Leone,SLE,2018,0.34277701630339913,0.19781957818774004,0.9693878661567914,1.3201971483120891
Sierra Leone,SLE,2019,0.31570913008242596,0.2491078370760012,0.9847354322401034,1.390100923366201
Sierra Leone,SLE,2020,0.30139655365264006,0.1495403015927103,0.9212105857097497,1.3786018904325883
Sierra Leone,SLE,2021,0.264319709842749,0.5090663669780736,0.9614468271750058,1.397723044000474
Sierra Leone,SLE,2022,0.2508788344013421,0.6928396398184694,0.7168659896288686,1.4262045184491732
Sierra Leone,SLE,2023,0.24660616812422242,0.617281552063182,0.6684516393967184,1.3710189833695194
Sierra Leone,SLE,2024,0.37370367309560903,0.5023465604902841,0.6066368398339383,1.4320499749480087
Sierra Leone,SLE,2025,0.3711571841859638,0.5817692137332187,0.3962207189069759,1.41405469067387
Spain,ESP,1970,-0.3159086211472997,-0.6760808760121215,0.10428275615844723,-3.0220807208005738
Spain,ESP,1971,-0.3159086211472997,-0.6760808760121215,0.10428275615844723,-3.0220807208005738
Spain,ESP,1972,-0.31631585082643937,-0.669311292134214,0.10467274543849235,-2.946282273113315
Spain,ESP,1973,-0.3122606533792539,-0.6488473175163925,0.09732229075658891,-2.8596057171640794
Spain,ESP,1974,-0.303482350355492,-0.583919954787658,0.1551496700282164,-2.606306596925977
Spain,ESP,1975,-0.29451073610262224,-0.6066468159807561,0.13946555568835803,-2.5851789955718547
Spain,ESP,1976,-0.4598744231254736,-0.7313990254730404,0.1401848934137933,-2.9149076396084257
Spain,ESP,1977,-0.738033984424536,-0.9277938411272451,-0.12133038587692413,-2.768581194193044
Spain,ESP,1978,-1.1513508777309482,-0.8936669767683336,0.25818264747774466,-5.279266203210435
Spain,ESP,1979,-1.2202223355184592,-0.905456674673192,0.20762559566059255,-4.933363338641055
Spain,ESP,1980,-0.8789288826944467,-0.845295413345198,0.21589226623162908,-3.9398489698885655
Spain,ESP,1981,-0.6550037977195133,-0.7495832968153514,0.20451787817474232,-3.725199915838197
Spain,ESP,1982,-0.6375850189803208,-0.7095617355832569,0.21510527524019396,-3.6104808836788007
Spain,ESP,1983,-0.6205918404940199,-0.6790124893770995,0.21956924354894092,-3.4740789136517876
Spain,ESP,1984,-0.5865330146285505,-0.6776639372414612,0.2201959408069095,-3.350183513058031
Spain,ESP,1985,-0.5459305865984886,-0.6585348737693484,0.2192188064945846,-3.0535996956719997
Spain,ESP,1986,-0.4661321702993161,-0.6059179341637064,0.21056845337013172,-2.9123265170797348
Spain,ESP,1987,-0.39808148898909806,-0.5749281695119262,0.24917031108465792,-2.791541460820343
Spain,ESP,1988,-0.36031175181256203,-0.557145671927572,0.24930100804967564,-2.599430897403292
Spain,ESP,1989,-0.33561272373931184,-0.5454156572973305,0.2575177950654559,-2.341489755691849
Spain,ESP,1990,-0.3107514568869324,-0.5161172487430475,0.27400006735110105,-2.1247225464811352
Spain,ESP,1991,-0.1945027450210494,-0.5738323743728664,0.2168862018518432,-1.917728248395904
Spain,ESP,1992,-0.187789247049735,-0.39307697564850885,0.21431279807521253,-1.7650906488061682
Spain,ESP,1993,-0.18393654550576358,-0.3385201990558372,0.21258116733588914,-1.6390691577091632
Spain,ESP,1994,-0.18414545238944197,-0.3291276263044928,0.21864596680213713,-1.5943083987283408
Spain,ESP,1995,-0.18444586041949462,-0.3146456313686936,0.20735304573476246,-1.489780327722795
Spain,ESP,1996,-0.1851266204948789,-0.3055073397327064,0.20051023260988374,-1.3965363979993208
Spain,ESP,1997,-0.1859003018780012,-0.29595667212383914,0.21485555739442266,-1.3787989172908137
Spain,ESP,1998,-0.18703280630960778,-0.2867579230223597,0.21051060390092882,-1.3596765779162814
Spain,ESP,1999,-0.18836729979097244,-0.2779182159204319,0.20663802529467531,-1.3342771299920062
Spain,ESP,2000,-0.18750300223222044,-0.2694696295790913,0.21285712213197264,-1.279157919389001
Spain,ESP,2001,-0.19112920900506697,-0.23215625117982042,0.25238782316519215,-1.1969069596500646
Spain,ESP,2002,-0.19230069966398386,-0.22687020327955992,0.2512734258379442,-1.1781607772942269
Spain,ESP,2003,-0.19372542061451006,-0.22187221813092975,0.23140201751573977,-1.1620725469112902
Spain,ESP,2004,-0.20151003571961046,-0.22319413550751005,0.23907924701722413,-1.1264017473806278
Spain,ESP,2005,-0.20377631186870562,-0.2053776315321889,0.2643740116940588,-1.102937103507453
Spain,ESP,2006,-0.21538662534379782,-0.21015785424436856,0.3291991028475745,-1.1334934644916137
Spain,ESP,2007,-0.21802808490110193,-0.19851976216016476,0.34569675529631877,-1.026167290339207
Spain,ESP,2008,-0.22027940355972936,-0.17703172147913002,0.3494866046081321,-0.9427138999322517
Spain,ESP,2009,-0.200363061494313,-0.1838668895168813,0.36916815114488527,-0.9148161978252736
Spain,ESP,2010,-0.2021739003348893,-0.1707215362315866,0.37266781487441425,-0.8414588055057326
Spain,ESP,2011,-0.19607342247775644,-0.16323505486470205,0.36355557530841487,-0.709569808420074
Spain,ESP,2012,-0.19491626349101687,-0.13661314390553164,0.38318311598558974,-0.6962643025814041
Spain,ESP,2013,-0.1995447756242066,-0.10010413768083562,0.3704780694952292,-0.6921219776597047
Spain,ESP,2014,-0.11358276456937558,-0.05359302840991492,0.3884850586420193,-0.6677068103247098
Spain,ESP,2015,-0.11096748865353145,-0.04129304382291152,0.38812984807806705,-0.6373936068665454
Spain,ESP,2016,-0.09886514396057833,0.008811699575626969,0.40458311220271137,-0.6014111441580716
Spain,ESP,2017,-0.14036889696355712,0.12226105887761127,0.44274009395773517,-0.43036505468056113
Spain,ESP,2018,-0.1401619181671028,0.0721799383072517,0.42859563743088513,-0.26263809297062607
Spain,ESP,2019,-0.151921706229948,0.18311817651890355,0.4247265946067643,-0.2738094809414452
Spain,ESP,2020,-0.08569589834515409,0.3868978027661819,0.3958886851591009,-0.1850057745552759
Spain,ESP,2021,0.20178322551268785,0.791302872422041,0.47386529155900015,-0.18478965907241093
Spain,ESP,2022,0.2206331164885591,0.6746087666963473,0.3668380381543117,-0.1919311423371618
Spain,ESP,2023,0.05700178831688657,0.5214768889577008,0.43093711174252536,-0.26678607850879266
Spain,ESP,2024,0.21549760781647076,0.519320063997659,0.36274997329629466,-0.2863770813441364
Spain,ESP,2025,0.22162685150293876,0.10920035676179453,0.10548207714208238,-0.30569362476113926
Syria,SYR,1970,1.9258358025251876,-0.06615149027773322,-0.22272628674227082,-0.16446667222699352
Syria,SYR,1971,1.9258358025251876,-0.06615149027773322,-0.22272628674227082,-0.16446667222699352
Syria,SYR,1972,1.738934644623771,-0.06860378642098858,-0.8018837618590391,0.2625178573281661
Syria,SYR,1973,4.088494183038887,-0.05078384587671338,-0.7844518755100202,-0.40601216948647195
Syria,SYR,1974,2.576572035680484,0.040733375632284435,-0.2592854144501275,-0.6397196940519267
Syria,SYR,1975,1.1689485671108708,-0.014733483571459455,-0.22235889565210817,-0.6125050639248893
Syria,SYR,1976,0.2456745003866477,0.0009478868424128151,-0.2136032542046621,-0.5598842192519878
Syria,SYR,1977,-0.01573179663381783,-0.019330096781760266,-0.05993784342048128,-0.5206202869916103
Syria,SYR,1978,-0.23487958993556962,-0.011539992744188432,-0.03726026071046468,-0.4512125850496679
Syria,SYR,1979,-0.3451940283770874,-0.0026940716387975072,0.028262859423941272,-0.3266001545203785
Syria,SYR,1980,-0.05570547876443635,-0.01835815162280783,0.05267120737096001,-0.06972570978268142
Syria,SYR,1981,0.23683309303980682,-0.1020028735082141,0.09323441631962191,-0.05825316123852001
Syria,SYR,1982,0.1496596308498322,-0.0632071566708661,0.10205541307884858,-0.0448600400932444
Syria,SYR,1983,0.046883650938726616,-0.06664783051683358,0.10006766476338191,-0.030690108109537123
Syria,SYR,1984,-0.27821971094457154,-0.07284107482094275,0.09987407380761931,-0.015389281869575472
Syria,SYR,1985,-0.05819198841200155,-0.08615528313602708,0.09775743560095196,-0.03967889356051893
Syria,SYR,1986,-0.1998411840443972,-0.06974468725278803,0.12032346709691946,-0.17475796787120906
Syria,SYR,1987,-0.19570695188932824,-0.1593399149947069,0.12989674088458716,-0.2571461309859496
Syria,SYR,1988,-0.02517386837050682,-0.15702410988668783,0.12881164483550586,-0.1934223380174595
Syria,SYR,1989,0.004709720458904734,-0.15203530202964924,0.12841291188690776,-0.16375971779258716
Syria,SYR,1990,0.1715078846098892,-0.1473945854530183,0.1281503129852444,-0.13261671738022862
Syria,SYR,1991,0.019057553218582893,-0.14260142864366393,0.1208234022613402,-0.07345775751283865
Syria,SYR,1992,0.039763830693064835,-0.059282015310129166,0.12644958928022443,0.2534624158133063
Syria,SYR,1993,-0.055598463259179755,-0.06841076682128219,0.12017301136055643,0.018499717494166602
Syria,SYR,1994,0.21367598335523663,-0.08309397657323589,0.10929549380070253,0.0351302173184726
Syria,SYR,1995,0.24644610356351168,-0.08086484025722795,0.12574307422808498,0.03689819023088669
Syria,SYR,1996,0.27673682709283787,-0.08038891398290628,0.10499399349212897,0.05757667714650306
Syria,SYR,1997,0.5527705233689841,-0.0812461656335678,0.09744287254974106,0.07221599158614657
Syria,SYR,1998,0.898048736115638,-0.08142668558974073,0.09310596092247904,0.07456754758264197
Syria,SYR,1999,2.1408502750533276,-0.08110160179298549,0.11235183568511302,0.09515731647633073
Syria,SYR,2000,5.475158374723446,-0.07608062534322751,0.10297744375273461,0.4953128893327921
Syria,SYR,2001,2.2892549632410875,-0.34269040297844305,0.011797737915131015,0.5419511769818535
Syria,SYR,2002,-0.1339102463503026,-0.3410006732240892,-0.0023627095717371482,0.5893120787487635
Syria,SYR,2003,0.1260276598877064,-0.33963617620752684,0.015652997736680857,0.5925468809539315
Syria,SYR,2004,-0.4119218218249088,-0.33507930831533506,-0.010233957143500144,0.5604167508085549
Syria,SYR,2005,-0.43413187865308117,-0.3318682838914848,-0.029031114021928844,0.5590368019202933
Syria,SYR,2006,-0.007244006855356033,-0.32908277386895884,0.037783676325320384,0.5655432478648814
Syria,SYR,2007,0.35543155109305713,-0.32935309037631066,0.02751538836944195,0.5793974026371568
Syria,SYR,2008,0.48183701984306637,-0.33879922532072204,0.0825261642841699,0.8831547012191112
Syria,SYR,2009,0.9016089110934692,-0.3333266021578364,0.027532003401435842,0.7792334157490866
Syria,SYR,2010,1.5080322858611128,-0.332290934731988,0.02271709013537232,0.7252682446709902
Syria,SYR,2011,1.9815963851601799,-0.313235320015599,0.017907724104461606,0.6065629462553683
Syria,SYR,2012,2.4787911281559767,-0.2798508067175824,-0.21843761984763974,0.6223908233191662
Syria,SYR,2013,2.9593843305980227,-0.6256647182922659,-0.1535941498999723,0.6144283295319044
Syria,SYR,2014,1.3638212748033975,-0.6159752692128936,-0.09981388225428184,0.5479631399167924
Syria,SYR,2015,1.4055992572056364,-0.6149450727786472,0.016224982041766672,0.5916671267006318
Syria,SYR,2016,1.336762063911407,-0.5743626648090057,-0.0017945795066754144,0.6131772185683471
Syria,SYR,2017,1.9891824846780195,-0.4023687900708776,-0.03357649724569578,0.461945476943321
Syria,SYR,2018,2.740695317024048,-0.3765364815837663,-0.05026851302648541,0.423129384763674
Syria,SYR,2019,3.273438625112216,-0.30479057816523014,-0.05067367644722551,0.3687205911702786
Syria,SYR,2020,3.2764753709968732,-0.23839689938213232,-0.08904278007566907,0.3481395889433239
Syria,SYR,2021,3.248775806307021,-0.291691258313988,-0.0032327716227201764,0.3416361713991945
Syria,SYR,2022,3.2405535012056923,-0.23634939364704194,0.7095692667251857,0.40011945703360463
Syria,SYR,2023,3.237319128274968,-0.23268493784082867,0.5589474595711843,0.27622530651683636
Syria,SYR,2024,3.1960211944840275,-0.3510679375023409,0.5819243956514123,0.25967750544196216
Syria,SYR,2025,3.1948267705265883,0.15554009690426962,-1.633843233212107,0.2743733109886121
Tunisia,TUN,1970,0.06255268850108225,-0.010347534493866474,0.04831968188875993,-0.3487287574866192
Tunisia,TUN,1971,0.06255268850108225,-0.010347534493866474,0.04831968188875993,-0.3487287574866192
Tunisia,TUN,1972,0.0629162939174901,-0.0108126803805743,0.04343438480858254,-0.37112503091977933
Tunisia,TUN,1973,0.05779769635614375,-0.02374839009031228,0.05241002339820566,-0.38162898567972464
Tunisia,TUN,1974,0.05507871977229906,-0.040512260622607044,0.026469197118814736,-0.39260093177223887
Tunisia,TUN,1975,0.05521884470918558,-0.04859090607252545,-0.0567072813336343,-0.35466233829755817
Tunisia,TUN,1976,0.05267671993315117,-0.11467998253046313,-0.058868606196077054,-0.39500536774907746
Tunisia,TUN,1977,0.04330555400928234,-0.12907121333980956,0.012283540142610825,-0.3892204528426566
Tunisia,TUN,1978,0.04438057514641808,-0.1325351023155084,0.02755925849408477,-0.35481204488553897
Tunisia,TUN,1979,0.06260805960891962,-0.10042463859914574,0.17172969387428846,-0.38409670750225255
Tunisia,TUN,1980,-0.017910821018801232,-0.19255014871698625,0.03439000585421784,-0.40380919766919776
Tunisia,TUN,1981,0.012311855450600704,-0.18614623540791086,0.03758987458886703,-0.41258678929935266
Tunisia,TUN,1982,-0.001868695959832154,-0.20272761765887853,0.05597541536957419,-0.41696387546334557
Tunisia,TUN,1983,-0.0021839998368549792,-0.2026206751817851,0.05487174617167887,-0.3910298737247178
Tunisia,TUN,1984,-0.009228610273640353,-0.202050314370356,0.06559486930047592,-0.4231281213014553
Tunisia,TUN,1985,0.024942589744813587,-0.18297810197314204,0.07546387588074574,-0.428975046717447
Tunisia,TUN,1986,-0.0139574731883521,-0.22890162239690032,0.05474761174564783,-0.4430650551627253
Tunisia,TUN,1987,-0.08794355057816727,-0.2651775686168291,0.08210058984259999,-0.4313716312110809
Tunisia,TUN,1988,-0.10588450103359075,-0.3145867221538843,0.029471710321577017,-0.4647645884943963
Tunisia,TUN,1989,-0.5235871326887622,-0.3926087557865411,0.16025536047937347,-0.7336291120781206
Tunisia,TUN,1990,-0.34478929500248656,-0.08075275270210644,0.6657871779776084,-0.20227450413228187
Tunisia,TUN,1991,-0.07396265372157286,-0.10779759789556645,0.42633281001498063,-0.06766483385412958
Tunisia,TUN,1992,-0.06986842703423483,-0.09016466993997227,0.41949433080117005,-0.0711591420638823
Tunisia,TUN,1993,-0.07302646139118066,-0.09477274046997469,0.41915515502893574,-0.08548543851741688
Tunisia,TUN,1994,-0.07870375653274787,-0.09345490298532674,0.3821542523450764,-0.08125582598612308
Tunisia,TUN,1995,-0.08377634371953575,-0.08248517377701724,0.4412561843287682,0.039527270610096366
Tunisia,TUN,1996,-0.08900978228982087,-0.0861459865389026,0.37983066000173205,-0.13539448486455768
Tunisia,TUN,1997,-0.09403691882463261,-0.08772525048092808,0.2673107218988845,-0.1267891625919712
Tunisia,TUN,1998,-0.09934345861859421,-0.08834820623159924,0.27440655100804573,-0.11550233899627543
Tunisia,TUN,1999,-0.10426524134205223,-0.08907897955210285,0.26775454441573915,-0.10772501118592193
Tunisia,TUN,2000,-0.10704671879970867,-0.08765883719190436,0.2556462702635585,0.04935755095292327
Tunisia,TUN,2001,-0.10918584882521405,-0.07989073828143725,0.19218816677051667,-0.07114590997020892
Tunisia,TUN,2002,-0.11507479900596226,-0.08433240823149696,0.19474981539770891,-0.06446077344216597
Tunisia,TUN,2003,-0.13241060910886776,-0.08466301328194487,0.2957322087496721,0.053507746229096764
Tunisia,TUN,2004,-0.136041751829853,-0.08294593489540218,0.2901180771500012,-0.07449234942832667
Tunisia,TUN,2005,-0.14798138530639054,-0.09008788890325169,0.3491985426904038,-0.020490951313574424
Tunisia,TUN,2006,-0.14850192190528833,-0.09271306923161496,0.2784558477813817,-0.023034356645803444
Tunisia,TUN,2007,-0.15519023144835364,-0.09041823084423116,0.273958465818132,-0.016479711469924968
Tunisia,TUN,2008,-0.162621032400555,-0.09356454439390606,0.27519730463652176,-0.08980025420067742
Tunisia,TUN,2009,-0.14777923488735173,-0.12040437174249499,0.27228599882731097,-0.12817146830771717
Tunisia,TUN,2010,-0.15487478355014278,-0.1243917487523308,0.2966757325475543,-0.0611669585403766
Tunisia,TUN,2011,-0.027616255309679892,-0.10927421024494205,-0.01311237684277275,0.18551482033438488
Tunisia,TUN,2012,0.6271908450721699,0.0009846114283315471,-1.0097575771472287,-1.2101764370733745
Tunisia,TUN,2013,0.6030015632902888,0.01765328762873692,-1.05140541863339,-1.1614107706740397
Tunisia,TUN,2014,0.5389399133267871,0.07740569460593008,-1.0224180710134991,-1.1418757536601558
Tunisia,TUN,2015,0.5142066816282277,0.06205065177628901,-0.9417005841739863,-1.1887415408919781
Tunisia,TUN,2016,0.49346378811214275,0.12594337810994044,-0.9291934816176033,-1.1485176923165263
Tunisia,TUN,2017,0.44591657639677945,0.07217687727651736,-0.8745479754161893,-0.7891793539188948
Tunisia,TUN,2018,0.42694980567280993,0.06827257904120064,-0.8451954271814385,-0.6627508888006032
Tunisia,TUN,2019,0.40369157086007895,0.07216176034814871,-0.8156301290776333,-0.6343561521982745
Tunisia,TUN,2020,0.3847560254210171,0.10657159741993431,-0.7850727116004119,-0.6598093518010589
Tunisia,TUN,2021,0.34631084573428883,0.11697719501616212,-0.6328558951883091,-0.66901165863935
Tunisia,TUN,2022,0.4616251280448357,0.014656094737322878,-0.5928821097200464,-0.6083459981446249
Tunisia,TUN,2023,0.6402286603407047,0.02564991179257889,-0.2578471890258854,-0.11483053701763771
Tunisia,TUN,2024,0.7129656857165146,0.19134479158729173,-0.3434764784266218,-0.17610023862124002
Tunisia,TUN,2025,0.6896052545186651,0.20644658918303677,-0.12310076195216282,-0.1754303624074886
Türkiye,TUR,1970,-3.5149910885809033,0.45433478210055805,-1.111529155127495,-0.2045990269347786
Türkiye,TUR,1971,-3.5149910885809033,0.45433478210055805,-1.111529155127495,-0.2045990269347786
Türkiye,TUR,1972,-3.2249609597964928,0.4681201806753974,-1.1189751789345554,-0.058746582689709115
Türkiye,TUR,1973,-3.093124250046774,0.38265546432720937,-1.106323772967753,-0.06640140710646203
Türkiye,TUR,1974,-3.0183621016814124,0.24840466884600076,-1.0629293261262087,-0.029745451904866216
Türkiye,TUR,1975,-2.865794243501126,0.09574380146563834,-0.9479976835637963,-0.08949740470215461
Türkiye,TUR,1976,-2.7874716468219756,0.07965085315309746,-0.946364927201855,-0.051810108871843785
Türkiye,TUR,1977,-2.718203406672969,0.06998459277929918,-0.918664229539496,-0.06331371072180403
Türkiye,TUR,1978,-2.6456325336048088,0.06799371386555178,-0.8999552850346302,-0.0059463431952404555
Türkiye,TUR,1979,-2.584200231401716,0.05803936880108054,-0.8777894409576147,0.005663589645997391
Türkiye,TUR,1980,-2.61462634615399,0.059327928308051,-0.7899535864532613,0.09107970999910192
Türkiye,TUR,1981,-3.585444225944493,0.5859859116340558,-1.361643379685284,0.5746569198139242
Türkiye,TUR,1982,-3.158627297007198,0.8983556811655057,-1.5060452315669788,0.5205832830231668
Türkiye,TUR,1983,-2.5381720858717536,0.8884929157440578,-1.5199882547808052,0.2360085894223657
Türkiye,TUR,1984,-1.9685954021597145,0.9011287256555269,-1.6363999994586806,0.0708933943222605
Türkiye,TUR,1985,-1.5665676716738266,0.9774152773280462,-1.6276567839879417,-0.08216745970730088
Türkiye,TUR,1986,-1.133307864882309,0.8772083427636191,-1.571551494894229,-0.06257476102990772
Türkiye,TUR,1987,-0.765090810662593,0.7928781765778689,-1.4700984577350706,-0.04692638198893079
Türkiye,TUR,1988,-0.5479209967342874,0.7424846130445957,-1.4605484794780432,0.6747255895076015
Türkiye,TUR,1989,-0.37950298923146586,0.741759217694041,-1.4173518313583418,0.6696643323028701
Türkiye,TUR,1990,-0.22459927938245156,0.6102814484439908,-1.375540937126921,0.2299967341732071
Türkiye,TUR,1991,0.23875569028330823,0.5497655610013823,-1.1041530027914281,0.3021800532997399
Türkiye,TUR,1992,0.27837194341384863,0.3616376588628323,-1.0792080445149788,0.28746544019167575
Türkiye,TUR,1993,0.35922001341022936,0.339704031001046,-1.0788095455071363,0.23406036563184754
Türkiye,TUR,1994,0.4485847262193451,0.3435867104269831,-1.039518505383452,0.23245367959571456
Türkiye,TUR,1995,0.541750271286822,0.34633051605709153,-1.0244157036670047,0.17264685771015545
Türkiye,TUR,1996,0.6365067162052849,0.35161059299437336,-0.9876988991048572,0.1243692429817175
Türkiye,TUR,1997,0.7263653658124252,0.3634279939180589,-0.9366403797178133,0.1088359776783828
Türkiye,TUR,1998,0.8162061535602185,0.36856533786603596,-0.9434885523500517,0.08794814805281215
Türkiye,TUR,1999,0.9244257668641243,0.37072911656142826,-0.9206282564864479,0.08343139233385302
Türkiye,TUR,2000,1.0312593178488563,0.3788103921420348,-0.9327274305266939,0.032576443597367055
Türkiye,TUR,2001,1.1368403748063156,0.38817697957834435,-0.8653898295372185,0.09561088189096181
Türkiye,TUR,2002,1.2131339119232971,0.38903069487666053,-0.8694615883815302,0.0985097869230537
Türkiye,TUR,2003,1.2776811764617708,0.3935410719816824,-0.76021818859016,0.07936033467760858
Türkiye,TUR,2004,1.3149458239871596,0.4059179845880245,-0.7686691149674271,0.02955832287324095
Türkiye,TUR,2005,1.347178339768246,0.409067377625244,-0.7447234528727689,0.005345387604365925
Türkiye,TUR,2006,1.385499361413242,0.41586832739432,-0.7337745412283417,-0.01020068891957382
Türkiye,TUR,2007,1.4290866663814203,0.4154842861033309,-0.7287968330284795,0.01586546681189227
Türkiye,TUR,2008,1.4731263568702466,0.2908521722683981,-0.603435453047763,0.7809692729933461
Türkiye,TUR,2009,1.5114055068499699,0.28918442433482183,-0.6044735128396901,0.6981871574264541
Türkiye,TUR,2010,1.5792540706194365,0.29089272575648456,-0.6028570389351506,0.6567086665223041
Türkiye,TUR,2011,1.6210227159241075,0.22343838257139173,-0.5483101541179504,-0.8309105015079236
Türkiye,TUR,2012,1.795309670439133,0.22566898538254596,-0.5206545483568271,-0.8434914390381643
Türkiye,TUR,2013,1.9957863302420347,0.2227073679537966,-0.5137841114619438,-0.8301226127533405
Türkiye,TUR,2014,2.3673288453085553,-0.044962283062997654,-0.5372832302592868,-0.823916349366006
Türkiye,TUR,2015,2.565673298443544,-0.05289103429496894,-0.3540007037454858,-1.0627186482821465
Türkiye,TUR,2016,2.7127068650621036,-0.03543295144413325,-0.36891535001791714,-1.0218992754207135
Türkiye,TUR,2017,3.0626704313204227,0.26257716019876504,-0.49550042522459126,-0.2436253984823224
Türkiye,TUR,2018,3.063460006986426,0.3716914509959637,-0.40048007134407576,-1.1590757887503664
Türkiye,TUR,2019,3.048796256269722,0.0952064452911738,-0.3713629672418311,-0.4767143344288062
Türkiye,TUR,2020,3.053807126479639,0.34059818679920106,-0.4369633277085086,-0.30793171071401826
Türkiye,TUR,2021,2.9807641070149953,0.31668218991735064,-0.30131676995918255,-0.320296972381669
Türkiye,TUR,2022,2.8855057457075834,0.29172184703357884,-0.36489005286706266,-0.3183016662499776
Türkiye,TUR,2023,2.8632734645404634,0.18016881007614957,-0.35047348804010653,-0.29403204777749736
Türkiye,TUR,2024,2.7983602426118943,0.09028985541599155,-0.34870015917418384,-0.28414620829858095
Türkiye,TUR,2025,2.795607696794327,0.6111363964177752,-0.5414624821217164,-0.31829565567102036
Ukraine,UKR,1990,2.43604623787467,4.252532644387079,0.18034758740891665,3.8780756284375113
Ukraine,UKR,1991,2.43604623787467,4.252532644387079,0.18034758740891665,3.8780756284375113
Ukraine,UKR,1992,2.6570530355481434,4.4192864974541965,0.26237826256021995,4.789122992109888
Ukraine,UKR,1993,2.4550688277154835,4.780967674608991,0.18485055330928435,3.9322232974991995
Ukraine,UKR,1994,2.1645174307256383,4.801656540089242,0.10274507164837049,3.803905804113267
Ukraine,UKR,1995,1.8401935074551625,4.772831135767573,0.2613818076856202,3.6542526521790415
Ukraine,UKR,1996,1.5699782837610359,4.715840545879578,0.2521115693415542,3.7494712962857673
Ukraine,UKR,1997,1.3412315834521427,4.639843153514645,0.5568557076803808,3.698904090589128
Ukraine,UKR,1998,1.1410711247668663,4.589756766010674,0.5509982264209591,3.691441073940408
Ukraine,UKR,1999,0.9645558553813973,4.546761905513627,0.6990368449910032,3.6274765754619995
Ukraine,UKR,2000,0.8105088421270993,4.520927335498686,0.7070399025532541,3.610320505039405
Ukraine,UKR,2001,0.7137390444057794,4.6944247071412555,0.04710796770642714,5.362226142720177
Ukraine,UKR,2002,0.7487398886585842,4.559009180089798,0.07757003710945821,5.2472886981414995
Ukraine,UKR,2003,0.7638401148911258,4.44882797851726,0.12860649965354437,4.965330634801894
Ukraine,UKR,2004,0.7897171709656335,4.325773206359694,0.1503690576856779,4.594819920829463
Ukraine,UKR,2005,0.7942121224550818,4.222431814126853,0.1789922233759525,4.2309389827721064
Ukraine,UKR,2006,0.7237633950438344,4.116939440152663,-0.03104194762296876,4.012615048935231
Ukraine,UKR,2007,0.5403889568187661,4.1060812823827595,-0.036175240435844,4.152488779050803
Ukraine,UKR,2008,0.3260976835450268,3.882710220847227,-0.04174392581900528,3.5681489810688056
Ukraine,UKR,2009,0.09670978473295855,3.766358835690063,-0.05349510542610669,3.2664924765965093
Ukraine,UKR,2010,-0.12488384581128664,3.651600728005125,-0.04988304072594782,2.8241667986793573
Ukraine,UKR,2011,-0.4400159093988347,3.5448237248032233,0.4734101139249869,1.1303025000423206
Ukraine,UKR,2012,-0.4090966413930277,3.428610788675316,0.4614877921647632,1.0329730332986677
Ukraine,UKR,2013,-0.3288476451350182,3.2928204418130553,0.43034380751880263,0.985327378434419
Ukraine,UKR,2014,-0.37836245936214274,2.6270610268001,0.39833200063311464,0.8480765043462845
Ukraine,UKR,2015,-0.30509313668897803,2.585854910343479,0.15448234205417394,0.9029262601121707
Ukraine,UKR,2016,-0.23129685705803754,2.782357477192793,0.10021235129172108,0.8552373036910584
Ukraine,UKR,2017,-0.19120689656427625,2.673643623957312,0.08399895006373029,0.4712195093480326
Ukraine,UKR,2018,-0.14714624932943388,2.6287396029870234,0.08182419470031645,0.5719657438709482
Ukraine,UKR,2019,-0.10561102325479299,2.5267788685161086,0.0738726161713347,0.37567649968069394
Ukraine,UKR,2020,-0.02935165743507212,2.333512591538681,0.12137296981369378,0.15272594040179388
Ukraine,UKR,2021,-0.16996044450980452,2.011243573009956,0.08034191336807193,0.13557689198571027
Ukraine,UKR,2022,-0.15761620084524008,2.1333865529460954,0.14360115803992501,0.15148640032771282
Ukraine,UKR,2023,0.3112135684681787,2.5229141169849005,0.0999309506922294,0.15648338181045984
Ukraine,UKR,2024,0.20730559014143013,2.3353600507780197,0.10373666050788201,0.12995437676360694
Ukraine,UKR,2025,0.19765471179670913,1.9864553061766537,0.19101480166837181,0.1694306508076375
United Kingdom,GBR,1970,0.2638043499346999,0.08687833369437598,-0.012866343967778748,0.36182989927505904
United Kingdom,GBR,1971,0.2638043499346999,0.08687833369437598,-0.012866343967778748,0.36182989927505904
United Kingdom,GBR,1972,0.25593823764939483,0.08654302355402979,-0.015159526123795085,0.3689087546212777
United Kingdom,GBR,1973,0.2475845648957269,0.03511658507674395,-0.01888984777306798,0.34193172539215133
United Kingdom,GBR,1974,0.25743415609550446,0.08205477419493765,-0.050195342933672914,0.31732040512251064
United Kingdom,GBR,1975,0.26147340286165055,0.06937162015555949,-0.04440327191248802,0.3058583064751765
United Kingdom,GBR,1976,0.270539464800558,0.14019395111598415,-0.04694630799028705,0.8002891747501755
United Kingdom,GBR,1977,0.2734297035799403,0.1681607491989047,0.2620550739988037,0.8058045186815597
United Kingdom,GBR,1978,0.2715191284599782,0.17738304405105332,0.2537067911824545,0.7004182012763004
United Kingdom,GBR,1979,0.2685296788038921,0.17505037604427387,0.17090405707285541,0.6780286416107166
United Kingdom,GBR,1980,0.22932232530121355,0.1783159996784945,0.14045282731251077,0.5635981383732435
United Kingdom,GBR,1981,0.317857301482114,0.09026305521160544,0.12129504766019483,0.5576626339848578
United Kingdom,GBR,1982,0.30568123822316967,0.08016335867731525,0.11480392813140558,0.5565921322714764
United Kingdom,GBR,1983,0.29792932682886114,0.08105016483854344,0.11461532260595425,0.5593727221096467
United Kingdom,GBR,1984,0.28390446292458305,0.08066023650727597,0.11911378411129,0.5610823725264795
United Kingdom,GBR,1985,0.270570755966665,0.08373757414372474,0.11548624300505983,0.5128834630783158
United Kingdom,GBR,1986,0.2369513053964464,0.06929153603848759,0.10914505072093147,0.5194417256658187
United Kingdom,GBR,1987,0.2110437073951587,0.057548918830150876,0.09846640757665678,0.5027200464941722
United Kingdom,GBR,1988,0.1936161465488779,0.0281267337711773,0.10202225363234865,0.41376271168277623
United Kingdom,GBR,1989,0.1876765675592848,0.009787646931997539,0.07641352413193103,0.41225847907562485
United Kingdom,GBR,1990,0.17283924376255297,0.027195802940114065,0.09036853626637689,0.31968811169416766
United Kingdom,GBR,1991,0.15288013417480115,-0.029163630455648126,0.10591351278710805,0.33223072047143987
United Kingdom,GBR,1992,0.15180842749976886,0.01519241433979681,0.09447399320693081,0.2986444336404507
United Kingdom,GBR,1993,0.1599367425607478,0.03836255399154962,0.09588271915605803,0.2524685094557607
United Kingdom,GBR,1994,0.1709764860122655,0.041402359187950113,0.0647874590781943,0.2551723105288155
United Kingdom,GBR,1995,0.18153696521495621,0.0356577440446401,0.06341206944096518,0.23185878417053565
United Kingdom,GBR,1996,0.1924599139783927,0.03508835766107443,0.06182233863583504,0.24227476355560218
United Kingdom,GBR,1997,0.2038687469217537,0.034474712686904475,0.06144867451462917,0.24088824316702742
United Kingdom,GBR,1998,0.21565822573127003,0.035831548131194324,0.08722377327377454,0.23731534886132813
United Kingdom,GBR,1999,0.22901569664836474,0.034166640362896586,0.09596670236698815,0.23866999152184032
United Kingdom,GBR,2000,0.2441829251958371,0.03404383052313401,0.09080247897386243,0.2508812563077994
United Kingdom,GBR,2001,0.2667353272556688,0.0584728217927603,0.08903941325201953,0.3146316033368767
United Kingdom,GBR,2002,0.2704006623091078,0.0541488240717395,0.0930331869133801,0.3200156740295106
United Kingdom,GBR,2003,0.2688073627759988,0.05502839742944559,0.07951975614805576,0.3346714877113171
United Kingdom,GBR,2004,0.2713163449903787,0.0559874402651549,0.07593571306023403,0.3332152926472919
United Kingdom,GBR,2005,0.2716390488742534,0.06099787630603842,0.07277162123330969,0.3382134987472142
United Kingdom,GBR,2006,0.2868657506279655,0.062379258237335714,0.12036973292030745,0.3398358294839937
United Kingdom,GBR,2007,0.288765410278108,0.06527244924313517,0.10763850683470395,0.32586019344649253
United Kingdom,GBR,2008,0.2907472263938884,0.029312834100332575,0.10375452325176546,0.3019800568162489
United Kingdom,GBR,2009,0.28972508966564575,0.038365517260123445,0.10870902541305169,0.315088987205174
United Kingdom,GBR,2010,0.2925899322321195,0.03844505425368143,0.11003788409193038,0.30277479466467616
United Kingdom,GBR,2011,0.30599038210761725,0.05792854368997106,0.10405402147227324,0.3471318028854864
United Kingdom,GBR,2012,0.28259933225754796,0.016204664805791337,0.11371871695890282,0.357029401016696
United Kingdom,GBR,2013,0.2862783662523204,0.008613110753262834,0.09633396214507323,0.37562418098821077
United Kingdom,GBR,2014,0.3429403323866135,0.033177217744528,0.0989810279243965,0.3836262535242272
United Kingdom,GBR,2015,0.3444485113371336,0.03808026737285478,0.10949847710436597,0.37819827143804186
United Kingdom,GBR,2016,0.3449937934773947,0.043696954489416066,0.1387691967509636,0.37531357537621657
United Kingdom,GBR,2017,0.33678221720601953,0.049583085907857545,0.16187040407678294,0.5077785041035162
United Kingdom,GBR,2018,0.33913480025571413,0.051306399076718155,0.2049233059990076,0.5418006516458311
United Kingdom,GBR,2019,0.336446127343703,0.04781988001251517,0.20140672856402012,0.480239981628727
United Kingdom,GBR,2020,0.33582802723228633,0.2655296571318465,0.18665812671644624,0.45231671159182674
United Kingdom,GBR,2021,0.3817902058253639,0.3188888168471329,0.18547295107696388,0.45225846282325094
United Kingdom,GBR,2022,0.39471075553703927,0.26048068923091444,-0.08761572055070008,0.4396638754197518
United Kingdom,GBR,2023,0.41515458834602303,0.23407735051885875,-0.08755144222214542,0.4199155763995834
United Kingdom,GBR,2024,0.42500967370037446,0.24208428911276583,-0.0903487603367317,0.4101480938564438
United Kingdom,GBR,2025,0.4327814746076112,0.15551748945921526,-0.1256665793978533,0.35034355725548383
Uruguay,URY,1970,3.269564399022257,1.0180488159949754,-1.2850105002478787,1.635793902945076
Uruguay,URY,1971,3.269564399022257,1.0180488159949754,-1.2850105002478787,1.635793902945076
Uruguay,URY,1972,3.2825032441657203,1.0016968987972932,-1.2809314779515484,1.946484676735722
Uruguay,URY,1973,3.289131588958278,0.9845600342217503,-1.2542602606979383,1.3889994142229658
Uruguay,URY,1974,3.7495219253559036,1.38314499368578,-3.338007301375083,2.041874985885905
Uruguay,URY,1975,3.599647732956244,1.3493503444221262,-3.0706924787199457,2.085128319403637
Uruguay,URY,1976,3.475746478958418,1.116138864042286,-3.0025137697637025,2.0187932467198375
Uruguay,URY,1977,3.3738935106793733,1.0599279084773707,-2.4138308637729633,2.0277990481466954
Uruguay,URY,1978,3.267285764085243,1.0066886556316748,-2.3208165905575733,1.765807917106517
Uruguay,URY,1979,3.1535394593452546,0.9494520723395771,-1.6177795886243738,1.6803817586759755
Uruguay,URY,1980,2.971785520046079,0.8856376784812782,-1.1674978172604247,1.676527018132207
Uruguay,URY,1981,2.8477433750189767,0.8191534043753759,-1.1396784491911964,1.9080383021428036
Uruguay,URY,1982,2.798495983127288,0.7624948558381885,-1.1200525605042742,1.9151255722706537
Uruguay,URY,1983,2.75020102356036,0.714062169548749,-1.1172610449451956,1.9186098525906403
Uruguay,URY,1984,2.688841980350525,0.6712973202038546,-1.0968632393545485,1.926297412043286
Uruguay,URY,1985,2.7568337085121755,0.6751805499869141,-1.1533890358251857,1.722232406318904
Uruguay,URY,1986,4.768416054669976,1.0556802834664956,-0.9857596569370719,1.7726802109578677
Uruguay,URY,1987,4.0525586269776515,0.915540688159039,-0.98644637141563,1.9713737157375633
Uruguay,URY,1988,3.4613757142358708,0.7471224600450155,-0.982944613830559,1.6423474523134929
Uruguay,URY,1989,2.879921648399056,0.5474119281081206,-0.9522798005389579,1.721888865855155
Uruguay,URY,1990,2.228328999453,-0.09463386867245159,-1.370269544043754,3.4341050637720576
Uruguay,URY,1991,0.8810294865663061,-0.12278930602059636,-1.0016622774763653,3.564897666255632
Uruguay,URY,1992,0.7738381694950807,-0.14539229319785008,-0.9881299965297332,2.9420798157940067
Uruguay,URY,1993,0.7309586578802921,-0.18600385068343225,-1.000480919561355,2.8339854525545713
Uruguay,URY,1994,0.7206439263702901,-0.1927320104192131,-0.9153257932410723,2.833465133700625
Uruguay,URY,1995,0.7209415439779068,-0.21547396204598912,-0.942768132934062,3.609188857152427
Uruguay,URY,1996,0.7249206696672617,-0.21290055913970668,-0.8579435089036067,2.487707955680052
Uruguay,URY,1997,0.7265006266990063,-0.22580947016819886,-0.7785844214728131,2.489739855411754
Uruguay,URY,1998,0.7306790122054758,-0.2188686420828046,-0.7669745416633538,2.380119042116432
Uruguay,URY,1999,0.7340402981961209,-0.2103126003537127,-0.750428422917605,2.378968196093534
Uruguay,URY,2000,0.7369108535305519,-0.20050922900306262,-0.7633571338258551,2.247396492065949
Uruguay,URY,2001,0.7308633604767673,-0.20459515096560205,-0.7174199597643041,1.691968596339125
Uruguay,URY,2002,0.7374049901662221,-0.19712445066244166,-0.7160996973962588,1.7117860932481648
Uruguay,URY,2003,0.7378993075296494,-0.18780938594395566,-0.8537003289214533,1.8081146944414044
Uruguay,URY,2004,0.742251891477309,-0.17525317087138914,-0.8729475824111617,1.7287092989568718
Uruguay,URY,2005,0.7570759547728498,-0.15940495926091722,-0.8935897966618245,1.8926322663337682
Uruguay,URY,2006,0.7692301375021822,-0.15623159536963985,-0.7221645050265364,1.8617422797565029
Uruguay,URY,2007,0.7822151106438653,-0.1508516360958967,-0.7193462868116356,1.8838319065055416
Uruguay,URY,2008,0.7944109339293324,-0.10057919784948022,-0.7189015018443874,1.7582832782763558
Uruguay,URY,2009,0.805531561899767,-0.09597249158633397,-0.7084658036830845,1.6551821936419968
Uruguay,URY,2010,0.821307929766522,-0.08249602920688145,-0.7012032599476943,2.047325268996253
Uruguay,URY,2011,0.844891393153486,-0.0428904290626748,-0.5719138343654545,2.7080505726163464
Uruguay,URY,2012,0.8366115068806326,-0.029669996737612676,-0.5747453892331255,2.6953768046274336
Uruguay,URY,2013,0.8453539948099584,-0.03168117613645653,-0.5900223943009816,2.7319465463621917
Uruguay,URY,2014,0.8458024765761816,0.12272880372529289,-0.5488385421185211,2.8677485329517207
Uruguay,URY,2015,0.8375160083427835,0.10129213840084726,-0.4612401230619726,2.816509416486921
Uruguay,URY,2016,0.8512962112649723,0.14714624328729944,-0.4484490535789683,2.9058353526775766
Uruguay,URY,2017,0.8301192256642762,0.07358441143461485,-0.41835157085495284,1.8838038207117478
Uruguay,URY,2018,0.8407986933838173,0.08356779109900539,-0.41553435790068294,1.8029829326743418
Uruguay,URY,2019,0.8423822628507257,0.06179128099586032,-0.40945793092458604,1.4933512771909632
Uruguay,URY,2020,0.8500607479787259,0.08327696585684409,-0.44625027551243734,0.8737288133285039
Uruguay,URY,2021,0.9545277777993373,-0.06731079253507626,-0.6913783647892277,0.7497723146595789
Uruguay,URY,2022,0.948464950527425,-0.19460776393032983,-0.5656741743598418,0.7109245172758405
Uruguay,URY,2023,1.037107739979043,-0.2558537407801009,-0.5985061813807613,0.9013880512934456
Uruguay,URY,2024,0.9470453873315543,-0.1968282858073005,-0.6205240365848053,0.7949752830139648
Uruguay,URY,2025,0.9605726075030117,0.11000837953361102,-0.9708387241115413,1.157863081339071
Armenia,ARM,1990,0.42642523435125007,2.2202873773229643,1.6543302581975505,1.981394384561664
Armenia,ARM,1991,0.42642523435125007,2.2202873773229643,1.6543302581975505,1.981394384561664
Armenia,ARM,1992,0.7304104304664254,2.875201430172927,1.8297505174439324,2.991094130357236
Armenia,ARM,1993,0.6059727334513043,2.5348349671909056,1.7491085800755126,2.3020889884988427
Armenia,ARM,1994,0.582812912047985,2.5428470939956895,1.7388942654204005,2.271278735011684
Armenia,ARM,1995,0.5688288866262307,2.515187528982077,1.6911955016329738,2.3260248086624027
Armenia,ARM,1996,0.5573918134956083,2.5748687383323734,1.9365705112088158,2.904130543486065
Armenia,ARM,1997,0.578353752830576,2.794792851485176,1.769447003086717,2.647346566683039
Armenia,ARM,1998,0.5799307997293359,2.807289557073169,1.6715188292853758,2.383379776583118
Armenia,ARM,1999,0.5904459924019816,2.8358573276617296,1.6573024495612307,2.1370951737357204
Armenia,ARM,2000,0.584149514633173,2.839266975776839,1.5372927765440578,1.8117245694391801
Armenia,ARM,2001,0.5408727173170379,2.764864021098119,1.3675326848993137,1.6265676157142495
Armenia,ARM,2002,0.5531915051148768,2.7594488436962346,1.254814839044418,1.4509183069503768
Armenia,ARM,2003,0.5296981279570301,2.763172246034726,1.0859640276803,1.257637041614299
Armenia,ARM,2004,0.5420983474254264,2.829527333437996,0.9211958107290041,1.1761539882055092
Armenia,ARM,2005,0.5349800635714435,2.8310926577021616,0.8007041965837252,0.8766413884236397
Armenia,ARM,2006,0.5400324907895917,2.8342628796138207,0.6255657589996678,0.6884458601644511
Armenia,ARM,2007,0.547179335381537,2.829554828267607,0.5611710882726717,0.5822249771734544
Armenia,ARM,2008,0.5480342467558077,2.7526023794828447,0.5330303499837145,0.2862615436693444
Armenia,ARM,2009,0.5332471095203607,2.6760035299354494,0.4791265882315685,0.0891234692660644
Armenia,ARM,2010,0.5500351207121396,2.692880314038697,0.3711320619962355,-0.19257845351596842
Armenia,ARM,2011,0.6464543977824437,2.685421525650451,0.16216442931070046,-0.4739215572471636
Armenia,ARM,2012,0.652917946726059,2.661200174588932,0.07879260057947185,-0.6797809375943674
Armenia,ARM,2013,0.6608248954028366,2.6956999281986826,-0.047092732474871946,-0.8688278286005204
Armenia,ARM,2014,0.5918914900138081,2.2559882144327603,-0.11345799128006695,-1.064005180065238
Armenia,ARM,2015,0.5855560154641604,2.255766808468414,-0.2706440312877282,-1.2545015088318028
Armenia,ARM,2016,0.5957890440246969,2.2613341700970397,-0.36508547682675413,-1.789588615120243
Armenia,ARM,2017,0.4881623596321516,1.9961052601986988,-0.5456489813060303,-2.635440727910802
Armenia,ARM,2018,0.47278258675073404,2.15493969172194,-0.6178480703251201,-2.8286133919097525
Armenia,ARM,2019,-0.06000061054927969,2.880854664110618,-1.038788461901757,-4.012376068723198
Armenia,ARM,2020,-0.003242067501015078,2.5338698195582,-1.1058517392753002,-3.6865679181599647
Armenia,ARM,2021,0.123673772618349,2.1928984141317027,-1.1750432164279574,-3.6888160271808785
Armenia,ARM,2022,0.19622610865030454,2.034839607423871,-1.1477458465347146,-3.7117987975498603
Armenia,ARM,2023,0.28104967249545953,2.004872804466133,-1.1524170942818766,-3.5918378583333457
Armenia,ARM,2024,0.39671615627227796,2.0154247916007435,-1.1493956658167095,-3.5904844789263914
Armenia,ARM,2025,0.39122437235220076,1.6265276621054972,-0.980092915904473,-3.5851909750618427
Azerbaijan,AZE,1990,2.4577541103221354,2.835653815897111,2.4299459990814953,6.5142716654913135
Azerbaijan,AZE,1991,2.4577541103221354,2.835653815897111,2.4299459990814953,6.5142716654913135
Azerbaijan,AZE,1992,4.549704953829259,3.1879142919922554,2.9788793163513168,6.5142716654913135
Azerbaijan,AZE,1993,-2.8926076023474527,2.9590468603002136,2.676002547705524,6.5142716654913135
Azerbaijan,AZE,1994,-4.136280961417286,3.002800032418798,3.4036661864109043,6.5142716654913135
Azerbaijan,AZE,1995,-2.9784436458340187,3.032294502269877,3.2890263824507002,5.780750557611558
Azerbaijan,AZE,1996,-1.763519572035213,3.046887048267088,3.2892038910217405,6.5142716654913135
Azerbaijan,AZE,1997,-1.090986197752402,3.0325969456531534,2.7303234176797524,6.5142716654913135
Azerbaijan,AZE,1998,-0.42168230731223766,3.059679617520577,2.732028672490341,6.5142716654913135
Azerbaijan,AZE,1999,-0.20690894314297592,3.097458751817352,2.7576114408223247,6.5142716654913135
Azerbaijan,AZE,2000,-0.03753870950403432,3.1185036667915065,2.7472631392433673,6.5142716654913135
Azerbaijan,AZE,2001,-0.46834208129068317,3.044400194619958,2.7072026826783273,6.5142716654913135
Azerbaijan,AZE,2002,-0.9239418044644221,3.0719571626482116,2.7162648546959507,6.5142716654913135
Azerbaijan,AZE,2003,-0.7170119730513385,3.106809657362,2.1698691890512585,6.5142716654913135
Azerbaijan,AZE,2004,-0.8942374237456324,3.1961663322309435,1.8459346941096761,5.831690875169817
Azerbaijan,AZE,2005,-0.6296649689224558,3.227212952062705,1.810199976126354,6.067713477925814
Azerbaijan,AZE,2006,-0.5924832428686071,3.25095838659721,1.8313508011508566,6.340085389599337
Azerbaijan,AZE,2007,-0.5139665944538158,3.2682970706364833,1.7487027994471638,6.5142716654913135
Azerbaijan,AZE,2008,-0.47701403347782223,3.239432447001398,1.7408238454664267,6.5142716654913135
Azerbaijan,AZE,2009,-0.14431233724691472,3.2577498479247513,1.8081798223603418,6.5142716654913135
Azerbaijan,AZE,2010,0.9710804330744602,3.1443133354158843,1.1841592191196024,4.663782823078835
Azerbaijan,AZE,2011,0.6731451976201905,3.326604572786797,2.2984709734183264,6.5142716654913135
Azerbaijan,AZE,2012,0.6882151177703646,3.241542398525038,2.2848270771517187,6.5142716654913135
Azerbaijan,AZE,2013,0.7464228511129838,3.1748457690069887,2.251706583771327,6.5142716654913135
Azerbaijan,AZE,2014,1.9897153070463995,2.701010412794669,2.2157186248643965,6.5142716654913135
Azerbaijan,AZE,2015,3.1240480602870875,2.6843177708957127,2.1664062943602644,6.5142716654913135
Azerbaijan,AZE,2016,4.1704350753627315,2.6687014931665756,2.1510320626330808,6.5142716654913135
Azerbaijan,AZE,2017,4.204470800457733,3.809788060904209,2.8375141073374484,6.5142716654913135
Azerbaijan,AZE,2018,4.5499583095576375,3.194758925621044,3.1062019750336325,6.5142716654913135
Azerbaijan,AZE,2019,4.6466168655255835,3.140865468715166,3.0726083027937996,6.5142716654913135
Azerbaijan,AZE,2020,4.651764745242901,3.040951201762792,2.9946575105409337,6.5142716654913135
Azerbaijan,AZE,2021,4.625597841738736,2.9246427088367883,2.749150661565479,6.5142716654913135
Azerbaijan,AZE,2022,4.5177619368062425,2.8170690227896396,2.580717595567507,6.5142716654913135
Azerbaijan,AZE,2023,4.527946523421517,2.665182051979574,2.4408569535641647,6.5142716654913135
Azerbaijan,AZE,2024,4.511096071086798,2.711506416932213,2.434040834929256,6.5142716654913135
Azerbaijan,AZE,2025,4.502277295920571,2.4390021708374796,2.3222702170795686,6.5142716654913135
Belarus,BLR,1990,1.3962120334179087,0.5996541341902921,2.5834440494684405,6.180999791305875
Belarus,BLR,1991,1.3962120334179087,0.5996541341902921,2.5834440494684405,6.180999791305875
Belarus,BLR,1992,2.169609538831812,0.6941607617403696,2.5933291652828214,6.365512150734456
Belarus,BLR,1993,0.19664038261643396,0.7176903249588982,2.5918517274428474,6.5142716654913135
Belarus,BLR,1994,-1.488465886392431,0.7004302540108881,2.512486968829313,6.5142716654913135
Belarus,BLR,1995,-5.1556378198458415,0.8703592990159463,2.7504135110947026,6.5142716654913135
Belarus,BLR,1996,-7.374146691811419,0.864452518185095,3.0794114379099997,6.5142716654913135
Belarus,BLR,1997,-6.911070999681074,0.8076565922368086,2.6243411468504307,6.5142716654913135
Belarus,BLR,1998,-5.199385471576876,0.829948359216358,2.647859471596967,6.5142716654913135
Belarus,BLR,1999,-4.179019871805126,0.8281294946438758,2.4636533237030185,6.4544203025647615
Belarus,BLR,2000,-3.4131461224247053,0.825999722771238,2.3653336661425017,5.431263137023615
Belarus,BLR,2001,-2.76790280538872,0.9165382871617641,2.241265129765962,4.818204445967103
Belarus,BLR,2002,-2.168944897320244,0.9191095208101787,2.1293923698602732,4.5030399521325455
Belarus,BLR,2003,-1.7151691929998454,0.9232792273599855,1.900146848912978,4.186832322397586
Belarus,BLR,2004,-1.4276004082603928,0.9116052844935085,1.828683247497342,3.805434027716082
Belarus,BLR,2005,-1.0930060470443477,0.9186924165884353,1.813979530040521,3.5875926580574165
Belarus,BLR,2006,-0.8699839776424464,0.9176271929396834,1.585755013691186,3.3272446344846855
Belarus,BLR,2007,-0.6743282951428764,0.8880303638294487,1.5768852865508811,2.9995528657414336
Belarus,BLR,2008,-0.5439057045906717,1.0103061699950873,1.546978795739267,2.609577012869951
Belarus,BLR,2009,-0.5341748183513978,1.00157832922929,1.5359225532902308,2.41578031655039
Belarus,BLR,2010,-0.5417930023935991,0.9986538535060039,1.5502479802536122,2.1468083590425837
Belarus,BLR,2011,-0.9570676006465927,1.064353100826777,1.589675088573283,1.7615390076424353
Belarus,BLR,2012,-1.1640990839452974,0.9584469371918558,1.585605792449973,1.6647737366479516
Belarus,BLR,2013,-1.3109817371058776,0.98005239608342,1.5971035514653478,1.5704404847873388
Belarus,BLR,2014,-1.5250467114041644,0.7868333691065021,1.615154277726639,1.47574278722273
Belarus,BLR,2015,-1.7217404560038678,0.7849389651580189,1.5836505868761126,1.3837691311805855
Belarus,BLR,2016,-1.780775305958659,0.6044500108959572,1.5759921984679859,1.2834049754704566
Belarus,BLR,2017,-1.871700406634068,0.6456261742550999,1.538600446043859,0.5276073006348909
Belarus,BLR,2018,-1.9085169416549002,0.5704299715238079,1.5134878786091959,0.33133198673841174
Belarus,BLR,2019,-1.9132331151441115,0.447207035319893,1.5112836278863386,0.21348533337896908
Belarus,BLR,2020,-1.923445985070466,0.3684682269086331,1.5278616382510943,0.17523907142454903
Belarus,BLR,2021,-1.4231830619559633,-0.7865719262889461,1.3618089740867845,0.15952568093069497
Belarus,BLR,2022,-1.1797665126592407,-0.5761490170023453,1.7468651988007329,0.1712559515847723
Belarus,BLR,2023,-1.1408770519326783,-0.4441635070750622,1.5840612793700735,0.4818933734024222
Belarus,BLR,2024,-1.1535844253206222,-0.11557061953682218,1.5983989489179447,0.3610196446485055
Belarus,BLR,2025,-1.1685346402958097,0.4348027294800625,1.4782872930668418,0.3972718634998364
Cameroon,CMR,1970,1.0298382672125257,0.39045180198572327,0.5225566643691355,0.831282985404753
Cameroon,CMR,1971,1.0298382672125257,0.39045180198572327,0.5225566643691355,0.831282985404753
Cameroon,CMR,1972,0.9618120300166844,0.793502382179407,0.5338968855270317,0.7706304061216103
Cameroon,CMR,1973,0.8342732035251308,0.22817788643378928,0.5805418472113206,1.394961883354867
Cameroon,CMR,1974,0.8314701186290213,0.21808978962904982,0.6297757729564497,1.398794825760913
Cameroon,CMR,1975,0.8544303263066892,0.23316929793293417,0.6242020124378451,1.3592295981987237
Cameroon,CMR,1976,0.9792140931004268,0.6427105737195574,0.6286320622158462,1.1587567941372656
Cameroon,CMR,1977,1.08845265895528,-0.17079147097863936,0.5231153983137156,1.108138280983473
Cameroon,CMR,1978,1.1974841165163013,-1.053841842362035,0.5068021000827935,0.9329237181271217
Cameroon,CMR,1979,1.3432884391233322,-1.996563650692297,0.5064549049607681,0.8897593908136834
Cameroon,CMR,1980,1.8401881972640959,-4.004225156800882,0.40775250550803926,0.8244924287016974
Cameroon,CMR,1981,1.8913005362632616,-1.69096631651104,0.46936198850193844,0.8438205627331565
Cameroon,CMR,1982,1.9108436837241434,-1.5335219852093063,0.46635922750184333,0.8490751103576446
Cameroon,CMR,1983,2.046251587973652,-0.178496281822029,0.46515592621294155,0.9201469272650578
Cameroon,CMR,1984,1.7536999106524591,1.0856771524212299,0.46013579088994416,0.9241200308066384
Cameroon,CMR,1985,1.1197067378697985,0.7263232766301777,0.5133614184242566,1.6079420037586787
Cameroon,CMR,1986,0.7574196434204792,0.73490509127196,0.470923318299876,1.5935133266544694
Cameroon,CMR,1987,0.7176868194378967,0.9753298704247557,0.46371214876474603,1.5255989509030137
Cameroon,CMR,1988,0.8507425603424632,1.5468468766627936,0.46451119487683434,1.2802776698676872
Cameroon,CMR,1989,1.0944250068462016,1.769734965587696,0.47476280842608576,1.145932521789796
Cameroon,CMR,1990,2.0027790359729236,6.627249866498033,0.4165827293493393,0.9408702311345795
Cameroon,CMR,1991,1.4293603077070705,1.599651605551236,0.8497213066822185,1.2449541096572667
Cameroon,CMR,1992,1.886046057668105,4.131508996314233,0.8552932028366854,0.8070684476849372
Cameroon,CMR,1993,1.3984366529901515,2.301279965402448,0.934151707328388,0.6959183293689444
Cameroon,CMR,1994,1.135172150175809,1.2864594895919832,0.8477549507234321,0.703234709652121
Cameroon,CMR,1995,0.9720617514688313,0.7837538356113927,0.8212170468412707,0.6589268379885218
Cameroon,CMR,1996,0.8681709930048481,0.44704385241206607,0.7768084216660178,0.6252695588248989
Cameroon,CMR,1997,0.8076616857093988,0.7079779329389869,0.6326372975832645,0.6210595440867439
Cameroon,CMR,1998,0.7656600200808772,1.1205082199060994,0.6480915088022792,0.6947216956636177
Cameroon,CMR,1999,0.8102962767784853,1.7922197306075467,0.6096292484480925,0.7084837874594216
Cameroon,CMR,2000,0.81819660067826,2.438826900946596,0.6104732558815269,0.6616502581285529
Cameroon,CMR,2001,0.6696984594975319,2.077387927900099,0.7437423394090414,0.6087965881157948
Cameroon,CMR,2002,0.5491506171059215,1.552249519454945,0.742501194860435,0.6069876084752106
Cameroon,CMR,2003,0.531777291965036,1.0319830114432966,0.7405001323199121,0.6049407828485397
Cameroon,CMR,2004,0.5436286001528059,0.5902588056014018,0.7373013873290574,0.5961837482495786
Cameroon,CMR,2005,0.5579505956003971,0.17279244421887574,0.7436965104979293,0.6366920036299143
Cameroon,CMR,2006,0.6650174936559501,-0.07444344693555455,0.638724711976913,0.6367548857014917
Cameroon,CMR,2007,0.7709494725515325,-0.21822079236998143,0.6308195664954959,0.6350102544697309
Cameroon,CMR,2008,0.8964238856993102,0.042943089181272875,0.6510811930852193,0.5913129816295607
Cameroon,CMR,2009,1.0050796119943415,0.45847646984679363,0.6281302422815123,0.6159675200999521
Cameroon,CMR,2010,1.1254557492373864,0.7779270104855419,0.6297721157558067,0.6127676502265847
Cameroon,CMR,2011,1.3784952638891697,1.3173643718045676,0.6659626920779464,0.5788507178208883
Cameroon,CMR,2012,1.63454154324499,1.5861026764769055,0.6752052050924615,0.5974323922463938
Cameroon,CMR,2013,1.8960882720647088,1.5206284747655854,0.6991937301614675,0.625892650434626
Cameroon,CMR,2014,2.2477718723350284,1.2694871849967708,0.6768128816906902,0.6232216733382542
Cameroon,CMR,2015,2.687239597062323,0.9956675934546555,0.6508567379943397,0.6175279908657341
Cameroon,CMR,2016,3.1518567192104965,1.0208431872253394,0.6531230016620301,0.6270658611425437
Cameroon,CMR,2017,3.236504454239147,0.04657269411241838,0.5692712346158719,0.8582342905100124
Cameroon,CMR,2018,3.2449292427332823,-1.1159578987667298,0.5576959895094811,0.7932256669591674
Cameroon,CMR,2019,3.2318460956099684,-0.8509945519705958,0.5867554498744113,0.8077277152719278
Cameroon,CMR,2020,3.226212513588689,-0.8707235165336962,0.5541988717579688,0.7696015859974974
Cameroon,CMR,2021,3.1513288031275066,-0.9179670980788063,0.4954816016048431,0.783051589496342
Cameroon,CMR,2022,3.1439909827537753,-0.8276926285148294,0.4271452879057913,0.836279801462792
Cameroon,CMR,2023,3.085800415260686,-0.8503323223901773,0.7349673511888474,0.6908942539994276
Cameroon,CMR,2024,3.1127943935033415,-0.8726407716123858,0.7293004459982411,0.7568982369165753
Cameroon,CMR,2025,3.107358718711849,-0.9631577799870896,0.6096983981754821,0.7558839043437752
Chad,TCD,1970,0.4489605393222289,-0.1029914258444321,2.7178558010879055,-0.5142600404962084
Chad,TCD,1971,0.4489605393222289,-0.1029914258444321,2.7178558010879055,-0.5142600404962084
Chad,TCD,1972,0.8608547493918175,0.09140546172621392,2.6907725722436773,-0.4921270274932511
Chad,TCD,1973,0.8887929879858047,0.377090411953086,2.630192030319148,-0.4395727050410926
Chad,TCD,1974,0.6928790030143341,0.06668521686754694,2.388120055596281,-0.409046790302888
Chad,TCD,1975,0.5326527116121968,-0.30871915041682035,2.1653703525572947,-0.3741439789226428
Chad,TCD,1976,0.27503394843295814,-0.0644448748299086,1.2642675989746859,-0.05843746597898403
Chad,TCD,1977,0.08508381155477193,0.04535768784773616,0.6908024893418463,-0.049359810278742255
Chad,TCD,1978,-0.10452815796436946,0.24170088945782903,0.9506295632745128,-0.1743756694171723
Chad,TCD,1979,-0.1871206992135583,0.603576197344426,1.2573858562054552,-0.4519373135709574
Chad,TCD,1980,-0.7629139434056869,-1.8597013146861603,1.1779629539696213,-0.9243947800156388
Chad,TCD,1981,-0.5800366420768989,-0.7527246401676462,1.3355780550340546,-0.9205663908827579
Chad,TCD,1982,-0.42381980240046746,0.05166894040598854,1.489336796651127,-0.850491621815191
Chad,TCD,1983,-0.2136749216411929,0.05140975811868381,1.6600470988134766,-0.8118370280382067
Chad,TCD,1984,0.03823472638200126,0.061012519354263266,1.8518649232463278,-0.7567383815848108
Chad,TCD,1985,0.05487289185294241,0.22414459722617974,1.9945905955421197,-0.7104930936607786
Chad,TCD,1986,0.014090248213556561,0.42271063809379433,2.135532046681566,-0.6249122021100821
Chad,TCD,1987,0.14336400968981988,0.5433318965938392,2.2964772229578223,-0.5311035504437607
Chad,TCD,1988,0.2185637416729948,1.222646340562602,2.491102173264783,-0.40430575002647706
Chad,TCD,1989,0.3965854056270373,2.8275859272500687,2.6778808976515824,-0.27893901122851106
Chad,TCD,1990,2.3855916157941404,8.05638860016951,3.004165579484659,0.8762113398079637
Chad,TCD,1991,3.566485660759954,4.49298491058241,3.731475955546957,1.5232915323104934
Chad,TCD,1992,1.3411285837477378,2.422742442687988,3.721115654563813,1.2680641739987846
Chad,TCD,1993,1.0054600464613055,2.279277752252525,3.8993067899118907,0.9513990923342768
Chad,TCD,1994,1.098371830896142,2.365548115639663,4.211443223917338,0.9558555706824864
Chad,TCD,1995,1.4810335461875666,3.688880276997496,4.3741019909097165,0.7117105897245117
Chad,TCD,1996,1.8398119334951932,5.0578755399070845,4.53976214574738,0.4430084155583908
Chad,TCD,1997,1.5721591585048709,3.529552150318119,5.308821898119329,0.46079732499482445
Chad,TCD,1998,1.2544877494512248,2.1423918389706027,5.308821898119329,0.3675228565247187
Chad,TCD,1999,1.1259085492864043,0.7620981720276527,5.019059562506495,0.3821939966138278
Chad,TCD,2000,1.2174516235571662,-0.6085958202894688,4.773057094836599,0.346532482908125
Chad,TCD,2001,0.894505178663999,-0.7197517800435633,4.35597892192461,0.3072529373522497
Chad,TCD,2002,0.5751301197102463,-0.4832071004446845,4.180403519345582,0.3233556525125867
Chad,TCD,2003,0.5257390602987682,-0.2572960157289032,3.7386563978294127,0.32210484362819325
Chad,TCD,2004,0.5336283164912153,-0.1342276527146512,3.5833906799458988,0.30724379372535526
Chad,TCD,2005,0.3969015092785464,0.07592757624434548,3.405427798583239,0.3117851115150384
Chad,TCD,2006,0.5273887583042315,0.4375789950950116,2.8680835476268207,0.26059429023881947
Chad,TCD,2007,0.6469839203538061,1.0468170319573775,2.791202804002792,0.3371047882295912
Chad,TCD,2008,0.7181758215892061,1.0977808779138118,2.720252678441701,0.28773843394837856
Chad,TCD,2009,0.8259545585747143,1.1619644979390915,2.6414025262576755,0.32177842859632083
Chad,TCD,2010,0.8970527280153215,1.2371722806077572,2.6301969368619385,0.34008276236784574
Chad,TCD,2011,0.7058623429088546,0.9410956760071452,2.3847077943438943,0.5337254984770134
Chad,TCD,2012,0.5384421151307577,0.5430023949719296,2.427439794661128,0.5661586546134071
Chad,TCD,2013,0.3815950160549112,0.001737532646857387,2.4479395341616157,0.6355280276988602
Chad,TCD,2014,0.28429576996060685,0.12348096021609528,2.4585816722726834,0.661823489383209
Chad,TCD,2015,0.11487883746089357,0.2685490361029732,2.4331385233669,0.724098625791242
Chad,TCD,2016,-0.06490943110411568,0.05629449302762074,2.4514142178738174,0.7651674127942198
Chad,TCD,2017,0.02487241578448035,0.285356333403853,2.373277274066126,0.7902237403507376
Chad,TCD,2018,0.1109707792867335,-0.5164333755121124,2.2577308267307687,0.9115606357326379
Chad,TCD,2019,0.2188791023055554,-0.6712866721073649,2.273011758895837,1.2377101612934158
Chad,TCD,2020,0.22063584753212845,-0.7027023177994247,2.322591126576112,1.2113094579577615
Chad,TCD,2021,0.20777922752829311,-0.7224147179695267,2.2202924612519794,1.223965596240412
Chad,TCD,2022,0.19727124679166053,-0.7894773718666568,5.308821898119329,1.4003809718625722
Chad,TCD,2023,0.25266543489409654,-0.6848156321508994,5.308821898119329,1.2343486854481767
Chad,TCD,2024,0.22945780915769026,-0.6717597699534014,5.308821898119329,1.4581469109848277
Chad,TCD,2025,0.22655714946596064,-0.9043167756984741,5.308821898119329,1.2987611775869488
Democratic Republic of the Congo,COD,1970,0.9906710460783947,-0.13410700060197905,-0.8195068725106947,0.3151511352758305
Democratic Republic of the Congo,COD,1971,0.9906710460783947,-0.13410700060197905,-0.8195068725106947,0.3151511352758305
Democratic Republic of the Congo,COD,1972,0.9808712705716554,-0.11472999198669387,-0.8208497138308027,0.15362572412371894
Democratic Republic of the Congo,COD,1973,0.9753588873021011,-0.14652657898057603,-0.8145959876118004,0.13241480724584614
Democratic Republic of the Congo,COD,1974,0.9704489934332479,-0.2085829687565302,-0.781225723047535,0.17873043902234037
Democratic Republic of the Congo,COD,1975,0.9805379975816322,-0.22282716040449696,-0.802528827856977,0.2040703833104886
Democratic Republic of the Congo,COD,1976,0.9714537656973252,-0.4104764887043688,-0.806894444311875,0.13383783751864098
Democratic Republic of the Congo,COD,1977,0.977967472358852,-0.33231744114024897,-0.6061408579547638,0.15746558391715249
Democratic Republic of the Congo,COD,1978,0.9942684850781924,-0.2533585689146343,-0.5827356132344643,0.17528965707142125
Democratic Republic of the Congo,COD,1979,1.0110221510619475,-0.19068646158098246,-0.48527614820552434,0.0009509846997799807
Democratic Republic of the Congo,COD,1980,0.9794297009762426,-0.14149855613279844,-0.3776250787884249,0.10862872347309488
Democratic Republic of the Congo,COD,1981,0.9457821239810889,-0.06358214054744135,-0.3535566383544263,0.1797230221537997
Democratic Republic of the Congo,COD,1982,0.9714995954423717,0.03948405604450468,-0.35773559519052645,0.24568120104275032
Democratic Republic of the Congo,COD,1983,0.9999481321938506,0.14736958657348515,-0.36404952804024227,0.3357693649615872
Democratic Republic of the Congo,COD,1984,1.0230731840570308,0.2621036526444843,-0.4064752577342503,0.40393822207271535
Democratic Republic of the Congo,COD,1985,1.015004531396757,0.3783748526251267,-0.41482105011835085,0.8244552213126939
Democratic Republic of the Congo,COD,1986,0.9921572012812913,0.524148063051819,-0.4235986959889914,1.0030598684424918
Democratic Republic of the Congo,COD,1987,0.9961653342385279,0.7307218910404781,-0.4223878548117486,1.015461522531045
Democratic Republic of the Congo,COD,1988,1.0466620799584825,0.985599338867117,-0.4152692569078019,1.8712227956396132
Democratic Republic of the Congo,COD,1989,1.1246210533441867,1.3555663294601792,-0.4082646702160697,1.6955677899132624
Democratic Republic of the Congo,COD,1990,1.2171539240693077,1.8263424316255736,-0.4052093111380485,1.478759384928015
Democratic Republic of the Congo,COD,1991,1.615235813377484,2.092717695884507,-0.9463663581609651,2.644331978425771
Democratic Republic of the Congo,COD,1992,1.572968053751476,1.811832529289811,-0.9533641541549431,2.0525481539346573
Democratic Republic of the Congo,COD,1993,1.579253871538546,1.565600128094486,-1.310994153551747,2.006342714860157
Democratic Republic of the Congo,COD,1994,1.6192453832937124,1.4551413325197324,-1.5736293139828719,1.9528010918983267
Democratic Republic of the Congo,COD,1995,1.6780672730328798,1.374911980615672,-1.5306168148592434,1.6102393096680185
Democratic Republic of the Congo,COD,1996,1.7421511558313103,1.3051118958700427,-1.4520961823618745,1.3069790376651127
Democratic Republic of the Congo,COD,1997,1.8118551569211134,1.1525056690608917,-1.2360735304389951,1.2899452827383495
Democratic Republic of the Congo,COD,1998,1.9512005824407337,1.0034987000004616,-1.4774645829549822,1.2912677197866094
Democratic Republic of the Congo,COD,1999,2.2003352407635366,0.8874704447687717,-1.4495075642175406,1.2972134428243531
Democratic Republic of the Congo,COD,2000,2.217546611318845,0.6989634765061827,-1.4582202666228172,1.1201401351475455
Democratic Republic of the Congo,COD,2001,2.233484510274276,0.5606103820396909,-1.3951642318765798,0.8928233883713608
Democratic Republic of the Congo,COD,2002,2.2450227374281013,0.5057073566361555,-1.3976847301338475,0.8911823280176367
Democratic Republic of the Congo,COD,2003,2.236876449182821,0.4443336671235407,-1.3109100922174477,0.8858058591676536
Democratic Republic of the Congo,COD,2004,2.2411292037093724,0.3663128219563159,-1.3246422125091266,0.6963533922971791
Democratic Republic of the Congo,COD,2005,2.2177829639502593,0.28113488424342953,-1.2728839733194397,0.6443313511717885
Democratic Republic of the Congo,COD,2006,2.186713720981979,0.20172616113011654,-1.1430154571711255,0.6371619412364496
Democratic Republic of the Congo,COD,2007,2.222436702602615,0.25723852440276057,-0.4956803482396632,0.9012644774928322
Democratic Republic of the Congo,COD,2008,2.18237472057678,0.20026787402572382,-0.4407905749731158,0.7520058654393443
Democratic Republic of the Congo,COD,2009,2.1373025914979897,0.13870934245923794,-0.4304539749662467,0.7610474632859622
Democratic Republic of the Congo,COD,2010,2.1021703164560748,0.07906668284662033,-0.42555019596102517,0.7480690504863523
Democratic Republic of the Congo,COD,2011,2.0560215052007114,0.017038209218309897,-0.386811021594617,0.7075184674265411
Democratic Republic of the Congo,COD,2012,1.9852994593481121,-0.05721824259324115,-0.3767177948690209,0.7346769606045966
Democratic Republic of the Congo,COD,2013,1.9644224176197558,-0.15078958492200345,-0.35401695481266465,0.7776103708321249
Democratic Republic of the Congo,COD,2014,1.9000987234941975,-0.3260300512822605,-0.3543074798080913,0.8060300371025007
Democratic Republic of the Congo,COD,2015,1.8797224349878845,-0.3791630658910876,-0.3453321433552329,0.8401032542721121
Democratic Republic of the Congo,COD,2016,1.8781134478465549,-0.4469769390289653,-0.334701142161898,0.8621964821641517
Democratic Republic of the Congo,COD,2017,1.8408228499234682,-0.6605321650690491,-0.07775443346041495,1.107935923638768
Democratic Republic of the Congo,COD,2018,1.8555944473147932,-0.7772765039411633,-0.07285559194506352,0.9548005004135878
Democratic Republic of the Congo,COD,2019,1.8555681596451699,-0.9317026761309484,-0.06451405811715825,0.9849221780067472
Democratic Republic of the Congo,COD,2020,1.9813397724595978,-1.1000351428050827,-0.0966656176968072,1.1810933843837632
Democratic Republic of the Congo,COD,2021,1.8639098471430389,-0.9426415140381599,-0.034583969673467635,1.1954531145398162
Democratic Republic of the Congo,COD,2022,1.7885175057238152,-1.0046261948964053,-0.25369517493385235,1.186143000849356
Democratic Republic of the Congo,COD,2023,1.761973180223753,-1.0051939330890742,-0.218684975385304,1.1534272343353134
Democratic Republic of the Congo,COD,2024,1.8153112314382889,-0.9231617512395776,-0.4618164664551223,1.1080275994150397
Democratic Republic of the Congo,COD,2025,1.8158737203749578,-0.8325039197170638,-0.640982677470242,1.018814070312199
Djibouti,DJI,1970,0.7213776120826261,0.287416189192526,1.2349479000883898,1.8181702639357389
Djibouti,DJI,1971,0.7213776120826261,0.287416189192526,1.2349479000883898,1.8181702639357389
Djibouti,DJI,1972,0.702781731704071,0.2871183927471157,1.2358365046128807,1.7473932705994604
Djibouti,DJI,1973,0.662901927840253,0.2893136987639764,1.22738435558386,1.6938719788382344
Djibouti,DJI,1974,0.6477580508802998,0.28948555381786367,1.245873725822205,1.6620078418873663
Djibouti,DJI,1975,0.6263884857402441,0.28266520634319575,1.2548186799430607,1.545124992779087
Djibouti,DJI,1976,0.6135194664311858,0.22190000121699965,1.2514256166671964,1.5155626071880008
Djibouti,DJI,1977,0.6134413105918298,0.21541731392799288,1.2217057239392577,1.5112113117375163
Djibouti,DJI,1978,0.6140325094655875,0.22561471786565607,1.4794760796488915,2.922627214699724
Djibouti,DJI,1979,0.5561405449506933,0.2643414761388372,2.187103346660148,2.7423532853394237
Djibouti,DJI,1980,0.38583231661353223,0.26054348620139767,1.580766300733162,2.286249605975481
Djibouti,DJI,1981,0.2864949724068342,0.2844341827907726,1.5233597926937932,2.216302816778515
Djibouti,DJI,1982,0.25568474790436546,0.1703911750665543,1.5623652912748205,2.2661054183110965
Djibouti,DJI,1983,0.22861830036101427,0.18625950294555535,1.5171151895864328,2.2269239751777508
Djibouti,DJI,1984,0.20119797723483296,0.18785684742353748,1.4564837078986943,2.176349242584216
Djibouti,DJI,1985,0.1775136064977137,0.18898209916912817,1.4130161381436022,2.0187287593898176
Djibouti,DJI,1986,0.1574826590689004,0.19168136431064095,1.3445346216711915,1.9605697206391919
Djibouti,DJI,1987,0.16058068424080987,0.18237336778635838,1.2553299890328862,1.9028609646698569
Djibouti,DJI,1988,0.14346005284957145,0.21869318818723968,1.233785237273182,1.7974690106526903
Djibouti,DJI,1989,0.13595793462822103,0.1748826779804047,1.1508509932171924,1.730299825874418
Djibouti,DJI,1990,0.14158074048842137,0.18348807011144747,1.0924492237299444,1.589433431060033
Djibouti,DJI,1991,0.36465377141655514,0.20783336246588974,0.9639131563567169,1.4347663287304475
Djibouti,DJI,1992,1.2957871311034705,0.24537174495697653,0.9464179847975547,1.3075330173615358
Djibouti,DJI,1993,1.1436238557083989,0.34464921114619174,1.0555913067121558,2.0740592366002693
Djibouti,DJI,1994,1.0123972364495744,0.3573809733318253,1.0963969504911595,2.032920614251727
Djibouti,DJI,1995,0.961898462943164,0.35102093501119747,1.0314300235208158,1.7421889410186686
Djibouti,DJI,1996,0.9016026318176422,0.35362466369671053,0.9631364014682091,1.5356803098157141
Djibouti,DJI,1997,0.8535671464027991,0.3493747238485321,0.8110390928540772,1.5119595435036013
Djibouti,DJI,1998,0.8087409510888088,0.35211892774729053,0.8080211009609717,1.4663779535113721
Djibouti,DJI,1999,0.7681782430408585,0.35375080402074,0.7875621003503885,1.448254538506586
Djibouti,DJI,2000,0.7274827054356996,0.36429355645518346,0.781436583287012,1.3851135201264375
Djibouti,DJI,2001,0.7255953463148093,0.43274684419721965,0.7697777598479798,1.2652896394437358
Djibouti,DJI,2002,0.7280023751946938,0.43119229103068074,0.7723727317803839,1.253980475783595
Djibouti,DJI,2003,0.6406105301719854,0.4443749989398228,0.8442823146494858,1.2404709751478546
Djibouti,DJI,2004,0.5841946242661716,0.43835405466164834,0.8131911742238636,1.172804337591364
Djibouti,DJI,2005,0.5340560754084991,0.43294196982126376,0.7928934262826548,1.137262669114521
Djibouti,DJI,2006,0.4982986078278062,0.44287065388988694,0.7799956896628116,1.1289125000826723
Djibouti,DJI,2007,0.4594947106556796,0.433816050400452,0.8168842106528883,1.2137567014593382
Djibouti,DJI,2008,0.4183038879131368,0.41735442946394213,0.8131957592759221,1.10905282820961
Djibouti,DJI,2009,0.37980278045568716,0.41238449262447946,0.808602479802336,1.0704614639875318
Djibouti,DJI,2010,0.3439833116309242,0.40794655583586537,0.8069725049375589,1.0026902662536368
Djibouti,DJI,2011,0.315461335817422,0.40295201753353005,0.7663176120653817,0.7933358002541289
Djibouti,DJI,2012,0.267987387930121,0.4388121363886325,0.779651421408365,0.7965853979070966
Djibouti,DJI,2013,0.21148833913214432,0.47267645933656827,0.8050628223213461,0.8126365485156437
Djibouti,DJI,2014,0.1661446980343617,0.409287319391078,0.8020456455951033,0.7991605376279841
Djibouti,DJI,2015,0.14179663698886547,0.40345706658319636,0.7803276572255506,0.7901083687388968
Djibouti,DJI,2016,0.11726287437219213,0.4018647402483322,0.7830682454902056,0.7845638228298034
Djibouti,DJI,2017,0.09001553877306923,0.2722302200595228,0.7330170764073625,0.8651317086249051
Djibouti,DJI,2018,0.07128205137250448,0.35033486985598666,0.7030319272843608,0.8456463169942763
Djibouti,DJI,2019,0.06604106659459147,0.2592838432667878,0.7288518506511708,0.761211194296067
Djibouti,DJI,2020,0.06845659274183971,0.18859423017643903,0.7102200268831015,0.7723268005348857
Djibouti,DJI,2021,0.04546111156026387,0.13975306709485322,0.7193837536175406,0.7801098558699036
Djibouti,DJI,2022,0.03507048156990148,0.17575003954612234,0.4423176813841021,0.8243955412404336
Djibouti,DJI,2023,0.04165226623610168,0.20976558484858324,0.4686454408235259,0.7587954757626623
Djibouti,DJI,2024,0.0497780702084086,0.23384867945893384,0.4616057490823055,0.7659674566542178
Djibouti,DJI,2025,0.05097066056683664,0.27869365437976445,0.3334356268901176,0.7818521882161138
Gabon,GAB,1970,0.22000914826834,0.7209038653229557,0.5443846671990142,-0.5868823935247466
Gabon,GAB,1971,0.22000914826834,0.7209038653229557,0.5443846671990142,-0.5868823935247466
Gabon,GAB,1972,0.17333024011414633,0.39264411456620896,0.5432088819199907,-0.6880810594425901
Gabon,GAB,1973,0.10817900912609747,-0.18457790004330876,0.5440015701105797,-2.223115201645262
Gabon,GAB,1974,0.20460472579572672,0.6392579921085464,0.6261891917774747,-3.674742461352259
Gabon,GAB,1975,0.29796444468061944,0.9339748653718136,0.6826920984714897,-5.4227406392895245
Gabon,GAB,1976,0.30385012205376527,0.6983658477191452,0.6855020074959746,-2.709657242046525
Gabon,GAB,1977,0.290726677210862,1.0612673524541103,0.6386622414802647,-0.6963494489595954
Gabon,GAB,1978,0.27993639856150687,1.726769047523901,0.6327552792720158,-1.171236886591584
Gabon,GAB,1979,0.2897414986256446,2.4091578088575614,0.5459222323327597,-1.2776037831787983
Gabon,GAB,1980,0.00736933722524874,2.9424597728865356,0.5254419443745989,-1.7448381020289607
Gabon,GAB,1981,0.058394326227829266,2.632374761433835,0.5494769170035506,-1.3184113198296892
Gabon,GAB,1982,0.10773506826001396,1.9432623089901822,0.5481842998317316,-0.840934066799071
Gabon,GAB,1983,0.1570090590791429,1.5118547418182477,0.558447515238934,-0.47320408717662943
Gabon,GAB,1984,0.14996784469940658,1.0512977646579342,0.5986907021615684,-0.04382789578294771
Gabon,GAB,1985,0.13616672056083778,0.6791538127613224,0.6099408478277111,0.5173361653950884
Gabon,GAB,1986,0.24361047251464085,0.908518008156475,0.6458667503026961,0.6408472276764141
Gabon,GAB,1987,0.2595732405639667,0.19008564214755763,0.6548218532146519,-0.7675006008906616
Gabon,GAB,1988,0.5033809787592216,0.6364542431918581,0.6649046939915355,-0.11182006031220729
Gabon,GAB,1989,1.180028261732994,2.1591147853237675,0.6774552867695566,-0.032258702890460844
Gabon,GAB,1990,2.830723719604094,5.914468138235295,0.6735695069711989,0.9463671169432998
Gabon,GAB,1991,3.3726588008320992,3.9754700300298063,0.6881162338371809,-0.815521655112953
Gabon,GAB,1992,1.4738691607150787,0.8495922145856256,0.7824103891208903,-1.5409857724011768
Gabon,GAB,1993,1.0338694552094778,1.5605004876072734,0.8206280887216009,-1.1967415838789395
Gabon,GAB,1994,0.659770781062912,0.7575312289377828,0.863806550847459,-0.002791488853123858
Gabon,GAB,1995,0.43530476808075713,0.28248242909794186,0.8350162417741228,6.5142716654913135
Gabon,GAB,1996,0.6091032907862037,0.5515329968730747,0.9346643672122195,4.178252231903865
Gabon,GAB,1997,0.6737823171390884,0.5275640172653465,0.8614504173723155,1.4793467616710776
Gabon,GAB,1998,0.6518625751981206,0.6216867707573503,0.8937813008310507,0.15320908599528674
Gabon,GAB,1999,0.6091496177132034,0.607599733940354,0.9241683698145918,-0.651093429782509
Gabon,GAB,2000,0.6906297429828288,0.8652104560301437,0.9618188310839159,0.13297264838697506
Gabon,GAB,2001,0.7659412486398569,0.7231255680311044,0.8847748322781661,0.8132036529071821
Gabon,GAB,2002,0.7027563823905216,0.46951935323800503,0.9220571826451406,1.1558440064754836
Gabon,GAB,2003,0.6670692518402475,0.2200756735323117,0.8267094623383258,2.343857159446207
Gabon,GAB,2004,0.7048842131038178,0.02307516435084178,0.8437489757590868,1.0960008501034095
Gabon,GAB,2005,0.7902263062244647,-0.19037754392676415,0.8482219116654401,1.521467473237888
Gabon,GAB,2006,0.9693623363444559,-0.39249354169552175,0.8872098704039391,1.8808522881974168
Gabon,GAB,2007,1.1583985589789354,-0.8950667360312388,0.8668685915584453,0.12293059838682022
Gabon,GAB,2008,1.3885905306575834,-1.474815338408765,0.8584508192771817,0.04147329498151772
Gabon,GAB,2009,1.608078744033542,-2.0139680967952347,0.8169645486684248,0.6762850672999755
Gabon,GAB,2010,1.561761120739713,-1.1865167985826939,0.8449520088166552,2.261445483117905
Gabon,GAB,2011,0.8082209311939694,0.01985961783247714,0.8052916267106245,2.3941174427172314
Gabon,GAB,2012,0.23230431381853386,1.2282490328257214,0.8108776231471362,2.730866925717341
Gabon,GAB,2013,-0.3318453656633727,2.302013005367751,0.8424109958493313,2.4528379777125133
Gabon,GAB,2014,-0.483626501251614,1.2158882024023874,0.8875995969732435,1.8466975462975062
Gabon,GAB,2015,-0.6563991709181054,0.1598736656931236,0.8881420519517239,1.0810129871975636
Gabon,GAB,2016,-0.8421750819542744,-1.2630217765558713,0.905469561735422,0.3523157462039792
Gabon,GAB,2017,-0.571870079680053,2.5584350531861535,0.7324111909219924,-3.694374104166165
Gabon,GAB,2018,-0.29453010594467066,6.784590998568553,0.7750900469187603,0.1725304512212703
Gabon,GAB,2019,-0.3003248839714195,6.635084811113609,0.8006642979957759,-0.30927488829032085
Gabon,GAB,2020,-0.3073270606964839,6.661234749659317,0.7941669316304054,-0.3055042552939319
Gabon,GAB,2021,-0.30414332009351214,6.769058898589791,0.7231346319858796,-0.30936848493406266
Gabon,GAB,2022,-0.330807680194381,6.750961666405528,0.7321979467713201,-0.31582189004310035
Gabon,GAB,2023,-0.33986011385132464,6.73617942040207,0.7639177382608098,-0.3102280418707635
Gabon,GAB,2024,-0.36152321670785603,6.597055170317181,0.3483605633339004,-0.28646294683879814
Gabon,GAB,2025,-0.34649841444802754,7.187604457590623,0.02043431011044977,-0.23864938129805907
The Gambia,GMB,1970,-0.4413079860024377,-0.350584678379405,0.4841459864842507,0.315316444292175
The Gambia,GMB,1971,-0.4413079860024377,-0.350584678379405,0.4841459864842507,0.315316444292175
The Gambia,GMB,1972,-0.4562478172777644,-0.35743484489979804,0.49032268517620076,0.04162133961757486
The Gambia,GMB,1973,-0.4481853036377431,-0.3833339547346805,0.5074283125202516,0.05311140677849971
The Gambia,GMB,1974,-0.4367564555694914,-0.3736113905528742,0.45632578121430306,0.06215840341754364
The Gambia,GMB,1975,-0.4357295265848469,-0.3717382654776509,0.45009187969752285,0.09420920554245718
The Gambia,GMB,1976,-0.43328798633435367,-0.318735179845015,0.45025369213306365,0.11832215261902433
The Gambia,GMB,1977,-0.4331911509842573,-0.3315649346095315,0.46977759787637224,0.15208989900016295
The Gambia,GMB,1978,-0.436720762478355,-0.3416847703307526,0.5252952955106841,0.17063063996679168
The Gambia,GMB,1979,-0.4295937313144811,-0.33157794361922005,0.767090410081616,0.18784091698642297
The Gambia,GMB,1980,-0.40437913309068185,-0.3313381562547413,0.6263737939177567,0.19982669516509777
The Gambia,GMB,1981,-0.3423951668286589,-0.3438544727453272,0.6104020664688571,0.22445352550732983
The Gambia,GMB,1982,-0.3317898881302263,-0.333564363193795,0.5609396268120429,0.256332338704639
The Gambia,GMB,1983,-0.3354345233251693,-0.3845135925099147,0.6010283925845763,0.11069174003892415
The Gambia,GMB,1984,-0.3234476288297171,-0.3886225476781351,0.5845101032995077,0.1587696677540207
The Gambia,GMB,1985,-0.3094498703220865,-0.38553002005825576,0.5882284281109783,0.21152208503363754
The Gambia,GMB,1986,-0.2591995999586071,-0.36365839851499177,0.5847374023420682,0.2574558004858197
The Gambia,GMB,1987,-0.24018689298672705,-0.342824726704018,0.5697865720266877,0.3003580781238895
The Gambia,GMB,1988,-0.2134430050363869,-0.2964089650189473,0.58488533953519,0.4594394397414775
The Gambia,GMB,1989,-0.23324832890402108,-0.37152666008358914,0.5344443689809143,0.5750662678496211
The Gambia,GMB,1990,-0.21481248718208681,-0.36313909164732217,0.5095303945354768,0.6265224750363414
The Gambia,GMB,1991,-0.17032442709241502,-0.27746875366031404,0.44586431059575937,0.6145003483588449
The Gambia,GMB,1992,-0.16931753796697901,-0.2467442274315501,0.45641979408107247,0.6234339482431788
The Gambia,GMB,1993,-0.17648971520373996,-0.22907196251204254,0.5010706220448217,0.7814130394514043
The Gambia,GMB,1994,-0.1948696202122162,-0.26813031835249546,0.3909304028719124,0.8380136009964751
The Gambia,GMB,1995,-0.3289579519891767,-0.46335984856888585,-0.6082024099626049,2.069781308231188
The Gambia,GMB,1996,-0.35943780353860666,-0.5193238048321064,-0.6331848452030464,1.9385887513334836
The Gambia,GMB,1997,-0.3562566725286005,-0.5091560976590253,0.8582499746283998,2.139467706701978
The Gambia,GMB,1998,-0.3561939471158835,-0.5067175870920205,0.9277158657379163,2.0547229367576403
The Gambia,GMB,1999,-0.3525455877474688,-0.5046830299420788,0.8707437366176896,2.0225091035371885
The Gambia,GMB,2000,-0.3523906748494294,-0.5015673601623267,0.8635907539944871,1.7628141869129408
The Gambia,GMB,2001,-0.35213339387275955,-0.4865878818967694,0.8333459591673711,1.6016900649959265
The Gambia,GMB,2002,-0.3532392107926712,-0.48834839194253366,0.8318755488195235,1.5805037400675723
The Gambia,GMB,2003,-0.35116670266176553,-0.48508233834370657,0.7840561982278206,1.5434977420114748
The Gambia,GMB,2004,-0.353166628510607,-0.48139038822331437,0.7848486787160464,1.4674922167644509
The Gambia,GMB,2005,-0.35512988532084494,-0.4756038108509113,0.782308069746397,1.4254181445103933
The Gambia,GMB,2006,-0.35611616978229255,-0.47143031715964334,0.7071219487755469,1.4157076415617351
The Gambia,GMB,2007,-0.36011577145302076,-0.4731768986607376,0.7146073369459186,1.357666580921056
The Gambia,GMB,2008,-0.3632483574172035,-0.4551616374224024,0.6932886414430948,1.2016764803178326
The Gambia,GMB,2009,-0.3631833821658391,-0.4522163345776662,0.6818353186342586,1.1745279003850397
The Gambia,GMB,2010,-0.36598727312891444,-0.44841511760093966,0.6760654233250158,1.13064229242321
The Gambia,GMB,2011,-0.3539799942530105,-0.4390420623805672,0.6349074252085437,1.0667828229142287
The Gambia,GMB,2012,-0.3436456817293806,-0.4218720754978079,0.6413968877652654,1.0844369822211029
The Gambia,GMB,2013,-0.3465742543502844,-0.39988064891810277,0.6472606117648905,1.1245497908589552
The Gambia,GMB,2014,-0.3107024116611357,-0.4656543242871404,0.6431553751384048,1.1158212517619928
The Gambia,GMB,2015,-0.309201678305259,-0.46076713559024074,0.6295921898147396,1.1176642402985366
The Gambia,GMB,2016,-0.31543264870023435,-0.47338615531131545,0.6316063001639207,1.1350281085260145
The Gambia,GMB,2017,-0.39121548732445843,-0.5738438459507013,0.6384417015953391,1.0070094463088997
The Gambia,GMB,2018,-1.1922164258935326,-0.7028848076111058,0.27137377744648034,1.4348581691526097
The Gambia,GMB,2019,-1.1607787536727272,-0.6902780318067143,0.278114175747454,1.2977428625255822
The Gambia,GMB,2020,-1.107178500274951,-0.5707263917728381,0.2826248342355352,1.176419513643534
The Gambia,GMB,2021,-0.9706790117721666,-0.37941150007997065,0.30988852379004145,1.1890093709249334
The Gambia,GMB,2022,-0.8571780542178908,-0.26266330241182945,0.10696718021907958,1.20778340192247
The Gambia,GMB,2023,-0.8112177607206077,-0.18360685993995995,0.16593842270498904,1.1390354242351153
The Gambia,GMB,2024,-0.7665440455177335,-0.16131307640064177,0.15483300637660047,1.1597451129394472
The Gambia,GMB,2025,-0.7473035306391529,-0.19649175978218372,0.18056508343036437,1.1781648111596474
Georgia,GEO,1990,1.5021178220426372,1.8185178740998007,1.6084443360505327,4.0056799725342955
Georgia,GEO,1991,1.5021178220426372,1.8185178740998007,1.6084443360505327,4.0056799725342955
Georgia,GEO,1992,1.9442886458956847,2.5104917192439773,2.1471135948661155,5.067846770973906
Georgia,GEO,1993,1.2791182644964747,2.507163443062453,1.7886519449871487,4.491638763368668
Georgia,GEO,1994,2.204281555488655,2.407255216327881,1.993772376447667,4.516393604553678
Georgia,GEO,1995,2.408587472584094,2.3589662250440573,1.9663816605215831,4.150729433838331
Georgia,GEO,1996,2.4473990442710316,2.319396653315265,2.274059675319471,4.720978445899368
Georgia,GEO,1997,1.89289109443872,2.268010402778389,1.7169857217794733,4.680197180641093
Georgia,GEO,1998,1.5739630214688698,2.247210613458124,1.7077862063114695,4.598820770628901
Georgia,GEO,1999,1.0070398296237466,2.224887072905082,1.6855437094219137,4.5703866671861
Georgia,GEO,2000,0.9675518159669723,2.199654426290979,1.685645877325694,4.258098204616267
Georgia,GEO,2001,1.0401044754972557,2.136011123063069,1.6091852517451992,4.188590116985161
Georgia,GEO,2002,0.766333136337782,2.1135113983012825,1.6027362500793034,4.189604774459578
Georgia,GEO,2003,1.2226340771688817,2.0968722342970176,1.5725544720441724,4.163273454505159
Georgia,GEO,2004,1.6538875900511427,2.023922694181528,1.9761040700666117,5.3098356812121885
Georgia,GEO,2005,0.6532163999917024,1.691603254896728,2.0789517671688085,5.060044311414421
Georgia,GEO,2006,0.013268843937501357,1.6407590001871273,1.8467163571557856,4.961113430348046
Georgia,GEO,2007,-0.6767919200882383,1.6086437596564904,1.7883330630566043,4.771630615552212
Georgia,GEO,2008,-1.421779223351464,1.5246645206549145,1.7768531408280004,4.398398554387438
Georgia,GEO,2009,-0.9603662989625749,1.4972567343911245,1.815094301717791,4.609062449145213
Georgia,GEO,2010,-0.6705949580092734,1.4615638771111832,1.8116070238893442,4.0532150601967105
Georgia,GEO,2011,-1.4825317839815113,1.4222967055663875,1.7379283235932197,3.71102311480855
Georgia,GEO,2012,-4.331838271768553,1.4023768856001313,1.7372323454950869,3.6464268862988147
Georgia,GEO,2013,-7.09253806723726,1.3623413625098126,1.7654972310192867,3.805074930891326
Georgia,GEO,2014,-5.578579407173036,1.0812226592883196,1.8125572794854514,3.646823549038457
Georgia,GEO,2015,-3.8740673660586826,1.066859528153259,1.7672953064259385,3.649671952095685
Georgia,GEO,2016,-1.855700933678507,1.02051450172467,1.7622952646952919,3.603505919329863
Georgia,GEO,2017,-1.885459976542606,1.1493676815182572,1.5916955231212366,2.5431440575098145
Georgia,GEO,2018,-1.9353981607768533,1.1358847801504095,1.616772602163657,2.5579765689410205
Georgia,GEO,2019,-1.7845397303860364,1.0018403598410281,1.631892715910379,2.3856458705750914
Georgia,GEO,2020,-1.781273573041825,0.9915775053537523,1.6339355453799276,2.566194722563394
Georgia,GEO,2021,-1.7490475666783085,1.0674408875359982,1.5204906902451143,2.5645536038467833
Georgia,GEO,2022,-1.7309477561329227,0.9718369607506088,1.2165751000838987,2.5454682438009315
Georgia,GEO,2023,-1.731252900452876,0.9430553304199953,1.217416448274363,2.3954776133573215
Georgia,GEO,2024,-1.6952124098608685,1.1112874077355026,1.2050101922387615,2.403509464944441
Georgia,GEO,2025,-1.7238702282090885,0.47089806876671086,1.2623420250029973,2.307848833544445
Guinea-Bissau,GNB,1970,0.6985024980555816,0.6921610516398581,-0.8466618020847898,2.1185217589363936
Guinea-Bissau,GNB,1971,0.6985024980555816,0.6921610516398581,-0.8466618020847898,2.1185217589363936
Guinea-Bissau,GNB,1972,0.6879601347384571,0.6925548149440176,-0.8000410408828843,2.0950588815939817
Guinea-Bissau,GNB,1973,0.7008561683927086,0.6889808826220101,-0.6654233764737778,2.2320796845767927
Guinea-Bissau,GNB,1974,0.6424699299771282,0.8466378586625942,0.15671488496133457,2.6330139201564635
Guinea-Bissau,GNB,1975,0.766000851617406,0.743202061224843,-1.3328089108859285,2.656360281669948
Guinea-Bissau,GNB,1976,0.7466574279515452,0.9281076766938079,-1.2446319556441017,2.4488365086682466
Guinea-Bissau,GNB,1977,0.7354166200012815,0.9287036925520382,-1.0257384569875352,2.24907561719421
Guinea-Bissau,GNB,1978,0.7253173955247495,0.9285820936785865,-0.9170285883039998,1.9717669086967473
Guinea-Bissau,GNB,1979,0.7125635432188965,0.9377989882656887,-0.7160916537601107,1.8914349632054333
Guinea-Bissau,GNB,1980,0.6845769977235887,0.9499469053312742,-0.46120344707372474,1.7289734538192087
Guinea-Bissau,GNB,1981,0.6435212795042118,0.7543875622329692,-0.7136365683626682,1.8433637650134085
Guinea-Bissau,GNB,1982,0.648359370615382,0.6961811920596058,-0.6138283238651334,1.681287629723724
Guinea-Bissau,GNB,1983,0.6456969979886169,0.7119909056907865,-0.5265395294037435,1.5701706152357509
Guinea-Bissau,GNB,1984,0.6325446188400449,0.7139251389865391,-0.4356883069892965,1.4002664581271578
Guinea-Bissau,GNB,1985,0.6148536809382834,0.7376187107024266,-0.3161902408679124,1.3444890716001394
Guinea-Bissau,GNB,1986,0.5858445897466038,0.7257558391006665,-0.22507956398962511,1.130249573525999
Guinea-Bissau,GNB,1987,0.6076116994364489,0.7640172772771541,-0.13509404652757748,0.9348640263790536
Guinea-Bissau,GNB,1988,0.6108607289430836,0.781158662543248,-0.05874948912012706,0.6413647546754503
Guinea-Bissau,GNB,1989,0.5948777899966051,0.7500664661874126,0.032588365620881576,0.3625978972799622
Guinea-Bissau,GNB,1990,0.5631937818754778,0.6965665822555962,0.1575766117417009,0.07685666014040654
Guinea-Bissau,GNB,1991,0.578621203024792,0.8146590577141701,0.40845670510392573,-0.276058262661622
Guinea-Bissau,GNB,1992,0.5554032426780359,0.4945730770538675,0.541260303222902,-1.2399833670403546
Guinea-Bissau,GNB,1993,0.5860927673149436,0.629090039759946,0.6539261775848619,-1.2220937984897247
Guinea-Bissau,GNB,1994,0.61879255751197,0.6090875872666461,0.840333124069592,-1.2551015251054647
Guinea-Bissau,GNB,1995,0.727309756095657,0.8147983060048574,1.3799567353198192,-1.3570983452822127
Guinea-Bissau,GNB,1996,0.7716594341389293,0.8327835243623849,1.403008734478573,-1.4841019560293223
Guinea-Bissau,GNB,1997,0.7702607511030062,0.824110050582475,1.392831221945144,-1.4492108348934458
Guinea-Bissau,GNB,1998,0.7705399684789689,0.8226618805880515,1.4691665245285987,-1.4051891421162348
Guinea-Bissau,GNB,1999,0.7673456637821852,0.8212616634169723,1.5332782250820598,-1.3768395229429657
Guinea-Bissau,GNB,2000,0.777414190965209,0.8273476237288513,1.70207710212307,-1.2320102921652345
Guinea-Bissau,GNB,2001,0.7728473880340048,0.8044969326724501,2.2338015306249592,-1.222326117254441
Guinea-Bissau,GNB,2002,0.7733441502455599,0.8033000684029088,2.2670495433908666,-1.213116261962556
Guinea-Bissau,GNB,2003,0.7832153420013718,0.8020061186747278,2.2570792027486917,-1.1959074960696814
Guinea-Bissau,GNB,2004,0.7923781518736688,0.8126110860047296,2.7128228285295943,-0.9229188366467957
Guinea-Bissau,GNB,2005,0.7910111829385236,0.8694676980641776,3.0302140426056208,-1.4044256796172787
Guinea-Bissau,GNB,2006,0.8023430202900463,0.8848360230042418,3.1781815883155495,-1.3781707997910129
Guinea-Bissau,GNB,2007,0.8042504745832156,0.8750559863239977,3.023252273288284,-1.2965600494318876
Guinea-Bissau,GNB,2008,0.8048565061291405,0.826827975430825,2.9751936372667034,-1.1899249437936665
Guinea-Bissau,GNB,2009,0.804687428001619,0.8120154784880209,2.8027329165586035,-1.0837011588520034
Guinea-Bissau,GNB,2010,0.8074696966070716,0.8119757832531436,2.8286334282110213,-1.0688321342172349
Guinea-Bissau,GNB,2011,0.7969247132537745,0.7837251726697135,2.600669358015792,-0.8013538857381093
Guinea-Bissau,GNB,2012,0.7816040348844292,0.7763538426654142,2.613935267236344,-0.8086082452200412
Guinea-Bissau,GNB,2013,0.7860931467787259,0.6583939555603944,2.928172126006337,-0.9072767790022175
Guinea-Bissau,GNB,2014,0.7615568482080401,1.2904079139398053,2.8490197325884505,-0.9851060671291001
Guinea-Bissau,GNB,2015,0.6998392403345056,1.2445533048310533,3.2121458580908957,-1.0235005782633215
Guinea-Bissau,GNB,2016,0.6887896644000524,1.1819913208686974,3.13971910638256,-0.9761906541555329
Guinea-Bissau,GNB,2017,0.7061406967492321,1.0059343534102405,3.0313506876851832,-0.6079970066415913
Guinea-Bissau,GNB,2018,0.7072125871109087,0.9982742653423102,2.9888616099195184,-0.5315718774247911
Guinea-Bissau,GNB,2019,0.6790673191039831,0.8264383098778141,2.942866276047893,-0.548524513138666
Guinea-Bissau,GNB,2020,0.6928128553721911,0.8206524992298845,2.9582323342295425,-0.6494369051284569
Guinea-Bissau,GNB,2021,0.6965845173928299,0.9384331629608167,2.987791081758213,-0.6641467340966402
Guinea-Bissau,GNB,2022,0.6888216141340918,1.0134826406026105,2.155351803553788,-0.6642849415244967
Guinea-Bissau,GNB,2023,0.8616807685700667,1.0116659544881887,2.4968931897844437,-0.6145076591366285
Guinea-Bissau,GNB,2025,0.7518481423798513,1.1429946145736247,2.519930678290955,-0.6590608118663777
Jamaica,JAM,1970,0.2084452560142871,-0.061890764580703216,-0.09771768638655857,-0.11556196586743517
Jamaica,JAM,1971,0.2084452560142871,-0.061890764580703216,-0.09771768638655857,-0.11556196586743517
Jamaica,JAM,1972,0.1590490124602294,-0.06164389326466839,-0.09735457452392023,-0.10976848735225733
Jamaica,JAM,1973,0.06032124765519579,0.050443958104776705,-0.08068989232092491,-0.08818073570250252
Jamaica,JAM,1974,0.09964093068467834,0.13468162947656326,0.07172387889527568,-0.15406526809696539
Jamaica,JAM,1975,0.14501980830867767,0.12746399930748248,0.03306328205653088,-0.15756763213052047
Jamaica,JAM,1976,0.2052615876252249,0.0808260840136322,0.032350364152486155,-0.1316920666664316
Jamaica,JAM,1977,0.33542773200617215,0.013688476829220475,0.14017880398348032,-0.14549745750998516
Jamaica,JAM,1978,0.4780842785845033,0.007778449808148687,0.13361501558290714,-0.15015794199507715
Jamaica,JAM,1979,0.6511846216611592,0.003410904113061032,0.03437279747045659,-0.12702430986413943
Jamaica,JAM,1980,0.8853188167298819,0.011463303439654349,0.05402380440362597,-0.09451329844003702
Jamaica,JAM,1981,0.7397723740998773,-0.08277315142676007,0.06821378980488223,-0.07075060896829748
Jamaica,JAM,1982,0.573676510551306,-0.10822249894430527,0.06571284391454212,-0.07174807209666892
Jamaica,JAM,1983,0.40638506238136773,-0.10217413870459224,0.06239409758741095,-0.0808182799412151
Jamaica,JAM,1984,0.36955050140765533,-0.11543734273371248,0.06427306007987851,-0.08897961256776357
Jamaica,JAM,1985,0.32069827064518813,-0.13235154703598298,0.06588849782717542,-0.06850499862461286
Jamaica,JAM,1986,0.282654190767907,-0.12019328406257115,0.07795915507681332,-0.07096186308615185
Jamaica,JAM,1987,0.26574896585670826,-0.10830027434451928,0.09745176804939101,-0.0853328738335816
Jamaica,JAM,1988,0.3304180631996209,-0.1093747468088294,0.09523652032532554,-0.03952862019600591
Jamaica,JAM,1989,0.4447094431767741,-0.1122633183140084,0.0952071089719577,-0.03745804641282007
Jamaica,JAM,1990,0.3834003432360075,-0.09194604714241908,0.08898264046511503,-0.10200821622611804
Jamaica,JAM,1991,0.12660719157743733,-0.04989449467817054,0.08439005702362075,-0.07284321229661264
Jamaica,JAM,1992,0.15066165504904366,-0.06066858456543395,0.07396581616093828,-0.007420605283849413
Jamaica,JAM,1993,0.2088616224700423,-0.057912166968665406,0.07125221438262064,-0.01414419229572346
Jamaica,JAM,1994,0.30858809115929403,-0.08113952235618307,0.09429401642538693,-0.012339337165912376
Jamaica,JAM,1995,0.4072600617796019,-0.08101850960292278,0.07784486179112662,-0.009762213913350182
Jamaica,JAM,1996,0.4825518649692564,-0.08077271153333776,0.07187795436104033,-0.01500463717108523
Jamaica,JAM,1997,0.5526684687075827,-0.0786584758926739,0.06282768285638504,-0.014871604073512918
Jamaica,JAM,1998,0.6236937084419835,-0.07862009305783993,0.07225504374126898,-0.01411935071408589
Jamaica,JAM,1999,0.6945155898990241,-0.07980961000753725,0.076119692370433,-0.012850443019608387
Jamaica,JAM,2000,0.8186393327812869,-0.08023664815441511,0.08226209384709562,0.013794372663101122
Jamaica,JAM,2001,0.7785203685615579,-0.08479316414412003,0.056601937808614604,-0.05496587975782777
Jamaica,JAM,2002,0.7323468724325615,-0.08571779761924926,0.056158734362799424,-0.055725900700572546
Jamaica,JAM,2003,0.6908640567860218,-0.08633119866629993,0.05152853514613487,-0.05171482695075097
Jamaica,JAM,2004,0.5782575880099973,-0.08553138925678279,0.051240076767320085,-0.063968763257354
Jamaica,JAM,2005,0.4836701147464746,-0.08570173481832297,0.02794415168684478,-0.04974401396598424
Jamaica,JAM,2006,0.37072352070520165,-0.08810018789370705,0.03582458468211965,-0.050920381696608785
Jamaica,JAM,2007,0.24878601029659714,-0.09043578761761545,0.060151992772851784,-0.08588644553932495
Jamaica,JAM,2008,0.14541519886076384,-0.11744356121478278,0.0953777608607487,-0.12587728437495355
Jamaica,JAM,2009,0.04334342386046233,-0.11734208748832906,0.06130487839191037,-0.10708415047968736
Jamaica,JAM,2010,-0.058282946538116304,-0.11741422370185617,0.061980866261396636,-0.10295495181378064
Jamaica,JAM,2011,-0.21334195081357465,-0.10846389753498037,0.0727376438133448,-0.07280641696656502
Jamaica,JAM,2012,-0.38232152219379634,-0.1392075459449671,0.07420914400828497,-0.07266344598878435
Jamaica,JAM,2013,-0.5412419176322296,-0.12508689287931374,0.06286313239751598,-0.06495880063895684
Jamaica,JAM,2014,-0.5220780140477623,-0.15693704186083138,0.09045918523652424,-0.12371654911465775
Jamaica,JAM,2015,-0.4448217040072228,-0.1579853138877933,0.08706555227519769,-0.12207904877579603
Jamaica,JAM,2016,-0.3655593970021221,-0.1599913714089578,0.08408690687363037,-0.12029580524207549
Jamaica,JAM,2017,-0.28828239661409294,-0.13045897279950464,0.03700825937473824,-0.1351916197139606
Jamaica,JAM,2018,-0.19936845197451758,-0.0658475230609624,0.014083482212308318,-0.14257113573832944
Jamaica,JAM,2019,-0.12895213658177873,-0.06499363710894647,0.013808911366799265,-0.08685804198029931
Jamaica,JAM,2020,-0.11794874425797221,-0.19178532154714234,0.02927350014055643,-0.11812492638842897
Jamaica,JAM,2021,-0.10580595334081216,-0.21162221849247215,-0.17036063469721688,-0.11621385299404455
Jamaica,JAM,2022,-0.02712133083276444,0.035336430966449006,-0.26319589570076074,-0.11166993065318823
Jamaica,JAM,2023,-0.0566055821825123,-0.015982334345177318,-0.215293816949589,-0.1562093831060425
Jamaica,JAM,2024,-0.04331960661315715,0.005382555646181737,-0.22114609316328204,-0.14280824599342523
Jamaica,JAM,2025,-0.047486455667691746,-0.004503003293252893,-0.4257916374443896,-0.1826217944452828
Kazakhstan,KAZ,1990,0.9703875122169456,2.6554786290485755,0.8992773603026788,4.4175678840642965
Kazakhstan,KAZ,1991,0.9703875122169456,2.6554786290485755,0.8992773603026788,4.4175678840642965
Kazakhstan,KAZ,1992,0.8806242610395507,2.892386133425889,1.1616150953769093,4.759023351944608
Kazakhstan,KAZ,1993,0.655089010635066,2.7275065400809986,1.0516712201006149,4.537752539178947
Kazakhstan,KAZ,1994,0.28845972631080286,2.800019302472375,0.965598627502471,4.634886064554902
Kazakhstan,KAZ,1995,-0.1006052092796425,2.798221633857998,1.004683038408997,4.840474884709052
Kazakhstan,KAZ,1996,-0.20643731541408494,2.8056709588618047,1.117990356702936,5.656191246286278
Kazakhstan,KAZ,1997,-0.21450312305189945,2.776679843584361,1.0969405461380717,5.170180001141096
Kazakhstan,KAZ,1998,-0.2142218651893168,2.778757071732242,1.0418857012806089,4.658475112547018
Kazakhstan,KAZ,1999,-0.23025734255732372,2.7795195869057725,0.9389449920499233,4.199648526580744
Kazakhstan,KAZ,2000,-0.23112564143338837,2.7818390525090217,0.8745325796729422,3.547943108401717
Kazakhstan,KAZ,2001,-0.26383095559163705,2.8521751599495087,0.7745263088055988,3.0972763333793
Kazakhstan,KAZ,2002,-0.20746241937969867,2.865299780845999,0.7405998507904787,2.8730234905792758
Kazakhstan,KAZ,2003,-0.14932669875766175,2.868412932800203,0.6868557868168943,2.63733862194423
Kazakhstan,KAZ,2004,-0.09557608712118376,2.8608097726753074,0.6347552438243246,2.348949748065376
Kazakhstan,KAZ,2005,-0.06115593603684899,2.8538886833899153,0.6160184482502185,2.132974964819205
Kazakhstan,KAZ,2006,-0.007232393811314186,2.8484870708034657,0.5389556316553308,1.9886219551096458
Kazakhstan,KAZ,2007,0.0595373130194351,2.8461589723603176,0.5082081515568232,1.8174175904933798
Kazakhstan,KAZ,2008,0.12355049872598196,2.8045488423192304,0.5267759369590326,1.5251549892734935
Kazakhstan,KAZ,2009,0.1810915085087661,2.8024927181441974,0.4805757128347653,1.4104869115962015
Kazakhstan,KAZ,2010,0.24140331317809727,2.8010717422565783,0.4706292460828736,1.2463995263607548
Kazakhstan,KAZ,2011,0.2862477540149444,2.8194607422106603,0.4058180110521634,1.0606127993855985
Kazakhstan,KAZ,2012,0.32647042091900513,2.8474130923351844,0.4108142338048615,0.9875618020332714
Kazakhstan,KAZ,2013,0.3873565256477907,2.8992006134018906,0.4080380987454566,0.9159960175295275
Kazakhstan,KAZ,2014,0.40930687832180546,2.844820520414401,0.4235707216410191,0.8131207138225683
Kazakhstan,KAZ,2015,0.4176310893185454,2.8358018701210943,0.41739179018416783,0.7382160150303082
Kazakhstan,KAZ,2016,0.4238442626861697,2.779674471849993,0.422551984252275,0.6356727780709533
Kazakhstan,KAZ,2017,0.4461926579688983,2.584927858224073,0.4095954810361474,0.05071844353073329
Kazakhstan,KAZ,2018,0.5400126701892063,2.6947684291336325,0.3669382142010854,-0.14185784309647445
Kazakhstan,KAZ,2019,0.6294471203412875,2.5938778345943403,0.3609686039646814,-0.19850410572121072
Kazakhstan,KAZ,2020,0.7067438546033895,2.7715468734112214,0.36705600147974704,-0.15188850261997597
Kazakhstan,KAZ,2021,0.6081587496826679,2.871727367074884,0.5547715907012384,-0.1800702485042317
Kazakhstan,KAZ,2022,0.4918478080047063,2.7356961296378763,0.32542142924133466,-0.1620963218061066
Kazakhstan,KAZ,2023,0.41542914632801786,2.673404748926221,0.18083748729526888,0.24095392804262836
Kazakhstan,KAZ,2024,0.4457890084179345,2.8538739340592327,0.1768642051583009,0.20283105486740496
Kazakhstan,KAZ,2025,0.439739767107121,2.3683595085483633,0.15892520692497977,0.24929099351087017
Kyrgyzstan,KGZ,1990,2.631189201044892,4.680819637943998,0.9828217879644348,2.8341751747715236
Kyrgyzstan,KGZ,1991,2.631189201044892,4.680819637943998,0.9828217879644348,2.8341751747715236
Kyrgyzstan,KGZ,1992,2.5171723274179456,5.070087133438575,1.35766523413346,3.4590309398380708
Kyrgyzstan,KGZ,1993,2.632688421211307,4.788647068350336,1.2320187174237982,2.546085588236747
Kyrgyzstan,KGZ,1994,2.594087970549433,4.393138461760005,1.098519274106882,2.5576120232709476
Kyrgyzstan,KGZ,1995,2.5603942414919083,4.096237748049644,1.2654226914940305,4.156171124163914
Kyrgyzstan,KGZ,1996,2.5652418251392097,3.856365930238538,1.3975345831687447,3.2965169143493185
Kyrgyzstan,KGZ,1997,2.560725340443387,3.6239965118968414,1.0606366206681195,3.2969377959784207
Kyrgyzstan,KGZ,1998,2.569904804792081,3.439626909448797,1.0648108919112,3.213739007504442
Kyrgyzstan,KGZ,1999,2.570655715013851,3.255314207143064,1.0176720767570377,3.2016623723677675
Kyrgyzstan,KGZ,2000,2.5745616261177435,3.070944590528677,1.0056156467711928,2.773844977279981
Kyrgyzstan,KGZ,2001,2.4648905638379173,2.9190897923706625,1.2859992922695755,2.5623306540724204
Kyrgyzstan,KGZ,2002,2.474147811240983,2.8850435928012708,1.2695442385831393,2.5792457472678216
Kyrgyzstan,KGZ,2003,2.453846764961099,2.8488025565461754,1.2007363607245856,2.5851158405661834
Kyrgyzstan,KGZ,2004,2.423604131114044,2.814444074479657,1.2160465302718004,2.7470538001701925
Kyrgyzstan,KGZ,2005,2.4560894569285168,2.812321572327093,1.2466683632668798,2.548361815110777
Kyrgyzstan,KGZ,2006,2.608054688896077,2.960527194283371,1.2432390542321858,2.5579335790691466
Kyrgyzstan,KGZ,2007,2.6121926803370976,2.9820975030396717,1.1128419966587462,2.5384432976534566
Kyrgyzstan,KGZ,2008,2.646568161639272,2.944350871458269,1.2005305004423326,2.8109678208084814
Kyrgyzstan,KGZ,2009,2.6020127287509958,2.8557835708538484,1.2018250751665098,2.6439751917247563
Kyrgyzstan,KGZ,2010,2.5884556072126754,2.7564966907206414,1.2083435134529177,2.665991002375484
Kyrgyzstan,KGZ,2011,3.1921360466261444,2.67183986670996,0.9336791140570391,4.513308592301678
Kyrgyzstan,KGZ,2012,3.190152146190947,2.546213138420409,0.9432934158323923,4.50313114658546
Kyrgyzstan,KGZ,2013,3.139430644338896,2.4690550992240374,0.9555456380717984,4.4586513074928344
Kyrgyzstan,KGZ,2014,2.8651501753970186,2.2508751080709812,0.9487879391303846,4.508341382600964
Kyrgyzstan,KGZ,2015,2.8060247865961507,2.180009719215845,0.9318690490316106,4.425244897974871
Kyrgyzstan,KGZ,2016,2.7618722292085813,2.0387352004387074,0.957368674241726,4.408560050849703
Kyrgyzstan,KGZ,2017,2.6830425464560506,1.828357131029971,0.9765398335968637,3.500025912209981
Kyrgyzstan,KGZ,2018,2.6566968988439212,1.7473435358745533,1.0062665371200845,3.01771381059673
Kyrgyzstan,KGZ,2019,2.610461413731254,1.6378307815448405,0.9947880650828897,2.717986809892116
Kyrgyzstan,KGZ,2020,2.5220550540207904,1.3631354552977517,0.9672804589077209,2.8271391821918996
Kyrgyzstan,KGZ,2021,2.4711273718964355,0.30098752691147573,1.0308776554729853,2.865470222049253
Kyrgyzstan,KGZ,2022,2.5301070837666733,0.4941420165413425,0.9205911064261678,3.204416061901159
Kyrgyzstan,KGZ,2023,2.6439633929821773,0.5929099640978703,0.9564315473096274,2.9250321632293206
Kyrgyzstan,KGZ,2024,2.856924407350266,0.7673653244488505,0.9685163042914411,2.922898590238768
Kyrgyzstan,KGZ,2025,2.8457916155972347,1.0246221950820216,0.8496200649539697,2.8821416158068276
Laos,LAO,1970,0.8983628369780294,8.05638860016951,1.1978112599233235,-0.6203641954107924
Laos,LAO,1971,0.8983628369780294,8.05638860016951,1.1978112599233235,-0.6203641954107924
Laos,LAO,1972,0.8705897941815883,8.05638860016951,1.1969724348366952,-0.6046243626049214
Laos,LAO,1973,0.8436103074792161,8.05638860016951,1.2025039951205734,-0.595711196326156
Laos,LAO,1974,0.8268166015316425,8.05638860016951,1.2758849260635425,-0.6434947218010205
Laos,LAO,1975,0.8036525204626366,8.05638860016951,1.8220404271480226,-0.549910560726208
Laos,LAO,1976,1.0856306150232768,8.05638860016951,1.8329626873823366,-0.9721503828012585
Laos,LAO,1977,1.1985399285704532,8.05638860016951,2.6609455779313516,-0.8979664224206831
Laos,LAO,1978,1.1328805682754144,8.05638860016951,2.674348437517697,-0.9329778050577056
Laos,LAO,1979,1.062221556887041,8.05638860016951,1.8481398680276206,-0.882159786399295
Laos,LAO,1980,0.937612972020677,8.05638860016951,1.364555161602087,-0.747778432981431
Laos,LAO,1981,0.7814894512564579,8.05638860016951,1.3362224496445334,-0.7129672999392835
Laos,LAO,1982,0.7366265289750046,7.54151513007883,1.3274828753988088,-0.6912779714248248
Laos,LAO,1983,0.6926066909278241,6.620243240719596,1.3337895965002238,-0.6675424230315092
Laos,LAO,1984,0.6436784360550442,5.722181378719252,1.338520318939536,-0.6417510393833266
Laos,LAO,1985,0.5616585621609662,4.857098319283096,1.3409869115200443,-0.5387840120565411
Laos,LAO,1986,0.47326613695033604,3.9605745795980245,1.3234453573661256,-0.5200918800948406
Laos,LAO,1987,0.4563937068805342,3.134094056408813,1.2905047951261737,-0.478719202187753
Laos,LAO,1988,0.4212284568201012,2.533913919753905,1.3041558363055445,-0.3761693796422804
Laos,LAO,1989,0.3605621775488562,1.9323159146797049,1.2836998861090652,-0.3511599025862722
Laos,LAO,1990,0.30396169156554104,1.2791889628202524,2.229998507770746,-1.253054509554985
Laos,LAO,1991,0.17383183164079835,0.31654828625136266,1.6538813916025557,-1.0001708466846218
Laos,LAO,1992,0.14373784380316434,-0.29683769642219987,1.624708983779506,-0.7430883806444817
Laos,LAO,1993,0.1256351225663586,-0.2152806062552925,1.6105202785091808,-0.5294579189812174
Laos,LAO,1994,0.12934429541586878,-0.1239058423651021,1.4983600210366517,-0.508157978173851
Laos,LAO,1995,0.1299681619170201,-0.028120877470764416,1.4576332787791064,-0.41136685627234965
Laos,LAO,1996,0.13251566916977056,0.07498871166793228,1.3989098133334914,-0.3385238629974505
Laos,LAO,1997,0.1353432436863624,0.17316696911825216,1.2393140463612626,-0.32815729497239915
Laos,LAO,1998,0.137758245295869,0.276148809665498,1.2469772291550298,-0.31421582661031283
Laos,LAO,1999,0.14074329105206104,0.37623163354640043,1.2112026566594285,-0.30464353124828286
Laos,LAO,2000,0.1466542610174694,0.45541823164869943,1.2091863580225033,-0.26318021921015233
Laos,LAO,2001,0.15222457090769156,0.4869204889356138,1.203116438436811,-0.20728982609821878
Laos,LAO,2002,0.15298273430590895,0.5170595916896535,1.2038817293903277,-0.20257640866699025
Laos,LAO,2003,0.15720996863897163,0.5462302513132073,1.1640454577937018,-0.19530053146944798
Laos,LAO,2004,0.15998989921109738,0.5734831632162922,1.1694671017296214,-0.17354552067518297
Laos,LAO,2005,0.16029754224562054,0.5892379513167441,1.1750226035975486,-0.15453863260831863
Laos,LAO,2006,0.16336106248778975,0.5957498273018941,1.0875655029835791,-0.14991505988085016
Laos,LAO,2007,0.16547586359386052,0.5964154834902063,1.1077506152895797,-0.16876883497885067
Laos,LAO,2008,0.16760038248699327,0.5806027454035855,1.109685645642727,-0.13631250169989792
Laos,LAO,2009,0.17233035829884746,0.5796602036470264,1.1024863330593209,-0.12817125295281234
Laos,LAO,2010,0.17992342716907642,0.5849095040218452,1.1098081084845794,-0.11837636990383617
Laos,LAO,2011,0.22243378694251387,0.5833748622594037,1.0653755463675192,-0.08777650084698606
Laos,LAO,2012,0.21605277334026307,0.5617595680699483,1.0765497640548878,-0.08491025920657691
Laos,LAO,2013,0.21816142719107554,0.5378729116365344,1.0866485848950278,-0.07799073679560374
Laos,LAO,2014,0.18390245509120223,0.4690335280439235,1.0918813589003151,-0.06641312635952709
Laos,LAO,2015,0.1847337772752169,0.4418726829940697,1.0925285252767882,-0.05978793318720017
Laos,LAO,2016,0.18974088468366174,0.4016666065798551,1.1029176103444138,-0.054516564007444326
Laos,LAO,2017,0.1581058879863374,0.23810375127902436,1.0530156726583797,-0.013189493174742814
Laos,LAO,2018,0.1506742300209945,0.1765656111216792,1.047311372533867,0.16030556358276904
Laos,LAO,2019,0.14665923145387236,0.1493002442684668,1.0558231266825882,0.15980077767871476
Laos,LAO,2020,0.1939766580009458,0.12756484115830688,1.0870844562064965,0.15705504273629822
Laos,LAO,2021,0.21511406153925994,0.2898104532357625,1.2365886022071426,0.1439746740660272
Laos,LAO,2022,-0.06716116499493052,0.07460721147199786,1.1455464023439323,0.12620881929431388
Laos,LAO,2023,0.033807512090116315,0.13619669774814927,1.185971904108356,0.17279945726324505
Laos,LAO,2024,0.02576493839585399,0.2913594007234105,1.2105674761071545,0.21591081291017045
Laos,LAO,2025,0.031972775332259964,-0.5163628407189568,1.1213216269639121,0.20984545938081534
Moldova,MDA,1990,1.3069679066030786,1.3791302869726683,0.5578613818341879,0.9774061490301321
Moldova,MDA,1991,1.3069679066030786,1.3791302869726683,0.5578613818341879,0.9774061490301321
Moldova,MDA,1992,1.4591319626883443,1.5263573806411384,0.7706702918374846,1.5815306858109284
Moldova,MDA,1993,1.4079436917909303,1.3221157777990407,0.6582591819742039,1.3197709501320936
Moldova,MDA,1994,1.3798986870254522,1.2699424949281064,0.6299265264171632,1.2681632318567186
Moldova,MDA,1995,1.3905341348712101,1.2219940396512972,0.696834123480835,1.4006527693571473
Moldova,MDA,1996,1.4206152863941934,1.1885000525415226,0.47370233037559867,0.6913522060792333
Moldova,MDA,1997,1.424753082238972,1.136512341768289,0.33234547917195356,0.6878080733726021
Moldova,MDA,1998,1.4348031435231965,1.1113136729378699,0.2952543112186043,0.8493677992528018
Moldova,MDA,1999,1.4579376704068492,1.0754021890236534,0.22549881141839925,0.8281036575869396
Moldova,MDA,2000,1.4879671863138406,1.0432515127004025,0.1564726077768554,1.292794750881958
Moldova,MDA,2001,1.425259307953058,0.9735252332166294,0.08765034002147948,1.1610582437146473
Moldova,MDA,2002,1.3533759284293736,1.0214820592026592,0.048107980793348465,1.085623929517297
Moldova,MDA,2003,1.3788950341637647,1.014226754907281,-0.077268659523757,1.0082308285491286
Moldova,MDA,2004,1.3599938991817435,0.9764671111105421,-0.14344586854517977,0.9194184177594277
Moldova,MDA,2005,1.3488066240302423,0.9534983868012975,-0.20893488802991803,0.8709449741770225
Moldova,MDA,2006,1.3326336037369955,0.9317008095322422,-0.29116018730380244,0.8304090881372896
Moldova,MDA,2007,1.335421886012393,0.8998771970387047,-0.40588324756663174,0.8007529128760964
Moldova,MDA,2008,1.3358968618651907,0.8276792146699169,-0.4737337010924924,0.6876449894330539
Moldova,MDA,2009,1.3282771981565942,0.7916902646998135,-0.591676601158037,0.6387143316590262
Moldova,MDA,2010,1.3881152354201456,0.7441983676959982,-0.6685084804562953,0.01457641653190389
Moldova,MDA,2011,1.9564401454919707,0.715406110481869,-0.9909509551510478,-0.32077208822093417
Moldova,MDA,2012,1.878984731675438,0.684763822661618,-1.0115475596857917,-0.34914653814258584
Moldova,MDA,2013,1.848331755483724,0.6772863082948366,-1.0190528758433834,-0.35951272881779917
Moldova,MDA,2014,1.7573150353481999,0.5690694678855464,-1.056327979824765,-0.35336734696715705
Moldova,MDA,2015,1.7353938519997507,0.5388521210712099,-1.0862258310673338,-0.3508742276600229
Moldova,MDA,2016,1.728062481415628,0.3781497979905568,-1.1042557534438024,-0.33482750341368983
Moldova,MDA,2017,1.7686822022802158,-0.001426258566303483,-1.3693962341717731,0.7232017832173776
Moldova,MDA,2018,1.7656960201537937,0.1369513656261907,-1.3929039961630505,0.7372514533506878
Moldova,MDA,2019,1.7432675096280517,0.12410158271445682,-1.3767115024377055,0.5460709325815531
Moldova,MDA,2020,1.833411123889138,0.176177136216179,-1.3588780512213943,0.10126765382320109
Moldova,MDA,2021,1.4414109153582677,0.39331492176856814,-1.1550856745978844,0.05730407286105799
Moldova,MDA,2022,0.9521673950319292,0.8455737307695417,-0.728466137009898,0.06128515752271278
Moldova,MDA,2023,0.9040522537794407,0.8905722087299159,-0.7606981874731042,0.0032971238383528167
Moldova,MDA,2024,1.0028557586647244,1.0302443343984378,-0.7613268105758919,0.004783426454107856
Moldova,MDA,2025,0.9857031334073534,0.3587400978626635,-0.666217565174914,0.3859594172395028
Namibia,NAM,1970,0.0012039624044434642,-0.17973495535449702,1.2008887936881287,-0.8111372296185637
Namibia,NAM,1971,0.0012039624044434642,-0.17973495535449702,1.2008887936881287,-0.8111372296185637
Namibia,NAM,1972,0.0739731091663771,-0.18962762086646578,1.0809947209441282,-0.7936110009954659
Namibia,NAM,1973,0.23788277785117343,-0.23828621165190628,0.9606561776614415,-0.7746590308860732
Namibia,NAM,1974,0.6548161555363936,-0.626390240804311,0.848610738563751,-0.7665583907932622
Namibia,NAM,1975,-0.17575684764914462,-0.21166021926707407,0.7610661737018487,-0.7782667774654068
Namibia,NAM,1976,-0.19353178192402182,-0.18382494052001214,0.7107031970932187,-0.7236358666622037
Namibia,NAM,1977,1.0735445077892611,0.4266425069772771,0.628161653187305,-0.7210669426489711
Namibia,NAM,1978,2.224028018553037,1.1263506877544363,0.5862183434120735,0.10243011619615461
Namibia,NAM,1979,1.1990536715671563,1.138291988956654,0.6877313572153112,-0.24234911492880667
Namibia,NAM,1980,4.384623687941703,0.9526890206306597,1.7701674099616667,-0.2822318418717827
Namibia,NAM,1981,2.289864675051969,0.3526700926725316,0.9962705547322841,-0.9903868545908173
Namibia,NAM,1982,1.8881198328314661,0.39671776634278627,0.12083836868972023,-0.982889658477305
Namibia,NAM,1983,1.5363236585501692,0.6748150185935793,-0.7493471891255803,-0.970452771566669
Namibia,NAM,1984,0.701106081370251,0.8735203750515577,0.33284804040341465,-1.044384820596678
Namibia,NAM,1985,2.581713889270376,1.5985534688358436,1.9675080105805411,-0.866471856614448
Namibia,NAM,1986,0.40894570553113047,0.04824740636905014,3.5259234555916756,-0.8224850295679567
Namibia,NAM,1987,0.5613608016332158,-0.1831496857709478,5.308821898119329,-0.8283247744962514
Namibia,NAM,1988,0.8679621378373101,-0.4702373118292876,5.308821898119329,-0.7839497435594103
Namibia,NAM,1989,3.6967405139443286,-1.349459244277166,5.308821898119329,-0.7490607078826736
Namibia,NAM,1990,5.5695969744794525,-10.060488951209589,5.308821898119329,-0.3797255372920855
Namibia,NAM,1991,1.1628463126849067,-1.6083723911249348,5.308821898119329,-1.4277031125910675
Namibia,NAM,1992,0.14696413755146748,-0.47534287800559316,5.308821898119329,-1.1502809652193982
Namibia,NAM,1993,0.0683475050924599,-0.04260947918922489,5.308821898119329,-1.065098181432476
Namibia,NAM,1994,1.2863950684286705,0.8712696296955045,5.0999240236934735,-1.0616247499707145
Namibia,NAM,1995,1.0900290650072877,0.6827415307418415,3.8942700985850927,-0.8412117984614721
Namibia,NAM,1996,0.12902880233190234,0.20703743195982413,2.696683282323749,-0.609588044685986
Namibia,NAM,1997,0.05117527230606074,0.937185469430749,2.0708457532268483,-0.6091715760635071
Namibia,NAM,1998,-0.01640650081646534,1.6611364406948925,1.8927935621400038,-0.6066767228620454
Namibia,NAM,1999,-0.07925696761889889,2.438270147885449,1.6244419683324824,-0.6059548444789064
Namibia,NAM,2000,-0.41380467784976266,3.0025141075921953,1.4901748644364627,-0.5156085662140851
Namibia,NAM,2001,-0.26476489629962663,2.5621916276244847,1.3171930902924758,-0.5168727050418697
Namibia,NAM,2002,-0.15055218141529741,1.958197602065966,1.2057623653955232,-0.5151963702424852
Namibia,NAM,2003,0.2311077453288579,1.3531518482259601,1.0243228267458018,-0.5127863362524785
Namibia,NAM,2004,0.12485987036316629,0.762433386120853,0.9308507038120603,-0.5147766212858458
Namibia,NAM,2005,-0.008837892270322462,0.27357668925062306,0.7224127178658295,-0.47610419284707217
Namibia,NAM,2006,0.24454075577335865,0.02706725363866816,0.528776556448814,-0.47639404164779153
Namibia,NAM,2007,0.30564928409712055,-0.10930215140286091,0.4651846654115159,-0.47150616339419016
Namibia,NAM,2008,0.3176154729926957,-0.3685919036567286,0.4228276560502895,-0.46431327314650217
Namibia,NAM,2009,0.23168983159660173,-0.6504189057064504,0.3658159444654111,-0.46366701715474135
Namibia,NAM,2010,-0.04184306211158707,-0.6719333589221443,0.3117736045136729,-0.3811547745106908
Namibia,NAM,2011,0.12334392908950423,-0.3998422301407325,0.24038956306016857,-0.3793773122156662
Namibia,NAM,2012,-0.14818686153959246,-0.2182752011100637,0.2896608981061409,-0.37482889487377385
Namibia,NAM,2013,-0.4017485068007933,-0.2276271096867546,0.3295382111318564,-0.3744912051790059
Namibia,NAM,2014,-1.0168798549894305,0.8241410948090235,0.3679067128629755,-0.3554297454266797
Namibia,NAM,2015,-0.053006317277630305,1.9074143550477152,0.3290574388257205,-0.4054365932781405
Namibia,NAM,2016,0.6866353157169444,2.1640745307210394,0.3018414817034638,-0.349275886945378
Namibia,NAM,2017,-0.38928560043973215,2.452360327114616,0.2872927095463117,-0.466720193567573
Namibia,NAM,2018,-1.5530129447605427,3.3065151083368853,0.3189660715274569,-0.6155969343550868
Namibia,NAM,2019,-2.822909459794505,7.053245142008948,0.38596409490440275,-0.5852756496649851
Namibia,NAM,2020,-2.8231261970028134,7.108747404050839,0.4328151523207727,-0.8025765021077857
Namibia,NAM,2021,-2.8266273311235444,7.114795274870325,0.4939486713251895,-0.8370497832901682
Namibia,NAM,2022,-2.8291889679290914,7.114900051749752,0.31529470793604464,-0.8153033690414728
Namibia,NAM,2023,-2.82994632793117,7.101465153409327,0.2549463622320487,-0.8232106377934116
Namibia,NAM,2024,-2.830371678288854,7.1120880700891504,0.26152468898563785,-0.8525961558228419
Namibia,NAM,2025,-2.829820214176213,7.144359219154451,0.2588356152512007,-0.7777012219245428
Rwanda,RWA,1970,0.9251972156384589,1.3745746075754819,-0.2615133124579484,1.2202756235005268
Rwanda,RWA,1971,0.9251972156384589,1.3745746075754819,-0.2615133124579484,1.2202756235005268
Rwanda,RWA,1972,0.9104265409146894,1.3744193343325106,-0.2609931032714442,1.1605478334237156
Rwanda,RWA,1973,0.8980010932754466,1.3293988871947837,-0.25928522614428134,1.1062017468639564
Rwanda,RWA,1974,0.9238402463295288,1.3804777471417535,-2.4093747831691488,0.7687933920908395
Rwanda,RWA,1975,0.8294143416591979,1.6598820271454506,-2.0480745876784736,0.8504936138743702
Rwanda,RWA,1976,0.8277888714405037,1.37918321579146,-2.008095488586355,0.868447048819781
Rwanda,RWA,1977,0.8230534838929423,1.3719769809039597,-1.443885722785468,0.8489456396611127
Rwanda,RWA,1978,0.8115651690561265,1.3752858561984578,-1.3731877202759002,0.9316428270450756
Rwanda,RWA,1979,0.8071908985044602,1.4339593585035306,0.5285600648505638,1.2174021815224187
Rwanda,RWA,1980,0.8394689466950881,1.4065519823354393,0.23519873102261707,1.8203038287244773
Rwanda,RWA,1981,0.7594616890256549,1.3452842460032723,0.23284021007969538,1.6486008630170115
Rwanda,RWA,1982,0.7547025065791566,1.2979035214948587,0.41913786331449676,1.5318227033987433
Rwanda,RWA,1983,0.7508305913854365,1.2948438898939254,0.43513856069783463,1.4139368518044537
Rwanda,RWA,1984,0.7424865549539166,1.2998916634340545,0.4580441323987839,1.2697998730465427
Rwanda,RWA,1985,0.7111678036482211,1.2889489471712623,0.44757905667414516,1.022799764025327
Rwanda,RWA,1986,0.6579595191673329,1.2297845428491345,0.4345808512369905,0.8923714837044816
Rwanda,RWA,1987,0.6127424689708805,1.1638558937086865,0.4101250594107002,0.7627235719551579
Rwanda,RWA,1988,0.5971703005725573,1.1404464201971147,0.41205842375462753,0.5647652102525614
Rwanda,RWA,1989,0.594355173771461,1.129475568612201,0.4559875322742756,0.3346594945540845
Rwanda,RWA,1990,0.5636309271895633,1.0422399206142443,0.38542051585189124,0.12590500278922634
Rwanda,RWA,1991,0.758749091204711,1.4165207025344637,0.42779141132826126,0.17721968338641458
Rwanda,RWA,1992,0.8964433451151959,1.7893479475248513,0.4699931638779872,-0.6510264731150341
Rwanda,RWA,1993,0.8809370445788387,1.6490327083047114,0.4842990812422345,-0.6479729512980311
Rwanda,RWA,1994,0.8720259061100061,1.640714710402212,-0.33859251342164587,-0.7473689862202574
Rwanda,RWA,1995,0.9566820265011837,1.6587205251401436,-0.6978978406019082,-0.8390479595712932
Rwanda,RWA,1996,0.9557355579794646,1.7503154542009418,-0.3999056332196292,-0.6947795157090746
Rwanda,RWA,1997,0.9552953549067167,1.7222840065546114,-0.21934828758812056,-0.6703463334077586
Rwanda,RWA,1998,0.9555724493244355,1.7173154240212967,-0.2043977799317726,-0.6326184274675533
Rwanda,RWA,1999,0.9533826119645596,1.7130576808407567,-0.1867533759428121,-0.6107796804496144
Rwanda,RWA,2000,0.9495432459594745,1.7056231172773413,-0.19249963463928416,-0.5019197902117575
Rwanda,RWA,2001,0.9451422361015445,1.647139093332973,-0.03794441623926001,-0.3307629495913029
Rwanda,RWA,2002,0.9452130365274298,1.6405981112062746,-0.04064581982396706,-0.3531433402998225
Rwanda,RWA,2003,0.9375972670791486,1.6350523740342,-0.013068217484212746,-0.35090996061560714
Rwanda,RWA,2004,0.9580080761875067,1.7533412521828768,-1.2675328024188075,0.20436829349725347
Rwanda,RWA,2005,0.9534010439848718,1.7391493748906157,-1.2397310307231437,0.07392566676481543
Rwanda,RWA,2006,0.9432934659070067,1.7220522942668604,-0.9326456470219108,0.027351825055146217
Rwanda,RWA,2007,0.9428733378362678,1.7069657804785416,-0.8735477232199964,-0.03463389590196922
Rwanda,RWA,2008,0.942974348554873,1.6727031926361169,-0.8453046552470764,-0.10166015839544942
Rwanda,RWA,2009,0.9359828957295822,1.6941175748886317,-0.8010853447984493,-0.1584491407119488
Rwanda,RWA,2010,0.9355505584536491,1.6793962693982116,-0.8003837448919977,-0.23002914181924583
Rwanda,RWA,2011,0.9396134331758814,1.669489773186129,-0.6156087958715184,-0.36972339357470446
Rwanda,RWA,2012,0.9159463399990604,1.6245254807441847,-0.6218743181049367,-0.4174032619130697
Rwanda,RWA,2013,0.918505626939615,1.5843641583288823,-0.6099443636639374,-0.4455235220234406
Rwanda,RWA,2014,0.8997739164449492,1.7893138567168103,-0.6158656965631231,-0.4939769921050888
Rwanda,RWA,2015,0.8879465497363895,1.7629515879044066,-0.6251057614604651,-0.5146807822774232
Rwanda,RWA,2016,0.8940424627272163,1.792432499892533,-0.6351842298070194,-0.9535549188711002
Rwanda,RWA,2017,0.9120765763398674,1.3942139918170695,-0.5947949842097514,-1.0292270429766464
Rwanda,RWA,2018,0.9182365218215905,1.3700541748536326,-0.578325046729848,-0.9167094501796972
Rwanda,RWA,2019,0.9218228137060454,1.4185237524188978,-0.5814180850800615,-0.900516180538167
Rwanda,RWA,2020,0.9091335235804221,1.2018765063178716,-0.618150002925473,-0.8306857733360239
Rwanda,RWA,2021,0.9244257054963532,1.1968401935219397,-0.5411731795428723,-0.841488486957466
Rwanda,RWA,2022,0.823033100191088,0.966382274899273,-0.005321723696103647,-0.8717196938641845
Rwanda,RWA,2023,0.871937179621441,1.0038434166833488,0.17131521703195512,-0.9360826171688845
Rwanda,RWA,2024,0.9235252614000521,0.6167841689229409,0.1920601910681322,-0.959778790434423
Rwanda,RWA,2025,0.9010241544672336,0.9628171786217381,0.23373400141278447,-0.9381184258898561
Somalia,SOM,1970,0.11268266083743173,0.07222831589009332,4.496927667570179,-1.4275722573607037
Somalia,SOM,1971,0.11268266083743173,0.07222831589009332,4.496927667570179,-1.4275722573607037
Somalia,SOM,1972,0.06190765751722999,0.12191432662611194,4.041688084451679,-1.4277819487548158
Somalia,SOM,1973,0.076182363376955,0.1319393805937661,3.60809360726528,-1.4123961098837223
Somalia,SOM,1974,0.22014268552835473,0.09580467286102648,3.3270084667982505,-1.3551217169488385
Somalia,SOM,1975,0.22452998751969558,0.4818787724694617,3.20859847168974,-1.3688859241689064
Somalia,SOM,1976,-0.03562507328984473,0.0327907916505427,3.11918169224883,-1.3581240369739076
Somalia,SOM,1977,-0.21638045186003257,-0.22451116262561013,3.3776996953113523,-1.374836129353263
Somalia,SOM,1978,-0.42889860694883375,-0.19276896019520795,3.7473514708622657,-1.3928409370092119
Somalia,SOM,1979,-1.1465944956878502,-1.5798313331050322,5.308821898119329,-1.4146904901850854
Somalia,SOM,1980,0.7574314094442642,-3.9924355272178373,5.308821898119329,-0.7711597665766485
Somalia,SOM,1981,0.13500663798506773,-1.7241060878260441,5.308821898119329,-1.3592981076390034
Somalia,SOM,1982,0.054301270395984105,-0.7126920611274687,4.700650002867052,-1.3626799957274796
Somalia,SOM,1983,-0.03497294275069922,0.06977733580264747,3.9876417802934534,-1.3595178386014046
Somalia,SOM,1984,-0.2626801001848054,0.8515936073604826,3.3337859048808047,-1.359762128613432
Somalia,SOM,1985,0.07998617673946648,1.368254711267265,2.7313988144806607,-1.316425619562663
Somalia,SOM,1986,0.5833940631985691,3.464136556418518,2.1518209059201867,-1.3150671441583226
Somalia,SOM,1987,0.05389285680332504,0.5404450313254678,1.2060241345698315,-1.1389641275317934
Somalia,SOM,1988,0.04537745548014166,0.4933332870493201,0.2611096647108029,-1.9146537587994692
Somalia,SOM,1989,0.116255566825863,1.0067756036925923,-0.8947369602954742,-1.794221375039565
Somalia,SOM,1990,0.9103182758756664,4.013048465325745,-2.2968603310837743,-1.6509022826695139
Somalia,SOM,1991,5.9442695014189555,8.05638860016951,-5.405621621281925,-1.8753122882537174
Somalia,SOM,1992,5.9442695014189555,8.05638860016951,-5.4403790082081676,-1.8738337501477769
Somalia,SOM,1993,1.091822722158943,3.3168886259256833,-3.7990694117246906,-1.5174820713750488
Somalia,SOM,1994,0.957390043505105,2.0206696716850803,-2.7308892310879718,-1.525653581697644
Somalia,SOM,1995,1.1043932657488067,1.8932311928533583,-1.8500924676955468,-1.4402082824127755
Somalia,SOM,1996,1.382408162092538,1.6935792661047957,-1.1610367243879394,-1.351203260106717
Somalia,SOM,1997,1.4016228606354668,1.4079705639689402,-0.9219667621712485,-1.3714386615696128
Somalia,SOM,1998,1.2863479870662022,1.357522162278344,-0.507634027361184,-1.1086883554909779
Somalia,SOM,1999,1.407390686832765,1.2440553163789123,-0.07047842928658124,-1.1049792029972516
Somalia,SOM,2000,2.2687573471592213,1.0709283898173294,0.35904265648606565,-1.0605730209091577
Somalia,SOM,2001,1.4854635315847995,0.6741363433322961,0.40195071069112154,-2.923626120433527
Somalia,SOM,2002,0.8854613401257979,0.3460948504445454,0.3623299918421709,-2.8855312092009093
Somalia,SOM,2003,1.3258512307639532,0.02243396002692688,0.40588956845328733,-2.8380617940574817
Somalia,SOM,2004,2.9773090935512703,-0.44458149923438484,0.46033196108600055,-2.6956713589139323
Somalia,SOM,2005,3.5762334232671456,0.16970339698731907,0.4282019651766776,-2.6058212648893657
Somalia,SOM,2006,3.0273224448493026,0.5483141482351229,0.4015162285761412,-2.5875887510678304
Somalia,SOM,2007,2.8108881151321596,0.7340431314361315,0.4175520878672737,-2.495646141917949
Somalia,SOM,2008,2.8387289880070767,1.2891551882077046,0.46246739957367217,-2.333267414051548
Somalia,SOM,2009,3.6746408975111566,1.982773367635482,0.5263131007856147,-2.2740974214648766
Somalia,SOM,2010,4.227433390471306,2.883669037636971,0.58797179927859,-2.152516152124992
Somalia,SOM,2011,1.8909122544824555,3.8644026838383634,0.5698862978080323,-1.8708903583390453
Somalia,SOM,2012,0.9742941076608205,5.8431842982918045,0.4695384882905522,-1.8633730874097152
Somalia,SOM,2013,0.09855943779023706,5.706572301644162,0.3472548451549966,-1.9581362990399689
Somalia,SOM,2014,0.44734145983637086,4.9008374765336296,0.18807654466232643,-1.983239421648922
Somalia,SOM,2015,1.172652600936698,4.038019347346886,-0.01593594148236105,-1.9470992609771982
Somalia,SOM,2016,1.9180647420140893,3.7614565696265556,-0.24887109078728353,-1.931050344133511
Somalia,SOM,2017,1.7215579377755186,3.7291721442784507,-0.4396293811499506,-1.441508440262344
Somalia,SOM,2018,1.6804611479962563,2.5632956928083206,-0.4343138838924672,-1.1892708505414609
Somalia,SOM,2019,0.32932506911301773,0.3374913812877469,-0.4212803260643301,-1.0509428558959346
Somalia,SOM,2020,0.3271643556360719,0.3100181682294909,-0.4121920369173238,-0.997884433694067
Somalia,SOM,2021,0.3182730689569102,0.28095778068073257,-0.5048740180227673,-1.0033065712176654
Somalia,SOM,2022,0.31169928970877336,0.3148666740639926,-0.748003537425858,-0.9811843161602847
Somalia,SOM,2023,0.3083168074060443,0.3120512242484915,-0.7458243945929011,-0.9516583873472777
Somalia,SOM,2024,0.29492939391031137,0.30490814016268175,-0.7555111708541111,-0.9916559656329944
Somalia,SOM,2025,0.2949637998069885,0.15786411669623626,-0.7224098327864129,-0.9237777432307871
Sri Lanka,LKA,1970,-0.36026263174739553,0.23746330784709338,0.8594508416864478,0.04202094549332386
Sri Lanka,LKA,1971,-0.36026263174739553,0.23746330784709338,0.8594508416864478,0.04202094549332386
Sri Lanka,LKA,1972,-0.327041860309636,0.23657814455220974,0.8719635566880459,0.06563382734487005
Sri Lanka,LKA,1973,-0.3079578727750967,0.28569265638972574,0.8680452582267246,0.04675490816933686
Sri Lanka,LKA,1974,-0.31383178120444144,0.29076635509733617,0.8701721445758352,0.012927201469309924
Sri Lanka,LKA,1975,-0.3217981937940589,0.3035555105945066,0.8247235558806373,0.014575635441854529
Sri Lanka,LKA,1976,-0.33422181979697435,0.24038667963715774,0.8211044751832112,0.03227570661043605
Sri Lanka,LKA,1977,-0.34242756986344086,0.234680541248193,0.7573894151658284,0.02481095891182311
Sri Lanka,LKA,1978,-0.3510397495195147,0.18948132991387778,0.7706764030826465,0.05146835780435699
Sri Lanka,LKA,1979,-0.3996209831369168,0.27137783340893484,0.9737226890425312,0.5431620447159943
Sri Lanka,LKA,1980,-0.40768745735081957,0.24748838514263125,0.6973851540964788,0.5744650931531686
Sri Lanka,LKA,1981,-0.5317931935450193,0.25688014242528123,0.7028099278892626,0.573349188365687
Sri Lanka,LKA,1982,-0.5001118193822808,0.23339658832905552,0.665448097239941,0.5560743907602704
Sri Lanka,LKA,1983,-0.468596745616152,0.1988989064807513,0.6754410695314289,0.10141697627360102
Sri Lanka,LKA,1984,-0.44402082630433143,0.20240576707199853,0.6238000789874025,0.10484776664824746
Sri Lanka,LKA,1985,-0.3956250589796725,0.20435854963440303,0.5956851370595992,0.11409086364526055
Sri Lanka,LKA,1986,-0.337295402151409,0.1765328584119933,0.5579686139243196,0.11423481441756855
Sri Lanka,LKA,1987,-0.29860639740026396,0.15520638798041714,0.5056506338366635,0.11259315703192938
Sri Lanka,LKA,1988,-0.277119907891735,0.14461005668356758,0.5023691099704224,0.12577279583329531
Sri Lanka,LKA,1989,-0.20132531219461294,0.32679935602540017,0.5053031729664783,0.13774015862738856
Sri Lanka,LKA,1990,-0.1461037145795586,0.3765522806358957,0.4795473213870208,0.07110281848130603
Sri Lanka,LKA,1991,0.08830417655184919,0.22240153878517657,0.2802483266250716,0.13262956697171782
Sri Lanka,LKA,1992,0.07237516244229464,0.12039353787829243,0.2917435399873251,0.11999177955684479
Sri Lanka,LKA,1993,0.05514543752347766,0.10184983753361243,0.3006821560992408,0.10194299151529077
Sri Lanka,LKA,1994,0.029252047821290903,0.09753677124552458,0.29771955926146815,0.0985924066176582
Sri Lanka,LKA,1995,-0.020582647148882402,0.10475094500841275,0.315704299087446,0.1732392130168748
Sri Lanka,LKA,1996,-0.08997251729837095,0.09671330774207813,0.29171334762176826,0.1153702313134769
Sri Lanka,LKA,1997,-0.16487313938697973,0.09066569005633074,0.3030307662548821,0.1045212429264486
Sri Lanka,LKA,1998,-0.23965226680492324,0.08429857313609314,0.37596126891151893,0.08588045754494267
Sri Lanka,LKA,1999,-0.31693669204691866,0.07662541331562589,0.45269240761319157,0.07936534018158628
Sri Lanka,LKA,2000,-0.3908691161419509,0.0758883446231105,0.5238397704521803,0.129997784862809
Sri Lanka,LKA,2001,-0.48469878214525425,0.09160530691234282,0.6213243314807524,0.04784919447784808
Sri Lanka,LKA,2002,-0.5618044204017083,0.08467094769557804,0.7122135011947768,0.04319999461800267
Sri Lanka,LKA,2003,-0.6426664960833401,0.07581750754948902,0.8206195009619165,0.032647708138970666
Sri Lanka,LKA,2004,-0.7430980785317326,0.06858403245294893,0.9506331060404566,0.04514607385246025
Sri Lanka,LKA,2005,-0.8497693622912372,0.06590620729824777,1.10341055366204,0.027822498579279403
Sri Lanka,LKA,2006,-1.0304552261517055,0.049713681126732606,1.4907215356861085,0.01270382078536711
Sri Lanka,LKA,2007,-1.0966404060419903,0.06727341909733472,1.512164992200894,0.03305894137899054
Sri Lanka,LKA,2008,-1.154201073571229,0.06699736803484854,1.56808040726443,0.054911598881242446
Sri Lanka,LKA,2009,-1.217540320547376,0.05640634981061643,1.619790103662079,0.05215685756655827
Sri Lanka,LKA,2010,-1.27998581454718,0.04383899714567133,1.6897157600943071,0.05055734526658642
Sri Lanka,LKA,2011,-1.326125316519266,0.036442502418139844,1.9664390269491159,-0.23408398256786378
Sri Lanka,LKA,2012,-1.41457583031547,0.004820545962510386,1.9516502085147036,-0.26402590035922646
Sri Lanka,LKA,2013,-1.5024636885947962,-0.0057899234569149804,1.930639326903075,-0.289362990106917
Sri Lanka,LKA,2014,-1.7157204448768129,-0.4356983837748996,1.9542612917143285,-0.3309941544703474
Sri Lanka,LKA,2015,-1.8001992469432913,-0.4456935942948509,1.9215769934998614,-0.3218449474412092
Sri Lanka,LKA,2016,-2.0892323855607935,-0.5690349638444803,1.9129770742040701,-0.2757910365896732
Sri Lanka,LKA,2017,-2.1361396496245506,-0.35369877600363686,2.0054763239562745,-0.40772417048353915
Sri Lanka,LKA,2018,-2.1331488728761,-0.3633765890250778,1.9810387189709449,-0.2601359925426207
Sri Lanka,LKA,2019,-2.1428466770403225,-0.5421704114914312,1.9680450952316138,-0.17693251907977928
Sri Lanka,LKA,2020,-2.1684126842137834,-0.8701163439461033,1.979056806967171,-0.18958249702614824
Sri Lanka,LKA,2021,-1.9145430762232236,-0.8509263525130959,1.4828463736564723,-0.16624975143431267
Sri Lanka,LKA,2022,-1.9477140404888897,-1.0553813499209728,1.5174984577801938,-0.1967678758182714
Sri Lanka,LKA,2023,-2.0535864554480963,-1.0101196684232963,1.8897260466887904,-0.36380473976430994
Sri Lanka,LKA,2024,-2.0399957576903454,-0.8665499175662983,1.8878453123724983,-0.38320035582164846
Sri Lanka,LKA,2025,-2.03717713404639,-0.07614688560136962,1.864467170486001,-0.1361495539139547
Eswatini,SWZ,1970,-0.025494639781564597,0.09779342971014815,1.5308698821804638,-0.8641946757859137
Eswatini,SWZ,1971,-0.025494639781564597,0.09779342971014815,1.5308698821804638,-0.8641946757859137
Eswatini,SWZ,1972,-0.01257014682558114,0.09995719002973887,1.5271400539853952,-0.8308480167001829
Eswatini,SWZ,1973,-0.00761648250584249,0.11582043099076118,1.527144522576197,-0.8049118610247172
Eswatini,SWZ,1974,0.029994418612996693,0.14085135714169467,0.11957026051174047,-1.3236662077361818
Eswatini,SWZ,1975,-0.004988023620838793,0.24130170793766786,0.3598717287844002,-1.2703515713324909
Eswatini,SWZ,1976,0.0016246835457488888,0.16883177187119197,0.37597171379529315,-1.1840024884286346
Eswatini,SWZ,1977,0.0023794846180084234,0.1579253910176441,0.5676859929387329,-1.1510354397802383
Eswatini,SWZ,1978,-0.0003147168429513125,0.1675995800980904,0.5805055989590872,-0.9852034361487013
Eswatini,SWZ,1979,-0.015915485678124463,0.15330723410818192,2.393924601858404,-1.4717853757899704
Eswatini,SWZ,1980,-0.00861245869863756,0.12666791137170585,1.8353035968115432,-1.1528647476613842
Eswatini,SWZ,1981,0.018035520642685574,0.10726853625699131,1.7763780773947107,-1.086169859112557
Eswatini,SWZ,1982,0.017546731694966563,0.11067063801090585,1.7542369549042176,-1.0581420939259907
Eswatini,SWZ,1983,0.015854230034834774,0.10588572794804652,1.7436255968738905,-1.0206049012938756
Eswatini,SWZ,1984,0.02170483071297793,0.1123649094701465,1.7385235101344825,-0.9960457174553909
Eswatini,SWZ,1985,0.006046584160083079,0.10254975564672145,1.726118945470514,-0.9016547534159
Eswatini,SWZ,1986,-0.005121344327510949,0.09256261642519761,1.68874724604989,-0.8712302475523619
Eswatini,SWZ,1987,-0.010372626571991417,0.14392933572358133,1.6587214554751086,-0.8427397578157885
Eswatini,SWZ,1988,-0.008424117813546617,0.14127237935639086,1.6581983640174855,-0.7499314938782289
Eswatini,SWZ,1989,-0.02312580348346503,0.1022359063943067,1.6079237440640242,-0.6989775281098805
Eswatini,SWZ,1990,-0.02394576794097593,0.08552052650536249,1.5710972032297699,-0.6199014796437244
Eswatini,SWZ,1991,-0.056472598175406494,0.05641743788114252,1.5294352771583648,-0.5290521835024785
Eswatini,SWZ,1992,-0.05349881282271306,0.04376881706528438,1.523147216629326,-0.4772657236956547
Eswatini,SWZ,1993,-0.05218604503647124,0.06383986920210223,1.507862626279199,-0.43019790137645036
Eswatini,SWZ,1994,-0.051946811413166594,0.06949184192206029,1.7215428714878809,-0.41471753200462624
Eswatini,SWZ,1995,-0.05398581604031272,0.07234416195052609,1.686100225949585,-0.3639944713990404
Eswatini,SWZ,1996,-0.05361820458422202,0.0756009601867767,1.6359913341069205,-0.34852272968898956
Eswatini,SWZ,1997,-0.05503539501928871,0.08238328726485486,1.4879638855634334,-0.3460688913516272
Eswatini,SWZ,1998,-0.056819612047941934,0.08489433982759273,1.4934028364834067,-0.3403193813118144
Eswatini,SWZ,1999,-0.06355404489021632,0.08262454419899917,1.4819423760205095,-0.34133223262059376
Eswatini,SWZ,2000,-0.06562916304728846,0.0827726601496219,1.4963460876291115,-0.2959544781025963
Eswatini,SWZ,2001,-0.06621241301001947,0.06731370339106012,1.4555219566875945,-0.32777573378251235
Eswatini,SWZ,2002,-0.06638679560737856,0.06669141394471036,1.4672029322969993,-0.32629071127449616
Eswatini,SWZ,2003,-0.06533414572029969,0.06798408433957227,1.4204578007558613,-0.3322658433978829
Eswatini,SWZ,2004,-0.06232704634928282,0.06994090206820047,1.391301624249827,-0.35569540959778523
Eswatini,SWZ,2005,-0.062053888473148425,0.06774677707078915,1.4278161173114419,-0.34127804150171764
Eswatini,SWZ,2006,-0.06221147537871603,0.07155169654666374,1.3934737788486233,-0.3403952257921805
Eswatini,SWZ,2007,-0.06245387480799005,0.07103100430350567,1.3821757041239668,-0.33616661888482413
Eswatini,SWZ,2008,-0.0654822484070783,-0.007663151823144133,1.4114513597901828,-0.3274691358386262
Eswatini,SWZ,2009,-0.0716565925818672,-0.002427790181761362,1.4521925936694466,-0.3198174658738189
Eswatini,SWZ,2010,-0.07080185500699168,-0.007841233579097402,1.4639918393744131,-0.3110968559535626
Eswatini,SWZ,2011,-0.08344304153475887,-0.017959208350970486,1.4322501326369295,-0.30011536485616813
Eswatini,SWZ,2012,-0.08542333942426651,-0.030827873490691955,1.450079902123556,-0.28802658748939874
Eswatini,SWZ,2013,-0.08661178757926419,-0.029146197601784222,1.4617906246992702,-0.28219889169531925
Eswatini,SWZ,2014,-0.1592207413370017,-0.08028118125354676,1.494209266928184,-0.27149908213602747
Eswatini,SWZ,2015,-0.157941496709225,-0.0814233813857218,1.4780337410763822,-0.27207058390072875
Eswatini,SWZ,2016,-0.1573553087691399,-0.09060867015076371,1.493873474474189,-0.27075462083116997
Eswatini,SWZ,2017,-0.15269723493680137,-0.0399443413902383,1.495199537410752,-0.22867883182045745
Eswatini,SWZ,2018,-0.15271251620751639,0.06513796225656981,1.476762373931851,-0.1418079042648666
Eswatini,SWZ,2019,-0.18220937919982202,-0.17047911553559206,1.4981767704844131,-0.14936918813400388
Eswatini,SWZ,2020,-0.17619804390588995,-0.11002272157510855,1.5017440947529521,-0.16279948265818214
Eswatini,SWZ,2021,-0.11507906517346442,0.11152387896911319,1.4602691222578432,-0.16349959355590046
Eswatini,SWZ,2022,0.01684115650798003,-0.06090470384905364,0.9246679775703406,-0.15897216592254418
Eswatini,SWZ,2023,0.0025607123020562825,-0.17565972082849324,1.1330617609784324,-0.15551700522787784
Eswatini,SWZ,2024,-0.015660022156530735,-0.06369763530388645,1.1361935381374402,-0.1515179341768559
Eswatini,SWZ,2025,-0.016807098619375096,0.17783431617707793,1.0767978363028512,-0.15999047074041017
Tajikistan,TJK,1990,1.8247397094688913,3.9573918562432553,1.0545867390313506,5.459290813180981
Tajikistan,TJK,1991,1.8247397094688913,3.9573918562432553,1.0545867390313506,5.459290813180981
Tajikistan,TJK,1992,-2.0052915429719147,3.860122189655979,1.3830233265308165,5.287087031177423
Tajikistan,TJK,1993,-6.440969110297639,-0.23019693973065825,1.2537014945189766,5.097798770451153
Tajikistan,TJK,1994,-2.0404931969422178,1.3806866230811659,0.7689153649670544,5.173069212272612
Tajikistan,TJK,1995,0.8317782667176763,1.1784371290729019,1.1380492401527222,6.512014090987908
Tajikistan,TJK,1996,1.8580112152542214,0.8585886874742241,1.1464249400405557,6.095955601700709
Tajikistan,TJK,1997,4.56767381732959,0.5261628730644963,0.8935666623083993,5.955766059470282
Tajikistan,TJK,1998,5.690954136460359,0.2967956207643683,0.889100212282887,5.769246942462869
Tajikistan,TJK,1999,3.4004462253096484,0.03515486485133312,0.8947946681723854,5.640322075688017
Tajikistan,TJK,2000,2.4292041397094137,-0.2536709800098489,0.8766781491399638,6.215886699131066
Tajikistan,TJK,2001,1.4313358256698316,-0.39886543473281755,0.9737779987474634,5.539085992778441
Tajikistan,TJK,2002,-0.22239585296451295,-0.2790862504983811,0.9650989468735254,5.354042465490633
Tajikistan,TJK,2003,-0.6023541486437162,-0.14724123626025887,0.8721113130241192,5.152429136982038
Tajikistan,TJK,2004,-1.8955521056611124,-0.0019204963802259556,0.8897730522613052,4.92327081640599
Tajikistan,TJK,2005,-3.7943040977158446,0.11767802479037015,0.9006758680014708,4.643551040195666
Tajikistan,TJK,2006,-2.722835521952183,0.3877835721708002,1.0278279326865427,4.500371220555076
Tajikistan,TJK,2007,-1.7900329788541396,0.7154630872554588,1.0158015336735358,4.2670320079751
Tajikistan,TJK,2008,-1.3664133630209798,0.6733499166538903,0.9979921495261874,3.9150748766788075
Tajikistan,TJK,2009,-1.371908363176718,0.6342660678940772,0.9815200461610867,3.76323412373272
Tajikistan,TJK,2010,-1.648439284668861,0.5883186145275006,0.9856268038583819,3.523025874518796
Tajikistan,TJK,2011,-0.2956810428447397,0.6709049656353584,1.0162489032992994,3.3247353250859764
Tajikistan,TJK,2012,1.8137319327757133,0.8310646848663693,1.017683159823144,3.289096995291131
Tajikistan,TJK,2013,3.935752179046927,1.1086233980480795,1.0036278677819652,3.29011483305194
Tajikistan,TJK,2014,4.809662803445418,1.5047042905833439,0.9725021876010533,3.260635939300582
Tajikistan,TJK,2015,5.9442695014189555,1.996484728590637,0.9480386032718016,3.264561053051218
Tajikistan,TJK,2016,5.760027544306544,2.365892261220157,0.9772153633510974,3.237600774078521
Tajikistan,TJK,2017,4.301629952839296,1.9124061989566599,1.1336917127594357,3.8364848990181413
Tajikistan,TJK,2018,2.891313422937786,1.6676473909102998,1.144324070107583,3.2367078945040015
Tajikistan,TJK,2019,1.125380522707909,1.1768338675726417,1.1294368875118845,2.943094455160587
Tajikistan,TJK,2020,1.1209343108051926,1.022669738169036,1.1403873795940602,2.7766181813155404
Tajikistan,TJK,2021,1.1032477216121277,0.8961437787283142,1.244625670055291,2.8119922440709684
Tajikistan,TJK,2022,1.0923519115395548,0.845915459898618,1.4118557356264125,2.8044874844302026
Tajikistan,TJK,2023,1.1005332482516237,0.8810978397135654,1.0791359667254015,2.6272963686092154
Tajikistan,TJK,2024,1.1018913530533376,1.0184314939354289,1.090005941232145,2.6178296204065683
Tajikistan,TJK,2025,1.1028163969655191,0.6291967346079301,1.0690138600867125,2.535188425368325
Togo,TGO,1970,0.7247347985307341,0.9490301677231786,3.416431408174806,-0.10389949001863222
Togo,TGO,1971,0.7247347985307341,0.9490301677231786,3.416431408174806,-0.10389949001863222
Togo,TGO,1972,0.683254048229117,0.9722936184367093,2.2604582397955273,-0.21014907092090307
Togo,TGO,1973,0.6378594110116894,0.9601536738551057,1.2545964222217347,0.009961963637058369
Togo,TGO,1974,0.6641996281385969,0.9378105334870269,0.6759824210399064,0.08412278324953779
Togo,TGO,1975,0.716481535726788,0.9437406391081077,0.6890367015165311,0.07832943813592727
Togo,TGO,1976,0.7355255026803196,0.6744131820924248,0.6845020367413762,0.017858917448601908
Togo,TGO,1977,0.7395708817292265,0.7174769699240047,0.3587457542222596,0.005919798487950573
Togo,TGO,1978,0.7384427793998266,0.7711224631526296,0.9232055321709315,-0.08287829018825643
Togo,TGO,1979,0.7449531049715303,0.8365263814548389,5.308821898119329,-0.11003568698154173
Togo,TGO,1980,0.8832459647854007,0.930291214870794,5.308821898119329,-0.05503740097524008
Togo,TGO,1981,0.7649273037664535,0.9105669380386406,5.308821898119329,-0.10052898026816262
Togo,TGO,1982,0.6952720823009346,0.9915624844168066,3.886308718782202,-0.09927967967222415
Togo,TGO,1983,0.6318735374268959,1.0799500879520436,2.215269447037284,-0.09977011038334377
Togo,TGO,1984,0.6231971499444398,1.1747673928911029,1.7723338393091903,-0.09791404433831552
Togo,TGO,1985,0.608397423367292,1.2725719212134121,0.6275649340655622,-0.1307250215939479
Togo,TGO,1986,0.6454260631503725,1.3695150088549677,0.7835611273831451,-0.10695872831343961
Togo,TGO,1987,0.5418360724438297,1.518357187728538,0.457878084786828,-0.06282031745980264
Togo,TGO,1988,0.5354806351904461,1.5862591610693628,0.39349176904746697,-0.31714670941888495
Togo,TGO,1989,0.736419392624265,1.6952954511658884,0.38037422502560847,-0.3075053748564006
Togo,TGO,1990,1.2079195171111983,1.9126079866032877,0.4706655721121177,-0.3624658256542165
Togo,TGO,1991,3.666131959750034,2.5715121974657373,1.3790991557642116,-0.19652320614528337
Togo,TGO,1992,2.375115136174038,2.5278325880389048,2.2394385222520503,-1.387435675664745
Togo,TGO,1993,2.264015670747968,2.372877748213633,1.3484883608951215,-0.9802998384656444
Togo,TGO,1994,1.510589261510317,2.3998529864705236,-0.8493816413082413,-0.9690128326222104
Togo,TGO,1995,1.2630675522439654,2.342943643429318,-0.12928147114317337,-0.8605056732697859
Togo,TGO,1996,1.1104921639111924,2.3146684084299447,-0.06028739968664787,-0.7377293617590029
Togo,TGO,1997,1.0027751345017104,2.302016410863734,1.2022461755161533,-0.7396433547348128
Togo,TGO,1998,0.8893265262376083,2.3183913342917792,1.9426832106764058,-0.7418967119671508
Togo,TGO,1999,0.9014926001833536,2.343868425210599,1.2090943402622807,-0.7484707263050259
Togo,TGO,2000,1.077447462357851,2.355119952681399,0.6852704809521146,-0.7410308067670812
Togo,TGO,2001,1.2599521803802656,2.376104148046967,0.3019768023493504,-0.7099663777589509
Togo,TGO,2002,1.463725203227439,2.3685555532526514,0.10245377933851013,-0.7131443890418555
Togo,TGO,2003,1.8728177631715894,2.364193617178998,-0.7433463413205057,-0.7254781622398612
Togo,TGO,2004,2.3064455600345433,2.363434238309404,-1.1553994663345943,-0.6783773318801338
Togo,TGO,2005,2.9934521029822014,2.362110089186922,-1.0564612872926524,-0.7209408132948834
Togo,TGO,2006,2.9458799129947044,2.548459825413601,-2.14863209953021,-0.7736698561893772
Togo,TGO,2007,2.718927768675264,2.5165916922551417,-1.1331910597034913,-0.7251832158588226
Togo,TGO,2008,2.467191140750973,2.6217307893107105,-0.3482492855302449,-0.6480049285368483
Togo,TGO,2009,2.164242286176427,2.539901660479157,0.8255003166051994,-0.6397146867728664
Togo,TGO,2010,1.8668101229385206,2.453385068396523,2.1264616187614678,-0.6103750470418804
Togo,TGO,2011,1.4535674515719237,2.368412582078028,1.0883090537384383,-0.67335900232859
Togo,TGO,2012,1.1467662433979309,2.2704160773749065,0.6168274335040926,-0.6945827690601443
Togo,TGO,2013,0.861463812987532,2.1867433042791653,0.311926936706465,-0.7042579483386741
Togo,TGO,2014,0.6467496391844012,2.0247027569519505,0.976885612541537,-0.7042925835113434
Togo,TGO,2015,0.5583767240445946,1.9716651323586727,2.1827032132308193,-0.713099705527522
Togo,TGO,2016,0.583049913543615,1.859938919424334,2.7227639109111745,-0.7469473926750176
Togo,TGO,2017,0.6709541068799143,1.77065749968183,2.505767647705745,-0.5997629765717172
Togo,TGO,2018,0.7862828269658324,1.7277451854282282,3.4124765082490756,-0.4448765404607965
Togo,TGO,2019,0.7702748042512666,1.7805760942546667,3.8949491683846045,-0.3169738127606183
Togo,TGO,2020,0.75656895544481,1.6668577975934946,3.90083487457477,-0.31985887564940063
Togo,TGO,2021,0.6510487708123758,1.7688393376655331,3.899826396806471,-0.33164460315996536
Togo,TGO,2022,0.7276008086498325,1.8863070469436432,3.8748311353137836,-0.3134409979867654
Togo,TGO,2023,0.7026885358455925,1.8229253442033377,3.870670880219499,-0.2969688417611739
Togo,TGO,2024,0.7400229688534958,1.7812405408409286,3.873928308917712,-0.29624007216265547
Togo,TGO,2025,0.7464770714250619,1.580373900633961,3.871532867848118,-0.12901562678810863
Trinidad and Tobago,TTO,1970,0.15000123561837508,0.29980990953567305,0.592035239422055,0.046884863723123976
Trinidad and Tobago,TTO,1971,0.15000123561837508,0.29980990953567305,0.592035239422055,0.046884863723123976
Trinidad and Tobago,TTO,1972,0.18812048381548097,0.29016573495900094,0.6001813009490009,0.08986566733493234
Trinidad and Tobago,TTO,1973,0.1826764169523527,0.2791628359329314,0.5928453522137256,0.09203531203430305
Trinidad and Tobago,TTO,1974,0.17737476393770218,0.28946926919157884,0.5717811978007064,0.08733884568312865
Trinidad and Tobago,TTO,1975,0.17426922655669955,0.2931623811149414,0.5497183224050372,0.08994310529182763
Trinidad and Tobago,TTO,1976,0.1704486430780709,0.3515388325618029,0.5524089396129438,0.08561826719278746
Trinidad and Tobago,TTO,1977,0.14816073759540876,0.4301239990778852,0.7701329095398498,0.0603192227277209
Trinidad and Tobago,TTO,1978,0.15112553164416292,0.502544855765896,0.7446459019679815,0.03241673470144645
Trinidad and Tobago,TTO,1979,0.15529662735202723,0.5679062119128709,0.7413601017216285,0.051988725760396724
Trinidad and Tobago,TTO,1980,0.14999072798616958,0.6537198754409954,0.5453890640575321,0.04494600453881968
Trinidad and Tobago,TTO,1981,0.1108461263015435,0.7851236794014519,0.5889930539544406,0.13018347527782737
Trinidad and Tobago,TTO,1982,0.10907808334794647,0.7288684392838616,0.6130770100855076,0.12891869824231392
Trinidad and Tobago,TTO,1983,0.10883944189912823,0.6419379609613138,0.6119169220076455,0.12501885022220732
Trinidad and Tobago,TTO,1984,0.104754653125855,0.5363374012063868,0.604704892500395,0.12393143634675895
Trinidad and Tobago,TTO,1985,0.10400242211278604,0.42972025705845823,0.6028299447549462,0.11889307669733662
Trinidad and Tobago,TTO,1986,0.11175023939453399,0.3106787990061099,0.5904007721801227,0.11379738591901398
Trinidad and Tobago,TTO,1987,0.1724405612493387,0.19421079851662076,0.6271612953072612,0.1290860015627547
Trinidad and Tobago,TTO,1988,0.2001241136930026,0.11745412759309755,0.6272462323395425,0.14887033081195672
Trinidad and Tobago,TTO,1989,0.18658281763690687,0.03719788798830018,0.6138032412620228,0.1749683278296212
Trinidad and Tobago,TTO,1990,0.16141450269342267,-0.04636596472369478,0.5878893237601226,0.17518429334805838
Trinidad and Tobago,TTO,1991,0.15278912765167363,-0.19694385216687565,0.6133231335273679,0.13163463165091752
Trinidad and Tobago,TTO,1992,0.1403181811935052,-0.3171914930131385,0.6439110702447663,0.14679850702226044
Trinidad and Tobago,TTO,1993,0.13551886367009924,-0.28138234921130806,0.63501679308246,0.14240401838559552
Trinidad and Tobago,TTO,1994,0.13723165255942127,-0.26351602350478387,0.5933990855994014,0.1416741440991474
Trinidad and Tobago,TTO,1995,0.13870614768179318,-0.24829330653645498,0.5822606938767889,0.12937505373491334
Trinidad and Tobago,TTO,1996,0.14047592165250258,-0.23146321272677495,0.5685999445114105,0.11931601174408171
Trinidad and Tobago,TTO,1997,0.14324692074434817,-0.2179060231593618,0.4800410395444136,0.12241519417935598
Trinidad and Tobago,TTO,1998,0.14673327309509682,-0.2057890845509763,0.4789795344060803,0.1303546619226267
Trinidad and Tobago,TTO,1999,0.14767748092816274,-0.1936696419114604,0.49430660454858333,0.13264665727335723
Trinidad and Tobago,TTO,2000,0.15093059728368485,-0.17727312879990992,0.49751885367798154,0.12486612749749312
Trinidad and Tobago,TTO,2001,0.18572134208505542,-0.15450085195629082,0.5593488365758834,0.1105641475824779
Trinidad and Tobago,TTO,2002,0.18529406487678302,-0.12048709366341503,0.5586587174486691,0.10897041093901258
Trinidad and Tobago,TTO,2003,0.1824212808600458,-0.09247794341556145,0.5591501499553322,0.11440311854398413
Trinidad and Tobago,TTO,2004,0.18506378849296956,-0.057584714311842124,0.5716138252823695,0.1161458143948883
Trinidad and Tobago,TTO,2005,0.18420857922674022,-0.023514090436877147,0.5655368613064808,0.11739053366216116
Trinidad and Tobago,TTO,2006,0.18705198453360236,0.008655448229078433,0.5271301756426011,0.11852877211808364
Trinidad and Tobago,TTO,2007,0.18798583505565242,0.04212150487804052,0.5012126122089101,0.004713450733169283
Trinidad and Tobago,TTO,2008,0.18782473996164686,0.09979538759914655,0.5321515788936654,-0.13272478675498295
Trinidad and Tobago,TTO,2009,0.18710955616354283,0.11655290559056752,0.5150738399135022,-0.12162933593980149
Trinidad and Tobago,TTO,2010,0.18662611329373274,0.13057872508004936,0.516604439443043,-0.10542453905663476
Trinidad and Tobago,TTO,2011,0.19092923386311172,0.14766614619366616,0.5748662648658422,-0.07451108523314834
Trinidad and Tobago,TTO,2012,0.18488103686116658,0.154798224659486,0.5766848050251429,-0.0713804793573801
Trinidad and Tobago,TTO,2013,0.1852761088549026,0.17043390195690983,0.5754627191680307,-0.06765713038533319
Trinidad and Tobago,TTO,2014,0.18258763780357104,0.1286746082024066,0.5751075211264949,-0.05915188305448848
Trinidad and Tobago,TTO,2015,0.18101060992810614,0.1802968227200757,0.5711360809401644,-0.05474289371338874
Trinidad and Tobago,TTO,2016,0.17942438688394524,0.24264617568774666,0.5802030642925968,-0.04955494874174291
Trinidad and Tobago,TTO,2017,0.17680265730538774,0.4726928128122076,0.6376734764522327,0.009831502583086897
Trinidad and Tobago,TTO,2018,0.17837632715158974,0.46087274916643406,0.6289947684788386,0.04117631570093449
Trinidad and Tobago,TTO,2019,0.1782999497955544,0.4597528984048589,0.6226301941911542,0.06692984543430439
Trinidad and Tobago,TTO,2020,0.18456746422543585,0.40170124841566784,0.6160514953989256,0.049730497124367765
Trinidad and Tobago,TTO,2021,0.24613485465313178,0.48246519379113223,0.5725604121515668,0.056261211135180594
Trinidad and Tobago,TTO,2022,0.13898972884327582,0.3174589103902011,0.47723742550194115,0.056967583663077345
Trinidad and Tobago,TTO,2023,0.14825315180952167,0.3380100939401138,0.5492582208249447,0.05623358578692337
Trinidad and Tobago,TTO,2024,0.164564287483571,0.37852582385291034,0.5575146494629749,0.0622719512742352
Trinidad and Tobago,TTO,2025,0.16259652715806494,0.43280346797554525,0.5351945835040277,0.05757975507658765
Turkmenistan,TKM,1990,-1.1246674416995273,-0.23538162570375082,0.13045064743311824,2.281352829900168
Turkmenistan,TKM,1991,-1.1246674416995273,-0.23538162570375082,0.13045064743311824,2.281352829900168
Turkmenistan,TKM,1992,-1.1383518115241749,-0.33580022927205233,0.19418255760825914,4.050745893958654
Turkmenistan,TKM,1993,-1.2503183616571523,-0.2214592377279,0.27259255902699936,3.4577893342868045
Turkmenistan,TKM,1994,-1.2502924392313872,-0.21808387532609164,0.21188857815786866,3.2943048001658024
Turkmenistan,TKM,1995,-1.2416287074329828,-0.2524385353201731,0.3314085228380235,2.922589059936927
Turkmenistan,TKM,1996,-1.2171515266529598,-0.2517417049944759,0.3042075234654746,2.4438717258197866
Turkmenistan,TKM,1997,-1.1966827076303055,-0.25109243530531183,0.20702255907568645,2.335501845913093
Turkmenistan,TKM,1998,-1.2139175792137231,-0.2541649454767097,0.23764726947484413,2.2138590632513235
Turkmenistan,TKM,1999,-1.1832024772393044,-0.2562897573598043,0.2516780712943133,2.105256380740339
Turkmenistan,TKM,2000,-1.158603595871106,-0.2789809318408616,0.32597945602813083,1.7268189317153912
Turkmenistan,TKM,2001,-1.1302082801861455,-0.22283868710744392,0.14370901631363175,1.5181482533364092
Turkmenistan,TKM,2002,-1.0961654034463986,-0.2234936844252982,0.14382962493950247,1.4702937188775558
Turkmenistan,TKM,2003,-1.0485037746222896,-0.22518647473132514,0.13234610026927648,1.4066900904264412
Turkmenistan,TKM,2004,-1.0151629222469964,-0.22529744255371956,0.14882982208850198,1.306343744988217
Turkmenistan,TKM,2005,-0.9825757546714833,-0.23114049165335898,0.21761975430358932,1.1598141039818004
Turkmenistan,TKM,2006,-0.9635682977406257,-0.23124915830775766,0.21007093102977853,1.1314779447279482
Turkmenistan,TKM,2007,-0.9470258677795373,-0.23784530360015196,0.12035787185966926,1.078423132320424
Turkmenistan,TKM,2008,-0.9989089706861116,-0.5637656773459918,0.3262302312562951,1.1648584029344025
Turkmenistan,TKM,2009,-0.9549250521692222,-0.5468520371011656,0.3065931348500325,1.144830634188481
Turkmenistan,TKM,2010,-0.9319304972632467,-0.53352453257059,0.30982057067740587,1.092391204713827
Turkmenistan,TKM,2011,-0.8600350454610297,-0.5078511030916719,0.25620393820548265,0.9490489913840477
Turkmenistan,TKM,2012,-0.7961932585140136,-0.4903722184841077,0.25388288348490035,0.9144421438169981
Turkmenistan,TKM,2013,-0.7746782748068309,-0.5101609002007113,0.23981869074092757,0.869950816304321
Turkmenistan,TKM,2014,-0.6699411250554033,-0.40515731506031905,0.24449602765374567,0.800737761156042
Turkmenistan,TKM,2015,-0.656310805368816,-0.3963705840189653,0.22380415613325666,0.7648061209279526
Turkmenistan,TKM,2016,-0.6476279353651122,-0.3790675039424849,0.21808757760239578,0.7369029070580178
Turkmenistan,TKM,2017,-0.635967880807891,-0.3506243657298151,0.24643770522149713,0.5588283930168352
Turkmenistan,TKM,2018,-0.6490028604121297,-0.48966046696339055,0.23623178470500172,0.3715064121462569
Turkmenistan,TKM,2019,-0.6327382653525353,-0.3818023376761526,0.2337664355340751,0.2410284825681605
Turkmenistan,TKM,2020,-0.5819864854319781,-0.2882728281409716,0.2133546168842515,0.311306364076271
Turkmenistan,TKM,2021,-0.4850692567196281,-0.30974730636882714,0.08268849689612319,0.3270989998869366
Turkmenistan,TKM,2022,-0.4261808536971606,-0.27122621733163377,0.05575710627728341,0.32568151810586676
Turkmenistan,TKM,2023,-0.4156889380660276,-0.3039520847034627,-0.02236290327851151,0.41065215591316406
Turkmenistan,TKM,2024,-0.5339049408011499,-0.3631111122322637,-0.009288303988031696,0.33257215595272016
Turkmenistan,TKM,2025,-0.5305105702121863,-0.1500777113374357,-0.03316580732576868,0.332547047674645
Uzbekistan,UZB,1990,-0.14592578860809588,2.9844608150311682,0.8763828754349878,4.496713729096362
Uzbekistan,UZB,1991,-0.14592578860809588,2.9844608150311682,0.8763828754349878,4.496713729096362
Uzbekistan,UZB,1992,-0.06099723211174435,0.7598234189478144,1.234753640673126,6.026506789036858
Uzbekistan,UZB,1993,-0.2916634407492686,-0.8132337017767985,1.2797713398237855,5.487259832375882
Uzbekistan,UZB,1994,-0.3792608134999678,-0.6375086634258373,1.1000630278330963,5.106681397060536
Uzbekistan,UZB,1995,-0.4199589807599338,-0.33343657736183496,1.0520799002507217,4.434008075503616
Uzbekistan,UZB,1996,-0.4457307311593211,0.045485063184412866,0.9643330169346584,3.9356140997271196
Uzbekistan,UZB,1997,-0.47024994696169803,-0.05780044205684465,0.8034409966194436,3.7300730087995246
Uzbekistan,UZB,1998,-0.49277630333213895,0.0345412461724236,0.7624053476545535,3.493731185573412
Uzbekistan,UZB,1999,-0.5215625619248695,0.05999647641883943,0.7101283126485729,3.3075287070840083
Uzbekistan,UZB,2000,-0.552640755799067,0.38491038864063587,0.6681624850786823,2.916468267400826
Uzbekistan,UZB,2001,-0.573488314827528,0.41402849176078715,0.6361573878938422,2.7124412635658777
Uzbekistan,UZB,2002,-0.5775077113373512,0.30075974593175864,0.6021455105552371,2.6043084905690543
Uzbekistan,UZB,2003,-0.5788268833904388,0.17584838160362753,0.5194353173480519,2.552978863527958
Uzbekistan,UZB,2004,-0.5903448852976741,0.02737888204679939,0.4899141797702181,2.2428953233819593
Uzbekistan,UZB,2005,-0.6049784616653041,0.13617114151126286,0.5154655071975915,2.132480708535282
Uzbekistan,UZB,2006,-0.643939397739841,0.17087906025121444,0.5073776941926317,2.0702746245887034
Uzbekistan,UZB,2007,-0.6723784613069381,-0.17561286795842163,0.4366751679146521,1.9649036675631062
Uzbekistan,UZB,2008,-0.6969025107954887,-0.12113974079492001,0.4269327806011537,1.8587010329840905
Uzbekistan,UZB,2009,-0.7244269492729141,-0.2251566964103044,0.36267389000750083,1.7682485186391972
Uzbekistan,UZB,2010,-0.7419394531894415,-0.3697196548201826,0.3533605453669044,1.6351218775732417
Uzbekistan,UZB,2011,-0.7380049956778737,-0.6507034957395792,0.23533755800310252,1.4878577301502827
Uzbekistan,UZB,2012,-0.771112738698772,-0.9461750774971465,0.23009735154353278,1.4822093607325741
Uzbekistan,UZB,2013,-0.8143233376035801,-1.3052158895373898,0.23107366391712356,1.4894415686141844
Uzbekistan,UZB,2014,-0.9728276303855681,-1.9498873583532323,0.2303213839903891,1.4769899784069098
Uzbekistan,UZB,2015,-1.0173269472390467,-2.496536005064228,0.21767945494026986,1.4894778147709837
Uzbekistan,UZB,2016,-1.0582484863983048,-3.037953227237704,0.23681835384488925,1.4720347252547745
Uzbekistan,UZB,2017,-1.2739203260660776,-2.9162443904699256,0.31810871127243084,1.3580098029107874
Uzbekistan,UZB,2018,-1.376590792226109,-2.243192719033009,0.20976330247601507,1.4164806895765425
Uzbekistan,UZB,2019,-1.3958742872238603,-1.303876759999397,0.20689681209362584,1.319589095573762
Uzbekistan,UZB,2020,-1.345060146214009,-1.280016601923755,0.23622850920650024,1.3103600928249035
Uzbekistan,UZB,2021,-1.3334371162066627,-1.279845006836748,0.33130938879123667,1.3298138267391209
Uzbekistan,UZB,2022,-1.188861801698474,-1.2479593622394856,0.278587331893869,1.3795032734222565
Uzbekistan,UZB,2023,-1.2064006856018161,-1.3196051322944053,0.20644522177229932,1.297028890175958
Uzbekistan,UZB,2024,-1.1217768753380168,-1.248075508448174,0.17632153600794548,1.4802698702050912
Uzbekistan,UZB,2025,-1.11695521909533,-1.2683688398852533,0.20539154440401014,1.3632009215143448
Bahrain,BHR,1970,-0.35391979944699814,0.17787390706620498,-0.24089795398849506,-0.36292780012440723
Bahrain,BHR,1971,-0.35391979944699814,0.17787390706620498,-0.24089795398849506,-0.36292780012440723
Bahrain,BHR,1972,-0.42065337338395814,0.1398874895209563,-0.2858917220705751,-0.5657107790467063
Bahrain,BHR,1973,-0.4318567062578055,0.12295918792223157,-0.3100724664698825,-0.8512608589677655
Bahrain,BHR,1974,-0.43547140492471514,0.06663662476628239,-0.12019006156888859,-0.7672490274658335
Bahrain,BHR,1975,-0.43549996155121307,0.06858234593859186,-0.1329798750563662,-0.7250541744741512
Bahrain,BHR,1976,-0.3873453878488778,0.05895539328141672,-0.1987255753741337,-0.47754638839008656
Bahrain,BHR,1977,-0.31696682034229173,0.1514542517816038,-0.6914475834726509,-0.3846844187645108
Bahrain,BHR,1978,-0.3013564905529746,0.15202779119756363,-0.6428517504340173,-0.3379516861796307
Bahrain,BHR,1979,-0.287281754551217,0.15074633311325428,-0.40261330594396455,-0.3242965987196149
Bahrain,BHR,1980,-0.27201349321758556,0.14471610892870826,-0.22571674991312654,-0.28552906688102775
Bahrain,BHR,1981,-0.27651296939016634,0.15288575772422752,-0.19416919205057692,-0.2853975255347453
Bahrain,BHR,1982,-0.26239586865341913,0.13017874828547626,-0.17185765919785115,-0.28511459166343667
Bahrain,BHR,1983,-0.2469050047470443,0.13614268958558445,-0.15353616408819928,-0.2869673261392312
Bahrain,BHR,1984,-0.22938572961838613,0.1397700456672021,-0.132818715775973,-0.2876717067931566
Bahrain,BHR,1985,-0.20474563988718822,0.14576039877462235,-0.11501021898362791,-0.2718493438918338
Bahrain,BHR,1986,-0.17795509676288906,0.14408530564689195,-0.09002245233784821,-0.27488489770183555
Bahrain,BHR,1987,-0.1532036138585287,0.14343299259176936,-0.06216563915102513,-0.2683742177245011
Bahrain,BHR,1988,-0.13556755113217506,0.14877602022014272,-0.04542427953880192,-0.2466204924996862
Bahrain,BHR,1989,-0.11808091282610915,0.15376568655309547,-0.021137871062415964,-0.251811844973163
Bahrain,BHR,1990,-0.098899268768463,0.15412106970019862,0.006520358899977041,-0.23254977490655854
Bahrain,BHR,1991,-0.005956592186521779,0.2449779607529181,0.09851225257760911,-0.22065307419631178
Bahrain,BHR,1992,0.009575777262755707,0.24529719559084145,0.11824565204685128,-0.21934447069761226
Bahrain,BHR,1993,0.022218031327696123,0.24986592601486984,0.1514711546768853,-0.24492228893816517
Bahrain,BHR,1994,0.03098148450457622,0.25589831642051375,0.17833274798814097,-0.2463069447058768
Bahrain,BHR,1995,0.041518558192870085,0.2775829231114003,0.20858586419260045,-0.25786187134545674
Bahrain,BHR,1996,0.05024853621129995,0.2868097546909185,0.2446500722702116,-0.28442869032931484
Bahrain,BHR,1997,0.056358691138583,0.2784779539851258,0.251847975309255,-0.2878434375372298
Bahrain,BHR,1998,0.0647409119459877,0.2877982354300366,0.2738186022030759,-0.29074950449554693
Bahrain,BHR,1999,0.07321302496983165,0.2975276314130949,0.30090534444733813,-0.2952785743940005
Bahrain,BHR,2000,0.0963238714435213,0.3123447204854063,0.31860418603119495,-0.2607223002960232
Bahrain,BHR,2001,0.18707107721186444,0.2750123177461629,0.4150620391494404,-0.2648445711660059
Bahrain,BHR,2002,0.2115946661780242,0.24196766539427858,0.5057886705395593,-0.33879526392383197
Bahrain,BHR,2003,0.2599137901990854,0.24829373767095242,1.7104462202071111,-0.7187178396492506
Bahrain,BHR,2004,0.23742558716627912,0.24568865975049473,1.6468161965503283,-0.6696974762070289
Bahrain,BHR,2005,0.2162413612770025,0.2535869509427867,1.597222471203899,-0.6444459636384527
Bahrain,BHR,2006,0.20075522017009667,0.2581669967987563,1.3695408413358199,-0.6354643161027655
Bahrain,BHR,2007,0.1865499042014266,0.2692102927857848,1.3295546011936152,-0.590086222502344
Bahrain,BHR,2008,0.17178198176103496,0.27262179675626413,1.3154453672381217,-0.5496582882194145
Bahrain,BHR,2009,0.1553336475127114,0.27848824492616914,1.2732689122607737,-0.549343937129386
Bahrain,BHR,2010,0.13845733016910633,0.28595649682741237,1.2668329659013073,-0.5448928832447126
Bahrain,BHR,2011,0.10938298173449737,0.3295284998730467,1.2158814628750558,-0.3934276100948021
Bahrain,BHR,2012,-0.30895775931915,0.31055260197685775,1.2162413238725946,-0.41923183819995513
Bahrain,BHR,2013,-0.3024638151791569,0.40938236544578943,1.2154711712586388,-0.4210436631957796
Bahrain,BHR,2014,-0.25653161412741404,0.4525340383176327,1.2234673509517966,-0.42369098339668154
Bahrain,BHR,2015,-0.2394668529433428,0.4520033127173991,1.2368945489408798,-0.4057050726091276
Bahrain,BHR,2016,-0.23095275671360116,0.47525361785825393,1.2113618954918937,-0.4029253152358121
Bahrain,BHR,2017,-0.19116591047296536,0.7109311733764703,1.1890630347999256,-0.33842614504758806
Bahrain,BHR,2018,-0.18492084213249582,0.7646364264158996,1.1801885671956616,-0.36194841162901514
Bahrain,BHR,2019,-0.1718868703194601,0.8909355685502117,1.250422013562074,-0.4288464091684258
Bahrain,BHR,2020,-0.1456355857122854,0.9009355022747771,1.2226541269996654,-0.3739858844884233
Bahrain,BHR,2021,-0.14933646057593722,0.9859072279600279,1.0894529463289173,-0.37448030731921306
Bahrain,BHR,2022,-0.18979055117146987,0.8731047625508183,1.0905432880276678,-0.40525005637322264
Bahrain,BHR,2023,-0.21213910592002344,0.8258648820376766,0.89874725144742,-0.4058183456850715
Bahrain,BHR,2024,-0.2830539914585681,0.6023870998168747,0.9235737898441714,-0.40074717328743126
Bahrain,BHR,2025,-0.27775121554822324,0.3870619896136015,0.8194779924174673,-0.394059718365829
Belgium,BEL,1970,0.18274134869461592,-0.04166019073988219,0.12056781030737812,-0.06288186140206542
Belgium,BEL,1971,0.18274134869461592,-0.04166019073988219,0.12056781030737812,-0.06288186140206542
Belgium,BEL,1972,0.1812449873014037,-0.0403887737907081,0.12003231556402563,-0.05032283427898944
Belgium,BEL,1973,0.17336196874391552,-0.05277260766409676,0.10778891295839169,-0.02511202810234637
Belgium,BEL,1974,0.16881010634029883,-0.05088125089839062,0.1013661395513299,-0.025162799267061716
Belgium,BEL,1975,0.16913010645991786,-0.054315523016112824,0.05898223974834227,-0.03068289390713034
Belgium,BEL,1976,0.16825870478199667,-0.025875415083832225,0.05805661554436724,-0.018620223140930425
Belgium,BEL,1977,0.16430935645435846,-0.03241671765300926,0.10394380603708128,-0.019166728980174328
Belgium,BEL,1978,0.1642461223815973,-0.021865249733524533,0.12749504551094118,-0.003900649376167112
Belgium,BEL,1979,0.16377613424755166,-0.024238994867635442,0.10619376727274371,-0.0010528516286844002
Belgium,BEL,1980,0.15766338654095602,-0.026093129303629954,0.05385067489056468,-0.014090080184149489
Belgium,BEL,1981,0.17149130601148346,0.055387797754239174,0.09637407145365137,0.005607675603457139
Belgium,BEL,1982,0.18208183187292087,0.07669844323696819,0.09583538376527359,0.0033965155277215003
Belgium,BEL,1983,0.18200496395178442,0.07941604047599456,0.09644844823332918,-0.0019919597659133047
Belgium,BEL,1984,0.1969875727599384,0.080258846390602,0.11277388123059409,0.004496618148953712
Belgium,BEL,1985,0.1789879796020321,0.07296624471231533,0.11009970170356084,0.047711009514953245
Belgium,BEL,1986,0.14757975255860897,0.015938955247041288,0.12271982616329923,0.03765482213288305
Belgium,BEL,1987,0.1545259963510737,0.00914434372245683,0.10204753577736679,0.04646432279840692
Belgium,BEL,1988,0.14313091145441564,-0.009483358871563853,0.10536605311763916,0.035771239422949
Belgium,BEL,1989,0.17190992022943752,0.03782292302500527,0.10188111708191902,0.0643647703321676
Belgium,BEL,1990,0.15432536661476773,-0.004100270227692266,0.10529039898122244,0.1423095777684505
Belgium,BEL,1991,0.21187960135969247,0.003049859092609245,0.1591781097204593,-0.07548455919062105
Belgium,BEL,1992,0.1992012078096017,-0.02902111166180052,0.16348623632476766,-0.12727227686833092
Belgium,BEL,1993,0.19717493018131282,-0.04350123462681556,0.1547829879914654,-0.06898617229409443
Belgium,BEL,1994,0.19495394388584084,-0.04694901822845855,0.16748157636383013,-0.08169755345356876
Belgium,BEL,1995,0.19428173961223913,-0.04615166994773783,0.21646955660461958,0.04742448620850029
Belgium,BEL,1996,0.19454196134282792,-0.04896050873594805,0.23702619515427545,0.04992027031235474
Belgium,BEL,1997,0.1974663700059721,-0.0427090931436615,0.16889169900077922,0.050425289728975774
Belgium,BEL,1998,0.19857500718716276,-0.04311850824821605,0.16671005904756636,0.04487863649641978
Belgium,BEL,1999,0.2016531213561807,-0.046156472194877715,0.1961587182981085,0.048746721388051875
Belgium,BEL,2000,0.20731563545738402,-0.04548053197339101,0.19421026619229415,0.016497171734604046
Belgium,BEL,2001,0.2021852324681161,-0.037224708196052975,0.17173791776668115,0.043801920220388216
Belgium,BEL,2002,0.20253803287210315,-0.03680308854807375,0.17055102147766987,0.04291059092763326
Belgium,BEL,2003,0.20088098638601753,-0.03674955168883899,0.1651219386673308,0.04084101332822002
Belgium,BEL,2004,0.20690140889950326,-0.0353511394225811,0.14514439881707583,-0.025772613477435386
Belgium,BEL,2005,0.2098995420274053,-0.02596644824915756,0.12803261601709778,-0.0014052596509760945
Belgium,BEL,2006,0.21616852367394707,-0.023870719606655218,0.13502606997400896,-0.005279868572879268
Belgium,BEL,2007,0.21476259119110266,-0.022635117382066486,0.13374157116516694,-0.004355714960688485
Belgium,BEL,2008,0.21955068532976874,-0.02688527018051197,0.12252823944765975,-0.02319746217869901
Belgium,BEL,2009,0.21663861052600764,-0.025338985605093192,0.1119679256899559,-0.013903531081418157
Belgium,BEL,2010,0.21450694948565988,-0.02464297161986541,0.11259204530581032,-0.0225604359594591
Belgium,BEL,2011,0.2134465251975034,-0.017046154947832265,0.14512541771480936,-0.014394686215571604
Belgium,BEL,2012,0.20835726338004246,-0.01677011412088235,0.14254585341443005,-0.014018410954531473
Belgium,BEL,2013,0.20752613605180092,-0.0002863782631381106,0.14124282392539922,-0.012803611163820068
Belgium,BEL,2014,0.18461919832292764,-0.0393905816168829,0.14989956239505303,-0.011007982789074024
Belgium,BEL,2015,0.18628685531613448,-0.037559504026058954,0.16573196986067315,-0.012806444878640277
Belgium,BEL,2016,0.1876534484133166,-0.03131398167925329,0.15400210397259395,-0.021431475675704748
Belgium,BEL,2017,0.1836890197975694,-0.06446925277288089,0.14163820787562797,-0.0028056965613638
Belgium,BEL,2018,0.18364909339147412,-0.04760150986293228,0.14309797733805607,-0.00044131320465319417
Belgium,BEL,2019,0.1828229234339882,-0.031134592671778427,0.14601808827784998,-0.0037233146794698525
Belgium,BEL,2020,0.1848919836539684,-0.0036784193845123825,0.17176694701197318,-0.05494561363951526
Belgium,BEL,2021,0.21668970379545138,0.07485788776872937,0.26160203753037137,-0.08148782855519555
Belgium,BEL,2022,0.14394666628441521,-0.04233737138439672,0.1737488014684475,-0.08105642047482799
Belgium,BEL,2023,0.12835524711520863,-0.03951622477765429,0.18648850937461403,-0.07710472550796706
Belgium,BEL,2024,0.14311923085272282,-0.11067049450561402,0.185151269192519,-0.05990566349124007
Belgium,BEL,2025,0.14264590078409395,-0.10312218743033047,0.225774497096093,-0.1293914677233605
Bosnia and Herzegovina,BIH,1992,1.631327245733234,-0.037376420235583754,4.673122522032347,0.36738137854554254
Bosnia and Herzegovina,BIH,1993,1.631327245733234,-0.037376420235583754,4.673122522032347,0.36738137854554254
Bosnia and Herzegovina,BIH,1994,1.4004600599903114,-0.3214271151022246,4.871260403331725,0.4289411914181916
Bosnia and Herzegovina,BIH,1995,1.403767715732134,-0.2036410903394018,5.308821898119329,0.567405194469027
Bosnia and Herzegovina,BIH,1996,1.407639630406527,-0.30148692377463426,5.308821898119329,0.6177832881378312
Bosnia and Herzegovina,BIH,1997,1.8833095743735684,0.05384948857278868,5.308821898119329,0.625445551080286
Bosnia and Herzegovina,BIH,1998,1.9268625964532777,0.041449349718368195,5.308821898119329,0.5499221111766359
Bosnia and Herzegovina,BIH,1999,1.927234714339487,0.053183525563151465,5.308821898119329,0.5369016377155139
Bosnia and Herzegovina,BIH,2000,1.8746936195495043,0.02927921797127872,5.308821898119329,0.44805243295282304
Bosnia and Herzegovina,BIH,2001,1.9799156513594136,-0.12389726078658887,4.779046745389413,0.4813067427751718
Bosnia and Herzegovina,BIH,2002,1.9718620999275784,-0.1066939997968069,4.090625450681447,0.4740254213167139
Bosnia and Herzegovina,BIH,2003,1.9192216548907535,-0.10830206161944606,3.389941668630686,0.4956512399138354
Bosnia and Herzegovina,BIH,2004,1.884046052197753,-0.14273627869246364,2.81878750657605,0.4153314027697757
Bosnia and Herzegovina,BIH,2005,1.8476070287277335,-0.2025084714614187,2.209077398467193,0.41026384148283934
Bosnia and Herzegovina,BIH,2006,1.810257717156075,-0.22420146651624068,1.919506726595524,0.40612837963105203
Bosnia and Herzegovina,BIH,2007,1.7992705892031187,-0.2611653479600743,1.7171474258928414,0.33776896213081975
Bosnia and Herzegovina,BIH,2008,1.795139246295523,-0.20083904604866934,1.7279907721583627,0.2823446984571196
Bosnia and Herzegovina,BIH,2009,1.7832667965462972,-0.19802618932258853,1.7388534943745366,0.2776132511007614
Bosnia and Herzegovina,BIH,2010,1.7715726676765324,-0.17414072068487652,1.772267592752701,0.35154347739102526
Bosnia and Herzegovina,BIH,2011,1.796934855290091,-0.1402326010298022,1.6230955006549497,0.23137487421260286
Bosnia and Herzegovina,BIH,2012,1.7036046300382597,-0.18540393521966897,1.6113180034366552,0.2192285897127596
Bosnia and Herzegovina,BIH,2013,1.7062740059822517,-0.17774901739071058,1.6453152008061243,0.22400372912897107
Bosnia and Herzegovina,BIH,2014,1.577030755362376,-0.23868412976149264,1.6739336838196819,0.2391130644297663
Bosnia and Herzegovina,BIH,2015,1.5529059810916979,-0.27972969892922916,1.522653907610639,0.19104755404805024
Bosnia and Herzegovina,BIH,2016,1.5859386316165192,-0.08119808794946998,1.3893509760535645,0.1992835258783232
Bosnia and Herzegovina,BIH,2017,1.505868286195474,-0.2743279946141253,1.317531113953215,0.04134006036080301
Bosnia and Herzegovina,BIH,2018,1.5127713879019091,-0.2152891715878506,1.3307227430904616,0.062438821196806576
Bosnia and Herzegovina,BIH,2019,1.5353967639660708,-0.3052315807978463,1.355738613712255,0.1747880613805446
Bosnia and Herzegovina,BIH,2020,1.524885914419177,-0.3216615183120046,1.364598737931973,0.27864990703396975
Bosnia and Herzegovina,BIH,2021,1.571437578272441,-0.13627713723857363,1.3002347645137189,0.28771591492811216
Bosnia and Herzegovina,BIH,2022,1.5956665513379702,-0.030896689470130564,0.9124593410181223,0.2835743439712411
Bosnia and Herzegovina,BIH,2023,1.5228391164518693,-0.06505972921519362,0.882907397773439,0.2822021330128023
Bosnia and Herzegovina,BIH,2024,1.4746109674420964,-0.08286263704751741,0.9046867109436154,0.251978165766232
Bosnia and Herzegovina,BIH,2025,1.4829001364883394,0.060631325951675266,0.8683958889596459,0.2049367016613859
Bulgaria,BGR,1970,-0.09189109482856672,0.8032144437489572,-0.16532677335391466,3.477311464681345
Bulgaria,BGR,1971,-0.09189109482856672,0.8032144437489572,-0.16532677335391466,3.477311464681345
Bulgaria,BGR,1972,-0.6971029675549134,0.8497308876087986,-0.06202200812136006,4.652225265052037
Bulgaria,BGR,1973,-0.12827054025349025,0.8610576916332001,0.010183171676942673,4.195934205168502
Bulgaria,BGR,1974,-0.357794199143787,0.888128742724173,0.18906919018389756,3.980549067273929
Bulgaria,BGR,1975,-0.8754447072753566,0.9347581826748432,0.5722257442265741,3.8707523621535707
Bulgaria,BGR,1976,-0.8797122318800592,0.7066496689857552,0.9504132371567034,3.628549230328125
Bulgaria,BGR,1977,-0.5866954014422957,0.934203929069492,0.06486488735534032,3.5320818873920508
Bulgaria,BGR,1978,-0.1263671662447163,1.1878005512704068,-0.12364343985126325,3.045874816089726
Bulgaria,BGR,1979,0.06526727528524934,1.4481027103314879,-0.10534306992191339,2.968508732541685
Bulgaria,BGR,1980,0.22022163182081736,1.7286910709102552,-0.12238834394691188,2.626269672166531
Bulgaria,BGR,1981,4.967437337233347e-05,2.058424412164906,0.08349669659764779,2.612679342934925
Bulgaria,BGR,1982,0.1644809798573235,2.4595645243202164,-0.24636519533856285,2.6646301999155995
Bulgaria,BGR,1983,0.3521971835439799,2.890771058838295,-0.27365558463289746,2.7146938787480863
Bulgaria,BGR,1984,1.2980817374843068,3.326423732795845,-0.3160680613936364,2.769365889967134
Bulgaria,BGR,1985,0.5528441564749617,3.762019354232994,-0.40209144035922645,2.6412869146635947
Bulgaria,BGR,1986,0.29392010774930694,4.327435129038506,-0.21323738280804558,2.712446195426911
Bulgaria,BGR,1987,0.3446711064276538,5.1433294291140506,-1.0683930230160616,2.733956922401945
Bulgaria,BGR,1988,0.9612536858636745,6.169424205776358,-1.754077147078368,2.5702665838937797
Bulgaria,BGR,1989,3.409733372959756,7.625567807362341,-3.522610028469142,2.627317953437289
Bulgaria,BGR,1990,5.9442695014189555,8.05638860016951,-8.763428651004235,2.4296185277597764
Bulgaria,BGR,1991,1.5384528003190148,8.05638860016951,-5.085231759365948,3.6493855188716564
Bulgaria,BGR,1992,1.3142653398594883,4.848036974684244,-1.6262944171586287,3.4212226321061388
Bulgaria,BGR,1993,-0.36524627881057603,3.9660314922396633,-0.6191149090309882,3.7317190688138133
Bulgaria,BGR,1994,-0.10877957445169334,3.702554761717902,0.2833046799200555,3.7733306173166223
Bulgaria,BGR,1995,-0.12956729407401946,3.600523485403119,-0.47251608033439063,3.505150062267944
Bulgaria,BGR,1996,2.269284333135091,3.5611324828058555,0.02815000526057604,3.343099150129334
Bulgaria,BGR,1997,1.9459566060832547,3.4510684314893574,-0.9425590841782399,3.4443413928861037
Bulgaria,BGR,1998,-2.0441507449223213,3.3730061894602796,-1.584663176292321,3.4982298539511305
Bulgaria,BGR,1999,-0.008878098691436676,3.3357166129464475,-0.6690298824055452,3.5980020111636715
Bulgaria,BGR,2000,0.6555862046127827,3.297451963166272,-0.08625647138073012,3.5128883780434963
Bulgaria,BGR,2001,1.0592912568700215,3.2374984596720022,0.1787361845097592,3.6376461508652405
Bulgaria,BGR,2002,0.992254465144024,3.2562535174057294,-0.8429226652542281,3.7593824311232935
Bulgaria,BGR,2003,0.2834304161359605,3.2791892714854924,-0.3761610113866157,3.892794252330096
Bulgaria,BGR,2004,-0.588184956657182,3.2987100111338314,0.04386387221897267,3.9583953610537743
Bulgaria,BGR,2005,-1.965726606876867,3.3206954871606955,0.5864088337164417,4.0913908507702725
Bulgaria,BGR,2006,-0.585415170039583,3.362214927267729,0.20897982957316355,4.251466504610961
Bulgaria,BGR,2007,-0.7138772759120345,3.4207085580708174,-0.23186937452650633,4.329992061487835
Bulgaria,BGR,2008,-1.1009790301448676,3.442829172243787,-0.047274922106568765,4.274543219067805
Bulgaria,BGR,2009,-2.8059805106185656,3.5001975358744053,0.535450922707734,4.4279589647185
Bulgaria,BGR,2010,-1.9128582494559536,3.602976322528148,1.0038094340688066,5.285901715506446
Bulgaria,BGR,2011,-0.7259178089849666,3.6993267606763265,1.9252840147165853,5.123698610207068
Bulgaria,BGR,2012,0.3751698232839495,3.7988033150661487,2.532560422847519,5.284008118835172
Bulgaria,BGR,2013,1.46650017276978,3.9051924185567923,2.9647664943478165,5.4268110693688625
Bulgaria,BGR,2014,0.7261518647084114,3.9628474101508937,4.26004633860193,5.707688464221997
Bulgaria,BGR,2015,2.5295752486522374,4.086385866795431,5.308821898119329,5.870775380427844
Bulgaria,BGR,2016,2.9078541255920825,4.196111124687471,5.308821898119329,5.952606935320324
Bulgaria,BGR,2017,2.833507661038988,4.2085132315120335,5.308821898119329,6.5142716654913135
Bulgaria,BGR,2018,2.518483053678914,4.128661152577958,5.308821898119329,6.5142716654913135
Bulgaria,BGR,2019,2.1365294613221466,4.126172878874264,5.308821898119329,6.5142716654913135
Bulgaria,BGR,2020,2.1365641216920483,4.144974978169906,5.308821898119329,6.5142716654913135
Bulgaria,BGR,2021,2.1353918089177997,3.811055915489961,5.308821898119329,6.5142716654913135
Bulgaria,BGR,2022,2.1339043477867645,3.81469858049911,5.308821898119329,6.5142716654913135
Bulgaria,BGR,2023,2.13352809308042,3.9414434414846604,5.308821898119329,6.5142716654913135
Bulgaria,BGR,2024,2.1330527611785066,3.7498835373393735,5.308821898119329,6.5142716654913135
Bulgaria,BGR,2025,2.1332303597491973,2.664628483616208,5.308821898119329,6.5142716654913135
Croatia,HRV,1991,1.2700435411124205,0.7052962834984947,0.29127321666043765,-0.8101132312012577
Croatia,HRV,1992,1.2700435411124205,0.7052962834984947,0.29127321666043765,-0.8101132312012577
Croatia,HRV,1993,1.1659250817026243,0.7650005601101242,0.8158258802212667,-0.3260920417840601
Croatia,HRV,1994,1.4309000342957914,0.7452867730700826,0.6568114491156615,-0.3105652715637981
Croatia,HRV,1995,2.017999451606283,0.7410499812858803,0.6078043228990271,-0.30189816418110615
Croatia,HRV,1996,3.1907450403158473,0.7109544295671091,0.7353245529150466,-0.23995272245770335
Croatia,HRV,1997,4.260677048156096,0.6347700022723024,0.5864349538086271,-0.23293781819002257
Croatia,HRV,1998,5.268106155552025,0.6357209594560449,0.59299639276064,-0.20837395889249136
Croatia,HRV,1999,5.9442695014189555,0.6302938167375541,0.526371537578135,-0.206812355653954
Croatia,HRV,2000,5.9442695014189555,0.6389288728839696,0.5187405743635893,-0.1962918356137129
Croatia,HRV,2001,5.9442695014189555,1.2201083532780523,0.3053661763242482,-0.6944769880559291
Croatia,HRV,2002,5.497273189725479,1.2209099000935197,0.27802982660208336,-0.9820691711930822
Croatia,HRV,2003,4.25317313490322,1.2116253437151423,0.23536472234936195,-0.964843784763931
Croatia,HRV,2004,3.5086776045822807,1.1991474327327438,0.2112910994638972,-0.9189558859982866
Croatia,HRV,2005,3.2567905358435594,1.1512787090805334,0.280285894725458,-0.8721051234138301
Croatia,HRV,2006,3.1037874035735022,1.1319688971444908,0.3802773005770804,-0.8714835974134073
Croatia,HRV,2007,3.0045706325952004,1.1334926532559768,0.3250147494717734,-0.8435755952899409
Croatia,HRV,2008,2.926294282726236,1.1038756920270736,0.3343756957720293,-0.7973970772587459
Croatia,HRV,2009,2.897073768521523,1.0869968795035398,0.3086299882064427,-0.7987483456227445
Croatia,HRV,2010,2.8004504445150893,1.0890620846130659,0.3110037837205476,-0.7220905626698377
Croatia,HRV,2011,2.6408392972698724,0.9613129594174015,0.12311866222318006,-0.7242985426860914
Croatia,HRV,2012,2.6536385364321555,0.9151244239204736,0.11318761557882784,-0.7442504857460761
Croatia,HRV,2013,2.7197453688925837,0.9539374317109156,0.16950147616391206,-1.0978702737414914
Croatia,HRV,2014,2.772820415488383,1.2008261040722905,0.21360736800133573,-1.4950273301388914
Croatia,HRV,2015,2.9714747895148825,1.158986047419511,0.26944893988279195,-1.4043493647625094
Croatia,HRV,2016,3.208024787143292,1.1069199420638505,0.26474796038784054,-1.3599156854204444
Croatia,HRV,2017,3.168937535971595,0.9412845870069859,0.203408761135246,-0.8356876920628078
Croatia,HRV,2018,3.0726180022149556,0.9112512526491525,0.18508399651815974,-0.596015478539421
Croatia,HRV,2019,2.9399306966749466,1.0104683798894325,0.18627065721978953,-0.5451885112190611
Croatia,HRV,2020,2.915868557031455,0.9803177039936319,0.1624233749922102,-0.4217693390640071
Croatia,HRV,2021,2.7730597009806317,1.026170984027227,0.08204692408195957,-0.43882512882057023
Croatia,HRV,2022,2.627011937635583,0.9118225383014132,0.09736392478306809,-0.4682219844830454
Croatia,HRV,2023,2.628486111264138,1.0190155761616893,0.15278927695173922,-0.48104087756820535
Croatia,HRV,2024,2.622634738618388,0.957138264927454,0.1519608166837148,-0.5001690453875234
Croatia,HRV,2025,2.632531124571011,0.6366138709192593,0.38135649485257384,-0.49642477222731884
Cyprus,CYP,1970,0.44202336253720875,4.214310052797159,-0.028953661015661075,-0.2490127096844264
Cyprus,CYP,1971,0.44202336253720875,4.214310052797159,-0.028953661015661075,-0.2490127096844264
Cyprus,CYP,1972,0.4345068354414261,3.6053293424742714,-0.025713458184134466,-0.23717449985639238
Cyprus,CYP,1973,0.4311604423482742,3.7166389753069855,-0.028239797080702927,-0.22674298696164308
Cyprus,CYP,1974,0.42531768461872965,4.636683108273489,-0.01854200830248831,-0.2276612206630528
Cyprus,CYP,1975,0.43656549122540034,5.89345544533104,-0.012935884848560078,-0.22492294389647033
Cyprus,CYP,1976,0.37742529558198323,5.618988321199075,-0.014076632645669038,-0.03655998214928165
Cyprus,CYP,1977,0.36777672365778513,5.04004583685053,0.12973669615941716,-0.035894531449261566
Cyprus,CYP,1978,0.3643335653862263,4.1941163049458465,0.00854048219320891,-0.4808307315887428
Cyprus,CYP,1979,0.3607221141225492,3.5736912450475926,0.03155577901337989,-0.46121081889015464
Cyprus,CYP,1980,0.3724021465365677,3.342671552342998,0.041345831485652594,-0.37638188933870964
Cyprus,CYP,1981,0.444851746232804,2.7104051441311703,0.06558816078013131,-0.3269132213963467
Cyprus,CYP,1982,0.4351373955825799,2.0378563558901064,0.07152159042564177,-0.3269828576869533
Cyprus,CYP,1983,0.43220931137612484,1.5242750397711433,0.06937608433548614,-0.325884528953424
Cyprus,CYP,1984,0.478440911711178,1.029938655215071,0.12185932840639324,-0.4574162102425464
Cyprus,CYP,1985,0.45614010161584434,0.6101734723752126,0.1156637186896596,-0.469365533570272
Cyprus,CYP,1986,0.39767554494967755,0.6636009176207693,0.12147353421972032,-0.4579281674036515
Cyprus,CYP,1987,0.45583167643329875,0.46427174334564403,0.14356845913469607,-0.449180198808671
Cyprus,CYP,1988,0.4346934532824456,0.46335110804257307,0.14320146029420028,-0.38009438450790645
Cyprus,CYP,1989,0.4381579758083053,0.2276263784423361,0.1723921515952595,-0.5159136524715486
Cyprus,CYP,1990,0.460078175422875,-0.10094773923091405,0.134927446778619,-0.5149565558414837
Cyprus,CYP,1991,0.46981616589227737,-0.19167978890353118,0.17285126895729658,-0.49672177460432815
Cyprus,CYP,1992,0.44960586478150627,0.023166786118040412,0.17840191890912724,-0.4195915097986299
Cyprus,CYP,1993,0.43476245063551233,0.16994113849378192,0.1704807258463131,-0.35524075872241817
Cyprus,CYP,1994,0.433070386247112,0.023889625664776502,0.17117331568571736,-0.3659671429586224
Cyprus,CYP,1995,0.4343633988062682,0.17443428962899932,0.156923119087235,-0.3697625021059581
Cyprus,CYP,1996,0.43612470260163677,0.36296071963383425,0.14355008335117203,-0.3229651246667017
Cyprus,CYP,1997,0.4382700647586753,0.9404682024610869,0.15561441310207147,-0.32672332802842735
Cyprus,CYP,1998,0.4415633044141827,1.5047189229079407,0.1554321157711619,-0.31751847185277043
Cyprus,CYP,1999,0.44815721124963015,2.0310268765913553,0.18812558027483928,-0.33666344474643145
Cyprus,CYP,2000,0.45188032322803007,2.726228189164996,0.1920555420955672,-0.40853011198094064
Cyprus,CYP,2001,0.4920858678275447,2.672869259646492,0.2165714176831663,-0.28783206574111914
Cyprus,CYP,2002,0.4951464384050467,2.5398985083242827,0.2273119032835237,-0.29003346808020647
Cyprus,CYP,2003,0.4927918254974791,2.4012384112757434,0.19171504441672715,-0.2846362104033094
Cyprus,CYP,2004,0.4930882805066986,2.1842308696501744,0.16460430933308356,-0.195202310041723
Cyprus,CYP,2005,0.5340732075883334,1.8428606499174405,0.19721575769238808,0.022403327515321037
Cyprus,CYP,2006,0.568701618778811,1.485569053084149,0.007544668989647112,-0.0037950762436845253
Cyprus,CYP,2007,0.5658815626324986,1.0640712819033977,0.01988429417079471,0.0002920923796006017
Cyprus,CYP,2008,0.5625467675147834,0.7547725899341396,0.006233414182230265,-0.0007760413232699159
Cyprus,CYP,2009,0.5604881809507504,0.5291559534065802,0.03537995982693712,0.03192162397994557
Cyprus,CYP,2010,0.5548263377361412,0.26838749690104924,0.03053671230107899,-0.014405548525663552
Cyprus,CYP,2011,0.5855431433389947,-0.06298232703720566,0.04375284881654201,-0.04280228879965533
Cyprus,CYP,2012,0.5701394862771793,-0.4013803202292988,0.04556371802861377,-0.04331984984402917
Cyprus,CYP,2013,0.5654120326680632,-0.6542454964589055,0.05379998443632929,-0.043307266309860176
Cyprus,CYP,2014,0.510060229826951,-0.431266105468604,0.022404283208588234,-0.009370303244598345
Cyprus,CYP,2015,0.5055018424380638,-0.16255244760401344,-0.0019807304060078523,0.015681330465312796
Cyprus,CYP,2016,0.5005956727874066,0.04659889086067407,-0.0027757696401580073,0.015783985653346454
Cyprus,CYP,2017,0.4935649110123279,-0.1455582657115186,-0.05098189590587175,-0.00987363746039191
Cyprus,CYP,2018,0.49641074616719527,-0.39355043940976775,-0.040830154475435115,-0.012743929456566185
Cyprus,CYP,2019,0.49057943325522396,-0.4529467253516035,-0.03255387850533899,0.06100747438903193
Cyprus,CYP,2020,0.4755378454296797,-0.46641897511168323,-0.03674821749783384,0.09576553733628071
Cyprus,CYP,2021,0.6068584439499383,-0.3997396490569272,-0.31501228675637805,0.10103140238605343
Cyprus,CYP,2022,0.5893338241392925,-0.42627788411602296,-0.027153670938702315,0.09577871984663958
Cyprus,CYP,2023,0.5748956383875392,-0.4201417346152713,-0.008988950925096217,0.1269084835051855
Cyprus,CYP,2024,0.5281669458083842,-0.41224688785751384,-0.026335164322000254,0.18226866926809684
Cyprus,CYP,2025,0.5221216938766451,-0.3629933748392691,-0.09463944349913321,0.130717481951311
Denmark,DNK,1970,-0.06911452966400193,-0.23120203378392862,0.22046716714209133,0.9678601607011587
Denmark,DNK,1971,-0.06911452966400193,-0.23120203378392862,0.22046716714209133,0.9678601607011587
Denmark,DNK,1972,-0.061791390666074406,-0.23960603776817996,0.220165399517565,1.0913072840987268
Denmark,DNK,1973,-0.0767934735261489,-0.24269478877339504,0.21210399558259269,1.0513142308977983
Denmark,DNK,1974,-0.08206540644557722,-0.22817992660545505,0.27022513924713176,1.1783736491239616
Denmark,DNK,1975,-0.08064804921817978,-0.22351041749542983,0.2930632011964883,1.129169220988042
Denmark,DNK,1976,-0.0796037854470764,-0.15923543146300637,0.2868599963352781,1.0299158061467333
Denmark,DNK,1977,-0.07963144983150973,-0.1572465015527596,0.3024995467554946,1.0229900876332914
Denmark,DNK,1978,-0.07878261805047244,-0.15551798411941353,0.3078524793113554,0.8583885221058483
Denmark,DNK,1979,-0.08265804034079303,-0.1732944227441484,0.14548337734471833,1.0022084428938678
Denmark,DNK,1980,-0.07456210609769998,-0.1675761103609293,0.2409489800060411,1.1558264756434475
Denmark,DNK,1981,-0.08281923483476258,-0.13012282994772925,0.2283717793331771,1.1530635732445278
Denmark,DNK,1982,-0.08380788073553723,-0.13524566685765052,0.22984462094742764,1.1423898236562593
Denmark,DNK,1983,-0.08349922619922395,-0.13519878909139266,0.22775162888050357,1.1235594213586109
Denmark,DNK,1984,-0.08099833858602433,-0.1358324473086913,0.22536927373298565,1.119593998874335
Denmark,DNK,1985,-0.0792626172668247,-0.1388063938443143,0.23010348782546428,0.9864956647346919
Denmark,DNK,1986,-0.07657544888647817,-0.15354924513595825,0.2204623458329234,0.9874131295580595
Denmark,DNK,1987,-0.12249916863032925,-0.23883173248415937,0.27943345479369974,1.2436042163173557
Denmark,DNK,1988,-0.11000099270431768,-0.24143482053076998,0.2884067958548819,0.9018684541064627
Denmark,DNK,1989,-0.10229032859612522,-0.2329869421743618,0.26896331145730545,0.8766428227184058
Denmark,DNK,1990,-0.09445582486809329,-0.2315352387698384,0.2371707043560387,0.7723200401218753
Denmark,DNK,1991,-0.07971195470921277,-0.30208378490938803,0.22775111158771727,0.7304997878554806
Denmark,DNK,1992,-0.07352537744589635,-0.22168679698000743,0.20853304205946602,0.612151970793479
Denmark,DNK,1993,-0.07418071270726637,-0.24486410928542968,0.19108719778012512,1.067291539203166
Denmark,DNK,1994,-0.07556218505300732,-0.2475781504896658,0.20426975082453674,1.041085728131458
Denmark,DNK,1995,-0.07572159446145083,-0.24294304440094788,0.1911598898966608,0.8100829088541572
Denmark,DNK,1996,-0.07602126799992656,-0.24519421053535614,0.15190928355036648,0.7281166553194078
Denmark,DNK,1997,-0.07629271183004396,-0.2431260557601137,0.10370597185235157,0.71851655154023
Denmark,DNK,1998,-0.07706455106088785,-0.24641947124105176,0.08866678380812607,0.6856892480433218
Denmark,DNK,1999,-0.07894878969843623,-0.2561525302716297,0.06604970101448192,0.6747323079169222
Denmark,DNK,2000,-0.07863196121673366,-0.25785550004588464,0.0545795955435764,0.4635527380154639
Denmark,DNK,2001,-0.07882532083015074,-0.24600309919136545,0.016192847008819795,0.5384607147357146
Denmark,DNK,2002,-0.07909884607824329,-0.2571899598234327,0.019468914675988852,0.5648501780041416
Denmark,DNK,2003,-0.07893534106988409,-0.2580421845992848,-0.014534274500736542,0.5519597286301781
Denmark,DNK,2004,-0.08336499674964337,-0.2624248373613275,-0.017903827442529142,0.4854689032964311
Denmark,DNK,2005,-0.08266207400599597,-0.26325657094871807,-0.025587772910498633,0.44471835572233137
Denmark,DNK,2006,-0.08023593510880916,-0.26687246246909846,-0.043401687353477686,0.4390541980115496
Denmark,DNK,2007,-0.08020315636251878,-0.2703873553704351,-0.0740129586890599,0.4673589770112928
Denmark,DNK,2008,-0.08049027637847786,-0.2620187288389405,-0.06502516217628326,0.3636714530993641
Denmark,DNK,2009,-0.0814051563878834,-0.25917071135934044,-0.0795024443713242,0.3322213246810626
Denmark,DNK,2010,-0.08427074692322112,-0.2540767937618221,-0.0829378795521679,0.7115204457510391
Denmark,DNK,2011,-0.07000119083773483,-0.24195469760111948,-0.06542968332472952,0.8690426758661678
Denmark,DNK,2012,-0.06824738903874794,-0.23730395386981787,-0.06130454394879224,0.8466476307362607
Denmark,DNK,2013,-0.0684171856790957,-0.23946679386923173,-0.046071196620213424,0.8312635421692041
Denmark,DNK,2014,-0.057115603007693125,-0.2685661079276577,-0.04396912845083847,0.8107957517970863
Denmark,DNK,2015,-0.048925252446313,-0.2682241880058216,-0.0724179448088716,0.718990718916348
Denmark,DNK,2016,-0.05170666999704676,-0.27673946398745064,-0.06064767341342337,0.6981723600531445
Denmark,DNK,2017,-0.04770897588534541,-0.2633479382567986,-0.07257131735703137,0.1415444997320472
Denmark,DNK,2018,-0.04734857578417544,-0.2713828950686541,-0.06042684015197234,0.185141470546544
Denmark,DNK,2019,-0.04323273686814992,-0.23098227430176943,-0.061065984526429154,0.21092110622742627
Denmark,DNK,2020,-0.04622417037549391,-0.20596995991397526,-0.05132295275432049,0.2616251794163168
Denmark,DNK,2021,0.009745903638131471,-0.1929803050470637,-0.06106406629096493,0.2577534673990356
Denmark,DNK,2022,-0.021972543809728375,-0.2643755936359124,-0.02087681508746033,0.24127916068938599
Denmark,DNK,2023,-0.014722851580174126,-0.2088747675623477,-0.024153939190952614,0.44052022639208327
Denmark,DNK,2024,-0.007340476057496,-0.24143104933361326,-0.0339613020066001,0.3969370147797465
Denmark,DNK,2025,-0.008083382870300027,-0.24978445073590722,-0.011576153887463372,0.40940624799156605
Equatorial Guinea,GNQ,1970,1.9373727220420465,0.5034044417239382,-1.992496038847873,-0.3872349636248293
Equatorial Guinea,GNQ,1971,1.9373727220420465,0.5034044417239382,-1.992496038847873,-0.3872349636248293
Equatorial Guinea,GNQ,1972,2.3492298349016494,0.48766662400120775,-1.979964738494198,-0.26078225967930224
Equatorial Guinea,GNQ,1973,2.2529890821450405,0.5363732759400085,-2.0897433447629767,-0.08667163417195131
Equatorial Guinea,GNQ,1974,1.7668681374663926,0.6250278244143839,-2.1766108459969846,-0.296104936400429
Equatorial Guinea,GNQ,1975,1.4898286102425962,0.5561051565166935,-2.0274452451787934,-0.621477095448224
Equatorial Guinea,GNQ,1976,1.8512941442891226,0.45780336412409517,-1.9770143140433019,-0.5825350166128636
Equatorial Guinea,GNQ,1977,2.622095312968507,0.44216880009179127,-1.7354303233997577,-0.5707596619868667
Equatorial Guinea,GNQ,1978,3.5358254886440053,0.42759538553014687,-1.6593746047526434,-0.5258696843806961
Equatorial Guinea,GNQ,1979,5.9442695014189555,0.4188343352144748,-1.3365022211740387,-0.5040970029557758
Equatorial Guinea,GNQ,1980,5.9442695014189555,0.38853359279378674,-2.065454126040682,-0.5680505005199495
Equatorial Guinea,GNQ,1981,5.295703959680171,0.7801236093707964,-1.9177041582733463,-0.45738446171747094
Equatorial Guinea,GNQ,1982,3.0021131344495657,0.7204347707984889,-1.8405287462102757,-0.4604788054643571
Equatorial Guinea,GNQ,1983,0.8433866828941887,0.6592151274298201,-2.131864511588097,-1.1786970342325143
Equatorial Guinea,GNQ,1984,0.1733585893229208,0.6256732068340234,-2.0430260051594367,-1.203270840101716
Equatorial Guinea,GNQ,1985,-0.05918195682278844,0.5864700642782781,-1.95709681767846,-1.104386512956761
Equatorial Guinea,GNQ,1986,0.08208917977632164,0.4891899693861235,-1.8130132112524666,-1.068743030352242
Equatorial Guinea,GNQ,1987,0.2507391036860578,0.4158881227674231,-1.627843005913274,-1.0319782936592854
Equatorial Guinea,GNQ,1988,0.645323598354331,0.3841887716896112,-1.5607309606592152,-0.9075869522875656
Equatorial Guinea,GNQ,1989,0.664568723089507,0.37180311585273274,-1.3545799228539903,-0.6864585541302614
Equatorial Guinea,GNQ,1990,-0.011323579437909188,0.34256870207918416,-1.2272402097867618,-0.5877170211498719
Equatorial Guinea,GNQ,1991,-0.0160040601237428,0.05087168880646958,-0.8553927622071926,-0.39204310544996024
Equatorial Guinea,GNQ,1992,0.06275079718851222,0.044571399623309006,-0.8156975753232976,-0.12960611266599642
Equatorial Guinea,GNQ,1993,1.6365088275331872,0.0438683591481105,-0.7792976624604613,-0.24239766872144541
Equatorial Guinea,GNQ,1994,0.5529746681115161,0.05525617065760169,-0.6717977969569281,-0.23753756847805452
Equatorial Guinea,GNQ,1995,1.2732584895755052,0.04312969993002734,-0.6449014540629433,-0.2585818409642352
Equatorial Guinea,GNQ,1996,0.7317329050749938,0.03693655884615703,-0.5233846493343135,-0.3128830520610184
Equatorial Guinea,GNQ,1997,0.18293077603611757,0.02927975570354065,-0.42740020814885415,-0.31069829174072755
Equatorial Guinea,GNQ,1998,0.1941995754000574,0.022900919520613093,-0.4334140393026009,-0.3441198396419371
Equatorial Guinea,GNQ,1999,0.2675057347907751,0.015423000871548243,-0.42343331001596163,-0.3438370302517061
Equatorial Guinea,GNQ,2000,0.30657681381777924,0.007195912967999481,-0.4258974746762077,-0.36661620768165504
Equatorial Guinea,GNQ,2001,0.47988298120116046,-0.014586642299295596,-0.42720870716070203,-0.36728540669289045
Equatorial Guinea,GNQ,2002,0.9491861121796861,-0.02132542157855548,-0.42713588580801,-0.36578303421367786
Equatorial Guinea,GNQ,2003,0.0451875106574897,-0.029863374631619515,-0.3755509498442893,-0.35684265027390905
Equatorial Guinea,GNQ,2004,0.043409047183238805,-0.04243272626841393,-0.3594076725084723,-0.43553092059047405
Equatorial Guinea,GNQ,2005,-0.3241913152582986,-0.04804345311303638,-0.3339688588625024,-0.45886508025535244
Equatorial Guinea,GNQ,2006,-0.1645671551712048,-0.06301892709329657,-0.3708424485009291,-0.4646442658858271
Equatorial Guinea,GNQ,2007,-0.060669802909989724,-0.06413740521690575,-0.3690161343557513,-0.45547800531538374
Equatorial Guinea,GNQ,2008,0.03458609055309218,-0.06876079563440336,-0.37535195181845216,-0.48722185835676035
Equatorial Guinea,GNQ,2009,-0.7827086023587662,-0.09818902201562807,-0.3825034682304229,-0.5273201035747591
Equatorial Guinea,GNQ,2010,-2.4180977685414,-0.12174700900346203,-0.3858559357669752,-0.4652059625141781
Equatorial Guinea,GNQ,2011,-1.7864483538331164,-0.15697104975917692,-0.26844230647304657,-0.21769936119613925
Equatorial Guinea,GNQ,2012,-1.2224383778838013,-0.1916904986947492,-0.2584354808890168,-0.22357167891165106
Equatorial Guinea,GNQ,2013,-0.6587826389900647,-0.2001744424204826,-0.27126253330354144,-0.20191853397153295
Equatorial Guinea,GNQ,2014,-0.62459514838469,-0.15304071554810736,-0.3308556224882433,-0.20936731579802767
Equatorial Guinea,GNQ,2015,-0.6324869913147042,-0.15677336341832915,-0.35368676684550004,-0.21004848316831276
Equatorial Guinea,GNQ,2016,-1.3143139379572553,-0.12705513333915514,-0.35983258438336063,-0.22115680199076881
Equatorial Guinea,GNQ,2017,-1.4382120800240599,-0.42521073104583573,-0.447741284559834,-0.20701413320673456
Equatorial Guinea,GNQ,2018,-1.6811222238882224,-0.32715569548794227,-0.4473601124205191,-0.12323810223577353
Equatorial Guinea,GNQ,2019,-2.110855250531606,-0.30669225727003846,-0.47442441209882535,-0.13048949958065448
Equatorial Guinea,GNQ,2020,-2.1124523853229467,-0.4034371108531519,-0.47092624678830886,-0.1388018856638425
Equatorial Guinea,GNQ,2021,-2.10634673026987,-0.19753515020883214,-0.28510055793130706,-0.1328991261843581
Equatorial Guinea,GNQ,2022,-2.1120668680158654,-0.3206146759143087,-0.02771081534342998,-0.1717219744533979
Equatorial Guinea,GNQ,2023,-2.11387942926154,-0.4707847351251747,-0.30228229613766344,-0.16760368358731273
Equatorial Guinea,GNQ,2024,-2.1249468871642194,-0.4126502320117097,-0.28064483322939826,-0.18198558001284615
Equatorial Guinea,GNQ,2025,-2.1261738039717173,0.11760340417497309,-0.2814375769738626,-0.1328436400889907
Fiji,FJI,1970,-0.4640229310201951,-0.017944847941667643,-0.7182949058804434,0.16021024996408062
Fiji,FJI,1971,-0.4640229310201951,-0.017944847941667643,-0.7182949058804434,0.16021024996408062
Fiji,FJI,1972,-0.5075333538942449,-0.014328301105046747,-0.7343051289180119,0.07643194162309
Fiji,FJI,1973,-0.5187586187161028,-0.029537346231584306,-0.6834453509566054,-0.0005413323404806769
Fiji,FJI,1974,-0.5072881799218465,-0.02561147620289434,-0.5915647190487741,-0.004275689321467088
Fiji,FJI,1975,-0.5053479846934146,-0.025611830812182292,-0.5614979815425662,-0.005477166317744128
Fiji,FJI,1976,-0.5023642725729471,-0.012875360299233925,-0.5639439909581591,-0.008694613505497162
Fiji,FJI,1977,-0.4994697163987287,-0.009056214009421006,-0.49525615482681107,-0.0070831912858144025
Fiji,FJI,1978,-0.5001093122072912,-0.01754898201012308,-0.46723570788142027,-0.11019715925980371
Fiji,FJI,1979,-0.5002943450752346,-0.02441999527017638,-0.43031377162508144,-0.10148655752694986
Fiji,FJI,1980,-0.4694987543249389,-0.024930163527817583,-0.3330029127156563,-0.11067672694391535
Fiji,FJI,1981,-0.4196741770190796,-0.003245533532162022,-0.32150579476385244,-0.1059092149011637
Fiji,FJI,1982,-0.42243925592097153,0.00027547083388718054,-0.32470867294273376,-0.10591873384406414
Fiji,FJI,1983,-0.42780382991933663,0.019930618367205315,-0.32465656178733115,-0.10602326685240603
Fiji,FJI,1984,-0.4248752869380753,0.019954477751854213,-0.33879750005081316,-0.10750708111685013
Fiji,FJI,1985,-0.4133977946095848,0.020680052819515807,-0.3458801009288478,-0.11167958994008892
Fiji,FJI,1986,-0.3804121286847546,0.004719461124842374,-0.3447895699314132,-0.11575429278952637
Fiji,FJI,1987,-0.34993672626655126,0.006812960256667767,-0.32431532712385547,-0.11630534005012887
Fiji,FJI,1988,-0.9764976956442515,0.1553676982974905,-0.531188127467937,1.6905192310685353
Fiji,FJI,1989,-0.8782778172500029,-0.02744962946422574,-0.9234537178805149,1.3369298136986472
Fiji,FJI,1990,-0.7650076695678127,-0.07329887722041356,-0.9180310863676531,1.0053446150464977
Fiji,FJI,1991,-0.2953587087648174,-0.01837603268483201,-0.7363803895601214,0.7588682434509385
Fiji,FJI,1992,-0.2775605574209007,-0.03491061631203549,-0.7449786938847512,0.634297053930966
Fiji,FJI,1993,-0.261293803193157,-0.043927787571719,-0.5862135328195333,-0.058830421568052696
Fiji,FJI,1994,-0.23662658797424405,-0.011630919484834527,-0.46100432754847326,-0.03506465474235737
Fiji,FJI,1995,-0.2373478238289018,-0.013291608946621358,-0.42709042396770636,-0.050932583327358276
Fiji,FJI,1996,-0.23842430283344634,-0.013552965527659205,-0.41852285581497856,-0.05779754360909617
Fiji,FJI,1997,-0.24090460886063164,-0.030055689387684412,-0.3578352672206354,-0.056343642875371504
Fiji,FJI,1998,-0.24152813988884492,-0.031514250797787434,-0.34297626820470245,-0.029789415468871427
Fiji,FJI,1999,-0.24549877658555935,-0.03736752659028216,-0.36123126306173386,-0.0284794354353078
Fiji,FJI,2000,-0.2497273446103056,-0.044039067807771136,-0.38251876096610515,0.07516300254689683
Fiji,FJI,2001,-0.3472975484141041,-0.12495958592387212,-1.3151712540074756,0.6156593455852902
Fiji,FJI,2002,-0.34745126855585057,-0.12482980840588824,-1.3350729312087366,0.6528109782239654
Fiji,FJI,2003,-0.32927357269334934,-0.12738408331447676,-0.9920856863395351,0.5954685372963573
Fiji,FJI,2004,-0.3193230351161158,-0.13278400310531813,-0.9759480668497665,0.5510462831230372
Fiji,FJI,2005,-0.31924376624486295,-0.13663899435373852,-0.9464910541741052,0.5276275728221396
Fiji,FJI,2006,-0.3176127279735915,-0.13652356020842812,-0.8287722072367374,0.5243171999763419
Fiji,FJI,2007,-0.3821590914451733,-0.10865150010082517,-1.3508553696064058,0.35881398098095824
Fiji,FJI,2008,-0.4511736251159434,0.33976306667043593,-1.6366307006286716,0.9603938419692719
Fiji,FJI,2009,-0.4408750677107981,0.3255714896517522,-1.576200136821764,0.909913610107021
Fiji,FJI,2010,-0.4367365646621042,0.31309033102606204,-1.6250300967711517,1.1471498541804281
Fiji,FJI,2011,-0.42233303327655247,0.2910024078648145,-1.3733112444393145,0.9126866464387712
Fiji,FJI,2012,-0.40552484746229556,0.27659694743022023,-1.3672376413271143,0.9011066797742013
Fiji,FJI,2013,-0.39982854001495216,0.25331278527726453,-1.356665407624592,0.8800796845469505
Fiji,FJI,2014,-0.45509354366516375,0.2506358608200859,-1.85779989845682,0.7711325376397122
Fiji,FJI,2015,-0.5532996775883651,0.23925834782651534,-1.7234304844962725,0.9836782789703294
Fiji,FJI,2016,-0.5969110661586281,0.1999043183208255,-1.6476660428155463,1.0267575403801734
Fiji,FJI,2017,-0.5738623672147941,0.16060264127262233,-1.5806749944278513,0.4178879176352772
Fiji,FJI,2018,-0.5653275179180259,0.11906813512916942,-1.5419331692291722,0.2856676436628033
Fiji,FJI,2019,-0.5505529254052528,0.10106777504564589,-1.4989200737908288,0.2017536917707547
Fiji,FJI,2020,-0.5519253177057113,0.11248254584374942,-1.4864654622188838,0.10907002412607121
Fiji,FJI,2021,-0.5415405748786212,0.10986777576133591,-1.3805622669378241,0.09206475143540956
Fiji,FJI,2022,-0.5306719782694433,-0.1392109470436486,-0.5202961116671965,0.0826397573544266
Fiji,FJI,2023,-0.534395787675786,-0.22283124017400757,-0.3324970561394788,0.07640167964821844
Fiji,FJI,2024,-1.081950871607808,-0.13074883619351768,-0.30228050284292374,-0.006281078436161089
Fiji,FJI,2025,-1.0548981000746227,-0.05846159226345881,-0.1546870018768571,-0.002637426136740742
Finland,FIN,1970,0.28286860508394696,0.1408381530797729,0.11863251722739418,0.15229955484678906
Finland,FIN,1971,0.28286860508394696,0.1408381530797729,0.11863251722739418,0.15229955484678906
Finland,FIN,1972,0.27856667242992555,0.14079070585857992,0.12392389100560154,0.15320000404581147
Finland,FIN,1973,0.27727107705245324,0.16683374251589342,0.12632240259595046,0.1367814132653052
Finland,FIN,1974,0.2787439112024951,0.17455340485334875,0.12927056271445828,0.10682897407511081
Finland,FIN,1975,0.27917285647841683,0.1938874263571577,0.1513186034989396,0.10299344458869691
Finland,FIN,1976,0.27877629578051666,0.17965607657543178,0.1538784902266934,0.0946874726000777
Finland,FIN,1977,0.27809615451833614,0.18991361786458455,0.1974397746772418,0.09484181371105056
Finland,FIN,1978,0.2813137819855568,0.18532116478497043,0.13622265714012027,0.12265302478474067
Finland,FIN,1979,0.28734517467079607,0.19387727779404657,0.08650434896019522,0.18238154042256793
Finland,FIN,1980,0.26957988239563924,0.16156573045265057,0.004801640798139543,0.2573860925728104
Finland,FIN,1981,0.2682926439257559,0.19160974481115056,-0.08168351178166572,0.2599237171188979
Finland,FIN,1982,0.27153717977496683,0.25313322056053783,-0.14587383363752252,0.2457441382763019
Finland,FIN,1983,0.2739869180937543,0.2327601536680288,-0.1987438813831453,0.22760421613217502
Finland,FIN,1984,0.2859074179147648,0.23085832373001458,-0.2513041198573406,0.2368308562148977
Finland,FIN,1985,0.29409154359368445,0.23863234681960954,-0.3010748348792701,0.2007880259268105
Finland,FIN,1986,0.26168926436306805,0.16923702806846785,-0.3477178855684727,0.18318706536281207
Finland,FIN,1987,0.2793415719576967,0.187431014445826,-0.4058405275640612,0.17740069678633463
Finland,FIN,1988,0.30038410695701917,0.216877767147629,-0.46312618419261503,0.051331392781579444
Finland,FIN,1989,0.3215131295267991,0.27655976531940785,-0.5551370839214865,-0.015738043922142304
Finland,FIN,1990,0.302432149000464,0.16378336262563417,-0.6884911749084068,-0.04625485580772991
Finland,FIN,1991,0.3928770959953307,0.21517608670728017,-0.7976226864004938,-0.22715925866900757
Finland,FIN,1992,0.37673515918777467,0.2400897107181682,-0.6752440595922882,-0.21149602312896268
Finland,FIN,1993,0.35760233428503985,0.20119553836712123,-0.5470342982182801,-0.0786713307155332
Finland,FIN,1994,0.3538437251882587,0.1976765995102312,-0.3927203038316751,-0.08636462043577589
Finland,FIN,1995,0.35694035130662394,0.19759967126847183,-0.3540392728495215,0.7006076240997533
Finland,FIN,1996,0.36256962110574686,0.20013594388151912,-0.32106467964539376,0.4628341622387657
Finland,FIN,1997,0.36662418043085704,0.19760429867385565,-0.30556691795330315,0.4578953148334968
Finland,FIN,1998,0.3707399460687488,0.20034339514786897,-0.34173410526635006,0.45150524371304923
Finland,FIN,1999,0.3746444609837894,0.20336244521604396,-0.3792347403291538,0.4466225017074563
Finland,FIN,2000,0.37890833251612377,0.20448573881780316,-0.4237098824267994,0.3584104137353614
Finland,FIN,2001,0.41957930890094786,0.25661546492599485,-0.4353781863065644,0.10732636021957512
Finland,FIN,2002,0.4109014529770464,0.27537481335707104,-0.4135619759151118,0.12117334498214063
Finland,FIN,2003,0.3983924780700515,0.27524083495831,-0.37600975454438745,0.11504254392303481
Finland,FIN,2004,0.38707579920462376,0.27345905577234286,-0.3498313372224475,0.09427801095911818
Finland,FIN,2005,0.37730942434492887,0.2738914074400308,-0.31891574560632685,0.07902962669703593
Finland,FIN,2006,0.3693686792241523,0.27617807311501374,-0.25334367100129285,0.07883414195895756
Finland,FIN,2007,0.3645167188028333,0.27283179265427177,-0.19069855447086637,0.04732937803488357
Finland,FIN,2008,0.35531052917419986,0.2956182929200379,-0.14152875996328285,-0.027080258869230947
Finland,FIN,2009,0.34483414106730925,0.2964668101732806,-0.08172195313727997,-0.03883615133497452
Finland,FIN,2010,0.3354141619824552,0.2956939795768795,-0.0228792752762636,-0.04285878548316542
Finland,FIN,2011,0.31854415268358116,0.24585032205153023,0.061297382875231884,-0.09346877862123783
Finland,FIN,2012,0.29724063107725734,0.23643356068798121,0.08009693009390181,-0.09596700746240641
Finland,FIN,2013,0.29439934731871165,0.1938372021415915,0.09537912228807224,-0.10228957881515324
Finland,FIN,2014,0.26177319003483446,0.2174222730099179,0.13265946213673244,-0.1267376123596579
Finland,FIN,2015,0.2591873683178211,0.21459811114329047,0.1695210543971607,-0.1253165542428925
Finland,FIN,2016,0.2768928640804101,0.2405978195099571,0.20226558870724365,-0.13515650273159135
Finland,FIN,2017,0.2643957797192823,0.246826767741698,0.23551436976534418,-0.019884630483514215
Finland,FIN,2018,0.2592775789700553,0.22622028080588819,0.2548134502090216,0.005862091887414517
Finland,FIN,2019,0.25641720965369214,0.15204062103712263,0.2569339491418934,0.10222530436675849
Finland,FIN,2020,0.24619798032630918,0.026504008520486275,0.26648530015717187,0.10946562356360226
Finland,FIN,2021,0.2173873102990108,0.06606005632050899,0.3677825582666144,0.1029395064780372
Finland,FIN,2022,0.29411878699936,0.11320666187538869,0.24522242760220977,0.10146279935152447
Finland,FIN,2023,0.2802720062191928,0.0824132096710961,0.23455635546469114,0.1158163274955548
Finland,FIN,2024,0.2635696512930091,-0.2451822693650923,0.23357796358084265,0.1014714108241428
Finland,FIN,2025,0.27268525533276816,-0.06377760375159854,0.28012147719078273,0.14953888626815204
Greece,GRC,1970,-4.1839592504197975,-1.4910189773652893,-1.736938272581622,-0.54491533854759
Greece,GRC,1971,-4.1839592504197975,-1.4910189773652893,-1.736938272581622,-0.54491533854759
Greece,GRC,1972,-4.194582193643862,-1.496269836792312,-1.7276688246160752,-0.5303889215170774
Greece,GRC,1973,-4.258097069653392,-1.560344880922465,-1.7500039429139966,0.06026717729440473
Greece,GRC,1974,-4.392723079453016,-1.5372652597251106,-1.404269141709572,0.11740439723743562
Greece,GRC,1975,-4.510955275503078,-1.6795861496321964,-3.235322191531531,-0.2167468563664982
Greece,GRC,1976,-5.351988652939665,-1.5598800935555275,-3.6496647615813167,-0.648085019956639
Greece,GRC,1977,-4.812639723589324,-1.3288001545676786,-3.122703620914694,-0.6455390484130785
Greece,GRC,1978,-4.230753629283628,-1.120030360471313,-2.973579563841488,-0.5258253841297332
Greece,GRC,1979,-3.6467114916880785,-0.9142453676817148,-2.102434125136629,-0.4963890661339499
Greece,GRC,1980,-3.0403124178504175,-0.7007182330228923,-1.4903731637676532,-0.4067572227154499
Greece,GRC,1981,-2.4948252264602715,-0.5311164829871374,-1.4357030844186016,-0.4110747718302296
Greece,GRC,1982,-2.1837542840610147,-0.44950871765637934,-1.3914823162423082,-0.4102087881529708
Greece,GRC,1983,-1.880222013594656,-0.44032801452675085,-1.376751024622155,-0.4021059215076812
Greece,GRC,1984,-1.5627414962017747,-0.4422541511463344,-1.3384658307527262,-0.40030265051009817
Greece,GRC,1985,-1.241988518287264,-0.4344282272060276,-1.3198849968968527,-0.4839315383528605
Greece,GRC,1986,-0.918195773127187,-0.4064208558159193,-1.2380857404013668,-0.46339368917138263
Greece,GRC,1987,-0.6462666796954867,-0.3734575442269682,-1.2114254418584667,-0.6139073624327134
Greece,GRC,1988,-0.45608831821315865,-0.3187342139096347,-1.2039923078980124,-0.632273026767195
Greece,GRC,1989,-0.28015727531174683,-0.24305723265771056,-1.1678501730105246,-0.5640550414143233
Greece,GRC,1990,-0.1120567457025359,-0.19195822232280554,-1.1310088889365164,-0.5848504107995123
Greece,GRC,1991,0.09826183228510352,-0.1128001398955488,-0.9680170715858862,-0.6922165629018464
Greece,GRC,1992,0.11319173922562142,-0.041280327012801696,-0.9546022496662957,-0.6425101728801936
Greece,GRC,1993,0.13418574645389303,0.01060187646758666,-0.9496816139683625,-0.6196149305421328
Greece,GRC,1994,0.15016549689288877,0.04143996192445708,-0.8970441360136524,-0.6202869231354342
Greece,GRC,1995,0.16213799404416313,0.07625442837225259,-0.9058960645701856,-0.5324338544341892
Greece,GRC,1996,0.17508092680497733,0.11404718092264673,-0.8784821994609333,-0.4915524516992278
Greece,GRC,1997,0.18748236982327887,0.16075519501988245,-0.774788420267216,-0.4992818727559549
Greece,GRC,1998,0.19942985289437323,0.20747534377490595,-0.7825356197821147,-0.4968485396515774
Greece,GRC,1999,0.2135686679678343,0.2542242835264362,-0.7839502847501281,-0.5041538337024278
Greece,GRC,2000,0.22958605451247283,0.3019426559237477,-0.7921194994345475,-0.47781619507911
Greece,GRC,2001,0.2482758264001805,0.3541480639424121,-0.7822949940918872,-0.40298020692800673
Greece,GRC,2002,0.2616935288872678,0.36470852496173095,-0.7938592286063754,-0.4055203849346564
Greece,GRC,2003,0.27773470552434976,0.3777609030735358,-0.7900577793015351,-0.40186206760386717
Greece,GRC,2004,0.29991687053475297,0.3915612570930504,-0.7975325752600465,-0.3964419753826225
Greece,GRC,2005,0.32427011322302124,0.407126166059976,-0.7848215614601555,-0.39584713723809495
Greece,GRC,2006,0.35313571744110045,0.4196811310972945,-0.8057905375243098,-0.4015100191680596
Greece,GRC,2007,0.37857144744438154,0.429197981103974,-0.8023676913459965,-0.4025735509845344
Greece,GRC,2008,0.40362602298931766,0.45643117137571176,-0.803465935983192,-0.40066828094054413
Greece,GRC,2009,0.43275420061474423,0.45634960334678687,-0.8314946217962187,-0.39610875171370236
Greece,GRC,2010,0.45842957089459635,0.4732288762034098,-0.8446745798995022,-0.3743168328032307
Greece,GRC,2011,0.5085497707319518,0.5031183385414532,-1.0268657780305643,-0.30733177905326653
Greece,GRC,2012,0.5309161167781973,0.5032481212135346,-1.0546153490568155,-0.3080555519179832
Greece,GRC,2013,0.5490150912045793,0.4948673290504845,-1.1146128677746687,-0.2962559801956417
Greece,GRC,2014,0.625955676381628,0.5686244768059415,-1.097484798652221,-0.2879830273094615
Greece,GRC,2015,0.624616379217135,0.5623952624406976,-1.0962281509334577,-0.2980785890077097
Greece,GRC,2016,0.6492800207806687,0.6239871355529933,-0.9992218751770761,-0.8348169272327373
Greece,GRC,2017,0.6686884565241473,0.6181660823919347,-0.9645857410668723,-0.7292647933314594
Greece,GRC,2018,0.6722880222427613,0.6126804495064805,-0.9638217465842369,-0.6090839184430572
Greece,GRC,2019,0.6808056023791303,0.55547789225643,-0.986408347735001,-0.5795897765428368
Greece,GRC,2020,0.6700811650202871,0.4693586362413166,-0.9281282839402153,-0.5238055663330768
Greece,GRC,2021,1.008395551953641,0.7154269044924289,-0.7944867966517184,-0.5229454735258372
Greece,GRC,2022,1.0505978977952943,0.7346498762097855,-0.637625051996749,-0.5200096747822768
Greece,GRC,2023,1.0286664070393527,0.6293643346051014,-0.7754412259722723,-0.49734014339077715
Greece,GRC,2024,1.1254693632663195,0.6777792029860433,-0.798704158625239,-0.49987918057838865
Greece,GRC,2025,1.133836926099713,0.5192538229592858,-0.7078810110841113,-0.5010490483085943
Guyana,GUY,1970,0.2347656954055794,0.6063623460811061,0.15753158889654242,1.2154958432019636
Guyana,GUY,1971,0.2347656954055794,0.6063623460811061,0.15753158889654242,1.2154958432019636
Guyana,GUY,1972,0.2506077252742657,0.6051154852819254,0.15411596145449927,1.1702954095306888
Guyana,GUY,1973,0.276250077537766,0.6109596495460374,0.15286585274692882,1.1521253072755189
Guyana,GUY,1974,0.29739158335564075,0.5892015759302413,0.18992360015938653,1.1309194705060948
Guyana,GUY,1975,0.3117381488774186,0.5869016096186006,0.2044172976350393,1.1091392103199502
Guyana,GUY,1976,0.3266599470400558,0.4564069710969977,0.19775119968593924,1.0954212659421951
Guyana,GUY,1977,0.3477579442242418,0.4662320422961651,0.22840292869628953,1.0823858748291897
Guyana,GUY,1978,0.36361731492327515,0.4744668177914068,0.24222603994866665,1.1068153186875243
Guyana,GUY,1979,0.37118304117619716,0.4563977902772748,0.08687969227908621,1.5034884800109147
Guyana,GUY,1980,0.3757507854749923,0.4742129523623626,0.14993057490041523,1.4966057948736569
Guyana,GUY,1981,0.20025264135394383,0.3298267788418121,0.206815662199403,1.6919202124190695
Guyana,GUY,1982,0.3166585282338058,0.5485364882210506,0.17386382431316535,1.5774700650442992
Guyana,GUY,1983,0.3818325885197379,0.5425010366435172,0.14897438870744145,1.4582938404544787
Guyana,GUY,1984,0.44785319244769056,0.5391645397315605,0.12180093243566792,1.3451542698743768
Guyana,GUY,1985,0.5227594956865077,0.5370057527599958,0.09683325684062521,1.1514367639118483
Guyana,GUY,1986,0.6138529904485144,0.4830552563543481,0.07529357526330688,1.0533573410788515
Guyana,GUY,1987,0.969294217686778,0.8562930225335763,-0.01583618863358447,0.9238099643759166
Guyana,GUY,1988,0.9136870366493599,0.8607561985737564,-0.02938445790350594,0.7200062505296059
Guyana,GUY,1989,0.8447780895436288,0.8081216966050693,-0.0453582260238999,0.6351589747151015
Guyana,GUY,1990,0.7666203292238083,0.7541344603401525,-0.06986812323365539,0.48603798027578315
Guyana,GUY,1991,0.6370893115276659,0.957254811814038,-0.15336318271284402,0.39424981617925925
Guyana,GUY,1992,0.6609598829976624,0.6773254173389226,-0.1531206306909302,0.24895835931432572
Guyana,GUY,1993,0.6613366629905864,0.6259315981751301,-0.20197879948742226,0.1298133525141596
Guyana,GUY,1994,0.6507580751873161,0.6043890026384355,-0.22511905553884215,0.11016728423970167
Guyana,GUY,1995,0.6512840376588409,0.5911253805494358,-0.2134922083559739,0.056730848156627406
Guyana,GUY,1996,0.6559859118814271,0.5929117734893019,-0.20119535303426156,0.039477449456579584
Guyana,GUY,1997,0.6617925300450158,0.5938894168059623,-0.11586800520551124,0.02844811814376987
Guyana,GUY,1998,0.6696327791805874,0.6153612777928001,-0.0947847335759874,0.018598983474148418
Guyana,GUY,1999,0.6935169393514276,0.628418147245347,-0.08925676781431759,0.010147110692689117
Guyana,GUY,2000,0.6636426197875858,0.6273708146279677,-0.08483111709832536,0.021366450223713127
Guyana,GUY,2001,0.6325122263778231,0.5898352405366805,-0.0573991934734613,0.02592853746711343
Guyana,GUY,2002,0.6138443469980839,0.5898726226744437,-0.04504655397209583,0.016949985865718734
Guyana,GUY,2003,0.5884951999066793,0.5901672547293644,-0.05326232873801399,0.005394746824453123
Guyana,GUY,2004,0.5660817890480614,0.5941197617182934,-0.044094215778564,-0.02055527517221007
Guyana,GUY,2005,0.5353794578670067,0.5996540762795832,-0.025615310791404455,-0.03122515808809031
Guyana,GUY,2006,0.5067119712498116,0.5973399394627981,-0.004487956245783846,-0.04749392521393844
Guyana,GUY,2007,0.4810183319656737,0.5972319610812848,0.02579569945011623,-0.04123771082287356
Guyana,GUY,2008,0.45566443385403826,0.5748572943784045,0.016069679057951022,-0.04529429758555553
Guyana,GUY,2009,0.42802955216473415,0.5762775779187679,0.01793908517451124,-0.06490101623704958
Guyana,GUY,2010,0.4034316697351101,0.5762991129888403,0.017852889140472786,-0.093336266972554
Guyana,GUY,2011,0.3778185013293963,0.5764525699046449,0.039079555883379274,-0.13565941930372077
Guyana,GUY,2012,0.34292434848018927,0.5741064610329212,0.04274804866541344,-0.16013623076164643
Guyana,GUY,2013,0.3142140230554591,0.564750029313887,0.0570829150129376,-0.1851260299791893
Guyana,GUY,2014,0.2159091508910889,0.5427679030294843,0.05701011158644715,-0.21586149751152842
Guyana,GUY,2015,0.19678621032947977,0.5444693772198916,0.055029281791619,-0.2451966014906225
Guyana,GUY,2016,0.16062918275889498,0.6967643266942394,0.008151082986078181,-0.25807551415000984
Guyana,GUY,2017,0.12701161734340338,0.9479966805251621,0.01815607239241506,-0.7224078614080052
Guyana,GUY,2018,0.122036350501031,0.9106029474242042,-0.002476348901216917,-0.6419569935396043
Guyana,GUY,2019,0.12321259620365912,0.946059069235929,-0.007749101937306612,-0.5738132070559822
Guyana,GUY,2020,0.10273987026839437,0.9313733411048564,0.007848021921881266,-0.7625624582493298
Guyana,GUY,2021,0.10322834535830741,0.43333944332104,-0.3221615507176652,-0.798315092585377
Guyana,GUY,2022,0.42222620106874587,0.5464081972271937,0.020557773497360987,-0.7941112472833474
Guyana,GUY,2023,0.3933683162003567,0.5033185797850239,0.08626093577505231,-0.7396397069545699
Guyana,GUY,2024,0.3866605371325982,0.5326604288176253,0.07371795676307906,-0.7821020539967212
Guyana,GUY,2025,0.37823029114459483,0.6331857392383933,0.12698779693657644,-0.7749984239764814
Iceland,ISL,1970,0.17726970706891398,-0.13535423887670947,0.15432339391535205,-0.5429495950968184
Iceland,ISL,1971,0.17726970706891398,-0.13535423887670947,0.15432339391535205,-0.5429495950968184
Iceland,ISL,1972,0.1749507926350675,-0.13369971414154996,0.14982310584981479,-0.5401494797134613
Iceland,ISL,1973,0.1733238558702314,-0.1135061252272885,0.1444375005727421,-0.4931364475904445
Iceland,ISL,1974,0.1698961681337931,-0.10712806553601777,0.14253869490215265,-0.4756972058269011
Iceland,ISL,1975,0.17041261332341684,-0.10316037518948186,0.11843580689707237,-0.4734794490807778
Iceland,ISL,1976,0.17125882747346255,-0.023807703854448307,0.11775828675228472,-0.43760932673015474
Iceland,ISL,1977,0.16985804384778258,-0.02530025602158719,0.16573170553982763,-0.4318050777412612
Iceland,ISL,1978,0.16997498438036163,-0.01872506606495852,0.17891545327692898,-0.3491793153972961
Iceland,ISL,1979,0.17112029219854974,-0.022413124969764917,0.2063228247204192,-0.34779045075935194
Iceland,ISL,1980,0.16659886354693448,-0.023794614719859906,0.21680801914865072,-0.30073177129840045
Iceland,ISL,1981,0.26357525371778867,-0.03599225973851736,0.23943127405730935,-0.19084871094580624
Iceland,ISL,1982,0.26199157912182114,-0.0013295865301077361,0.2266442408786568,-0.19256226870218168
Iceland,ISL,1983,0.259522238309877,5.3553100717619595e-05,0.22883329569695537,-0.1947355365301514
Iceland,ISL,1984,0.25028458010916566,-0.0017908442526146304,0.2588476858868617,-0.1967902311634018
Iceland,ISL,1985,0.23592515563197522,-0.013563598052940766,0.26416770684884994,-0.1766060740128976
Iceland,ISL,1986,0.2080555215237163,-0.022586041053845658,0.26166879647131086,-0.17933256665872327
Iceland,ISL,1987,0.21643689158171736,0.011398070921297944,0.253355094531559,-0.17777699618802897
Iceland,ISL,1988,0.2340611966131232,-0.01948276898379464,0.2573629151920702,-0.20480197690743301
Iceland,ISL,1989,0.22694878283251635,0.037642870300818504,0.2690658399136818,-0.3450347011353281
Iceland,ISL,1990,0.18804425650461365,-0.04315465353989366,0.231602579966806,-0.4052006071314746
Iceland,ISL,1991,0.13795044336983528,-0.21710466278230173,0.20683318059104633,-0.344555862792857
Iceland,ISL,1992,0.12790940283919436,-0.15915069842347715,0.22128741061805962,-0.2911580559761809
Iceland,ISL,1993,0.12485452898151339,-0.14994551224581318,0.2148003360127737,-0.22382605853844806
Iceland,ISL,1994,0.12518597084986305,-0.15688859030618674,0.21813352373581435,-0.23282440660553178
Iceland,ISL,1995,0.1274175801841086,-0.16266872731089782,0.21417850679806585,-0.2074084080791695
Iceland,ISL,1996,0.1301379154442383,-0.17128197175507698,0.23298045491135738,-0.19170353710523108
Iceland,ISL,1997,0.13551467265792144,-0.15107723743898868,0.295935710104513,-0.18680898536668888
Iceland,ISL,1998,0.13817559199833768,-0.1536165155843966,0.2898966200976141,-0.22702192663317286
Iceland,ISL,1999,0.14068739974584676,-0.1563544099780504,0.28440108136671954,-0.2343492761863888
Iceland,ISL,2000,0.14276590415257748,-0.16115979464890196,0.2790542920790699,-0.2171808748057022
Iceland,ISL,2001,0.1384354240425768,-0.11247388088303503,0.3673668809805309,0.06795154160571244
Iceland,ISL,2002,0.1416817379836361,-0.112624262579363,0.36647978898877676,0.07240689681418314
Iceland,ISL,2003,0.1438571118736395,-0.11333026933900145,0.34095344299572905,0.0764936629782831
Iceland,ISL,2004,0.14816417765153206,-0.11467942577530828,0.3337821931150699,0.0623283858443959
Iceland,ISL,2005,0.15321507169089854,-0.11882049840718034,0.3395140790618956,0.13788519259158916
Iceland,ISL,2006,0.14990009601740023,-0.1315102107235538,0.2348609849480624,0.12971632160963598
Iceland,ISL,2007,0.15346210758235285,-0.12906676878912643,0.252660136708993,0.13345531987476938
Iceland,ISL,2008,0.15459034112343223,-0.1002047221356686,0.25576896237204494,0.12369369468279275
Iceland,ISL,2009,0.1732070598700134,-0.18060633425894365,0.2669072180345208,0.0825696783655033
Iceland,ISL,2010,0.17224822101766873,-0.17382064988258789,0.27768387604561245,0.04172180312468153
Iceland,ISL,2011,0.1574161655930651,-0.20712247957718,0.41155158135021225,-1.1479664101714027
Iceland,ISL,2012,0.14632295453733501,-0.2136593800498538,0.40888214112857213,-1.1319052458422392
Iceland,ISL,2013,0.14566508873785197,-0.19082766109524937,0.4419031662308912,-1.7401729677127196
Iceland,ISL,2014,0.1915115126870802,-0.12460856028276833,0.43124019303170125,-2.3218546009350702
Iceland,ISL,2015,0.18998734639168327,-0.12026023069858266,0.429082950868265,-2.2187434750333397
Iceland,ISL,2016,0.18928667561264662,-0.09236628588616921,0.4159538542152209,-2.1474535544618423
Iceland,ISL,2017,0.17357435930921372,-0.06898041731462118,0.3507803474477306,-1.0945647542833419
Iceland,ISL,2018,0.177816913171296,-0.08546902014346719,0.3042572537785732,-0.7461332802285837
Iceland,ISL,2019,0.17259575834626908,-0.058756987256808724,0.30505728458698106,-0.6491360576816608
Iceland,ISL,2020,0.16341887625423693,-0.12366291569144551,0.2955719712645176,-0.5150384706036415
Iceland,ISL,2021,0.14439425249635118,-0.17083686374547807,0.16080165620414416,-0.5085016869653559
Iceland,ISL,2022,0.15450377329418646,-0.29501042925372084,0.03948560359131696,-0.49951216126445885
Iceland,ISL,2023,0.16546942384068267,-0.28218648880751124,-0.03042895996084785,-0.4824351713327161
Iceland,ISL,2024,0.148506503745862,-0.5423690055922882,-0.027639991296463662,-0.508521471922811
Iceland,ISL,2025,0.15315877839055086,-0.19197071352831607,0.03598198165664705,-0.49638529876534243
Israel,ISR,1970,0.08795825840619412,0.070699617418433,0.1301027262439491,-0.028859785657085118
Israel,ISR,1971,0.08795825840619412,0.070699617418433,0.1301027262439491,-0.028859785657085118
Israel,ISR,1972,0.08853114820706624,0.07202449318086883,0.12831378250528291,-0.02473786580756898
Israel,ISR,1973,0.07396642757834665,0.04552213215549667,0.1229144301784833,-0.0387504998846938
Israel,ISR,1974,0.05859478671865551,0.029323852231239463,0.13990685103335349,-0.01524850341329534
Israel,ISR,1975,0.08216177992758776,-0.00984218561097094,0.20652624283520216,-0.014391602886239039
Israel,ISR,1976,0.078600575829363,0.04346548459581696,0.2156935302982966,-0.013533246038605447
Israel,ISR,1977,0.07601187733066828,0.05055033457622952,0.21525764584446536,-0.009502964204718942
Israel,ISR,1978,0.07730988390011337,0.0748345082445322,0.19654579279146195,-0.041679323198301775
Israel,ISR,1979,0.09638677299044082,0.06720811032178227,0.07378780122299339,-0.044066835299427703
Israel,ISR,1980,0.0930553482896684,0.06431124774670216,0.05759138857699051,-0.04138402990145386
Israel,ISR,1981,0.10842733014324817,0.0466158202012458,0.05305929626253312,-0.025527918472370795
Israel,ISR,1982,0.10576178622602156,0.054046778482655225,0.06610519546825305,-0.02599330187380521
Israel,ISR,1983,0.10469541595551486,0.03765951305850923,0.06586487982241981,-0.027228868034551962
Israel,ISR,1984,0.10606303161223135,0.03985101718589632,0.059828459354678176,-0.02837735268163296
Israel,ISR,1985,0.07699076308412714,0.01616328890562188,0.06465754196827493,-0.01544007060516216
Israel,ISR,1986,0.03963431091902711,-0.09895661245296636,0.03851178697628754,-0.006311342795222412
Israel,ISR,1987,0.06998949129488974,-0.04924138578552633,0.02564283572366463,-0.0019727091045326738
Israel,ISR,1988,0.07787243416664569,-0.022432850268293447,0.024964723201610722,-0.015519125994930265
Israel,ISR,1989,0.06839045629874566,-0.0027874564524298234,0.044456196917414696,-0.002912522329366693
Israel,ISR,1990,0.12501240837139538,0.08949013156114463,0.017784552451384897,0.037991854697996805
Israel,ISR,1991,0.06500010315584154,0.0887486728042271,0.045657933346695725,0.006181426138600219
Israel,ISR,1992,0.06529660191439912,0.09840536811807662,0.05717942722629599,0.010786631089817152
Israel,ISR,1993,0.06540646317718717,0.0913888229192587,0.06943935053946376,-0.014084715587305542
Israel,ISR,1994,0.06800480029491661,0.11010301580190682,0.048164657124563234,-0.015241594669815523
Israel,ISR,1995,0.07155660522090428,0.13552491717136825,0.04577624083153583,0.013315416884050444
Israel,ISR,1996,0.07227451725461109,0.14650046875617442,0.053977732143960185,0.04214268768298334
Israel,ISR,1997,0.07526763319434608,0.18976731792619228,0.3188618408789936,0.0429633478666475
Israel,ISR,1998,0.07637959713347181,0.20009934521451161,0.3183610259866783,0.03349900038448892
Israel,ISR,1999,0.07678810400037078,0.2090737140134298,0.30028056667844577,0.03276755227466842
Israel,ISR,2000,0.08032143838972289,0.22226993293642483,0.30485579433765214,0.06838635901237394
Israel,ISR,2001,0.07403692468669372,0.2363779759009486,0.28393841571636497,0.04616231948297871
Israel,ISR,2002,0.07352745728476659,0.24590278429852863,0.2890707053592793,0.04045465610513577
Israel,ISR,2003,0.06991352501847153,0.2555684532200772,0.2361361669587806,0.03328888525261596
Israel,ISR,2004,0.07184780048853857,0.2648129775186963,0.22345496001403176,0.027822950065178216
Israel,ISR,2005,0.07426864598424776,0.27110904073739667,0.21287030391038853,0.028294979890992476
Israel,ISR,2006,0.07903154046316135,0.282051121117917,0.17227631290271164,0.027217281646058827
Israel,ISR,2007,0.078323721627852,0.3181679170225068,0.14306661913247032,0.08738584335118502
Israel,ISR,2008,0.08189869072159717,0.4262839106330393,0.09921078649664161,-0.0053148620722988735
Israel,ISR,2009,0.0817798315753045,0.42098224057530453,0.10438088730781106,-0.004494344410669985
Israel,ISR,2010,0.08015638681543205,0.4225585756992897,0.10720640275130947,-0.001573140360512348
Israel,ISR,2011,0.04912560270468369,0.4093156802602002,0.13443700012924137,0.004248463302341276
Israel,ISR,2012,0.06833422715409465,0.4399866503494433,0.1363029084439432,0.002227139789591992
Israel,ISR,2013,0.06851142115506761,0.4762396303157319,0.14346615075954516,-0.0007866362797883802
Israel,ISR,2014,0.1127980824777221,0.48354988134767574,0.13619612202414397,-0.0002327075811564376
Israel,ISR,2015,0.10944922639135632,0.47554479371503244,0.13366969289938457,-0.11650448340728874
Israel,ISR,2016,0.10818478792664377,0.4484794077299519,0.144480523934628,-0.11211573087407033
Israel,ISR,2017,0.12727028433823745,0.4708876491306707,0.1592013329391777,-0.015747253874267196
Israel,ISR,2018,0.127225883200632,0.4637180771842596,0.151388599509356,-0.026463974030245693
Israel,ISR,2019,0.1231799703260595,0.3959288370621702,0.15496734636272827,-0.029715559852341887
Israel,ISR,2020,0.12442655508529085,0.4653352113208844,0.16448344376177643,-0.026334025449652333
Israel,ISR,2021,0.06654547617678733,0.5393516947159465,0.19227114494859665,-0.02527597717299418
Israel,ISR,2022,0.07443461539622019,0.5725386488654098,0.12992599484247197,-0.017211484827573446
Israel,ISR,2023,0.047120295580790166,0.5933886609039636,0.1514778235628409,-0.026685555607211763
Israel,ISR,2024,0.15832559611423727,0.2804159985053426,0.1481504810980918,-0.02793254603757537
Israel,ISR,2025,0.15813456634056947,0.3600852266782606,0.12470668033445592,0.002730863115502311
Lithuania,LTU,1990,-0.23117626576932318,-2.0449200029512897,-0.06831721483965954,-0.7270827154452768
Lithuania,LTU,1991,-0.23117626576932318,-2.0449200029512897,-0.06831721483965954,-0.7270827154452768
Lithuania,LTU,1992,-0.2979671922257299,-1.6666812031020795,0.08799046120858506,0.14855010630706633
Lithuania,LTU,1993,-0.23138836326253637,-2.0369830687519332,-0.07633911003770152,2.760285279847429
Lithuania,LTU,1994,-0.16123214791274815,-2.008197491101151,0.4764491445490604,2.7278185116446694
Lithuania,LTU,1995,-0.08247480416794817,-2.1529548176618913,-0.20406770936891283,4.283229830202586
Lithuania,LTU,1996,-0.037534511535184376,-2.21807120962573,0.32316473719134553,0.8807959101241023
Lithuania,LTU,1997,0.016017247959464687,-2.2451321784006506,-0.03988305230576026,0.8529431989675722
Lithuania,LTU,1998,0.05536481174682581,-2.273963226997323,-0.0019518282325487225,0.5208923917421844
Lithuania,LTU,1999,0.09912757355293723,-2.269113201884098,0.00918887946884265,0.5207902990515723
Lithuania,LTU,2000,0.14504805137324234,-2.2693888157481448,0.015590835288716638,0.40630399751821644
Lithuania,LTU,2001,0.1876942135002842,-2.224197491400885,-0.04755793112352036,0.4091424986090928
Lithuania,LTU,2002,0.1969272761363562,-2.2176242082231434,-0.04696018735770664,0.4285169063472197
Lithuania,LTU,2003,0.20972413366544904,-2.216493089138009,0.025832829900323484,0.3904142858446198
Lithuania,LTU,2004,0.22334759427093454,-2.2040101135166097,0.025040169107609835,0.5693187562120952
Lithuania,LTU,2005,0.22992597482244576,-2.206764755600104,0.07815554188611507,0.4165608923025075
Lithuania,LTU,2006,0.2179006772688553,-2.2204215965479093,0.007253155025573232,0.396480750227675
Lithuania,LTU,2007,0.20664780669976535,-2.2108391955235853,0.008776354161276347,0.4888470930526587
Lithuania,LTU,2008,0.19294098862113138,-2.197110071532354,0.02402678622272429,0.2566891788045971
Lithuania,LTU,2009,0.186178437456273,-2.1866458565411415,0.03933220347533321,0.3362351281941702
Lithuania,LTU,2010,0.17376443747024684,-2.193798930191761,0.04030397956944764,0.28801025031188887
Lithuania,LTU,2011,0.16635899010590827,-2.2118032154254266,-0.054548910077754365,0.4968419293338883
Lithuania,LTU,2012,0.1539884000150247,-2.2042910914609712,-0.05133215483242154,0.4876672427956077
Lithuania,LTU,2013,0.15202634086912198,-2.2278234264021357,-0.07349718655859873,0.45381998465331164
Lithuania,LTU,2014,0.16678231096659163,-2.1320442914186457,-0.057284374141310296,0.37924113970524875
Lithuania,LTU,2015,0.18724390391594958,-2.1250877406593838,-0.2605478648707624,-1.4011384816760766
Lithuania,LTU,2016,0.19103196418997054,-2.0755775856640737,-0.25268479526965143,-1.3397997335436342
Lithuania,LTU,2017,0.22809107038678192,-1.9012670764590112,-0.23917796384748738,-0.648503787203313
Lithuania,LTU,2018,0.21768832357354642,-1.8910531633502976,-0.2594392551495349,-0.23252000143650564
Lithuania,LTU,2019,0.19789180573320234,-2.0403075628247636,-0.26054028203140345,-0.20303960230626267
Lithuania,LTU,2020,0.18832752921828463,-2.1086572530171175,-0.24919947770133133,-0.6537711149461551
Lithuania,LTU,2021,0.18580287554995106,-1.9682068680038376,-0.24090541109725694,-0.8164493720884642
Lithuania,LTU,2022,0.16950676005618334,-2.1345316287090688,-0.10819270146051359,-0.9148832449970667
Lithuania,LTU,2023,0.1622632825124185,-2.084614165395723,-0.07114258702168273,-0.9608141073578267
Lithuania,LTU,2024,0.29670834569295723,-1.8408228165429077,-0.09003358435649457,-1.0583285903946653
Lithuania,LTU,2025,0.2975316254845637,-1.8212411285756074,0.01599384334964612,-1.0116321456410071
Luxembourg,LUX,1970,0.021393603501529808,-0.2592468420611202,-0.012653566939538494,-0.5218174918713597
Luxembourg,LUX,1971,0.021393603501529808,-0.2592468420611202,-0.012653566939538494,-0.5218174918713597
Luxembourg,LUX,1972,0.020856618740598923,-0.25888080624938625,-0.012275173330476702,-0.49843475396131737
Luxembourg,LUX,1973,0.020563452661589366,-0.24784968892929923,-0.012397801076994681,-0.4712442490448078
Luxembourg,LUX,1974,0.010158689743371026,-0.27995309563690246,0.01256623703737228,-0.45329512798521765
Luxembourg,LUX,1975,0.007331170655334578,-0.253592757157233,-0.030104822741525976,-0.43825909935806595
Luxembourg,LUX,1976,0.004432459022040546,-0.17556445040665158,-0.02974029660076208,-0.44108368813008364
Luxembourg,LUX,1977,0.007718742220288382,-0.1614049993480599,0.006710269919587966,-0.4165049128646612
Luxembourg,LUX,1978,0.00788096596560301,-0.16046062589047835,0.0067984340392883424,-0.3670551009102813
Luxembourg,LUX,1979,0.006693612703267429,-0.1675165624978439,0.028942896563286597,-0.35597343209649357
Luxembourg,LUX,1980,-0.0003624205517825888,-0.18071705065829802,0.12313430702339515,-0.31697020530422143
Luxembourg,LUX,1981,0.03370158365232576,-0.18713935805010867,0.1042636346456342,-0.3252706326789133
Luxembourg,LUX,1982,0.03161493807643653,-0.1851733780999647,0.11169172017194971,-0.3296387361650332
Luxembourg,LUX,1983,0.0314489407661769,-0.19780934059035904,0.1112427214666536,-0.34120669384195634
Luxembourg,LUX,1984,0.02022408177118426,-0.20424370923556825,0.11202475942457063,-0.3493544986350187
Luxembourg,LUX,1985,0.03569838796991103,-0.19619877342437841,0.12010477862799596,-0.35927462423271905
Luxembourg,LUX,1986,0.009903729701766126,-0.24160599667142607,0.0961456054728551,-0.37541256349498087
Luxembourg,LUX,1987,0.0096141897272896,-0.23214604358942426,0.09240168356961848,-0.37524079590721054
Luxembourg,LUX,1988,0.014827119350728574,-0.22501103723048277,0.0957213197932212,-0.4027189484476863
Luxembourg,LUX,1989,0.007501018967182022,-0.2265004722381041,0.07785827537163677,-0.45233990870217766
Luxembourg,LUX,1990,0.007969713546620846,-0.23239426935744523,0.10566950284965762,-0.43164368492704297
Luxembourg,LUX,1991,0.024210542960712202,-0.35188412100207633,0.11089757485100388,-0.45896013630612104
Luxembourg,LUX,1992,0.018834902603190543,-0.29137288666184885,0.10784968569437688,-0.40854935027113554
Luxembourg,LUX,1993,0.018398028797509534,-0.26569253423679895,0.10700194077011424,-0.3752403131542903
Luxembourg,LUX,1994,0.021275209448618444,-0.2611415536401872,0.1335632546591988,-0.3779561153959631
Luxembourg,LUX,1995,0.01964357923665718,-0.2787406941463058,0.13264602468620507,-0.29766272909327796
Luxembourg,LUX,1996,0.020047535793801176,-0.2809297997620013,0.10947314305568362,-0.25932530874475507
Luxembourg,LUX,1997,0.022625588738816284,-0.27751035591837236,0.11257825124436482,-0.26371975197268577
Luxembourg,LUX,1998,0.02306912081106573,-0.27948828062979114,0.11441795836998964,-0.26624692287300583
Luxembourg,LUX,1999,0.023327063744029895,-0.28181036635843015,0.11075004303111749,-0.2720009629753573
Luxembourg,LUX,2000,0.024767514339362227,-0.28394845219858256,0.10303340075365387,-0.3386382329721138
Luxembourg,LUX,2001,0.03143392756417361,-0.28700779720655145,0.07968121608279785,-0.16729093045792545
Luxembourg,LUX,2002,0.031557144106040776,-0.28898284523021384,0.07966400052529904,-0.16797128883545764
Luxembourg,LUX,2003,0.03144178311406523,-0.29173808250287253,0.06310398455444982,-0.17021774075618867
Luxembourg,LUX,2004,0.03248427930761521,-0.2921924583852829,0.060741130308365913,-0.17089916779755623
Luxembourg,LUX,2005,0.030411806184882123,-0.29193811857492724,0.07879877661677094,-0.16905598494244892
Luxembourg,LUX,2006,0.01876450397039729,-0.33139675345231695,0.17135981678422083,-0.5030774469156305
Luxembourg,LUX,2007,0.018969469137817843,-0.3277050038323248,0.15372114942746115,-0.46082025431390794
Luxembourg,LUX,2008,0.018672323223062903,-0.30731399159217454,0.1489001615351171,-0.4282820512055694
Luxembourg,LUX,2009,0.018581987273000693,-0.30133898359430555,0.14789257364221997,-0.4170431898511231
Luxembourg,LUX,2010,0.022174999612937393,-0.3003800337064127,0.16009286523705396,-0.4087433369971784
Luxembourg,LUX,2011,0.016682064198625498,-0.3195409790821884,0.08538944095942261,-0.34270450104653466
Luxembourg,LUX,2012,0.01400631495178289,-0.32242767155740215,0.0880951913613752,-0.34318773770862687
Luxembourg,LUX,2013,0.013744167721687768,-0.3048997416574245,0.10834540522538345,-0.3366645135930785
Luxembourg,LUX,2014,0.0017988621565463454,-0.2927186065013723,0.10483739610150233,-0.33898693293498083
Luxembourg,LUX,2015,0.002261871863828095,-0.2865367941106477,0.09151992474910088,-0.3281860218502972
Luxembourg,LUX,2016,0.005294137107707226,-0.25652451852845976,0.08019847680798721,-0.5019141922441988
Luxembourg,LUX,2017,-0.002452434044027279,-0.312608435859224,0.002033291031070729,-0.8106543474270315
Luxembourg,LUX,2018,-0.0022123048186448936,-0.2919159922692856,0.00869995002313369,-0.6298321592107488
Luxembourg,LUX,2019,-0.00031917835450932276,-0.27121764824242894,0.007933434723358355,-0.5410870035515004
Luxembourg,LUX,2020,0.002734171763346254,-0.2358262521133342,0.008805193078879642,-0.47782638824387885
Luxembourg,LUX,2021,0.12340789179447353,-0.1938597897576735,0.07812798425729628,-0.4739797978514485
Luxembourg,LUX,2022,0.07745851280974797,-0.21790480845977384,-0.1810021629979479,-0.49000498535769266
Luxembourg,LUX,2023,0.0672933982084776,-0.19287312602921258,-0.15108152823954057,-0.4810828107785082
Luxembourg,LUX,2024,0.04522822689788298,-0.15901333024603645,-0.148100806484326,-0.5074800845148526
Luxembourg,LUX,2025,0.04361412055510067,-0.27682532638264956,-0.17937525337104132,-0.4829827288579802
North Macedonia,MKD,1991,0.47005129494385245,1.0184698034930117,0.9606597985844043,0.13103339125158
North Macedonia,MKD,1992,0.47005129494385245,1.0184698034930117,0.9606597985844043,0.13103339125158
North Macedonia,MKD,1993,0.361983227421908,0.6262904871197602,0.9819602337127373,-0.012747358556586985
North Macedonia,MKD,1994,0.3739789270189768,0.6738155426127175,1.1067407699275607,-0.02322344050039042
North Macedonia,MKD,1995,0.42697791898809506,0.8368277370728625,1.7408660087814307,0.13461524296186647
North Macedonia,MKD,1996,0.44354177232974246,0.8372216218084442,1.5731884933028075,0.08097707842794755
North Macedonia,MKD,1997,0.4719517615134067,0.8765768571062877,1.321798828507977,0.07675866013012383
North Macedonia,MKD,1998,0.4822058571959544,0.880442041091974,1.3147214019930864,0.0660882297533651
North Macedonia,MKD,1999,0.5333588484922908,0.8854047045354575,1.2493535560670732,0.07285626120711147
North Macedonia,MKD,2000,0.5276630189277766,0.9225002782300544,1.22907626367516,0.13569179719990954
North Macedonia,MKD,2001,0.4949649818260078,0.8236220526790885,1.163609372578437,0.027338880710329326
North Macedonia,MKD,2002,0.5009445103129553,0.8061119837772961,1.149283889601626,0.04268219014238431
North Macedonia,MKD,2003,0.6749719584802703,0.8303262419278954,1.3495891839226728,0.0965173493384177
North Macedonia,MKD,2004,0.7280401784618337,0.8263844889916067,1.3343001305134796,0.08926289108536928
North Macedonia,MKD,2005,0.6869306410771118,0.9293212743829189,1.1997055373476528,0.27671492204198195
North Macedonia,MKD,2006,0.6715981240541944,0.9135047404518857,1.1983456273806181,0.2519832811179684
North Macedonia,MKD,2007,0.666330273190685,0.9078828773091683,1.189487163056454,0.24998191651407156
North Macedonia,MKD,2008,0.6744050297242583,0.8754061717927055,1.1752320349398229,0.21216162702855831
North Macedonia,MKD,2009,0.6372754703421305,0.8398493683324355,1.207393635139589,0.20838119415958123
North Macedonia,MKD,2010,0.6207314370934929,0.8100813495264154,1.2242835211538088,0.18542079208770798
North Macedonia,MKD,2011,0.6079957309912739,0.7917443635752017,1.1572042780641452,0.2998985512211156
North Macedonia,MKD,2012,0.44683373519670266,0.8032894136410903,1.1831862565501021,0.2832255360372003
North Macedonia,MKD,2013,0.44484954827522505,0.7901630087607765,1.1587736539872744,0.29207057755911314
North Macedonia,MKD,2014,0.6261044313390942,0.6317829035545437,1.148198305895441,0.26678522910649577
North Macedonia,MKD,2015,0.6187608275156448,0.5920197454672235,1.2335900256223453,0.2698430217582588
North Macedonia,MKD,2016,0.6120287220096122,0.4766931412912556,1.2124399128228007,0.29822799866361727
North Macedonia,MKD,2017,0.5476260702010879,0.6329710359149845,1.2033077158837737,-0.1251291800655971
North Macedonia,MKD,2018,0.4736691299977288,0.6534628958589994,0.9781482928825442,0.11074863863036875
North Macedonia,MKD,2019,0.4679224132458722,0.704733732095963,1.0123693354024537,0.445225956545601
North Macedonia,MKD,2020,0.4979270904347781,0.9147755942082676,1.035526859067692,0.36004661756327977
North Macedonia,MKD,2021,0.5206976020435133,0.8604078530612012,0.9525024266786346,0.3384283242690445
North Macedonia,MKD,2022,0.46229236751565417,0.7184426956909771,0.8190785564904809,0.3026168782916912
North Macedonia,MKD,2023,0.47574630244019134,0.6867323368726976,0.799144805596596,0.26400503611738363
North Macedonia,MKD,2024,0.46711732327703165,0.5432932506504751,0.7861640800597254,0.23032263651605697
North Macedonia,MKD,2025,0.46422253488997023,1.0755752170715274,0.8447151888164361,0.2729257086825786
Malaysia,MYS,1970,0.07581817700893195,0.12069724189286261,-0.30080287569284847,-1.233627973248164
Malaysia,MYS,1971,0.07581817700893195,0.12069724189286261,-0.30080287569284847,-1.233627973248164
Malaysia,MYS,1972,0.10575343353832735,0.13150349882504117,-0.5832904716463281,-1.4382996080842987
Malaysia,MYS,1973,0.08709812395255098,0.053337695064324876,-0.5778139867044012,-1.4651580875339187
Malaysia,MYS,1974,0.08598944349335388,0.053437148102021964,-0.527229321292938,-1.3652702051591796
Malaysia,MYS,1975,0.09255163075210132,0.043593271171354614,-0.8890048741669258,-1.4121858455894714
Malaysia,MYS,1976,0.08657586809625989,0.020281887483754833,-0.866407302886094,-1.2704080584916604
Malaysia,MYS,1977,0.08780643002353937,0.02325025295698964,-0.6842855924382263,-1.1715584902520932
Malaysia,MYS,1978,0.08788071563608524,0.02306922811060956,-0.6460268976450376,-0.9541964032869514
Malaysia,MYS,1979,0.08692805063557912,0.019841176820028256,-0.3643444405749313,-0.8997230754730631
Malaysia,MYS,1980,0.0829859736091997,0.01892743221659281,-0.24600276727448098,-0.7889328242880443
Malaysia,MYS,1981,0.04241759165827373,0.10979662879253427,-0.18942559365142278,-0.7838492753178037
Malaysia,MYS,1982,0.05590190231113007,0.07240711022258134,-0.1701976856467093,-0.7659377836281408
Malaysia,MYS,1983,0.05698024960041678,0.11321269619277308,-0.1616305535285213,-0.80518023276297
Malaysia,MYS,1984,0.04723948365626439,0.11156059473732897,-0.1622355981448509,-0.7686790754118473
Malaysia,MYS,1985,0.04745244658328181,0.10988103293857679,-0.16148486480264915,-0.701800835350201
Malaysia,MYS,1986,0.03663582499527855,0.10014125278647282,-0.1546856513141866,-0.6676568148000346
Malaysia,MYS,1987,0.037940636148061764,0.10120261886306343,-0.12030484810718912,-0.6383544195786237
Malaysia,MYS,1988,0.023804599848629794,0.15416131591601975,-0.12386384737705622,-0.5572874871358642
Malaysia,MYS,1989,-0.042531775463741255,0.1474572166993225,-0.08445363921203461,-0.5605769363960493
Malaysia,MYS,1990,0.008608567474334305,0.11979471167707642,-0.08762641078808446,-0.5364766263824994
Malaysia,MYS,1991,0.10235355439382868,0.030198806765096238,0.006620771501451454,-0.4657308244032904
Malaysia,MYS,1992,0.10319749591466433,0.08825628441832012,0.00520833222500109,-0.40895294060670784
Malaysia,MYS,1993,0.1016495847408919,0.0785585831747093,0.0054354820686460595,-0.3755109911887553
Malaysia,MYS,1994,0.10275674120219545,0.07791044682754722,0.0007759952140918361,-0.37581666312409
Malaysia,MYS,1995,0.10590344173087547,0.07713843672574452,-0.003769299809225808,-0.3792496447730753
Malaysia,MYS,1996,0.10865152931112756,0.07907308206202555,0.02817440745327983,-0.35394688340564556
Malaysia,MYS,1997,0.11102499666675707,0.07905460309584805,-0.0175269431891002,-0.358721865313597
Malaysia,MYS,1998,0.11418698295907476,0.08053128397055734,-0.017330617822589173,-0.3637620058969905
Malaysia,MYS,1999,0.12137587998660959,0.08480581310276747,0.006806167893935185,-0.3703106539279288
Malaysia,MYS,2000,0.1309841764476311,0.09191696223339688,0.007475162739006384,-0.3826689570584133
Malaysia,MYS,2001,0.17161897506430324,0.07322215438160697,-0.036974516605846455,-0.36410765204408724
Malaysia,MYS,2002,0.17923040878065283,0.06945034974556094,-0.03638872969827972,-0.3787553568699388
Malaysia,MYS,2003,0.1864549076873393,0.06951303520451738,0.00416253731601661,-0.3854634213470566
Malaysia,MYS,2004,0.19518175556555417,0.07299118563278006,0.004665454083545496,-0.3919384099106429
Malaysia,MYS,2005,0.23547990438577013,0.09067136972403715,0.01547003245450599,-0.40266015169920555
Malaysia,MYS,2006,0.2342280485130913,0.08898939373477009,-0.029924248722481075,-0.41016445933909806
Malaysia,MYS,2007,0.23499463490957484,0.08769565157663879,-0.028683652714600206,-0.4072590699288965
Malaysia,MYS,2008,0.23436906946488625,0.05001927644179746,-0.01426864051275888,-0.41880180841179504
Malaysia,MYS,2009,0.23376171292491854,0.06700858998913735,-0.01316590343742357,-0.4230249042529832
Malaysia,MYS,2010,0.23288654791056193,0.06741328325675575,-0.01598525751875238,-0.4070332361498235
Malaysia,MYS,2011,0.22106131976025978,0.05823361235781646,0.012437012034558818,-0.4204153627589364
Malaysia,MYS,2012,0.21419778282411037,0.055240390064584685,0.006453622199660142,-0.43497348647556705
Malaysia,MYS,2013,0.21513640134650971,0.05060408130837529,0.01934114790908397,-0.4407245977282639
Malaysia,MYS,2014,0.2571695829541842,0.10152553660411033,-0.008482621145283607,-0.4496956767785264
Malaysia,MYS,2015,0.25355724832611365,0.09946170201670348,-0.028969277407051113,-0.4641273346493937
Malaysia,MYS,2016,0.254828617163816,0.09014318047978706,-0.020916741746741893,-0.4759888649901398
Malaysia,MYS,2017,0.2333324785151234,0.0209294863232984,-0.06117319928284072,-0.3213028800240658
Malaysia,MYS,2018,0.23317118242215978,0.0659829418065624,-0.13644759677633372,-0.402810327672012
Malaysia,MYS,2019,0.03389977749963766,0.1436469298820225,-0.239868511473735,-0.5696605752124018
Malaysia,MYS,2020,0.046845199909656965,0.1548364085416156,-0.23409262864717612,-0.5143918026933779
Malaysia,MYS,2021,0.12835106362629434,0.18572788171851967,-0.41302512307328165,-0.5336812772718033
Malaysia,MYS,2022,0.1286157616592165,0.15607232624188522,-0.21781552016614103,-0.5320157817790545
Malaysia,MYS,2023,0.10071458718679205,0.19958394411712876,-0.15437757055602924,-0.5622946300249052
Malaysia,MYS,2024,0.08052854952150039,0.38601076409964175,-0.14980989465440844,-0.555334929326044
Malaysia,MYS,2025,0.07889707212951153,0.2691661763994021,-0.10445494218184945,-0.542522649202089
Mauritius,MUS,1970,0.18503473332641698,0.15314635854465583,0.5525063568277074,-0.02033910106919382
Mauritius,MUS,1971,0.18503473332641698,0.15314635854465583,0.5525063568277074,-0.02033910106919382
Mauritius,MUS,1972,0.18324804445887308,0.1035140212655132,0.5529871145490075,-0.005796021596962549
Mauritius,MUS,1973,0.18890865811191196,0.00953974052418436,0.550632952048067,-0.005475721875091278
Mauritius,MUS,1974,0.20390666516268974,-0.07397226843258531,0.5554109189609712,-0.009629233035522159
Mauritius,MUS,1975,0.21303361223027786,0.06266781722151799,0.5338917808423289,-0.008178783973460058
Mauritius,MUS,1976,0.22474618452528622,1.445471782126989,0.5357182375976062,-0.0055121156222703764
Mauritius,MUS,1977,0.23882421912628554,0.7250075271015562,0.7504361223248543,0.03230541358074929
Mauritius,MUS,1978,0.24887516886203867,0.5018444557440166,0.725718430063921,0.020299111230044256
Mauritius,MUS,1979,0.2578075501731632,0.3802482830187864,0.5206024854712858,0.02061578184892538
Mauritius,MUS,1980,0.28832739970807486,0.6242307198260725,0.39974822164027857,0.007166143992082768
Mauritius,MUS,1981,0.3269437843054476,0.4207088333620529,0.39546683939546184,0.08676396234654522
Mauritius,MUS,1982,0.27320251060493916,0.27822632642425393,0.39368974498623566,0.08573074825030541
Mauritius,MUS,1983,0.21983104884704951,0.12648985109858932,0.40336070835603377,0.0904359443179033
Mauritius,MUS,1984,0.173808561699767,0.04831173011761403,0.4054602071265608,0.08861572748727929
Mauritius,MUS,1985,0.14886156880297238,-0.04282725215028358,0.4051999133811863,0.0957253634005495
Mauritius,MUS,1986,0.12449779592814628,-0.06015963803685647,0.40479595069818186,0.09224984467112114
Mauritius,MUS,1987,0.08431712702395022,-0.24543732545379296,0.39200027354401173,0.08634496487330562
Mauritius,MUS,1988,0.038028931970286256,-0.4304960981779766,0.40072479338926653,0.06024101795351876
Mauritius,MUS,1989,-0.010810535661460008,-0.8195838414444886,0.377545291005269,0.03920227653080231
Mauritius,MUS,1990,-0.06971459046021417,-1.945290635524829,0.3739780018646478,0.039235972148762246
Mauritius,MUS,1991,-0.057138687430844506,-0.08654297494690777,0.5536695108872889,-0.10192787857788417
Mauritius,MUS,1992,0.04602036305632111,0.018292189345704202,0.5540166088087818,-0.10678825840997107
Mauritius,MUS,1993,0.1159253356168165,0.6741596635910843,0.5464895191568114,-0.14377335314126638
Mauritius,MUS,1994,0.1167080236701469,0.2793061318226132,0.6358713192791882,-0.1560810911127412
Mauritius,MUS,1995,0.11915891521473071,0.265863473875594,0.6186300693990525,-0.13050795292782127
Mauritius,MUS,1996,0.12244969219326965,0.3889105903558524,0.6094209277068812,-0.11413245302664851
Mauritius,MUS,1997,0.12866222506498243,0.8083635726416654,0.49418333734488556,-0.1150312224388447
Mauritius,MUS,1998,0.13516522567821518,1.2242550437032236,0.4953266675394249,-0.11387697821954822
Mauritius,MUS,1999,0.1446863028582647,1.6429910905489498,0.48583576804943435,-0.11518514761921758
Mauritius,MUS,2000,0.1433435763864025,1.9265339036876583,0.49156665470437716,-0.13434486594456552
Mauritius,MUS,2001,0.1501406522264351,1.5540400440399864,0.48184229648665233,-0.07157595312260262
Mauritius,MUS,2002,0.15299516547453737,1.1733460806902758,0.48384819548718905,-0.07380892542423861
Mauritius,MUS,2003,0.17013455125578894,0.779977026679296,0.4679049876545318,-0.07962846405262632
Mauritius,MUS,2004,0.195613923186185,0.5139360968365361,0.4706233116867836,-0.05737618149174461
Mauritius,MUS,2005,0.22529570838173318,0.24186222648229547,0.4776375416014548,-0.05194326583091723
Mauritius,MUS,2006,0.2660682890344914,0.07123802949333752,0.5371231570966405,-0.05203133532439098
Mauritius,MUS,2007,0.3122514896840626,-0.12757407211690813,0.504890544170008,-0.0687398938542186
Mauritius,MUS,2008,0.35895949344007977,-0.36702378931648155,0.5036551432861944,-0.06040828476019641
Mauritius,MUS,2009,0.4106234997969289,-0.6326463044959342,0.503718086027658,-0.057463227954690055
Mauritius,MUS,2010,0.4657550942213126,-0.9107397275268283,0.5092641022275358,-0.0517657269012073
Mauritius,MUS,2011,0.5446706845878547,-1.0298423384503206,0.5369957431828326,0.10693303373718759
Mauritius,MUS,2012,0.5947222457839465,-1.1677489951882394,0.5397551347252696,0.10837666197383604
Mauritius,MUS,2013,0.6391231415593929,-1.4548628256485856,0.5368399748715612,0.09134434034250401
Mauritius,MUS,2014,0.7356149757975656,-0.9817755783989253,0.5256171161490131,0.15011109013087462
Mauritius,MUS,2015,0.7110407268398744,-0.5046659517343525,0.547516515947649,0.1395892048466275
Mauritius,MUS,2016,0.6606274538035184,-0.10100320588529205,0.5396315538090468,0.13819231412569744
Mauritius,MUS,2017,0.6246961520774905,0.4892818526286252,0.553348028601439,0.08903000526625812
Mauritius,MUS,2018,0.589971445770369,0.7212297367520293,0.5551371638258783,0.06137736717076464
Mauritius,MUS,2019,0.5542786194543623,2.0342088064491106,0.5671655822838501,0.033669672856418684
Mauritius,MUS,2020,0.5188016612172955,2.120819554457706,0.6062386796323734,0.013353935170730555
Mauritius,MUS,2021,0.698233035944805,2.0090778417891517,0.6866925950151845,-0.0044881669751016245
Mauritius,MUS,2022,0.7603699285296353,2.0104336408643646,0.6252460704161963,-0.0007529740542494799
Mauritius,MUS,2023,0.8017524364191664,2.016517952596381,0.6426014344586817,-0.0014794600273880971
Mauritius,MUS,2024,0.848898114367691,2.0508224133615895,0.6890265066884019,0.010417158413275153
Mauritius,MUS,2025,0.8441949273200104,2.262032305524251,0.48077254129098645,0.005769430243612647
New Zealand,NZL,1970,0.11503855134301959,0.18238883523414207,0.0985247675852631,2.4588390250929653
New Zealand,NZL,1971,0.11503855134301959,0.18238883523414207,0.0985247675852631,2.4588390250929653
New Zealand,NZL,1972,0.1129606746755798,0.17890494108243557,0.09852336814717019,2.384966022123976
New Zealand,NZL,1973,0.10613523878917724,0.19882355720415187,0.10206372374466924,2.450182391673194
New Zealand,NZL,1974,0.10761819563572197,0.1888038979212103,0.14121669510669163,2.4978205101182533
New Zealand,NZL,1975,0.11146770699193473,0.17759777165002738,0.14297028758997227,2.4749482986565825
New Zealand,NZL,1976,0.11999271312374608,0.3555002362491877,0.14308372731253738,2.5993476811565763
New Zealand,NZL,1977,0.124052171843274,0.34192822872481665,0.20863349497298278,2.501456444152963
New Zealand,NZL,1978,0.1233588050210317,0.32701748705395867,0.2089433464605416,2.2716884630373317
New Zealand,NZL,1979,0.12164978016563735,0.30760289806772023,0.21726260297528188,2.3827123219263013
New Zealand,NZL,1980,0.12462207033515002,0.308855480696222,0.1965267864042775,2.4159734688425054
New Zealand,NZL,1981,0.14697954183210374,0.3063831728929717,0.1820983086130294,2.3767732477648345
New Zealand,NZL,1982,0.15153026699298,0.32148299245728784,0.18712627020903894,2.392765077330977
New Zealand,NZL,1983,0.150172646527526,0.30496508311947096,0.19069964125788536,2.4583952473191975
New Zealand,NZL,1984,0.13984815169346554,0.29141548006777435,0.19246547006894693,2.4787608393461733
New Zealand,NZL,1985,0.1567619667871914,0.284812694346649,0.19262688600458416,2.6823002903557436
New Zealand,NZL,1986,0.2059337434222972,0.3044725772861345,0.19546072267602815,2.7750054730643954
New Zealand,NZL,1987,0.20043719549857122,0.2259883101245218,0.17705439776537293,2.7743118474464863
New Zealand,NZL,1988,0.18114000412019873,0.164584013436569,0.17918917964479306,2.900281904965654
New Zealand,NZL,1989,0.1646303800658679,0.1302298604490325,0.19638945941704788,2.989225990965961
New Zealand,NZL,1990,0.1534251450243809,0.10849111024071752,0.16495618191284403,2.8086762543655928
New Zealand,NZL,1991,0.07137991766704029,-0.10023778454419452,0.0008592361773590018,2.205873418637615
New Zealand,NZL,1992,0.05791181448942467,-0.08052061593939085,0.013919591101043682,1.8593062773397393
New Zealand,NZL,1993,0.047228657332385675,-0.12496371002048332,0.0434116488643838,2.600243440558764
New Zealand,NZL,1994,0.046271398514107484,-0.145292517422196,0.13224331731298575,2.5705372833160114
New Zealand,NZL,1995,0.05395518069151703,-0.1253499809095215,0.12113055636145363,2.1993830052492402
New Zealand,NZL,1996,0.05520311628133488,-0.16168838244055214,-0.04571327193515304,3.9943515085441437
New Zealand,NZL,1997,0.059087451249177914,-0.14782804318587267,0.10195712721670852,3.9712668041174317
New Zealand,NZL,1998,0.059809566725713526,-0.1456641289236685,0.11053403723877797,3.9144174063684964
New Zealand,NZL,1999,0.06031158564000761,-0.1435440881414262,0.14086012917270518,3.8969874390023405
New Zealand,NZL,2000,0.059590317654711504,-0.1558515172580923,0.16361532891909925,4.144984072722595
New Zealand,NZL,2001,0.05653593501969366,-0.150620366176072,0.2705880629895475,3.529898632006654
New Zealand,NZL,2002,0.05916631369102772,-0.14500369159287543,0.2723606932036044,3.498422673833847
New Zealand,NZL,2003,0.06062471690254419,-0.1405804334606149,0.28332917127672086,3.439184827633494
New Zealand,NZL,2004,0.07003981961698334,-0.1295697956791075,0.28764621767199244,3.223931854374037
New Zealand,NZL,2005,0.06903845384748017,-0.12402970021846746,0.29062650644479143,3.0892797998533563
New Zealand,NZL,2006,0.06843798115562069,-0.12343716923282308,0.31974726599374537,3.0756206281100544
New Zealand,NZL,2007,0.06914890184192907,-0.13106878415120787,0.3274750734113763,3.1011217606231813
New Zealand,NZL,2008,0.06958044275665287,-0.13383875401074222,0.3335245694986886,2.754563340096223
New Zealand,NZL,2009,0.07400974020346093,-0.12682298740974313,0.3388802273670699,2.641285955172725
New Zealand,NZL,2010,0.0708977227313376,-0.11785022136398308,0.32391482219147216,3.08080480130936
New Zealand,NZL,2011,0.07913975071139755,-0.09755427516536751,0.39309473663118377,3.229413656735626
New Zealand,NZL,2012,0.05955198036235132,-0.11630093822013954,0.4012816535799233,3.3629272730740203
New Zealand,NZL,2013,0.0601041360071373,-0.1115664801158873,0.39531359389032644,3.4237847961697208
New Zealand,NZL,2014,0.08608593427483911,-0.00698341251218829,0.41558854274421797,3.4867389694516344
New Zealand,NZL,2015,0.08212772700268095,-0.013559175834654501,0.4629040693904075,3.560776982223184
New Zealand,NZL,2016,0.08172286296592593,-0.004848771100827183,0.4483055565046332,3.470144800931717
New Zealand,NZL,2017,0.07417488109907415,0.041898824065850694,0.4532007993603525,2.406875702926845
New Zealand,NZL,2018,0.07430340939001898,0.05673135725171565,0.4783528393267613,2.2291847970407264
New Zealand,NZL,2019,0.06369514250664224,-0.03344910445281104,0.4715874981473544,1.9334428611986392
New Zealand,NZL,2020,0.0635825774750517,-0.027900066798010947,0.4753135249422983,1.9857542451979153
New Zealand,NZL,2021,0.1057840586628026,0.04084410563621076,0.3908886669969991,2.0154711610324467
New Zealand,NZL,2022,0.1371858777642764,-0.01582796668482775,0.08635161772067129,1.9224327681294704
New Zealand,NZL,2023,0.04321432836449583,-0.22522985895856976,0.11286798390667777,1.7116022223189438
New Zealand,NZL,2024,0.05452693049131533,-0.19711535050543288,0.11606273339996839,1.664164480739792
New Zealand,NZL,2025,0.05402976380994474,-0.08550372297411563,0.20891474299212254,1.5865864549290998
Norway,NOR,1970,0.28251355853345983,0.28814482746187564,0.11941257669315926,1.0858617024291317
Norway,NOR,1971,0.28251355853345983,0.28814482746187564,0.11941257669315926,1.0858617024291317
Norway,NOR,1972,0.2773529958037272,0.28795081715029575,0.1198568137502813,1.069808323000595
Norway,NOR,1973,0.2850227127146141,0.315034526749563,0.1413090031777486,1.523142738404049
Norway,NOR,1974,0.28228077140265473,0.3299882094436293,0.18273687551132317,1.5062039828403049
Norway,NOR,1975,0.28017761159695165,0.3328179780704845,0.19727611684883994,1.4431211968094795
Norway,NOR,1976,0.26875186006188434,0.30295969980192516,0.19093134152246685,1.3967544183569411
Norway,NOR,1977,0.26811104332968144,0.3068396572824533,0.27303948843126813,1.3376532861099135
Norway,NOR,1978,0.2675606699162972,0.3155694401289938,0.27183109513948533,1.1179284142410113
Norway,NOR,1979,0.266823950684708,0.31590276446500026,0.12719207756904083,1.049809597422292
Norway,NOR,1980,0.2672187395441516,0.326064747600025,0.09823059025257212,0.9693017154736375
Norway,NOR,1981,0.3321271049804188,0.33613146131132965,0.10706122128087206,0.9285384752372564
Norway,NOR,1982,0.3256302182910857,0.32520425810491504,0.11703939224568581,0.9067309185836647
Norway,NOR,1983,0.32381744782384064,0.3442670511136249,0.11117324098415166,0.8875556948255439
Norway,NOR,1984,0.31601475908536875,0.34582038849424,0.10541062866000381,0.8691523901917563
Norway,NOR,1985,0.2976455281765191,0.3363062769687467,0.10386848820205424,0.7763456855388944
Norway,NOR,1986,0.2641213415170859,0.2963276212163194,0.12024552001266986,0.7520002098526022
Norway,NOR,1987,0.23859281876543043,0.2443309809096092,0.10353824526719616,0.7405204125849706
Norway,NOR,1988,0.22966217861951294,0.2336579094502773,0.10073590668708698,0.676411976685992
Norway,NOR,1989,0.22106531950271924,0.21518739173313828,0.09543650439669399,0.6340994245567246
Norway,NOR,1990,0.20910807440675305,0.1955111205013487,0.10827289664045817,0.5853023322411568
Norway,NOR,1991,0.2616177759928841,0.32530701318301064,0.08915979388859946,0.466501558705985
Norway,NOR,1992,0.2429749775159627,0.2502545851785335,0.08490553914688209,0.45682720157253337
Norway,NOR,1993,0.2341119943614159,0.2286340568546033,0.08048965243807726,0.4520661040303363
Norway,NOR,1994,0.23319784254700138,0.2263289347248418,0.09282266105322727,0.4594600066760696
Norway,NOR,1995,0.23581942350689974,0.2207977319602002,0.11088455418868602,1.0409551190728232
Norway,NOR,1996,0.23912987680761816,0.22246425776111897,0.09389833271765785,0.8295447738709059
Norway,NOR,1997,0.2419881343294269,0.2221682315564057,0.05582193180136747,0.8020376792031747
Norway,NOR,1998,0.2456791605643452,0.22532728600664365,0.04794531851717669,0.7631984552001168
Norway,NOR,1999,0.24924624324705735,0.2285561711610199,0.015572279543587565,0.7359728889773323
Norway,NOR,2000,0.2527983872065783,0.23218520219862415,0.009333450186112771,0.6151588814964539
Norway,NOR,2001,0.2686314723673473,0.21877965010296846,-0.006486084926955148,0.544859194590774
Norway,NOR,2002,0.2720024627844948,0.22215122394664022,-0.013394740189382817,0.5391080442911684
Norway,NOR,2003,0.2787197882924497,0.2248097731489011,-0.05975230632722714,0.5194847240927193
Norway,NOR,2004,0.2827684951748864,0.2324518673261708,-0.06711035165248551,0.46905281318760006
Norway,NOR,2005,0.28339691964156766,0.2454563478252614,-0.09079288146628622,0.448689918307839
Norway,NOR,2006,0.30458139583196897,0.25525006179804416,-0.1385858052883421,0.45008405265987295
Norway,NOR,2007,0.3052141495118275,0.25568367198893927,-0.1601291623657366,0.4536666781403813
Norway,NOR,2008,0.306051844287929,0.2498045592791019,-0.15006186677161953,0.39411250994837305
Norway,NOR,2009,0.3042412977893658,0.25143376950868906,-0.164482385991139,0.4038988577748035
Norway,NOR,2010,0.3040092971496292,0.25550184750363814,-0.1617668243549159,0.39033205806576343
Norway,NOR,2011,0.30495499434236834,0.26650175349601246,-0.19544562801207765,0.3486130450241596
Norway,NOR,2012,0.33788226976858104,0.3360586233200863,-0.18893673456162396,0.3435304609150307
Norway,NOR,2013,0.34682562243911175,0.4223222250002576,-0.16388093150549704,0.3317682238856874
Norway,NOR,2014,0.36037388166177287,0.44303935703972214,-0.18059180920500417,0.34330412868719307
Norway,NOR,2015,0.3508220977604798,0.42842679612547363,-0.18197421114569562,0.35178180759154587
Norway,NOR,2016,0.34621045415251817,0.4018950976249301,-0.17661454344255395,0.36686533656745035
Norway,NOR,2017,0.3527530058364118,0.3780338612715961,-0.1453401730888681,0.33628491939004174
Norway,NOR,2018,0.3476891868018854,0.3635690874528126,-0.12577168570063216,0.28991403249910785
Norway,NOR,2019,0.3602321113824204,0.3908300193409611,-0.12649840200881524,0.2824424220782721
Norway,NOR,2020,0.35292563346825134,0.3337306432850969,-0.11118942218484643,0.2969238258642751
Norway,NOR,2021,0.44672746683088105,0.2943228248500849,-0.03094244529648983,0.30354379964833134
Norway,NOR,2022,0.3795378984065605,0.29774108508626784,0.008853533247547854,0.30153403994721495
Norway,NOR,2023,0.3410636999973692,0.23320997909850194,-0.029535373578243332,0.30025717606298785
Norway,NOR,2024,0.3314598732616473,0.25892908999801556,-0.0445359471405761,0.34426875068719753
Norway,NOR,2025,0.3241757999473628,0.34524706742713096,-0.13066017609311814,0.33819739276641425
Paraguay,PRY,1970,0.12347999728586184,0.23437556935134857,0.04973520193221159,-0.29211265755652194
Paraguay,PRY,1971,0.12347999728586184,0.23437556935134857,0.04973520193221159,-0.29211265755652194
Paraguay,PRY,1972,0.05369346184515874,0.1313781608533904,0.04945106539274979,-0.28152205317857204
Paraguay,PRY,1973,-0.07534561665857666,-0.060741904524952345,0.04954007642050242,-0.26758014783513423
Paraguay,PRY,1974,-0.2726856836469121,0.6758245722981197,0.12549288697077493,-0.3213760143634813
Paraguay,PRY,1975,-0.06669807256340501,0.20163632256229835,0.1830323739695556,-0.34509140465559046
Paraguay,PRY,1976,0.18654298823872764,0.249108464834849,0.18227487936029063,-0.3345659464585514
Paraguay,PRY,1977,0.31760754317056095,0.6319921000564543,0.1600896708081338,-0.3296971506770035
Paraguay,PRY,1978,0.793542336884203,0.8048570373030975,0.17460143739850026,-0.2839704382600545
Paraguay,PRY,1979,-0.07829346516601172,0.059722285094650523,0.18609079362152187,-0.2299452022302269
Paraguay,PRY,1980,0.5034625748640267,0.576232346926971,0.03896044464584537,-0.10444904659994328
Paraguay,PRY,1981,0.2767977937513434,0.16125783409192956,0.050225223501028746,-0.09952328801690748
Paraguay,PRY,1982,0.34559890484439626,0.20781740048072506,0.04929859223861924,-0.10451085337123393
Paraguay,PRY,1983,0.4908551520631077,0.39642684783587595,0.04992040169627709,-0.10773827933413764
Paraguay,PRY,1984,-0.034013901634685914,0.49289502866635027,0.06823586569404919,-0.12481909775192679
Paraguay,PRY,1985,0.4553830561002661,1.0373558490486148,0.05490095274199184,-0.21607273127978266
Paraguay,PRY,1986,0.33235347259915976,0.8481452339196157,0.05740188809094745,-0.21222624901567794
Paraguay,PRY,1987,1.0477984686386648,1.617021314384565,0.060724304134956955,-0.21910090395920706
Paraguay,PRY,1988,1.7453440161147726,2.860534529148579,0.05971248281954276,-0.24693744625483138
Paraguay,PRY,1989,5.9442695014189555,4.860032218938111,0.08555329796540223,-0.29026253387242595
Paraguay,PRY,1990,5.9442695014189555,6.476819731595355,-0.09148828108350537,-0.5411078085675818
Paraguay,PRY,1991,0.9517908097652255,-0.1673843196374306,0.10216865607219455,-0.5758132887975607
Paraguay,PRY,1992,3.679326286952272,0.6550148197734295,0.10389795971090945,-0.5728830795438777
Paraguay,PRY,1993,3.0977377689242025,2.224237577079244,0.09052389593810756,-0.7474259544898687
Paraguay,PRY,1994,0.7681805024035968,0.6571835384036218,0.13804265775861713,-0.836921258099807
Paraguay,PRY,1995,0.3798630518132444,0.8514532059877127,0.10672709872997954,-0.7646536554320804
Paraguay,PRY,1996,0.7042337401271824,1.4382513454261687,0.09405957859381783,-0.6129138614975973
Paraguay,PRY,1997,0.6192632917819946,2.3299972750814626,0.09759482436227704,-0.6105304659633968
Paraguay,PRY,1998,0.8340807434832255,3.096971335187048,0.09300728360798695,-0.5928028516602006
Paraguay,PRY,1999,0.29570141961604157,3.7012477230192187,0.13633279568263199,-0.6035091191080919
Paraguay,PRY,2000,-0.4504455834476955,4.457643370317335,0.1452806921855262,-0.5191485243462683
Paraguay,PRY,2001,-0.6144285724765299,2.9146169937109283,0.19101101892774,-0.47076299912086883
Paraguay,PRY,2002,0.2791417054871211,0.8842173949239296,0.19403420571554153,-0.48047760298596814
Paraguay,PRY,2003,0.937515303279927,-1.1481966025181145,0.17665731433690013,-0.4759654333842346
Paraguay,PRY,2004,2.253591092738483,-0.6552417082036238,0.15221629855793772,-0.3815186889132373
Paraguay,PRY,2005,1.8957127663901714,-0.33203771181505504,0.11408354560459863,-0.4120777844750296
Paraguay,PRY,2006,3.5490545908349502,-0.12039895237616174,0.087959387481802,-0.4110973223675793
Paraguay,PRY,2007,5.275600984234849,-0.2073728732427184,0.07834657072730955,-0.3739739723429403
Paraguay,PRY,2008,5.9442695014189555,-0.2538309063253384,0.07099070232233146,-0.36995021302747816
Paraguay,PRY,2009,4.550409113445038,-0.9147334379365986,0.0725958224705618,-0.33076645255681886
Paraguay,PRY,2010,1.2826962900640875,-1.7730360475644749,0.06177183420117335,-0.3778674441801406
Paraguay,PRY,2011,0.19930915410572086,-2.138534593037073,0.06126824867429716,-0.3856640515006997
Paraguay,PRY,2012,2.840809621378274,-2.307290836217044,0.05702753072136221,-0.3869397503097386
Paraguay,PRY,2013,5.682703008683883,-1.054382747451992,0.020559359255340852,-0.34584595140009877
Paraguay,PRY,2014,1.9458308113720604,-0.5534250351413407,-0.024106545576278497,-0.30821841854104937
Paraguay,PRY,2015,0.7250154536954546,-0.2246522259042465,-0.05361443402812591,-0.266633448725924
Paraguay,PRY,2016,0.9413033366935609,0.3829432325081602,-0.0504377505883463,-0.23795870285359846
Paraguay,PRY,2017,1.0747748636333683,-0.22828105027611556,-0.026137221241293716,-0.08800201233031898
Paraguay,PRY,2018,1.218387411190082,0.4424323572575846,-0.02344023559884989,0.05710907072445445
Paraguay,PRY,2019,1.1156767725053551,-0.557533640029588,-0.016752483982941165,0.14952208810000567
Paraguay,PRY,2020,1.115312304128201,-0.5763022706325818,-0.03730499343215709,0.2858819252023701
Paraguay,PRY,2021,1.1112769535127773,-0.5615148004079658,0.08916393763999564,0.2770629976994306
Paraguay,PRY,2022,1.1019014246951762,-0.5651150019085752,-0.004304414413563364,0.2662342688302093
Paraguay,PRY,2023,1.1007698870926754,-0.5658723687292404,-0.0065650359119616905,0.2697068855373108
Paraguay,PRY,2024,1.0998639497647735,-0.5834652912871774,-0.030729564108156922,0.2955901305636569
Paraguay,PRY,2025,1.1004483979860533,-0.5393729228066074,-0.042131783047942746,0.26308673106069685
Romania,ROU,1970,0.5905266830291852,1.3680445939948875,0.1777248585927836,1.0464775358236558
Romania,ROU,1971,0.5905266830291852,1.3680445939948875,0.1777248585927836,1.0464775358236558
Romania,ROU,1972,0.7531341598511633,1.418268274258045,0.17533843388367645,1.0054021663298458
Romania,ROU,1973,0.4435206234551494,1.4059627215329116,0.17961233618004602,0.95171029845738
Romania,ROU,1974,0.37557566846505985,1.3992953148437768,0.1701383108174669,0.9267179697547314
Romania,ROU,1975,0.33807245375161576,1.4272511345540526,0.14652495229100015,0.9362597848909273
Romania,ROU,1976,0.24745684252872216,1.1455649074332175,0.14781817823742105,0.899166747585447
Romania,ROU,1977,0.22924961207856331,1.3375692128766998,0.18613597554892738,0.9059261677413069
Romania,ROU,1978,0.2490327596932253,1.5572963191202254,0.19467406408563648,0.8234780543864859
Romania,ROU,1979,0.1726571789700141,1.77831772400437,0.11162989508078913,0.8070210853573175
Romania,ROU,1980,0.12487145663954552,2.0055465392775043,0.09481864796865376,0.7258589730288216
Romania,ROU,1981,0.0957451176601635,2.2579838761081836,0.12433485470104097,0.7222270191984849
Romania,ROU,1982,0.1041313464734563,2.5537608505768343,0.11594445936624953,0.7369408860778165
Romania,ROU,1983,0.11320786942790764,2.8915022556174854,0.11879192398343982,0.7496595218033897
Romania,ROU,1984,0.1423289927313781,3.2345712291118303,0.12030527977680777,0.7643604526751528
Romania,ROU,1985,0.21677091923900774,3.5813189782138077,0.12324955288526737,0.738156923198749
Romania,ROU,1986,-0.017543173558040442,4.011408793344683,0.1399555593961066,0.753444098232673
Romania,ROU,1987,0.8513141191237965,4.628121995446914,0.22698289888697035,1.0278081732355273
Romania,ROU,1988,1.3185842772964982,5.4753280242357985,0.23789130266867367,0.6727592420523071
Romania,ROU,1989,5.9442695014189555,6.459302627812491,0.210998961543217,0.6125331739269513
Romania,ROU,1990,5.9442695014189555,8.032063670385321,-0.4056557533706927,-0.16766969080430616
Romania,ROU,1991,1.4526660883439932,8.05638860016951,-0.07958785703655512,1.0446397092770567
Romania,ROU,1992,1.6151841309986326,4.8167861461784325,-0.07062791972537877,1.7532238048632138
Romania,ROU,1993,1.8077941547971004,4.155888989955788,-0.05407833204848249,1.4747432857295808
Romania,ROU,1994,0.9135925382909655,3.9437988902071677,-0.12953351479608458,1.477114842508638
Romania,ROU,1995,1.385882472704384,3.861993123702142,-0.1257190241542756,1.3180328086886388
Romania,ROU,1996,2.3826382502235726,3.832891672706567,-0.11977576355675984,1.183742542499421
Romania,ROU,1997,1.926367959540773,3.7484606924471375,-0.024779259104983686,1.202082277930515
Romania,ROU,1998,1.1785671404723357,3.6809875708705153,-0.03486664047000328,1.1610538904330494
Romania,ROU,1999,0.9870569747080915,3.6134798924370113,-0.03889283449225429,1.174490385984112
Romania,ROU,2000,0.7580292559183069,3.5393621867115908,-0.03824069564887787,1.004125904398991
Romania,ROU,2001,0.40764047112775836,3.462916577163838,0.01783768923066318,1.0261435078789818
Romania,ROU,2002,0.7428401609724573,3.443261778747875,0.0048284655881913816,1.049994154240529
Romania,ROU,2003,0.9717573642618997,3.4254137568495837,0.004864108126101385,1.0440222662707284
Romania,ROU,2004,2.2453794816370922,3.4463950238077206,0.029909660218069956,1.877052576874351
Romania,ROU,2005,3.5148584065061415,3.477906082525191,0.08215380150855899,1.763543901009729
Romania,ROU,2006,3.211014566796784,3.5132730948757755,-0.03631174205948767,1.7510201323690762
Romania,ROU,2007,3.021327012056249,3.5382806124182906,-0.038997679102196994,1.7024641780826075
Romania,ROU,2008,2.887819077702545,3.5163158472997367,-0.05140883110459786,2.2251536584803695
Romania,ROU,2009,2.3922019548445066,3.5188627695567254,-0.026890945954746073,2.001459907923089
Romania,ROU,2010,1.7925784788994985,3.5242988086712774,-0.027898807658040065,1.921198714290715
Romania,ROU,2011,0.9379228698992421,3.530358554412203,-0.08330434016162194,1.757371848720824
Romania,ROU,2012,0.29432479811755374,3.5443085228885076,-0.08501570761222857,1.7468090416520257
Romania,ROU,2013,-0.340671221675083,3.5558997060853033,-0.10143504762734987,1.6490987546377303
Romania,ROU,2014,-0.7879786622898582,3.545363397092112,-0.07912190764227912,1.573631678240464
Romania,ROU,2015,-1.0159245639553585,3.5610733083767014,-0.08989220187630595,1.5318693284742504
Romania,ROU,2016,-0.5450872428347449,3.542574949535386,-0.1238443398666902,1.573039623416244
Romania,ROU,2017,0.7229902863334161,3.5589403927135486,-0.04320906700887072,0.6397782314605089
Romania,ROU,2018,2.4541096812598284,3.4108273546981094,0.06790282446142468,0.3885729196696932
Romania,ROU,2019,3.472849607614436,3.4049457813102704,0.009958660525382808,2.1195709133662137
Romania,ROU,2020,3.4748026586774943,3.2198392023688465,0.0261675632610615,1.612578376641844
Romania,ROU,2021,3.4584543190485366,3.3118791837461963,0.22473747478891293,1.5768978158787432
Romania,ROU,2022,3.4462374669496945,3.304309455453221,0.13037839972815654,1.565653952980214
Romania,ROU,2023,3.4494656709990648,3.2696218843045637,0.13649957541067978,1.4920099569373684
Romania,ROU,2024,3.445564699915843,3.1312122272396996,0.12369526180618212,1.4114189407724032
Romania,ROU,2025,3.447430095312223,1.95594862494536,0.39283622888338443,1.2863191387000898
Serbia,SRB,1970,1.141246418187936,0.5114289503506209,0.4206796489108799,-1.7425026047432306
Serbia,SRB,1971,1.141246418187936,0.5114289503506209,0.4206796489108799,-1.7425026047432306
Serbia,SRB,1972,1.1180026909092757,0.6156893023214762,0.42044100495681297,-1.6907699297249221
Serbia,SRB,1973,1.1046880775222916,0.33975644097891766,0.4181577624428237,-1.6096195363386725
Serbia,SRB,1974,1.0770467834606992,0.5911555079349917,0.4055390229623114,-1.5708714908828456
Serbia,SRB,1975,1.0895838722528355,0.7688074450548459,0.8521485499988336,-1.5639201708936419
Serbia,SRB,1976,1.0843725859601534,-0.09872956753007475,0.8459892323467701,-1.446099692880601
Serbia,SRB,1977,1.08689048400009,-0.867320354333464,0.8164709016858767,-1.4545826131129576
Serbia,SRB,1978,1.101071402946523,-1.8780917070729843,0.7984207208155567,-1.305654481400953
Serbia,SRB,1979,1.103552171866079,-2.268869816106103,0.7036395236272658,-1.5365103660066197
Serbia,SRB,1980,1.0275584880186903,-2.252217152141845,0.5825286402709304,-1.1477867838573903
Serbia,SRB,1981,0.9498552427543321,-3.26188993191993,0.6443116847503063,-1.2657400819429754
Serbia,SRB,1982,0.9181233415404916,-2.3846811468261904,0.6187426443189497,-1.3423390231981358
Serbia,SRB,1983,0.9773603993383551,-1.5589389359354213,0.6262193207274882,-1.3724683774151267
Serbia,SRB,1984,1.0206837226208885,-0.7340413116892583,0.6268664437759799,-1.4006685732241269
Serbia,SRB,1985,1.0596901248520258,0.07043592085004528,0.6340474230150149,-1.3607145538925212
Serbia,SRB,1986,1.0716549154172723,0.8563938777601847,0.6253021608560427,-1.381779870611826
Serbia,SRB,1987,1.1345719371156626,2.452688399296966,0.5914399667377515,-1.401487499869484
Serbia,SRB,1988,1.289500137433691,3.780035015028124,0.5973945713590219,-1.372883691242043
Serbia,SRB,1989,1.454092423519874,7.384474756872905,0.6062967734823351,-1.420897836089539
Serbia,SRB,1990,1.6290840496655294,8.05638860016951,0.662638889931239,-0.6815364857384548
Serbia,SRB,1991,2.0469865471593485,4.715731349080182,0.6709321929639437,-4.4840658441693995
Serbia,SRB,1992,1.9871531786548269,0.5974338141079627,0.3792253791690897,-3.850986288328279
Serbia,SRB,1993,2.1046911229044016,2.2147290017832217,0.5546576610628582,-3.2598089492377422
Serbia,SRB,1994,2.324943514365234,0.900967904230481,0.6209735232225636,-3.3197940607031486
Serbia,SRB,1995,2.5892865040791007,0.04262571942824189,0.6048097152627936,-2.89963180605562
Serbia,SRB,1996,2.875323228352719,-0.791164987364582,0.5799969774602323,-2.5275345693558084
Serbia,SRB,1997,3.1740063780552927,-2.4585557948767227,0.5577503673466753,-2.5222293433882172
Serbia,SRB,1998,3.478800142198639,-4.146730194669963,0.5476555250967545,-2.5012132662085236
Serbia,SRB,1999,3.809204482268949,-5.827491965979881,0.5309762058576182,-2.5071429220645727
Serbia,SRB,2000,4.170801467468578,-7.696887934806411,0.5259666348804739,-2.357978109149461
Serbia,SRB,2001,4.623003791252014,-5.864029607909028,0.46081123303639415,-2.2319295496499123
Serbia,SRB,2002,4.640772429068443,-4.841555095890214,0.40002107365307366,-2.3688180629023075
Serbia,SRB,2003,4.495449912840401,-3.852210764616908,0.37523184292916884,-2.343895446230693
Serbia,SRB,2004,4.372846856523524,-2.8134355884114868,0.38205672090944637,-2.3605011976345374
Serbia,SRB,2005,4.280458420430582,-1.7337996158032865,0.4302508673032051,-2.3077046272010713
Serbia,SRB,2006,4.209508096732264,-0.593273132665899,0.33747492837078286,-2.3262209799244924
Serbia,SRB,2007,4.152134230634745,0.29945857526664427,0.3096671221277414,-2.8159189107810056
Serbia,SRB,2008,4.094325715244892,0.6291539604536054,0.3602590992602651,-2.74784159928861
Serbia,SRB,2009,4.034462061244345,1.4076256781193615,0.3982858492111401,-2.677297318063868
Serbia,SRB,2010,3.9829577505783464,2.0029528643090546,0.3868607237882171,-2.5808905005165954
Serbia,SRB,2011,3.931404004901229,3.0312354397523045,0.4032361661991847,-2.2107687666340192
Serbia,SRB,2012,3.9230542808388282,4.121913023246985,0.40281685215150814,-2.2222204336734683
Serbia,SRB,2013,3.970803491376091,4.571548057236464,0.2985801791375563,-2.2176552708473674
Serbia,SRB,2014,4.1603550459113965,3.1073240754252907,0.30094990989446796,-2.221363772415164
Serbia,SRB,2015,4.137294984560299,1.5454099164780708,0.3562664086150378,-2.2017398399677317
Serbia,SRB,2016,4.079488058027294,0.5208855005169406,0.34732434940680396,-2.1915356204763934
Serbia,SRB,2017,4.007429193495832,0.7161595421243071,0.24700078103978984,-1.593290551112666
Serbia,SRB,2018,4.001089098752024,1.5130460252404778,0.25944325256719364,-1.738546791378894
Serbia,SRB,2019,3.9809303474979885,0.7351287830559998,0.24958751916546024,-1.7012003999482204
Serbia,SRB,2020,3.9414804407194413,0.7048067300553502,0.2538727261866005,-1.5442648478853203
Serbia,SRB,2021,3.9354715441441326,0.6436007704787408,0.11105616481317085,-1.5680356469279149
Serbia,SRB,2022,3.794907046876562,0.6290302254616653,0.11803560594997176,-1.6038754504178612
Serbia,SRB,2023,3.6991005716930516,0.646846703853109,0.19860973170364035,-1.2964709800413508
Serbia,SRB,2024,3.6530552527939726,0.5779382802412942,0.18604977570613865,-1.3494890243942248
Serbia,SRB,2025,3.6516203030577827,0.43093343863460076,0.2430649240729577,-1.3483441193276626
Seychelles,SYC,1970,-1.0025715218438653,0.46233409058840125,5.308821898119329,3.345459127792113
Seychelles,SYC,1971,-1.0025715218438653,0.46233409058840125,5.308821898119329,3.345459127792113
Seychelles,SYC,1972,-0.9860365577818904,0.46317582823379877,5.308821898119329,3.2733661549494277
Seychelles,SYC,1973,-0.946422669395756,0.49011470019934356,5.308821898119329,3.373273701237939
Seychelles,SYC,1974,-0.9293524395832131,0.48203810745917686,5.308821898119329,3.5552435232511868
Seychelles,SYC,1975,-0.9267664356208165,0.4362826448521948,5.308821898119329,3.7729302427204336
Seychelles,SYC,1976,-0.9148531158680214,0.34681273668568496,5.308821898119329,4.107538811087656
Seychelles,SYC,1977,-0.913373740340226,0.3124176016013255,5.308821898119329,4.488999916042738
Seychelles,SYC,1978,-1.0893520976846593,0.49569026944297623,5.308821898119329,5.193582215963695
Seychelles,SYC,1979,-0.9964103263809945,0.4360647784413907,5.308821898119329,4.622105172548646
Seychelles,SYC,1980,-0.825181857694703,0.45449200412262264,5.308821898119329,4.037631751391442
Seychelles,SYC,1981,-0.6407301969266763,0.49944346111582916,5.308821898119329,3.6784616792124254
Seychelles,SYC,1982,-0.5417192807402804,0.48826266747473446,5.308821898119329,3.3655684432665276
Seychelles,SYC,1983,-0.44648146971092056,0.4790631510689164,5.308821898119329,3.0548550914184642
Seychelles,SYC,1984,-0.3417382747103823,0.47417951510381884,5.196066911460861,2.7579875100571907
Seychelles,SYC,1985,-0.23121882574617325,0.478964458977321,4.659816795485129,2.437028131429515
Seychelles,SYC,1986,-0.10817428455486532,0.46161555797935083,4.086653096426957,2.1439398866796835
Seychelles,SYC,1987,-0.03229128762716957,0.4373724920021651,3.5401075438839245,1.8309975886024028
Seychelles,SYC,1988,0.027107133425838453,0.4285992066142994,3.2351558093725883,1.4500859892670337
Seychelles,SYC,1989,0.10404406811956354,0.4171068934386375,2.845572352256272,1.1855573899128329
Seychelles,SYC,1990,0.19855292285945444,0.4357411188167926,2.4784660361810067,0.9488431141651192
Seychelles,SYC,1991,0.5143114737890437,0.3495366400828485,1.7426422794889715,0.6394333595099849
Seychelles,SYC,1992,0.8334101708609689,0.3733506596773699,1.684386460794371,0.360183151093597
Seychelles,SYC,1993,0.9831698014486563,0.397570638838746,1.6141259499468568,0.055573172274038074
Seychelles,SYC,1994,0.9747141871941889,0.4522282063860611,1.399407785131153,-0.39856710347685587
Seychelles,SYC,1995,0.930105735472156,0.4574836596290279,1.2549029810480494,-0.8157016776821223
Seychelles,SYC,1996,0.8849657453451483,0.46271426602518073,1.151048571510837,-0.8027132148814788
Seychelles,SYC,1997,0.8444872729804485,0.45745379500715055,0.9416410383947172,-0.7793151740919554
Seychelles,SYC,1998,0.8050646583488084,0.46151337103654555,0.9781029043209194,-0.7674287041283462
Seychelles,SYC,1999,0.7655627988680539,0.46892727576618104,0.9767922478780744,-0.7535001613012674
Seychelles,SYC,2000,0.7248849949141994,0.47520747762413323,0.9840363025862167,-0.7788741593065058
Seychelles,SYC,2001,0.6906983086193859,0.48112739164400564,0.9335655975583764,-0.8008513562860247
Seychelles,SYC,2002,0.658796045002915,0.48546041892579206,0.9279396793575122,-0.8418674930459982
Seychelles,SYC,2003,0.6306263212863725,0.49275419635203377,0.8404610800396171,-0.871868134281456
Seychelles,SYC,2004,0.6052267195816344,0.501060611379883,0.8535936432143255,-0.9012973384101898
Seychelles,SYC,2005,0.5685103772705494,0.49418829548960513,0.8240316801805371,-0.8962957006741976
Seychelles,SYC,2006,0.5031384949798041,0.4931295401404181,0.693082506823439,-0.8920679435707228
Seychelles,SYC,2007,0.44395349566146736,0.49822723533420593,0.7079264535147507,-0.8976124928958833
Seychelles,SYC,2008,0.3829302709437111,0.523646982494502,0.7206984545240933,-0.9080817220718628
Seychelles,SYC,2009,0.3222293764363372,0.5314093808226656,0.7418282870795653,-0.8609505966059475
Seychelles,SYC,2010,0.2623577340012495,0.5330996181677061,0.7986303253994838,-0.8401606105489847
Seychelles,SYC,2011,0.20411132211209998,0.5424376631068404,0.7651960336082597,-0.7980583750429772
Seychelles,SYC,2012,0.13087438917294647,0.5604265454817637,0.8378389511833433,-0.7721275139250774
Seychelles,SYC,2013,0.06261806211280715,0.5852862260250802,0.9063153920378861,-0.7521085108677835
Seychelles,SYC,2014,-0.07955729184757973,0.5259290922895965,0.9465607012707714,-0.7436544023317759
Seychelles,SYC,2015,-0.13651397875210697,0.5302816941971598,0.9772073480110304,-0.7505112049347121
Seychelles,SYC,2016,-0.2019437069614871,0.49910176201815337,1.0265794396779493,-0.7730616912404922
Seychelles,SYC,2017,-0.36590338370764397,0.10174133381156819,1.1411761485401373,-0.8977800364204482
Seychelles,SYC,2018,-0.3648912296345365,0.20750729397148573,1.0602167142865935,-0.6974200190103697
Seychelles,SYC,2019,-0.3692391731519708,0.18045504312308575,1.0794272728138816,-0.6277738610442103
Seychelles,SYC,2020,-0.3606869339265853,0.21717232444651907,1.1077271340166819,-0.627727983870614
Seychelles,SYC,2021,-0.5219775092575751,0.6218371378490004,1.1165953023469817,-0.6382830274685154
Seychelles,SYC,2022,-0.6232213207014818,0.7213827261229488,1.0618796791967249,-0.6946046182744615
Seychelles,SYC,2023,-0.662450514565736,0.7757174253349992,0.8691706284596392,-0.606180121220979
Seychelles,SYC,2024,-0.6475560334529662,0.7804037477076005,0.8968874307509418,-0.6005513530656559
Seychelles,SYC,2025,-0.6475695425729318,0.4371491340104634,0.7614593919148931,-0.6179554503388125
United Arab Emirates,ARE,1971,-0.13340169700442522,0.3604745340616107,0.4647811779254344,0.17524588923082474
United Arab Emirates,ARE,1972,-0.13340169700442522,0.3604745340616107,0.4647811779254344,0.17524588923082474
United Arab Emirates,ARE,1973,-0.13479132667367133,0.36277706630847933,0.4750898051609838,0.17600240980242124
United Arab Emirates,ARE,1974,-0.12405371652966748,0.37844514896008813,0.47830804954509776,0.16166661480618527
United Arab Emirates,ARE,1975,-0.12563988822524252,0.40756534258421806,0.4164685512682926,0.17972343680021285
United Arab Emirates,ARE,1976,-0.12607354389551584,0.4801016336640299,0.42208656002942324,0.1725391072928933
United Arab Emirates,ARE,1977,-0.12745189526599435,0.45748272130200845,0.6245027706532074,0.17559353333412045
United Arab Emirates,ARE,1978,-0.1265140545270612,0.41834899506102957,0.6203344082358071,0.12976565400467244
United Arab Emirates,ARE,1979,-0.12199681505493899,0.38902114855957987,0.6016180674083093,0.13200487374413414
United Arab Emirates,ARE,1980,-0.11478604650921309,0.34193856200094436,0.4686826529144471,0.12228962521142206
United Arab Emirates,ARE,1981,-0.1483608969055214,0.3360831749864124,0.4848511688431357,0.14898666794734244
United Arab Emirates,ARE,1982,-0.14769858658189336,0.27726975678552923,0.5077064717743446,0.15020280019323684
United Arab Emirates,ARE,1983,-0.14845487235762755,0.2180031924780254,0.5266093896265497,0.1530132320717727
United Arab Emirates,ARE,1984,-0.13696305499473077,0.1522511808160709,0.5422676452030235,0.15539002771576116
United Arab Emirates,ARE,1985,-0.07224690190313302,0.10193739709297246,0.5698828852793865,0.11763888963702798
United Arab Emirates,ARE,1986,-0.04861971189162334,0.009800295007077964,0.593846957563947,0.12885245763529932
United Arab Emirates,ARE,1987,-0.055002668317663164,-0.10235543820661458,0.5898068440190594,0.1298271384653964
United Arab Emirates,ARE,1988,-0.03775290346843171,-0.17177820062069035,0.6121185017799489,0.12110888821260671
United Arab Emirates,ARE,1989,-0.04418676978813678,-0.27952890965902705,0.6387979040510867,0.10567854148943326
United Arab Emirates,ARE,1990,-0.0549681501717598,-0.3957839485907859,0.6491304302055542,0.10191312717303924
United Arab Emirates,ARE,1991,-0.15236121251469403,-0.7166961822431548,1.0318493447533381,0.22391892739689517
United Arab Emirates,ARE,1992,-0.14366091304879672,-0.5914098636484209,1.0387136720046548,0.19003506800301345
United Arab Emirates,ARE,1993,-0.13749484954981894,-0.5777607038179392,1.0409854091960895,0.17191664167347193
United Arab Emirates,ARE,1994,-0.14152576100684952,-0.5822511494030702,0.9997759979293898,0.1739272719152432
United Arab Emirates,ARE,1995,-0.14252126370585744,-0.5730435853633695,0.9548889296610078,0.11669356023093257
United Arab Emirates,ARE,1996,-0.14359776082843595,-0.5488477803522641,0.9762859708009671,0.11810754152818159
United Arab Emirates,ARE,1997,-0.14508076920969346,-0.525418756297326,0.9307116931254096,0.11990774171086166
United Arab Emirates,ARE,1998,-0.1469925653574466,-0.4840309966808093,0.9524908826472511,0.12762834787279015
United Arab Emirates,ARE,1999,-0.14705902821782774,-0.44276346153437074,0.9690920132107588,0.13119162204074974
United Arab Emirates,ARE,2000,-0.1486822290373065,-0.401610085246315,0.9944090685024807,0.12494505410191645
United Arab Emirates,ARE,2001,-0.1423368390177318,-0.3563195007443294,1.0491910592138407,0.11858374312290053
United Arab Emirates,ARE,2002,-0.14449109462216267,-0.33145997339289623,1.077862923465061,0.12009247749697932
United Arab Emirates,ARE,2003,-0.15634276031439756,-0.3106737014363169,1.05522756240874,0.12436928531741732
United Arab Emirates,ARE,2004,-0.15652150414350213,-0.28659356227970795,1.0730551139800912,0.11990945488323675
United Arab Emirates,ARE,2005,-0.2058025512315875,-0.29574905123189593,1.1490356656445622,0.013673385844902582
United Arab Emirates,ARE,2006,-0.20221756304106286,-0.3162105092216355,1.1390299363486032,0.010092085158214172
United Arab Emirates,ARE,2007,-0.20025138862472114,-0.2804328425487436,1.606339883096703,0.15330516988062376
United Arab Emirates,ARE,2008,-0.20261687597640826,-0.22530332512221518,1.5955441998028217,0.15250994123818176
United Arab Emirates,ARE,2009,-0.19887720787906688,-0.20855367020660204,1.546039581714664,0.1517428869152964
United Arab Emirates,ARE,2010,-0.19563313262950383,-0.1930720839368758,1.52855670123834,0.136815475651145
United Arab Emirates,ARE,2011,-0.18924408375550814,-0.18938889207393184,1.4188216434331493,0.08841691755292451
United Arab Emirates,ARE,2012,-0.21575090935570057,-0.1843677659089862,1.4471290492139652,0.08489331181974372
United Arab Emirates,ARE,2013,-0.2147062865512917,-0.1559100810595923,1.4240677076009556,0.08382048994647989
United Arab Emirates,ARE,2014,-0.1882339084132374,-0.07646337799728423,1.405125816186135,0.0788637986478664
United Arab Emirates,ARE,2015,-0.18833716741456188,-0.06800543210849891,1.3739214405657934,0.08035713512779646
United Arab Emirates,ARE,2016,-0.18537526574855112,-0.03529178231265055,1.4176247352978144,0.08361238916704264
United Arab Emirates,ARE,2017,-0.18739977286527798,0.016203427507940904,1.381675711787264,0.11693054018537125
United Arab Emirates,ARE,2018,-0.19586484804070056,0.04086592864867662,1.3595211917807595,0.10018855248890018
United Arab Emirates,ARE,2019,-0.20047236791349726,-0.0004949816091929515,1.3412943667661936,0.14702468961818937
United Arab Emirates,ARE,2020,-0.20179384536879022,-0.01043267421920463,1.4975844895223935,0.1367479553539942
United Arab Emirates,ARE,2021,-0.16868610506296228,0.02302915357593971,1.3491316130204782,0.13469070688054474
United Arab Emirates,ARE,2022,-0.07727808757269078,0.05270886215878934,0.9701479343813001,0.11973453633809562
United Arab Emirates,ARE,2023,-0.11731725362603447,-0.010070074395331571,0.9393555764457926,0.14744794523079296
United Arab Emirates,ARE,2024,-0.12291811223943652,-0.127900806908859,0.9351200166141536,0.14738235929224303
United Arab Emirates,ARE,2025,-0.12108522079652734,0.03290567421919424,0.840691758954997,0.1603877994944397
Hungary,HUN,1970,0.3649720617918468,0.13317536309341188,-0.22829110872208377,0.7382044829134748
Hungary,HUN,1971,0.3649720617918468,0.13317536309341188,-0.22829110872208377,0.7382044829134748
Hungary,HUN,1972,0.3345904735572127,0.1634532751509469,-0.24568495715462227,0.6883661261467848
Hungary,HUN,1973,0.2828434577346577,0.0030890602473758327,-0.25178323880214465,0.6673249844187188
Hungary,HUN,1974,0.453546774123394,-0.2958337359148481,-0.22830729266317476,0.6421765356635419
Hungary,HUN,1975,0.30245491927566925,0.054934121383940576,-0.20765103066098076,0.6319714393713936
Hungary,HUN,1976,0.3281806374307367,-0.09647779726383623,-0.21710806260115012,0.580252541717751
Hungary,HUN,1977,0.4849640293930681,0.0242182121653192,-0.1825182036082585,0.5935129563474107
Hungary,HUN,1978,0.6188199486575017,0.3322450407751174,-0.20722346705121503,0.5095831503045432
Hungary,HUN,1979,0.6401302587071626,0.21697952969899315,-0.18971229815757873,0.4972058553688954
Hungary,HUN,1980,1.0754373957249508,-0.6419015053746715,-0.2670997943404747,0.3591802387888221
Hungary,HUN,1981,0.4903272095069261,-0.34887017781442936,-0.47343256121756383,0.31840195299046314
Hungary,HUN,1982,0.47872014638253213,0.4201737945472069,-0.6743368864048206,0.32235545716924674
Hungary,HUN,1983,0.4949746038272833,1.3168981384551988,-0.8558882826266175,0.32750042467166407
Hungary,HUN,1984,0.813982542344045,2.19875194914799,-1.0657822032313384,0.33420413210065814
Hungary,HUN,1985,2.0788506346992572,3.16047144081666,-1.2861952828014678,0.31965626032566685
Hungary,HUN,1986,1.4822974136231235,2.6655722643927375,-1.538059839919622,0.2803646897294598
Hungary,HUN,1987,3.156490639062383,5.187538505634965,-1.8035059643854467,0.3562606405161398
Hungary,HUN,1988,5.9442695014189555,8.05638860016951,-1.9673532054947567,0.33433697477675495
Hungary,HUN,1989,5.9442695014189555,8.05638860016951,-2.1867587154768504,0.2812611362487404
Hungary,HUN,1990,5.9442695014189555,8.05638860016951,-2.3500031759171884,2.642272284797381
Hungary,HUN,1991,0.4314001646576874,0.2642271990411508,-2.2034604983090587,2.429419050435819
Hungary,HUN,1992,0.19296476902751927,0.47729113374618487,-1.8181230817610823,1.8434836756234607
Hungary,HUN,1993,0.30109545083076095,0.5530140323398689,-1.4833731740167686,1.4894738705302195
Hungary,HUN,1994,0.40190170622490795,0.6503328522573918,-1.1628551476601916,1.4694814901730695
Hungary,HUN,1995,0.2899647626195119,0.9568442280118179,-0.9433126867188494,1.1987860650064062
Hungary,HUN,1996,0.45766405794255594,1.3852419572377668,-0.6873422449767355,0.9514178823262294
Hungary,HUN,1997,0.28189195486188845,1.4271105289770996,-0.33831213598885623,0.947309212995916
Hungary,HUN,1998,0.3545974208667515,1.3821734541977837,-0.1783812400752467,1.0595675319568438
Hungary,HUN,1999,0.11758331941378228,1.268490861716507,-0.07386061670669819,1.074625854714733
Hungary,HUN,2000,0.2981198878253599,0.7351078434063747,-0.009206714133184413,0.8984049366122583
Hungary,HUN,2001,0.4035533190880397,0.6514573198442731,0.12195212677308181,0.7650198442521433
Hungary,HUN,2002,0.504156618244981,0.6292604467272611,0.2248125489601514,0.7764734809379467
Hungary,HUN,2003,-0.17539285616161263,0.6293431695962328,0.3869420851547972,0.7464686093785742
Hungary,HUN,2004,-1.1147657235445172,0.7853136263261413,0.4355373901202854,0.8568678583519128
Hungary,HUN,2005,-1.5930187721074547,0.1477622104530211,0.5211396297528665,1.2034631819679549
Hungary,HUN,2006,-2.9705724907455826,-0.7233243782941361,0.7634963898083919,1.195480432781219
Hungary,HUN,2007,-4.447256345989799,-0.3467112894711045,0.8533009915569345,1.2165967848976098
Hungary,HUN,2008,-5.821413680503099,-0.707559830243838,0.9661683977878956,1.067766002724719
Hungary,HUN,2009,-8.189925308050027,-1.6518088441453267,1.2141921796318136,1.4114964213976726
Hungary,HUN,2010,-11.519596568408872,-2.0276302365952734,1.5707465320824414,0.66380806483498
Hungary,HUN,2011,-7.24386505409135,-2.3560913731254263,1.8524054153027623,0.4961129046467711
Hungary,HUN,2012,-2.397145464890248,-1.3242253331793876,1.7375122434165569,0.5131235664721887
Hungary,HUN,2013,2.5072677985647216,0.24752630094233705,1.655161116310771,0.5146420686903133
Hungary,HUN,2014,4.093561082677827,0.840442761707722,1.6155923294002656,0.4553214841356141
Hungary,HUN,2015,4.178211600056624,1.589298978208774,1.5914100424223614,0.5055738814512851
Hungary,HUN,2016,3.571828192009462,1.3610978877998945,1.507209677496445,0.5165619166642823
Hungary,HUN,2017,4.35978780925018,1.3456537852503687,1.4629957971412844,1.1004535772284834
Hungary,HUN,2018,5.1035367837382015,0.7576495919819523,1.4844202818013645,1.082047788931279
Hungary,HUN,2019,4.716777405372597,1.5283981803321698,1.4889154276875498,0.8419157495446359
Hungary,HUN,2020,4.716056462890744,1.5320739117933566,1.488099104533295,0.8395486728922213
Hungary,HUN,2021,4.714372764643197,1.556849433885426,1.3468205418963497,0.8384130172493579
Hungary,HUN,2022,4.701475525874763,1.5490499958138606,1.4214907354607602,0.8001057505317628
Hungary,HUN,2023,4.69814667005579,1.5360645687728296,1.384761717387515,1.0580498908438802
Hungary,HUN,2024,4.6941503249670795,1.5049824738680035,1.3745721186011,0.8714663125453143
Hungary,HUN,2025,4.6955267203690285,1.4296247306046483,1.4143636090588825,0.7712068885240775
