country_text_id,year,global_exposure_polyarchy,global_exposure_libdem,pagerank,n_backsliding_neighbors
AFG,1970,0.005065899399490221,,0.0037642113502845418,16
AGO,1970,0.0050745715226728026,,0.004907911832297479,16
ALB,1970,0.005069663610840505,,0.006636199236198669,16
ARG,1970,0.005085385842280093,,0.007861115719794035,16
AUS,1970,0.005063059703009912,,0.006603907830592886,16
AUT,1970,0.005069663610840505,,0.005119633424086679,16
BDI,1970,0.005057970537632756,,0.0038976910692497158,16
BEL,1970,0.005061366352800207,,0.008297258040298655,16
BEN,1970,0.005244307022292754,,0.004851205873673579,16
BFA,1970,0.005069663610840505,,0.006687895630095483,16
BGR,1970,0.005069663610840505,,0.007164721232255793,16
BHR,1970,0.005069663610840505,,0.001654229068044796,16
BOL,1970,0.004936024643604007,,0.007861115719794035,15
BRA,1970,0.005013024001916345,,0.009439934820693397,16
BRB,1970,0.005179719230917622,,0.007861115719794035,16
BTN,1970,0.005069663610840505,,0.002836406826007439,16
BWA,1970,0.005102918229171738,,0.005542436388538704,16
CAF,1970,0.005069663610840505,,0.0055770419720829805,16
CAN,1970,0.005054200063784007,,0.007731773528249591,16
CHE,1970,0.005069663610840505,,0.003918564723541807,16
CHL,1970,0.005093246957999887,,0.007861115719794035,16
CHN,1970,0.005032587932980261,,0.018537838930122362,16
CIV,1970,0.005069663610840505,,0.005736146675589471,16
CMR,1970,0.005069663610840505,,0.006589575725167869,16
COD,1970,0.005069663610840505,,0.009136016739573757,16
COG,1970,0.005069663610840505,,0.006872329464457632,16
COL,1970,0.005069663610840505,,0.007861115719794035,16
COM,1970,0.005069663610840505,,0.0010228435049437438,16
CPV,1970,0.005069663610840505,,0.0010228435049437438,16
CRI,1970,0.005069663610840505,,0.008419683740405184,16
CUB,1970,0.005069663610840505,,0.0010228435049437438,16
CYP,1970,0.005069663610840505,,0.0026778489041298006,16
CZE,1970,0.004912198105199932,,0.008748083646698556,15
DDR,1970,0.005069663610840505,,0.0054906356194517345,16
DEU,1970,0.005061042682728625,,0.008620928111879436,16
DJI,1970,0.005069663610840505,,0.00438876855025096,16
DNK,1970,0.005069663610840505,,0.00904028225639296,16
DOM,1970,0.005069663610840505,,0.007861115719794035,16
DZA,1970,0.005069663610840505,,0.010758976278848639,16
ECU,1970,0.005879358529979291,,0.007861115719794035,16
EGY,1970,0.005050527818810637,,0.00956789601493406,16
ERI,1970,0.005069663610840505,,0.003359693466352513,16
ESP,1970,0.005069663610840505,,0.003995404840525507,16
ETH,1970,0.005069663610840505,,0.007516086955409057,16
FIN,1970,0.00505495283213835,,0.0029421557404311653,16
FJI,1970,0.005069663610840505,,0.0010228435049437438,16
FRA,1970,0.005592243573449638,,0.020903198504365277,16
GAB,1970,0.005069663610840505,,0.0053061407514060485,16
GBR,1970,0.005069663610840505,,0.0192350423338471,16
GHA,1970,0.0055778370923873005,,0.004749284874269115,16
GIN,1970,0.005069663610840505,,0.008179430388629763,16
GMB,1970,0.005069663610840505,,0.002792873432963418,16
GNB,1970,0.005069663610840505,,0.0030593361093969973,16
GNQ,1970,0.0050982495890518455,,0.00285859782113406,16
GRC,1970,0.005069663610840505,,0.01030678895194004,16
GTM,1970,0.005069663610840505,,0.007861115719794035,16
GUY,1970,0.0048931323122488254,,0.0025584246172707277,15
HKG,1970,0.005070686454345449,,0.0010228435049437438,16
HND,1970,0.005069663610840505,,0.007861115719794035,16
HTI,1970,0.005069663610840505,,0.007861115719794035,16
HUN,1970,0.005069663610840505,,0.007681795880804419,16
IDN,1970,0.005069663610840505,,0.00842786249404483,16
IND,1970,0.005069663610840505,,0.008103989004841298,16
IRL,1970,0.0050663601729831025,,0.0016517189287014499,16
IRN,1970,0.005069663610840505,,0.005192200795349586,16
IRQ,1970,0.005022280058681748,,0.00947671043175139,16
ISL,1970,0.0050619318373122555,,0.007731773528249591,16
ISR,1970,0.005097026085268002,,0.006840618606874103,16
ITA,1970,0.0051001754392196634,,0.010170609459719258,16
JAM,1970,0.005132552536598858,,0.007861115719794035,16
JOR,1970,0.005069663610840505,,0.009049851501206492,16
JPN,1970,0.005069663610840505,,0.0028727285193411254,16
KEN,1970,0.004978544775206265,,0.005359931507896468,15
KHM,1970,0.005069663610840505,,0.006217558065603169,16
KOR,1970,0.005069663610840505,,0.0024922305631448973,16
KWT,1970,0.005069663610840505,,0.008327925098493843,16
LAO,1970,0.005069663610840505,,0.00638262685078295,16
LBN,1970,0.005069663610840505,,0.009049851501206492,16
LBR,1970,0.005069663610840505,,0.0053749153915821435,16
LBY,1970,0.0044818822049223165,,0.011090215206003557,15
LKA,1970,0.005069663610840505,,0.0020069868331250283,16
LSO,1970,0.004698703518441878,,0.002182118190580158,15
LUX,1970,0.0050779608688808035,,0.008297258040298655,16
MAR,1970,0.004987663875953232,,0.010249966860909152,16
MDG,1970,0.005069663610840505,,0.0015960346761125228,16
MDV,1970,0.005100348915988817,,0.0010228435049437438,16
MEX,1970,0.005108969189439475,,0.007861115719794035,16
MLI,1970,0.004310418387549333,,0.00799205498201234,15
MLT,1970,0.005069663610840505,,0.0016517189287014499,16
MMR,1970,0.005069663610840505,,0.005084789959157255,16
MNG,1970,0.00507215584140365,,0.0024922305631448973,16
MOZ,1970,0.005069663610840505,,0.007944242017176306,16
MRT,1970,0.005069663610840505,,0.004604629726552046,16
MUS,1970,0.005099394551557132,,0.0016517189287014499,16
MWI,1970,0.005069663610840505,,0.004154369761619745,16
MYS,1970,0.004668108776688831,,0.004669242257577602,15
NAM,1970,0.005069663610840505,,0.0054354606775353816,16
NER,1970,0.005069663610840505,,0.006801639495147394,16
NGA,1970,0.005069663610840505,,0.0038134722710425006,16
NIC,1970,0.005069663610840505,,0.007861115719794035,16
NLD,1970,0.00516093344928379,,0.008297258040298655,16
NOR,1970,0.0050795982940638525,,0.009934683223347217,16
NPL,1970,0.005069663610840505,,0.002836406826007439,16
NZL,1970,0.005069663610840505,,0.005310529670771712,16
OMN,1970,0.005069663610840505,,0.002230935456413725,16
PAK,1970,0.005080228235039446,,0.010564624198941198,16
PAN,1970,0.004149913071624603,,0.007861115719794035,15
PER,1970,0.0036703850127171667,,0.007861115719794035,15
PHL,1970,0.005034169934781666,,0.008873419014709753,16
PNG,1970,0.005069663610840505,,0.004765163318559204,16
POL,1970,0.005075739150578531,,0.006075539738025598,16
PRK,1970,0.005069663610840505,,0.0024922305631448973,16
PRT,1970,0.005136059050134847,,0.00829942991179274,16
PRY,1970,0.005085385842280093,,0.007861115719794035,16
PSE,1970,0.005069663610840505,,0.0010228435049437438,16
QAT,1970,0.005069663610840505,,0.001654229068044796,16
ROU,1970,0.005069663610840505,,0.007262731541524823,16
RUS,1970,0.005069663610840505,,0.01656273395416348,16
RWA,1970,0.005089202287840267,,0.00488466924994048,16
SAU,1970,0.005069663610840505,,0.01336984324384738,16
SDN,1970,0.0032318204768270534,,0.014246846000104278,15
SEN,1970,0.005161698585291807,,0.006135664963420136,16
SGP,1970,0.005072702186799032,,0.00303857595852674,16
SLB,1970,0.005069663610840505,,0.0023730419125125852,16
SLE,1970,0.005046223771541974,,0.0029299799123163354,16
SLV,1970,0.005061802495120712,,0.007861115719794035,16
SOM,1970,0.004611483095934208,,0.0036654441192503742,15
SRB,1970,0.005063414463672339,,0.006249147168166049,16
STP,1970,0.005069663610840505,,0.0010228435049437438,16
SUR,1970,0.005069663610840505,,0.002081828309878681,16
SWE,1970,0.005069663610840505,,0.0035365526354264884,16
SWZ,1970,0.00508620273965541,,0.0033078257629808212,16
SYC,1970,0.005069663610840505,,0.0010228435049437438,16
SYR,1970,0.005069663610840505,,0.00956789601493406,16
TCD,1970,0.005069663610840505,,0.007003557449040335,16
TGO,1970,0.00503757601695128,,0.004583941984175093,16
THA,1970,0.005307702305018998,,0.009918278924103857,16
TLS,1970,0.005069663610840505,,0.0020462966664851843,16
TTO,1970,0.0051168303051592695,,0.007861115719794035,16
TUN,1970,0.005069663610840505,,0.008846126981038151,16
TUR,1970,0.005054040845190607,,0.01562276564989873,16
TWN,1970,0.0050725557205109646,,0.002892109670458958,16
TZA,1970,0.005069663610840505,,0.009162073544073926,16
UGA,1970,0.004945129314944192,,0.0054145346041875484,15
URY,1970,0.004967469106483183,,0.007861115719794035,15
USA,1970,0.004824808008045002,,0.022259600254136657,15
VDR,1970,0.005069663610840505,,0.003810620664423709,16
VEN,1970,0.0053097016803625415,,0.00857278819721558,16
VNM,1970,0.005069663610840505,,0.004717294293134278,16
VUT,1970,0.005069663610840505,,0.0010228435049437438,16
YEM,1970,0.005079600989667613,,0.009937378827107114,16
YMD,1970,0.005069663610840505,,0.01017660722564574,16
ZAF,1970,0.005069663610840505,,0.009544833942289943,16
ZMB,1970,0.004875425245486546,,0.009711918267697954,15
ZWE,1970,0.005069663610840505,,0.005518026050343364,16
ZZB,1970,0.005069663610840505,,0.0010228435049437438,16
AFG,1971,-0.00031477083286286165,,0.00359223944290737,15
AGO,1971,-0.0003111785934199543,,0.004760992150209474,15
ALB,1971,-0.0003111785934199543,,0.006401589143349753,15
ARE,1971,-0.0003111785934199543,,0.008889539422281425,15
ARG,1971,-0.000303482950575551,,0.007695642844403323,15
AUS,1971,-0.00022259603484932623,,0.006327325612187713,15
AUT,1971,-0.00032592893587610856,,0.004916780818718074,15
BDI,1971,-0.0003111785934199543,,0.003770821639104952,15
BEL,1971,-0.0002874488706172344,,0.007909907600906632,15
BEN,1971,-0.0006894054949963645,,0.004669467920696421,14
BFA,1971,-0.00026616106396519724,,0.006431075636393859,15
BGD,1971,-0.0003111785934199543,,0.0027676162806520663,15
BGR,1971,-0.0003111785934199543,,0.006894592325190415,15
BHR,1971,-0.0003111785934199543,,0.008889539422281425,15
BOL,1971,-0.0007575258783953471,,0.007695642844403323,14
BRA,1971,-0.0002834292585404318,,0.009249778293174154,15
BRB,1971,-0.0003111785934199543,,0.007695642844403323,15
BTN,1971,-0.0003111785934199543,,0.0027047934921159587,15
BWA,1971,-0.00018111440036423557,,0.005419341377321609,15
CAF,1971,-0.00031642287996636314,,0.005244286546408844,15
CAN,1971,-0.00024743712869001056,,0.00796768309124307,15
CHE,1971,-0.0003036370366560429,,0.003770778381955709,15
CHL,1971,-0.00019574395075390433,,0.007695642844403323,15
CHN,1971,-0.00032890006690070646,,0.01772147348075213,15
CIV,1971,-0.0003056473459572835,,0.005531247462670801,15
CMR,1971,-0.0003111785934199543,,0.006312953179733794,15
COD,1971,-0.00033724103130272306,,0.008687479294256279,15
COG,1971,-0.00031774880039657163,,0.00657020697661735,15
COL,1971,-0.0003573524504863743,,0.007695642844403323,15
COM,1971,-0.00030916042994871314,,0.0010090817356205853,15
CPV,1971,-0.0003111785934199543,,0.0010090817356205853,15
CRI,1971,-0.00022896873121809518,,0.008220986220185904,15
CUB,1971,-0.0003111785934199543,,0.0010090817356205853,15
CYP,1971,-0.0002805888086789556,,0.002549148728416571,15
CZE,1971,-0.0003785957312100834,,0.00842714222376613,15
DDR,1971,-0.0003111785934199543,,0.005302219919831722,15
DEU,1971,-0.00020354442140286242,,0.008279551693622444,15
DJI,1971,-0.00032328322982138317,,0.0040348788004762924,15
DNK,1971,-0.0003111785934199543,,0.008625743792918564,15
DOM,1971,-0.0003188742362643576,,0.007695642844403323,15
DZA,1971,-0.0003111785934199543,,0.01057618935104843,15
ECU,1971,-0.0009422213066610269,,0.007695642844403323,14
EGY,1971,-0.00023099604055403286,,0.010022819108240169,15
ERI,1971,-0.0003173656809009893,,0.003093543740517489,15
ESP,1971,-0.0003111785934199543,,0.0037541668489456254,15
ETH,1971,-0.0003111785934199543,,0.00693560547012483,15
FIN,1971,-0.0003140182362390233,,0.0028396428190690247,15
FJI,1971,-0.00028595155002943964,,0.0010090817356205853,15
FRA,1971,0.0001622018141210605,,0.019724183647542356,15
GAB,1971,-0.0002556013722059718,,0.005052474655816584,15
GBR,1971,-0.00023289207596440442,,0.019571629363887455,15
GHA,1971,0.00029996778645227976,,0.004595085562949128,15
GIN,1971,-0.0003111785934199543,,0.007885340931126718,15
GMB,1971,-0.00016844018903757683,,0.0026433037848588425,15
GNB,1971,-0.0003111785934199543,,0.0029648889861853805,15
GNQ,1971,-0.00033327861452204816,,0.002762502637761737,15
GRC,1971,-0.0003111785934199543,,0.009838066995230226,15
GTM,1971,-0.00037274373617518096,,0.007695642844403323,15
GUY,1971,-0.00035398250055715185,,0.002517876890423383,14
HKG,1971,-0.000307142266477472,,0.0010090817356205853,15
HND,1971,-0.0003111785934199543,,0.007695642844403323,15
HTI,1971,-0.0003111785934199543,,0.007695642844403323,15
HUN,1971,-0.0003037561875286426,,0.007422405891311676,15
IDN,1971,-0.0003522554022733995,,0.008215361770689029,15
IND,1971,-0.000320736715622679,,0.00955812220272469,15
IRL,1971,-0.0002953509057742262,,0.0015827687645728302,15
IRN,1971,-0.0003015030336713189,,0.004837779874317706,15
IRQ,1971,-0.00030180058457388243,,0.009378008846071869,15
ISL,1971,-0.0003111785934199543,,0.007367061137504826,15
ISR,1971,-0.0002333598662751932,,0.005986055934212388,15
ITA,1971,-0.00019464728812385246,,0.009710942108008477,15
JAM,1971,-0.0002880916648867443,,0.007695642844403323,15
JOR,1971,-0.0003111785934199543,,0.008949070246771646,15
JPN,1971,-0.0002947173127362542,,0.0027435467806166763,15
KEN,1971,-0.0003312828047615002,,0.005026052835386469,15
KHM,1971,-0.0009276114910901561,,0.00604345978108041,14
KOR,1971,-0.000315987933207928,,0.002404669893986841,15
KWT,1971,-0.0002862196236090624,,0.008319656603630638,15
LAO,1971,-0.0003111785934199543,,0.0062225548685144495,15
LBN,1971,-0.0002306369611990094,,0.008949070246771646,15
LBR,1971,-0.0003111785934199543,,0.00514574480434509,15
LBY,1971,-0.00047423766298587103,,0.010870604637727783,14
LKA,1971,-0.00034750448531238045,,0.0019118890469697963,14
LSO,1971,-0.0004117190614667431,,0.0021391588946125272,14
LUX,1971,-0.0003111785934199543,,0.007909907600906632,15
MAR,1971,-0.00019000158783775604,,0.010098083798516514,15
MDG,1971,-0.00030962864751423195,,0.001549945905722331,15
MDV,1971,-0.00031218767515557485,,0.0010090817356205853,15
MEX,1971,-0.000257309093509131,,0.007695642844403323,15
MLI,1971,-0.00032627254084899906,,0.0075469737145223755,15
MLT,1971,-0.0003111785934199543,,0.0015827687645728302,15
MMR,1971,-0.0003111785934199543,,0.006039714255421052,15
MNG,1971,-0.0003111785934199543,,0.002404669893986841,15
MOZ,1971,-0.0003111785934199543,,0.007756907601022336,15
MRT,1971,-0.00030694987376510887,,0.004228719654845435,15
MUS,1971,-0.0003301718185948283,,0.0015827687645728302,14
MWI,1971,-0.0003111785934199543,,0.004053745426311999,15
MYS,1971,-0.0005958320769146602,,0.004518309261820729,14
NAM,1971,-0.00033771910939131783,,0.005308103194272699,15
NER,1971,-0.00030484476037221915,,0.006333833047735116,15
NGA,1971,-0.0003111785934199543,,0.003665057181107478,15
NIC,1971,-0.0003111785934199543,,0.007695642844403323,15
NLD,1971,-0.0002874488706172344,,0.007909907600906632,15
NOR,1971,-0.00016902416016168335,,0.009476962217218055,15
NPL,1971,-0.0003111785934199543,,0.0027047934921159587,15
NZL,1971,-0.00024027558986736082,,0.005064500253756672,15
OMN,1971,-0.0002695803104018011,,0.008319656603630638,15
PAK,1971,0.00018297979084426312,,0.009883167685284345,15
PAN,1971,-0.0003188742362643576,,0.007695642844403323,15
PER,1971,-0.00024961345066472763,,0.007695642844403323,15
PHL,1971,-0.0006228838875238609,,0.008424467408213685,14
PNG,1971,-0.00023197558120066706,,0.0046590007187815976,15
POL,1971,-0.0003111785934199543,,0.005864372862142207,15
PRK,1971,-0.0003111785934199543,,0.002404669893986841,15
PRT,1971,-0.0001610616260676326,,0.007900893018543251,15
PRY,1971,-0.0003111785934199543,,0.007695642844403323,15
PSE,1971,-0.0002748516509376132,,0.0010090817356205853,15
QAT,1971,-0.00028450997515311,,0.008889539422281425,15
ROU,1971,-0.0003111785934199543,,0.006991501686706603,15
RUS,1971,-0.00015165850515715,,0.017724454251422685,15
RWA,1971,-0.000315887037651108,,0.004708444231153658,15
SAU,1971,-0.00032072335109039636,,0.009544757670442074,15
SDN,1971,-0.0002973404560089485,,0.013838137411005829,15
SEN,1971,-0.0002407240343528553,,0.005871213255591578,15
SGP,1971,-0.0003111785934199543,,0.0029669649478470594,15
SLB,1971,-0.0002715819110209492,,0.002329216611706182,15
SLE,1971,-0.0003111785934199543,,0.00284153881107734,15
SLV,1971,-0.00034965680764197093,,0.007695642844403323,15
SOM,1971,-0.0007745441667530444,,0.00345795203979918,14
SRB,1971,-0.00030516302351278683,,0.006015569907167437,15
STP,1971,-0.0003111785934199543,,0.0010090817356205853,15
SUR,1971,-0.00029682941206565804,,0.002049883050613745,15
SWE,1971,-0.0003111785934199543,,0.003408685043452559,15
SWZ,1971,-0.0003079402417904726,,0.0032383516294817085,15
SYC,1971,-0.0002960423673856455,,0.0010090817356205853,15
SYR,1971,-0.0005373662825702335,,0.009424487047928299,14
TCD,1971,-0.0003046733663063826,,0.006505227113571648,15
TGO,1971,-0.00031560866529107493,,0.004430071871120609,15
THA,1971,-0.0002729616924194592,,0.009554225250123777,15
TLS,1971,-0.0003111785934199543,,0.0020067473143176124,15
TTO,1971,-0.00027270037919793766,,0.007695642844403323,15
TUN,1971,-0.0003111785934199543,,0.008794774053856683,15
TUR,1971,-0.0007755532406098437,,0.014511707724684079,14
TWN,1971,-0.0002245767769953335,,0.0027936069814393804,15
TZA,1971,-0.0003200272900378728,,0.00884869661791852,15
UGA,1971,-0.0003469866844733249,,0.005115441579052936,15
URY,1971,-0.0005035696645300375,,0.007695642844403323,14
USA,1971,0.00030854191708207766,,0.021369672775932116,15
VDR,1971,-0.0003111785934199543,,0.0037235928687868363,15
VEN,1971,-0.00019363476811502252,,0.008395987521780833,15
VNM,1971,-0.0003111785934199543,,0.004595068327995042,15
VUT,1971,-0.0002375156267196516,,0.0010090817356205853,15
YEM,1971,-0.0003013527038362468,,0.009825889583707496,15
YMD,1971,-0.00029285763064635663,,0.009160481386798832,15
ZAF,1971,-0.0003018744185058084,,0.00930417491414589,15
ZMB,1971,-0.00033954981528504767,,0.00945707395503111,15
ZWE,1971,-0.0003111785934199543,,0.005395363852750859,15
ZZB,1971,-0.0003111785934199543,,0.0010090817356205853,15
AFG,1972,,,0.0036004981169828077,14
AGO,1972,,,0.004740576395742223,14
ALB,1972,,,0.006335218951188388,14
ARE,1972,,,0.008864394225610467,14
ARG,1972,,,0.007654234883508393,14
AUS,1972,,,0.006314711040236551,14
AUT,1972,,,0.0048745435441181605,14
BDI,1972,,,0.0037586221047319545,14
BEL,1972,,,0.007865100008035699,14
BEN,1972,,,0.004657965600690726,14
BFA,1972,,,0.006428571040956584,14
BGD,1972,,,0.0027705329135473424,14
BGR,1972,,,0.006825138719631492,14
BHR,1972,,,0.008864394225610467,14
BOL,1972,,,0.007654234883508393,13
BRA,1972,,,0.0091996688028458,14
BRB,1972,,,0.007654234883508393,14
BTN,1972,,,0.002731551533316354,14
BWA,1972,,,0.005393339095051961,14
CAF,1972,,,0.005230213555407385,14
CAN,1972,,,0.007913549667323673,14
CHE,1972,,,0.003756297296414553,14
CHL,1972,,,0.007654234883508393,14
CHN,1972,,,0.019334930625111643,14
CIV,1972,,,0.005532904493632083,14
CMR,1972,,,0.006289992174593511,14
COD,1972,,,0.008656101039035672,14
COG,1972,,,0.00655114241221458,14
COL,1972,,,0.007654234883508393,14
COM,1972,,,0.0010033444816053513,14
CPV,1972,,,0.0010033444816053513,14
CRI,1972,,,0.008177982976124605,14
CUB,1972,,,0.0010033444816053513,14
CYP,1972,,,0.0025351790737819634,14
CZE,1972,,,0.008359350627017485,14
DDR,1972,,,0.005973893848046567,14
DEU,1972,,,0.008218492550427881,14
DJI,1972,,,0.004014779988917623,14
DNK,1972,,,0.008558974863955102,14
DOM,1972,,,0.007654234883508393,14
DZA,1972,,,0.010552929157338619,14
ECU,1972,,,0.007654234883508393,13
EGY,1972,,,0.009981936546448415,14
ERI,1972,,,0.003078126584433817,14
ESP,1972,,,0.0037429814987311365,14
ETH,1972,,,0.006899211101200871,14
FIN,1972,,,0.0034238350809907784,14
FJI,1972,,,0.0010033444816053513,14
FRA,1972,,,0.019212625361953707,14
GAB,1972,,,0.005037681174324277,14
GBR,1972,,,0.01948783483797348,14
GHA,1972,,,0.004618199643065794,14
GIN,1972,,,0.007903789363714867,14
GMB,1972,,,0.0026340365595035045,14
GNB,1972,,,0.002960003422318708,14
GNQ,1972,,,0.00275100034315736,13
GRC,1972,,,0.00977692426979707,14
GTM,1972,,,0.007654234883508393,14
GUY,1972,,,0.0025038014028110726,14
HKG,1972,,,0.0010033444816053513,14
HND,1972,,,0.007654234883508393,14
HTI,1972,,,0.007654234883508393,14
HUN,1972,,,0.007349691612888604,14
IDN,1972,,,0.008171560359742563,14
IND,1972,,,0.009595817827451286,13
IRL,1972,,,0.0015745754519627085,14
IRN,1972,,,0.004817069640485518,14
IRQ,1972,,,0.009934998066268899,14
ISL,1972,,,0.007326198866399704,14
ISR,1972,,,0.005965917961371785,14
ITA,1972,,,0.009654133473072882,14
JAM,1972,,,0.007654234883508393,14
JOR,1972,,,0.008924227747371172,14
JPN,1972,,,0.0027182263757289347,14
KEN,1972,,,0.005006915352489973,14
KHM,1972,,,0.006080194472864917,13
KOR,1972,,,0.002413980200348519,14
KWT,1972,,,0.008296917024295636,14
LAO,1972,,,0.006268340831013165,14
LBN,1972,,,0.008924227747371172,14
LBR,1972,,,0.005136409999854729,14
LBY,1972,,,0.010845343475993783,14
LKA,1972,,,0.0019097131584296786,13
LSO,1972,,,0.0021279356256187687,13
LUX,1972,,,0.007865100008035699,14
MAR,1972,,,0.009533566124071285,14
MDG,1972,,,0.0015477442447718146,14
MDV,1972,,,0.0018251828564920262,14
MEX,1972,,,0.007654234883508393,14
MLI,1972,,,0.0075674193863001045,14
MLT,1972,,,0.0015745754519627085,14
MMR,1972,,,0.006075647184338598,14
MNG,1972,,,0.002413980200348519,14
MOZ,1972,,,0.007725201507146698,14
MRT,1972,,,0.0042236435224572814,14
MUS,1972,,,0.0015745754519627085,14
MWI,1972,,,0.004039211540408115,14
MYS,1972,,,0.00449826597053931,14
NAM,1972,,,0.005282957733099398,14
NER,1972,,,0.006319949594650357,14
NGA,1972,,,0.003651942319201262,14
NIC,1972,,,0.007654234883508393,14
NLD,1972,,,0.007865100008035699,14
NOR,1972,,,0.009327462083349105,14
NPL,1972,,,0.002731551533316354,14
NZL,1972,,,0.0050578057486521085,14
OMN,1972,,,0.008296917024295636,14
PAK,1972,,,0.009907255814667948,13
PAN,1972,,,0.007654234883508393,14
PER,1972,,,0.007654234883508393,14
PHL,1972,,,0.00842003694469015,13
PNG,1972,,,0.004636246377054319,14
POL,1972,,,0.005801958038237971,14
PRK,1972,,,0.002413980200348519,14
PRT,1972,,,0.007858356857375256,14
PRY,1972,,,0.007654234883508393,14
PSE,1972,,,0.0010033444816053513,14
QAT,1972,,,0.008864394225610467,14
ROU,1972,,,0.006920137486665975,14
RUS,1972,,,0.01800880530309508,14
RWA,1972,,,0.0046931489034849234,14
SAU,1972,,,0.009521256730566618,14
SDN,1972,,,0.013794661123301848,14
SEN,1972,,,0.005863019868032856,14
SGP,1972,,,0.002951647869810535,14
SLB,1972,,,0.0023170317791162097,14
SLE,1972,,,0.0028364590109610927,14
SLV,1972,,,0.007654234883508393,14
SOM,1972,,,0.0034408204129990497,14
SRB,1972,,,0.00596765546553039,14
STP,1972,,,0.0010033444816053513,14
SUR,1972,,,0.002038382458044533,14
SWE,1972,,,0.003300337459429774,14
SWZ,1972,,,0.0032226347078966712,14
SYC,1972,,,0.0010033444816053513,14
SYR,1972,,,0.009396983531291207,14
TCD,1972,,,0.006488257097250456,14
TGO,1972,,,0.004429990824900477,14
THA,1972,,,0.009553944990238783,14
TLS,1972,,,0.001995689832488809,14
TTO,1972,,,0.007654234883508393,13
TUN,1972,,,0.008769378415031113,14
TUR,1972,,,0.014428576925885143,13
TWN,1972,,,0.002814661936084627,14
TZA,1972,,,0.008846372873355976,14
UGA,1972,,,0.005098448013369042,13
URY,1972,,,0.007654234883508393,13
USA,1972,,,0.021270723924888154,14
VDR,1972,,,0.0037378249738741964,14
VEN,1972,,,0.00835066627862555,14
VNM,1972,,,0.00463399483430836,14
VUT,1972,,,0.0010033444816053513,14
YEM,1972,,,0.009827027781691889,14
YMD,1972,,,0.009133602258888944,14
ZAF,1972,,,0.009259012721028108,14
ZMB,1972,,,0.009418921584414536,13
ZWE,1972,,,0.005370063940227264,14
ZZB,1972,,,0.0010033444816053513,14
AFG,1973,0.0015465847778753446,,0.003577340788055671,17
AGO,1973,0.001564471481815623,,0.004722627426742515,17
ALB,1973,0.001564471481815623,,0.006308483281470472,17
ARE,1973,0.001564471481815623,,0.008968900230469397,17
ARG,1973,0.0016408710220785952,,0.007639954026297214,17
AUS,1973,0.0015707438428338976,,0.006272361018274658,17
AUT,1973,0.0015983996698357157,,0.004846884002870379,17
BDI,1973,0.001564471481815623,,0.003743920775040561,17
BEL,1973,0.0016112697594949299,,0.007799712946551131,17
BEN,1973,0.0013483513368615736,,0.0045983009564691335,16
BFA,1973,0.001564471481815623,,0.006298801236542545,17
BGD,1973,0.0017108739117615973,,0.00276230999898065,17
BGR,1973,0.001564471481815623,,0.0067932492757379675,17
BHR,1973,0.001986009792647685,,0.008968900230469397,17
BOL,1973,0.0015109918036315425,,0.007639954026297214,17
BRA,1973,0.001564471481815623,,0.009184566244017107,17
BRB,1973,0.0015491915737630285,,0.007639954026297214,17
BTN,1973,0.001564471481815623,,0.0027194346253423835,17
BWA,1973,0.001564471481815623,,0.00538485148412404,17
CAF,1973,0.001564471481815623,,0.005168552791295934,17
CAN,1973,0.0015723189096243269,,0.007847427808703941,17
CHE,1973,0.0024106641422143842,,0.003727720970919653,17
CHL,1973,0.0014345922633685702,,0.007639954026297214,16
CHN,1973,0.001564471481815623,,0.01914726932368207,17
CIV,1973,0.001564471481815623,,0.0054055273673365885,17
CMR,1973,0.001564471481815623,,0.00623778214640821,17
COD,1973,0.001564471481815623,,0.008590561715251821,17
COG,1973,0.001564471481815623,,0.0064931637880496105,17
COL,1973,0.0016255911140260007,,0.007639954026297214,17
COM,1973,0.0015664781707788336,,0.0010033444816053513,17
CPV,1973,0.0015795216490397032,,0.0010033444816053513,17
CRI,1973,0.001564471481815623,,0.008156522236851435,17
CUB,1973,0.001564471481815623,,0.0010033444816053513,17
CYP,1973,0.001564471481815623,,0.002520826304922746,17
CZE,1973,0.0015727932531061101,,0.008321771290487114,17
DDR,1973,0.0015704221730509602,,0.005950691235337204,17
DEU,1973,0.0015563090809644902,,0.008162400851132876,17
DJI,1973,0.001556528403591377,,0.003971539112122946,17
DNK,1973,0.00158994236905022,,0.008490295744865692,17
DOM,1973,0.001564471481815623,,0.007639954026297214,17
DZA,1973,0.001564471481815623,,0.009885233354307594,17
ECU,1973,0.0013047130449215178,,0.007639954026297214,16
EGY,1973,0.0014940137334394916,,0.010065392625161599,17
ERI,1973,0.001564471481815623,,0.0030430591582340464,17
ESP,1973,0.0015866150211048939,,0.0036905898815451574,17
ETH,1973,0.0015712942126493384,,0.006822730833715433,17
FIN,1973,0.0015576517391815102,,0.0034098713170563604,17
FJI,1973,0.0015855417159293353,,0.0010033444816053513,17
FRA,1973,0.0014332139465567072,,0.018751076465559388,17
GAB,1973,0.001564471481815623,,0.004987328660035411,17
GBR,1973,0.001564471481815623,,0.01930659063944835,17
GHA,1973,0.00026999294557951284,,0.004558023014915881,16
GIN,1973,0.001564471481815623,,0.007665306235860603,17
GMB,1973,0.001518744462683066,,0.0025403899518087174,16
GNB,1973,0.001564471481815623,,0.002853417617368525,17
GNQ,1973,0.0015343860801539139,,0.002735036514700834,16
GRC,1973,0.001564471481815623,,0.009702794725428721,17
GTM,1973,0.001564471481815623,,0.007639954026297214,17
GUY,1973,0.0015494574554575956,,0.002502337726337905,17
HKG,1973,0.001564471481815623,,0.0010033444816053513,17
HND,1973,0.0016485109761048924,,0.007639954026297214,17
HTI,1973,0.0015797513898682175,,0.007639954026297214,17
HUN,1973,0.0015717921112865072,,0.007320629470884104,17
IDN,1973,0.0017682836111431498,,0.008152485173101062,17
IND,1973,0.0015071595595048737,,0.00955198705179152,17
IRL,1973,0.001564471481815623,,0.001569265292491067,17
IRN,1973,0.001564471481815623,,0.004772798952423924,17
IRQ,1973,0.001564471481815623,,0.010028617839294955,17
ISL,1973,0.0015717360192430891,,0.007264537427466213,17
ISR,1973,0.001651696387059885,,0.005814993682950845,17
ITA,1973,0.0015740490246280295,,0.009577542812406598,17
JAM,1973,0.0015568315277893258,,0.007639954026297214,17
JOR,1973,0.001564471481815623,,0.009018601643866989,17
JPN,1973,0.001561768399946998,,0.002703081868624978,17
KEN,1973,0.0015595082538283158,,0.00496322798730709,17
KHM,1973,0.0016250136457428485,,0.00605421639272256,17
KOR,1973,0.0014612044651180437,,0.0024015585278506814,16
KWT,1973,0.0015812859132353985,,0.00840721570988771,17
LAO,1973,0.0015457475064594342,,0.006241325118729655,17
LBN,1973,0.00139311805058215,,0.00901860164386699,16
LBR,1973,0.0016805852745745487,,0.005048425772127205,17
LBY,1973,0.001564471481815623,,0.01090846578708105,17
LKA,1973,0.0015396990111133972,,0.00190557466940198,16
LSO,1973,0.001564471481815623,,0.002125943855088297,17
LUX,1973,0.001564471481815623,,0.007799712946551133,17
MAR,1973,0.001564471481815623,,0.0089276551740597,17
MDG,1973,0.0014677875159120066,,0.0015346661254542274,16
MDV,1973,0.001564471481815623,,0.0018172044375457546,17
MEX,1973,0.0015797513898682175,,0.007639954026297214,17
MLI,1973,0.001564471481815623,,0.007076226125624033,17
MLT,1973,0.001564471481815623,,0.001569265292491067,17
MMR,1973,0.001564471481815623,,0.00604680680298508,17
MNG,1973,0.001564471481815623,,0.0024015585278506814,17
MOZ,1973,0.001564471481815623,,0.007710697045637618,17
MRT,1973,0.001564471481815623,,0.010578469813132176,17
MUS,1973,0.001564471481815623,,0.001569265292491067,17
MWI,1973,0.001564471481815623,,0.0040305756987737895,17
MYS,1973,0.0018425025626654338,,0.004484372271771142,17
NAM,1973,0.001564471481815623,,0.005272793875557978,17
NER,1973,0.001564471481815623,,0.006169652707587631,17
NGA,1973,0.001564471481815623,,0.003613585289239098,17
NIC,1973,0.001457512125447462,,0.007639954026297214,16
NLD,1973,0.0015956703336018276,,0.007799712946551133,17
NOR,1973,0.001564471481815623,,0.00925499811761915,17
NPL,1973,0.001564471481815623,,0.0027194346253423835,17
NZL,1973,0.001564471481815623,,0.005018287131005405,17
OMN,1973,0.0015728786975255107,,0.00840721570988771,17
PAK,1973,0.0016822986357439527,,0.009818929494027476,17
PAN,1973,0.0016026712519471092,,0.007639954026297214,17
PER,1973,0.001564471481815623,,0.007639954026297214,17
PHL,1973,-2.2847970630465427e-05,,0.00835431290761099,16
PNG,1973,0.0016014898160763178,,0.004627291782586865,17
POL,1973,0.0015760277261465108,,0.005778122165443859,17
PRK,1973,0.0015596683647599217,,0.0024015585278506814,17
PRT,1973,0.001564471481815623,,0.007789427457910558,17
PRY,1973,0.001564471481815623,,0.007639954026297214,17
PSE,1973,0.001564471481815623,,0.0010033444816053513,17
QAT,1973,0.0015734403820460924,,0.008968900230469399,17
ROU,1973,0.001564471481815623,,0.006888568981986123,17
RUS,1973,0.0015465986655957512,,0.01787281621987186,17
RWA,1973,0.001564471481815623,,0.004671998879405305,17
SAU,1973,0.001564471481815623,,0.009609843570023271,17
SDN,1973,0.002049133050532537,,0.013847473391911844,17
SEN,1973,0.0015915052843007303,,0.005406760497021463,17
SGP,1973,0.0015762570381559515,,0.002946389085082093,17
SLB,1973,0.001564471481815623,,0.0023144997600392956,17
SLE,1973,0.0015896039941687401,,0.0027925013725685725,17
SLV,1973,0.0015186317576578396,,0.007639954026297214,17
SOM,1973,0.001564471481815623,,0.003416078175223919,17
SRB,1973,0.0015585340831244794,,0.0059373986911436215,17
STP,1973,0.0015775149600764926,,0.0010033444816053513,17
SUR,1973,0.001564471481815623,,0.0020374422492261523,17
SWE,1973,0.001564471481815623,,0.0032851959191710174,17
SWZ,1973,0.0015580342893742045,,0.0032185962207092736,17
SYC,1973,0.0015504246590731482,,0.0010033444816053513,16
SYR,1973,0.0016593247276183102,,0.009485324580268746,17
TCD,1973,0.0015261178186930307,,0.006392277187098696,17
TGO,1973,0.001564471481815623,,0.004373014951753518,17
THA,1973,0.001241579398730392,,0.009496825973095032,16
TLS,1973,0.001564471481815623,,0.0019933789628808945,17
TTO,1973,0.0014880719415526508,,0.007639954026297214,16
TUN,1973,0.001564471481815623,,0.008873630202013275,17
TUR,1973,0.0018069796010001114,,0.014265183481440482,17
TWN,1973,0.001567270936855433,,0.0027994550398100612,17
TZA,1973,0.001564471481815623,,0.008808483235101519,17
UGA,1973,0.0013823629950803391,,0.005058569075980106,16
URY,1973,0.0010296746999748176,,0.007639954026297214,16
USA,1973,0.0018180458242234875,,0.021131195200655355,17
VDR,1973,0.001564471481815623,,0.003726341275025037,17
VEN,1973,0.001672839051782851,,0.00833596692055599,17
VNM,1973,0.001559856220902586,,0.004615260913036883,17
VUT,1973,0.001564471481815623,,0.0010033444816053513,17
YEM,1973,0.001604156906150478,,0.009921356083713757,17
YMD,1973,0.001564471481815623,,0.00923503523751052,17
ZAF,1973,0.001564471481815623,,0.009242541173055584,17
ZMB,1973,0.001526892714108821,,0.009394691926700475,17
ZWE,1973,0.001564471481815623,,0.005361663118785941,17
ZZB,1973,0.001564471481815623,,0.0010033444816053513,17
AFG,1974,0.0016770190866960233,,0.003562640755381528,15
AGO,1974,0.0017554187985586215,,0.0047519889441924035,15
ALB,1974,0.0016983949312283125,,0.0021127865935265124,15
ARE,1974,0.001680277348179018,,0.0090587915246473,15
ARG,1974,0.004189673305728799,,0.007641958203989221,15
AUS,1974,0.0017736008142499155,,0.006267156918466909,15
AUT,1974,0.0017231113459103412,,0.004943282936405714,15
BDI,1974,0.0016983949312283125,,0.0037465786000808847,15
BEL,1974,0.0016983949312283125,,0.007879811101367819,15
BEN,1974,0.00156124646872862,,0.00457161541665642,14
BFA,1974,0.0016983949312283125,,0.006237208792807166,15
BGD,1974,0.0020814676767619807,,0.0027559190326163184,15
BGR,1974,0.0016983949312283125,,0.006408924382758522,15
BHR,1974,0.0023868630871015073,,0.0090587915246473,15
BOL,1974,0.0016983949312283125,,0.007641958203989221,15
BRA,1974,0.0017075816380734642,,0.00918670684515158,15
BRB,1974,0.001744246680452248,,0.007641958203989221,15
BTN,1974,0.0017011027960286476,,0.002707864800335188,15
BWA,1974,0.0016983949312283125,,0.005384081842885561,15
CAF,1974,0.0016983949312283125,,0.005169308662152234,15
CAN,1974,0.0017300562218731082,,0.007915322661198907,15
CHE,1974,0.0016983949312283125,,0.0037639970806481165,15
CHL,1974,-0.0011826233116756235,,0.007641958203989221,14
CHN,1974,0.0017381756207152192,,0.019890344743453296,15
CIV,1974,0.0016983949312283125,,0.005326733187669317,15
CMR,1974,0.0016983949312283125,,0.006226948590567899,15
COD,1974,0.0016983949312283125,,0.007867917763152831,15
COG,1974,0.0017766436334255556,,0.006520725183103571,15
COL,1974,0.0016983949312283125,,0.007641958203989221,15
COM,1974,0.0017204685098236303,,0.0010033444816053513,15
CPV,1974,0.0016983949312283125,,0.0010033444816053513,15
CRI,1974,0.0016983949312283125,,0.008157819820129732,15
CUB,1974,0.0016983949312283125,,0.0010033444816053513,15
CYP,1974,0.0016983949312283125,,0.002544506778781426,15
CZE,1974,0.0017061739705762807,,0.007779039347968164,15
DDR,1974,0.0016983949312283125,,0.0055001690876376,15
DEU,1974,0.0016817239301134216,,0.008335500557445485,15
DJI,1974,0.0016983949312283125,,0.003200952353017316,15
DNK,1974,0.0016983949312283125,,0.008573979379998964,15
DOM,1974,0.0016983949312283125,,0.007641958203989221,15
DZA,1974,0.0016983949312283125,,0.009946126327691245,15
ECU,1974,0.001499704017924593,,0.007641958203989221,14
EGY,1974,0.0017085379448776898,,0.010143013649377131,15
ERI,1974,0.0016928970435686266,,0.002748943829842987,15
ESP,1974,0.0016983949312283125,,0.003685362715764838,15
ETH,1974,0.0016983949312283125,,0.005834277992909669,15
FIN,1974,0.0016983949312283125,,0.003451603839954143,15
FJI,1974,0.0017305019546396837,,0.0010033444816053513,15
FRA,1974,0.0019336485243492125,,0.01960446609340831,15
GAB,1974,0.0016983949312283125,,0.004978621140937167,15
GBR,1974,0.0016983949312283125,,0.019247897357663035,15
GHA,1974,0.0015400564032351694,,0.004523957942661237,14
GIN,1974,0.0016983949312283125,,0.007434009902452612,15
GMB,1974,0.0016838571836177464,,0.0024229579350943517,15
GNB,1974,0.001883585388356654,,0.0027233890754167858,15
GNQ,1974,0.0016109704508632608,,0.002732015011407865,14
GRC,1974,0.0016983949312283125,,0.010133525306196404,15
GTM,1974,0.0017136788476362907,,0.007641958203989221,15
GUY,1974,0.0016733692834283958,,0.002502564779991664,14
HKG,1974,0.0016983949312283125,,0.0010033444816053513,15
HND,1974,0.0008577795287894983,,0.007641958203989221,14
HTI,1974,0.0016983949312283125,,0.007641958203989221,15
HUN,1974,0.0016983949312283125,,0.0069129305358009594,15
IDN,1974,0.0016740991658756338,,0.008098588450892898,15
IND,1974,0.0016983949312283125,,0.009521216172969305,15
IRL,1974,0.0016936922763869523,,0.001567551613786786,15
IRN,1974,0.0016983949312283125,,0.004753481584908899,15
IRQ,1974,0.0016983949312283125,,0.010118835483734753,15
ISL,1974,0.0016983949312283125,,0.007333653465227705,15
ISR,1974,0.0016983949312283125,,0.005669232786152721,15
ITA,1974,0.0017566874531925263,,0.00971542032736897,15
JAM,1974,0.0016601851402083664,,0.007641958203989221,15
JOR,1974,0.0016983949312283125,,0.009095382277170246,15
JPN,1974,0.0016880079600639505,,0.0025967427910904934,15
KEN,1974,0.0017068567755052228,,0.004230922138455186,15
KHM,1974,0.0017952016845675183,,0.00605042208370035,15
KOR,1974,0.0016433957249321945,,0.0023912698389616464,14
KWT,1974,0.0016983949312283125,,0.008499352821285373,15
LAO,1974,0.0017046134816325806,,0.006218550404268245,15
LBN,1974,0.0016347272552881208,,0.009095382277170246,15
LBR,1974,0.0016983949312283125,,0.004974484729910562,15
LBY,1974,0.0016983949312283125,,0.010987270944181563,15
LKA,1974,0.0016888815565618055,,0.0019026749333014212,15
LSO,1974,0.0016983949312283125,,0.002124864728904884,15
LUX,1974,0.0016983949312283125,,0.00787981110136782,15
MAR,1974,0.0016893765354540685,,0.009018395774244138,15
MDG,1974,0.0016305938879311197,,0.0015409328022089257,14
MDV,1974,0.0016983949312283125,,0.0018085343486391177,15
MEX,1974,0.0016907529730243232,,0.007641958203989221,15
MLI,1974,0.0016983949312283125,,0.006867676010928238,15
MLT,1974,0.0016983949312283125,,0.001567551613786786,15
MMR,1974,0.0016983949312283125,,0.006022108660990445,15
MNG,1974,0.0017007862010672743,,0.0023912698389616464,15
MOZ,1974,0.001875085804653835,,0.0076822118880661905,15
MRT,1974,0.0016983949312283125,,0.010556316645808795,15
MUS,1974,0.0016905571731593786,,0.001567551613786786,15
MWI,1974,0.0016983949312283125,,0.004008595196615968,15
MYS,1974,0.0016983949312283125,,0.0052475768969399055,15
NAM,1974,0.0016983949312283125,,0.005278049942317435,15
NER,1974,0.0017105721366914902,,0.006088602731588869,15
NGA,1974,0.0016912018872526076,,0.0035965219878524328,15
NIC,1974,0.0017748145132682048,,0.007641958203989221,15
NLD,1974,0.0016905151201269447,,0.00787981110136782,15
NOR,1974,0.0016983949312283125,,0.009335098975413689,15
NPL,1974,0.0016983949312283125,,0.002707864800335188,15
NZL,1974,0.0016883639560080325,,0.005015487610140015,15
OMN,1974,0.0016983949312283125,,0.008499352821285373,15
PAK,1974,0.0019430135393247977,,0.00978474432385941,15
PAN,1974,0.0017518886386562371,,0.007641958203989221,15
PER,1974,0.0016678270984123557,,0.007641958203989221,15
PHL,1974,0.0011636644112041716,,0.008355164375377203,14
PNG,1974,0.0026866483012128167,,0.004618006401796748,15
POL,1974,0.0017037270527944942,,0.005332121566181664,15
PRK,1974,0.0017007862010672743,,0.0023912698389616464,15
PRT,1974,0.001729827547751879,,0.007858154130891613,15
PRY,1974,0.0016983949312283125,,0.007641958203989221,15
PSE,1974,0.0017004016201915232,,0.0010033444816053513,15
QAT,1974,0.0016983949312283125,,0.0090587915246473,15
ROU,1974,0.0016983949312283125,,0.0064944387083062495,15
RUS,1974,0.0016983949312283125,,0.01782327368417414,15
RWA,1974,0.0013586399841691262,,0.004654177356975156,14
SAU,1974,0.0016983949312283125,,0.009684087650881145,15
SDN,1974,0.0017120231785795823,,0.013628247351269746,15
SEN,1974,0.0016060975514716608,,0.0057685862347907286,14
SGP,1974,0.0017243062439263948,,0.002879034744231353,15
SLB,1974,0.0017053305798295554,,0.002311882867080944,15
SLE,1974,0.0017506798710678784,,0.002751838938924519,15
SLV,1974,0.0016372592655963987,,0.007641958203989221,15
SOM,1974,0.0016983949312283125,,0.01107249977225223,15
SRB,1974,0.0016983949312283125,,0.006381210136645235,15
STP,1974,0.0016983949312283125,,0.0010033444816053513,15
SUR,1974,0.0016841317999699555,,0.0020375901797653104,15
SWE,1974,0.0016983949312283125,,0.0033014661654171915,15
SWZ,1974,0.0014541701392648098,,0.0032134841047829323,14
SYC,1974,0.0016983949312283125,,0.0010033444816053513,15
SYR,1974,0.0016696998840240271,,0.0095650157347618,15
TCD,1974,0.0017039333484952623,,0.005538417266949701,15
TGO,1974,0.0016983949312283125,,0.004357638609985361,15
THA,1974,0.0018209099673702966,,0.009424233549383392,15
TLS,1974,0.001756013521561684,,0.0019868479425300505,15
TTO,1974,0.0017289627640442694,,0.007641958203989221,15
TUN,1974,0.0016983949312283125,,0.008968654123521661,15
TUR,1974,0.0019716677764335224,,0.01438278132658999,15
TWN,1974,0.001695603752696405,,0.0027911785319076773,15
TZA,1974,0.0016983949312283125,,0.008637233462577597,15
UGA,1974,0.0016934835062428289,,0.004911424985483597,15
URY,1974,-0.0007241058194362706,,0.007641958203989221,14
USA,1974,0.0021636623636695374,,0.02114851965641929,15
VDR,1974,0.0016983949312283125,,0.003719555880069599,15
VEN,1974,0.0016817188511007114,,0.00833804006380057,15
VNM,1974,0.0016983949312283125,,0.00460092933421341,15
VUT,1974,0.0016983949312283125,,0.0010033444816053513,15
YEM,1974,0.0016884911370122395,,0.009903794216073068,15
YMD,1974,0.0016983949312283125,,0.00917003693651859,15
ZAF,1974,0.0016983949312283125,,0.009233613634196164,15
ZMB,1974,0.001275529014303162,,0.009397020376114456,14
ZWE,1974,0.0016983949312283125,,0.005356642758332495,15
ZZB,1974,0.001699398275709918,,0.0010033444816053513,15
AFG,1975,-0.0008198577129201849,,0.0029800698329439457,12
AGO,1975,-0.0006797944307718195,,0.004620528867201189,13
ALB,1975,-0.0006797944307718195,,0.0015632572889132416,13
ARE,1975,-0.0006635506643887248,,0.008121883191547413,13
ARG,1975,3.402013160117706e-05,,0.007067470914584122,13
AUS,1975,-0.0006953875354486268,,0.005197701558935778,13
AUT,1975,-0.0006524379707608793,,0.003039606667882241,13
BDI,1975,-0.0006797944307718195,,0.003666379898492401,13
BEL,1975,-0.0007166015180406505,,0.00920177181720773,13
BEN,1975,-0.000701815070710506,,0.004404127987737279,13
BFA,1975,-0.0006797944307718195,,0.005972827363056555,13
BGD,1975,-0.0006333151650122857,,0.002582181431085211,13
BGR,1975,-0.0006797944307718195,,0.008886242153877979,13
BHR,1975,-0.0008747196273689574,,0.008121883191547413,12
BOL,1975,-0.0006868619016864037,,0.007067470914584122,13
BRA,1975,-0.0006626375431833306,,0.008578443794244458,13
BRB,1975,-0.0006797944307718195,,0.007067470914584122,13
BTN,1975,-0.0006797944307718195,,0.002506382521556248,13
BWA,1975,-0.0006745342493762544,,0.005260181395565126,13
CAF,1975,-0.0006797944307718195,,0.0047747103424222335,13
CAN,1975,-0.0007597706101567214,,0.008886242153877979,13
CHE,1975,-0.0006797944307718195,,0.010030367883607269,13
CHL,1975,-0.002375987450272009,,0.007067470914584122,12
CHN,1975,-0.0006797944307718195,,0.018859130703910494,13
CIV,1975,-0.0006797944307718195,,0.005109045840629944,13
CMR,1975,-0.0006797944307718195,,0.005926432285067745,13
COD,1975,-0.0006797944307718195,,0.00760357646856508,13
COG,1975,-0.000606952855384361,,0.006070131282288208,13
COL,1975,-0.00038296065235928655,,0.007067470914584122,13
COM,1975,-0.0006797944307718195,,0.0010033444816053513,13
CPV,1975,-0.0006797944307718195,,0.0010033444816053513,13
CRI,1975,-0.0006651098470327149,,0.007342291869552318,13
CUB,1975,-0.0006797944307718195,,0.0010033444816053513,13
CYP,1975,-0.0005820457670791617,,0.008886242153877979,13
CZE,1975,-0.0006797944307718195,,0.011281177126793869,13
DDR,1975,-0.0006709081886179416,,0.008886242153877979,13
DEU,1975,-0.0006797944307718195,,0.00482549549199926,13
DJI,1975,-0.0006797944307718195,,0.0030106023624271337,13
DNK,1975,-0.0006797944307718195,,0.00920177181720773,13
DOM,1975,-0.0006797944307718195,,0.007067470914584123,13
DZA,1975,-0.0006797944307718195,,0.009155446501370361,13
ECU,1975,-0.0006797944307718195,,0.007067470914584123,13
EGY,1975,-0.0006797944307718195,,0.008975624614815237,13
ERI,1975,-0.000692792509850605,,0.0025996158157570934,13
ESP,1975,-0.0006698327961164386,,0.009961634655380951,13
ETH,1975,-0.0007259233954894802,,0.00512544052418451,13
FIN,1975,-0.0006797944307718195,,0.008886242153877979,13
FJI,1975,-0.0006797944307718195,,0.0010033444816053513,13
FRA,1975,-0.0006077784674965146,,0.01800399081882623,13
GAB,1975,-0.0006797944307718195,,0.004621794685532717,13
GBR,1975,-0.0006473777917864559,,0.01620831949268177,13
GHA,1975,-0.0006755181283155919,,0.004276302456227584,13
GIN,1975,-0.0006797944307718195,,0.00707222030885565,13
GMB,1975,-0.0006797944307718195,,0.0023344687376696052,13
GNB,1975,-0.0005931623617686604,,0.0026252142122169426,13
GNQ,1975,-0.0006797944307718195,,0.002628882599726553,13
GRC,1975,-8.827087401540562e-05,,0.009540702528329255,13
GTM,1975,-0.0006797944307718195,,0.007067470914584123,13
GUY,1975,-0.0007066669082306499,,0.0024429524962573004,12
HKG,1975,-0.0006797944307718195,,0.0010033444816053513,13
HND,1975,-0.0006797944307718195,,0.007067470914584123,13
HTI,1975,-0.0006797944307718195,,0.007067470914584123,13
HUN,1975,-0.0006797944307718195,,0.010011088517711375,13
IDN,1975,-0.0007136917326991967,,0.006779460385475415,13
IND,1975,-0.0010381709247857648,,0.008532773666998691,12
IRL,1975,-0.0006087044935407956,,0.008886242153877979,13
IRN,1975,-0.0006797944307718195,,0.0037161715188217615,13
IRQ,1975,-0.0006709313721905082,,0.008863058581311369,13
ISL,1975,-0.0006797944307718195,,0.008886242153877979,13
ISR,1975,-0.0004070971682439594,,0.005347005147605096,13
ITA,1975,-0.0006797944307718195,,0.009569402749459137,13
JAM,1975,-0.0007009968435155719,,0.007067470914584123,13
JOR,1975,-0.0006797944307718195,,0.00834456428145775,13
JPN,1975,-0.0006797944307718195,,0.002175873406173639,13
KEN,1975,-0.0006636893077204124,,0.004026280762851797,13
KHM,1975,-0.0006797944307718195,,0.005233339309859633,13
KOR,1975,-0.0006736754860389624,,0.002039648244285689,13
KWT,1975,-0.0006797944307718195,,0.007782864843860228,13
LAO,1975,-0.0007080336354664599,,0.005647840938928104,13
LBN,1975,-0.0006797944307718195,,0.00834456428145775,13
LBR,1975,-0.0006797944307718195,,0.004720514199128266,13
LBY,1975,-0.0006797944307718195,,0.009785733189127272,13
LKA,1975,-0.0006816037404690377,,0.001809309697218129,13
LSO,1975,-0.0006797944307718195,,0.0020757733531097163,13
LUX,1975,-0.0006429873435029886,,0.00920177181720773,13
MAR,1975,-0.0008087790442331686,,0.008061538341334322,12
MDG,1975,-0.0006797944307718195,,0.0013592338857670604,13
MDV,1975,-0.0006797944307718195,,0.00170041730594347,13
MEX,1975,-0.0006727269598572354,,0.007067470914584123,13
MLI,1975,-0.0006797944307718195,,0.006483625568146449,13
MLT,1975,-0.0006797944307718195,,0.008886242153877979,13
MMR,1975,-0.0006634299651369097,,0.005454821878303299,13
MNG,1975,-0.0006777547825275338,,0.002039648244285689,13
MOZ,1975,-0.0007998189561071238,,0.007501532833456519,12
MRT,1975,-0.0006797944307718195,,0.009569170143474724,13
MUS,1975,-0.0006797944307718195,,0.0013393610617612338,13
MWI,1975,-0.0006797944307718195,,0.003930925271167184,13
MYS,1975,-0.0005666830083021763,,0.004524456898785725,13
NAM,1975,-0.0006797944307718195,,0.0051526507067545585,13
NER,1975,-0.0010983325424140016,,0.005813029328363639,12
NGA,1975,-0.0006797944307718195,,0.003485102700067082,13
NIC,1975,-0.0006727269598572356,,0.007067470914584123,13
NLD,1975,-0.0006797944307718195,,0.00920177181720773,13
NOR,1975,-0.0006797944307718195,,0.008886242153877979,13
NPL,1975,-0.0006797944307718195,,0.002506382521556248,13
NZL,1975,-0.0006595357561201671,,0.004051734930330496,13
OMN,1975,-0.0006797944307718195,,0.007782864843860228,13
PAK,1975,-0.0003655928067732688,,0.008056451897398736,13
PAN,1975,-0.0006797944307718195,,0.007067470914584123,13
PER,1975,-0.0006939293726009877,,0.007067470914584123,13
PHL,1975,-0.0006797944307718195,,0.007109317002154733,13
PNG,1975,-0.0006797944307718195,,0.004257093000315892,13
POL,1975,-0.0006797944307718195,,0.00920177181720773,13
PRK,1975,-0.0006797944307718195,,0.002039648244285689,13
PRT,1975,4.446215076784905e-06,,0.008886242153877979,13
PRY,1975,-0.0006797944307718195,,0.007067470914584123,13
PSE,1975,-0.0006797944307718195,,0.0010033444816053513,13
QAT,1975,-0.0006797944307718195,,0.008121883191547413,13
ROU,1975,-0.0006797944307718195,,0.009253827125654968,13
RUS,1975,-0.0006961582064847395,,0.016363775712919963,13
RWA,1975,-0.001020936018441841,,0.0045485545022669535,12
SAU,1975,-0.000670963491982525,,0.008830938789294447,13
SDN,1975,-0.0006042064152198594,,0.01259800259199335,13
SEN,1975,-0.0007282590350453597,,0.0053849560303933525,13
SGP,1975,-0.0006797944307718195,,0.002595822688616094,13
SLB,1975,-0.0006510699361600885,,0.002209576508594696,13
SLE,1975,-0.0006558108116295321,,0.0026648465713652644,13
SLV,1975,-0.0006797944307718195,,0.007067470914584123,13
SOM,1975,-0.0006797944307718195,,0.009970760008595068,13
SRB,1975,-0.0007002434839867809,,0.010224526607480706,13
STP,1975,-0.0006797944307718195,,0.0010033444816053513,13
SUR,1975,-0.0006757959787478675,,0.001999226011976016,13
SWE,1975,-0.0006442494621563075,,0.008886242153877979,13
SWZ,1975,-0.0007990746444718344,,0.003138952992105654,12
SYC,1975,-0.0007229382434808496,,0.0010033444816053513,12
SYR,1975,-0.0006884281486419538,,0.008633717870134254,13
TCD,1975,-0.0006797944307718195,,0.005092313465066311,13
TGO,1975,-0.0006797944307718195,,0.004050477031980404,13
THA,1975,-0.00025047245006928177,,0.008586439614050758,13
TLS,1975,-0.0006651815952736177,,0.0018266044372752311,13
TTO,1975,-0.0006797944307718195,,0.007067470914584123,13
TUN,1975,-0.0006878663878643975,,0.008071957092577919,13
TUR,1975,-7.838906477440719e-05,,0.012028107319948262,13
TWN,1975,-0.0006773404576502866,,0.002453973121532913,13
TZA,1975,-0.0006797944307718195,,0.00835470927092634,13
UGA,1975,-0.0006797944307718195,,0.004762882305993333,13
URY,1975,-0.0012098547493656288,,0.007067470914584123,12
USA,1975,-0.000539506279217027,,0.020041164507827478,13
VDR,1975,-0.0006797944307718195,,0.0034414356663549266,13
VEN,1975,-0.00040092515956687577,,0.007746368644581764,13
VNM,1975,-0.0006797944307718195,,0.0042173926266676045,13
VUT,1975,-0.0006797944307718195,,0.0010033444816053513,13
YEM,1975,-0.0006617782273668412,,0.009008101702489144,13
YMD,1975,-0.0006797944307718195,,0.008413250822925327,13
ZAF,1975,-0.0006797944307718195,,0.008828230461935534,13
ZMB,1975,-0.000817575391990932,,0.0091853974146075,12
ZWE,1975,-0.0006745608192315045,,0.005233611540315061,13
ZZB,1975,-0.0006797944307718195,,0.0010033444816053513,13
AFG,1976,-0.006078466654160615,,0.0030165846030868644,13
AGO,1976,-0.005825917435375446,,0.004856715745868632,13
ALB,1976,-0.006078466654160615,,0.0015734896363637585,13
ARE,1976,-0.006078466654160615,,0.008181554632133561,13
ARG,1976,-0.006419925947680804,,0.007113735281670613,12
AUS,1976,-0.006088460202022531,,0.0049967739309581555,13
AUT,1976,-0.006081536252745977,,0.0030695985853624523,13
BDI,1976,-0.006078466654160615,,0.0036352066200259743,13
BEL,1976,-0.006087724713622592,,0.009258059461977134,13
BEN,1976,-0.006091759035161046,,0.004430793666810671,13
BFA,1976,-0.006078466654160615,,0.006015383923893081,13
BGD,1976,-0.006521192540518434,,0.00260426991975188,12
BGR,1976,-0.006069526260716438,,0.008940393444177226,13
BHR,1976,-0.006250279301435419,,0.008181554632133561,12
BOL,1976,-0.006085580389442286,,0.007113735281670613,13
BRA,1976,-0.006018022996071767,,0.008634808298406833,13
BRB,1976,-0.006078466654160615,,0.007113735281670613,13
BTN,1976,-0.006078466654160615,,0.0025348028189026927,13
BWA,1976,-0.006068130772218179,,0.005167940971217994,13
CAF,1976,-0.006078466654160615,,0.004731793733562233,13
CAN,1976,-0.006078466654160615,,0.008940393444177226,13
CHE,1976,-0.006038020740328163,,0.010111478458112888,13
CHL,1976,-0.006078466654160615,,0.007113735281670613,13
CHN,1976,-0.006078466654160615,,0.019171960472699045,13
CIV,1976,-0.006078466654160615,,0.0051480867459033595,13
CMR,1976,-0.006072561844152581,,0.005904810008033832,13
COD,1976,-0.006078466654160615,,0.007374952883312117,13
COG,1976,-0.006078466654160615,,0.005883923582047456,13
COL,1976,-0.005836599654583814,,0.007113735281670613,13
COM,1976,-0.006092608068302029,,0.0010101010101010103,12
CPV,1976,-0.005920890896584857,,0.0010101010101010103,13
CRI,1976,-0.005731101708074072,,0.007390743533756211,13
CUB,1976,-0.006078466654160615,,0.0010101010101010103,13
CYP,1976,-0.005819195244279475,,0.008940393444177226,13
CZE,1976,-0.005651979963573176,,0.01122333396282734,13
DDR,1976,-0.006078466654160615,,0.008940393444177226,13
DEU,1976,-0.006078466654160615,,0.00485822869016782,13
DJI,1976,-0.006078466654160615,,0.0030302120587128827,13
DNK,1976,-0.006087724713622592,,0.009258059461977134,13
DOM,1976,-0.006050011713033932,,0.007113735281670613,13
DZA,1976,-0.006078466654160615,,0.009225678271857825,13
ECU,1976,-0.006078466654160615,,0.007113735281670613,13
EGY,1976,-0.006078466654160615,,0.009052735692191009,13
ERI,1976,-0.006086310307060223,,0.0026145509665359444,13
ESP,1976,-0.006028259389002376,,0.010041453031647846,13
ETH,1976,-0.0061248441062344856,,0.0051530502304300875,13
FIN,1976,-0.00606058586727226,,0.008940393444177226,13
FJI,1976,-0.006078466654160615,,0.0010101010101010103,13
FRA,1976,-0.005934085343810506,,0.0180476637937636,13
GAB,1976,-0.006078466654160615,,0.004607454712452752,13
GBR,1976,-0.006062698145582337,,0.0157685085782774,13
GHA,1976,-0.006087092743550739,,0.004313044695061927,13
GIN,1976,-0.006078466654160615,,0.00713037118606138,13
GMB,1976,-0.006078466654160615,,0.002349809811518385,13
GNB,1976,-0.006073177870297273,,0.002644391931670777,13
GNQ,1976,-0.006078466654160615,,0.0026301229232361984,13
GRC,1976,-0.00024219227824474714,,0.00959913548670373,13
GTM,1976,-0.006071352918878944,,0.007113735281670613,13
GUY,1976,-0.006078466654160615,,0.0024592689633858946,13
HKG,1976,-0.006078466654160615,,0.0010101010101010103,13
HND,1976,-0.006078466654160615,,0.007113735281670613,13
HTI,1976,-0.006078466654160615,,0.007113735281670613,13
HUN,1976,-0.006088394468988378,,0.009927814827763108,13
IDN,1976,-0.006129640741597249,,0.006396760929579352,13
IND,1976,-0.0076336505525683015,,0.008639910546709373,12
IRL,1976,-0.006078466654160615,,0.008940393444177226,13
IRN,1976,-0.006100970993898061,,0.0037507232895744157,13
IRQ,1976,-0.006096348866380308,,0.008941106109846903,13
ISL,1976,-0.006087407047604792,,0.008940393444177226,13
ISR,1976,-0.006078466654160615,,0.005377329619159486,13
ITA,1976,-0.006039949501620517,,0.009629288135024412,13
JAM,1976,-0.006078466654160615,,0.007113735281670613,13
JOR,1976,-0.006019609003492402,,0.008408235809744638,13
JPN,1976,-0.006078466654160615,,0.0021986449196733527,13
KEN,1976,-0.006050262020013991,,0.004029233449517734,13
KHM,1976,-0.006423955797849878,,0.003598845246763155,12
KOR,1976,-0.006078466654160615,,0.0020693754356085744,13
KWT,1976,-0.00606278002772098,,0.007843313219817417,13
LAO,1976,-0.006567249569274516,,0.004745465195280598,12
LBN,1976,-0.006170957248067806,,0.008408235809744638,12
LBR,1976,-0.006078466654160615,,0.0047541614600776685,13
LBY,1976,-0.006078466654160615,,0.009510595063826172,13
LKA,1976,-0.006072988117461645,,0.0018261788996566343,13
LSO,1976,-0.006078466654160615,,0.0020713491750084913,13
LUX,1976,-0.006078466654160615,,0.009258059461977134,13
MAR,1976,-0.0061190877427252195,,0.008124217712920897,13
MDG,1976,-0.006075732946159805,,0.0013668540004047292,13
MDV,1976,-0.006076747929231268,,0.0017187249293470687,13
MEX,1976,-0.006078466654160615,,0.007113735281670613,13
MLI,1976,-0.006065392806522107,,0.006536923819254017,13
MLT,1976,-0.006078466654160615,,0.008940393444177226,13
MMR,1976,-0.006072974881686724,,0.005491772473891127,13
MNG,1976,-0.006078466654160615,,0.0020693754356085744,13
MOZ,1976,-0.006152778419965493,,0.0074311765804878725,12
MRT,1976,-0.006078466654160615,,0.009641418955724394,13
MUS,1976,-0.006078466654160615,,0.001345172203883936,13
MWI,1976,-0.006078466654160615,,0.0038923884389908537,13
MYS,1976,-0.00589004013131487,,0.00448634578204156,13
NAM,1976,-0.006068581307795896,,0.004942673182359313,13
NER,1976,-0.006230516669322646,,0.005848077506231985,12
NGA,1976,-0.006074967940709587,,0.003498713451027893,13
NIC,1976,-0.006064239183597274,,0.007113735281670613,13
NLD,1976,-0.006078466654160615,,0.009258059461977134,13
NOR,1976,-0.006078466654160615,,0.008940393444177226,13
NPL,1976,-0.006078466654160615,,0.0025348028189026927,13
NZL,1976,-0.006078466654160615,,0.004053050513315663,13
OMN,1976,-0.006078466654160615,,0.007843313219817417,13
PAK,1976,-0.00611896242928385,,0.00809915502464698,13
PAN,1976,-0.006078466654160615,,0.007113735281670613,13
PER,1976,-0.006078466654160615,,0.007113735281670613,13
PHL,1976,-0.006078466654160615,,0.009159315859793678,13
PNG,1976,-0.005801079061930042,,0.0046231265371762306,13
POL,1976,-0.006078466654160615,,0.009258059461977134,13
PRK,1976,-0.006078466654160615,,0.0020693754356085744,13
PRT,1976,-0.005372175572070614,,0.008940393444177226,13
PRY,1976,-0.006078466654160615,,0.007113735281670613,13
PSE,1976,-0.006078466654160615,,0.0010101010101010103,13
QAT,1976,-0.006078466654160615,,0.008181554632133561,13
ROU,1976,-0.006078466654160615,,0.00931157438394063,13
RUS,1976,-0.006078466654160615,,0.01732675000081206,13
RWA,1976,-0.006087489453763333,,0.004511399801359131,13
SAU,1976,-0.006087363878015505,,0.008897223854890618,13
SDN,1976,-0.005964790146958573,,0.012630723022449051,13
SEN,1976,-0.006078466654160615,,0.005422772615686314,13
SGP,1976,-0.006078466654160615,,0.0033634782460230227,13
SLB,1976,-0.0060246668978934164,,0.0019925835654517852,13
SLE,1976,-0.006078466654160615,,0.0026843866052688303,13
SLV,1976,-0.006078466654160615,,0.007113735281670613,13
SOM,1976,-0.006078466654160615,,0.01005001023907954,13
SRB,1976,-0.0060476005552302535,,0.010288699643453776,13
STP,1976,-0.0059633151390091,,0.0010101010101010103,13
SUR,1976,-0.006386394858907253,,0.0020126026454028636,12
SWE,1976,-0.0060248242934955515,,0.008940393444177224,13
SWZ,1976,-0.006078466654160615,,0.003124543702617038,13
SYC,1976,-0.006084527260221221,,0.0010101010101010103,13
SYR,1976,-0.006078466654160615,,0.00869971744634413,13
TCD,1976,-0.006428937098150779,,0.005079281796958908,12
TGO,1976,-0.006078466654160615,,0.004077602155077142,13
THA,1976,-0.005224740098431906,,0.009082197401369237,13
TLS,1976,-0.006019324004260625,,0.0016897899971425618,13
TTO,1976,-0.006099807860005627,,0.007113735281670613,13
TUN,1976,-0.006070331919060465,,0.00813473510015021,13
TUR,1976,-0.006078466654160615,,0.012125147783590617,13
TWN,1976,-0.006078466654160615,,0.002495692555173433,13
TZA,1976,-0.006078466654160615,,0.008301182595524866,13
UGA,1976,-0.006078466654160615,,0.004733279982620207,13
URY,1976,-0.006078466654160615,,0.007113735281670613,13
USA,1976,-0.005735810018566462,,0.020156272682008973,13
VEN,1976,-0.006078466654160615,,0.0077971665972178215,13
VNM,1976,-0.006085047382948956,,0.0032903643941706276,13
VUT,1976,-0.00600371917941314,,0.0010101010101010103,13
YEM,1976,-0.00629645198370145,,0.009082722064201442,12
YMD,1976,-0.006078466654160615,,0.008477829891486337,13
ZAF,1976,-0.006078466654160615,,0.008736302986572799,13
ZMB,1976,-0.006078466654160615,,0.008907054938034236,13
ZWE,1976,-0.006078466654160615,,0.005169967612543642,13
ZZB,1976,-0.006078466654160615,,0.0010101010101010103,13
AFG,1977,-0.0020474523324759634,,0.002993836485657673,11
AGO,1977,-0.0020474523324759634,,0.004742031185042896,11
ALB,1977,-0.0020474523324759634,,0.0015665975195793096,11
ARE,1977,-0.002039311669318349,,0.008140663157614417,11
ARG,1977,-0.004680979607588468,,0.00700406190189496,10
AUS,1977,-0.002077156960413455,,0.0049507713229152775,11
AUT,1977,-0.0020413471259461925,,0.003052603264885509,11
BDI,1977,-0.0020581050855575664,,0.003550917693867739,11
BEL,1977,-0.0020383133453429213,,0.009138987133042098,11
BEN,1977,-0.0020474523324759634,,0.0037221766295767902,11
BFA,1977,-0.0020474523324759634,,0.005968673981869555,11
BGD,1977,-0.0022499090710804623,,0.0025955992128781917,10
BGR,1977,-0.002056276746476766,,0.008824414000802559,11
BHR,1977,-0.0025033294693023707,,0.008140663157614417,10
BOL,1977,-0.0020474523324759634,,0.00700406190189496,11
BRA,1977,-0.0020324341563802634,,0.007509088047850058,11
BRB,1977,-0.0020474523324759634,,0.00700406190189496,11
BTN,1977,-0.002039906012315984,,0.0025154400533264434,11
BWA,1977,-0.002022574702947393,,0.004975525905714071,11
CAF,1977,-0.0020474523324759634,,0.004593335031457266,11
CAN,1977,-0.0020474523324759634,,0.008824414000802559,11
CHE,1977,-0.002067434093597218,,0.009990880560627375,11
CHL,1977,-0.0020474523324759634,,0.00700406190189496,11
CHN,1977,-0.0020474523324759634,,0.01875922318597606,11
CIV,1977,-0.0020474523324759634,,0.006691370034689224,11
CMR,1977,-0.0020474523324759634,,0.005708510754684424,11
COD,1977,-0.0020546281591371806,,0.007175826661217384,11
COG,1977,-0.002041720387150011,,0.005731945325952335,11
COL,1977,-0.0020474523324759634,,0.00700406190189496,11
COM,1977,-0.002009068494092125,,0.0010101010101010103,11
CPV,1977,-0.0020858361708598018,,0.0010101010101010103,10
CRI,1977,-0.0019455822193253074,,0.007276436653618271,11
CUB,1977,-0.0020474523324759634,,0.0010101010101010103,11
CYP,1977,-0.0017209490144462684,,0.008824414000802559,11
CZE,1977,-0.0017710743881242251,,0.01105511777406953,11
DDR,1977,-0.002056276746476766,,0.008824414000802559,11
DEU,1977,-0.002037829555777939,,0.0048113883490121245,11
DJI,1977,-0.0020474523324759634,,0.009268804846888155,11
DNK,1977,-0.0020474523324759634,,0.009138987133042098,11
DOM,1977,-0.0020474523324759634,,0.00700406190189496,11
DZA,1977,-0.002011581365259917,,0.008967741804011583,11
ECU,1977,-0.0020474523324759634,,0.00700406190189496,11
EGY,1977,-0.001948513834595274,,0.008994408898244509,11
ERI,1977,-0.0020474523324759634,,0.0022311305653403284,11
ESP,1977,-0.0017803295058548155,,0.009893438023005479,11
ETH,1977,-0.0020705428638629775,,0.004618106277402812,11
FIN,1977,-0.0019856814344703464,,0.008824414000802559,11
FJI,1977,-0.0020474523324759634,,0.0010101010101010103,11
FRA,1977,-0.0020474523324759634,,0.017744798640906445,11
GAB,1977,-0.0020474523324759634,,0.004500943816130271,11
GBR,1977,-0.0020474523324759634,,0.014888874868835366,11
GHA,1977,-0.0020474523324759634,,0.00356937809666949,11
GIN,1977,-0.0020474523324759634,,0.006402815531791726,11
GMB,1977,-0.0020474523324759634,,0.0021921653733605103,11
GNB,1977,-0.0020474523324759634,,0.0024252417584157793,11
GNQ,1977,-0.0020474523324759634,,0.00258423124220051,11
GRC,1977,-0.0014027993781608136,,0.009480190504634545,11
GTM,1977,-0.002075468580083543,,0.00700406190189496,11
GUY,1977,-0.002051067821084583,,0.0018077443043096795,11
HKG,1977,-0.0020474523324759634,,0.0010101010101010103,11
HND,1977,-0.0020474523324759634,,0.00700406190189496,11
HTI,1977,-0.0020474523324759634,,0.00700406190189496,11
HUN,1977,-0.0020474523324759634,,0.009818049420435617,11
IDN,1977,-0.0020474523324759634,,0.006487672404509455,11
IND,1977,-0.002124813539094126,,0.00859568962424027,11
IRL,1977,-0.0020474523324759634,,0.008824414000802559,11
IRN,1977,-0.0020474523324759634,,0.0037027875120466403,11
IRQ,1977,-0.0020385494598015564,,0.008902872674406948,11
ISL,1977,-0.0020474523324759634,,0.008824414000802559,11
ISR,1977,-0.0020474523324759634,,0.005124762210694661,11
ITA,1977,-0.0019904037500002407,,0.009508097079287079,11
JAM,1977,-0.002054456394377858,,0.00700406190189496,11
JOR,1977,-0.0020474523324759634,,0.00835215878593652,11
JPN,1977,-0.002045315894227419,,0.002136438248544329,11
KEN,1977,-0.002043596448802679,,0.003855883673284234,11
KHM,1977,-0.0019184025711436025,,0.0035847155925655817,11
KOR,1977,-0.0020515693392446606,,0.002058503384348585,11
KWT,1977,-0.0035320352531480583,,0.007813594319326817,10
LAO,1977,-0.0023210815401897736,,0.0047177449605829355,10
LBN,1977,-0.0021309739203353288,,0.00835215878593652,10
LBR,1977,-0.0020474523324759634,,0.004316863093130447,11
LBY,1977,-0.0020474523324759634,,0.009305027374016301,11
LKA,1977,-0.0020474523324759634,,0.0018220412282785624,11
LSO,1977,-0.0020474523324759634,,0.002019686235731715,11
LUX,1977,-0.0020474523324759634,,0.009138987133042098,11
MAR,1977,-0.0020474523324759634,,0.00808948013934324,11
MDG,1977,-0.001978454483830735,,0.0013528989930436859,11
MDV,1977,-0.0020474523324759634,,0.0017034998351488913,11
MEX,1977,-0.001970407651555119,,0.00700406190189496,11
MLI,1977,-0.0020474523324759634,,0.006277744998454283,11
MLT,1977,-0.002118047644482383,,0.008824414000802559,11
MMR,1977,-0.0017089643560658264,,0.005459483490486078,11
MNG,1977,-0.0020474523324759634,,0.002058503384348585,11
MOZ,1977,-0.001631116205857272,,0.00743457368961949,11
MRT,1977,-0.002059241584356385,,0.011789251880421774,11
MUS,1977,-0.002022095042257045,,0.0013345942220483386,11
MWI,1977,-0.0021534842212736867,,0.003656272027507705,10
MYS,1977,-0.0020474523324759634,,0.0041659043764072,11
NAM,1977,-0.002028313369702305,,0.004784740693414603,11
NER,1977,-0.0020474523324759634,,0.007446833597132415,11
NGA,1977,-0.00204426672227338,,0.0031856102025836328,11
NIC,1977,-0.0020474523324759634,,0.00700406190189496,11
NLD,1977,-0.0020474523324759634,,0.009138987133042098,11
NOR,1977,-0.0020474523324759634,,0.008824414000802559,11
NPL,1977,-0.0020474523324759634,,0.0025154400533264434,11
NZL,1977,-0.002035422254126755,,0.004010026116402828,11
OMN,1977,-0.0020474523324759634,,0.007813594319326817,11
PAK,1977,-0.0020154563697436434,,0.007998990683080024,11
PAN,1977,-0.0020474523324759634,,0.00700406190189496,11
PER,1977,-0.001984415775358909,,0.00700406190189496,11
PHL,1977,-0.0020474523324759634,,0.009172485984208112,11
PNG,1977,-0.0020474523324759634,,0.004610510215446796,11
POL,1977,-0.002093147268141174,,0.009138987133042098,11
PRK,1977,-0.0020474523324759634,,0.002058503384348585,11
PRT,1977,-0.00022962304831063607,,0.008824414000802559,11
PRY,1977,-0.0020474523324759634,,0.00700406190189496,11
PSE,1977,-0.0020474523324759634,,0.0010101010101010103,11
QAT,1977,-0.0020474523324759634,,0.008140663157614417,11
ROU,1977,-0.0020474523324759634,,0.009193473295837782,11
RUS,1977,-0.0020474523324759634,,0.01795871143046023,11
RWA,1977,-0.0020386468621443558,,0.004402735165803708,11
SAU,1977,-0.0020474523324759634,,0.008834585918901563,11
SDN,1977,-0.0020474523324759634,,0.01231619146082479,11
SEN,1977,-0.001987462070531142,,0.007498782743102707,11
SGP,1977,-0.0020474523324759634,,0.0034480164044561534,11
SLB,1977,-0.002001683623431857,,0.001989943871482871,11
SLE,1977,-0.0020474523324759634,,0.00252169308858148,11
SLV,1977,-0.0020614604562797533,,0.00700406190189496,11
SOM,1977,-0.0020474523324759634,,0.009303203027619207,11
SRB,1977,-0.0020474523324759634,,0.01016454794382392,11
STP,1977,-0.0020444220294456605,,0.0010101010101010103,11
SUR,1977,0.0006633284527979076,,0.007509088047850058,11
SWE,1977,-0.002038627918475161,,0.008824414000802559,11
SWZ,1977,-0.0020474523324759634,,0.0029228740344379297,11
SYC,1977,-0.0020242200092436403,,0.0010101010101010103,11
SYR,1977,-0.0020474523324759634,,0.008638063868694182,11
TCD,1977,-0.0021774850352314834,,0.00481602602798222,10
TGO,1977,-0.0020474523324759634,,0.006346284919707757,11
THA,1977,-0.0024116722281924564,,0.009105497392912323,10
TLS,1977,-0.0021613173759924276,,0.0016994782614397617,10
TTO,1977,-0.0018233223516153244,,0.00700406190189496,11
TUN,1977,-0.002031253486117098,,0.008099423179432632,11
TUR,1977,-0.0020474523324759634,,0.011927015512366747,11
TWN,1977,-0.0020400379319833674,,0.002471466830865308,11
TZA,1977,-0.0020553755104750454,,0.00792317799908186,11
UGA,1977,-0.0020474523324759634,,0.0045943413678126285,11
URY,1977,-0.002082472641985438,,0.00700406190189496,11
USA,1977,-0.0018691450840853086,,0.019811916487850502,11
VEN,1977,-0.0020474523324759634,,0.007509088047850058,11
VNM,1977,-0.002057254829037656,,0.003267498853897512,11
VUT,1977,-0.0019807856658092967,,0.0010101010101010103,11
YEM,1977,-0.0020474523324759634,,0.00898270571520311,11
YMD,1977,-0.0020474523324759634,,0.007813594319326817,11
ZAF,1977,-0.0020474523324759634,,0.008310554901858388,11
ZMB,1977,-0.0020559262056888284,,0.00847387321286519,11
ZWE,1977,-0.0020474523324759634,,0.004881482203756825,11
ZZB,1977,-0.0020474523324759634,,0.0010101010101010103,11
AFG,1978,-0.00641477701618278,,0.002931472141897059,12
AGO,1978,-0.006408914071898986,,0.004569469066668495,12
ALB,1978,-0.006408914071898986,,0.0015501234835528848,12
ARE,1978,-0.0063936537034237715,,0.007630184237607094,12
ARG,1978,-0.006836682810449786,,0.006899495783077414,11
AUS,1978,-0.006408914071898986,,0.0044108382650349,12
AUT,1978,-0.006408914071898986,,0.003020630261207782,12
BDI,1978,-0.006402053718065076,,0.0034301769169549252,12
BEL,1978,-0.006381743873720412,,0.00905673272619137,12
BEN,1978,-0.006408914071898986,,0.006612173776931407,12
BFA,1978,-0.006402301898122054,,0.006612173776931407,12
BGD,1978,-0.00629974751375133,,0.0025387571662245523,12
BGR,1978,-0.006408914071898986,,0.00951410673873108,12
BHR,1978,-0.006408914071898986,,0.007630184237607094,12
BOL,1978,-0.006408914071898986,,0.006899495783077414,12
BRA,1978,-0.006408914071898986,,0.007398005318605674,12
BRB,1978,-0.006402014576115909,,0.006899495783077414,12
BTN,1978,-0.006408914071898986,,0.002413736455409509,12
BWA,1978,-0.006408914071898986,,0.0047727407832056845,12
CAF,1978,-0.006426174986362662,,0.004315228615919018,12
CAN,1978,-0.006408914071898986,,0.008745356544965662,12
CHE,1978,-0.006349517653071543,,0.009899403137907152,12
CHL,1978,-0.006402014576115909,,0.006899495783077414,12
CHN,1978,-0.0064265423951889705,,0.017628323289984527,12
CIV,1978,-0.006408914071898986,,0.006612173776931407,12
CMR,1978,-0.006408914071898986,,0.004904335679120259,12
COD,1978,-0.006408914071898986,,0.006887443570669189,12
COG,1978,-0.006527448606620309,,0.005387933396423763,11
COL,1978,-0.006395115080332831,,0.006899495783077414,12
COM,1978,-0.006408914071898986,,0.0013385323669501388,12
CPV,1978,-0.006408914071898986,,0.006215238945154102,12
CRI,1978,-0.006387407506263469,,0.00716885521183906,12
CUB,1978,-0.006408914071898986,,0.0009986684420772306,12
CYP,1978,-0.006225261584454708,,0.008745356544965662,12
CZE,1978,-0.0064197774702109585,,0.010863398311972706,12
DDR,1978,-0.006417659428443951,,0.008745356544965662,12
DEU,1978,-0.006404151938116824,,0.004762133782161939,12
DJI,1978,-0.006122053918681494,,0.008692731915681574,12
DNK,1978,-0.006399857339172794,,0.00905673272619137,12
DOM,1978,-0.006408914071898986,,0.006899495783077414,12
DZA,1978,-0.005609209109620713,,0.008077827901800732,12
ECU,1978,-0.006402014576115909,,0.006899495783077414,12
EGY,1978,-0.006408914071898986,,0.008364221328080384,12
ERI,1978,-0.006408914071898986,,0.002134870366035423,12
ESP,1978,-0.0038843734825116725,,0.009785041044136873,12
ETH,1978,-0.006408914071898986,,0.004774053422949018,12
FIN,1978,-0.006408914071898986,,0.008745356544965662,12
FJI,1978,-0.006405918066572754,,0.0009986684420772306,12
FRA,1978,-0.006408914071898986,,0.01719305643288787,12
GAB,1978,-0.006408914071898986,,0.004132194338964012,12
GBR,1978,-0.006408914071898986,,0.014714470209836064,12
GHA,1978,-0.006408914071898986,,0.006830001372527593,12
GIN,1978,-0.006408914071898986,,0.006830001372527593,12
GMB,1978,-0.0064886192014986955,,0.006642094133309181,11
GNB,1978,-0.006346761682447445,,0.006215238945154104,12
GNQ,1978,-0.006408914071898986,,0.002396123713406741,12
GRC,1978,-0.006268000118436351,,0.009394263564175685,12
GTM,1978,-0.006408914071898986,,0.006899495783077414,12
GUY,1978,-0.00641962110001804,,0.0017845046865090776,12
HKG,1978,-0.006405918066572754,,0.0009986684420772306,12
HND,1978,-0.006415813567682063,,0.006899495783077414,12
HTI,1978,-0.006408914071898986,,0.006899495783077414,12
HUN,1978,-0.006408914071898986,,0.009724768025554794,12
IDN,1978,-0.006523781466252175,,0.006381521908510523,11
IND,1978,-0.005463125154173948,,0.008369813431195026,12
IRL,1978,-0.006408914071898986,,0.008745356544965662,12
IRN,1978,-0.006408914071898986,,0.0036660286118427605,12
IRQ,1978,-0.006425679715369034,,0.008382821735023985,12
ISL,1978,-0.006408914071898986,,0.008745356544965662,12
ISR,1978,-0.006388872796998533,,0.004008254980090666,12
ITA,1978,-0.006352382061809906,,0.009422001681513305,12
JAM,1978,-0.0066986928947882374,,0.006899495783077414,11
JOR,1978,-0.006408914071898986,,0.007731274264647779,12
JPN,1978,-0.006395424720891845,,0.0026978702014282233,12
KEN,1978,-0.006408914071898986,,0.0036835877431588594,12
KHM,1978,-0.006319889137387626,,0.003297219796717025,12
KOR,1978,-0.006408914071898986,,0.001974257898843185,12
KWT,1978,-0.0064162218151779735,,0.007307743278987781,12
LAO,1978,-0.006408914071898986,,0.00434462973446386,12
LBN,1978,-0.006408914071898986,,0.007731274264647779,12
LBR,1978,-0.006408914071898986,,0.006923381811675823,12
LBY,1978,-0.006408914071898986,,0.008567068528356859,12
LKA,1978,-0.006453646278253029,,0.0017892882541617101,11
LSO,1978,-0.006408914071898986,,0.0019593623398917394,12
LUX,1978,-0.006408914071898986,,0.00905673272619137,12
MAR,1978,-0.006295217097879404,,0.007579798267972131,12
MDG,1978,-0.006410252604265936,,0.0013385323669501388,12
MDV,1978,-0.006408914071898986,,0.001623116643325029,12
MEX,1978,-0.0062985221393697475,,0.006899495783077414,12
MLI,1978,-0.006416460164290912,,0.00754609239192628,12
MLT,1978,-0.006566330489708368,,0.008745356544965662,11
MMR,1978,-0.006408914071898986,,0.005289401751562582,12
MNG,1978,-0.006408914071898986,,0.001974257898843185,12
MOZ,1978,-0.006408914071898986,,0.007357446492450941,12
MRT,1978,-0.006408914071898986,,0.012976248275744305,12
MUS,1978,-0.006377249148468715,,0.0013193718095945843,12
MWI,1978,-0.006474094165497185,,0.003430531242010472,11
MYS,1978,-0.006408914071898986,,0.004050010865231704,12
NAM,1978,-0.006408914071898986,,0.004605285014499726,12
NER,1978,-0.006408914071898986,,0.00510201042856416,12
NGA,1978,-0.006335971629516509,,0.00729424423824768,12
NIC,1978,-0.00642271306346514,,0.006899495783077414,12
NLD,1978,-0.0064179708046251775,,0.00905673272619137,12
NOR,1978,-0.006408914071898986,,0.008745356544965662,12
NPL,1978,-0.006408914071898986,,0.002413736455409509,12
NZL,1978,-0.006429885535491986,,0.0034952439321666337,12
OMN,1978,-0.0063942985853410106,,0.007307743278987783,12
PAK,1978,-0.006473966598716691,,0.00542104390147541,11
PAN,1978,-0.006408914071898986,,0.006899495783077414,12
PER,1978,-0.006408914071898986,,0.006899495783077414,12
PHL,1978,-0.006408914071898986,,0.00850287820194538,12
PNG,1978,-0.006440403899560671,,0.004498546808812108,12
POL,1978,-0.006408914071898986,,0.00905673272619137,12
PRK,1978,-0.006410888329797829,,0.001974257898843185,12
PRT,1978,-0.004362500640377021,,0.008745356544965662,12
PRY,1978,-0.006415813567682063,,0.006899495783077414,12
PSE,1978,-0.006408914071898986,,0.0009986684420772306,12
QAT,1978,-0.006408914071898986,,0.007630184237607094,12
ROU,1978,-0.006408914071898986,,0.009110576169440714,12
RUS,1978,-0.006408914071898986,,0.018588806623168412,12
RWA,1978,-0.006408914071898986,,0.004250612022940232,12
SAU,1978,-0.006408914071898986,,0.008237959392074083,12
SDN,1978,-0.006408914071898986,,0.011563008409085404,12
SEN,1978,-0.006408914071898986,,0.006957131627340766,12
SGP,1978,-0.006412307118872674,,0.0033930469736876464,12
SLB,1978,-0.006401095191909904,,0.0019547199972705384,12
SLE,1978,-0.0064710664613505265,,0.006215238945154104,11
SLV,1978,-0.006408914071898986,,0.006899495783077414,12
SOM,1978,-0.006408914071898986,,0.008724312004171593,12
SRB,1978,-0.006408914071898986,,0.010071574377887174,12
STP,1978,-0.006408914071898986,,0.0009986684420772306,12
SUR,1978,-0.006408914071898986,,0.007398005318605674,12
SWE,1978,-0.00640016871535402,,0.008745356544965662,12
SWZ,1978,-0.006408914071898986,,0.0027415063952544684,12
SYC,1978,-0.0065277556165061765,,0.0009986684420772306,11
SYR,1978,-0.006400901456242524,,0.00801261565646122,12
TCD,1978,-0.006408914071898986,,0.0043742200071093815,12
TGO,1978,-0.0063949998086443045,,0.006957131627340766,12
THA,1978,-0.007301924101758166,,0.008345888129525043,11
TLS,1978,-0.006318367590410379,,0.001676786694233462,12
TTO,1978,-0.006057039786962037,,0.006899495783077414,12
TUN,1978,-0.006393735810991233,,0.007589130453876334,12
TUR,1978,-0.006444237021782032,,0.011774316627682068,12
TWN,1978,-0.006404158665852981,,0.0023777030230021177,12
TZA,1978,-0.00639394247482538,,0.007485798536802708,12
UGA,1978,-0.006408914071898986,,0.004420597852042374,12
URY,1978,-0.006408914071898986,,0.006899495783077414,12
USA,1978,-0.005638843619120279,,0.01925176131946772,12
VEN,1978,-0.006408914071898986,,0.007398005318605674,12
VNM,1978,-0.006408914071898986,,0.00341372316724408,12
VUT,1978,-0.006398927387478213,,0.0009986684420772306,12
YEM,1978,-0.006417284346424993,,0.008370274526007321,12
YMD,1978,-0.006408914071898986,,0.007307743278987783,12
ZAF,1978,-0.006424728877353061,,0.007907402727037681,12
ZMB,1978,-0.006408914071898986,,0.00803251686588103,12
ZWE,1978,-0.006413524342983429,,0.004610271084443493,12
ZZB,1978,-0.006408914071898986,,0.0009986684420772306,12
AFG,1979,-0.00710730751585864,,0.0029304524549469504,9
AGO,1979,-0.007063350729034436,,0.004728038957961898,10
ALB,1979,-0.007063350729034436,,0.0015562507309585705,10
ARE,1979,-0.007063350729034436,,0.007594385557262674,10
ARG,1979,-0.007063350729034436,,0.0069421491126362405,10
AUS,1979,-0.007058950102909491,,0.004400626124944304,10
AUT,1979,-0.007063350729034436,,0.0030196214157330865,10
BDI,1979,-0.007063350729034436,,0.0033754222939896814,10
BEL,1979,-0.007054289354540311,,0.009061374494124308,10
BEN,1979,-0.007063350729034436,,0.006581472199073565,10
BFA,1979,-0.006701369758085389,,0.006581472199073565,10
BGD,1979,-0.006923233826098163,,0.0025475800533867822,10
BGR,1979,-0.007063350729034436,,0.009441586363417855,10
BHR,1979,-0.007063350729034436,,0.007594385557262674,10
BOL,1979,-0.006931449895894347,,0.0069421491126362405,10
BRA,1979,-0.007055544177061546,,0.007806551972889597,10
BRB,1979,-0.007063350729034436,,0.0069421491126362405,10
BTN,1979,-0.007063350729034436,,0.0024201256353407565,10
BWA,1979,-0.007063350729034436,,0.004625601279407523,10
CAF,1979,-0.007063350729034436,,0.004242704715339862,10
CAN,1979,-0.007063350729034436,,0.00875101055329587,10
CHE,1979,-0.007063350729034436,,0.009903573071478012,10
CHL,1979,-0.007063350729034436,,0.0069421491126362405,10
CHN,1979,-0.006940106480225168,,0.017606321258466784,10
CIV,1979,-0.007063350729034436,,0.006855582642733959,10
CMR,1979,-0.007063350729034436,,0.004859503349658253,10
COD,1979,-0.0070566835069490914,,0.0066672220853438696,10
COG,1979,-0.007073783590021886,,0.005216430493725074,10
COL,1979,-0.007223020158625069,,0.0069421491126362405,9
COM,1979,-0.007088588784388358,,0.0013283187028380206,9
CPV,1979,-0.007063350729034436,,0.0061867692722718005,10
CRI,1979,-0.006955174941832569,,0.007211719146791142,10
CUB,1979,-0.007063350729034436,,0.0010043521928356212,10
CYP,1979,-0.007063350729034436,,0.00875101055329587,10
CZE,1979,-0.007063350729034436,,0.01083213265019497,10
DDR,1979,-0.007063350729034436,,0.01081936926603339,10
DEU,1979,-0.007049112574166658,,0.004746051622592419,10
DJI,1979,-0.006633753703109735,,0.008591940518494007,10
DNK,1979,-0.007063350729034436,,0.009061374494124308,10
DOM,1979,-0.006452441607122447,,0.0069421491126362405,10
DZA,1979,-0.007023156706984678,,0.008038804409951483,10
ECU,1979,-0.006709301124289987,,0.0069421491126362405,10
EGY,1979,-0.007063350729034436,,0.008321621229698971,10
ERI,1979,-0.007063350729034436,,0.0020922142844766664,10
ESP,1979,-0.0035094187760278815,,0.009790446151533207,10
ETH,1979,-0.007063350729034436,,0.0053187841644717,10
FIN,1979,-0.007080852750141028,,0.00875101055329587,10
FJI,1979,-0.007063350729034436,,0.0010043521928356212,10
FRA,1979,-0.007031335572663403,,0.016007578185516052,10
GAB,1979,-0.007063350729034436,,0.004090145839567743,10
GBR,1979,-0.007063350729034436,,0.014686470810045711,10
GHA,1979,-0.007042948679815563,,0.006800683072957765,10
GIN,1979,-0.007063350729034436,,0.006800683072957765,10
GMB,1979,-0.007083187660757894,,0.006612310574486255,10
GNB,1979,-0.007063350729034436,,0.0061867692722718005,10
GNQ,1979,-0.007063350729034436,,0.002388285859547995,10
GRC,1979,-0.007072753186794237,,0.009402457759801744,10
GTM,1979,-0.0070980614745976165,,0.0069421491126362405,10
GUY,1979,-0.007070538174191323,,0.0017968612892219748,10
HKG,1979,-0.007063350729034436,,0.0010043521928356212,10
HND,1979,-0.007070292878147072,,0.0069421491126362405,10
HTI,1979,-0.007063350729034436,,0.0069421491126362405,10
HUN,1979,-0.007063350729034436,,0.009731093779613002,10
IDN,1979,-0.00710173729580666,,0.006397761128704058,10
IND,1979,-0.005738430078722994,,0.008385573736148363,10
IRL,1979,-0.00705459971848114,,0.00875101055329587,10
IRN,1979,-0.0070523584077369144,,0.003664107099173634,10
IRQ,1979,-0.007063350729034436,,0.008341225754395044,10
ISL,1979,-0.00705459971848114,,0.00875101055329587,10
ISR,1979,-0.00704336953528475,,0.003996238749937101,10
ITA,1979,-0.007063350729034436,,0.009426531953791836,10
JAM,1979,-0.007084177176372344,,0.0069421491126362405,10
JOR,1979,-0.007063350729034436,,0.007694836680967838,10
JPN,1979,-0.007063350729034436,,0.0026570626168792863,10
KEN,1979,-0.007063350729034436,,0.003606402198859016,10
KHM,1979,-0.007063350729034436,,0.003303294518685672,10
KOR,1979,-0.007063350729034436,,0.0019728987636471523,10
KWT,1979,-0.007063350729034436,,0.0072725976732188995,10
LAO,1979,-0.007063350729034436,,0.004352375923445796,10
LBN,1979,-0.007063350729034436,,0.007694836680967838,10
LBR,1979,-0.007063350729034436,,0.006893920465994064,10
LBY,1979,-0.007063350729034436,,0.00850757284486791,10
LKA,1979,-0.007086704701444525,,0.0017964594161607008,9
LSO,1979,-0.00705948271018663,,0.001934009423903034,10
LUX,1979,-0.007063350729034436,,0.009061374494124308,10
MAR,1979,-0.006980358687688707,,0.007544731031429856,10
MDG,1979,-0.007064355081227271,,0.0010043521928356212,10
MDV,1979,-0.007078002894742577,,0.001628018412015677,10
MEX,1979,-0.006924507746781711,,0.0069421491126362405,10
MLI,1979,-0.007063350729034436,,0.007513020370677749,10
MLT,1979,-0.007063350729034436,,0.00875101055329587,10
MMR,1979,-0.007063350729034436,,0.005301065161341606,10
MNG,1979,-0.007063350729034436,,0.0019728987636471523,10
MOZ,1979,-0.007063350729034436,,0.0074261885801828,10
MRT,1979,-0.007863457451559178,,0.012904947137495841,9
MUS,1979,-0.007063350729034436,,0.0013244470302330139,10
MWI,1979,-0.007056765011764347,,0.00329285863504417,10
MYS,1979,-0.007059293132864287,,0.004057596170149211,10
NAM,1979,-0.007058949706207136,,0.004401022827299184,10
NER,1979,-0.007063350729034436,,0.0050729303089931625,10
NGA,1979,-0.006998034147769988,,0.007257397918271942,10
NIC,1979,-0.007063350729034436,,0.0069421491126362405,10
NLD,1979,-0.007027105231057938,,0.009061374494124308,10
NOR,1979,-0.00705459971848114,,0.00875101055329587,10
NPL,1979,-0.007063350729034436,,0.0024201256353407565,10
NZL,1979,-0.007056384947619728,,0.003482890707353796,10
OMN,1979,-0.007063350729034436,,0.0072725976732188995,10
PAK,1979,-0.0076277676052590344,,0.005427085348313454,9
PAN,1979,-0.007049466430809163,,0.0069421491126362405,10
PER,1979,-0.006403846563333993,,0.0069421491126362405,10
PHL,1979,-0.006400643600753914,,0.008496245234365669,10
PNG,1979,-0.007085905835325793,,0.0045110212582713995,10
POL,1979,-0.007063350729034436,,0.009061374494124308,10
PRK,1979,-0.007063350729034436,,0.0019728987636471523,10
PRT,1979,-0.007072101739587731,,0.00875101055329587,10
PRY,1979,-0.007063350729034436,,0.0069421491126362405,10
PSE,1979,-0.007063350729034436,,0.0010043521928356212,10
QAT,1979,-0.007063350729034436,,0.007594385557262674,10
ROU,1979,-0.007063350729034436,,0.009116120135174781,10
RUS,1979,-0.007063350729034436,,0.01866321766885439,10
RWA,1979,-0.007050803401543294,,0.004182442497047335,10
SAU,1979,-0.007063350729034436,,0.00820200769814036,10
SDN,1979,-0.0068807437371658986,,0.011412936991783569,10
SEN,1979,-0.006883658710276786,,0.006911231490678831,10
SGP,1979,-0.007063350729034436,,0.0034010108307950837,10
SLB,1979,-0.006745335877501038,,0.0019630546390950465,10
SLE,1979,-0.007236580268658046,,0.0061867692722718005,9
SLV,1979,-0.007063350729034436,,0.0069421491126362405,10
SOM,1979,-0.007063350729034436,,0.008631797240570909,10
SRB,1979,-0.007063350729034436,,0.010078647778789685,10
STP,1979,-0.007063350729034436,,0.0010043521928356212,10
SUR,1979,-0.0070112420131915225,,0.007444102263273279,10
SWE,1979,-0.007063350729034436,,0.00875101055329587,10
SWZ,1979,-0.007044900984233802,,0.002635677828662016,10
SYC,1979,-0.007135664086918601,,0.0010043521928356212,9
SYR,1979,-0.007071326841163777,,0.007976112129340959,10
TCD,1979,-0.007063350729034436,,0.004317332022084204,10
TGO,1979,-0.007063350729034436,,0.006911231490678831,10
THA,1979,-0.007055010392965607,,0.008340336068828929,10
TLS,1979,-0.007063350729034436,,0.001684197509989203,10
TTO,1979,-0.006980044939682801,,0.0069421491126362405,10
TUN,1979,-0.007063350729034436,,0.007553915093921976,10
TUR,1979,-0.007098672926444732,,0.011774065803432472,10
TWN,1979,-0.007060968054117717,,0.0023826749167184915,10
TZA,1979,-0.007063350729034436,,0.0072750621741632625,10
UGA,1979,-0.007063350729034436,,0.0043479747484165675,10
URY,1979,-0.007063350729034436,,0.0069421491126362405,10
USA,1979,-0.007005501622918883,,0.01928303537185079,10
VEN,1979,-0.007093127138087529,,0.007444102263273279,10
VNM,1979,-0.007278493932945429,,0.0034149714906506917,9
VUT,1979,-0.006963919861943709,,0.0010043521928356212,10
YEM,1979,-0.007079942403234238,,0.008295837099901273,10
YMD,1979,-0.007030080413631585,,0.008317578850712628,10
ZAF,1979,-0.007078655834589749,,0.00765255277765671,10
ZMB,1979,-0.007063350729034436,,0.007652889544720031,10
ZWE,1979,-0.007670623022876043,,0.0044326444805956695,9
ZZB,1979,-0.0070623463768416,,0.0010043521928356212,10
AFG,1980,-0.00783422922430226,,0.0029387607448169394,7
AGO,1980,-0.007822474181322992,,0.004859461931522902,7
ALB,1980,-0.007820918199718797,,0.0015559816041957723,7
ARE,1980,-0.007822474181322992,,0.0075759400939898035,7
ARG,1980,-0.007822474181322992,,0.006959430292257256,7
AUS,1980,-0.007822474181322992,,0.0042515035847419695,7
AUT,1980,-0.007831525746911042,,0.003017188529350108,7
BDI,1980,-0.007822474181322992,,0.003388539384432125,7
BEL,1980,-0.007831530801504496,,0.009056620181503643,7
BEN,1980,-0.007809305447764888,,0.00658436677905214,7
BFA,1980,-0.006874325365139484,,0.00658436677905214,7
BGD,1980,-0.007478583370493378,,0.002566349334549363,7
BGR,1980,-0.007822474181322992,,0.009764933988364862,7
BHR,1980,-0.007822474181322992,,0.0075759400939898035,7
BOL,1980,-0.007585853551386246,,0.006959430292257256,7
BRA,1980,-0.007665982671395231,,0.007824575496388066,7
BRB,1980,-0.007822474181322992,,0.006959430292257256,7
BTN,1980,-0.007822474181322992,,0.002433775632331496,7
BWA,1980,-0.007822474181322992,,0.004580273181575513,7
CAF,1980,-0.007804855708022231,,0.004404618325190344,7
CAN,1980,-0.0077787396697319555,,0.008746902318207314,7
CHE,1980,-0.007822474181322992,,0.009929273686468572,7
CHL,1980,-0.007808555320738478,,0.006959430292257256,7
CHN,1980,-0.007537869827093154,,0.01778777213936488,7
CIV,1980,-0.007822474181322992,,0.006859068970420866,7
CMR,1980,-0.007827543872236253,,0.005069690913260868,7
COD,1980,-0.007822474181322992,,0.006836933010993598,7
COG,1980,-0.007773123240696534,,0.004486449147859852,7
COL,1980,-0.00795470335687588,,0.006959430292257256,6
COM,1980,-0.007731988247830812,,0.0013113903404663888,7
CPV,1980,-0.007822474181322992,,0.006189589317300058,7
CRI,1980,-0.007815244457032956,,0.0072297242900373725,7
CUB,1980,-0.007822474181322992,,0.0010043521928356212,7
CYP,1980,-0.007822474181322992,,0.008746902318207316,7
CZE,1980,-0.007822474181322992,,0.010829942462571102,7
DDR,1980,-0.007822474181322992,,0.010750080224571096,7
DEU,1980,-0.007808266254970057,,0.004735975450978691,7
DJI,1980,-0.007822474181322992,,0.008516558950332934,7
DNK,1980,-0.007822474181322992,,0.009056620181503643,7
DOM,1980,-0.006994301976544379,,0.006959430292257256,7
DZA,1980,-0.007814457456773335,,0.008016724549658443,7
ECU,1980,-0.006465385274332828,,0.006959430292257256,7
EGY,1980,-0.007863972360000804,,0.008299635735562427,7
ERI,1980,-0.007822474181322992,,0.0020600096390784566,7
ESP,1980,-0.006909508156078155,,0.009816838981127294,7
ETH,1980,-0.007822474181322992,,0.0058470130938417225,7
FIN,1980,-0.007822474181322992,,0.008746902318207316,7
FJI,1980,-0.007822474181322992,,0.0010043521928356212,7
FRA,1980,-0.007822474181322992,,0.013365565167215232,7
GAB,1980,-0.007818214203826645,,0.004259977496348091,7
GBR,1980,-0.007881994350172129,,0.014880042212284157,7
GHA,1980,-0.00652864827907795,,0.006809610011816014,7
GIN,1980,-0.007822474181322992,,0.006809610011816014,7
GMB,1980,-0.007822474181322992,,0.006617669668939929,7
GNB,1980,-0.007822474181322992,,0.006189589317300058,7
GNQ,1980,-0.007883648498924076,,0.0024469727040432954,6
GRC,1980,-0.007822474181322992,,0.00939823204864223,7
GTM,1980,-0.007836393041907508,,0.006959430292257256,7
GUY,1980,-0.007822474181322992,,0.0017987368377095489,7
HKG,1980,-0.007822474181322992,,0.0010043521928356212,7
HND,1980,-0.007815514751030735,,0.006959430292257256,7
HTI,1980,-0.007815514751030735,,0.006959430292257256,7
HUN,1980,-0.007822474181322992,,0.010763143334127038,7
IDN,1980,-0.007822474181322992,,0.006566422633599961,7
IND,1980,-0.007788627550065636,,0.008461657814339142,7
IRL,1980,-0.007822474181322992,,0.008746902318207316,7
IRN,1980,-0.0076424568893021655,,0.003673822286139334,7
IRQ,1980,-0.007855745398644701,,0.00831780433042713,7
ISL,1980,-0.007813727279004786,,0.008746902318207316,7
ISR,1980,-0.007822474181322992,,0.004021363974053786,7
ITA,1980,-0.00783189566548699,,0.009421484163997011,7
JAM,1980,-0.0077598393086926775,,0.006959430292257256,7
JOR,1980,-0.007822474181322992,,0.007674902561229548,7
JPN,1980,-0.007822474181322992,,0.0026353818983298376,7
KEN,1980,-0.007818906441772655,,0.0035677395503366507,7
KHM,1980,-0.008027813370138857,,0.003366216210096152,6
KOR,1980,-0.007824450829269884,,0.0019766479468910853,7
KWT,1980,-0.007822474181322992,,0.007250139681391706,7
LAO,1980,-0.007822474181322992,,0.004433018090598786,7
LBN,1980,-0.007822474181322992,,0.007674902561229548,7
LBR,1980,-0.007822474181322992,,0.006902401423579341,7
LBY,1980,-0.007822474181322992,,0.008471046549429087,7
LKA,1980,-0.00783870718188912,,0.0018036667295697423,7
LSO,1980,-0.007810961279812624,,0.0019188169183946419,7
LUX,1980,-0.007822474181322992,,0.009056620181503643,7
MAR,1980,-0.007799905408890179,,0.007522924144271085,7
MDG,1980,-0.007822474181322992,,0.0010043521928356212,7
MDV,1980,-0.007835549870087772,,0.0016344610955973753,7
MEX,1980,-0.007822474181322992,,0.006959430292257256,7
MLI,1980,-0.007484017741696924,,0.007521254213912636,7
MLT,1980,-0.007822474181322992,,0.008746902318207316,7
MMR,1980,-0.007822474181322992,,0.005382494070396086,7
MNG,1980,-0.007822474181322992,,0.0019766479468910853,7
MOZ,1980,-0.007822474181322992,,0.007607227404192686,7
MRT,1980,-0.008492522069539956,,0.012885536311864686,6
MUS,1980,-0.007817159510934016,,0.0013286675972439506,7
MWI,1980,-0.007812809033658021,,0.0032217158883235553,7
MYS,1980,-0.007822474181322992,,0.004180320587785925,7
NAM,1980,-0.007813701197948228,,0.00438649168738182,7
NER,1980,-0.007822474181322992,,0.005073828277516663,7
NGA,1980,-0.007370581395490313,,0.007288593319881928,7
NIC,1980,-0.007996459938629423,,0.006959430292257256,6
NLD,1980,-0.007750021219870964,,0.009056620181503643,7
NOR,1980,-0.007822474181322992,,0.008746902318207316,7
NPL,1980,-0.007822474181322992,,0.002433775632331496,7
NZL,1980,-0.007832400102328756,,0.003308640335254787,7
OMN,1980,-0.007822474181322992,,0.007250139681391706,7
PAK,1980,-0.00786071330798669,,0.0054627323805281,7
PAN,1980,-0.007697204436062362,,0.006959430292257256,7
PER,1980,-0.007926865635706852,,0.006959430292257256,6
PHL,1980,-0.007721076096778502,,0.008449840378707532,7
PNG,1980,-0.007822474181322992,,0.004623831850756939,7
POL,1980,-0.007822474181322992,,0.009056620181503643,7
PRK,1980,-0.007822474181322992,,0.0019766479468910853,7
PRT,1980,-0.007761245865095541,,0.008746902318207316,7
PRY,1980,-0.007822474181322992,,0.006959430292257256,7
PSE,1980,-0.007822474181322992,,0.0010043521928356212,7
QAT,1980,-0.007830050121416982,,0.0075759400939898035,7
ROU,1980,-0.007822474181322992,,0.009111719037325031,7
RUS,1980,-0.007822474181322992,,0.0189200559684724,7
RWA,1980,-0.007511885768137503,,0.004197140718722837,7
SAU,1980,-0.007814288892786765,,0.00818528853622614,7
SDN,1980,-0.007776913354115363,,0.011390206801907426,7
SEN,1980,-0.007794881932457584,,0.006898062216352113,7
SGP,1980,-0.007822474181322992,,0.0035141176077968794,7
SLB,1980,-0.007772797634137184,,0.001987061887432323,7
SLE,1980,-0.007859611717226793,,0.006189589317300058,7
SLV,1980,-0.007912946775122337,,0.006959430292257256,6
SOM,1980,-0.007831046784126994,,0.008572602804000852,7
SRB,1980,-0.007822474181322992,,0.010073481988851952,7
STP,1980,-0.007822474181322992,,0.0010043521928356212,7
SUR,1980,-0.007822474181322992,,0.007461922438865851,7
SWE,1980,-0.007822474181322992,,0.008746902318207316,7
SWZ,1980,-0.007735240900177517,,0.0025656847395728087,7
SYC,1980,-0.00777024786729554,,0.0010043521928356212,7
SYR,1980,-0.007822474181322992,,0.008299635735562427,7
TCD,1980,-0.007822474181322992,,0.0037175814435494734,7
TGO,1980,-0.007822474181322992,,0.006898062216352113,7
THA,1980,-0.007681364518967869,,0.008300568373830804,7
TLS,1980,-0.007822474181322992,,0.001702148814866342,7
TTO,1980,-0.007822474181322992,,0.006959430292257256,7
TUN,1980,-0.00783753823160176,,0.007532025139383983,7
TUR,1980,-0.007822474181322992,,0.011801041874122183,7
TWN,1980,-0.007822474181322992,,0.002423983577656802,7
TZA,1980,-0.007822474181322992,,0.0071994668145421315,7
UGA,1980,-0.007818120384482345,,0.0043537968406478205,7
URY,1980,-0.007822474181322992,,0.006959430292257256,7
USA,1980,-0.007861501431387445,,0.019513625032226024,7
VEN,1980,-0.007852321871078457,,0.007461922438865851,7
VNM,1980,-0.007822474181322992,,0.0034458521784003827,7
VUT,1980,-0.0077632174019456905,,0.0010043521928356212,7
YEM,1980,-0.007830726048096242,,0.008251866773250086,7
YMD,1980,-0.007533270952149176,,0.008262949404966174,7
ZAF,1980,-0.007822474181322992,,0.007527725289471326,7
ZMB,1980,-0.007830049196249408,,0.007575014926415111,7
ZWE,1980,-0.007348902901906454,,0.004344690636848978,7
ZZB,1980,-0.007822474181322992,,0.0010043521928356212,7
AFG,1981,-0.005417291850332491,,0.002940540707777066,12
AGO,1981,-0.005420232391040268,,0.005061928018923157,12
ALB,1981,-0.005420232391040268,,0.001553754831483643,12
ARE,1981,-0.005435131733684655,,0.007449671322193419,12
ARG,1981,-0.005420232391040268,,0.006966902325047486,12
AUS,1981,-0.00538642865396202,,0.004225467134780994,12
AUT,1981,-0.005414206708164665,,0.0030128414378015975,12
BDI,1981,-0.0054135141563401296,,0.0033591173500693806,12
BEL,1981,-0.00530299450846265,,0.00901829865981683,12
BEN,1981,-0.0052990927510502125,,0.006375770525792435,12
BFA,1981,-0.005815530163639399,,0.006375770525792435,11
BGD,1981,-0.0053843068095394435,,0.0025661129643446065,12
BGR,1981,-0.005420232391040268,,0.010037583685000106,12
BHR,1981,-0.005435131733684655,,0.007449671322193419,12
BOL,1981,-0.00552473592591598,,0.006966902325047486,11
BRA,1981,-0.005076089700072952,,0.007821424794711752,12
BRB,1981,-0.005392364781740078,,0.006966902325047486,12
BTN,1981,-0.005420232391040268,,0.002436758759280875,12
BWA,1981,-0.005434740426447802,,0.004836011802511248,12
CAF,1981,-0.005108034816882659,,0.004218886137264991,12
CAN,1981,-0.005411523270978791,,0.008709120061477494,12
CHE,1981,-0.005341166628365957,,0.009883220334288945,12
CHL,1981,-0.005413265488715221,,0.006966902325047486,12
CHN,1981,-0.005312978483371966,,0.01787565127805037,12
CIV,1981,-0.005413582720428136,,0.006649670612132827,12
CMR,1981,-0.0053959874881688245,,0.004848980574288727,12
COD,1981,-0.005413621384028452,,0.006611007011816571,12
COG,1981,-0.005355244267891258,,0.004642008796357882,12
COL,1981,-0.005392364781740079,,0.006966902325047486,12
COM,1981,-0.005411076404317597,,0.0013079981032388464,12
CPV,1981,-0.005360082524918863,,0.006014986612140508,12
CRI,1981,-0.005261042567094873,,0.007235901088427034,12
CUB,1981,-0.0054182236866545976,,0.0010043521928356212,12
CYP,1981,-0.005272177349995151,,0.008709120061477494,12
CZE,1981,-0.005420232391040268,,0.011073674943936764,12
DDR,1981,-0.005420232391040268,,0.010644927348110322,12
DEU,1981,-0.005406048171808301,,0.004728073077322394,12
DJI,1981,-0.005436997584584275,,0.008382596772003363,12
DNK,1981,-0.005429250689700085,,0.00901829865981683,12
DOM,1981,-0.005434166195690363,,0.006966902325047486,12
DZA,1981,-0.005404514095561593,,0.007859147739337422,12
ECU,1981,-0.0033649962051512604,,0.006966902325047486,12
EGY,1981,-0.005591552677746228,,0.008158108890759972,11
ERI,1981,-0.005420232391040268,,0.0020372849937980914,12
ESP,1981,-0.005342092390456202,,0.009767500073008282,12
ETH,1981,-0.005420232391040268,,0.00611116706780849,12
FIN,1981,-0.005402814150917313,,0.008709120061477494,12
FJI,1981,-0.005420232391040268,,0.0010043521928356212,12
FRA,1981,-0.005420232391040268,,0.013218018616150776,12
GAB,1981,-0.005432420952839881,,0.0040628539332042204,12
GBR,1981,-0.0056425074597395855,,0.01389219179370739,11
GHA,1981,-0.003775588972979263,,0.006998482630046831,12
GIN,1981,-0.005427230873670315,,0.006998482630046831,12
GMB,1981,-0.005427007134424305,,0.006774743384036665,12
GNB,1981,-0.005445735473143438,,0.006375770525792435,12
GNQ,1981,-0.005448817916166045,,0.00238212709381473,11
GRC,1981,-0.005420232391040268,,0.009359492356774586,12
GTM,1981,-0.005420232391040268,,0.006966902325047486,12
GUY,1981,-0.005443621662627903,,0.0017991747375103975,11
HKG,1981,-0.005402154051569227,,0.0010043521928356212,12
HND,1981,-0.005162457005013512,,0.006966902325047486,12
HTI,1981,-0.005441133098015411,,0.006966902325047486,12
HUN,1981,-0.005385305873185556,,0.011642172618237561,12
IDN,1981,-0.005420232391040268,,0.0065534936930118325,12
IND,1981,-0.005504835559454054,,0.008460316841378532,11
IRL,1981,-0.005420232391040268,,0.008709120061477494,12
IRN,1981,-0.0053909743714644414,,0.003657252446978391,12
IRQ,1981,-0.005420232391040268,,0.008202973954176736,12
ISL,1981,-0.005228631749687763,,0.008709120061477494,12
ISR,1981,-0.005420232391040268,,0.004209724862395986,12
ITA,1981,-0.005148136590856884,,0.009382613799427049,12
JAM,1981,-0.005253026735239128,,0.006966902325047486,12
JOR,1981,-0.005420232391040268,,0.00753313732754206,12
JPN,1981,-0.005428126534339695,,0.0026313810998087484,12
KEN,1981,-0.005434395682749758,,0.0035408229273722652,12
KHM,1981,-0.005416869520004166,,0.0033628710361022526,12
KOR,1981,-0.005438071443163078,,0.0019821169025344768,12
KWT,1981,-0.005463055209360903,,0.007137136386772406,12
LAO,1981,-0.005420232391040268,,0.004434202705711172,12
LBN,1981,-0.005420232391040268,,0.00753313732754206,12
LBR,1981,-0.006097980837267862,,0.007059879648204101,11
LBY,1981,-0.005420232391040268,,0.008676074116558945,12
LKA,1981,-0.005463517330650652,,0.0018035391504326581,11
LSO,1981,-0.005420232391040268,,0.0020799429705278543,12
LUX,1981,-0.005420232391040268,,0.00901829865981683,12
MAR,1981,-0.005420232391040268,,0.007408400800851363,12
MDG,1981,-0.005421236743233104,,0.0010043521928356212,12
MDV,1981,-0.005420232391040268,,0.0016375718016838382,12
MEX,1981,-0.005406298586390174,,0.006966902325047486,12
MLI,1981,-0.005120584161752864,,0.007308493397253771,12
MLT,1981,-0.005420232391040268,,0.008709120061477494,12
MMR,1981,-0.005414850649341778,,0.005381741698490258,12
MNG,1981,-0.005420232391040268,,0.0019821169025344768,12
MOZ,1981,-0.005420232391040268,,0.007927773171826458,12
MRT,1981,-0.005420232391040268,,0.01256297998693485,12
MUS,1981,-0.005407081456661429,,0.001315093437883901,12
MWI,1981,-0.005420232391040268,,0.0032603322370782385,12
MYS,1981,-0.005411892665484501,,0.004169862777884093,12
NAM,1981,-0.00532495158738671,,0.004537181126359913,12
NER,1981,-0.005413095179250858,,0.007137211789410349,12
NGA,1981,-0.004616580864060087,,0.007049574798071766,12
NIC,1981,-0.0051763908096636065,,0.006966902325047486,12
NLD,1981,-0.005375140897741184,,0.00901829865981683,12
NOR,1981,-0.005254759109872196,,0.008709120061477494,12
NPL,1981,-0.005410485356003145,,0.002436758759280875,12
NZL,1981,-0.005410381371830145,,0.0032836730700408863,12
OMN,1981,-0.005420232391040268,,0.007137136386772406,12
PAK,1981,-0.005420232391040268,,0.005445032531872569,12
PAN,1981,-0.005329662660814651,,0.006966902325047486,12
PER,1981,-0.003601870884202874,,0.006966902325047486,12
PHL,1981,-0.005420232391040268,,0.00773401038493066,12
PNG,1981,-0.005452582470491441,,0.0046214399215960995,12
POL,1981,-0.005212811521864482,,0.00901829865981683,12
PRK,1981,-0.005420232391040268,,0.0019821169025344768,12
PRT,1981,-0.004653829825630249,,0.008709120061477494,12
PRY,1981,-0.005406298586390174,,0.006966902325047486,12
PSE,1981,-0.005420232391040268,,0.0010043521928356212,12
QAT,1981,-0.005420232391040268,,0.007449671322193419,12
ROU,1981,-0.005420232391040268,,0.009073386406916026,12
RUS,1981,-0.005420232391040268,,0.019455592236872193,12
RWA,1981,-0.005428553030786251,,0.004160319872991191,12
SAU,1981,-0.005420232391040268,,0.008041659734201038,12
SDN,1981,-0.00552088814926714,,0.01118397313631903,12
SEN,1981,-0.005293207074142593,,0.006685542994614508,12
SGP,1981,-0.005392220705683608,,0.0035014606695824837,12
SLB,1981,-0.005410299643679471,,0.0019865494721593604,12
SLE,1981,-0.005439359702617646,,0.006375770525792435,12
SLV,1981,-0.005817345823567975,,0.006966902325047486,11
SOM,1981,-0.005344218520051882,,0.00844598566537626,12
SRB,1981,-0.005219559264126956,,0.010033656345665639,12
STP,1981,-0.005420232391040268,,0.0010043521928356212,12
SUR,1981,-0.009311856239712146,,0.007469527540637002,11
SWE,1981,-0.005420232391040268,,0.008709120061477494,12
SWZ,1981,-0.005420232391040268,,0.0027541191018765074,12
SYC,1981,-0.005370014781398487,,0.0010043521928356212,12
SYR,1981,-0.005420232391040268,,0.00815810889075997,12
TCD,1981,-0.005423841444952045,,0.003609053911776773,12
TGO,1981,-0.005025785354358012,,0.006685542994614508,12
THA,1981,-0.004527055931337608,,0.008270152404654264,12
TLS,1981,-0.005420232391040268,,0.0017007750182416823,12
TTO,1981,-0.005343596465464746,,0.006966902325047486,12
TUN,1981,-0.005397980632046792,,0.007417252997825649,12
TUR,1981,-0.008083577927604411,,0.011732799720546888,11
TWN,1981,-0.005404906062905688,,0.0019157910168225334,12
TZA,1981,-0.005427454514529722,,0.0072221234894533064,12
UGA,1981,-0.005148494473216558,,0.004313300282916033,12
URY,1981,-0.005336629563139699,,0.006966902325047486,12
USA,1981,-0.005180614711897281,,0.019968139928582283,12
VEN,1981,-0.005397823808418357,,0.007469527540637002,12
VNM,1981,-0.005420232391040268,,0.003450808674464911,12
VUT,1981,-0.0051942531476522535,,0.0010043521928356212,12
YEM,1981,-0.005412101805671525,,0.008130585368743351,12
YMD,1981,-0.005402240006806561,,0.008996192116853312,12
ZAF,1981,-0.0054278206900296765,,0.007588298989408146,12
ZMB,1981,-0.005420232391040268,,0.007658123721146704,12
ZWE,1981,-0.004785918964176024,,0.0045964741077119155,12
ZZB,1981,-0.005411193221304748,,0.0010043521928356212,12
AFG,1982,-0.00042812600264521003,,0.0034826757829502252,10
AGO,1982,-0.00042812600264521003,,0.005095014308658458,10
ALB,1982,-0.00042812600264521003,,0.0015572405361229805,10
ARE,1982,-0.00042812600264521003,,0.007454954887281918,10
ARG,1982,-0.00042812600264521003,,0.006993596749507086,10
AUS,1982,-0.00040289994749198224,,0.004204342525537962,10
AUT,1982,-0.0004190957441218509,,0.0030100861744530327,10
BDI,1982,-0.0004078498297767068,,0.00337936214475054,10
BEL,1982,-0.0004909646367866515,,0.008976947734491623,10
BEN,1982,-0.00042812600264521003,,0.006414194651101001,10
BFA,1982,-0.0014351545628680672,,0.006414194651101001,9
BGD,1982,-0.00043582697956840593,,0.0025669923077319586,10
BGR,1982,-0.0004181238349638851,,0.010002167681324945,10
BHR,1982,-0.00042812600264521003,,0.007454954887281918,10
BOL,1982,-0.0006169531148819014,,0.006993596749507086,9
BRA,1982,-0.00042812600264521003,,0.007852665714967639,10
BRB,1982,-0.00041413880914619583,,0.006993596749507086,10
BTN,1982,-0.00042812600264521003,,0.0024353933119927976,10
BWA,1982,-0.0004086712996615843,,0.004863675745906439,10
CAF,1982,-0.00034194911472474167,,0.0043088443960234216,10
CAN,1982,-0.00042812600264521003,,0.008668344159144036,10
CHE,1982,-0.00042812600264521003,,0.009839353696943814,10
CHL,1982,-0.00042812600264521003,,0.006993596749507086,10
CHN,1982,-0.00042812600264521003,,0.017729298877909475,10
CIV,1982,-0.00043481523646228185,,0.006689233817071828,10
CMR,1982,-0.00042812600264521003,,0.004952179185646572,10
COD,1982,-0.00042812600264521003,,0.006664139597459352,10
COG,1982,-0.00042812600264521003,,0.004689546693571708,10
COL,1982,-0.00042812600264521003,,0.006993596749507086,10
COM,1982,-0.00042812600264521003,,0.0013097913484578258,10
CPV,1982,0.0003945216323422348,,0.00604887966902533,10
CRI,1982,-0.00042812600264521003,,0.007261541667250508,10
CUB,1982,-0.00042812600264521003,,0.0010101010101010103,10
CYP,1982,-0.00010739726875688043,,0.008668344159144036,10
CZE,1982,-0.00042812600264521003,,0.011343530359819713,10
DDR,1982,-0.00042812600264521003,,0.011102752976026899,10
DEU,1982,-0.00042340630166677135,,0.004719700978438673,10
DJI,1982,-0.00042812600264521003,,0.008406670646422438,10
DNK,1982,-0.00042812600264521003,,0.008976947734491625,10
DOM,1982,-0.00042812600264521003,,0.006993596749507086,10
DZA,1982,-0.00042812600264521003,,0.007888791748572576,10
ECU,1982,-0.00042812600264521003,,0.006993596749507086,10
EGY,1982,-0.000349758749281243,,0.0078367253363967,10
ERI,1982,-0.00042812600264521003,,0.0020486699863294356,10
ESP,1982,-0.00042812600264521003,,0.009726261527502165,10
ETH,1982,-0.00042812600264521003,,0.006132523507168173,10
FIN,1982,-0.00039345262600863385,,0.008668344159144036,10
FJI,1982,-0.00042812600264521003,,0.0010101010101010103,10
FRA,1982,-0.00032657928860426675,,0.0126933392551179,10
GAB,1982,-0.0004363243448325734,,0.004099171093681679,10
GBR,1982,-0.00042812600264521003,,0.012704077052587031,10
GHA,1982,-0.0024463413990819553,,0.007032109395249982,9
GIN,1982,-0.00042812600264521003,,0.007032109395249982,10
GMB,1982,-0.0004622013220167463,,0.0068150638743072495,10
GNB,1982,-0.0006141376475271391,,0.006414194651101001,9
GNQ,1982,-0.00042812600264521003,,0.002408683278737103,10
GRC,1982,-0.00035356510324657266,,0.009320112424829665,10
GTM,1982,-0.00042812600264521003,,0.006993596749507086,10
GUY,1982,-0.00046609515904967634,,0.0018080550668793452,9
HKG,1982,-0.00042812600264521003,,0.0010101010101010103,10
HND,1982,-0.00034420284165112493,,0.006993596749507086,10
HTI,1982,-0.00041413880914619583,,0.006993596749507086,10
HUN,1982,-0.00040392436373624664,,0.012100819454481678,10
IDN,1982,-0.00042812600264521003,,0.006562654759045163,10
IND,1982,-0.0004534460380401283,,0.00844001179830608,10
IRL,1982,-0.0003761159376903458,,0.008668344159144036,10
IRN,1982,-0.0005887472239137614,,0.0034917656797511156,9
IRQ,1982,-0.00014098673241562268,,0.008203979149416781,10
ISL,1982,-0.00042812600264521003,,0.008668344159144036,10
ISR,1982,-0.0004196671746612091,,0.004229413992000476,10
ITA,1982,-0.00033471703891337415,,0.009340896373183579,10
JAM,1982,-0.0006099595181323944,,0.006993596749507086,9
JOR,1982,-0.00042812600264521003,,0.007558372167176362,10
JPN,1982,-0.00042812600264521003,,0.00263092262482707,10
KEN,1982,-0.0004352467595984202,,0.0035603784766050743,10
KHM,1982,-0.0003642164919209633,,0.0033636584591708813,10
KOR,1982,-0.0004063324269198637,,0.001981234156849669,10
KWT,1982,0.0007748442495144326,,0.007160537215235968,10
LAO,1982,-0.00042812600264521003,,0.0044294742143541335,10
LBN,1982,-0.00042812600264521003,,0.007558372167176362,10
LBR,1982,-0.000655309662267746,,0.007099489363204252,9
LBY,1982,-0.00042812600264521003,,0.00904352940780442,10
LKA,1982,-0.00042812600264521003,,0.0018073625513569114,10
LSO,1982,-0.00042812600264521003,,0.002091759625199695,10
LUX,1982,-0.00042812600264521003,,0.008976947734491625,10
MAR,1982,-0.00042812600264521003,,0.007430758914417822,10
MDG,1982,-0.000426105800625008,,0.0010101010101010103,10
MDV,1982,-0.00042812600264521003,,0.0016381317707368967,10
MEX,1982,-0.0004001516156471817,,0.006993596749507086,10
MLI,1982,-0.00042812600264521003,,0.007343312000755376,10
MLT,1982,-0.00043679434680435407,,0.008668344159144036,10
MMR,1982,-0.00042812600264521003,,0.005361016351651933,10
MNG,1982,-0.00042614476848836034,,0.001981234156849669,10
MOZ,1982,-0.00042812600264521003,,0.007968352727311464,10
MRT,1982,-0.00042812600264521003,,0.012619483893036777,10
MUS,1982,-0.00042812600264521003,,0.0010101010101010103,10
MWI,1982,-0.00042812600264521003,,0.003277728135751687,10
MYS,1982,-0.00044479582830040743,,0.004167456413799344,10
NAM,1982,-0.00042812600264521003,,0.004563621717846618,10
NER,1982,-0.00042812600264521003,,0.007230150128486386,10
NGA,1982,-0.00042812600264521003,,0.007102018278504355,10
NIC,1982,-0.00039315801889767456,,0.006993596749507086,10
NLD,1982,-0.00041017210717622676,,0.008976947734491625,10
NOR,1982,-0.00042812600264521003,,0.008668344159144036,10
NPL,1982,-0.00040864285614926766,,0.0024353933119927976,10
NZL,1982,-0.00042812600264521003,,0.0032623087968159923,10
OMN,1982,-0.00042812600264521003,,0.007160537215235968,10
PAK,1982,-0.00042812600264521003,,0.005267883924343523,10
PAN,1982,-0.0004910683733907739,,0.006993596749507086,10
PER,1982,0.0011524268627433917,,0.006993596749507086,10
PHL,1982,-0.0003973224618601313,,0.007700885196269689,10
PNG,1982,-0.00042812600264521003,,0.00462559827458178,10
POL,1982,-0.0004460798981141933,,0.008976947734491625,10
PRK,1982,-0.00042812600264521003,,0.001981234156849669,10
PRT,1982,-0.000419457658486066,,0.008668344159144036,10
PRY,1982,-0.00042812600264521003,,0.006993596749507086,10
PSE,1982,-0.000427115901635109,,0.0010101010101010103,10
QAT,1982,-0.00042812600264521003,,0.0074549548872819196,10
ROU,1982,-0.00042812600264521003,,0.009032242133396057,10
RUS,1982,-0.00042812600264521003,,0.018970584920970167,10
RWA,1982,-0.00042812600264521003,,0.0041855401320699676,10
SAU,1982,-0.00042812600264521003,,0.008050823776705176,10
SDN,1982,-0.0002926043884103723,,0.011293467852903135,10
SEN,1982,-0.00019963442145977896,,0.006720340623100908,10
SGP,1982,-0.0004000986583200393,,0.003503418040646334,10
SLB,1982,-0.00042812600264521003,,0.0019931767414845393,10
SLE,1982,-0.0004730253652029171,,0.006414194651101003,10
SLV,1982,-0.00040714521239668887,,0.006993596749507086,10
SOM,1982,8.022877365502948e-05,,0.008472579605003994,10
SRB,1982,-0.00021826582291980092,,0.009993341891686146,10
STP,1982,-0.00042812600264521003,,0.0010101010101010103,10
SUR,1982,-0.0007730658756837491,,0.007498692892142155,9
SWE,1982,-0.00042812600264521003,,0.008668344159144036,10
SWZ,1982,-0.00042812600264521003,,0.002769389304803781,10
SYC,1982,-0.00042812600264521003,,0.0010101010101010103,10
SYR,1982,-0.00042812600264521003,,0.008180293800267443,10
TCD,1982,-0.00042812600264521003,,0.003346839530880735,10
TGO,1982,-0.0003609225964142011,,0.006720340623100908,10
THA,1982,-0.00011502456827702583,,0.008239511430741694,10
TLS,1982,-0.00042812600264521003,,0.0017074925815628726,10
TTO,1982,-0.00036518363189964696,,0.006993596749507086,10
TUN,1982,-0.00040580912004559914,,0.0074389608665369495,10
TUR,1982,-0.0030041615314797755,,0.011656269361242377,9
TWN,1982,-0.00041663313202330637,,0.001915478436983946,10
TZA,1982,-0.0004136163612699582,,0.007254820687625922,10
UGA,1982,-0.00010694221372848831,,0.00434032147184759,10
URY,1982,-0.00042812600264521003,,0.006993596749507086,10
USA,1982,-0.0002091644850722694,,0.01990559250663095,10
VEN,1982,-0.00042812600264521003,,0.007498692892142155,10
VNM,1982,-0.00043847383464972194,,0.003449277334837304,10
VUT,1982,-0.00042812600264521003,,0.0010101010101010103,10
YEM,1982,-0.00042812600264521003,,0.008150326294955289,10
YMD,1982,-0.00044617199367486676,,0.00902299551482836,10
ZAF,1982,-0.00030602885507589477,,0.00763107172308221,10
ZMB,1982,-0.00042812600264521003,,0.0077024327608716785,10
ZWE,1982,-0.00030332264804043573,,0.0046223464668434895,10
ZZB,1982,-0.0003483280228472302,,0.0010101010101010103,10
AFG,1983,-0.001864273241262799,,0.003506857475230247,10
AGO,1983,-0.001864273241262799,,0.00504384683834376,10
ALB,1983,-0.001864273241262799,,0.0015573109363375029,10
ARE,1983,-0.001864273241262799,,0.007427244324760961,10
ARG,1983,-0.0018430766181171936,,0.007065541048535164,10
AUS,1983,-0.001864273241262799,,0.0033452395303354312,10
AUT,1983,-0.001864273241262799,,0.0030162118568794936,10
BDI,1983,-0.001693130900691102,,0.003641326395142493,10
BEL,1983,-0.0018552950478424963,,0.00897819342030284,10
BEN,1983,-0.001864273241262799,,0.006493368243772573,10
BFA,1983,-0.001864273241262799,,0.006493368243772573,10
BGD,1983,-0.0022471468776736124,,0.002604582560617778,9
BGR,1983,-0.0018539705927161833,,0.01030264854661576,10
BHR,1983,-0.001864273241262799,,0.007427244324760961,10
BOL,1983,-0.0011435880543122123,,0.007065541048535164,10
BRA,1983,-0.0017611674318180784,,0.00793121611113235,10
BRB,1983,-0.001857207700214264,,0.007065541048535164,10
BTN,1983,-0.001864273241262799,,0.002465255744608463,10
BWA,1983,-0.0018159105191600964,,0.0048362722102702664,10
CAF,1983,-0.0021972813333153967,,0.004269334513494842,9
CAN,1983,-0.0018729423555259987,,0.008669114263199548,10
CHE,1983,-0.001864273241262799,,0.009890308710188617,10
CHL,1983,-0.001864273241262799,,0.007065541048535164,10
CHN,1983,-0.001864273241262799,,0.018169378961130193,10
CIV,1983,-0.001864273241262799,,0.006771213109377708,10
CMR,1983,-0.0018296651486768764,,0.004944013226560387,10
COD,1983,-0.0018579035684570173,,0.006369672805781712,10
COG,1983,-0.001864273241262799,,0.004646939461998899,10
COL,1983,-0.001864273241262799,,0.007065541048535164,10
COM,1983,-0.0018865398118314883,,0.001309798268746426,9
CPV,1983,-0.001864273241262799,,0.00610952280669564,10
CRI,1983,-0.0017322437800517188,,0.007334970067282226,10
CUB,1983,-0.001864273241262799,,0.0010101010101010103,10
CYP,1983,-0.001630207156156411,,0.008669114263199548,10
CZE,1983,-0.001864273241262799,,0.011407000652667011,10
DDR,1983,-0.001864273241262799,,0.011094897557138972,10
DEU,1983,-0.001864273241262799,,0.004727221963928545,10
DJI,1983,-0.0018894695144931594,,0.008398757743453451,10
DNK,1983,-0.0018463168544221933,,0.00897819342030284,10
DOM,1983,-0.0016028482224669978,,0.007065541048535164,10
DZA,1983,-0.0017931274963443361,,0.007905082768718116,10
ECU,1983,-0.001864273241262799,,0.007065541048535164,10
EGY,1983,-0.0016606162566248836,,0.007832960947612133,10
ERI,1983,-0.001864273241262799,,0.0020458402578352177,10
ESP,1983,-0.0017273766153932618,,0.009778330419252657,10
ETH,1983,-0.001864273241262799,,0.006128966290397473,10
FIN,1983,-0.0017342365273148056,,0.008669114263199548,10
FJI,1983,-0.0018652833422729,,0.0010101010101010103,10
FRA,1983,-0.0018008043288077055,,0.012693782491018697,10
GAB,1983,-0.001864273241262799,,0.004092975180236648,10
GBR,1983,-0.001864273241262799,,0.010490719939955241,10
GHA,1983,-0.0028833448535885743,,0.007126374911369058,9
GIN,1983,-0.00185714686635143,,0.007126374911369058,10
GMB,1983,-0.0018366877418596968,,0.006896374850775568,10
GNB,1983,-0.001864273241262799,,0.006493368243772573,10
GNQ,1983,-0.0016934147839906988,,0.0024064571446774687,10
GRC,1983,-0.0017337805232022017,,0.009320908432899809,10
GTM,1983,-0.0022458124578836978,,0.007065541048535164,9
GUY,1983,-0.001864273241262799,,0.0018159921089965967,10
HKG,1983,-0.001864273241262799,,0.0010101010101010103,10
HND,1983,-0.0005783447704293993,,0.007065541048535164,10
HTI,1983,-0.001864273241262799,,0.007065541048535164,10
HUN,1983,-0.001864273241262799,,0.01213098165464076,10
IDN,1983,-0.0018711974536156323,,0.00692421235283318,10
IND,1983,-0.001881454206061568,,0.008590482399384522,10
IRL,1983,-0.0018729423555259987,,0.00866911426319955,10
IRN,1983,-0.0019167103015610937,,0.003495804019886311,9
IRQ,1983,-0.001864273241262799,,0.00820147781649075,10
ISL,1983,-0.001864273241262799,,0.00866911426319955,10
ISR,1983,-0.0018557726813089243,,0.004250279976937426,10
ITA,1983,-0.001864273241262799,,0.009342863953541052,10
JAM,1983,-0.001864273241262799,,0.007065541048535164,10
JOR,1983,-0.001864273241262799,,0.007553361863308386,10
JPN,1983,-0.001864273241262799,,0.002662607291718893,10
KEN,1983,-0.001892316051930882,,0.0035053513335103616,10
KHM,1983,-0.0018083530904515028,,0.0034950094257060215,10
KOR,1983,-0.0018442767996531889,,0.001999644160961017,10
KWT,1983,-0.0017426612363369075,,0.007153647348581852,10
LAO,1983,-0.001864273241262799,,0.004597531735033558,10
LBN,1983,-0.001864273241262799,,0.007553361863308386,10
LBR,1983,-0.001864273241262799,,0.007193895813579624,10
LBY,1983,-0.001864273241262799,,0.009334365262377842,10
LKA,1983,-0.001877024516033406,,0.0018216106815152856,10
LSO,1983,-0.001864273241262799,,0.00208727184879098,10
LUX,1983,-0.001864273241262799,,0.00897819342030284,10
MAR,1983,-0.001864273241262799,,0.007425225747426115,10
MDG,1983,-0.0018652833422729,,0.0010101010101010103,10
MDV,1983,-0.001864273241262799,,0.0016537460731941875,10
MEX,1983,-0.0017936178307774474,,0.007065541048535164,10
MLI,1983,-0.0018568347856542876,,0.007438455608511354,10
MLT,1983,-0.002002979069473992,,0.00866911426319955,9
MMR,1983,-0.001858747786815687,,0.005525454447112017,10
MNG,1983,-0.001862273597101838,,0.001999644160961017,10
MOZ,1983,-0.001864273241262799,,0.00790118934514974,10
MRT,1983,-0.001864273241262799,,0.012692420927915997,10
MUS,1983,-0.001854172231161789,,0.0010101010101010103,10
MWI,1983,-0.001864273241262799,,0.003230259556888339,10
MYS,1983,-0.0018686758170460894,,0.004402575783290407,10
NAM,1983,-0.001864273241262799,,0.004535873105447124,10
NER,1983,-0.001864273241262799,,0.008064460606437902,10
NGA,1983,-0.001864273241262799,,0.007180353440620098,10
NIC,1983,-0.001984387439087897,,0.007065541048535164,9
NLD,1983,-0.001864273241262799,,0.00897819342030284,10
NOR,1983,-0.0018729423555259987,,0.00866911426319955,10
NPL,1983,-0.0018544122182843651,,0.002465255744608463,10
NZL,1983,-0.0018620243854415865,,0.0022488558212124515,10
OMN,1983,-0.001864273241262799,,0.0071536473485818534,10
PAK,1983,-0.0018483188246195103,,0.00531813888109622,10
PAN,1983,-0.0018854698644084045,,0.007065541048535164,10
PER,1983,-0.0018925354054569398,,0.007065541048535164,10
PHL,1983,-0.0018447270660402455,,0.006515391740851223,10
PNG,1983,-0.0018591516684222337,,0.005121572840565422,10
POL,1983,-0.0020528153030891587,,0.00897819342030284,9
PRK,1983,-0.001864273241262799,,0.001999644160961017,10
PRT,1983,-0.001864273241262799,,0.00866911426319955,10
PRY,1983,-0.001864273241262799,,0.007065541048535164,10
PSE,1983,-0.001864273241262799,,0.0010101010101010103,10
QAT,1983,-0.001864273241262799,,0.007427244324760961,10
ROU,1983,-0.001864273241262799,,0.009033733045692941,10
RUS,1983,-0.001864273241262799,,0.018718232287853496,10
RWA,1983,-0.0016997348844437817,,0.003917579924262322,10
SAU,1983,-0.001864273241262799,,0.008050385344426095,10
SDN,1983,-0.002099900401024957,,0.01122034094105516,9
SEN,1983,-0.0017554766343538433,,0.006799787931809728,10
SGP,1983,-0.001864273241262799,,0.0037174138582025448,10
SLB,1983,-0.0018306955974601766,,0.002098602737663905,10
SLE,1983,-0.0018512865047752539,,0.006493368243772573,10
SLV,1983,-0.0016805691740008847,,0.007065541048535164,10
SOM,1983,-0.001864273241262799,,0.008112381799546731,10
SRB,1983,-0.001864273241262799,,0.009995336390156564,10
STP,1983,-0.001864273241262799,,0.0010101010101010103,10
SUR,1983,-0.0019097107545285456,,0.007572918877624395,10
SWE,1983,-0.001864273241262799,,0.00866911426319955,10
SWZ,1983,-0.001864273241262799,,0.0027591731900127436,10
SYC,1983,-0.0018632631402526981,,0.0010101010101010103,10
SYR,1983,-0.001864273241262799,,0.008179219166876956,10
TCD,1983,-0.0018978208886311374,,0.0033547647368338336,10
TGO,1983,-0.001864273241262799,,0.006799787931809728,10
THA,1983,-0.0018359503383917294,,0.007080725717767418,10
TLS,1983,-0.001864273241262799,,0.00174595792681566,10
TTO,1983,-0.0018289455360201233,,0.007065541048535164,10
TUN,1983,-0.0018568399311055955,,0.007433310157203594,10
TUR,1983,-0.001864273241262799,,0.011711551767189557,10
TWN,1983,-0.001860384064453772,,0.0019445884045134901,10
TZA,1983,-0.0018364028846301692,,0.006967589158157433,10
UGA,1983,-0.0018684829696483248,,0.004209728385525644,10
URY,1983,-0.0018289455360201233,,0.007065541048535164,10
USA,1983,-0.001843399292285192,,0.02087394897760699,10
VEN,1983,-0.001864273241262799,,0.007572918877624395,10
VNM,1983,-0.0018713217749971184,,0.003524266867159651,10
VUT,1983,-0.001864273241262799,,0.0010101010101010103,10
YEM,1983,-0.0018724314713223743,,0.008158230059575142,10
YMD,1983,-0.001864273241262799,,0.009020000467826816,10
ZAF,1983,-0.001864273241262799,,0.007599556724369776,10
ZMB,1983,-0.001864273241262799,,0.007597510387645286,10
ZWE,1983,-0.0018780585462497635,,0.004595101662321456,10
ZZB,1983,-0.001864273241262799,,0.0010101010101010103,10
AFG,1984,-0.0037334547993905826,,0.00350605215291099,6
AGO,1984,-0.0037334547993905826,,0.005042935074482306,6
ALB,1984,-0.003735011879181725,,0.0015570797911424235,6
ARE,1984,-0.003726041694734396,,0.007413104656186623,6
ARG,1984,-0.0023698903678440186,,0.007065100681588415,6
AUS,1984,-0.0037334547993905826,,0.0033450436789037694,6
AUT,1984,-0.003739485488135583,,0.0030153443725002413,6
BDI,1984,-0.003737095291084265,,0.003640491693682378,6
BEL,1984,-0.0037334547993905826,,0.008974204723604304,6
BEN,1984,-0.0037334547993905826,,0.006490472537588729,6
BFA,1984,-0.003726964326852994,,0.006490472537588729,6
BGD,1984,-0.0038532586310769177,,0.0026044311236159815,5
BGR,1984,-0.0037334547993905826,,0.010294342349191497,6
BHR,1984,-0.0037334547993905826,,0.007413104656186623,6
BOL,1984,-0.002892707818281561,,0.007065100681588415,6
BRA,1984,-0.003590703816052811,,0.007930610185431775,6
BRB,1984,-0.0037334547993905826,,0.007065100681588415,6
BTN,1984,-0.0037334547993905826,,0.0024650732383992117,6
BWA,1984,-0.0037334547993905826,,0.004836008339362309,6
CAF,1984,-0.0037334547993905826,,0.004267127227406117,6
CAN,1984,-0.0037334547993905826,,0.008665239011189367,6
CHE,1984,-0.0037334547993905826,,0.009886133851328558,6
CHL,1984,-0.0037334547993905826,,0.007065100681588415,6
CHN,1984,-0.0037334547993905826,,0.01816640480321366,6
CIV,1984,-0.0037334547993905826,,0.00676828824111146,6
CMR,1984,-0.003693917798299798,,0.004942125136348096,6
COD,1984,-0.003727086897944761,,0.006367901445821269,6
COG,1984,-0.0037334547993905826,,0.00464572163795435,6
COL,1984,-0.0033307440605400427,,0.007065100681588415,6
COM,1984,-0.0037373835620666536,,0.0013095875586902656,6
CPV,1984,-0.0037334547993905826,,0.006106975388452809,6
CRI,1984,-0.003726120390390821,,0.007334408999761273,6
CUB,1984,-0.0037334547993905826,,0.0010101010101010103,6
CYP,1984,-0.0034734976290549022,,0.008665239011189367,6
CZE,1984,-0.0037334547993905826,,0.011398495822235838,6
DDR,1984,-0.0037334547993905826,,0.011089732016236031,6
DEU,1984,-0.003738180295062708,,0.0047254956721253984,6
DJI,1984,-0.0037334547993905826,,0.008383614521927846,6
DNK,1984,-0.0037334547993905826,,0.008974204723604304,6
DOM,1984,-0.0035780225843956375,,0.007065100681588415,6
DZA,1984,-0.003717673703188306,,0.007890548101138223,6
ECU,1984,-0.0037617152021169353,,0.007065100681588415,6
EGY,1984,-0.0037334547993905826,,0.007818480705262892,6
ERI,1984,-0.0037334547993905826,,0.0020442647559694065,6
ESP,1984,-0.0036552644641780103,,0.009773791901571502,6
ETH,1984,-0.0037334547993905826,,0.006120997214381117,6
FIN,1984,-0.0036901286043346357,,0.008665239011189367,6
FJI,1984,-0.0037354750014107845,,0.0010101010101010103,6
FRA,1984,-0.0037334547993905826,,0.01268485391725454,6
GAB,1984,-0.0037334547993905826,,0.004091801562694277,6
GBR,1984,-0.003754424522317869,,0.010484861463643266,6
GHA,1984,-0.0037975651256735876,,0.007123369587000541,6
GIN,1984,-0.0037334547993905826,,0.007123369587000541,6
GMB,1984,-0.003719668476611621,,0.00689316138948067,6
GNB,1984,-0.0037334547993905826,,0.006490472537588729,6
GNQ,1984,-0.003654057125800594,,0.002405990108787533,6
GRC,1984,-0.0037334547993905826,,0.009316933974181301,6
GTM,1984,-0.0038323662089328205,,0.007065100681588415,5
GUY,1984,-0.0037334547993905826,,0.0018159396737712978,6
HKG,1984,-0.0037344649004006835,,0.0010101010101010103,6
HND,1984,-0.0035638923830324603,,0.007065100681588415,6
HTI,1984,-0.003980733323246177,,0.007065100681588415,5
HUN,1984,-0.0037334547993905826,,0.012125621646564805,6
IDN,1984,-0.0037334547993905826,,0.006923468303787759,6
IND,1984,-0.0037334547993905826,,0.008589661954548211,6
IRL,1984,-0.003742120038401772,,0.008665239011189369,6
IRN,1984,-0.0037404437869550545,,0.0034944937822360615,6
IRQ,1984,-0.0037334547993905826,,0.008186999306107204,6
ISL,1984,-0.00376811575543534,,0.008665239011189369,6
ISR,1984,-0.0037334547993905826,,0.004246847508310382,6
ITA,1984,-0.0036960997226524466,,0.009338769184534019,6
JAM,1984,-0.003719324598027406,,0.007065100681588415,6
JOR,1984,-0.0037334547993905826,,0.007539055357369857,6
JPN,1984,-0.003730792998275804,,0.002661801114778189,6
KEN,1984,-0.0037474684048237686,,0.003503401358296508,6
KHM,1984,-0.0037334547993905826,,0.003494571262576608,6
KOR,1984,-0.003717459600991354,,0.0019993997999035755,6
KWT,1984,-0.0037334547993905826,,0.007139679811770973,6
LAO,1984,-0.0037334547993905826,,0.004597106031303182,6
LBN,1984,-0.0037334547993905826,,0.007539055357369857,6
LBR,1984,-0.0037334547993905826,,0.007190598791886094,6
LBY,1984,-0.0037334547993905826,,0.009583737733354225,6
LKA,1984,-0.003791743867067646,,0.0018215333649082336,5
LSO,1984,-0.0037355420172405208,,0.0020872178499380207,6
LUX,1984,-0.0037334547993905826,,0.008974204723604304,6
MAR,1984,-0.0037334547993905826,,0.007411111550453341,6
MDG,1984,-0.0037354750014107845,,0.0010101010101010103,6
MDV,1984,-0.0037334547993905826,,0.0016536408835919887,6
MEX,1984,-0.0036839990946194636,,0.007065100681588415,6
MLI,1984,-0.0037483246115571334,,0.007434906083275518,6
MLT,1984,-0.0037334547993905826,,0.008967156885273437,6
MMR,1984,-0.0037334547993905826,,0.005524930037066949,6
MNG,1984,-0.0037334547993905826,,0.0019993997999035755,6
MOZ,1984,-0.0037334547993905826,,0.007900082220797706,6
MRT,1984,-0.0037334547993905826,,0.0126756163044587,6
MUS,1984,-0.0037334547993905826,,0.0010101010101010103,6
MWI,1984,-0.0037334547993905826,,0.0032299470651658917,6
MYS,1984,-0.0037378569844820427,,0.004402185091460202,6
NAM,1984,-0.00381963059763836,,0.00453556832883039,5
NER,1984,-0.0037334547993905826,,0.008056883873411472,6
NGA,1984,-0.004199972409157643,,0.007177193996416319,5
NIC,1984,-0.0036839990946194636,,0.007065100681588415,6
NLD,1984,-0.003742429004114187,,0.008974204723604304,6
NOR,1984,-0.0037334547993905826,,0.008665239011189369,6
NPL,1984,-0.0037334547993905826,,0.0024650732383992117,6
NZL,1984,-0.0037267086309588416,,0.002248722810580278,6
OMN,1984,-0.0037334547993905826,,0.007139679811770973,6
PAK,1984,-0.0037334547993905826,,0.005316667185467375,6
PAN,1984,-0.0037334547993905826,,0.007065100681588415,6
PER,1984,-0.0037334547993905826,,0.007065100681588415,6
PHL,1984,-0.0037139114024339333,,0.006514465652216462,6
PNG,1984,-0.0037334547993905826,,0.005121281150915209,6
POL,1984,-0.0037334547993905826,,0.008974204723604304,6
PRK,1984,-0.003731455399590679,,0.0019993997999035755,6
PRT,1984,-0.003603476214222742,,0.008665239011189369,6
PRY,1984,-0.003726389698708994,,0.007065100681588415,6
PSE,1984,-0.0037334547993905826,,0.0010101010101010103,6
QAT,1984,-0.0037334547993905826,,0.007413104656186623,6
ROU,1984,-0.0037334547993905826,,0.009029751667004532,6
RUS,1984,-0.0037334547993905826,,0.018710694757517254,6
RWA,1984,-0.0037334547993905826,,0.003916852312075423,6
SAU,1984,-0.0037334547993905826,,0.008035919701490112,6
SDN,1984,-0.003509385166125932,,0.011203481663232538,6
SEN,1984,-0.0035839277863052047,,0.006796682412971728,6
SGP,1984,-0.0037334547993905826,,0.0037171236103241564,6
SLB,1984,-0.0037334547993905826,,0.0020985409447053112,6
SLE,1984,-0.0037334547993905826,,0.006490472537588729,6
SLV,1984,-0.003669868893256287,,0.007065100681588415,6
SOM,1984,-0.0037334547993905826,,0.008097576749023007,6
SRB,1984,-0.0037334547993905826,,0.009991142537575092,6
STP,1984,-0.0037334547993905826,,0.0010101010101010103,6
SUR,1984,-0.0037788895812281534,,0.007572463639595101,6
SWE,1984,-0.0037334547993905826,,0.008665239011189367,6
SWZ,1984,-0.0037334547993905826,,0.002759025285582739,6
SYC,1984,-0.0037334547993905826,,0.0010101010101010103,6
SYR,1984,-0.0037334547993905826,,0.00816458123015327,6
TCD,1984,-0.0037334547993905826,,0.003349842626875498,6
TGO,1984,-0.0037334547993905826,,0.006796682412971728,6
THA,1984,-0.003563534356197439,,0.007080018466380983,6
TLS,1984,-0.0037334547993905826,,0.001745879055477713,6
TTO,1984,-0.0037334547993905826,,0.007065100681588415,6
TUN,1984,-0.0037186164647527646,,0.007419167318908983,6
TUR,1984,-0.0033471890917135226,,0.011705021444759399,6
TWN,1984,-0.003731510393874558,,0.0019444055160248454,6
TZA,1984,-0.0037334547993905826,,0.006966325706072909,6
UGA,1984,-0.0037334547993905826,,0.004208388408991416,6
URY,1984,-0.0037334547993905826,,0.007065100681588415,6
USA,1984,-0.0036291129873818103,,0.02086836240175447,6
VEN,1984,-0.0037258823357509876,,0.007572463639595101,6
VNM,1984,-0.0037334547993905826,,0.003523857383482912,6
VUT,1984,-0.0037334547993905826,,0.0010101010101010103,6
YEM,1984,-0.0037334547993905826,,0.008143643138925863,6
YMD,1984,-0.0037334547993905826,,0.009004622618947801,6
ZAF,1984,-0.0037334547993905826,,0.007599173432734857,6
ZMB,1984,-0.0037334547993905826,,0.007596713931861766,6
ZWE,1984,-0.0037334547993905826,,0.004594813554067193,6
ZZB,1984,-0.0037334547993905826,,0.0010101010101010103,6
AFG,1985,-0.007783253671439382,,0.00372749479187217,4
AGO,1985,-0.007783253671439382,,0.005060398340042344,4
ALB,1985,-0.007783253671439382,,0.0015582070325958508,4
ARE,1985,-0.007775933682964405,,0.007319988474976861,4
ARG,1985,-0.0038019387772968176,,0.00707160727201166,4
AUS,1985,-0.007759792357725413,,0.0033516162448526303,4
AUT,1985,-0.007786278555465415,,0.003024884026032689,4
BDI,1985,-0.007783253671439382,,0.003654108385245136,4
BEL,1985,-0.007783253671439382,,0.008993727213581213,4
BEN,1985,-0.007796339470062996,,0.006542899311807061,4
BFA,1985,-0.007796339470062996,,0.006542899311807061,4
BGD,1985,-0.007770016978624655,,0.002647338562945452,4
BGR,1985,-0.007761960855894695,,0.010646407772343484,4
BHR,1985,-0.007775933682964405,,0.007319988474976861,4
BOL,1985,-0.007747895635079324,,0.00707160727201166,4
BRA,1985,-0.007719733134283475,,0.007940067144488309,4
BRB,1985,-0.007783253671439382,,0.00707160727201166,4
BTN,1985,-0.007783253671439382,,0.0024953872852133178,4
BWA,1985,-0.00773484271763034,,0.00484109538090418,4
CAF,1985,-0.007783253671439382,,0.004294021872903666,4
CAN,1985,-0.007731150546383846,,0.008683854175922621,4
CHE,1985,-0.007783253671439382,,0.009911176870338627,4
CHL,1985,-0.007783253671439382,,0.00707160727201166,4
CHN,1985,-0.007783253671439382,,0.01847225179339174,4
CIV,1985,-0.007783253671439382,,0.006821194027300534,4
CMR,1985,-0.007783253671439382,,0.004964491194217654,4
COD,1985,-0.007789653391871756,,0.006399720432374493,4
COG,1985,-0.007783253671439382,,0.004666980961344539,4
COL,1985,-0.00786104135143151,,0.00707160727201166,3
COM,1985,-0.00778587543323217,,0.0013108808963939811,4
CPV,1985,-0.007783253671439382,,0.006155710037716146,4
CRI,1985,-0.007783253671439382,,0.007341829611331193,4
CUB,1985,-0.007783253671439382,,0.0010101010101010103,4
CYP,1985,-0.007748518254735691,,0.008683854175922623,4
CZE,1985,-0.007783253671439382,,0.011757663366880982,4
DDR,1985,-0.007783253671439382,,0.01115740541592498,4
DEU,1985,-0.007787993238465378,,0.0047395670259960014,4
DJI,1985,-0.007783253671439382,,0.008311465184637823,4
DNK,1985,-0.007810234853080126,,0.008993727213581213,4
DOM,1985,-0.007790325278711393,,0.00707160727201166,4
DZA,1985,-0.007791064631277535,,0.007810959838152658,4
ECU,1985,-0.007740824027807312,,0.00707160727201166,4
EGY,1985,-0.007790569021073334,,0.0036576748169758035,4
ERI,1985,-0.007783253671439382,,0.0020719451837241574,4
ESP,1985,-0.007783253671439382,,0.00980812060307535,4
ETH,1985,-0.007783253671439382,,0.006214711297001971,4
FIN,1985,-0.0077745698172634594,,0.008683854175922623,4
FJI,1985,-0.007783253671439382,,0.0010101010101010103,4
FRA,1985,-0.007783253671439382,,0.012739823534177727,4
GAB,1985,-0.007783253671439382,,0.0041160964524132,4
GBR,1985,-0.00779287071486306,,0.009617043423678136,4
GHA,1985,-0.007797626212191946,,0.007186270376282054,4
GIN,1985,-0.008149753460629766,,0.007186270376282054,3
GMB,1985,-0.007783253671439382,,0.006958790697092137,4
GNB,1985,-0.007783253671439382,,0.006542899311807062,4
GNQ,1985,-0.007756707487752329,,0.00241328942609576,4
GRC,1985,-0.0076992294274742966,,0.009336027107231679,4
GTM,1985,-0.007571105453279032,,0.00707160727201166,4
GUY,1985,-0.007781436942704853,,0.0018167287345290891,4
HKG,1985,-0.007783253671439382,,0.0010101010101010103,4
HND,1985,-0.007783253671439382,,0.00707160727201166,4
HTI,1985,-0.007564033846007021,,0.00707160727201166,4
HUN,1985,-0.007783253671439382,,0.012197238349797824,4
IDN,1985,-0.007783253671439382,,0.006951883170364442,4
IND,1985,-0.007774458138083338,,0.008795533356044456,4
IRL,1985,-0.007783253671439382,,0.008683854175922623,4
IRN,1985,-0.007770901396511425,,0.0030880687319893075,4
IRQ,1985,-0.007783253671439382,,0.008591853722473404,4
ISL,1985,-0.007800621379791227,,0.008683854175922623,4
ISR,1985,-0.007805213898124587,,0.0043920453370409375,4
ITA,1985,-0.0076615810644845486,,0.009359431304218,4
JAM,1985,-0.00735188562784667,,0.00707160727201166,4
JOR,1985,-0.007783253671439382,,0.007852995911163124,4
JPN,1985,-0.007777885324989097,,0.0026841732251424136,4
KEN,1985,-0.007825729619234134,,0.0035396623162293477,3
KHM,1985,-0.007783253671439382,,0.003516154213793874,4
KOR,1985,-0.007749000485143809,,0.0020148933115043356,4
KWT,1985,-0.007783253671439382,,0.007051942880179695,4
LAO,1985,-0.007783253671439382,,0.004648277459954697,4
LBN,1985,-0.007783253671439382,,0.007852995911163124,4
LBR,1985,-0.007739708357823019,,0.007257552269393798,4
LBY,1985,-0.007783253671439382,,0.009904791741378503,4
LKA,1985,-0.007783253671439382,,0.0018410018201872394,4
LSO,1985,-0.007783253671439382,,0.002088212700719734,4
LUX,1985,-0.007783253671439382,,0.008993727213581215,4
MAR,1985,-0.007775928654214264,,0.007325017225117643,4
MDG,1985,-0.0077822435704292805,,0.0010101010101010103,4
MDV,1985,-0.007784918157914509,,0.0016644864751270889,4
MEX,1985,-0.007783253671439382,,0.00707160727201166,4
MLI,1985,-0.007783253671439382,,0.0075087602112772454,4
MLT,1985,-0.007783253671439382,,0.008995616473145616,4
MMR,1985,-0.007783253671439382,,0.005690189117070475,4
MNG,1985,-0.007783253671439382,,0.0020148933115043356,4
MOZ,1985,-0.007783253671439382,,0.007919350165962326,4
MRT,1985,-0.00770741942767255,,0.012639040627805314,4
MUS,1985,-0.0077822435704292805,,0.0010101010101010103,4
MWI,1985,-0.0077864904382802065,,0.003236766840824358,4
MYS,1985,-0.007783253671439382,,0.004430640768987105,4
NAM,1985,-0.007787795129485876,,0.004541458046494048,4
NER,1985,-0.007783253671439382,,0.008135288332427255,4
NGA,1985,-0.008680121663351957,,0.0072328063863917325,3
NIC,1985,-0.007634749918727137,,0.00707160727201166,4
NLD,1985,-0.007783253671439382,,0.008993727213581215,4
NOR,1985,-0.007783253671439382,,0.008683854175922623,4
NPL,1985,-0.007783253671439382,,0.0024953872852133178,4
NZL,1985,-0.007762987723440733,,0.0022517719998498475,4
OMN,1985,-0.007783253671439382,,0.007051942880179693,4
PAK,1985,-0.007783253671439382,,0.004973217451885481,4
PAN,1985,-0.007712537598719265,,0.00707160727201166,4
PER,1985,-0.007783253671439382,,0.00707160727201166,4
PHL,1985,-0.0077701194161909235,,0.00656712762422897,4
PNG,1985,-0.007783253671439382,,0.005140504185097315,4
POL,1985,-0.007738285035371476,,0.008993727213581215,4
PRK,1985,-0.007783253671439382,,0.0020148933115043356,4
PRT,1985,-0.007722466692207924,,0.008683854175922623,4
PRY,1985,-0.007783253671439382,,0.00707160727201166,4
PSE,1985,-0.007784263772449483,,0.0010101010101010103,4
QAT,1985,-0.007783253671439382,,0.007319988474976861,4
ROU,1985,-0.007783253671439382,,0.009049505780972033,4
RUS,1985,-0.007802215933297881,,0.018962261858499616,4
RWA,1985,-0.007795047180897271,,0.003931169819296558,4
SAU,1985,-0.007783253671439382,,0.008448433419426273,4
SDN,1985,-0.007621657897675088,,0.01154255526887813,4
SEN,1985,-0.00776270212969677,,0.006850513914204041,4
SGP,1985,-0.007783253671439382,,0.0037356377263264096,4
SLB,1985,-0.007781151037932101,,0.0021026335072809174,4
SLE,1985,-0.007783253671439382,,0.006542899311807061,4
SLV,1985,-0.007663036347815184,,0.00707160727201166,4
SOM,1985,-0.007783253671439382,,0.008021913496426674,4
SRB,1985,-0.007783253671439382,,0.01001228291680162,4
STP,1985,-0.007783253671439382,,0.0010101010101010103,4
SUR,1985,-0.007783253671439382,,0.00757919288277489,4
SWE,1985,-0.007783253671439382,,0.008683854175922623,4
SWZ,1985,-0.007797061945127901,,0.0027616547377038864,4
SYC,1985,-0.007783253671439382,,0.0010101010101010103,4
SYR,1985,-0.007783253671439382,,0.008663464137662578,4
TCD,1985,-0.007783253671439382,,0.0033813239655060773,4
TGO,1985,-0.007783253671439382,,0.006850513914204041,4
THA,1985,-0.007711802676563508,,0.007145099487587408,4
TLS,1985,-0.007783253671439382,,0.0017489043390598086,4
TTO,1985,-0.007776182064167371,,0.00707160727201166,4
TUN,1985,-0.007783253671439382,,0.0073336653797461526,4
TUR,1985,-0.004876284308492695,,0.011444761271443652,4
TWN,1985,-0.0077754279267871216,,0.0019564361630651297,4
TZA,1985,-0.007783253671439382,,0.006999102322650476,4
UGA,1985,-0.007783253671439382,,0.0042351540119424025,4
URY,1985,-0.007641821525999149,,0.00707160727201166,4
USA,1985,-0.007803863792543413,,0.020610121104031154,4
VEN,1985,-0.0077908328643221565,,0.00757919288277489,4
VNM,1985,-0.007783253671439382,,0.003552662802382868,4
VUT,1985,-0.007783253671439382,,0.0010101010101010103,4
YEM,1985,-0.007783253671439382,,0.00807239133475476,4
YMD,1985,-0.007783253671439382,,0.008934705159582685,4
ZAF,1985,-0.0077756474414066535,,0.007606230032728357,4
ZMB,1985,-0.007783253671439382,,0.007612734349478888,4
ZWE,1985,-0.007815455208774472,,0.004600219619298613,4
ZZB,1985,-0.007776182964368675,,0.0010101010101010103,4
AFG,1986,-0.008259243166323815,,0.003768051852648708,2
AGO,1986,-0.008259243166323815,,0.005046760356751032,2
ALB,1986,-0.008259243166323815,,0.0015501166479469659,2
ARE,1986,-0.008251945782978738,,0.007297383345077469,2
ARG,1986,-0.00826623966140014,,0.006996495076323533,2
AUS,1986,-0.008252572338868497,,0.0033354137276589077,2
AUT,1986,-0.008259243166323815,,0.0030180993555928444,2
BDI,1986,-0.008051489199502843,,0.003644806435455642,2
BEL,1986,-0.008259243166323815,,0.008955807909241609,2
BEN,1986,-0.008278843362383135,,0.006533398686439948,2
BFA,1986,-0.008278843362383135,,0.006533398686439948,2
BGD,1986,-0.008256583100831303,,0.0026600654925121618,2
BGR,1986,-0.008259243166323815,,0.010604608938313278,2
BHR,1986,-0.008259243166323815,,0.007297383345077469,2
BOL,1986,-0.007300723340867491,,0.006996495076323533,2
BRA,1986,-0.0074574968417497715,,0.007860258084059248,2
BRB,1986,-0.008259243166323815,,0.006996495076323533,2
BTN,1986,-0.008259243166323815,,0.002534486602676028,2
BWA,1986,-0.00824960471663064,,0.00481922484658809,2
CAF,1986,-0.008259243166323815,,0.004276147775180376,2
CAN,1986,-0.008250596350953049,,0.008646815370766964,2
CHE,1986,-0.008259243166323815,,0.009876177182860015,2
CHL,1986,-0.008238253681094845,,0.006996495076323533,2
CHN,1986,-0.008259243166323815,,0.019482063762493354,2
CIV,1986,-0.008245625002561737,,0.006809081881039531,2
CMR,1986,-0.008249357689469406,,0.00494273842720438,2
COD,1986,-0.008265621113533003,,0.006377947209187326,2
COG,1986,-0.008263896549569754,,0.004653383245939481,2
COL,1986,-0.00826623966140014,,0.006996495076323533,2
COM,1986,-0.008260547053957259,,0.001303887633443949,2
CPV,1986,-0.008259243166323815,,0.006146914066930104,2
CRI,1986,-0.008259243166323815,,0.007265627645166252,2
CUB,1986,-0.008259243166323815,,0.0020883036196647623,2
CYP,1986,-0.008259243166323815,,0.008646815370766964,2
CZE,1986,-0.008259243166323815,,0.011722481123417214,2
DDR,1986,-0.008259243166323815,,0.011121301709269968,2
DEU,1986,-0.008259243166323815,,0.004726304465356296,2
DJI,1986,-0.008259243166323815,,0.008285967269958375,2
DNK,1986,-0.008259243166323815,,0.008955807909241609,2
DOM,1986,-0.008259243166323815,,0.006996495076323533,2
DZA,1986,-0.008259243166323815,,0.007789823635910437,2
ECU,1986,-0.008385180077697639,,0.006996495076323533,1
EGY,1986,-0.008262886342546693,,0.003643176222877015,2
ERI,1986,-0.008259243166323815,,0.002063649649701722,2
ESP,1986,-0.008259243166323815,,0.009771204026455371,2
ETH,1986,-0.008259243166323815,,0.006207836333310525,2
FIN,1986,-0.008259243166323815,,0.008646815370766964,2
FJI,1986,-0.008259243166323815,,0.0010043521928356212,2
FRA,1986,-0.008259243166323815,,0.012687153053253452,2
GAB,1986,-0.008259243166323815,,0.004096654669907854,2
GBR,1986,-0.008259243166323815,,0.009577088775371804,2
GHA,1986,-0.00825203244554425,,0.007210720779565775,2
GIN,1986,-0.008230400283205552,,0.007210720779565775,2
GMB,1986,-0.008245348974652426,,0.006947095835694797,2
GNB,1986,-0.008259243166323815,,0.006533398686439948,2
GNQ,1986,-0.008259243166323815,,0.0024011507042898377,2
GRC,1986,-0.00824994755711649,,0.009295609207324992,2
GTM,1986,-0.00809132728449205,,0.006996495076323533,2
GUY,1986,-0.00826645378546955,,0.0018026547864338294,2
HKG,1986,-0.008254221405359637,,0.0010043521928356212,2
HND,1986,-0.008259243166323815,,0.006996495076323533,2
HTI,1986,-0.008224260690942198,,0.006996495076323533,2
HUN,1986,-0.008198434212066258,,0.012161790851511391,2
IDN,1986,-0.008259243166323815,,0.006966728532000227,2
IND,1986,-0.00811698415647018,,0.008891188115852275,2
IRL,1986,-0.008224655904840747,,0.008646815370766964,2
IRN,1986,-0.008256145895824732,,0.003097270499082906,2
IRQ,1986,-0.008259243166323815,,0.008574220723005337,2
ISL,1986,-0.008259243166323815,,0.008646815370766964,2
ISR,1986,-0.00827671496310902,,0.004367949196301169,2
ITA,1986,-0.008259243166323815,,0.009320674696758782,2
JAM,1986,-0.008252246671247491,,0.006996495076323533,2
JOR,1986,-0.008259243166323815,,0.007827729862138632,2
JPN,1986,-0.008259243166323815,,0.002710534139243623,2
KEN,1986,-0.008259243166323815,,0.0035311595186105996,2
KHM,1986,-0.008259243166323815,,0.0035361821007992614,2
KOR,1986,-0.008140344349956523,,0.0020499795925395374,2
KWT,1986,-0.008273304037558219,,0.007030435617202235,2
LAO,1986,-0.008259243166323815,,0.004708396817265431,2
LBN,1986,-0.008259243166323815,,0.007827729862138632,2
LBR,1986,-0.008100009137406305,,0.0072379104053413475,2
LBY,1986,-0.008259243166323815,,0.009873920325185939,2
LKA,1986,-0.008259243166323815,,0.0018443113966905688,2
LSO,1986,-0.008250933240717347,,0.0020774814016169415,2
LUX,1986,-0.008250287358414574,,0.008955807909241607,2
MAR,1986,-0.008259243166323815,,0.007302492456280146,2
MDG,1986,-0.008256230109745308,,0.0010043521928356212,2
MDV,1986,-0.008254159584127353,,0.0016945273988210803,2
MEX,1986,-0.008252246671247491,,0.006996495076323533,2
MLI,1986,-0.008251710698898478,,0.007532467425336836,2
MLT,1986,-0.008259243166323815,,0.008957594426219694,2
MMR,1986,-0.008259243166323815,,0.005756488232997809,2
MNG,1986,-0.008259243166323815,,0.0020499795925395374,2
MOZ,1986,-0.008259243166323815,,0.007897716558807595,2
MRT,1986,-0.008259243166323815,,0.012613555505914595,2
MUS,1986,-0.008259243166323815,,0.0010043521928356212,2
MWI,1986,-0.008259243166323815,,0.003228128887579428,2
MYS,1986,-0.008259243166323815,,0.004474799142649014,2
NAM,1986,-0.008214026013813222,,0.004521715251059327,2
NER,1986,-0.008259243166323815,,0.008120272489077334,2
NGA,1986,-0.008244802473708198,,0.007220346307808129,2
NIC,1986,-0.007111817973806756,,0.006996495076323533,2
NLD,1986,-0.008259243166323815,,0.008955807909241607,2
NOR,1986,-0.008259243166323815,,0.008646815370766964,2
NPL,1986,-0.008259243166323815,,0.002534486602676028,2
NZL,1986,-0.008257010033387899,,0.002233132935916093,2
OMN,1986,-0.008259243166323815,,0.007030435617202235,2
PAK,1986,-0.008023303972829066,,0.005019982840313799,2
PAN,1986,-0.00826623966140014,,0.006996495076323533,2
PER,1986,-0.008322211622010727,,0.006996495076323533,2
PHL,1986,-0.008239404745131584,,0.006612807064077245,2
PNG,1986,-0.008259243166323815,,0.0051676025006716555,2
POL,1986,-0.008268198974233056,,0.008955807909241607,2
PRK,1986,-0.008259243166323815,,0.0038252264226912172,2
PRT,1986,-0.008259243166323815,,0.008646815370766964,2
PRY,1986,-0.008252246671247491,,0.006996495076323533,2
PSE,1986,-0.008259243166323815,,0.0010043521928356212,2
QAT,1986,-0.008259243166323815,,0.007297383345077471,2
ROU,1986,-0.008259243166323815,,0.009011628791005597,2
RUS,1986,-0.00820153786769743,,0.01923509954212859,2
RWA,1986,-0.008259243166323815,,0.0039208853019817875,2
SAU,1986,-0.008259243166323815,,0.008428602180975015,2
SDN,1986,-0.008121167466306346,,0.011506308334789156,2
SEN,1986,-0.008259243166323815,,0.006839799749807866,2
SGP,1986,-0.008259243166323815,,0.00374873147648511,2
SLB,1986,-0.008252935188341193,,0.0021026593275408644,2
SLE,1986,-0.008246176368950935,,0.006533398686439948,2
SLV,1986,-0.008014365838652492,,0.006996495076323533,2
SOM,1986,-0.008275240221774989,,0.007998527725587005,2
SRB,1986,-0.008259243166323815,,0.009970144255231763,2
STP,1986,-0.008259243166323815,,0.0010043521928356212,2
SUR,1986,-0.00818424202202434,,0.007500114429947474,2
SWE,1986,-0.008250596350953049,,0.008646815370766963,2
SWZ,1986,-0.008259243166323815,,0.002749083809432248,2
SYC,1986,-0.008254221405359637,,0.0010043521928356212,2
SYR,1986,-0.008259243166323815,,0.008641713190254927,2
TCD,1986,-0.008259243166323815,,0.003367133480911547,2
TGO,1986,-0.008252403366574007,,0.006839799749807866,2
THA,1986,-0.008252036579932091,,0.007206586391723819,2
TLS,1986,-0.008259243166323815,,0.0017447487752737395,2
TTO,1986,-0.008259243166323815,,0.006996495076323533,2
TUN,1986,-0.008273865686665093,,0.007311260170638465,2
TUR,1986,-0.008236426752651264,,0.011408206836275789,2
TWN,1986,-0.008257548638924994,,0.0016945273988210803,2
TZA,1986,-0.008203125992646033,,0.007014646709722785,2
UGA,1986,-0.008419754143749559,,0.004223973090151168,1
URY,1986,-0.004383184894040578,,0.006996495076323533,2
USA,1986,-0.008338003683959955,,0.019690129409034925,2
VEN,1986,-0.008266743280753762,,0.007500114429947474,2
VNM,1986,-0.008259243166323815,,0.003602267868495057,2
VUT,1986,-0.008259243166323815,,0.0010043521928356212,2
YEM,1986,-0.008259243166323815,,0.008084791100553232,2
YMD,1986,-0.008259243166323815,,0.008913849484927846,2
ZAF,1986,-0.008251672082322073,,0.007571084001742067,2
ZMB,1986,-0.008259243166323815,,0.007587296513041764,2
ZWE,1986,-0.008291305223384827,,0.004580293865858882,2
ZZB,1986,-0.008257234461938144,,0.0010043521928356212,2
AFG,1987,-0.006191035318657898,,0.00376736832323237,3
AGO,1987,-0.006191035318657898,,0.005045781252350492,3
ALB,1987,-0.006191035318657898,,0.0015500237025505776,3
ARE,1987,-0.006191035318657898,,0.007291739059267466,3
ARG,1987,-0.006219018853270684,,0.006995883653196575,3
AUS,1987,-0.006191035318657898,,0.0033351886005093126,3
AUT,1987,-0.006188017597015255,,0.0030177216426434833,3
BDI,1987,-0.006191035318657898,,0.003638909523563872,3
BEL,1987,-0.006199989512575518,,0.008954193917620356,3
BEN,1987,-0.006191035318657898,,0.00650386626186595,3
BFA,1987,-0.006191035318657898,,0.00650386626186595,3
BGD,1987,-0.006060703202410939,,0.002659839107080786,3
BGR,1987,-0.006180433297169928,,0.010602021487969716,3
BHR,1987,-0.006191035318657898,,0.007291739059267466,3
BOL,1987,-0.005071693934146446,,0.006995883653196575,3
BRA,1987,-0.005570246597255572,,0.007858085081042097,3
BRB,1987,-0.006198031202311095,,0.006995883653196575,3
BTN,1987,-0.0061808989119982016,,0.002534101664924124,3
BWA,1987,-0.006191035318657898,,0.004818882309752932,3
CAF,1987,-0.0061397532529226155,,0.00427350547794021,3
CAN,1987,-0.006191035318657898,,0.008645251059480398,3
CHE,1987,-0.006191035318657898,,0.00987443817272078,3
CHL,1987,-0.006191035318657898,,0.006995883653196575,3
CHN,1987,-0.006113137898055906,,0.019474355150498123,3
CIV,1987,-0.006184255938645992,,0.006779380011905813,3
CMR,1987,-0.006191035318657898,,0.004938750810799917,3
COD,1987,-0.006191035318657898,,0.006374835176435443,3
COG,1987,-0.006191035318657898,,0.004651615766959047,3
COL,1987,-0.006233010620577077,,0.006995883653196575,3
COM,1987,-0.006191035318657898,,0.0013037438801065371,3
CPV,1987,-0.006125996656039238,,0.00650386626186595,3
CRI,1987,-0.006198300283882725,,0.007264965224827013,3
CUB,1987,-0.006191035318657898,,0.002088173389924102,3
CYP,1987,-0.006173744816538937,,0.008645251059480398,3
CZE,1987,-0.006167595754839238,,0.011719781909330314,3
DDR,1987,-0.006146558949904452,,0.011119092188361622,3
DEU,1987,-0.006191035318657898,,0.00472554243999316,3
DJI,1987,-0.006191035318657898,,0.008279907451443597,3
DNK,1987,-0.006191035318657898,,0.008954193917620356,3
DOM,1987,-0.006212022969617488,,0.006995883653196575,3
DZA,1987,-0.006191035318657898,,0.00777814178317654,3
ECU,1987,-0.006198031202311095,,0.006995883653196575,3
EGY,1987,-0.006172830070396809,,0.003641049652217884,3
ERI,1987,-0.006191035318657898,,0.0020630059120353966,3
ESP,1987,-0.006181266017029351,,0.009769301628546204,3
ETH,1987,-0.006191035318657898,,0.0062054398163125975,3
FIN,1987,-0.006191035318657898,,0.008645251059480398,3
FJI,1987,-0.006191035318657898,,0.0010043521928356212,3
FRA,1987,-0.006229078493057607,,0.01268105813323631,3
GAB,1987,-0.006191035318657898,,0.004094883299890198,3
GBR,1987,-0.006191035318657898,,0.009574819024421411,3
GHA,1987,-0.006191035318657898,,0.007180829574430295,3
GIN,1987,-0.006191035318657898,,0.007180829574430295,3
GMB,1987,-0.006191035318657898,,0.006917043992460884,3
GNB,1987,-0.006191035318657898,,0.00650386626186595,3
GNQ,1987,-0.006191035318657898,,0.002400283616785721,3
GRC,1987,-0.006191035318657898,,0.009294005273124926,3
GTM,1987,-0.00481984212263137,,0.006995883653196575,3
GUY,1987,-0.006120736423855059,,0.0018025357641753687,3
HKG,1987,-0.006183000501115213,,0.0010043521928356212,3
HND,1987,-0.006184039435004701,,0.006995883653196575,3
HTI,1987,-0.006400911828253795,,0.006995883653196575,2
HUN,1987,-0.006142397456604691,,0.012159465513301913,3
IDN,1987,-0.006191035318657898,,0.0069661063520023644,3
IND,1987,-0.006102135280548553,,0.008890003810934452,3
IRL,1987,-0.006191035318657898,,0.008645251059480398,3
IRN,1987,-0.006191035318657898,,0.003096686216313315,3
IRQ,1987,-0.006191035318657898,,0.008568156251038204,3
ISL,1987,-0.006113228059122574,,0.008645251059480398,3
ISR,1987,-0.006156129154912639,,0.004363270468157368,3
ITA,1987,-0.006191035318657898,,0.009319014891977019,3
JAM,1987,-0.006191035318657898,,0.006995883653196575,3
JOR,1987,-0.006191035318657898,,0.00782149170486444,3
JPN,1987,-0.0061964552654448874,,0.0027099733934949684,3
KEN,1987,-0.006183975428041111,,0.0035299453083934705,3
KHM,1987,-0.006191035318657898,,0.003535794659548092,3
KOR,1987,-0.006172588645551791,,0.0020496303451229426,3
KWT,1987,-0.007483610062956083,,0.007024862740751002,2
LAO,1987,-0.006191035318657898,,0.004707719738098384,3
LBN,1987,-0.006191035318657898,,0.00782149170486444,3
LBR,1987,-0.005362149111416178,,0.007207706149928002,3
LBY,1987,-0.006191035318657898,,0.009861876715271847,3
LKA,1987,-0.006194723717902954,,0.0018441996225280518,3
LSO,1987,-0.00620557726752062,,0.0020774212661030453,3
LUX,1987,-0.006191035318657898,,0.008954193917620356,3
MAR,1987,-0.006191035318657898,,0.007296857854558483,3
MDG,1987,-0.006191035318657898,,0.0010043521928356212,3
MDV,1987,-0.006191035318657898,,0.0016942542352316931,3
MEX,1987,-0.0061770435513515045,,0.006995883653196575,3
MLI,1987,-0.006198537355193881,,0.007502036535982713,3
MLT,1987,-0.006191035318657898,,0.008955659976998804,3
MMR,1987,-0.006191035318657898,,0.005755678727066385,3
MNG,1987,-0.006191035318657898,,0.0020496303451229426,3
MOZ,1987,-0.006191035318657898,,0.007896691994888756,3
MRT,1987,-0.006191035318657898,,0.012578290489138057,3
MUS,1987,-0.0061850092055008845,,0.0010043521928356212,3
MWI,1987,-0.006191035318657898,,0.003227614386023912,3
MYS,1987,-0.006199983754674066,,0.004474218008084256,3
NAM,1987,-0.006191035318657898,,0.004521335532505279,3
NER,1987,-0.006191035318657898,,0.008463926992728426,3
NGA,1987,-0.006162274608778506,,0.007190177469848128,3
NIC,1987,-0.006170047667698308,,0.006995883653196575,3
NLD,1987,-0.006199989512575518,,0.008954193917620356,3
NOR,1987,-0.006173744816538937,,0.008645251059480398,3
NPL,1987,-0.00618596711532805,,0.002534101664924124,3
NZL,1987,-0.006191035318657898,,0.0022330033264769266,3
OMN,1987,-0.006191035318657898,,0.007024862740751002,3
PAK,1987,-0.006120769665964379,,0.005018975192394191,3
PAN,1987,-0.006191035318657898,,0.006995883653196575,3
PER,1987,-0.006184039435004701,,0.006995883653196575,3
PHL,1987,-0.005840606464002085,,0.006611865182185154,3
PNG,1987,-0.006191035318657898,,0.005167111400216862,3
POL,1987,-0.006182081124740278,,0.008954193917620356,3
PRK,1987,-0.006194860085216377,,0.0038247665584796044,3
PRT,1987,-0.006225616322895819,,0.008645251059480398,3
PRY,1987,-0.006191035318657898,,0.006995883653196575,3
PSE,1987,-0.006191035318657898,,0.0010043521928356212,3
QAT,1987,-0.006191035318657898,,0.007291739059267468,3
ROU,1987,-0.006200045337308983,,0.009010018651085645,3
RUS,1987,-0.006037187561813909,,0.019230969605498634,3
RWA,1987,-0.006191035318657898,,0.003918736269924972,3
SAU,1987,-0.006191035318657898,,0.008422235212167615,3
SDN,1987,-0.004788287718326516,,0.01149793115025723,3
SEN,1987,-0.006191035318657898,,0.006810031408909302,3
SGP,1987,-0.006164796546987163,,0.0037483959529620975,3
SLB,1987,-0.006191035318657898,,0.0021025550853284634,3
SLE,1987,-0.006119492789777373,,0.006503866261865951,3
SLV,1987,-0.006128072365779128,,0.006995883653196575,3
SOM,1987,-0.006191035318657898,,0.007992593681958302,3
SRB,1987,-0.006191035318657898,,0.009968444872048407,3
STP,1987,-0.006191035318657898,,0.0010043521928356212,3
SUR,1987,-0.006191035318657898,,0.007499469698860905,3
SWE,1987,-0.006199680569717378,,0.008645251059480398,3
SWZ,1987,-0.006191035318657898,,0.0027489368076131313,3
SYC,1987,-0.0061900309664650625,,0.0010043521928356212,3
SYR,1987,-0.006191035318657898,,0.00863539950581706,3
TCD,1987,-0.006191035318657898,,0.0033607402718547003,3
TGO,1987,-0.006191035318657898,,0.006810031408909302,3
THA,1987,-0.006227063418273649,,0.007205619923150186,3
TLS,1987,-0.006191035318657898,,0.001744682895920406,3
TTO,1987,-0.006100088831166342,,0.006995883653196575,3
TUN,1987,-0.006198340931669231,,0.007305613011332517,3
TUR,1987,-0.006065574583649503,,0.011405521364399637,3
TWN,1987,-0.006165621505129422,,0.0016942542352316931,3
TZA,1987,-0.006141952505930568,,0.007011830389618506,3
UGA,1987,-0.006444380239126802,,0.004222415341148397,2
URY,1987,-0.005267578676435951,,0.006995883653196575,3
USA,1987,-0.006171349787275404,,0.01968553138249362,3
VEN,1987,-0.006221033197453342,,0.007499469698860905,3
VNM,1987,-0.0061550181042294315,,0.0036017214428466673,3
VUT,1987,-0.006191035318657898,,0.0010043521928356212,3
YEM,1987,-0.006191035318657898,,0.008078793036758328,3
YMD,1987,-0.006182127550696194,,0.008907767961703192,3
ZAF,1987,-0.006191035318657898,,0.007570657474997154,3
ZMB,1987,-0.006191035318657898,,0.007586088246680129,3
ZWE,1987,-0.006200195210769741,,0.004579946055921852,3
ZZB,1987,-0.006193044023043569,,0.0010043521928356212,3
AFG,1988,-0.0059536921814002264,,0.00374557456340091,7
AGO,1988,-0.005957437755963627,,0.0069332451932531645,7
ALB,1988,-0.005957437755963627,,0.0015485979233451955,7
ARE,1988,-0.005935555350124066,,0.00729413527985367,7
ARG,1988,-0.005943452326902305,,0.006992714530661113,7
AUS,1988,-0.005960767424334315,,0.0033296683706874634,7
AUT,1988,-0.005957437755963627,,0.003008384594972574,7
BDI,1988,-0.006081040263541825,,0.0036353678699469843,6
BEL,1988,-0.005957437755963627,,0.008929785833838716,7
BEN,1988,-0.005950941158696423,,0.006496597267204222,7
BFA,1988,-0.0059314513668948105,,0.006496597267204222,7
BGD,1988,-0.005718871768619505,,0.0026507331927124677,7
BGR,1988,-0.005957437755963627,,0.010566088773976759,7
BHR,1988,-0.005957437755963627,,0.00729413527985367,7
BOL,1988,-0.005880517896126355,,0.006992714530661113,7
BRA,1988,-0.005266248053840337,,0.007854428433219198,7
BRB,1988,-0.005964430470494288,,0.006992714530661113,7
BTN,1988,-0.005952402341459785,,0.002517707251921287,7
BWA,1988,-0.005957437755963627,,0.004602600010824293,7
CAF,1988,-0.005695947905157961,,0.004286718865666655,7
CAN,1988,-0.005957437755963627,,0.008621756519016992,7
CHE,1988,-0.005957437755963627,,0.009846298335230602,7
CHL,1988,-0.0059294668978409825,,0.006992714530661113,7
CHN,1988,-0.005919154640050381,,0.019141557956623128,7
CIV,1988,-0.005957437755963627,,0.006771968749243556,7
CMR,1988,-0.005957437755963627,,0.004950642781707933,7
COD,1988,-0.00595102578903904,,0.006411966924586962,7
COG,1988,-0.005957437755963627,,0.004698112454440306,7
COL,1988,-0.005971423185024949,,0.006992714530661113,7
COM,1988,-0.005956134520311709,,0.001303235651918681,7
CPV,1988,-0.005957437755963627,,0.006496597267204222,7
CRI,1988,-0.0059646988529883415,,0.007261097024714291,7
CUB,1988,-0.005957437755963627,,0.0034581001444486947,7
CYP,1988,-0.005957437755963627,,0.008621756519016992,7
CZE,1988,-0.005957437755963627,,0.011314603298308048,7
DDR,1988,-0.005924074418626381,,0.011121112445748937,7
DEU,1988,-0.005952726204010791,,0.004711551952835968,7
DJI,1988,-0.005949142170781855,,0.008295585181772038,7
DNK,1988,-0.005948507970129789,,0.008929785833838716,7
DOM,1988,-0.006041350330331561,,0.006992714530661113,6
DZA,1988,-0.005941877822805535,,0.007779966579045604,7
ECU,1988,-0.005964430470494288,,0.006992714530661113,7
EGY,1988,-0.005953796251468703,,0.0036415044949232966,7
ERI,1988,-0.005959512444312959,,0.0020746883493321386,7
ESP,1988,-0.005947694635366296,,0.00974312059733137,7
ETH,1988,-0.0057975884581314896,,0.005920344364153228,7
FIN,1988,-0.005922950729887559,,0.008621756519016992,7
FJI,1988,-0.006200490986629848,,0.0010043521928356212,6
FRA,1988,-0.005957437755963627,,0.012659550884206784,7
GAB,1988,-0.005953333649752085,,0.004104106211541407,7
GBR,1988,-0.0059478862002079564,,0.009551555755670772,7
GHA,1988,-0.005950275414541986,,0.007162341421641008,7
GIN,1988,-0.005943113073120345,,0.007162341421641008,7
GMB,1988,-0.005902159493883652,,0.006909782759996859,7
GNB,1988,-0.005957437755963627,,0.006496597267204222,7
GNQ,1988,-0.005957437755963627,,0.0024035530607187834,7
GRC,1988,-0.005929628065149236,,0.009269896938130353,7
GTM,1988,-0.0057826198926970995,,0.006992714530661113,7
GUY,1988,-0.005943020309099981,,0.0018021808579557386,7
HKG,1988,-0.005957437755963627,,0.0010043521928356212,7
HND,1988,-0.0059294668978409825,,0.006992714530661113,7
HTI,1988,-0.0054329841661640435,,0.006992714530661113,7
HUN,1988,-0.005896645256796952,,0.01215849983333513,7
IDN,1988,-0.005957437755963627,,0.006945973378562552,7
IND,1988,-0.005957437755963627,,0.00884131527737962,7
IRL,1988,-0.005879841947292474,,0.008621756519016992,7
IRN,1988,-0.005766184623061186,,0.0030847279500393733,7
IRQ,1988,-0.005957437755963627,,0.008563979017927112,7
ISL,1988,-0.005897085460330508,,0.008621756519016992,7
ISR,1988,-0.005922528790892207,,0.004363620633927567,7
ITA,1988,-0.0059481442756804505,,0.009293480283176989,7
JAM,1988,-0.005957437755963627,,0.006992714530661113,7
JOR,1988,-0.005957437755963627,,0.007824586051348139,7
JPN,1988,-0.00596284412639206,,0.00270318521421663,7
KEN,1988,-0.005957437755963627,,0.0035348597905870954,7
KHM,1988,-0.005957437755963627,,0.00352059097576778,7
KOR,1988,-0.005819188650783619,,0.0020330750761765833,7
KWT,1988,-0.005957437755963627,,0.007027865206011046,7
LAO,1988,-0.005952758211061759,,0.004679544901867621,7
LBN,1988,-0.005957437755963627,,0.007824586051348139,7
LBR,1988,-0.0059502378813215875,,0.007199874642040166,7
LBY,1988,-0.005957437755963627,,0.009871642307692614,7
LKA,1988,-0.005968475323737603,,0.0018395946289959141,7
LSO,1988,-0.00594184508391169,,0.0019490840064920962,7
LUX,1988,-0.005957437755963627,,0.008929785833838716,7
MAR,1988,-0.00592824104743069,,0.007299177133234257,7
MDG,1988,-0.005951411642806614,,0.0010043521928356212,7
MDV,1988,-0.005957437755963627,,0.0016824648157609942,7
MEX,1988,-0.005922474183310321,,0.006992714530661113,7
MLI,1988,-0.0059349870640342224,,0.007483563976468214,7
MLT,1988,-0.005394693999985329,,0.008932440571084112,7
MMR,1988,-0.005957437755963627,,0.005723958327691396,7
MNG,1988,-0.005957437755963627,,0.0020330750761765833,7
MOZ,1988,-0.005949815192540224,,0.007622563423402709,7
MRT,1988,-0.00586942001776602,,0.012573962599658164,7
MUS,1988,-0.005956433403770792,,0.0010043521928356212,7
MWI,1988,-0.005957437755963627,,0.0031853810975256414,7
MYS,1988,-0.006001954157482634,,0.004451640151900702,6
NAM,1988,-0.005948684403353099,,0.004376676305263883,7
NER,1988,-0.005932066983212484,,0.00845692425038091,7
NGA,1988,-0.005957437755963627,,0.007184491471052167,7
NIC,1988,-0.005964430470494288,,0.006992714530661113,7
NLD,1988,-0.005957437755963627,,0.008929785833838716,7
NOR,1988,-0.005957437755963627,,0.008621756519016992,7
NPL,1988,-0.005957437755963627,,0.002517707251921287,7
NZL,1988,-0.0059552068970984365,,0.0022308588651906067,7
OMN,1988,-0.005957437755963627,,0.007027865206011046,7
PAK,1988,-0.005957437755963627,,0.0049923809484993704,7
PAN,1988,-0.005957437755963627,,0.006992714530661113,7
PER,1988,-0.005957437755963627,,0.006992714530661113,7
PHL,1988,-0.004667619447875412,,0.006580705653511303,7
PNG,1988,-0.006008919494124545,,0.005148173816091731,6
POL,1988,-0.005975297327631305,,0.008929785833838716,7
PRK,1988,-0.005963464194565503,,0.003013219300938147,7
PRT,1988,-0.005922950729887559,,0.008621756519016992,7
PRY,1988,-0.005943452326902305,,0.006992714530661113,7
PSE,1988,-0.00596145516473497,,0.0010043521928356212,7
QAT,1988,-0.005957437755963627,,0.00729413527985367,7
ROU,1988,-0.005957437755963627,,0.008985397929244127,7
RUS,1988,-0.0054451668007314885,,0.01897299834193108,7
RWA,1988,-0.005957437755963627,,0.003915220999414529,7
SAU,1988,-0.005957437755963627,,0.008422222826346226,7
SDN,1988,-0.005496591213623443,,0.011521163558504615,7
SEN,1988,-0.005957437755963627,,0.006802255351678395,7
SGP,1988,-0.005942492420635086,,0.003736333832135172,7
SLB,1988,-0.005957437755963627,,0.0020985252227886646,7
SLE,1988,-0.005957437755963627,,0.00649659726720422,7
SLV,1988,-0.005957437755963627,,0.006992714530661113,7
SOM,1988,-0.005949431404291893,,0.008006351671734276,7
SRB,1988,-0.005937553162842176,,0.009942296560725329,7
STP,1988,-0.005926302837985723,,0.0010043521928356212,7
SUR,1988,-0.005770032777193059,,0.007496199150822724,7
SWE,1988,-0.005957437755963627,,0.008621756519016992,7
SWZ,1988,-0.005957437755963627,,0.0025972685873034717,7
SYC,1988,-0.005957437755963627,,0.0010043521928356212,7
SYR,1988,-0.005957437755963627,,0.008630570927519584,7
TCD,1988,-0.005957437755963627,,0.0033650403859384805,7
TGO,1988,-0.0059642400113153055,,0.006802255351678395,7
THA,1988,-0.005921590236999944,,0.007169503792736575,7
TLS,1988,-0.005957437755963627,,0.001742536951256238,7
TTO,1988,-0.005733670890982472,,0.006992714530661113,7
TUN,1988,-0.00606705676527789,,0.00730793395428417,6
TUR,1988,-0.0058436774489717454,,0.011376030699188138,7
TWN,1988,-0.005885091768885904,,0.0016824648157609942,7
TZA,1988,-0.005929632491630022,,0.006951316083401259,7
UGA,1988,-0.005948996245436786,,0.004220755263420377,7
URY,1988,-0.005957437755963627,,0.006992714530661113,7
USA,1988,-0.005839564143525965,,0.019645602072943715,7
VEN,1988,-0.005957437755963627,,0.007496199150822724,7
VNM,1988,-0.005925243567053655,,0.003577132101107955,7
VUT,1988,-0.0059584421081564625,,0.0010043521928356212,7
YEM,1988,-0.005957437755963627,,0.008080417777339383,7
YMD,1988,-0.005966351379922533,,0.008913623958905631,7
ZAF,1988,-0.005975212390266804,,0.008887317151588288,7
ZMB,1988,-0.005957437755963627,,0.0074689511217159305,7
ZWE,1988,-0.006368198766301718,,0.004369797982320114,6
ZZB,1988,-0.005957437755963627,,0.0010043521928356212,7
AFG,1989,-0.007936891090673482,,0.0036957383843589818,9
AGO,1989,-0.007959065520979636,,0.006879889964586835,9
ALB,1989,-0.007959065520979636,,0.0015390907880736024,9
ARE,1989,-0.007959065520979636,,0.007336588579905313,9
ARG,1989,-0.00793133247168778,,0.0069332623229636774,9
AUS,1989,-0.007959065520979636,,0.0029584358222991287,9
AUT,1989,-0.007962061777495082,,0.002996256515446505,9
BDI,1989,-0.008214420118916647,,0.003596543632915645,8
BEL,1989,-0.008003483837735099,,0.008883663351092577,9
BEN,1989,-0.007959065520979636,,0.0063971186648959615,9
BFA,1989,-0.007959065520979636,,0.0063971186648959615,9
BGD,1989,-0.008011409776217407,,0.00261721276188857,8
BGR,1989,-0.007959065520979636,,0.010474811068879495,9
BHR,1989,-0.007959065520979636,,0.007336588579905313,9
BOL,1989,-0.007938265734010744,,0.0069332623229636774,9
BRA,1989,-0.007001401600037906,,0.007785885536111623,9
BRB,1989,-0.007959065520979636,,0.0069332623229636774,9
BTN,1989,-0.007959065520979636,,0.0024760805087031294,9
BWA,1989,-0.007917960776396553,,0.004567193842564672,9
CAF,1989,-0.007878625828622353,,0.004233668018804293,9
CAN,1989,-0.007959065520979636,,0.008576633512858327,9
CHE,1989,-0.00796885813502463,,0.009792614044994043,9
CHL,1989,-0.007758000913613689,,0.0069332623229636774,9
CHN,1989,-0.007959065520979636,,0.018507128639692824,9
CIV,1989,-0.007952395567530073,,0.006669953449562405,9
CMR,1989,-0.007959065520979636,,0.004896801801409047,9
COD,1989,-0.007946386360160835,,0.0063395804094005526,9
COG,1989,-0.007959065520979636,,0.004650874162737773,9
COL,1989,-0.007979865307948527,,0.0069332623229636774,9
COM,1989,-0.007956477331571895,,0.0012940947038705885,9
CPV,1989,-0.007901491452995572,,0.0063971186648959615,9
CRI,1989,-0.007879867539356128,,0.007199816511228049,9
CUB,1989,-0.007959065520979636,,0.0034269848358591667,9
CYP,1989,-0.007873299185851052,,0.008576633512858327,9
CZE,1989,-0.008640660958116893,,0.011173695690774694,8
DDR,1989,-0.007959065520979636,,0.011041019363077824,9
DEU,1989,-0.007959065520979636,,0.004696366245074339,9
DJI,1989,-0.007959065520979636,,0.008318711824758455,9
DNK,1989,-0.007950181857628543,,0.008883663351092577,9
DOM,1989,-0.007952132258656671,,0.0069332623229636774,9
DZA,1989,-0.007966877225588188,,0.007811704608551683,9
ECU,1989,-0.007806533749874435,,0.0069332623229636774,9
EGY,1989,-0.007935838762420865,,0.007742252852923851,9
ERI,1989,-0.007959065520979636,,0.002034392752648967,9
ESP,1989,-0.007959065520979636,,0.00967702608320163,9
ETH,1989,-0.0076689742397533685,,0.00580182562452534,9
FIN,1989,-0.007959065520979636,,0.008576633512858327,9
FJI,1989,-0.00806681410761083,,0.0009976720984369804,8
FRA,1989,-0.0078335158361476,,0.012554968483203493,9
GAB,1989,-0.007959065520979636,,0.004054369990790617,9
GBR,1989,-0.007949597308450077,,0.009468212529558049,9
GHA,1989,-0.007959065520979636,,0.007041148463748746,9
GIN,1989,-0.007959065520979636,,0.007041148463748746,9
GMB,1989,-0.007945476907254227,,0.006794306862704806,9
GNB,1989,-0.007959065520979636,,0.0063971186648959615,9
GNQ,1989,-0.00792097358034469,,0.0023807462896840363,9
GRC,1989,-0.007959065520979636,,0.009220816797789012,9
GTM,1989,-0.007959065520979636,,0.0069332623229636774,9
GUY,1989,-0.007950121857516803,,0.001788732692566351,9
HKG,1989,-0.007958067848881199,,0.0009976720984369804,9
HND,1989,-0.007959065520979636,,0.0069332623229636774,9
HTI,1989,-0.007494536945341069,,0.0069332623229636774,9
HUN,1989,-0.007743377931605954,,0.012687505257275413,9
IDN,1989,-0.007959065520979636,,0.006473143860650882,9
IND,1989,-0.007993907083882382,,0.008710390725686364,9
IRL,1989,-0.007950488887466777,,0.008576633512858327,9
IRN,1989,-0.00794083568436905,,0.003038306101764369,9
IRQ,1989,-0.007959065520979636,,0.008205618855943663,9
ISL,1989,-0.007959065520979636,,0.008576633512858327,9
ISR,1989,-0.008009333779186775,,0.00418902151726155,8
ITA,1989,-0.007949162492050035,,0.009903028929600053,9
JAM,1989,-0.007959065520979636,,0.0069332623229636774,9
JOR,1989,-0.007944130850659334,,0.007467335160150929,9
JPN,1989,-0.007959065520979636,,0.0026576583626057495,9
KEN,1989,-0.007979917299418837,,0.0034752964065335457,9
KHM,1989,-0.007959065520979636,,0.0034630898099046554,9
KOR,1989,-0.007487102393788748,,0.001999843759283421,9
KWT,1989,-0.007959065520979636,,0.007073337550611604,9
LAO,1989,-0.007959065520979636,,0.004591407217924737,9
LBN,1989,-0.00806360821322175,,0.007467335160150929,8
LBR,1989,-0.007980304709478298,,0.007079729499554178,9
LBY,1989,-0.007959065520979636,,0.009495232223081133,9
LKA,1989,-0.007979090863260846,,0.001820485661928206,8
LSO,1989,-0.007959065520979636,,0.0019350615224492157,9
LUX,1989,-0.007959065520979636,,0.008883663351092577,9
MAR,1989,-0.007959065520979636,,0.007342094537858697,9
MDG,1989,-0.00795108414419214,,0.0009976720984369804,9
MDV,1989,-0.007960718787924847,,0.0016532669452119036,9
MEX,1989,-0.00783426679916629,,0.0069332623229636774,9
MLI,1989,-0.00792231781188391,,0.007349541819144845,9
MLT,1989,-0.007870307942097275,,0.008875757888235988,9
MMR,1989,-0.008026537657144546,,0.005622678013742496,8
MNG,1989,-0.007959065520979636,,0.001999843759283421,9
MOZ,1989,-0.007959065520979636,,0.007564974020133447,9
MRT,1989,-0.007959065520979636,,0.012527434648297699,9
MUS,1989,-0.007957070176782762,,0.0009976720984369804,9
MWI,1989,-0.007959065520979636,,0.003157665884436319,9
MYS,1989,-0.007974318663736494,,0.005084380918952671,9
NAM,1989,-0.007967751560989994,,0.004343020005179428,9
NER,1989,-0.00780106403895273,,0.008315867475100313,9
NGA,1989,-0.007959065520979636,,0.007077412756564199,9
NIC,1989,-0.00783426679916629,,0.0069332623229636774,9
NLD,1989,-0.007959065520979636,,0.008883663351092577,9
NOR,1989,-0.007959065520979636,,0.008576633512858327,9
NPL,1989,-0.007959065520979636,,0.0024760805087031294,9
NZL,1989,-0.007954836666324233,,0.002114427327701389,9
OMN,1989,-0.007959065520979636,,0.007073337550611604,9
PAK,1989,-0.007748254450948326,,0.004902583023983952,9
PAN,1989,-0.007959065520979636,,0.0069332623229636774,9
PER,1989,-0.007959065520979636,,0.0069332623229636774,9
PHL,1989,-0.00709289184093306,,0.007158460165674178,9
PNG,1989,-0.008018056065476814,,0.007373818062147337,9
POL,1989,-0.007914647204224173,,0.008883663351092577,9
PRK,1989,-0.007959065520979636,,0.002971083134529375,9
PRT,1989,-0.007907605719902486,,0.008576633512858327,9
PRY,1989,-0.007952132258656671,,0.0069332623229636774,9
PSE,1989,-0.007959065520979636,,0.0009976720984369804,9
QAT,1989,-0.007959065520979636,,0.007336588579905313,9
ROU,1989,-0.007959065520979636,,0.008938809077000566,9
RUS,1989,-0.007940310590494907,,0.018754930484728462,9
RWA,1989,-0.007947444124926538,,0.003873798684365999,9
SAU,1989,-0.007959065520979636,,0.008053811935012483,9
SDN,1989,-0.007959065520979636,,0.011115609386982837,9
SEN,1989,-0.007959065520979636,,0.006700104375711535,9
SGP,1989,-0.007954664606099282,,0.004400914880354004,9
SLB,1989,-0.007959065520979636,,0.001781313198389128,9
SLE,1989,-0.007959065520979636,,0.006397118664895962,9
SLV,1989,-0.007952132258656671,,0.0069332623229636774,9
SOM,1989,-0.007959065520979636,,0.008033793199067456,9
SRB,1989,-0.007959065520979636,,0.009890748190530367,9
STP,1989,-0.007959065520979636,,0.0009976720984369804,9
SUR,1989,-0.004800044126144482,,0.007432991517259185,9
SVN,1989,-0.007959065520979636,,0.0015687502760100163,9
SWE,1989,-0.007950488887466777,,0.008576633512858327,9
SWZ,1989,-0.007969378657526742,,0.002578284136776858,9
SYC,1989,-0.007964053881471821,,0.0009976720984369804,9
SYR,1989,-0.007959065520979636,,0.008643215714143847,9
TCD,1989,-0.007959065520979636,,0.003312213184455075,9
TGO,1989,-0.007959065520979636,,0.006700104375711535,9
THA,1989,-0.007819766729188127,,0.00773882176619498,9
TLS,1989,-0.007959065520979636,,0.0016855828168122569,9
TTO,1989,-0.007959065520979636,,0.0069332623229636774,9
TUN,1989,-0.00845140317308109,,0.007348323165693356,8
TUR,1989,-0.007253942458637281,,0.01119242956098976,9
TWN,1989,-0.007922693648184974,,0.0016532669452119036,9
TZA,1989,-0.007959065520979636,,0.006865497709531166,9
UGA,1989,-0.00792574299565081,,0.004165315666103308,9
URY,1989,-0.007959065520979636,,0.0069332623229636774,9
USA,1989,-0.007978395365548126,,0.019329844568489372,9
VEN,1989,-0.007914467571876081,,0.007432991517259185,9
VNM,1989,-0.007952032325853762,,0.0035165975629365496,9
VUT,1989,-0.007967046897767132,,0.0009976720984369804,9
YEM,1989,-0.007635221786315638,,0.008096093366599952,9
YMD,1989,-0.007959065520979636,,0.008940668530354062,9
ZAF,1989,-0.007967884816959049,,0.00881929597941324,9
ZMB,1989,-0.007959065520979636,,0.00740516099839418,9
ZWE,1989,-0.007573136313137735,,0.004336283234178661,9
ZZB,1989,-0.007959065520979636,,0.0009976720984369804,9
AFG,1990,,,0.00508391193929076,6
AGO,1990,,,0.006419914474593629,6
ALB,1990,,,0.0014322627680787834,6
ARE,1990,,,0.006862076206761422,6
ARG,1990,,,0.006404426508763671,6
ARM,1990,,,0.0028035756801978295,6
AUS,1990,,,0.002733693588384196,6
AUT,1990,,,0.002833530976199408,6
AZE,1990,,,0.0032061979447916993,6
BDI,1990,,,0.0033218984417360204,6
BEL,1990,,,0.008451356500982176,6
BEN,1990,,,0.005909118367182156,6
BFA,1990,,,0.005909118367182156,6
BGD,1990,,,0.0024211591964172843,6
BGR,1990,,,0.010230201167941193,6
BHR,1990,,,0.006862076206761422,6
BLR,1990,,,0.0030233430484590995,6
BOL,1990,,,0.006404426508763671,6
BRA,1990,,,0.00719102947627173,6
BRB,1990,,,0.006404426508763671,6
BTN,1990,,,0.0022871983285119657,6
BWA,1990,,,0.004222530661694858,6
CAF,1990,,,0.0039268766743407475,6
CAN,1990,,,0.008451356500982176,6
CHE,1990,,,0.009302751101449885,6
CHL,1990,,,0.006404426508763671,6
CHN,1990,,,0.019901170370089257,6
CIV,1990,,,0.00616109157283931,6
CMR,1990,,,0.004531924004548783,6
COD,1990,,,0.005872808454037652,6
COG,1990,,,0.004338394181001779,6
COL,1990,,,0.006404426508763671,6
COM,1990,,,0.0011982439618041325,6
CPV,1990,,,0.005909118367182156,6
CRI,1990,,,0.006657019671700688,6
CUB,1990,,,0.003179275732342191,6
CYP,1990,,,0.008451356500982176,6
CZE,1990,,,0.011015624623617819,6
DDR,1990,,,0.010549662489091161,6
DEU,1990,,,0.009004560654657566,6
DJI,1990,,,0.007776842538562868,6
DNK,1990,,,0.008451356500982176,6
DOM,1990,,,0.006404426508763671,6
DZA,1990,,,0.007294911285555472,6
ECU,1990,,,0.006404426508763671,6
EGY,1990,,,0.007256120835903747,6
ERI,1990,,,0.0018880335117095082,6
ESP,1990,,,0.009475701279050432,6
EST,1990,,,0.0018347331495365323,6
ETH,1990,,,0.005446764515550208,6
FIN,1990,,,0.008451356500982176,6
FJI,1990,,,0.0009182736455463729,6
FRA,1990,,,0.011858249198259577,6
GAB,1990,,,0.003758304738246408,6
GBR,1990,,,0.009285605374201339,6
GEO,1990,,,0.002685872878061994,6
GHA,1990,,,0.006502818029256144,6
GIN,1990,,,0.006502818029256144,6
GMB,1990,,,0.00627884454557221,6
GNB,1990,,,0.005909118367182156,6
GNQ,1990,,,0.0021993385657981136,6
GRC,1990,,,0.009051297286494148,6
GTM,1990,,,0.006404426508763671,6
GUY,1990,,,0.0016488307071620225,6
HKG,1990,,,0.0009182736455463729,6
HND,1990,,,0.006404426508763671,6
HTI,1990,,,0.006404426508763671,5
HUN,1990,,,0.012481064080888803,6
IDN,1990,,,0.006001701895035455,6
IND,1990,,,0.008093386404516428,6
IRL,1990,,,0.008451356500982176,6
IRN,1990,,,0.004073102252146339,6
IRQ,1990,,,0.007728948424646792,6
ISL,1990,,,0.008451356500982176,6
ISR,1990,,,0.003901169816003748,6
ITA,1990,,,0.009406914067870822,6
JAM,1990,,,0.006404426508763671,6
JOR,1990,,,0.006979149768723263,6
JPN,1990,,,0.002491514832635411,6
KAZ,1990,,,0.0035053951578619593,6
KEN,1990,,,0.0032204330890796586,6
KGZ,1990,,,0.003862661402102577,6
KHM,1990,,,0.0032150297799277672,6
KOR,1990,,,0.00187451493235108,6
KWT,1990,,,0.006612183737618314,6
LAO,1990,,,0.0042506541618565,6
LBN,1990,,,0.006979149768723263,5
LBR,1990,,,0.006545971767219256,5
LBY,1990,,,0.008885580780336903,6
LKA,1990,,,0.0016828754620277077,5
LSO,1990,,,0.001786087339071837,6
LTU,1990,,,0.002872404338545179,6
LUX,1990,,,0.008451356500982176,6
LVA,1990,,,0.003320834066083494,6
MAR,1990,,,0.006866933545305766,6
MDA,1990,,,0.0016128553587542987,6
MDG,1990,,,0.0009182736455463729,6
MDV,1990,,,0.0015225965120306314,6
MEX,1990,,,0.006404426508763671,6
MLI,1990,,,0.006790584947610027,6
MLT,1990,,,0.00873139341571269,6
MMR,1990,,,0.005209697334456441,5
MNG,1990,,,0.00187451493235108,6
MOZ,1990,,,0.007051325971005146,6
MRT,1990,,,0.011652903458873536,6
MUS,1990,,,0.0009182736455463729,6
MWI,1990,,,0.00292156644231241,6
MYS,1990,,,0.004700573211136504,6
NAM,1990,,,0.004019284678675723,6
NER,1990,,,0.007689012840583835,6
NGA,1990,,,0.0065386930759917345,6
NIC,1990,,,0.006404426508763671,6
NLD,1990,,,0.008451356500982176,6
NOR,1990,,,0.008451356500982176,6
NPL,1990,,,0.0022871983285119657,6
NZL,1990,,,0.0019537758592735963,6
OMN,1990,,,0.006612183737618314,6
PAK,1990,,,0.004621603710124709,6
PAN,1990,,,0.006404426508763671,6
PER,1990,,,0.006404426508763671,6
PHL,1990,,,0.00665903733144689,6
PNG,1990,,,0.006813531343160956,6
POL,1990,,,0.010428953669147006,6
PRK,1990,,,0.0027756293279173044,6
PRT,1990,,,0.008451356500982176,6
PRY,1990,,,0.006404426508763671,6
PSE,1990,,,0.0009182736455463729,6
QAT,1990,,,0.006862076206761422,6
ROU,1990,,,0.009897370224796923,6
RUS,1990,,,0.022355373377462236,6
RWA,1990,,,0.0035783352389955466,6
SAU,1990,,,0.008126926635063775,6
SDN,1990,,,0.010362522720748158,5
SEN,1990,,,0.006194840108697932,6
SGP,1990,,,0.0040702232564764195,6
SLB,1990,,,0.001642436550564513,6
SLE,1990,,,0.005909118367182157,6
SLV,1990,,,0.006404426508763671,6
SOM,1990,,,0.0075068691021089595,6
SRB,1990,,,0.0093942204502214,6
STP,1990,,,0.0009182736455463729,6
SUR,1990,,,0.0068650693768301475,6
SVN,1990,,,0.0014629124619931727,6
SWE,1990,,,0.008451356500982176,6
SWZ,1990,,,0.0023856941560820733,6
SYC,1990,,,0.0009182736455463729,6
SYR,1990,,,0.008135048268990194,6
TCD,1990,,,0.0030667152588084857,6
TGO,1990,,,0.006194840108697932,6
THA,1990,,,0.007163006497671403,6
TJK,1990,,,0.0036937634453870676,6
TLS,1990,,,0.0015561370660015267,6
TTO,1990,,,0.006404426508763671,6
TUN,1990,,,0.006889185330507989,6
TUR,1990,,,0.012610570092421475,6
TWN,1990,,,0.0015225965120306314,6
TZA,1990,,,0.006348498373290164,6
UGA,1990,,,0.0038516980897108236,6
UKR,1990,,,0.0035553170434346987,6
URY,1990,,,0.006404426508763671,6
USA,1990,,,0.01841548585029363,6
UZB,1990,,,0.0038098586318951956,6
VEN,1990,,,0.0068650693768301475,6
VNM,1990,,,0.0032807290698879522,6
VUT,1990,,,0.0009182736455463729,6
YEM,1990,,,0.007561504535499806,6
YMD,1990,,,0.008408092110904888,6
ZAF,1990,,,0.008163770649801897,6
ZMB,1990,,,0.006856809105854603,6
ZWE,1990,,,0.004012331968090631,6
ZZB,1990,,,0.0009182736455463729,6
AFG,1991,,,0.004996719562167897,4
AGO,1991,,,0.006163677451786797,4
ALB,1991,,,0.008749971130745122,4
ARE,1991,,,0.006625176764393556,4
ARG,1991,,,0.0062058149837617635,4
ARM,1991,,,0.0029986107900954436,4
AUS,1991,,,0.002660706249331989,4
AUT,1991,,,0.002632489118926981,4
AZE,1991,,,0.0029986107900954436,4
BDI,1991,,,0.003322886617943751,4
BEL,1991,,,0.008363690951326894,4
BEN,1991,,,0.005837489986482044,4
BFA,1991,,,0.005837489986482044,4
BGD,1991,,,0.0023584346541668274,4
BGR,1991,,,0.010312388864763253,4
BHR,1991,,,0.006851944293080076,4
BLR,1991,,,0.0035756332941615427,4
BOL,1991,,,0.0062058149837617635,4
BRA,1991,,,0.006526089178035883,4
BRB,1991,,,0.0062058149837617635,4
BTN,1991,,,0.0021945082457550565,4
BWA,1991,,,0.004291222371786914,4
CAF,1991,,,0.0039036531358562017,4
CAN,1991,,,0.008640632823184074,4
CHE,1991,,,0.009167406270512386,4
CHL,1991,,,0.0062058149837617635,4
CHN,1991,,,0.01930090140743712,4
CIV,1991,,,0.006067770359937614,4
CMR,1991,,,0.004500788695745313,4
COD,1991,,,0.005939430856019737,4
COG,1991,,,0.004337578205862206,4
COL,1991,,,0.0062058149837617635,4
COM,1991,,,0.0011674506611668864,4
CPV,1991,,,0.005837489986482043,4
CRI,1991,,,0.006433906472947474,4
CUB,1991,,,0.003215854971673865,4
CYP,1991,,,0.008363690951326894,4
CZE,1991,,,0.010599800108827958,4
DEU,1991,,,0.00868186569052746,4
DJI,1991,,,0.0075616384096284205,4
DNK,1991,,,0.008363690951326896,4
DOM,1991,,,0.0062058149837617635,3
DZA,1991,,,0.007071443701924783,4
ECU,1991,,,0.0062058149837617635,4
EGY,1991,,,0.007014202335180121,4
ERI,1991,,,0.0019104509060274477,4
ESP,1991,,,0.009350294466642851,4
EST,1991,,,0.008363690951326896,4
ETH,1991,,,0.004834720841700382,4
FIN,1991,,,0.008363690951326896,4
FJI,1991,,,0.0009118541033434651,4
FRA,1991,,,0.011728134347530594,4
GAB,1991,,,0.0037123852136514463,4
GBR,1991,,,0.009202845090667168,4
GEO,1991,,,0.0024978700091644918,4
GHA,1991,,,0.0063764848406215255,4
GIN,1991,,,0.0063764848406215255,4
GMB,1991,,,0.0062044249445069475,4
GNB,1991,,,0.005837489986482044,4
GNQ,1991,,,0.0021807093578923497,4
GRC,1991,,,0.008749971130745122,4
GTM,1991,,,0.0062058149837617635,4
GUY,1991,,,0.0062058149837617635,4
HKG,1991,,,0.0009118541033434651,4
HND,1991,,,0.0062058149837617635,4
HRV,1991,,,0.0019733187299357975,4
HTI,1991,,,0.0062058149837617635,4
HUN,1991,,,0.012677064566689957,4
IDN,1991,,,0.005813882628784015,4
IND,1991,,,0.007788266245514244,4
IRL,1991,,,0.008363690951326896,4
IRN,1991,,,0.004514599718461575,4
IRQ,1991,,,0.007441918004295025,4
ISL,1991,,,0.008363690951326896,4
ISR,1991,,,0.003872538316897458,4
ITA,1991,,,0.009233128010340073,4
JAM,1991,,,0.0062058149837617635,4
JOR,1991,,,0.006761653535781901,4
JPN,1991,,,0.002388820397606527,4
KAZ,1991,,,0.004082488220958223,4
KEN,1991,,,0.0032488966388089097,4
KGZ,1991,,,0.003744649423824217,4
KHM,1991,,,0.0030987720687823696,4
KOR,1991,,,0.0017761914235335668,4
KWT,1991,,,0.006397085751941809,4
LAO,1991,,,0.004078273297464084,4
LBN,1991,,,0.006761653535781901,4
LBR,1991,,,0.006450528665835832,3
LBY,1991,,,0.008595272707411802,4
LKA,1991,,,0.001647548614701927,4
LSO,1991,,,0.0017990741675867868,4
LTU,1991,,,0.009333668584080768,4
LUX,1991,,,0.008363690951326896,4
LVA,1991,,,0.009333668584080768,4
MAR,1991,,,0.00662861283379435,4
MDA,1991,,,0.0015719547945038475,4
MDG,1991,,,0.0009118541033434651,4
MDV,1991,,,0.0014588137343965945,4
MEX,1991,,,0.0062058149837617635,4
MKD,1991,,,0.0018330614430443,4
MLI,1991,,,0.006668068031960224,4
MLT,1991,,,0.008644201954928281,4
MMR,1991,,,0.005016967702347703,4
MNG,1991,,,0.0017761914235335668,4
MOZ,1991,,,0.006799431104255056,4
MRT,1991,,,0.011371143526008315,4
MUS,1991,,,0.0009118541033434651,4
MWI,1991,,,0.002977447224944067,4
MYS,1991,,,0.004524340599362971,4
NAM,1991,,,0.004112692565193884,4
NER,1991,,,0.007620705293619605,4
NGA,1991,,,0.006462639850539395,4
NIC,1991,,,0.0062058149837617635,4
NLD,1991,,,0.008363690951326896,4
NOR,1991,,,0.008363690951326896,4
NPL,1991,,,0.0021945082457550565,4
NZL,1991,,,0.0019047923284305859,4
OMN,1991,,,0.006397085751941808,4
PAK,1991,,,0.004457813560990402,4
PAN,1991,,,0.0062058149837617635,4
PER,1991,,,0.0062058149837617635,3
PHL,1991,,,0.00635434042426853,4
PNG,1991,,,0.006589550392101198,4
POL,1991,,,0.009212837574191383,4
PRK,1991,,,0.0026876393340006187,4
PRT,1991,,,0.008363690951326896,4
PRY,1991,,,0.0062058149837617635,4
PSE,1991,,,0.0009118541033434651,4
QAT,1991,,,0.006625176764393557,4
ROU,1991,,,0.009759647373801077,4
RUS,1991,,,0.020161807249126588,4
RWA,1991,,,0.0035839980245993925,4
SAU,1991,,,0.007834659319343077,4
SDN,1991,,,0.01017956102659614,3
SEN,1991,,,0.006099827252942274,4
SGP,1991,,,0.003947286768419875,4
SLB,1991,,,0.0016121328614727435,4
SLE,1991,,,0.005837489986482044,4
SLV,1991,,,0.0062058149837617635,4
SML,1991,,,0.0009118541033434651,4
SOM,1991,,,0.007313279652403583,4
SRB,1991,,,0.009620435247771168,4
STP,1991,,,0.0009118541033434651,4
SUR,1991,,,0.0062058149837617635,4
SVN,1991,,,0.001971128503053204,4
SWE,1991,,,0.008363690951326896,4
SWZ,1991,,,0.0024414883350608765,4
SYC,1991,,,0.0009118541033434651,4
SYR,1991,,,0.007818952763191275,4
TCD,1991,,,0.003057438586181844,4
TGO,1991,,,0.006099827252942274,4
THA,1991,,,0.006882253571366896,4
TJK,1991,,,0.003216141214601274,4
TKM,1991,,,0.0030906425997491004,4
TLS,1991,,,0.001529691415605002,4
TTO,1991,,,0.0062058149837617635,4
TUN,1991,,,0.00664974381298227,4
TUR,1991,,,0.01230854795355398,4
TWN,1991,,,0.0014588137343965945,4
TZA,1991,,,0.0063694625786748955,4
UGA,1991,,,0.0038671627041909486,4
UKR,1991,,,0.004479787194134721,4
URY,1991,,,0.0062058149837617635,4
USA,1991,,,0.01799853945113105,4
UZB,1991,,,0.004855596088174482,4
VEN,1991,,,0.0062058149837617635,4
VNM,1991,,,0.003128233542877575,4
VUT,1991,,,0.0009118541033434651,4
YEM,1991,,,0.007308035738844224,4
ZAF,1991,,,0.008346725253414825,4
ZMB,1991,,,0.007019816739934427,4
ZWE,1991,,,0.004099976393890934,4
ZZB,1991,,,0.0009118541033434651,4
AFG,1992,,,0.00326461343646081,11
AGO,1992,,,0.005891382204028079,11
ALB,1992,,,0.00852383928014466,11
ARE,1992,,,0.00631087692472432,11
ARG,1992,,,0.00597511657647304,11
ARM,1992,,,0.009869263037358265,11
AUS,1992,,,0.003266420900914531,11
AUT,1992,,,0.002261654974394737,11
AZE,1992,,,0.0024703653601332717,11
BDI,1992,,,0.003247866252710904,11
BEL,1992,,,0.008176802813646977,11
BEN,1992,,,0.0056703049017223055,11
BFA,1992,,,0.0056703049017223055,11
BGD,1992,,,0.002126838934902207,11
BGR,1992,,,0.01033232187893031,11
BHR,1992,,,0.006495471993798775,11
BIH,1992,,,0.008176802813646977,11
BLR,1992,,,0.0028441886066499786,11
BOL,1992,,,0.00597511657647304,11
BRA,1992,,,0.006286082387325302,11
BRB,1992,,,0.00597511657647304,11
BTN,1992,,,0.0019613936155504223,11
BWA,1992,,,0.004203099655797456,11
CAF,1992,,,0.0037697962797540166,11
CAN,1992,,,0.00843862888825329,11
CHE,1992,,,0.008865180640744645,11
CHL,1992,,,0.00597511657647304,11
CHN,1992,,,0.016333367310319785,11
CIV,1992,,,0.0058923042203878504,11
CMR,1992,,,0.004389908706392948,11
COD,1992,,,0.00578009447274298,11
COG,1992,,,0.004161826395209094,11
COL,1992,,,0.00597511657647304,11
COM,1992,,,0.0011171040518238487,11
CPV,1992,,,0.0056703049017223055,11
CRI,1992,,,0.006160774187500191,11
CUB,1992,,,0.0031011438917815247,11
CYP,1992,,,0.008176802813646977,11
CZE,1992,,,0.009756518024571245,11
DEU,1992,,,0.008450053290855688,11
DJI,1992,,,0.007219589018179785,11
DNK,1992,,,0.008176802813646977,11
DOM,1992,,,0.00597511657647304,10
DZA,1992,,,0.00677397419585982,11
ECU,1992,,,0.00597511657647304,11
EGY,1992,,,0.006676126910413488,10
ERI,1992,,,0.0018670323149821786,11
ESP,1992,,,0.009068597497353406,11
EST,1992,,,0.008176802813646977,10
ETH,1992,,,0.004249342919275981,11
FIN,1992,,,0.008176802813646977,11
FJI,1992,,,0.000906344410876133,11
FRA,1992,,,0.011406880486684798,11
GAB,1992,,,0.003591915367059362,11
GBR,1992,,,0.008972831839136986,11
GEO,1992,,,0.0018900089900231952,11
GHA,1992,,,0.006114683565798312,11
GIN,1992,,,0.006114683565798312,11
GMB,1992,,,0.006025491928702161,11
GNB,1992,,,0.005670304901722305,11
GNQ,1992,,,0.002139014153099841,11
GRC,1992,,,0.00852383928014466,11
GTM,1992,,,0.00597511657647304,11
GUY,1992,,,0.00597511657647304,11
HKG,1992,,,0.000906344410876133,11
HND,1992,,,0.00597511657647304,11
HRV,1992,,,0.008592033636873612,11
HTI,1992,,,0.00597511657647304,11
HUN,1992,,,0.011032438091378764,11
IDN,1992,,,0.006106605338925924,11
IND,1992,,,0.007142224938223735,11
IRL,1992,,,0.008176802813646977,11
IRN,1992,,,0.0031432385715404717,11
IRQ,1992,,,0.0069076885380763885,11
ISL,1992,,,0.008176802813646977,11
ISR,1992,,,0.004163976976862117,11
ITA,1992,,,0.008865420782611594,11
JAM,1992,,,0.00597511657647304,11
JOR,1992,,,0.006476251631526579,11
JPN,1992,,,0.0021658182982921006,11
KAZ,1992,,,0.009374846433750646,11
KEN,1992,,,0.0031654356242606743,11
KGZ,1992,,,0.0030908922211788457,11
KHM,1992,,,0.002598885267459249,11
KOR,1992,,,0.0016024822248079944,11
KWT,1992,,,0.006123570380576162,11
LAO,1992,,,0.006107152515292468,10
LBN,1992,,,0.006476251631526579,11
LBR,1992,,,0.0062359205793220355,11
LBY,1992,,,0.007749198906112283,11
LKA,1992,,,0.0015134891242715644,11
LSO,1992,,,0.0017718464094643369,11
LTU,1992,,,0.008920157226538744,11
LUX,1992,,,0.008176802813646977,11
LVA,1992,,,0.008920157226538744,11
MAR,1992,,,0.006312736070727595,11
MDA,1992,,,0.0022983453472563437,11
MDG,1992,,,0.000906344410876133,11
MDV,1992,,,0.0013542489021549909,11
MEX,1992,,,0.00597511657647304,11
MKD,1992,,,0.0016469958591880142,11
MLI,1992,,,0.006394041682564612,11
MLT,1992,,,0.008439177601630031,11
MMR,1992,,,0.00432895360846971,10
MNG,1992,,,0.0016024822248079944,11
MOZ,1992,,,0.006487020703119148,11
MRT,1992,,,0.010935999896665615,11
MUS,1992,,,0.000906344410876133,11
MWI,1992,,,0.0028966838949951697,11
MYS,1992,,,0.004936105741320934,11
NAM,1992,,,0.004017510433699522,11
NER,1992,,,0.007395045870237329,11
NGA,1992,,,0.006279979657322031,11
NIC,1992,,,0.00597511657647304,11
NLD,1992,,,0.008176802813646977,11
NOR,1992,,,0.008176802813646977,11
NPL,1992,,,0.0019613936155504223,11
NZL,1992,,,0.0018318973902051961,11
OMN,1992,,,0.006123570380576162,11
PAK,1992,,,0.0037424332492260125,11
PAN,1992,,,0.00597511657647304,11
PER,1992,,,0.00597511657647304,10
PHL,1992,,,0.006412699919738323,11
PNG,1992,,,0.007066626441497817,11
POL,1992,,,0.00847704774191858,11
PRK,1992,,,0.0024813578922535324,11
PRT,1992,,,0.008176802813646977,10
PRY,1992,,,0.00597511657647304,11
PSE,1992,,,0.000906344410876133,11
QAT,1992,,,0.00631087692472432,11
ROU,1992,,,0.008773303373634071,11
RUS,1992,,,0.017522721592058404,11
RWA,1992,,,0.0035044527635919418,11
SAU,1992,,,0.007369148421104074,11
SDN,1992,,,0.009802178122370263,11
SEN,1992,,,0.005889506169566859,11
SGP,1992,,,0.004469885515249855,11
SLB,1992,,,0.0015071133062824885,11
SLE,1992,,,0.005670304901722305,11
SLV,1992,,,0.00597511657647304,11
SML,1992,,,0.000906344410876133,11
SOM,1992,,,0.0070130936167630414,10
SRB,1992,,,0.008411800159519861,10
STP,1992,,,0.000906344410876133,11
SUR,1992,,,0.00597511657647304,10
SVN,1992,,,0.0014810358386069173,11
SWE,1992,,,0.008176802813646977,11
SWZ,1992,,,0.0023846988880617216,11
SYC,1992,,,0.000906344410876133,11
SYR,1992,,,0.007323210321641909,11
TCD,1992,,,0.002977348710111468,11
TGO,1992,,,0.005889506169566859,11
THA,1992,,,0.006338587110554334,10
TJK,1992,,,0.009579801754278966,11
TKM,1992,,,0.00914182348444672,11
TLS,1992,,,0.0014254931838120573,11
TTO,1992,,,0.00597511657647304,11
TUN,1992,,,0.006323624415241671,11
TUR,1992,,,0.011004931559399377,11
TWN,1992,,,0.0013542489021549909,11
TZA,1992,,,0.006129560033008587,11
UGA,1992,,,0.0037757017325920203,11
UKR,1992,,,0.009852776546079344,11
URY,1992,,,0.00597511657647304,11
USA,1992,,,0.01664646092195148,11
UZB,1992,,,0.0030813945025816186,11
VEN,1992,,,0.00597511657647304,11
VNM,1992,,,0.0057706479478817066,11
VUT,1992,,,0.000906344410876133,11
YEM,1992,,,0.006926292421146985,11
ZAF,1992,,,0.008143094511172625,11
ZMB,1992,,,0.006830765222602437,11
ZWE,1992,,,0.004004217443840464,11
ZZB,1992,,,0.000906344410876133,11
AFG,1993,,,0.002871005692726792,11
AGO,1993,,,0.005716500064756869,11
ALB,1993,,,0.008184942064027752,11
ARE,1993,,,0.006210614741377031,11
ARG,1993,,,0.005820469544968994,11
ARM,1993,,,0.008598217526342645,11
AUS,1993,,,0.0031818143062184905,11
AUT,1993,,,0.002028137666468478,11
AZE,1993,,,0.008276365003247289,11
BDI,1993,,,0.0031931823146012714,11
BEL,1993,,,0.007864006408840253,11
BEN,1993,,,0.005547160117674052,11
BFA,1993,,,0.005547160117674052,11
BGD,1993,,,0.0020673462933133192,11
BGR,1993,,,0.009595047387687721,11
BHR,1993,,,0.0063658495143304765,11
BIH,1993,,,0.007864006408840253,11
BLR,1993,,,0.007990757563274711,11
BOL,1993,,,0.005820469544968994,11
BRA,1993,,,0.0061246274758650935,11
BRB,1993,,,0.005820469544968994,11
BTN,1993,,,0.001894177194830042,11
BWA,1993,,,0.004141893713652766,11
CAF,1993,,,0.0036455397445587477,11
CAN,1993,,,0.00810869980699994,11
CHE,1993,,,0.008494562565904145,11
CHL,1993,,,0.005820469544968994,11
CHN,1993,,,0.015538166389722262,11
CIV,1993,,,0.005763548864555296,11
CMR,1993,,,0.004292832724991141,11
COD,1993,,,0.005651512827101401,11
COG,1993,,,0.004033149411059959,11
COL,1993,,,0.005820469544968994,11
COM,1993,,,0.0059600176758967185,11
CPV,1993,,,0.005547160117674052,11
CRI,1993,,,0.005977456886673862,11
CUB,1993,,,0.0030342180322108754,11
CYP,1993,,,0.007864006408840253,11
CZE,1993,,,0.008319879072365982,11
DEU,1993,,,0.008108952351074623,11
DJI,1993,,,0.0070694665629624075,11
DNK,1993,,,0.007864006408840255,11
DOM,1993,,,0.005820469544968994,11
DZA,1993,,,0.006685252908279164,10
ECU,1993,,,0.005820469544968994,11
EGY,1993,,,0.006554978751113597,11
ERI,1993,,,0.0018058803502760993,11
ESP,1993,,,0.008702544733811154,11
EST,1993,,,0.007864006408840255,10
ETH,1993,,,0.004008465683630018,11
FIN,1993,,,0.007864006408840255,11
FJI,1993,,,0.0009009009009009011,11
FRA,1993,,,0.010321393021980804,11
GAB,1993,,,0.003480915939474738,11
GBR,1993,,,0.008608920059221098,11
GEO,1993,,,0.002738871575516534,10
GHA,1993,,,0.005957776503608127,11
GIN,1993,,,0.005957776503608127,11
GMB,1993,,,0.005887336088578201,11
GNB,1993,,,0.005547160117674052,11
GNQ,1993,,,0.0021009701322428813,11
GRC,1993,,,0.008184942064027752,11
GTM,1993,,,0.005820469544968994,11
GUY,1993,,,0.005820469544968994,11
HKG,1993,,,0.0009009009009009011,11
HND,1993,,,0.005820469544968994,11
HRV,1993,,,0.007864006408840255,11
HTI,1993,,,0.005820469544968994,10
HUN,1993,,,0.010142933278798857,11
IDN,1993,,,0.005897394310740238,11
IND,1993,,,0.006828755613139954,11
IRL,1993,,,0.007864006408840255,11
IRN,1993,,,0.0027069594664810713,11
IRQ,1993,,,0.006716449264043888,11
ISL,1993,,,0.007864006408840255,11
ISR,1993,,,0.003982998235561003,11
ITA,1993,,,0.008108952351074623,11
JAM,1993,,,0.005820469544968994,11
JOR,1993,,,0.006389548083887582,11
JPN,1993,,,0.002041124420509381,11
KAZ,1993,,,0.009035221650010774,11
KEN,1993,,,0.003076495127295271,11
KGZ,1993,,,0.0028086968399640873,11
KHM,1993,,,0.0026119616804157544,11
KOR,1993,,,0.0015211023564165168,11
KWT,1993,,,0.006052348024207522,11
LAO,1993,,,0.0056650355581047505,11
LBN,1993,,,0.006389548083887582,11
LBR,1993,,,0.006485883475080758,11
LBY,1993,,,0.0075250718744796575,11
LKA,1993,,,0.0014813938629617135,11
LSO,1993,,,0.0017519233202177374,11
LTU,1993,,,0.00827246929741753,11
LUX,1993,,,0.007864006408840255,11
LVA,1993,,,0.00827246929741753,11
MAR,1993,,,0.006212207854343817,11
MDA,1993,,,0.007779793577714449,11
MDG,1993,,,0.0009009009009009011,11
MDV,1993,,,0.0013136842327692293,11
MEX,1993,,,0.005820469544968994,11
MKD,1993,,,0.0015231554072759322,11
MLI,1993,,,0.006221544887303023,11
MLT,1993,,,0.008108756627550734,11
MMR,1993,,,0.004135638144233572,11
MNG,1993,,,0.0016810707918488463,11
MOZ,1993,,,0.006284177861231006,11
MRT,1993,,,0.010748123723930397,11
MUS,1993,,,0.0009009009009009011,11
MWI,1993,,,0.0028435704731574456,11
MYS,1993,,,0.004625113462373062,11
NAM,1993,,,0.0039524760213900155,11
NER,1993,,,0.007214501495133121,10
NGA,1993,,,0.006143374540892448,11
NIC,1993,,,0.005820469544968994,11
NLD,1993,,,0.007864006408840255,11
NOR,1993,,,0.007864006408840255,11
NPL,1993,,,0.001894177194830042,11
NZL,1993,,,0.0018024727915662833,11
OMN,1993,,,0.006052348024207522,11
PAK,1993,,,0.0035189627497379285,11
PAN,1993,,,0.005820469544968994,11
PER,1993,,,0.005820469544968994,10
PHL,1993,,,0.0059547189260422675,11
PNG,1993,,,0.006698637626914335,11
POL,1993,,,0.00807494682556322,11
PRK,1993,,,0.0023810222534015814,11
PRT,1993,,,0.007864006408840255,11
PRY,1993,,,0.005820469544968994,11
PSE,1993,,,0.0009009009009009011,11
QAT,1993,,,0.00621061474137703,11
ROU,1993,,,0.008108952351074623,11
RUS,1993,,,0.015374049006628367,11
RWA,1993,,,0.003445305998496564,11
SAU,1993,,,0.007221409603630402,11
SDN,1993,,,0.00962064163082876,11
SEN,1993,,,0.005726005006731977,11
SGP,1993,,,0.00419442253705932,11
SLB,1993,,,0.0014703717212665585,11
SLE,1993,,,0.005547160117674052,10
SLV,1993,,,0.005820469544968994,11
SML,1993,,,0.0009009009009009011,11
SOM,1993,,,0.006906586017015556,11
SRB,1993,,,0.007193238345206876,11
STP,1993,,,0.0009009009009009011,11
SUR,1993,,,0.005820469544968994,11
SVK,1993,,,0.008431938629136876,11
SVN,1993,,,0.007542277457450689,11
SWE,1993,,,0.007864006408840255,11
SWZ,1993,,,0.0023456247389189552,11
SYC,1993,,,0.0009009009009009011,11
SYR,1993,,,0.007101733702935844,11
TCD,1993,,,0.0028974892820178445,11
TGO,1993,,,0.005726005006731977,11
THA,1993,,,0.005872091051675029,11
TJK,1993,,,0.009024151297309642,10
TKM,1993,,,0.00845232853134745,10
TLS,1993,,,0.0013566681598344587,11
TTO,1993,,,0.005820469544968994,11
TUN,1993,,,0.006217960237732094,11
TUR,1993,,,0.009982060149157375,11
TWN,1993,,,0.0013136842327692293,11
TZA,1993,,,0.005988519392799144,11
UGA,1993,,,0.0036963927406040683,11
UKR,1993,,,0.008491007010965279,11
URY,1993,,,0.005820469544968994,11
USA,1993,,,0.016030502223794183,11
UZB,1993,,,0.008293482249705424,10
VEN,1993,,,0.005820469544968994,11
VNM,1993,,,0.0053161637197813244,11
VUT,1993,,,0.0009009009009009011,10
YEM,1993,,,0.006544857025163313,11
ZAF,1993,,,0.00800671631099418,11
ZMB,1993,,,0.006703197718903618,11
ZWE,1993,,,0.0039386061408048945,11
ZZB,1993,,,0.0009009009009009011,11
AFG,1994,,,0.002802077417025493,14
AGO,1994,,,0.00568545360943232,14
ALB,1994,,,0.00814248922480288,14
ARE,1994,,,0.006168485238513264,14
ARG,1994,,,0.005781559066734092,14
ARM,1994,,,0.008106952218973942,13
AUS,1994,,,0.0031672552884526627,14
AUT,1994,,,0.001978433112577514,14
AZE,1994,,,0.007797006896532114,13
BDI,1994,,,0.003184537126296093,14
BEL,1994,,,0.007827278358113622,14
BEN,1994,,,0.005522476861869815,14
BFA,1994,,,0.005522476861869815,14
BGD,1994,,,0.002054371336774121,14
BGR,1994,,,0.009541223349527388,14
BHR,1994,,,0.006316975107429981,14
BIH,1994,,,0.007827278358113622,14
BLR,1994,,,0.007517409226269821,14
BOL,1994,,,0.005781559066734092,14
BRA,1994,,,0.00608432866193043,14
BRB,1994,,,0.005781559066734092,14
BTN,1994,,,0.0018714684520805154,14
BWA,1994,,,0.004133353407403481,14
CAF,1994,,,0.0036285930571937084,14
CAN,1994,,,0.00807002998654323,14
CHE,1994,,,0.00844624042176049,14
CHL,1994,,,0.005781559066734092,14
CHN,1994,,,0.01539659312277115,14
CIV,1994,,,0.005737485125274769,14
CMR,1994,,,0.00427957125625228,14
COD,1994,,,0.0056335166577815895,13
COG,1994,,,0.0040124417410350765,14
COL,1994,,,0.005982027759647257,14
COM,1994,,,0.005919792755621595,13
CPV,1994,,,0.005522476861869815,14
CRI,1994,,,0.005931779819465809,14
CUB,1994,,,0.0030206682261894454,14
CYP,1994,,,0.007827278358113622,14
CZE,1994,,,0.008029009907817459,14
DEU,1994,,,0.008066203670067051,14
DJI,1994,,,0.0070217179025822,14
DNK,1994,,,0.007827278358113622,14
DOM,1994,,,0.005781559066734092,14
DZA,1994,,,0.006646247117236737,13
ECU,1994,,,0.005781559066734092,14
EGY,1994,,,0.006509232420221756,14
ERI,1994,,,0.0017990245442925565,14
ESP,1994,,,0.008656835408251505,14
EST,1994,,,0.007827278358113622,14
ETH,1994,,,0.003967198097375844,14
FIN,1994,,,0.007827278358113622,14
FJI,1994,,,0.0009009009009009011,14
FRA,1994,,,0.010270510537517355,14
GAB,1994,,,0.0034638071818872,14
GBR,1994,,,0.008566735066587266,14
GEO,1994,,,0.007517409226269821,14
GHA,1994,,,0.005917669156268641,14
GIN,1994,,,0.005917669156268641,14
GMB,1994,,,0.0058595082210550235,13
GNB,1994,,,0.005522476861869815,14
GNQ,1994,,,0.0020961891558016806,14
GRC,1994,,,0.00814248922480288,14
GTM,1994,,,0.005781559066734092,14
GUY,1994,,,0.005781559066734092,14
HKG,1994,,,0.0009009009009009011,14
HND,1994,,,0.005781559066734092,14
HRV,1994,,,0.007827278358113622,14
HTI,1994,,,0.005781559066734092,14
HUN,1994,,,0.010084238034923608,14
IDN,1994,,,0.0058346019771606215,14
IND,1994,,,0.006751686836670106,14
IRL,1994,,,0.007827278358113622,14
IRN,1994,,,0.0026511794427219824,14
IRQ,1994,,,0.006659995659950358,14
ISL,1994,,,0.007827278358113622,14
ISR,1994,,,0.0039450305476152435,14
ITA,1994,,,0.008066203670067051,14
JAM,1994,,,0.005781559066734092,14
JOR,1994,,,0.006350869771832428,14
JPN,1994,,,0.002007380333683054,14
KAZ,1994,,,0.008530493829578288,14
KEN,1994,,,0.0030645669495018325,14
KGZ,1994,,,0.00790986904498403,13
KHM,1994,,,0.0025821587016959446,14
KOR,1994,,,0.00149662153472243,14
KWT,1994,,,0.006016837618997158,14
LAO,1994,,,0.005600131582288231,14
LBN,1994,,,0.006350869771832428,13
LBR,1994,,,0.006436973057425962,14
LBY,1994,,,0.007460278622113366,14
LKA,1994,,,0.001474841637127857,14
LSO,1994,,,0.0017496937624951314,14
LTU,1994,,,0.008219899806876303,14
LUX,1994,,,0.007827278358113622,14
LVA,1994,,,0.008219899806876303,14
MAR,1994,,,0.006169956936423013,14
MDA,1994,,,0.007517409226269821,14
MDG,1994,,,0.0009009009009009011,14
MDV,1994,,,0.0012975277158535595,14
MEX,1994,,,0.005781559066734092,14
MKD,1994,,,0.0014958945611867264,14
MLI,1994,,,0.006179886923058028,14
MLT,1994,,,0.008069860682198655,14
MMR,1994,,,0.004090313119503239,14
MNG,1994,,,0.0016476515129357093,14
MOZ,1994,,,0.006246097324246853,14
MRT,1994,,,0.010687945114415783,14
MUS,1994,,,0.0009009009009009011,14
MWI,1994,,,0.002834360922252659,14
MYS,1994,,,0.004571842966622018,14
NAM,1994,,,0.003942938331874163,14
NER,1994,,,0.0071827947733961554,14
NGA,1994,,,0.006116827759022824,14
NIC,1994,,,0.005781559066734092,14
NLD,1994,,,0.007827278358113622,14
NOR,1994,,,0.007827278358113622,14
NPL,1994,,,0.0018714684520805154,14
NZL,1994,,,0.0017983473062739852,14
OMN,1994,,,0.006016837618997158,14
PAK,1994,,,0.00346859830019118,14
PAN,1994,,,0.005781559066734092,14
PER,1994,,,0.005781559066734092,14
PHL,1994,,,0.005867837634162948,13
PNG,1994,,,0.006636372470246456,14
POL,1994,,,0.007827278358113622,14
PRK,1994,,,0.0023527041439932858,14
PRT,1994,,,0.007827278358113622,14
PRY,1994,,,0.005781559066734092,14
PSE,1994,,,0.0009009009009009011,14
QAT,1994,,,0.006168485238513264,14
ROU,1994,,,0.008066203670067051,14
RUS,1994,,,0.014991320761789955,13
RWA,1994,,,0.0034363098660090694,13
SAU,1994,,,0.007161121725057385,14
SDN,1994,,,0.009570009557584047,14
SEN,1994,,,0.005694544749570542,14
SGP,1994,,,0.004156279975319913,14
SLB,1994,,,0.0014650776219276877,14
SLE,1994,,,0.005522476861869815,13
SLV,1994,,,0.005781559066734092,14
SML,1994,,,0.0009009009009009011,14
SOM,1994,,,0.006865619839502251,14
SRB,1994,,,0.0069179936109167745,14
STP,1994,,,0.0009009009009009011,14
SUR,1994,,,0.005781559066734092,14
SVK,1994,,,0.00839745478746006,14
SVN,1994,,,0.007517409226269821,14
SWE,1994,,,0.007827278358113622,14
SWZ,1994,,,0.002339800765971649,14
SYC,1994,,,0.0009009009009009011,14
SYR,1994,,,0.007035252737194603,14
TCD,1994,,,0.0028880978927097924,14
TGO,1994,,,0.005694544749570542,14
THA,1994,,,0.005801376445270905,14
TJK,1994,,,0.008515456475862448,13
TKM,1994,,,0.008402468739092294,13
TLS,1994,,,0.0013518148284034092,14
TTO,1994,,,0.005781559066734092,14
TUN,1994,,,0.0061753936446898765,14
TUR,1994,,,0.009708541910402102,14
TWN,1994,,,0.0012975277158535595,14
TZA,1994,,,0.005956356345537895,14
UGA,1994,,,0.003685547824461289,14
UKR,1994,,,0.008635731423734833,14
URY,1994,,,0.005781559066734092,14
USA,1994,,,0.015923929460437823,14
UZB,1994,,,0.007812751644912496,14
VEN,1994,,,0.005781559066734092,14
VNM,1994,,,0.005249506997651341,14
VUT,1994,,,0.0009009009009009011,14
YEM,1994,,,0.0064920201083608,14
ZAF,1994,,,0.007985702783352682,14
ZMB,1994,,,0.006682456013820348,14
ZWE,1994,,,0.003928770377036553,14
ZZB,1994,,,0.0009009009009009011,14
AFG,1995,-0.0034516829789364486,,0.00270938355139649,18
AGO,1995,-0.0034516829789364486,,0.005654351841802057,18
ALB,1995,-0.0034516829789364486,,0.007715937998724159,18
ARE,1995,-0.003445561078477249,,0.006121900459199297,18
ARG,1995,-0.003423057546867345,,0.005725086413820711,18
ARM,1995,-0.003561893171623102,,0.008477707129742561,17
AUS,1995,-0.003455030232905999,,0.003347253969550365,18
AUT,1995,-0.0034536190712109705,,0.0019360922745220491,18
AZE,1995,-0.003890143131980137,,0.007692283386731372,17
BDI,1995,-0.003578648259216884,,0.003174132007010883,17
BEL,1995,-0.0034516829789364486,,0.007715937998724159,18
BEN,1995,-0.0034516829789364486,,0.0054909677189275115,18
BFA,1995,-0.0034516829789364486,,0.0054909677189275115,18
BGD,1995,-0.0034516829789364486,,0.0018333421145937767,18
BGR,1995,-0.0034611620089587854,,0.009479030022336844,18
BHR,1995,-0.0034516829789364486,,0.006265611873224477,18
BIH,1995,-0.003930071134857346,,0.007715937998724159,17
BLR,1995,-0.0035481416571202626,,0.00741989832183185,17
BOL,1995,-0.0033772568555567794,,0.005725086413820711,18
BRA,1995,-0.00341462914742858,,0.006175638584644792,18
BRB,1995,-0.0034516829789364486,,0.005725086413820711,18
BTN,1995,-0.003453452625313696,,0.0017696463772471317,18
BWA,1995,-0.0034805490663159747,,0.0041237267685037245,18
CAF,1995,-0.0034299959501893303,,0.0036145047911863805,18
CAN,1995,-0.0033721163528365157,,0.007956662609993259,18
CHE,1995,-0.0034516829789364486,,0.008298376215324742,18
CHL,1995,-0.0032398547816250823,,0.005725086413820711,18
CHN,1995,-0.0034371688775806262,,0.014514101355822446,18
CIV,1995,-0.0032977519670571035,,0.005701148588123904,18
CMR,1995,-0.0034516829789364486,,0.004267584931940172,18
COD,1995,-0.003440454879178297,,0.005614049879075929,18
COG,1995,-0.0035195482780155302,,0.003992076416416563,17
COL,1995,-0.0034516829789364486,,0.005917241835464615,18
COM,1995,-0.0030991327916121744,,0.005875836455404573,18
CPV,1995,-0.0034516829789364486,,0.0054909677189275115,18
CRI,1995,-0.0034458117219183636,,0.005871257018085108,18
CUB,1995,-0.0034366598465377677,,0.003004626479736188,18
CYP,1995,-0.0034516829789364486,,0.007715937998724159,18
CZE,1995,-0.0034516829789364486,,0.007742844107886333,18
DEU,1995,-0.0034516829789364486,,0.007949742359855674,18
DJI,1995,-0.0034516829789364486,,0.00696977740983822,18
DNK,1995,-0.0034516829789364486,,0.007715937998724159,18
DOM,1995,-0.003440232806108807,,0.005725086413820711,18
DZA,1995,-0.0034120825446573686,,0.0066000723798466734,18
ECU,1995,-0.003503208756660835,,0.005725086413820711,18
EGY,1995,-0.0034452250291076313,,0.006457949828817196,18
ERI,1995,-0.0034463071820704226,,0.001791932288675289,18
ESP,1995,-0.0034516829789364486,,0.008751402248238187,18
EST,1995,-0.0035442742349211386,,0.007715937998724159,17
ETH,1995,-0.0035891495107448434,,0.0039276151945255655,17
FIN,1995,-0.0034516829789364486,,0.007715937998724159,18
FJI,1995,-0.003465196492449962,,0.0009009009009009011,17
FRA,1995,-0.0034516829789364486,,0.010149474935625326,18
GAB,1995,-0.003437889835619981,,0.0034482858291168964,18
GBR,1995,-0.0034516829789364486,,0.008449512084383364,18
GEO,1995,-0.0034071635890054576,,0.00741989832183185,18
GHA,1995,-0.0032522913698623634,,0.005864459090414276,18
GIN,1995,-0.003340258256218577,,0.005864459090414276,18
GMB,1995,-0.004820298943623813,,0.005823897722073892,17
GNB,1995,-0.0029465139487951176,,0.005490967718927511,18
GNQ,1995,-0.0034412238956677355,,0.002091816653742634,18
GRC,1995,-0.003436251102939,,0.007715937998724159,18
GTM,1995,-0.0033887070283844206,,0.005725086413820711,18
GUY,1995,-0.0034516829789364486,,0.005725086413820711,18
HKG,1995,-0.0034516829789364486,,0.0009009009009009011,18
HND,1995,-0.0032398547816250823,,0.005725086413820711,18
HRV,1995,-0.0033976714129453794,,0.007715937998724159,18
HTI,1995,-0.0033085558185909306,,0.005725086413820711,18
HUN,1995,-0.0034616086291618274,,0.00992565022537898,18
IDN,1995,-0.0034516829789364486,,0.0069643948945098365,18
IND,1995,-0.003406856949278671,,0.006403718522539612,18
IRL,1995,-0.0034516829789364486,,0.007715937998724159,18
IRN,1995,-0.0034439351386136856,,0.0025826134409210307,18
IRQ,1995,-0.00344508552842624,,0.006597450510208714,18
ISL,1995,-0.0034516829789364486,,0.007715937998724159,18
ISR,1995,-0.0034127266878209417,,0.0038956291115506926,18
ITA,1995,-0.003491431690735727,,0.007949742359855676,18
JAM,1995,-0.003365806682729138,,0.005725086413820711,18
JOR,1995,-0.003502121848063819,,0.006304858640921299,18
JPN,1995,-0.003447752011841906,,0.001965483547271169,18
KAZ,1995,-0.003443368949860406,,0.0083140290760424,18
KEN,1995,-0.003436428378292907,,0.00305092012870835,18
KGZ,1995,-0.003630853099178411,,0.00779000522791141,17
KHM,1995,-0.003216461332878043,,0.005004715873583092,18
KOR,1995,-0.0034414254354730657,,0.0014653633519118529,18
KWT,1995,-0.0034516829789364486,,0.005974951573298256,18
LAO,1995,-0.0034516829789364486,,0.005038452918438496,18
LBN,1995,-0.0034832072721410552,,0.006304858640921299,18
LBR,1995,-0.0036619756104994527,,0.0063725039867577,17
LBY,1995,-0.0034516829789364486,,0.007254318660242992,18
LKA,1995,-0.0033944567453576885,,0.0013957617946039115,18
LSO,1995,-0.0035075930187761736,,0.0017471887449914073,17
LTU,1995,-0.0033142177994243,,0.008086187030126436,18
LUX,1995,-0.0034516829789364486,,0.007715937998724159,18
LVA,1995,-0.0030392874404,,0.008086187030126436,18
MAR,1995,-0.003439434896930714,,0.006124041002867174,18
MDA,1995,-0.0028803508081553966,,0.00741989832183185,18
MDG,1995,-0.0033498811771346467,,0.0009009009009009011,18
MDV,1995,-0.003454232549903537,,0.0012747854835441213,18
MEX,1995,-0.0033829819419706,,0.005725086413820711,18
MKD,1995,-0.003164297912099247,,0.007562764916768462,18
MLI,1995,-0.0034516829789364486,,0.006124812584541731,18
MLT,1995,-0.0034516829789364486,,0.007715937998724159,18
MMR,1995,-0.0034516829789364486,,0.006691485792955977,18
MNG,1995,-0.0034516829789364486,,0.0017615635363883702,18
MOZ,1995,-0.0032902036315601217,,0.0062107441298587225,18
MRT,1995,-0.003387995688973203,,0.010614548327207547,18
MUS,1995,-0.0034516829789364486,,0.0009009009009009011,18
MWI,1995,-0.002855801341700241,,0.002824083588797193,18
MYS,1995,-0.0034516829789364486,,0.005038452918438496,18
NAM,1995,-0.003475277672855865,,0.003932448986569409,18
NER,1995,-0.003358746308304484,,0.007148974663997264,18
NGA,1995,-0.003646357591255851,,0.006083581634981317,17
NIC,1995,-0.0034574080653502694,,0.005725086413820711,18
NLD,1995,-0.0034593989169351726,,0.007715937998724159,18
NOR,1995,-0.0034439670409377246,,0.007715937998724159,18
NPL,1995,-0.0034516829789364486,,0.0017696463772471317,18
NZL,1995,-0.0034549074584654792,,0.0016122397645152887,18
OMN,1995,-0.0034457080273631504,,0.005974951573298256,18
PAK,1995,-0.0034452895254124044,,0.0031967267620220405,18
PAN,1995,-0.0034345077196949866,,0.005725086413820711,18
PER,1995,-0.003486033497419373,,0.005725086413820711,18
PHL,1995,-0.0034516829789364486,,0.006207568980298518,18
PNG,1995,-0.0034516829789364486,,0.0068709559332200505,18
POL,1995,-0.003428535164940276,,0.007715937998724159,18
PRK,1995,-0.0034516829789364486,,0.0023168460505787938,18
PRT,1995,-0.0034516829789364486,,0.007715937998724159,18
PRY,1995,-0.003417332460453524,,0.005725086413820711,18
PSE,1995,-0.0033868181140715835,,0.0009009009009009011,18
QAT,1995,-0.003445561078477249,,0.006121900459199297,18
ROU,1995,-0.0034516829789364486,,0.007949742359855676,18
RUS,1995,-0.003495405838494609,,0.014574286519386697,18
RWA,1995,-0.0036023967177666893,,0.0034253122461418367,17
SAU,1995,-0.0034516829789364486,,0.0070611797478959855,18
SDN,1995,-0.0034516829789364486,,0.009513280064014454,18
SEN,1995,-0.003355490769950109,,0.0056583652344905574,18
SGP,1995,-0.003447029627656264,,0.004653351280184428,18
SLB,1995,-0.0034516829789364486,,0.0013876604318108145,18
SLE,1995,-0.0034077552371850283,,0.005490967718927511,18
SLV,1995,-0.0029249750288649432,,0.005725086413820711,18
SML,1995,-0.0034444757717292415,,0.0009009009009009011,18
SOM,1995,-0.003444864901645853,,0.006818077290595506,18
SRB,1995,-0.0034516829789364486,,0.006540983845132349,18
STP,1995,-0.003449881177134647,,0.0009009009009009011,18
SUR,1995,-0.0034516829789364486,,0.005725086413820711,18
SVK,1995,-0.0038298530495407463,,0.008221088491397771,17
SVN,1995,-0.003429423283970953,,0.00741989832183185,18
SWE,1995,-0.0034516829789364486,,0.007715937998724159,18
SWZ,1995,-0.003463352523983913,,0.0023339090094928634,18
SYC,1995,-0.0034399712672247367,,0.0009009009009009011,18
SYR,1995,-0.0034516829789364486,,0.006966232233279861,18
TCD,1995,-0.0034516829789364486,,0.0028837909060859855,18
TGO,1995,-0.003293248752370713,,0.0056583652344905574,18
THA,1995,-0.0034569118996868537,,0.005228920750405287,18
TJK,1995,-0.003644238943644662,,0.0083719984655745,17
TKM,1995,-0.003459957151234633,,0.008274172298184513,18
TLS,1995,-0.0034516829789364486,,0.0013237886599056648,18
TTO,1995,-0.0034345077196949866,,0.005725086413820711,18
TUN,1995,-0.0034767902260029685,,0.00627681176662999,18
TUR,1995,-0.0033944475398351662,,0.009539239850213712,18
TWN,1995,-0.0034504081934529046,,0.0012747854835441213,18
TZA,1995,-0.00338069673088558,,0.005915520670905756,18
UGA,1995,-0.0033708873288685118,,0.0036725295485425836,18
UKR,1995,-0.003296272722855591,,0.00863390311560319,18
URY,1995,-0.0034459578925226278,,0.005725086413820711,18
USA,1995,-0.0034516829789364486,,0.015452280878764175,18
UZB,1995,-0.003544149157113617,,0.0077055148480973815,17
VEN,1995,-0.003428782633281166,,0.005725086413820711,18
VNM,1995,-0.0034516829789364486,,0.005251507164097743,18
VUT,1995,-0.0034516829789364486,,0.0009009009009009011,18
YEM,1995,-0.003393842166306404,,0.006426756958893798,18
ZAF,1995,-0.0024324400245908594,,0.007962835580824916,18
ZMB,1995,-0.003218600246169982,,0.006659506650470489,18
ZWE,1995,-0.0034516829789364486,,0.003918245938192993,18
ZZB,1995,-0.003449881177134647,,0.0009009009009009011,18
AFG,1996,-0.005980086342583216,,0.002731086829557308,11
AGO,1996,-0.005980086342583216,,0.00566831284396238,11
ALB,1996,-0.00593350736931393,,0.007763162211547571,11
ARE,1996,-0.00596183796910721,,0.0060827911586687705,11
ARG,1996,-0.005985816035615259,,0.005729693032042809,11
ARM,1996,-0.006790302580209368,,0.008528591975012127,10
AUS,1996,-0.005980086342583216,,0.0033387838071698654,11
AUT,1996,-0.005982028413597778,,0.0019420710145615046,11
AZE,1996,-0.00599556855201571,,0.007741104716246743,11
BDI,1996,-0.005929062438284854,,0.003188994018647631,11
BEL,1996,-0.005956796855948574,,0.007763162211547571,11
BEN,1996,-0.005836151630222295,,0.005535950475420037,11
BFA,1996,-0.005980086342583216,,0.005535950475420037,11
BGD,1996,-0.005980086342583216,,0.0018311694065755216,11
BGR,1996,-0.005989675073776274,,0.009588731193058139,11
BHR,1996,-0.005980086342583216,,0.006228207168492567,11
BIH,1996,-0.005980086342583216,,0.007763162211547571,11
BLR,1996,-0.00632249446231038,,0.007609069327270295,10
BOL,1996,-0.005911330026198702,,0.005729693032042809,11
BRA,1996,-0.005973902856402893,,0.006183486180323015,11
BRB,1996,-0.005980086342583216,,0.005729693032042809,11
BTN,1996,-0.005980086342583216,,0.0017766067035807048,11
BWA,1996,-0.005947056866142568,,0.004128684555080913,11
CAF,1996,-0.005980086342583216,,0.003643508670378888,11
CAN,1996,-0.005980086342583216,,0.008013750378043017,11
CHE,1996,-0.005971742663789217,,0.00834367879399917,11
CHL,1996,-0.005980086342583216,,0.005729693032042809,11
CHN,1996,-0.005980086342583216,,0.01429912286195961,11
CIV,1996,-0.006514513231929091,,0.005746525691891127,10
CMR,1996,-0.005984373342382178,,0.0042869997989613395,11
COD,1996,-0.005980086342583216,,0.0056501865133013465,11
COG,1996,-0.005980086342583216,,0.004008079337490941,11
COL,1996,-0.005968240367730856,,0.005922987426179988,11
COM,1996,-0.00597398809030776,,0.006098252275456035,11
CPV,1996,-0.005880439234025655,,0.005535950475420035,11
CRI,1996,-0.005980086342583216,,0.005876901448902215,11
CUB,1996,-0.005980086342583216,,0.003009539869419234,11
CYP,1996,-0.005980086342583216,,0.007763162211547571,11
CZE,1996,-0.005980086342583216,,0.007789319511778948,11
DEU,1996,-0.005980086342583216,,0.007997696950033668,11
DJI,1996,-0.005980086342583216,,0.006989630873454478,11
DNK,1996,-0.005987849504794763,,0.007763162211547571,11
DOM,1996,-0.005911330026198702,,0.005729693032042809,11
DZA,1996,-0.005934124626467762,,0.006565959445064867,11
ECU,1996,-0.005968626956519131,,0.005729693032042809,11
EGY,1996,-0.005980086342583216,,0.0064258996638795664,11
ERI,1996,-0.005980086342583216,,0.0018591768438644854,11
ESP,1996,-0.005980086342583216,,0.00881664399507096,11
EST,1996,-0.005980086342583216,,0.007763162211547571,11
ETH,1996,-0.00585641961106628,,0.004416668982747724,11
FIN,1996,-0.005972323180371669,,0.007763162211547571,11
FJI,1996,-0.005982789045285919,,0.0009009009009009011,11
FRA,1996,-0.006041521140591563,,0.010239133001391103,11
GAB,1996,-0.005980086342583216,,0.003463804553983405,11
GBR,1996,-0.005980086342583216,,0.008527749545402872,11
GEO,1996,-0.005950222141548512,,0.00746605025867589,11
GHA,1996,-0.0059091031904926344,,0.00591526267421512,11
GIN,1996,-0.005566017955388158,,0.00591526267421512,11
GMB,1996,-0.0066028897440050405,,0.0058755037869983465,10
GNB,1996,-0.005376667740762432,,0.005535950475420037,11
GNQ,1996,-0.0059696002923539885,,0.002097210045845457,11
GRC,1996,-0.005980086342583216,,0.007763162211547571,11
GTM,1996,-0.005888411254070532,,0.005729693032042809,11
GUY,1996,-0.005980086342583216,,0.005729693032042809,11
HKG,1996,-0.005976482738979613,,0.0009009009009009011,11
HND,1996,-0.005882681561038488,,0.005729693032042809,11
HRV,1996,-0.005964560018160121,,0.007763162211547571,11
HTI,1996,-0.005315441950866251,,0.005729693032042809,11
HUN,1996,-0.00596005544008885,,0.010015451247183279,11
IDN,1996,-0.005980086342583216,,0.006904734447977049,11
IND,1996,-0.005980086342583216,,0.0064165627279907725,11
IRL,1996,-0.005980086342583216,,0.007763162211547571,11
IRN,1996,-0.005980086342583216,,0.002608014860614155,11
IRQ,1996,-0.005890943018364122,,0.006367380301363881,11
ISL,1996,-0.005980086342583216,,0.007763162211547571,11
ISR,1996,-0.005980086342583216,,0.003975784435756977,11
ITA,1996,-0.0059960817364832835,,0.007997696950033667,11
JAM,1996,-0.0059571675704550445,,0.005729693032042809,11
JOR,1996,-0.005980086342583216,,0.006270680766870941,11
JPN,1996,-0.005980086342583216,,0.0020149174003454232,11
KAZ,1996,-0.00610562227559868,,0.008369062201030921,10
KEN,1996,-0.005970698652349334,,0.003129230077960451,11
KGZ,1996,-0.006105558974027388,,0.007842039465260709,10
KHM,1996,-0.005980086342583216,,0.0049491811176839515,11
KOR,1996,-0.005980086342583216,,0.0014725050237068705,11
KWT,1996,-0.005980086342583216,,0.005933743501206684,11
LAO,1996,-0.005980086342583216,,0.004987343920184671,11
LBN,1996,-0.005980086342583216,,0.006270680766870941,11
LBR,1996,-0.005999378713716291,,0.00643079037769157,11
LBY,1996,-0.005980086342583216,,0.007228179499473704,11
LKA,1996,-0.005904661754791641,,0.0013967516257699071,11
LSO,1996,-0.006251057445855912,,0.0017482006662754577,10
LTU,1996,-0.005980086342583216,,0.008139296749845351,11
LUX,1996,-0.005987849504794763,,0.007763162211547571,11
LVA,1996,-0.005988225639333061,,0.008139296749845351,11
MAR,1996,-0.005980086342583216,,0.006084699519226988,11
MDA,1996,-0.005860629538444402,,0.007466050258675889,11
MDG,1996,-0.005980086342583216,,0.0009009009009009011,11
MDV,1996,-0.005977524830625793,,0.0012807559787116987,11
MEX,1996,-0.0058425737098141885,,0.005729693032042809,11
MKD,1996,-0.004960471052728997,,0.007609069327270295,11
MLI,1996,-0.005980086342583216,,0.006186021337464316,11
MLT,1996,-0.005980086342583216,,0.007763162211547571,11
MMR,1996,-0.005980086342583216,,0.00664321918517075,11
MNG,1996,-0.005980086342583216,,0.001771419610434651,11
MOZ,1996,-0.004629031382997616,,0.006226059721592626,11
MRT,1996,-0.005937617937078301,,0.01061710137622862,11
MUS,1996,-0.005980086342583216,,0.0009009009009009011,11
MWI,1996,-0.005688465687513609,,0.002831268495821433,11
MYS,1996,-0.005985073686503401,,0.004987343920184671,11
NAM,1996,-0.0056532560871689445,,0.00393771392065387,11
NER,1996,-0.0060450850504982665,,0.007222078657227789,11
NGA,1996,-0.006029136981362166,,0.006131329847368796,11
NIC,1996,-0.005985816035615259,,0.005729693032042809,11
NLD,1996,-0.005980086342583216,,0.007763162211547571,11
NOR,1996,-0.005980086342583216,,0.007763162211547571,11
NPL,1996,-0.005983639555990378,,0.0017766067035807048,11
NZL,1996,-0.005980086342583216,,0.0016104345230587356,11
OMN,1996,-0.005980086342583216,,0.005933743501206684,11
PAK,1996,-0.005980086342583216,,0.0032294316027789262,11
PAN,1996,-0.0059571675704550445,,0.005729693032042809,11
PER,1996,-0.005756628314333547,,0.005729693032042809,11
PHL,1996,-0.005930808156994419,,0.006159773198599581,11
PNG,1996,-0.005980086342583216,,0.00681428496115859,11
POL,1996,-0.005987849504794763,,0.007763162211547571,11
PRK,1996,-0.005980086342583216,,0.0023253801195074544,11
PRT,1996,-0.005956796855948574,,0.007763162211547571,11
PRY,1996,-0.005980086342583216,,0.005729693032042809,11
PSE,1996,-0.005974680937177811,,0.0009009009009009011,11
QAT,1996,-0.005980086342583216,,0.0060827911586687705,11
ROU,1996,-0.005980086342583216,,0.007997696950033667,11
RUS,1996,-0.005980086342583216,,0.014438304525916294,11
RWA,1996,-0.006114356290057548,,0.0034428191660085088,10
SAU,1996,-0.005987774675544163,,0.007688332960946207,11
SDN,1996,-0.005980086342583216,,0.009564344657302602,11
SEN,1996,-0.005934447817819635,,0.005704815595447614,11
SGP,1996,-0.005980086342583216,,0.004597228566531535,11
SLB,1996,-0.005980086342583216,,0.0013836386823070286,11
SLE,1996,-0.0059468706397306954,,0.005535950475420037,11
SLV,1996,-0.00590560033316666,,0.005729693032042809,11
SML,1996,-0.005980086342583216,,0.0009009009009009011,11
SOM,1996,-0.005973256099989106,,0.006830242594109582,11
SRB,1996,-0.005980086342583216,,0.0067151511811167006,11
STP,1996,-0.00597378003627691,,0.0009009009009009011,11
SUR,1996,-0.005980086342583216,,0.005729693032042809,11
SVK,1996,-0.005996605316158171,,0.008259486787477673,11
SVN,1996,-0.006024882644135272,,0.007466050258675889,11
SWE,1996,-0.005972323180371669,,0.007763162211547571,11
SWZ,1996,-0.005980086342583216,,0.0023363681630217993,11
SYC,1996,-0.005971978234475108,,0.0009009009009009011,11
SYR,1996,-0.005973146654721113,,0.006939687862103288,11
TCD,1996,-0.005980086342583216,,0.0029164770683401562,11
TGO,1996,-0.005951562264605978,,0.005704815595447614,11
THA,1996,-0.0059386614367709645,,0.00517811322653151,11
TJK,1996,-0.006157061609018839,,0.008427393639791558,10
TKM,1996,-0.005996739044862452,,0.008326351139618285,11
TLS,1996,-0.005980086342583216,,0.001320160066818695,11
TTO,1996,-0.005997275421679345,,0.005729693032042809,11
TUN,1996,-0.005986325899107549,,0.006239556524332373,11
TUR,1996,-0.005960826168139078,,0.009630087222068996,11
TWN,1996,-0.005974963318668369,,0.0012807559787116987,11
TZA,1996,-0.005628837486413585,,0.005953370443553066,11
UGA,1996,-0.005957822573963435,,0.00371062810329694,11
UKR,1996,-0.005927957616341793,,0.008688121040237204,11
URY,1996,-0.005791006472525803,,0.005729693032042809,11
USA,1996,-0.00596456707986719,,0.01551926271602619,11
UZB,1996,-0.006158955137331309,,0.008130399761276975,10
VEN,1996,-0.005980086342583216,,0.005729693032042809,11
VNM,1996,-0.005980086342583216,,0.005366829336339611,11
VUT,1996,-0.005979185441682315,,0.0009009009009009011,11
YEM,1996,-0.006009736284179094,,0.0015605232418883083,10
ZAF,1996,-0.0038674129562769693,,0.007972352401155647,11
ZMB,1996,-0.005980086342583216,,0.006675627289245848,11
ZWE,1996,-0.005980086342583216,,0.003923473811109421,11
ZZB,1996,-0.005879185441682315,,0.0009009009009009011,11
AFG,1997,-0.00391589982370641,,0.002727245341255755,13
AGO,1997,-0.003869536652905062,,0.005668447352751023,14
ALB,1997,-0.0041797327732483736,,0.00775490300858279,13
ARE,1997,-0.003869536652905062,,0.006130279255143676,14
ARG,1997,-0.003886644937746121,,0.005702761613686451,14
ARM,1997,-0.0044658646554824235,,0.008518971465390874,13
AUS,1997,-0.0038628864443952574,,0.0033251042549021625,14
AUT,1997,-0.0038714768133141283,,0.0019401604090662355,14
AZE,1997,-0.003962334790197218,,0.0077331781076796675,13
BDI,1997,-0.003962075384320454,,0.003190990738461785,13
BEL,1997,-0.003869536652905062,,0.00775490300858279,14
BEN,1997,-0.003908396129254948,,0.005551353764269399,14
BFA,1997,-0.0038528825916122537,,0.005551353764269399,14
BGD,1997,-0.0038823148572417086,,0.001825457762378093,14
BGR,1997,-0.003802444213547083,,0.009584634193996968,14
BHR,1997,-0.003869536652905062,,0.006130279255143676,14
BIH,1997,-0.0032413895092098556,,0.00775490300858279,14
BLR,1997,-0.0043309171073647535,,0.007954835421718823,13
BOL,1997,-0.003869536652905062,,0.005702761613686451,14
BRA,1997,-0.003863379598759918,,0.006157054145143608,14
BRB,1997,-0.003869536652905062,,0.005702761613686451,14
BTN,1997,-0.003869536652905062,,0.0017744799767319996,14
BWA,1997,-0.003869536652905062,,0.004128697537466624,14
CAF,1997,-0.003869536652905062,,0.0036497497055648026,14
CAN,1997,-0.0038385170408707305,,0.00775490300858279,14
CHE,1997,-0.003844542370775272,,0.008331427376596642,14
CHL,1997,-0.003869536652905062,,0.005702761613686451,14
CHN,1997,-0.003869536652905062,,0.014267622886183112,14
CIV,1997,-0.0030975412278944838,,0.005761159888138642,14
CMR,1997,-0.003869536652905062,,0.004298827610890239,14
COD,1997,-0.003869536652905062,,0.005655329121383463,14
COG,1997,-0.003869536652905062,,0.004015136384550114,14
COL,1997,-0.0039049065542116545,,0.005894983551098765,14
COM,1997,-0.0043796336126842505,,0.006145746503363721,13
CPV,1997,-0.003625277087277208,,0.005551353764269399,14
CRI,1997,-0.003869536652905062,,0.00584978987332809,14
CUB,1997,-0.003869536652905062,,0.003008920993017531,14
CYP,1997,-0.003854026846887896,,0.00775490300858279,14
CZE,1997,-0.003892861086824215,,0.007774811306384357,14
DEU,1997,-0.003869536652905062,,0.007989207077364894,14
DJI,1997,-0.003869536652905062,,0.007039043064752196,14
DNK,1997,-0.003869536652905062,,0.00775490300858279,14
DOM,1997,-0.0032992604915364166,,0.005702761613686451,14
DZA,1997,-0.00290372284321083,,0.006615163080097479,14
ECU,1997,-0.003887221603558358,,0.005894983551098765,14
EGY,1997,-0.0038825292140298984,,0.006496280562418251,14
ERI,1997,-0.003869536652905062,,0.0018634407372082628,14
ESP,1997,-0.003860729083037071,,0.008807569867991045,14
EST,1997,-0.003869536652905062,,0.00775490300858279,14
ETH,1997,-0.0037722149390836024,,0.0044237142646117965,14
FIN,1997,-0.003861781749896479,,0.00775490300858279,14
FJI,1997,-0.003869536652905062,,0.0009009009009009011,14
FRA,1997,-0.0038183172564626145,,0.01024387928848945,14
GAB,1997,-0.003869536652905062,,0.003493238886276391,14
GBR,1997,-0.003869536652905062,,0.008531763687031135,14
GEO,1997,-0.003750205202443184,,0.0074582156538673516,14
GHA,1997,-0.00373907837960524,,0.005929921513628267,14
GIN,1997,-0.0038458169668505486,,0.005929921513628267,14
GMB,1997,-0.003698042305933764,,0.005913598171424066,14
GNB,1997,-0.003869536652905062,,0.005551353764269399,14
GNQ,1997,-0.0038674327605273677,,0.002103892377694104,14
GRC,1997,-0.003869536652905062,,0.00775490300858279,14
GTM,1997,-0.0036300206651302307,,0.005702761613686451,14
GUY,1997,-0.003869536652905062,,0.005702761613686451,14
HKG,1997,-0.003869536652905062,,0.0009009009009009011,14
HND,1997,-0.0037954007519271377,,0.005702761613686451,14
HRV,1997,-0.003714438592733406,,0.00775490300858279,14
HTI,1997,-0.003419018485423832,,0.005702761613686451,14
HUN,1997,-0.003869536652905062,,0.010003096583447427,14
IDN,1997,-0.003869536652905062,,0.0068350302825991825,14
IND,1997,-0.0038503368727713255,,0.006399926711245487,14
IRL,1997,-0.0038385170408707305,,0.00775490300858279,14
IRN,1997,-0.0038460721999674643,,0.0026071614375108216,14
IRQ,1997,-0.0035552134373889013,,0.006414759500329807,14
ISL,1997,-0.0038152523318449824,,0.00775490300858279,14
ISR,1997,-0.003865706072984345,,0.0038305799207167405,14
ITA,1997,-0.0038136122033635075,,0.007989207077364894,14
JAM,1997,-0.0038638338912913755,,0.005702761613686451,14
JOR,1997,-0.003869536652905062,,0.006340974431723635,14
JPN,1997,-0.003871548239817671,,0.0020115869126094664,14
KAZ,1997,-0.00391133498245737,,0.008359665910461549,14
KEN,1997,-0.003869536652905062,,0.0031343454574365775,14
KGZ,1997,-0.003932203677913814,,0.00783337812609405,14
KHM,1997,-0.003869536652905062,,0.004886784903413002,14
KOR,1997,-0.0038621836747879984,,0.0014705956234126816,14
KWT,1997,-0.0038635555874718523,,0.005981065433209743,14
LAO,1997,-0.003869536652905062,,0.004925157440753981,14
LBN,1997,-0.003869536652905062,,0.006340974431723635,14
LBR,1997,-0.003972998563303168,,0.006466369399881662,13
LBY,1997,-0.003869536652905062,,0.007277702812095393,14
LKA,1997,-0.003869536652905062,,0.0013954635553397245,14
LSO,1997,-0.003869536652905062,,0.001748159172738387,14
LTU,1997,-0.0039020574941224153,,0.008130210304338312,14
LUX,1997,-0.003869536652905062,,0.00775490300858279,14
LVA,1997,-0.003958968966252784,,0.008130210304338312,13
MAR,1997,-0.003869536652905062,,0.006131980977236009,14
MDA,1997,-0.003869536652905062,,0.0074582156538673516,14
MDG,1997,-0.0038758429592113683,,0.0009009009009009011,14
MDV,1997,-0.003869536652905062,,0.001279917322293176,14
MEX,1997,-0.0037497786590176465,,0.005702761613686451,14
MKD,1997,-0.0037631213248517452,,0.007601094860951166,14
MLI,1997,-0.003869536652905062,,0.00620262170503571,14
MLT,1997,-0.003791987622819234,,0.00775490300858279,14
MMR,1997,-0.003869536652905062,,0.006575656675530318,14
MNG,1997,-0.0038659980887686056,,0.0017692820682280704,14
MOZ,1997,-0.003906885717625149,,0.006224844120014575,14
MRT,1997,-0.0039015757139043055,,0.010679686999747808,14
MUS,1997,-0.0038713384547068635,,0.0009009009009009011,14
MWI,1997,-0.003866705282058545,,0.002831370846516526,14
MYS,1997,-0.0038744618103458157,,0.004925157440753981,14
NAM,1997,-0.003869536652905062,,0.0039377544096233525,14
NER,1997,-0.005607806301349009,,0.00724279020184978,13
NGA,1997,-0.003869536652905062,,0.006148376708353523,14
NIC,1997,-0.003943672553882985,,0.005702761613686451,13
NLD,1997,-0.003869536652905062,,0.00775490300858279,14
NOR,1997,-0.003869536652905062,,0.00775490300858279,14
NPL,1997,-0.003881958012742186,,0.0017744799767319996,14
NZL,1997,-0.0038582839947906254,,0.0016075225877766447,14
OMN,1997,-0.003869536652905062,,0.005981065433209743,14
PAK,1997,-0.003869536652905062,,0.0032229654372285896,14
PAN,1997,-0.003869536652905062,,0.005894983551098765,14
PER,1997,-0.003430424008651205,,0.005702761613686452,14
PHL,1997,-0.0038390746509652566,,0.00609240038796102,14
PNG,1997,-0.003869536652905062,,0.006744627662326014,14
POL,1997,-0.003923820973965142,,0.00775490300858279,14
PRK,1997,-0.003869536652905062,,0.0023232949279201904,14
PRT,1997,-0.0038074974288363995,,0.00775490300858279,14
PRY,1997,-0.0038410228448366294,,0.005702761613686452,14
PSE,1997,-0.0036154825988510076,,0.0009009009009009011,14
QAT,1997,-0.003863406373649918,,0.006130279255143676,14
ROU,1997,-0.0037816553750540487,,0.007989207077364894,14
RUS,1997,-0.004106438222821768,,0.014806348119794217,13
RWA,1997,-0.0038592029433182893,,0.0034445698622575438,14
SAU,1997,-0.0038617779039569412,,0.007758748948120396,14
SDN,1997,-0.0034078746116070887,,0.009617959193707771,14
SEN,1997,-0.003852375630982418,,0.005720340640881235,14
SGP,1997,-0.0038650003074758126,,0.004536345429249141,14
SLB,1997,-0.003869536652905062,,0.0013786978451047565,14
SLE,1997,-0.003192271493664195,,0.005551353764269398,14
SLV,1997,-0.0038296173216092566,,0.005702761613686452,14
SML,1997,-0.003869536652905062,,0.0009009009009009011,14
SOM,1997,-0.003869536652905062,,0.006879170753671593,14
SRB,1997,-0.0038359937488127295,,0.00670858081846643,14
STP,1997,-0.0038821492655176744,,0.0009009009009009011,13
SUR,1997,-0.0037954007519271377,,0.005702761613686452,14
SVK,1997,-0.003869536652905062,,0.008242739015488807,14
SVN,1997,-0.0037949544963663882,,0.0074582156538673516,14
SWE,1997,-0.003869536652905062,,0.00775490300858279,14
SWZ,1997,-0.0038742090762774917,,0.002336211686214878,14
SYC,1997,-0.0038713384547068635,,0.0009009009009009011,14
SYR,1997,-0.003869536652905062,,0.007009038610298677,14
TCD,1997,-0.0037292099126767678,,0.0029234737547561276,14
TGO,1997,-0.0038352146090597744,,0.005720340640881235,14
THA,1997,-0.0039615815364919624,,0.005113604643716733,13
TJK,1997,-0.003869536652905062,,0.008417902439319131,14
TKM,1997,-0.003869536652905062,,0.008317595456337453,14
TLS,1997,-0.003869536652905062,,0.0013159223992544157,14
TTO,1997,-0.0038467256064503162,,0.005702761613686452,14
TUN,1997,-0.003869536652905062,,0.00628688044068778,14
TUR,1997,-0.0037828960578074155,,0.009626732788627357,14
TWN,1997,-0.003637871617569997,,0.001279917322293176,14
TZA,1997,-0.003762350164989982,,0.005954804884171093,14
UGA,1997,-0.0038286791055890043,,0.0037143224832779645,14
UKR,1997,-0.003947630120496174,,0.00867705195456808,14
URY,1997,-0.003869536652905062,,0.005702761613686452,14
USA,1997,-0.003854399164981571,,0.01513748792349099,14
UZB,1997,-0.003885735662469061,,0.008099504781999506,14
VEN,1997,-0.003869536652905062,,0.005702761613686452,14
VNM,1997,-0.003853151767490884,,0.005461628471392537,14
VUT,1997,-0.00386773485110326,,0.0009009009009009011,14
YEM,1997,-0.003869536652905062,,0.0015637264201755364,14
ZAF,1997,-0.003821704863201051,,0.007971964950668504,14
ZMB,1997,-0.0038161266914176093,,0.006676245185931578,14
ZWE,1997,-0.0038577664976260713,,0.0039233850929968435,14
ZZB,1997,-0.0038362033195717287,,0.0009009009009009011,14
AFG,1998,-0.006037007088612746,,0.002759656855285653,15
AGO,1998,-0.006028728118046889,,0.005663182707469564,15
ALB,1998,-0.006160319964570949,,0.008224490407753778,14
ARE,1998,-0.006028728118046889,,0.006187008717543638,15
ARG,1998,-0.006034429439617625,,0.005701321570736069,15
ARM,1998,-0.006257569726090289,,0.008475615112718542,14
AUS,1998,-0.00605907918384716,,0.0033723406444745936,15
AUT,1998,-0.006028728118046889,,0.002026847286622477,15
AZE,1998,-0.006012760983356284,,0.00798356734530236,15
BDI,1998,-0.006143215810750875,,0.003180213686221828,14
BEL,1998,-0.006028728118046889,,0.007705345580128062,15
BEN,1998,-0.0060231847815120695,,0.005543336534819539,15
BFA,1998,-0.006017641444977249,,0.005543336534819539,15
BGD,1998,-0.006017726439473293,,0.001833613095599364,15
BGR,1998,-0.005895934031078342,,0.00948529192632475,15
BHR,1998,-0.006028728118046889,,0.006187008717543638,15
BIH,1998,-0.0034297891491966953,,0.008224490407753778,15
BLR,1998,-0.006640456567328491,,0.008266600665967598,14
BOL,1998,-0.006000221510193208,,0.005701321570736069,15
BRA,1998,-0.006028728118046889,,0.006161025854056178,15
BRB,1998,-0.006028728118046889,,0.005701321570736069,15
BTN,1998,-0.006028728118046889,,0.0017756491993548558,15
BWA,1998,-0.005971170412097939,,0.004111264710639329,15
CAF,1998,-0.006028728118046889,,0.003649952564527135,15
CAN,1998,-0.006074960191527657,,0.007705345580128062,15
CHE,1998,-0.006028728118046889,,0.008301856944520484,15
CHL,1998,-0.006028728118046889,,0.005701321570736069,15
CHN,1998,-0.006028728118046889,,0.014393853528373541,15
CIV,1998,-0.006034481354231347,,0.005753236184458159,15
CMR,1998,-0.0060201472637383,,0.0042904271542942695,15
COD,1998,-0.006276962897326124,,0.005641699529073524,14
COG,1998,-0.006859259167018441,,0.004012227289717643,14
COL,1998,-0.006028728118046889,,0.005899578035331863,15
COM,1998,-0.005334009980151467,,0.006202840516923411,15
CPV,1998,-0.006017641444977249,,0.005543336534819539,15
CRI,1998,-0.006028728118046889,,0.005853344520804632,15
CUB,1998,-0.006028728118046889,,0.0030002703733538446,15
CYP,1998,-0.006013317426886633,,0.007705345580128062,15
CZE,1998,-0.006030831012024907,,0.0021028939780176627,15
DEU,1998,-0.006028728118046889,,0.008400793317644737,15
DJI,1998,-0.006028728118046889,,0.007097995952552744,15
DNK,1998,-0.006028728118046889,,0.007705345580128062,15
DOM,1998,-0.005601129000241684,,0.005701321570736069,15
DZA,1998,-0.006115402265664029,,0.006667242124395357,14
ECU,1998,-0.00603462769608222,,0.005899578035331863,15
EGY,1998,-0.006041837645635857,,0.0065547637944841225,15
ERI,1998,-0.005974681448166674,,0.0018636782717315371,15
ESP,1998,-0.006019955380348162,,0.008772737698726402,15
EST,1998,-0.006028728118046889,,0.007705345580128062,15
ETH,1998,-0.006028728118046889,,0.004443089098489261,15
FIN,1998,-0.006028728118046889,,0.007705345580128062,15
FJI,1998,-0.006009922147897635,,0.0008955223880597017,15
FRA,1998,-0.006028728118046889,,0.01021115754193009,15
GAB,1998,-0.005997320084564344,,0.003489781498060539,15
GBR,1998,-0.006054196373230162,,0.008489418394424445,15
GEO,1998,-0.006059549500367401,,0.007705345580128062,15
GHA,1998,-0.00553102277321166,,0.0059250636289908286,15
GIN,1998,-0.0060109529271599165,,0.0059250636289908286,15
GMB,1998,-0.005343559645316089,,0.005906624764920685,15
GNB,1998,-0.006028728118046889,,0.005543336534819539,15
GNQ,1998,-0.006032921577905172,,0.00209672992914126,15
GRC,1998,-0.006036630299536229,,0.007902181489339818,15
GTM,1998,-0.005829181863071127,,0.005701321570736069,15
GUY,1998,-0.005983117545481,,0.005701321570736069,15
HKG,1998,-0.006036787819539426,,0.0008955223880597017,15
HND,1998,-0.006028728118046889,,0.005701321570736069,15
HRV,1998,-0.005897136271522828,,0.008224490407753778,15
HTI,1998,-0.005948909616056584,,0.005701321570736069,15
HUN,1998,-0.006028728118046889,,0.010441252825347374,15
IDN,1998,-0.005980779260055384,,0.006849836855929289,15
IND,1998,-0.00602228695282058,,0.006441165226308235,15
IRL,1998,-0.0060056120813065045,,0.007705345580128062,15
IRN,1998,-0.005912679171716105,,0.002637476052972342,15
IRQ,1998,-0.006028728118046889,,0.006475254475027208,15
ISL,1998,-0.006036433463627017,,0.007705345580128062,15
ISR,1998,-0.006024885571828276,,0.0038425462186120274,15
ITA,1998,-0.005963552782108295,,0.00814691699232424,15
JAM,1998,-0.005948909616056584,,0.005701321570736069,15
JOR,1998,-0.006047909888063914,,0.006393923339008296,15
JPN,1998,-0.006030749772032283,,0.002021653985394395,15
KAZ,1998,-0.005927218794200748,,0.008459110320511679,15
KEN,1998,-0.0060318593116467055,,0.003131193599817108,15
KGZ,1998,-0.006093399316920641,,0.008083899859218978,15
KHM,1998,-0.006028728118046889,,0.00485861580856347,15
KOR,1998,-0.0060184044128287345,,0.0014748150311649341,15
KWT,1998,-0.006010629653715684,,0.006032821443734963,15
LAO,1998,-0.006023656731216805,,0.0050713868300846605,15
LBN,1998,-0.006028728118046889,,0.006393923339008296,15
LBR,1998,-0.0054402699051175835,,0.006466573768453902,15
LBY,1998,-0.006028728118046889,,0.0070182078780230955,15
LKA,1998,-0.006028728118046889,,0.0013932767192678338,15
LSO,1998,-0.006028728118046889,,0.0017395706035685911,15
LTU,1998,-0.006004476418469232,,0.008083899859218978,15
LUX,1998,-0.006028728118046889,,0.007705345580128062,15
LVA,1998,-0.005867050120862509,,0.008083899859218978,15
MAR,1998,-0.005973028882365722,,0.006188803964574046,15
MDA,1998,-0.006021022772466761,,0.007705345580128062,15
MDG,1998,-0.006062757968793158,,0.0008955223880597017,14
MDV,1998,-0.006028728118046889,,0.0012778948681467237,15
MEX,1998,-0.005783571290505237,,0.005701321570736069,15
MKD,1998,-0.0059655106661321705,,0.007902181489339818,15
MLI,1998,-0.0063015173161117604,,0.006199754501474363,14
MLT,1998,-0.006013317426886633,,0.007705345580128062,15
MMR,1998,-0.006028728118046889,,0.00673363855536392,15
MNE,1998,-0.006028728118046889,,0.0015297336859532362,15
MNG,1998,-0.006016249537107131,,0.0017826544199654108,15
MOZ,1998,-0.006028728118046889,,0.006220098107264282,15
MRT,1998,-0.006114554018503671,,0.010728237557097819,15
MUS,1998,-0.006028728118046889,,0.0008955223880597017,15
MWI,1998,-0.006028728118046889,,0.0028215859170847945,15
MYS,1998,-0.006028728118046889,,0.0050713868300846605,15
NAM,1998,-0.006028728118046889,,0.003922512975984058,15
NER,1998,-0.005354592692971796,,0.007248768011560131,15
NGA,1998,-0.005961196927388017,,0.006139199150806495,15
NIC,1998,-0.006279586267159276,,0.005701321570736069,14
NLD,1998,-0.0060826655371077855,,0.007705345580128062,15
NOR,1998,-0.006028728118046889,,0.007705345580128062,15
NPL,1998,-0.006034055065644953,,0.0017756491993548558,15
NZL,1998,-0.006027115923914028,,0.0016121941328604617,15
OMN,1998,-0.006028728118046889,,0.006032821443734963,15
PAK,1998,-0.005976767916610532,,0.003247512589772289,15
PAN,1998,-0.006028728118046889,,0.005899578035331863,15
PER,1998,-0.006028728118046889,,0.005701321570736069,15
PHL,1998,-0.006028728118046889,,0.006264879523669543,15
PNG,1998,-0.006021821051356405,,0.006907066690483688,15
POL,1998,-0.0061162784540126705,,0.007959121451434667,14
PRK,1998,-0.006028728118046889,,0.002325060580971732,15
PRT,1998,-0.006028728118046889,,0.007705345580128062,15
PRY,1998,-0.0060059228317639445,,0.005701321570736069,15
PSE,1998,-0.006018877371778232,,0.0008955223880597017,15
QAT,1998,-0.006028728118046889,,0.006187008717543639,15
ROU,1998,-0.00564229162543523,,0.008400793317644737,15
RUS,1998,-0.006104024657654705,,0.01505930792156337,15
RWA,1998,-0.006028728118046889,,0.0034321868869769878,15
SAU,1998,-0.006028728118046889,,0.007817450650570051,15
SDN,1998,-0.005883679743391425,,0.00966989164369762,15
SEN,1998,-0.006028728118046889,,0.00571747049500324,15
SGP,1998,-0.005967910926713086,,0.004678245487215549,15
SLB,1998,-0.006037037157205545,,0.0013848398597759645,15
SLE,1998,-0.0059677514161638745,,0.005543336534819539,15
SLV,1998,-0.006017325474905417,,0.005701321570736069,15
SML,1998,-0.0060260415508827095,,0.0008955223880597017,15
SOM,1998,-0.006028728118046889,,0.006932202036081371,15
SRB,1998,-0.006009220991867231,,0.003251187696609634,15
STP,1998,-0.006039474386703605,,0.0008955223880597017,14
SUR,1998,-0.006000221510193208,,0.005701321570736069,15
SVK,1998,-0.006028728118046889,,0.008557161209398804,15
SVN,1998,-0.0060826655371077855,,0.007705345580128062,15
SWE,1998,-0.006028728118046889,,0.007705345580128062,15
SWZ,1998,-0.006028728118046889,,0.0023271717121798124,15
SYC,1998,-0.00602425050610659,,0.0008955223880597017,15
SYR,1998,-0.006028728118046889,,0.007176247661070089,15
TCD,1998,-0.005861587296992877,,0.002932295106210731,15
TGO,1998,-0.006028728118046889,,0.00571747049500324,15
THA,1998,-0.005597015739763235,,0.005264785101020169,15
TJK,1998,-0.005953353140079075,,0.008374997551979353,15
TKM,1998,-0.006061826629539368,,0.008274627873119857,15
TLS,1998,-0.006028728118046889,,0.0013434516052128285,15
TTO,1998,-0.006028728118046889,,0.005701321570736069,15
TUN,1998,-0.006028728118046889,,0.006349245293608842,15
TUR,1998,-0.006048349578669797,,0.009810730311453969,15
TWN,1998,-0.005852378626242641,,0.0012778948681467237,15
TZA,1998,-0.006028728118046889,,0.005940020925336807,15
UGA,1998,-0.006025023679246677,,0.0037044388002114843,15
UKR,1998,-0.006209349573703928,,0.009031072782851986,14
URY,1998,-0.006028728118046889,,0.005701321570736069,15
USA,1998,-0.005998477872138035,,0.015125122954426957,15
UZB,1998,-0.006028728118046889,,0.008360773431696805,15
VEN,1998,-0.006040130761188361,,0.005701321570736069,15
VNM,1998,-0.006028728118046889,,0.0056259366476568715,15
VUT,1998,-0.006028728118046889,,0.0008955223880597017,15
YEM,1998,-0.006059971331616435,,0.0015621606784772851,14
ZAF,1998,-0.006028728118046889,,0.007941794632559823,15
ZMB,1998,-0.006108574648615758,,0.006653877547405728,14
ZWE,1998,-0.0060443611369565015,,0.0039082547274030995,15
ZZB,1998,-0.006026937073270769,,0.0008955223880597017,15
AFG,1999,-0.0027630716292329316,,0.002744060362824631,16
AGO,1999,-0.0027630716292329316,,0.0060058860787209276,16
ALB,1999,-0.002600075444036465,,0.008578746589287697,16
ARE,1999,-0.002756918887241474,,0.006152741991457572,16
ARG,1999,-0.0027687411737798767,,0.00566954454694499,16
ARM,1999,-0.002661550265492943,,0.008460113644999035,16
AUS,1999,-0.0027630716292329316,,0.003352813589619433,16
AUT,1999,-0.0027630716292329316,,0.0020266984549570247,16
AZE,1999,-0.002707274644433704,,0.007970997828461071,16
BDI,1999,-0.0027786860496951905,,0.0031228840924517978,16
BEL,1999,-0.0027630716292329316,,0.007694170123021331,16
BEN,1999,-0.0027630716292329316,,0.005508089585834966,16
BFA,1999,-0.0027300230917179217,,0.005508089585834966,16
BGD,1999,-0.0027630716292329316,,0.0018226640401221785,16
BGR,1999,-0.002810272113335052,,0.009440096820424045,16
BHR,1999,-0.0027630716292329316,,0.006152741991457572,16
BIH,1999,-0.002631581295161198,,0.008218145879483349,16
BLR,1999,-0.0029778422885579957,,0.008260409974040945,15
BOL,1999,-0.0027630716292329316,,0.00566954454694499,16
BRA,1999,-0.0027569445502214837,,0.006127079011447744,16
BRB,1999,-0.0027630716292329316,,0.00566954454694499,16
BTN,1999,-0.0027630716292329316,,0.0017644661653810913,16
BWA,1999,-0.00274832549858351,,0.0036865326623554445,16
CAF,1999,-0.0027630716292329316,,0.0036037477588479225,16
CAN,1999,-0.0027938483097250167,,0.007694170123021331,16
CHE,1999,-0.0027630716292329316,,0.008288675194041037,16
CHL,1999,-0.0027574020846859865,,0.00566954454694499,16
CHN,1999,-0.0027630716292329316,,0.014285127384607008,16
CIV,1999,-0.002785938896274535,,0.00571681676040086,16
CMR,1999,-0.0027503245411827568,,0.004249029350058251,16
COD,1999,-0.0026054287300739045,,0.006854039093870754,16
COG,1999,-0.00307009317763536,,0.003936173697467028,15
COL,1999,-0.002810001029378206,,0.005866175018159279,16
COM,1999,-0.0027569032784815852,,0.006168350751346379,16
CPV,1999,-0.0027630716292329316,,0.005508089585834966,16
CRI,1999,-0.0027630716292329316,,0.005821243777414501,16
CUB,1999,-0.002748649994859292,,0.0028843268747279272,16
CYP,1999,-0.002863095840832209,,0.007694170123021331,15
CZE,1999,-0.0027759533713534695,,0.0018402488743625627,16
DEU,1999,-0.002754669664966203,,0.008401964266728503,16
DJI,1999,-0.0027277851558466897,,0.007057294677248416,16
DNK,1999,-0.002778459969478974,,0.007694170123021331,16
DOM,1999,-0.0026496807382940316,,0.00566954454694499,16
DZA,1999,-0.002809474076810594,,0.006628921082523239,16
ECU,1999,-0.002757205454214772,,0.005866175018159279,16
EGY,1999,-0.002750034894688668,,0.006518367272131769,16
ERI,1999,-0.002779732673470703,,0.0018512271375301353,16
ESP,1999,-0.0027630716292329316,,0.00875568243132027,16
EST,1999,-0.0027630716292329316,,0.007694170123021331,16
ETH,1999,-0.0027630716292329316,,0.004410277539511828,16
FIN,1999,-0.0027630716292329316,,0.007694170123021331,16
FJI,1999,-0.0027630716292329316,,0.0008902077151335312,16
FRA,1999,-0.002773251537935242,,0.010179908702310161,16
GAB,1999,-0.0027630716292329316,,0.003458060823949628,16
GBR,1999,-0.0027376498294133687,,0.008473933273187868,16
GEO,1999,-0.002747683288986889,,0.007694170123021331,16
GHA,1999,-0.0027630716292329316,,0.0058869546416791246,16
GIN,1999,-0.002780732493157969,,0.0058869546416791246,16
GMB,1999,-0.00268677282166778,,0.005869139043473215,16
GNB,1999,-0.0027630716292329316,,0.005508089585834966,16
GNQ,1999,-0.0027630716292329316,,0.0020801614113145628,16
GRC,1999,-0.0027630716292329316,,0.007898121472236156,16
GTM,1999,-0.0027630716292329316,,0.00566954454694499,16
GUY,1999,-0.0023605339663998375,,0.00566954454694499,16
HKG,1999,-0.0027595107983723974,,0.0008902077151335312,16
HND,1999,-0.0027744107183268214,,0.00566954454694499,16
HRV,1999,-0.0027137627539560315,,0.008218145879483349,16
HTI,1999,-0.0027574020846859865,,0.00566954454694499,16
HUN,1999,-0.002804532753851025,,0.010365281154523438,16
IDN,1999,-0.002177440825797938,,0.00680966050505807,16
IND,1999,-0.0027374611488551943,,0.0064026200944342655,16
IRL,1999,-0.002747683288986889,,0.007694170123021331,16
IRN,1999,-0.002728957543705926,,0.0026241604251542915,16
IRQ,1999,-0.0027630716292329316,,0.006439644019142441,16
ISL,1999,-0.0027630716292329316,,0.007694170123021331,16
ISR,1999,-0.0027630716292329316,,0.00381891393113118,16
ITA,1999,-0.0027630716292329316,,0.008142837867428993,16
JAM,1999,-0.0026043243819184715,,0.00566954454694499,16
JOR,1999,-0.0027630716292329316,,0.006357772333385671,16
JPN,1999,-0.0027630716292329316,,0.002008426423503026,16
KAZ,1999,-0.002855942595008744,,0.008442815070528397,15
KEN,1999,-0.0026796840929029747,,0.0030884272714798945,16
KGZ,1999,-0.002738861982518285,,0.008069882238215528,16
KHM,1999,-0.0028500176900706784,,0.004830336713208157,15
KOR,1999,-0.0026737081615198447,,0.0014649748805424041,16
KWT,1999,-0.0027630716292329316,,0.0059988850391057315,16
LAO,1999,-0.0027580309212428557,,0.00504070799007586,16
LBN,1999,-0.0027630716292329316,,0.006357772333385671,16
LBR,1999,-0.002075538104136768,,0.006425546963515551,16
LBY,1999,-0.0027630716292329316,,0.006977239344165621,16
LKA,1999,-0.0027824613896951823,,0.0013849828901607657,15
LSO,1999,-0.002667869064331375,,0.0016702204368694146,16
LTU,1999,-0.002787281275947578,,0.008069882238215528,16
LUX,1999,-0.0027630716292329316,,0.007694170123021331,16
LVA,1999,-0.002755001746994716,,0.008069882238215528,16
MAR,1999,-0.0026953719444872434,,0.006154516795062572,16
MDA,1999,-0.002840013330463145,,0.007694170123021331,15
MDG,1999,-0.002765742252378332,,0.0008902077151335312,16
MDV,1999,-0.0027618019382425777,,0.001269690990353857,16
MEX,1999,-0.0025079421246204073,,0.00566954454694499,16
MKD,1999,-0.002498796434344592,,0.008258599840260597,16
MLI,1999,-0.0029540332963937507,,0.006160053779381251,15
MLT,1999,-0.002770765799355953,,0.007694170123021331,16
MMR,1999,-0.0027630716292329316,,0.006693042577868926,16
MNE,1999,-0.0022390849456386925,,0.0018985024767907213,16
MNG,1999,-0.0027630716292329316,,0.0017717726616253168,16
MOZ,1999,-0.0027455809158372837,,0.005830237798549255,16
MRT,1999,-0.0027417435052340864,,0.010664061999422535,16
MUS,1999,-0.0027630716292329316,,0.0008902077151335312,16
MWI,1999,-0.0027630716292329316,,0.0027035140411812097,16
MYS,1999,-0.0027630716292329316,,0.00504070799007586,16
NAM,1999,-0.0027630716292329316,,0.004922677168850986,16
NER,1999,-0.0027630716292329316,,0.00719447264012321,16
NGA,1999,-0.0026289097686068544,,0.006098266392094423,16
NIC,1999,-0.0027630716292329316,,0.00566954454694499,16
NLD,1999,-0.002816930820094081,,0.007694170123021331,16
NOR,1999,-0.00275537745910991,,0.007694170123021331,16
NPL,1999,-0.0027630716292329316,,0.0017644661653810913,16
NZL,1999,-0.0027630716292329316,,0.0016027294220666744,16
OMN,1999,-0.00275107385915472,,0.00599888503910573,16
PAK,1999,-0.0027469299990813822,,0.0032283260303098446,16
PAN,1999,-0.002833465729450843,,0.005866175018159279,15
PER,1999,-0.0028367757083432167,,0.00566954454694499,15
PHL,1999,-0.002613567816893425,,0.006229325514146124,16
PNG,1999,-0.0027630716292329316,,0.00686555199540035,16
POL,1999,-0.002723305682226102,,0.00795318940136591,16
PRK,1999,-0.0027630716292329316,,0.0022823582714028446,16
PRT,1999,-0.0027630716292329316,,0.007694170123021331,16
PRY,1999,-0.0027347239064982065,,0.00566954454694499,16
PSE,1999,-0.002756840175226997,,0.0008902077151335312,16
QAT,1999,-0.002769224371224389,,0.006152741991457572,16
ROU,1999,-0.0027630716292329316,,0.008401964266728503,16
RUS,1999,-0.0027630716292329316,,0.014934200322189825,16
RWA,1999,-0.0027664393875603092,,0.003367758327377607,16
SAU,1999,-0.0027630716292329316,,0.007772062221829138,16
SDN,1999,-0.0027630716292329316,,0.009585057690857818,16
SEN,1999,-0.002746026741515949,,0.005681629238994233,16
SGP,1999,-0.0027630716292329316,,0.004650471234554381,16
SLB,1999,-0.0027823438006963925,,0.0013765836759614997,15
SLE,1999,-0.003159654079413049,,0.005508089585834966,15
SLV,1999,-0.0027687411737798767,,0.00566954454694499,16
SML,1999,-0.002765742252378332,,0.0008902077151335312,16
SOM,1999,-0.0027630716292329316,,0.006888456855975229,16
SRB,1999,-0.002766682962586431,,0.003611333353499536,16
STP,1999,-0.0027595107983723974,,0.0008902077151335312,16
SUR,1999,-0.0027630716292329316,,0.00566954454694499,16
SVK,1999,-0.0022249865624406405,,0.008541032806226836,16
SVN,1999,-0.0027630716292329316,,0.007694170123021331,16
SWE,1999,-0.0027630716292329316,,0.007694170123021331,16
SWZ,1999,-0.002758629657450315,,0.002220985891308269,16
SYC,1999,-0.0027612912138026643,,0.0008902077151335312,16
SYR,1999,-0.002769952157577436,,0.006880528344504137,16
TCD,1999,-0.0027601638401489226,,0.002907789084009108,16
TGO,1999,-0.002865340955534828,,0.005681629238994233,15
THA,1999,-0.002600838358391101,,0.0052333313174784,16
TJK,1999,-0.0026460407813893683,,0.008359346274540227,16
TKM,1999,-0.0027630716292329316,,0.00826042523646042,16
TLS,1999,-0.0027457100082003277,,0.0013355093102002797,16
TTO,1999,-0.0027630716292329316,,0.00566954454694499,16
TUN,1999,-0.0027630716292329316,,0.006314716235476105,16
TUR,1999,-0.0027728707683700826,,0.009799139137150943,16
TWN,1999,-0.00274275657338727,,0.001269690990353857,16
TZA,1999,-0.0027630716292329316,,0.005760498506770812,16
UGA,1999,-0.0027630716292329316,,0.003639495047742491,16
UKR,1999,-0.003439442098830196,,0.009018272927963521,15
URY,1999,-0.002729054361951262,,0.00566954454694499,16
USA,1999,-0.0027630716292329316,,0.015071671142334968,16
UZB,1999,-0.0027630716292329316,,0.008345831882274259,16
VEN,1999,-0.0028537843419840516,,0.00566954454694499,15
VNM,1999,-0.0027630716292329316,,0.005592806190661154,16
VUT,1999,-0.002763961836948065,,0.0008902077151335312,16
XKX,1999,-0.0027630716292329316,,0.0017125455599637405,16
YEM,1999,-0.002783252541142689,,0.0015523778392121375,15
ZAF,1999,-0.0027263749371543872,,0.007339338415708888,16
ZMB,1999,-0.0027630716292329316,,0.006119045790984792,16
ZWE,1999,-0.002768574279881673,,0.005502650648741753,16
ZZB,1999,-0.0027630716292329316,,0.0008902077151335312,16
AFG,2000,,,0.0025186522761117365,13
AGO,2000,,,0.004188550839507583,13
ALB,2000,,,0.0077155089540746746,13
ARE,2000,,,0.004589238392471433,13
ARG,2000,,,0.005468901140810969,13
ARM,2000,,,0.0078076621584091885,13
AUS,2000,,,0.0032609836984921437,13
AUT,2000,,,0.0018329961562154624,13
AZE,2000,,,0.0073438716434343024,13
BDI,2000,,,0.007351612404754052,13
BEL,2000,,,0.007090890174760847,13
BEN,2000,,,0.007049859071240935,13
BFA,2000,,,0.007049859071240935,13
BGD,2000,,,0.001763631943320031,13
BGR,2000,,,0.007968490182350147,13
BHR,2000,,,0.004589238392471433,13
BIH,2000,,,0.007384354394680498,13
BLR,2000,,,0.007834538327894063,12
BOL,2000,,,0.005468901140810969,13
BRA,2000,,,0.005800073866313931,13
BRB,2000,,,0.005468901140810969,13
BTN,2000,,,0.0016729635413573758,13
BWA,2000,,,0.0016792307344877327,13
CAF,2000,,,0.007482984178251403,13
CAN,2000,,,0.007090890174760847,13
CHE,2000,,,0.007644029541615206,13
CHL,2000,,,0.005468901140810969,13
CHN,2000,,,0.012301539089615588,13
CIV,2000,,,0.0035509748180967914,13
CMR,2000,,,0.002835968372978593,13
COD,2000,,,0.0037993863580352955,13
COG,2000,,,0.0028346856977756285,13
COL,2000,,,0.005632302751176453,13
COM,2000,,,0.004588847605351925,12
CPV,2000,,,0.007049859071240935,13
CRI,2000,,,0.005604819048892529,13
CUB,2000,,,0.001903430110991861,13
CYP,2000,,,0.007090890174760847,13
CZE,2000,,,0.00170579366886287,13
DEU,2000,,,0.007552292479779963,13
DJI,2000,,,0.00996225769866219,13
DNK,2000,,,0.007090890174760847,13
DOM,2000,,,0.005468901140810969,13
DZA,2000,,,0.009440315182364975,13
ECU,2000,,,0.005632302751176453,13
EGY,2000,,,0.004848839980185109,13
ERI,2000,,,0.0013912685286341635,13
ESP,2000,,,0.007968864213241259,13
EST,2000,,,0.007090890174760847,13
ETH,2000,,,0.0087313554177604,13
FIN,2000,,,0.007090890174760847,13
FJI,2000,,,0.0008769365682548963,13
FRA,2000,,,0.008261679191907888,13
GAB,2000,,,0.007736935342328735,13
GBR,2000,,,0.0076738233527553455,13
GEO,2000,,,0.007090890174760847,13
GHA,2000,,,0.007373716482499156,13
GIN,2000,,,0.003681245328848873,13
GMB,2000,,,0.0073037131432255285,13
GNB,2000,,,0.007049859071240935,13
GNQ,2000,,,0.007351612404754054,13
GRC,2000,,,0.007090890174760847,13
GTM,2000,,,0.005632302751176453,13
GUY,2000,,,0.005468901140810969,13
HKG,2000,,,0.0008769365682548963,13
HND,2000,,,0.005468901140810969,13
HRV,2000,,,0.007384354394680498,13
HTI,2000,,,0.005468901140810969,13
HUN,2000,,,0.008573163912559011,13
IDN,2000,,,0.0065401410387735635,13
IND,2000,,,0.006070331372673026,13
IRL,2000,,,0.007090890174760847,13
IRN,2000,,,0.002398070450299327,13
IRQ,2000,,,0.004848379391510322,13
ISL,2000,,,0.007090890174760847,13
ISR,2000,,,0.0027026490934492506,13
ITA,2000,,,0.007312190246955789,13
JAM,2000,,,0.005468901140810969,13
JOR,2000,,,0.0047089921445446735,13
JPN,2000,,,0.0016962242473563351,13
KAZ,2000,,,0.007758258097483945,12
KEN,2000,,,0.0019254653234089339,13
KGZ,2000,,,0.007414667455519995,13
KHM,2000,,,0.004633881340806284,12
KOR,2000,,,0.0013649862861027347,13
KWT,2000,,,0.004454570778785567,13
LAO,2000,,,0.004808758258775619,13
LBN,2000,,,0.004708992144544673,13
LBR,2000,,,0.007783060173597858,13
LBY,2000,,,0.009571380575811184,13
LKA,2000,,,0.0013461217341830117,13
LSO,2000,,,0.006490845968223429,12
LTU,2000,,,0.007414667455519995,13
LUX,2000,,,0.007090890174760845,13
LVA,2000,,,0.007414667455519995,13
MAR,2000,,,0.004591506187629762,13
MDA,2000,,,0.007090890174760845,13
MDG,2000,,,0.006490845968223429,13
MDV,2000,,,0.0012037783754292603,13
MEX,2000,,,0.005468901140810969,13
MKD,2000,,,0.007421930085190109,13
MLI,2000,,,0.007373716482499156,13
MLT,2000,,,0.007090890174760845,13
MMR,2000,,,0.006381870004699922,13
MNE,2000,,,0.0017413332723091003,13
MNG,2000,,,0.0016323175787598455,13
MOZ,2000,,,0.007721620621148896,13
MRT,2000,,,0.006977992763191479,13
MUS,2000,,,0.0008769365682548963,13
MWI,2000,,,0.006490845968223429,12
MYS,2000,,,0.004808758258775619,13
NAM,2000,,,0.0075504954285994155,13
NER,2000,,,0.007049859071240935,12
NGA,2000,,,0.007268383787818916,13
NIC,2000,,,0.005468901140810969,12
NLD,2000,,,0.007090890174760845,13
NOR,2000,,,0.007090890174760845,13
NPL,2000,,,0.0016729635413573758,13
NZL,2000,,,0.0015701137932220663,13
OMN,2000,,,0.004454570778785567,13
PAK,2000,,,0.002986225304007596,12
PAN,2000,,,0.005632302751176453,13
PER,2000,,,0.005468901140810969,13
PHL,2000,,,0.0059078487727996735,13
PNG,2000,,,0.006586615974262685,13
POL,2000,,,0.007330935710989764,13
PRK,2000,,,0.001769469639975704,13
PRT,2000,,,0.007090890174760845,13
PRY,2000,,,0.005632302751176453,13
PSE,2000,,,0.0008769365682548963,13
QAT,2000,,,0.004589238392471434,13
ROU,2000,,,0.007552292479779963,13
RUS,2000,,,0.012897634113808515,13
RWA,2000,,,0.007676843022524344,13
SAU,2000,,,0.005920656058447058,13
SDN,2000,,,0.0106974617438949,13
SEN,2000,,,0.007181201683372851,13
SGP,2000,,,0.004468609859713653,13
SLB,2000,,,0.001343751891201578,13
SLE,2000,,,0.007049859071240935,13
SLV,2000,,,0.005468901140810969,13
SML,2000,,,0.0008769365682548963,13
SOM,2000,,,0.0049572556220245,13
SRB,2000,,,0.007936968218848213,13
STP,2000,,,0.007351612404754054,13
SUR,2000,,,0.005468901140810969,13
SVK,2000,,,0.007903988489128858,13
SVN,2000,,,0.007090890174760845,13
SWE,2000,,,0.007090890174760845,13
SWZ,2000,,,0.001225038508912956,13
SYC,2000,,,0.006490845968223429,13
SYR,2000,,,0.005148809555770512,13
TCD,2000,,,0.007351612404754054,13
TGO,2000,,,0.007181201683372851,12
THA,2000,,,0.004986711444099245,13
TJK,2000,,,0.007680349975369254,13
TKM,2000,,,0.007609528974284525,13
TLS,2000,,,0.0013047926852645998,13
TTO,2000,,,0.005468901140810969,13
TUN,2000,,,0.00971099303869363,13
TUR,2000,,,0.008640084638712664,13
TWN,2000,,,0.0012037783754292603,12
TZA,2000,,,0.007463929240975695,13
UGA,2000,,,0.0019299588594640644,13
UKR,2000,,,0.008307955357794118,12
URY,2000,,,0.005468901140810969,13
USA,2000,,,0.013998002538576864,13
UZB,2000,,,0.0077000011630633455,13
VEN,2000,,,0.005468901140810969,12
VNM,2000,,,0.005301553300268739,13
VUT,2000,,,0.0008769365682548963,13
XKX,2000,,,0.0015730257931721955,13
YEM,2000,,,0.0012724741135607363,13
ZAF,2000,,,0.008249418791522141,13
ZMB,2000,,,0.0075504954285994155,13
ZWE,2000,,,0.0023444246968067797,13
ZZB,2000,,,0.0008769365682548963,13
AFG,2001,-0.004680875591780717,,0.002441551625372294,23
AGO,2001,-0.004680875591780717,,0.006967947814489468,23
ALB,2001,-0.004605762612102684,,0.007511297967803235,23
ARE,2001,-0.004680875591780717,,0.0035202659738525384,23
ARG,2001,-0.004653845308706994,,0.005406056614744446,23
ARM,2001,-0.004658101922313971,,0.0075912231555817986,23
AUS,2001,-0.004664729849860743,,0.00322914838399469,23
AUT,2001,-0.004679080554813666,,0.0017950369670509374,23
AZE,2001,-0.004638052331427935,,0.007137210058797036,23
BDI,2001,-0.004668219935659245,,0.006327828060735887,23
BEL,2001,-0.004667086765700948,,0.006894413039884422,23
BEN,2001,-0.004693531247902188,,0.006327828060735887,23
BFA,2001,-0.004497368578019375,,0.006327828060735887,23
BGD,2001,-0.004680875591780717,,0.001741220306938678,23
BGR,2001,-0.004673277164248418,,0.007598427532298734,23
BHR,2001,-0.004624551336199076,,0.0035202659738525384,23
BIH,2001,-0.004580298298231106,,0.007184092396400754,23
BLR,2001,-0.004954075086501348,,0.007588874853350866,22
BOL,2001,-0.004680875591780717,,0.005406056614744446,23
BRA,2001,-0.004658261226120578,,0.005653591415034659,23
BRB,2001,-0.004686281648395461,,0.005406056614744446,23
BTN,2001,-0.004675971342095527,,0.0016347498950631603,23
BWA,2001,-0.004687203419841452,,0.006327828060735887,23
CAF,2001,-0.004713117102581874,,0.006448302160231465,23
CAN,2001,-0.004680875591780717,,0.006894413039884422,23
CHE,2001,-0.004688311649472704,,0.007436057691986785,23
CHL,2001,-0.004540318119797361,,0.005406056614744446,23
CHN,2001,-0.004704383318775383,,0.011753863497333575,23
CIV,2001,-0.0054297236618166865,,0.0065117223481388695,22
CMR,2001,-0.0046049416550518855,,0.006327828060735887,23
COD,2001,-0.004674547763719981,,0.006327828060735887,23
COG,2001,-0.004693834753853398,,0.00647958103634063,23
COL,2001,-0.004614147600032178,,0.0055606659790448446,23
COM,2001,-0.0053148532346374774,,0.008127918498163607,22
CPV,2001,-0.004718842560145132,,0.006327828060735887,23
CRI,2001,-0.004686412636645592,,0.005537044864875355,23
CUB,2001,-0.004680875591780717,,0.0017018373256345474,23
CYP,2001,-0.004474043200584183,,0.006894413039884422,23
CZE,2001,-0.004680875591780717,,0.0016708664741232342,23
DEU,2001,-0.004680875591780717,,0.007346324164094401,23
DJI,2001,-0.004640235999289899,,0.008127918498163607,23
DNK,2001,-0.004680875591780717,,0.006894413039884422,23
DOM,2001,-0.004583566572715317,,0.005406056614744446,23
DZA,2001,-0.00469689036564791,,0.008007386933596594,23
ECU,2001,-0.004703118255696896,,0.0055606659790448446,23
EGY,2001,-0.004664181812374629,,0.008346889703043562,23
ERI,2001,-0.004693531247902188,,0.006327828060735887,23
ESP,2001,-0.00468854266158045,,0.007667069799733512,23
EST,2001,-0.004680875591780717,,0.006894413039884422,23
ETH,2001,-0.004711116559788988,,0.007560242002067877,23
FIN,2001,-0.004680875591780717,,0.006894413039884422,23
FJI,2001,-0.004853650460890664,,0.0008726003490401397,22
FRA,2001,-0.004680875591780717,,0.007650540186870497,23
GAB,2001,-0.0046875339955925795,,0.006658403811862992,23
GBR,2001,-0.0045854158857648415,,0.007343054308913464,23
GEO,2001,-0.004708453243940254,,0.006894413039884422,23
GHA,2001,-0.004236813815908758,,0.006627787699581465,23
GIN,2001,-0.004634481077883646,,0.006627787699581465,23
GMB,2001,-0.004700489305855853,,0.006537904691712074,23
GNB,2001,-0.004301205908136563,,0.006327828060735887,23
GNQ,2001,-0.004655564279537773,,0.006327828060735887,23
GRC,2001,-0.004687770004820601,,0.006894413039884422,23
GTM,2001,-0.004397281626849429,,0.0055606659790448446,23
GUY,2001,-0.00469709376162495,,0.005406056614744446,23
HKG,2001,-0.004680875591780717,,0.0008726003490401397,23
HND,2001,-0.004680875591780717,,0.005406056614744446,23
HRV,2001,-0.0023173091933648684,,0.007184092396400754,23
HTI,2001,-0.004707905874854439,,0.005406056614744446,23
HUN,2001,-0.004680875591780717,,0.008136703344499474,23
IDN,2001,-0.0039334539932472596,,0.006443289642529803,23
IND,2001,-0.004692760339513346,,0.005942373866314937,23
IRL,2001,-0.0046464035265812945,,0.006894413039884422,23
IRN,2001,-0.004683176666846623,,0.002301075065905877,23
IRQ,2001,-0.004684641801131837,,0.0037662093511203576,23
ISL,2001,-0.004680875591780717,,0.006894413039884422,23
ISR,2001,-0.00469207184367683,,0.0022392503792226836,23
ITA,2001,-0.004702208994399449,,0.007111134206244311,23
JAM,2001,-0.004653845308706994,,0.005406056614744446,23
JOR,2001,-0.004810597720657922,,0.0036033924688112515,22
JPN,2001,-0.004679282695332756,,0.0015928964479611388,23
KAZ,2001,-0.004665819297243067,,0.0075281472688249595,23
KEN,2001,-0.004611269483112621,,0.006327828060735887,23
KGZ,2001,-0.0046736810610106296,,0.007194530770086839,23
KHM,2001,-0.004694554855215276,,0.004559754478186592,23
KOR,2001,-0.004656978016218907,,0.0013276430867671728,23
KWT,2001,-0.004687662094348707,,0.003393251283995443,23
LAO,2001,-0.004680875591780717,,0.004715828331958428,23
LBN,2001,-0.004641238274623793,,0.0036033924688112515,23
LBR,2001,-0.004680875591780717,,0.006988125887037056,23
LBY,2001,-0.004680875591780717,,0.008127918498163605,23
LKA,2001,-0.004727492546971006,,0.0013319130054368178,22
LSO,2001,-0.004680875591780717,,0.006327828060735887,23
LTU,2001,-0.004716848245631151,,0.007194530770086839,23
LUX,2001,-0.004673981178740832,,0.006894413039884422,23
LVA,2001,-0.004680875591780717,,0.007194530770086839,23
MAR,2001,-0.0045963211097614755,,0.003523103417468388,23
MDA,2001,-0.004736030896099792,,0.006894413039884422,23
MDG,2001,-0.004699859075962924,,0.006327828060735887,23
MDV,2001,-0.004677349280064717,,0.001175437238666482,23
MEX,2001,-0.004324075855207583,,0.005406056614744446,23
MKD,2001,-0.0054391334843047106,,0.007221503738323759,22
MLI,2001,-0.004680875591780717,,0.006627787699581465,23
MLT,2001,-0.004680875591780717,,0.006894413039884422,23
MMR,2001,-0.004680875591780717,,0.006256166258172475,23
MNE,2001,-0.004680875591780717,,0.0017189637847306023,23
MNG,2001,-0.004733175959143341,,0.0015848596170492234,22
MOZ,2001,-0.004909919363221177,,0.00673658151295471,22
MRT,2001,-0.004632831270179137,,0.008007386933596594,23
MUS,2001,-0.004636580795355566,,0.006327828060735887,23
MWI,2001,-0.004896021745845737,,0.006327828060735887,22
MYS,2001,-0.004629001480129174,,0.004715828331958428,23
NAM,2001,-0.004775793012691755,,0.006327828060735887,22
NER,2001,-0.002839477626106573,,0.006327828060735887,23
NGA,2001,-0.004079731926010808,,0.006327828060735887,23
NIC,2001,-0.004740342214542906,,0.005406056614744446,22
NLD,2001,-0.004749819722179561,,0.006894413039884422,22
NOR,2001,-0.004618825874421756,,0.006894413039884422,23
NPL,2001,-0.004726648588842485,,0.0016347498950631603,22
NZL,2001,-0.004679316559232773,,0.001559032547943343,23
OMN,2001,-0.004565505048124871,,0.003393251283995443,23
PAK,2001,-0.005068759851275646,,0.0028732167369994806,22
PAN,2001,-0.004502934280451281,,0.0055606659790448446,23
PER,2001,-0.004334887968437072,,0.005406056614744446,23
PHL,2001,-0.004628813749560746,,0.005784649135552353,23
PNG,2001,-0.004680875591780717,,0.006476557627563018,23
POL,2001,-0.004666616498375488,,0.007129546702614318,23
PRK,2001,-0.004680875591780717,,0.0016892835071308523,23
PRT,2001,-0.004687770004820601,,0.006894413039884422,23
PRY,2001,-0.004653072261885493,,0.0055606659790448446,23
PSE,2001,-0.004672149588290315,,0.0008726003490401397,23
QAT,2001,-0.004673835059833011,,0.0035202659738525384,23
ROU,2001,-0.004739646185093472,,0.007346324164094401,23
RUS,2001,-0.005387082591633828,,0.012175982756088128,22
RWA,2001,-0.004636580795355566,,0.006327828060735887,23
SAU,2001,-0.004676148105544822,,0.004727486235894653,23
SDN,2001,-0.004825008556585455,,0.008007386933596594,22
SEN,2001,-0.004442288411852152,,0.006448302160231463,23
SGP,2001,-0.004650086693350603,,0.004398414061444797,23
SLB,2001,-0.004887279345950349,,0.0013316371236750451,22
SLE,2001,-0.004668219935659245,,0.006327828060735887,23
SLV,2001,-0.004588972629330061,,0.005406056614744446,23
SML,2001,-0.004680875591780717,,0.0008726003490401397,23
SOM,2001,-0.004608809109378347,,0.008007386933596594,23
SRB,2001,-0.004170815826331914,,0.007728178264375796,23
STP,2001,-0.004680875591780717,,0.006327828060735887,23
SUR,2001,-0.004621408969018527,,0.005406056614744446,23
SVK,2001,-0.004642400649891317,,0.0076949883778799424,23
SVN,2001,-0.004660192352661063,,0.006894413039884422,23
SWE,2001,-0.004680875591780717,,0.006894413039884422,23
SWZ,2001,-0.004674547763719981,,0.006327828060735887,23
SYC,2001,-0.004680875591780717,,0.006327828060735887,23
SYR,2001,-0.004656779275961441,,0.004016052636545956,23
TCD,2001,-0.004680875591780717,,0.006327828060735887,23
TGO,2001,-0.00465508238313979,,0.006448302160231463,23
THA,2001,-0.0047102119520911236,,0.004889393385067883,23
TJK,2001,-0.004457312572040071,,0.007452100658021496,23
TKM,2001,-0.005220693038877319,,0.007394759549268531,22
TLS,2001,-0.004535931561151305,,0.0012941431306197444,23
TTO,2001,-0.00464843925209225,,0.005406056614744446,23
TUN,2001,-0.004672611306468116,,0.00826428531260117,23
TUR,2001,-0.004549645779162477,,0.008201863288639923,23
TWN,2001,-0.0045362968114247395,,0.001175437238666482,23
TZA,2001,-0.004773664619574857,,0.006627787699581465,22
UGA,2001,-0.004687203419841452,,0.006327828060735887,23
UKR,2001,-0.004947130923093619,,0.00806834337311827,22
URY,2001,-0.0046916877050102055,,0.005406056614744446,23
USA,2001,-0.004694508593498525,,0.013633001717807802,23
UZB,2001,-0.004688664334242802,,0.007788742462085555,23
VEN,2001,-0.005178232800337206,,0.005406056614744446,22
VNM,2001,-0.004686069007987087,,0.005193416206370531,23
VUT,2001,-0.004679130391082636,,0.0008726003490401397,23
XKX,2001,-0.0046513430765945905,,0.0015543429045329423,23
YEM,2001,-0.004679713548068139,,0.0011620437125775224,23
ZAF,2001,-0.004453563583312916,,0.0066856473078764755,23
ZMB,2001,-0.00463025296729483,,0.006327828060735887,23
ZWE,2001,-0.0048453991213598495,,0.006327828060735887,22
ZZB,2001,-0.0046782577907335966,,0.0008726003490401397,23
AFG,2002,-0.00251204355663375,,0.0024579930011176462,22
AGO,2002,-0.0025366234866449266,,0.006949645288241105,22
ALB,2002,-0.002266765095757675,,0.007496066413534775,22
ARE,2002,-0.0025366234866449266,,0.0035092596404754503,22
ARG,2002,-0.0025366234866449266,,0.005382727258126902,22
ARM,2002,-0.0025442043225409115,,0.0075808358959850945,22
AUS,2002,-0.002546289746553535,,0.0032220866362027553,22
AUT,2002,-0.0025366234866449266,,0.001789587555986444,22
AZE,2002,-0.0025579963189002923,,0.007124277418455175,22
BDI,2002,-0.0025303137689420266,,0.006309717702900272,22
BEL,2002,-0.0025366234866449266,,0.0068815952736139465,22
BEN,2002,-0.002549242922050727,,0.006309717702900272,22
BFA,2002,-0.002517694333536226,,0.006309717702900272,22
BGD,2002,-0.0025488161795361505,,0.0017418132701748131,22
BGR,2002,-0.002726314769187972,,0.007587651301721806,21
BHR,2002,-0.0023751975431830557,,0.0035092596404754503,22
BIH,2002,-0.0024003904190117624,,0.007170161454377053,22
BLR,2002,-0.002907933548626922,,0.007577756366979492,21
BOL,2002,-0.0025689198501936883,,0.005382727258126902,22
BRA,2002,-0.0025366234866449266,,0.005630001767349206,22
BRB,2002,-0.0025366234866449266,,0.005382727258126902,22
BTN,2002,-0.0025333209406417415,,0.0016512730015926483,22
BWA,2002,-0.0025366234866449266,,0.006309717702900272,22
CAF,2002,-0.0025366234866449266,,0.00642995549944516,22
CAN,2002,-0.0025641498677393825,,0.0068815952736139465,22
CHE,2002,-0.0025366234866449266,,0.007424322669814774,22
CHL,2002,-0.0025366234866449266,,0.005382727258126902,22
CHN,2002,-0.0025109458616146083,,0.012838812515159198,22
CIV,2002,-0.001413361029646277,,0.00649284657224653,22
CMR,2002,-0.0025366234866449266,,0.006309717702900272,22
COD,2002,-0.002498765180427525,,0.006309717702900272,22
COG,2002,-0.0025560086296929968,,0.006461714349356669,22
COL,2002,-0.002580923884612146,,0.005537549745902384,22
COM,2002,-0.0025123073069793353,,0.008105393221863835,22
CPV,2002,-0.0025997206636739294,,0.006309717702900272,21
CRI,2002,-0.0025366234866449266,,0.005512846658974335,22
CUB,2002,-0.0025366234866449266,,0.0017007147251263048,22
CYP,2002,-0.0024678075339087872,,0.0068815952736139465,22
CZE,2002,-0.0025366234866449266,,0.0016660078555762476,22
DEU,2002,-0.0025366234866449266,,0.0073321709296864,22
DJI,2002,-0.0025204127002011988,,0.008105393221863835,22
DNK,2002,-0.0025366234866449266,,0.0068815952736139465,22
DOM,2002,-0.0024935616685799115,,0.005382727258126902,22
DZA,2002,-0.0025366234866449266,,0.008112038364883629,22
ECU,2002,-0.0025366234866449266,,0.005537549745902384,22
EGY,2002,-0.0026032276898741175,,0.008325525403648873,22
ERI,2002,-0.002643888687594231,,0.006309717702900272,21
ESP,2002,-0.0025366234866449266,,0.007764460806869352,22
EST,2002,-0.0025366234866449266,,0.0068815952736139465,22
ETH,2002,-0.0025366234866449266,,0.007543070809437689,22
FIN,2002,-0.0025366234866449266,,0.0068815952736139465,22
FJI,2002,-0.0026412877003730026,,0.0011893660650917756,21
FRA,2002,-0.0025366234866449266,,0.007635634442503205,22
GAB,2002,-0.0025034175451129053,,0.006641188306404231,22
GBR,2002,-0.0024779927510284964,,0.007328841952053798,22
GEO,2002,-0.002481570724456015,,0.0068815952736139465,22
GHA,2002,-0.0021588502381160997,,0.006627600851382939,22
GIN,2002,-0.002503485482388012,,0.006627600851382939,22
GMB,2002,-0.002517060711639919,,0.006520925001669186,22
GNB,2002,-0.0025113846158333255,,0.006309717702900272,22
GNQ,2002,-0.0025366234866449266,,0.006309717702900272,22
GRC,2002,-0.0025022155102768567,,0.0068815952736139465,22
GTM,2002,-0.0025366234866449266,,0.005537549745902384,22
GUY,2002,-0.002353610759868612,,0.005382727258126902,22
HKG,2002,-0.00253575517984319,,0.0008683068017366137,22
HND,2002,-0.0025420062139030536,,0.005382727258126902,22
HRV,2002,-0.002486432356464287,,0.007170161454377053,22
HTI,2002,-0.0026442780318074646,,0.005382727258126902,21
HUN,2002,-0.0025366234866449266,,0.008124605075856226,22
IDN,2002,-0.0025366234866449266,,0.0064513860238035944,22
IND,2002,-0.0025366234866449266,,0.005975904897520734,22
IRL,2002,-0.0025366234866449266,,0.0068815952736139465,22
IRN,2002,-0.0025343234728934707,,0.002300013751455938,22
IRQ,2002,-0.002529113275323897,,0.0037551056605149035,22
ISL,2002,-0.0025366234866449266,,0.0068815952736139465,22
ISR,2002,-0.0025456294016178234,,0.002251478743224191,22
ITA,2002,-0.002586307119961105,,0.007097661902311208,22
JAM,2002,-0.0025366234866449266,,0.005382727258126902,22
JOR,2002,-0.002540217212097894,,0.003593725452967293,22
JPN,2002,-0.0025366234866449266,,0.0016065482930842866,22
KAZ,2002,-0.002649666294039848,,0.0075361871596614245,21
KEN,2002,-0.002524004051239126,,0.006309717702900272,22
KGZ,2002,-0.0025510227136315284,,0.007199613493300838,22
KHM,2002,-0.002541195687980426,,0.004572201335499576,22
KOR,2002,-0.002531256185081345,,0.0013418253908953422,22
KWT,2002,-0.0025907434783150134,,0.003382499479380421,21
LAO,2002,-0.0025366234866449266,,0.0047452491564752685,22
LBN,2002,-0.0024252179976029407,,0.003593725452967293,22
LBR,2002,-0.002557589918903429,,0.006988810752834184,22
LBY,2002,-0.0025366234866449266,,0.008105393221863835,22
LKA,2002,-0.0025339630591684516,,0.0013302137382374866,22
LSO,2002,-0.0025366234866449266,,0.006309717702900272,22
LTU,2002,-0.0025798211676047317,,0.007199613493300838,22
LUX,2002,-0.0025366234866449266,,0.0068815952736139465,22
LVA,2002,-0.0025366234866449266,,0.007199613493300838,22
MAR,2002,-0.002529600489649671,,0.003511498497627912,22
MDA,2002,-0.0029976903699770606,,0.0068815952736139465,21
MDG,2002,-0.0025744817928623283,,0.006309717702900272,22
MDV,2002,-0.002535434120579835,,0.0011893660650917756,22
MEX,2002,-0.0024827962140636576,,0.005382727258126902,22
MKD,2002,-0.0026375268909714323,,0.007207386023321816,21
MLI,2002,-0.0025366234866449266,,0.006627600851382939,22
MLT,2002,-0.0025366234866449266,,0.0068815952736139465,22
MMR,2002,-0.0025366234866449266,,0.006291143593161278,22
MNE,2002,-0.002493815337008415,,0.001712325985460466,22
MNG,2002,-0.0025542125155942684,,0.0015990026317583496,21
MOZ,2002,-0.0025366234866449266,,0.006718337118197165,22
MRT,2002,-0.0024807278028752267,,0.007985097681385672,22
MUS,2002,-0.0025303137689420266,,0.006309717702900272,22
MWI,2002,-0.0025366234866449266,,0.006309717702900272,22
MYS,2002,-0.0025176424900190254,,0.0047452491564752685,22
NAM,2002,-0.0025555526397536272,,0.006309717702900272,22
NER,2002,-0.0025555526397536272,,0.006309717702900272,22
NGA,2002,-0.0025366234866449266,,0.006309717702900272,22
NIC,2002,-0.0025258580321286727,,0.005382727258126902,22
NLD,2002,-0.0025366234866449266,,0.0068815952736139465,22
NOR,2002,-0.0025297418913713125,,0.0068815952736139465,22
NPL,2002,-0.002549833670657668,,0.0016512730015926483,22
NZL,2002,-0.0025366234866449266,,0.001553242789837303,22
OMN,2002,-0.0023674985126759056,,0.003382499479380421,22
PAK,2002,-0.00254241091340095,,0.0028937133780117218,22
PAN,2002,-0.0024923230886777074,,0.005537549745902384,22
PER,2002,-0.000867978036625587,,0.005382727258126902,22
PHL,2002,-0.002769257579144239,,0.005815852312482819,21
PNG,2002,-0.0025366234866449266,,0.006503063006570086,22
POL,2002,-0.002508159293499314,,0.007116048286403108,22
PRK,2002,-0.0025366234866449266,,0.001703227528673583,22
PRT,2002,-0.0025090971055504708,,0.0068815952736139465,22
PRY,2002,-0.0025366234866449266,,0.005537549745902384,22
PSE,2002,-0.002534018566239717,,0.0008683068017366137,22
QAT,2002,-0.0025366234866449266,,0.00350925964047545,22
ROU,2002,-0.0026392738796605364,,0.0073321709296864,21
RUS,2002,-0.002890313930020458,,0.012196222185363136,21
RWA,2002,-0.0025366234866449266,,0.006309717702900272,22
SAU,2002,-0.0025318874820905294,,0.004736004554397096,22
SDN,2002,-0.0022092344817081144,,0.007985097681385672,22
SEN,2002,-0.0030317300601022043,,0.00642995549944516,21
SGP,2002,-0.0025366234866449266,,0.004410930945170545,22
SLB,2002,-0.002646949304674507,,0.0013292267232479552,21
SLE,2002,-0.0025366234866449266,,0.006309717702900272,22
SLV,2002,-0.0024720307595474038,,0.005382727258126902,22
SML,2002,-0.002528808725429297,,0.0008683068017366137,22
SOM,2002,-0.0025446085843263124,,0.007985097681385672,22
SRB,2002,-0.000839919407444204,,0.0077122912690941944,22
STP,2002,-0.002524004051239126,,0.006309717702900272,22
SUR,2002,-0.0025420062139030536,,0.005382727258126902,22
SVK,2002,-0.0025366234866449266,,0.0076837315786696565,22
SVN,2002,-0.0025916762488338383,,0.0068815952736139465,22
SWE,2002,-0.0025366234866449266,,0.0068815952736139465,22
SWZ,2002,-0.0025303137689420266,,0.006309717702900272,22
SYC,2002,-0.002593410945971029,,0.006309717702900272,22
SYR,2002,-0.0025286110772434964,,0.004006204700715056,22
TCD,2002,-0.0025555526397536272,,0.006309717702900272,22
TGO,2002,-0.0025366234866449266,,0.00642995549944516,22
THA,2002,-0.0022956034827841046,,0.0049187755889963675,22
TJK,2002,-0.0024993289695149318,,0.007458903425998972,22
TKM,2002,-0.0025366234866449266,,0.007383540552888854,22
TLS,2002,-0.002450167759178019,,0.0012903839920433964,22
TTO,2002,-0.00268733984987248,,0.005382727258126902,21
TUN,2002,-0.0025366234866449266,,0.008240927230576118,22
TUR,2002,-0.0024956804246962397,,0.008188612389737409,22
TWN,2002,-0.0025247298259940087,,0.0011893660650917756,22
TZA,2002,-0.002781844718146095,,0.006627600851382939,21
UGA,2002,-0.0027511538885435357,,0.006309717702900272,21
UKR,2002,-0.002576996221366709,,0.00807454694435652,22
URY,2002,-0.0025366234866449266,,0.005382727258126902,22
USA,2002,-0.0030673582438724392,,0.013608583518654155,21
UZB,2002,-0.0025444209776615996,,0.007797491016673158,22
VEN,2002,-0.00277346348600251,,0.005382727258126902,21
VNM,2002,-0.0025366234866449266,,0.005223577205366026,22
VUT,2002,-0.0025366234866449266,,0.0008683068017366137,22
XKX,2002,-0.002518045828515918,,0.0015481381774173565,22
YEM,2002,-0.002538939094273001,,0.001157803814037059,22
ZAF,2002,-0.0025366234866449266,,0.006667296771831465,22
ZMB,2002,-0.002517694333536226,,0.006309717702900272,22
ZWE,2002,-0.002643888687594231,,0.006309717702900272,21
ZZB,2002,-0.0025366234866449266,,0.0008683068017366137,22
AFG,2003,-0.007942554654953643,,0.0024121507818285187,8
AGO,2003,-0.008240556682194769,,0.0069095820764308435,8
ALB,2003,-0.007957278438029397,,0.0074027755350260585,8
ARE,2003,-0.00827868046769578,,0.0034951523984294245,8
ARG,2003,-0.008305731887350013,,0.005362410978502936,8
ARM,2003,-0.008342172716052063,,0.007397770555157121,8
AUS,2003,-0.008286693136458792,,0.0030830209930500733,8
AUT,2003,-0.008268195010500492,,0.0017744990356858312,8
AZE,2003,-0.008275224688130398,,0.007029677629905907,8
BDI,2003,-0.008180312774467333,,0.006277302573797036,8
BEL,2003,-0.008268195010500492,,0.006790960289918099,8
BEN,2003,-0.008261917707926695,,0.006277302573797036,8
BFA,2003,-0.008280749615648087,,0.006277302573797036,8
BGD,2003,-0.008324307451904087,,0.0016032126115312646,7
BGR,2003,-0.008050961909799632,,0.0074907965758916825,8
BHR,2003,-0.008082951933383733,,0.0034951523984294245,8
BIH,2003,-0.008268195010500492,,0.007078192462417645,8
BLR,2003,-0.008298002481194963,,0.0074518676736178655,8
BOL,2003,-0.008364718408113545,,0.005362410978502936,7
BRA,2003,-0.008256982988153133,,0.0056060111736794555,8
BRB,2003,-0.008268195010500492,,0.005362410978502936,8
BTN,2003,-0.008265092622258368,,0.0015511941210618475,8
BWA,2003,-0.008268195010500492,,0.006277302573797036,8
CAF,2003,-0.008268195010500492,,0.006396065171308224,8
CAN,2003,-0.008315731732529918,,0.006790960289918099,8
CHE,2003,-0.008268195010500492,,0.007297903813335638,8
CHL,2003,-0.00824674536658648,,0.005362410978502936,8
CHN,2003,-0.008268195010500492,,0.013165987857926756,8
CIV,2003,-0.008274654652877515,,0.006459642377024089,8
CMR,2003,-0.008255640405352897,,0.006277302573797036,8
COD,2003,-0.008224253892483912,,0.006277302573797036,8
COG,2003,-0.007959760911721072,,0.006425710391237925,8
COL,2003,-0.008312304512422888,,0.005513687740299599,8
COM,2003,-0.007510217218703778,,0.008063593529752274,8
CPV,2003,-0.008236808497631507,,0.006277302573797036,8
CRI,2003,-0.008251723545524118,,0.005490488325458119,8
CUB,2003,-0.008268195010500492,,0.001692985156774553,8
CYP,2003,-0.008234240209050902,,0.006790960289918099,8
CZE,2003,-0.00825828421556431,,0.001651799156030121,8
DEU,2003,-0.00827543270399594,,0.007237693495448696,8
DJI,2003,-0.008147241107554208,,0.008063593529752274,8
DNK,2003,-0.008254613089920655,,0.006790960289918099,8
DOM,2003,-0.008273557421478995,,0.005362410978502936,8
DZA,2003,-0.008268195010500492,,0.008193124427943331,8
ECU,2003,-0.008268195010500492,,0.005513687740299599,8
EGY,2003,-0.008268195010500492,,0.008281337328471226,8
ERI,2003,-0.008387463759402636,,0.006277302573797036,7
ESP,2003,-0.008268195010500492,,0.007637080968410381,8
EST,2003,-0.008254613089920655,,0.006790960289918099,8
ETH,2003,-0.008260726403854142,,0.007468606646349444,8
FIN,2003,-0.008268195010500492,,0.006790960289918099,8
FJI,2003,-0.008196260581241394,,0.001179252938673737,8
FRA,2003,-0.0082606540677569,,0.007540942743592564,8
GAB,2003,-0.008254983982141379,,0.0066055141795562135,8
GBR,2003,-0.008260958662404444,,0.007236348096046853,8
GEO,2003,-0.008288567891370247,,0.006790960289918099,8
GHA,2003,-0.00820234275813271,,0.006585225236778047,8
GIN,2003,-0.008294535911447604,,0.006585225236778047,8
GMB,2003,-0.008281168463856584,,0.006486726678046163,8
GNB,2003,-0.008230531195057709,,0.006277302573797036,8
GNQ,2003,-0.008268195010500492,,0.006277302573797036,8
GRC,2003,-0.008268195010500492,,0.006790960289918099,8
GTM,2003,-0.008268195010500492,,0.005513687740299599,8
GUY,2003,-0.008166309201908936,,0.005362410978502936,8
HKG,2003,-0.008268195010500492,,0.0008683068017366137,8
HND,2003,-0.008268195010500492,,0.005362410978502936,8
HRV,2003,-0.00827527320296291,,0.007078192462417645,8
HTI,2003,-0.008305731887350013,,0.005362410978502936,8
HUN,2003,-0.008244281139256019,,0.00797129041482417,8
IDN,2003,-0.008268195010500492,,0.006921156884341608,8
IND,2003,-0.008233202499283733,,0.008748127804189938,8
IRL,2003,-0.008281776931080329,,0.006790960289918099,8
IRN,2003,-0.008272719752977817,,0.002262371238662222,8
IRQ,2003,-0.008268195010500492,,0.003736619089163932,8
ISL,2003,-0.008268195010500492,,0.006790960289918099,8
ISR,2003,-0.008268195010500492,,0.0022323922216806588,8
ITA,2003,-0.008239736499320936,,0.007114627794888823,8
JAM,2003,-0.008160946790930433,,0.005362410978502936,8
JOR,2003,-0.008268195010500492,,0.0035793966290930054,8
JPN,2003,-0.008268195010500492,,0.005426832370639248,8
KAZ,2003,-0.008290490886675626,,0.007431958725044549,8
KEN,2003,-0.00799827099982722,,0.006277302573797036,8
KGZ,2003,-0.008289492034508647,,0.007099008002718109,8
KHM,2003,-0.008268195010500492,,0.005120030676103409,8
KOR,2003,-0.008268195010500492,,0.001328075140864546,8
KWT,2003,-0.008227755897491364,,0.003369926084093973,8
LAO,2003,-0.008253276952455738,,0.004972686014917816,8
LBN,2003,-0.008278933200387771,,0.0035793966290930054,8
LBR,2003,-0.008268195010500492,,0.00663360127395987,8
LBY,2003,-0.008268195010500492,,0.008063593529752274,8
LKA,2003,-0.008227266827024377,,0.001240247984124724,8
LSO,2003,-0.007132003244643228,,0.006277302573797036,8
LTU,2003,-0.008268195010500492,,0.007099008002718109,8
LUX,2003,-0.008268195010500492,,0.006790960289918099,8
LVA,2003,-0.00827529401850321,,0.007099008002718109,8
MAR,2003,-0.008254207407570201,,0.0034969007325725853,8
MDA,2003,-0.00830894077224,,0.006790960289918099,8
MDG,2003,-0.008657387770075908,,0.006277302573797036,7
MDV,2003,-0.008267015757561818,,0.001179252938673737,8
MEX,2003,-0.008203846078758457,,0.005362410978502936,8
MKD,2003,-0.007698960712471691,,0.007115428725360008,8
MLI,2003,-0.007728206541084692,,0.006585225236778047,8
MLT,2003,-0.008268195010500492,,0.006790960289918099,8
MMR,2003,-0.008268195010500492,,0.0059754261180835384,8
MNE,2003,-0.008223877289773451,,0.0017045277202708282,8
MNG,2003,-0.008255540348364024,,0.001581832767058399,8
MOZ,2003,-0.008268195010500492,,0.006678302582877535,8
MRT,2003,-0.008244360683241544,,0.007944775752982707,8
MUS,2003,-0.008230531195057709,,0.006277302573797036,8
MWI,2003,-0.008268195010500492,,0.006277302573797036,8
MYS,2003,-0.008268195010500492,,0.004972686014917816,8
NAM,2003,-0.008268195010500492,,0.006277302573797036,8
NER,2003,-0.008268195010500492,,0.006277302573797036,8
NGA,2003,-0.008268195010500492,,0.006277302573797036,8
NIC,2003,-0.008198483667779954,,0.005362410978502936,8
NLD,2003,-0.008302149811950082,,0.006790960289918099,8
NOR,2003,-0.008261404050210574,,0.006790960289918099,8
NPL,2003,-0.008393841734306502,,0.0015511941210618475,7
NZL,2003,-0.008268195010500492,,0.0015235982093044255,8
OMN,2003,-0.008109808484548075,,0.003369926084093973,8
PAK,2003,-0.008158936115530176,,0.002731472374257889,8
PAN,2003,-0.008268195010500492,,0.005513687740299599,8
PER,2003,-0.007898188652983789,,0.005362410978502936,8
PHL,2003,-0.008345968971292209,,0.005555282913694046,7
PNG,2003,-0.008254879035066895,,0.0066579877167986246,8
POL,2003,-0.008268195010500492,,0.007023403320911233,8
PRK,2003,-0.008268195010500492,,0.0016878353672002107,8
PRT,2003,-0.008233693258466864,,0.006900350406725349,8
PRY,2003,-0.008268195010500492,,0.005513687740299597,8
PSE,2003,-0.008270799930905702,,0.0008683068017366137,8
QAT,2003,-0.008268195010500492,,0.0034951523984294245,8
ROU,2003,-0.008268195010500492,,0.007237693495448696,8
RUS,2003,-0.008506298220206264,,0.01190516048528856,7
RWA,2003,-0.008261917707926695,,0.006277302573797036,8
SAU,2003,-0.008268195010500492,,0.004691705447070064,8
SDN,2003,-0.00826025023474751,,0.007944775752982707,8
SEN,2003,-0.007737321601281909,,0.006396065171308224,8
SGP,2003,-0.00827316769651541,,0.004972686014917816,8
SLB,2003,-0.00797037848918419,,0.0012727201765653934,8
SLE,2003,-0.007025289100888679,,0.006277302573797036,8
SLV,2003,-0.008219933311693966,,0.005362410978502936,8
SML,2003,-0.008251697181267496,,0.0008683068017366137,8
SOM,2003,-0.008268195010500492,,0.007944775752982707,8
SRB,2003,-0.008070148632245238,,0.007617168394432834,8
STP,2003,-0.008312136128517071,,0.006277302573797036,8
SUR,2003,-0.008268195010500492,,0.005362410978502936,8
SVK,2003,-0.008283168355999546,,0.007486672749526932,8
SVN,2003,-0.008193494447311392,,0.006790960289918099,8
SWE,2003,-0.008261404050210574,,0.006790960289918099,8
SWZ,2003,-0.008268195010500492,,0.006277302573797036,8
SYC,2003,-0.008255640405352897,,0.006277302573797036,8
SYR,2003,-0.008276164436700057,,0.003984713099782897,8
TCD,2003,-0.008287026918221883,,0.006277302573797036,8
TGO,2003,-0.008261798945329184,,0.006396065171308224,8
THA,2003,-0.00828360397842579,,0.005136322641766387,8
TJK,2003,-0.008290255425473741,,0.007353471657749657,8
TKM,2003,-0.008268195010500492,,0.00728411662284271,8
TLS,2003,-0.00793196253519734,,0.0012361488062615847,8
TTO,2003,-0.008203846078758457,,0.005362410978502936,8
TUN,2003,-0.008259876285466879,,0.00831872503361257,8
TUR,2003,-0.007905706024891946,,0.00805531079130102,8
TWN,2003,-0.008262298745807124,,0.001179252938673737,8
TZA,2003,-0.008268195010500492,,0.006585225236778047,8
UGA,2003,-0.008318413431090868,,0.006277302573797036,8
UKR,2003,-0.008189369108661235,,0.007882590183925637,8
URY,2003,-0.008268195010500492,,0.005362410978502936,8
USA,2003,-0.008254859301613446,,0.013335708887045493,8
UZB,2003,-0.008260536572767692,,0.007658437732799861,8
VEN,2003,-0.008450516983769592,,0.005362410978502936,7
VNM,2003,-0.008289898085452219,,0.0054257687379319006,8
VUT,2003,-0.008268195010500492,,0.0008683068017366137,8
XKX,2003,-0.00789349985455925,,0.0015419553742437933,8
YEM,2003,-0.008268195010500492,,0.0011550421323312258,8
ZAF,2003,-0.008268195010500492,,0.00663325596036244,8
ZMB,2003,-0.008299581523369477,,0.006277302573797036,8
ZWE,2003,-0.008261917707926695,,0.006277302573797036,8
ZZB,2003,-0.008267326703698756,,0.0008683068017366137,8
AFG,2004,-0.005196789085483496,-0.0034738624121746975,0.0023353332763276498,12
AGO,2004,-0.005162445964479837,-0.0034462309146537687,0.006907874380232198,12
ALB,2004,-0.005166376454658066,-0.003451650096932999,0.00740410508056615,12
ARE,2004,-0.005210801085141463,-0.00348083366660959,0.003485627217446247,12
ARG,2004,-0.005312359212311482,-0.0035968011976963005,0.005345164587895773,11
ARM,2004,-0.005623145081856277,-0.0036137648396315095,0.007363285655621683,11
AUS,2004,-0.005210801085141463,-0.0034738624121746975,0.0029470340940756052,12
AUT,2004,-0.005210801085141463,-0.00346672209420149,0.0017850794933017941,12
AZE,2004,-0.005231874830159736,-0.003494936157192971,0.007024581672757787,12
BDI,2004,-0.005166942458155852,-0.003461331375893094,0.006265518140801601,12
BEL,2004,-0.005204008841565335,-0.0034738624121746975,0.0067922435761278,12
BEN,2004,-0.0052546597121270735,-0.0035239865573011104,0.006265518140801601,12
BFA,2004,-0.005217066603282264,-0.003480127930315499,0.006265518140801601,12
BGD,2004,-0.005204710608623511,-0.00347233979304521,0.0015226191294877077,12
BGR,2004,-0.005210801085141463,-0.0034588818272810067,0.007490292446845388,12
BHR,2004,-0.005046976605921489,-0.003439006140000235,0.003485627217446247,12
BIH,2004,-0.00516124459541103,-0.003417226423911346,0.007079498532918914,12
BLR,2004,-0.005225640468648424,-0.003488701795681659,0.007419691753480664,12
BOL,2004,-0.005210801085141463,-0.0034471365892352187,0.005345164587895773,12
BRA,2004,-0.005216389407392523,-0.0034682740899236375,0.005588322251059947,12
BRB,2004,-0.005221491414317254,-0.003484552741350489,0.005345164587895773,12
BTN,2004,-0.005209296850135337,-0.003475366647180823,0.0015042350061255402,12
BWA,2004,-0.005210801085141463,-0.0034738624121746975,0.006265518140801601,12
CAF,2004,-0.005823691232700475,-0.0041059053768449285,0.006384272370406377,11
CAN,2004,-0.005210801085141463,-0.0034738624121746975,0.0067922435761278,12
CHE,2004,-0.005218063806064011,-0.0034448115284845034,0.0072627209225484685,12
CHL,2004,-0.005210801085141463,-0.0034738624121746975,0.005345164587895773,12
CHN,2004,-0.005198357413788265,-0.0034614187408215,0.012443671353197447,12
CIV,2004,-0.005255932145165751,-0.0034867570007530656,0.006447294289184079,12
CMR,2004,-0.005192004530719058,-0.003467596894033896,0.006265518140801601,12
COD,2004,-0.0051042872767478355,-0.003292162386091451,0.006265518140801601,12
COG,2004,-0.004895957686939677,-0.0033967579064926277,0.006425375473505827,12
COL,2004,-0.005205293409736111,-0.0034353086843372364,0.005507675405351579,12
COM,2004,-0.004776406251590381,-0.0033049310880159436,0.008044348769464476,12
CPV,2004,-0.005210801085141463,-0.0034738624121746975,0.006265518140801601,12
CRI,2004,-0.005210801085141463,-0.0034738624121746975,0.0054726173584043,12
CUB,2004,-0.00520911056906524,-0.0034755529282509204,0.001690516076222824,12
CYP,2004,-0.005244762303022101,-0.0035825383093927425,0.0067922435761278,12
CZE,2004,-0.005199163207890465,-0.0034638870888166994,0.0016625538929996941,12
DEU,2004,-0.005225284574191805,-0.00348834590122504,0.007241744525171219,12
DJI,2004,-0.005259067177758249,-0.0034899511097136265,0.008044348769464476,12
DNK,2004,-0.005210801085141463,-0.0034738624121746975,0.0067922435761278,12
DOM,2004,-0.005216146249729358,-0.0034898979059383847,0.005345164587895773,12
DZA,2004,-0.005169934555392702,-0.003457515800275193,0.008173305949752192,12
ECU,2004,-0.005161232006493298,-0.003429801008931885,0.005507675405351579,12
EGY,2004,-0.005210801085141463,-0.0034738624121746975,0.008259334984970319,12
ERI,2004,-0.00531731489353509,-0.0035051900028787056,0.006265518140801601,11
ESP,2004,-0.0053475840923740536,-0.003633442587279386,0.007599055957366142,11
EST,2004,-0.005231177815869846,-0.003494239142903081,0.0067922435761278,12
ETH,2004,-0.005210801085141463,-0.0034664297209605955,0.0074326912141018334,12
FIN,2004,-0.005224385572293718,-0.003494239142903081,0.0067922435761278,12
FJI,2004,-0.004963254403129547,-0.0033367238747220875,0.001162190995361103,12
FRA,2004,-0.005210801085141463,-0.003466321755082236,0.007540657092461562,12
GAB,2004,-0.005210801085141463,-0.0034738624121746975,0.006591631521856815,12
GBR,2004,-0.005210801085141463,-0.0034738624121746975,0.007236433733684456,12
GEO,2004,-0.005176839867260824,-0.003392355489261164,0.0067922435761278,12
GHA,2004,-0.005210801085141463,-0.0034607491129438317,0.006556649615432755,12
GIN,2004,-0.005184574486679731,-0.003427965864866668,0.006556649615432755,12
GMB,2004,-0.005204328232257653,-0.003486808117942318,0.006472852883810205,12
GNB,2004,-0.005574201137307956,-0.0037056865833843566,0.006265518140801601,11
GNQ,2004,-0.005217066603282264,-0.0034738624121746975,0.006265518140801601,12
GRC,2004,-0.005210801085141463,-0.0034738624121746975,0.0067922435761278,12
GTM,2004,-0.005205293409736111,-0.003468354736769346,0.005507675405351579,12
GUY,2004,-0.00512527845173513,-0.0034204107662957396,0.005345164587895773,12
HKG,2004,-0.005210801085141463,-0.0034738624121746975,0.0008683068017366137,12
HND,2004,-0.005157349439262505,-0.003441791424647323,0.005345164587895773,12
HRV,2004,-0.0051895625895427054,-0.0034597034151088598,0.007079498532918914,12
HTI,2004,-0.005221491414317254,-0.003505933399702072,0.005345164587895773,12
HUN,2004,-0.005202884038391912,-0.003442194225176493,0.007917046749551166,12
IDN,2004,-0.005210801085141463,-0.0034738624121746975,0.006745037415078325,12
IND,2004,-0.005234936118540339,-0.003506042456706532,0.00804501113295866,12
IRL,2004,-0.00521759332871759,-0.0034806546557508253,0.0067922435761278,12
IRN,2004,-0.005210801085141463,-0.0034738624121746975,0.002201164685235528,12
IRQ,2004,-0.005073154254957681,-0.003388298166384779,0.0037201845995616825,12
ISL,2004,-0.00521759332871759,-0.0034670701685985696,0.0067922435761278,12
ISR,2004,-0.005219640965077758,-0.0034871222320791407,0.0022099699840739074,12
ITA,2004,-0.005210801085141463,-0.003459628578681615,0.007116916746541203,12
JAM,2004,-0.004954233184922465,-0.0032012590181920127,0.005345164587895773,12
JOR,2004,-0.005128740839489307,-0.0033989378400575117,0.003567836767485043,12
JPN,2004,-0.005210801085141463,-0.0034738624121746975,0.0051565650164723115,12
KAZ,2004,-0.005247877492881485,-0.003503523538366716,0.0074152815480046114,12
KEN,2004,-0.004640638934328516,-0.003072869251163395,0.006265518140801601,12
KGZ,2004,-0.005210801085141463,-0.003488029465817317,0.0070835268213099295,12
KHM,2004,-0.005190733641401086,-0.0034638286903045093,0.005016860935094179,12
KOR,2004,-0.005208155776891586,-0.0034738624121746975,0.00132265412493837,12
KWT,2004,-0.0051973594054443815,-0.003467141572326157,0.0033604199242702392,12
LAO,2004,-0.005210801085141463,-0.0034738624121746975,0.004876853659381092,12
LBN,2004,-0.005210801085141463,-0.0034738624121746975,0.003567836767485043,12
LBR,2004,-0.005475491968112821,-0.003533417860843253,0.006617272074283949,11
LBY,2004,-0.005210801085141463,-0.0034979954584830907,0.008044348769464476,12
LKA,2004,-0.005210801085141463,-0.0034738624121746975,0.0012103508125010508,12
LSO,2004,-0.004471469944526874,-0.0030164795878961804,0.006265518140801601,12
LTU,2004,-0.005224968138784082,-0.003509280046281247,0.0070835268213099295,12
LUX,2004,-0.005210801085141463,-0.0034738624121746975,0.0067922435761278,12
LVA,2004,-0.005161216397392293,-0.003410110670782908,0.0070835268213099295,12
MAR,2004,-0.005175933308378122,-0.0034738624121746975,0.0034867776763339874,12
MDA,2004,-0.005210801085141463,-0.0034738624121746975,0.0067922435761278,12
MDG,2004,-0.004816073442270962,-0.003336021013077062,0.006265518140801601,12
MDV,2004,-0.005201503557178574,-0.0034715380301839753,0.001162190995361103,12
MEX,2004,-0.005162694603850401,-0.0034471365892352187,0.005345164587895773,12
MKD,2004,-0.00455606141998132,-0.0030041578697772033,0.0071167354908711206,12
MLI,2004,-0.005059998143986509,-0.003388625967174072,0.006556649615432755,12
MLT,2004,-0.005197216597989207,-0.0034602779250224418,0.0067922435761278,12
MMR,2004,-0.005210801085141463,-0.0034738624121746975,0.005508094436781852,12
MNE,2004,-0.005176707785193182,-0.003448292437213487,0.0017046649974140082,12
MNG,2004,-0.005209224970817099,-0.00346598184055288,0.0015761143243634848,12
MOZ,2004,-0.005190769777345609,-0.0034404768991816094,0.006677102598617644,12
MRT,2004,-0.005250428784031353,-0.003497639031508632,0.007925539777978179,12
MUS,2004,-0.005210801085141463,-0.0034738624121746975,0.006265518140801601,12
MWI,2004,-0.005210801085141463,-0.0034738624121746975,0.006265518140801601,12
MYS,2004,-0.005186416816844557,-0.0034641087048559354,0.004876853659381092,12
NAM,2004,-0.005210801085141463,-0.0034550658577522926,0.006265518140801601,12
NER,2004,-0.005210801085141463,-0.0034738624121746975,0.006265518140801601,12
NGA,2004,-0.005480218365195931,-0.0036179693294131343,0.006265518140801601,11
NIC,2004,-0.00526425273102042,-0.003505933399702072,0.005345164587895773,11
NLD,2004,-0.0051496708929563125,-0.0034059399764134204,0.0067922435761278,12
NOR,2004,-0.005210801085141463,-0.0034738624121746975,0.0067922435761278,12
NPL,2004,-0.005281500130429363,-0.0035881842726402384,0.0015042350061255402,11
NZL,2004,-0.00521229576623122,-0.0034753570932644544,0.0014946810897570472,12
OMN,2004,-0.005200719825368652,-0.003470501992250427,0.0033604199242702392,12
PAK,2004,-0.004566629365270022,-0.0031432256002052856,0.005700634689127794,12
PAN,2004,-0.005210801085141463,-0.0034738624121746975,0.005507675405351579,12
PER,2004,-0.005210801085141463,-0.003457424374489404,0.0054793458950978275,12
PHL,2004,-0.005221675621767421,-0.0034792996804876766,0.005437268312979204,12
PNG,2004,-0.005204315099067837,-0.003467376426101072,0.006485986073625398,12
POL,2004,-0.005210801085141463,-0.0034738624121746975,0.007026187703859779,12
PRK,2004,-0.005210801085141463,-0.0034738624121746975,0.0016818904196186104,12
PRT,2004,-0.005210801085141463,-0.0034738624121746975,0.00690136845336237,12
PRY,2004,-0.005073109200007674,-0.0033747242548783692,0.005507675405351579,12
PSE,2004,-0.005183883574287627,-0.0034582328897434385,0.0008683068017366137,12
QAT,2004,-0.005134117286357645,-0.0034564342760874662,0.003485627217446247,12
ROU,2004,-0.005123900150839408,-0.0033797197333474715,0.007241744525171217,12
RUS,2004,-0.005431636549176602,-0.0036210860548647906,0.014722364269009344,11
RWA,2004,-0.005035366577199018,-0.003430003785189086,0.006265518140801601,12
SAU,2004,-0.005210801085141463,-0.0034738624121746975,0.004601827266951603,12
SDN,2004,-0.005210801085141463,-0.0034738624121746975,0.007925539777978179,12
SEN,2004,-0.005210801085141463,-0.0034738624121746975,0.006384272370406377,12
SGP,2004,-0.005210801085141463,-0.0034738624121746975,0.004876853659381092,12
SLB,2004,-0.005210801085141463,-0.0034641582602604575,0.0012130189892799806,12
SLE,2004,-0.004396283726837254,-0.002841045079953736,0.006265518140801601,12
SLV,2004,-0.005242872072668837,-0.0034685172475868017,0.005345164587895773,12
SML,2004,-0.005073608610467077,-0.0034148175496566077,0.0008683068017366137,12
SOM,2004,-0.005210801085141463,-0.0034738624121746975,0.007925539777978179,12
SRB,2004,-0.004936489563814555,-0.003237649713254304,0.007619764481302997,12
STP,2004,-0.005210801085141463,-0.0034362693033298877,0.006265518140801601,12
SUR,2004,-0.005210801085141463,-0.0034738624121746975,0.005345164587895773,12
SVK,2004,-0.005240360868547946,-0.003488642303877939,0.007389945851620708,12
SVN,2004,-0.005224385572293718,-0.003501031386479209,0.0067922435761278,12
SWE,2004,-0.005204008841565335,-0.0034670701685985696,0.0067922435761278,12
SWZ,2004,-0.005210801085141463,-0.0034738624121746975,0.006265518140801601,12
SYC,2004,-0.004991507950213406,-0.0032107106502610302,0.006265518140801601,12
SYR,2004,-0.005210801085141463,-0.003477846069561299,0.003983657386601705,12
TCD,2004,-0.005210801085141463,-0.0034738624121746975,0.006265518140801601,12
TGO,2004,-0.00519803254040065,-0.0034738624121746975,0.006384272370406377,12
THA,2004,-0.005261126278240207,-0.003559415240442564,0.005032519309874518,11
TJK,2004,-0.005181481197018539,-0.0034592024681132354,0.007329972030731061,12
TKM,2004,-0.005218072091058188,-0.0034738624121746975,0.007271005916725408,12
TLS,2004,-0.005196557685048522,-0.0034809841122211676,0.0011869500077449978,12
TTO,2004,-0.005157349439262505,-0.003372304285004678,0.005345164587895773,12
TUN,2004,-0.005210801085141463,-0.0034738624121746975,0.008298214684388414,12
TUR,2004,-0.005090614648084823,-0.0033857256916664954,0.008012429137109284,12
TWN,2004,-0.005214287658127546,-0.003477348985160781,0.001162190995361103,12
TZA,2004,-0.005210801085141463,-0.0034738624121746975,0.006556649615432755,12
UGA,2004,-0.00524212867584547,-0.0034863934484563007,0.006265518140801601,12
UKR,2004,-0.005226849981840197,-0.0033374467902354517,0.008024448349367398,12
URY,2004,-0.005210801085141463,-0.003538004387229447,0.005345164587895773,12
USA,2004,-0.004804395683262748,-0.0030936767136429963,0.013109851673506919,12
UZB,2004,-0.005210801085141463,-0.003466260438444971,0.00760197372972638,12
VEN,2004,-0.005253562401844629,-0.003538004387229447,0.005345164587895773,12
VNM,2004,-0.005221114966549869,-0.0034738624121746975,0.0051569407042030176,12
VUT,2004,-0.005209932778339726,-0.0034738624121746975,0.0008683068017366137,12
XKX,2004,-0.005150660405286572,-0.0034260582820336304,0.0015420687142279675,12
YEM,2004,-0.005194684656204166,-0.0034565948097418802,0.0011511734955211529,12
ZAF,2004,-0.005210801085141463,-0.0034738624121746975,0.006620952232874575,12
ZMB,2004,-0.005210801085141463,-0.0034738624121746975,0.006265518140801601,12
ZWE,2004,-0.005204535567000661,-0.0035365175935827137,0.006265518140801601,12
ZZB,2004,-0.005210801085141463,-0.003472994105372961,0.0008683068017366137,12
AFG,2005,-0.00030048991954637814,-0.0021684614484862035,0.002259956720254276,20
AGO,2005,-0.0003322188007117852,-0.002163762560882,0.006869357242610077,20
ALB,2005,-0.00028904433899552107,-0.002119413108209374,0.007261020894730805,20
ARE,2005,-0.00034616348680129586,-0.0021809702825892406,0.0034690072220201207,20
ARG,2005,-0.00038894906751097704,-0.0022093010873881214,0.005299968670150153,19
ARM,2005,-0.00038996580270351676,-0.0022133992527196326,0.007179595470482442,20
AUS,2005,-0.0003253494434691751,-0.0021775012753672204,0.005287838007944138,20
AUT,2005,-0.0003253494434691751,-0.002179263563473549,0.0017622881063284637,20
AZE,2005,-0.0004423037797686149,-0.002184380942208364,0.006879666841143521,19
BDI,2005,-0.000331589289177812,-0.0021775012753672204,0.0062398457086368635,20
BEL,2005,-0.0004717211831604429,-0.002337179536848603,0.006653260895057621,19
BEN,2005,-0.00033782913488644885,-0.0021899809667844943,0.0062398457086368635,20
BFA,2005,-0.0003253494434691751,-0.0021775012753672204,0.0062398457086368635,20
BGD,2005,-0.0003253494434691751,-0.002183270254210544,0.001442244710830844,20
BGR,2005,-0.0003253494434691751,-0.002162987774066455,0.007256750650382698,20
BHR,2005,-0.0003253494434691751,-0.002191377304255301,0.0034690072220201207,20
BIH,2005,-0.0004224878272405901,-0.002246885835203945,0.006938455983672489,19
BLR,2005,-0.0003325959609228207,-0.002184747792820866,0.007246517453645553,20
BOL,2005,-0.00014515050868406978,-0.0020397020899433163,0.005299968670150153,20
BRA,2005,-0.0003253494434691751,-0.0021775012753672204,0.005539329191903567,20
BRB,2005,-0.0003306494121393253,-0.002188101212707521,0.005299968670150153,20
BTN,2005,-0.0003224619331048572,-0.0021775012753672204,0.0014437551821589603,20
BWA,2005,-0.00025671114067416954,-0.0021275825096981255,0.0062398457086368635,20
CAF,2005,-0.0004779025480185039,-0.0023491235179852153,0.006356379356222033,19
CAN,2005,-0.0003253494434691751,-0.0021442349708919325,0.006653260895057621,20
CHE,2005,-0.0003395381185242038,-0.0021775012753672204,0.007094337527514347,20
CHL,2005,-0.0003253494434691751,-0.0021775012753672204,0.005299968670150153,20
CHN,2005,-0.0003375419080044111,-0.0021896937399024565,0.012192464535235963,20
CIV,2005,-0.0002804091801724134,-0.002164661200139574,0.006420037613823093,20
CMR,2005,-0.00030662990634326454,-0.0021712614296585837,0.0062398457086368635,20
COD,2005,-0.00028167052350871704,-0.002108862972572215,0.0062398457086368635,20
COG,2005,-0.0003253494434691751,-0.0021775012753672204,0.006392733080034522,20
COL,2005,-0.0003144382943045739,-0.0021611345516203183,0.005455574582300631,20
COM,2005,-1.3097936278890518e-05,-0.001705120790130636,0.008006448902314995,20
CPV,2005,-0.0003253494434691751,-0.0021775012753672204,0.0062398457086368635,20
CRI,2005,-0.00033077412097842404,-0.0021775012753672204,0.005424677509248929,20
CUB,2005,-0.0003253494434691751,-0.0021775012753672204,0.0016776840647947135,20
CYP,2005,-0.0001856309646729657,-0.0019379838831451465,0.006653260895057621,20
CZE,2005,-0.000323708086038021,-0.002175859917936066,0.0016413574311541041,20
DEU,2005,-0.0003253494434691751,-0.0021775012753672204,0.007096981552626724,20
DJI,2005,-0.00030933654566454513,-0.0021694948264649053,0.008006448902314995,20
DNK,2005,-0.0003253494434691751,-0.0021775012753672204,0.006653260895057621,20
DOM,2005,-0.00038894906751097704,-0.0022093010873881214,0.005299968670150153,19
DZA,2005,-0.00030884603377961093,-0.0021775012753672204,0.0082517048447821,20
ECU,2005,-0.0003253494434691751,-0.002188412424531822,0.005455574582300631,20
EGY,2005,-0.00033356769867449424,-0.0021775012753672204,0.008218255205319117,20
ERI,2005,-0.0003253494434691751,-0.0021775012753672204,0.0062398457086368635,20
ESP,2005,-0.0003253494434691751,-0.002088345767792774,0.0074296256312038605,20
EST,2005,-0.00030538966078400226,-0.0021575414926820477,0.006653260895057621,20
ETH,2005,-0.000332709389030532,-0.0021848612209285773,0.007359945561356902,20
FIN,2005,-0.0003253494434691751,-0.002184154536262278,0.006653260895057621,20
FJI,2005,-0.0003253494434691751,-0.0021775012753672204,0.0011411070265655058,20
FRA,2005,-0.0003253494434691751,-0.0021775012753672204,0.0073980163696042624,20
GAB,2005,-0.0003253494434691751,-0.0021775012753672204,0.00656111090708111,20
GBR,2005,-0.0003253494434691751,-0.0021775012753672204,0.007095218198248423,20
GEO,2005,0.0007657853433202749,-0.0012660045327443263,0.006653260895057621,20
GHA,2005,-0.00030581877057826723,-0.0021514603781793433,0.006510224296969297,20
GIN,2005,-0.000344880116360083,-0.00218401149966419,0.006510224296969297,20
GMB,2005,-0.0003253494434691751,-0.0021968349374229643,0.006444554018581362,20
GNB,2005,-0.00031910959776053826,-0.0020776637440290307,0.0062398457086368635,20
GNQ,2005,-0.000331589289177812,-0.0021775012753672204,0.0062398457086368635,20
GRC,2005,-0.00031204292167905985,-0.002170848014472163,0.006653260895057621,20
GTM,2005,-0.0002762492722284694,-0.0021284011041265145,0.005455574582300631,20
GUY,2005,-0.0003253494434691751,-0.0021775012753672204,0.005299968670150153,20
HKG,2005,-0.00032621775027091176,-0.0021775012753672204,0.0008683068017366137,20
HND,2005,-0.0003253494434691751,-0.0021775012753672204,0.005299968670150153,20
HRV,2005,-0.00040861091527324506,-0.0023023934830733255,0.006938455983672489,19
HTI,2005,-0.0011680444620230492,-0.0029777965445598937,0.005299968670150153,19
HUN,2005,-0.0003253494434691751,-0.0021775012753672204,0.007716597944785245,20
IDN,2005,-0.00017938721393636622,-0.0020759623330835267,0.006346183892730848,20
IND,2005,-0.0003662796356488261,-0.0022184314675468713,0.008186038435930191,20
IRL,2005,-0.0003253494434691751,-0.0021775012753672204,0.006653260895057621,20
IRN,2005,-0.0003789714278848076,-0.0021989500691334735,0.0021448793766252966,19
IRQ,2005,-0.00022921707880376287,-0.0022181726604179716,0.003697398640977395,20
ISL,2005,-0.0003253494434691751,-0.002170848014472163,0.006653260895057621,20
ISR,2005,-0.00032753124153218037,-0.0021775012753672204,0.00218179806300524,20
ITA,2005,-0.0003253494434691751,-0.0021775012753672204,0.0069744754604350815,20
JAM,2005,-0.0003253494434691751,-0.0021775012753672204,0.005299968670150153,20
JOR,2005,-0.00025433003558062204,-0.0019999527556458377,0.003550970394427651,20
JPN,2005,-0.0003253494434691751,-0.002172093934950481,0.005407340416739367,20
KAZ,2005,-0.0003325134125993835,-0.002170337306237012,0.0071639691302083815,20
KEN,2005,-0.0003253494434691751,-0.0021775012753672204,0.0062398457086368635,20
KGZ,2005,-0.0003253494434691751,-0.0021775012753672204,0.0069237755799358945,20
KHM,2005,-0.0003095230277970948,-0.0021775012753672204,0.005275471890693434,20
KOR,2005,-0.00032664393792043446,-0.0021775012753672204,0.0012944944512593161,20
KWT,2005,-0.0003253494434691751,-0.0021775012753672204,0.0033461368336433358,20
LAO,2005,-0.0003253494434691751,-0.0021775012753672204,0.005143086584462645,20
LBN,2005,-0.0003111455618914645,-0.0021739503049727927,0.003550970394427651,20
LBR,2005,-0.000746574224082456,-0.0015522457416443816,0.006581637197082513,19
LBY,2005,-0.0003253494434691751,-0.0021775012753672204,0.008006448902314995,20
LKA,2005,-0.0003440847227864562,-0.002190381779897851,0.0011709549573300682,19
LSO,2005,-0.0003253494434691751,-0.002183741121075857,0.0062398457086368635,20
LTU,2005,-0.00029073056556949564,-0.002129034846307669,0.0069237755799358945,20
LUX,2005,-0.0003253494434691751,-0.0021775012753672204,0.006653260895057621,20
LVA,2005,-0.0003253494434691751,-0.0021705774997872844,0.0069237755799358945,20
MAR,2005,-0.0003253494434691751,-0.0021775012753672204,0.003469803833640021,20
MDA,2005,-0.0003253494434691751,-0.0021775012753672204,0.006653260895057621,20
MDG,2005,-0.0003253494434691751,-0.0021650215839499466,0.0062398457086368635,20
MDV,2005,-0.0003207850153629131,-0.0021729368472609583,0.0011411070265655058,20
MEX,2005,-0.00027764972543782373,-0.0021457014633463195,0.005299968670150153,20
MKD,2005,-0.00031837373293952114,-0.0021565741437782585,0.0069757105296540025,20
MLI,2005,-0.0003253494434691751,-0.0021775012753672204,0.006510224296969297,20
MLT,2005,-0.0003185877676999528,-0.0021775012753672204,0.006761675769222285,20
MMR,2005,-0.0003253494434691751,-0.0021775012753672204,0.005742178933156608,20
MNE,2005,-0.00029995945458593067,-0.002165652613888373,0.0016926659255496288,20
MNG,2005,-0.0003361568720204499,-0.002182904989642858,0.005403714275637385,20
MOZ,2005,-0.00030543712881785686,-0.002197413590018539,0.0066374382171060856,20
MRT,2005,-0.00027801024565760936,-0.0021301620775556547,0.007889866301927622,20
MUS,2005,-0.0003253494434691751,-0.0021775012753672204,0.0062398457086368635,20
MWI,2005,-0.0004439065119332753,-0.002239899732453589,0.0062398457086368635,19
MYS,2005,-0.00020705845202653419,-0.0020026363314954907,0.005143086584462645,20
NAM,2005,-0.00030662990634326454,-0.0021775012753672204,0.0062398457086368635,20
NER,2005,-0.0003003900606346276,-0.0021650215839499466,0.0062398457086368635,20
NGA,2005,-0.000425186974807365,-0.0022274200410363153,0.0062398457086368635,19
NIC,2005,-0.0003253494434691751,-0.0021722013066970704,0.005299968670150153,20
NLD,2005,-0.0003253494434691751,-0.0021775012753672204,0.006653260895057621,20
NOR,2005,-0.0003253494434691751,-0.0021775012753672204,0.006653260895057621,20
NPL,2005,-0.0003253494434691751,-0.0021775012753672204,0.0014437551821589603,20
NZL,2005,-0.0003253494434691751,-0.0021775012753672204,0.005143086584462645,20
OMN,2005,-0.00030861875930095846,-0.002174155138533577,0.0033461368336433358,20
PAK,2005,-0.0003253494434691751,-0.0021656351557604037,0.005933059803408426,20
PAN,2005,-0.0003308050180514758,-0.0021611345516203183,0.005455574582300631,20
PER,2005,-0.0003253494434691751,-0.0021775012753672204,0.005430845306882072,20
PHL,2005,-0.0005694020577410878,-0.002398851320869653,0.005675642192370057,19
PNG,2005,-0.00034973099007954594,-0.0021957874353249985,0.006095386652592702,20
POL,2005,-0.0003253494434691751,-0.0021775012753672204,0.00688419924663969,20
PRK,2005,-0.0003220474396138593,-0.0021775012753672204,0.001651001927657891,20
PRT,2005,-0.0003253494434691751,-0.0021775012753672204,0.00687012800425511,20
PRY,2005,-0.00016168220600015605,-0.0020738453583035083,0.005455574582300631,20
PSE,2005,-0.0003175346822535456,-0.002167081593746381,0.0008683068017366137,20
QAT,2005,-0.0003253494434691751,-0.0021740322681452003,0.003469007222020121,20
ROU,2005,-0.00044599812986382956,-0.002191695238472474,0.007096981552626724,19
RUS,2005,-0.0005851614859730256,-0.0023507093037031207,0.01443400236132501,19
RWA,2005,1.7842070505852522e-05,-0.0021026231268635783,0.0062398457086368635,20
SAU,2005,-0.0003253494434691751,-0.0021775012753672204,0.00453505455082074,20
SDN,2005,-0.00027801024565760936,-0.0021538316764614374,0.007889866301927622,20
SEN,2005,-0.0003253494434691751,-0.0021775012753672204,0.006356379356222033,20
SGP,2005,-0.0003253494434691751,-0.0021775012753672204,0.005143086584462645,20
SLB,2005,-0.0003103178527663014,-0.00216362596087226,0.0011562762079133618,20
SLE,2005,-0.0003440689805950857,-0.0021899809667844943,0.0062398457086368635,20
SLV,2005,-0.00031474950612887483,-0.00215630140068662,0.005299968670150153,20
SML,2005,-0.0003062466938309696,-0.0021696865141515908,0.0008683068017366137,20
SOM,2005,-0.0003253494434691751,-0.0019408052863093917,0.007889866301927622,20
SRB,2005,-0.00041503632120512725,-0.0022447664336691844,0.0074739064779960045,19
STP,2005,-0.0003253494434691751,-0.0021400622011153994,0.0062398457086368635,20
SUR,2005,-0.0003253494434691751,-0.0021775012753672204,0.005299968670150153,20
SVK,2005,-0.00031101283543640923,-0.0021631646673344546,0.0071683040163829335,20
SVN,2005,-0.0004318016177900972,-0.0022906067105832,0.006653260895057621,19
SWE,2005,-0.0003253494434691751,-0.0021775012753672204,0.006653260895057621,20
SWZ,2005,-0.00033782913488644885,-0.002183741121075857,0.0062398457086368635,20
SYC,2005,-5.7036077997790085e-05,-0.0019154277556044721,0.0062398457086368635,20
SYR,2005,-0.0003293028638564018,-0.002181454695754447,0.0039534203872266475,20
TCD,2005,-0.00029415021492599076,-0.0021712614296585837,0.0062398457086368635,20
TGO,2005,-0.0003317058228253972,-0.0021775012753672204,0.006356379356222033,20
THA,2005,-0.0003623643095247841,-0.0022250918174387176,0.005287838007944138,20
TJK,2005,-0.0003396740175811876,-0.0021918258494792327,0.007162287056006212,20
TKM,2005,-0.00031823128084780983,-0.0021775012753672204,0.007118162621365271,20
TLS,2005,-0.0003253494434691751,-0.0021775012753672204,0.0011381372069993942,20
TTO,2005,-0.0003253494434691751,-0.0021775012753672204,0.005299968670150153,20
TUN,2005,-0.0003337232780309725,-0.0021775012753672204,0.008373834561797345,20
TUR,2005,-0.00027834135497187127,-0.002146162549702351,0.007834681416217303,20
TWN,2005,-0.0003344782996816992,-0.002185489024553179,0.0011411070265655058,20
TZA,2005,-0.0003253494434691751,-0.0021775012753672204,0.006510224296969297,20
UGA,2005,-0.0002754306778000802,-0.0021525418925326728,0.0062398457086368635,20
UKR,2005,-0.00039572551630361286,-0.0021071252025327827,0.007819563648270854,20
URY,2005,-0.00032004947479902495,-0.0020821018393045176,0.005299968670150153,20
USA,2005,-0.00030047802240977306,-0.0021650655648375195,0.012435710529701034,20
UZB,2005,-0.0003253494434691751,-0.0021775012753672204,0.007402812373025322,20
VEN,2005,-0.00038894906751097704,-0.0023206004294612746,0.005299968670150153,19
VNM,2005,-0.00031993966532500363,-0.002182911053511392,0.005409778144171472,20
VUT,2005,-0.0003296909774778582,-0.0021792378889706936,0.0008683068017366137,20
XKX,2005,-0.00033301221196622895,-0.002180566382766042,0.0015325536994107679,20
YEM,2005,-0.00031846383773399096,-0.0021763536744113564,0.0011476009558640233,20
ZAF,2005,-0.00018690512001192028,-0.0020456495387412635,0.006592586831297844,20
ZMB,2005,-0.0003253494434691751,-0.0021775012753672204,0.0062398457086368635,20
ZWE,2005,-0.0003877479005555438,-0.002196220812493131,0.0062398457086368635,19
ZZB,2005,-0.00033316420468480464,-0.0021809745025741668,0.0008683068017366137,20
AFG,2006,-0.0036794640209761886,-0.0025255083961836966,0.0021930856541650928,16
AGO,2006,-0.00382559742955564,-0.0025669092468629637,0.006847033712365164,16
ALB,2006,-0.0036588414186737154,-0.002441954609154537,0.006936930074778526,16
ARE,2006,-0.003839221755794495,-0.002566839505677088,0.0034583874491203198,16
ARG,2006,-0.0038566912237558756,-0.0026106907062963176,0.005276346531569857,16
ARM,2006,-0.003860434259007751,-0.0025451648239452986,0.007147864157507516,16
AUS,2006,-0.003851142056178753,-0.0025737562805753286,0.005003525486017582,16
AUT,2006,-0.0038461385306927357,-0.002575492268969743,0.0017359883944145062,16
AZE,2006,-0.0038461385306927357,-0.0025806295944076226,0.00687331383229399,16
BDI,2006,-0.0032792380164054884,-0.002592445308518864,0.006229675981178542,16
BEL,2006,-0.0037130976824626535,-0.002434063389933743,0.006652042411504092,16
BEN,2006,-0.0037153153350879863,-0.002474081464876472,0.006229675981178542,16
BFA,2006,-0.0038212198267680215,-0.0025612969286129715,0.006229675981178542,16
BGD,2006,-0.0038461385306927357,-0.0025737562805753286,0.0013885947377216168,16
BGR,2006,-0.003990727525616508,-0.0027111158257529127,0.007229449746188632,15
BHR,2006,-0.003818471431099773,-0.002566839505677088,0.0034583874491203198,16
BIH,2006,-0.0038461385306927357,-0.0025138878988717915,0.006652042411504092,16
BLR,2006,-0.003896670024929293,-0.002588193850357202,0.007218784890936785,16
BOL,2006,-0.0038830729564137247,-0.0026106907062963176,0.005276346531569857,16
BRA,2006,-0.0037799904238771842,-0.002298139168843865,0.005512342234629266,16
BRB,2006,-0.0038461385306927357,-0.0025737562805753286,0.005276346531569857,16
BTN,2006,-0.0038447408513077176,-0.0025737562805753286,0.001397679385017998,16
BWA,2006,-0.0038212198267680215,-0.0025488375766506144,0.006229675981178542,16
CAF,2006,-0.003381627090735787,-0.0020456131365146884,0.006363170410369162,16
CAN,2006,-0.00385279057310424,-0.0025737562805753286,0.006652042411504092,16
CHE,2006,-0.0038461385306927357,-0.0025737562805753286,0.007068336017405875,16
CHL,2006,-0.0038619675702874453,-0.002552650894449049,0.005276346531569857,16
CHN,2006,-0.003941196191173035,-0.002763871601535927,0.011882207560037418,16
CIV,2006,-0.003923046532455685,-0.0026058012813098903,0.006409000146912414,15
CMR,2006,-0.0038274495027492,-0.002592445308518864,0.006229675981178542,16
COD,2006,-0.0037838417708809502,-0.0025612969286129715,0.006229675981178542,16
COG,2006,-0.0038461385306927357,-0.0025737562805753286,0.006375765890827728,16
COL,2006,-0.0038190123200575587,-0.002552055312067187,0.005425242127035369,16
COM,2006,-0.0036940163680129097,-0.002365589110592409,0.008006429614727672,16
CPV,2006,-0.0038461385306927357,-0.0025737562805753286,0.006229675981178542,16
CRI,2006,-0.0038461385306927357,-0.002595349961017913,0.005398420110646077,16
CUB,2006,-0.003847804241721356,-0.0025720905695467084,0.0016657110286201976,16
CYP,2006,-0.00385279057310424,-0.0025737562805753286,0.006652042411504092,16
CZE,2006,-0.0038461385306927357,-0.0025721356642764447,0.0016206162988836271,16
DEU,2006,-0.0038461385306927357,-0.0025595768958390115,0.007089692368158514,16
DJI,2006,-0.0039582285452989235,-0.0026137884286489667,0.008006429614727672,15
DNK,2006,-0.0037663140217546864,-0.002473975644402767,0.006652042411504092,16
DOM,2006,-0.0038883493029452944,-0.002552650894449049,0.005276346531569857,16
DZA,2006,-0.003829443955117315,-0.002532019841636777,0.008347287787710276,16
ECU,2006,-0.0038461385306927357,-0.002562905796321258,0.005425242127035369,16
EGY,2006,-0.0038297471460597924,-0.0025655605882588567,0.008195692316471683,16
ERI,2006,-0.0038461385306927357,-0.0025737562805753286,0.006229675981178542,16
ESP,2006,-0.003816520531287579,-0.002551542781021461,0.007404499851289164,16
EST,2006,-0.0038461385306927357,-0.0025737562805753286,0.006652042411504092,16
ETH,2006,-0.003736453992602543,-0.0025371947678785975,0.007312302539346177,16
FIN,2006,-0.0038461385306927357,-0.0025737562805753286,0.006652042411504092,16
FJI,2006,-0.0038461385306927357,-0.0025737562805753286,0.0011208445961055202,16
FRA,2006,-0.0038461385306927357,-0.0025737562805753286,0.01132244200041156,16
GAB,2006,-0.0038330073096715426,-0.002567190670064732,0.006565610510596563,16
GBR,2006,-0.0038035833322317826,-0.00252410854903755,0.007092533076825516,16
GEO,2006,-0.00385279057310424,-0.002467323601991263,0.006652042411504092,16
GHA,2006,-0.0038720589928048425,-0.0025802363961033555,0.006480115528026737,16
GIN,2006,-0.0038461385306927357,-0.0025672761650473016,0.006480115528026737,16
GMB,2006,-0.0038461385306927357,-0.0025737562805753286,0.006432088260722538,16
GNB,2006,-0.0033851425080855236,-0.002293420861422294,0.006229675981178542,16
GNQ,2006,-0.00387105723461745,-0.0025737562805753286,0.006229675981178542,16
GRC,2006,-0.0038394864882812314,-0.0025671042381638243,0.006652042411504092,16
GTM,2006,-0.0038461385306927357,-0.0025683310384482932,0.005425242127035369,16
GUY,2006,-0.0038461385306927357,-0.0025737562805753286,0.005276346531569857,16
HKG,2006,-0.003847875144296209,-0.002574624587377065,0.0008683068017366137,16
HND,2006,-0.003877796609882154,-0.0025843089736384685,0.005276346531569857,16
HRV,2006,-0.003726401767285662,-0.0023808470506417097,0.006652042411504092,16
HTI,2006,-0.0038566912237558756,-0.002631796092422597,0.005276346531569857,16
HUN,2006,-0.0038461385306927357,-0.002612150493478055,0.007678842580545296,16
IDN,2006,-0.0037797339575631264,-0.0025375356043228145,0.006036779375419006,16
IND,2006,-0.003908655037836318,-0.0026128290975400673,0.00781456339294774,16
IRL,2006,-0.0038461385306927357,-0.0025737562805753286,0.006652042411504092,16
IRN,2006,-0.003909017937218242,-0.002605195983838082,0.0020959802175168907,15
IRQ,2006,-0.003746753518762072,-0.0025737562805753286,0.003680926367802358,16
ISL,2006,-0.0038594426155157437,-0.0025804083229868328,0.006652042411504092,16
ISR,2006,-0.0038461385306927357,-0.0025737562805753286,0.002157152440486726,16
ITA,2006,-0.0037834117936250008,-0.002517999180959564,0.0069696374519705555,16
JAM,2006,-0.003803927758440177,-0.0025104401221964904,0.005276346531569857,16
JOR,2006,-0.0038461385306927357,-0.0025702158572881158,0.003540423287212909,16
JPN,2006,-0.003830776376342193,-0.0025583941262247857,0.005120718116847639,16
KAZ,2006,-0.0038959702317547923,-0.002587993909450202,0.007118814437436671,16
KEN,2006,-0.0038461385306927357,-0.002555067252631793,0.006229675981178542,16
KGZ,2006,-0.003590740995713916,-0.0024218982868041386,0.006902636080508631,16
KHM,2006,-0.003866102857327292,-0.0025887295255512454,0.004991081658639016,16
KOR,2006,-0.0038461385306927357,-0.0025724889541167127,0.0012673264586156741,16
KWT,2006,-0.0036992734519161047,-0.0025003237411870133,0.003337842699468886,16
LAO,2006,-0.0038461385306927357,-0.0025737562805753286,0.004863708529679236,16
LBN,2006,-0.003679738636193729,-0.002485245698395006,0.003540423287212909,16
LBR,2006,-0.003603199996489207,-0.0024227404349893514,0.006565906329825091,16
LBY,2006,-0.0038461385306927357,-0.0025737562805753286,0.008006429614727672,16
LKA,2006,-0.003935459574763365,-0.0026321585016984323,0.0011451415906490914,15
LSO,2006,-0.0038461385306927357,-0.002555067252631793,0.006229675981178542,16
LTU,2006,-0.00382543062245121,-0.0025530483723338027,0.006902636080508631,16
LUX,2006,-0.0038394864882812314,-0.0025737562805753286,0.006652042411504092,16
LVA,2006,-0.0038461385306927357,-0.0026082694609778716,0.006902636080508631,16
MAR,2006,-0.003828843979962141,-0.002553002819698615,0.003458910146118932,16
MDA,2006,-0.004245261075382981,-0.002813229807389476,0.006652042411504092,15
MDG,2006,-0.0038461385306927357,-0.0025737562805753286,0.006229675981178542,16
MDV,2006,-0.0037250873143133394,-0.0025109889831934195,0.0011208445961055202,16
MEX,2006,-0.0038461385306927357,-0.0025737562805753286,0.005276346531569857,16
MKD,2006,-0.003950192481814414,-0.0026639363715474495,0.006936930074778526,15
MLI,2006,-0.0038461385306927357,-0.0025737562805753286,0.006480115528026737,16
MLT,2006,-0.0038461385306927357,-0.0025737562805753286,0.006760045730675096,16
MMR,2006,-0.0038461385306927357,-0.0025737562805753286,0.005440240987955421,16
MNE,2006,-0.00381738808315765,-0.0025521934449240146,0.007187611883771346,16
MNG,2006,-0.0038307929896371825,-0.0025635259198716264,0.005115180351851047,16
MOZ,2006,-0.003594772498140097,-0.002467917951079481,0.0066148955934904885,16
MRT,2006,-0.004074450856694141,-0.00277845009009383,0.007872838827634678,15
MUS,2006,-0.0038461385306927357,-0.0025986749845000427,0.006229675981178542,16
MWI,2006,-0.003945813346391593,-0.002636053040387114,0.006229675981178542,15
MYS,2006,-0.003836411113633377,-0.00256402886351597,0.004863708529679236,16
NAM,2006,-0.0037838417708809502,-0.0024927704928200075,0.006229675981178542,16
NER,2006,-0.003684166955182094,-0.002474081464876472,0.006229675981178542,16
NGA,2006,-0.0038461385306927357,-0.0025737562805753286,0.006229675981178542,16
NIC,2006,-0.0038461385306927357,-0.0025737562805753286,0.005276346531569857,16
NLD,2006,-0.0038461385306927357,-0.0025737562805753286,0.006652042411504092,16
NOR,2006,-0.0038328344458697277,-0.0025604521957523206,0.006652042411504092,16
NPL,2006,-0.003848933889462772,-0.0025681655630352567,0.001397679385017998,16
NZL,2006,-0.003851002239222415,-0.002578619989105008,0.004863708529679236,16
OMN,2006,-0.0038461385306927357,-0.00257041843787586,0.003337842699468886,16
PAK,2006,-0.003834876179323769,-0.002590649807628779,0.005631175684483415,16
PAN,2006,-0.003851563772819771,-0.0026497096703538238,0.005425242127035369,16
PER,2006,-0.0038461385306927357,-0.002530523763120498,0.005404064681853806,16
PHL,2006,-0.003969844464902704,-0.0026060273938474945,0.005378518878694302,15
PNG,2006,-0.0038461385306927357,-0.0025737562805753286,0.005792722019748377,16
POL,2006,-0.0038323783808508864,-0.0025599961307334793,0.0068800749209246385,16
PRK,2006,-0.0038461385306927357,-0.0025737562805753286,0.0016212870512486211,16
PRT,2006,-0.003756853966452342,-0.0024776036729318275,0.006868043403107217,16
PRY,2006,-0.0038461385306927357,-0.002579181522702364,0.005425242127035369,16
PSE,2006,-0.00382703578105453,-0.0025563901445405965,0.0008683068017366137,16
QAT,2006,-0.0038461385306927357,-0.0025702978931262084,0.0034583874491203193,16
ROU,2006,-0.0037185240680658823,-0.0023397964324260974,0.007089692368158514,16
RUS,2006,-0.0038600958606246722,-0.0026295856003030753,0.013957329931936628,16
RWA,2006,-0.0038585978826550927,-0.00256752660459415,0.006229675981178542,16
SAU,2006,-0.0038416565378535123,-0.002560310302057659,0.00448199283922325,16
SDN,2006,-0.0036965545929676766,-0.002408426665195,0.007872838827634678,16
SEN,2006,-0.0038461385306927357,-0.0025737562805753286,0.006363170410369164,16
SGP,2006,-0.0038558659477520942,-0.002578619989105008,0.004863708529679234,16
SLB,2006,-0.0038562862919536743,-0.0025793939257202944,0.0011275290289931795,16
SLE,2006,-0.0038461385306927357,-0.0026173640124435783,0.006229675981178542,16
SLV,2006,-0.003830309491098026,-0.0025632035875121886,0.005276346531569857,16
SML,2006,-0.003840928689882316,-0.0025694147465666456,0.0008683068017366137,16
SOM,2006,-0.003806774336554562,-0.0023060797604357495,0.007872838827634678,16
SRB,2006,-0.0038461385306927357,-0.0025594631467453556,0.007146566914986462,16
STP,2006,-0.0038212198267680215,-0.0025301485487070788,0.006229675981178542,16
SUR,2006,-0.003909454689071574,-0.0026159670528278873,0.005276346531569857,15
SVK,2006,-0.0038461385306927357,-0.0025737562805753286,0.007116619238020042,16
SVN,2006,-0.003866094657927248,-0.0025870603653983366,0.006652042411504092,16
SWE,2006,-0.0038461385306927357,-0.0025737562805753286,0.006652042411504092,16
SWZ,2006,-0.003814990150786843,-0.0025737562805753286,0.006229675981178542,16
SYC,2006,-0.003839908854711557,-0.00256752660459415,0.006229675981178542,16
SYR,2006,-0.0038500688631841564,-0.002569825948083908,0.0039303324914207755,16
TCD,2006,-0.00387105723461745,-0.0025737562805753286,0.006229675981178542,16
TGO,2006,-0.003706148781664614,-0.0026819301775516044,0.006363170410369164,16
THA,2006,-0.00396121961687114,-0.002688837366753733,0.00500352548601758,15
TJK,2006,-0.003953150417814872,-0.0026450975386567528,0.0071341258081424365,15
TKM,2006,-0.003782195388816405,-0.002566651487033514,0.007104793541814491,16
TLS,2006,-0.003847251249758485,-0.0025770944377725767,0.0011127190657493197,16
TTO,2006,-0.0038514148772243054,-0.0025737562805753286,0.005276346531569857,16
TUN,2006,-0.003829446359629033,-0.002565410195043477,0.00834608553185137,16
TUR,2006,-0.00395686685411693,-0.002716121267835007,0.00790916595887101,15
TWN,2006,-0.003851742753673263,-0.0025759979697675397,0.0011208445961055202,16
TZA,2006,-0.00391741980150103,-0.0025802363961033555,0.006480115528026737,15
UGA,2006,-0.003665477927238558,-0.0024803111408576504,0.006229675981178542,16
UKR,2006,-0.0033412019476124783,-0.0024650007088349657,0.007768255124311648,16
URY,2006,-0.0037617169861876177,-0.0025157164687280606,0.005276346531569857,16
USA,2006,-0.003919897355217901,-0.002635221967679633,0.01229313742086088,16
UZB,2006,-0.0038240867285370453,-0.0026031586834495825,0.007350600718563492,16
VEN,2006,-0.0038514148772243054,-0.0027531520626487035,0.005276346531569857,16
VNM,2006,-0.0038461385306927357,-0.0025123046289889394,0.005120970965532422,16
VUT,2006,-0.003849611757899682,-0.0025763612009805383,0.0008683068017366137,16
XKX,2006,-0.0038664280027280833,-0.0025886352267345835,0.0013526314690231636,15
YEM,2006,-0.0038461385306927357,-0.0025737562805753286,0.0011449155557097142,16
ZAF,2006,-0.0037540198177122633,-0.0025145371079450247,0.00657990807003375,16
ZMB,2006,-0.003758923066956236,-0.0024865408168388294,0.006229675981178542,16
ZWE,2006,-0.003852368206673914,-0.002579985956556507,0.006229675981178542,16
ZZB,2006,-0.003843533610287526,-0.0025702830533683822,0.0008683068017366137,16
AFG,2007,-0.004252212982191033,-0.0028627401381898345,0.002013012606165387,19
AGO,2007,-0.004358902650317799,-0.0030257941592892307,0.006805735481165283,19
ALB,2007,-0.004168121650845408,-0.002896335623932966,0.006813607124013941,19
ARE,2007,-0.004348578662546943,-0.0030189115007753266,0.0034413292569520897,19
ARG,2007,-0.004427170456331499,-0.0030835592259162077,0.005251369693361527,18
ARM,2007,-0.004358902650317799,-0.0030257941592892307,0.0069616350841349645,19
AUS,2007,-0.004358902650317799,-0.0030257941592892307,0.005082373260523287,19
AUT,2007,-0.004353755099195882,-0.0030189307577933415,0.0017158503739723055,19
AZE,2007,-0.004372400564234277,-0.003039292073205708,0.006748956958238573,19
BDI,2007,-0.003620962377181929,-0.00279014936618702,0.0062011787658476465,19
BEL,2007,-0.004352371878450848,-0.003012732615555329,0.006530771866950736,19
BEN,2007,-0.004129459035981436,-0.002858362332611344,0.0062011787658476465,19
BFA,2007,-0.004222476717469151,-0.0029389776565673636,0.0062011787658476465,19
BGD,2007,-0.004611222239082884,-0.0031197955747115174,0.004947442916962448,18
BGR,2007,-0.004323501870030561,-0.002983313222944545,0.0070801560574476246,19
BHR,2007,-0.004352019991803895,-0.0030051461837475183,0.0034413292569520897,19
BIH,2007,-0.0044960488595237645,-0.0031302865091604425,0.006530771866950736,18
BLR,2007,-0.0044154594120710475,-0.003032863754508387,0.007069595219156083,19
BOL,2007,-0.004474432783571753,-0.0034038927772112606,0.005251369693361527,18
BRA,2007,-0.004353419034952289,-0.0030367613900202516,0.005483615365510348,19
BRB,2007,-0.004358902650317799,-0.003036296898675954,0.005251369693361527,19
BTN,2007,-0.004348384598592931,-0.0030205351334267965,0.0013147564656085416,19
BWA,2007,-0.0043278967564885605,-0.00300098944422584,0.0062011787658476465,19
CAF,2007,-0.0040551205555110475,-0.002918204667378506,0.0063287936418073305,19
CAN,2007,-0.004319718019116094,-0.0029866095280875263,0.006530771866950736,19
CHE,2007,-0.004358902650317799,-0.0030257941592892307,0.006922282103556466,19
CHL,2007,-0.004269629365530653,-0.0029312695048087233,0.005251369693361527,19
CHN,2007,-0.004358902650317799,-0.0030257941592892307,0.011797839737445236,19
CIV,2007,-0.004358902650317799,-0.0030194145873353394,0.006379571953891197,19
CMR,2007,-0.004358902650317799,-0.0030257941592892307,0.0062011787658476465,19
COD,2007,-0.004024038996962027,-0.002914172941503973,0.0062011787658476465,19
COG,2007,-0.004358902650317799,-0.0030257941592892307,0.006341355469513901,19
COL,2007,-0.004202464244904343,-0.0029125111760587965,0.005394427772877811,19
COM,2007,-0.004422600704888362,-0.003057643186574512,0.00796225682132028,19
CPV,2007,-0.004290689683893475,-0.002957581192864907,0.0062011787658476465,19
CRI,2007,-0.0042998201961768736,-0.0029613405729536756,0.005371132194629602,19
CUB,2007,-0.004358902650317799,-0.0030257941592892307,0.0016531201491320731,19
CYP,2007,-0.004300125703515243,-0.002967017212486674,0.006530771866950736,19
CZE,2007,-0.0043525035839406855,-0.0030177953263178393,0.0015997665942783148,19
DEU,2007,-0.004317124519287886,-0.002990979050097636,0.00696302183831896,19
DJI,2007,-0.00438278942078176,-0.003033756416110551,0.00796225682132028,19
DNK,2007,-0.0043458411065838976,-0.00301926338742228,0.006530771866950736,19
DOM,2007,-0.00439566223817133,-0.0030520510077560385,0.005251369693361527,19
DZA,2007,-0.004358902650317799,-0.0030257941592892307,0.008300208940363185,19
ECU,2007,-0.004385874789182188,-0.0030419774426078644,0.005394427772877811,19
EGY,2007,-0.004342597475643626,-0.0030176415719521442,0.008152587337086343,19
ERI,2007,-0.004358902650317799,-0.0030257941592892307,0.0062011787658476465,19
ESP,2007,-0.004358902650317799,-0.003018536269123831,0.007257890165399602,19
EST,2007,-0.004358902650317799,-0.0030257941592892307,0.006530771866950736,19
ETH,2007,-0.0044675675177514255,-0.003054771457271531,0.007244324495575097,18
FIN,2007,-0.004300125703515243,-0.002947424896885822,0.006530771866950736,19
FJI,2007,-0.004507511026639511,-0.0031402776491963273,0.0011008027875682362,18
FRA,2007,-0.004358902650317799,-0.0030257941592892307,0.01126795477115518,19
GAB,2007,-0.0043132016591973035,-0.0030192654462720173,0.006528713017213631,19
GBR,2007,-0.004310119643772465,-0.002977011152743897,0.006969000935047666,19
GEO,2007,-0.004352371878450848,-0.002993140299954477,0.006530771866950736,19
GHA,2007,-0.004358902650317799,-0.0030257941592892307,0.006432631192352623,19
GIN,2007,-0.004378200543894857,-0.003019361528096878,0.006432631192352623,19
GMB,2007,-0.004397309085513442,-0.003038596304354445,0.006401072532607133,19
GNB,2007,-0.004389908544147038,-0.003044397695586774,0.0062011787658476465,19
GNQ,2007,-0.004346500292786104,-0.003019592980523383,0.0062011787658476465,19
GRC,2007,-0.004358902650317799,-0.0030323249311561815,0.006530771866950736,19
GTM,2007,-0.004358902650317799,-0.0030203997315163527,0.005394427772877811,19
GUY,2007,-0.004385159498784607,-0.0030415482683693153,0.005251369693361528,19
HKG,2007,-0.004358902650317799,-0.0030257941592892307,0.0008675534991324466,19
HND,2007,-0.004558454698665538,-0.0031255701834631,0.005251369693361528,18
HRV,2007,-0.004378494965918652,-0.0030584480186239844,0.006530771866950736,19
HTI,2007,-0.003628962262940547,-0.0024271380142460164,0.005251369693361528,19
HUN,2007,-0.004446128936820821,-0.0031130204457922523,0.007268857208585127,18
IDN,2007,-0.004379662809362183,-0.0030257941592892307,0.005190039761095759,19
IND,2007,-0.004371484762979802,-0.0030509583846132352,0.006291056331001127,19
IRL,2007,-0.004358902650317799,-0.0030257941592892307,0.006530771866950736,19
IRN,2007,-0.004367170149152933,-0.0030299279087067977,0.002066874708783505,19
IRQ,2007,-0.0037732055095303987,-0.002564557660919153,0.003660607129921253,19
ISL,2007,-0.004358902650317799,-0.0030257941592892307,0.006530771866950736,19
ISR,2007,-0.0043482519219396765,-0.0030172735765867324,0.0021301456756245432,19
ITA,2007,-0.004317830974022537,-0.00292996024793362,0.00684527938254363,19
JAM,2007,-0.004332645801850991,-0.0030047886805157848,0.005251369693361528,19
JOR,2007,-0.004355379753958745,-0.0030222712629301763,0.003522896359054536,19
JPN,2007,-0.0043173295506133465,-0.0029894176970478342,0.005196637463056621,19
KAZ,2007,-0.0043380427007769775,-0.0030188408427756232,0.006953316513607291,19
KEN,2007,-0.004358902650317799,-0.0030257941592892307,0.0062011787658476465,19
KGZ,2007,-0.004277754295438032,-0.0029716952560360525,0.00676236290664728,19
KHM,2007,-0.004358902650317799,-0.0030257941592892307,0.005069411707040824,19
KOR,2007,-0.004358902650317799,-0.0030257941592892307,0.0012412838365710734,19
KWT,2007,-0.004358902650317799,-0.00302247136468498,0.0033227946042509557,19
LAO,2007,-0.004358902650317799,-0.0030307416022061933,0.004947442916962448,19
LBN,2007,-0.004221509692314673,-0.0029447675430309766,0.003522896359054536,19
LBR,2007,-0.0019616638974199745,-0.001516905461961172,0.006531985702718869,19
LBY,2007,-0.004358902650317799,-0.0030257941592892307,0.00796225682132028,19
LKA,2007,-0.004665644111169471,-0.0031989546613829167,0.004947442916962448,18
LSO,2007,-0.004358902650317799,-0.0030319953380550783,0.0062011787658476465,19
LTU,2007,-0.004358902650317799,-0.003032556522195878,0.00676236290664728,19
LUX,2007,-0.004358902650317799,-0.0030257941592892307,0.006530771866950736,19
LVA,2007,-0.004413001553570978,-0.0030731306996357615,0.006762362906647279,19
MAR,2007,-0.004369227364680101,-0.003029235730743331,0.0034415714541005914,19
MDA,2007,-0.004430741140854257,-0.003038855703023132,0.006530771866950736,18
MDG,2007,-0.0044085120804445805,-0.003038196516820926,0.0062011787658476465,19
MDV,2007,-0.004336886594566434,-0.003015886934201117,0.0011008027875682362,19
MEX,2007,-0.0045532033289721755,-0.003167581141009992,0.005251369693361528,18
MKD,2007,-0.004399784293061883,-0.0030530485877852866,0.006813607124013941,19
MLI,2007,-0.004352470019125447,-0.0030129288969045253,0.006432631192352623,19
MLT,2007,-0.004358902650317799,-0.0030257941592892307,0.006638137003004272,19
MMR,2007,-0.004358902650317799,-0.0030257941592892307,0.004947442916962448,19
MNE,2007,-0.004429355458753055,-0.003068065844350384,0.007045280843525542,18
MNG,2007,-0.004296624711813565,-0.002979085705411056,0.005189828208686121,19
MOZ,2007,-0.004352328823144513,-0.0030192203321159454,0.006573827173285457,19
MRT,2007,-0.004672285105007895,-0.003010125036554726,0.007834561367252385,18
MUS,2007,-0.004358902650317799,-0.003019592980523383,0.0062011787658476465,19
MWI,2007,-0.004383707365381189,-0.003044397695586774,0.0062011787658476465,19
MYS,2007,-0.004353955207400837,-0.003020846716372268,0.004947442916962448,19
NAM,2007,-0.004334097935254409,-0.003019592980523383,0.0062011787658476465,19
NER,2007,-0.0043278967564885605,-0.003019592980523383,0.0062011787658476465,19
NGA,2007,-0.0043278967564885605,-0.003038196516820926,0.0062011787658476465,19
NIC,2007,-0.004505941001731922,-0.003288362643957307,0.005251369693361528,18
NLD,2007,-0.004326248790983045,-0.002999671071821428,0.006530771866950736,19
NOR,2007,-0.004339310334716947,-0.003012732615555329,0.006530771866950736,19
NPL,2007,-0.004348384598592931,-0.0029455940148871095,0.0013147564656085416,19
NZL,2007,-0.004363850093234762,-0.0030356890451231555,0.004947442916962448,19
OMN,2007,-0.004355579855713548,-0.003019148570080729,0.0033227946042509557,19
PAK,2007,-0.004376038639729433,-0.00303721815223032,0.00571199647054452,19
PAN,2007,-0.004358902650317799,-0.0030257941592892307,0.005394427772877811,19
PER,2007,-0.004358902650317799,-0.003063425025186675,0.005375837985349204,19
PHL,2007,-0.004358902650317799,-0.003036684929347859,0.0054453850293142494,19
PNG,2007,-0.0043179433114873015,-0.003002388822814661,0.005851334118642456,19
POL,2007,-0.004406193632037571,-0.003079840995540398,0.006755854531396003,19
PRK,2007,-0.004358902650317799,-0.0030257941592892307,0.0015925673111969853,19
PRT,2007,-0.00432517516135638,-0.002998812168120095,0.006745497792283851,19
PRY,2007,-0.004358902650317799,-0.002993427592651964,0.0053944277728778115,19
PSE,2007,-0.004386664362290038,-0.0030370723547779527,0.0008675534991324466,18
PSG,2007,-0.004358902650317799,-0.0030257941592892307,0.0008675534991324466,19
QAT,2007,-0.004358902650317799,-0.003029235488546183,0.0034413292569520897,19
ROU,2007,-0.00435193962847948,-0.0030049050937742744,0.006963021838318961,19
RUS,2007,-0.004331139672472453,-0.0030119126703665577,0.01388148892267319,19
RWA,2007,-0.004352701471551952,-0.0030257941592892307,0.0062011787658476465,19
SAU,2007,-0.004358902650317799,-0.0030213725676065165,0.004421591682714205,19
SDN,2007,-0.004351068088950547,-0.0030257941592892307,0.007834561367252385,19
SEN,2007,-0.004358902650317799,-0.0030257941592892307,0.0063287936418073305,19
SGP,2007,-0.004304480778231212,-0.003006004387621381,0.0049474429169624485,19
SLB,2007,-0.004402650330984877,-0.0030640733798729235,0.0010936920166769383,18
SLE,2007,-0.004358902650317799,-0.003044397695586774,0.0062011787658476465,19
SLV,2007,-0.004280132104917376,-0.0029732804623556156,0.005251369693361528,19
SML,2007,-0.004350227115326475,-0.0030197212847953036,0.0008675534991324466,19
SOM,2007,-0.004351068088950547,-0.003017959597921978,0.007834561367252385,19
SRB,2007,-0.004365923444447944,-0.0030187733651590863,0.007020794130144466,19
STP,2007,-0.004352701471551952,-0.0030133918017575356,0.0062011787658476465,19
SUR,2007,-0.00439566223817133,-0.0030520510077560385,0.005251369693361528,19
SVK,2007,-0.004531818202483022,-0.0031987097114544527,0.00691662208660888,18
SVN,2007,-0.004352371878450848,-0.00301926338742228,0.006530771866950736,19
SWE,2007,-0.004352371878450848,-0.003012732615555329,0.006530771866950736,19
SWZ,2007,-0.004352701471551952,-0.0030257941592892307,0.0062011787658476465,19
SYC,2007,-0.00430309204142517,-0.00300098944422584,0.0062011787658476465,19
SYR,2007,-0.004358902650317799,-0.0030257941592892307,0.00390232689018909,19
TCD,2007,-0.0043402991140202565,-0.0030319953380550783,0.0062011787658476465,19
TGO,2007,-0.004276628332974304,-0.0028296015563932034,0.0063287936418073305,19
THA,2007,-0.0057819671632643194,-0.004006692198570225,0.005082373260523287,18
TJK,2007,-0.004372912718226513,-0.0030327991932435874,0.007005033954356722,19
TKM,2007,-0.004365894273736252,-0.0030257941592892307,0.006991623418452549,19
TLS,2007,-0.004373744979068687,-0.0030406364880401176,0.0049474429169624485,19
TTO,2007,-0.004337897171544353,-0.003010040050209146,0.005251369693361528,19
TUN,2007,-0.004358902650317799,-0.003000897141174416,0.00829900603827156,19
TUR,2007,-0.004358902650317799,-0.0030335503749969175,0.007756215707686597,19
TWN,2007,-0.004353398636379958,-0.0030213909481389576,0.0011008027875682362,19
TZA,2007,-0.004127327927393104,-0.0028778436418651202,0.006432631192352624,19
UGA,2007,-0.004210074359937455,-0.002951380014099059,0.0062011787658476465,19
UKR,2007,-0.003406199336487725,-0.0023377306548563992,0.007561137411349796,19
URY,2007,-0.004348399910931076,-0.0030047886805157848,0.005251369693361528,19
USA,2007,-0.004286762531719588,-0.0029416306875913174,0.012023353099701865,19
UZB,2007,-0.004358902650317799,-0.003018597903282767,0.007196256006463327,19
VEN,2007,-0.004484935522958476,-0.0030993133349962922,0.005251369693361528,18
VNM,2007,-0.004353706860678534,-0.0030205983696499662,0.005195789639264542,19
VUT,2007,-0.004358902650317799,-0.0030257941592892307,0.0008675534991324466,19
XKX,2007,-0.004358902650317799,-0.0030257941592892307,0.0013430280488863173,19
YEM,2007,-0.004356620851908853,-0.0030246532600847575,0.0011408992044731844,19
ZAF,2007,-0.004352353882449538,-0.0030061478556844463,0.006548767868261511,19
ZMB,2007,-0.004358902650317799,-0.0030319953380550783,0.0062011787658476465,19
ZWE,2007,-0.004377506186615342,-0.0030319953380550783,0.0062011787658476465,19
ZZB,2007,-0.004354564882822137,-0.0030240590522909658,0.0008675534991324466,19
AFG,2008,-0.0006550585097223542,-0.0011517607756113422,0.001990045847435098,19
AGO,2008,-0.0006550585097223542,-0.00114030306290331,0.0067238792777337105,19
ALB,2008,-0.0006212416339458636,-0.0011402240711481811,0.006763375155298123,19
ARE,2008,-0.0004939018385750923,-0.0011263198987103073,0.003428865343558763,19
ARG,2008,-0.0006498163074031145,-0.0011747196307357363,0.005242202319239713,19
ARM,2008,-0.0005929206708884949,-0.0011330382085141574,0.006904204314873296,19
AUS,2008,-0.00064473942935182,-0.0011485912812735104,0.005159540185267067,19
AUT,2008,-0.0006362973800455641,-0.0011298730200519536,0.0017055572433445484,19
AZE,2008,-0.0006751512178911965,-0.0011604483908483915,0.006697569389614111,19
BDI,2008,-0.0006859524461432415,-0.0011722871833113096,0.006178787284177445,19
BEL,2008,-0.0006161706294199175,-0.001088937687621383,0.006481313383739436,19
BEN,2008,-0.0007415615317008385,-0.0012217174815847293,0.006178787284177445,18
BFA,2008,-0.0007044888079957738,-0.0011846447578796645,0.006178787284177445,19
BGD,2008,-0.0017507248815610628,-0.001711635992440872,0.005025992531370223,18
BGR,2008,-0.0006620822711544293,-0.0011467270600267023,0.007023761432075102,19
BHR,2008,-0.0006584873750659129,-0.0011708951481765712,0.003428865343558763,19
BIH,2008,-0.0010439373127467207,-0.0014130033568083547,0.006481313383739436,18
BLR,2008,-0.0006759407347775713,-0.001146790079773705,0.006960741685072392,19
BOL,2008,-0.0006812695213185528,-0.0011747196307357363,0.005242202319239713,19
BRA,2008,-0.0006660045927477893,-0.0011592238629714949,0.005473041512717543,19
BRB,2008,-0.0006550585097223542,-0.0011432664168202979,0.005242202319239713,19
BTN,2008,-0.0006212525132190932,-0.0011446492070155917,0.0013002306347408073,19
BWA,2008,-0.0006674160842907091,-0.0011537508214587773,0.006178787284177445,19
CAF,2008,-0.0006550585097223542,-0.0011537508214587773,0.006305031508091806,19
CAN,2008,-0.0006420958829548753,-0.0011407881946912985,0.006481313383739436,19
CHE,2008,-0.0006413246753265817,-0.001146883904260891,0.006866917197886248,19
CHL,2008,-0.0006550585097223542,-0.0011380242145010583,0.005242202319239713,19
CHN,2008,-0.0006436854909867952,-0.0011537508214587773,0.011373018735558975,19
CIV,2008,-0.0006487016754546153,-0.0011410371529233,0.0063568342677388645,19
CMR,2008,-0.0006612372970065316,-0.0011661083960271322,0.006178787284177445,19
COD,2008,-1.2464632167899958e-05,-0.0009498508410809217,0.006178787284177445,19
COG,2008,-0.0006740023190684904,-0.001160065424574156,0.00631460311537872,19
COL,2008,-0.0005904868887148273,-0.0010891792004512504,0.005380968417293902,19
COM,2008,-0.0006947105001609123,-0.0011696116176342006,0.007930398087711621,19
CPV,2008,-0.0006365221478698219,-0.001135214459606245,0.006178787284177445,19
CRI,2008,-0.0006389752564782331,-0.0011376675682146563,0.005361084414707032,19
CUB,2008,-0.0006550585097223542,-0.0011537508214587773,0.0013941471570925166,19
CYP,2008,-0.0006356145695711359,-0.0010824563742376436,0.006481313383739436,19
CZE,2008,-0.0006534678086421179,-0.0011489787182180683,0.0015907010802363294,19
DEU,2008,-0.0006550585097223542,-0.0011537508214587773,0.0069110357335861634,19
DJI,2008,-0.0006550585097223542,-0.0011537508214587773,0.007930398087711621,19
DNK,2008,-0.0006550585097223542,-0.0011537508214587773,0.006481313383739436,19
DOM,2008,-0.000696996128276272,-0.0011642352260972568,0.005242202319239713,19
DZA,2008,-0.0006633242246150115,-0.0011702822512440919,0.008265714892657292,19
ECU,2008,-0.0007734398149028196,-0.0013905134318197092,0.005380968417293902,18
EGY,2008,-0.0006550585097223542,-0.0011618707968677293,0.008119975408952027,19
ERI,2008,-0.0006550585097223542,-0.0011537508214587773,0.006178787284177445,19
ESP,2008,-0.000676664437388657,-0.0011825587250138478,0.007201975888767579,19
EST,2008,-0.0006550585097223542,-0.0011537508214587773,0.006481313383739436,19
ETH,2008,-0.0006334289356075664,-0.0011393311053822521,0.007209858038262623,19
FIN,2008,-0.0006485771963386148,-0.0011537508214587773,0.006481313383739436,19
FJI,2008,-0.0009401762363545611,-0.0013307204448856644,0.0010924050828820186,18
FRA,2008,-0.0006211756168960095,-0.0010972793334148695,0.011294297608781567,19
GAB,2008,-0.0006680660199519232,-0.0011537508214587773,0.006503755114784469,19
GBR,2008,-0.0006550585097223542,-0.0011537508214587773,0.00691792780556643,19
GEO,2008,-0.0007133903301760092,-0.0012120826419124322,0.006481313383739436,19
GHA,2008,-0.0006166466896692129,-0.0011409468814410637,0.006401970008856872,19
GIN,2008,-0.0006550585097223542,-0.0011217409714144929,0.006401970008856872,19
GMB,2008,-0.0007060783960791024,-0.0011665057930479645,0.006377485794593526,19
GNB,2008,-0.0006550585097223542,-0.0011599296087429548,0.006178787284177445,19
GNQ,2008,-0.0006550585097223542,-0.0011599296087429548,0.006178787284177445,19
GRC,2008,-0.000622651942803657,-0.0011407881946912985,0.006481313383739436,19
GTM,2008,-0.0005958678571321218,-0.0010891792004512504,0.005380968417293902,19
GUY,2008,-0.000676027318999313,-0.0011694774284164964,0.005242202319239713,19
HKG,2008,-0.0006550585097223542,-0.0011537508214587773,0.0008675534991324466,19
HND,2008,-0.0006498163074031145,-0.0011380242145010583,0.005242202319239713,19
HRV,2008,-0.0005772827491174809,-0.001075975060853904,0.006481313383739436,19
HTI,2008,-0.0002199557172254582,-0.0006924370173656826,0.005242202319239713,19
HUN,2008,-0.0005180570660425692,-0.000987906968583248,0.0072106022989360434,19
IDN,2008,-0.0006497926424310619,-0.0011379532195849003,0.0052658672912923345,19
IND,2008,-0.0006550585097223542,-0.0011537508214587773,0.006355283369713082,19
IRL,2008,-0.0005967266892686992,-0.001095419001005123,0.006481313383739436,19
IRN,2008,-0.0006550585097223542,-0.0011517022435678322,0.0020485778909451772,19
IRQ,2008,-0.0005455014693602703,-0.0010479716100746962,0.0037778289780028987,19
ISL,2008,-0.0006032080026524386,-0.0011148629411563407,0.006481313383739436,19
ISR,2008,-0.0006677626865241158,-0.0011601029098596582,0.0021173628002935947,19
ITA,2008,-0.0005929455774225796,-0.001105440763003397,0.006901436922197171,19
JAM,2008,-0.0006236052958069159,-0.0010960865959471404,0.005242202319239713,19
JOR,2008,-0.0006550585097223542,-0.0011537508214587773,0.003510091238764406,19
JPN,2008,-0.0006550585097223542,-0.0011537508214587773,0.005272896202867564,19
KAZ,2008,-0.000668839203330113,-0.0011468604746548978,0.006890346803879428,19
KEN,2008,-0.0006488797224381768,-0.0011661083960271322,0.006178787284177445,19
KGZ,2008,-0.0007489233623943606,-0.001267729571131928,0.006704632333714739,18
KHM,2008,-0.0006602050433891565,-0.0011537508214587773,0.005146533666802293,19
KOR,2008,-0.0006550585097223542,-0.0011574362049120853,0.0012284611511026678,19
KWT,2008,-0.0006649920281257752,-0.001160373167061058,0.0033111728011403323,19
LAO,2008,-0.0006600845022537244,-0.0011537508214587773,0.005025992531370223,19
LBN,2008,-0.0006515484184835897,-0.001143220547742484,0.003510091238764406,19
LBR,2008,-0.0005769696276950028,-0.0011016915667738764,0.006507406835612607,19
LBY,2008,-0.0006550585097223542,-0.0011537508214587773,0.00804555362321628,19
LKA,2008,-0.0006550585097223542,-0.001168828799052888,0.005025992531370223,19
LSO,2008,-0.000939282724794517,-0.0013514720145524559,0.006178787284177445,18
LTU,2008,-0.0006550585097223542,-0.0011470461891250627,0.006704632333714739,19
LUX,2008,-0.0006550585097223542,-0.0011537508214587773,0.006481313383739436,19
LVA,2008,-0.0007958557887303631,-0.001274434203465642,0.006704632333714739,18
MAR,2008,-0.0006447713180314497,-0.0011503217575618092,0.0034290638969681543,19
MDA,2008,-0.0006356145695711359,-0.0011343068813075593,0.006481313383739436,19
MDG,2008,-0.0006056282114489346,-0.001110499310469535,0.006178787284177445,19
MDV,2008,-0.0006495964843079441,-0.0011515660112930133,0.0010924050828820186,19
MEX,2008,-0.0008385355908957443,-0.0012795636771205303,0.005242202319239713,18
MKD,2008,-0.0007429823867412299,-0.001241674698477653,0.006763375155298124,18
MLI,2008,-0.0006998722997843523,-0.0011857606715030618,0.006401970008856872,19
MLT,2008,-0.0006879996595171693,-0.0011735155113356665,0.006588229958963006,19
MMR,2008,-0.0006550585097223542,-0.0011587768139901475,0.005025992531370223,19
MNE,2008,-0.0007878072233681165,-0.0010838830774346918,0.006986774402408537,18
MNG,2008,-0.0006550585097223542,-0.0011537508214587773,0.0052656233579187785,19
MOZ,2008,-0.0006550585097223542,-0.0011537508214587773,0.006545230115607339,19
MRT,2008,0.0009057568122145373,-0.0002562820113450648,0.0078040766096844575,19
MUS,2008,-0.0006550585097223542,-0.0011537508214587773,0.006178787284177445,19
MWI,2008,-0.0006365221478698219,-0.0011475720341746,0.006178787284177445,19
MYS,2008,-0.0006450065246596138,-0.0011537508214587773,0.005025992531370223,19
NAM,2008,-0.0007106675952799512,-0.0011970023324480196,0.006178787284177445,19
NER,2008,-0.0006550585097223542,-0.0011475720341746,0.006178787284177445,19
NGA,2008,-0.0007106675952799512,-0.001135214459606245,0.006178787284177445,19
NIC,2008,-0.0012107319555617634,-0.001709424267298187,0.005242202319239713,18
NLD,2008,-0.0006096893160361781,-0.0011148629411563407,0.006481313383739436,19
NOR,2008,-0.0006550585097223542,-0.0011537508214587773,0.006481313383739436,19
NPL,2008,-0.0005978483617937587,-0.0010666353689311433,0.0013002306347408073,19
NZL,2008,-0.0006550585097223542,-0.0011537508214587773,0.005025992531370223,19
OMN,2008,-0.0006550585097223542,-0.001160373167061058,0.0033111728011403323,19
PAK,2008,-0.0006781901592520325,-0.0011653166462236165,0.005782912382419568,19
PAN,2008,-0.0006550585097223542,-0.0011537508214587773,0.005380968417293902,19
PER,2008,-0.0006335959609788981,-0.0011805790073880975,0.0053656371858640355,19
PHL,2008,-0.0006771337581586753,-0.0011537508214587773,0.005518812109080271,19
PNG,2008,-0.00085057953670161,-0.001278173293172849,0.005924879605431989,18
POL,2008,-0.0006751738559768683,-0.0011805712831314628,0.0067051154181713745,19
PRK,2008,-0.0006550585097223542,-0.0011537508214587773,0.005319841635261116,19
PRT,2008,-0.0006550585097223542,-0.0011537508214587773,0.006695136581384374,19
PRY,2008,-0.0006550585097223542,-0.0010837982320339565,0.005380968417293902,19
PSE,2008,-0.0008094830325679296,-0.0012682678833442604,0.0008675534991324466,18
PSG,2008,-0.000576978694800434,-0.001166764123945764,0.0008675534991324466,19
QAT,2008,-0.0006550585097223542,-0.0011503219561152186,0.003428865343558763,19
ROU,2008,-0.0006688805811895266,-0.0010639073569221572,0.0069110357335861634,19
RUS,2008,-0.0007357238467021889,-0.0012075277127786672,0.013444222829972433,19
RWA,2008,-0.0006550585097223542,-0.0011599296087429548,0.006178787284177445,19
SAU,2008,-0.0006550585097223542,-0.0011537508214587773,0.004395033987572282,19
SDN,2008,-0.0006628625863320387,-0.0011381426682394084,0.0078040766096844575,19
SEN,2008,-0.0007370239193275477,-0.001235716231063971,0.006305031508091806,18
SGP,2008,-0.0006651104947850946,-0.0011537508214587773,0.005025992531370223,19
SLB,2008,-0.0005594395341288717,-0.0010744305348869112,0.0010865792681077552,19
SLE,2008,-0.0007662766808375483,-0.001178465970595487,0.006178787284177445,18
SLV,2008,-0.000639331902764635,-0.0011380242145010583,0.005242202319239713,19
SML,2008,-0.0006559260632214867,-0.0011537508214587773,0.0008675534991324466,19
SOM,2008,-0.0006550585097223542,-0.0011381426682394084,0.0078040766096844575,19
SRB,2008,-0.0006899050864369242,-0.0011328428754300353,0.006969315342914007,19
STP,2008,-0.0006488797224381768,-0.0011475720341746,0.006178787284177445,19
SUR,2008,-0.0006603007120415939,-0.0011747196307357363,0.005242202319239713,19
SVK,2008,-0.0005522134328031431,-0.0010646184214621278,0.006856338461280733,19
SVN,2008,-0.0006356145695711359,-0.0011278255679238196,0.006481313383739436,19
SWE,2008,-0.0006420958829548753,-0.0011407881946912985,0.006481313383739436,19
SWZ,2008,-0.0006550585097223542,-0.0011599296087429548,0.006178787284177445,19
SYC,2008,-0.0005005888276179183,-0.0010548902249119382,0.006178787284177445,19
SYR,2008,-0.0006667086946063422,-0.0011537508214587773,0.0038833949613293196,19
TCD,2008,-0.0006735948715748865,-0.0011599296087429548,0.006178787284177445,19
TGO,2008,-0.0005478729740847938,-0.001065480380345492,0.006305031508091806,19
THA,2008,-0.0008923973582446393,-0.0010815172588650385,0.005159540185267067,18
TJK,2008,-0.0006481139689996684,-0.001160695362181463,0.006944540722685733,19
TKM,2008,-0.0002734973652093443,-0.0010982510186205213,0.006937475354781997,19
TLS,2008,-0.0004540188084675451,-0.0009074771874216364,0.005025992531370223,19
TTO,2008,-0.0006445741050838747,-0.0011485086191395377,0.005242202319239713,19
TUN,2008,-0.0006550585097223542,-0.0011537508214587773,0.00826498601901619,19
TUR,2008,-0.000862814802645737,-0.0013230337268037556,0.00769467751568084,18
TWN,2008,-0.0006561509148052362,-0.0011537508214587773,0.0010924050828820186,19
TZA,2008,-0.0006742644197489248,-0.001166554761476491,0.006401970008856872,19
UGA,2008,-0.0006241645733014669,-0.001135214459606245,0.006178787284177445,19
UKR,2008,-0.0004077117352779166,-0.0009738622582264591,0.007495356801346587,19
URY,2008,-0.0006550585097223542,-0.0011537508214587773,0.005242202319239713,19
USA,2008,-0.000232099788353152,-0.0006824539605045248,0.012084534896262909,19
UZB,2008,-0.0006550585097223542,-0.0011466203404858718,0.007130480972905571,19
VEN,2008,-0.0007389337468301897,-0.0011852040353742157,0.005242202319239713,18
VNM,2008,-0.000649787837622707,-0.0011484801493591302,0.005270672099647205,19
VUT,2008,-0.0006550585097223542,-0.0011537508214587773,0.0008675534991324466,19
XKX,2008,-0.0006456826212559399,-0.0011457143456304222,0.0013394126380591928,19
YEM,2008,-0.0006550585097223542,-0.0011548902153378417,0.0011393938790643433,19
ZAF,2008,-0.0006550585097223542,-0.0011472785872799764,0.006472234178800944,19
ZMB,2008,-0.0006427009351539993,-0.0011413932468904225,0.006178787284177445,19
ZWE,2008,-0.0006550585097223542,-0.0011537508214587773,0.006178787284177445,19
ZZB,2008,-0.0006524558492249569,-0.0011528832679596449,0.0008675534991324466,19
AFG,2009,-0.0005558425414203767,-0.00013849043529225988,0.001972792653177814,19
AGO,2009,-0.0004764472170372278,-0.000117551430176144,0.006714345768912327,19
ALB,2009,-0.0005637337120330879,-0.000137654536904714,0.0067542763470793315,19
ARE,2009,-0.0005637337120330879,-0.00014440881325179333,0.0034261466398306526,19
ARG,2009,-0.0006427008407517426,-0.0002496983182099996,0.005264475247910308,18
ARM,2009,-0.0007702692957371029,-0.0002545611245606015,0.006884519456800505,18
AUS,2009,-0.0005189367104936382,-9.463436709684918e-05,0.004977444615494411,19
AUT,2009,-0.0005637337120330879,-0.00014440881325179333,0.001702354034691789,19
AZE,2009,-0.0005904835186276846,-0.0001510962649004424,0.006687451648649152,19
BDI,2009,-0.0006131240319618561,-0.00017527776320727363,0.006173789991096056,19
BEL,2009,-0.0005119547406417164,-0.00011851932755610756,0.006472371423921437,19
BEN,2009,-0.0006254716119440486,-0.00019997292317165788,0.006173789991096056,18
BFA,2009,-0.0005822550820063761,-0.00015675639323398544,0.006173789991096056,19
BGD,2009,-0.0005388464889556158,-0.00013445392402080451,0.004977444615494411,19
BGR,2009,-0.0005223598989508696,-0.00010303500016957494,0.006895635513703058,19
BHR,2009,-0.0005637337120330879,-0.00014440881325179333,0.0034261466398306526,19
BIH,2009,-0.000589623197728773,-0.00015735355609963622,0.006472371423921437,19
BLR,2009,-0.0005498526596497308,-0.00013746828706011474,0.006940526191678592,19
BOL,2009,-0.0005637337120330879,-0.0001707311894913449,0.005264475247910308,19
BRA,2009,-0.0005637337120330879,-0.00014440881325179333,0.005494928777875779,19
BRB,2009,-0.00047423763281861264,-6.544168453313864e-05,0.005264475247910308,19
BTN,2009,-0.0001042202357250601,0.00019188317220268517,0.0012835571963911393,19
BWA,2009,-0.0005946026619885683,-0.0001814515531983697,0.006173789991096056,19
CAF,2009,-0.0005637337120330879,-0.00014440881325179333,0.0062978609637469865,19
CAN,2009,-0.0005960955691526952,-0.00018324304179532198,0.006472371423921437,19
CHE,2009,-0.0005157720053629492,-8.959543420020616e-05,0.006851672381448392,19
CHL,2009,-0.0005637337120330879,-0.00014967328849970363,0.005264475247910308,19
CHN,2009,-0.0005637337120330879,-0.00014440881325179333,0.011278471333435201,19
CIV,2009,-0.0005573811681279374,-0.0001507613571569439,0.006352543905150552,19
CMR,2009,-0.0005822550820063761,-0.00014440881325179333,0.006173789991096056,19
COD,2009,-0.0005513861320508958,-0.00014440881325179333,0.006173789991096056,19
COG,2009,-0.0005763489034181486,-0.00015071640894432367,0.006307595692530351,19
COL,2009,-0.0005529311163440338,-0.00013900751540726626,0.0054012978445270605,19
COM,2009,-0.0005637337120330879,-0.00014440881325179333,0.007921479438295343,19
CPV,2009,-0.0005575599220419919,-0.00013823502326069728,0.006173789991096056,19
CRI,2009,-0.0005637337120330879,-0.00014440881325179333,0.0053831650316631474,19
CUB,2009,-0.0005748018730610964,-0.00014717585350879545,0.00138352012850105,19
CYP,2009,-0.0005702060834570094,-0.00015088118467571478,0.006472371423921437,19
CZE,2009,-0.0005637337120330879,-0.00014917124976817782,0.001587478838794825,19
DEU,2009,-0.0005637337120330879,-0.00014440881325179333,0.006901257331454818,19
DJI,2009,-0.0006033411092245647,-0.0001523302926900887,0.007921479438295343,19
DNK,2009,-0.0005702060834570094,-0.00015088118467571478,0.006472371423921437,19
DOM,2009,-0.0005532047615372673,-0.00014440881325179333,0.005264475247910308,19
DZA,2009,-0.0006050246210660084,-0.00015266699505837742,0.008258181806584079,19
ECU,2009,-0.0007635817322805894,-0.0004900918753015248,0.0054012978445270605,18
EGY,2009,-0.0005637337120330879,-0.00014440881325179333,0.008112199777872389,19
ERI,2009,-0.0005637337120330879,-0.00014440881325179333,0.006173789991096056,19
ESP,2009,-0.0004918583423008773,-6.534590654636242e-05,0.007187536973221058,19
EST,2009,-0.0005637337120330879,-0.00014440881325179333,0.006472371423921437,19
ETH,2009,-0.0005637337120330879,-0.00014440881325179333,0.007080907909732503,19
FIN,2009,-0.0005637337120330879,-0.00014440881325179333,0.006472371423921437,19
FJI,2009,-0.000566990086860762,-0.00014440881325179333,0.0010854582758913795,19
FRA,2009,-0.00047495518656556947,-4.4532972100836296e-05,0.011097315683439798,19
GAB,2009,-0.0005637337120330879,-0.00014440881325179333,0.00649580364349314,19
GBR,2009,-0.0005637337120330879,-0.00014440881325179333,0.00690863804821508,19
GEO,2009,-0.0008485180546856314,-0.0003385799559694363,0.006472371423921437,18
GHA,2009,-0.000589294257225004,-0.00016996935844370932,0.006390136297978992,19
GIN,2009,-0.0005637337120330879,-0.0003169424932972261,0.006390136297978992,19
GMB,2009,-0.0005637337120330879,-0.00015078052166578337,0.006371708413990028,19
GNB,2009,-0.0008353804716413143,-0.00033579630297577107,0.006173789991096056,18
GNQ,2009,-0.0005822550820063761,-0.00014440881325179333,0.006173789991096056,19
GRC,2009,-0.0005313718549134807,-0.00010557458470826468,0.006472371423921437,19
GTM,2009,-0.00046110905298707373,-9.579713265104974e-05,0.0054012978445270605,19
GUY,2009,-0.0005795271377768189,-0.00014440881325179333,0.005264475247910308,19
HKG,2009,-0.0005637337120330879,-0.00014440881325179333,0.0008675534991324466,19
HND,2009,-0.0005795271377768189,-0.00010229301126851083,0.005264475247910308,19
HRV,2009,-0.0005960955691526952,-0.00017029829894747912,0.006472371423921437,19
HTI,2009,-0.0005689981872809979,-0.0001338798627559727,0.005264475247910308,19
HUN,2009,-0.0005637337120330879,-0.00013721692088598407,0.007191892365809254,19
IDN,2009,-0.0005115788413655137,-0.00010268491671773394,0.005215487066757419,19
IND,2009,-0.0005637337120330879,-0.00014440881325179333,0.006291280189179459,19
IRL,2009,-0.0005313718549134807,-0.00011204695613218612,0.006472371423921437,19
IRN,2009,-0.0005759579432470765,-0.00014848355698978953,0.002037371868998102,19
IRQ,2009,-0.0005637337120330879,-0.00014440881325179333,0.003778341570401964,19
ISL,2009,-0.0005184271120656378,-9.262984186042178e-05,0.006472371423921437,19
ISR,2009,-0.0005637337120330879,-0.00014440881325179333,0.002108993210852882,19
ITA,2009,-0.00060508506049105,-0.0002408952929870382,0.00689189140966034,19
JAM,2009,-0.0005005600090581642,-9.17640607726902e-05,0.005264475247910308,19
JOR,2009,-0.0005532134292400464,-0.00014090205232077945,0.0035067609310138674,19
JPN,2009,-0.00057900529161739,-0.000149499339779894,0.005090526528100687,19
KAZ,2009,-0.0005568681640308671,-0.00014440881325179333,0.006865548002220805,19
KEN,2009,-0.0011564175511783095,-0.0004592721027976921,0.006173789991096056,18
KGZ,2009,-0.0006373111621614695,-0.00022467512248275481,0.006688859102580135,18
KHM,2009,-0.0005790245954511133,-0.0001546027355304769,0.005096961139341778,19
KOR,2009,-0.0006551941770063926,-0.0002639171541502448,0.0012194728663107292,18
KWT,2009,-0.0005604251050970425,-0.00014110020631574795,0.0033086069360453744,19
LAO,2009,-0.0005587562674175935,-0.00014440881325179333,0.004977444615494411,19
LBN,2009,-0.0005602269511020741,-0.00014090205232077945,0.0035067609310138674,19
LBR,2009,-0.0005637337120330879,-0.00014440881325179333,0.006506216105600612,19
LBY,2009,-0.0005637337120330879,-0.00014440881325179333,0.008036477353920487,19
LKA,2009,-0.00058862093511056,-0.000164318591713771,0.004977444615494411,19
LSO,2009,-0.0006069502419707597,-0.00016910397321617758,0.006173789991096056,19
LTU,2009,-0.0005503559938279277,-0.00012434223594405292,0.006688859102580135,19
LUX,2009,-0.0005637337120330879,-0.00014440881325179333,0.006472371423921437,19
LVA,2009,-0.0005704225711356681,-0.00013771995414921319,0.0066888591025801355,19
MAR,2009,-0.000584291340178171,-0.00015468762732433484,0.003426271357513837,19
MDA,2009,-0.0005831508263048523,-0.00015088118467571478,0.006472371423921437,19
MDG,2009,-0.0005081696021132234,-0.00012588744327850514,0.006173789991096056,19
MDV,2009,-0.00039982951237348965,-1.632473669661055e-05,0.0010854582758913795,19
MEX,2009,-0.0005110889595539848,-0.0001338798627559727,0.005264475247910308,19
MKD,2009,-0.0007731162787925467,-0.00032001999827585613,0.0067542763470793315,18
MLI,2009,-0.0006276350750128779,-0.00018913976733764596,0.006390136297978992,18
MLT,2009,-0.0004387290960746695,-5.230014886137972e-05,0.006579190313600966,19
MMR,2009,-0.0005637337120330879,-0.00013943136863629892,0.004977444615494411,19
MNE,2009,-0.0004731127652382968,-4.681702439586445e-05,0.006970842061137772,19
MNG,2009,-0.0007306357885411108,-0.000285232440305437,0.005215689890875707,18
MOZ,2009,-0.0006160380231073003,-0.00017056096878889955,0.0065380388842765464,19
MRT,2009,-0.0009536005728232161,-0.0003705315925100677,0.0077973372158025665,18
MUS,2009,-0.0005637337120330879,-0.00016910397321617758,0.006173789991096056,19
MWI,2009,-0.0005575599220419919,-0.00013206123326960122,0.006173789991096056,19
MYS,2009,-0.0004940494874161661,-0.00011454414555882684,0.004977444615494411,19
NAM,2009,-0.0005452123420597998,-0.00011971365328740908,0.006173789991096056,19
NER,2009,-0.0005760812920152801,-0.0001814515531983697,0.006173789991096056,19
NGA,2009,-0.0005266909720865116,-0.00010736607330521697,0.006173789991096056,19
NIC,2009,-0.0006269074150080117,-0.00021284699147462727,0.005264475247910308,18
NLD,2009,-0.0005637337120330879,-0.00014440881325179333,0.006472371423921437,19
NOR,2009,-0.0005637337120330879,-0.00014440881325179333,0.006472371423921437,19
NPL,2009,-0.0003018880439692956,3.0154965457401562e-05,0.0012835571963911393,19
NZL,2009,-0.0005537788228020991,-0.00012947647940531008,0.004977444615494411,19
OMN,2009,-0.0005637337120330879,-0.00014110020631574795,0.003308606936045374,19
PAK,2009,-0.0001999745286637083,6.825040164107479e-05,0.005596295128759686,19
PAN,2009,-0.0005637337120330879,-0.00014440881325179333,0.0054012978445270605,19
PER,2009,-0.0005367958940712809,-0.00012824612247470916,0.005387563592361387,19
PHL,2009,-0.000579739437165291,-0.00013907357154105897,0.005335241710734351,19
PNG,2009,-0.0007573688289698638,-0.000261763429577112,0.005867730816265929,18
POL,2009,-0.00044990643733239797,2.897071654981207e-06,0.006695722041217053,19
PRK,2009,-0.0005637337120330879,-0.00014440881325179333,0.005268793287865875,19
PRT,2009,-0.0005704197113146182,-0.00014440881325179333,0.0066859992815302685,19
PRY,2009,-0.0004287012659199113,0.00010945218544097845,0.0054012978445270605,19
PSE,2009,-0.0006409459734558757,-0.00018171361371448853,0.0008675534991324466,18
PSG,2009,-0.0005619986050348231,-0.00014440881325179333,0.0008675534991324466,19
QAT,2009,-0.0005637337120330879,-0.00014440881325179333,0.003426146639830652,19
ROU,2009,-0.0004809186240556301,-6.849498260579027e-05,0.006901257331454818,19
RUS,2009,-0.0007491335410290908,-0.0002371087277497944,0.013242844928285908,18
RWA,2009,-0.0005266909720865116,-0.00013206123326960122,0.006173789991096056,19
SAU,2009,-0.0005637337120330879,-0.00014002996986813346,0.004378843383659858,19
SDN,2009,-0.0005403417003856802,-0.00013661147603599076,0.0077973372158025665,19
SEN,2009,-0.0005511379901055939,-0.00012551523036055236,0.0062978609637469865,19
SGP,2009,-0.0005488013781866047,-0.00014440881325179333,0.004977444615494411,19
SLB,2009,-0.0005637337120330879,-0.00014440881325179333,0.0010754133445653783,19
SLE,2009,-0.0006995570918372013,-0.00027405840306481024,0.006173789991096056,18
SLV,2009,-0.0005584692367851776,-0.00011282196176433146,0.005264475247910308,19
SML,2009,-0.0005637337120330879,-0.00014440881325179333,0.0008675534991324466,19
SOM,2009,-0.0005637337120330879,-0.0001522061504675959,0.0077973372158025665,19
SRB,2009,-0.0005637337120330879,-0.0001583284764727172,0.006959831610461922,19
STP,2009,-0.0005637337120330879,-0.00014440881325179333,0.006173789991096056,19
SUR,2009,-0.0005637337120330879,-0.0001338798627559727,0.005264475247910308,19
SVK,2009,-0.0005705625313694961,-0.0001512376325882015,0.0068288193364081625,19
SVN,2009,-0.0005702060834570094,-0.00015088118467571478,0.006472371423921437,19
SWE,2009,-0.0005637337120330879,-0.00014440881325179333,0.006472371423921437,19
SWZ,2009,-0.0005760812920152801,-0.00013206123326960122,0.006173789991096056,19
SYC,2009,-0.0005266909720865116,-0.00011353986329631303,0.006173789991096056,19
SYR,2009,-0.0005676116561426361,-0.00014440881325179333,0.003877944109548146,19
TCD,2009,-0.0005452123420597998,-0.00014440881325179333,0.006173789991096056,19
TGO,2009,-7.250055686082294e-05,6.342059855185723e-05,0.0062978609637469865,19
THA,2009,0.000536281547991177,0.0006320725467653348,0.004977444615494411,19
TJK,2009,-0.0005498803164703657,-0.00014440881325179333,0.006926697781361101,19
TKM,2009,-0.0005083313933403922,-0.00013055823357861936,0.006925289836586988,19
TLS,2009,-0.0005189367104936382,-0.00011454414555882684,0.004977444615494411,19
TTO,2009,-0.0004584442070748817,-4.9648258789407706e-05,0.005264475247910308,19
TUN,2009,-0.0005637337120330879,-0.00014440881325179333,0.008257455203579744,19
TUR,2009,-0.001039754973984611,-0.0005282969277288287,0.007677762289540701,18
TWN,2009,-0.0005441954630670431,-0.00013789606359644504,0.0010854582758913795,19
TZA,2009,-0.00055095343943713,-0.00012523840435785634,0.0063901362979789916,19
UGA,2009,-0.0005822550820063761,-0.00016293018322508152,0.006173789991096056,19
UKR,2009,-0.0005562627232895036,-0.0001892347457132997,0.007470988743584384,19
URY,2009,-0.0005637337120330879,-0.00014967328849970363,0.005264475247910308,19
USA,2009,-0.0005185766292910186,-6.914700868167768e-05,0.015052360914023117,19
UZB,2009,-0.0005424229525932837,-0.00013730522677185862,0.007103586479934718,19
VEN,2009,-0.0005742626625289086,-0.00016020223899552427,0.005264475247910308,19
VNM,2009,-0.0005637337120330879,-0.00014440881325179333,0.005220275183749203,19
VUT,2009,-0.0005272964650695251,-0.00011404444078215768,0.0008675534991324466,19
XKX,2009,-0.0005731044010117978,-0.00015511817208460464,0.001338669854101413,19
YEM,2009,-0.0005614561276603652,-0.00014440881325179333,0.0011387921863613344,19
ZAF,2009,-0.0005895937491620638,-0.00017673385966301313,0.0064650092822439555,19
ZMB,2009,-0.0005019958121221273,-0.00011971365328740908,0.006173789991096056,19
ZWE,2009,-0.0005884288719974722,-0.00016293018322508152,0.006173789991096056,19
ZZB,2009,-0.0005637337120330879,-0.00014180615275439598,0.0008675534991324466,19
AFG,2010,0.0003107324257922672,0.00022831716413960205,0.0019338455889149698,12
AGO,2010,0.0005116455585172893,0.00028185322516892136,0.006692007628664906,12
ALB,2010,0.0002770714299425341,0.00022157460485786807,0.006742559281733979,12
ARE,2010,0.000324269344914672,0.00023173724585260475,0.0034200817130026918,12
ARG,2010,0.00027183059665598794,0.0001916100403585232,0.005243874825868399,11
ARM,2010,0.00033112207273038074,0.0002831389866652719,0.006852727815708726,12
AUS,2010,0.000324269344914672,0.00022831716413960205,0.004846137172010465,12
AUT,2010,0.0003276761995159003,0.00023172401874083039,0.0017034273006141729,12
AZE,2010,0.000324269344914672,0.00022831716413960205,0.006673741240778705,12
BDI,2010,0.00027498729826574714,0.00020983639664625523,0.006160255831115601,12
BEL,2010,0.000324269344914672,0.00024123890467066226,0.006460870265530098,12
BEN,2010,0.0003119488332524408,0.00021599665247737084,0.006160255831115601,12
BFA,2010,0.0003612308799013656,0.00023447741997071765,0.006160255831115601,12
BGD,2010,0.0013322658766928488,0.000654777235276523,0.004846137172010465,12
BGR,2010,0.00018693877532846367,2.2321309760289554e-05,0.00686652847931041,11
BHR,2010,0.000324269344914672,0.00022831716413960205,0.0034200817130026918,12
BIH,2010,0.0003113476043836118,0.00022185629387407195,0.006460870265530098,12
BLR,2010,0.00034499250828337244,0.0002352248852625022,0.006907721122900148,12
BOL,2010,0.00029804997078533,0.0001339274172739708,0.005243874825868399,12
BRA,2010,0.000324269344914672,0.00022831716413960205,0.0054733491372257895,12
BRB,2010,0.0003295132197405404,0.00023356103896547044,0.005243874825868399,12
BTN,2010,0.0004444246828723647,0.0003121755770892418,0.0012516181037259657,12
BWA,2010,0.00030578857742132514,0.00020983639664625523,0.006160255831115601,12
CAF,2010,0.000324269344914672,0.00022831716413960205,0.006279988124288221,12
CAN,2010,0.0003142999224263828,0.00022831716413960205,0.009969422488289139,12
CHE,2010,0.000324269344914672,0.00022831716413960205,0.006826079955453234,12
CHL,2010,0.00028756222113359315,0.00020209779001026002,0.005243874825868399,12
CHN,2010,0.00031321108415801533,0.00022831716413960205,0.011058260756656665,12
CIV,2010,0.0003179310196028848,0.00021564051351602792,0.006338325311787229,12
CMR,2010,0.000324269344914672,0.00023447741997071765,0.006160255831115601,12
COD,2010,0.00034275011240801883,0.00025295818746406447,0.006160255831115601,12
COG,2010,0.00034313917994598954,0.00022831716413960205,0.006289945010439184,12
COL,2010,0.0003350226005782844,0.0002444470476350207,0.005376627831806214,12
COM,2010,0.0003558676759486737,0.00020461841586410097,0.00789958275850043,12
CPV,2010,0.000324269344914672,0.00022831716413960205,0.006160255831115601,12
CRI,2010,0.000324269344914672,0.00023367928371418448,0.005362119574582426,12
CUB,2010,0.00040880639942504735,0.00024331567381079768,0.0013635008791996021,12
CYP,2010,0.000324269344914672,0.00022185629387407195,0.006460870265530098,12
CZE,2010,0.00031003618789098,0.0002156654690074314,0.0015814618915213304,12
DEU,2010,0.0003104912623446142,0.0002145390815695443,0.00688904128502887,12
DJI,2010,0.00034006851043167285,0.00022831716413960205,0.00789958275850043,12
DNK,2010,0.000324269344914672,0.00022831716413960205,0.006460870265530098,12
DOM,2010,0.0003295132197405404,0.00023356103896547044,0.005243874825868399,12
DZA,2010,0.00030777692205279734,0.00022007095270866472,0.008246211430937306,12
ECU,2010,0.0002113601604467414,0.00015304437449431497,0.005376627831806214,11
EGY,2010,0.000316169867504341,0.00022831716413960205,0.008099477410331004,12
ERI,2010,0.0003304296007457876,0.00022215690830848644,0.006160255831115601,12
ESP,2010,0.0003385904073617387,0.00024263822658666872,0.0071605312235333346,12
EST,2010,0.0003436519557112623,0.00024769977493619165,0.006460870265530098,12
ETH,2010,0.000324269344914672,0.00022831716413960205,0.007043973351849745,12
FIN,2010,0.000324269344914672,0.00022831716413960205,0.006460870265530098,12
FJI,2010,0.00032212553796337375,0.0002197419363344091,0.0010719034756491198,12
FRA,2010,0.000324269344914672,0.00022831716413960205,0.010703850924510701,12
GAB,2010,0.0003177929872608097,0.00022831716413960205,0.00647635765386228,12
GBR,2010,0.000324269344914672,0.00022831716413960205,0.006896362325974893,12
GEO,2010,0.00029842586385255156,0.00023477803440513214,0.006460870265530098,12
GHA,2010,0.0004706243549332295,0.0003555823902426956,0.006363261305154671,12
GIN,2010,-0.0002738772177698673,-2.6213288066584775e-05,0.006363261305154671,11
GMB,2010,0.000324269344914672,0.00022831716413960205,0.006356602738518871,12
GNB,2010,0.000632282136470452,0.0004316056065664169,0.006160255831115601,12
GNQ,2010,0.0003304296007457876,0.00022831716413960205,0.006160255831115601,12
GRC,2010,0.0003307302151802021,0.00023477803440513214,0.006460870265530098,12
GTM,2010,0.00031351608925105957,0.00023369379197140825,0.005376627831806214,12
GUY,2010,0.0003609764686957508,0.00024404878861720725,0.005243874825868399,12
HKG,2010,0.0003260044519129369,0.00022831716413960205,0.0008675534991324466,12
HND,2010,-8.475289150306322e-05,1.8562171104865915e-05,0.005243874825868399,11
HRV,2010,0.0003565736962423225,0.0003252302181225536,0.006460870265530098,12
HTI,2010,0.00027707447148185636,0.00020209779001026002,0.005243874825868399,12
HUN,2010,0.000324269344914672,0.00022831716413960205,0.007161223139894915,12
IDN,2010,0.00020740443893965538,0.0001317765896385009,0.005081082868479003,11
IND,2010,9.130229931471001e-05,4.439581235015852e-05,0.006130711726314801,11
IRL,2010,0.000324269344914672,0.00022831716413960205,0.006460870265530098,12
IRN,2010,0.00030612290182609056,0.00022226834977674155,0.0020162714542868256,12
IRQ,2010,0.00032049634269508,0.00021322515526123425,0.0037730022195919446,12
ISL,2010,0.00033719108544573217,0.00023477803440513214,0.006460870265530098,12
ISR,2010,0.00032008503627272073,0.00021994854685569953,0.002092154320975625,12
ITA,2010,0.000338029478535549,0.0002764776318126717,0.006880066810438513,12
JAM,2010,0.000324269344914672,0.00022831716413960205,0.005243874825868399,12
JOR,2010,0.0003277687077846847,0.00022831716413960205,0.0034993628700127175,12
JPN,2010,0.0003639307603829166,0.0002630209026743161,0.004957676933530573,12
KAZ,2010,0.0003310929636442623,0.00022831716413960205,0.006823618729590344,12
KEN,2010,0.0003304296007457876,0.00022831716413960205,0.006160255831115601,12
KGZ,2010,0.0002443009790441336,0.0002016610421827559,0.006664030489211526,11
KHM,2010,0.00028455800585860854,0.00021342541199357825,0.004963917382007925,12
KOR,2010,0.000324269344914672,0.00022951890268426244,0.0012017385446603933,12
KWT,2010,0.000324269344914672,0.00022501441481917402,0.0033027493204280185,12
LAO,2010,0.000324269344914672,0.00022831716413960205,0.004846137172010465,12
LBN,2010,0.0004082540537949773,0.00027730824431978015,0.0034993628700127175,12
LBR,2010,0.00033724433147077357,0.00023480465741765284,0.006487493278050785,12
LBY,2010,0.00031625496160837563,0.0002203027808333057,0.00801438330629635,12
LKA,2010,0.00031457707057065107,0.00021377875262357078,0.004846137172010465,12
LSO,2010,0.0003119488332524408,0.00021599665247737084,0.006160255831115601,12
LTU,2010,0.0004708780156773257,0.00038158986539146725,0.006664030489211526,12
LUX,2010,0.0003307302151802021,0.00024769977493619235,0.006460870265530098,12
LVA,2010,0.00033093337540388354,0.00028162940805329356,0.006664030489211526,12
MAR,2010,0.0003311093191729658,0.00022489717701045515,0.0034199871291468844,12
MDA,2010,0.0004664084907563343,0.0003123084775914934,0.006460870265530098,12
MDG,2010,-0.0011049100079041474,-0.0008558878621367438,0.006160255831115601,11
MDV,2010,0.0004850548662620399,0.000397677913292163,0.0010719034756491198,12
MEX,2010,0.0003295132197405404,0.00024404878861720725,0.005243874825868399,12
MKD,2010,0.00015570536287132236,-9.298514393530949e-07,0.006742559281733979,11
MLI,2010,0.00033699586752498136,0.00022831716413960205,0.006363261305154671,12
MLT,2010,0.0004030797367501449,0.000320262621280988,0.006567532652956134,12
MMR,2010,0.00032911548208668247,0.00022831716413960205,0.004846137172010465,12
MNE,2010,0.0003589983103048651,0.00025610033645175615,0.006945793078038615,12
MNG,2010,0.0003700016673554991,0.00026388674826024534,0.005081369160091896,12
MOZ,2010,0.0003047110901816653,0.00021527832765093092,0.006519418244335562,12
MRT,2010,4.4196871367000996e-05,0.00010384050922952626,0.007779790931879743,11
MUS,2010,0.000324269344914672,0.00022831716413960205,0.006160255831115601,12
MWI,2010,0.0006754039272882611,0.00043160560656641705,0.006160255831115601,12
MYS,2010,0.0003388077564307034,0.000238009438483623,0.004846137172010465,12
NAM,2010,0.0002811475540968627,0.0001851953733217928,0.006160255831115601,12
NER,2010,-0.000630570308908246,-0.0006710801872032753,0.006160255831115601,11
NGA,2010,0.00031810908908355635,0.00023447741997071765,0.006160255831115601,12
NIC,2010,0.00030329384561119836,0.00019685391518439163,0.005243874825868399,12
NLD,2010,0.000324269344914672,0.00022831716413960205,0.006460870265530098,12
NOR,2010,0.0003307302151802021,0.00024123890467066226,0.006460870265530098,12
NPL,2010,0.00042690202942020125,0.000300911014155708,0.0012516181037259657,12
NZL,2010,0.0003872691281508081,0.00029616308454774863,0.004846137172010465,12
OMN,2010,0.000324269344914672,0.00022831716413960205,0.0033027493204280185,12
PAK,2010,0.0005151867046950742,0.00042468930562801553,0.005454781708011484,12
PAN,2010,0.00034039922841009066,0.0002390704198032145,0.005376627831806214,12
PER,2010,0.00031890310850217355,0.00022295092772710358,0.005366236412498449,12
PHL,2010,0.00034459652522545934,0.00023339895921729888,0.005081795077696837,12
PNG,2010,0.000324269344914672,0.00022831716413960205,0.005720323554674133,12
POL,2010,0.000324269344914672,0.00022831716413960205,0.006683379667031438,12
PRK,2010,0.000324269344914672,0.00022831716413960205,0.00513284346798485,12
PRT,2010,0.0003309435301513088,0.00022164297890296523,0.006674185236636803,12
PRY,2010,0.0003834122510645404,0.000276706814625858,0.005376627831806214,12
PSE,2010,0.00033120977290773153,0.00023178737813613182,0.0008675534991324466,12
PSG,2010,0.0003260044519129369,0.0002291847176387345,0.0008675534991324466,12
QAT,2010,0.000324269344914672,0.00022831716413960205,0.0034200817130026918,12
ROU,2010,0.0006342762027409714,0.00046254456783058383,0.00688904128502887,12
RUS,2010,0.00041408042492832776,0.00025397747271493193,0.012830154287665098,12
RWA,2010,0.00042899369404363714,0.0002591184432951801,0.006160255831115601,12
SAU,2010,0.000324269344914672,0.00023265792190859343,0.004340757768991377,12
SDN,2010,0.00033204913584655173,0.0002205373732077223,0.007779790931879743,12
SEN,2010,0.00028658941616894264,0.0001906372353938727,0.006279988124288221,12
SGP,2010,0.0003388077564307034,0.00024285557565563345,0.004846137172010465,12
SLB,2010,0.0003295422832224154,0.00023042633946269948,0.0010545876615487104,12
SLE,2010,0.00030578857742132514,0.00022215690830848644,0.006160255831115601,12
SLV,2010,0.0004973172141683287,0.000448559906826075,0.005243874825868399,12
SML,2010,0.000324269344914672,0.00022831716413960205,0.0008675534991324466,12
SOM,2010,0.000324269344914672,0.00022831716413960205,0.007779790931879743,12
SRB,2010,0.00028952813948167127,0.00020052419979320148,0.006948241086600136,12
STP,2010,0.000324269344914672,0.00022831716413960205,0.006160255831115601,12
SUR,2010,0.000324269344914672,0.00022831716413960205,0.005243874825868399,12
SVK,2010,0.00033105161129258715,0.00022153489776168691,0.00678226637791513,12
SVN,2010,0.000634391117660117,0.0005772041584782277,0.006460870265530098,12
SWE,2010,0.000324269344914672,0.00022831716413960205,0.006460870265530098,12
SWZ,2010,0.00030578857742132514,0.00022831716413960205,0.006160255831115601,12
SYC,2010,0.0003119488332524408,0.00021599665247737084,0.006160255831115601,12
SYR,2010,0.000324269344914672,0.00022831716413960205,0.003872266193458341,12
TCD,2010,0.0003304296007457876,0.0002467979316329489,0.006160255831115601,12
TGO,2010,0.0003305493330389602,0.0002408771403881785,0.006279988124288221,12
THA,2010,0.0004018075396668392,0.0002331633013116125,0.004846137172010465,12
TJK,2010,0.0003311665505447231,0.00023521436976965316,0.006897205630051116,12
TKM,2010,0.00033808318429132285,0.00021450332476295118,0.006906919688325432,12
TLS,2010,0.0003194232077426615,0.000238009438483623,0.004846137172010465,12
TTO,2010,0.000324269344914672,0.00022831716413960205,0.005243874825868399,12
TUN,2010,0.000324269344914672,0.00022831716413960205,0.008245479784724277,12
TUR,2010,0.0002252777430380566,0.00014032462913816674,0.010999066875179478,12
TWN,2010,0.0003253412483903211,0.00020902290157791788,0.0010719034756491198,12
TZA,2010,0.00033063260621982665,0.00022195390283444736,0.006363261305154671,12
UGA,2010,0.0003119488332524408,0.00021599665247737084,0.006160255831115601,12
UKR,2010,0.00029456607756485695,0.00022831716413960205,0.007425816837453755,12
URY,2010,0.0003347570945664088,0.00024404878861720725,0.005243874825868399,12
USA,2010,0.000324269344914672,0.0002722434377689652,0.014642091209787716,12
UZB,2010,0.00031721237319028394,0.00022831716413960205,0.007056971724388019,12
VEN,2010,0.00031902547008880357,0.00023356103896547044,0.005243874825868399,12
VNM,2010,0.0003191835119586876,0.00022831716413960205,0.005085832955984391,12
VUT,2010,0.0003971438388417975,0.00028817835557974083,0.0008675534991324466,12
XKX,2010,0.00032694463999449877,0.0002443689346185627,0.0013376475399133837,12
YEM,2010,0.000324269344914672,0.00022831716413960205,0.0011368098257334594,12
ZAF,2010,0.000324269344914672,0.00022186988463563777,0.006447279503964276,12
ZMB,2010,0.00036739113573248125,0.00024063767580183326,0.006160255831115601,12
ZWE,2010,0.00034275011240801883,0.0004131248390730701,0.006160255831115601,12
ZZB,2010,0.0003268720054120693,0.0002291847176387345,0.0008675534991324466,12
AFG,2011,-0.001101099719728825,-0.0015606853363960044,0.0019232651739754753,22
AGO,2011,-0.0010607696552611175,-0.0015663966277321534,0.006702176016025459,23
ALB,2011,-0.0011077025166061375,-0.0015932264868756653,0.006705701862593814,23
ARE,2011,-0.0010707601347160886,-0.0015495784031230226,0.0034138725770799325,23
ARG,2011,-0.0011263371464146725,-0.0015790738452608544,0.005216313912150401,22
ARM,2011,-0.000985573782374023,-0.0014984690603652437,0.006815401916857332,23
AUS,2011,-0.0010404300677418167,-0.0015192483361487507,0.004820562793050252,23
AUT,2011,-0.0010775619631491842,-0.0015546862536281105,0.0016939779280079029,23
AZE,2011,-0.00106753664636176,-0.001559629636631511,0.006637360931408453,23
BDI,2011,-0.0015309690383927088,-0.001744352356295856,0.0061729058256694645,22
BEL,2011,-0.001067748394447111,-0.0015529922757001025,0.006425612846057476,23
BEN,2011,-0.0010618281956418295,-0.001534473558223094,0.0061729058256694645,23
BFA,2011,-0.0009383700791284401,-0.0014480528766637219,0.0061729058256694645,23
BGD,2011,-0.0010404300677418167,-0.0016494035315611077,0.004820562793050252,23
BGR,2011,-0.0011902888200247183,-0.001682767654635365,0.006830283101855914,22
BHR,2011,-0.0010878294976014882,-0.0015632338934313424,0.0034138725770799325,23
BIH,2011,-0.0010356203302168243,-0.0015272898243158725,0.006425612846057476,23
BLR,2011,-0.0010810443371437502,-0.001566732935401266,0.006870329850581695,23
BOL,2011,-0.0012515286803062818,-0.0017355632626253664,0.005216313912150401,22
BRA,2011,-0.0010469476454991224,-0.001514875369188438,0.005445272358809216,23
BRB,2011,-0.0010741740072931685,-0.0015477759617879522,0.005216313912150401,23
BTN,2011,-0.001056748909494724,-0.0015417904271153883,0.001244649842746023,23
BWA,2011,-0.0010433094781648212,-0.0015036090290947467,0.0061729058256694645,23
CAF,2011,-0.0010676711666844964,-0.0015399865944827585,0.006502840608672046,23
CAN,2011,-0.0010741740072931685,-0.0015331604079753846,0.009915933862358953,23
CHE,2011,-0.0010741740072931685,-0.0015529922757001025,0.006788844029127619,23
CHL,2011,-0.0010689576933810181,-0.0015477759617879522,0.005216313912150401,23
CHN,2011,-0.0010741740072931685,-0.0015529922757001025,0.011002168820995669,23
CIV,2011,-0.001004323006000622,-0.0015275919115937224,0.006350091026595132,23
CMR,2011,-0.00105565528981616,-0.0015529922757001025,0.0061729058256694645,23
COD,2011,-0.0011252431183150413,-0.0015593759145778366,0.006383638877734102,23
COG,2011,-0.0010741740072931685,-0.0015529922757001025,0.006301960526206898,23
COL,2011,-0.000876283124871566,-0.0013764950021889438,0.005348402227610872,23
COM,2011,-0.0010899913691890884,-0.001465996785272543,0.007908680947959977,23
CPV,2011,-0.001092692724770177,-0.0015653380873514415,0.0061729058256694645,23
CRI,2011,-0.0010635061232238464,-0.0015423243916307804,0.005333942034661026,23
CUB,2011,-0.0010741740072931685,-0.0015529922757001025,0.0013573451630553394,23
CYP,2011,-0.0010163434916786512,-0.0014758849215474128,0.006425612846057476,23
CZE,2011,-0.0010820373686302113,-0.0015655736538393707,0.001572672267408549,23
DEU,2011,-0.0010878768062754789,-0.0015529922757001025,0.006851399491155174,23
DJI,2011,-0.0010899913691890884,-0.0015609009566480625,0.007908680947959977,23
DNK,2011,-0.0010741740072931685,-0.0015529922757001025,0.006425612846057476,23
DOM,2011,-0.0011472024020632741,-0.001584290159173005,0.005216313912150401,22
DZA,2011,-0.0011154413743714202,-0.0015529922757001025,0.008253473415650345,23
ECU,2011,-0.0012078840629834403,-0.0016599603202523201,0.005348402227610872,22
EGY,2011,-0.0010660660964900172,-0.0015529922757001025,0.008107910803151243,23
ERI,2011,-0.0010741740072931685,-0.0015529922757001025,0.0061729058256694645,23
ESP,2011,-0.0010456804720617471,-0.0015244987404686812,0.007123383807855333,23
EST,2011,-0.0010356203302168236,-0.0014566080830092402,0.006425612846057476,23
ETH,2011,-0.0011831332245215733,-0.0015820480669610105,0.007263947815226988,22
FIN,2011,-0.0010741740072931685,-0.0015529922757001025,0.006425612846057476,23
FJI,2011,-0.001072042239399147,-0.001544465204124017,0.0010658839470106933,23
FRA,2011,-0.0010741740072931685,-0.0015529922757001025,0.010652835057122105,23
GAB,2011,-0.0009444171006932392,-0.0015400165850401096,0.0064878453299964545,23
GBR,2011,-0.0011016151454042082,-0.0015872936983389024,0.006860284527759946,23
GEO,2011,-0.001042045943062881,-0.0015529922757001025,0.006425612846057476,23
GHA,2011,-0.0010359246014959784,-0.0014828683650719206,0.006374900966198353,23
GIN,2011,-0.0006980548502874657,-0.0013234958409169618,0.006374900966198353,23
GMB,2011,-0.0010678053591462776,-0.0015466236275532117,0.006368648146890827,23
GNB,2011,-0.0010988656305958462,-0.001546819369874433,0.0061729058256694645,23
GNQ,2011,-0.001092692724770177,-0.0015776838990027803,0.0061729058256694645,23
GRC,2011,-0.0010741740072931685,-0.0015529922757001025,0.006425612846057476,23
GTM,2011,-0.0010581288006103358,-0.0015476438734724916,0.005348402227610872,23
GUY,2011,-0.0010741740072931685,-0.0015529922757001025,0.005216313912150401,23
HKG,2011,-0.0010758991366778723,-0.0015538548403924545,0.0008625646923519266,23
HND,2011,-0.001246312366394132,-0.0017825100878347201,0.005216313912150401,22
HRV,2011,-0.0006886372365297203,-0.0010582200865536771,0.006425612846057476,23
HTI,2011,-0.0010741740072931685,-0.0016625348678552608,0.005216313912150401,23
HUN,2011,-0.001373447053271503,-0.0021871661112256215,0.0071255487137698815,22
IDN,2011,-0.0010640654552248636,-0.001487286687256121,0.005054276034152417,23
IND,2011,-0.0011473504184038663,-0.0015956785155146762,0.006098034259224812,22
IRL,2011,-0.0010741740072931685,-0.0015529922757001025,0.006425612846057476,23
IRN,2011,-0.0011022529975777556,-0.0015630204865160265,0.002005642163184795,22
IRQ,2011,-0.001115589081807112,-0.0015755823163440717,0.0037650067739948582,22
ISL,2011,-0.001080599620139226,-0.00153371543716193,0.006425612846057476,23
ISR,2011,-0.001082516453709329,-0.001563420333720303,0.002085611604040109,23
ITA,2011,-0.0010810178474437424,-0.0015529922757001025,0.006843840150573933,23
JAM,2011,-0.0010741740072931685,-0.0015425596478758016,0.005216313912150401,23
JOR,2011,-0.0010532151606266536,-0.0015355265701446734,0.0034931411110858306,23
JPN,2011,-0.0010840408463971792,-0.0015579256952521078,0.004933419552005369,23
KAZ,2011,-0.0011148930104242572,-0.0015665652767437987,0.006786500521848115,23
KEN,2011,-0.0010039539796380932,-0.0011955084985469928,0.006383638877734102,23
KGZ,2011,-0.0004975600039303318,-0.0009233562950165453,0.006627747165090075,23
KHM,2011,-0.0010741740072931685,-0.0015529922757001025,0.004937699398836192,23
KOR,2011,-0.0010705887967489259,-0.00154940706515586,0.001195070181414183,23
KWT,2011,-0.0010873625391045578,-0.001559586541605797,0.003297132952847303,23
LAO,2011,-0.001064532881707068,-0.0015481717129070523,0.004820562793050252,23
LBN,2011,-0.0010776671484042542,-0.0015599785579222742,0.0034931411110858306,23
LBR,2011,-0.0011261649959079824,-0.001669972000083434,0.006498873576851746,23
LBY,2011,-0.0010741740072931685,-0.0015449693923936159,0.008022883306486747,23
LKA,2011,-0.0009777627514321633,-0.0014999660849765498,0.004820562793050252,23
LSO,2011,-0.0010309636665134828,-0.001478917405792069,0.0061729058256694645,23
LTU,2011,-0.001047663018632808,-0.001513225792709562,0.006627747165090075,23
LUX,2011,-0.001067748394447111,-0.0015401410500079876,0.006425612846057476,23
LVA,2011,-0.0010410352714677181,-0.0014867148040492017,0.006627747165090074,23
MAR,2011,-0.0010673464394868053,-0.00152568200447465,0.003413783903181566,23
MDA,2011,-0.00013603453176877717,-0.0005891503487914809,0.0064256128460574765,23
MDG,2011,-0.0013889922044023112,-0.0016887962038648308,0.0061729058256694645,22
MDV,2011,-0.0010848328467632754,-0.0015625852312231988,0.0010658839470106933,22
MEX,2011,-0.0010115782403473635,-0.0015216943922272,0.005216313912150401,23
MKD,2011,-0.0010875854110183561,-0.0015865207850130716,0.006705701862593814,23
MLI,2011,-0.001086923809225565,-0.0015593671766663008,0.006374900966198353,23
MLT,2011,-0.0010741740072931685,-0.001559524628149418,0.00653235244931552,23
MMR,2011,-0.000968121625846063,-0.0014806838338043487,0.004820562793050252,23
MNE,2011,-0.0010810819166565402,-0.0015460843663367308,0.006907909363371702,23
MNG,2011,-0.0009882470265717084,-0.001456956238423177,0.005054528277732944,23
MOZ,2011,-0.001257021710649055,-0.0016444161273780457,0.006530275119853086,22
MRT,2011,-0.00026407122422521907,-0.001272572081561197,0.007789449837191818,23
MUS,2011,-0.0010186178548621432,-0.00146657159414073,0.0061729058256694645,23
MWI,2011,-0.000987753325733796,-0.0015159548407460857,0.0061729058256694645,23
MYS,2011,-0.001083815132879269,-0.001562633401286203,0.004820562793050252,23
NAM,2011,-0.001185286312155219,-0.0016332400514338056,0.0061729058256694645,22
NER,2011,-0.0020371473160976047,-0.0021085538000103544,0.0061729058256694645,22
NGA,2011,-0.0009692346082567875,-0.0014603986883150605,0.0061729058256694645,23
NIC,2011,-0.0011002555768539204,-0.0015790738452608544,0.005216313912150401,23
NLD,2011,-0.0010613227816010536,-0.001520864211469815,0.0064256128460574765,23
NOR,2011,-0.0010613227816010536,-0.00153371543716193,0.0064256128460574765,23
NPL,2011,-0.0010816419063496446,-0.0015604601747565786,0.001244649842746023,23
NZL,2011,-0.0010741740072931685,-0.0015529922757001025,0.004820562793050252,23
OMN,2011,-0.0010774711402460157,-0.0015529922757001025,0.003297132952847303,23
PAK,2011,-0.0009927775994348605,-0.0014119051687457023,0.005426427190553859,23
PAN,2011,-0.0010367351916998923,-0.001526250264562048,0.005348402227610872,23
PER,2011,-0.0010528219663492077,-0.0015049501835761906,0.0053380102359902116,23
PHL,2011,-0.0008416458239456069,-0.001315409131844985,0.005054960507555687,23
PNG,2011,-0.0010912434372189006,-0.0015871311355515668,0.005689809975244028,23
POL,2011,-0.0010675271253278314,-0.0015396985117694282,0.006646881965337117,23
PRK,2011,-0.0010690680362219897,-0.0015529922757001025,0.005105971071178761,23
PRT,2011,-0.0010741740072931685,-0.0015529922757001025,0.006639082887127309,23
PRY,2011,-0.0010313867894722814,-0.0015155534601068263,0.005348402227610872,23
PSE,2011,-0.0010724488779084646,-0.0015529922757001025,0.0008625646923519266,23
PSG,2011,-0.001068998619139057,-0.001546954322853639,0.0008625646923519266,23
QAT,2011,-0.0010741740072931685,-0.0015598200208542623,0.0034138725770799325,23
ROU,2011,-0.000978254414416996,-0.0014091128863858438,0.006851399491155175,23
RUS,2011,-0.001112471739355291,-0.0016295877398243472,0.01276591068737417,23
RWA,2011,-0.001092692724770177,-0.001534473558223094,0.0061729058256694645,23
SAU,2011,-0.001069842942823939,-0.001548661211230873,0.00433106446922936,23
SDN,2011,-0.0009861685434769882,-0.001528990785568417,0.008000496710561853,23
SEN,2011,-0.0009735007130807976,-0.0014774873050408244,0.006292080888273173,23
SGP,2011,-0.0010741740072931685,-0.0015529922757001025,0.004820562793050252,23
SLB,2011,-0.0010647365049439546,-0.001548797830211563,0.0010486113721348681,23
SLE,2011,-0.0010741740072931685,-0.0015283006523974247,0.0061729058256694645,23
SLV,2011,-0.0009750640429623107,-0.0014330170557206433,0.005216313912150402,23
SML,2011,-0.0010560601487537781,-0.0015443666287765832,0.0008625646923519266,23
SOM,2011,-0.0009651217095724829,-0.001490676677002568,0.007789449837191818,23
SRB,2011,-0.0011640071201676823,-0.0016773765858340449,0.00691023945188568,22
SSD,2011,-0.0010741740072931685,-0.0015529922757001025,0.0014979980152121722,23
STP,2011,-0.0010124449490364737,-0.0014974361232690772,0.0061729058256694645,23
SUR,2011,-0.0011106882046782213,-0.0016312369843823585,0.005216313912150402,23
SVK,2011,-0.0009729940724413152,-0.0014315763538778788,0.006745328990123541,23
SVN,2011,-0.001080599620139226,-0.001520864211469815,0.0064256128460574765,23
SWE,2011,-0.0010741740072931685,-0.0015529922757001025,0.0064256128460574765,23
SWZ,2011,-0.001068001101467499,-0.001571510993177111,0.0061729058256694645,23
SYC,2011,-0.0010741740072931685,-0.0015406464640487635,0.0061729058256694645,23
SYR,2011,-0.0010741740072931685,-0.001556856469627598,0.003864193927495426,23
TCD,2011,-0.001068001101467499,-0.0015406464640487635,0.0061729058256694645,23
TGO,2011,-0.001200015625058632,-0.0015152397903704636,0.006292080888273173,22
THA,2011,-0.0011079179468445203,-0.0015867362152514543,0.004820562793050252,23
TJK,2011,-0.0011084722441241771,-0.001594150159897313,0.006859647366201727,23
TKM,2011,-0.0010673047428898742,-0.0015529922757001025,0.006869264403294231,23
TLS,2011,-0.0010018655653974147,-0.0014758632710112987,0.004820562793050252,23
TTO,2011,-0.0010689576933810181,-0.0015425596478758016,0.005216313912150402,23
TUN,2011,-0.0010576685366670106,-0.0014869703931954714,0.008252735313078888,23
TUR,2011,-0.001293032999876613,-0.0020235391097545084,0.01094294962917222,22
TWN,2011,-0.0010699104715051256,-0.001551926391753092,0.0010658839470106933,23
TZA,2011,-0.0010614242053607718,-0.0015402424737677059,0.006374900966198354,23
UGA,2011,-0.0010805576461709026,-0.001572143192333305,0.006383638877734102,23
UKR,2011,-0.001960434697228036,-0.0025131080231295426,0.007385505749457232,22
URY,2011,-0.0009802803568744612,-0.0014382333696327935,0.005216313912150402,23
USA,2011,-0.0010741740072931685,-0.0015529922757001025,0.014565641952658782,23
UZB,2011,-0.0010811925844649449,-0.001545973698528326,0.007018577171776463,23
VEN,2011,-0.0011367697742389734,-0.001584290159173005,0.005216313912150402,22
VNM,2011,-0.001069115054337997,-0.0015529922757001025,0.005058952955171502,23
VUT,2011,-0.0010741740072931685,-0.0015521297110077505,0.0008625646923519266,23
XKX,2011,-0.001048902632500651,-0.0015370314074100915,0.0013300723575009115,23
YEM,2011,-0.0010730411520952405,-0.0015529922757001025,0.0011328551979280126,23
ZAF,2011,-0.0010547980659112715,-0.0014884058044271127,0.00645864712729896,23
ZMB,2011,-0.001092692724770177,-0.001546819369874433,0.0061729058256694645,23
ZWE,2011,-0.0010062720432108042,-0.0014233612533610437,0.0061729058256694645,23
ZZB,2011,-0.0010638232309849453,-0.0015452291934689353,0.0008625646923519266,23
AFG,2012,,,0.0020006808789653904,14
AGO,2012,,,0.006668499847489869,14
ALB,2012,,,0.006663157945231172,14
ARE,2012,,,0.0034054845989447474,14
ARG,2012,,,0.005060775375769403,14
ARM,2012,,,0.006755335291469451,14
AUS,2012,,,0.0047475982153914395,14
AUT,2012,,,0.0016677525649180767,14
AZE,2012,,,0.0065914634374937,14
BDI,2012,,,0.006151557235987886,13
BEL,2012,,,0.00638566340332726,14
BEN,2012,,,0.006151557235987886,13
BFA,2012,,,0.006151557235987886,14
BGD,2012,,,0.0047475982153914395,14
BGR,2012,,,0.0066300262216924585,14
BHR,2012,,,0.0034054845989447474,13
BIH,2012,,,0.00638566340332726,14
BLR,2012,,,0.006813304525022277,13
BOL,2012,,,0.005060775375769403,14
BRA,2012,,,0.009070326533006524,14
BRB,2012,,,0.005060775375769403,14
BTN,2012,,,0.0012184611590503058,14
BWA,2012,,,0.006151557235987886,14
CAF,2012,,,0.006475967206248498,13
CAN,2012,,,0.009585326734073021,13
CHE,2012,,,0.0067325466843071,14
CHL,2012,,,0.005060775375769403,14
CHN,2012,,,0.010813267959722067,14
CIV,2012,,,0.006299429321920491,13
CMR,2012,,,0.006151557235987886,14
COD,2012,,,0.006361932050174242,14
COG,2012,,,0.006275150524255504,14
COL,2012,,,0.005187289445565719,14
COM,2012,,,0.00787519701856262,14
CPV,2012,,,0.006151557235987886,14
CRI,2012,,,0.005175226430883167,14
CUB,2012,,,0.0013388848364853487,14
CYP,2012,,,0.00638566340332726,14
CZE,2012,,,0.0015511285188242324,14
DEU,2012,,,0.006805248392151676,14
DJI,2012,,,0.00787519701856262,14
DNK,2012,,,0.00638566340332726,14
DOM,2012,,,0.005060775375769403,14
DZA,2012,,,0.008211055780099024,14
ECU,2012,,,0.005187289445565719,14
EGY,2012,,,0.008072695765163387,14
ERI,2012,,,0.006151557235987886,14
ESP,2012,,,0.007063086861910659,14
EST,2012,,,0.00638566340332726,14
ETH,2012,,,0.00721931465787787,14
FIN,2012,,,0.00638566340332726,14
FJI,2012,,,0.0010540547472217862,14
FRA,2012,,,0.010318588990998013,14
GAB,2012,,,0.006459748726050367,14
GBR,2012,,,0.010019220592094947,14
GEO,2012,,,0.00638566340332726,14
GHA,2012,,,0.006341907055095615,14
GIN,2012,,,0.006341907055095615,14
GMB,2012,,,0.006345718490065179,14
GNB,2012,,,0.006151557235987886,14
GNQ,2012,,,0.006151557235987886,14
GRC,2012,,,0.00638566340332726,14
GTM,2012,,,0.005187289445565719,14
GUY,2012,,,0.005060775375769403,14
HKG,2012,,,0.0008625646923519266,14
HND,2012,,,0.005060775375769403,14
HRV,2012,,,0.00638566340332726,14
HTI,2012,,,0.005060775375769403,13
HUN,2012,,,0.007067490127093519,13
IDN,2012,,,0.004973809987562026,14
IND,2012,,,0.0059955724727197394,14
IRL,2012,,,0.00638566340332726,14
IRN,2012,,,0.0019490677962609565,14
IRQ,2012,,,0.003738433701920948,14
ISL,2012,,,0.00638566340332726,14
ISR,2012,,,0.0020686657384650416,14
ITA,2012,,,0.006799582116496912,14
JAM,2012,,,0.005060775375769403,14
JOR,2012,,,0.0034809814093173536,14
JPN,2012,,,0.004859117161046733,14
KAZ,2012,,,0.006576130573004594,14
KEN,2012,,,0.006361932050174242,14
KGZ,2012,,,0.006576130573004594,14
KHM,2012,,,0.004860797632207739,14
KOR,2012,,,0.0011776969671958122,14
KWT,2012,,,0.003286530769396328,14
LAO,2012,,,0.0047475982153914395,14
LBN,2012,,,0.0034809814093173536,14
LBR,2012,,,0.00647089941483335,14
LBY,2012,,,0.007986513494407559,14
LKA,2012,,,0.0047475982153914395,14
LSO,2012,,,0.006151557235987886,14
LTU,2012,,,0.006576130573004594,14
LUX,2012,,,0.00638566340332726,14
LVA,2012,,,0.006576130573004594,14
MAR,2012,,,0.003400218951381306,14
MDA,2012,,,0.00638566340332726,14
MDG,2012,,,0.006151557235987886,14
MDV,2012,,,0.0010540547472217862,14
MEX,2012,,,0.005060775375769403,14
MKD,2012,,,0.006663157945231171,13
MLI,2012,,,0.006341907055095615,14
MLT,2012,,,0.006491799352451726,14
MMR,2012,,,0.0047475982153914395,14
MNE,2012,,,0.006853693094485417,14
MNG,2012,,,0.00958532673407302,14
MOZ,2012,,,0.006497178509174827,14
MRT,2012,,,0.0077611449616909614,14
MUS,2012,,,0.006151557235987886,14
MWI,2012,,,0.006151557235987886,14
MYS,2012,,,0.0047475982153914395,14
NAM,2012,,,0.006151557235987886,14
NER,2012,,,0.006151557235987886,14
NGA,2012,,,0.006151557235987886,14
NIC,2012,,,0.005060775375769403,13
NLD,2012,,,0.006385663403327259,14
NOR,2012,,,0.006385663403327259,14
NPL,2012,,,0.0012184611590503058,14
NZL,2012,,,0.0047475982153914395,14
OMN,2012,,,0.003286530769396328,14
PAK,2012,,,0.005324507033245637,14
PAN,2012,,,0.005187289445565719,14
PER,2012,,,0.005178559421399235,14
PHL,2012,,,0.004974619437956587,14
PNG,2012,,,0.005604746075825122,14
POL,2012,,,0.00660390093398161,14
PRK,2012,,,0.005028903537190442,14
PRT,2012,,,0.006597929277053957,13
PRY,2012,,,0.005187289445565719,14
PSE,2012,,,0.0008625646923519266,14
PSG,2012,,,0.0008625646923519266,14
QAT,2012,,,0.0034054845989447474,14
ROU,2012,,,0.006805248392151675,14
RUS,2012,,,0.012363999607785534,14
RWA,2012,,,0.006151557235987886,14
SAU,2012,,,0.004293192377399178,14
SDN,2012,,,0.007971833261275381,14
SEN,2012,,,0.0062655671496208085,14
SGP,2012,,,0.0047475982153914395,14
SLB,2012,,,0.0010327222224402128,14
SLE,2012,,,0.006151557235987886,14
SLV,2012,,,0.005060775375769403,14
SML,2012,,,0.0008625646923519266,14
SOM,2012,,,0.0077611449616909614,14
SRB,2012,,,0.006864524830303508,14
SSD,2012,,,0.0014954553696526092,14
STP,2012,,,0.006151557235987886,14
SUR,2012,,,0.005060775375769403,14
SVK,2012,,,0.0066784934869175356,14
SVN,2012,,,0.006385663403327259,14
SWE,2012,,,0.006385663403327259,14
SWZ,2012,,,0.006151557235987886,14
SYC,2012,,,0.006151557235987886,14
SYR,2012,,,0.003838206114720551,14
TCD,2012,,,0.006151557235987886,14
TGO,2012,,,0.0062655671496208085,14
THA,2012,,,0.0047475982153914395,14
TJK,2012,,,0.0067873741136304355,14
TKM,2012,,,0.006802712000621848,14
TLS,2012,,,0.0047475982153914395,14
TTO,2012,,,0.005060775375769403,14
TUN,2012,,,0.00821027939697766,14
TUR,2012,,,0.010599227126072898,14
TWN,2012,,,0.0010540547472217862,14
TZA,2012,,,0.006341907055095615,14
UGA,2012,,,0.006361932050174242,14
UKR,2012,,,0.007281925911098525,14
URY,2012,,,0.005060775375769403,14
USA,2012,,,0.014141250215099894,14
UZB,2012,,,0.00693308597433751,14
VEN,2012,,,0.005060775375769403,14
VNM,2012,,,0.004978015634554569,14
VUT,2012,,,0.0008625646923519266,14
XKX,2012,,,0.0013176999237914364,13
YEM,2012,,,0.0011307810902044582,14
ZAF,2012,,,0.006433427613747567,14
ZMB,2012,,,0.006151557235987886,13
ZWE,2012,,,0.006151557235987886,14
ZZB,2012,,,0.0008625646923519266,14
AFG,2013,-0.0031660936644191703,-0.0030352664364530235,0.0019840527378457294,20
AGO,2013,-0.003180647467149852,-0.003039234541928715,0.006617591779299037,20
ALB,2013,-0.0031674005108041207,-0.003019346448229418,0.006629364566432314,20
ARE,2013,-0.0031437889623628468,-0.00301571383181161,0.0033601014453006903,20
ARG,2013,-0.0031034860167120765,-0.0029938849185054085,0.0050388470470340355,20
ARM,2013,-0.003039727524308433,-0.002958653131291443,0.006715117553106016,20
AUS,2013,-0.003174029875370553,-0.0030344911254537436,0.004743416474971635,20
AUT,2013,-0.00317236857662985,-0.0030408958406694182,0.0016612987407032234,20
AZE,2013,-0.003193699940912533,-0.0030457912304427083,0.006556688513993392,20
BDI,2013,-0.003174029875370553,-0.003033128977157948,0.006105564770767157,20
BEL,2013,-0.003174029875370553,-0.003039234541928715,0.00635237118869661,20
BEN,2013,-0.0031923465696828547,-0.0030575512362410167,0.006105564770767157,20
BFA,2013,-0.003112974227662882,-0.0030148122828456466,0.006105564770767157,20
BGD,2013,-0.0032072337906953545,-0.0030487213748786584,0.004743416474971635,20
BGR,2013,-0.0032267684085385416,-0.0030656038085127087,0.006592316645998551,20
BHR,2013,-0.0032042707883782593,-0.003049314846264617,0.0033601014453006903,20
BIH,2013,-0.00316132513299316,-0.003039234541928715,0.00635237118869661,20
BLR,2013,-0.003139455419084716,-0.003032319650671548,0.00691489125716739,20
BOL,2013,-0.0032093018046997915,-0.0030745064712579535,0.0050388470470340355,20
BRA,2013,-0.0032101997621478387,-0.0030754044287060007,0.00904247169432144,20
BRB,2013,-0.003174029875370553,-0.003039234541928715,0.0050388470470340355,20
BTN,2013,-0.0031788624356339323,-0.0030404426819945598,0.001208140065844855,20
BWA,2013,-0.003174029875370553,-0.003081973495324085,0.006105564770767157,20
CAF,2013,-0.0031864653497550577,-0.0030454522791209674,0.0062177371922522455,20
CAN,2013,-0.003183470806646263,-0.0030581164044801356,0.009440931275710213,20
CHE,2013,-0.003107094752673433,-0.002972299419231595,0.006693512269711975,20
CHL,2013,-0.003153874487182417,-0.0030140403066935446,0.0050388470470340355,20
CHN,2013,-0.003174029875370553,-0.003039234541928715,0.010762047504994538,20
CIV,2013,-0.0029615231085040493,-0.0028642289692151243,0.006250199025485395,20
CMR,2013,-0.0031496076162874846,-0.0030148122828456466,0.006105564770767157,20
COD,2013,-0.003332774559410499,-0.0030941846248656196,0.006105564770767157,19
COG,2013,-0.003180257311944773,-0.003039234541928715,0.00622743657422019,20
COL,2013,-0.003168866187031239,-0.003034070853589401,0.005163688339314216,20
COM,2013,-0.003174029875370553,-0.003039234541928715,0.007805899270628933,20
CPV,2013,-0.003174029875370553,-0.003039234541928715,0.006105564770767157,20
CRI,2013,-0.003174029875370553,-0.003034081969131574,0.0051525727971407035,20
CUB,2013,-0.003174029875370553,-0.00303790709719637,0.0013274447323448095,20
CYP,2013,-0.003174029875370553,-0.003045586913117412,0.00635237118869661,20
CZE,2013,-0.003174029875370553,-0.0030299574129408337,0.0015461881646469454,20
DEU,2013,-0.0031808003541613163,-0.0030460050207194783,0.006770478790763166,20
DJI,2013,-0.003166223976099924,-0.003031428642658086,0.007805899270628933,20
DNK,2013,-0.003174029875370553,-0.0030328821707400182,0.00635237118869661,20
DOM,2013,-0.0032294571928879277,-0.003029156847834647,0.005038847047034036,19
DZA,2013,-0.003157750392385954,-0.003022955058944116,0.008139741492299618,20
ECU,2013,-0.003148211433673982,-0.0030289071652500866,0.005163688339314216,20
EGY,2013,-0.0024219116444876556,-0.002759190519791466,0.008001257775349975,20
ERI,2013,-0.0031801354401413203,-0.003039234541928715,0.006105564770767157,20
ESP,2013,-0.0032020989997958607,-0.0031936147262679065,0.007017281106326914,20
EST,2013,-0.003174029875370553,-0.003039234541928715,0.00635237118869661,20
ETH,2013,-0.003160125117061725,-0.003032282162774301,0.006952379154414025,20
FIN,2013,-0.0031676775041818562,-0.0030328821707400182,0.00635237118869661,20
FJI,2013,-0.003169832852422248,-0.0030381852861916386,0.0010492557370763065,20
FRA,2013,-0.0031435669935163083,-0.003018925954025885,0.010154293951414947,20
GAB,2013,-0.003244536707514361,-0.003013595693876421,0.006409712013073431,19
GBR,2013,-0.0031444227792931908,-0.0030096274458513528,0.009869032025787466,20
GEO,2013,-0.0030533348227853173,-0.0029312442317208725,0.00635237118869661,20
GHA,2013,-0.0031111182555936512,-0.0030518168658840955,0.006291161977690158,20
GIN,2013,-0.003174029875370553,-0.003039234541928715,0.006291161977690158,20
GMB,2013,-0.003180327394695457,-0.003032937022603811,0.006297519324903979,20
GNB,2013,-0.003912803212633379,-0.003582629806526992,0.006105564770767157,19
GNQ,2013,-0.003174029875370553,-0.003039234541928715,0.006105564770767157,20
GRC,2013,-0.0031994393601253394,-0.003064644026683501,0.00635237118869661,20
GTM,2013,-0.0031998483170671242,-0.0030495619186073435,0.005163688339314216,20
GUY,2013,-0.0031891464165116554,-0.003039234541928715,0.005038847047034036,20
HKG,2013,-0.0031783426988323126,-0.003044409930082827,0.0008625646923519266,20
HND,2013,-0.0031790687224175873,-0.0030795453183049873,0.005038847047034036,20
HRV,2013,-0.003186734617747946,-0.003039234541928715,0.00635237118869661,20
HTI,2013,-0.0031387579460413146,-0.003009001459646511,0.005038847047034036,20
HUN,2013,-0.003209126261896085,-0.003165581533420631,0.007019277305106413,20
IDN,2013,-0.003178997592149486,-0.003059105409044447,0.0049677167789330375,20
IND,2013,-0.0032458047348979434,-0.0030811032099863594,0.005981238293949201,19
IRL,2013,-0.0031676775041818562,-0.0030328821707400182,0.00635237118869661,20
IRN,2013,-0.0031488751142750883,-0.003033429597060531,0.0019349816227280559,20
IRQ,2013,-0.0031850998929310284,-0.003042924547782207,0.003690005853491782,20
ISL,2013,-0.0032121441025027325,-0.003045586913117412,0.00635237118869661,20
ISR,2013,-0.0031760751170306894,-0.003039234541928715,0.002045241660136184,20
ITA,2013,-0.0031267061110045674,-0.0029919107775627295,0.006760537766569368,20
JAM,2013,-0.003088369475570974,-0.0029586129891761704,0.005038847047034036,20
JOR,2013,-0.003177465027835565,-0.0030323642369986907,0.0034351524650121142,20
JPN,2013,-0.003193432874096579,-0.003058637540654741,0.004850749681506447,20
KAZ,2013,-0.003180567983695606,-0.0030784631918790327,0.0065381083250529454,20
KEN,2013,-0.0031923465696828547,-0.0030636568010117835,0.006105564770767157,20
KGZ,2013,-0.0032132585253208702,-0.00307192508355398,0.0065381083250529454,20
KHM,2013,-0.003188596879031925,-0.003039234541928715,0.004855667887124047,20
KOR,2013,-0.0031845706694462344,-0.0030474329373209115,0.0011711993417423802,20
KWT,2013,-0.0032032161422448236,-0.003048963297553472,0.003242918541585634,20
LAO,2013,-0.003174029875370553,-0.003039234541928715,0.004858045610488657,20
LBN,2013,-0.0031809001803005774,-0.003022058779603655,0.0034351524650121142,20
LBR,2013,-0.003212556949069428,-0.0030713404366777774,0.006421178949812483,20
LBY,2013,-0.0019548817738016637,-0.0018596691709302441,0.007916546114083697,20
LKA,2013,-0.003145569376520723,-0.0030250042925038002,0.004743416474971635,20
LSO,2013,-0.0031251853572044157,-0.0028988065522010703,0.006105564770767157,20
LTU,2013,-0.003226334741970977,-0.003091539408529139,0.0065381083250529454,20
LUX,2013,-0.003174029875370553,-0.003039234541928715,0.00635237118869661,20
LVA,2013,-0.003147877442070341,-0.0030065440003034503,0.0065381083250529454,20
MAR,2013,-0.003163962404962889,-0.003035878718459494,0.0033558234692213267,20
MDA,2013,-0.0032184964736914293,-0.0030646440266835014,0.00635237118869661,20
MDG,2013,-0.003167924310599786,-0.0030453401066994823,0.006105564770767157,20
MDV,2013,-0.0032338374523839023,-0.003101140630416217,0.0010492557370763065,19
MEX,2013,-0.0032344960399349615,-0.0030946618594460897,0.005038847047034036,19
MKD,2013,-0.0033596520832306575,-0.003204968656089523,0.006629364566432313,19
MLI,2013,-0.004784567341659234,-0.004133896726046802,0.006291161977690158,19
MLT,2013,-0.0031611177670231964,-0.0030327784877550367,0.0064560541736784025,20
MMR,2013,-0.0027803263079479073,-0.002911162297104481,0.004743416474971635,20
MNE,2013,-0.003126323696494992,-0.0030187890366963318,0.006815168410794419,20
MNG,2013,-0.0031079433564405816,-0.0030109117481015844,0.009440931275710213,20
MOZ,2013,-0.003174029875370553,-0.003039234541928715,0.006448000523846729,20
MRT,2013,-0.0031509488372469243,-0.003023847183179629,0.007693679374543016,20
MUS,2013,-0.003174029875370553,-0.003039234541928715,0.006105564770767157,20
MWI,2013,-0.0030824464038090456,-0.002953756635137975,0.006105564770767157,20
MYS,2013,-0.003174029875370553,-0.0030297477089787717,0.004743416474971635,20
NAM,2013,-0.003174029875370553,-0.003039234541928715,0.006105564770767157,20
NER,2013,-0.002667267999396879,-0.0024775225830181366,0.006105564770767157,20
NGA,2013,-0.003021390756101374,-0.0029659677646795093,0.006105564770767157,20
NIC,2013,-0.003446127615910391,-0.0032004776474338042,0.005038847047034036,19
NLD,2013,-0.003186734617747946,-0.003051939284306108,0.00635237118869661,20
NOR,2013,-0.003174029875370553,-0.003039234541928715,0.009440931275710213,20
NPL,2013,-0.003374581126300799,-0.0032349532325955817,0.001208140065844855,19
NZL,2013,-0.0031645430424206097,-0.0030250042925038002,0.004743416474971635,20
OMN,2013,-0.0031610582012042104,-0.003032748704845544,0.003242918541585634,20
PAK,2013,-0.003174029875370553,-0.003039234541928715,0.0053145832656391135,20
PAN,2013,-0.003174029875370553,-0.003039234541928715,0.005163688339314216,20
PER,2013,-0.003096691823944042,-0.0028948701792658937,0.005155870095100776,20
PHL,2013,-0.003174029875370553,-0.003039234541928715,0.004968635112740319,20
PNG,2013,-0.0032411819769269123,-0.0031063866434850747,0.0055960084630299525,19
POL,2013,-0.003174029875370553,-0.003052374364653032,0.0065699113621583306,20
PRK,2013,-0.003174029875370553,-0.003039234541928715,0.005022283086805472,20
PRT,2013,-0.0031674701459250168,-0.003032674812483179,0.0065597294455363294,20
PRY,2013,-0.003287631018835466,-0.003157999373732942,0.005163688339314216,19
PSE,2013,-0.003172304745985849,-0.003039234541928715,0.0008625646923519266,20
PSG,2013,-0.003171442181293497,-0.003039234541928715,0.0008625646923519266,20
QAT,2013,-0.0031706697739252525,-0.003039234541928715,0.0033601014453006903,20
ROU,2013,-0.0032417346632781846,-0.0031272507662086363,0.006770478790763166,19
RUS,2013,-0.003430106334859851,-0.0031855639473511712,0.01219411711853801,19
RWA,2013,-0.0031496076162874846,-0.0030209178476164134,0.006105564770767157,20
SAU,2013,-0.0031782648628661766,-0.003039234541928715,0.004234987495623587,20
SDN,2013,-0.0031817235547450962,-0.003016153503805086,0.007693679374543016,20
SEN,2013,-0.003099417029063527,-0.002989492644390697,0.006217737192252245,20
SGP,2013,-0.003098135211771007,-0.0029918003771789987,0.004743416474971635,20
SLB,2013,-0.0031699234970059826,-0.00303718135274643,0.0010265945911425635,20
SLE,2013,-0.003210663263995156,-0.0030636568010117835,0.006105564770767157,20
SLV,2013,-0.003163952181276485,-0.003019079153740579,0.005038847047034036,20
SML,2013,-0.003174029875370553,-0.0030383719772363632,0.0008625646923519266,20
SOM,2013,-0.0033509845009850425,-0.003016153503805086,0.007693679374543016,19
SRB,2013,-0.0032696491961818905,-0.003141683814226577,0.0068299514865241134,19
SSD,2013,-0.003174029875370553,-0.003039234541928715,0.006105564770767157,20
STP,2013,-0.0031923465696828547,-0.0030575512362410167,0.006105564770767157,20
SUR,2013,-0.003174029875370553,-0.0030543510830698174,0.005038847047034036,20
SVK,2013,-0.0032204753586424187,-0.0031453956465501225,0.006635069038837969,20
SVN,2013,-0.003275667814389699,-0.003172634336891344,0.00635237118869661,19
SWE,2013,-0.003154972761804463,-0.003007472685985232,0.00635237118869661,20
SWZ,2013,-0.003174029875370553,-0.003039234541928715,0.006105564770767157,20
SYC,2013,-0.0031862410049120875,-0.0030636568010117835,0.006105564770767157,20
SYR,2013,-0.003174029875370553,-0.0030657520032630896,0.003788208762053536,20
TCD,2013,-0.0031801354401413203,-0.003039234541928715,0.006105564770767157,20
TGO,2013,-0.003198900824139562,-0.003057887753505472,0.006217737192252245,20
THA,2013,-0.0030269839646464326,-0.002911162297104481,0.004743416474971635,20
TJK,2013,-0.00319427268023558,-0.003052729745172066,0.006747601621675624,20
TKM,2013,-0.0031672636874714353,-0.003039234541928715,0.006766187899117592,20
TLS,2013,-0.0030886483788210633,-0.002958596461854197,0.004743416474971635,20
TTO,2013,-0.003174029875370553,-0.003039234541928715,0.005038847047034036,20
TUN,2013,0.00038271102686753466,0.00017566856192493402,0.008138995199629491,20
TUR,2013,-0.0033202076902698833,-0.0031227647218711892,0.010441272492809281,19
TWN,2013,-0.0031729806196334766,-0.0030308404960321046,0.0010492557370763065,20
TZA,2013,-0.0031866121993259335,-0.0030581080278617857,0.006291161977690158,20
UGA,2013,-0.0031801354401413203,-0.0030453401066994823,0.006105564770767157,20
UKR,2013,-0.0032029649883627597,-0.0030681696549209217,0.007233778248051673,20
URY,2013,-0.003174029875370553,-0.003039234541928715,0.005038847047034036,20
USA,2013,-0.003174029875370553,-0.003081151417115284,0.013972291728856273,20
UZB,2013,-0.0031809182237268405,-0.003039234541928715,0.006888348356287515,20
VEN,2013,-0.0032546514281230976,-0.0030745064712579535,0.005038847047034036,19
VNM,2013,-0.003174029875370553,-0.003034262393213128,0.004972148715586882,20
VUT,2013,-0.0031731673106782012,-0.0030383719772363632,0.0008625646923519266,20
XKX,2013,-0.0031700838474777574,-0.0030352885140359194,0.0013153426309318625,20
YEM,2013,-0.0031211747824650294,-0.0030133692836983523,0.0011245764447983786,20
ZAF,2013,-0.003161259795578532,-0.003026464462136694,0.0063850398960105335,20
ZMB,2013,-0.003174029875370553,-0.003033128977157948,0.006105564770767157,20
ZWE,2013,-0.003174029875370553,-0.003033128977157948,0.006105564770767157,20
ZZB,2013,-0.003172304745985849,-0.0030383719772363632,0.0008625646923519266,20
AFG,2014,0.002891112300252578,0.004134524487671642,0.001983047324301707,47
AGO,2014,0.0028745605198933193,0.004141141241916834,0.0066167542451917825,47
ALB,2014,0.0027883011254300153,0.004061583868501949,0.006630965379062998,46
ARE,2014,0.0029043872490955493,0.004137884199893105,0.003359712221462867,47
ARG,2014,0.002946376819647402,0.004164757342853853,0.005038809197035085,47
ARM,2014,0.00287416064603798,0.004168108101216776,0.006716722709026701,47
AUS,2014,0.0027397770408444924,0.003959046006698261,0.004742661647929235,46
AUT,2014,0.002906011856247233,0.004141170246835838,0.0016614397910488634,47
AZE,2014,0.0028747941159129133,0.004134524487671642,0.00655835524029329,47
BDI,2014,0.0028460853612945185,0.003981907333283953,0.006104686175507563,47
BEL,2014,0.002913735447590812,0.004159940309105093,0.006353955358362688,47
BEN,2014,0.0029437603401026393,0.004128419801496135,0.006104686175507563,47
BFA,2014,0.0030658540636127906,0.004421444737920498,0.006104686175507563,47
BGD,2014,0.002744519702492422,0.004030185931417199,0.004742661647929235,46
BGR,2014,0.0028548704532846843,0.0040092409750718365,0.006593869084200298,47
BHR,2014,0.0029010275368740865,0.004141243912114568,0.003359712221462867,47
BIH,2014,0.002862903804723911,0.00412817053231328,0.006353955358362688,47
BLR,2014,0.0030462725746056994,0.0041691066395125025,0.006916430368172052,47
BOL,2014,0.0028405618265096655,0.004159718533656818,0.005038809197035085,46
BRA,2014,0.002919110847986567,0.004170691109896604,0.009041655556240301,47
BRB,2014,0.0028859111092829812,0.004119408060080537,0.005038809197035085,47
BTN,2014,0.0028720797570151607,0.004104370550318595,0.0012061574941219081,46
BWA,2014,0.002864399419821041,0.004085686998267582,0.006104686175507563,47
CAF,2014,0.002621268584788786,0.003935584788410984,0.006216865601895569,46
CAN,2014,0.0029671194289980487,0.00417229128317105,0.009441698874851896,47
CHE,2014,0.0029010275368740865,0.00412782939292953,0.006695094742112601,47
CHL,2014,0.0029060663460711215,0.0041446021060657125,0.005038809197035085,47
CHN,2014,0.0028140772131346066,0.0041019181162693374,0.010868790467434981,47
CIV,2014,0.002926024765992832,0.004084530029434152,0.006249307279686292,47
CMR,2014,0.0028888181645230714,0.004079582312092074,0.006104686175507563,47
COD,2014,0.0028888181645230714,0.004030744822688014,0.006104686175507563,47
COG,2014,0.002869894753453633,0.0041718838277761865,0.006226556684090761,47
COL,2014,0.0029423367322709247,0.004119033539397828,0.005163649424604803,47
COM,2014,0.0030649273232987175,0.004306229025830779,0.00780475173450623,47
CPV,2014,0.002937655653927132,0.004171152604724688,0.006104686175507563,47
CRI,2014,0.002885569862478982,0.0041139142551448364,0.0051525581317014455,47
CUB,2014,0.0029023549573872582,0.004141161590237501,0.0013274205131718524,47
CYP,2014,0.002913735447590812,0.00412817053231328,0.006353955358362688,47
CZE,2014,0.0028577308153566474,0.004080403585774844,0.0015463114827656737,46
DEU,2014,0.0028536228497972925,0.004066803506133365,0.006772098153827686,47
DJI,2014,0.0028776132816705677,0.004126719735937136,0.00780475173450623,47
DNK,2014,0.0029010275368740865,0.004134524487671642,0.006353955358362688,47
DOM,2014,0.0028405618265096655,0.004074058777307221,0.005038809197035085,46
DZA,2014,0.0029254435455012572,0.004167079165841203,0.00813866954239024,47
ECU,2014,0.002653172364493056,0.003922814861262846,0.005163649424604803,46
EGY,2014,0.0020130374555462588,0.0036545298491160597,0.007999910642593044,46
ERI,2014,0.0029193415954006092,0.00414062917384715,0.006104686175507563,47
ESP,2014,0.002802764266263279,0.003987129581755431,0.007018805043629103,46
EST,2014,0.0029010275368740865,0.004147232398388368,0.006353955358362688,47
ETH,2014,0.0028871245776191496,0.004120621528416706,0.006951479627468394,47
FIN,2014,0.0029391512690242626,0.00422347986268872,0.006353955358362688,47
FJI,2014,0.002906264218463881,0.004142903178215314,0.0010473363179589414,47
FRA,2014,0.0029010275368740865,0.0041548344063124555,0.010154959320406803,47
GAB,2014,0.003003565776150903,0.004217836807084056,0.006408639954801027,47
GBR,2014,0.0028615485334515145,0.0040555664808264984,0.009869750855642989,47
GEO,2014,0.0035618388941438058,0.004738150246716098,0.006353955358362688,47
GHA,2014,0.002768971262876133,0.003971026243674176,0.006288393999902543,46
GIN,2014,0.002926181112873697,0.004147101275671448,0.006288393999902543,47
GMB,2014,0.0028884346562573007,0.004084152965204499,0.006296440308392877,47
GNB,2014,0.002656840089853784,0.004281036955883824,0.006104686175507563,46
GNQ,2014,0.002907132223049594,0.004152838546198165,0.006104686175507563,47
GRC,2014,0.002850195894007185,0.004077338889446378,0.006353955358362688,47
GTM,2014,0.0028907002380248767,0.004232633826739133,0.005163649424604803,47
GUY,2014,0.003047153003588104,0.004220184244021239,0.005038809197035085,47
HKG,2014,0.0028975772781046787,0.004132799358286939,0.0008625646923519266,47
HND,2014,0.002875833490888911,0.004210106625627169,0.005038809197035085,47
HRV,2014,0.0027548865636317444,0.00391849000548731,0.006353955358362688,46
HTI,2014,0.002880872300085946,0.004104291632489432,0.005038809197035085,47
HUN,2014,0.002655244755462701,0.0038114956892452497,0.00702236518318244,46
IDN,2014,0.0028184948184667886,0.004066556366630339,0.004854865788664562,46
IND,2014,0.002847217802564983,0.004116587909568608,0.005978859367678144,47
IRL,2014,0.002888319626157361,0.004140878443030005,0.006353955358362688,47
IRN,2014,0.002931999791855701,0.00415001061516245,0.001935765936350911,47
IRQ,2014,0.0029157863408989463,0.004090248075597062,0.0036897010062150026,47
ISL,2014,0.0027930102957819205,0.004013799335862751,0.006353955358362688,46
ISR,2014,0.0028662950205873144,0.004093662703804852,0.002043089193339534,46
ITA,2014,0.002867216974289966,0.004087189700053874,0.0067621125168240625,47
JAM,2014,0.0029715708656325775,0.004194990198036063,0.005038809197035085,47
JOR,2014,0.002931938577746353,0.004144828167962398,0.0034345600969185094,47
JPN,2014,0.0027409781706827898,0.003974475121480346,0.004849980793675656,46
KAZ,2014,0.0028814141197477956,0.004108373264836588,0.0065378057087635754,47
KEN,2014,0.003505391468249335,0.004470282227324558,0.006104686175507563,47
KGZ,2014,0.0027702714226988147,0.00405607081916648,0.0065378057087635754,46
KHM,2014,0.002862189419754634,0.004115105429111916,0.004854764639931544,47
KOR,2014,0.0028577642183385318,0.004077229822584016,0.0011692788793393155,46
KWT,2014,0.0029042700589706014,0.004131281965575127,0.0032425220965151156,47
LAO,2014,0.002905884851379498,0.004139381802177053,0.004857314505411259,47
LBN,2014,0.002931938577746353,0.004199781129513094,0.0034345600969185094,47
LBR,2014,0.0027597852289207763,0.003967601760090458,0.006420104906968637,46
LBY,2014,0.004571181958690239,0.004846912629678532,0.00791542380007655,47
LKA,2014,0.0030338220630161047,0.004238863043926086,0.004742661647929236,47
LSO,2014,0.0031269009253678667,0.004281036955883824,0.006104686175507563,47
LTU,2014,0.00281603606266016,0.00405607081916648,0.0065378057087635754,46
LUX,2014,0.0029073814922324494,0.004134524487671642,0.006353955358362688,47
LVA,2014,0.0029664055939617223,0.004232591573303096,0.0065378057087635754,47
MAR,2014,0.0029144493337574123,0.004117747241567485,0.003355449220831486,47
MDA,2014,0.0027294707421982936,0.003956613737637487,0.006353955358362688,46
MDG,2014,0.003047540005086268,0.0042871416420593314,0.006104686175507563,47
MDV,2014,0.002806767268257782,0.004035027537465543,0.0010473363179589414,46
MEX,2014,0.002764979688554139,0.003948088547381344,0.005038809197035085,46
MKD,2014,0.0028877656061159604,0.003948857457057879,0.006630965379062998,47
MLI,2014,0.002731240898876718,0.003889277121675443,0.006288393999902543,46
MLT,2014,0.002746044525012752,0.0039601685993276405,0.006457625494222286,46
MMR,2014,0.003133417957622619,0.004243605705574015,0.004742661647929236,47
MNE,2014,0.002744285255406039,0.00400504173341543,0.006814881802958563,46
MNG,2014,0.0029104692357489383,0.004049549197797976,0.009441698874851896,47
MOZ,2014,0.002965499472622334,0.004166760455545766,0.006447193574824767,47
MRT,2014,0.0024779386735891474,0.003703743099599704,0.007692524786998892,46
MUS,2014,0.002852190047470026,0.004049058881214537,0.006104686175507563,47
MWI,2014,0.0030475400050862683,0.004226094780304256,0.006104686175507563,47
MYS,2014,0.002872571566986511,0.004077612547896492,0.004742661647929236,47
NAM,2014,0.002937655653927132,0.004152838546198165,0.006104686175507563,47
NER,2014,0.0029315509677516243,0.004250513525006286,0.006104686175507563,47
NGA,2014,0.0029864931433311926,0.004262722897357301,0.006104686175507563,47
NIC,2014,0.002639009458628262,0.0039783214025635545,0.005038809197035085,46
NLD,2014,0.0029391512690242626,0.0041662942644634555,0.006353955358362688,47
NOR,2014,0.002863260741374679,0.004077874294422531,0.009441698874851896,47
NPL,2014,0.0027683502125206766,0.003990991745871135,0.0012061574941219081,46
NZL,2014,0.002872571566986511,0.0040965831944882085,0.004742661647929236,47
OMN,2014,0.0029010275368740865,0.004137767009768157,0.0032425220965151156,47
PAK,2014,0.002922282389188105,0.004145151913828651,0.0053137130785046675,47
PAN,2014,0.0029113548357232962,0.004098378941699408,0.005163649424604803,47
PER,2014,0.0028700925766083035,0.004088122047272967,0.005155826710963849,47
PHL,2014,0.002886123753277787,0.004109684848344476,0.004967927865433193,47
PNG,2014,0.0028338847262228614,0.004100953082346029,0.005595234220935431,46
POL,2014,0.002881312996968008,0.004108238434463537,0.006571513302026134,47
PRK,2014,0.0029010275368740865,0.004134524487671642,0.005021522501898618,47
PRT,2014,0.002907588824749353,0.004127963199796376,0.006561287875266493,47
PRY,2014,0.002782263600108176,0.0037575780796754916,0.005163649424604803,46
PSE,2014,0.0029036152309511423,0.004152638346211033,0.0008625646923519266,47
PSG,2014,0.0028889516311811597,0.004111235240978141,0.0008625646923519266,46
QAT,2014,0.0029010275368740865,0.004111006502121402,0.003359712221462867,47
ROU,2014,0.002887483340566431,0.004290282745209678,0.006772098153827686,47
RUS,2014,0.0028766395188388545,0.004061360433565947,0.012194009017615871,47
RWA,2014,0.002907132223049594,0.004134524487671642,0.006104686175507563,47
SAU,2014,0.0028967950626145635,0.004134524487671642,0.0042324742595229396,47
SDN,2014,0.002908720061661085,0.004157602062032639,0.007692524786998892,47
SEN,2014,0.0030626660425233715,0.004414283439756942,0.00621686560189557,47
SGP,2014,0.00287731422863444,0.004115553841079925,0.004742661647929236,47
SLB,2014,0.0028969212490612076,0.004134524487671642,0.0010265719532197167,47
SLE,2014,0.002937655653927132,0.004097896370618597,0.006104686175507563,47
SLV,2014,0.0029564544380414723,0.004174834961247923,0.005038809197035085,47
SML,2014,0.002871700337334121,0.004122448581978715,0.0008625646923519266,46
SOM,2014,0.002862564912939092,0.00421914226032863,0.007692524786998892,47
SRB,2014,0.002279354692173667,0.0035538410613031183,0.006831569721982636,46
SSD,2014,0.0027484103824863973,0.003981907333283953,0.006104686175507563,46
STP,2014,0.002907132223049594,0.004195571349426718,0.006104686175507563,47
SUR,2014,0.0029161439644651917,0.004149640915262748,0.005038809197035085,47
SVK,2014,0.0028425631153177434,0.004076060066115299,0.006496046839593664,47
SVN,2014,0.0029455052243826255,0.00419806404125527,0.006353955358362688,47
SWE,2014,0.0028946735815157235,0.00412817053231328,0.006353955358362688,47
SWZ,2014,0.0029315509677516243,0.004158943232373672,0.006104686175507563,47
SYC,2014,0.0029864931433311926,0.004274932269708317,0.006104686175507563,47
SYR,2014,0.0028707263714602654,0.004108010967934549,0.0037876456767276627,47
TCD,2014,0.0028827134783475637,0.004097896370618597,0.006104686175507563,47
TGO,2014,0.003025364848911998,0.004153175084477329,0.00621686560189557,47
THA,2014,0.0026781224394214122,0.003906876728571039,0.004742661647929236,46
TJK,2014,0.002793072434999655,0.004073799742867275,0.006747193867151968,46
TKM,2014,0.00289407585281531,0.004141476171730419,0.006951684058776306,47
TLS,2014,0.002953196815001308,0.004162980457559218,0.004742661647929236,47
TTO,2014,0.002770018497751174,0.004023670685336871,0.005038809197035085,46
TUN,2014,0.0028684758400332575,0.004077559018200192,0.008137924210207237,47
TUR,2014,0.0024937870513878,0.0035393268550378398,0.010442063730417587,46
TWN,2014,0.0029052168821459222,0.004142903178215314,0.0010473363179589414,47
TZA,2014,0.0028695855668745738,0.004103082517672129,0.0062883939999025425,47
UGA,2014,0.0028766087921720564,0.004122315115320627,0.006104686175507563,47
UKR,2014,0.002756359218153169,0.004069423744247229,0.007233415936045895,46
URY,2014,0.0028909499184800163,0.004114369250883502,0.005038809197035085,47
USA,2014,0.00302678360313971,0.004274253450189002,0.013972896251735936,47
UZB,2014,0.002928579216627139,0.004141412407609906,0.00688791993826319,47
VEN,2014,0.0025382332746875604,0.0039531273565783795,0.005038809197035085,46
VNM,2014,0.002891084716581057,0.004174295768843761,0.004971410146514798,47
VUT,2014,0.00290706548972055,0.004139699875825754,0.0008625646923519266,47
XKX,2014,0.002916812570199811,0.004118739454345918,0.0013154194438103626,47
YEM,2014,0.0028774136704706565,0.004116532970411886,0.0011244698287347621,46
ZAF,2014,0.002811649353206664,0.004019609680099242,0.006384155976244466,46
ZMB,2014,0.00279114318571495,0.003951383902406415,0.006104686175507563,46
ZWE,2014,0.00304143531891076,0.004177257290900195,0.006104686175507563,47
ZZB,2014,0.0029001649721817346,0.004136249617056346,0.0008625646923519266,47
AFG,2015,0.002104726255886818,0.001182241361128427,0.001971334689324751,26
AGO,2015,0.0020948695824401942,0.0011723846876818033,0.00661279791978236,26
ALB,2015,0.002088249323816827,0.0011922454635519047,0.006620258623367168,26
ARE,2015,0.0020881554821007638,0.0011723846876818033,0.003357050169715223,26
ARG,2015,0.0021200323451930443,0.0012076125555357934,0.005032552550570005,26
ARM,2015,0.0020479902417215715,0.0011388994443113582,0.006697048674089031,26
AUS,2015,0.0020619830654558225,0.0011441962445523416,0.004698073854910267,26
AUT,2015,0.0020915508797134355,0.0011690659849550443,0.0016593513633794174,26
AZE,2015,0.002049042338406747,0.0011527444402388972,0.006546749147635325,26
BDI,2015,0.0020460562411278443,0.0011235713463694536,0.00610166766404371,26
BEL,2015,0.0020948695824401942,0.00116604127512546,0.006343412556343287,26
BEN,2015,0.0021131745854323252,0.0011906896906739345,0.00610166766404371,26
BFA,2015,0.0019179212201829265,0.0012456046996503275,0.00610166766404371,25
BGD,2015,0.001634458344658988,0.0009985559550501233,0.004698073854910267,25
BGR,2015,0.0022001995629843903,0.001297464039578036,0.0065831237840122524,26
BHR,2015,0.0020881554821007638,0.0011757417378515185,0.003357050169715223,26
BIH,2015,0.002075839344771164,0.0011787281002381465,0.006343412556343287,26
BLR,2015,0.0021019539735379522,0.0011723846876818033,0.007084391097757808,26
BOL,2015,0.0020395115043839243,0.0011472219249289532,0.005032552550570005,25
BRA,2015,0.0020948695824401942,0.0011903666062310335,0.00899095927461509,26
BRB,2015,0.0020898370298896244,0.0011623195825806632,0.005032552550570005,26
BTN,2015,0.002084113132810143,0.0011640185601917632,0.0011951610700057164,26
BWA,2015,0.0020826662471121068,0.001178486355345847,0.00610166766404371,26
CAF,2015,0.0021570024108428783,0.001296650344487172,0.006213282840268432,26
CAN,2015,0.002066698460304902,0.0011723846876818033,0.009390374045097436,26
CHE,2015,0.0020948695824401942,0.0011723846876818033,0.0066830382584437435,26
CHL,2015,0.0020898370298896244,0.0011925148978840833,0.005032552550570005,26
CHN,2015,0.002073032805995462,0.0011614662994594372,0.010918388222366082,26
CIV,2015,0.0020823786090871065,0.0011973666343879793,0.006245486676543993,26
CMR,2015,0.0021375812560885,0.0011845880230098907,0.00610166766404371,26
COD,2015,0.0020887679147761507,0.0011845880230098907,0.00610166766404371,26
COG,2015,0.0020948695824401942,0.0011723846876818033,0.006222974114120967,26
COL,2015,0.0021361242292275325,0.0012136393344691415,0.005156830848417261,26
COM,2015,0.0020948695824401942,0.001164585075049092,0.007799612632711189,26
CPV,2015,0.0020948695824401942,0.0011662830200177595,0.00610166766404371,26
CRI,2015,0.0020897234760562395,0.0011775307940657582,0.005146106383954895,26
CUB,2015,0.0020948695824401942,0.0011723846876818033,0.0013265542594203777,26
CYP,2015,0.0020885261698838507,0.0011787281002381465,0.006343412556343287,26
CZE,2015,0.00207787854127175,0.001152304366300915,0.001544640106222178,25
DEU,2015,0.002047542117417944,0.001118296156227803,0.0067610664317500286,26
DJI,2015,0.0021026691950729055,0.0011723846876818033,0.007799612632711189,26
DNK,2015,0.0020948695824401942,0.0011723846876818033,0.006343412556343287,26
DOM,2015,0.0020948695824401942,0.0011623195825806632,0.005032552550570005,26
DZA,2015,0.002070470672766508,0.0011886506274642605,0.008132969891228739,26
ECU,2015,0.002074242259046525,0.0011569141951365514,0.005156830848417261,26
EGY,2015,0.0016951496745044624,0.0010764519097772277,0.007994398158714637,25
ERI,2015,0.0020948695824401942,0.001178486355345847,0.00610166766404371,26
ESP,2015,0.0020668434448964964,0.0011443585501381055,0.007006534385924449,26
EST,2015,0.002126586645221911,0.0011977583379071764,0.006343412556343287,26
ETH,2015,0.0021226543563242655,0.0011723846876818033,0.006946193471017843,26
FIN,2015,0.0020948695824401942,0.0011723846876818033,0.006343412556343287,26
FJI,2015,0.0021533637398395426,0.0012047653819564426,0.0010445385249883636,26
FRA,2015,0.002084766437884742,0.001162281543126351,0.01010314455545215,26
GAB,2015,0.0020948695824401942,0.0011723846876818033,0.006404699932911499,26
GBR,2015,0.002065415385620575,0.0011527485564687238,0.009818065606539752,26
GEO,2015,0.0024247270353700452,0.0014514948401609079,0.006343412556343287,26
GHA,2015,0.0020697390985193183,0.001140971582780708,0.0062826209802190345,26
GIN,2015,0.002427848494391803,0.0014488200108114407,0.0062826209802190345,26
GMB,2015,0.002113748776757637,0.0011723846876818033,0.006293064772480908,26
GNB,2015,0.0030162213997107943,0.0016300097624850816,0.00610166766404371,26
GNQ,2015,0.0021070729177682817,0.001178486355345847,0.00610166766404371,26
GRC,2015,0.0020948695824401942,0.001191414925350833,0.006343412556343287,26
GTM,2015,0.0020845559207433597,0.0011826983493786378,0.005156830848417261,26
GUY,2015,0.0020898370298896244,0.0011673521351312332,0.005032552550570005,26
HKG,2015,0.0020914193236707865,0.0011697969936047474,0.0008625646923519266,26
HND,2015,0.0021955206334515944,0.0012478729759403534,0.005032552550570005,26
HRV,2015,0.0020631525196584777,0.0011343242123437434,0.006343412556343287,26
HTI,2015,0.0020948695824401942,0.0011723846876818033,0.005032552550570005,26
HUN,2015,0.0016111741148714038,0.000793840408714924,0.007010079240127403,25
IDN,2015,0.0020467691325728,0.0011339043277878878,0.00481004498673944,25
IND,2015,0.0018843581702539267,0.0009554941417929216,0.006379133702614161,25
IRL,2015,0.0020948695824401942,0.0011787281002381465,0.006343412556343287,26
IRN,2015,0.002112200237995037,0.0011762359444717685,0.0019256283949825573,26
IRQ,2015,0.002054328970222836,0.0011686991774802252,0.00368551020157806,25
ISL,2015,0.0020821827573275077,0.0011596978625691167,0.006343412556343287,26
ISR,2015,0.002092830323703563,0.001170345428945172,0.002039258736631254,26
ITA,2015,0.0021016207533968174,0.0011723846876818033,0.006751170956623219,26
JAM,2015,0.0020948695824401942,0.0011723846876818033,0.005032552550570005,26
JOR,2015,0.0020948695824401942,0.001175816816337704,0.003432128655900618,26
JPN,2015,0.0020948695824401942,0.0011627741479764058,0.00480526985269878,26
KAZ,2015,0.002101683168200007,0.0011791982734416157,0.006813585759812528,26
KEN,2015,0.00218639459740085,0.0012517063673143716,0.00610166766404371,26
KGZ,2015,0.0020880559966803816,0.0011587575161621782,0.006813585759812528,26
KHM,2015,0.0020756298377562206,0.0011723846876818033,0.004809936170993365,26
KOR,2015,0.0020820445845551954,0.0011618915075940768,0.001165908898636269,25
KWT,2015,0.00210783135116335,0.001175625129862592,0.003240442180788855,26
LAO,2015,0.0020948695824401942,0.0011723846876818033,0.004813226301067921,26
LBN,2015,0.0020948695824401942,0.001175816816337704,0.003432128655900618,26
LBR,2015,0.002049956028286269,0.0011338873555498674,0.006416222021989295,26
LBY,2015,3.824164330470557e-05,0.000183621255405126,0.007910107458213418,25
LKA,2015,0.002090171508585284,0.001167686613826893,0.004698073854910268,26
LSO,2015,0.0021070729177682817,0.0011906896906739345,0.00610166766404371,26
LTU,2015,0.0021144431074217418,0.0011854337043361682,0.006524508327182461,26
LUX,2015,0.0021012129949965377,0.0011787281002381465,0.006343412556343287,26
LVA,2015,0.002107918599094559,0.0012050072293177156,0.006524508327182461,26
MAR,2015,0.002098222762280838,0.0011723846876818033,0.0033531798406437347,26
MDA,2015,0.001999718394095045,0.0010835769118929973,0.006343412556343287,25
MDG,2015,0.0034189314655376796,0.0018252631277344803,0.00610166766404371,26
MDV,2015,0.0020468208102907295,0.0011420930704571408,0.0010445385249883636,25
MEX,2015,0.002084804477339054,0.0011774172402323733,0.005032552550570005,26
MKD,2015,0.002088249323816827,0.0010995618428247646,0.006620258623367168,26
MLI,2015,0.00342678523024663,0.002007973278050935,0.0062826209802190345,26
MLT,2015,0.0019981644590716043,0.0011079146054360767,0.00644700822457266,25
MMR,2015,0.002104265730150015,0.001200573130811265,0.004698073854910268,26
MNE,2015,0.002026855385928351,0.0011315761697746974,0.006801419651184297,25
MNG,2015,0.002113650330530389,0.001162994313636706,0.009390374045097434,26
MOZ,2015,0.002049766883043532,0.0011594982021398998,0.0064432427709517105,26
MRT,2015,0.0021409972914752436,0.0011800726391876448,0.007687951505841523,26
MUS,2015,0.0020033445674795384,0.0010198429960807105,0.00610166766404371,25
MWI,2015,0.002015547902807626,0.0011601813523537158,0.00610166766404371,25
MYS,2015,0.002104265730150015,0.0011817808353916238,0.004698073854910268,26
NAM,2015,0.0021314795884244567,0.0012089946936660655,0.00610166766404371,26
NER,2015,0.002119276253096369,0.001178486355345847,0.00610166766404371,26
NGA,2015,0.0021253779207604127,0.001221198028994153,0.00610166766404371,26
NIC,2015,0.0020948695824401942,0.0011774172402323733,0.005032552550570005,26
NLD,2015,0.0021012129949965377,0.0011787281002381465,0.006343412556343288,26
NOR,2015,0.0021230407045754866,0.0012005558098170956,0.009390374045097434,26
NPL,2015,0.002507200151592166,0.0015428846193835753,0.0011951610700057164,26
NZL,2015,0.002090171508585284,0.001167686613826893,0.004698073854910268,26
OMN,2015,0.002098110024620983,0.001175625129862592,0.003240442180788855,26
PAK,2015,0.0020891497280905616,0.0011609449789825382,0.0057198543496325685,26
PAN,2015,0.002074242259046525,0.0011569141951365514,0.005156830848417261,26
PER,2015,0.0021000187994403034,0.0011826831216820214,0.005149217000109057,26
PHL,2015,0.0020948695824401942,0.0011723846876818033,0.004922869528631669,26
PNG,2015,0.002089320092444165,0.001161285707689745,0.0055494899960291276,26
POL,2015,0.0020423837075870866,0.0011133380784720578,0.0065607343566384535,26
PRK,2015,0.0020898928722384706,0.0011723846876818033,0.004976710201723951,26
PRT,2015,0.0020948695824401942,0.0011723846876818033,0.006550596250291195,26
PRY,2015,0.002146437890924367,0.0012084825036207242,0.005156830848417261,26
PSE,2015,0.00209745727651725,0.0011741098170665071,0.0008625646923519266,26
PSG,2015,0.002095732147132546,0.0011706595582970994,0.0008625646923519266,26
QAT,2015,0.0020948695824401942,0.001169027637512088,0.003357050169715223,26
ROU,2015,0.0021219138481671945,0.0012197121527040536,0.006761066431750028,26
RUS,2015,0.0019492276198805562,0.0010874268761886811,0.012136830213303161,25
RWA,2015,0.0021253779207604127,0.0011906896906739345,0.00610166766404371,26
SAU,2015,0.0020906490129039322,0.0011723846876818033,0.004220569536262209,26
SDN,2015,0.0020948695824401942,0.0011646967361759618,0.007687951505841523,26
SEN,2015,0.002119722713801268,0.0011661714048415348,0.006213282840268431,26
SGP,2015,0.0020948695824401942,0.0011723846876818033,0.004698073854910268,26
SLB,2015,0.002097945270202375,0.0011754603754439842,0.0010252292540602788,26
SLE,2015,0.0020948695824401942,0.0011723846876818033,0.00610166766404371,26
SLV,2015,0.0022911391319124248,0.0013132961590977634,0.005032552550570005,26
SML,2015,0.0020940070177478424,0.0011715221229894512,0.0008625646923519266,26
SOM,2015,0.0020948695824401942,0.0011723846876818033,0.007687951505841523,26
SRB,2015,0.001671991749211997,0.0008245335668005439,0.00682061021335802,25
SSD,2015,0.0020643612441199758,0.0011296730140334973,0.00610166766404371,26
STP,2015,0.0021070729177682817,0.001178486355345847,0.00610166766404371,26
SUR,2015,0.0020948695824401942,0.0011723846876818033,0.005032552550570005,26
SVK,2015,0.0020883853757005006,0.0011464478607230277,0.006484206739693868,26
SVN,2015,0.0021646471205599704,0.001273879288583296,0.006343412556343288,26
SWE,2015,0.0020885261698838507,0.0011723846876818033,0.006343412556343288,26
SWZ,2015,0.0021009712501042378,0.0011723846876818033,0.00610166766404371,26
SYC,2015,0.002119276253096369,0.0011967913583379782,0.00610166766404371,26
SYR,2015,0.0020986534927227877,0.0011723846876818033,0.0037839102825933833,26
TCD,2015,0.0020765645794480632,0.0011601813523537158,0.00610166766404371,26
TGO,2015,0.0022999079161690524,0.001253157364605293,0.006213282840268431,26
THA,2015,0.0007606166076456779,6.363925792297995e-05,0.004698073854910268,25
TJK,2015,0.0020597605751139407,0.0011653628862165525,0.007021801465250711,26
TKM,2015,0.002087933489796317,0.0011723846876818033,0.006936092643877292,26
TLS,2015,0.001991511957632168,0.001031442472034495,0.004698073854910268,25
TTO,2015,0.0020948695824401942,0.0011572870300300933,0.005032552550570005,26
TUN,2015,0.0019647540153787313,0.001147988018857779,0.008132222941341421,25
TUR,2015,0.0016481487697906187,0.0007879970116810059,0.010388856108129665,25
TWN,2015,0.002098003198015159,0.0011734292262067917,0.0010445385249883636,26
TZA,2015,0.0020760217194995376,0.0011598194457213653,0.006282620980219034,26
UGA,2015,0.0020521579087918883,0.0011479780170256283,0.00610166766404371,26
UKR,2015,0.001792017030324219,0.0009127967858681104,0.007210775050380359,25
URY,2015,0.0020898370298896244,0.0011723846876818033,0.005032552550570005,26
USA,2015,0.0020392102050716754,0.0011167253103132845,0.01391484434212971,26
UZB,2015,0.0021020308889624466,0.0011723846876818033,0.007161306522252237,26
VEN,2015,0.002019381294181644,0.0011371568198278131,0.005032552550570005,25
VNM,2015,0.0020948695824401942,0.001182239508254074,0.004927410286135467,26
VUT,2015,0.0020948695824401942,0.0011723846876818033,0.0008625646923519266,26
XKX,2015,0.0021921536658679863,0.0012381171764843655,0.001314649776051244,26
YEM,2015,0.002054407391705713,0.0011375422456604445,0.0011239497426244777,25
ZAF,2015,0.0020502028966881036,0.00111495609171483,0.006380955107441477,26
ZMB,2015,0.0020521579087918883,0.001154079684689672,0.00610166766404371,26
ZWE,2015,0.002180292929736806,0.0011967913583379782,0.00610166766404371,26
ZZB,2015,0.0020914193236707865,0.0011706595582970994,0.0008625646923519266,26
AFG,2016,0.0024898958987757316,0.001328711156626205,0.0019334988650676335,30
AGO,2016,0.002493762896505867,0.0013248441588960698,0.006575077649550006,30
ALB,2016,0.0024678040999792593,0.001318354459764418,0.0064896991316518654,30
ARE,2016,0.002513602102528237,0.0013347637619072548,0.0033065343370616614,30
ARG,2016,0.0024360243079032803,0.0013007864136449921,0.004811549050215537,29
ARM,2016,0.0025199871139663745,0.0013379562676263238,0.006556054365126934,30
AUS,2016,0.0025420946047621526,0.0013731758671523555,0.004833170825628558,30
AUT,2016,0.002493762896505867,0.0013248441588960698,0.0016402854619607023,30
AZE,2016,0.002480932947194066,0.0013184291842401694,0.006414974655900405,30
BDI,2016,0.002044352220188072,0.0010940657034896344,0.0060731172475377735,29
BEL,2016,0.002487548129049815,0.0013186293914400178,0.006214767456052035,30
BEN,2016,0.0027731262898926046,0.0015556226143025056,0.0060731172475377735,30
BFA,2016,0.001321651267731077,0.0006507281444193771,0.0060731172475377735,29
BGD,2016,0.002479263384028981,0.0013296773297216983,0.004833170825628558,30
BGR,2016,0.002480859470334542,0.0013571027243243824,0.006451713085662638,30
BHR,2016,0.0024408583471128803,0.0013215376245590083,0.0033065343370616614,29
BIH,2016,0.0024316152219453465,0.0012813407867037056,0.006214767456052035,29
BLR,2016,0.0025214621273868263,0.0013317689666163097,0.006924807720239769,30
BOL,2016,0.0023109240325976765,0.0012141785307411123,0.004811549050215537,29
BRA,2016,0.0023885310909827133,0.0012020737191190574,0.008769317126929453,29
BRB,2016,0.002474516700305005,0.0013248441588960698,0.004811549050215537,30
BTN,2016,0.0024984691822226876,0.0013295504446128902,0.0011765714292051158,30
BWA,2016,0.0023662274343075737,0.001185162462202701,0.0060731172475377735,29
CAF,2016,0.0025061246875542793,0.0013804722186139253,0.006180895524206186,30
CAN,2016,0.002427801431078219,0.001258882693468421,0.009423066489664119,30
CHE,2016,0.00246759152138727,0.001305215627557122,0.006542843779649284,30
CHL,2016,0.0024338628141895536,0.001230715458113292,0.008557154616616165,30
CHN,2016,0.002471818661979873,0.0013248441588960698,0.01097211726299694,30
CIV,2016,0.0025558468319702606,0.0013558861266282668,0.0062083935464393725,30
CMR,2016,0.0024816166620107915,0.0013248441588960698,0.0060731172475377735,30
COD,2016,0.0024816166620107915,0.0013005516899059187,0.0060731172475377735,30
COG,2016,0.002493762896505867,0.001331034526006625,0.006190367110555313,30
COL,2016,0.0025134890834866983,0.0013544334393673166,0.00493154674520777,30
COM,2016,0.001937492208333779,0.0010389828330298577,0.00772598178016789,29
CPV,2016,0.0024998360137534047,0.0013248441588960698,0.0060731172475377735,30
CRI,2016,0.002493762896505867,0.0013248441588960698,0.004922254846415346,30
CUB,2016,0.002493762896505867,0.0013248441588960698,0.0013127447264040446,30
CYP,2016,0.0025248367337861273,0.001349703228720278,0.006214767456052035,30
CZE,2016,0.002493762896505867,0.0013248441588960698,0.0015290362511368475,30
DEU,2016,0.0024805071148055373,0.0013248441588960698,0.006627890850164836,30
DJI,2016,0.002493762896505867,0.0013248441588960698,0.00772598178016789,30
DNK,2016,0.002493762896505867,0.0013186293914400178,0.006214767456052035,30
DOM,2016,0.0024456474060037116,0.0012863517664943455,0.004811549050215537,29
DZA,2016,0.0025501303070262255,0.0013409491333304581,0.00805248721719409,30
ECU,2016,0.002488831349760659,0.0013297757056412777,0.00493154674520777,30
EGY,2016,0.002715708002759723,0.0014182947299503249,0.011681321381781889,30
ERI,2016,0.0024876897792583293,0.0013187710416485321,0.0060731172475377735,30
ESP,2016,0.002391175702442776,0.0012222569648329788,0.006839146270872731,29
EST,2016,0.002531051501242179,0.001368347531088434,0.006214767456052035,30
ETH,2016,0.0025006634256840923,0.0013110431005396194,0.006900529178225221,30
FIN,2016,0.002357038012472722,0.0011321863677584566,0.006214767456052035,29
FJI,2016,0.002689430517739389,0.001454253961299193,0.0010352784192249858,30
FRA,2016,0.0024329807502078316,0.0012336709394490176,0.010130357716339258,30
GAB,2016,0.002493762896505867,0.0013248441588960698,0.0063705849250335605,30
GBR,2016,0.0024346975115444977,0.0012657787739347004,0.009844230826894895,30
GEO,2016,0.0024502595243135025,0.001349703228720278,0.006214767456052035,30
GHA,2016,0.0024500482617948343,0.0013310891067119318,0.006244947815861796,30
GIN,2016,0.002493762896505867,0.0013248441588960698,0.006244947815861796,30
GMB,2016,0.002493762896505867,0.0013311069468621584,0.0062627879660885595,30
GNB,2016,0.002870296165853209,0.001446306503846825,0.0060731172475377735,30
GNQ,2016,0.0024876897792583293,0.0013066248071534566,0.0060731172475377735,30
GRC,2016,0.0024378299894013988,0.001206763577231081,0.006214767456052035,30
GTM,2016,0.0025677360976839834,0.0013889542665837709,0.00493154674520777,30
GUY,2016,0.002705819406549801,0.0016158054168633283,0.00493154674520777,30
HKG,2016,0.0024859998142746998,0.0013179436413572544,0.0008625646923519266,30
HND,2016,0.0024600820531543582,0.0012045554326406813,0.004811549050215537,30
HRV,2016,0.0024502595243135025,0.0013186293914400178,0.006214767456052035,30
HTI,2016,0.002450458955053927,0.0012334247269419746,0.004811549050215537,30
HUN,2016,0.0021366433154993763,0.001022666051890578,0.006867684250124811,29
IDN,2016,0.0024739928774807824,0.0013199016541397988,0.004942504756271101,30
IND,2016,0.002014061303116864,0.0008645899274012151,0.006482453964716263,29
IRL,2016,0.002493762896505867,0.001331058926352122,0.006214767456052035,30
IRN,2016,0.0024994510865886444,0.0013343244757006991,0.001896063360925859,30
IRQ,2016,0.0024683735881815645,0.0013212171148497408,0.0036270440463289496,30
ISL,2016,0.0025248367337861273,0.001349703228720278,0.006214767456052035,30
ISR,2016,0.002493762896505867,0.0013248441588960698,0.002020787290082829,30
ITA,2016,0.002493762896505867,0.0013248441588960698,0.006618139410284605,30
JAM,2016,0.002493762896505867,0.0013248441588960698,0.004811549050215537,30
JOR,2016,0.002493762896505867,0.0013248441588960698,0.0033839829234700554,30
JPN,2016,0.002503641333764873,0.0013297833775255728,0.004939218629502949,30
KAZ,2016,0.002520395841158993,0.0013248441588960698,0.00665823616328153,30
KEN,2016,0.002493762896505867,0.0013248441588960698,0.0060731172475377735,30
KGZ,2016,0.002553687021975401,0.0013448188673859144,0.00665823616328153,30
KHM,2016,0.00248387831560135,0.0013297864493483284,0.004942290452258636,30
KOR,2016,0.002493762896505867,0.0013236916227807617,0.0011525361153080942,30
KWT,2016,0.0024809866165137707,0.0013216500888980458,0.0031940699980241034,30
LAO,2016,0.0024888175112974986,0.0013198987736877017,0.004945385208368153,30
LBN,2016,0.0024734589989650465,0.0013011562784317795,0.0033839829234700554,30
LBR,2016,0.002493762896505867,0.0013312248434058462,0.0063806845097763255,30
LBY,2016,0.002532934488299434,0.0013013412038199294,0.007834318358713468,30
LKA,2016,0.0031365746163144652,0.001953156366227782,0.004833170825628557,30
LSO,2016,0.0023480080825649605,0.001112285055232248,0.0060731172475377735,29
LTU,2016,0.0025384698946623605,0.0013695511570525631,0.006386714022356179,30
LUX,2016,0.002493762896505867,0.0013248441588960698,0.006214767456052035,30
LVA,2016,0.002532083180640004,0.001363164443030207,0.006386714022356179,30
MAR,2016,0.0024505784843168728,0.0013248441588960698,0.0071974020314990615,30
MDA,2016,0.0021643802213351087,0.0010762534606539882,0.006214767456052035,29
MDG,2016,0.0025727134207238576,0.0014827452073320519,0.0060731172475377735,30
MDV,2016,0.0024658103791867923,0.0013020680336731203,0.0010352784192249858,29
MEX,2016,0.0025996169756106087,0.0013825827474986563,0.004811549050215537,30
MKD,2016,0.0024483350025843037,0.0012859059641061586,0.0064896991316518654,30
MLI,2016,0.0025124977399534525,0.0014622330108450292,0.006244947815861796,30
MLT,2016,0.002493762896505867,0.0013058922224812454,0.006317312138274836,30
MMR,2016,0.0025565941172390385,0.0014118412337573837,0.004833170825628557,30
MNE,2016,0.002493762896505867,0.001318182449846935,0.006661709049134804,30
MNG,2016,0.0024466475640575465,0.0013248441588960698,0.00942306648966412,30
MOZ,2016,0.002538606708840398,0.0013248441588960698,0.006406258904933015,30
MRT,2016,0.002562326460531959,0.0013476986802381005,0.007618173780676905,30
MUS,2016,0.0025787865379713957,0.0013855753313714476,0.0060731172475377735,30
MWI,2016,0.0024512510757731024,0.0013673559796288342,0.0060731172475377735,30
MYS,2016,0.002503429238157124,0.0013055114755935555,0.004833170825628557,30
NAM,2016,0.0028034918761302933,0.001549549497054967,0.0060731172475377735,30
NER,2016,0.0024269586067829515,0.0012701861036682298,0.0060731172475377735,29
NGA,2016,0.0026698832966844627,0.0013977215658665231,0.0060731172475377735,30
NIC,2016,0.0024889513474556516,0.0013152210607956388,0.004811549050215537,30
NLD,2016,0.002493762896505867,0.0013248441588960698,0.006214767456052035,30
NOR,2016,0.0025314551624645233,0.0013719594913443906,0.00942306648966412,30
NPL,2016,0.002514941182231559,0.0013636710160598387,0.0011765714292051158,30
NZL,2016,0.002479263384028981,0.0013103446464191842,0.004833170825628557,30
OMN,2016,0.002493762896505867,0.001328038228894094,0.0031940699980241034,30
PAK,2016,0.002330428127706972,0.0012140098514968197,0.0058333845999605435,29
PAN,2016,0.0025480099107031526,0.0013692280796029398,0.00493154674520777,30
PER,2016,0.0024691359147884905,0.001310067969865644,0.004925396343475301,30
PHL,2016,0.002498815148334314,0.001329896410724517,0.005052251828447239,30
PNG,2016,0.0024767340566584717,0.001319167878946938,0.0056762799491317725,30
POL,2016,0.0024551836449598066,0.0010869387743620298,0.006429875257676755,30
PRK,2016,0.002493762896505867,0.0013248441588960698,0.005108937776082393,30
PRT,2016,0.0025001827470810126,0.0013248441588960698,0.0064198505751454265,30
PRY,2016,0.0024838998030154514,0.0013347072523864855,0.00493154674520777,30
PSE,2016,0.0024894500730441075,0.001322256464819014,0.0008625646923519266,30
PSG,2016,0.0024842746848899957,0.001322256464819014,0.0008625646923519266,29
QAT,2016,0.002490456362168805,0.0013281506932331314,0.0033065343370616614,30
ROU,2016,0.00275887853051246,0.0015833319020524986,0.006627890850164836,30
RUS,2016,0.0025060397897930394,0.0013248441588960698,0.012276893287172219,30
RWA,2016,0.002493762896505867,0.0013187710416485321,0.0060731172475377735,30
SAU,2016,0.002489609082049076,0.0013248441588960698,0.00415381445679092,30
SDN,2016,0.002554708286751282,0.0013400805064574237,0.007618173780676905,30
SEN,2016,0.002493762896505867,0.0013372059499444822,0.006180895524206186,30
SGP,2016,0.002503429238157124,0.0013296773297216983,0.004833170825628557,30
SLB,2016,0.002502883069958255,0.0013309242745309952,0.0010133526058208775,30
SLE,2016,0.002493762896505867,0.0013248441588960698,0.0060731172475377735,30
SLV,2016,0.0024600820531543582,0.0013104095117454232,0.004811549050215537,30
SML,2016,0.002493762896505867,0.0013248441588960698,0.0008625646923519266,30
SOM,2016,0.002493762896505867,0.0013629350277994544,0.007618173780676905,30
SRB,2016,0.002373383678436308,0.0012646545498612909,0.0066877343371977,29
SSD,2016,0.0025059091310009425,0.0013126979244009944,0.0060731172475377735,30
STP,2016,0.0025362747172386316,0.0013612828623812965,0.0060731172475377735,30
SUR,2016,0.0025274437398573758,0.0013537134531973632,0.004811549050215537,30
SVK,2016,0.0025191468293040403,0.0013184981756965265,0.006345983199543323,30
SVN,2016,0.0025434810361542833,0.0013869918334565902,0.006214767456052035,30
SWE,2016,0.002493762896505867,0.0012999850890718617,0.006214767456052035,30
SWZ,2016,0.002493762896505867,0.0013248441588960698,0.0060731172475377735,30
SYC,2016,0.002633444593199236,0.0014888183245795896,0.0060731172475377735,30
SYR,2016,0.002490037134853665,0.0013285699205482717,0.003725761652201831,30
TCD,2016,0.0025241284827435557,0.0013248441588960698,0.0060731172475377735,30
TGO,2016,0.002530848269651104,0.0013681104275655132,0.006180895524206186,30
THA,2016,0.00248409655485461,0.0012716792798141557,0.004833170825628557,30
TJK,2016,0.0023771012209149803,0.0012562196438426073,0.0068624515053462625,29
TKM,2016,0.002493762896505867,0.0013248441588960698,0.006791170193058275,30
TLS,2016,0.00251792875063401,0.0013006783047679272,0.004833170825628557,30
TTO,2016,0.0025611245832088845,0.0013922058455990874,0.004811549050215537,30
TUN,2016,0.0023488321077328625,0.0013006890274339024,0.008051710487389138,29
TUR,2016,0.002102187366813766,0.0010981425364427484,0.01030461920242371,29
TWN,2016,0.002493762896505867,0.0013258794373152947,0.0010352784192249858,30
TZA,2016,0.0024063336270838016,0.0013061093154484844,0.006244947815861797,29
UGA,2016,0.0024633973102681783,0.0013005516899059187,0.0060731172475377735,30
UKR,2016,0.002514899153919076,0.0014164346076866417,0.007045419137736295,30
URY,2016,0.0024360243079032803,0.001271917119343699,0.004811549050215537,29
USA,2016,0.002480173283819694,0.0013248441588960698,0.013589612686173085,30
UZB,2016,0.002486770201836787,0.0013178514642269898,0.006992694669080083,30
VEN,2016,0.0024360243079032803,0.0013296557079462855,0.004811549050215537,29
VNM,2016,0.002498819464648011,0.0013248441588960698,0.005056568142143897,30
VUT,2016,0.002495488025890571,0.001336057499896645,0.0008625646923519266,30
XKX,2016,0.002569492427655509,0.00137184869547171,0.001305681571545556,30
YEM,2016,0.0023637517792728497,0.0012710464552134419,0.0011207854933880821,29
ZAF,2016,0.0024747143739639594,0.0013756402190078236,0.006349507513969206,30
ZMB,2016,0.002372300551555112,0.0012216011656879277,0.0060731172475377735,29
ZWE,2016,0.0024876897792583293,0.0013187710416485321,0.0060731172475377735,30
ZZB,2016,0.002467885955735309,0.0013101805591260872,0.0008625646923519266,29
AFG,2017,0.0015676511473645995,0.0028742121738729648,0.001938664581825345,39
AGO,2017,0.001583160464019202,0.0029060102314249154,0.006595417988220976,39
ALB,2017,0.0015961883262355287,0.0029059287445448575,0.006513931108163264,39
ARE,2017,0.0015991961657114153,0.0029026219537751368,0.0032071403384426565,39
ARG,2017,0.0015158957349867745,0.0030051165304876516,0.004804623502316243,38
ARM,2017,0.0015963232751554201,0.002905996219004803,0.006581405568109022,39
AUS,2017,0.0016122545112219222,0.0029382068763736543,0.004849007867120004,39
AUT,2017,0.0015420306082696979,0.00285828495768719,0.0016451942299801642,38
AZE,2017,0.0016217998996566022,0.0028929749074971273,0.006439905939566688,39
BDI,2017,0.0014004212368372313,0.002795862584700244,0.006091307572732364,38
BEL,2017,0.001583160464019202,0.002899414813436694,0.006238646054376693,39
BEN,2017,0.0019486389183831436,0.003240528037509706,0.006091307572732364,39
BFA,2017,0.003453191888848038,0.004105493712837702,0.006091307572732364,39
BGD,2017,0.001554066416816482,0.002889716797702454,0.004849007867120004,39
BGR,2017,0.001556915877719744,0.0028666090805623723,0.006561146574864518,39
BHR,2017,0.001567124762326989,0.002899414813436694,0.0032071403384426565,39
BIH,2017,0.001583160464019202,0.0028682215831648105,0.006238646054376693,39
BLR,2017,0.0016457146122435043,0.0029480680398333734,0.006950460913811346,39
BOL,2017,0.0016360113225446808,0.002933047177952908,0.004804623502316243,39
BRA,2017,0.0008808876627255817,0.001881119251560944,0.00877841001617026,38
BRB,2017,0.001583160464019202,0.002899414813436694,0.004804623502316243,39
BTN,2017,0.0015713845429820427,0.0028899940766069668,0.0011775921037159476,39
BWA,2017,0.0015527039261555408,0.0028689582755730323,0.006091307572732364,39
CAF,2017,0.002302330036895793,0.0032218011736917175,0.006199737697211986,39
CAN,2017,0.0018385199535263783,0.0031547743029438713,0.009457758870636183,39
CHE,2017,0.0015765927167805873,0.0028928470661980796,0.006567747238614795,39
CHL,2017,0.001583160464019202,0.002899414813436694,0.00856556044939494,39
CHN,2017,0.0015611397427961217,0.002899414813436694,0.011010360611540189,39
CIV,2017,0.0019318571722487226,0.0030924433483494646,0.006226726932670005,39
CMR,2017,0.001479608235282752,0.0028202278149911737,0.006091307572732364,38
COD,2017,0.001516156080719146,0.002881140890718497,0.006091307572732364,38
COG,2017,0.0015707404796098743,0.0028932048212320306,0.006209992204663854,39
COL,2017,0.0015880864800507945,0.002879710749310325,0.004926016031592357,39
COM,2017,0.001506731729337164,0.00289177193996849,0.007642873468203787,38
CPV,2017,0.001613617001882864,0.0029359626588730883,0.006091307572732364,39
CRI,2017,0.0015634975924879448,0.0028895833776710657,0.004915717882814305,39
CUB,2017,0.0015844746605601994,0.0028967864203546996,0.0013141965409972736,39
CYP,2017,0.001583160464019202,0.0029118921055454475,0.006238646054376693,39
CZE,2017,0.001583160464019202,0.0028948171923195414,0.0015325403723843306,39
DEU,2017,0.0016164247663930788,0.00291937339486102,0.00665286047477531,39
DJI,2017,0.0015678747170827945,0.002899414813436694,0.007642873468203787,39
DNK,2017,0.001564444525856072,0.002886937521327941,0.006238646054376693,39
DOM,2017,0.0014918726174751934,0.002846563954911216,0.004804623502316243,38
DZA,2017,0.0013998194529738456,0.002819701330373496,0.007971348306319844,38
ECU,2017,0.0016176425762403487,0.0029043408294682866,0.004926016031592357,39
EGY,2017,0.0018388424217426747,0.003236450121344908,0.011621907169248756,39
ERI,2017,0.001583160464019202,0.002899414813436694,0.006091307572732364,39
ESP,2017,0.001521372793518654,0.0029474718904926762,0.0068652967222831126,39
EST,2017,0.0016642628627260992,0.0029867558581979678,0.006238646054376693,39
ETH,2017,0.0015693151958054365,0.002878646911116046,0.006922634106882844,39
FIN,2017,0.001583160464019202,0.002899414813436694,0.006238646054376693,39
FJI,2017,0.0015955910298597472,0.0029045942158702548,0.0010358804867120956,39
FRA,2017,0.001583160464019202,0.002899414813436694,0.010064736617718305,39
GAB,2017,0.0016023577538201784,0.0029058139100370194,0.006399096600325419,39
GBR,2017,0.0015732727740148057,0.0028895271234322976,0.00988769000439643,39
GEO,2017,0.001689217446943606,0.0029867558581979678,0.006238646054376693,39
GHA,2017,0.0014954681568455765,0.0027678763526762557,0.0062637362266875435,38
GIN,2017,0.0015956879364725771,0.002930733494570132,0.0062637362266875435,39
GMB,2017,0.001620904333904175,0.0029245773933600093,0.006290644980828817,39
GNB,2017,0.0015770691564464697,0.002893323505863962,0.006091307572732364,39
GNQ,2017,0.0015953430791646667,0.0029055061210094264,0.006091307572732364,39
GRC,2017,0.0015332512955841884,0.002843266998947304,0.006238646054376693,39
GTM,2017,0.0017752750892513043,0.003027491230258096,0.004926016031592357,39
GUY,2017,0.0016176425762403487,0.0029585270058158026,0.004926016031592357,39
HKG,2017,0.001572809687710979,0.002891651731205527,0.0008625646923519266,38
HND,2017,0.0015782344479876097,0.0029437489577210253,0.004926016031592357,39
HRV,2017,0.001264989515245991,0.0025750052186091065,0.006238646054376693,38
HTI,2017,0.001559137346507621,0.0029570702954644893,0.004804623502316243,39
HUN,2017,0.0015555865168624175,0.0028787343530691056,0.006893486789196138,39
IDN,2017,0.0015087792027677132,0.0028250335521852053,0.004958750750099255,38
IND,2017,0.0014596289595107527,0.0028278965739844345,0.006501658132023649,38
IRL,2017,0.0015270126495298118,0.0028370283528929272,0.006238646054376693,39
IRN,2017,0.001583160464019202,0.0029013208725433793,0.0019060591066850147,39
IRQ,2017,0.0015606466466857284,0.0029069194192145186,0.003752302888912285,39
ISL,2017,0.0015769218179648254,0.0028931761673823175,0.006238646054376693,39
ISR,2017,0.0015746616016028348,0.0028824170886039596,0.0021247156040917997,39
ITA,2017,0.0016097356056281964,0.0029326337404479374,0.006643785402248592,39
JAM,2017,0.0016119882050330996,0.0029282425544505915,0.004804623502316243,39
JOR,2017,0.0015269111624214853,0.0028080096983404044,0.003515581349857305,38
JPN,2017,0.001583160464019202,0.002899414813436694,0.004955395835312186,39
KAZ,2017,0.0016366295874398332,0.0029261493751470097,0.0066836404275789065,39
KEN,2017,0.0015527039261555402,0.0028689582755730323,0.006091307572732364,39
KGZ,2017,0.0015296913405985707,0.0028058438474505894,0.0066836404275789065,39
KHM,2017,0.0015038237696585028,0.0028399122926661695,0.004958543397543723,38
KOR,2017,0.0015981701388524314,0.0029236612112442184,0.0011545903717868706,39
KWT,2017,0.001583160464019202,0.0029086966031347692,0.00309392989935828,39
LAO,2017,0.0015980453730068778,0.002894453177107469,0.004961636329225229,39
LBN,2017,0.0015796448826693448,0.0029029303947865517,0.003515581349857305,39
LBR,2017,0.0016087957852432247,0.0029058236437427,0.00640883030600563,39
LBY,2017,0.001583160464019202,0.0028841284676717556,0.007643172882469395,39
LKA,2017,0.0018013658180396019,0.0031564122303940545,0.004849007867120003,39
LSO,2017,0.0014552430049918222,0.0027714973544093143,0.006091307572732364,38
LTU,2017,0.0015126373435506834,0.0028481252712777715,0.006411192769865335,38
LUX,2017,0.001583160464019202,0.002899414813436694,0.006238646054376693,39
LVA,2017,0.0015959828495589329,0.0028609476568175023,0.006411192769865335,39
MAR,2017,0.0015973893540225923,0.0029065292584383893,0.007114445001695164,39
MDA,2017,0.001327375975789758,0.0026311530330984964,0.006238646054376693,38
MDG,2017,0.0016075256943101316,0.002899414813436694,0.006091307572732364,39
MDV,2017,0.0015676222567185206,0.0028942354110031336,0.0010358804867120956,38
MEX,2017,0.001583160464019202,0.0029042194369390106,0.004804623502316243,39
MKD,2017,0.0016417858439926715,0.0029580401934101636,0.006513931108163264,39
MLI,2017,0.001583160464019202,0.002899414813436694,0.0062637362266875435,39
MLT,2017,0.0015768187708367404,0.0028233144952471544,0.006341693182461641,39
MMR,2017,0.0017383287157670423,0.0031176201674570944,0.004849007867120003,39
MNE,2017,0.001583160464019202,0.002872668648765101,0.00668654116789827,39
MNG,2017,0.0014885828753128402,0.0028237527424716047,0.009457758870636183,38
MOZ,2017,0.001557448097440322,0.002854418171923654,0.006428091644720008,39
MRT,2017,0.001583160464019202,0.002899414813436694,0.0075344068174665975,39
MUS,2017,0.001546612618582808,0.0028567756604275674,0.006091307572732364,39
MWI,2017,0.0015709778488737375,0.0028872321982912293,0.006091307572732364,39
MYS,2017,0.001597707487620562,0.0028897167977024545,0.004849007867120003,39
NAM,2017,0.0016075256943101316,0.002929871351300356,0.006091307572732364,39
NER,2017,0.001284686392955316,0.002692310355963794,0.006091307572732364,38
NGA,2017,0.0015892517715919345,0.0028628669680003,0.006091307572732364,39
NIC,2017,0.0015207003584890909,0.002880196319427429,0.004804623502316243,38
NLD,2017,0.001583160464019202,0.002899414813436694,0.006238646054376693,39
NOR,2017,0.0014602095987009316,0.00278592170698906,0.009457758870636183,38
NPL,2017,0.0016090674903009529,0.002926499431822161,0.0011775921037159476,39
NZL,2017,0.001583160464019202,0.002899414813436694,0.004849007867120003,39
OMN,2017,0.001592442253717277,0.002899414813436694,0.00309392989935828,39
PAK,2017,0.0015128884104869836,0.002864278786670585,0.005856004461018197,38
PAN,2017,0.0015733084319560174,0.0028846367653419173,0.004926016031592357,39
PER,2017,0.001440513906063525,0.002825632111045827,0.004918846826057847,38
PHL,2017,0.0013956104019122598,0.002580072815795144,0.00506892059748492,38
PNG,2017,0.0015888529507877092,0.0029051073002052015,0.005692486768507093,39
POL,2017,0.0006472941610338663,0.0017570124987580427,0.006454250365416108,38
PRK,2017,0.001583160464019202,0.002899414813436694,0.005125088655957667,39
PRT,2017,0.0015896051982983595,0.0029058595477158516,0.006444734279157351,39
PRY,2017,0.0015634563998928326,0.0028895627813735093,0.004926016031592357,39
PSE,2017,0.00158229789932685,0.002899414813436694,0.0008625646923519266,39
PSG,2017,0.001583160464019202,0.002899414813436694,0.0008625646923519266,39
QAT,2017,0.0015799533236807595,0.002899414813436694,0.0032071403384426574,39
ROU,2017,0.0016962590920903825,0.003039124883406976,0.006652860474775309,39
RUS,2017,0.0015580234952166057,0.0028617093602328,0.012568484401298192,39
RWA,2017,0.001583160464019202,0.0028385017377093704,0.006091307572732364,39
SAU,2017,0.001583160464019202,0.002891283029517778,0.0040658919594579405,39
SDN,2017,0.0015756260572017354,0.002899414813436694,0.0075344068174665975,39
SEN,2017,0.001583160464019202,0.0028498169118589983,0.006199737697211986,39
SGP,2017,0.0016219525269561622,0.002928508860639414,0.004849007867120003,39
SLB,2017,0.0015993809944184686,0.0029095526449362356,0.0010137831499541577,39
SLE,2017,0.001583160464019202,0.002875049583145765,0.006091307572732364,39
SLV,2017,0.0015879650875215182,0.002894610189934378,0.004804623502316243,39
SML,2017,0.0015891984168656655,0.0029037276368984537,0.0008625646923519266,39
SOM,2017,0.001568091650384269,0.0028014675248096282,0.0075344068174665975,39
SRB,2017,0.0015093222953998506,0.002765163597765146,0.006712560783577396,38
SSD,2017,0.0015344300034373431,0.0028202278149911733,0.006091307572732364,39
STP,2017,0.001546612618582808,0.0028628669680003,0.006091307572732364,39
SUR,2017,0.0015687465935122534,0.0028465639549112155,0.004804623502316243,39
SVK,2017,0.0015767901695235458,0.0029057851079323503,0.006370294495656203,39
SVN,2017,0.0015082967113666818,0.002843266998947304,0.006238646054376693,38
SWE,2017,0.0015769218179648254,0.0028931761673823175,0.006238646054376693,39
SWZ,2017,0.001583160464019202,0.002899414813436694,0.006091307572732364,39
SYC,2017,0.00199127807139227,0.0032892584980915656,0.006091307572732364,39
SYR,2017,0.001583160464019202,0.002899414813436694,0.0018472863784004877,39
TCD,2017,0.0015892517715919345,0.0029055061210094264,0.006091307572732364,39
TGO,2017,0.0015893602017164141,0.0029118142888311183,0.006199737697211986,39
THA,2017,0.001583160464019202,0.002899414813436694,0.004849007867120003,39
TJK,2017,0.0015142764255591035,0.0028787496018986645,0.006888403846009841,38
TKM,2017,0.001583160464019202,0.0029062320635376095,0.0068172501009151325,39
TLS,2017,0.001505576338145282,0.0028703207662339743,0.004849007867120003,38
TTO,2017,0.001578355840516886,0.002899414813436694,0.004804623502316243,39
TUN,2017,0.0016150427322253339,0.0028755031122820953,0.00797056705153294,39
TUR,2017,0.0007485627847013355,0.0019917898371785143,0.01043247099147333,38
TWN,2017,0.0016132009981338529,0.00294188591339189,0.0010358804867120956,39
TZA,2017,0.00130755607004495,0.0026739203092759423,0.006263736226687544,38
UGA,2017,0.001516156080719146,0.002795862584700244,0.006091307572732364,38
UKR,2017,0.0016750801603492575,0.0029842637638952067,0.007070745871542715,39
URY,2017,0.001583160464019202,0.002899414813436694,0.004804623502316243,39
USA,2017,0.0013788225967471491,0.0026542093727102306,0.013622524484803524,38
UZB,2017,0.001604217696048937,0.0029064338907799393,0.007019077343244991,39
VEN,2017,0.0015495280995029884,0.002971484165971438,0.004804623502316243,39
VNM,2017,0.0015933069379356832,0.0029095612873531753,0.005073236958240572,39
VUT,2017,0.0016038620166356483,0.002918391236668437,0.0008625646923519266,39
XKX,2017,0.0015857751309455107,0.0029046441472893115,0.001307333463154333,39
YEM,2017,0.0015033066242790506,0.0028634243504552176,0.0011247019681711466,38
ZAF,2017,0.0015640564427318504,0.0028739427850535586,0.006368007095783864,39
ZMB,2017,0.0012115907020825278,0.0026374885878092027,0.006091307572732364,38
ZWE,2017,0.0015527039261555402,0.002844593045282103,0.006091307572732364,39
ZZB,2017,0.0015426199234786614,0.002877850696127896,0.0008625646923519266,38
AFG,2018,0.003499625050055607,0.002999208672629388,0.001938664581825345,47
AGO,2018,0.0036233791433463156,0.003114428683350051,0.006595417988220976,47
ALB,2018,0.0036154799352771713,0.0030154159266466782,0.006513931108163264,47
ARE,2018,0.003495221335854346,0.003008901995538515,0.0032071403384426565,47
ARG,2018,0.003511257037546559,0.0029944881250315663,0.004804623502316243,47
ARM,2018,0.003728443421294157,0.0031076230790601502,0.006581405568109022,47
AUS,2018,0.003511257037546559,0.002984656956202915,0.004849007867120004,47
AUT,2018,0.0035161926202364993,0.0030121923839984753,0.0016451942299801642,47
AZE,2018,0.003530576755365259,0.0030411015252363484,0.006439905939566688,47
BDI,2018,0.003456435269391968,0.0030028106879657827,0.006091307572732364,47
BEL,2018,0.0035050183914921824,0.0030026633494841383,0.006238646054376693,47
BEN,2018,0.0035173483451192912,0.003094180301556768,0.006091307572732364,47
BFA,2018,0.003511257037546559,0.0030515411485476417,0.006091307572732364,47
BGD,2018,0.0034918610060780788,0.003008901995538515,0.004849007867120004,47
BGR,2018,0.0032291277348273843,0.002746456132543934,0.006561146574864518,46
BHR,2018,0.0034920141955159033,0.0030056948552000724,0.0032071403384426565,47
BIH,2018,0.0034738251612202987,0.002990186057375385,0.006238646054376693,47
BLR,2018,0.0034973561157189362,0.003008901995538515,0.006950460913811346,47
BOL,2018,0.0034584061790210803,0.0029368326430037712,0.004804623502316243,46
BRA,2018,0.003449808167433367,0.002903561075344472,0.00877841001617026,47
BRB,2018,0.0034968431670396104,0.0029992927485338826,0.004804623502316243,47
BTN,2018,0.003526565734894866,0.0030195003244719585,0.0011775921037159476,47
BWA,2018,0.003450343961819235,0.002923623689520262,0.006091307572732364,46
CAF,2018,0.003486458086757711,0.003008901995538515,0.006199737697211986,47
CAN,2018,0.00355854583189974,0.0030751063076329683,0.009457758870636183,47
CHE,2018,0.003511257037546559,0.003028605237254359,0.006567747238614795,47
CHL,2018,0.003536953718894744,0.0030345986768867,0.00856556044939494,47
CHN,2018,0.0034892363163234784,0.003008901995538515,0.011010360611540189,47
CIV,2018,0.0035735243068732592,0.002952861453144485,0.006226726932670005,47
CMR,2018,0.003456435269391968,0.002960171534956656,0.006091307572732364,47
COD,2018,0.003505165729973827,0.0029540802273839237,0.006091307572732364,47
COG,2018,0.003542306998569878,0.0030213219799478425,0.006209992204663854,47
COL,2018,0.003501405005483374,0.0030138280115701074,0.004926016031592357,47
COM,2018,0.00347304267020554,0.0026649726894693447,0.007642873468203787,47
CPV,2018,0.003492983114828362,0.002972354150102121,0.006091307572732364,47
CRI,2018,0.003491594166015302,0.0029990705597728864,0.004915717882814305,47
CUB,2018,0.003509942841005562,0.0030128445851615067,0.0013141965409972736,47
CYP,2018,0.0034426319309484154,0.0029589928271035013,0.006238646054376693,46
CZE,2018,0.0034821387704712567,0.0029521980017602947,0.0015325403723843306,46
DEU,2018,0.0035179098980213344,0.002968984832689863,0.00665286047477531,47
DJI,2018,0.003511257037546559,0.0029783305016657,0.007642873468203787,47
DNK,2018,0.003511257037546559,0.0030026633494841383,0.006238646054376693,47
DOM,2018,0.0034536015555187644,0.0029848788780269335,0.004804623502316243,46
DZA,2018,0.003519228385852879,0.0029690452540069158,0.007971348306319844,47
ECU,2018,0.0035703692299256674,0.0033734271818763495,0.004926016031592357,47
EGY,2018,0.003511257037546559,0.002904304831015276,0.011621907169248756,47
ERI,2018,0.003511257037546559,0.003014993303111247,0.006091307572732364,47
ESP,2018,0.0034288734768791614,0.002947114325037967,0.0068652967222831126,46
EST,2018,0.003511257037546559,0.0030213792876472682,0.006238646054376693,47
ETH,2018,0.0035251023057603246,0.003001979361431632,0.006922634106882844,47
FIN,2018,0.0035362116217640656,0.0030650498100279052,0.006238646054376693,47
FJI,2018,0.0035143646790066953,0.003017189039432212,0.0010358804867120956,47
FRA,2018,0.003541451247399714,0.0030592256786271055,0.010064736617718305,47
GAB,2018,0.0036392389695530675,0.0030664938649414436,0.006399096600325419,47
GBR,2018,0.00362002162759492,0.003147329655600065,0.00988769000439643,47
GEO,2018,0.0034114387006765317,0.002884129074450981,0.006238646054376693,46
GHA,2018,0.003598949344720185,0.003121649247618891,0.0062637362266875435,47
GIN,2018,0.0034611471477330588,0.0029775833144050773,0.0062637362266875435,47
GMB,2018,0.0050713369927921055,0.0047891545251130705,0.006290644980828817,47
GNB,2018,0.003450343961819235,0.002990628072820318,0.006091307572732364,46
GNQ,2018,0.003474709192110165,0.00299671938039305,0.006091307572732364,47
GRC,2018,0.0034863024533290524,0.0030026633494841383,0.006238646054376693,47
GTM,2018,0.0034866269573885973,0.0029744198833173683,0.004926016031592357,47
GUY,2018,0.003526035085641336,0.0030138280115701074,0.004926016031592357,47
HKG,2018,0.0035043565200077436,0.0030045891720767554,0.0008625646923519266,47
HND,2018,0.003457070861199043,0.0029596418352225914,0.004926016031592357,46
HRV,2018,0.0033490522401327647,0.0028342199060159673,0.006238646054376693,46
HTI,2018,0.0035016477905419267,0.00298968350152925,0.004804623502316243,47
HUN,2018,0.0031114348037731836,0.0027193755503922773,0.006893486789196138,46
IDN,2018,0.003451752028545368,0.002949396986537324,0.004958750750099255,46
IND,2018,0.0032771973447937074,0.002781343960917687,0.006501658132023649,46
IRL,2018,0.0035174956836009357,0.0030463338718647753,0.006238646054376693,47
IRN,2018,0.003509350978439874,0.00300318381821846,0.0019060591066850147,47
IRQ,2018,0.0034549724942128748,0.0029901404810939534,0.003752302888912285,46
ISL,2018,0.0035174956836009357,0.003027617933701645,0.006238646054376693,47
ISR,2018,0.003479386303485182,0.0029791559770812296,0.0021247156040917997,46
ITA,2018,0.0035179008229488076,0.0030487647079520067,0.006643785402248592,47
JAM,2018,0.0035448894020627727,0.003061752854063993,0.004804623502316243,47
JOR,2018,0.0035956309899431342,0.0031319473427835207,0.003515581349857305,47
JPN,2018,0.0035310786208878077,0.0030287235788797637,0.004955395835312186,47
KAZ,2018,0.0034644715545535066,0.002995534714683357,0.0066836404275789065,47
KEN,2018,0.003377248270946447,0.002929714997092994,0.006091307572732364,46
KGZ,2018,0.003524624318401717,0.003008901995538515,0.0066836404275789065,47
KHM,2018,0.003307956758247266,0.0028849384105999218,0.004958543397543723,46
KOR,2018,0.0036659721473659996,0.00320633694911407,0.0011545903717868706,47
KWT,2018,0.0035576659860369333,0.0030305595048340226,0.00309392989935828,47
LAO,2018,0.003665067763752541,0.003033710177184641,0.004961636329225229,47
LBN,2018,0.003479616805397843,0.0030018708328388003,0.003515581349857305,47
LBR,2018,0.0035433011890765873,0.0030537638076805545,0.00640883030600563,47
LBY,2018,0.0034195389629569266,0.002985972476891107,0.007643172882469395,46
LKA,2018,0.003491861006078079,0.002999203979804275,0.004849007867120003,47
LSO,2018,0.003054408969591632,0.0026921540017564322,0.006091307572732364,46
LTU,2018,0.003402266760458849,0.0028870893329110735,0.006411192769865335,46
LUX,2018,0.003511257037546559,0.003008901995538515,0.006238646054376693,47
LVA,2018,0.0034663786881575015,0.0029832572244590534,0.006411192769865335,47
MAR,2018,0.0034614559225346927,0.0030800464455554666,0.007114445001695164,47
MDA,2018,0.0033490522401327647,0.002765594799417824,0.006238646054376693,46
MDG,2018,0.003499074422401094,0.0030210846106839798,0.006091307572732364,47
MDV,2018,0.0034988264717060137,0.0030047584735916665,0.0010358804867120956,46
MEX,2018,0.0034872339200349776,0.0030377297365524122,0.004804623502316243,47
MKD,2018,0.004156136217254722,0.0036407533130303513,0.006513931108163264,47
MLI,2018,0.0034924658288664964,0.002877363534778077,0.0062637362266875435,47
MLT,2018,0.003409789946627173,0.0029201182909840526,0.006341693182461641,46
MMR,2018,0.003511257037546559,0.003023449019139875,0.004849007867120003,47
MNE,2018,0.0034443916258675763,0.002955409666195329,0.00668654116789827,46
MNG,2018,0.003416679448840197,0.00297107096005597,0.009457758870636183,46
MOZ,2018,0.0033505547464285587,0.002899624437578275,0.006428091644720008,46
MRT,2018,0.0031948119512129622,0.0028506794523717165,0.0075344068174665975,46
MUS,2018,0.0035173483451192912,0.0030210846106839798,0.006091307572732364,47
MWI,2018,0.003559987498128418,0.0031002716091295007,0.006091307572732364,47
MYS,2018,0.003535502076882159,0.0030282980270069947,0.004849007867120003,47
NAM,2018,0.003499074422401094,0.002966262842529388,0.006091307572732364,47
NER,2018,0.003322426502791856,0.002807888845638347,0.006091307572732364,46
NGA,2018,0.0035173483451192912,0.00299671938039305,0.006091307572732364,47
NIC,2018,0.0033959460734909693,0.002927223395999139,0.004804623502316243,46
NLD,2018,0.0035050183914921824,0.0030213792876472682,0.006238646054376693,47
NOR,2018,0.0034828837609346503,0.00297107096005597,0.009457758870636183,47
NPL,2018,0.0035053690770279794,0.003004191627123651,0.0011775921037159476,47
NZL,2018,0.003491861006078079,0.002979807948335795,0.004849007867120003,47
OMN,2018,0.0035143509674459175,0.003005808065639157,0.00309392989935828,47
PAK,2018,0.003452696992936377,0.0030030459910774967,0.005856004461018197,46
PAN,2018,0.003427514765009489,0.003023680043633292,0.004926016031592357,46
PER,2018,0.0035161758843726167,0.0030285773828427464,0.004918846826057847,47
PHL,2018,0.0034301543079868,0.002882178980601392,0.00506892059748492,46
PNG,2018,0.003522642011083573,0.0029975170220015008,0.005692486768507093,47
POL,2018,0.0032982667754878274,0.0026474639750752134,0.006454250365416108,46
PRK,2018,0.003511257037546559,0.003008901995538515,0.005125088655957667,47
PRT,2018,0.0035757043803381324,0.0031249072125633473,0.006444734279157351,47
PRY,2018,0.0035457391497677056,0.0030286060596648842,0.004926016031592357,47
PSE,2018,0.0035190201197777262,0.003016665077769682,0.0008625646923519266,47
PSG,2018,0.003512982166931263,0.0030054517367691072,0.0008625646923519266,47
QAT,2018,0.0035144641778850016,0.0029960734341847443,0.0032071403384426574,47
ROU,2018,0.003258448339505097,0.002356921669010535,0.006652860474775309,46
RUS,2018,0.0034861200687439624,0.003021470479939813,0.012568484401298192,47
RWA,2018,0.0034868918072556297,0.0029358063046657267,0.006091307572732364,47
SAU,2018,0.003503125253627643,0.003004836103579057,0.0040658919594579405,47
SDN,2018,0.0035639978852688254,0.0030842460637131807,0.0075344068174665975,47
SEN,2018,0.003356263595116259,0.0028725077661998517,0.006199737697211986,46
SGP,2018,0.003516106045413679,0.0030476940584754746,0.004849007867120003,47
SLB,2018,0.003517339736446284,0.0030200536101880108,0.0010137831499541577,47
SLE,2018,0.003547804882982953,0.0032038238378659504,0.006091307572732364,47
SLV,2018,0.0035737171430766704,0.00302812048954778,0.004804623502316243,47
SML,2018,0.0035155698610083185,0.003010627124923219,0.0008625646923519266,47
SOM,2018,0.0035639978852688254,0.003106849284165581,0.0075344068174665975,47
SRB,2018,0.0032763174101213505,0.0028008126112476156,0.006712560783577396,46
SSD,2018,0.003505165729973827,0.003045449840974909,0.006091307572732364,47
STP,2018,0.003444252654246503,0.002941897612238459,0.006091307572732364,46
SUR,2018,0.0034824292965326617,0.00302812048954778,0.004804623502316243,47
SVK,2018,0.0034985164485552465,0.0029706802285645777,0.006370294495656203,47
SVN,2018,0.0033802454704046484,0.002865413136287851,0.006238646054376693,46
SWE,2018,0.003511257037546559,0.003008901995538515,0.006238646054376693,47
SWZ,2018,0.0035173483451192912,0.0030210846106839798,0.006091307572732364,47
SYC,2018,0.003596535343564812,0.0031185455318476977,0.006091307572732364,47
SYR,2018,0.0035131043239249593,0.003008901995538515,0.0018472863784004877,47
TCD,2018,0.0034198874239555733,0.002960171534956656,0.006091307572732364,46
TGO,2018,0.0033252649066301994,0.0028787075038970633,0.006199737697211986,46
THA,2018,0.003482162990343839,0.0029943549719371547,0.004849007867120003,47
TJK,2018,0.0034699266144705,0.003015790399384525,0.006888403846009841,47
TKM,2018,0.0035385260379502195,0.003022536495740345,0.0068172501009151325,47
TLS,2018,0.0037197643758327195,0.003149523223684995,0.004849007867120003,47
TTO,2018,0.0035160616610488754,0.003008901995538515,0.004804623502316243,47
TUN,2018,0.003463433635237361,0.003056725397847713,0.00797056705153294,47
TUR,2018,0.003323472559700039,0.002570738213896635,0.01043247099147333,46
TWN,2018,0.00352161584241368,0.003019260800405636,0.0010358804867120956,47
TZA,2018,0.0034611471477330588,0.002983847050631765,0.006263736226687544,47
UGA,2018,0.003523439652692024,0.0029845367652475857,0.006091307572732364,47
UKR,2018,0.003490044799931931,0.003008901995538515,0.007070745871542715,47
URY,2018,0.0034776246730303453,0.00298968350152925,0.004804623502316243,47
USA,2018,0.0028165082888215788,0.00190547751226943,0.013622524484803524,46
UZB,2018,0.0036656767390979487,0.0031141881556871896,0.007019077343244991,47
VEN,2018,0.0032229796274075846,0.00283593554945513,0.004804623502316243,46
VNM,2018,0.003511257037546559,0.002998755521622034,0.005073236958240572,47
VUT,2018,0.0035302334607783016,0.0030270158540779053,0.0008625646923519266,47
XKX,2018,0.003407977693957367,0.0029369986550650267,0.001307333463154333,46
YEM,2018,0.003510132335578388,0.003007777293570344,0.0011247019681711466,47
ZAF,2018,0.003422104938205585,0.0028879098607186215,0.006368007095783864,46
ZMB,2018,0.003285878657355461,0.0028017975380656146,0.006091307572732364,46
ZWE,2018,0.003529530960264756,0.003142910762138627,0.006091307572732364,47
ZZB,2018,0.0035259206373165417,0.003016665077769682,0.0008625646923519266,47
AFG,2019,0.0004539814512111265,0.0015194445779215212,0.001938664581825345,46
AGO,2019,0.0007453390830319297,0.0016781144257351599,0.006595417988220976,46
ALB,2019,0.00038356893624046865,0.0015004455744534822,0.006513931108163264,45
ARE,2019,0.00046494324987687055,0.0015394295106711839,0.0032071403384426565,46
ARG,2019,0.0006010701911055991,0.0016339123235429398,0.004804623502316243,46
ARM,2019,0.0014028771057780181,0.0027505752600944676,0.006581405568109022,46
AUS,2019,0.0004083970230001078,0.0014796761434559785,0.004849007867120004,45
AUT,2019,0.0004617361095384279,0.0015231440646144175,0.0016451942299801642,46
AZE,2019,0.0003973370501427609,0.0014750560765381983,0.006439905939566688,45
BDI,2019,0.0004617361095384279,0.0015269239224215661,0.006091307572732364,46
BEL,2019,0.0004617361095384279,0.0015330152299942985,0.006238646054376693,46
BEN,2019,-0.0001900338007439349,0.0007959670136936825,0.006091307572732364,45
BFA,2019,0.0003581838808019776,0.001374641233103257,0.006091307572732364,45
BGD,2019,0.0003986990072658678,0.0014893741591902186,0.004849007867120004,45
BGR,2019,0.0003830023506400536,0.0014477203245210598,0.006561146574864518,45
BHR,2019,0.0004521146885230999,0.0015394295106711839,0.0032071403384426565,46
BIH,2019,0.00028705402001588036,0.0014394355391786483,0.006238646054376693,45
BLR,2019,0.0004478351877108052,0.0015469161518219213,0.006950460913811346,46
BOL,2019,0.0003848621335013679,0.00144172738345029,0.004804623502316243,45
BRA,2019,0.0002422758591341712,0.0012433276994606797,0.00877841001617026,45
BRB,2019,0.00047614998004537665,0.0015137967359850335,0.004804623502316243,46
BTN,2019,0.0004711568463681555,0.001543613558927742,0.0011775921037159476,46
BWA,2019,0.00044346218682023077,0.0015634717678579605,0.006091307572732364,46
CAF,2019,0.0005237334865105479,0.0016446105085441143,0.006199737697211986,46
CAN,2019,0.0004711938684090641,0.0014762686767704814,0.009457758870636183,46
CHE,2019,0.0004617361095384279,0.0015330152299942985,0.006567747238614795,46
CHL,2019,0.0002989904609999239,0.0011989583724678966,0.00856556044939494,45
CHN,2019,0.0004397153883153475,0.0014889737875481378,0.011010360611540189,46
CIV,2019,0.0004679628364710979,0.0015330152299942985,0.006226726932670005,46
CMR,2019,0.000431279571674766,0.0014660108466942425,0.006091307572732364,46
COD,2019,0.00047391872468389263,0.001575654383003425,0.006091307572732364,46
COG,2019,0.000498996062766411,0.0015702751832222816,0.006209992204663854,46
COL,2019,0.0003927718850961348,0.001459124989520413,0.004926016031592357,45
COM,2019,0.00036237875445177856,0.0013954435075666303,0.007642873468203787,45
CPV,2019,0.00037645780352017473,0.0014964673845579044,0.006091307572732364,45
CRI,2019,0.00042241036647591343,0.0014543637438692695,0.004915717882814305,46
CUB,2019,0.0004735638784074033,0.0015369578196172903,0.0013141965409972736,46
CYP,2019,0.0004367815253209211,0.0014768674155049082,0.006238646054376693,46
CZE,2019,0.0004264876809735884,0.0015054295032913805,0.0015325403723843306,45
DEU,2019,0.00040851322574022534,0.001479792346196096,0.00665286047477531,46
DJI,2019,0.0005152362238158545,0.0015559438503989099,0.007642873468203787,46
DNK,2019,0.0004617361095384279,0.001526776583939922,0.006238646054376693,46
DOM,2019,0.0005290008385708549,0.0015858660885197772,0.004804623502316243,46
DZA,2019,0.0004298507163131485,0.0015409865783006184,0.007971348306319844,46
ECU,2019,0.0009001515363501475,0.0021241371537853815,0.004926016031592357,46
EGY,2019,0.0004384922951999303,0.0015213933228250497,0.011621907169248756,46
ERI,2019,0.0004556448019656955,0.0015330152299942985,0.006091307572732364,46
ESP,2019,0.0005715808570949578,0.0016634558677176778,0.0068652967222831126,46
EST,2019,0.0004554974634840512,0.0015454925221030519,0.006238646054376693,46
ETH,2019,0.0007594093761343903,0.0017614621555214324,0.006922634106882844,46
FIN,2019,0.0005303612161365716,0.0016141176287011957,0.006238646054376693,46
FJI,2019,0.00046484375099856417,0.0015299075885341622,0.0010358804867120956,46
FRA,2019,0.0003409592701258081,0.001382044180728525,0.010064736617718305,45
GAB,2019,0.0003849469503345228,0.0013986342013874646,0.006399096600325419,45
GBR,2019,0.0005606130095823922,0.001631892130038263,0.00988769000439643,46
GEO,2019,0.0004243042332121677,0.0016328335668643256,0.006238646054376693,46
GHA,2019,0.0004366811646316777,0.001501696548860861,0.0062637362266875435,46
GIN,2019,0.00048679105444517806,0.001514224021314236,0.0062637362266875435,46
GMB,2019,0.0007133619087715808,0.001715443934438334,0.006290644980828817,46
GNB,2019,0.0005835622609930753,0.0016609326890216782,0.006091307572732364,46
GNQ,2019,0.000480010032256625,0.0015512891527124956,0.006091307572732364,46
GRC,2019,0.00040558829504903763,0.0014831060615592849,0.006238646054376693,46
GTM,2019,0.000368141804938173,0.00139016076507812,0.004926016031592357,45
GUY,2019,0.00048144017366479736,0.001498533117773152,0.004926016031592357,46
HKG,2019,0.0004556981566919644,0.0015261147124554831,0.0008625646923519266,46
HND,2019,0.000200657259864033,0.0014788290536467826,0.004926016031592357,45
HRV,2019,0.00039934964899466087,0.0014831060615592849,0.006238646054376693,45
HTI,2019,0.0005145869680639066,0.001561842971008196,0.004804623502316243,46
HUN,2019,-4.838191286208677e-05,0.0011262995094317265,0.006893486789196138,45
IDN,2019,0.0003228910885356486,0.0014288814642422145,0.004958750750099255,45
IND,2019,0.00042272616074628597,0.0014810019649381093,0.006501658132023649,46
IRL,2019,0.000480452047701558,0.0015330152299942985,0.006238646054376693,46
IRN,2019,0.00045601793221837283,0.0015272970526742436,0.0019060591066850147,46
IRQ,2019,0.0005480390759834105,0.0015517767444388599,0.003752302888912285,46
ISL,2019,0.0005490771542997016,0.0016203562747555723,0.006238646054376693,46
ISR,2019,0.00044261366910160167,0.0015202669363697477,0.0021247156040917997,46
ITA,2019,0.0004218733971249363,0.0014665773759718127,0.006643785402248592,46
JAM,2019,0.0004425176155291629,0.0014945782419757685,0.004804623502316243,46
JOR,2019,0.0004547049468387133,0.0015752022061925862,0.003515581349857305,46
JPN,2019,0.000516245463726862,0.0015875245841827327,0.004955395835312186,46
KAZ,2019,0.00044168518825569135,0.0015062806682839829,0.0066836404275789065,46
KEN,2019,0.00036427518837471,0.0014477369239760457,0.006091307572732364,45
KGZ,2019,0.0005820416372348483,0.0016934226002561924,0.0066836404275789065,46
KHM,2019,0.00034768961139492214,0.001493346882813949,0.004958543397543723,45
KOR,2019,0.00046750906139736225,0.0015364790011096591,0.0011545903717868706,46
KWT,2019,0.0004431725301422782,0.001526827370195582,0.00309392989935828,46
LAO,2019,0.00046669774586765314,0.0015181303210066229,0.004961636329225229,46
LBN,2019,0.00035626866904270885,0.001490828253796011,0.003515581349857305,45
LBR,2019,0.00046814493984443354,0.001315114999590107,0.00640883030600563,46
LBY,2019,0.0004235202451260809,0.001426010809639727,0.007643172882469395,46
LKA,2019,0.0005635652747479481,0.0016930324896092586,0.004849007867120003,46
LSO,2019,0.001070866866811664,0.0019533154525128316,0.006091307572732364,46
LTU,2019,0.0005258480372370806,0.001539426422764164,0.006411192769865335,46
LUX,2019,0.0004617361095384279,0.0015330152299942985,0.006238646054376693,46
LVA,2019,0.00045532491676856255,0.001539426422764164,0.006411192769865335,46
MAR,2019,0.0004830794445435134,0.0015472441199976888,0.007114445001695164,46
MDA,2019,0.000480452047701558,0.0015080606457767917,0.006238646054376693,46
MDG,2019,0.000480010032256625,0.0015817456905761575,0.006091307572732364,46
MDV,2019,0.0005010995680334875,0.0015516610787551163,0.0010358804867120956,46
MEX,2019,0.000639507179124129,0.0015906707120220936,0.004804623502316243,46
MKD,2019,0.0006376122494588354,0.0015981545410759313,0.006513931108163264,46
MLI,2019,0.0003239339125513018,0.00140147676923386,0.0062637362266875435,45
MLT,2019,0.00041734425726119634,0.0014949650708995287,0.006341693182461641,46
MMR,2019,0.00043749107020282785,0.0015475622535956585,0.004849007867120003,46
MNE,2019,0.0005152284388816141,0.0015530748534979934,0.00668654116789827,46
MNG,2019,0.00038607403857333835,0.001457353159029209,0.009457758870636183,46
MOZ,2019,0.0004103113763806681,0.0014623062219023784,0.006428091644720008,46
MRT,2019,0.0004768049231733611,0.0016460313322562974,0.0075344068174665975,46
MUS,2019,0.0005043752625475545,0.00158783699814889,0.006091307572732364,46
MWI,2019,0.00035209257322924524,0.001441645616403313,0.006091307572732364,45
MYS,2019,0.0009999759827887481,0.002080953118978859,0.004849007867120003,46
NAM,2019,0.0002972708050746546,0.0014416456164033137,0.006091307572732364,45
NER,2019,0.0003886404186656395,0.0014050977709669191,0.006091307572732364,45
NGA,2019,0.0004556448019656955,0.001520832614848834,0.006091307572732364,46
NIC,2019,0.00017345869939945315,0.001283174807873854,0.004804623502316243,45
NLD,2019,0.0004492588174296745,0.0015142992918311684,0.006238646054376693,46
NOR,2019,0.0004144473151852469,0.001457353159029209,0.009457758870636183,46
NPL,2019,0.0004299411227380973,0.00149768746688282,0.0011775921037159476,45
NZL,2019,0.000505377180342508,0.0015863543165326186,0.004849007867120003,46
OMN,2019,0.0004617361095384279,0.0015361091598936568,0.00309392989935828,46
PAK,2019,0.0003211920024739914,0.0014920231987671712,0.005856004461018197,45
PAN,2019,0.0004420320454120584,0.0014640510055520055,0.004926016031592357,46
PER,2019,0.0005650318928856427,0.001636311013341513,0.004918846826057847,46
PHL,2019,0.0003654266181862146,0.0014012232944596906,0.00506892059748492,45
PNG,2019,0.0005186609772234988,0.0015728626373738483,0.005692486768507093,46
POL,2019,0.0004359191080767634,0.0014168387234168086,0.006454250365416108,46
PRK,2019,0.0004617361095384279,0.0015330152299942985,0.005125088655957667,46
PRT,2019,0.00046818084381758526,0.001539459964273456,0.006444734279157351,46
PRY,2019,0.0003976979011277272,0.0015280892139627061,0.004926016031592357,45
PSE,2019,0.00047294945053900293,0.001537328053456058,0.0008625646923519266,46
PSG,2019,0.0004591484154613721,0.00151576393614726,0.0008625646923519266,46
QAT,2019,0.00046494324987687055,0.0015426366510096264,0.0032071403384426574,46
ROU,2019,0.00044177752811410195,0.0012070250667303082,0.006652860474775309,46
RUS,2019,0.0004994415627423225,0.0015330152299942985,0.012568484401298192,46
RWA,2019,0.0004861013398293574,0.0015451978451397632,0.006091307572732364,46
SAU,2019,0.0004658020014978858,0.0015289493380348407,0.0040658919594579405,46
SDN,2019,0.0004692705163558945,0.001487808789089499,0.0075344068174665975,46
SEN,2019,0.000381139519474672,0.0014090204760500587,0.006199737697211986,45
SGP,2019,0.00038415198366450776,0.0014893741591902186,0.004849007867120003,45
SLB,2019,0.000468832591588107,0.0015360565794441611,0.0010137831499541577,46
SLE,2019,0.0006322927215749343,0.001740119687467199,0.006091307572732364,46
SLV,2019,0.0002647465459434617,0.0013552441604085975,0.004804623502316243,45
SML,2019,0.0004505227685378529,0.001527839841840187,0.0008625646923519266,45
SOM,2019,0.00036378882091136203,0.0014049303140973664,0.0075344068174665975,45
SRB,2019,0.00031405977229972504,0.0014860273045092568,0.006712560783577396,45
SSD,2019,0.0004373708792474984,0.0014964673845579044,0.006091307572732364,46
STP,2019,0.000480010032256625,0.0014964673845579044,0.006091307572732364,46
SUR,2019,0.0004617361095384279,0.0014513366304549223,0.004804623502316243,46
SVK,2019,0.00032795992512964754,0.001392868751089862,0.006370294495656203,45
SVN,2019,0.00039934964899466087,0.0014519128312874014,0.006238646054376693,45
SWE,2019,0.0004243042332121677,0.001501821999722415,0.006238646054376693,46
SWZ,2019,0.0004617361095384279,0.0016304761511580163,0.006091307572732364,46
SYC,2019,0.0004982839549748221,0.001624384843585284,0.006091307572732364,46
SYR,2019,0.0004580415367816269,0.0015330152299942985,0.0018472863784004877,46
TCD,2019,0.00047391872468389263,0.0015025586921306366,0.006091307572732364,46
TGO,2019,0.00037493978177746,0.0013656223121695748,0.006199737697211986,45
THA,2019,0.000539320235412348,0.0015718072929312586,0.004849007867120003,46
TJK,2019,0.0004341824941543885,0.0015605688453783379,0.006888403846009841,46
TKM,2019,0.00047537060974025815,0.0015398324800952137,0.0068172501009151325,46
TLS,2019,0.0005490182511465875,0.0015960523322668587,0.004849007867120003,46
TTO,2019,0.00042810374502221416,0.001504187488980401,0.004804623502316243,46
TUN,2019,0.00048564781069302673,0.0015409857970458316,0.00797056705153294,46
TUR,2019,0.0005138984644957946,0.0015643126429687184,0.01043247099147333,46
TWN,2019,0.0004617361095384279,0.0015350869909677228,0.0010358804867120956,46
TZA,2019,0.0003615163299114271,0.001407740505460548,0.006263736226687544,45
UGA,2019,0.0004130056489565689,0.001490376076985172,0.006091307572732364,46
UKR,2019,0.0004617361095384279,0.0015612982134804694,0.007070745871542715,46
URY,2019,0.0004905638505523254,0.0015714522180128286,0.004804623502316243,46
USA,2019,0.0003255108646903925,0.0013967899851462632,0.013622524484803524,45
UZB,2019,0.0004476979548519379,0.0016242632354564834,0.007019077343244991,46
VEN,2019,0.00036564363949210296,0.0014321181364456573,0.004804623502316243,45
VNM,2019,0.0005175417160790742,0.0015228687560778175,0.005073236958240572,46
VUT,2019,0.0004591484154613721,0.0015312901006095947,0.0008625646923519266,46
XKX,2019,0.0005767814542960093,0.001625835905878256,0.001307333463154333,46
YEM,2019,0.00046286081150659906,0.0015307658260579563,0.0011247019681711466,46
ZAF,2019,0.0005190481734004827,0.0016221673293352727,0.006368007095783864,46
ZMB,2019,0.0005226491852657516,0.0015330152299942985,0.006091307572732364,46
ZWE,2019,0.0005409231079839487,0.0014781934618397071,0.006091307572732364,46
ZZB,2019,0.00046346123892313174,0.0015364654887637063,0.0008625646923519266,46
AFG,2020,0.002380117485937974,0.0022532674236706188,0.001938664581825345,49
AGO,2020,0.0023622698965551363,0.0022870041458043946,0.006595417988220976,49
ALB,2020,0.002297375046113677,0.002241325141167194,0.006513931108163264,48
ARE,2020,0.002401298992550455,0.0022707873068008454,0.0032071403384426565,49
ARG,2020,0.002377251527017483,0.0022227532457883784,0.004804623502316243,49
ARM,2020,0.004172198465045454,0.003701992330527722,0.006581405568109022,49
AUS,2020,0.002212340875170599,0.0020961464288656137,0.004849007867120004,48
AUT,2020,0.002400153287049581,0.0023083770297258363,0.0016451942299801642,49
AZE,2020,0.0024013758683384995,0.002312608257514007,0.006439905939566688,49
BDI,2020,0.002394238765665264,0.0023474131111162295,0.006091307572732364,49
BEL,2020,0.002388294796574176,0.00228664737387055,0.006238646054376693,49
BEN,2020,0.0014439947843190154,0.00144589959035184,0.006091307572732364,48
BFA,2020,0.002327234382365208,0.0022316782672343145,0.006091307572732364,49
BGD,2020,0.0023772071426526793,0.0022658617042148133,0.004849007867120004,49
BGR,2020,0.002362372710795206,0.0022672864346664446,0.006561146574864518,49
BHR,2020,0.0023884704311966844,0.002302858710185272,0.0032071403384426565,49
BIH,2020,0.0023945334426285526,0.00226793143570742,0.006238646054376693,49
BLR,2020,0.002430709376916479,0.002287359188729985,0.006950460913811346,49
BOL,2020,0.001723822730702474,0.0017999463775845489,0.004804623502316243,48
BRA,2020,0.0018729083695819238,0.0015781359265225532,0.00877841001617026,48
BRB,2020,0.0024589301265568594,0.0023380642098439685,0.004804623502316243,49
BTN,2020,0.0024044304004904025,0.00231338130672022,0.0011775921037159476,49
BWA,2020,0.0022845952293560814,0.0022012217293706535,0.006091307572732364,48
CAF,2020,0.0022146632326950754,0.002063417908413754,0.006199737697211986,48
CAN,2020,0.0024766337392261614,0.0022804087278161735,0.009457758870636183,49
CHE,2020,0.0023820561505197993,0.0022804087278161735,0.006567747238614795,49
CHL,2020,0.0020308681720946067,0.0019206551889415857,0.00856556044939494,48
CHN,2020,0.002371045789908259,0.002269398367204633,0.011010360611540189,49
CIV,2020,0.002344695788923779,0.0022056880046241335,0.006226726932670005,49
CMR,2020,0.002302869152074279,0.002256043497525244,0.006091307572732364,48
COD,2020,0.002613525838283629,0.00242660010956175,0.006091307572732364,49
COG,2020,0.0023323762128824883,0.002224518797974199,0.006209992204663854,49
COL,2020,0.002308165910045914,0.0021720363751211416,0.004926016031592357,48
COM,2020,0.0019081979954911645,0.0019211936748105957,0.007642873468203787,48
CPV,2020,0.002424695303528926,0.0023169565732525676,0.006091307572732364,49
CRI,2020,0.002396803304168242,0.002319734470878688,0.004915717882814305,49
CUB,2020,0.0023873129366837886,0.0022817229243571706,0.0013141965409972736,49
CYP,2020,0.002407010734737306,0.002205544975163653,0.006238646054376693,49
CZE,2020,0.002366730746795956,0.0022666158644647147,0.0015325403723843306,48
DEU,2020,0.0023620975690954735,0.0022604501463918476,0.00665286047477531,49
DJI,2020,0.0023896990239880033,0.002326265968625396,0.007642873468203787,49
DNK,2020,0.002369578858411046,0.002255454143598667,0.006238646054376693,49
DOM,2020,0.0023628376565105343,0.00228521335131849,0.004804623502316243,49
DZA,2020,0.002286399970843961,0.002216637941365615,0.007971348306319844,48
ECU,2020,0.0022638317657615826,0.002221296535437065,0.004926016031592357,48
EGY,2020,0.0023588123361813016,0.0023268963564931685,0.011621907169248756,49
ERI,2020,0.002394238765665264,0.0022925913429616383,0.006091307572732364,49
ESP,2020,0.0025193620849654616,0.0024726370360401008,0.0068652967222831126,49
EST,2020,0.0023321469820847857,0.002186829037000523,0.006238646054376693,49
ETH,2020,0.002783568928719004,0.00246731984870201,0.006922634106882844,49
FIN,2020,0.0023633402123566694,0.0022367382054355365,0.006238646054376693,49
FJI,2020,0.002369625584679254,0.00226383464002878,0.0010358804867120956,48
FRA,2020,0.0023015382575780527,0.0021898260982567085,0.010064736617718305,49
GAB,2020,0.0023244642811168707,0.002210018665212594,0.006399096600325419,49
GBR,2020,0.002174414660427474,0.0020431041677106587,0.00988769000439643,48
GEO,2020,0.002157464892562238,0.0020682947619673655,0.006238646054376693,48
GHA,2020,0.002275572634666111,0.002173925211962485,0.0062637362266875435,48
GIN,2020,0.002300627579572861,0.002173925211962485,0.0062637362266875435,48
GMB,2020,0.002293987120788196,0.002274118082835345,0.006290644980828817,48
GNB,2020,0.0024977909944017143,0.0024022348792708207,0.006091307572732364,49
GNQ,2020,0.0023881474580925315,0.0022743174202434413,0.006091307572732364,49
GRC,2020,0.002413249380791683,0.002255454143598667,0.006238646054376693,49
GTM,2020,0.0023574260703618376,0.0022804087278161735,0.004926016031592357,49
GUY,2020,0.0022638317657615826,0.0021621843430579568,0.004926016031592357,48
HKG,2020,0.0023665299860574644,0.0022683328221232463,0.0008625646923519266,48
HND,2020,0.002416538262740946,0.002260704663689804,0.004926016031592357,49
HRV,2020,0.002413249380791683,0.0022928860199249268,0.006238646054376693,49
HTI,2020,0.0023436191625012693,0.002232362492793011,0.004804623502316243,49
HUN,2020,0.0022786538486818577,0.002218367346713408,0.006893486789196138,48
IDN,2020,0.0023671798982695014,0.0022605737248157765,0.004958750750099255,49
IND,2020,0.0020439699276545696,0.0020268440606672515,0.006501658132023649,48
IRL,2020,0.0023633402123566694,0.00228664737387055,0.006238646054376693,49
IRN,2020,0.002380150091413114,0.0022708784322827483,0.0019060591066850147,49
IRQ,2020,0.0023632946360752378,0.002235381093149226,0.003752302888912285,49
ISL,2020,0.002282237813649772,0.002224260913326783,0.006238646054376693,48
ISR,2020,0.0023884302973320747,0.002274034581003898,0.0021247156040917997,49
ITA,2020,0.0023156182964973134,0.0022139708737936876,0.006643785402248592,48
JAM,2020,0.002396470021026748,0.002352478080350917,0.004804623502316243,49
JOR,2020,0.002378540569169942,0.002273377565116459,0.003515581349857305,49
JPN,2020,0.0023721453588491748,0.002270497936145549,0.004955395835312186,49
KAZ,2020,0.002408790712230115,0.002313826929954068,0.0066836404275789065,49
KEN,2020,0.0024125126883834612,0.0023291391883980325,0.006091307572732364,49
KGZ,2020,0.0022082814994027478,0.0021601032001197533,0.0066836404275789065,48
KHM,2020,0.0022977609127615563,0.0022605745542259984,0.004958543397543723,48
KOR,2020,0.0023647372949429962,0.002260780691495797,0.0011545903717868706,48
KWT,2020,0.0023913379402178744,0.00228659658761489,0.00309392989935828,49
LAO,2020,0.0023919794231782496,0.002374679818071453,0.004961636329225229,49
LBN,2020,0.002343384755671369,0.0022593152397170297,0.003515581349857305,48
LBR,2020,0.0023948738111318106,0.0021970939338381004,0.00640883030600563,49
LBY,2020,0.002343840286107452,0.0022421928634038264,0.007643172882469395,49
LKA,2020,0.002149303772898039,0.0020767503973971335,0.004849007867120003,48
LSO,2020,0.0025038823019744466,0.0025667001837345943,0.006091307572732364,49
LTU,2020,0.002375644957749934,0.0022932311133559043,0.006411192769865335,49
LUX,2020,0.002369578858411046,0.0022492154975442898,0.006238646054376693,49
LVA,2020,0.0023435889939006074,0.0022547639567367123,0.006411192769865335,49
MAR,2020,0.0023464839255113233,0.0022875231728178686,0.007114445001695164,49
MDA,2020,0.002893625126978688,0.0026235342608068916,0.006238646054376693,49
MDG,2020,0.0023637822278016023,0.0021585825763615262,0.006091307572732364,49
MDV,2020,0.0025674787576412646,0.0025020871519725618,0.0010358804867120956,49
MEX,2020,0.0024252977620406457,0.0021650977637605834,0.004804623502316243,49
MKD,2020,0.0025579322904402076,0.0024432570055202547,0.006513931108163264,49
MLI,2020,0.0023695286780664243,0.0023430460900830488,0.0062637362266875435,49
MLT,2020,0.0024644981618918006,0.0023882175119180208,0.006341693182461641,49
MMR,2020,0.002498432339330679,0.0023482948379558535,0.004849007867120003,49
MNE,2020,0.0023887426916876977,0.0022670356454803768,0.00668654116789827,49
MNG,2020,0.0023820561505197993,0.0023182397632987182,0.009457758870636183,49
MOZ,2020,0.002362771875585639,0.0022225559030136935,0.006428091644720008,49
MRT,2020,0.0025026066595992646,0.002385890423260706,0.0075344068174665975,49
MUS,2020,0.0021079473097468425,0.0020611216551978083,0.006091307572732364,48
MWI,2020,0.0020896733870286455,0.0021037608082069346,0.006091307572732364,48
MYS,2020,0.002508130355064919,0.002372539877291454,0.004849007867120003,49
NAM,2020,0.0021688603854741664,0.001975843349179555,0.006091307572732364,48
NER,2020,0.0023698735353743345,0.002256043497525244,0.006091307572732364,49
NGA,2020,0.0021688603854741664,0.00209157819306147,0.006091307572732364,48
NIC,2020,0.002353228409505902,0.002256385610304592,0.004804623502316243,49
NLD,2020,0.0023196696899760324,0.00221178362121803,0.006238646054376693,48
NOR,2020,0.0024388027037436167,0.0023276975221693543,0.009457758870636183,49
NPL,2020,0.0023502611637194687,0.0022344826357712515,0.0011775921037159476,48
NZL,2020,0.002367509126918439,0.0022707107120819334,0.004849007867120003,49
OMN,2020,0.0023820561505197993,0.0022804087278161735,0.00309392989935828,49
PAK,2020,0.0022239440300723078,0.0021808566519788642,0.005856004461018197,48
PAN,2020,0.002377130134488207,0.002260704663689804,0.004926016031592357,49
PER,2020,0.0023377865290852787,0.002260733340511942,0.004918846826057847,49
PHL,2020,0.002270539897375131,0.0022043749188539,0.00506892059748492,48
PNG,2020,0.002410518584362335,0.0022861012145846808,0.005692486768507093,49
POL,2020,0.002304605146134807,0.0021577779708732672,0.006454250365416108,48
PRK,2020,0.002371805973207884,0.0022804087278161735,0.005125088655957667,49
PRT,2020,0.0022982746048907537,0.00209351143372061,0.006444734279157351,48
PRY,2020,0.002391908182582984,0.0022951867759109503,0.004926016031592357,49
PSE,2020,0.002388094103366263,0.0022924846335091007,0.0008625646923519266,49
PSG,2020,0.0023811935858274475,0.0023062856685867315,0.0008625646923519266,49
QAT,2020,0.0023756418698429142,0.0022611658857855177,0.0032071403384426574,49
ROU,2020,0.0027679220580567676,0.0027594146819999964,0.006652860474775309,49
RUS,2020,0.0023192137285133084,0.002255271759013577,0.012568484401298192,49
RWA,2020,0.0023881474580925315,0.0022925913429616383,0.006091307572732364,49
SAU,2020,0.0023820561505197993,0.0022926064036945474,0.0040658919594579405,49
SDN,2020,0.002125886318725935,0.00226533991418124,0.0075344068174665975,48
SEN,2020,0.0024378537897947073,0.0023238068916966574,0.006199737697211986,49
SGP,2020,0.0023529621033170794,0.0022513146806134535,0.004849007867120003,49
SLB,2020,0.0024155109944682864,0.002303725740265119,0.0010137831499541577,49
SLE,2020,0.0024186039959561935,0.0023535044186889617,0.006091307572732364,49
SLV,2020,0.002228308198445679,0.002112246905235105,0.004804623502316243,48
SML,2020,0.00237774332705804,0.0022786835984314694,0.0008625646923519266,49
SOM,2020,0.002336849709615,0.00226533991418124,0.0075344068174665975,49
SRB,2020,0.0024558943191391506,0.0022602710454654416,0.006712560783577396,49
SSD,2020,0.002424695303528926,0.0023474131111162295,0.006091307572732364,49
STP,2020,0.0025038823019744466,0.0024326914171344826,0.006091307572732364,49
SUR,2020,0.0023484237860035857,0.002155488516755951,0.004804623502316243,49
SVK,2020,0.002554054101902517,0.0025288502131467655,0.006370294495656203,49
SVN,2020,0.002282237813649772,0.002180590390946146,0.006238646054376693,48
SWE,2020,0.002325908336030409,0.002224260913326783,0.006238646054376693,49
SWZ,2020,0.0023881474580925315,0.0022743174202434413,0.006091307572732364,49
SYC,2020,0.0024795170716835173,0.0023474131111162295,0.006091307572732364,49
SYR,2020,0.0023839034368981996,0.0022822560141945738,0.0018472863784004877,49
TCD,2020,0.0024003300732379964,0.0023352304959707647,0.006091307572732364,49
TGO,2020,0.002177464806511804,0.002162613711569146,0.006199737697211986,48
THA,2020,0.0025663184494703595,0.0026392353099830537,0.004849007867120003,49
TJK,2020,0.0023820561505197993,0.002259743516278144,0.006888403846009841,49
TKM,2020,0.0023820561505197993,0.0023281294785225796,0.0068172501009151325,49
TLS,2020,0.0024499422606594793,0.0023531438458229735,0.004849007867120003,49
TTO,2020,0.002396470021026748,0.002309236468830071,0.004804623502316243,49
TUN,2020,0.0023581444493652004,0.0022724381607646406,0.00797056705153294,49
TUR,2020,0.002319461324570959,0.0023117061407905933,0.01043247099147333,49
TWN,2020,0.002370661465165966,0.002265906401002204,0.0010358804867120956,48
TZA,2020,0.0023695286780664243,0.0022428263104560483,0.006263736226687544,49
UGA,2020,0.0023881474580925315,0.0022743174202434413,0.006091307572732364,49
UKR,2020,0.003074989245930986,0.0028036439223103346,0.007070745871542715,49
URY,2020,0.0023820561505197993,0.0022804087278161735,0.004804623502316243,49
USA,2020,0.002300321003610978,0.002294031252300977,0.013622524484803524,49
UZB,2020,0.0024803232333252294,0.0023646376559351132,0.007019077343244991,49
VEN,2020,0.0023628376565105343,0.002275604104313857,0.004804623502316243,49
VNM,2020,0.0026357179984318278,0.0023007016756491356,0.005073236958240572,49
VUT,2020,0.002372567938903928,0.0022648825633538386,0.0008625646923519266,48
XKX,2020,0.0024016661524671142,0.0023157067313213406,0.001307333463154333,49
YEM,2020,0.002386554958392484,0.002284907535688858,0.0011247019681711466,49
ZAF,2020,0.002254696008604122,0.002172152607187848,0.006368007095783864,48
ZMB,2020,0.002308960459647011,0.0023230478808253002,0.006091307572732364,48
ZWE,2020,0.002327234382365208,0.0021951304217979204,0.006091307572732364,49
ZZB,2020,0.002382918715212151,0.0022752333396620617,0.0008625646923519266,49
AFG,2021,0.006429436865541509,0.0049777286972617915,0.001938664581825345,44
AGO,2021,0.006343316615598301,0.004954844538376223,0.006595417988220976,43
ALB,2021,0.006526603042307507,0.005072258272083277,0.006513931108163264,44
ARE,2021,0.0064158662134687315,0.004968035374352665,0.0032071403384426565,44
ARG,2021,0.006502349436510424,0.005044909350389725,0.004804623502316243,44
ARM,2021,0.006317145129947096,0.004678453529355868,0.006581405568109022,43
AUS,2021,0.006474054307874171,0.005021374460890985,0.004849007867120004,44
AUT,2021,0.006409285436548811,0.004956519014742804,0.0016451942299801642,44
AZE,2021,0.006409426307529165,0.004974475280292232,0.006439905939566688,44
BDI,2021,0.006470687981623323,0.004931487528916271,0.006091307572732364,44
BEL,2021,0.006390911629251225,0.0048994102677545216,0.006238646054376693,44
BEN,2021,0.006147848680268507,0.004657378688143314,0.006091307572732364,43
BFA,2021,0.006446322751332393,0.005022857142507256,0.006091307572732364,44
BGD,2021,0.006435262244937212,0.004968035374352665,0.004849007867120004,44
BGR,2021,0.006402743920319002,0.004935229641478343,0.006561146574864518,44
BHR,2021,0.0064158662134687315,0.004977656795367993,0.0032071403384426565,44
BIH,2021,0.006428343505577485,0.004949319436189535,0.006238646054376693,44
BLR,2021,0.006061392706864352,0.0045162554149549275,0.006950460913811346,43
BOL,2021,0.0055462293595494915,0.004814287422278545,0.004804623502316243,43
BRA,2021,0.006486093493598094,0.005020705834449687,0.00877841001617026,44
BRB,2021,0.00650715406001274,0.005083346338408254,0.004804623502316243,44
BTN,2021,0.0064158662134687315,0.004965680190145233,0.0011775921037159476,44
BWA,2021,0.006007748606095663,0.004505095998825005,0.006091307572732364,43
CAF,2021,0.006384867524982672,0.004887438784288909,0.006199737697211986,44
CAN,2021,0.006406408454598095,0.004797795714681214,0.009457758870636183,44
CHE,2021,0.0064158662134687315,0.004941764385398206,0.006567747238614795,44
CHL,2021,0.0064843906970638914,0.00501086317659964,0.00856556044939494,44
CHN,2021,0.0064158662134687315,0.004912983571294965,0.011010360611540189,44
CIV,2021,0.006197930770825281,0.004638018846921155,0.006226726932670005,43
CMR,2021,0.006446322751332393,0.005010674527361792,0.006091307572732364,44
COD,2021,0.006434140136186929,0.005035039757652722,0.006091307572732364,44
COG,2021,0.006459336158901379,0.005079815234036614,0.006209992204663854,44
COL,2021,0.006376458085215993,0.0048941451338787795,0.004926016031592357,44
COM,2021,0.006224794376763637,0.0049298210070116465,0.007642873468203787,43
CPV,2021,0.006434140136186929,0.004931487528916271,0.006091307572732364,44
CRI,2021,0.00642569764923436,0.004977866810118294,0.004915717882814305,44
CUB,2021,0.00641192362384574,0.004965406981270671,0.0013141965409972736,44
CYP,2021,0.0062099908936743015,0.004849501099319508,0.006238646054376693,43
CZE,2021,0.006425061455703037,0.004983360778076509,0.0015325403723843306,44
DEU,2021,0.006362643329670529,0.004901506769604912,0.00665286047477531,44
DJI,2021,0.006408223340000528,0.004968035374352665,0.007642873468203787,44
DNK,2021,0.006409627567414354,0.0049430807901351586,0.006238646054376693,44
DOM,2021,0.006833868458170245,0.005491739336105136,0.004804623502316243,44
DZA,2021,0.006304267337180254,0.004960064026046345,0.007971348306319844,43
ECU,2021,0.0064602003577530626,0.005140445935458398,0.004926016031592357,44
EGY,2021,0.006439110027807229,0.004979657281521914,0.011621907169248756,44
ERI,2021,0.006409774905895999,0.004974126681925398,0.006091307572732364,44
ESP,2021,0.006436462103635581,0.004844460033351569,0.0068652967222831126,44
EST,2021,0.006409627567414354,0.004930603498026405,0.006238646054376693,44
ETH,2021,0.006353562506506786,0.004926499569711368,0.006922634106882844,44
FIN,2021,0.006409627567414354,0.0049805126664614185,0.006238646054376693,44
FJI,2021,0.006436583823202974,0.0049804659401932105,0.0010358804867120956,44
FRA,2021,0.0064158662134687315,0.004927776427881792,0.010064736617718305,44
GAB,2021,0.0063582743440658025,0.004936039891351038,0.006399096600325419,44
GBR,2021,0.006583956943543471,0.005096575344409819,0.00988769000439643,44
GEO,2021,0.006347241106870588,0.004905648913808898,0.006238646054376693,43
GHA,2021,0.0064158662134687315,0.00495550790189929,0.0062637362266875435,44
GIN,2021,0.006008723358734041,0.004792650760005414,0.0062637362266875435,43
GMB,2021,0.006239728154005524,0.0048548037646977465,0.006290644980828817,43
GNB,2021,0.006440231443759661,0.004974126681925398,0.006091307572732364,44
GNQ,2021,0.0063975922907505344,0.004968035374352665,0.006091307572732364,44
GRC,2021,0.005941729113336103,0.004381602645241256,0.006238646054376693,43
GTM,2021,0.006376458085215993,0.004903997165941964,0.004926016031592357,44
GUY,2021,0.0059971548507833814,0.004770994733088971,0.004926016031592357,43
HKG,2021,0.0063770508023128945,0.004913693798734494,0.0008625646923519266,43
HND,2021,0.006435570277595101,0.004987739438479035,0.004926016031592357,44
HRV,2021,0.006553116426665019,0.0051551947559839665,0.006238646054376693,44
HTI,2021,0.0063149691199200905,0.004919989139329502,0.004804623502316243,43
HUN,2021,0.006374505292733554,0.004878420046093115,0.006893486789196138,44
IDN,2021,0.006267103690965754,0.004730015338347901,0.004958750750099255,43
IND,2021,0.0061557998881877855,0.004759982314127908,0.006501658132023649,43
IRL,2021,0.006440820797686238,0.0049805126664614185,0.006238646054376693,44
IRN,2021,0.006385369267761771,0.00495469296060587,0.0019060591066850147,43
IRQ,2021,0.006352077064357223,0.004915503133907893,0.003752302888912285,43
ISL,2021,0.0064158662134687315,0.004968035374352665,0.006238646054376693,44
ISR,2021,0.006447736947530108,0.005002030824018134,0.0021247156040917997,44
ITA,2021,0.006435797569675477,0.00494810401814592,0.006643785402248592,44
JAM,2021,0.006406256966464099,0.004963230750850349,0.004804623502316243,44
JOR,2021,0.0064088350507690165,0.004968035374352665,0.003515581349857305,44
JPN,2021,0.006420821609304044,0.004913526020164231,0.004955395835312186,44
KAZ,2021,0.006449284415606626,0.004994769936062981,0.0066836404275789065,44
KEN,2021,0.006428048828614196,0.00498021798949813,0.006091307572732364,44
KGZ,2021,0.0060415823495243125,0.004607118791263404,0.0066836404275789065,43
KHM,2021,0.006400990583276101,0.004953159744160034,0.004958543397543723,44
KOR,2021,0.006425102936443027,0.004973808326211599,0.0011545903717868706,44
KWT,2021,0.0063973026340725814,0.004949471794956515,0.00309392989935828,44
LAO,2021,0.006410904577139507,0.004893610829414287,0.004961636329225229,44
LBN,2021,0.006440475282917733,0.00496100421165295,0.003515581349857305,44
LBR,2021,0.006479954516528788,0.005012897186494705,0.00640883030600563,44
LBY,2021,0.00643879573211614,0.004945105855705257,0.007643172882469395,44
LKA,2021,0.006488601331475532,0.004677094902325465,0.004849007867120003,44
LSO,2021,0.006452414058905126,0.005071587603089116,0.006091307572732364,44
LTU,2021,0.0063196983219207525,0.004897512253884146,0.006411192769865335,43
LUX,2021,0.0064158662134687315,0.004955558082243912,0.006238646054376693,44
LVA,2021,0.00639022144238927,0.004942390603273204,0.006411192769865335,44
MAR,2021,0.0064158662134687315,0.0049253487043424945,0.007114445001695164,44
MDA,2021,0.006808900914894464,0.005423456536322164,0.006238646054376693,44
MDG,2021,0.00646459667405059,0.004955852759207201,0.006091307572732364,44
MDV,2021,0.006427260898822565,0.004987717103600195,0.0010358804867120956,44
MEX,2021,0.006319773743422407,0.004862333657301708,0.004804623502316243,43
MKD,2021,0.006389810489036078,0.0048963821321628695,0.006513931108163264,44
MLI,2021,0.0058208112719334145,0.00457341999207135,0.0062637362266875435,43
MLT,2021,0.0064158662134687315,0.0051963363289212845,0.006341693182461641,44
MMR,2021,0.006440111252804331,0.0049971294215553855,0.004849007867120003,44
MNE,2021,0.006529537413323002,0.005095079656542732,0.00668654116789827,44
MNG,2021,0.006188880000573463,0.00480725347355185,0.009457758870636183,43
MOZ,2021,0.006203739189192971,0.004858757816392425,0.006428091644720008,43
MRT,2021,0.006280246890754333,0.005118723510701997,0.0075344068174665975,43
MUS,2021,0.005532626615422539,0.004090887083879205,0.006091307572732364,43
MWI,2021,0.0067447968223962795,0.005266509445416552,0.006091307572732364,44
MYS,2021,0.006197660859448332,0.0048177161304719445,0.004849007867120003,43
NAM,2021,0.006324496599877746,0.004992400604643595,0.006091307572732364,43
NER,2021,0.0065133271346324495,0.004968035374352665,0.006091307572732364,44
NGA,2021,0.006367135752886873,0.004901030991052609,0.006091307572732364,44
NIC,2021,0.0064158662134687315,0.004963230750850349,0.004804623502316243,44
NLD,2021,0.006403388921359978,0.004930603498026405,0.006238646054376693,44
NOR,2021,0.006406408454598095,0.0048545422679050305,0.009457758870636183,44
NPL,2021,0.006406445476639004,0.004959792229626654,0.0011775921037159476,44
NZL,2021,0.006401319189867372,0.004943790335017065,0.004849007867120003,44
OMN,2021,0.0064096783536700145,0.004955659654755232,0.00309392989935828,44
PAK,2021,0.006468570253617896,0.005085155463573029,0.005856004461018197,44
PAN,2021,0.006366606053152808,0.00495818334228948,0.004926016031592357,43
PER,2021,0.006499486609511714,0.00502706153626536,0.004918846826057847,44
PHL,2021,0.006299281039726578,0.0049173461683778156,0.00506892059748492,43
PNG,2021,0.006376018806089182,0.0050078827817322145,0.005692486768507093,44
POL,2021,0.005989885689351268,0.004613051604254779,0.006454250365416108,43
PRK,2021,0.0064158662134687315,0.004968035374352665,0.005125088655957667,44
PRT,2021,0.0064158662134687315,0.004877809094444463,0.006444734279157351,44
PRY,2021,0.006381384101247585,0.004968035374352665,0.004926016031592357,44
PSE,2021,0.0063899892726981735,0.0049318076572738845,0.0008625646923519266,43
PSG,2021,0.006426216989776955,0.004949921515813274,0.0008625646923519266,44
QAT,2021,0.006409451932791846,0.004971242514691108,0.0032071403384426574,44
ROU,2021,0.006781773539581374,0.005773031491800478,0.006652860474775309,44
RUS,2021,0.006365592275863538,0.00486748749914228,0.012568484401298192,44
RWA,2021,0.0064158662134687315,0.004968035374352665,0.006091307572732364,44
SAU,2021,0.006411800321509274,0.004968035374352665,0.0040658919594579405,44
SDN,2021,0.0062199716362146,0.004877622492543066,0.0075344068174665975,43
SEN,2021,0.006608058082082304,0.005092030128296904,0.006199737697211986,44
SGP,2021,0.006411017205601612,0.004977733390086905,0.004849007867120003,44
SLB,2021,0.0064148524303187775,0.004958911326003078,0.0010137831499541577,44
SLE,2021,0.006458505366477858,0.0051751398318255655,0.006091307572732364,44
SLV,2021,0.006026691709781116,0.004598079364674315,0.004804623502316243,43
SML,2021,0.00641931647223814,0.00496544768027561,0.0008625646923519266,44
SOM,2021,0.006461072654373531,0.004975569781170132,0.0075344068174665975,44
SRB,2021,0.006308465240931493,0.004726383186143879,0.006712560783577396,43
SSD,2021,0.006470687981623323,0.004998491912216327,0.006091307572732364,44
STP,2021,0.006354953137741408,0.004974126681925398,0.006091307572732364,43
SUR,2021,0.0064783263189988425,0.005184243431956896,0.004804623502316243,44
SVK,2021,0.006409495918973075,0.005095441264265789,0.006370294495656203,44
SVN,2021,0.006029070158097377,0.004481420982111284,0.006238646054376693,43
SWE,2021,0.006428343505577485,0.0049805126664614185,0.006238646054376693,44
SWZ,2021,0.006409774905895999,0.004974126681925398,0.006091307572732364,44
SYC,2021,0.006689975054241688,0.00521168767726196,0.006091307572732364,44
SYR,2021,0.006419560786225532,0.0049772718062446675,0.0018472863784004877,44
TCD,2021,0.006403683598323267,0.004968035374352665,0.006091307572732364,44
TGO,2021,0.006595658606687879,0.005216024882241144,0.006199737697211986,44
THA,2021,0.0063819231583988915,0.004982582397954025,0.004849007867120003,44
TJK,2021,0.006457196636544791,0.004968035374352665,0.006888403846009841,44
TKM,2021,0.006422683463569646,0.0049544008741508345,0.0068172501009151325,44
TLS,2021,0.006299490024657852,0.004846810177674665,0.004849007867120003,43
TTO,2021,0.006420670836971048,0.004948816880343401,0.004804623502316243,44
TUN,2021,0.006312248841798803,0.004896300270888869,0.00797056705153294,43
TUR,2021,0.006447163626443151,0.005051495142284452,0.01043247099147333,44
TWN,2021,0.006401363886654762,0.0049618200914323925,0.0010358804867120956,43
TZA,2021,0.0064158662134687315,0.004999354055486103,0.006263736226687544,44
UGA,2021,0.006421957521041464,0.0049619440667799325,0.006091307572732364,44
UKR,2021,0.006585564114385756,0.005017530595453464,0.007070745871542715,44
URY,2021,0.0062765321319015605,0.0048335059162878105,0.004804623502316243,43
USA,2021,0.006374998640014321,0.004886300227443844,0.013622524484803524,44
UZB,2021,0.006436923445498466,0.005010149838412135,0.007019077343244991,44
VEN,2021,0.006401452342961782,0.004948816880343401,0.004804623502316243,44
VNM,2021,0.0064158662134687315,0.0049122297678120186,0.005073236958240572,44
VUT,2021,0.006416728778161083,0.00496544768027561,0.0008625646923519266,44
XKX,2021,0.0064067148792266515,0.004962806040500048,0.001307333463154333,44
YEM,2021,0.006411367405596047,0.004962411864511809,0.0011247019681711466,44
ZAF,2021,0.00636492215670246,0.004847043239532772,0.006368007095783864,44
ZMB,2021,0.00638540967560507,0.004913213606198074,0.006091307572732364,44
ZWE,2021,0.00638540967560507,0.004907122298625341,0.006091307572732364,44
ZZB,2021,0.0064115533900069716,0.00496544768027561,0.0008625646923519266,44
AFG,2022,0.00831611640008796,0.007093717520259921,0.001938664581825345,57
AGO,2022,0.008615790401927996,0.007278630495675926,0.006595417988220976,57
ALB,2022,0.0086753121375821,0.007311933533137261,0.006513931108163264,58
ARE,2022,0.00868192571912154,0.0073187464155392585,0.0032071403384426565,58
ARG,2022,0.00868353537629611,0.007362012375081496,0.004804623502316243,58
ARM,2022,0.008313199882416212,0.0070484074125731185,0.006581405568109022,57
AUS,2022,0.008644698928994346,0.007284650171031594,0.004849007867120004,58
AUT,2022,0.008681759222878506,0.007334698869109955,0.0016451942299801642,58
AZE,2022,0.00868190009385886,0.007350869069449048,0.006439905939566688,58
BDI,2022,0.008767526998243947,0.007447632793879097,0.006091307572732364,58
BEL,2022,0.008688339999798426,0.007344227903624292,0.006238646054376693,58
BEN,2022,0.008578696463489244,0.007258802259124394,0.006091307572732364,57
BFA,2022,0.008517783387761919,0.007155250030387944,0.006091307572732364,57
BGD,2022,0.008688339999798426,0.0073282912418356745,0.004849007867120004,58
BGR,2022,0.009068886501140568,0.007652924293163412,0.006561146574864518,58
BHR,2022,0.008694754280475312,0.007341196397908358,0.0032071403384426565,58
BIH,2022,0.008632192185309036,0.007294318735189278,0.006238646054376693,58
BLR,2022,0.008438123406901218,0.007268484648431801,0.006950460913811346,57
BOL,2022,0.010288279626069735,0.0080730966534243,0.004804623502316243,58
BRA,2022,0.008609334309652893,0.0073116540275214035,0.00877841001617026,58
BRB,2022,0.00866912150578916,0.007309161516556017,0.004804623502316243,58
BTN,2022,0.008660077789309243,0.007299128718147288,0.0011775921037159476,57
BWA,2022,0.00867615738465296,0.007295350104560788,0.006091307572732364,58
CAF,2022,0.008496148131184855,0.007182995815139615,0.006199737697211986,57
CAN,2022,0.008631593446574609,0.00737582029305246,0.009457758870636183,58
CHE,2022,0.008648933516366737,0.007305150521376841,0.006567747238614795,58
CHL,2022,0.008722602241596007,0.0074322104225132595,0.00856556044939494,58
CHN,2022,0.008710360721021507,0.007360009978792995,0.011010360611540189,58
CIV,2022,0.008289829476107546,0.007163640903455154,0.006226726932670005,57
CMR,2022,0.008670066077080228,0.00732580664242445,0.006091307572732364,58
COD,2022,0.008657883461934765,0.007264893566697126,0.006091307572732364,58
COG,2022,0.008669710023184434,0.007325569273160587,0.006209992204663854,58
COL,2022,0.008742526176145942,0.007352767305664692,0.004926016031592357,58
COM,2022,0.008688339999798426,0.007337989257569915,0.007642873468203787,58
CPV,2022,0.008578696463489244,0.007185706568251606,0.006091307572732364,57
CRI,2022,0.008683424281915611,0.0073330735396871,0.004915717882814305,58
CUB,2022,0.008688339999798426,0.007332732471405925,0.0013141965409972736,58
CYP,2022,0.008613476247145906,0.007100920707503601,0.006238646054376693,57
CZE,2022,0.008662286813467892,0.007321131313473687,0.0015325403723843306,57
DEU,2022,0.008641769976474999,0.007291419234246487,0.00665286047477531,58
DJI,2022,0.00869598287326663,0.007345632131038118,0.007642873468203787,58
DNK,2022,0.008688339999798426,0.007337989257569915,0.006238646054376693,58
DOM,2022,0.008870915692886443,0.007506151080150983,0.004804623502316243,58
DZA,2022,0.008712254044717385,0.0072343617295877564,0.007971348306319844,58
ECU,2022,0.008683413983766835,0.0072049868247169215,0.004926016031592357,58
EGY,2022,0.008734827628475422,0.007326367350400666,0.011621907169248756,58
ERI,2022,0.008700522614943891,0.007337989257569915,0.006091307572732364,58
ESP,2022,0.008523572878463632,0.0072624709936248005,0.0068652967222831126,57
EST,2022,0.008707055937961556,0.007406614364168058,0.006238646054376693,58
ETH,2022,0.00848066097659194,0.007227227111859789,0.006922634106882844,57
FIN,2022,0.008632192185309036,0.007281841443080524,0.006238646054376693,58
FJI,2022,0.008676945314444594,0.00733073809416293,0.0010358804867120956,57
FRA,2022,0.008708469473033862,0.007337989257569915,0.010064736617718305,58
GAB,2022,0.008688339999798426,0.007357186547370891,0.006399096600325419,58
GBR,2022,0.008549912339736876,0.007150123147486382,0.00988769000439643,57
GEO,2022,0.008613476247145906,0.007238170920699888,0.006238646054376693,57
GHA,2022,0.008318779562423861,0.007024802446235538,0.0062637362266875435,57
GIN,2022,0.008456581759410987,0.007244033214169602,0.0062637362266875435,57
GMB,2022,0.008757537094587544,0.007426058287301518,0.006290644980828817,58
GNB,2022,0.008700522614943891,0.007295350104560788,0.006091307572732364,58
GNQ,2022,0.008670066077080228,0.007337989257569915,0.006091307572732364,58
GRC,2022,0.008513657910275878,0.007094682061449223,0.006238646054376693,57
GTM,2022,0.008520855454724287,0.007126170568211443,0.004926016031592357,57
GUY,2022,0.008407557085997662,0.007086762439958705,0.004926016031592357,57
HKG,2022,0.00864521176518083,0.007306936928645246,0.0008625646923519266,57
HND,2022,0.008796712352493458,0.0074118794980438,0.004926016031592357,58
HRV,2022,0.008632192185309036,0.007300557381243655,0.006238646054376693,58
HTI,2022,0.00835201635463629,0.007179436681993479,0.004804623502316243,57
HUN,2022,0.008619405131906465,0.007303521823623934,0.006893486789196138,57
IDN,2022,0.008584206234046342,0.007273525497818624,0.004958750750099255,57
IND,2022,0.008740353264854615,0.00743551412955027,0.006501658132023649,58
IRL,2022,0.008732010522179062,0.007394137072059305,0.006238646054376693,58
IRN,2022,0.008674997586051631,0.007284619602582735,0.0019060591066850147,58
IRQ,2022,0.008680835394020602,0.007360503074903388,0.003752302888912285,58
ISL,2022,0.008544851140547762,0.007094682061449223,0.006238646054376693,57
ISR,2022,0.008686215284194334,0.007337989257569915,0.0021247156040917997,58
ITA,2022,0.008688339999798426,0.007337989257569915,0.006643785402248592,58
JAM,2022,0.008654707635282212,0.0072851383990444355,0.004804623502316243,58
JOR,2022,0.008684824418448568,0.00736962948971863,0.003515581349857305,58
JPN,2022,0.008653652228951241,0.007308256882558041,0.004955395835312186,58
KAZ,2022,0.008768543684929374,0.0073647238192802306,0.0066836404275789065,58
KEN,2022,0.008712705230089355,0.00745372410145183,0.006091307572732364,58
KGZ,2022,0.0088554310104879,0.007344672897997493,0.0066836404275789065,58
KHM,2022,0.008683381456400883,0.00731815508397974,0.004958543397543723,58
KOR,2022,0.008690649180542,0.007329907124967406,0.0011545903717868706,58
KWT,2022,0.008638837121408694,0.0073132378183750485,0.00309392989935828,57
LAO,2022,0.008732994726761454,0.007387605620862167,0.004961636329225229,58
LBN,2022,0.008677793255748854,0.007295802281371627,0.003515581349857305,58
LBR,2022,0.00857938988459633,0.0072674921242038525,0.00640883030600563,57
LBY,2022,0.008306181355674956,0.007215698491450404,0.007643172882469395,57
LKA,2022,0.008654396944728585,0.007405875367709595,0.004849007867120003,58
LSO,2022,0.00862133561649837,0.007295350104560788,0.006091307572732364,57
LTU,2022,0.008630639264869637,0.007254643751561665,0.006411192769865335,58
LUX,2022,0.008688339999798426,0.007331750611515538,0.006238646054376693,58
LVA,2022,0.008746040734727215,0.007357222835879511,0.006411192769865335,58
MAR,2022,0.008716797779805207,0.007352218147573305,0.007114445001695164,58
MDA,2022,0.009318443251290472,0.007961853863007583,0.006238646054376693,58
MDG,2022,0.0086457008467893,0.0072831674894153235,0.006091307572732364,58
MDV,2022,0.008689375880285137,0.007332809855136354,0.0010358804867120956,58
MEX,2022,0.008496155059705777,0.007169827434988846,0.004804623502316243,57
MKD,2022,0.008649256413149446,0.007266336015380119,0.006513931108163264,58
MLI,2022,0.007573394951448043,0.006717879371127848,0.0062637362266875435,57
MLT,2022,0.008707365079345811,0.007337989257569915,0.006341693182461641,58
MMR,2022,0.007117261450851545,0.006213019432398074,0.004849007867120003,57
MNE,2022,0.008915682399506967,0.0075853912807821505,0.00668654116789827,58
MNG,2022,0.008499184822385703,0.007073172009192101,0.009457758870636183,57
MOZ,2022,0.008707624274732586,0.007376557807438235,0.006428091644720008,58
MRT,2022,0.00870340881343336,0.0072551107825777825,0.0075344068174665975,58
MUS,2022,0.008584787771061976,0.0071674326455334085,0.006091307572732364,57
MWI,2022,0.00910864022231696,0.007703467711933857,0.006091307572732364,58
MYS,2022,0.008722283054868267,0.007304046202500075,0.004849007867120003,58
NAM,2022,0.008627426924071103,0.007277076181842591,0.006091307572732364,57
NER,2022,0.008560422540771046,0.007337989257569915,0.006091307572732364,57
NGA,2022,0.00854214861805285,0.007228345721260732,0.006091307572732364,57
NIC,2022,0.0085922475297521,0.007285138399044436,0.004804623502316243,57
NLD,2022,0.008688339999798426,0.0073317506115155385,0.006238646054376693,58
NOR,2022,0.00872617103528097,0.007366362534181823,0.009457758870636183,58
NPL,2022,0.008701293512939301,0.007354475547021938,0.0011775921037159476,58
NZL,2022,0.008649547936861466,0.007274952155297354,0.004849007867120003,58
OMN,2022,0.008688339999798426,0.00734727104726799,0.00309392989935828,58
PAK,2022,0.008787892075635736,0.007308709235264823,0.005856004461018197,58
PAN,2022,0.008757304224240718,0.007392175433917431,0.004926016031592357,58
PER,2022,0.008457154198973707,0.007111722303571254,0.004918846826057847,57
PHL,2022,0.008718753523383336,0.0073430581781674,0.00506892059748492,58
PNG,2022,0.008688339999798426,0.007315219310495886,0.005692486768507093,58
POL,2022,0.008501166739201359,0.0071701787480690955,0.006454250365416108,57
PRK,2022,0.008688339999798426,0.007337989257569915,0.005125088655957667,58
PRT,2022,0.008675450531240112,0.007363768194686544,0.006444734279157351,58
PRY,2022,0.008688339999798426,0.007372471369791061,0.004926016031592357,58
PSE,2022,0.008682302046951963,0.007320737963722877,0.0008625646923519266,58
PSG,2022,0.008687477435106073,0.007342302081031675,0.0008625646923519266,58
QAT,2022,0.008851904157059002,0.00733157497689303,0.0032071403384426574,58
ROU,2022,0.008428878441282189,0.006905553326709519,0.006652860474775309,57
RUS,2022,0.008562655155785444,0.00730028380436602,0.012568484401298192,57
RWA,2022,0.008682248692225693,0.007277076181842591,0.006091307572732364,58
SAU,2022,0.008692405891757885,0.007337989257569915,0.0040658919594579405,58
SDN,2022,0.00865820237252856,0.007315386037117515,0.0075344068174665975,58
SEN,2022,0.008601543672037458,0.007306990569083856,0.006199737697211986,57
SGP,2022,0.008654396944728585,0.007323442233968555,0.004849007867120003,58
SLB,2022,0.008691381349248288,0.007345085739619594,0.0010137831499541577,58
SLE,2022,0.008694431307371159,0.0073989023332972385,0.006091307572732364,58
SLV,2022,0.008135808297032058,0.006569249497199316,0.004804623502316243,57
SML,2022,0.00869437795264489,0.007344027210416378,0.0008625646923519266,58
SOM,2022,0.008741080847520693,0.007383195698474714,0.0075344068174665975,58
SRB,2022,0.00860107670961192,0.007284288771301295,0.006712560783577396,57
SSD,2022,0.00849341815747099,0.007270984874269859,0.006091307572732364,57
STP,2022,0.008670066077080228,0.007319715334851718,0.006091307572732364,58
SUR,2022,0.00872197236431464,0.007390840116095394,0.004804623502316243,58
SVK,2022,0.00868196970530277,0.007337989257569915,0.006370294495656203,58
SVN,2022,0.008457510095786488,0.00708220476934047,0.006238646054376693,57
SWE,2022,0.008682101353744049,0.007325511965461161,0.006238646054376693,58
SWZ,2022,0.008615244308925638,0.007216163106115267,0.006091307572732364,57
SYC,2022,0.008962448840571381,0.007697376404361124,0.006091307572732364,58
SYR,2022,0.008684645427041626,0.007341683830326715,0.0018472863784004877,58
TCD,2022,0.008134031010679782,0.007130884800097014,0.006091307572732364,57
TGO,2022,0.00851474734427649,0.007220194241322887,0.006199737697211986,57
THA,2022,0.008722283054868265,0.007337989257569915,0.004849007867120003,58
TJK,2022,0.008695228403644437,0.007324212449877895,0.006888403846009841,58
TKM,2022,0.008688339999798426,0.007337989257569915,0.0068172501009151325,58
TLS,2022,0.008756226109938106,0.007381630328373995,0.004849007867120003,58
TTO,2022,0.008702753870305375,0.007337989257569915,0.004804623502316243,58
TUN,2022,0.007277549631677096,0.006070669096376177,0.00797056705153294,57
TUR,2022,0.008636177644841059,0.007317124315586968,0.01043247099147333,58
TWN,2022,0.008688339999798426,0.007329702213676218,0.0010358804867120956,58
TZA,2022,0.008581856483944737,0.0073004068402097895,0.006263736226687544,57
UGA,2022,0.00862133561649837,0.007264893566697126,0.006091307572732364,57
UKR,2022,0.008582278811725285,0.0073238477658268296,0.007070745871542715,57
URY,2022,0.008616270647263682,0.007246701411025906,0.004804623502316243,57
USA,2022,0.008770075146707247,0.007637684796235593,0.013622524484803524,58
UZB,2022,0.008674301845111936,0.00730289387085369,0.007019077343244991,58
VEN,2022,0.008731581611319272,0.007337989257569915,0.004804623502316243,58
VNM,2022,0.008475264047552323,0.007353208968444636,0.005073236958240572,57
VUT,2022,0.008705591293645464,0.007350065163262842,0.0008625646923519266,58
XKX,2022,0.008693569333651044,0.007339296591033069,0.001307333463154333,58
YEM,2022,0.00869171410570294,0.007337989257569915,0.0011247019681711466,58
ZAF,2022,0.00872654804237313,0.007369829293048834,0.006368007095783864,58
ZMB,2022,0.009102548914744227,0.007624280713488336,0.006091307572732364,58
ZWE,2022,0.00867615738465296,0.007350171872715379,0.006091307572732364,58
ZZB,2022,0.00869869077610665,0.007350065163262842,0.0008625646923519266,58
AFG,2023,0.007988737392336392,0.00551858229338991,0.001938664581825345,49
AGO,2023,0.008127162001888736,0.005589933066821112,0.006595417988220976,50
ALB,2023,0.008061941203927047,0.005511602919763037,0.006513931108163264,50
ARE,2023,0.008123773724238958,0.005583156511521555,0.0032071403384426565,50
ARG,2023,0.008288728406481583,0.0056488115833794135,0.004804623502316243,50
ARM,2023,0.0076598681941328845,0.005023904163123512,0.006581405568109022,49
AUS,2023,0.008207848725508676,0.00564947734885147,0.004849007867120004,50
AUT,2023,0.008099179058910774,0.005540547957785106,0.0016451942299801642,49
AZE,2023,0.008069047336383982,0.005550982607086403,0.006439905939566688,50
BDI,2023,0.008169297044482375,0.005637655306571994,0.006091307572732364,50
BEL,2023,0.008108089291791762,0.00561417410717093,0.006238646054376693,50
BEN,2023,0.008321579733800684,0.005662020536862922,0.006091307572732364,50
BFA,2023,0.005933787165289597,0.004163558873970762,0.006091307572732364,49
BGD,2023,0.008149660631103235,0.00557189322297755,0.004849007867120004,50
BGR,2023,0.008212422635948619,0.005924482999312489,0.006561146574864518,50
BHR,2023,0.008123773724238958,0.005579949371183113,0.0032071403384426565,50
BIH,2023,0.008201668982607413,0.005676560567714696,0.006238646054376693,50
BLR,2023,0.008113616122986705,0.005583692691758481,0.006950460913811346,50
BOL,2023,0.008019669490351874,0.00546143126678908,0.004804623502316243,49
BRA,2023,0.008199572274046048,0.0056557479209902025,0.00877841001617026,50
BRB,2023,0.008096543466388934,0.005557523736835405,0.004804623502316243,50
BTN,2023,0.00810172511024106,0.005557900757185215,0.0011775921037159476,49
BWA,2023,0.008035288277882262,0.005467098694535487,0.006091307572732364,49
CAF,2023,0.008015171043047912,0.005533344066964186,0.006199737697211986,49
CAN,2023,0.008167855378253697,0.005538911195362125,0.009457758870636183,50
CHE,2023,0.008100863342184671,0.005557038989128825,0.006567747238614795,50
CHL,2023,0.008052042100305357,0.005568176670395275,0.00856556044939494,50
CHN,2023,0.008098545862677435,0.005554721509621589,0.011010360611540189,50
CIV,2023,0.008170380399361877,0.005595422411642679,0.006226726932670005,50
CMR,2023,0.008175388352055108,0.00568029445958112,0.006091307572732364,50
COD,2023,0.008084018738464122,0.005637655306571994,0.006091307572732364,50
COG,2023,0.008052256669649214,0.005564322246435342,0.006209992204663854,49
COL,2023,0.008327459257227394,0.005882155224803396,0.004926016031592357,50
COM,2023,0.008059423596154885,0.00557674223084467,0.007642873468203787,50
CPV,2023,0.007992649124873135,0.005424459541526361,0.006091307572732364,49
CRI,2023,0.007982926483181715,0.00542927069436024,0.004915717882814305,49
CUB,2023,0.008120566583900516,0.00557674223084467,0.0013141965409972736,50
CYP,2023,0.00802074824703049,0.0055268330624096565,0.006238646054376693,49
CZE,2023,0.008220181708105498,0.005708540702869722,0.0015325403723843306,50
DEU,2023,0.008067343700102312,0.005523519347046468,0.00665286047477531,50
DJI,2023,0.008112923710432311,0.005569099357376466,0.007642873468203787,50
DNK,2023,0.008120566583900516,0.0056079354611165535,0.006238646054376693,50
DOM,2023,0.008110957336895883,0.0055479144898307724,0.004804623502316243,50
DZA,2023,0.008016939055918357,0.0054731147028625115,0.007971348306319844,49
ECU,2023,0.00829790316103784,0.005823043032424287,0.004926016031592357,50
EGY,2023,0.008155432305408262,0.005658095581029411,0.011621907169248756,50
ERI,2023,0.008120566583900516,0.005588924845990134,0.006091307572732364,50
ESP,2023,0.008237276628179328,0.005624799307900652,0.0068652967222831126,50
EST,2023,0.008095611999683009,0.00557674223084467,0.006238646054376693,50
ETH,2023,0.008189792924969344,0.005562896962630904,0.006922634106882844,50
FIN,2023,0.008108089291791762,0.0055268330624096565,0.006238646054376693,50
FJI,2023,0.008118494822927091,0.005570526947924397,0.0010358804867120956,50
FRA,2023,0.008191019740224544,0.0057579074899636,0.010064736617718305,50
GAB,2023,0.008082172004298564,0.00557674223084467,0.006399096600325419,50
GBR,2023,0.007992026613843363,0.005448202260787516,0.00988769000439643,49
GEO,2023,0.008139282522063645,0.005639128691388437,0.006238646054376693,50
GHA,2023,0.008145621528807266,0.005608060911978107,0.0062637362266875435,50
GIN,2023,0.0075818852684053865,0.005476522451217669,0.0062637362266875435,49
GMB,2023,0.008837700111715,0.006098865764253462,0.006290644980828817,50
GNB,2023,0.007158139987408802,0.004516854713189238,0.006091307572732364,49
GNQ,2023,0.008126657891473248,0.005564559615699205,0.006091307572732364,50
GRC,2023,0.00813304387600927,0.005433253371594005,0.006238646054376693,50
GTM,2023,0.007893969846447267,0.005355071509423014,0.004926016031592357,49
GUY,2023,0.00808608447167937,0.005547186134655116,0.004926016031592357,50
HKG,2023,0.00808175117274468,0.0055603535016899835,0.0008625646923519266,49
HND,2023,0.008859468988639369,0.006271310491299192,0.004926016031592357,50
HRV,2023,0.007977077724649851,0.005545549000572786,0.006238646054376693,49
HTI,2023,0.00765451810417584,0.005336511055728858,0.004804623502316243,49
HUN,2023,0.008099886123532928,0.005500913876163513,0.006893486789196138,50
IDN,2023,0.008199906595902104,0.005537072224843876,0.004958750750099255,50
IND,2023,0.008029543370052185,0.005472715700732291,0.006501658132023649,49
IRL,2023,0.008083134707574255,0.00553931035451841,0.006238646054376693,50
IRN,2023,0.008101505992833666,0.005551963462457765,0.0019060591066850147,49
IRQ,2023,0.008161841915678552,0.005524209990399898,0.003752302888912285,50
ISL,2023,0.008095611999683009,0.005558026292681539,0.006238646054376693,50
ISR,2023,0.00810356885906778,0.005578866946448761,0.0021247156040917997,50
ITA,2023,0.008020909802866787,0.005503660591419935,0.006643785402248592,49
JAM,2023,0.008106152713393567,0.005581546854346986,0.004804623502316243,50
JOR,2023,0.008117051002550658,0.0055591643240953835,0.003515581349857305,50
JPN,2023,0.008115611188065204,0.005586653022515294,0.004955395835312186,50
KAZ,2023,0.008200770269031463,0.005663629556403196,0.0066836404275789065,50
KEN,2023,0.008382492809528007,0.005741207535308443,0.006091307572732364,50
KGZ,2023,0.007920057371073149,0.0054497530627206706,0.0066836404275789065,49
KHM,2023,0.008165193474478409,0.00557674223084467,0.004958543397543723,50
KOR,2023,0.008062837065311173,0.005510930579652818,0.0011545903717868706,49
KWT,2023,0.008111284794202442,0.005598399740140178,0.00309392989935828,50
LAO,2023,0.00811560494757129,0.005621396957807697,0.004961636329225229,50
LBN,2023,0.008022130306104512,0.005534555254646382,0.003515581349857305,49
LBR,2023,0.008133384244512527,0.005583151061150675,0.00640883030600563,50
LBY,2023,0.008044134855075822,0.005416235600312813,0.007643172882469395,49
LKA,2023,0.008266036819914117,0.00580464560059931,0.004849007867120003,50
LSO,2023,0.008315488426227952,0.005643746614144726,0.006091307572732364,50
LTU,2023,0.008120566583900516,0.0055895646163844,0.006411192769865335,50
LUX,2023,0.008120566583900516,0.0055954581690078,0.006238646054376693,50
LVA,2023,0.008107744198360784,0.00557674223084467,0.006411192769865335,50
MAR,2023,0.008127681028902212,0.005662115570865012,0.007114445001695164,50
MDA,2023,0.008170475752335529,0.005732708382204087,0.006238646054376693,50
MDG,2023,0.00810838396875505,0.00557674223084467,0.006091307572732364,50
MDV,2023,0.008124710105847364,0.005589172796685215,0.0010358804867120956,50
MEX,2023,0.007928381643807866,0.005379752667249704,0.004804623502316243,49
MKD,2023,0.007912120788439291,0.0054725193331140575,0.006513931108163264,49
MLI,2023,0.008045401749180265,0.0055266323410311695,0.0062637362266875435,49
MLT,2023,0.008183983515725132,0.0056528425490342095,0.006341693182461641,50
MMR,2023,0.008047831465893716,0.0055573461993761895,0.004849007867120003,49
MNE,2023,0.008107193501564719,0.005556682607340975,0.00668654116789827,50
MNG,2023,0.0077800872645576126,0.005264636188113676,0.009457758870636183,49
MOZ,2023,0.008114138492255795,0.00555102986426579,0.006428091644720008,50
MRT,2023,0.008158238617987848,0.00557674223084467,0.0075344068174665975,50
MUS,2023,0.007931736049145812,0.0052721768522080515,0.006091307572732364,49
MWI,2023,0.008169297044482375,0.005515829155117346,0.006091307572732364,50
MYS,2023,0.008251489796312756,0.00565432635671859,0.004849007867120003,50
NAM,2023,0.008144931814191445,0.005558468308126473,0.006091307572732364,50
NER,2023,0.0080048317400186,0.005491463924826416,0.006091307572732364,49
NGA,2023,0.008132749199045981,0.005515829155117346,0.006091307572732364,50
NIC,2023,0.007942795514314815,0.005543109866328456,0.004804623502316243,49
NLD,2023,0.008045702831247996,0.005489401186083396,0.006238646054376693,49
NOR,2023,0.008120566583900516,0.005567284471974033,0.009457758870636183,50
NPL,2023,0.008146473610182267,0.005588518151881829,0.0011775921037159476,50
NZL,2023,0.008139962615368996,0.00562038330164875,0.004849007867120003,50
OMN,2023,0.0081143787241018,0.005570554371045953,0.00309392989935828,50
PAK,2023,0.008032726516985243,0.005453766137163287,0.005856004461018197,49
PAN,2023,0.008071306423584591,0.005650632471318555,0.004926016031592357,49
PER,2023,0.007933650404510318,0.005384907204628414,0.004918846826057847,49
PHL,2023,0.008120566583900516,0.0056071557544295795,0.00506892059748492,50
PNG,2023,0.008188876425122601,0.005656437045603769,0.005692486768507093,50
POL,2023,0.00806247833061177,0.005531562478286757,0.006454250365416108,50
PRK,2023,0.008120566583900516,0.00557674223084467,0.005125088655957667,50
PRT,2023,0.007882111415571694,0.005241616048328487,0.006444734279157351,49
PRY,2023,0.008120566583900516,0.005591520278939447,0.004926016031592357,50
PSE,2023,0.008115391195746405,0.005571566842690558,0.0008625646923519266,50
PSG,2023,0.008117116325131108,0.005578467360229373,0.0008625646923519266,50
QAT,2023,0.008110945162885188,0.00557674223084467,0.0032071403384426574,50
ROU,2023,0.007621602048292367,0.005117694858085174,0.006652860474775309,49
RUS,2023,0.007630395692249886,0.005275098605213514,0.012568484401298192,49
RWA,2023,0.008077927430891389,0.00557674223084467,0.006091307572732364,50
SAU,2023,0.008120566583900516,0.005580808122804128,0.0040658919594579405,50
SDN,2023,0.008082894549813183,0.00555413901039227,0.0075344068174665975,50
SEN,2023,0.00794697392837858,0.005440348001506006,0.006199737697211986,49
SGP,2023,0.008120566583900516,0.00557189322297755,0.004849007867120003,50
SLB,2023,0.00812158036705047,0.0055807973634444865,0.0010137831499541577,50
SLE,2023,0.008169297044482373,0.005595016153562867,0.006091307572732364,50
SLV,2023,0.00800045099634261,0.005394166537756652,0.004804623502316243,49
SML,2023,0.00812229171328522,0.005577604795537022,0.0008625646923519266,50
SOM,2023,0.008097963363448115,0.0055993454512970695,0.0075344068174665975,50
SRB,2023,0.00826153036035564,0.00573113112886695,0.006712560783577396,50
SSD,2023,0.008077927430891389,0.005607198768708331,0.006091307572732364,50
STP,2023,0.008077927430891389,0.0055036465399718815,0.006091307572732364,50
SUR,2023,0.008216659053946841,0.00565361620688173,0.004804623502316243,50
SVK,2023,0.008107825994909203,0.005595853114331638,0.006370294495656203,50
SVN,2023,0.008700760666957548,0.006225561420499846,0.006238646054376693,50
SWE,2023,0.008070657415465502,0.005545549000572786,0.006238646054376693,50
SWZ,2023,0.00810229266118232,0.005588924845990134,0.006091307572732364,50
SYC,2023,0.008266757965646092,0.005662020536862923,0.006091307572732364,50
SYR,2023,0.008122413870278917,0.005573047658087869,0.0018472863784004877,50
TCD,2023,0.00792564474157308,0.005497555232399149,0.006091307572732364,49
TGO,2023,0.008139165796992151,0.005589141706239094,0.006199737697211986,50
THA,2023,0.008159358646837476,0.005615534293781629,0.004849007867120003,50
TJK,2023,0.008072347756978447,0.00555607701930664,0.006888403846009841,50
TKM,2023,0.008106932083698686,0.005569924980743755,0.0068172501009151325,50
TLS,2023,0.008198150709774435,0.00564947734885147,0.004849007867120003,50
TTO,2023,0.008058106478370405,0.005523891372319191,0.004804623502316243,49
TUN,2023,0.006111983686914214,0.0034406302610338413,0.00797056705153294,49
TUR,2023,0.008099701641917569,0.00554544481787025,0.01043247099147333,50
TWN,2023,0.0081278177473075,0.005595388079605488,0.0010358804867120956,50
TZA,2023,0.00831474240692783,0.005720808164058483,0.006263736226687544,50
UGA,2023,0.008090110046036854,0.005607198768708331,0.006091307572732364,50
UKR,2023,0.0070953084325268215,0.004954516594148911,0.007070745871542715,49
URY,2023,0.007957209384821763,0.005374948043747388,0.004804623502316243,49
USA,2023,0.008284036877718158,0.005753835049147116,0.013622524484803524,50
UZB,2023,0.00818373827998972,0.00557674223084467,0.007019077343244991,50
VEN,2023,0.008091738842886618,0.005567132983840037,0.004804623502316243,50
VNM,2023,0.008034321555610426,0.005561522519969948,0.005073236958240572,49
VUT,2023,0.008124016842669923,0.005583642748383485,0.0008625646923519266,50
XKX,2023,0.008123181250826825,0.0055950448993288306,0.001307333463154333,50
YEM,2023,0.008128439497677714,0.005585739846590039,0.0011247019681711466,50
ZAF,2023,0.008075990534230028,0.0055831102379404534,0.006368007095783864,50
ZMB,2023,0.00872360603360102,0.006167599065399709,0.006091307572732364,50
ZWE,2023,0.008090110046036854,0.005528011770262811,0.006091307572732364,50
ZZB,2023,0.008129192230824036,0.005584505313075837,0.0008625646923519266,50
AFG,2024,0.003041439072885355,0.003822168127018138,0.008331012727389453,49
AGO,2024,0.0030822943223517175,0.0037941314798699785,0.005287403761398034,49
ALB,2024,0.0029978444163949076,0.0035945122745361696,0.0057156412227179695,48
ARE,2024,0.0030716717937068513,0.003741686932354628,0.005239682639328017,49
ARG,2024,0.0031204367293029933,0.00410515684005919,0.007714945462210001,49
ARM,2024,0.0029551431684422284,0.0036582005347658426,0.004838649679360648,48
AUS,2024,0.003083912749580074,0.0038168130977286616,0.0034961277025101463,49
AUT,2024,0.0031185284997704453,0.0038855945122711496,0.007442341243274538,49
AZE,2024,0.0030664321110675232,0.0037888440761085804,0.0058335921133117405,49
BDI,2024,0.0030542726984761548,0.003703728187969,0.004053137530456207,49
BEL,2024,0.0030664321110675232,0.0036799312555176283,0.005186324790045365,49
BEN,2024,0.0034366821432854407,0.00395082846520392,0.005785156753404957,49
BFA,2024,0.0025411902976436667,0.003413671352234397,0.008337171641648515,48
BGD,2024,0.003039040087398557,0.0037991160849844426,0.003424002958620798,49
BGR,2024,0.0029561735421370482,0.003667559650285058,0.005512928446523741,48
BHR,2024,0.003072882133718872,0.0037888440761085804,0.0021500075504495503,49
BIH,2024,0.002994469041146762,0.003758543836141944,0.0037875299958295547,48
BLR,2024,0.0029868869034274516,0.003783162275562861,0.00568180054571941,48
BOL,2024,0.003058883770421885,0.0038341341199824106,0.007548340645638449,49
BRA,2024,0.004427945441463068,0.006107905243265824,0.014961684949401581,49
BRB,2024,0.0030664321110675232,0.0037907155670630407,0.0009357454772301937,49
BTN,2024,0.002980230826116372,0.003725850829413508,0.0033154340365827368,48
BWA,2024,0.0030155140424939766,0.0037039806284860028,0.005657563174838491,49
CAF,2024,0.0028863927571253813,0.0033063386075436406,0.007201574157685665,48
CAN,2024,0.0030637446869764082,0.0037807818038352358,0.0026874240911149193,49
CHE,2024,0.0030234647966760385,0.0037411026156735972,0.004774146043498301,49
CHL,2024,0.00308092437790153,0.003803336342942587,0.004830755611335522,49
CHN,2024,0.0030456610960138287,0.0036849890008401076,0.020771015053694507,49
CIV,2024,0.00308119004082012,0.0038183599356137734,0.007378964876298261,49
CMR,2024,0.002968814577335997,0.003658687364466545,0.008134794477627216,48
COD,2024,0.0030350888653641987,0.003506754864778661,0.01044774856777479,49
COG,2024,0.0031317806448111283,0.003834588049729104,0.006534853374360509,49
COL,2024,0.003190011374659718,0.0038629916342638967,0.008238617572812999,49
COM,2024,0.0030589461472496815,0.0037832296032451994,0.0009357454772301937,49
CPV,2024,0.0030626891291586026,0.0037841653487224293,0.0009357454772301937,49
CRI,2024,0.003046368465453276,0.0037687804304943335,0.005015911403561806,49
CUB,2024,0.0030636248746358325,0.00378790833063135,0.0009357454772301937,49
CYP,2024,0.0030627181840976094,0.0037851301491386665,0.0018569634849568079,49
CZE,2024,0.0031238912728905463,0.0038654562918726113,0.00638435131366924,49
DEU,2024,0.0030664321110675232,0.0038790223730097184,0.015029716150189621,49
DJI,2024,0.0030664321110675232,0.003784387042878952,0.004457033229628295,49
DNK,2024,0.0030725216627448533,0.0037797097485925855,0.0030447758386650016,49
DOM,2024,0.0030664321110675232,0.003745175953837838,0.006238303181534621,49
DZA,2024,0.003034184063674081,0.0037646580405634985,0.008062011848360633,49
ECU,2024,0.002968261415147765,0.003587594149473076,0.004908534795987903,48
EGY,2024,0.003104224880814134,0.0037888440761085804,0.009448192436652654,49
ERI,2024,0.003053663844046246,0.0037803318980943953,0.0042560890070924735,49
ESP,2024,0.0029504996329127553,0.0036618704095581203,0.005520594197846082,48
EST,2024,0.003057712784838897,0.0037655925394989107,0.0029064420762086934,49
ETH,2024,0.0028775607292205138,0.003537015566979234,0.008993875326048081,48
FIN,2024,0.0029974297499692592,0.003724154362578958,0.0043126475686414995,48
FJI,2024,0.003170299859040075,0.003927334406738649,0.0009357454772301937,49
FRA,2024,0.003031385029440526,0.0037888440761085804,0.008761770406749256,49
GAB,2024,0.0028945353371149702,0.0037238020535319384,0.004645858755474411,48
GBR,2024,0.0031163385365198,0.003807558985653184,0.006238303181534621,49
GEO,2024,0.002989069813853905,0.003750162927501771,0.004835143575851155,48
GHA,2024,0.0030382504897429508,0.0037700563285588654,0.004696936887428728,49
GIN,2024,0.0030384375038725567,0.003760849468913614,0.009331535731655577,49
GMB,2024,0.003099184374973186,0.0038262752348579092,0.0023394474218330504,49
GNB,2024,0.0032531747892428323,0.004096420251926737,0.0036616211406923383,49
GNQ,2024,0.0031004763402501163,0.0038058661906998767,0.003404422918259281,49
GRC,2024,0.002915343403488865,0.00359858422212064,0.005595878058468822,48
GTM,2024,0.0030450310559467586,0.003960052517074698,0.00713368504025488,49
GUY,2024,0.003029934423240585,0.003705420789647007,0.005213955403848315,49
HKG,2024,0.0030561389108179913,0.0037794866213362783,0.0009357454772301937,48
HND,2024,0.0030300678483341057,0.003854299749028732,0.007272852546683512,49
HRV,2024,0.003072265091652229,0.0037421802314309355,0.005832980584705573,49
HTI,2024,0.003053955504704454,0.0033521628534011567,0.006238303181534621,49
HUN,2024,0.0029434437501700494,0.003675316358357066,0.009460643145959515,48
IDN,2024,0.002834180236828851,0.0033647319579336145,0.01009790757559442,48
IND,2024,0.002961332470120807,0.0035996647224044915,0.010509964094671618,48
IRL,2024,0.0030789087174305924,0.0038013206824716495,0.006238303181534621,49
IRN,2024,0.0031117381042867903,0.003779782877464727,0.009061198643853415,49
IRQ,2024,0.0029470216467398585,0.0038229613516307702,0.00852931888054748,48
ISL,2024,0.003074853820362595,0.003797265785403652,0.0009357454772301937,49
ISR,2024,0.003001914137885052,0.0036340009404706494,0.006451797318247124,48
ITA,2024,0.002822797501275084,0.0035452094663161403,0.006767628049789995,48
JAM,2024,0.0030664321110675232,0.0037748078939501277,0.0009357454772301937,49
JOR,2024,0.0030410510663115647,0.003826915643242518,0.006345261188989632,49
JPN,2024,0.003072114684536018,0.0038021034142017352,0.0018941911561649637,49
KAZ,2024,0.0030915226990539876,0.0038202073110916606,0.006272646996616084,49
KEN,2024,0.003211506564665345,0.003883142470947165,0.007253722679891117,49
KGZ,2024,0.00289691555808209,0.0035769483848767892,0.005297392280794783,48
KHM,2024,0.003016971978609614,0.003754221983388044,0.0049460132457909145,48
KOR,2024,0.002826621015670377,0.0034950754842470763,0.0029976386924643267,48
KWT,2024,0.0031174034339943816,0.0038302582759866524,0.0031857076829286445,49
LAO,2024,0.0030516236341468213,0.003737014406886123,0.0074042384603509965,49
LBN,2024,0.002886238955802711,0.0037233192923759213,0.004095298983291182,48
LBR,2024,0.0030969404641820065,0.003849860782337547,0.005084725519080523,49
LBY,2024,0.002993032312079149,0.003766824136412068,0.0073399798988374315,49
LKA,2024,0.003028828340562706,0.003757876265104613,0.002211986500283374,48
LSO,2024,0.003108381750921947,0.0038153385854903217,0.0022078757818117644,49
LTU,2024,0.0030209975428316977,0.0037320508658137985,0.005679321029478196,49
LUX,2024,0.0030624181686692144,0.0037928580185068892,0.004013942398308935,49
LVA,2024,0.003167669993211623,0.003919857805942121,0.005955169537888215,49
MAR,2024,0.0030664321110675232,0.0037888440761085804,0.004927105488149601,49
MDA,2024,0.002935610509222945,0.003677100624533003,0.0027254500384287133,48
MDG,2024,0.0030514601834318402,0.003777615130381818,0.0009357454772301937,48
MDV,2024,0.0030757895658398253,0.0038047517492214938,0.0009357454772301937,49
MEX,2024,0.0028968869126314947,0.0036569755884361134,0.004709588845445244,48
MKD,2024,0.0030777672987830863,0.0037321681375307642,0.005667593857781588,49
MLI,2024,0.003047196866777935,0.003769608831818992,0.00961762214479426,49
MLT,2024,0.003069239347499214,0.0037944585489719613,0.0009357454772301937,49
MMR,2024,0.002980886515088546,0.003780289516510683,0.008554559597897735,49
MNE,2024,0.003522247736846288,0.004151159060701957,0.005843790074086729,49
MNG,2024,0.0029495242020614147,0.0036389621414853637,0.0029976386924643267,48
MOZ,2024,0.0029444971862765037,0.003658780156331493,0.00812899498606797,48
MRT,2024,0.0028971517502252493,0.00371629535003332,0.00604572717293835,48
MUS,2024,0.003037424001273387,0.0037701291665639763,0.0009357454772301937,48
MWI,2024,0.0028985859922948513,0.003650371028121126,0.004196152969316797,48
MYS,2024,0.003390122161781499,0.004092716368615578,0.0066059194023260406,49
NAM,2024,0.003044039486716853,0.0037888440761085804,0.005598156087667485,49
NER,2024,0.0020222768479595627,0.00287070755165158,0.009001338475068628,48
NGA,2024,0.003039968116783268,0.003766790747538368,0.004410665714042522,49
NIC,2024,0.0030664321110675232,0.003758062756465317,0.005130219940543888,49
NLD,2024,0.0030463623990759784,0.0037607464793204177,0.004013942398308935,49
NOR,2024,0.00305780681593024,0.003784531428539939,0.0043126475686414995,49
NPL,2024,0.003245465549042991,0.0038783607950963143,0.0033154340365827368,49
NZL,2024,0.0030683036020219836,0.0037907155670630407,0.0009357454772301937,49
OMN,2024,0.0030664321110675232,0.0037924787794254115,0.003634703316831014,49
PAK,2024,0.002773854750961957,0.0036458062556125256,0.006501719113457025,48
PAN,2024,0.0030530246800415358,0.003779905788757922,0.00446914367532919,49
PER,2024,0.002813967580498431,0.0034139725004150804,0.0076504403202755054,48
PHL,2024,0.0030711108384536743,0.0037991372763581123,0.0009357454772301937,49
PNG,2024,0.0030574203815827896,0.003815879264562781,0.009011729484733513,49
POL,2024,0.0032559301464514735,0.0041678401468764805,0.0094749017691975,49
PRK,2024,0.0030664321110675232,0.0037888440761085804,0.0029976386924643267,49
PRT,2024,0.003083932243856262,0.0037863440571387604,0.002500018969819824,49
PRY,2024,0.003056828247970889,0.00374082476062541,0.004801931548317023,49
PSE,2024,0.0030664321110675232,0.0037907155670630407,0.0009357454772301937,49
PSG,2024,0.003064560620113063,0.0038056874946987237,0.0009357454772301937,49
QAT,2024,0.0030700668143843544,0.0037961134827422423,0.003634703316831014,49
ROU,2024,0.0029223865289085996,0.003387574240094433,0.010288970154208899,48
RUS,2024,0.002597306925203773,0.003642242455526158,0.029320324116484404,48
RWA,2024,0.003030643995699336,0.003732605609101429,0.0051125879097410456,49
SAU,2024,0.0030521474703424276,0.0037745594353834847,0.014284640725095707,49
SDN,2024,0.002850599770261289,0.0036866077041477325,0.011359596884538649,48
SEN,2024,0.0025628199496967124,0.003276975977666117,0.008255937071652631,48
SGP,2024,0.0031159558970791836,0.0038185583477155765,0.004952378601166036,49
SLB,2024,0.0030909050049850945,0.003830797608538702,0.0034961277025101463,49
SLE,2024,0.002851901736090191,0.003611301696816995,0.003698799568574696,48
SLV,2024,0.003061412460522777,0.0037286082695716254,0.005019650544746257,49
SML,2024,0.0030608176382041423,0.0037888440761085804,0.0009357454772301937,49
SOM,2024,0.003105295180508859,0.0038622520961644367,0.0043181188268150835,49
SRB,2024,0.003109286910045802,0.0036317098131882254,0.014284932992759545,49
SSD,2024,0.003326366038118503,0.003838020765010117,0.007025241271648104,49
STP,2024,0.0030608176382041423,0.00378697258515412,0.0009357454772301937,49
SUR,2024,0.003003793536785885,0.0037077823917441074,0.0036846220165669408,48
SVK,2024,0.002975454672917294,0.00365783656517225,0.0036390975260091702,48
SVN,2024,0.0028850339894465125,0.003528084276278378,0.00377912753377105,48
SWE,2024,0.0030157465099095388,0.003721263274564601,0.005631733461998288,49
SWZ,2024,0.003079870129730847,0.003795563085440242,0.003359504665830888,49
SYC,2024,0.003059881892726912,0.003782293857767969,0.0009357454772301937,49
SYR,2024,0.00311626056704998,0.0038698153170800722,0.006228556997807076,49
TCD,2024,0.003085052470002733,0.0038509119392259464,0.006206786311736593,49
TGO,2024,0.0030196586646978117,0.003685942494095215,0.004677344636971148,48
THA,2024,0.0035942615349677056,0.004129594716854267,0.006681385112660536,49
TJK,2024,0.0030664321110675232,0.0037888440761085804,0.005252261888597215,49
TKM,2024,0.0030664321110675232,0.0037989483879977597,0.005052155944589671,49
TLS,2024,0.003081828390290558,0.0038196366345546505,0.003079255844607007,49
TTO,2024,0.0030664321110675232,0.0037888440761085804,0.0009357454772301937,49
TUN,2024,0.0036682467606042133,0.004140239207046111,0.0040390244935348315,49
TUR,2024,0.0030664321110675232,0.003756327262560492,0.01625840677404433,49
TWN,2024,0.003058275339013405,0.003780687304054462,0.0020391930135295567,49
TZA,2024,0.0031696382154868005,0.0038576481457214323,0.008600508701606462,49
UGA,2024,0.00299601805278118,0.0037465956411367744,0.007041405828634328,48
UKR,2024,0.0030492004331981694,0.003823307431847288,0.00861583893467689,49
URY,2024,0.0031192143980136237,0.0038205134482762406,0.003518819129740016,49
USA,2024,0.0032147673665240185,0.003912456788988993,0.006180635644020622,49
UZB,2024,0.0030790897882619745,0.003795172914705806,0.006328838597225638,49
VEN,2024,0.0030511762528739094,0.0037837587900440423,0.005085286064537981,49
VNM,2024,0.0030476333373312694,0.003812342543278898,0.004699693434063447,49
VUT,2024,0.0030814040387032063,0.0038103662220848747,0.0009357454772301937,49
XKX,2024,0.0030664321110675232,0.003722611913773955,0.004730868738187496,49
YEM,2024,0.003082642453750323,0.00380181235025482,0.0032420685365599005,49
ZAF,2024,0.0030125555053860525,0.0037170086018666194,0.008979434280245124,49
ZMB,2024,0.0031165238756248664,0.003698678899905363,0.010018352911468617,49
ZWE,2024,0.0030889370126511847,0.0037269555967535117,0.0056262253959153095,49
ZZB,2024,0.0030683036020219836,0.00378790833063135,0.0009357454772301937,49
AFG,2025,0.008475292967645189,0.007036394850194739,0.008331012727389453,64
AGO,2025,0.008485712127451637,0.007081737689251915,0.005287403761398034,64
ALB,2025,0.008445554084667052,0.007067588427813001,0.0057156412227179695,64
ARE,2025,0.008427455243832118,0.007044725862922129,0.005239682639328017,64
ARG,2025,0.007514327259474892,0.0059877783345993595,0.007714945462210001,63
ARM,2025,0.008387943980477298,0.007001178015807883,0.004838649679360648,64
AUS,2025,0.008406487495445931,0.007023749096707068,0.0034961277025101463,64
AUT,2025,0.008357437148607266,0.0069479754267595594,0.007442341243274538,64
AZE,2025,0.008352806365307034,0.006992223533902323,0.0058335921133117405,63
BDI,2025,0.008384550778309813,0.007069044688104866,0.004053137530456207,64
BEL,2025,0.008396230579393281,0.007034353213342038,0.005186324790045365,64
BEN,2025,0.008440116505567082,0.007102577430456178,0.005785156753404957,64
BFA,2025,0.00793341992333785,0.006602855765914757,0.008337171641648515,63
BGD,2025,0.008321103795712081,0.007054997871797991,0.003424002958620798,63
BGR,2025,0.008339794880302131,0.0067856182259355136,0.005512928446523741,63
BHR,2025,0.008416975878553463,0.007040425847821229,0.0021500075504495503,64
BIH,2025,0.00843591352853261,0.007044725862922129,0.0037875299958295547,64
BLR,2025,0.00843402128019062,0.007050407663467848,0.00568180054571941,64
BOL,2025,0.008349040812742717,0.006788082280970421,0.007548340645638449,64
BRA,2025,0.008551631043098078,0.007299074507061956,0.014961684949401581,64
BRB,2025,0.008416975878553463,0.007045661608399359,0.0009357454772301937,64
BTN,2025,0.008526385201760692,0.007077880203287956,0.0033154340365827368,64
BWA,2025,0.008592360336973456,0.007191822505467929,0.005657563174838491,64
CAF,2025,0.008402572730238091,0.0070087179921337,0.007201574157685665,64
CAN,2025,0.008400851334006773,0.007050100711104359,0.0026874240911149193,64
CHE,2025,0.008407427586466466,0.00706859659313962,0.004774146043498301,64
CHL,2025,0.008460452679055482,0.007078541152201477,0.004830755611335522,64
CHN,2025,0.008396204863499769,0.007044725862922129,0.020771015053694507,64
CIV,2025,0.00829891244053269,0.007103757581932515,0.007378964876298261,63
CMR,2025,0.008400706289598209,0.007077265040832638,0.008134794477627216,64
COD,2025,0.008155782164359093,0.007044725862922129,0.01044774856777479,63
COG,2025,0.008430045585302184,0.007031656156173407,0.006534853374360509,64
COL,2025,0.008309873850106893,0.006912907981757121,0.008238617572812999,63
COM,2025,0.008428204824280226,0.007048468844831049,0.0009357454772301937,64
CPV,2025,0.008418847369507923,0.007040982881013208,0.0009357454772301937,64
CRI,2025,0.008416975878553463,0.007044725862922129,0.005015911403561806,64
CUB,2025,0.008419783114985153,0.007045661608399359,0.0009357454772301937,64
CYP,2025,0.008416975878553463,0.007063295497771697,0.0018569634849568079,64
CZE,2025,0.0084297445811808,0.007140491132627168,0.00638435131366924,64
DEU,2025,0.007966084394047774,0.006533715513815681,0.015029716150189621,63
DJI,2025,0.008416975878553463,0.007044725862922129,0.004457033229628295,64
DNK,2025,0.008416975878553463,0.0070477706387607935,0.0030447758386650016,64
DOM,2025,0.008529265335821086,0.00719444513927896,0.006238303181534621,64
DZA,2025,0.00837666581931166,0.007044725862922129,0.008062011848360633,64
ECU,2025,0.008416975878553463,0.00694655516700237,0.004908534795987903,64
EGY,2025,0.00840752768611681,0.007044725862922129,0.009448192436652654,64
ERI,2025,0.008421231967560555,0.007040469773915036,0.0042560890070924735,64
ESP,2025,0.008306563994596542,0.006956396355756591,0.005520594197846082,63
EST,2025,0.008416975878553463,0.007053445189150755,0.0029064420762086934,64
ETH,2025,0.008246092247358549,0.006927805483683503,0.008993875326048081,63
FIN,2025,0.008304847041768783,0.006915346435862883,0.0043126475686414995,63
FJI,2025,0.008421654605939613,0.007043790117444899,0.0009357454772301937,64
FRA,2025,0.008355643485706218,0.006983393470074884,0.008761770406749256,64
GAB,2025,0.00796168172051697,0.006886766665235999,0.004645858755474411,63
GBR,2025,0.00829220981492277,0.006913721496109902,0.006238303181534621,63
GEO,2025,0.007880274941633984,0.00642099234163733,0.004835143575851155,63
GHA,2025,0.008454551373652893,0.007068210547359273,0.004696936887428728,64
GIN,2025,0.008323660521236906,0.007007399719995506,0.009331535731655577,63
GMB,2025,0.008405278641444297,0.0070306891783911305,0.0023394474218330504,64
GNB,2025,0.007871394328590305,0.006711518339119126,0.0036616211406923383,63
GNQ,2025,0.008393144918125648,0.007027703748330832,0.003404422918259281,64
GRC,2025,0.008467338781079681,0.006999958838454378,0.005595878058468822,64
GTM,2025,0.009151745437699716,0.00814331335912138,0.00713368504025488,64
GUY,2025,0.0084534735663804,0.007049939818325977,0.005213955403848315,64
HKG,2025,0.008425397587848535,0.007047533099353819,0.0009357454772301937,64
HND,2025,0.00840970302600678,0.006935633074721876,0.007272852546683512,64
HRV,2025,0.008329481169782878,0.0069222332706433114,0.005832980584705573,63
HTI,2025,0.008454405697642671,0.007150777017008217,0.006238303181534621,64
HUN,2025,0.008511582310013059,0.0070636471492140475,0.009460643145959515,64
IDN,2025,0.007992863760378497,0.006883159341712618,0.01009790757559442,63
IND,2025,0.008490545627216165,0.007128805575679502,0.010509964094671618,64
IRL,2025,0.008423214181734997,0.007050964166103664,0.006238303181534621,64
IRN,2025,0.008534771460923558,0.007144399048004516,0.009061198643853415,64
IRQ,2025,0.008331682689747988,0.007061784500683224,0.00852931888054748,63
ISL,2025,0.008417911624030694,0.00705034033578551,0.0009357454772301937,64
ISR,2025,0.008404072283916968,0.006922141713875433,0.006451797318247124,64
ITA,2025,0.008268088061458083,0.006774020740930529,0.006767628049789995,63
JAM,2025,0.008416975878553463,0.007043790117444899,0.0009357454772301937,64
JOR,2025,0.008556571624711235,0.007171631086701921,0.006345261188989632,64
JPN,2025,0.008409399113928804,0.0070295723336728086,0.0018941911561649637,64
KAZ,2025,0.008404430584560231,0.0070070899809424325,0.006272646996616084,64
KEN,2025,0.00832267748371488,0.0068561290732449594,0.007253722679891117,63
KGZ,2025,0.008273946286972004,0.006981157155552592,0.005297392280794783,63
KHM,2025,0.008392245812324508,0.007024941809938965,0.0049460132457909145,64
KOR,2025,0.008422971155938392,0.007065709333769379,0.0029976386924643267,64
KWT,2025,0.00804743378733374,0.006678369479385334,0.0031857076829286445,63
LAO,2025,0.008439188593934516,0.007126172485985989,0.0074042384603509965,64
LBN,2025,0.008359641692787386,0.007011963471055799,0.004095298983291182,63
LBR,2025,0.008345789721286336,0.006927777175983277,0.005084725519080523,63
LBY,2025,0.008409635898654625,0.007074085782517479,0.0073399798988374315,64
LKA,2025,0.008620478636579533,0.0072017769044422485,0.002211986500283374,64
LSO,2025,0.008383857741826286,0.007013815601976764,0.0022078757818117644,63
LTU,2025,0.00849080705193668,0.007090160431157955,0.005679321029478196,64
LUX,2025,0.008408947993756844,0.0070126143237356576,0.004013942398308935,64
LVA,2025,0.008345513844098804,0.007026860354308464,0.005955169537888215,63
MAR,2025,0.008412048773065313,0.007044725862922129,0.004927105488149601,64
MDA,2025,0.008171685375094878,0.006774906309117686,0.0027254500384287133,63
MDG,2025,0.008362702640874112,0.007022267971468604,0.0009357454772301937,63
MDV,2025,0.00839919671448609,0.007027882444331985,0.0009357454772301937,63
MEX,2025,0.00817207725859031,0.006780988887577195,0.004709588845445244,63
MKD,2025,0.008388637909264555,0.0070843990199266,0.005667593857781588,64
MLI,2025,0.008061123859196075,0.007006255374342952,0.00961762214479426,63
MLT,2025,0.008416975878553463,0.007042854371967668,0.0009357454772301937,64
MMR,2025,0.008442639557347156,0.007044725862922129,0.008554559597897735,64
MNE,2025,0.008592289580776066,0.0070973199735889095,0.005843790074086729,64
MNG,2025,0.008309060885624747,0.006963789618225592,0.0029976386924643267,63
MOZ,2025,0.008083687084124677,0.00676021103840975,0.00812899498606797,63
MRT,2025,0.008229558336192374,0.0067605766857940265,0.00604572717293835,63
MUS,2025,0.008440369515484217,0.007061569281512272,0.0009357454772301937,64
MWI,2025,0.008383406654798928,0.007015352792136911,0.004196152969316797,64
MYS,2025,0.008450005475565093,0.0070249081047151505,0.0066059194023260406,64
NAM,2025,0.008428172190728798,0.007117501892061806,0.005598156087667485,64
NER,2025,0.007057773768818099,0.00611758799999006,0.009001338475068628,63
NGA,2025,0.0084831358642641,0.007035904531494044,0.004410665714042522,64
NIC,2025,0.008381064338969655,0.007039595642981585,0.005130219940543888,64
NLD,2025,0.008320641260994048,0.006944377302964405,0.004013942398308935,63
NOR,2025,0.00841266323098482,0.007070601748333977,0.0043126475686414995,64
NPL,2025,0.008363928933968139,0.007018202390629467,0.0033154340365827368,63
NZL,2025,0.0084057469328267,0.007032561171718136,0.0009357454772301937,63
OMN,2025,0.008427879988503955,0.007044725862922129,0.003634703316831014,64
PAK,2025,0.008280439777170865,0.006966705233560645,0.006501719113457025,63
PAN,2025,0.008443790740605438,0.007138577880104041,0.00446914367532919,64
PER,2025,0.007973250339977483,0.006501544600182568,0.0076504403202755054,63
PHL,2025,0.008412297151167312,0.007056890554126121,0.0009357454772301937,64
PNG,2025,0.008380928960614528,0.007116819698799997,0.009011729484733513,64
POL,2025,0.009667662912087533,0.008522810538916938,0.0094749017691975,64
PRK,2025,0.008419973517245927,0.007044725862922129,0.0029976386924643267,64
PRT,2025,0.008371975537096706,0.007037225806012669,0.002500018969819824,63
PRY,2025,0.008440985536295048,0.006900667916472618,0.004801931548317023,64
PSE,2025,0.00840106820544055,0.007039111390058747,0.0009357454772301937,63
PSG,2025,0.008391710750668248,0.007027882444331985,0.0009357454772301937,63
QAT,2025,0.008416975878553463,0.007088342302724101,0.003634703316831014,64
ROU,2025,0.007912816340997227,0.006489121474594848,0.010288970154208899,63
RUS,2025,0.00785988972034026,0.006810163269990253,0.029320324116484404,63
RWA,2025,0.008360737411546311,0.007003825159644201,0.0051125879097410456,63
SAU,2025,0.008431260519278559,0.00707329514437232,0.014284640725095707,64
SDN,2025,0.008394256684784385,0.006942489490961281,0.011359596884538649,64
SEN,2025,0.00825185713712041,0.006937398680990645,0.008255937071652631,63
SGP,2025,0.008481356800368621,0.007114059163338453,0.004952378601166036,64
SLB,2025,0.008493890688008685,0.0071111522892698216,0.0034961277025101463,64
SLE,2025,0.0082653250962419,0.006941159475002037,0.003698799568574696,63
SLV,2025,0.00820615055567412,0.0069644114542061885,0.005019650544746257,63
SML,2025,0.008433819297143607,0.007064376517943963,0.0009357454772301937,64
SOM,2025,0.008408339640899832,0.0070274533876148685,0.0043181188268150835,64
SRB,2025,0.007774153893879284,0.0067161724040886595,0.014284932992759545,63
SSD,2025,0.008325647742022038,0.007051751104193777,0.007025241271648104,63
STP,2025,0.0084057469328267,0.007025075207900295,0.0009357454772301937,63
SUR,2025,0.008428029744603164,0.007048410484938696,0.0036846220165669408,64
SVK,2025,0.008176795441836858,0.0065570867944369,0.0036390975260091702,63
SVN,2025,0.008284706414871477,0.006935131164442768,0.00377912753377105,63
SWE,2025,0.008405712411629466,0.007027830662536134,0.005631733461998288,64
SWZ,2025,0.00844385191588011,0.0070514448722537905,0.003359504665830888,64
SYC,2025,0.008425397587848535,0.007055019063171661,0.0009357454772301937,64
SYR,2025,0.008404518764557849,0.007107011432900199,0.006228556997807076,64
TCD,2025,0.00875214233938724,0.007063346221857339,0.006206786311736593,64
TGO,2025,0.008234559437711588,0.006918437557723907,0.004677344636971148,63
THA,2025,0.009185335166509424,0.0074456089696817605,0.006681385112660536,64
TJK,2025,0.008437984926107851,0.007070987172365115,0.005252261888597215,64
TKM,2025,0.008422028034498052,0.007044725862922129,0.005052155944589671,64
TLS,2025,0.008478560995445602,0.007103231723969662,0.003079255844607007,64
TTO,2025,0.008412297151167312,0.007037239899104287,0.0009357454772301937,64
TUN,2025,0.008376585633618115,0.006996257568999711,0.0040390244935348315,63
TUR,2025,0.00848200950564964,0.007060984269696173,0.01625840677404433,64
TWN,2025,0.008378231211296402,0.0070080203886785965,0.0020391930135295567,63
TZA,2025,0.008451377913359889,0.007061926880325342,0.008600508701606462,64
UGA,2025,0.008431058690210732,0.006967270398807152,0.007041405828634328,64
UKR,2025,0.008391128361749432,0.006967183312510037,0.00861583893467689,64
URY,2025,0.008462720527240083,0.007086951692479009,0.003518819129740016,64
USA,2025,0.008330446979537174,0.006809861708449345,0.006180635644020622,63
UZB,2025,0.008410647039956236,0.007013081669936001,0.006328838597225638,64
VEN,2025,0.008366123017908083,0.007009128860470362,0.005085286064537981,64
VNM,2025,0.00846867250632816,0.0070353264760540015,0.004699693434063447,64
VUT,2025,0.008398260969008859,0.007027882444331985,0.0009357454772301937,63
XKX,2025,0.008284511553884212,0.0069359158819438166,0.004730868738187496,63
YEM,2025,0.008410491741480343,0.007051209999995248,0.0032420685365599005,64
ZAF,2025,0.008614523432718856,0.007457779839813405,0.008979434280245124,64
ZMB,2025,0.008286737290704371,0.00667404680519779,0.010018352911468617,63
ZWE,2025,0.008281946469051496,0.0069378275803997375,0.0056262253959153095,63
ZZB,2025,0.008414168642121772,0.007055954808648891,0.0009357454772301937,64
