year,COWcode,pol_cat_pitf,regime_imputed
1970,2,D/fact,0
1971,2,D/fact,0
1972,2,D/fact,0
1973,2,D/fact,0
1974,2,D/F,0
1975,2,D/F,0
1976,2,D/F,0
1977,2,D/F,0
1978,2,D/F,0
1979,2,D/F,0
1980,2,D/F,0
1981,2,D/F,0
1982,2,D/F,0
1983,2,D/F,0
1984,2,D/F,0
1985,2,D/F,0
1986,2,D/F,0
1987,2,D/F,0
1988,2,D/F,0
1989,2,D/F,0
1990,2,D/F,0
1991,2,D/F,0
1992,2,D/F,0
1993,2,D/F,0
1994,2,D/F,0
1995,2,D/F,0
1996,2,D/F,0
1997,2,D/F,0
1998,2,D/F,0
1999,2,D/F,0
2000,2,D/F,0
2001,2,D/F,0
2002,2,D/F,0
2003,2,D/F,0
2004,2,D/F,0
2005,2,D/F,0
2006,2,D/F,0
2007,2,D/F,0
2008,2,D/F,0
2009,2,D/F,0
2010,2,D/F,0
2011,2,D/F,0
2012,2,D/F,0
2013,2,D/F,0
2014,2,D/F,0
2015,2,D/F,0
2016,2,D/fact,0
2017,2,D/fact,0
2018,2,D/fact,0
2019,2,D/fact,0
2020,2,D/fact,0
2021,2,D/fact,1
2022,2,D/fact,1
2023,2,D/fact,1
2024,2,D/fact,1
2025,2,D/fact,1
1970,20,D/F,0
1971,20,D/F,0
1972,20,D/F,0
1973,20,D/F,0
1974,20,D/F,0
1975,20,D/F,0
1976,20,D/F,0
1977,20,D/F,0
1978,20,D/F,0
1979,20,D/F,0
1980,20,D/F,0
1981,20,D/F,0
1982,20,D/F,0
1983,20,D/F,0
1984,20,D/F,0
1985,20,D/F,0
1986,20,D/F,0
1987,20,D/F,0
1988,20,D/F,0
1989,20,D/F,0
1990,20,D/F,0
1991,20,D/F,0
1992,20,D/F,0
1993,20,D/F,0
1994,20,D/F,0
1995,20,D/F,0
1996,20,D/F,0
1997,20,D/F,0
1998,20,D/F,0
1999,20,D/F,0
2000,20,D/F,0
2001,20,D/F,0
2002,20,D/F,0
2003,20,D/F,0
2004,20,D/F,0
2005,20,D/F,0
2006,20,D/F,0
2007,20,D/F,0
2008,20,D/F,0
2009,20,D/F,0
2010,20,D/F,0
2011,20,D/F,0
2012,20,D/F,0
2013,20,D/F,0
2014,20,D/F,0
2015,20,D/F,0
2016,20,D/F,0
2017,20,D/F,0
2018,20,D/F,0
2019,20,D/F,1
2020,20,D/F,1
2021,20,D/F,1
2022,20,D/F,1
2023,20,D/F,1
2024,20,D/F,1
2025,20,D/F,1
1970,40,A/F,0
1971,40,A/F,0
1972,40,A/F,0
1973,40,A/F,0
1974,40,A/F,0
1975,40,A/F,0
1976,40,A/F,0
1977,40,A/F,0
1978,40,A/F,0
1979,40,A/F,0
1980,40,A/F,0
1981,40,A/F,0
1982,40,A/F,0
1983,40,A/F,0
1984,40,A/F,0
1985,40,A/F,0
1986,40,A/F,0
1987,40,A/F,0
1988,40,A/F,0
1989,40,A/F,0
1990,40,A/F,0
1991,40,A/F,0
1992,40,A/F,0
1993,40,A/F,0
1994,40,A/F,0
1995,40,A/F,0
1996,40,A/F,0
1997,40,A/F,0
1998,40,A/F,0
1999,40,A/F,0
2000,40,A/F,0
2001,40,A/F,0
2002,40,A/F,0
2003,40,A/F,0
2004,40,A/F,0
2005,40,A/F,0
2006,40,A/F,0
2007,40,A/F,0
2008,40,A/F,0
2009,40,A/F,0
2010,40,A/F,0
2011,40,A/F,0
2012,40,A/F,0
2013,40,A/F,0
2014,40,A/F,0
2015,40,A/F,0
2016,40,A/F,0
2017,40,A/F,0
2018,40,A/F,0
2019,40,A/F,1
2020,40,A/F,1
2021,40,A/F,1
2022,40,A/F,1
2023,40,A/F,1
2024,40,A/F,1
2025,40,A/F,1
1970,41,A/F,0
1971,41,A/F,0
1972,41,A/F,0
1973,41,A/F,0
1974,41,A/F,0
1975,41,A/F,0
1976,41,A/F,0
1977,41,A/F,0
1978,41,A/F,0
1979,41,A/F,0
1980,41,A/F,0
1981,41,A/F,0
1982,41,A/F,0
1983,41,A/F,0
1984,41,A/F,0
1985,41,A/F,0
1986,41,transition,0
1987,41,transition,0
1988,41,transition,0
1989,41,transition,0
1990,41,transition,0
1991,41,A/F,0
1992,41,A/F,0
1993,41,A/F,0
1994,41,D/fact,0
1995,41,D/fact,0
1996,41,D/fact,0
1997,41,D/fact,0
1998,41,D/fact,0
1999,41,transition,0
2000,41,A/P,0
2001,41,A/P,0
2002,41,A/P,0
2003,41,A/P,0
2004,41,transition,0
2005,41,transition,0
2006,41,D/fact,0
2007,41,D/fact,0
2008,41,D/fact,0
2009,41,D/fact,0
2010,41,transition,0
2011,41,transition,0
2012,41,transition,0
2013,41,transition,0
2014,41,transition,0
2015,41,transition,0
2016,41,transition,0
2017,41,D/P,0
2018,41,D/P,0
2019,41,D/P,1
2020,41,D/P,1
2021,41,D/P,1
2022,41,D/P,1
2023,41,D/P,1
2024,41,D/P,1
2025,41,D/P,1
1970,42,A/P,0
1971,42,A/P,0
1972,42,A/P,0
1973,42,A/P,0
1974,42,A/P,0
1975,42,A/P,0
1976,42,A/P,0
1977,42,A/P,0
1978,42,D/fact,0
1979,42,D/fact,0
1980,42,D/fact,0
1981,42,D/fact,0
1982,42,D/fact,0
1983,42,D/fact,0
1984,42,D/fact,0
1985,42,D/fact,0
1986,42,D/fact,0
1987,42,D/fact,0
1988,42,D/fact,0
1989,42,D/fact,0
1990,42,D/fact,0
1991,42,D/fact,0
1992,42,D/fact,0
1993,42,D/fact,0
1994,42,D/fact,0
1995,42,D/fact,0
1996,42,D/P,0
1997,42,D/P,0
1998,42,D/P,0
1999,42,D/P,0
2000,42,D/P,0
2001,42,D/P,0
2002,42,D/P,0
2003,42,D/P,0
2004,42,D/P,0
2005,42,D/P,0
2006,42,D/P,0
2007,42,D/P,0
2008,42,D/P,0
2009,42,D/P,0
2010,42,D/P,0
2011,42,D/P,0
2012,42,D/P,0
2013,42,D/P,0
2014,42,D/P,0
2015,42,D/P,0
2016,42,D/P,0
2017,42,D/P,0
2018,42,D/P,0
2019,42,D/P,1
2020,42,D/P,1
2021,42,D/P,1
2022,42,D/P,1
2023,42,D/P,1
2024,42,D/P,1
2025,42,D/P,1
1970,51,D/F,0
1971,51,D/F,0
1972,51,D/F,0
1973,51,D/F,0
1974,51,D/F,0
1975,51,D/F,0
1976,51,D/F,0
1977,51,D/F,0
1978,51,D/F,0
1979,51,D/F,0
1980,51,D/F,0
1981,51,D/F,0
1982,51,D/F,0
1983,51,D/F,0
1984,51,D/F,0
1985,51,D/F,0
1986,51,D/F,0
1987,51,D/F,0
1988,51,D/F,0
1989,51,D/F,0
1990,51,D/F,0
1991,51,D/F,0
1992,51,D/F,0
1993,51,D/P,0
1994,51,D/P,0
1995,51,D/P,0
1996,51,D/P,0
1997,51,D/P,0
1998,51,D/P,0
1999,51,D/P,0
2000,51,D/P,0
2001,51,D/P,0
2002,51,D/P,0
2003,51,D/P,0
2004,51,D/P,0
2005,51,D/P,0
2006,51,D/P,0
2007,51,D/P,0
2008,51,D/P,0
2009,51,D/P,0
2010,51,D/P,0
2011,51,D/P,0
2012,51,D/P,0
2013,51,D/P,0
2014,51,D/P,0
2015,51,D/P,0
2016,51,D/P,0
2017,51,D/P,0
2018,51,D/P,0
2019,51,D/P,1
2020,51,D/P,1
2021,51,D/P,1
2022,51,D/P,1
2023,51,D/P,1
2024,51,D/P,1
2025,51,D/P,1
1970,52,D/P,0
1971,52,D/P,0
1972,52,D/P,0
1973,52,D/P,0
1974,52,D/P,0
1975,52,D/P,0
1976,52,D/P,0
1977,52,D/P,0
1978,52,D/P,0
1979,52,D/P,0
1980,52,D/P,0
1981,52,D/P,0
1982,52,D/P,0
1983,52,D/P,0
1984,52,D/P,0
1985,52,D/P,0
1986,52,D/P,0
1987,52,D/P,0
1988,52,D/P,0
1989,52,D/P,0
1990,52,D/P,0
1991,52,D/P,0
1992,52,D/P,0
1993,52,D/P,0
1994,52,D/P,0
1995,52,D/P,0
1996,52,D/P,0
1997,52,D/P,0
1998,52,D/P,0
1999,52,D/P,0
2000,52,D/P,0
2001,52,D/P,0
2002,52,D/P,0
2003,52,D/P,0
2004,52,D/P,0
2005,52,D/P,0
2006,52,D/P,0
2007,52,D/P,0
2008,52,D/P,0
2009,52,D/P,0
2010,52,D/P,0
2011,52,D/P,0
2012,52,D/P,0
2013,52,D/P,0
2014,52,D/P,0
2015,52,D/P,0
2016,52,D/P,0
2017,52,D/P,0
2018,52,D/P,0
2019,52,D/P,1
2020,52,D/P,1
2021,52,D/P,1
2022,52,D/P,1
2023,52,D/P,1
2024,52,D/P,1
2025,52,D/P,1
1970,70,A/F,0
1971,70,A/F,0
1972,70,A/F,0
1973,70,A/F,0
1974,70,A/F,0
1975,70,A/F,0
1976,70,A/F,0
1977,70,A/P,0
1978,70,A/P,0
1979,70,A/P,0
1980,70,A/P,0
1981,70,A/P,0
1982,70,A/P,0
1983,70,A/P,0
1984,70,A/P,0
1985,70,A/P,0
1986,70,A/P,0
1987,70,A/P,0
1988,70,A/P,0
1989,70,A/P,0
1990,70,A/P,0
1991,70,A/P,0
1992,70,A/P,0
1993,70,A/P,0
1994,70,D/fact,0
1995,70,D/fact,0
1996,70,D/fact,0
1997,70,D/P,0
1998,70,D/P,0
1999,70,D/fact,0
2000,70,D/P,0
2001,70,D/P,0
2002,70,D/P,0
2003,70,D/P,0
2004,70,D/P,0
2005,70,D/P,0
2006,70,D/P,0
2007,70,D/P,0
2008,70,D/P,0
2009,70,D/P,0
2010,70,D/P,0
2011,70,D/P,0
2012,70,D/P,0
2013,70,D/P,0
2014,70,D/P,0
2015,70,D/P,0
2016,70,D/P,0
2017,70,D/P,0
2018,70,D/P,0
2019,70,D/P,1
2020,70,D/P,1
2021,70,D/P,1
2022,70,D/P,1
2023,70,D/P,1
2024,70,D/P,1
2025,70,D/P,1
1970,90,D/fact,0
1971,90,D/fact,0
1972,90,D/fact,0
1973,90,D/fact,0
1974,90,A/P,0
1975,90,A/P,0
1976,90,A/P,0
1977,90,A/P,0
1978,90,A/F,0
1979,90,A/F,0
1980,90,A/F,0
1981,90,A/F,0
1982,90,A/F,0
1983,90,A/F,0
1984,90,A/F,0
1985,90,transition,0
1986,90,D/fact,0
1987,90,D/fact,0
1988,90,D/fact,0
1989,90,D/fact,0
1990,90,D/fact,0
1991,90,D/fact,0
1992,90,D/fact,0
1993,90,D/fact,0
1994,90,D/fact,0
1995,90,D/fact,0
1996,90,D/P,0
1997,90,D/P,0
1998,90,D/P,0
1999,90,D/P,0
2000,90,D/P,0
2001,90,D/P,0
2002,90,D/P,0
2003,90,D/P,0
2004,90,D/P,0
2005,90,D/P,0
2006,90,D/P,0
2007,90,D/P,0
2008,90,D/P,0
2009,90,D/P,0
2010,90,D/P,0
2011,90,D/P,0
2012,90,D/P,0
2013,90,D/P,0
2014,90,D/P,0
2015,90,D/P,0
2016,90,D/P,0
2017,90,D/P,0
2018,90,D/P,0
2019,90,D/P,1
2020,90,D/P,1
2021,90,D/P,1
2022,90,D/P,1
2023,90,D/P,1
2024,90,D/P,1
2025,90,D/P,1
1970,91,A/P,0
1971,91,A/P,0
1972,91,A/P,0
1973,91,A/P,0
1974,91,A/P,0
1975,91,A/P,0
1976,91,A/P,0
1977,91,A/P,0
1978,91,A/P,0
1979,91,A/P,0
1980,91,transition,0
1981,91,transition,0
1982,91,D/fact,0
1983,91,D/fact,0
1984,91,D/fact,0
1985,91,D/fact,0
1986,91,D/fact,0
1987,91,D/fact,0
1988,91,D/fact,0
1989,91,D/P,0
1990,91,D/P,0
1991,91,D/P,0
1992,91,D/P,0
1993,91,D/P,0
1994,91,D/P,0
1995,91,D/P,0
1996,91,D/P,0
1997,91,D/P,0
1998,91,D/P,0
1999,91,D/P,0
2000,91,D/P,0
2001,91,D/P,0
2002,91,D/P,0
2003,91,D/P,0
2004,91,D/P,0
2005,91,D/P,0
2006,91,D/P,0
2007,91,D/P,0
2008,91,D/P,0
2009,91,D/P,0
2010,91,D/P,0
2011,91,D/P,0
2012,91,D/P,0
2013,91,D/P,0
2014,91,D/P,0
2015,91,D/P,0
2016,91,D/P,0
2017,91,D/P,0
2018,91,D/P,0
2019,91,D/P,1
2020,91,D/P,1
2021,91,D/P,1
2022,91,D/P,1
2023,91,D/P,1
2024,91,D/P,1
2025,91,D/P,1
1970,92,A/P,0
1971,92,A/P,0
1972,92,A/P,0
1973,92,A/P,0
1974,92,A/P,0
1975,92,A/P,0
1976,92,A/P,0
1977,92,A/F,0
1978,92,A/F,0
1979,92,transition,0
1980,92,transition,0
1981,92,transition,0
1982,92,transition,0
1983,92,transition,0
1984,92,D/fact,0
1985,92,D/fact,0
1986,92,D/fact,0
1987,92,D/fact,0
1988,92,D/fact,0
1989,92,D/fact,0
1990,92,D/fact,0
1991,92,D/fact,0
1992,92,D/fact,0
1993,92,D/fact,0
1994,92,D/P,0
1995,92,D/P,0
1996,92,D/P,0
1997,92,D/P,0
1998,92,D/P,0
1999,92,D/P,0
2000,92,D/P,0
2001,92,D/P,0
2002,92,D/P,0
2003,92,D/P,0
2004,92,D/P,0
2005,92,D/P,0
2006,92,D/P,0
2007,92,D/P,0
2008,92,D/P,0
2009,92,D/P,0
2010,92,D/P,0
2011,92,D/P,0
2012,92,D/P,0
2013,92,D/P,0
2014,92,D/P,0
2015,92,D/P,0
2016,92,D/P,0
2017,92,D/P,0
2018,92,D/P,0
2019,92,D/P,1
2020,92,D/P,1
2021,92,D/P,1
2022,92,D/P,1
2023,92,D/P,1
2024,92,D/P,1
2025,92,D/P,1
1970,93,A/F,0
1971,93,A/F,0
1972,93,A/F,0
1973,93,A/F,0
1974,93,A/F,0
1975,93,A/F,0
1976,93,A/F,0
1977,93,A/F,0
1978,93,A/F,0
1979,93,A/F,0
1980,93,A/F,0
1981,93,A/F,0
1982,93,A/F,0
1983,93,A/F,0
1984,93,A/P,0
1985,93,A/P,0
1986,93,A/P,0
1987,93,A/P,0
1988,93,A/P,0
1989,93,A/P,0
1990,93,D/fact,0
1991,93,D/fact,0
1992,93,D/fact,0
1993,93,D/fact,0
1994,93,D/fact,0
1995,93,D/fact,0
1996,93,D/fact,0
1997,93,D/fact,0
1998,93,D/fact,0
1999,93,D/fact,0
2000,93,D/fact,0
2001,93,D/fact,0
2002,93,D/fact,0
2003,93,D/fact,0
2004,93,D/fact,0
2005,93,D/fact,0
2006,93,D/fact,0
2007,93,D/P,0
2008,93,D/P,0
2009,93,D/P,0
2010,93,D/P,0
2011,93,D/P,0
2012,93,D/P,0
2013,93,D/P,0
2014,93,D/P,0
2015,93,D/P,0
2016,93,D/P,0
2017,93,D/P,0
2018,93,D/P,0
2019,93,D/P,1
2020,93,D/P,1
2021,93,D/P,1
2022,93,D/P,1
2023,93,D/P,1
2024,93,D/P,1
2025,93,D/P,1
1970,94,D/F,0
1971,94,D/F,0
1972,94,D/F,0
1973,94,D/F,0
1974,94,D/F,0
1975,94,D/F,0
1976,94,D/F,0
1977,94,D/F,0
1978,94,D/F,0
1979,94,D/F,0
1980,94,D/F,0
1981,94,D/F,0
1982,94,D/F,0
1983,94,D/F,0
1984,94,D/F,0
1985,94,D/F,0
1986,94,D/F,0
1987,94,D/F,0
1988,94,D/F,0
1989,94,D/F,0
1990,94,D/F,0
1991,94,D/F,0
1992,94,D/F,0
1993,94,D/F,0
1994,94,D/F,0
1995,94,D/F,0
1996,94,D/F,0
1997,94,D/F,0
1998,94,D/F,0
1999,94,D/F,0
2000,94,D/F,0
2001,94,D/F,0
2002,94,D/F,0
2003,94,D/F,0
2004,94,D/F,0
2005,94,D/F,0
2006,94,D/F,0
2007,94,D/F,0
2008,94,D/F,0
2009,94,D/F,0
2010,94,D/F,0
2011,94,D/F,0
2012,94,D/F,0
2013,94,D/F,0
2014,94,D/F,0
2015,94,D/F,0
2016,94,D/F,0
2017,94,D/F,0
2018,94,D/F,0
2019,94,D/F,1
2020,94,D/F,1
2021,94,D/F,1
2022,94,D/F,1
2023,94,D/F,1
2024,94,D/F,1
2025,94,D/F,1
1970,95,A/F,0
1971,95,A/F,0
1972,95,A/F,0
1973,95,A/F,0
1974,95,A/F,0
1975,95,A/F,0
1976,95,A/F,0
1977,95,A/F,0
1978,95,A/F,0
1979,95,A/F,0
1980,95,A/F,0
1981,95,A/F,0
1982,95,A/F,0
1983,95,A/F,0
1984,95,A/F,0
1985,95,A/F,0
1986,95,A/F,0
1987,95,A/F,0
1988,95,A/F,0
1989,95,D/P,0
1990,95,D/P,0
1991,95,D/P,0
1992,95,D/P,0
1993,95,D/P,0
1994,95,D/F,0
1995,95,D/F,0
1996,95,D/F,0
1997,95,D/F,0
1998,95,D/F,0
1999,95,D/F,0
2000,95,D/F,0
2001,95,D/F,0
2002,95,D/F,0
2003,95,D/F,0
2004,95,D/F,0
2005,95,D/F,0
2006,95,D/F,0
2007,95,D/F,0
2008,95,D/F,0
2009,95,D/F,0
2010,95,D/F,0
2011,95,D/F,0
2012,95,D/F,0
2013,95,D/F,0
2014,95,D/F,0
2015,95,D/F,0
2016,95,D/F,0
2017,95,D/F,0
2018,95,D/F,0
2019,95,D/F,1
2020,95,D/F,1
2021,95,D/F,1
2022,95,D/F,1
2023,95,D/F,1
2024,95,D/F,1
2025,95,D/F,1
1970,100,D/P,0
1971,100,D/P,0
1972,100,D/P,0
1973,100,D/P,0
1974,100,D/P,0
1975,100,D/P,0
1976,100,D/P,0
1977,100,D/P,0
1978,100,D/P,0
1979,100,D/P,0
1980,100,D/P,0
1981,100,D/P,0
1982,100,D/P,0
1983,100,D/P,0
1984,100,D/P,0
1985,100,D/P,0
1986,100,D/P,0
1987,100,D/P,0
1988,100,D/P,0
1989,100,D/P,0
1990,100,D/P,0
1991,100,D/P,0
1992,100,D/P,0
1993,100,D/P,0
1994,100,D/P,0
1995,100,D/fact,0
1996,100,D/fact,0
1997,100,D/fact,0
1998,100,D/fact,0
1999,100,D/fact,0
2000,100,D/fact,0
2001,100,D/fact,0
2002,100,D/fact,0
2003,100,D/fact,0
2004,100,D/fact,0
2005,100,D/fact,0
2006,100,D/fact,0
2007,100,D/fact,0
2008,100,D/fact,0
2009,100,D/fact,0
2010,100,D/fact,0
2011,100,D/fact,0
2012,100,D/fact,0
2013,100,D/fact,0
2014,100,D/fact,0
2015,100,D/fact,0
2016,100,D/fact,0
2017,100,D/fact,0
2018,100,D/fact,0
2019,100,D/fact,1
2020,100,D/fact,1
2021,100,D/fact,1
2022,100,D/fact,1
2023,100,D/fact,1
2024,100,D/fact,1
2025,100,D/fact,1
1970,101,D/F,0
1971,101,D/F,0
1972,101,D/F,0
1973,101,D/F,0
1974,101,D/F,0
1975,101,D/F,0
1976,101,D/F,0
1977,101,D/F,0
1978,101,D/F,0
1979,101,D/F,0
1980,101,D/F,0
1981,101,D/F,0
1982,101,D/F,0
1983,101,D/F,0
1984,101,D/F,0
1985,101,D/F,0
1986,101,D/F,0
1987,101,D/F,0
1988,101,D/F,0
1989,101,D/F,0
1990,101,D/F,0
1991,101,D/F,0
1992,101,D/P,0
1993,101,D/P,0
1994,101,D/P,0
1995,101,D/P,0
1996,101,D/P,0
1997,101,D/P,0
1998,101,D/P,0
1999,101,D/P,0
2000,101,D/P,0
2001,101,D/fact,0
2002,101,D/fact,0
2003,101,D/fact,0
2004,101,D/fact,0
2005,101,D/fact,0
2006,101,D/fact,0
2007,101,D/fact,0
2008,101,D/fact,0
2009,101,A/P,0
2010,101,A/P,0
2011,101,A/P,0
2012,101,A/P,0
2013,101,D/fact,0
2014,101,D/fact,0
2015,101,D/fact,0
2016,101,D/fact,0
2017,101,A/P,0
2018,101,A/P,0
2019,101,A/P,1
2020,101,A/P,1
2021,101,A/P,1
2022,101,A/P,1
2023,101,A/P,1
2024,101,A/P,1
2025,101,A/P,1
1970,110,A/P,0
1971,110,A/P,0
1972,110,A/P,0
1973,110,A/P,0
1974,110,A/P,0
1975,110,A/P,0
1976,110,A/P,0
1977,110,A/P,0
1978,110,A/P,0
1979,110,A/P,0
1980,110,A/F,0
1981,110,A/F,0
1982,110,A/F,0
1983,110,A/F,0
1984,110,A/F,0
1985,110,A/F,0
1986,110,A/F,0
1987,110,A/F,0
1988,110,A/F,0
1989,110,A/F,0
1990,110,A/F,0
1991,110,A/F,0
1992,110,D/fact,0
1993,110,D/fact,0
1994,110,D/fact,0
1995,110,D/fact,0
1996,110,D/fact,0
1997,110,D/fact,0
1998,110,D/fact,0
1999,110,D/fact,0
2000,110,D/fact,0
2001,110,D/fact,0
2002,110,D/fact,0
2003,110,D/fact,0
2004,110,D/fact,0
2005,110,D/fact,0
2006,110,D/fact,0
2007,110,D/fact,0
2008,110,D/fact,0
2009,110,D/fact,0
2010,110,D/fact,0
2011,110,D/fact,0
2012,110,D/fact,0
2013,110,D/fact,0
2014,110,D/fact,0
2015,110,D/P,0
2016,110,D/P,0
2017,110,D/P,0
2018,110,D/P,0
2019,110,D/P,1
2020,110,D/P,1
2021,110,D/P,1
2022,110,D/P,1
2023,110,D/P,1
2024,110,D/P,1
2025,110,D/P,1
1975,115,D/fact,0
1976,115,D/fact,0
1977,115,D/fact,0
1978,115,D/fact,0
1979,115,D/fact,0
1980,115,A/P,0
1981,115,A/P,0
1982,115,A/F,0
1983,115,A/F,0
1984,115,A/F,0
1985,115,A/F,0
1986,115,A/F,0
1987,115,A/P,0
1988,115,A/P,0
1989,115,A/P,0
1990,115,A/P,0
1991,115,D/P,0
1992,115,D/P,0
1993,115,D/P,0
1994,115,D/P,0
1995,115,D/P,0
1996,115,D/P,0
1997,115,D/P,0
1998,115,D/P,0
1999,115,D/P,0
2000,115,D/P,0
2001,115,D/P,0
2002,115,D/P,0
2003,115,D/P,0
2004,115,D/P,0
2005,115,D/P,0
2006,115,D/P,0
2007,115,D/P,0
2008,115,D/P,0
2009,115,D/P,0
2010,115,D/P,0
2011,115,D/P,0
2012,115,D/P,0
2013,115,D/P,0
2014,115,D/P,0
2015,115,D/P,0
2016,115,D/P,0
2017,115,D/P,0
2018,115,D/P,0
2019,115,D/P,1
2020,115,D/P,1
2021,115,D/P,1
2022,115,D/P,1
2023,115,D/P,1
2024,115,D/P,1
2025,115,D/P,1
1970,130,D/fact,0
1971,130,D/fact,0
1972,130,A/F,0
1973,130,A/F,0
1974,130,A/F,0
1975,130,A/F,0
1976,130,A/F,0
1977,130,A/F,0
1978,130,A/F,0
1979,130,D/P,0
1980,130,D/P,0
1981,130,D/P,0
1982,130,D/P,0
1983,130,D/P,0
1984,130,D/P,0
1985,130,D/P,0
1986,130,D/P,0
1987,130,D/P,0
1988,130,D/P,0
1989,130,D/P,0
1990,130,D/P,0
1991,130,D/P,0
1992,130,D/P,0
1993,130,D/P,0
1994,130,D/P,0
1995,130,D/P,0
1996,130,D/P,0
1997,130,D/P,0
1998,130,D/P,0
1999,130,D/P,0
2000,130,D/fact,0
2001,130,D/fact,0
2002,130,D/fact,0
2003,130,D/fact,0
2004,130,D/fact,0
2005,130,D/fact,0
2006,130,D/fact,0
2007,130,D/fact,0
2008,130,D/fact,0
2009,130,D/fact,0
2010,130,D/fact,0
2011,130,D/fact,0
2012,130,D/fact,0
2013,130,D/P,0
2014,130,D/P,0
2015,130,D/P,0
2016,130,D/P,0
2017,130,D/P,0
2018,130,D/P,0
2019,130,D/P,1
2020,130,D/P,1
2021,130,D/P,1
2022,130,D/P,1
2023,130,D/P,1
2024,130,D/P,1
2025,130,D/P,1
1970,135,A/F,0
1971,135,A/F,0
1972,135,A/F,0
1973,135,A/F,0
1974,135,A/F,0
1975,135,A/F,0
1976,135,A/F,0
1977,135,A/F,0
1978,135,transition,0
1979,135,transition,0
1980,135,D/fact,0
1981,135,D/fact,0
1982,135,D/fact,0
1983,135,D/fact,0
1984,135,D/fact,0
1985,135,D/fact,0
1986,135,D/fact,0
1987,135,D/fact,0
1988,135,D/fact,0
1989,135,D/fact,0
1990,135,D/fact,0
1991,135,D/fact,0
1992,135,A/F,0
1993,135,A/P,0
1994,135,A/P,0
1995,135,A/P,0
1996,135,A/P,0
1997,135,A/P,0
1998,135,A/P,0
1999,135,A/P,0
2000,135,transition,0
2001,135,D/P,0
2002,135,D/P,0
2003,135,D/P,0
2004,135,D/P,0
2005,135,D/P,0
2006,135,D/P,0
2007,135,D/P,0
2008,135,D/P,0
2009,135,D/P,0
2010,135,D/P,0
2011,135,D/P,0
2012,135,D/P,0
2013,135,D/P,0
2014,135,D/P,0
2015,135,D/P,0
2016,135,D/P,0
2017,135,D/P,0
2018,135,D/P,0
2019,135,D/P,1
2020,135,D/P,1
2021,135,D/P,1
2022,135,D/P,1
2023,135,D/P,1
2024,135,D/P,1
2025,135,D/P,1
1970,140,A/F,0
1971,140,A/F,0
1972,140,A/F,0
1973,140,A/F,0
1974,140,A/P,0
1975,140,A/P,0
1976,140,A/P,0
1977,140,A/P,0
1978,140,A/P,0
1979,140,A/P,0
1980,140,A/P,0
1981,140,A/P,0
1982,140,A/P,0
1983,140,A/P,0
1984,140,A/P,0
1985,140,D/P,0
1986,140,D/P,0
1987,140,D/P,0
1988,140,D/P,0
1989,140,D/P,0
1990,140,D/P,0
1991,140,D/P,0
1992,140,D/P,0
1993,140,D/P,0
1994,140,D/P,0
1995,140,D/P,0
1996,140,D/P,0
1997,140,D/P,0
1998,140,D/P,0
1999,140,D/P,0
2000,140,D/P,0
2001,140,D/P,0
2002,140,D/P,0
2003,140,D/P,0
2004,140,D/P,0
2005,140,D/P,0
2006,140,D/P,0
2007,140,D/P,0
2008,140,D/P,0
2009,140,D/P,0
2010,140,D/P,0
2011,140,D/P,0
2012,140,D/P,0
2013,140,D/P,0
2014,140,D/P,0
2015,140,D/P,0
2016,140,D/P,0
2017,140,D/P,0
2018,140,D/P,0
2019,140,D/P,1
2020,140,D/P,1
2021,140,D/P,1
2022,140,D/P,1
2023,140,D/P,1
2024,140,D/P,1
2025,140,D/P,1
1970,145,A/F,0
1971,145,A/F,0
1972,145,A/F,0
1973,145,A/F,0
1974,145,A/F,0
1975,145,A/F,0
1976,145,A/F,0
1977,145,A/F,0
1978,145,A/F,0
1979,145,A/F,0
1980,145,A/F,0
1981,145,A/F,0
1982,145,D/fact,0
1983,145,D/fact,0
1984,145,D/fact,0
1985,145,D/P,0
1986,145,D/P,0
1987,145,D/P,0
1988,145,D/P,0
1989,145,D/P,0
1990,145,D/P,0
1991,145,D/P,0
1992,145,D/P,0
1993,145,D/P,0
1994,145,D/P,0
1995,145,D/P,0
1996,145,D/P,0
1997,145,D/P,0
1998,145,D/P,0
1999,145,D/P,0
2000,145,D/P,0
2001,145,D/P,0
2002,145,D/P,0
2003,145,D/fact,0
2004,145,D/fact,0
2005,145,D/fact,0
2006,145,D/fact,0
2007,145,D/fact,0
2008,145,D/fact,0
2009,145,D/fact,0
2010,145,D/fact,0
2011,145,D/fact,0
2012,145,D/fact,0
2013,145,D/fact,0
2014,145,D/fact,0
2015,145,D/fact,0
2016,145,D/fact,0
2017,145,D/fact,0
2018,145,D/fact,0
2019,145,D/fact,1
2020,145,D/fact,1
2021,145,D/fact,1
2022,145,D/fact,1
2023,145,D/fact,1
2024,145,D/fact,1
2025,145,D/fact,1
1970,150,A/F,0
1971,150,A/F,0
1972,150,A/F,0
1973,150,A/F,0
1974,150,A/F,0
1975,150,A/F,0
1976,150,A/F,0
1977,150,A/F,0
1978,150,A/F,0
1979,150,A/F,0
1980,150,A/F,0
1981,150,A/F,0
1982,150,A/F,0
1983,150,A/F,0
1984,150,A/F,0
1985,150,A/F,0
1986,150,A/F,0
1987,150,A/F,0
1988,150,A/F,0
1989,150,D/fact,0
1990,150,D/fact,0
1991,150,D/fact,0
1992,150,D/fact,0
1993,150,D/fact,0
1994,150,D/fact,0
1995,150,D/fact,0
1996,150,D/fact,0
1997,150,D/fact,0
1998,150,D/fact,0
1999,150,D/fact,0
2000,150,D/fact,0
2001,150,D/fact,0
2002,150,D/fact,0
2003,150,D/fact,0
2004,150,D/fact,0
2005,150,D/fact,0
2006,150,D/fact,0
2007,150,D/fact,0
2008,150,D/P,0
2009,150,D/P,0
2010,150,D/P,0
2011,150,D/P,0
2012,150,D/P,0
2013,150,D/P,0
2014,150,D/P,0
2015,150,D/P,0
2016,150,D/P,0
2017,150,D/P,0
2018,150,D/P,0
2019,150,D/P,1
2020,150,D/P,1
2021,150,D/P,1
2022,150,D/P,1
2023,150,D/P,1
2024,150,D/P,1
2025,150,D/P,1
1970,155,D/fact,0
1971,155,D/fact,0
1972,155,D/fact,0
1973,155,A/F,0
1974,155,A/F,0
1975,155,A/F,0
1976,155,A/F,0
1977,155,A/F,0
1978,155,A/F,0
1979,155,A/F,0
1980,155,A/F,0
1981,155,A/F,0
1982,155,A/F,0
1983,155,A/F,0
1984,155,A/F,0
1985,155,A/F,0
1986,155,A/F,0
1987,155,A/F,0
1988,155,A/P,0
1989,155,D/P,0
1990,155,D/P,0
1991,155,D/P,0
1992,155,D/P,0
1993,155,D/P,0
1994,155,D/P,0
1995,155,D/P,0
1996,155,D/P,0
1997,155,D/P,0
1998,155,D/P,0
1999,155,D/P,0
2000,155,D/P,0
2001,155,D/P,0
2002,155,D/P,0
2003,155,D/P,0
2004,155,D/P,0
2005,155,D/P,0
2006,155,D/F,0
2007,155,D/F,0
2008,155,D/F,0
2009,155,D/F,0
2010,155,D/F,0
2011,155,D/F,0
2012,155,D/F,0
2013,155,D/F,0
2014,155,D/F,0
2015,155,D/F,0
2016,155,D/F,0
2017,155,D/F,0
2018,155,D/F,0
2019,155,D/F,1
2020,155,D/F,1
2021,155,D/F,1
2022,155,D/F,1
2023,155,D/F,1
2024,155,D/F,1
2025,155,D/F,1
1970,160,A/F,0
1971,160,A/F,0
1972,160,A/F,0
1973,160,D/fact,0
1974,160,D/fact,0
1975,160,D/fact,0
1976,160,A/F,0
1977,160,A/F,0
1978,160,A/F,0
1979,160,A/F,0
1980,160,A/F,0
1981,160,A/F,0
1982,160,A/F,0
1983,160,D/fact,0
1984,160,D/fact,0
1985,160,D/fact,0
1986,160,D/fact,0
1987,160,D/fact,0
1988,160,D/fact,0
1989,160,D/fact,0
1990,160,D/P,0
1991,160,D/P,0
1992,160,D/P,0
1993,160,D/P,0
1994,160,D/P,0
1995,160,D/P,0
1996,160,D/P,0
1997,160,D/P,0
1998,160,D/P,0
1999,160,D/P,0
2000,160,D/P,0
2001,160,D/P,0
2002,160,D/P,0
2003,160,D/P,0
2004,160,D/P,0
2005,160,D/P,0
2006,160,D/P,0
2007,160,D/P,0
2008,160,D/P,0
2009,160,D/P,0
2010,160,D/P,0
2011,160,D/P,0
2012,160,D/P,0
2013,160,D/P,0
2014,160,D/P,0
2015,160,D/P,0
2016,160,D/P,0
2017,160,D/P,0
2018,160,D/P,0
2019,160,D/P,1
2020,160,D/P,1
2021,160,D/P,1
2022,160,D/P,1
2023,160,D/P,1
2024,160,D/P,1
2025,160,D/P,1
1970,165,D/F,0
1971,165,transition,0
1972,165,transition,0
1973,165,A/F,0
1974,165,A/F,0
1975,165,A/F,0
1976,165,A/F,0
1977,165,A/F,0
1978,165,A/F,0
1979,165,A/F,0
1980,165,A/F,0
1981,165,A/F,0
1982,165,A/F,0
1983,165,A/F,0
1984,165,A/F,0
1985,165,D/P,0
1986,165,D/P,0
1987,165,D/P,0
1988,165,D/P,0
1989,165,D/F,0
1990,165,D/F,0
1991,165,D/F,0
1992,165,D/F,0
1993,165,D/F,0
1994,165,D/F,0
1995,165,D/F,0
1996,165,D/F,0
1997,165,D/F,0
1998,165,D/F,0
1999,165,D/F,0
2000,165,D/F,0
2001,165,D/F,0
2002,165,D/F,0
2003,165,D/F,0
2004,165,D/F,0
2005,165,D/F,0
2006,165,D/F,0
2007,165,D/F,0
2008,165,D/F,0
2009,165,D/F,0
2010,165,D/F,0
2011,165,D/F,0
2012,165,D/F,0
2013,165,D/F,0
2014,165,D/F,0
2015,165,D/F,0
2016,165,D/F,0
2017,165,D/F,0
2018,165,D/F,0
2019,165,D/F,1
2020,165,D/F,1
2021,165,D/F,1
2022,165,D/F,1
2023,165,D/F,1
2024,165,D/F,1
2025,165,D/F,1
1970,200,D/F,0
1971,200,D/F,0
1972,200,D/F,0
1973,200,D/F,0
1974,200,D/F,0
1975,200,D/F,0
1976,200,D/F,0
1977,200,D/F,0
1978,200,D/F,0
1979,200,D/F,0
1980,200,D/F,0
1981,200,D/F,0
1982,200,D/F,0
1983,200,D/F,0
1984,200,D/F,0
1985,200,D/F,0
1986,200,D/F,0
1987,200,D/F,0
1988,200,D/F,0
1989,200,D/F,0
1990,200,D/F,0
1991,200,D/F,0
1992,200,D/F,0
1993,200,D/F,0
1994,200,D/F,0
1995,200,D/F,0
1996,200,D/F,0
1997,200,D/F,0
1998,200,D/F,0
1999,200,D/F,0
2000,200,D/F,0
2001,200,D/F,0
2002,200,D/F,0
2003,200,D/F,0
2004,200,D/F,0
2005,200,D/F,0
2006,200,D/F,0
2007,200,D/F,0
2008,200,D/F,0
2009,200,D/F,0
2010,200,D/F,0
2011,200,D/F,0
2012,200,D/F,0
2013,200,D/F,0
2014,200,D/F,0
2015,200,D/F,0
2016,200,D/fact,0
2017,200,D/fact,0
2018,200,D/fact,0
2019,200,D/fact,1
2020,200,D/fact,1
2021,200,D/fact,1
2022,200,D/fact,1
2023,200,D/fact,1
2024,200,D/fact,1
2025,200,D/fact,1
1970,205,D/F,0
1971,205,D/F,0
1972,205,D/F,0
1973,205,D/F,0
1974,205,D/F,0
1975,205,D/F,0
1976,205,D/F,0
1977,205,D/F,0
1978,205,D/F,0
1979,205,D/F,0
1980,205,D/F,0
1981,205,D/F,0
1982,205,D/F,0
1983,205,D/F,0
1984,205,D/F,0
1985,205,D/F,0
1986,205,D/F,0
1987,205,D/F,0
1988,205,D/F,0
1989,205,D/F,0
1990,205,D/F,0
1991,205,D/F,0
1992,205,D/F,0
1993,205,D/F,0
1994,205,D/F,0
1995,205,D/F,0
1996,205,D/F,0
1997,205,D/F,0
1998,205,D/F,0
1999,205,D/F,0
2000,205,D/F,0
2001,205,D/F,0
2002,205,D/F,0
2003,205,D/F,0
2004,205,D/F,0
2005,205,D/F,0
2006,205,D/F,0
2007,205,D/F,0
2008,205,D/F,0
2009,205,D/F,0
2010,205,D/F,0
2011,205,D/F,0
2012,205,D/F,0
2013,205,D/F,0
2014,205,D/F,0
2015,205,D/F,0
2016,205,D/F,0
2017,205,D/F,0
2018,205,D/F,0
2019,205,D/F,1
2020,205,D/F,1
2021,205,D/F,1
2022,205,D/F,1
2023,205,D/F,1
2024,205,D/F,1
2025,205,D/F,1
1970,210,D/F,0
1971,210,D/F,0
1972,210,D/F,0
1973,210,D/F,0
1974,210,D/F,0
1975,210,D/F,0
1976,210,D/F,0
1977,210,D/F,0
1978,210,D/F,0
1979,210,D/F,0
1980,210,D/F,0
1981,210,D/F,0
1982,210,D/F,0
1983,210,D/F,0
1984,210,D/F,0
1985,210,D/F,0
1986,210,D/F,0
1987,210,D/F,0
1988,210,D/F,0
1989,210,D/F,0
1990,210,D/F,0
1991,210,D/F,0
1992,210,D/F,0
1993,210,D/F,0
1994,210,D/F,0
1995,210,D/F,0
1996,210,D/F,0
1997,210,D/F,0
1998,210,D/F,0
1999,210,D/F,0
2000,210,D/F,0
2001,210,D/F,0
2002,210,D/F,0
2003,210,D/F,0
2004,210,D/F,0
2005,210,D/F,0
2006,210,D/F,0
2007,210,D/F,0
2008,210,D/F,0
2009,210,D/F,0
2010,210,D/F,0
2011,210,D/F,0
2012,210,D/F,0
2013,210,D/F,0
2014,210,D/F,0
2015,210,D/F,0
2016,210,D/F,0
2017,210,D/F,0
2018,210,D/F,0
2019,210,D/F,1
2020,210,D/F,1
2021,210,D/F,1
2022,210,D/F,1
2023,210,D/F,1
2024,210,D/F,1
2025,210,D/F,1
1970,211,D/F,0
1971,211,D/F,0
1972,211,D/F,0
1973,211,D/F,0
1974,211,D/F,0
1975,211,D/F,0
1976,211,D/F,0
1977,211,D/F,0
1978,211,D/F,0
1979,211,D/F,0
1980,211,D/F,0
1981,211,D/F,0
1982,211,D/F,0
1983,211,D/F,0
1984,211,D/F,0
1985,211,D/F,0
1986,211,D/F,0
1987,211,D/F,0
1988,211,D/F,0
1989,211,D/F,0
1990,211,D/F,0
1991,211,D/F,0
1992,211,D/F,0
1993,211,D/F,0
1994,211,D/F,0
1995,211,D/F,0
1996,211,D/F,0
1997,211,D/F,0
1998,211,D/F,0
1999,211,D/F,0
2000,211,D/F,0
2001,211,D/F,0
2002,211,D/F,0
2003,211,D/F,0
2004,211,D/F,0
2005,211,D/F,0
2006,211,D/F,0
2007,211,D/fact,0
2008,211,D/fact,0
2009,211,D/fact,0
2010,211,D/fact,0
2011,211,D/fact,0
2012,211,D/fact,0
2013,211,D/fact,0
2014,211,D/fact,0
2015,211,D/fact,0
2016,211,D/fact,0
2017,211,D/fact,0
2018,211,D/fact,0
2019,211,D/fact,1
2020,211,D/fact,1
2021,211,D/fact,1
2022,211,D/fact,1
2023,211,D/fact,1
2024,211,D/fact,1
2025,211,D/fact,1
1970,212,D/F,0
1971,212,D/F,0
1972,212,D/F,0
1973,212,D/F,0
1974,212,D/F,0
1975,212,D/F,0
1976,212,D/F,0
1977,212,D/F,0
1978,212,D/F,0
1979,212,D/F,0
1980,212,D/F,0
1981,212,D/F,0
1982,212,D/F,0
1983,212,D/F,0
1984,212,D/F,0
1985,212,D/F,0
1986,212,D/F,0
1987,212,D/F,0
1988,212,D/F,0
1989,212,D/F,0
1990,212,D/F,0
1991,212,D/F,0
1992,212,D/F,0
1993,212,D/F,0
1994,212,D/F,0
1995,212,D/F,0
1996,212,D/F,0
1997,212,D/F,0
1998,212,D/F,0
1999,212,D/F,0
2000,212,D/F,0
2001,212,D/F,0
2002,212,D/F,0
2003,212,D/F,0
2004,212,D/F,0
2005,212,D/F,0
2006,212,D/F,0
2007,212,D/F,0
2008,212,D/F,0
2009,212,D/F,0
2010,212,D/F,0
2011,212,D/F,0
2012,212,D/F,0
2013,212,D/F,0
2014,212,D/F,0
2015,212,D/F,0
2016,212,D/F,0
2017,212,D/F,0
2018,212,D/F,0
2019,212,D/F,1
2020,212,D/F,1
2021,212,D/F,1
2022,212,D/F,1
2023,212,D/F,1
2024,212,D/F,1
2025,212,D/F,1
1970,220,D/F,0
1971,220,D/F,0
1972,220,D/F,0
1973,220,D/F,0
1974,220,D/F,0
1975,220,D/F,0
1976,220,D/F,0
1977,220,D/F,0
1978,220,D/F,0
1979,220,D/F,0
1980,220,D/F,0
1981,220,D/F,0
1982,220,D/F,0
1983,220,D/F,0
1984,220,D/F,0
1985,220,D/F,0
1986,220,D/F,0
1987,220,D/F,0
1988,220,D/F,0
1989,220,D/F,0
1990,220,D/F,0
1991,220,D/F,0
1992,220,D/F,0
1993,220,D/F,0
1994,220,D/F,0
1995,220,D/F,0
1996,220,D/F,0
1997,220,D/F,0
1998,220,D/F,0
1999,220,D/F,0
2000,220,D/F,0
2001,220,D/F,0
2002,220,D/F,0
2003,220,D/F,0
2004,220,D/F,0
2005,220,D/F,0
2006,220,D/F,0
2007,220,D/F,0
2008,220,D/F,0
2009,220,D/F,0
2010,220,D/F,0
2011,220,D/F,0
2012,220,D/F,0
2013,220,D/F,0
2014,220,D/F,0
2015,220,D/F,0
2016,220,D/F,0
2017,220,D/F,0
2018,220,D/F,0
2019,220,D/F,1
2020,220,D/F,1
2021,220,D/F,1
2022,220,D/F,1
2023,220,D/F,1
2024,220,D/F,1
2025,220,D/F,1
1970,225,D/F,0
1971,225,D/F,0
1972,225,D/F,0
1973,225,D/F,0
1974,225,D/F,0
1975,225,D/F,0
1976,225,D/F,0
1977,225,D/F,0
1978,225,D/F,0
1979,225,D/F,0
1980,225,D/F,0
1981,225,D/F,0
1982,225,D/F,0
1983,225,D/F,0
1984,225,D/F,0
1985,225,D/F,0
1986,225,D/F,0
1987,225,D/F,0
1988,225,D/F,0
1989,225,D/F,0
1990,225,D/F,0
1991,225,D/F,0
1992,225,D/F,0
1993,225,D/F,0
1994,225,D/F,0
1995,225,D/F,0
1996,225,D/F,0
1997,225,D/F,0
1998,225,D/F,0
1999,225,D/F,0
2000,225,D/F,0
2001,225,D/F,0
2002,225,D/F,0
2003,225,D/F,0
2004,225,D/F,0
2005,225,D/F,0
2006,225,D/F,0
2007,225,D/F,0
2008,225,D/F,0
2009,225,D/F,0
2010,225,D/F,0
2011,225,D/F,0
2012,225,D/F,0
2013,225,D/F,0
2014,225,D/F,0
2015,225,D/F,0
2016,225,D/F,0
2017,225,D/F,0
2018,225,D/F,0
2019,225,D/F,1
2020,225,D/F,1
2021,225,D/F,1
2022,225,D/F,1
2023,225,D/F,1
2024,225,D/F,1
2025,225,D/F,1
1970,230,A/F,0
1971,230,A/F,0
1972,230,A/F,0
1973,230,A/F,0
1974,230,A/F,0
1975,230,transition,0
1976,230,transition,0
1977,230,transition,0
1978,230,D/P,0
1979,230,D/P,0
1980,230,D/P,0
1981,230,D/P,0
1982,230,D/F,0
1983,230,D/F,0
1984,230,D/F,0
1985,230,D/F,0
1986,230,D/F,0
1987,230,D/F,0
1988,230,D/F,0
1989,230,D/F,0
1990,230,D/F,0
1991,230,D/F,0
1992,230,D/F,0
1993,230,D/F,0
1994,230,D/F,0
1995,230,D/F,0
1996,230,D/F,0
1997,230,D/F,0
1998,230,D/F,0
1999,230,D/F,0
2000,230,D/F,0
2001,230,D/F,0
2002,230,D/F,0
2003,230,D/F,0
2004,230,D/F,0
2005,230,D/F,0
2006,230,D/F,0
2007,230,D/F,0
2008,230,D/F,0
2009,230,D/F,0
2010,230,D/F,0
2011,230,D/F,0
2012,230,D/F,0
2013,230,D/F,0
2014,230,D/F,0
2015,230,D/F,0
2016,230,D/F,0
2017,230,D/F,0
2018,230,D/F,0
2019,230,D/F,1
2020,230,D/F,1
2021,230,D/F,1
2022,230,D/F,1
2023,230,D/F,1
2024,230,D/F,1
2025,230,D/F,1
1970,235,A/F,0
1971,235,A/F,0
1972,235,A/F,0
1973,235,A/F,0
1974,235,transition,0
1975,235,transition,0
1976,235,D/F,0
1977,235,D/F,0
1978,235,D/F,0
1979,235,D/F,0
1980,235,D/F,0
1981,235,D/F,0
1982,235,D/F,0
1983,235,D/F,0
1984,235,D/F,0
1985,235,D/F,0
1986,235,D/F,0
1987,235,D/F,0
1988,235,D/F,0
1989,235,D/F,0
1990,235,D/F,0
1991,235,D/F,0
1992,235,D/F,0
1993,235,D/F,0
1994,235,D/F,0
1995,235,D/F,0
1996,235,D/F,0
1997,235,D/F,0
1998,235,D/F,0
1999,235,D/F,0
2000,235,D/F,0
2001,235,D/F,0
2002,235,D/F,0
2003,235,D/F,0
2004,235,D/F,0
2005,235,D/F,0
2006,235,D/F,0
2007,235,D/F,0
2008,235,D/F,0
2009,235,D/F,0
2010,235,D/F,0
2011,235,D/F,0
2012,235,D/F,0
2013,235,D/F,0
2014,235,D/F,0
2015,235,D/F,0
2016,235,D/F,0
2017,235,D/F,0
2018,235,D/F,0
2019,235,D/F,1
2020,235,D/F,1
2021,235,D/F,1
2022,235,D/F,1
2023,235,D/F,1
2024,235,D/F,1
2025,235,D/F,1
1990,255,D/F,0
1991,255,D/F,0
1992,255,D/F,0
1993,255,D/F,0
1994,255,D/F,0
1995,255,D/F,0
1996,255,D/F,0
1997,255,D/F,0
1998,255,D/F,0
1999,255,D/F,0
2000,255,D/F,0
2001,255,D/F,0
2002,255,D/F,0
2003,255,D/F,0
2004,255,D/F,0
2005,255,D/F,0
2006,255,D/F,0
2007,255,D/F,0
2008,255,D/F,0
2009,255,D/F,0
2010,255,D/F,0
2011,255,D/F,0
2012,255,D/F,0
2013,255,D/F,0
2014,255,D/F,0
2015,255,D/F,0
2016,255,D/F,0
2017,255,D/F,0
2018,255,D/F,0
2019,255,D/F,1
2020,255,D/F,1
2021,255,D/F,1
2022,255,D/F,1
2023,255,D/F,1
2024,255,D/F,1
2025,255,D/F,1
1970,260,D/F,0
1971,260,D/F,0
1972,260,D/F,0
1973,260,D/F,0
1974,260,D/F,0
1975,260,D/F,0
1976,260,D/F,0
1977,260,D/F,0
1978,260,D/F,0
1979,260,D/F,0
1980,260,D/F,0
1981,260,D/F,0
1982,260,D/F,0
1983,260,D/F,0
1984,260,D/F,0
1985,260,D/F,0
1986,260,D/F,0
1987,260,D/F,0
1988,260,D/F,0
1989,260,D/F,0
1990,260,D/F,0
1991,260,D/F,1
1992,260,D/F,1
1993,260,D/F,1
1994,260,D/F,1
1995,260,D/F,1
1996,260,D/F,1
1997,260,D/F,1
1998,260,D/F,1
1999,260,D/F,1
2000,260,D/F,1
2001,260,D/F,1
2002,260,D/F,1
2003,260,D/F,1
2004,260,D/F,1
2005,260,D/F,1
2006,260,D/F,1
2007,260,D/F,1
2008,260,D/F,1
2009,260,D/F,1
2010,260,D/F,1
2011,260,D/F,1
2012,260,D/F,1
2013,260,D/F,1
2014,260,D/F,1
2015,260,D/F,1
2016,260,D/F,1
2017,260,D/F,1
2018,260,D/F,1
2019,260,D/F,1
2020,260,D/F,1
2021,260,D/F,1
2022,260,D/F,1
2023,260,D/F,1
2024,260,D/F,1
2025,260,D/F,1
1970,265,A/F,0
1971,265,A/F,0
1972,265,A/F,0
1973,265,A/F,0
1974,265,A/F,0
1975,265,A/F,0
1976,265,A/F,0
1977,265,A/F,0
1978,265,A/F,0
1979,265,A/F,0
1980,265,A/F,0
1981,265,A/F,0
1982,265,A/F,0
1983,265,A/F,0
1984,265,A/F,0
1985,265,A/F,0
1986,265,A/F,0
1987,265,A/F,0
1988,265,A/F,0
1989,265,transition,0
1990,265,transition,0
1991,265,transition,1
1992,265,transition,1
1993,265,transition,1
1994,265,transition,1
1995,265,transition,1
1996,265,transition,1
1997,265,transition,1
1998,265,transition,1
1999,265,transition,1
2000,265,transition,1
2001,265,transition,1
2002,265,transition,1
2003,265,transition,1
2004,265,transition,1
2005,265,transition,1
2006,265,transition,1
2007,265,transition,1
2008,265,transition,1
2009,265,transition,1
2010,265,transition,1
2011,265,transition,1
2012,265,transition,1
2013,265,transition,1
2014,265,transition,1
2015,265,transition,1
2016,265,transition,1
2017,265,transition,1
2018,265,transition,1
2019,265,transition,1
2020,265,transition,1
2021,265,transition,1
2022,265,transition,1
2023,265,transition,1
2024,265,transition,1
2025,265,transition,1
1970,290,A/F,0
1971,290,A/F,0
1972,290,A/F,0
1973,290,A/F,0
1974,290,A/F,0
1975,290,A/F,0
1976,290,A/F,0
1977,290,A/F,0
1978,290,A/F,0
1979,290,A/F,0
1980,290,A/F,0
1981,290,A/F,0
1982,290,A/F,0
1983,290,A/F,0
1984,290,A/F,0
1985,290,A/F,0
1986,290,A/F,0
1987,290,A/F,0
1988,290,A/F,0
1989,290,D/P,0
1990,290,D/P,0
1991,290,D/P,0
1992,290,D/P,0
1993,290,D/P,0
1994,290,D/P,0
1995,290,D/P,0
1996,290,D/P,0
1997,290,D/P,0
1998,290,D/P,0
1999,290,D/P,0
2000,290,D/P,0
2001,290,D/P,0
2002,290,D/F,0
2003,290,D/F,0
2004,290,D/F,0
2005,290,D/F,0
2006,290,D/F,0
2007,290,D/F,0
2008,290,D/F,0
2009,290,D/F,0
2010,290,D/F,0
2011,290,D/F,0
2012,290,D/F,0
2013,290,D/F,0
2014,290,D/F,0
2015,290,D/F,0
2016,290,D/F,0
2017,290,D/F,0
2018,290,D/F,0
2019,290,D/F,1
2020,290,D/F,1
2021,290,D/F,1
2022,290,D/F,1
2023,290,D/F,1
2024,290,D/F,1
2025,290,D/F,1
1970,305,D/F,0
1971,305,D/F,0
1972,305,D/F,0
1973,305,D/F,0
1974,305,D/F,0
1975,305,D/F,0
1976,305,D/F,0
1977,305,D/F,0
1978,305,D/F,0
1979,305,D/F,0
1980,305,D/F,0
1981,305,D/F,0
1982,305,D/F,0
1983,305,D/F,0
1984,305,D/F,0
1985,305,D/F,0
1986,305,D/F,0
1987,305,D/F,0
1988,305,D/F,0
1989,305,D/F,0
1990,305,D/F,0
1991,305,D/F,0
1992,305,D/F,0
1993,305,D/F,0
1994,305,D/F,0
1995,305,D/F,0
1996,305,D/F,0
1997,305,D/F,0
1998,305,D/F,0
1999,305,D/F,0
2000,305,D/F,0
2001,305,D/F,0
2002,305,D/F,0
2003,305,D/F,0
2004,305,D/F,0
2005,305,D/F,0
2006,305,D/F,0
2007,305,D/F,0
2008,305,D/F,0
2009,305,D/F,0
2010,305,D/F,0
2011,305,D/F,0
2012,305,D/F,0
2013,305,D/F,0
2014,305,D/F,0
2015,305,D/F,0
2016,305,D/F,0
2017,305,D/F,0
2018,305,D/F,0
2019,305,D/F,1
2020,305,D/F,1
2021,305,D/F,1
2022,305,D/F,1
2023,305,D/F,1
2024,305,D/F,1
2025,305,D/F,1
1970,310,A/F,0
1971,310,A/F,0
1972,310,A/F,0
1973,310,A/F,0
1974,310,A/F,0
1975,310,A/F,0
1976,310,A/F,0
1977,310,A/F,0
1978,310,A/F,0
1979,310,A/F,0
1980,310,A/F,0
1981,310,A/F,0
1982,310,A/F,0
1983,310,A/F,0
1984,310,A/F,0
1985,310,A/F,0
1986,310,A/F,0
1987,310,A/F,0
1988,310,A/P,0
1989,310,transition,0
1990,310,D/F,0
1991,310,D/F,0
1992,310,D/F,0
1993,310,D/F,0
1994,310,D/F,0
1995,310,D/F,0
1996,310,D/F,0
1997,310,D/F,0
1998,310,D/F,0
1999,310,D/F,0
2000,310,D/F,0
2001,310,D/F,0
2002,310,D/F,0
2003,310,D/F,0
2004,310,D/F,0
2005,310,D/F,0
2006,310,D/F,0
2007,310,D/F,0
2008,310,D/F,0
2009,310,D/F,0
2010,310,D/F,0
2011,310,D/F,0
2012,310,D/F,0
2013,310,D/F,0
2014,310,D/F,0
2015,310,D/F,0
2016,310,D/F,0
2017,310,D/F,0
2018,310,D/F,0
2019,310,D/F,1
2020,310,D/F,1
2021,310,D/F,1
2022,310,D/F,1
2023,310,D/F,1
2024,310,D/F,1
2025,310,D/F,1
1970,315,A/F,0
1971,315,A/F,0
1972,315,A/F,0
1973,315,A/F,0
1974,315,A/F,0
1975,315,A/F,0
1976,315,A/F,0
1977,315,A/F,0
1978,315,A/F,0
1979,315,A/F,0
1980,315,A/F,0
1981,315,A/F,0
1982,315,A/F,0
1983,315,A/F,0
1984,315,A/F,0
1985,315,A/F,0
1986,315,A/F,0
1987,315,A/F,0
1988,315,A/F,0
1989,315,A/P,0
1990,315,D/fact,0
1991,315,D/fact,0
1992,315,D/fact,0
1993,315,D/fact,1
1994,315,D/fact,1
1995,315,D/fact,1
1996,315,D/fact,1
1997,315,D/fact,1
1998,315,D/fact,1
1999,315,D/fact,1
2000,315,D/fact,1
2001,315,D/fact,1
2002,315,D/fact,1
2003,315,D/fact,1
2004,315,D/fact,1
2005,315,D/fact,1
2006,315,D/fact,1
2007,315,D/fact,1
2008,315,D/fact,1
2009,315,D/fact,1
2010,315,D/fact,1
2011,315,D/fact,1
2012,315,D/fact,1
2013,315,D/fact,1
2014,315,D/fact,1
2015,315,D/fact,1
2016,315,D/fact,1
2017,315,D/fact,1
2018,315,D/fact,1
2019,315,D/fact,1
2020,315,D/fact,1
2021,315,D/fact,1
2022,315,D/fact,1
2023,315,D/fact,1
2024,315,D/fact,1
2025,315,D/fact,1
1993,316,D/F,0
1994,316,D/F,0
1995,316,D/F,0
1996,316,D/F,0
1997,316,D/F,0
1998,316,D/F,0
1999,316,D/F,0
2000,316,D/F,0
2001,316,D/F,0
2002,316,D/F,0
2003,316,D/F,0
2004,316,D/F,0
2005,316,D/F,0
2006,316,D/P,0
2007,316,D/P,0
2008,316,D/P,0
2009,316,D/P,0
2010,316,D/P,0
2011,316,D/P,0
2012,316,D/P,0
2013,316,D/P,0
2014,316,D/P,0
2015,316,D/P,0
2016,316,D/P,0
2017,316,D/P,0
2018,316,D/P,0
2019,316,D/P,1
2020,316,D/P,1
2021,316,D/P,1
2022,316,D/P,1
2023,316,D/P,1
2024,316,D/P,1
2025,316,D/P,1
1993,317,D/fact,0
1994,317,D/fact,0
1995,317,D/fact,0
1996,317,D/fact,0
1997,317,D/fact,0
1998,317,D/P,0
1999,317,D/P,0
2000,317,D/P,0
2001,317,D/P,0
2002,317,D/P,0
2003,317,D/P,0
2004,317,D/P,0
2005,317,D/P,0
2006,317,D/F,0
2007,317,D/F,0
2008,317,D/F,0
2009,317,D/F,0
2010,317,D/F,0
2011,317,D/F,0
2012,317,D/F,0
2013,317,D/F,0
2014,317,D/F,0
2015,317,D/F,0
2016,317,D/F,0
2017,317,D/F,0
2018,317,D/F,0
2019,317,D/F,1
2020,317,D/F,1
2021,317,D/F,1
2022,317,D/F,1
2023,317,D/F,1
2024,317,D/F,1
2025,317,D/F,1
1970,325,D/F,0
1971,325,D/F,0
1972,325,D/F,0
1973,325,D/F,0
1974,325,D/F,0
1975,325,D/F,0
1976,325,D/F,0
1977,325,D/F,0
1978,325,D/F,0
1979,325,D/F,0
1980,325,D/F,0
1981,325,D/F,0
1982,325,D/F,0
1983,325,D/F,0
1984,325,D/F,0
1985,325,D/F,0
1986,325,D/F,0
1987,325,D/F,0
1988,325,D/F,0
1989,325,D/F,0
1990,325,D/F,0
1991,325,D/F,0
1992,325,D/F,0
1993,325,D/F,0
1994,325,D/F,0
1995,325,D/F,0
1996,325,D/F,0
1997,325,D/F,0
1998,325,D/F,0
1999,325,D/F,0
2000,325,D/F,0
2001,325,D/F,0
2002,325,D/F,0
2003,325,D/F,0
2004,325,D/F,0
2005,325,D/F,0
2006,325,D/F,0
2007,325,D/F,0
2008,325,D/F,0
2009,325,D/F,0
2010,325,D/F,0
2011,325,D/F,0
2012,325,D/F,0
2013,325,D/F,0
2014,325,D/F,0
2015,325,D/F,0
2016,325,D/F,0
2017,325,D/F,0
2018,325,D/F,0
2019,325,D/F,1
2020,325,D/F,1
2021,325,D/F,1
2022,325,D/F,1
2023,325,D/F,1
2024,325,D/F,1
2025,325,D/F,1
1970,339,A/F,0
1971,339,A/F,0
1972,339,A/F,0
1973,339,A/F,0
1974,339,A/F,0
1975,339,A/F,0
1976,339,A/F,0
1977,339,A/F,0
1978,339,A/F,0
1979,339,A/F,0
1980,339,A/F,0
1981,339,A/F,0
1982,339,A/F,0
1983,339,A/F,0
1984,339,A/F,0
1985,339,A/F,0
1986,339,A/F,0
1987,339,A/F,0
1988,339,A/F,0
1989,339,A/F,0
1990,339,D/fact,0
1991,339,transition,0
1992,339,D/fact,0
1993,339,D/fact,0
1994,339,D/fact,0
1995,339,D/fact,0
1996,339,A/P,0
1997,339,D/P,0
1998,339,D/P,0
1999,339,D/P,0
2000,339,D/P,0
2001,339,D/P,0
2002,339,D/P,0
2003,339,D/P,0
2004,339,D/P,0
2005,339,D/P,0
2006,339,D/P,0
2007,339,D/P,0
2008,339,D/P,0
2009,339,D/P,0
2010,339,D/P,0
2011,339,D/P,0
2012,339,D/P,0
2013,339,D/P,0
2014,339,D/P,0
2015,339,D/P,0
2016,339,D/P,0
2017,339,D/P,0
2018,339,D/P,0
2019,339,D/P,1
2020,339,D/P,1
2021,339,D/P,1
2022,339,D/P,1
2023,339,D/P,1
2024,339,D/P,1
2025,339,D/P,1
2008,341,D/P,0
2009,341,D/P,0
2010,341,D/P,0
2011,341,D/P,0
2012,341,D/P,0
2013,341,D/P,0
2014,341,D/P,0
2015,341,D/P,0
2016,341,D/P,0
2017,341,D/P,0
2018,341,D/P,0
2019,341,D/P,1
2020,341,D/P,1
2021,341,D/P,1
2022,341,D/P,1
2023,341,D/P,1
2024,341,D/P,1
2025,341,D/P,1
2006,342,D/P,0
2007,342,D/P,0
2008,342,D/P,0
2009,342,D/P,0
2010,342,D/P,0
2011,342,D/P,0
2012,342,D/P,0
2013,342,D/P,0
2014,342,D/P,0
2015,342,D/P,0
2016,342,D/P,0
2017,342,D/P,0
2018,342,D/P,0
2019,342,D/P,1
2020,342,D/P,1
2021,342,D/P,1
2022,342,D/P,1
2023,342,D/P,1
2024,342,D/P,1
2025,342,D/P,1
1991,343,D/P,0
1992,343,D/P,0
1993,343,D/P,0
1994,343,D/P,0
1995,343,D/P,0
1996,343,D/P,0
1997,343,D/P,0
1998,343,D/P,0
1999,343,D/P,0
2000,343,D/P,0
2001,343,D/P,0
2002,343,D/P,0
2003,343,D/P,0
2004,343,D/P,0
2005,343,D/P,0
2006,343,D/P,0
2007,343,D/P,0
2008,343,D/P,0
2009,343,D/P,0
2010,343,D/P,0
2011,343,D/P,0
2012,343,D/P,0
2013,343,D/P,0
2014,343,D/P,0
2015,343,D/P,0
2016,343,D/P,0
2017,343,D/P,0
2018,343,D/P,0
2019,343,D/P,1
2020,343,D/P,1
2021,343,D/P,1
2022,343,D/P,1
2023,343,D/P,1
2024,343,D/P,1
2025,343,D/P,1
1991,344,A/P,0
1992,344,A/P,0
1993,344,A/P,0
1994,344,A/P,0
1995,344,A/F,0
1996,344,A/F,0
1997,344,A/F,0
1998,344,A/F,0
1999,344,transition,0
2000,344,D/P,0
2001,344,D/P,0
2002,344,D/P,0
2003,344,D/P,0
2004,344,D/P,0
2005,344,D/P,0
2006,344,D/P,0
2007,344,D/P,0
2008,344,D/P,0
2009,344,D/P,0
2010,344,D/P,0
2011,344,D/P,0
2012,344,D/P,0
2013,344,D/P,0
2014,344,D/P,0
2015,344,D/P,0
2016,344,D/P,0
2017,344,D/P,0
2018,344,D/P,0
2019,344,D/P,1
2020,344,D/P,1
2021,344,D/P,1
2022,344,D/P,1
2023,344,D/P,1
2024,344,D/P,1
2025,344,D/P,1
1970,345,A/F,0
1971,345,A/F,0
1972,345,A/F,0
1973,345,A/F,0
1974,345,A/F,0
1975,345,A/F,0
1976,345,A/F,0
1977,345,A/F,0
1978,345,A/F,0
1979,345,A/F,0
1980,345,A/F,0
1981,345,A/F,0
1982,345,A/F,0
1983,345,A/F,0
1984,345,A/F,0
1985,345,A/F,0
1986,345,A/F,0
1987,345,A/F,0
1988,345,A/F,0
1989,345,A/F,0
1990,345,A/F,0
1991,345,A/F,0
1992,345,A/F,1
1993,345,A/F,1
1994,345,A/F,1
1995,345,A/F,1
1996,345,A/F,1
1997,345,A/F,1
1998,345,A/F,1
1999,345,A/F,1
2000,345,A/F,1
2001,345,A/F,1
2002,345,A/F,1
2003,345,A/F,1
2004,345,A/F,1
2005,345,A/F,1
2006,345,A/F,1
2007,345,A/F,1
2008,345,A/F,1
2009,345,A/F,1
2010,345,A/F,1
2011,345,A/F,1
2012,345,A/F,1
2013,345,A/F,1
2014,345,A/F,1
2015,345,A/F,1
2016,345,A/F,1
2017,345,A/F,1
2018,345,A/F,1
2019,345,A/F,1
2020,345,A/F,1
2021,345,A/F,1
2022,345,A/F,1
2023,345,A/F,1
2024,345,A/F,1
2025,345,A/F,1
1992,346,transition,0
1993,346,transition,0
1994,346,transition,0
1995,346,transition,0
1996,346,transition,0
1997,346,transition,0
1998,346,transition,0
1999,346,transition,0
2000,346,transition,0
2001,346,transition,0
2002,346,transition,0
2003,346,transition,0
2004,346,transition,0
2005,346,transition,0
2006,346,transition,0
2007,346,transition,0
2008,346,transition,0
2009,346,transition,0
2010,346,transition,0
2011,346,transition,0
2012,346,transition,0
2013,346,transition,0
2014,346,transition,0
2015,346,transition,0
2016,346,transition,0
2017,346,transition,0
2018,346,transition,0
2019,346,transition,1
2020,346,transition,1
2021,346,transition,1
2022,346,transition,1
2023,346,transition,1
2024,346,transition,1
2025,346,transition,1
1991,347,A/F,0
1992,347,A/F,0
1993,347,A/F,0
1994,347,A/F,0
1995,347,A/F,0
1996,347,A/F,0
1997,347,A/F,0
1998,347,A/F,0
1999,347,A/F,0
2000,347,D/P,0
2001,347,D/P,0
2002,347,D/P,0
2003,347,D/fact,0
2004,347,D/fact,0
2005,347,D/fact,0
2006,347,D/fact,0
2007,347,D/fact,1
2008,347,D/fact,1
2009,347,D/fact,1
2010,347,D/fact,1
2011,347,D/fact,1
2012,347,D/fact,1
2013,347,D/fact,1
2014,347,D/fact,1
2015,347,D/fact,1
2016,347,D/fact,1
2017,347,D/fact,1
2018,347,D/fact,1
2019,347,D/fact,1
2020,347,D/fact,1
2021,347,D/fact,1
2022,347,D/fact,1
2023,347,D/fact,1
2024,347,D/fact,1
2025,347,D/fact,1
2006,348,D/P,0
2007,348,D/P,0
2008,348,D/P,0
2009,348,D/P,0
2010,348,D/P,0
2011,348,D/P,0
2012,348,D/P,0
2013,348,D/P,0
2014,348,D/P,0
2015,348,D/P,0
2016,348,D/P,0
2017,348,D/P,0
2018,348,D/P,0
2019,348,D/P,1
2020,348,D/P,1
2021,348,D/P,1
2022,348,D/P,1
2023,348,D/P,1
2024,348,D/P,1
2025,348,D/P,1
1991,349,D/F,0
1992,349,D/F,0
1993,349,D/F,0
1994,349,D/F,0
1995,349,D/F,0
1996,349,D/F,0
1997,349,D/F,0
1998,349,D/F,0
1999,349,D/F,0
2000,349,D/F,0
2001,349,D/F,0
2002,349,D/F,0
2003,349,D/F,0
2004,349,D/F,0
2005,349,D/F,0
2006,349,D/F,0
2007,349,D/F,0
2008,349,D/F,0
2009,349,D/F,0
2010,349,D/F,0
2011,349,D/F,0
2012,349,D/F,0
2013,349,D/F,0
2014,349,D/F,0
2015,349,D/F,0
2016,349,D/F,0
2017,349,D/F,0
2018,349,D/F,0
2019,349,D/F,1
2020,349,D/F,1
2021,349,D/F,1
2022,349,D/F,1
2023,349,D/F,1
2024,349,D/F,1
2025,349,D/F,1
1970,350,A/F,0
1971,350,A/F,0
1972,350,A/F,0
1973,350,A/F,0
1974,350,transition,0
1975,350,D/F,0
1976,350,D/F,0
1977,350,D/F,0
1978,350,D/F,0
1979,350,D/F,0
1980,350,D/F,0
1981,350,D/F,0
1982,350,D/F,0
1983,350,D/F,0
1984,350,D/F,0
1985,350,D/F,0
1986,350,D/F,0
1987,350,D/F,0
1988,350,D/F,0
1989,350,D/F,0
1990,350,D/F,0
1991,350,D/F,0
1992,350,D/F,0
1993,350,D/F,0
1994,350,D/F,0
1995,350,D/F,0
1996,350,D/F,0
1997,350,D/F,0
1998,350,D/F,0
1999,350,D/F,0
2000,350,D/F,0
2001,350,D/F,0
2002,350,D/F,0
2003,350,D/F,0
2004,350,D/F,0
2005,350,D/F,0
2006,350,D/F,0
2007,350,D/F,0
2008,350,D/F,0
2009,350,D/F,0
2010,350,D/F,0
2011,350,D/F,0
2012,350,D/F,0
2013,350,D/F,0
2014,350,D/F,0
2015,350,D/F,0
2016,350,D/F,0
2017,350,D/F,0
2018,350,D/F,0
2019,350,D/F,1
2020,350,D/F,1
2021,350,D/F,1
2022,350,D/F,1
2023,350,D/F,1
2024,350,D/F,1
2025,350,D/F,1
1970,352,D/fact,0
1971,352,D/fact,0
1972,352,D/fact,0
1973,352,D/fact,0
1974,352,transition,0
1975,352,D/F,0
1976,352,D/F,0
1977,352,D/F,0
1978,352,D/F,0
1979,352,D/F,0
1980,352,D/F,0
1981,352,D/F,0
1982,352,D/F,0
1983,352,D/F,0
1984,352,D/F,0
1985,352,D/F,0
1986,352,D/F,0
1987,352,D/F,0
1988,352,D/F,0
1989,352,D/F,0
1990,352,D/F,0
1991,352,D/F,0
1992,352,D/F,0
1993,352,D/F,0
1994,352,D/F,0
1995,352,D/F,0
1996,352,D/F,0
1997,352,D/F,0
1998,352,D/F,0
1999,352,D/F,0
2000,352,D/F,0
2001,352,D/F,0
2002,352,D/F,0
2003,352,D/F,0
2004,352,D/F,0
2005,352,D/F,0
2006,352,D/F,0
2007,352,D/F,0
2008,352,D/F,0
2009,352,D/F,0
2010,352,D/F,0
2011,352,D/F,0
2012,352,D/F,0
2013,352,D/F,0
2014,352,D/F,0
2015,352,D/F,0
2016,352,D/F,0
2017,352,D/F,0
2018,352,D/F,0
2019,352,D/F,1
2020,352,D/F,1
2021,352,D/F,1
2022,352,D/F,1
2023,352,D/F,1
2024,352,D/F,1
2025,352,D/F,1
1970,355,A/F,0
1971,355,A/F,0
1972,355,A/F,0
1973,355,A/F,0
1974,355,A/F,0
1975,355,A/F,0
1976,355,A/F,0
1977,355,A/F,0
1978,355,A/F,0
1979,355,A/F,0
1980,355,A/F,0
1981,355,A/F,0
1982,355,A/F,0
1983,355,A/F,0
1984,355,A/F,0
1985,355,A/F,0
1986,355,A/F,0
1987,355,A/F,0
1988,355,A/F,0
1989,355,A/P,0
1990,355,D/fact,0
1991,355,D/fact,0
1992,355,D/fact,0
1993,355,D/fact,0
1994,355,D/fact,0
1995,355,D/fact,0
1996,355,D/fact,0
1997,355,D/fact,0
1998,355,D/fact,0
1999,355,D/fact,0
2000,355,D/fact,0
2001,355,D/P,0
2002,355,D/P,0
2003,355,D/P,0
2004,355,D/P,0
2005,355,D/P,0
2006,355,D/P,0
2007,355,D/P,0
2008,355,D/P,0
2009,355,D/P,0
2010,355,D/P,0
2011,355,D/P,0
2012,355,D/P,0
2013,355,D/P,0
2014,355,D/P,0
2015,355,D/P,0
2016,355,D/P,0
2017,355,D/P,0
2018,355,D/P,0
2019,355,D/P,1
2020,355,D/P,1
2021,355,D/P,1
2022,355,D/P,1
2023,355,D/P,1
2024,355,D/P,1
2025,355,D/P,1
1991,359,D/fact,0
1992,359,D/fact,0
1993,359,D/fact,0
1994,359,D/fact,0
1995,359,D/fact,0
1996,359,D/fact,0
1997,359,D/fact,0
1998,359,D/fact,0
1999,359,D/fact,0
2000,359,D/fact,0
2001,359,D/fact,0
2002,359,D/fact,0
2003,359,D/fact,0
2004,359,D/fact,0
2005,359,D/P,0
2006,359,D/P,0
2007,359,D/P,0
2008,359,D/P,0
2009,359,D/P,0
2010,359,D/P,0
2011,359,D/P,0
2012,359,D/P,0
2013,359,D/P,0
2014,359,D/P,0
2015,359,D/P,0
2016,359,D/P,0
2017,359,D/P,0
2018,359,D/P,0
2019,359,D/P,1
2020,359,D/P,1
2021,359,D/P,1
2022,359,D/P,1
2023,359,D/P,1
2024,359,D/P,1
2025,359,D/P,1
1970,360,A/F,0
1971,360,A/F,0
1972,360,A/F,0
1973,360,A/F,0
1974,360,A/F,0
1975,360,A/F,0
1976,360,A/F,0
1977,360,A/F,0
1978,360,A/F,0
1979,360,A/F,0
1980,360,A/F,0
1981,360,A/F,0
1982,360,A/F,0
1983,360,A/F,0
1984,360,A/F,0
1985,360,A/F,0
1986,360,A/F,0
1987,360,A/F,0
1988,360,A/F,0
1989,360,transition,0
1990,360,D/fact,0
1991,360,D/fact,0
1992,360,D/fact,0
1993,360,D/fact,0
1994,360,D/fact,0
1995,360,D/fact,0
1996,360,D/P,0
1997,360,D/P,0
1998,360,D/P,0
1999,360,D/P,0
2000,360,D/P,0
2001,360,D/P,0
2002,360,D/P,0
2003,360,D/P,0
2004,360,D/P,0
2005,360,D/P,0
2006,360,D/P,0
2007,360,D/P,0
2008,360,D/P,0
2009,360,D/P,0
2010,360,D/P,0
2011,360,D/P,0
2012,360,D/P,0
2013,360,D/P,0
2014,360,D/P,0
2015,360,D/P,0
2016,360,D/P,0
2017,360,D/P,0
2018,360,D/P,0
2019,360,D/P,1
2020,360,D/P,1
2021,360,D/P,1
2022,360,D/P,1
2023,360,D/P,1
2024,360,D/P,1
2025,360,D/P,1
1970,364,A/F,0
1971,364,A/F,0
1972,364,A/F,0
1973,364,A/F,0
1974,364,A/F,0
1975,364,A/F,0
1976,364,A/F,0
1977,364,A/F,0
1978,364,A/F,0
1979,364,A/F,0
1980,364,A/F,0
1981,364,A/F,0
1982,364,A/F,0
1983,364,A/F,0
1984,364,A/F,0
1985,364,A/F,0
1986,364,A/F,0
1987,364,A/F,0
1988,364,A/F,0
1989,364,A/F,0
1990,364,A/P,0
1991,364,A/P,0
1992,364,A/P,1
1993,364,A/P,1
1994,364,A/P,1
1995,364,A/P,1
1996,364,A/P,1
1997,364,A/P,1
1998,364,A/P,1
1999,364,A/P,1
2000,364,A/P,1
2001,364,A/P,1
2002,364,A/P,1
2003,364,A/P,1
2004,364,A/P,1
2005,364,A/P,1
2006,364,A/P,1
2007,364,A/P,1
2008,364,A/P,1
2009,364,A/P,1
2010,364,A/P,1
2011,364,A/P,1
2012,364,A/P,1
2013,364,A/P,1
2014,364,A/P,1
2015,364,A/P,1
2016,364,A/P,1
2017,364,A/P,1
2018,364,A/P,1
2019,364,A/P,1
2020,364,A/P,1
2021,364,A/P,1
2022,364,A/P,1
2023,364,A/P,1
2024,364,A/P,1
2025,364,A/P,1
1992,365,D/fact,0
1993,365,D/P,0
1994,365,D/P,0
1995,365,D/P,0
1996,365,D/P,0
1997,365,D/P,0
1998,365,D/P,0
1999,365,D/P,0
2000,365,D/P,0
2001,365,D/P,0
2002,365,D/P,0
2003,365,D/P,0
2004,365,D/P,0
2005,365,D/P,0
2006,365,D/P,0
2007,365,D/P,0
2008,365,D/P,0
2009,365,D/P,0
2010,365,D/P,0
2011,365,D/P,0
2012,365,D/P,0
2013,365,D/P,0
2014,365,D/P,0
2015,365,D/P,0
2016,365,D/P,0
2017,365,D/P,0
2018,365,D/P,0
2019,365,D/P,1
2020,365,D/P,1
2021,365,D/P,1
2022,365,D/P,1
2023,365,D/P,1
2024,365,D/P,1
2025,365,D/P,1
1991,366,D/fact,0
1992,366,D/fact,0
1993,366,D/fact,0
1994,366,D/fact,0
1995,366,D/fact,0
1996,366,D/fact,0
1997,366,D/fact,0
1998,366,D/fact,0
1999,366,D/fact,0
2000,366,D/P,0
2001,366,D/P,0
2002,366,D/P,0
2003,366,D/P,0
2004,366,D/P,0
2005,366,D/P,0
2006,366,D/P,0
2007,366,D/P,0
2008,366,D/P,0
2009,366,D/P,0
2010,366,D/P,0
2011,366,D/P,0
2012,366,D/P,0
2013,366,D/P,0
2014,366,D/P,0
2015,366,D/P,0
2016,366,D/P,0
2017,366,D/P,0
2018,366,D/P,0
2019,366,D/P,1
2020,366,D/P,1
2021,366,D/P,1
2022,366,D/P,1
2023,366,D/P,1
2024,366,D/P,1
2025,366,D/P,1
1991,367,D/P,0
1992,367,D/P,0
1993,367,D/P,0
1994,367,D/P,0
1995,367,D/P,0
1996,367,D/P,0
1997,367,D/P,0
1998,367,D/P,0
1999,367,D/P,0
2000,367,D/P,0
2001,367,D/P,0
2002,367,D/P,0
2003,367,D/P,0
2004,367,D/P,0
2005,367,D/P,0
2006,367,D/P,0
2007,367,D/P,0
2008,367,D/P,0
2009,367,D/P,0
2010,367,D/P,0
2011,367,D/P,0
2012,367,D/P,0
2013,367,D/P,0
2014,367,D/P,0
2015,367,D/P,0
2016,367,D/P,0
2017,367,D/P,0
2018,367,D/P,0
2019,367,D/P,1
2020,367,D/P,1
2021,367,D/P,1
2022,367,D/P,1
2023,367,D/P,1
2024,367,D/P,1
2025,367,D/P,1
1991,368,D/F,0
1992,368,D/F,0
1993,368,D/F,0
1994,368,D/F,0
1995,368,D/F,0
1996,368,D/F,0
1997,368,D/F,0
1998,368,D/F,0
1999,368,D/F,0
2000,368,D/F,0
2001,368,D/F,0
2002,368,D/F,0
2003,368,D/F,0
2004,368,D/F,0
2005,368,D/F,0
2006,368,D/F,0
2007,368,D/F,0
2008,368,D/F,0
2009,368,D/F,0
2010,368,D/F,0
2011,368,D/F,0
2012,368,D/F,0
2013,368,D/F,0
2014,368,D/F,0
2015,368,D/F,0
2016,368,D/F,0
2017,368,D/F,0
2018,368,D/F,0
2019,368,D/F,1
2020,368,D/F,1
2021,368,D/F,1
2022,368,D/F,1
2023,368,D/F,1
2024,368,D/F,1
2025,368,D/F,1
1991,369,D/fact,0
1992,369,D/fact,0
1993,369,D/fact,0
1994,369,D/P,0
1995,369,D/P,0
1996,369,D/P,0
1997,369,D/P,0
1998,369,D/P,0
1999,369,D/P,0
2000,369,D/fact,0
2001,369,D/fact,0
2002,369,D/fact,0
2003,369,D/fact,0
2004,369,D/fact,0
2005,369,D/fact,0
2006,369,D/fact,0
2007,369,D/fact,0
2008,369,D/fact,0
2009,369,D/fact,0
2010,369,D/fact,0
2011,369,D/fact,0
2012,369,D/fact,0
2013,369,D/fact,0
2014,369,D/fact,0
2015,369,D/fact,0
2016,369,D/fact,0
2017,369,D/fact,0
2018,369,D/fact,0
2019,369,D/fact,1
2020,369,D/fact,1
2021,369,D/fact,1
2022,369,D/fact,1
2023,369,D/fact,1
2024,369,D/fact,1
2025,369,D/fact,1
1991,370,D/fact,0
1992,370,D/fact,0
1993,370,D/fact,0
1994,370,D/fact,0
1995,370,A/P,0
1996,370,A/F,0
1997,370,A/F,0
1998,370,A/F,0
1999,370,A/F,0
2000,370,A/F,0
2001,370,A/F,0
2002,370,A/F,0
2003,370,A/F,0
2004,370,A/F,0
2005,370,A/F,0
2006,370,A/F,0
2007,370,A/F,0
2008,370,A/F,0
2009,370,A/F,0
2010,370,A/F,0
2011,370,A/F,0
2012,370,A/F,0
2013,370,A/F,0
2014,370,A/F,0
2015,370,A/F,0
2016,370,A/F,0
2017,370,A/F,0
2018,370,A/F,0
2019,370,A/F,1
2020,370,A/F,1
2021,370,A/F,1
2022,370,A/F,1
2023,370,A/F,1
2024,370,A/F,1
2025,370,A/F,1
1991,371,D/P,0
1992,371,D/P,0
1993,371,D/P,0
1994,371,D/P,0
1995,371,D/fact,0
1996,371,A/F,0
1997,371,A/F,0
1998,371,D/P,0
1999,371,D/P,0
2000,371,D/P,0
2001,371,D/P,0
2002,371,D/P,0
2003,371,D/fact,0
2004,371,D/fact,0
2005,371,D/fact,0
2006,371,D/fact,0
2007,371,D/fact,0
2008,371,D/fact,0
2009,371,D/fact,0
2010,371,D/fact,0
2011,371,D/fact,0
2012,371,D/fact,0
2013,371,D/fact,0
2014,371,D/fact,0
2015,371,D/fact,0
2016,371,D/fact,0
2017,371,D/fact,0
2018,371,D/P,0
2019,371,D/P,1
2020,371,D/P,1
2021,371,D/P,1
2022,371,D/P,1
2023,371,D/P,1
2024,371,D/P,1
2025,371,D/P,1
1991,372,D/fact,0
1992,372,transition,0
1993,372,transition,0
1994,372,transition,0
1995,372,D/P,0
1996,372,D/P,0
1997,372,D/P,0
1998,372,D/P,0
1999,372,D/P,0
2000,372,A/P,0
2001,372,A/P,0
2002,372,A/P,0
2003,372,A/P,0
2004,372,D/P,0
2005,372,D/P,0
2006,372,D/P,0
2007,372,D/P,0
2008,372,D/P,0
2009,372,D/P,0
2010,372,D/P,0
2011,372,D/P,0
2012,372,D/P,0
2013,372,D/P,0
2014,372,D/P,0
2015,372,D/P,0
2016,372,D/P,0
2017,372,D/P,0
2018,372,D/P,0
2019,372,D/P,1
2020,372,D/P,1
2021,372,D/P,1
2022,372,D/P,1
2023,372,D/P,1
2024,372,D/P,1
2025,372,D/P,1
1991,373,A/P,0
1992,373,D/fact,0
1993,373,A/P,0
1994,373,A/P,0
1995,373,A/F,0
1996,373,A/F,0
1997,373,A/F,0
1998,373,A/F,0
1999,373,A/F,0
2000,373,A/F,0
2001,373,A/F,0
2002,373,A/F,0
2003,373,A/F,0
2004,373,A/F,0
2005,373,A/F,0
2006,373,A/F,0
2007,373,A/F,0
2008,373,A/F,0
2009,373,A/F,0
2010,373,A/F,0
2011,373,A/F,0
2012,373,A/F,0
2013,373,A/F,0
2014,373,A/F,0
2015,373,A/F,0
2016,373,A/F,0
2017,373,A/F,0
2018,373,A/F,0
2019,373,A/F,1
2020,373,A/F,1
2021,373,A/F,1
2022,373,A/F,1
2023,373,A/F,1
2024,373,A/F,1
2025,373,A/F,1
1970,375,D/F,0
1971,375,D/F,0
1972,375,D/F,0
1973,375,D/F,0
1974,375,D/F,0
1975,375,D/F,0
1976,375,D/F,0
1977,375,D/F,0
1978,375,D/F,0
1979,375,D/F,0
1980,375,D/F,0
1981,375,D/F,0
1982,375,D/F,0
1983,375,D/F,0
1984,375,D/F,0
1985,375,D/F,0
1986,375,D/F,0
1987,375,D/F,0
1988,375,D/F,0
1989,375,D/F,0
1990,375,D/F,0
1991,375,D/F,0
1992,375,D/F,0
1993,375,D/F,0
1994,375,D/F,0
1995,375,D/F,0
1996,375,D/F,0
1997,375,D/F,0
1998,375,D/F,0
1999,375,D/F,0
2000,375,D/F,0
2001,375,D/F,0
2002,375,D/F,0
2003,375,D/F,0
2004,375,D/F,0
2005,375,D/F,0
2006,375,D/F,0
2007,375,D/F,0
2008,375,D/F,0
2009,375,D/F,0
2010,375,D/F,0
2011,375,D/F,0
2012,375,D/F,0
2013,375,D/F,0
2014,375,D/F,0
2015,375,D/F,0
2016,375,D/F,0
2017,375,D/F,0
2018,375,D/F,0
2019,375,D/F,1
2020,375,D/F,1
2021,375,D/F,1
2022,375,D/F,1
2023,375,D/F,1
2024,375,D/F,1
2025,375,D/F,1
1970,380,D/F,0
1971,380,D/F,0
1972,380,D/F,0
1973,380,D/F,0
1974,380,D/F,0
1975,380,D/F,0
1976,380,D/F,0
1977,380,D/F,0
1978,380,D/F,0
1979,380,D/F,0
1980,380,D/F,0
1981,380,D/F,0
1982,380,D/F,0
1983,380,D/F,0
1984,380,D/F,0
1985,380,D/F,0
1986,380,D/F,0
1987,380,D/F,0
1988,380,D/F,0
1989,380,D/F,0
1990,380,D/F,0
1991,380,D/F,0
1992,380,D/F,0
1993,380,D/F,0
1994,380,D/F,0
1995,380,D/F,0
1996,380,D/F,0
1997,380,D/F,0
1998,380,D/F,0
1999,380,D/F,0
2000,380,D/F,0
2001,380,D/F,0
2002,380,D/F,0
2003,380,D/F,0
2004,380,D/F,0
2005,380,D/F,0
2006,380,D/F,0
2007,380,D/F,0
2008,380,D/F,0
2009,380,D/F,0
2010,380,D/F,0
2011,380,D/F,0
2012,380,D/F,0
2013,380,D/F,0
2014,380,D/F,0
2015,380,D/F,0
2016,380,D/F,0
2017,380,D/F,0
2018,380,D/F,0
2019,380,D/F,1
2020,380,D/F,1
2021,380,D/F,1
2022,380,D/F,1
2023,380,D/F,1
2024,380,D/F,1
2025,380,D/F,1
1970,385,D/F,0
1971,385,D/F,0
1972,385,D/F,0
1973,385,D/F,0
1974,385,D/F,0
1975,385,D/F,0
1976,385,D/F,0
1977,385,D/F,0
1978,385,D/F,0
1979,385,D/F,0
1980,385,D/F,0
1981,385,D/F,0
1982,385,D/F,0
1983,385,D/F,0
1984,385,D/F,0
1985,385,D/F,0
1986,385,D/F,0
1987,385,D/F,0
1988,385,D/F,0
1989,385,D/F,0
1990,385,D/F,0
1991,385,D/F,0
1992,385,D/F,0
1993,385,D/F,0
1994,385,D/F,0
1995,385,D/F,0
1996,385,D/F,0
1997,385,D/F,0
1998,385,D/F,0
1999,385,D/F,0
2000,385,D/F,0
2001,385,D/F,0
2002,385,D/F,0
2003,385,D/F,0
2004,385,D/F,0
2005,385,D/F,0
2006,385,D/F,0
2007,385,D/F,0
2008,385,D/F,0
2009,385,D/F,0
2010,385,D/F,0
2011,385,D/F,0
2012,385,D/F,0
2013,385,D/F,0
2014,385,D/F,0
2015,385,D/F,0
2016,385,D/F,0
2017,385,D/F,0
2018,385,D/F,0
2019,385,D/F,1
2020,385,D/F,1
2021,385,D/F,1
2022,385,D/F,1
2023,385,D/F,1
2024,385,D/F,1
2025,385,D/F,1
1970,390,D/F,0
1971,390,D/F,0
1972,390,D/F,0
1973,390,D/F,0
1974,390,D/F,0
1975,390,D/F,0
1976,390,D/F,0
1977,390,D/F,0
1978,390,D/F,0
1979,390,D/F,0
1980,390,D/F,0
1981,390,D/F,0
1982,390,D/F,0
1983,390,D/F,0
1984,390,D/F,0
1985,390,D/F,0
1986,390,D/F,0
1987,390,D/F,0
1988,390,D/F,0
1989,390,D/F,0
1990,390,D/F,0
1991,390,D/F,0
1992,390,D/F,0
1993,390,D/F,0
1994,390,D/F,0
1995,390,D/F,0
1996,390,D/F,0
1997,390,D/F,0
1998,390,D/F,0
1999,390,D/F,0
2000,390,D/F,0
2001,390,D/F,0
2002,390,D/F,0
2003,390,D/F,0
2004,390,D/F,0
2005,390,D/F,0
2006,390,D/F,0
2007,390,D/F,0
2008,390,D/F,0
2009,390,D/F,0
2010,390,D/F,0
2011,390,D/F,0
2012,390,D/F,0
2013,390,D/F,0
2014,390,D/F,0
2015,390,D/F,0
2016,390,D/F,0
2017,390,D/F,0
2018,390,D/F,0
2019,390,D/F,1
2020,390,D/F,1
2021,390,D/F,1
2022,390,D/F,1
2023,390,D/F,1
2024,390,D/F,1
2025,390,D/F,1
1975,402,A/F,0
1976,402,A/F,0
1977,402,A/F,0
1978,402,A/F,0
1979,402,A/F,0
1980,402,A/F,0
1981,402,A/F,0
1982,402,A/F,0
1983,402,A/F,0
1984,402,A/F,0
1985,402,A/F,0
1986,402,A/F,0
1987,402,A/F,0
1988,402,A/F,0
1989,402,A/F,0
1990,402,A/F,0
1991,402,D/P,0
1992,402,D/P,0
1993,402,D/P,0
1994,402,D/P,0
1995,402,D/P,0
1996,402,D/P,0
1997,402,D/P,0
1998,402,D/P,0
1999,402,D/P,0
2000,402,D/P,0
2001,402,D/F,0
2002,402,D/F,0
2003,402,D/F,0
2004,402,D/F,0
2005,402,D/F,0
2006,402,D/F,0
2007,402,D/F,0
2008,402,D/F,0
2009,402,D/F,0
2010,402,D/F,0
2011,402,D/F,0
2012,402,D/F,0
2013,402,D/F,0
2014,402,D/F,0
2015,402,D/F,0
2016,402,D/F,0
2017,402,D/F,0
2018,402,D/F,0
2019,402,D/F,1
2020,402,D/F,1
2021,402,D/F,1
2022,402,D/F,1
2023,402,D/F,1
2024,402,D/F,1
2025,402,D/F,1
1974,404,A/F,0
1975,404,A/F,0
1976,404,A/F,0
1977,404,A/F,0
1978,404,A/F,0
1979,404,A/F,0
1980,404,A/F,0
1981,404,A/F,0
1982,404,A/F,0
1983,404,A/F,0
1984,404,A/F,0
1985,404,A/F,0
1986,404,A/F,0
1987,404,A/F,0
1988,404,A/F,0
1989,404,A/F,0
1990,404,A/F,0
1991,404,A/F,0
1992,404,A/F,0
1993,404,A/F,0
1994,404,A/P,0
1995,404,A/P,0
1996,404,A/P,0
1997,404,A/P,0
1998,404,transition,0
1999,404,transition,0
2000,404,D/fact,0
2001,404,D/fact,0
2002,404,D/fact,0
2003,404,A/P,0
2004,404,A/P,0
2005,404,D/fact,0
2006,404,D/fact,0
2007,404,D/fact,0
2008,404,D/fact,0
2009,404,D/P,0
2010,404,D/P,0
2011,404,D/P,0
2012,404,A/P,0
2013,404,A/P,0
2014,404,D/P,0
2015,404,D/P,0
2016,404,D/P,0
2017,404,D/P,0
2018,404,D/P,0
2019,404,D/P,1
2020,404,D/P,1
2021,404,D/P,1
2022,404,D/P,1
2023,404,D/P,1
2024,404,D/P,1
2025,404,D/P,1
1970,411,A/F,0
1971,411,A/F,0
1972,411,A/F,0
1973,411,A/F,0
1974,411,A/F,0
1975,411,A/F,0
1976,411,A/F,0
1977,411,A/F,0
1978,411,A/F,0
1979,411,A/F,0
1980,411,A/F,0
1981,411,A/F,0
1982,411,A/F,0
1983,411,A/F,0
1984,411,A/F,0
1985,411,A/F,0
1986,411,A/F,0
1987,411,A/F,0
1988,411,A/F,0
1989,411,A/F,0
1990,411,A/F,0
1991,411,A/F,0
1992,411,A/F,0
1993,411,A/F,0
1994,411,A/F,0
1995,411,A/F,0
1996,411,A/F,0
1997,411,A/F,0
1998,411,A/F,0
1999,411,A/F,0
2000,411,A/F,0
2001,411,A/F,0
2002,411,A/F,0
2003,411,A/F,0
2004,411,A/F,0
2005,411,A/F,0
2006,411,A/F,0
2007,411,A/F,0
2008,411,A/F,0
2009,411,A/F,0
2010,411,A/F,0
2011,411,A/F,0
2012,411,A/F,0
2013,411,A/F,0
2014,411,A/F,0
2015,411,A/F,0
2016,411,A/F,0
2017,411,A/F,0
2018,411,A/F,0
2019,411,A/F,1
2020,411,A/F,1
2021,411,A/F,1
2022,411,A/F,1
2023,411,A/F,1
2024,411,A/F,1
2025,411,A/F,1
1970,420,D/F,0
1971,420,D/F,0
1972,420,D/F,0
1973,420,D/F,0
1974,420,D/F,0
1975,420,D/F,0
1976,420,D/F,0
1977,420,D/F,0
1978,420,D/F,0
1979,420,D/F,0
1980,420,D/F,0
1981,420,D/P,0
1982,420,D/P,0
1983,420,D/P,0
1984,420,D/P,0
1985,420,D/P,0
1986,420,D/P,0
1987,420,D/P,0
1988,420,D/P,0
1989,420,D/P,0
1990,420,D/F,0
1991,420,D/F,0
1992,420,D/F,0
1993,420,D/F,0
1994,420,A/F,0
1995,420,A/F,0
1996,420,A/F,0
1997,420,A/F,0
1998,420,A/F,0
1999,420,A/F,0
2000,420,A/F,0
2001,420,A/F,0
2002,420,A/F,0
2003,420,A/F,0
2004,420,A/F,0
2005,420,A/F,0
2006,420,A/F,0
2007,420,A/F,0
2008,420,A/F,0
2009,420,A/F,0
2010,420,A/F,0
2011,420,A/F,0
2012,420,A/F,0
2013,420,A/F,0
2014,420,A/F,0
2015,420,A/F,0
2016,420,A/F,0
2017,420,D/P,0
2018,420,D/P,0
2019,420,D/P,1
2020,420,D/P,1
2021,420,D/P,1
2022,420,D/P,1
2023,420,D/P,1
2024,420,D/P,1
2025,420,D/P,1
1970,432,A/F,0
1971,432,A/F,0
1972,432,A/F,0
1973,432,A/F,0
1974,432,A/F,0
1975,432,A/F,0
1976,432,A/F,0
1977,432,A/F,0
1978,432,A/F,0
1979,432,A/F,0
1980,432,A/F,0
1981,432,A/F,0
1982,432,A/F,0
1983,432,A/F,0
1984,432,A/F,0
1985,432,A/F,0
1986,432,A/F,0
1987,432,A/F,0
1988,432,A/F,0
1989,432,A/F,0
1990,432,A/F,0
1991,432,transition,0
1992,432,D/P,0
1993,432,D/P,0
1994,432,D/P,0
1995,432,D/P,0
1996,432,D/P,0
1997,432,D/fact,0
1998,432,D/fact,0
1999,432,D/fact,0
2000,432,D/fact,0
2001,432,D/fact,0
2002,432,D/P,0
2003,432,D/P,0
2004,432,D/P,0
2005,432,D/P,0
2006,432,D/P,0
2007,432,D/P,0
2008,432,D/P,0
2009,432,D/P,0
2010,432,D/P,0
2011,432,D/P,0
2012,432,transition,0
2013,432,D/P,0
2014,432,D/P,0
2015,432,D/P,0
2016,432,D/P,0
2017,432,D/P,0
2018,432,D/P,0
2019,432,D/P,1
2020,432,D/P,1
2021,432,D/P,1
2022,432,D/P,1
2023,432,D/P,1
2024,432,D/P,1
2025,432,D/P,1
1970,433,A/F,0
1971,433,A/F,0
1972,433,A/F,0
1973,433,A/F,0
1974,433,A/F,0
1975,433,A/F,0
1976,433,A/F,0
1977,433,A/F,0
1978,433,A/P,0
1979,433,A/P,0
1980,433,A/P,0
1981,433,A/P,0
1982,433,A/P,0
1983,433,A/P,0
1984,433,A/P,0
1985,433,A/P,0
1986,433,A/P,0
1987,433,A/P,0
1988,433,A/P,0
1989,433,A/P,0
1990,433,A/P,0
1991,433,A/P,0
1992,433,A/P,0
1993,433,A/P,0
1994,433,A/P,0
1995,433,A/P,0
1996,433,A/P,0
1997,433,A/P,0
1998,433,A/P,0
1999,433,A/P,0
2000,433,D/P,0
2001,433,D/P,0
2002,433,D/P,0
2003,433,D/P,0
2004,433,D/P,0
2005,433,D/P,0
2006,433,D/P,0
2007,433,D/P,0
2008,433,D/P,0
2009,433,D/P,0
2010,433,D/P,0
2011,433,D/P,0
2012,433,D/P,0
2013,433,D/P,0
2014,433,D/P,0
2015,433,D/P,0
2016,433,D/P,0
2017,433,D/P,0
2018,433,D/P,0
2019,433,D/P,1
2020,433,D/P,1
2021,433,D/P,1
2022,433,D/P,1
2023,433,D/P,1
2024,433,D/P,1
2025,433,D/P,1
1970,434,A/P,0
1971,434,A/P,0
1972,434,A/F,0
1973,434,A/F,0
1974,434,A/F,0
1975,434,A/F,0
1976,434,A/F,0
1977,434,A/F,0
1978,434,A/F,0
1979,434,A/F,0
1980,434,A/F,0
1981,434,A/F,0
1982,434,A/F,0
1983,434,A/F,0
1984,434,A/F,0
1985,434,A/F,0
1986,434,A/F,0
1987,434,A/F,0
1988,434,A/F,0
1989,434,A/F,0
1990,434,transition,0
1991,434,D/P,0
1992,434,D/P,0
1993,434,D/P,0
1994,434,D/P,0
1995,434,D/P,0
1996,434,D/P,0
1997,434,D/P,0
1998,434,D/P,0
1999,434,D/P,0
2000,434,D/P,0
2001,434,D/P,0
2002,434,D/P,0
2003,434,D/P,0
2004,434,D/P,0
2005,434,D/P,0
2006,434,D/P,0
2007,434,D/P,0
2008,434,D/P,0
2009,434,D/P,0
2010,434,D/P,0
2011,434,D/P,0
2012,434,D/P,0
2013,434,D/P,0
2014,434,D/P,0
2015,434,D/P,0
2016,434,D/P,0
2017,434,D/P,0
2018,434,D/P,0
2019,434,D/P,1
2020,434,D/P,1
2021,434,D/P,1
2022,434,D/P,1
2023,434,D/P,1
2024,434,D/P,1
2025,434,D/P,1
1970,435,A/F,0
1971,435,A/F,0
1972,435,A/F,0
1973,435,A/F,0
1974,435,A/F,0
1975,435,A/F,0
1976,435,A/F,0
1977,435,A/F,0
1978,435,A/F,0
1979,435,A/F,0
1980,435,A/F,0
1981,435,A/F,0
1982,435,A/F,0
1983,435,A/F,0
1984,435,A/F,0
1985,435,A/F,0
1986,435,A/F,0
1987,435,A/F,0
1988,435,A/F,0
1989,435,A/F,0
1990,435,A/F,0
1991,435,A/F,0
1992,435,A/F,0
1993,435,A/F,0
1994,435,A/F,0
1995,435,A/F,0
1996,435,A/F,0
1997,435,A/F,0
1998,435,A/F,0
1999,435,A/F,0
2000,435,A/F,0
2001,435,A/F,0
2002,435,A/F,0
2003,435,A/F,0
2004,435,A/F,0
2005,435,A/F,0
2006,435,A/F,0
2007,435,D/P,0
2008,435,A/F,0
2009,435,A/P,0
2010,435,A/P,0
2011,435,A/P,0
2012,435,A/P,0
2013,435,A/P,0
2014,435,A/P,0
2015,435,A/P,0
2016,435,A/P,0
2017,435,A/P,0
2018,435,A/P,0
2019,435,A/P,1
2020,435,A/P,1
2021,435,A/P,1
2022,435,A/P,1
2023,435,A/P,1
2024,435,A/P,1
2025,435,A/P,1
1970,436,A/P,0
1971,436,A/P,0
1972,436,A/P,0
1973,436,A/P,0
1974,436,A/F,0
1975,436,A/F,0
1976,436,A/F,0
1977,436,A/F,0
1978,436,A/F,0
1979,436,A/F,0
1980,436,A/F,0
1981,436,A/F,0
1982,436,A/F,0
1983,436,A/F,0
1984,436,A/F,0
1985,436,A/F,0
1986,436,A/F,0
1987,436,A/F,0
1988,436,A/F,0
1989,436,A/F,0
1990,436,A/F,0
1991,436,transition,0
1992,436,transition,0
1993,436,D/P,0
1994,436,D/P,0
1995,436,D/P,0
1996,436,A/P,0
1997,436,A/P,0
1998,436,A/P,0
1999,436,D/P,0
2000,436,D/P,0
2001,436,D/P,0
2002,436,D/P,0
2003,436,D/P,0
2004,436,D/P,0
2005,436,D/P,0
2006,436,D/P,0
2007,436,D/P,0
2008,436,D/P,0
2009,436,A/F,0
2010,436,A/P,0
2011,436,D/P,0
2012,436,D/P,0
2013,436,D/P,0
2014,436,D/P,0
2015,436,D/P,0
2016,436,D/P,0
2017,436,D/P,0
2018,436,D/P,0
2019,436,D/P,1
2020,436,D/P,1
2021,436,D/P,1
2022,436,D/P,1
2023,436,D/P,1
2024,436,D/P,1
2025,436,D/P,1
1970,437,A/F,0
1971,437,A/F,0
1972,437,A/F,0
1973,437,A/F,0
1974,437,A/F,0
1975,437,A/F,0
1976,437,A/F,0
1977,437,A/F,0
1978,437,A/F,0
1979,437,A/F,0
1980,437,A/F,0
1981,437,A/F,0
1982,437,A/F,0
1983,437,A/F,0
1984,437,A/F,0
1985,437,A/F,0
1986,437,A/F,0
1987,437,A/F,0
1988,437,A/F,0
1989,437,A/F,0
1990,437,A/F,0
1991,437,A/F,0
1992,437,A/F,0
1993,437,A/F,0
1994,437,A/F,0
1995,437,A/F,0
1996,437,A/F,0
1997,437,A/F,0
1998,437,A/F,0
1999,437,A/P,0
2000,437,D/fact,0
2001,437,D/fact,0
2002,437,transition,0
2003,437,transition,0
2004,437,transition,0
2005,437,transition,0
2006,437,transition,0
2007,437,transition,0
2008,437,transition,0
2009,437,transition,0
2010,437,transition,0
2011,437,D/fact,0
2012,437,D/fact,0
2013,437,D/fact,0
2014,437,D/fact,0
2015,437,D/fact,0
2016,437,D/fact,0
2017,437,D/fact,0
2018,437,D/fact,0
2019,437,D/fact,1
2020,437,D/fact,1
2021,437,D/fact,1
2022,437,D/fact,1
2023,437,D/fact,1
2024,437,D/fact,1
2025,437,D/fact,1
1970,438,A/F,0
1971,438,A/F,0
1972,438,A/F,0
1973,438,A/F,0
1974,438,A/F,0
1975,438,A/F,0
1976,438,A/F,0
1977,438,A/F,0
1978,438,A/F,0
1979,438,A/F,0
1980,438,A/F,0
1981,438,A/F,0
1982,438,A/F,0
1983,438,A/F,0
1984,438,A/F,0
1985,438,A/F,0
1986,438,A/F,0
1987,438,A/F,0
1988,438,A/F,0
1989,438,A/F,0
1990,438,A/F,0
1991,438,A/F,0
1992,438,A/F,0
1993,438,A/F,0
1994,438,A/F,0
1995,438,A/P,0
1996,438,A/P,0
1997,438,A/P,0
1998,438,A/P,0
1999,438,A/P,0
2000,438,A/P,0
2001,438,A/P,0
2002,438,A/P,0
2003,438,A/P,0
2004,438,A/P,0
2005,438,A/P,0
2006,438,A/P,0
2007,438,A/P,0
2008,438,A/P,0
2009,438,A/P,0
2010,438,D/fact,0
2011,438,D/fact,0
2012,438,D/fact,0
2013,438,D/fact,0
2014,438,D/fact,0
2015,438,D/fact,0
2016,438,D/fact,0
2017,438,D/fact,0
2018,438,D/fact,0
2019,438,D/fact,1
2020,438,D/fact,1
2021,438,D/fact,1
2022,438,D/fact,1
2023,438,D/fact,1
2024,438,D/fact,1
2025,438,D/fact,1
1970,439,A/F,0
1971,439,A/F,0
1972,439,A/F,0
1973,439,A/F,0
1974,439,A/F,0
1975,439,A/F,0
1976,439,A/F,0
1977,439,transition,0
1978,439,D/fact,0
1979,439,D/fact,0
1980,439,A/F,0
1981,439,A/F,0
1982,439,A/F,0
1983,439,A/F,0
1984,439,A/F,0
1985,439,A/F,0
1986,439,A/F,0
1987,439,A/F,0
1988,439,A/F,0
1989,439,A/F,0
1990,439,A/F,0
1991,439,A/F,0
1992,439,A/F,0
1993,439,A/F,0
1994,439,A/F,0
1995,439,A/F,0
1996,439,A/F,0
1997,439,A/F,0
1998,439,A/F,0
1999,439,A/F,0
2000,439,A/F,0
2001,439,A/P,0
2002,439,A/P,0
2003,439,A/P,0
2004,439,A/P,0
2005,439,A/P,0
2006,439,A/P,0
2007,439,A/P,0
2008,439,A/P,0
2009,439,A/P,0
2010,439,A/P,0
2011,439,A/P,0
2012,439,A/P,0
2013,439,A/P,0
2014,439,A/P,0
2015,439,D/P,0
2016,439,D/P,0
2017,439,D/P,0
2018,439,D/P,0
2019,439,D/P,1
2020,439,D/P,1
2021,439,D/P,1
2022,439,D/P,1
2023,439,D/P,1
2024,439,D/P,1
2025,439,D/P,1
1970,450,A/F,0
1971,450,A/F,0
1972,450,A/F,0
1973,450,A/F,0
1974,450,A/F,0
1975,450,A/F,0
1976,450,A/F,0
1977,450,A/F,0
1978,450,A/F,0
1979,450,A/F,0
1980,450,A/F,0
1981,450,A/F,0
1982,450,A/F,0
1983,450,A/F,0
1984,450,A/F,0
1985,450,A/F,0
1986,450,A/F,0
1987,450,A/F,0
1988,450,A/F,0
1989,450,A/F,0
1990,450,transition,0
1991,450,transition,0
1992,450,transition,0
1993,450,transition,0
1994,450,transition,0
1995,450,transition,0
1996,450,transition,0
1997,450,D/fact,0
1998,450,D/fact,0
1999,450,D/fact,0
2000,450,D/fact,0
2001,450,D/fact,0
2002,450,D/fact,0
2003,450,transition,0
2004,450,transition,0
2005,450,transition,0
2006,450,D/P,0
2007,450,D/P,0
2008,450,D/P,0
2009,450,D/P,0
2010,450,D/P,0
2011,450,D/P,0
2012,450,D/P,0
2013,450,D/P,0
2014,450,D/P,0
2015,450,D/P,0
2016,450,D/P,0
2017,450,D/P,0
2018,450,D/P,0
2019,450,D/P,1
2020,450,D/P,1
2021,450,D/P,1
2022,450,D/P,1
2023,450,D/P,1
2024,450,D/P,1
2025,450,D/P,1
1970,451,A/P,0
1971,451,A/F,0
1972,451,A/F,0
1973,451,A/F,0
1974,451,A/F,0
1975,451,A/F,0
1976,451,A/F,0
1977,451,A/F,0
1978,451,A/F,0
1979,451,A/F,0
1980,451,A/F,0
1981,451,A/F,0
1982,451,A/F,0
1983,451,A/F,0
1984,451,A/F,0
1985,451,A/F,0
1986,451,A/F,0
1987,451,A/F,0
1988,451,A/F,0
1989,451,A/F,0
1990,451,A/F,0
1991,451,A/F,0
1992,451,A/F,0
1993,451,A/F,0
1994,451,A/F,0
1995,451,A/F,0
1996,451,D/fact,0
1997,451,transition,0
1998,451,transition,0
1999,451,transition,0
2000,451,transition,0
2001,451,transition,0
2002,451,D/fact,0
2003,451,D/fact,0
2004,451,D/fact,0
2005,451,D/fact,0
2006,451,D/fact,0
2007,451,D/P,0
2008,451,D/P,0
2009,451,D/P,0
2010,451,D/P,0
2011,451,D/P,0
2012,451,D/P,0
2013,451,D/P,0
2014,451,D/P,0
2015,451,D/P,0
2016,451,D/P,0
2017,451,D/P,0
2018,451,D/P,0
2019,451,D/P,1
2020,451,D/P,1
2021,451,D/P,1
2022,451,D/P,1
2023,451,D/P,1
2024,451,D/P,1
2025,451,D/P,1
1970,452,D/P,0
1971,452,D/P,0
1972,452,A/F,0
1973,452,A/F,0
1974,452,A/F,0
1975,452,A/F,0
1976,452,A/F,0
1977,452,A/F,0
1978,452,A/F,0
1979,452,D/fact,0
1980,452,D/fact,0
1981,452,D/fact,0
1982,452,A/F,0
1983,452,A/F,0
1984,452,A/F,0
1985,452,A/F,0
1986,452,A/F,0
1987,452,A/F,0
1988,452,A/F,0
1989,452,A/F,0
1990,452,A/F,0
1991,452,A/F,0
1992,452,A/P,0
1993,452,A/P,0
1994,452,A/P,0
1995,452,A/P,0
1996,452,A/P,0
1997,452,A/P,0
1998,452,A/P,0
1999,452,A/P,0
2000,452,A/P,0
2001,452,D/P,0
2002,452,D/P,0
2003,452,D/P,0
2004,452,D/P,0
2005,452,D/P,0
2006,452,D/P,0
2007,452,D/P,0
2008,452,D/P,0
2009,452,D/P,0
2010,452,D/P,0
2011,452,D/P,0
2012,452,D/P,0
2013,452,D/P,0
2014,452,D/P,0
2015,452,D/P,0
2016,452,D/P,0
2017,452,D/P,0
2018,452,D/P,0
2019,452,D/P,1
2020,452,D/P,1
2021,452,D/P,1
2022,452,D/P,1
2023,452,D/P,1
2024,452,D/P,1
2025,452,D/P,1
1970,461,A/F,0
1971,461,A/F,0
1972,461,A/F,0
1973,461,A/F,0
1974,461,A/F,0
1975,461,A/F,0
1976,461,A/F,0
1977,461,A/F,0
1978,461,A/F,0
1979,461,A/F,0
1980,461,A/F,0
1981,461,A/F,0
1982,461,A/F,0
1983,461,A/F,0
1984,461,A/F,0
1985,461,A/F,0
1986,461,A/F,0
1987,461,A/F,0
1988,461,A/F,0
1989,461,A/F,0
1990,461,A/F,0
1991,461,A/F,0
1992,461,A/F,0
1993,461,A/P,0
1994,461,A/P,0
1995,461,A/P,0
1996,461,A/P,0
1997,461,A/P,0
1998,461,A/P,0
1999,461,A/P,0
2000,461,A/P,0
2001,461,A/P,0
2002,461,A/P,0
2003,461,A/P,0
2004,461,A/P,0
2005,461,A/P,0
2006,461,A/P,0
2007,461,A/P,0
2008,461,A/P,0
2009,461,A/P,0
2010,461,A/P,0
2011,461,A/P,0
2012,461,A/P,0
2013,461,A/P,0
2014,461,A/P,0
2015,461,A/P,0
2016,461,A/P,0
2017,461,A/P,0
2018,461,A/P,0
2019,461,A/P,1
2020,461,A/P,1
2021,461,A/P,1
2022,461,A/P,1
2023,461,A/P,1
2024,461,A/P,1
2025,461,A/P,1
1970,471,A/F,0
1971,471,A/F,0
1972,471,A/F,0
1973,471,A/F,0
1974,471,A/F,0
1975,471,A/F,0
1976,471,A/F,0
1977,471,A/F,0
1978,471,A/F,0
1979,471,A/F,0
1980,471,A/F,0
1981,471,A/F,0
1982,471,A/F,0
1983,471,A/F,0
1984,471,A/F,0
1985,471,A/F,0
1986,471,A/F,0
1987,471,A/F,0
1988,471,A/F,0
1989,471,A/F,0
1990,471,A/P,0
1991,471,A/P,0
1992,471,A/F,0
1993,471,A/F,0
1994,471,A/F,0
1995,471,A/F,0
1996,471,A/F,0
1997,471,A/F,0
1998,471,A/F,0
1999,471,A/F,0
2000,471,A/F,0
2001,471,A/F,0
2002,471,A/F,0
2003,471,A/F,0
2004,471,A/F,0
2005,471,A/F,0
2006,471,A/F,0
2007,471,A/F,0
2008,471,A/F,0
2009,471,A/F,0
2010,471,A/F,0
2011,471,A/F,0
2012,471,A/F,0
2013,471,A/F,0
2014,471,A/F,0
2015,471,A/F,0
2016,471,A/F,0
2017,471,A/F,0
2018,471,A/F,0
2019,471,A/F,1
2020,471,A/F,1
2021,471,A/F,1
2022,471,A/F,1
2023,471,A/F,1
2024,471,A/F,1
2025,471,A/F,1
1970,475,A/F,0
1971,475,A/F,0
1972,475,A/F,0
1973,475,A/F,0
1974,475,A/F,0
1975,475,A/F,0
1976,475,A/F,0
1977,475,A/F,0
1978,475,transition,0
1979,475,D/fact,0
1980,475,D/fact,0
1981,475,D/fact,0
1982,475,D/fact,0
1983,475,D/fact,0
1984,475,A/F,0
1985,475,A/F,0
1986,475,A/F,0
1987,475,A/F,0
1988,475,A/F,0
1989,475,A/F,0
1990,475,A/F,0
1991,475,A/F,0
1992,475,A/F,0
1993,475,A/F,0
1994,475,A/F,0
1995,475,A/F,0
1996,475,A/F,0
1997,475,A/F,0
1998,475,transition,0
1999,475,D/P,0
2000,475,D/P,0
2001,475,D/P,0
2002,475,D/P,0
2003,475,D/P,0
2004,475,D/P,0
2005,475,D/P,0
2006,475,D/P,0
2007,475,D/P,0
2008,475,D/P,0
2009,475,D/P,0
2010,475,D/P,0
2011,475,D/P,0
2012,475,D/P,0
2013,475,D/P,0
2014,475,D/P,0
2015,475,D/P,0
2016,475,D/P,0
2017,475,D/P,0
2018,475,D/P,0
2019,475,D/P,1
2020,475,D/P,1
2021,475,D/P,1
2022,475,D/P,1
2023,475,D/P,1
2024,475,D/P,1
2025,475,D/P,1
1970,481,A/F,0
1971,481,A/F,0
1972,481,A/F,0
1973,481,A/F,0
1974,481,A/F,0
1975,481,A/F,0
1976,481,A/F,0
1977,481,A/F,0
1978,481,A/F,0
1979,481,A/F,0
1980,481,A/F,0
1981,481,A/F,0
1982,481,A/F,0
1983,481,A/F,0
1984,481,A/F,0
1985,481,A/F,0
1986,481,A/F,0
1987,481,A/F,0
1988,481,A/F,0
1989,481,A/F,0
1990,481,transition,0
1991,481,A/F,0
1992,481,A/F,0
1993,481,A/F,0
1994,481,A/F,0
1995,481,A/F,0
1996,481,A/F,0
1997,481,A/F,0
1998,481,A/F,0
1999,481,A/F,0
2000,481,A/F,0
2001,481,A/F,0
2002,481,A/F,0
2003,481,A/F,0
2004,481,A/F,0
2005,481,A/F,0
2006,481,A/F,0
2007,481,A/F,0
2008,481,A/F,0
2009,481,D/fact,0
2010,481,D/fact,0
2011,481,D/fact,0
2012,481,D/fact,0
2013,481,D/fact,0
2014,481,D/fact,0
2015,481,D/fact,0
2016,481,D/fact,0
2017,481,D/fact,0
2018,481,D/fact,0
2019,481,D/fact,1
2020,481,D/fact,1
2021,481,D/fact,1
2022,481,D/fact,1
2023,481,D/fact,1
2024,481,D/fact,1
2025,481,D/fact,1
1970,482,A/F,0
1971,482,A/F,0
1972,482,A/F,0
1973,482,A/F,0
1974,482,A/F,0
1975,482,A/F,0
1976,482,A/F,0
1977,482,A/F,0
1978,482,A/F,0
1979,482,A/F,0
1980,482,A/F,0
1981,482,A/F,0
1982,482,A/F,0
1983,482,A/F,0
1984,482,A/F,0
1985,482,A/F,0
1986,482,A/F,0
1987,482,A/F,0
1988,482,A/F,0
1989,482,A/F,0
1990,482,A/F,0
1991,482,A/F,0
1992,482,A/F,0
1993,482,D/fact,0
1994,482,D/fact,0
1995,482,D/fact,0
1996,482,D/fact,0
1997,482,D/fact,0
1998,482,D/fact,0
1999,482,D/fact,0
2000,482,D/fact,0
2001,482,D/fact,0
2002,482,D/fact,0
2003,482,A/P,0
2004,482,A/P,0
2005,482,A/P,0
2006,482,A/P,0
2007,482,A/P,0
2008,482,A/P,0
2009,482,A/P,0
2010,482,A/P,0
2011,482,A/P,0
2012,482,A/P,0
2013,482,transition,0
2014,482,transition,0
2015,482,transition,0
2016,482,D/fact,0
2017,482,D/fact,0
2018,482,D/fact,0
2019,482,D/fact,1
2020,482,D/fact,1
2021,482,D/fact,1
2022,482,D/fact,1
2023,482,D/fact,1
2024,482,D/fact,1
2025,482,D/fact,1
1970,483,A/F,0
1971,483,A/F,0
1972,483,A/F,0
1973,483,A/F,0
1974,483,A/F,0
1975,483,A/F,0
1976,483,A/F,0
1977,483,A/F,0
1978,483,transition,0
1979,483,transition,0
1980,483,transition,0
1981,483,transition,0
1982,483,transition,0
1983,483,transition,0
1984,483,transition,0
1985,483,A/F,0
1986,483,A/F,0
1987,483,A/F,0
1988,483,A/F,0
1989,483,A/F,0
1990,483,A/F,0
1991,483,A/F,0
1992,483,A/F,0
1993,483,transition,0
1994,483,transition,0
1995,483,transition,0
1996,483,A/P,0
1997,483,A/P,0
1998,483,A/P,0
1999,483,A/P,0
2000,483,A/P,0
2001,483,A/P,0
2002,483,A/P,0
2003,483,A/P,0
2004,483,A/P,0
2005,483,A/P,0
2006,483,A/P,0
2007,483,A/P,0
2008,483,A/P,0
2009,483,A/P,0
2010,483,A/P,0
2011,483,A/P,0
2012,483,A/P,0
2013,483,A/P,0
2014,483,A/P,0
2015,483,A/P,0
2016,483,A/P,0
2017,483,A/P,0
2018,483,A/P,0
2019,483,A/P,1
2020,483,A/P,1
2021,483,A/P,1
2022,483,A/P,1
2023,483,A/P,1
2024,483,A/P,1
2025,483,A/P,1
1970,484,A/F,0
1971,484,A/F,0
1972,484,A/F,0
1973,484,A/F,0
1974,484,A/F,0
1975,484,A/F,0
1976,484,A/F,0
1977,484,A/F,0
1978,484,A/F,0
1979,484,A/F,0
1980,484,A/F,0
1981,484,A/F,0
1982,484,A/F,0
1983,484,A/F,0
1984,484,A/F,0
1985,484,A/F,0
1986,484,A/F,0
1987,484,A/F,0
1988,484,A/F,0
1989,484,A/F,0
1990,484,A/F,0
1991,484,transition,0
1992,484,D/fact,0
1993,484,D/fact,0
1994,484,D/fact,0
1995,484,D/fact,0
1996,484,D/fact,0
1997,484,A/F,0
1998,484,A/F,0
1999,484,A/F,0
2000,484,A/F,0
2001,484,A/F,0
2002,484,A/F,0
2003,484,A/F,0
2004,484,A/F,0
2005,484,A/F,0
2006,484,A/F,0
2007,484,A/F,0
2008,484,A/F,0
2009,484,A/F,0
2010,484,A/F,0
2011,484,A/F,0
2012,484,A/F,0
2013,484,A/F,0
2014,484,A/F,0
2015,484,A/F,0
2016,484,A/F,0
2017,484,A/F,0
2018,484,A/F,0
2019,484,A/F,1
2020,484,A/F,1
2021,484,A/F,1
2022,484,A/F,1
2023,484,A/F,1
2024,484,A/F,1
2025,484,A/F,1
1970,490,A/F,0
1971,490,A/F,0
1972,490,A/F,0
1973,490,A/F,0
1974,490,A/F,0
1975,490,A/F,0
1976,490,A/F,0
1977,490,A/F,0
1978,490,A/F,0
1979,490,A/F,0
1980,490,A/F,0
1981,490,A/F,0
1982,490,A/F,0
1983,490,A/F,0
1984,490,A/F,0
1985,490,A/F,0
1986,490,A/F,0
1987,490,A/F,0
1988,490,A/F,0
1989,490,A/F,0
1990,490,A/F,0
1991,490,A/F,0
1992,490,transition,0
1993,490,transition,0
1994,490,transition,0
1995,490,transition,0
1996,490,transition,0
1997,490,transition,0
1998,490,transition,0
1999,490,transition,0
2000,490,transition,0
2001,490,transition,0
2002,490,transition,0
2003,490,transition,0
2004,490,transition,0
2005,490,transition,0
2006,490,D/P,0
2007,490,D/P,0
2008,490,D/P,0
2009,490,D/P,0
2010,490,D/P,0
2011,490,D/P,0
2012,490,D/P,0
2013,490,D/P,0
2014,490,D/P,0
2015,490,D/P,0
2016,490,A/P,0
2017,490,A/P,0
2018,490,A/P,0
2019,490,A/P,1
2020,490,A/P,1
2021,490,A/P,1
2022,490,A/P,1
2023,490,A/P,1
2024,490,A/P,1
2025,490,A/P,1
1970,500,A/F,0
1971,500,A/F,0
1972,500,A/F,0
1973,500,A/F,0
1974,500,A/F,0
1975,500,A/F,0
1976,500,A/F,0
1977,500,A/F,0
1978,500,A/F,0
1979,500,transition,0
1980,500,D/fact,0
1981,500,D/fact,0
1982,500,D/fact,0
1983,500,D/fact,0
1984,500,D/fact,0
1985,500,transition,0
1986,500,A/F,0
1987,500,A/F,0
1988,500,A/F,0
1989,500,A/F,0
1990,500,A/F,0
1991,500,A/F,0
1992,500,A/F,0
1993,500,A/F,0
1994,500,A/F,0
1995,500,A/F,0
1996,500,A/F,0
1997,500,A/F,0
1998,500,A/F,0
1999,500,A/F,0
2000,500,A/F,0
2001,500,A/F,0
2002,500,A/F,0
2003,500,A/F,0
2004,500,A/F,0
2005,500,A/P,0
2006,500,A/P,0
2007,500,A/P,0
2008,500,A/P,0
2009,500,A/P,0
2010,500,A/P,0
2011,500,A/P,0
2012,500,A/P,0
2013,500,A/P,0
2014,500,A/P,0
2015,500,A/P,0
2016,500,A/P,0
2017,500,A/P,0
2018,500,A/P,0
2019,500,A/P,1
2020,500,A/P,1
2021,500,A/P,1
2022,500,A/P,1
2023,500,A/P,1
2024,500,A/P,1
2025,500,A/P,1
1970,501,A/F,0
1971,501,A/F,0
1972,501,A/F,0
1973,501,A/F,0
1974,501,A/F,0
1975,501,A/F,0
1976,501,A/F,0
1977,501,A/F,0
1978,501,A/F,0
1979,501,A/F,0
1980,501,A/F,0
1981,501,A/F,0
1982,501,A/F,0
1983,501,A/F,0
1984,501,A/F,0
1985,501,A/F,0
1986,501,A/F,0
1987,501,A/F,0
1988,501,A/F,0
1989,501,A/F,0
1990,501,A/F,0
1991,501,A/F,0
1992,501,A/F,0
1993,501,A/F,0
1994,501,A/F,0
1995,501,A/F,0
1996,501,A/F,0
1997,501,D/P,0
1998,501,D/P,0
1999,501,D/P,0
2000,501,D/P,0
2001,501,D/P,0
2002,501,D/P,0
2003,501,D/P,0
2004,501,D/P,0
2005,501,D/P,0
2006,501,D/P,0
2007,501,D/fact,0
2008,501,D/fact,0
2009,501,D/fact,0
2010,501,D/P,0
2011,501,D/P,0
2012,501,D/P,0
2013,501,D/P,0
2014,501,D/P,0
2015,501,D/P,0
2016,501,D/P,0
2017,501,D/P,0
2018,501,D/P,0
2019,501,D/P,1
2020,501,D/P,1
2021,501,D/P,1
2022,501,D/P,1
2023,501,D/P,1
2024,501,D/P,1
2025,501,D/P,1
1970,510,A/F,0
1971,510,A/F,0
1972,510,A/F,0
1973,510,A/F,0
1974,510,A/F,0
1975,510,A/F,0
1976,510,A/F,0
1977,510,A/F,0
1978,510,A/F,0
1979,510,A/F,0
1980,510,A/F,0
1981,510,A/F,0
1982,510,A/F,0
1983,510,A/F,0
1984,510,A/F,0
1985,510,A/F,0
1986,510,A/F,0
1987,510,A/F,0
1988,510,A/F,0
1989,510,A/F,0
1990,510,A/F,0
1991,510,A/F,0
1992,510,A/F,0
1993,510,A/F,0
1994,510,A/F,0
1995,510,A/P,0
1996,510,A/P,0
1997,510,A/P,0
1998,510,A/P,0
1999,510,A/P,0
2000,510,A/P,0
2001,510,A/P,0
2002,510,A/P,0
2003,510,A/P,0
2004,510,A/P,0
2005,510,A/P,0
2006,510,A/P,0
2007,510,A/P,0
2008,510,A/P,0
2009,510,A/P,0
2010,510,A/P,0
2011,510,A/P,0
2012,510,A/P,0
2013,510,A/P,0
2014,510,A/P,0
2015,510,D/fact,0
2016,510,D/fact,0
2017,510,D/fact,0
2018,510,D/fact,0
2019,510,D/fact,1
2020,510,D/fact,1
2021,510,D/fact,1
2022,510,D/fact,1
2023,510,D/fact,1
2024,510,D/fact,1
2025,510,D/fact,1
1970,516,A/F,0
1971,516,A/F,0
1972,516,A/F,0
1973,516,A/F,0
1974,516,A/F,0
1975,516,A/F,0
1976,516,A/F,0
1977,516,A/F,0
1978,516,A/F,0
1979,516,A/F,0
1980,516,A/F,0
1981,516,A/F,0
1982,516,A/F,0
1983,516,A/F,0
1984,516,A/F,0
1985,516,A/F,0
1986,516,A/F,0
1987,516,A/F,0
1988,516,A/F,0
1989,516,A/F,0
1990,516,A/F,0
1991,516,A/F,0
1992,516,transition,0
1993,516,transition,0
1994,516,transition,0
1995,516,transition,0
1996,516,A/F,0
1997,516,A/F,0
1998,516,A/P,0
1999,516,A/P,0
2000,516,A/P,0
2001,516,transition,0
2002,516,transition,0
2003,516,transition,0
2004,516,transition,0
2005,516,D/P,0
2006,516,D/P,0
2007,516,D/P,0
2008,516,D/P,0
2009,516,D/P,0
2010,516,D/P,0
2011,516,D/P,0
2012,516,D/P,0
2013,516,D/P,0
2014,516,D/P,0
2015,516,A/P,0
2016,516,A/P,0
2017,516,A/P,0
2018,516,A/P,0
2019,516,A/P,1
2020,516,A/P,1
2021,516,A/P,1
2022,516,A/P,1
2023,516,A/P,1
2024,516,A/P,1
2025,516,A/P,1
1970,517,A/P,0
1971,517,A/P,0
1972,517,A/P,0
1973,517,A/F,0
1974,517,A/F,0
1975,517,A/F,0
1976,517,A/F,0
1977,517,A/F,0
1978,517,A/F,0
1979,517,A/F,0
1980,517,A/F,0
1981,517,A/F,0
1982,517,A/F,0
1983,517,A/F,0
1984,517,A/F,0
1985,517,A/F,0
1986,517,A/F,0
1987,517,A/F,0
1988,517,A/F,0
1989,517,A/F,0
1990,517,A/F,0
1991,517,A/F,0
1992,517,A/F,0
1993,517,A/F,0
1994,517,A/F,0
1995,517,A/F,0
1996,517,A/F,0
1997,517,A/F,0
1998,517,A/F,0
1999,517,A/F,0
2000,517,A/F,0
2001,517,A/F,0
2002,517,A/F,0
2003,517,A/F,0
2004,517,A/F,0
2005,517,A/F,0
2006,517,A/F,0
2007,517,A/F,0
2008,517,A/F,0
2009,517,A/F,0
2010,517,A/F,0
2011,517,A/F,0
2012,517,A/F,0
2013,517,A/F,0
2014,517,A/F,0
2015,517,A/F,0
2016,517,A/F,0
2017,517,A/F,0
2018,517,A/F,0
2019,517,A/F,1
2020,517,A/F,1
2021,517,A/F,1
2022,517,A/F,1
2023,517,A/F,1
2024,517,A/F,1
2025,517,A/F,1
1970,520,A/F,0
1971,520,A/F,0
1972,520,A/F,0
1973,520,A/F,0
1974,520,A/F,0
1975,520,A/F,0
1976,520,A/F,0
1977,520,A/F,0
1978,520,A/F,0
1979,520,A/F,0
1980,520,A/F,0
1981,520,A/F,0
1982,520,A/F,0
1983,520,A/F,0
1984,520,A/F,0
1985,520,A/F,0
1986,520,A/F,0
1987,520,A/F,0
1988,520,A/F,0
1989,520,A/F,0
1990,520,A/F,0
1991,520,transition,0
1992,520,transition,0
1993,520,transition,0
1994,520,transition,0
1995,520,transition,0
1996,520,transition,0
1997,520,transition,0
1998,520,transition,0
1999,520,transition,0
2000,520,transition,0
2001,520,transition,0
2002,520,transition,0
2003,520,transition,0
2004,520,transition,0
2005,520,transition,0
2006,520,transition,0
2007,520,transition,0
2008,520,transition,0
2009,520,transition,0
2010,520,transition,0
2011,520,transition,0
2012,520,D/P,0
2013,520,D/P,0
2014,520,D/P,0
2015,520,D/P,0
2016,520,D/P,0
2017,520,D/P,0
2018,520,D/P,0
2019,520,D/P,1
2020,520,D/P,1
2021,520,D/P,1
2022,520,D/P,1
2023,520,D/P,1
2024,520,D/P,1
2025,520,D/P,1
1977,522,A/F,0
1978,522,A/F,0
1979,522,A/F,0
1980,522,A/F,0
1981,522,A/F,0
1982,522,A/F,0
1983,522,A/F,0
1984,522,A/F,0
1985,522,A/F,0
1986,522,A/F,0
1987,522,A/F,0
1988,522,A/F,0
1989,522,A/F,0
1990,522,A/F,0
1991,522,A/F,0
1992,522,A/F,0
1993,522,A/F,0
1994,522,A/F,0
1995,522,A/F,0
1996,522,A/F,0
1997,522,A/F,0
1998,522,A/F,0
1999,522,D/fact,0
2000,522,D/fact,0
2001,522,D/fact,0
2002,522,D/fact,0
2003,522,D/fact,0
2004,522,D/fact,0
2005,522,D/fact,0
2006,522,D/fact,0
2007,522,D/fact,0
2008,522,D/fact,0
2009,522,D/fact,0
2010,522,D/fact,0
2011,522,D/fact,0
2012,522,D/fact,0
2013,522,D/P,0
2014,522,D/P,0
2015,522,D/P,0
2016,522,D/P,0
2017,522,D/P,0
2018,522,D/P,0
2019,522,D/P,1
2020,522,D/P,1
2021,522,D/P,1
2022,522,D/P,1
2023,522,D/P,1
2024,522,D/P,1
2025,522,D/P,1
2011,525,A/P,0
2012,525,A/P,0
2013,525,transition,0
2014,525,transition,0
2015,525,transition,0
2016,525,transition,0
2017,525,transition,0
2018,525,transition,0
2019,525,transition,1
2020,525,transition,1
2021,525,transition,1
2022,525,transition,1
2023,525,transition,1
2024,525,transition,1
2025,525,transition,1
1993,529,transition,0
1994,529,transition,0
1995,529,D/fact,0
1996,529,D/fact,0
1997,529,D/fact,0
1998,529,D/fact,0
1999,529,D/fact,0
2000,529,D/fact,0
2001,529,D/fact,0
2002,529,D/fact,0
2003,529,D/fact,0
2004,529,D/fact,0
2005,529,A/P,0
2006,529,A/P,0
2007,529,A/P,0
2008,529,A/P,0
2009,529,A/P,0
2010,529,A/P,0
2011,529,A/P,0
2012,529,A/P,0
2013,529,A/P,0
2014,529,A/P,0
2015,529,A/P,0
2016,529,A/P,0
2017,529,A/P,0
2018,529,A/P,0
2019,529,A/P,1
2020,529,A/P,1
2021,529,A/P,1
2022,529,A/P,1
2023,529,A/P,1
2024,529,A/P,1
2025,529,A/P,1
1970,530,A/F,0
1971,530,A/F,0
1972,530,A/F,0
1973,530,A/F,0
1974,530,transition,0
1975,530,A/F,0
1976,530,A/F,0
1977,530,A/F,0
1978,530,A/F,0
1979,530,A/F,0
1980,530,A/F,0
1981,530,A/F,0
1982,530,A/F,0
1983,530,A/F,0
1984,530,A/F,0
1985,530,A/F,0
1986,530,A/F,0
1987,530,A/F,0
1988,530,A/F,0
1989,530,A/F,0
1990,530,A/F,0
1991,530,transition,0
1992,530,transition,0
1993,530,transition,0
1994,530,transition,1
1995,530,transition,1
1996,530,transition,1
1997,530,transition,1
1998,530,transition,1
1999,530,transition,1
2000,530,transition,1
2001,530,transition,1
2002,530,transition,1
2003,530,transition,1
2004,530,transition,1
2005,530,transition,1
2006,530,transition,1
2007,530,transition,1
2008,530,transition,1
2009,530,transition,1
2010,530,transition,1
2011,530,transition,1
2012,530,transition,1
2013,530,transition,1
2014,530,transition,1
2015,530,transition,1
2016,530,transition,1
2017,530,transition,1
2018,530,transition,1
2019,530,transition,1
2020,530,transition,1
2021,530,transition,1
2022,530,transition,1
2023,530,transition,1
2024,530,transition,1
2025,530,transition,1
1993,531,A/F,0
1994,531,A/F,0
1995,531,A/F,0
1996,531,A/F,0
1997,531,A/F,0
1998,531,A/F,0
1999,531,A/F,0
2000,531,A/F,0
2001,531,A/F,0
2002,531,A/F,0
2003,531,A/F,0
2004,531,A/F,0
2005,531,A/F,0
2006,531,A/F,0
2007,531,A/F,0
2008,531,A/F,0
2009,531,A/F,0
2010,531,A/F,0
2011,531,A/F,0
2012,531,A/F,0
2013,531,A/F,0
2014,531,A/F,0
2015,531,A/F,0
2016,531,A/F,0
2017,531,A/F,0
2018,531,A/F,0
2019,531,A/F,1
2020,531,A/F,1
2021,531,A/F,1
2022,531,A/F,1
2023,531,A/F,1
2024,531,A/F,1
2025,531,A/F,1
1975,540,A/F,0
1976,540,A/F,0
1977,540,A/F,0
1978,540,A/F,0
1979,540,A/F,0
1980,540,A/F,0
1981,540,A/F,0
1982,540,A/F,0
1983,540,A/F,0
1984,540,A/F,0
1985,540,A/F,0
1986,540,A/F,0
1987,540,A/F,0
1988,540,A/F,0
1989,540,A/F,0
1990,540,A/F,0
1991,540,transition,0
1992,540,transition,0
1993,540,transition,0
1994,540,transition,0
1995,540,transition,0
1996,540,transition,0
1997,540,A/F,0
1998,540,A/F,0
1999,540,A/F,0
2000,540,A/F,0
2001,540,A/F,0
2002,540,A/P,0
2003,540,A/P,0
2004,540,A/P,0
2005,540,A/P,0
2006,540,A/P,0
2007,540,A/P,0
2008,540,A/P,0
2009,540,A/P,0
2010,540,A/P,0
2011,540,A/P,0
2012,540,A/P,0
2013,540,A/P,0
2014,540,A/P,0
2015,540,A/P,0
2016,540,A/P,0
2017,540,A/P,0
2018,540,A/P,0
2019,540,A/P,1
2020,540,A/P,1
2021,540,A/P,1
2022,540,A/P,1
2023,540,A/P,1
2024,540,A/P,1
2025,540,A/P,1
1975,541,A/F,0
1976,541,A/F,0
1977,541,A/F,0
1978,541,A/F,0
1979,541,A/F,0
1980,541,A/F,0
1981,541,A/F,0
1982,541,A/F,0
1983,541,A/F,0
1984,541,A/F,0
1985,541,A/F,0
1986,541,A/F,0
1987,541,A/F,0
1988,541,A/F,0
1989,541,A/F,0
1990,541,A/F,0
1991,541,A/F,0
1992,541,A/F,0
1993,541,A/F,0
1994,541,D/P,0
1995,541,D/P,0
1996,541,D/P,0
1997,541,D/P,0
1998,541,D/P,0
1999,541,D/P,0
2000,541,D/P,0
2001,541,D/P,0
2002,541,D/P,0
2003,541,D/P,0
2004,541,D/P,0
2005,541,D/P,0
2006,541,D/P,0
2007,541,D/P,0
2008,541,D/P,0
2009,541,D/P,0
2010,541,D/P,0
2011,541,D/P,0
2012,541,D/P,0
2013,541,D/P,0
2014,541,D/P,0
2015,541,D/P,0
2016,541,D/P,0
2017,541,D/P,0
2018,541,D/P,0
2019,541,D/P,1
2020,541,D/P,1
2021,541,D/P,1
2022,541,D/P,1
2023,541,D/P,1
2024,541,D/P,1
2025,541,D/P,1
1970,551,D/fact,0
1971,551,D/fact,0
1972,551,A/F,0
1973,551,A/F,0
1974,551,A/F,0
1975,551,A/F,0
1976,551,A/F,0
1977,551,A/F,0
1978,551,A/F,0
1979,551,A/F,0
1980,551,A/F,0
1981,551,A/F,0
1982,551,A/F,0
1983,551,A/F,0
1984,551,A/F,0
1985,551,A/F,0
1986,551,A/F,0
1987,551,A/F,0
1988,551,A/F,0
1989,551,A/F,0
1990,551,A/F,0
1991,551,D/fact,0
1992,551,D/fact,0
1993,551,D/fact,0
1994,551,D/fact,0
1995,551,D/fact,0
1996,551,A/P,0
1997,551,A/P,0
1998,551,A/P,0
1999,551,A/P,0
2000,551,A/P,0
2001,551,D/fact,0
2002,551,D/fact,0
2003,551,D/fact,0
2004,551,D/fact,0
2005,551,D/fact,0
2006,551,D/fact,0
2007,551,D/fact,0
2008,551,D/P,0
2009,551,D/P,0
2010,551,D/P,0
2011,551,D/P,0
2012,551,D/P,0
2013,551,D/P,0
2014,551,D/P,0
2015,551,D/P,0
2016,551,D/fact,0
2017,551,D/fact,0
2018,551,D/fact,0
2019,551,D/fact,1
2020,551,D/fact,1
2021,551,D/fact,1
2022,551,D/fact,1
2023,551,D/fact,1
2024,551,D/fact,1
2025,551,D/fact,1
1980,552,D/fact,0
1981,552,D/fact,0
1982,552,D/fact,0
1983,552,A/P,0
1984,552,A/P,0
1985,552,A/P,0
1986,552,A/P,0
1987,552,A/F,0
1988,552,A/F,0
1989,552,A/F,0
1990,552,A/F,0
1991,552,A/F,0
1992,552,A/F,0
1993,552,A/F,0
1994,552,A/F,0
1995,552,A/F,0
1996,552,A/F,0
1997,552,A/F,0
1998,552,A/F,0
1999,552,A/P,0
2000,552,A/P,0
2001,552,A/P,0
2002,552,A/P,0
2003,552,A/P,0
2004,552,A/P,0
2005,552,A/P,0
2006,552,A/P,0
2007,552,A/P,0
2008,552,A/P,0
2009,552,D/fact,0
2010,552,D/fact,0
2011,552,D/fact,0
2012,552,D/fact,0
2013,552,D/fact,0
2014,552,D/fact,0
2015,552,D/fact,0
2016,552,D/fact,0
2017,552,D/fact,0
2018,552,D/fact,0
2019,552,D/fact,1
2020,552,D/fact,1
2021,552,D/fact,1
2022,552,D/fact,1
2023,552,D/fact,1
2024,552,D/fact,1
2025,552,D/fact,1
1970,553,A/F,0
1971,553,A/F,0
1972,553,A/F,0
1973,553,A/F,0
1974,553,A/F,0
1975,553,A/F,0
1976,553,A/F,0
1977,553,A/F,0
1978,553,A/F,0
1979,553,A/F,0
1980,553,A/F,0
1981,553,A/F,0
1982,553,A/F,0
1983,553,A/F,0
1984,553,A/F,0
1985,553,A/F,0
1986,553,A/F,0
1987,553,A/F,0
1988,553,A/F,0
1989,553,A/F,0
1990,553,A/F,0
1991,553,A/F,0
1992,553,A/F,0
1993,553,A/F,0
1994,553,D/P,0
1995,553,D/P,0
1996,553,D/P,0
1997,553,D/P,0
1998,553,D/P,0
1999,553,D/P,0
2000,553,D/P,0
2001,553,D/P,0
2002,553,D/P,0
2003,553,D/P,0
2004,553,D/P,0
2005,553,D/fact,0
2006,553,D/fact,0
2007,553,D/fact,0
2008,553,D/fact,0
2009,553,D/fact,0
2010,553,D/fact,0
2011,553,D/fact,0
2012,553,D/fact,0
2013,553,D/fact,0
2014,553,D/fact,0
2015,553,D/fact,0
2016,553,D/fact,0
2017,553,D/fact,0
2018,553,D/fact,0
2019,553,D/fact,1
2020,553,D/fact,1
2021,553,D/fact,1
2022,553,D/fact,1
2023,553,D/fact,1
2024,553,D/fact,1
2025,553,D/fact,1
1970,560,A/P,0
1971,560,A/P,0
1972,560,A/P,0
1973,560,A/P,0
1974,560,A/P,0
1975,560,A/P,0
1976,560,A/P,0
1977,560,A/P,0
1978,560,A/P,0
1979,560,A/P,0
1980,560,A/P,0
1981,560,A/P,0
1982,560,A/P,0
1983,560,A/P,0
1984,560,A/P,0
1985,560,A/P,0
1986,560,A/P,0
1987,560,A/P,0
1988,560,A/P,0
1989,560,A/P,0
1990,560,A/P,0
1991,560,A/P,0
1992,560,transition,0
1993,560,transition,0
1994,560,D/P,0
1995,560,D/P,0
1996,560,D/P,0
1997,560,D/P,0
1998,560,D/P,0
1999,560,D/P,0
2000,560,D/P,0
2001,560,D/P,0
2002,560,D/P,0
2003,560,D/P,0
2004,560,D/P,0
2005,560,D/P,0
2006,560,D/P,0
2007,560,D/P,0
2008,560,D/P,0
2009,560,D/P,0
2010,560,D/P,0
2011,560,D/P,0
2012,560,D/P,0
2013,560,D/P,0
2014,560,D/P,0
2015,560,D/P,0
2016,560,D/P,0
2017,560,D/P,0
2018,560,D/P,0
2019,560,D/P,1
2020,560,D/P,1
2021,560,D/P,1
2022,560,D/P,1
2023,560,D/P,1
2024,560,D/P,1
2025,560,D/P,1
1990,565,D/P,0
1991,565,D/P,0
1992,565,D/P,0
1993,565,D/P,0
1994,565,D/P,0
1995,565,D/P,0
1996,565,D/P,0
1997,565,D/P,0
1998,565,D/P,0
1999,565,D/P,0
2000,565,D/P,0
2001,565,D/P,0
2002,565,D/P,0
2003,565,D/P,0
2004,565,D/P,0
2005,565,D/P,0
2006,565,D/P,0
2007,565,D/P,0
2008,565,D/P,0
2009,565,D/P,0
2010,565,D/P,0
2011,565,D/P,0
2012,565,D/P,0
2013,565,D/P,0
2014,565,D/P,0
2015,565,D/P,0
2016,565,D/P,0
2017,565,D/P,0
2018,565,D/P,0
2019,565,D/P,1
2020,565,D/P,1
2021,565,D/P,1
2022,565,D/P,1
2023,565,D/P,1
2024,565,D/P,1
2025,565,D/P,1
1970,570,A/F,0
1971,570,A/F,0
1972,570,A/F,0
1973,570,A/F,0
1974,570,A/F,0
1975,570,A/F,0
1976,570,A/F,0
1977,570,A/F,0
1978,570,A/F,0
1979,570,A/F,0
1980,570,A/F,0
1981,570,A/F,0
1982,570,A/F,0
1983,570,A/F,0
1984,570,A/F,0
1985,570,A/F,0
1986,570,A/F,0
1987,570,A/F,0
1988,570,A/F,0
1989,570,A/F,0
1990,570,A/F,0
1991,570,A/F,0
1992,570,A/F,0
1993,570,D/fact,0
1994,570,D/fact,0
1995,570,D/fact,0
1996,570,D/fact,0
1997,570,D/fact,0
1998,570,D/P,0
1999,570,D/P,0
2000,570,D/P,0
2001,570,D/P,0
2002,570,D/P,0
2003,570,D/P,0
2004,570,D/P,0
2005,570,D/fact,0
2006,570,D/fact,0
2007,570,D/fact,0
2008,570,D/fact,0
2009,570,D/fact,0
2010,570,D/fact,0
2011,570,D/fact,0
2012,570,D/P,0
2013,570,D/P,0
2014,570,D/P,0
2015,570,D/P,0
2016,570,D/P,0
2017,570,D/P,0
2018,570,D/P,0
2019,570,D/P,1
2020,570,D/P,1
2021,570,D/P,1
2022,570,D/P,1
2023,570,D/P,1
2024,570,D/P,1
2025,570,D/P,1
1970,571,D/P,0
1971,571,D/P,0
1972,571,D/P,0
1973,571,D/P,0
1974,571,D/P,0
1975,571,D/P,0
1976,571,D/P,0
1977,571,D/P,0
1978,571,D/P,0
1979,571,D/P,0
1980,571,D/P,0
1981,571,D/P,0
1982,571,D/P,0
1983,571,D/P,0
1984,571,D/P,0
1985,571,D/P,0
1986,571,D/P,0
1987,571,D/P,0
1988,571,D/P,0
1989,571,D/P,0
1990,571,D/P,0
1991,571,D/P,0
1992,571,D/P,0
1993,571,D/P,0
1994,571,D/P,0
1995,571,D/P,0
1996,571,D/P,0
1997,571,D/P,0
1998,571,D/P,0
1999,571,D/P,0
2000,571,D/P,0
2001,571,D/P,0
2002,571,D/P,0
2003,571,D/P,0
2004,571,D/P,0
2005,571,D/P,0
2006,571,D/P,0
2007,571,D/P,0
2008,571,D/P,0
2009,571,D/P,0
2010,571,D/P,0
2011,571,D/P,0
2012,571,D/P,0
2013,571,D/P,0
2014,571,D/P,0
2015,571,D/P,0
2016,571,D/P,0
2017,571,D/P,0
2018,571,D/P,0
2019,571,D/P,1
2020,571,D/P,1
2021,571,D/P,1
2022,571,D/P,1
2023,571,D/P,1
2024,571,D/P,1
2025,571,D/P,1
1970,572,A/F,0
1971,572,A/F,0
1972,572,A/F,0
1973,572,A/F,0
1974,572,A/F,0
1975,572,A/F,0
1976,572,A/F,0
1977,572,A/F,0
1978,572,A/F,0
1979,572,A/F,0
1980,572,A/F,0
1981,572,A/F,0
1982,572,A/F,0
1983,572,A/F,0
1984,572,A/F,0
1985,572,A/F,0
1986,572,A/F,0
1987,572,A/F,0
1988,572,A/F,0
1989,572,A/F,0
1990,572,A/F,0
1991,572,A/F,0
1992,572,A/F,0
1993,572,A/F,0
1994,572,A/F,0
1995,572,A/F,0
1996,572,A/F,0
1997,572,A/F,0
1998,572,A/F,0
1999,572,A/F,0
2000,572,A/F,0
2001,572,A/F,0
2002,572,A/F,0
2003,572,A/F,0
2004,572,A/F,0
2005,572,A/F,0
2006,572,A/F,0
2007,572,A/F,0
2008,572,A/F,0
2009,572,A/F,0
2010,572,A/F,0
2011,572,A/F,0
2012,572,A/F,0
2013,572,A/F,0
2014,572,A/F,0
2015,572,A/F,0
2016,572,A/F,0
2017,572,A/F,0
2018,572,A/F,0
2019,572,A/F,1
2020,572,A/F,1
2021,572,A/F,1
2022,572,A/F,1
2023,572,A/F,1
2024,572,A/F,1
2025,572,A/F,1
1970,580,D/P,0
1971,580,D/P,0
1972,580,A/P,0
1973,580,A/P,0
1974,580,A/P,0
1975,580,A/F,0
1976,580,A/F,0
1977,580,A/F,0
1978,580,A/F,0
1979,580,A/F,0
1980,580,A/F,0
1981,580,A/F,0
1982,580,A/F,0
1983,580,A/F,0
1984,580,A/F,0
1985,580,A/F,0
1986,580,A/F,0
1987,580,A/F,0
1988,580,A/F,0
1989,580,A/F,0
1990,580,A/F,0
1991,580,transition,0
1992,580,D/P,0
1993,580,D/P,0
1994,580,D/P,0
1995,580,D/P,0
1996,580,D/P,0
1997,580,D/P,0
1998,580,D/P,0
1999,580,D/P,0
2000,580,D/P,0
2001,580,D/P,0
2002,580,D/P,0
2003,580,D/P,0
2004,580,D/P,0
2005,580,D/P,0
2006,580,D/P,0
2007,580,D/P,0
2008,580,D/P,0
2009,580,A/P,0
2010,580,A/P,0
2011,580,A/P,0
2012,580,A/P,0
2013,580,A/P,0
2014,580,D/fact,0
2015,580,D/fact,0
2016,580,D/fact,0
2017,580,D/fact,0
2018,580,D/fact,0
2019,580,D/fact,1
2020,580,D/fact,1
2021,580,D/fact,1
2022,580,D/fact,1
2023,580,D/fact,1
2024,580,D/fact,1
2025,580,D/fact,1
1975,581,A/P,0
1976,581,A/P,0
1977,581,A/P,0
1978,581,A/P,0
1979,581,A/P,0
1980,581,A/P,0
1981,581,A/P,0
1982,581,A/P,0
1983,581,A/P,0
1984,581,A/F,0
1985,581,A/F,0
1986,581,A/F,0
1987,581,A/F,0
1988,581,A/F,0
1989,581,A/F,0
1990,581,D/fact,0
1991,581,D/fact,0
1992,581,D/fact,0
1993,581,D/fact,0
1994,581,D/fact,0
1995,581,transition,0
1996,581,D/fact,0
1997,581,D/fact,0
1998,581,D/fact,0
1999,581,A/P,0
2000,581,A/P,0
2001,581,A/P,0
2002,581,A/P,0
2003,581,A/P,0
2004,581,A/P,0
2005,581,A/P,0
2006,581,D/P,0
2007,581,D/P,0
2008,581,D/P,0
2009,581,D/P,0
2010,581,D/P,0
2011,581,D/P,0
2012,581,D/P,0
2013,581,D/P,0
2014,581,D/P,0
2015,581,D/P,0
2016,581,D/P,0
2017,581,D/P,0
2018,581,A/F,0
2019,581,A/F,1
2020,581,A/F,1
2021,581,A/F,1
2022,581,A/F,1
2023,581,A/F,1
2024,581,A/F,1
2025,581,A/F,1
1970,590,D/P,0
1971,590,D/P,0
1972,590,D/P,0
1973,590,D/P,0
1974,590,D/P,0
1975,590,D/P,0
1976,590,D/P,0
1977,590,D/P,0
1978,590,D/P,0
1979,590,D/P,0
1980,590,D/P,0
1981,590,D/P,0
1982,590,D/F,0
1983,590,D/F,0
1984,590,D/F,0
1985,590,D/F,0
1986,590,D/F,0
1987,590,D/F,0
1988,590,D/F,0
1989,590,D/F,0
1990,590,D/F,0
1991,590,D/F,0
1992,590,D/F,0
1993,590,D/F,0
1994,590,D/F,0
1995,590,D/F,0
1996,590,D/F,0
1997,590,D/F,0
1998,590,D/F,0
1999,590,D/F,0
2000,590,D/F,0
2001,590,D/F,0
2002,590,D/F,0
2003,590,D/F,0
2004,590,D/F,0
2005,590,D/F,0
2006,590,D/F,0
2007,590,D/F,0
2008,590,D/F,0
2009,590,D/F,0
2010,590,D/F,0
2011,590,D/F,0
2012,590,D/F,0
2013,590,D/F,0
2014,590,D/F,0
2015,590,D/F,0
2016,590,D/F,0
2017,590,D/F,0
2018,590,D/F,0
2019,590,D/F,1
2020,590,D/F,1
2021,590,D/F,1
2022,590,D/F,1
2023,590,D/F,1
2024,590,D/F,1
2025,590,D/F,1
1970,600,A/F,0
1971,600,A/F,0
1972,600,A/F,0
1973,600,A/F,0
1974,600,A/F,0
1975,600,A/F,0
1976,600,A/F,0
1977,600,A/F,0
1978,600,A/F,0
1979,600,A/F,0
1980,600,A/F,0
1981,600,A/F,0
1982,600,A/F,0
1983,600,A/F,0
1984,600,A/F,0
1985,600,A/F,0
1986,600,A/F,0
1987,600,A/F,0
1988,600,A/F,0
1989,600,A/F,0
1990,600,A/F,0
1991,600,A/F,0
1992,600,A/F,0
1993,600,A/F,0
1994,600,A/F,0
1995,600,A/F,0
1996,600,A/F,0
1997,600,A/F,0
1998,600,A/F,0
1999,600,A/F,0
2000,600,A/F,0
2001,600,A/F,0
2002,600,A/F,0
2003,600,A/F,0
2004,600,A/F,0
2005,600,A/F,0
2006,600,A/F,0
2007,600,A/F,0
2008,600,A/F,0
2009,600,A/F,0
2010,600,A/F,0
2011,600,A/F,0
2012,600,A/F,0
2013,600,A/F,0
2014,600,A/F,0
2015,600,A/F,0
2016,600,A/F,0
2017,600,A/F,0
2018,600,A/F,0
2019,600,A/F,1
2020,600,A/F,1
2021,600,A/F,1
2022,600,A/F,1
2023,600,A/F,1
2024,600,A/F,1
2025,600,A/F,1
1970,615,A/F,0
1971,615,A/F,0
1972,615,A/F,0
1973,615,A/F,0
1974,615,A/F,0
1975,615,A/F,0
1976,615,A/F,0
1977,615,A/F,0
1978,615,A/F,0
1979,615,A/F,0
1980,615,A/F,0
1981,615,A/F,0
1982,615,A/F,0
1983,615,A/F,0
1984,615,A/F,0
1985,615,A/F,0
1986,615,A/F,0
1987,615,A/F,0
1988,615,A/F,0
1989,615,A/P,0
1990,615,A/P,0
1991,615,A/P,0
1992,615,A/F,0
1993,615,A/F,0
1994,615,A/F,0
1995,615,A/P,0
1996,615,A/P,0
1997,615,A/P,0
1998,615,A/P,0
1999,615,A/P,0
2000,615,A/P,0
2001,615,A/P,0
2002,615,A/P,0
2003,615,A/P,0
2004,615,A/P,0
2005,615,A/P,0
2006,615,A/P,0
2007,615,A/P,0
2008,615,A/P,0
2009,615,A/P,0
2010,615,A/P,0
2011,615,A/P,0
2012,615,A/P,0
2013,615,A/P,0
2014,615,A/P,0
2015,615,A/P,0
2016,615,A/P,0
2017,615,A/P,0
2018,615,A/P,0
2019,615,A/P,1
2020,615,A/P,1
2021,615,A/P,1
2022,615,A/P,1
2023,615,A/P,1
2024,615,A/P,1
2025,615,A/P,1
1970,616,A/F,0
1971,616,A/F,0
1972,616,A/F,0
1973,616,A/F,0
1974,616,A/F,0
1975,616,A/F,0
1976,616,A/F,0
1977,616,A/F,0
1978,616,A/F,0
1979,616,A/F,0
1980,616,A/F,0
1981,616,A/F,0
1982,616,A/F,0
1983,616,A/F,0
1984,616,A/F,0
1985,616,A/F,0
1986,616,A/F,0
1987,616,A/F,0
1988,616,A/F,0
1989,616,A/F,0
1990,616,A/F,0
1991,616,A/F,0
1992,616,A/F,0
1993,616,A/P,0
1994,616,A/P,0
1995,616,A/P,0
1996,616,A/P,0
1997,616,A/P,0
1998,616,A/P,0
1999,616,A/P,0
2000,616,A/P,0
2001,616,A/P,0
2002,616,A/P,0
2003,616,A/P,0
2004,616,A/P,0
2005,616,A/P,0
2006,616,A/P,0
2007,616,A/P,0
2008,616,A/P,0
2009,616,A/P,0
2010,616,A/P,0
2011,616,transition,0
2012,616,transition,0
2013,616,transition,0
2014,616,D/P,0
2015,616,D/P,0
2016,616,D/P,0
2017,616,D/P,0
2018,616,D/P,0
2019,616,D/P,1
2020,616,D/P,1
2021,616,D/P,1
2022,616,D/P,1
2023,616,D/P,1
2024,616,D/P,1
2025,616,D/P,1
1970,620,A/F,0
1971,620,A/F,0
1972,620,A/F,0
1973,620,A/F,0
1974,620,A/F,0
1975,620,A/F,0
1976,620,A/F,0
1977,620,A/F,0
1978,620,A/F,0
1979,620,A/F,0
1980,620,A/F,0
1981,620,A/F,0
1982,620,A/F,0
1983,620,A/F,0
1984,620,A/F,0
1985,620,A/F,0
1986,620,A/F,0
1987,620,A/F,0
1988,620,A/F,0
1989,620,A/F,0
1990,620,A/F,0
1991,620,A/F,0
1992,620,A/F,0
1993,620,A/F,0
1994,620,A/F,0
1995,620,A/F,0
1996,620,A/F,0
1997,620,A/F,0
1998,620,A/F,0
1999,620,A/F,0
2000,620,A/F,0
2001,620,A/F,0
2002,620,A/F,0
2003,620,A/F,0
2004,620,A/F,0
2005,620,A/F,0
2006,620,A/F,0
2007,620,A/F,0
2008,620,A/F,0
2009,620,A/F,0
2010,620,A/F,0
2011,620,transition,0
2012,620,transition,0
2013,620,transition,0
2014,620,transition,0
2015,620,transition,0
2016,620,transition,0
2017,620,transition,0
2018,620,transition,0
2019,620,transition,1
2020,620,transition,1
2021,620,transition,1
2022,620,transition,1
2023,620,transition,1
2024,620,transition,1
2025,620,transition,1
1970,625,A/F,0
1971,625,A/F,0
1972,625,A/F,0
1973,625,A/F,0
1974,625,A/F,0
1975,625,A/F,0
1976,625,A/F,0
1977,625,A/F,0
1978,625,A/F,0
1979,625,A/F,0
1980,625,A/F,0
1981,625,A/F,0
1982,625,A/F,0
1983,625,A/F,0
1984,625,A/F,0
1985,625,A/F,0
1986,625,D/P,0
1987,625,D/P,0
1988,625,D/P,0
1989,625,A/F,0
1990,625,A/F,0
1991,625,A/F,0
1992,625,A/F,0
1993,625,A/F,0
1994,625,A/F,0
1995,625,A/F,0
1996,625,A/F,0
1997,625,A/F,0
1998,625,A/F,0
1999,625,A/F,0
2000,625,A/F,0
2001,625,A/F,0
2002,625,A/F,0
2003,625,A/F,0
2004,625,A/F,0
2005,625,A/F,0
2006,625,A/F,0
2007,625,A/F,0
2008,625,A/F,0
2009,625,A/F,0
2010,625,A/P,0
2011,625,A/P,0
2012,625,A/P,1
2013,625,A/P,1
2014,625,A/P,1
2015,625,A/P,1
2016,625,A/P,1
2017,625,A/P,1
2018,625,A/P,1
2019,625,A/P,1
2020,625,A/P,1
2021,625,A/P,1
2022,625,A/P,1
2023,625,A/P,1
2024,625,A/P,1
2025,625,A/P,1
2011,626,A/F,0
2012,626,A/F,0
2013,626,A/F,0
2014,626,A/F,0
2015,626,A/F,0
2016,626,A/F,0
2017,626,A/F,0
2018,626,A/F,0
2019,626,A/F,1
2020,626,A/F,1
2021,626,A/F,1
2022,626,A/F,1
2023,626,A/F,1
2024,626,A/F,1
2025,626,A/F,1
1970,630,A/F,0
1971,630,A/F,0
1972,630,A/F,0
1973,630,A/F,0
1974,630,A/F,0
1975,630,A/F,0
1976,630,A/F,0
1977,630,A/F,0
1978,630,A/F,0
1979,630,A/F,0
1980,630,A/F,0
1981,630,A/F,0
1982,630,A/F,0
1983,630,A/F,0
1984,630,A/F,0
1985,630,A/F,0
1986,630,A/F,0
1987,630,A/F,0
1988,630,A/F,0
1989,630,A/F,0
1990,630,A/F,0
1991,630,A/F,0
1992,630,A/F,0
1993,630,A/F,0
1994,630,A/F,0
1995,630,A/F,0
1996,630,A/F,0
1997,630,A/P,0
1998,630,A/P,0
1999,630,A/P,0
2000,630,A/P,0
2001,630,A/P,0
2002,630,A/P,0
2003,630,A/P,0
2004,630,A/F,0
2005,630,A/F,0
2006,630,A/F,0
2007,630,A/F,0
2008,630,A/F,0
2009,630,A/F,0
2010,630,A/F,0
2011,630,A/F,0
2012,630,A/F,0
2013,630,A/F,0
2014,630,A/F,0
2015,630,A/F,0
2016,630,A/F,0
2017,630,A/F,0
2018,630,A/F,0
2019,630,A/F,1
2020,630,A/F,1
2021,630,A/F,1
2022,630,A/F,1
2023,630,A/F,1
2024,630,A/F,1
2025,630,A/F,1
1970,640,D/P,0
1971,640,A/P,0
1972,640,A/P,0
1973,640,D/P,0
1974,640,D/P,0
1975,640,D/P,0
1976,640,D/P,0
1977,640,D/P,0
1978,640,D/P,0
1979,640,D/P,0
1980,640,A/P,0
1981,640,A/P,0
1982,640,A/P,0
1983,640,D/P,0
1984,640,D/P,0
1985,640,D/P,0
1986,640,D/P,0
1987,640,D/P,0
1988,640,D/P,0
1989,640,D/P,0
1990,640,D/P,0
1991,640,D/P,0
1992,640,D/P,0
1993,640,D/P,0
1994,640,D/P,0
1995,640,D/P,0
1996,640,D/P,0
1997,640,D/fact,0
1998,640,D/fact,0
1999,640,D/fact,0
2000,640,D/fact,0
2001,640,D/fact,0
2002,640,D/fact,0
2003,640,D/fact,0
2004,640,D/fact,0
2005,640,D/fact,0
2006,640,D/fact,0
2007,640,D/fact,0
2008,640,D/fact,0
2009,640,D/fact,0
2010,640,D/fact,0
2011,640,D/P,0
2012,640,D/P,0
2013,640,D/P,0
2014,640,D/fact,0
2015,640,D/fact,0
2016,640,A/F,0
2017,640,A/F,0
2018,640,A/F,0
2019,640,A/F,1
2020,640,A/F,1
2021,640,A/F,1
2022,640,A/F,1
2023,640,A/F,1
2024,640,A/F,1
2025,640,A/F,1
1970,645,A/F,0
1971,645,A/F,0
1972,645,A/F,0
1973,645,A/F,0
1974,645,A/F,0
1975,645,A/F,0
1976,645,A/F,0
1977,645,A/F,0
1978,645,A/F,0
1979,645,A/F,0
1980,645,A/F,0
1981,645,A/F,0
1982,645,A/F,0
1983,645,A/F,0
1984,645,A/F,0
1985,645,A/F,0
1986,645,A/F,0
1987,645,A/F,0
1988,645,A/F,0
1989,645,A/F,0
1990,645,A/F,0
1991,645,A/F,0
1992,645,A/F,0
1993,645,A/F,0
1994,645,A/F,0
1995,645,A/F,0
1996,645,A/F,0
1997,645,A/F,0
1998,645,A/F,0
1999,645,A/F,0
2000,645,A/F,0
2001,645,A/F,0
2002,645,A/F,0
2003,645,transition,0
2004,645,transition,0
2005,645,transition,0
2006,645,transition,0
2007,645,transition,0
2008,645,transition,0
2009,645,transition,0
2010,645,D/fact,0
2011,645,D/fact,0
2012,645,D/fact,0
2013,645,D/fact,0
2014,645,D/fact,0
2015,645,D/fact,0
2016,645,D/fact,0
2017,645,D/fact,0
2018,645,D/fact,0
2019,645,D/fact,1
2020,645,D/fact,1
2021,645,D/fact,1
2022,645,D/fact,1
2023,645,D/fact,1
2024,645,D/fact,1
2025,645,D/fact,1
1970,651,A/F,0
1971,651,A/F,0
1972,651,A/F,0
1973,651,A/F,0
1974,651,A/F,0
1975,651,A/F,0
1976,651,A/F,0
1977,651,A/F,0
1978,651,A/F,0
1979,651,A/F,0
1980,651,A/F,0
1981,651,A/F,0
1982,651,A/F,0
1983,651,A/F,0
1984,651,A/F,0
1985,651,A/F,0
1986,651,A/F,0
1987,651,A/F,0
1988,651,A/F,0
1989,651,A/F,0
1990,651,A/F,0
1991,651,A/F,0
1992,651,A/F,0
1993,651,A/F,0
1994,651,A/F,0
1995,651,A/F,0
1996,651,A/F,0
1997,651,A/F,0
1998,651,A/F,0
1999,651,A/F,0
2000,651,A/F,0
2001,651,A/F,0
2002,651,A/F,0
2003,651,A/F,0
2004,651,A/F,0
2005,651,A/P,0
2006,651,A/P,0
2007,651,A/P,0
2008,651,A/P,0
2009,651,A/P,0
2010,651,A/P,0
2011,651,A/P,0
2012,651,transition,0
2013,651,A/F,0
2014,651,A/F,0
2015,651,A/F,0
2016,651,A/F,0
2017,651,A/F,0
2018,651,A/F,0
2019,651,A/F,1
2020,651,A/F,1
2021,651,A/F,1
2022,651,A/F,1
2023,651,A/F,1
2024,651,A/F,1
2025,651,A/F,1
1970,652,A/F,0
1971,652,A/F,0
1972,652,A/F,0
1973,652,A/F,0
1974,652,A/F,0
1975,652,A/F,0
1976,652,A/F,0
1977,652,A/F,0
1978,652,A/F,0
1979,652,A/F,0
1980,652,A/F,0
1981,652,A/F,0
1982,652,A/F,0
1983,652,A/F,0
1984,652,A/F,0
1985,652,A/F,0
1986,652,A/F,0
1987,652,A/F,0
1988,652,A/F,0
1989,652,A/F,0
1990,652,A/F,0
1991,652,A/F,0
1992,652,A/F,0
1993,652,A/F,0
1994,652,A/F,0
1995,652,A/F,0
1996,652,A/F,0
1997,652,A/F,0
1998,652,A/F,0
1999,652,A/F,0
2000,652,A/F,0
2001,652,A/F,0
2002,652,A/F,0
2003,652,A/F,0
2004,652,A/F,0
2005,652,A/F,0
2006,652,A/F,0
2007,652,A/F,0
2008,652,A/F,0
2009,652,A/F,0
2010,652,A/F,0
2011,652,A/F,0
2012,652,A/F,0
2013,652,A/F,0
2014,652,A/F,0
2015,652,A/F,0
2016,652,A/F,0
2017,652,A/F,0
2018,652,A/F,0
2019,652,A/F,1
2020,652,A/F,1
2021,652,A/F,1
2022,652,A/F,1
2023,652,A/F,1
2024,652,A/F,1
2025,652,A/F,1
1970,660,D/fact,0
1971,660,D/fact,0
1972,660,D/fact,0
1973,660,D/fact,0
1974,660,D/fact,0
1975,660,transition,0
1976,660,transition,0
1977,660,transition,0
1978,660,transition,0
1979,660,transition,0
1980,660,transition,0
1981,660,transition,0
1982,660,transition,0
1983,660,transition,0
1984,660,transition,0
1985,660,transition,0
1986,660,transition,0
1987,660,transition,0
1988,660,transition,0
1989,660,transition,0
1990,660,transition,0
1991,660,transition,0
1992,660,transition,0
1993,660,transition,0
1994,660,transition,0
1995,660,transition,0
1996,660,transition,0
1997,660,transition,0
1998,660,transition,0
1999,660,transition,0
2000,660,transition,0
2001,660,transition,0
2002,660,transition,0
2003,660,transition,0
2004,660,transition,0
2005,660,D/fact,0
2006,660,D/fact,0
2007,660,D/fact,0
2008,660,D/fact,0
2009,660,D/fact,0
2010,660,D/fact,0
2011,660,D/fact,0
2012,660,D/fact,0
2013,660,D/fact,0
2014,660,D/fact,0
2015,660,D/fact,0
2016,660,D/fact,0
2017,660,D/fact,0
2018,660,D/fact,0
2019,660,D/fact,1
2020,660,D/fact,1
2021,660,D/fact,1
2022,660,D/fact,1
2023,660,D/fact,1
2024,660,D/fact,1
2025,660,D/fact,1
1970,663,A/F,0
1971,663,A/F,0
1972,663,A/F,0
1973,663,A/F,0
1974,663,A/F,0
1975,663,A/F,0
1976,663,A/F,0
1977,663,A/F,0
1978,663,A/F,0
1979,663,A/F,0
1980,663,A/F,0
1981,663,A/F,0
1982,663,A/F,0
1983,663,A/F,0
1984,663,A/F,0
1985,663,A/F,0
1986,663,A/F,0
1987,663,A/F,0
1988,663,A/F,0
1989,663,A/P,0
1990,663,A/P,0
1991,663,A/P,0
1992,663,A/P,0
1993,663,A/P,0
1994,663,A/P,0
1995,663,A/P,0
1996,663,A/P,0
1997,663,A/P,0
1998,663,A/P,0
1999,663,A/P,0
2000,663,A/P,0
2001,663,A/P,0
2002,663,A/P,0
2003,663,A/P,0
2004,663,A/P,0
2005,663,A/P,0
2006,663,A/P,0
2007,663,A/P,0
2008,663,A/P,0
2009,663,A/P,0
2010,663,A/P,0
2011,663,A/P,0
2012,663,A/P,0
2013,663,A/P,0
2014,663,A/P,0
2015,663,A/P,0
2016,663,A/P,0
2017,663,A/P,0
2018,663,A/P,0
2019,663,A/P,1
2020,663,A/P,1
2021,663,A/P,1
2022,663,A/P,1
2023,663,A/P,1
2024,663,A/P,1
2025,663,A/P,1
1970,666,D/P,0
1971,666,D/P,0
1972,666,D/P,0
1973,666,D/P,0
1974,666,D/P,0
1975,666,D/P,0
1976,666,D/P,0
1977,666,D/P,0
1978,666,D/P,0
1979,666,D/P,0
1980,666,D/P,0
1981,666,D/fact,0
1982,666,D/fact,0
1983,666,D/fact,0
1984,666,D/fact,0
1985,666,D/fact,0
1986,666,D/fact,0
1987,666,D/fact,0
1988,666,D/fact,0
1989,666,D/fact,0
1990,666,D/fact,0
1991,666,D/fact,0
1992,666,D/fact,0
1993,666,D/fact,0
1994,666,D/fact,0
1995,666,D/fact,0
1996,666,D/fact,0
1997,666,D/fact,0
1998,666,D/fact,0
1999,666,D/fact,0
2000,666,D/fact,0
2001,666,D/fact,0
2002,666,D/fact,0
2003,666,D/fact,0
2004,666,D/fact,0
2005,666,D/fact,0
2006,666,D/fact,0
2007,666,D/fact,0
2008,666,D/fact,0
2009,666,D/fact,0
2010,666,D/fact,0
2011,666,D/fact,0
2012,666,D/fact,0
2013,666,D/fact,0
2014,666,D/fact,0
2015,666,D/fact,0
2016,666,D/fact,0
2017,666,D/fact,0
2018,666,D/fact,0
2019,666,D/fact,1
2020,666,D/fact,1
2021,666,D/fact,1
2022,666,D/fact,1
2023,666,D/fact,1
2024,666,D/fact,1
2025,666,D/fact,1
1970,670,A/F,0
1971,670,A/F,0
1972,670,A/F,0
1973,670,A/F,0
1974,670,A/F,0
1975,670,A/F,0
1976,670,A/F,0
1977,670,A/F,0
1978,670,A/F,0
1979,670,A/F,0
1980,670,A/F,0
1981,670,A/F,0
1982,670,A/F,0
1983,670,A/F,0
1984,670,A/F,0
1985,670,A/F,0
1986,670,A/F,0
1987,670,A/F,0
1988,670,A/F,0
1989,670,A/F,0
1990,670,A/F,0
1991,670,A/F,0
1992,670,A/F,0
1993,670,A/F,0
1994,670,A/F,0
1995,670,A/F,0
1996,670,A/F,0
1997,670,A/F,0
1998,670,A/F,0
1999,670,A/F,0
2000,670,A/F,0
2001,670,A/F,0
2002,670,A/F,0
2003,670,A/F,0
2004,670,A/F,0
2005,670,A/F,0
2006,670,A/F,0
2007,670,A/F,0
2008,670,A/F,0
2009,670,A/F,0
2010,670,A/F,0
2011,670,A/F,0
2012,670,A/F,0
2013,670,A/F,0
2014,670,A/F,0
2015,670,A/F,0
2016,670,A/F,0
2017,670,A/F,0
2018,670,A/F,0
2019,670,A/F,1
2020,670,A/F,1
2021,670,A/F,1
2022,670,A/F,1
2023,670,A/F,1
2024,670,A/F,1
2025,670,A/F,1
1970,678,A/F,0
1971,678,A/F,0
1972,678,A/F,0
1973,678,A/F,0
1974,678,A/F,0
1975,678,A/F,0
1976,678,A/F,0
1977,678,A/F,0
1978,678,A/F,0
1979,678,A/F,0
1980,678,A/F,0
1981,678,A/F,0
1982,678,A/F,0
1983,678,A/F,0
1984,678,A/F,0
1985,678,A/F,0
1986,678,A/F,0
1987,678,A/F,0
1988,678,A/F,0
1989,678,A/F,0
1990,678,A/F,0
1991,678,A/F,1
1992,678,A/F,1
1993,678,A/F,1
1994,678,A/F,1
1995,678,A/F,1
1996,678,A/F,1
1997,678,A/F,1
1998,678,A/F,1
1999,678,A/F,1
2000,678,A/F,1
2001,678,A/F,1
2002,678,A/F,1
2003,678,A/F,1
2004,678,A/F,1
2005,678,A/F,1
2006,678,A/F,1
2007,678,A/F,1
2008,678,A/F,1
2009,678,A/F,1
2010,678,A/F,1
2011,678,A/F,1
2012,678,A/F,1
2013,678,A/F,1
2014,678,A/F,1
2015,678,A/F,1
2016,678,A/F,1
2017,678,A/F,1
2018,678,A/F,1
2019,678,A/F,1
2020,678,A/F,1
2021,678,A/F,1
2022,678,A/F,1
2023,678,A/F,1
2024,678,A/F,1
2025,678,A/F,1
1990,679,transition,0
1991,679,transition,0
1992,679,transition,0
1993,679,A/P,0
1994,679,A/P,0
1995,679,A/P,0
1996,679,A/P,0
1997,679,A/P,0
1998,679,A/P,0
1999,679,A/P,0
2000,679,A/P,0
2001,679,A/P,0
2002,679,A/P,0
2003,679,A/P,0
2004,679,A/P,0
2005,679,A/P,0
2006,679,A/P,0
2007,679,A/P,0
2008,679,A/P,0
2009,679,A/P,0
2010,679,A/P,0
2011,679,A/P,0
2012,679,A/P,0
2013,679,A/P,0
2014,679,transition,0
2015,679,transition,0
2016,679,transition,0
2017,679,transition,0
2018,679,transition,0
2019,679,transition,1
2020,679,transition,1
2021,679,transition,1
2022,679,transition,1
2023,679,transition,1
2024,679,transition,1
2025,679,transition,1
1970,680,A/F,0
1971,680,A/F,0
1972,680,A/F,0
1973,680,A/F,0
1974,680,A/F,0
1975,680,A/F,0
1976,680,A/F,0
1977,680,A/F,0
1978,680,A/F,0
1979,680,A/F,0
1980,680,A/F,0
1981,680,A/F,0
1982,680,A/F,0
1983,680,A/F,0
1984,680,A/F,0
1985,680,A/F,0
1986,680,A/F,0
1987,680,A/F,0
1988,680,A/F,0
1989,680,A/F,0
1990,680,A/F,0
1991,680,A/F,1
1992,680,A/F,1
1993,680,A/F,1
1994,680,A/F,1
1995,680,A/F,1
1996,680,A/F,1
1997,680,A/F,1
1998,680,A/F,1
1999,680,A/F,1
2000,680,A/F,1
2001,680,A/F,1
2002,680,A/F,1
2003,680,A/F,1
2004,680,A/F,1
2005,680,A/F,1
2006,680,A/F,1
2007,680,A/F,1
2008,680,A/F,1
2009,680,A/F,1
2010,680,A/F,1
2011,680,A/F,1
2012,680,A/F,1
2013,680,A/F,1
2014,680,A/F,1
2015,680,A/F,1
2016,680,A/F,1
2017,680,A/F,1
2018,680,A/F,1
2019,680,A/F,1
2020,680,A/F,1
2021,680,A/F,1
2022,680,A/F,1
2023,680,A/F,1
2024,680,A/F,1
2025,680,A/F,1
1970,690,A/F,0
1971,690,A/F,0
1972,690,A/F,0
1973,690,A/F,0
1974,690,A/F,0
1975,690,A/F,0
1976,690,A/F,0
1977,690,A/F,0
1978,690,A/F,0
1979,690,A/F,0
1980,690,A/F,0
1981,690,A/F,0
1982,690,A/F,0
1983,690,A/F,0
1984,690,A/F,0
1985,690,A/F,0
1986,690,A/F,0
1987,690,A/F,0
1988,690,A/F,0
1989,690,A/F,0
1990,690,transition,0
1991,690,A/F,0
1992,690,A/F,0
1993,690,A/F,0
1994,690,A/F,0
1995,690,A/F,0
1996,690,A/F,0
1997,690,A/F,0
1998,690,A/F,0
1999,690,A/F,0
2000,690,A/F,0
2001,690,A/F,0
2002,690,A/F,0
2003,690,A/F,0
2004,690,A/F,0
2005,690,A/F,0
2006,690,A/F,0
2007,690,A/F,0
2008,690,A/F,0
2009,690,A/F,0
2010,690,A/F,0
2011,690,A/F,0
2012,690,A/F,0
2013,690,A/F,0
2014,690,A/F,0
2015,690,A/F,0
2016,690,A/F,0
2017,690,A/F,0
2018,690,A/F,0
2019,690,A/F,1
2020,690,A/F,1
2021,690,A/F,1
2022,690,A/F,1
2023,690,A/F,1
2024,690,A/F,1
2025,690,A/F,1
1971,692,A/F,0
1972,692,A/F,0
1973,692,A/F,0
1974,692,A/F,0
1975,692,A/F,0
1976,692,A/F,0
1977,692,A/F,0
1978,692,A/F,0
1979,692,A/F,0
1980,692,A/F,0
1981,692,A/F,0
1982,692,A/F,0
1983,692,A/F,0
1984,692,A/F,0
1985,692,A/F,0
1986,692,A/F,0
1987,692,A/F,0
1988,692,A/F,0
1989,692,A/F,0
1990,692,A/F,0
1991,692,A/F,0
1992,692,A/F,0
1993,692,A/F,0
1994,692,A/F,0
1995,692,A/F,0
1996,692,A/F,0
1997,692,A/F,0
1998,692,A/F,0
1999,692,A/F,0
2000,692,A/F,0
2001,692,A/F,0
2002,692,A/F,0
2003,692,A/F,0
2004,692,A/F,0
2005,692,A/F,0
2006,692,A/F,0
2007,692,A/F,0
2008,692,A/F,0
2009,692,A/F,0
2010,692,A/P,0
2011,692,A/F,0
2012,692,A/F,0
2013,692,A/F,0
2014,692,A/F,0
2015,692,A/F,0
2016,692,A/F,0
2017,692,A/F,0
2018,692,A/F,0
2019,692,A/F,1
2020,692,A/F,1
2021,692,A/F,1
2022,692,A/F,1
2023,692,A/F,1
2024,692,A/F,1
2025,692,A/F,1
1971,694,A/F,0
1972,694,A/F,0
1973,694,A/F,0
1974,694,A/F,0
1975,694,A/F,0
1976,694,A/F,0
1977,694,A/F,0
1978,694,A/F,0
1979,694,A/F,0
1980,694,A/F,0
1981,694,A/F,0
1982,694,A/F,0
1983,694,A/F,0
1984,694,A/F,0
1985,694,A/F,0
1986,694,A/F,0
1987,694,A/F,0
1988,694,A/F,0
1989,694,A/F,0
1990,694,A/F,0
1991,694,A/F,0
1992,694,A/F,0
1993,694,A/F,0
1994,694,A/F,0
1995,694,A/F,0
1996,694,A/F,0
1997,694,A/F,0
1998,694,A/F,0
1999,694,A/F,0
2000,694,A/F,0
2001,694,A/F,0
2002,694,A/F,0
2003,694,A/F,0
2004,694,A/F,0
2005,694,A/F,0
2006,694,A/F,0
2007,694,A/F,0
2008,694,A/F,0
2009,694,A/F,0
2010,694,A/F,0
2011,694,A/F,0
2012,694,A/F,0
2013,694,A/F,0
2014,694,A/F,0
2015,694,A/F,0
2016,694,A/F,0
2017,694,A/F,0
2018,694,A/F,0
2019,694,A/F,1
2020,694,A/F,1
2021,694,A/F,1
2022,694,A/F,1
2023,694,A/F,1
2024,694,A/F,1
2025,694,A/F,1
1971,696,A/F,0
1972,696,A/F,0
1973,696,A/F,0
1974,696,A/F,0
1975,696,A/F,0
1976,696,A/F,0
1977,696,A/F,0
1978,696,A/F,0
1979,696,A/F,0
1980,696,A/F,0
1981,696,A/F,0
1982,696,A/F,0
1983,696,A/F,0
1984,696,A/F,0
1985,696,A/F,0
1986,696,A/F,0
1987,696,A/F,0
1988,696,A/F,0
1989,696,A/F,0
1990,696,A/F,0
1991,696,A/F,0
1992,696,A/F,0
1993,696,A/F,0
1994,696,A/F,0
1995,696,A/F,0
1996,696,A/F,0
1997,696,A/F,0
1998,696,A/F,0
1999,696,A/F,0
2000,696,A/F,0
2001,696,A/F,0
2002,696,A/F,0
2003,696,A/F,0
2004,696,A/F,0
2005,696,A/F,0
2006,696,A/F,0
2007,696,A/F,0
2008,696,A/F,0
2009,696,A/F,0
2010,696,A/F,0
2011,696,A/F,0
2012,696,A/F,0
2013,696,A/F,0
2014,696,A/F,0
2015,696,A/F,0
2016,696,A/F,0
2017,696,A/F,0
2018,696,A/F,0
2019,696,A/F,1
2020,696,A/F,1
2021,696,A/F,1
2022,696,A/F,1
2023,696,A/F,1
2024,696,A/F,1
2025,696,A/F,1
1970,698,A/F,0
1971,698,A/F,0
1972,698,A/F,0
1973,698,A/F,0
1974,698,A/F,0
1975,698,A/F,0
1976,698,A/F,0
1977,698,A/F,0
1978,698,A/F,0
1979,698,A/F,0
1980,698,A/F,0
1981,698,A/F,0
1982,698,A/F,0
1983,698,A/F,0
1984,698,A/F,0
1985,698,A/F,0
1986,698,A/F,0
1987,698,A/F,0
1988,698,A/F,0
1989,698,A/F,0
1990,698,A/F,0
1991,698,A/F,0
1992,698,A/F,0
1993,698,A/F,0
1994,698,A/F,0
1995,698,A/F,0
1996,698,A/F,0
1997,698,A/F,0
1998,698,A/F,0
1999,698,A/F,0
2000,698,A/F,0
2001,698,A/F,0
2002,698,A/F,0
2003,698,A/F,0
2004,698,A/F,0
2005,698,A/F,0
2006,698,A/F,0
2007,698,A/F,0
2008,698,A/F,0
2009,698,A/F,0
2010,698,A/F,0
2011,698,A/F,0
2012,698,A/F,0
2013,698,A/F,0
2014,698,A/F,0
2015,698,A/F,0
2016,698,A/F,0
2017,698,A/F,0
2018,698,A/F,0
2019,698,A/F,1
2020,698,A/F,1
2021,698,A/F,1
2022,698,A/F,1
2023,698,A/F,1
2024,698,A/F,1
2025,698,A/F,1
1970,700,A/F,0
1971,700,A/F,0
1972,700,A/F,0
1973,700,A/F,0
1974,700,A/F,0
1975,700,A/F,0
1976,700,A/F,0
1977,700,A/F,0
1978,700,transition,0
1979,700,transition,0
1980,700,transition,0
1981,700,transition,0
1982,700,transition,0
1983,700,transition,0
1984,700,transition,0
1985,700,transition,0
1986,700,transition,0
1987,700,transition,0
1988,700,transition,0
1989,700,A/F,0
1990,700,A/F,0
1991,700,A/F,0
1992,700,transition,0
1993,700,transition,0
1994,700,transition,0
1995,700,transition,0
1996,700,A/F,0
1997,700,A/F,0
1998,700,A/F,0
1999,700,A/F,0
2000,700,A/F,0
2001,700,transition,0
2002,700,transition,0
2003,700,transition,0
2004,700,transition,0
2005,700,transition,0
2006,700,transition,0
2007,700,transition,0
2008,700,transition,0
2009,700,transition,0
2010,700,transition,0
2011,700,transition,0
2012,700,transition,0
2013,700,transition,0
2014,700,A/P,0
2015,700,A/P,0
2016,700,A/P,0
2017,700,A/P,0
2018,700,A/P,0
2019,700,A/P,1
2020,700,A/P,1
2021,700,A/P,1
2022,700,A/P,1
2023,700,A/P,1
2024,700,A/P,1
2025,700,A/P,1
1991,701,A/F,0
1992,701,A/F,0
1993,701,A/F,0
1994,701,A/F,0
1995,701,A/F,0
1996,701,A/F,0
1997,701,A/F,0
1998,701,A/F,0
1999,701,A/F,0
2000,701,A/F,0
2001,701,A/F,0
2002,701,A/F,0
2003,701,A/F,0
2004,701,A/F,0
2005,701,A/F,0
2006,701,A/F,0
2007,701,A/F,0
2008,701,A/F,0
2009,701,A/F,0
2010,701,A/F,0
2011,701,A/F,0
2012,701,A/F,0
2013,701,A/F,0
2014,701,A/F,0
2015,701,A/F,0
2016,701,A/F,0
2017,701,A/F,0
2018,701,A/F,0
2019,701,A/F,1
2020,701,A/F,1
2021,701,A/F,1
2022,701,A/F,1
2023,701,A/F,1
2024,701,A/F,1
2025,701,A/F,1
1991,702,A/P,0
1992,702,A/F,0
1993,702,A/F,0
1994,702,A/F,0
1995,702,A/F,0
1996,702,A/F,0
1997,702,A/F,0
1998,702,A/P,0
1999,702,A/P,0
2000,702,A/P,0
2001,702,A/P,0
2002,702,A/P,0
2003,702,A/P,0
2004,702,A/P,0
2005,702,A/P,0
2006,702,A/P,0
2007,702,A/P,0
2008,702,A/P,0
2009,702,A/P,0
2010,702,A/P,0
2011,702,A/P,0
2012,702,A/P,0
2013,702,A/P,0
2014,702,A/P,0
2015,702,A/P,0
2016,702,A/P,0
2017,702,A/P,0
2018,702,A/P,0
2019,702,A/P,1
2020,702,A/P,1
2021,702,A/P,1
2022,702,A/P,1
2023,702,A/P,1
2024,702,A/P,1
2025,702,A/P,1
1991,703,A/F,0
1992,703,A/F,0
1993,703,A/F,0
1994,703,A/F,0
1995,703,A/F,0
1996,703,A/F,0
1997,703,A/F,0
1998,703,A/F,0
1999,703,A/F,0
2000,703,A/F,0
2001,703,A/F,0
2002,703,A/F,0
2003,703,A/F,0
2004,703,A/F,0
2005,703,D/P,0
2006,703,D/P,0
2007,703,D/P,0
2008,703,D/P,0
2009,703,D/P,0
2010,703,transition,0
2011,703,D/fact,0
2012,703,D/fact,0
2013,703,D/fact,0
2014,703,D/fact,0
2015,703,D/fact,0
2016,703,D/fact,0
2017,703,D/fact,0
2018,703,D/fact,0
2019,703,D/fact,1
2020,703,D/fact,1
2021,703,D/fact,1
2022,703,D/fact,1
2023,703,D/fact,1
2024,703,D/fact,1
2025,703,D/fact,1
1991,704,A/F,0
1992,704,A/F,0
1993,704,A/F,0
1994,704,A/F,0
1995,704,A/F,0
1996,704,A/F,0
1997,704,A/F,0
1998,704,A/F,0
1999,704,A/F,0
2000,704,A/F,0
2001,704,A/F,0
2002,704,A/F,0
2003,704,A/F,0
2004,704,A/F,0
2005,704,A/F,0
2006,704,A/F,0
2007,704,A/F,0
2008,704,A/F,0
2009,704,A/F,0
2010,704,A/F,0
2011,704,A/F,0
2012,704,A/F,0
2013,704,A/F,0
2014,704,A/F,0
2015,704,A/F,0
2016,704,A/F,0
2017,704,A/F,0
2018,704,A/F,0
2019,704,A/F,1
2020,704,A/F,1
2021,704,A/F,1
2022,704,A/F,1
2023,704,A/F,1
2024,704,A/F,1
2025,704,A/F,1
1991,705,A/P,0
1992,705,A/P,0
1993,705,A/P,0
1994,705,A/P,0
1995,705,A/F,0
1996,705,A/F,0
1997,705,A/F,0
1998,705,A/F,0
1999,705,A/F,0
2000,705,A/F,0
2001,705,A/F,0
2002,705,A/F,0
2003,705,A/F,0
2004,705,A/F,0
2005,705,A/F,0
2006,705,A/F,0
2007,705,A/F,0
2008,705,A/F,0
2009,705,A/F,0
2010,705,A/F,0
2011,705,A/F,0
2012,705,A/F,0
2013,705,A/F,0
2014,705,A/F,0
2015,705,A/F,0
2016,705,A/F,0
2017,705,A/F,0
2018,705,A/F,0
2019,705,A/F,1
2020,705,A/F,1
2021,705,A/F,1
2022,705,A/F,1
2023,705,A/F,1
2024,705,A/F,1
2025,705,A/F,1
1970,710,A/F,0
1971,710,A/F,0
1972,710,A/F,0
1973,710,A/F,0
1974,710,A/F,0
1975,710,A/F,0
1976,710,A/F,0
1977,710,A/F,0
1978,710,A/F,0
1979,710,A/F,0
1980,710,A/F,0
1981,710,A/F,0
1982,710,A/F,0
1983,710,A/F,0
1984,710,A/F,0
1985,710,A/F,0
1986,710,A/F,0
1987,710,A/F,0
1988,710,A/F,0
1989,710,A/F,0
1990,710,A/F,0
1991,710,A/F,0
1992,710,A/F,0
1993,710,A/F,0
1994,710,A/F,0
1995,710,A/F,0
1996,710,A/F,0
1997,710,A/F,0
1998,710,A/F,0
1999,710,A/F,0
2000,710,A/F,0
2001,710,A/F,0
2002,710,A/F,0
2003,710,A/F,0
2004,710,A/F,0
2005,710,A/F,0
2006,710,A/F,0
2007,710,A/F,0
2008,710,A/F,0
2009,710,A/F,0
2010,710,A/F,0
2011,710,A/F,0
2012,710,A/F,0
2013,710,A/F,0
2014,710,A/F,0
2015,710,A/F,0
2016,710,A/F,0
2017,710,A/F,0
2018,710,A/F,0
2019,710,A/F,1
2020,710,A/F,1
2021,710,A/F,1
2022,710,A/F,1
2023,710,A/F,1
2024,710,A/F,1
2025,710,A/F,1
1970,712,A/F,0
1971,712,A/F,0
1972,712,A/F,0
1973,712,A/F,0
1974,712,A/F,0
1975,712,A/F,0
1976,712,A/F,0
1977,712,A/F,0
1978,712,A/F,0
1979,712,A/F,0
1980,712,A/F,0
1981,712,A/F,0
1982,712,A/F,0
1983,712,A/F,0
1984,712,A/F,0
1985,712,A/F,0
1986,712,A/F,0
1987,712,A/F,0
1988,712,A/F,0
1989,712,A/F,0
1990,712,A/P,0
1991,712,A/P,0
1992,712,D/P,0
1993,712,D/P,0
1994,712,D/P,0
1995,712,D/P,0
1996,712,D/F,0
1997,712,D/F,0
1998,712,D/F,0
1999,712,D/F,0
2000,712,D/F,0
2001,712,D/F,0
2002,712,D/F,0
2003,712,D/F,0
2004,712,D/F,0
2005,712,D/F,0
2006,712,D/F,0
2007,712,D/F,0
2008,712,D/F,0
2009,712,D/F,0
2010,712,D/F,0
2011,712,D/F,0
2012,712,D/F,0
2013,712,D/F,0
2014,712,D/F,0
2015,712,D/F,0
2016,712,D/F,0
2017,712,D/F,0
2018,712,D/F,0
2019,712,D/F,1
2020,712,D/F,1
2021,712,D/F,1
2022,712,D/F,1
2023,712,D/F,1
2024,712,D/F,1
2025,712,D/F,1
1970,713,A/F,0
1971,713,A/F,0
1972,713,A/F,0
1973,713,A/F,0
1974,713,A/F,0
1975,713,A/F,0
1976,713,A/F,0
1977,713,A/F,0
1978,713,A/F,0
1979,713,A/F,0
1980,713,A/F,0
1981,713,A/F,0
1982,713,A/F,0
1983,713,A/F,0
1984,713,A/F,0
1985,713,A/F,0
1986,713,A/F,0
1987,713,A/P,0
1988,713,A/P,0
1989,713,A/P,0
1990,713,A/P,0
1991,713,A/P,0
1992,713,D/P,0
1993,713,D/P,0
1994,713,D/P,0
1995,713,D/P,0
1996,713,D/F,0
1997,713,D/F,0
1998,713,D/F,0
1999,713,D/F,0
2000,713,D/F,0
2001,713,D/F,0
2002,713,D/F,0
2003,713,D/F,0
2004,713,D/F,0
2005,713,D/F,0
2006,713,D/F,0
2007,713,D/F,0
2008,713,D/F,0
2009,713,D/F,0
2010,713,D/F,0
2011,713,D/F,0
2012,713,D/F,0
2013,713,D/F,0
2014,713,D/F,0
2015,713,D/F,0
2016,713,D/F,0
2017,713,D/F,0
2018,713,D/F,0
2019,713,D/F,1
2020,713,D/F,1
2021,713,D/F,1
2022,713,D/F,1
2023,713,D/F,1
2024,713,D/F,1
2025,713,D/F,1
1970,731,A/F,0
1971,731,A/F,0
1972,731,A/F,0
1973,731,A/F,0
1974,731,A/F,0
1975,731,A/F,0
1976,731,A/F,0
1977,731,A/F,0
1978,731,A/F,0
1979,731,A/F,0
1980,731,A/F,0
1981,731,A/F,0
1982,731,A/F,0
1983,731,A/F,0
1984,731,A/F,0
1985,731,A/F,0
1986,731,A/F,0
1987,731,A/F,0
1988,731,A/F,0
1989,731,A/F,0
1990,731,A/F,0
1991,731,A/F,0
1992,731,A/F,0
1993,731,A/F,0
1994,731,A/F,0
1995,731,A/F,0
1996,731,A/F,0
1997,731,A/F,0
1998,731,A/F,0
1999,731,A/F,0
2000,731,A/F,0
2001,731,A/F,0
2002,731,A/F,0
2003,731,A/F,0
2004,731,A/F,0
2005,731,A/F,0
2006,731,A/F,0
2007,731,A/F,0
2008,731,A/F,0
2009,731,A/F,0
2010,731,A/F,0
2011,731,A/F,0
2012,731,A/F,0
2013,731,A/F,0
2014,731,A/F,0
2015,731,A/F,0
2016,731,A/F,0
2017,731,A/F,0
2018,731,A/F,0
2019,731,A/F,1
2020,731,A/F,1
2021,731,A/F,1
2022,731,A/F,1
2023,731,A/F,1
2024,731,A/F,1
2025,731,A/F,1
1970,732,D/fact,0
1971,732,D/fact,0
1972,732,A/F,0
1973,732,A/F,0
1974,732,A/F,0
1975,732,A/F,0
1976,732,A/F,0
1977,732,A/F,0
1978,732,A/F,0
1979,732,A/F,0
1980,732,A/F,0
1981,732,A/F,0
1982,732,A/F,0
1983,732,A/F,0
1984,732,A/F,0
1985,732,A/F,0
1986,732,A/F,0
1987,732,transition,0
1988,732,D/P,0
1989,732,D/P,0
1990,732,D/P,0
1991,732,D/P,0
1992,732,D/P,0
1993,732,D/P,0
1994,732,D/P,0
1995,732,D/P,0
1996,732,D/P,0
1997,732,D/P,0
1998,732,D/P,0
1999,732,D/P,0
2000,732,D/P,0
2001,732,D/P,0
2002,732,D/P,0
2003,732,D/P,0
2004,732,D/P,0
2005,732,D/P,0
2006,732,D/P,0
2007,732,D/P,0
2008,732,D/P,0
2009,732,D/P,0
2010,732,D/P,0
2011,732,D/P,0
2012,732,D/P,0
2013,732,D/P,0
2014,732,D/P,0
2015,732,D/P,0
2016,732,D/P,0
2017,732,D/P,0
2018,732,D/P,0
2019,732,D/P,1
2020,732,D/P,1
2021,732,D/P,1
2022,732,D/P,1
2023,732,D/P,1
2024,732,D/P,1
2025,732,D/P,1
1970,740,D/F,0
1971,740,D/F,0
1972,740,D/F,0
1973,740,D/F,0
1974,740,D/F,0
1975,740,D/F,0
1976,740,D/F,0
1977,740,D/F,0
1978,740,D/F,0
1979,740,D/F,0
1980,740,D/F,0
1981,740,D/F,0
1982,740,D/F,0
1983,740,D/F,0
1984,740,D/F,0
1985,740,D/F,0
1986,740,D/F,0
1987,740,D/F,0
1988,740,D/F,0
1989,740,D/F,0
1990,740,D/F,0
1991,740,D/F,0
1992,740,D/F,0
1993,740,D/F,0
1994,740,D/F,0
1995,740,D/F,0
1996,740,D/F,0
1997,740,D/F,0
1998,740,D/F,0
1999,740,D/F,0
2000,740,D/F,0
2001,740,D/F,0
2002,740,D/F,0
2003,740,D/F,0
2004,740,D/F,0
2005,740,D/F,0
2006,740,D/F,0
2007,740,D/F,0
2008,740,D/F,0
2009,740,D/F,0
2010,740,D/F,0
2011,740,D/F,0
2012,740,D/F,0
2013,740,D/F,0
2014,740,D/F,0
2015,740,D/F,0
2016,740,D/F,0
2017,740,D/F,0
2018,740,D/F,0
2019,740,D/F,1
2020,740,D/F,1
2021,740,D/F,1
2022,740,D/F,1
2023,740,D/F,1
2024,740,D/F,1
2025,740,D/F,1
1970,750,D/P,0
1971,750,D/P,0
1972,750,D/P,0
1973,750,D/P,0
1974,750,D/P,0
1975,750,D/fact,0
1976,750,D/fact,0
1977,750,D/fact,0
1978,750,D/fact,0
1979,750,D/fact,0
1980,750,D/fact,0
1981,750,D/fact,0
1982,750,D/fact,0
1983,750,D/fact,0
1984,750,D/fact,0
1985,750,D/fact,0
1986,750,D/fact,0
1987,750,D/fact,0
1988,750,D/fact,0
1989,750,D/fact,0
1990,750,D/fact,0
1991,750,D/fact,0
1992,750,D/fact,0
1993,750,D/fact,0
1994,750,D/fact,0
1995,750,D/fact,0
1996,750,D/fact,0
1997,750,D/fact,0
1998,750,D/P,0
1999,750,D/P,0
2000,750,D/P,0
2001,750,D/P,0
2002,750,D/P,0
2003,750,D/P,0
2004,750,D/P,0
2005,750,D/P,0
2006,750,D/P,0
2007,750,D/P,0
2008,750,D/P,0
2009,750,D/P,0
2010,750,D/P,0
2011,750,D/P,0
2012,750,D/P,0
2013,750,D/P,0
2014,750,D/P,0
2015,750,D/P,0
2016,750,D/P,0
2017,750,D/P,0
2018,750,D/P,0
2019,750,D/P,1
2020,750,D/P,1
2021,750,D/P,1
2022,750,D/P,1
2023,750,D/P,1
2024,750,D/P,1
2025,750,D/P,1
1970,760,A/F,0
1971,760,A/F,0
1972,760,A/F,0
1973,760,A/F,0
1974,760,A/F,0
1975,760,A/F,0
1976,760,A/F,0
1977,760,A/F,0
1978,760,A/F,0
1979,760,A/F,0
1980,760,A/F,0
1981,760,A/F,0
1982,760,A/F,0
1983,760,A/F,0
1984,760,A/F,0
1985,760,A/F,0
1986,760,A/F,0
1987,760,A/F,0
1988,760,A/F,0
1989,760,A/F,0
1990,760,A/F,0
1991,760,A/F,0
1992,760,A/F,0
1993,760,A/F,0
1994,760,A/F,0
1995,760,A/F,0
1996,760,A/F,0
1997,760,A/F,0
1998,760,A/F,0
1999,760,A/F,0
2000,760,A/F,0
2001,760,A/F,0
2002,760,A/F,0
2003,760,A/F,0
2004,760,A/F,0
2005,760,A/P,0
2006,760,A/P,0
2007,760,A/P,0
2008,760,A/P,0
2009,760,A/P,0
2010,760,A/P,0
2011,760,A/P,0
2012,760,A/P,0
2013,760,A/P,0
2014,760,A/P,0
2015,760,A/P,0
2016,760,A/P,0
2017,760,A/P,0
2018,760,A/P,0
2019,760,A/P,1
2020,760,A/P,1
2021,760,A/P,1
2022,760,A/P,1
2023,760,A/P,1
2024,760,A/P,1
2025,760,A/P,1
1970,769,transition,0
1971,769,transition,0
1972,769,transition,1
1973,769,transition,1
1974,769,transition,1
1975,769,transition,1
1976,769,transition,1
1977,769,transition,1
1978,769,transition,1
1979,769,transition,1
1980,769,transition,1
1981,769,transition,1
1982,769,transition,1
1983,769,transition,1
1984,769,transition,1
1985,769,transition,1
1986,769,transition,1
1987,769,transition,1
1988,769,transition,1
1989,769,transition,1
1990,769,transition,1
1991,769,transition,1
1992,769,transition,1
1993,769,transition,1
1994,769,transition,1
1995,769,transition,1
1996,769,transition,1
1997,769,transition,1
1998,769,transition,1
1999,769,transition,1
2000,769,transition,1
2001,769,transition,1
2002,769,transition,1
2003,769,transition,1
2004,769,transition,1
2005,769,transition,1
2006,769,transition,1
2007,769,transition,1
2008,769,transition,1
2009,769,transition,1
2010,769,transition,1
2011,769,transition,1
2012,769,transition,1
2013,769,transition,1
2014,769,transition,1
2015,769,transition,1
2016,769,transition,1
2017,769,transition,1
2018,769,transition,1
2019,769,transition,1
2020,769,transition,1
2021,769,transition,1
2022,769,transition,1
2023,769,transition,1
2024,769,transition,1
2025,769,transition,1
1972,770,transition,0
1973,770,D/fact,0
1974,770,D/fact,0
1975,770,D/fact,0
1976,770,D/fact,0
1977,770,A/F,0
1978,770,A/F,0
1979,770,A/F,0
1980,770,A/F,0
1981,770,A/F,0
1982,770,A/F,0
1983,770,A/F,0
1984,770,A/F,0
1985,770,A/F,0
1986,770,A/F,0
1987,770,A/F,0
1988,770,D/fact,0
1989,770,D/fact,0
1990,770,D/fact,0
1991,770,D/fact,0
1992,770,D/fact,0
1993,770,D/fact,0
1994,770,D/fact,0
1995,770,D/fact,0
1996,770,D/fact,0
1997,770,D/fact,0
1998,770,D/fact,0
1999,770,A/F,0
2000,770,A/F,0
2001,770,A/F,0
2002,770,A/F,0
2003,770,A/F,0
2004,770,A/F,0
2005,770,A/F,0
2006,770,A/F,0
2007,770,A/P,0
2008,770,D/fact,0
2009,770,D/fact,0
2010,770,D/fact,0
2011,770,D/fact,0
2012,770,D/fact,0
2013,770,D/fact,0
2014,770,D/fact,0
2015,770,D/fact,0
2016,770,D/fact,0
2017,770,D/fact,0
2018,770,D/fact,0
2019,770,D/fact,1
2020,770,D/fact,1
2021,770,D/fact,1
2022,770,D/fact,1
2023,770,D/fact,1
2024,770,D/fact,1
2025,770,D/fact,1
1972,771,D/fact,0
1973,771,D/fact,0
1974,771,A/P,0
1975,771,A/F,0
1976,771,A/F,0
1977,771,A/F,0
1978,771,A/F,0
1979,771,A/F,0
1980,771,A/F,0
1981,771,A/F,0
1982,771,A/F,0
1983,771,A/F,0
1984,771,A/F,0
1985,771,A/F,0
1986,771,A/F,0
1987,771,A/F,0
1988,771,A/F,0
1989,771,A/F,0
1990,771,A/F,0
1991,771,D/fact,0
1992,771,D/fact,0
1993,771,D/fact,0
1994,771,D/fact,0
1995,771,D/fact,0
1996,771,D/fact,0
1997,771,D/fact,0
1998,771,D/fact,0
1999,771,D/fact,0
2000,771,D/fact,0
2001,771,D/fact,0
2002,771,D/fact,0
2003,771,D/fact,0
2004,771,D/fact,0
2005,771,D/fact,0
2006,771,D/fact,0
2007,771,A/F,0
2008,771,A/F,0
2009,771,D/P,0
2010,771,D/P,0
2011,771,D/P,0
2012,771,D/P,0
2013,771,D/fact,0
2014,771,D/fact,0
2015,771,D/fact,0
2016,771,D/fact,0
2017,771,D/fact,0
2018,771,A/F,0
2019,771,A/F,1
2020,771,A/F,1
2021,771,A/F,1
2022,771,A/F,1
2023,771,A/F,1
2024,771,A/F,1
2025,771,A/F,1
1970,775,A/F,0
1971,775,A/F,0
1972,775,A/F,0
1973,775,A/F,0
1974,775,A/F,0
1975,775,A/F,0
1976,775,A/F,0
1977,775,A/F,0
1978,775,A/F,0
1979,775,A/F,0
1980,775,A/F,0
1981,775,A/F,0
1982,775,A/F,0
1983,775,A/F,0
1984,775,A/F,0
1985,775,A/F,0
1986,775,A/F,0
1987,775,A/F,0
1988,775,A/F,0
1989,775,A/F,0
1990,775,A/F,0
1991,775,A/F,0
1992,775,A/F,0
1993,775,A/F,0
1994,775,A/F,0
1995,775,A/F,0
1996,775,A/F,0
1997,775,A/F,0
1998,775,A/F,0
1999,775,A/F,0
2000,775,A/F,0
2001,775,A/F,0
2002,775,A/F,0
2003,775,A/F,0
2004,775,A/F,0
2005,775,A/F,0
2006,775,A/F,0
2007,775,A/F,0
2008,775,A/F,0
2009,775,A/F,0
2010,775,A/F,0
2011,775,A/F,0
2012,775,A/F,0
2013,775,A/F,0
2014,775,A/F,0
2015,775,transition,0
2016,775,D/P,0
2017,775,D/P,0
2018,775,D/P,0
2019,775,D/P,1
2020,775,D/P,1
2021,775,D/P,1
2022,775,D/P,1
2023,775,D/P,1
2024,775,D/P,1
2025,775,D/P,1
1970,780,D/fact,0
1971,780,D/fact,0
1972,780,D/fact,0
1973,780,D/fact,0
1974,780,D/fact,0
1975,780,D/fact,0
1976,780,D/fact,0
1977,780,D/fact,0
1978,780,D/fact,0
1979,780,D/fact,0
1980,780,D/fact,0
1981,780,D/fact,0
1982,780,D/fact,0
1983,780,D/fact,0
1984,780,D/fact,0
1985,780,D/fact,0
1986,780,D/fact,0
1987,780,D/fact,0
1988,780,D/fact,0
1989,780,D/fact,0
1990,780,D/fact,0
1991,780,D/fact,0
1992,780,D/fact,0
1993,780,D/fact,0
1994,780,D/fact,0
1995,780,D/fact,0
1996,780,D/fact,0
1997,780,D/fact,0
1998,780,D/fact,0
1999,780,D/fact,0
2000,780,D/fact,0
2001,780,D/fact,0
2002,780,D/fact,0
2003,780,D/fact,0
2004,780,D/fact,0
2005,780,D/fact,0
2006,780,D/P,0
2007,780,D/P,0
2008,780,D/P,0
2009,780,D/fact,0
2010,780,D/fact,0
2011,780,D/fact,0
2012,780,D/fact,0
2013,780,D/fact,0
2014,780,D/fact,0
2015,780,D/fact,0
2016,780,D/fact,0
2017,780,D/fact,0
2018,780,D/fact,0
2019,780,D/fact,1
2020,780,D/fact,1
2021,780,D/fact,1
2022,780,D/fact,1
2023,780,D/fact,1
2024,780,D/fact,1
2025,780,D/fact,1
1970,790,A/F,0
1971,790,A/F,0
1972,790,A/F,0
1973,790,A/F,0
1974,790,A/F,0
1975,790,A/F,0
1976,790,A/F,0
1977,790,A/F,0
1978,790,A/F,0
1979,790,A/F,0
1980,790,A/F,0
1981,790,A/F,0
1982,790,A/F,0
1983,790,A/F,0
1984,790,A/F,0
1985,790,A/F,0
1986,790,A/F,0
1987,790,A/F,0
1988,790,A/F,0
1989,790,A/F,0
1990,790,A/P,0
1991,790,A/P,0
1992,790,A/P,0
1993,790,A/P,0
1994,790,A/P,0
1995,790,A/P,0
1996,790,A/P,0
1997,790,A/P,0
1998,790,A/P,0
1999,790,A/P,0
2000,790,A/P,0
2001,790,A/P,0
2002,790,A/P,0
2003,790,A/P,0
2004,790,A/P,0
2005,790,A/P,0
2006,790,D/P,0
2007,790,D/P,0
2008,790,D/P,0
2009,790,D/fact,0
2010,790,D/fact,0
2011,790,D/fact,0
2012,790,D/fact,0
2013,790,D/fact,0
2014,790,D/fact,0
2015,790,D/fact,0
2016,790,D/fact,0
2017,790,D/fact,0
2018,790,D/P,0
2019,790,D/P,1
2020,790,D/P,1
2021,790,D/P,1
2022,790,D/P,1
2023,790,D/P,1
2024,790,D/P,1
2025,790,D/P,1
1970,800,D/fact,0
1971,800,A/F,0
1972,800,A/F,0
1973,800,transition,0
1974,800,D/fact,0
1975,800,D/fact,0
1976,800,A/F,0
1977,800,transition,0
1978,800,D/fact,0
1979,800,D/fact,0
1980,800,D/fact,0
1981,800,D/fact,0
1982,800,D/fact,0
1983,800,D/fact,0
1984,800,D/fact,0
1985,800,D/fact,0
1986,800,D/fact,0
1987,800,D/fact,0
1988,800,D/fact,0
1989,800,D/fact,0
1990,800,D/fact,0
1991,800,A/P,0
1992,800,D/P,0
1993,800,D/P,0
1994,800,D/P,0
1995,800,D/P,0
1996,800,D/P,0
1997,800,D/P,0
1998,800,D/P,0
1999,800,D/P,0
2000,800,D/P,0
2001,800,D/P,0
2002,800,D/P,0
2003,800,D/P,0
2004,800,D/P,0
2005,800,D/P,0
2006,800,A/F,0
2007,800,A/P,0
2008,800,D/fact,0
2009,800,D/fact,0
2010,800,D/fact,0
2011,800,D/fact,0
2012,800,D/fact,0
2013,800,D/fact,0
2014,800,A/F,0
2015,800,A/F,0
2016,800,A/F,0
2017,800,A/F,0
2018,800,A/F,0
2019,800,A/F,1
2020,800,A/F,1
2021,800,A/F,1
2022,800,A/F,1
2023,800,A/F,1
2024,800,A/F,1
2025,800,A/F,1
1970,811,transition,0
1971,811,transition,0
1972,811,A/F,0
1973,811,A/F,0
1974,811,A/F,0
1975,811,transition,0
1976,811,A/F,0
1977,811,A/F,0
1978,811,A/F,0
1979,811,transition,0
1980,811,transition,0
1981,811,transition,0
1982,811,transition,0
1983,811,transition,0
1984,811,transition,0
1985,811,transition,0
1986,811,transition,0
1987,811,transition,0
1988,811,transition,0
1989,811,transition,0
1990,811,transition,0
1991,811,transition,0
1992,811,transition,0
1993,811,D/fact,0
1994,811,D/fact,0
1995,811,D/fact,0
1996,811,D/fact,0
1997,811,A/F,0
1998,811,A/P,0
1999,811,A/P,0
2000,811,A/P,0
2001,811,A/P,0
2002,811,A/P,0
2003,811,A/P,0
2004,811,A/P,0
2005,811,A/P,0
2006,811,A/P,0
2007,811,A/P,0
2008,811,A/P,0
2009,811,A/P,0
2010,811,A/P,0
2011,811,A/P,0
2012,811,A/P,0
2013,811,A/P,0
2014,811,A/P,0
2015,811,A/P,0
2016,811,A/P,0
2017,811,A/F,0
2018,811,A/F,0
2019,811,A/F,1
2020,811,A/F,1
2021,811,A/F,1
2022,811,A/F,1
2023,811,A/F,1
2024,811,A/F,1
2025,811,A/F,1
1970,812,transition,0
1971,812,transition,0
1972,812,transition,0
1973,812,transition,0
1974,812,transition,0
1975,812,A/F,0
1976,812,A/F,0
1977,812,A/F,0
1978,812,A/F,0
1979,812,A/F,0
1980,812,A/F,0
1981,812,A/F,0
1982,812,A/F,0
1983,812,A/F,0
1984,812,A/F,0
1985,812,A/F,0
1986,812,A/F,0
1987,812,A/F,0
1988,812,A/F,0
1989,812,A/F,0
1990,812,A/F,0
1991,812,A/F,0
1992,812,A/F,0
1993,812,A/F,0
1994,812,A/F,0
1995,812,A/F,0
1996,812,A/F,0
1997,812,A/F,0
1998,812,A/F,0
1999,812,A/F,0
2000,812,A/F,0
2001,812,A/F,0
2002,812,A/F,0
2003,812,A/F,0
2004,812,A/F,0
2005,812,A/F,0
2006,812,A/F,0
2007,812,A/F,0
2008,812,A/F,0
2009,812,A/F,0
2010,812,A/F,0
2011,812,A/F,0
2012,812,A/F,0
2013,812,A/F,0
2014,812,A/F,0
2015,812,A/F,0
2016,812,A/F,0
2017,812,A/F,0
2018,812,A/F,0
2019,812,A/F,1
2020,812,A/F,1
2021,812,A/F,1
2022,812,A/F,1
2023,812,A/F,1
2024,812,A/F,1
2025,812,A/F,1
1970,816,A/F,0
1971,816,A/F,0
1972,816,A/F,0
1973,816,A/F,0
1974,816,A/F,0
1975,816,A/F,0
1976,816,A/F,0
1977,816,A/F,1
1978,816,A/F,1
1979,816,A/F,1
1980,816,A/F,1
1981,816,A/F,1
1982,816,A/F,1
1983,816,A/F,1
1984,816,A/F,1
1985,816,A/F,1
1986,816,A/F,1
1987,816,A/F,1
1988,816,A/F,1
1989,816,A/F,1
1990,816,A/F,1
1991,816,A/F,1
1992,816,A/F,1
1993,816,A/F,1
1994,816,A/F,1
1995,816,A/F,1
1996,816,A/F,1
1997,816,A/F,1
1998,816,A/F,1
1999,816,A/F,1
2000,816,A/F,1
2001,816,A/F,1
2002,816,A/F,1
2003,816,A/F,1
2004,816,A/F,1
2005,816,A/F,1
2006,816,A/F,1
2007,816,A/F,1
2008,816,A/F,1
2009,816,A/F,1
2010,816,A/F,1
2011,816,A/F,1
2012,816,A/F,1
2013,816,A/F,1
2014,816,A/F,1
2015,816,A/F,1
2016,816,A/F,1
2017,816,A/F,1
2018,816,A/F,1
2019,816,A/F,1
2020,816,A/F,1
2021,816,A/F,1
2022,816,A/F,1
2023,816,A/F,1
2024,816,A/F,1
2025,816,A/F,1
1970,817,transition,0
1971,817,transition,0
1972,817,transition,0
1973,817,transition,0
1974,817,transition,0
1975,817,transition,0
1976,817,transition,1
1977,817,transition,1
1978,817,transition,1
1979,817,transition,1
1980,817,transition,1
1981,817,transition,1
1982,817,transition,1
1983,817,transition,1
1984,817,transition,1
1985,817,transition,1
1986,817,transition,1
1987,817,transition,1
1988,817,transition,1
1989,817,transition,1
1990,817,transition,1
1991,817,transition,1
1992,817,transition,1
1993,817,transition,1
1994,817,transition,1
1995,817,transition,1
1996,817,transition,1
1997,817,transition,1
1998,817,transition,1
1999,817,transition,1
2000,817,transition,1
2001,817,transition,1
2002,817,transition,1
2003,817,transition,1
2004,817,transition,1
2005,817,transition,1
2006,817,transition,1
2007,817,transition,1
2008,817,transition,1
2009,817,transition,1
2010,817,transition,1
2011,817,transition,1
2012,817,transition,1
2013,817,transition,1
2014,817,transition,1
2015,817,transition,1
2016,817,transition,1
2017,817,transition,1
2018,817,transition,1
2019,817,transition,1
2020,817,transition,1
2021,817,transition,1
2022,817,transition,1
2023,817,transition,1
2024,817,transition,1
2025,817,transition,1
1976,818,A/F,0
1977,818,A/F,0
1978,818,A/F,0
1979,818,A/F,0
1980,818,A/F,0
1981,818,A/F,0
1982,818,A/F,0
1983,818,A/F,0
1984,818,A/F,0
1985,818,A/F,0
1986,818,A/F,0
1987,818,A/F,0
1988,818,A/F,0
1989,818,A/F,0
1990,818,A/F,0
1991,818,A/F,0
1992,818,A/F,0
1993,818,A/F,0
1994,818,A/F,0
1995,818,A/F,0
1996,818,A/F,0
1997,818,A/F,0
1998,818,A/F,0
1999,818,A/F,0
2000,818,A/F,0
2001,818,A/F,0
2002,818,A/F,0
2003,818,A/F,0
2004,818,A/F,0
2005,818,A/F,0
2006,818,A/F,0
2007,818,A/F,0
2008,818,A/F,0
2009,818,A/F,0
2010,818,A/F,0
2011,818,A/F,0
2012,818,A/F,0
2013,818,A/F,0
2014,818,A/F,0
2015,818,A/F,0
2016,818,A/F,0
2017,818,A/F,0
2018,818,A/F,0
2019,818,A/F,1
2020,818,A/F,1
2021,818,A/F,1
2022,818,A/F,1
2023,818,A/F,1
2024,818,A/F,1
2025,818,A/F,1
1970,820,D/fact,0
1971,820,D/fact,0
1972,820,D/fact,0
1973,820,D/fact,0
1974,820,D/fact,0
1975,820,D/fact,0
1976,820,D/fact,0
1977,820,D/fact,0
1978,820,D/fact,0
1979,820,D/fact,0
1980,820,D/fact,0
1981,820,D/fact,0
1982,820,D/fact,0
1983,820,D/fact,0
1984,820,D/fact,0
1985,820,D/fact,0
1986,820,D/fact,0
1987,820,D/fact,0
1988,820,D/fact,0
1989,820,D/fact,0
1990,820,D/fact,0
1991,820,D/fact,0
1992,820,D/fact,0
1993,820,D/fact,0
1994,820,D/fact,0
1995,820,D/fact,0
1996,820,D/fact,0
1997,820,D/fact,0
1998,820,D/fact,0
1999,820,D/fact,0
2000,820,D/fact,0
2001,820,D/fact,0
2002,820,D/fact,0
2003,820,D/fact,0
2004,820,D/fact,0
2005,820,D/fact,0
2006,820,D/fact,0
2007,820,D/fact,0
2008,820,D/fact,0
2009,820,D/fact,0
2010,820,D/fact,0
2011,820,D/fact,0
2012,820,D/fact,0
2013,820,D/fact,0
2014,820,D/fact,0
2015,820,D/fact,0
2016,820,D/fact,0
2017,820,D/fact,0
2018,820,D/P,0
2019,820,D/P,1
2020,820,D/P,1
2021,820,D/P,1
2022,820,D/P,1
2023,820,D/P,1
2024,820,D/P,1
2025,820,D/P,1
1970,830,A/F,0
1971,830,A/F,0
1972,830,A/F,0
1973,830,A/F,0
1974,830,A/F,0
1975,830,A/F,0
1976,830,A/F,0
1977,830,A/F,0
1978,830,A/F,0
1979,830,A/F,0
1980,830,A/F,0
1981,830,A/F,0
1982,830,A/F,0
1983,830,A/F,0
1984,830,A/F,0
1985,830,A/F,0
1986,830,A/F,0
1987,830,A/F,0
1988,830,A/F,0
1989,830,A/F,0
1990,830,A/F,0
1991,830,A/F,0
1992,830,A/F,0
1993,830,A/F,0
1994,830,A/F,0
1995,830,A/F,0
1996,830,A/F,0
1997,830,A/F,0
1998,830,A/F,0
1999,830,A/F,0
2000,830,A/F,0
2001,830,A/F,0
2002,830,A/F,0
2003,830,A/F,0
2004,830,A/F,0
2005,830,A/P,0
2006,830,A/P,0
2007,830,A/P,0
2008,830,A/P,0
2009,830,A/P,0
2010,830,A/P,0
2011,830,A/P,0
2012,830,A/P,0
2013,830,A/P,0
2014,830,A/P,0
2015,830,A/P,0
2016,830,A/P,0
2017,830,A/P,0
2018,830,A/P,0
2019,830,A/P,1
2020,830,A/P,1
2021,830,A/P,1
2022,830,A/P,1
2023,830,A/P,1
2024,830,A/P,1
2025,830,A/P,1
1970,840,D/fact,0
1971,840,D/fact,0
1972,840,A/F,0
1973,840,A/F,0
1974,840,A/F,0
1975,840,A/F,0
1976,840,A/F,0
1977,840,A/F,0
1978,840,A/F,0
1979,840,A/F,0
1980,840,A/F,0
1981,840,A/F,0
1982,840,A/F,0
1983,840,A/F,0
1984,840,A/F,0
1985,840,A/F,0
1986,840,transition,0
1987,840,D/fact,0
1988,840,D/fact,0
1989,840,D/fact,0
1990,840,D/fact,0
1991,840,D/fact,0
1992,840,D/P,0
1993,840,D/P,0
1994,840,D/P,0
1995,840,D/P,0
1996,840,D/P,0
1997,840,D/P,0
1998,840,D/P,0
1999,840,D/P,0
2000,840,D/P,0
2001,840,D/P,0
2002,840,D/P,0
2003,840,D/P,0
2004,840,D/P,0
2005,840,D/P,0
2006,840,D/P,0
2007,840,D/P,0
2008,840,D/P,0
2009,840,D/P,0
2010,840,D/P,0
2011,840,D/P,0
2012,840,D/P,0
2013,840,D/P,0
2014,840,D/P,0
2015,840,D/P,0
2016,840,D/P,0
2017,840,D/P,0
2018,840,D/P,0
2019,840,D/P,1
2020,840,D/P,1
2021,840,D/P,1
2022,840,D/P,1
2023,840,D/P,1
2024,840,D/P,1
2025,840,D/P,1
1970,850,A/F,0
1971,850,A/F,0
1972,850,A/F,0
1973,850,A/F,0
1974,850,A/F,0
1975,850,A/F,0
1976,850,A/F,0
1977,850,A/F,0
1978,850,A/F,0
1979,850,A/F,0
1980,850,A/F,0
1981,850,A/F,0
1982,850,A/F,0
1983,850,A/F,0
1984,850,A/F,0
1985,850,A/F,0
1986,850,A/F,0
1987,850,A/F,0
1988,850,A/F,0
1989,850,A/F,0
1990,850,A/F,0
1991,850,A/F,0
1992,850,A/F,0
1993,850,A/F,0
1994,850,A/F,0
1995,850,A/F,0
1996,850,A/F,0
1997,850,A/F,0
1998,850,A/F,0
1999,850,D/P,0
2000,850,D/P,0
2001,850,D/P,0
2002,850,D/P,0
2003,850,D/P,0
2004,850,D/P,0
2005,850,D/P,0
2006,850,D/P,0
2007,850,D/P,0
2008,850,D/P,0
2009,850,D/P,0
2010,850,D/P,0
2011,850,D/P,0
2012,850,D/P,0
2013,850,D/P,0
2014,850,D/P,0
2015,850,D/P,0
2016,850,D/P,0
2017,850,D/P,0
2018,850,D/P,0
2019,850,D/P,1
2020,850,D/P,1
2021,850,D/P,1
2022,850,D/P,1
2023,850,D/P,1
2024,850,D/P,1
2025,850,D/P,1
2002,860,D/P,0
2003,860,D/P,0
2004,860,D/P,0
2005,860,D/P,0
2006,860,D/fact,0
2007,860,D/fact,0
2008,860,D/fact,0
2009,860,D/fact,0
2010,860,D/fact,0
2011,860,D/fact,0
2012,860,D/P,0
2013,860,D/P,0
2014,860,D/P,0
2015,860,D/P,0
2016,860,D/P,0
2017,860,D/P,0
2018,860,D/P,0
2019,860,D/P,1
2020,860,D/P,1
2021,860,D/P,1
2022,860,D/P,1
2023,860,D/P,1
2024,860,D/P,1
2025,860,D/P,1
1970,900,D/F,0
1971,900,D/F,0
1972,900,D/F,0
1973,900,D/F,0
1974,900,D/F,0
1975,900,D/F,0
1976,900,D/F,0
1977,900,D/F,0
1978,900,D/F,0
1979,900,D/F,0
1980,900,D/F,0
1981,900,D/F,0
1982,900,D/F,0
1983,900,D/F,0
1984,900,D/F,0
1985,900,D/F,0
1986,900,D/F,0
1987,900,D/F,0
1988,900,D/F,0
1989,900,D/F,0
1990,900,D/F,0
1991,900,D/F,0
1992,900,D/F,0
1993,900,D/F,0
1994,900,D/F,0
1995,900,D/F,0
1996,900,D/F,0
1997,900,D/F,0
1998,900,D/F,0
1999,900,D/F,0
2000,900,D/F,0
2001,900,D/F,0
2002,900,D/F,0
2003,900,D/F,0
2004,900,D/F,0
2005,900,D/F,0
2006,900,D/F,0
2007,900,D/F,0
2008,900,D/F,0
2009,900,D/F,0
2010,900,D/F,0
2011,900,D/F,0
2012,900,D/F,0
2013,900,D/F,0
2014,900,D/F,0
2015,900,D/F,0
2016,900,D/F,0
2017,900,D/F,0
2018,900,D/F,0
2019,900,D/F,1
2020,900,D/F,1
2021,900,D/F,1
2022,900,D/F,1
2023,900,D/F,1
2024,900,D/F,1
2025,900,D/F,1
1975,910,D/P,0
1976,910,D/P,0
1977,910,D/P,0
1978,910,D/P,0
1979,910,D/P,0
1980,910,D/P,0
1981,910,D/P,0
1982,910,D/P,0
1983,910,D/P,0
1984,910,D/P,0
1985,910,D/P,0
1986,910,D/P,0
1987,910,D/P,0
1988,910,D/P,0
1989,910,D/P,0
1990,910,D/P,0
1991,910,D/P,0
1992,910,D/P,0
1993,910,D/P,0
1994,910,D/P,0
1995,910,D/P,0
1996,910,D/P,0
1997,910,D/P,0
1998,910,D/P,0
1999,910,D/P,0
2000,910,D/P,0
2001,910,D/P,0
2002,910,D/P,0
2003,910,D/P,0
2004,910,D/P,0
2005,910,D/P,0
2006,910,D/P,0
2007,910,D/P,0
2008,910,D/P,0
2009,910,D/P,0
2010,910,D/P,0
2011,910,D/P,0
2012,910,D/P,0
2013,910,D/P,0
2014,910,D/P,0
2015,910,D/P,0
2016,910,D/P,0
2017,910,D/P,0
2018,910,D/P,0
2019,910,D/P,1
2020,910,D/P,1
2021,910,D/P,1
2022,910,D/P,1
2023,910,D/P,1
2024,910,D/P,1
2025,910,D/P,1
1970,920,D/F,0
1971,920,D/F,0
1972,920,D/F,0
1973,920,D/F,0
1974,920,D/F,0
1975,920,D/F,0
1976,920,D/F,0
1977,920,D/F,0
1978,920,D/F,0
1979,920,D/F,0
1980,920,D/F,0
1981,920,D/F,0
1982,920,D/F,0
1983,920,D/F,0
1984,920,D/F,0
1985,920,D/F,0
1986,920,D/F,0
1987,920,D/F,0
1988,920,D/F,0
1989,920,D/F,0
1990,920,D/F,0
1991,920,D/F,0
1992,920,D/F,0
1993,920,D/F,0
1994,920,D/F,0
1995,920,D/F,0
1996,920,D/F,0
1997,920,D/F,0
1998,920,D/F,0
1999,920,D/F,0
2000,920,D/F,0
2001,920,D/F,0
2002,920,D/F,0
2003,920,D/F,0
2004,920,D/F,0
2005,920,D/F,0
2006,920,D/F,0
2007,920,D/F,0
2008,920,D/F,0
2009,920,D/F,0
2010,920,D/F,0
2011,920,D/F,0
2012,920,D/F,0
2013,920,D/F,0
2014,920,D/F,0
2015,920,D/F,0
2016,920,D/F,0
2017,920,D/F,0
2018,920,D/F,0
2019,920,D/F,1
2020,920,D/F,1
2021,920,D/F,1
2022,920,D/F,1
2023,920,D/F,1
2024,920,D/F,1
2025,920,D/F,1
1978,940,D/P,0
1979,940,D/P,0
1980,940,D/P,0
1981,940,D/P,0
1982,940,D/P,0
1983,940,D/P,0
1984,940,D/P,0
1985,940,D/P,0
1986,940,D/P,0
1987,940,D/P,0
1988,940,D/P,0
1989,940,D/P,0
1990,940,D/fact,0
1991,940,D/fact,0
1992,940,D/fact,0
1993,940,D/fact,0
1994,940,D/fact,0
1995,940,D/fact,0
1996,940,D/fact,0
1997,940,D/fact,0
1998,940,D/fact,0
1999,940,D/fact,0
2000,940,transition,0
2001,940,transition,0
2002,940,transition,0
2003,940,transition,0
2004,940,D/P,0
2005,940,D/P,0
2006,940,D/P,0
2007,940,D/P,0
2008,940,D/P,0
2009,940,D/P,0
2010,940,D/P,0
2011,940,D/P,0
2012,940,D/P,0
2013,940,D/P,0
2014,940,D/P,0
2015,940,D/P,0
2016,940,D/P,0
2017,940,D/P,0
2018,940,D/P,0
2019,940,D/P,1
2020,940,D/P,1
2021,940,D/P,1
2022,940,D/P,1
2023,940,D/P,1
2024,940,D/P,1
2025,940,D/P,1
1970,950,D/P,0
1971,950,D/P,0
1972,950,D/P,0
1973,950,D/P,0
1974,950,D/P,0
1975,950,D/P,0
1976,950,D/P,0
1977,950,D/P,0
1978,950,D/P,0
1979,950,D/P,0
1980,950,D/P,0
1981,950,D/P,0
1982,950,D/P,0
1983,950,D/P,0
1984,950,D/P,0
1985,950,D/P,0
1986,950,D/P,0
1987,950,A/P,0
1988,950,A/P,0
1989,950,A/P,0
1990,950,D/fact,0
1991,950,D/fact,0
1992,950,D/fact,0
1993,950,D/fact,0
1994,950,D/fact,0
1995,950,D/fact,0
1996,950,D/fact,0
1997,950,D/fact,0
1998,950,D/P,0
1999,950,D/P,0
2000,950,transition,0
2001,950,D/fact,0
2002,950,D/fact,0
2003,950,D/fact,0
2004,950,D/P,0
2005,950,D/P,0
2006,950,A/F,0
2007,950,A/F,0
2008,950,A/F,0
2009,950,A/F,0
2010,950,A/F,0
2011,950,A/F,0
2012,950,A/F,0
2013,950,A/F,0
2014,950,A/P,0
2015,950,A/P,0
2016,950,A/P,0
2017,950,A/P,0
2018,950,A/P,0
2019,950,A/P,1
2020,950,A/P,1
2021,950,A/P,1
2022,950,A/P,1
2023,950,A/P,1
2024,950,A/P,1
2025,950,A/P,1
