ccode,scode,country,year,exrec,parcomp,polity2
700,AFG,Afghanistan,1800,1.0,3,-6.0
700,AFG,Afghanistan,1801,1.0,3,-6.0
700,AFG,Afghanistan,1802,1.0,3,-6.0
700,AFG,Afghanistan,1803,1.0,3,-6.0
700,AFG,Afghanistan,1804,1.0,3,-6.0
700,AFG,Afghanistan,1805,1.0,3,-6.0
700,AFG,Afghanistan,1806,1.0,3,-6.0
700,AFG,Afghanistan,1807,1.0,3,-6.0
700,AFG,Afghanistan,1808,1.0,3,-6.0
700,AFG,Afghanistan,1809,1.0,3,-6.0
700,AFG,Afghanistan,1810,1.0,3,-6.0
700,AFG,Afghanistan,1811,1.0,3,-6.0
700,AFG,Afghanistan,1812,1.0,3,-6.0
700,AFG,Afghanistan,1813,1.0,3,-6.0
700,AFG,Afghanistan,1814,1.0,3,-6.0
700,AFG,Afghanistan,1815,1.0,3,-6.0
700,AFG,Afghanistan,1816,1.0,3,-6.0
700,AFG,Afghanistan,1817,1.0,3,-6.0
700,AFG,Afghanistan,1818,1.0,3,-6.0
700,AFG,Afghanistan,1819,1.0,3,-6.0
700,AFG,Afghanistan,1820,1.0,3,-6.0
700,AFG,Afghanistan,1821,1.0,3,-6.0
700,AFG,Afghanistan,1822,1.0,3,-6.0
700,AFG,Afghanistan,1823,1.0,3,-6.0
700,AFG,Afghanistan,1824,1.0,3,-6.0
700,AFG,Afghanistan,1825,1.0,3,-6.0
700,AFG,Afghanistan,1826,1.0,3,-6.0
700,AFG,Afghanistan,1827,1.0,3,-6.0
700,AFG,Afghanistan,1828,1.0,3,-6.0
700,AFG,Afghanistan,1829,1.0,3,-6.0
700,AFG,Afghanistan,1830,1.0,3,-6.0
700,AFG,Afghanistan,1831,1.0,3,-6.0
700,AFG,Afghanistan,1832,1.0,3,-6.0
700,AFG,Afghanistan,1833,1.0,3,-6.0
700,AFG,Afghanistan,1834,1.0,3,-6.0
700,AFG,Afghanistan,1835,1.0,3,-6.0
700,AFG,Afghanistan,1836,1.0,3,-6.0
700,AFG,Afghanistan,1837,1.0,3,-6.0
700,AFG,Afghanistan,1838,1.0,3,-6.0
700,AFG,Afghanistan,1839,1.0,3,-6.0
700,AFG,Afghanistan,1840,1.0,3,-6.0
700,AFG,Afghanistan,1841,1.0,3,-6.0
700,AFG,Afghanistan,1842,1.0,3,-6.0
700,AFG,Afghanistan,1843,1.0,3,-6.0
700,AFG,Afghanistan,1844,1.0,3,-6.0
700,AFG,Afghanistan,1845,1.0,3,-6.0
700,AFG,Afghanistan,1846,1.0,3,-6.0
700,AFG,Afghanistan,1847,1.0,3,-6.0
700,AFG,Afghanistan,1848,1.0,3,-6.0
700,AFG,Afghanistan,1849,1.0,3,-6.0
700,AFG,Afghanistan,1850,1.0,3,-6.0
700,AFG,Afghanistan,1851,1.0,3,-6.0
700,AFG,Afghanistan,1852,1.0,3,-6.0
700,AFG,Afghanistan,1853,1.0,3,-6.0
700,AFG,Afghanistan,1854,1.0,3,-6.0
700,AFG,Afghanistan,1855,1.0,3,-6.0
700,AFG,Afghanistan,1856,1.0,3,-6.0
700,AFG,Afghanistan,1857,1.0,3,-6.0
700,AFG,Afghanistan,1858,1.0,3,-6.0
700,AFG,Afghanistan,1859,1.0,3,-6.0
700,AFG,Afghanistan,1860,1.0,3,-6.0
700,AFG,Afghanistan,1861,1.0,3,-6.0
700,AFG,Afghanistan,1862,1.0,3,-6.0
700,AFG,Afghanistan,1863,1.0,3,-6.0
700,AFG,Afghanistan,1864,1.0,3,-6.0
700,AFG,Afghanistan,1865,1.0,3,-6.0
700,AFG,Afghanistan,1866,1.0,3,-6.0
700,AFG,Afghanistan,1867,1.0,3,-6.0
700,AFG,Afghanistan,1868,1.0,3,-6.0
700,AFG,Afghanistan,1869,1.0,3,-6.0
700,AFG,Afghanistan,1870,1.0,3,-6.0
700,AFG,Afghanistan,1871,1.0,3,-6.0
700,AFG,Afghanistan,1872,1.0,3,-6.0
700,AFG,Afghanistan,1873,1.0,3,-6.0
700,AFG,Afghanistan,1874,1.0,3,-6.0
700,AFG,Afghanistan,1875,1.0,3,-6.0
700,AFG,Afghanistan,1876,1.0,3,-6.0
700,AFG,Afghanistan,1877,1.0,3,-6.0
700,AFG,Afghanistan,1878,1.0,3,-6.0
700,AFG,Afghanistan,1879,1.0,3,-6.0
700,AFG,Afghanistan,1880,1.0,3,-6.0
700,AFG,Afghanistan,1881,1.0,3,-6.0
700,AFG,Afghanistan,1882,1.0,3,-6.0
700,AFG,Afghanistan,1883,1.0,3,-6.0
700,AFG,Afghanistan,1884,1.0,3,-6.0
700,AFG,Afghanistan,1885,1.0,3,-6.0
700,AFG,Afghanistan,1886,1.0,3,-6.0
700,AFG,Afghanistan,1887,1.0,3,-6.0
700,AFG,Afghanistan,1888,1.0,3,-6.0
700,AFG,Afghanistan,1889,1.0,3,-6.0
700,AFG,Afghanistan,1890,1.0,3,-6.0
700,AFG,Afghanistan,1891,1.0,3,-6.0
700,AFG,Afghanistan,1892,1.0,3,-6.0
700,AFG,Afghanistan,1893,1.0,3,-6.0
700,AFG,Afghanistan,1894,1.0,3,-6.0
700,AFG,Afghanistan,1895,1.0,3,-6.0
700,AFG,Afghanistan,1896,1.0,3,-6.0
700,AFG,Afghanistan,1897,1.0,3,-6.0
700,AFG,Afghanistan,1898,1.0,3,-6.0
700,AFG,Afghanistan,1899,1.0,3,-6.0
700,AFG,Afghanistan,1900,1.0,3,-6.0
700,AFG,Afghanistan,1901,1.0,3,-6.0
700,AFG,Afghanistan,1902,1.0,3,-6.0
700,AFG,Afghanistan,1903,1.0,3,-6.0
700,AFG,Afghanistan,1904,1.0,3,-6.0
700,AFG,Afghanistan,1905,1.0,3,-6.0
700,AFG,Afghanistan,1906,1.0,3,-6.0
700,AFG,Afghanistan,1907,1.0,3,-6.0
700,AFG,Afghanistan,1908,1.0,3,-6.0
700,AFG,Afghanistan,1909,1.0,3,-6.0
700,AFG,Afghanistan,1910,1.0,3,-6.0
700,AFG,Afghanistan,1911,1.0,3,-6.0
700,AFG,Afghanistan,1912,1.0,3,-6.0
700,AFG,Afghanistan,1913,1.0,3,-6.0
700,AFG,Afghanistan,1914,1.0,3,-6.0
700,AFG,Afghanistan,1915,1.0,3,-6.0
700,AFG,Afghanistan,1916,1.0,3,-6.0
700,AFG,Afghanistan,1917,1.0,3,-6.0
700,AFG,Afghanistan,1918,1.0,3,-6.0
700,AFG,Afghanistan,1919,1.0,3,-6.0
700,AFG,Afghanistan,1920,1.0,3,-6.0
700,AFG,Afghanistan,1921,1.0,3,-6.0
700,AFG,Afghanistan,1922,1.0,3,-6.0
700,AFG,Afghanistan,1923,1.0,3,-6.0
700,AFG,Afghanistan,1924,1.0,3,-6.0
700,AFG,Afghanistan,1925,1.0,3,-6.0
700,AFG,Afghanistan,1926,1.0,3,-6.0
700,AFG,Afghanistan,1927,1.0,3,-6.0
700,AFG,Afghanistan,1928,1.0,3,-6.0
700,AFG,Afghanistan,1929,1.0,3,-6.0
700,AFG,Afghanistan,1930,1.0,3,-6.0
700,AFG,Afghanistan,1931,1.0,3,-6.0
700,AFG,Afghanistan,1932,1.0,3,-6.0
700,AFG,Afghanistan,1933,1.0,3,-6.0
700,AFG,Afghanistan,1934,1.0,3,-6.0
700,AFG,Afghanistan,1935,1.0,2,-8.0
700,AFG,Afghanistan,1936,1.0,2,-8.0
700,AFG,Afghanistan,1937,1.0,2,-8.0
700,AFG,Afghanistan,1938,1.0,2,-8.0
700,AFG,Afghanistan,1939,1.0,2,-8.0
700,AFG,Afghanistan,1940,1.0,2,-8.0
700,AFG,Afghanistan,1941,1.0,2,-8.0
700,AFG,Afghanistan,1942,1.0,2,-8.0
700,AFG,Afghanistan,1943,1.0,2,-8.0
700,AFG,Afghanistan,1944,1.0,2,-8.0
700,AFG,Afghanistan,1945,1.0,1,-10.0
700,AFG,Afghanistan,1946,1.0,1,-10.0
700,AFG,Afghanistan,1947,1.0,1,-10.0
700,AFG,Afghanistan,1948,1.0,1,-10.0
700,AFG,Afghanistan,1949,1.0,1,-10.0
700,AFG,Afghanistan,1950,1.0,1,-10.0
700,AFG,Afghanistan,1951,1.0,1,-10.0
700,AFG,Afghanistan,1952,1.0,1,-10.0
700,AFG,Afghanistan,1953,2.0,1,-10.0
700,AFG,Afghanistan,1954,2.0,1,-10.0
700,AFG,Afghanistan,1955,2.0,1,-10.0
700,AFG,Afghanistan,1956,2.0,1,-10.0
700,AFG,Afghanistan,1957,2.0,1,-10.0
700,AFG,Afghanistan,1958,2.0,1,-10.0
700,AFG,Afghanistan,1959,2.0,1,-10.0
700,AFG,Afghanistan,1960,2.0,1,-10.0
700,AFG,Afghanistan,1961,2.0,1,-10.0
700,AFG,Afghanistan,1962,2.0,1,-10.0
700,AFG,Afghanistan,1963,2.0,1,-10.0
700,AFG,Afghanistan,1964,2.0,2,-7.0
700,AFG,Afghanistan,1965,2.0,2,-7.0
700,AFG,Afghanistan,1966,2.0,2,-7.0
700,AFG,Afghanistan,1967,2.0,2,-7.0
700,AFG,Afghanistan,1968,2.0,2,-7.0
700,AFG,Afghanistan,1969,2.0,2,-7.0
700,AFG,Afghanistan,1970,2.0,2,-7.0
700,AFG,Afghanistan,1971,2.0,2,-7.0
700,AFG,Afghanistan,1972,2.0,2,-7.0
700,AFG,Afghanistan,1973,4.0,1,-7.0
700,AFG,Afghanistan,1974,4.0,1,-7.0
700,AFG,Afghanistan,1975,4.0,1,-7.0
700,AFG,Afghanistan,1976,4.0,1,-7.0
700,AFG,Afghanistan,1977,5.0,1,-7.0
700,AFG,Afghanistan,1978,-77.0,-77,0.0
700,AFG,Afghanistan,1979,-66.0,-66,
700,AFG,Afghanistan,1980,-66.0,-66,
700,AFG,Afghanistan,1981,-66.0,-66,
700,AFG,Afghanistan,1982,-66.0,-66,
700,AFG,Afghanistan,1983,-66.0,-66,
700,AFG,Afghanistan,1984,-66.0,-66,
700,AFG,Afghanistan,1985,-66.0,-66,
700,AFG,Afghanistan,1986,-66.0,-66,
700,AFG,Afghanistan,1987,-66.0,-66,
700,AFG,Afghanistan,1988,-66.0,-66,
700,AFG,Afghanistan,1989,3.0,1,-8.0
700,AFG,Afghanistan,1990,3.0,1,-8.0
700,AFG,Afghanistan,1991,3.0,1,-8.0
700,AFG,Afghanistan,1992,-77.0,-77,0.0
700,AFG,Afghanistan,1993,-77.0,-77,0.0
700,AFG,Afghanistan,1994,-77.0,-77,0.0
700,AFG,Afghanistan,1995,-77.0,-77,0.0
700,AFG,Afghanistan,1996,4.0,1,-7.0
700,AFG,Afghanistan,1997,4.0,1,-7.0
700,AFG,Afghanistan,1998,4.0,1,-7.0
700,AFG,Afghanistan,1999,4.0,1,-7.0
700,AFG,Afghanistan,2000,4.0,1,-7.0
700,AFG,Afghanistan,2001,-66.0,-66,
700,AFG,Afghanistan,2002,-66.0,-66,
700,AFG,Afghanistan,2003,-66.0,-66,
700,AFG,Afghanistan,2004,-66.0,-66,
700,AFG,Afghanistan,2005,-66.0,-66,
700,AFG,Afghanistan,2006,-66.0,-66,
700,AFG,Afghanistan,2007,-66.0,-66,
700,AFG,Afghanistan,2008,-66.0,-66,
700,AFG,Afghanistan,2009,-66.0,-66,
700,AFG,Afghanistan,2010,-66.0,-66,
700,AFG,Afghanistan,2011,-66.0,-66,
700,AFG,Afghanistan,2012,-66.0,-66,
700,AFG,Afghanistan,2013,-66.0,-66,
700,AFG,Afghanistan,2014,3.0,0,-1.0
700,AFG,Afghanistan,2015,3.0,0,-1.0
700,AFG,Afghanistan,2016,3.0,0,-1.0
700,AFG,Afghanistan,2017,3.0,0,-1.0
700,AFG,Afghanistan,2018,3.0,0,-1.0
339,ALB,Albania,1914,3.0,2,-2.0
339,ALB,Albania,1915,-77.0,-77,0.0
339,ALB,Albania,1916,-77.0,-77,0.0
339,ALB,Albania,1917,-77.0,-77,0.0
339,ALB,Albania,1918,-77.0,-77,0.0
339,ALB,Albania,1919,-77.0,-77,0.0
339,ALB,Albania,1920,-77.0,-77,0.0
339,ALB,Albania,1921,-77.0,-77,0.0
339,ALB,Albania,1922,-77.0,-77,0.0
339,ALB,Albania,1923,-77.0,-77,0.0
339,ALB,Albania,1924,-77.0,-77,0.0
339,ALB,Albania,1925,3.0,1,-9.0
339,ALB,Albania,1926,3.0,1,-9.0
339,ALB,Albania,1927,3.0,1,-9.0
339,ALB,Albania,1928,3.0,1,-9.0
339,ALB,Albania,1929,3.0,1,-9.0
339,ALB,Albania,1930,3.0,1,-9.0
339,ALB,Albania,1931,3.0,1,-9.0
339,ALB,Albania,1932,3.0,1,-9.0
339,ALB,Albania,1933,3.0,1,-9.0
339,ALB,Albania,1934,3.0,1,-9.0
339,ALB,Albania,1935,3.0,1,-9.0
339,ALB,Albania,1936,3.0,1,-9.0
339,ALB,Albania,1937,3.0,1,-9.0
339,ALB,Albania,1938,3.0,1,-9.0
339,ALB,Albania,1939,-77.0,-77,0.0
339,ALB,Albania,1940,-77.0,-77,0.0
339,ALB,Albania,1941,-77.0,-77,0.0
339,ALB,Albania,1942,-77.0,-77,0.0
339,ALB,Albania,1943,-77.0,-77,0.0
339,ALB,Albania,1944,-77.0,-77,0.0
339,ALB,Albania,1945,-88.0,-88,-5.0
339,ALB,Albania,1946,3.0,1,-9.0
339,ALB,Albania,1947,3.0,1,-9.0
339,ALB,Albania,1948,3.0,1,-9.0
339,ALB,Albania,1949,3.0,1,-9.0
339,ALB,Albania,1950,3.0,1,-9.0
339,ALB,Albania,1951,3.0,1,-9.0
339,ALB,Albania,1952,3.0,1,-9.0
339,ALB,Albania,1953,3.0,1,-9.0
339,ALB,Albania,1954,3.0,1,-9.0
339,ALB,Albania,1955,3.0,1,-9.0
339,ALB,Albania,1956,3.0,1,-9.0
339,ALB,Albania,1957,3.0,1,-9.0
339,ALB,Albania,1958,3.0,1,-9.0
339,ALB,Albania,1959,3.0,1,-9.0
339,ALB,Albania,1960,3.0,1,-9.0
339,ALB,Albania,1961,3.0,1,-9.0
339,ALB,Albania,1962,3.0,1,-9.0
339,ALB,Albania,1963,3.0,1,-9.0
339,ALB,Albania,1964,3.0,1,-9.0
339,ALB,Albania,1965,3.0,1,-9.0
339,ALB,Albania,1966,3.0,1,-9.0
339,ALB,Albania,1967,3.0,1,-9.0
339,ALB,Albania,1968,3.0,1,-9.0
339,ALB,Albania,1969,3.0,1,-9.0
339,ALB,Albania,1970,3.0,1,-9.0
339,ALB,Albania,1971,3.0,1,-9.0
339,ALB,Albania,1972,3.0,1,-9.0
339,ALB,Albania,1973,3.0,1,-9.0
339,ALB,Albania,1974,3.0,1,-9.0
339,ALB,Albania,1975,3.0,1,-9.0
339,ALB,Albania,1976,3.0,1,-9.0
339,ALB,Albania,1977,3.0,1,-9.0
339,ALB,Albania,1978,3.0,1,-9.0
339,ALB,Albania,1979,3.0,1,-9.0
339,ALB,Albania,1980,3.0,1,-9.0
339,ALB,Albania,1981,3.0,1,-9.0
339,ALB,Albania,1982,3.0,1,-9.0
339,ALB,Albania,1983,3.0,1,-9.0
339,ALB,Albania,1984,3.0,1,-9.0
339,ALB,Albania,1985,3.0,1,-9.0
339,ALB,Albania,1986,3.0,1,-9.0
339,ALB,Albania,1987,3.0,1,-9.0
339,ALB,Albania,1988,3.0,1,-9.0
339,ALB,Albania,1989,3.0,1,-9.0
339,ALB,Albania,1990,7.0,3,1.0
339,ALB,Albania,1991,-88.0,-88,3.0
339,ALB,Albania,1992,8.0,3,5.0
339,ALB,Albania,1993,8.0,3,5.0
339,ALB,Albania,1994,8.0,3,5.0
339,ALB,Albania,1995,8.0,3,5.0
339,ALB,Albania,1996,3.0,3,0.0
339,ALB,Albania,1997,7.0,4,5.0
339,ALB,Albania,1998,7.0,4,5.0
339,ALB,Albania,1999,7.0,4,5.0
339,ALB,Albania,2000,7.0,4,5.0
339,ALB,Albania,2001,7.0,4,5.0
339,ALB,Albania,2002,7.0,4,7.0
339,ALB,Albania,2003,7.0,4,7.0
339,ALB,Albania,2004,7.0,4,7.0
339,ALB,Albania,2005,8.0,4,9.0
339,ALB,Albania,2006,8.0,4,9.0
339,ALB,Albania,2007,8.0,4,9.0
339,ALB,Albania,2008,8.0,4,9.0
339,ALB,Albania,2009,8.0,4,9.0
339,ALB,Albania,2010,8.0,4,9.0
339,ALB,Albania,2011,8.0,4,9.0
339,ALB,Albania,2012,8.0,4,9.0
339,ALB,Albania,2013,8.0,4,9.0
339,ALB,Albania,2014,8.0,4,9.0
339,ALB,Albania,2015,8.0,4,9.0
339,ALB,Albania,2016,8.0,4,9.0
339,ALB,Albania,2017,8.0,4,9.0
339,ALB,Albania,2018,8.0,4,9.0
615,ALG,Algeria,1962,3.0,1,-8.0
615,ALG,Algeria,1963,3.0,1,-8.0
615,ALG,Algeria,1964,3.0,1,-8.0
615,ALG,Algeria,1965,3.0,1,-9.0
615,ALG,Algeria,1966,3.0,1,-9.0
615,ALG,Algeria,1967,3.0,1,-9.0
615,ALG,Algeria,1968,3.0,1,-9.0
615,ALG,Algeria,1969,3.0,1,-9.0
615,ALG,Algeria,1970,3.0,1,-9.0
615,ALG,Algeria,1971,3.0,1,-9.0
615,ALG,Algeria,1972,3.0,1,-9.0
615,ALG,Algeria,1973,3.0,1,-9.0
615,ALG,Algeria,1974,3.0,1,-9.0
615,ALG,Algeria,1975,3.0,1,-9.0
615,ALG,Algeria,1976,3.0,1,-9.0
615,ALG,Algeria,1977,3.0,1,-9.0
615,ALG,Algeria,1978,3.0,1,-9.0
615,ALG,Algeria,1979,3.0,1,-9.0
615,ALG,Algeria,1980,3.0,1,-9.0
615,ALG,Algeria,1981,3.0,1,-9.0
615,ALG,Algeria,1982,3.0,1,-9.0
615,ALG,Algeria,1983,3.0,1,-9.0
615,ALG,Algeria,1984,3.0,1,-9.0
615,ALG,Algeria,1985,3.0,1,-9.0
615,ALG,Algeria,1986,3.0,1,-9.0
615,ALG,Algeria,1987,3.0,1,-9.0
615,ALG,Algeria,1988,3.0,1,-9.0
615,ALG,Algeria,1989,3.0,3,-2.0
615,ALG,Algeria,1990,3.0,3,-2.0
615,ALG,Algeria,1991,3.0,3,-2.0
615,ALG,Algeria,1992,5.0,1,-7.0
615,ALG,Algeria,1993,5.0,1,-7.0
615,ALG,Algeria,1994,5.0,1,-7.0
615,ALG,Algeria,1995,3.0,3,-3.0
615,ALG,Algeria,1996,3.0,3,-3.0
615,ALG,Algeria,1997,3.0,3,-3.0
615,ALG,Algeria,1998,3.0,3,-3.0
615,ALG,Algeria,1999,3.0,3,-3.0
615,ALG,Algeria,2000,3.0,3,-3.0
615,ALG,Algeria,2001,3.0,3,-3.0
615,ALG,Algeria,2002,3.0,3,-3.0
615,ALG,Algeria,2003,3.0,3,-3.0
615,ALG,Algeria,2004,5.0,3,2.0
615,ALG,Algeria,2005,5.0,3,2.0
615,ALG,Algeria,2006,5.0,3,2.0
615,ALG,Algeria,2007,5.0,3,2.0
615,ALG,Algeria,2008,5.0,3,2.0
615,ALG,Algeria,2009,5.0,3,2.0
615,ALG,Algeria,2010,5.0,3,2.0
615,ALG,Algeria,2011,5.0,3,2.0
615,ALG,Algeria,2012,5.0,3,2.0
615,ALG,Algeria,2013,5.0,3,2.0
615,ALG,Algeria,2014,5.0,3,2.0
615,ALG,Algeria,2015,5.0,3,2.0
615,ALG,Algeria,2016,5.0,3,2.0
615,ALG,Algeria,2017,5.0,3,2.0
615,ALG,Algeria,2018,5.0,3,2.0
540,ANG,Angola,1975,3.0,1,-7.0
540,ANG,Angola,1976,3.0,1,-7.0
540,ANG,Angola,1977,3.0,1,-7.0
540,ANG,Angola,1978,3.0,1,-7.0
540,ANG,Angola,1979,3.0,1,-7.0
540,ANG,Angola,1980,3.0,1,-7.0
540,ANG,Angola,1981,3.0,1,-7.0
540,ANG,Angola,1982,3.0,1,-7.0
540,ANG,Angola,1983,3.0,1,-7.0
540,ANG,Angola,1984,3.0,1,-7.0
540,ANG,Angola,1985,3.0,1,-7.0
540,ANG,Angola,1986,3.0,1,-7.0
540,ANG,Angola,1987,3.0,1,-7.0
540,ANG,Angola,1988,3.0,1,-7.0
540,ANG,Angola,1989,3.0,1,-7.0
540,ANG,Angola,1990,3.0,1,-7.0
540,ANG,Angola,1991,-88.0,-88,-4.0
540,ANG,Angola,1992,-77.0,-77,0.0
540,ANG,Angola,1993,-88.0,-88,-1.0
540,ANG,Angola,1994,-88.0,-88,-2.0
540,ANG,Angola,1995,-88.0,-88,-3.0
540,ANG,Angola,1996,-88.0,-88,-4.0
540,ANG,Angola,1997,3.0,2,-6.0
540,ANG,Angola,1998,3.0,2,-6.0
540,ANG,Angola,1999,3.0,2,-6.0
540,ANG,Angola,2000,3.0,2,-6.0
540,ANG,Angola,2001,3.0,2,-6.0
540,ANG,Angola,2002,3.0,4,-2.0
540,ANG,Angola,2003,3.0,4,-2.0
540,ANG,Angola,2004,3.0,4,-2.0
540,ANG,Angola,2005,3.0,4,-2.0
540,ANG,Angola,2006,3.0,4,-2.0
540,ANG,Angola,2007,3.0,4,-2.0
540,ANG,Angola,2008,3.0,4,-2.0
540,ANG,Angola,2009,3.0,4,-2.0
540,ANG,Angola,2010,3.0,4,-2.0
540,ANG,Angola,2011,3.0,4,-2.0
540,ANG,Angola,2012,3.0,4,-2.0
540,ANG,Angola,2013,3.0,4,-2.0
540,ANG,Angola,2014,3.0,4,-2.0
540,ANG,Angola,2015,3.0,4,-2.0
540,ANG,Angola,2016,3.0,4,-2.0
540,ANG,Angola,2017,3.0,4,-2.0
540,ANG,Angola,2018,3.0,4,-2.0
160,ARG,Argentina,1825,3.0,3,-5.0
160,ARG,Argentina,1826,3.0,3,-5.0
160,ARG,Argentina,1827,3.0,3,-5.0
160,ARG,Argentina,1828,3.0,3,-5.0
160,ARG,Argentina,1829,-88.0,-88,-5.0
160,ARG,Argentina,1830,-88.0,-88,-5.0
160,ARG,Argentina,1831,-88.0,-88,-5.0
160,ARG,Argentina,1832,-88.0,-88,-5.0
160,ARG,Argentina,1833,-88.0,-88,-5.0
160,ARG,Argentina,1834,-88.0,-88,-5.0
160,ARG,Argentina,1835,3.0,3,-5.0
160,ARG,Argentina,1836,3.0,3,-5.0
160,ARG,Argentina,1837,3.0,3,-5.0
160,ARG,Argentina,1838,3.0,3,-5.0
160,ARG,Argentina,1839,3.0,3,-5.0
160,ARG,Argentina,1840,3.0,3,-5.0
160,ARG,Argentina,1841,3.0,3,-5.0
160,ARG,Argentina,1842,3.0,3,-5.0
160,ARG,Argentina,1843,3.0,3,-5.0
160,ARG,Argentina,1844,3.0,3,-5.0
160,ARG,Argentina,1845,3.0,3,-5.0
160,ARG,Argentina,1846,3.0,3,-5.0
160,ARG,Argentina,1847,3.0,3,-5.0
160,ARG,Argentina,1848,3.0,3,-5.0
160,ARG,Argentina,1849,3.0,3,-5.0
160,ARG,Argentina,1850,3.0,3,-5.0
160,ARG,Argentina,1851,3.0,3,-5.0
160,ARG,Argentina,1852,-88.0,-88,-4.0
160,ARG,Argentina,1853,3.0,3,-3.0
160,ARG,Argentina,1854,3.0,3,-3.0
160,ARG,Argentina,1855,3.0,3,-3.0
160,ARG,Argentina,1856,3.0,3,-3.0
160,ARG,Argentina,1857,3.0,3,-3.0
160,ARG,Argentina,1858,3.0,3,-3.0
160,ARG,Argentina,1859,3.0,3,-3.0
160,ARG,Argentina,1860,3.0,3,-3.0
160,ARG,Argentina,1861,3.0,3,-3.0
160,ARG,Argentina,1862,3.0,3,-3.0
160,ARG,Argentina,1863,3.0,3,-3.0
160,ARG,Argentina,1864,3.0,3,-3.0
160,ARG,Argentina,1865,3.0,3,-3.0
160,ARG,Argentina,1866,3.0,3,-3.0
160,ARG,Argentina,1867,3.0,3,-3.0
160,ARG,Argentina,1868,3.0,3,-3.0
160,ARG,Argentina,1869,3.0,3,-3.0
160,ARG,Argentina,1870,3.0,3,-3.0
160,ARG,Argentina,1871,3.0,3,-3.0
160,ARG,Argentina,1872,3.0,3,-3.0
160,ARG,Argentina,1873,3.0,3,-3.0
160,ARG,Argentina,1874,3.0,3,-3.0
160,ARG,Argentina,1875,3.0,3,-3.0
160,ARG,Argentina,1876,3.0,3,-3.0
160,ARG,Argentina,1877,3.0,3,-3.0
160,ARG,Argentina,1878,3.0,3,-3.0
160,ARG,Argentina,1879,3.0,3,-3.0
160,ARG,Argentina,1880,7.0,3,1.0
160,ARG,Argentina,1881,7.0,3,1.0
160,ARG,Argentina,1882,7.0,3,1.0
160,ARG,Argentina,1883,7.0,3,1.0
160,ARG,Argentina,1884,7.0,3,1.0
160,ARG,Argentina,1885,7.0,3,1.0
160,ARG,Argentina,1886,7.0,3,1.0
160,ARG,Argentina,1887,7.0,3,1.0
160,ARG,Argentina,1888,7.0,3,1.0
160,ARG,Argentina,1889,7.0,3,1.0
160,ARG,Argentina,1890,7.0,3,1.0
160,ARG,Argentina,1891,7.0,3,1.0
160,ARG,Argentina,1892,7.0,3,1.0
160,ARG,Argentina,1893,7.0,3,1.0
160,ARG,Argentina,1894,7.0,3,1.0
160,ARG,Argentina,1895,7.0,3,1.0
160,ARG,Argentina,1896,7.0,3,1.0
160,ARG,Argentina,1897,7.0,3,1.0
160,ARG,Argentina,1898,7.0,3,1.0
160,ARG,Argentina,1899,7.0,3,1.0
160,ARG,Argentina,1900,7.0,3,1.0
160,ARG,Argentina,1901,7.0,3,1.0
160,ARG,Argentina,1902,7.0,3,1.0
160,ARG,Argentina,1903,7.0,3,1.0
160,ARG,Argentina,1904,7.0,3,1.0
160,ARG,Argentina,1905,7.0,3,1.0
160,ARG,Argentina,1906,7.0,3,1.0
160,ARG,Argentina,1907,7.0,3,1.0
160,ARG,Argentina,1908,7.0,3,1.0
160,ARG,Argentina,1909,7.0,3,1.0
160,ARG,Argentina,1910,7.0,3,1.0
160,ARG,Argentina,1911,7.0,3,1.0
160,ARG,Argentina,1912,8.0,3,2.0
160,ARG,Argentina,1913,8.0,3,2.0
160,ARG,Argentina,1914,8.0,3,2.0
160,ARG,Argentina,1915,8.0,3,2.0
160,ARG,Argentina,1916,8.0,3,2.0
160,ARG,Argentina,1917,8.0,3,2.0
160,ARG,Argentina,1918,8.0,3,2.0
160,ARG,Argentina,1919,8.0,3,2.0
160,ARG,Argentina,1920,8.0,3,2.0
160,ARG,Argentina,1921,8.0,3,2.0
160,ARG,Argentina,1922,8.0,3,2.0
160,ARG,Argentina,1923,8.0,3,2.0
160,ARG,Argentina,1924,8.0,3,2.0
160,ARG,Argentina,1925,8.0,3,2.0
160,ARG,Argentina,1926,8.0,3,2.0
160,ARG,Argentina,1927,8.0,3,2.0
160,ARG,Argentina,1928,8.0,3,2.0
160,ARG,Argentina,1929,8.0,3,2.0
160,ARG,Argentina,1930,3.0,2,-8.0
160,ARG,Argentina,1931,3.0,2,-8.0
160,ARG,Argentina,1932,3.0,2,-8.0
160,ARG,Argentina,1933,3.0,2,-8.0
160,ARG,Argentina,1934,3.0,2,-8.0
160,ARG,Argentina,1935,3.0,2,-8.0
160,ARG,Argentina,1936,3.0,2,-8.0
160,ARG,Argentina,1937,8.0,5,5.0
160,ARG,Argentina,1938,8.0,5,5.0
160,ARG,Argentina,1939,8.0,5,5.0
160,ARG,Argentina,1940,8.0,5,5.0
160,ARG,Argentina,1941,8.0,5,5.0
160,ARG,Argentina,1942,8.0,5,5.0
160,ARG,Argentina,1943,3.0,2,-8.0
160,ARG,Argentina,1944,3.0,2,-8.0
160,ARG,Argentina,1945,3.0,2,-8.0
160,ARG,Argentina,1946,-88.0,-88,-8.0
160,ARG,Argentina,1947,-88.0,-88,-9.0
160,ARG,Argentina,1948,3.0,1,-9.0
160,ARG,Argentina,1949,3.0,1,-9.0
160,ARG,Argentina,1950,3.0,1,-9.0
160,ARG,Argentina,1951,3.0,1,-9.0
160,ARG,Argentina,1952,3.0,1,-9.0
160,ARG,Argentina,1953,3.0,1,-9.0
160,ARG,Argentina,1954,3.0,1,-9.0
160,ARG,Argentina,1955,-88.0,-88,-6.0
160,ARG,Argentina,1956,-88.0,-88,-2.0
160,ARG,Argentina,1957,-88.0,-88,2.0
160,ARG,Argentina,1958,8.0,3,5.0
160,ARG,Argentina,1959,8.0,3,5.0
160,ARG,Argentina,1960,8.0,3,5.0
160,ARG,Argentina,1961,8.0,3,5.0
160,ARG,Argentina,1962,8.0,3,5.0
160,ARG,Argentina,1963,8.0,3,6.0
160,ARG,Argentina,1964,8.0,3,6.0
160,ARG,Argentina,1965,8.0,3,6.0
160,ARG,Argentina,1966,3.0,1,-9.0
160,ARG,Argentina,1967,3.0,1,-9.0
160,ARG,Argentina,1968,3.0,1,-9.0
160,ARG,Argentina,1969,3.0,1,-9.0
160,ARG,Argentina,1970,3.0,1,-9.0
160,ARG,Argentina,1971,3.0,1,-9.0
160,ARG,Argentina,1972,3.0,1,-9.0
160,ARG,Argentina,1973,8.0,3,6.0
160,ARG,Argentina,1974,8.0,3,6.0
160,ARG,Argentina,1975,8.0,3,6.0
160,ARG,Argentina,1976,3.0,1,-9.0
160,ARG,Argentina,1977,3.0,1,-9.0
160,ARG,Argentina,1978,3.0,1,-9.0
160,ARG,Argentina,1979,3.0,1,-9.0
160,ARG,Argentina,1980,3.0,1,-9.0
160,ARG,Argentina,1981,3.0,2,-8.0
160,ARG,Argentina,1982,3.0,2,-8.0
160,ARG,Argentina,1983,8.0,3,8.0
160,ARG,Argentina,1984,8.0,3,8.0
160,ARG,Argentina,1985,8.0,3,8.0
160,ARG,Argentina,1986,8.0,3,8.0
160,ARG,Argentina,1987,8.0,3,8.0
160,ARG,Argentina,1988,8.0,3,8.0
160,ARG,Argentina,1989,8.0,3,7.0
160,ARG,Argentina,1990,8.0,4,7.0
160,ARG,Argentina,1991,8.0,4,7.0
160,ARG,Argentina,1992,8.0,4,7.0
160,ARG,Argentina,1993,8.0,4,7.0
160,ARG,Argentina,1994,8.0,4,7.0
160,ARG,Argentina,1995,8.0,4,7.0
160,ARG,Argentina,1996,8.0,4,7.0
160,ARG,Argentina,1997,8.0,4,7.0
160,ARG,Argentina,1998,8.0,4,7.0
160,ARG,Argentina,1999,8.0,4,8.0
160,ARG,Argentina,2000,8.0,4,8.0
160,ARG,Argentina,2001,8.0,4,8.0
160,ARG,Argentina,2002,8.0,4,8.0
160,ARG,Argentina,2003,8.0,4,8.0
160,ARG,Argentina,2004,8.0,4,8.0
160,ARG,Argentina,2005,8.0,4,8.0
160,ARG,Argentina,2006,8.0,4,8.0
160,ARG,Argentina,2007,8.0,4,8.0
160,ARG,Argentina,2008,8.0,4,8.0
160,ARG,Argentina,2009,8.0,4,8.0
160,ARG,Argentina,2010,8.0,4,8.0
160,ARG,Argentina,2011,8.0,4,8.0
160,ARG,Argentina,2012,8.0,4,8.0
160,ARG,Argentina,2013,8.0,4,8.0
160,ARG,Argentina,2014,8.0,4,8.0
160,ARG,Argentina,2015,8.0,4,9.0
160,ARG,Argentina,2016,8.0,4,9.0
160,ARG,Argentina,2017,8.0,4,9.0
160,ARG,Argentina,2018,8.0,4,9.0
371,ARM,Armenia,1991,7.0,4,6.0
371,ARM,Armenia,1992,7.0,4,6.0
371,ARM,Armenia,1993,7.0,4,6.0
371,ARM,Armenia,1994,7.0,4,6.0
371,ARM,Armenia,1995,7.0,3,1.0
371,ARM,Armenia,1996,3.0,2,-6.0
371,ARM,Armenia,1997,3.0,2,-6.0
371,ARM,Armenia,1998,7.0,4,5.0
371,ARM,Armenia,1999,7.0,4,5.0
371,ARM,Armenia,2000,7.0,4,5.0
371,ARM,Armenia,2001,7.0,4,5.0
371,ARM,Armenia,2002,7.0,4,5.0
371,ARM,Armenia,2003,7.0,3,5.0
371,ARM,Armenia,2004,7.0,3,5.0
371,ARM,Armenia,2005,7.0,3,5.0
371,ARM,Armenia,2006,7.0,3,5.0
371,ARM,Armenia,2007,7.0,3,5.0
371,ARM,Armenia,2008,7.0,3,5.0
371,ARM,Armenia,2009,7.0,3,5.0
371,ARM,Armenia,2010,7.0,3,5.0
371,ARM,Armenia,2011,7.0,3,5.0
371,ARM,Armenia,2012,7.0,3,5.0
371,ARM,Armenia,2013,7.0,3,5.0
371,ARM,Armenia,2014,7.0,3,5.0
371,ARM,Armenia,2015,7.0,3,5.0
371,ARM,Armenia,2016,7.0,3,5.0
371,ARM,Armenia,2017,7.0,3,5.0
371,ARM,Armenia,2018,7.0,4,7.0
900,AUL,Australia,1901,8.0,5,10.0
900,AUL,Australia,1902,8.0,5,10.0
900,AUL,Australia,1903,8.0,5,10.0
900,AUL,Australia,1904,8.0,5,10.0
900,AUL,Australia,1905,8.0,5,10.0
900,AUL,Australia,1906,8.0,5,10.0
900,AUL,Australia,1907,8.0,5,10.0
900,AUL,Australia,1908,8.0,5,10.0
900,AUL,Australia,1909,8.0,5,10.0
900,AUL,Australia,1910,8.0,5,10.0
900,AUL,Australia,1911,8.0,5,10.0
900,AUL,Australia,1912,8.0,5,10.0
900,AUL,Australia,1913,8.0,5,10.0
900,AUL,Australia,1914,8.0,5,10.0
900,AUL,Australia,1915,8.0,5,10.0
900,AUL,Australia,1916,8.0,5,10.0
900,AUL,Australia,1917,8.0,5,10.0
900,AUL,Australia,1918,8.0,5,10.0
900,AUL,Australia,1919,8.0,5,10.0
900,AUL,Australia,1920,8.0,5,10.0
900,AUL,Australia,1921,8.0,5,10.0
900,AUL,Australia,1922,8.0,5,10.0
900,AUL,Australia,1923,8.0,5,10.0
900,AUL,Australia,1924,8.0,5,10.0
900,AUL,Australia,1925,8.0,5,10.0
900,AUL,Australia,1926,8.0,5,10.0
900,AUL,Australia,1927,8.0,5,10.0
900,AUL,Australia,1928,8.0,5,10.0
900,AUL,Australia,1929,8.0,5,10.0
900,AUL,Australia,1930,8.0,5,10.0
900,AUL,Australia,1931,8.0,5,10.0
900,AUL,Australia,1932,8.0,5,10.0
900,AUL,Australia,1933,8.0,5,10.0
900,AUL,Australia,1934,8.0,5,10.0
900,AUL,Australia,1935,8.0,5,10.0
900,AUL,Australia,1936,8.0,5,10.0
900,AUL,Australia,1937,8.0,5,10.0
900,AUL,Australia,1938,8.0,5,10.0
900,AUL,Australia,1939,8.0,5,10.0
900,AUL,Australia,1940,8.0,5,10.0
900,AUL,Australia,1941,8.0,5,10.0
900,AUL,Australia,1942,8.0,5,10.0
900,AUL,Australia,1943,8.0,5,10.0
900,AUL,Australia,1944,8.0,5,10.0
900,AUL,Australia,1945,8.0,5,10.0
900,AUL,Australia,1946,8.0,5,10.0
900,AUL,Australia,1947,8.0,5,10.0
900,AUL,Australia,1948,8.0,5,10.0
900,AUL,Australia,1949,8.0,5,10.0
900,AUL,Australia,1950,8.0,5,10.0
900,AUL,Australia,1951,8.0,5,10.0
900,AUL,Australia,1952,8.0,5,10.0
900,AUL,Australia,1953,8.0,5,10.0
900,AUL,Australia,1954,8.0,5,10.0
900,AUL,Australia,1955,8.0,5,10.0
900,AUL,Australia,1956,8.0,5,10.0
900,AUL,Australia,1957,8.0,5,10.0
900,AUL,Australia,1958,8.0,5,10.0
900,AUL,Australia,1959,8.0,5,10.0
900,AUL,Australia,1960,8.0,5,10.0
900,AUL,Australia,1961,8.0,5,10.0
900,AUL,Australia,1962,8.0,5,10.0
900,AUL,Australia,1963,8.0,5,10.0
900,AUL,Australia,1964,8.0,5,10.0
900,AUL,Australia,1965,8.0,5,10.0
900,AUL,Australia,1966,8.0,5,10.0
900,AUL,Australia,1967,8.0,5,10.0
900,AUL,Australia,1968,8.0,5,10.0
900,AUL,Australia,1969,8.0,5,10.0
900,AUL,Australia,1970,8.0,5,10.0
900,AUL,Australia,1971,8.0,5,10.0
900,AUL,Australia,1972,8.0,5,10.0
900,AUL,Australia,1973,8.0,5,10.0
900,AUL,Australia,1974,8.0,5,10.0
900,AUL,Australia,1975,8.0,5,10.0
900,AUL,Australia,1976,8.0,5,10.0
900,AUL,Australia,1977,8.0,5,10.0
900,AUL,Australia,1978,8.0,5,10.0
900,AUL,Australia,1979,8.0,5,10.0
900,AUL,Australia,1980,8.0,5,10.0
900,AUL,Australia,1981,8.0,5,10.0
900,AUL,Australia,1982,8.0,5,10.0
900,AUL,Australia,1983,8.0,5,10.0
900,AUL,Australia,1984,8.0,5,10.0
900,AUL,Australia,1985,8.0,5,10.0
900,AUL,Australia,1986,8.0,5,10.0
900,AUL,Australia,1987,8.0,5,10.0
900,AUL,Australia,1988,8.0,5,10.0
900,AUL,Australia,1989,8.0,5,10.0
900,AUL,Australia,1990,8.0,5,10.0
900,AUL,Australia,1991,8.0,5,10.0
900,AUL,Australia,1992,8.0,5,10.0
900,AUL,Australia,1993,8.0,5,10.0
900,AUL,Australia,1994,8.0,5,10.0
900,AUL,Australia,1995,8.0,5,10.0
900,AUL,Australia,1996,8.0,5,10.0
900,AUL,Australia,1997,8.0,5,10.0
900,AUL,Australia,1998,8.0,5,10.0
900,AUL,Australia,1999,8.0,5,10.0
900,AUL,Australia,2000,8.0,5,10.0
900,AUL,Australia,2001,8.0,5,10.0
900,AUL,Australia,2002,8.0,5,10.0
900,AUL,Australia,2003,8.0,5,10.0
900,AUL,Australia,2004,8.0,5,10.0
900,AUL,Australia,2005,8.0,5,10.0
900,AUL,Australia,2006,8.0,5,10.0
900,AUL,Australia,2007,8.0,5,10.0
900,AUL,Australia,2008,8.0,5,10.0
900,AUL,Australia,2009,8.0,5,10.0
900,AUL,Australia,2010,8.0,5,10.0
900,AUL,Australia,2011,8.0,5,10.0
900,AUL,Australia,2012,8.0,5,10.0
900,AUL,Australia,2013,8.0,5,10.0
900,AUL,Australia,2014,8.0,5,10.0
900,AUL,Australia,2015,8.0,5,10.0
900,AUL,Australia,2016,8.0,5,10.0
900,AUL,Australia,2017,8.0,5,10.0
900,AUL,Australia,2018,8.0,5,10.0
305,AUS,Austria,1800,1.0,1,-10.0
305,AUS,Austria,1801,1.0,1,-10.0
305,AUS,Austria,1802,1.0,1,-10.0
305,AUS,Austria,1803,1.0,1,-10.0
305,AUS,Austria,1804,1.0,1,-10.0
305,AUS,Austria,1805,-66.0,-66,
305,AUS,Austria,1806,1.0,1,-10.0
305,AUS,Austria,1807,1.0,1,-10.0
305,AUS,Austria,1808,1.0,1,-10.0
305,AUS,Austria,1809,1.0,1,-10.0
305,AUS,Austria,1810,1.0,1,-10.0
305,AUS,Austria,1811,1.0,1,-10.0
305,AUS,Austria,1812,1.0,1,-10.0
305,AUS,Austria,1813,1.0,1,-10.0
305,AUS,Austria,1814,1.0,1,-10.0
305,AUS,Austria,1815,1.0,1,-10.0
305,AUS,Austria,1816,1.0,1,-10.0
305,AUS,Austria,1817,1.0,1,-10.0
305,AUS,Austria,1818,1.0,1,-10.0
305,AUS,Austria,1819,1.0,1,-10.0
305,AUS,Austria,1820,1.0,1,-10.0
305,AUS,Austria,1821,1.0,1,-10.0
305,AUS,Austria,1822,1.0,1,-10.0
305,AUS,Austria,1823,1.0,1,-10.0
305,AUS,Austria,1824,1.0,1,-10.0
305,AUS,Austria,1825,1.0,1,-10.0
305,AUS,Austria,1826,1.0,1,-10.0
305,AUS,Austria,1827,1.0,1,-10.0
305,AUS,Austria,1828,1.0,1,-10.0
305,AUS,Austria,1829,1.0,1,-10.0
305,AUS,Austria,1830,1.0,1,-10.0
305,AUS,Austria,1831,1.0,1,-10.0
305,AUS,Austria,1832,1.0,1,-10.0
305,AUS,Austria,1833,1.0,1,-10.0
305,AUS,Austria,1834,1.0,1,-10.0
305,AUS,Austria,1835,1.0,1,-10.0
305,AUS,Austria,1836,1.0,1,-10.0
305,AUS,Austria,1837,1.0,1,-10.0
305,AUS,Austria,1838,1.0,1,-10.0
305,AUS,Austria,1839,1.0,1,-10.0
305,AUS,Austria,1840,1.0,1,-10.0
305,AUS,Austria,1841,1.0,1,-10.0
305,AUS,Austria,1842,1.0,1,-10.0
305,AUS,Austria,1843,1.0,1,-10.0
305,AUS,Austria,1844,1.0,1,-10.0
305,AUS,Austria,1845,1.0,1,-10.0
305,AUS,Austria,1846,1.0,1,-10.0
305,AUS,Austria,1847,1.0,1,-10.0
305,AUS,Austria,1848,1.0,3,-6.0
305,AUS,Austria,1849,1.0,3,-6.0
305,AUS,Austria,1850,1.0,3,-6.0
305,AUS,Austria,1851,1.0,3,-6.0
305,AUS,Austria,1852,1.0,3,-6.0
305,AUS,Austria,1853,1.0,3,-6.0
305,AUS,Austria,1854,1.0,3,-6.0
305,AUS,Austria,1855,1.0,3,-6.0
305,AUS,Austria,1856,1.0,3,-6.0
305,AUS,Austria,1857,1.0,3,-6.0
305,AUS,Austria,1858,1.0,3,-6.0
305,AUS,Austria,1859,1.0,3,-6.0
305,AUS,Austria,1860,1.0,3,-6.0
305,AUS,Austria,1861,1.0,3,-4.0
305,AUS,Austria,1862,1.0,3,-4.0
305,AUS,Austria,1863,1.0,3,-4.0
305,AUS,Austria,1864,1.0,3,-4.0
305,AUS,Austria,1865,1.0,3,-4.0
305,AUS,Austria,1866,1.0,3,-4.0
305,AUS,Austria,1867,2.0,3,-4.0
305,AUS,Austria,1868,2.0,3,-4.0
305,AUS,Austria,1869,2.0,3,-4.0
305,AUS,Austria,1870,2.0,3,-4.0
305,AUS,Austria,1871,2.0,3,-4.0
305,AUS,Austria,1872,2.0,3,-4.0
305,AUS,Austria,1873,2.0,3,-4.0
305,AUS,Austria,1874,2.0,3,-4.0
305,AUS,Austria,1875,2.0,3,-4.0
305,AUS,Austria,1876,2.0,3,-4.0
305,AUS,Austria,1877,2.0,3,-4.0
305,AUS,Austria,1878,2.0,3,-4.0
305,AUS,Austria,1879,2.0,3,-4.0
305,AUS,Austria,1880,2.0,3,-4.0
305,AUS,Austria,1881,2.0,3,-4.0
305,AUS,Austria,1882,2.0,3,-4.0
305,AUS,Austria,1883,2.0,3,-4.0
305,AUS,Austria,1884,2.0,3,-4.0
305,AUS,Austria,1885,2.0,3,-4.0
305,AUS,Austria,1886,2.0,3,-4.0
305,AUS,Austria,1887,2.0,3,-4.0
305,AUS,Austria,1888,2.0,3,-4.0
305,AUS,Austria,1889,2.0,3,-4.0
305,AUS,Austria,1890,2.0,3,-4.0
305,AUS,Austria,1891,2.0,3,-4.0
305,AUS,Austria,1892,2.0,3,-4.0
305,AUS,Austria,1893,2.0,3,-4.0
305,AUS,Austria,1894,2.0,3,-4.0
305,AUS,Austria,1895,2.0,3,-4.0
305,AUS,Austria,1896,2.0,3,-4.0
305,AUS,Austria,1897,2.0,3,-4.0
305,AUS,Austria,1898,2.0,3,-4.0
305,AUS,Austria,1899,2.0,3,-4.0
305,AUS,Austria,1900,2.0,3,-4.0
305,AUS,Austria,1901,2.0,3,-4.0
305,AUS,Austria,1902,2.0,3,-4.0
305,AUS,Austria,1903,2.0,3,-4.0
305,AUS,Austria,1904,2.0,3,-4.0
305,AUS,Austria,1905,2.0,3,-4.0
305,AUS,Austria,1906,2.0,3,-4.0
305,AUS,Austria,1907,2.0,3,-4.0
305,AUS,Austria,1908,2.0,3,-4.0
305,AUS,Austria,1909,2.0,3,-4.0
305,AUS,Austria,1910,2.0,3,-4.0
305,AUS,Austria,1911,2.0,3,-4.0
305,AUS,Austria,1912,2.0,3,-4.0
305,AUS,Austria,1913,2.0,3,-4.0
305,AUS,Austria,1914,2.0,3,-4.0
305,AUS,Austria,1915,2.0,3,-4.0
305,AUS,Austria,1916,2.0,3,-4.0
305,AUS,Austria,1917,2.0,3,-4.0
305,AUS,Austria,1918,-88.0,-88,0.0
305,AUS,Austria,1919,-88.0,-88,4.0
305,AUS,Austria,1920,8.0,3,8.0
305,AUS,Austria,1921,8.0,3,8.0
305,AUS,Austria,1922,8.0,3,8.0
305,AUS,Austria,1923,8.0,3,8.0
305,AUS,Austria,1924,8.0,3,8.0
305,AUS,Austria,1925,8.0,3,8.0
305,AUS,Austria,1926,8.0,3,8.0
305,AUS,Austria,1927,8.0,3,8.0
305,AUS,Austria,1928,8.0,3,8.0
305,AUS,Austria,1929,8.0,3,8.0
305,AUS,Austria,1930,8.0,3,8.0
305,AUS,Austria,1931,8.0,3,8.0
305,AUS,Austria,1932,8.0,3,8.0
305,AUS,Austria,1933,-88.0,-88,-1.0
305,AUS,Austria,1934,3.0,1,-9.0
305,AUS,Austria,1935,3.0,1,-9.0
305,AUS,Austria,1936,3.0,1,-9.0
305,AUS,Austria,1937,3.0,1,-9.0
305,AUS,Austria,1938,-77.0,-77,0.0
305,AUS,Austria,1939,-77.0,-77,0.0
305,AUS,Austria,1940,-77.0,-77,0.0
305,AUS,Austria,1941,-77.0,-77,0.0
305,AUS,Austria,1942,-77.0,-77,0.0
305,AUS,Austria,1943,-77.0,-77,0.0
305,AUS,Austria,1944,-77.0,-77,0.0
305,AUS,Austria,1945,-88.0,-88,5.0
305,AUS,Austria,1946,8.0,5,10.0
305,AUS,Austria,1947,8.0,5,10.0
305,AUS,Austria,1948,8.0,5,10.0
305,AUS,Austria,1949,8.0,5,10.0
305,AUS,Austria,1950,8.0,5,10.0
305,AUS,Austria,1951,8.0,5,10.0
305,AUS,Austria,1952,8.0,5,10.0
305,AUS,Austria,1953,8.0,5,10.0
305,AUS,Austria,1954,8.0,5,10.0
305,AUS,Austria,1955,8.0,5,10.0
305,AUS,Austria,1956,8.0,5,10.0
305,AUS,Austria,1957,8.0,5,10.0
305,AUS,Austria,1958,8.0,5,10.0
305,AUS,Austria,1959,8.0,5,10.0
305,AUS,Austria,1960,8.0,5,10.0
305,AUS,Austria,1961,8.0,5,10.0
305,AUS,Austria,1962,8.0,5,10.0
305,AUS,Austria,1963,8.0,5,10.0
305,AUS,Austria,1964,8.0,5,10.0
305,AUS,Austria,1965,8.0,5,10.0
305,AUS,Austria,1966,8.0,5,10.0
305,AUS,Austria,1967,8.0,5,10.0
305,AUS,Austria,1968,8.0,5,10.0
305,AUS,Austria,1969,8.0,5,10.0
305,AUS,Austria,1970,8.0,5,10.0
305,AUS,Austria,1971,8.0,5,10.0
305,AUS,Austria,1972,8.0,5,10.0
305,AUS,Austria,1973,8.0,5,10.0
305,AUS,Austria,1974,8.0,5,10.0
305,AUS,Austria,1975,8.0,5,10.0
305,AUS,Austria,1976,8.0,5,10.0
305,AUS,Austria,1977,8.0,5,10.0
305,AUS,Austria,1978,8.0,5,10.0
305,AUS,Austria,1979,8.0,5,10.0
305,AUS,Austria,1980,8.0,5,10.0
305,AUS,Austria,1981,8.0,5,10.0
305,AUS,Austria,1982,8.0,5,10.0
305,AUS,Austria,1983,8.0,5,10.0
305,AUS,Austria,1984,8.0,5,10.0
305,AUS,Austria,1985,8.0,5,10.0
305,AUS,Austria,1986,8.0,5,10.0
305,AUS,Austria,1987,8.0,5,10.0
305,AUS,Austria,1988,8.0,5,10.0
305,AUS,Austria,1989,8.0,5,10.0
305,AUS,Austria,1990,8.0,5,10.0
305,AUS,Austria,1991,8.0,5,10.0
305,AUS,Austria,1992,8.0,5,10.0
305,AUS,Austria,1993,8.0,5,10.0
305,AUS,Austria,1994,8.0,5,10.0
305,AUS,Austria,1995,8.0,5,10.0
305,AUS,Austria,1996,8.0,5,10.0
305,AUS,Austria,1997,8.0,5,10.0
305,AUS,Austria,1998,8.0,5,10.0
305,AUS,Austria,1999,8.0,5,10.0
305,AUS,Austria,2000,8.0,5,10.0
305,AUS,Austria,2001,8.0,5,10.0
305,AUS,Austria,2002,8.0,5,10.0
305,AUS,Austria,2003,8.0,5,10.0
305,AUS,Austria,2004,8.0,5,10.0
305,AUS,Austria,2005,8.0,5,10.0
305,AUS,Austria,2006,8.0,5,10.0
305,AUS,Austria,2007,8.0,5,10.0
305,AUS,Austria,2008,8.0,5,10.0
305,AUS,Austria,2009,8.0,5,10.0
305,AUS,Austria,2010,8.0,5,10.0
305,AUS,Austria,2011,8.0,5,10.0
305,AUS,Austria,2012,8.0,5,10.0
305,AUS,Austria,2013,8.0,5,10.0
305,AUS,Austria,2014,8.0,5,10.0
305,AUS,Austria,2015,8.0,5,10.0
305,AUS,Austria,2016,8.0,5,10.0
305,AUS,Austria,2017,8.0,5,10.0
305,AUS,Austria,2018,8.0,5,10.0
373,AZE,Azerbaijan,1991,3.0,3,-3.0
373,AZE,Azerbaijan,1992,7.0,3,1.0
373,AZE,Azerbaijan,1993,3.0,3,-3.0
373,AZE,Azerbaijan,1994,3.0,3,-3.0
373,AZE,Azerbaijan,1995,3.0,2,-6.0
373,AZE,Azerbaijan,1996,3.0,2,-6.0
373,AZE,Azerbaijan,1997,3.0,2,-6.0
373,AZE,Azerbaijan,1998,3.0,2,-7.0
373,AZE,Azerbaijan,1999,3.0,2,-7.0
373,AZE,Azerbaijan,2000,3.0,2,-7.0
373,AZE,Azerbaijan,2001,3.0,2,-7.0
373,AZE,Azerbaijan,2002,3.0,2,-7.0
373,AZE,Azerbaijan,2003,3.0,2,-7.0
373,AZE,Azerbaijan,2004,3.0,2,-7.0
373,AZE,Azerbaijan,2005,3.0,2,-7.0
373,AZE,Azerbaijan,2006,3.0,2,-7.0
373,AZE,Azerbaijan,2007,3.0,2,-7.0
373,AZE,Azerbaijan,2008,3.0,2,-7.0
373,AZE,Azerbaijan,2009,3.0,2,-7.0
373,AZE,Azerbaijan,2010,3.0,2,-7.0
373,AZE,Azerbaijan,2011,3.0,2,-7.0
373,AZE,Azerbaijan,2012,3.0,2,-7.0
373,AZE,Azerbaijan,2013,3.0,2,-7.0
373,AZE,Azerbaijan,2014,3.0,2,-7.0
373,AZE,Azerbaijan,2015,3.0,2,-7.0
373,AZE,Azerbaijan,2016,3.0,2,-7.0
373,AZE,Azerbaijan,2017,3.0,2,-7.0
373,AZE,Azerbaijan,2018,3.0,2,-7.0
267,BAD,Baden,1819,1.0,2,-7.0
267,BAD,Baden,1820,1.0,2,-7.0
267,BAD,Baden,1821,1.0,2,-7.0
267,BAD,Baden,1822,1.0,2,-7.0
267,BAD,Baden,1823,1.0,2,-7.0
267,BAD,Baden,1824,1.0,2,-7.0
267,BAD,Baden,1825,1.0,2,-7.0
267,BAD,Baden,1826,1.0,2,-7.0
267,BAD,Baden,1827,1.0,2,-7.0
267,BAD,Baden,1828,1.0,2,-7.0
267,BAD,Baden,1829,1.0,2,-7.0
267,BAD,Baden,1830,1.0,2,-7.0
267,BAD,Baden,1831,1.0,2,-7.0
267,BAD,Baden,1832,1.0,2,-7.0
267,BAD,Baden,1833,1.0,2,-7.0
267,BAD,Baden,1834,1.0,2,-7.0
267,BAD,Baden,1835,1.0,2,-7.0
267,BAD,Baden,1836,1.0,2,-7.0
267,BAD,Baden,1837,1.0,2,-7.0
267,BAD,Baden,1838,1.0,2,-7.0
267,BAD,Baden,1839,1.0,2,-7.0
267,BAD,Baden,1840,1.0,2,-7.0
267,BAD,Baden,1841,1.0,3,-4.0
267,BAD,Baden,1842,1.0,3,-4.0
267,BAD,Baden,1843,1.0,3,-4.0
267,BAD,Baden,1844,1.0,3,-4.0
267,BAD,Baden,1845,1.0,3,-4.0
267,BAD,Baden,1846,1.0,3,-4.0
267,BAD,Baden,1847,1.0,3,-4.0
267,BAD,Baden,1848,1.0,2,-7.0
267,BAD,Baden,1849,1.0,2,-7.0
267,BAD,Baden,1850,1.0,2,-7.0
267,BAD,Baden,1851,1.0,2,-7.0
267,BAD,Baden,1852,1.0,2,-7.0
267,BAD,Baden,1853,1.0,2,-7.0
267,BAD,Baden,1854,1.0,2,-7.0
267,BAD,Baden,1855,1.0,2,-7.0
267,BAD,Baden,1856,1.0,2,-7.0
267,BAD,Baden,1857,1.0,2,-7.0
267,BAD,Baden,1858,1.0,2,-7.0
267,BAD,Baden,1859,1.0,2,-7.0
267,BAD,Baden,1860,1.0,2,-7.0
267,BAD,Baden,1861,1.0,2,-7.0
267,BAD,Baden,1862,1.0,2,-7.0
267,BAD,Baden,1863,1.0,2,-7.0
267,BAD,Baden,1864,1.0,2,-7.0
267,BAD,Baden,1865,1.0,2,-7.0
267,BAD,Baden,1866,1.0,2,-7.0
267,BAD,Baden,1867,1.0,2,-7.0
267,BAD,Baden,1868,1.0,2,-7.0
267,BAD,Baden,1869,1.0,2,-7.0
267,BAD,Baden,1870,1.0,2,-7.0
267,BAD,Baden,1871,1.0,2,-7.0
692,BAH,Bahrain,1971,2.0,1,-10.0
692,BAH,Bahrain,1972,2.0,1,-10.0
692,BAH,Bahrain,1973,2.0,2,-7.0
692,BAH,Bahrain,1974,2.0,2,-7.0
692,BAH,Bahrain,1975,2.0,1,-10.0
692,BAH,Bahrain,1976,2.0,1,-10.0
692,BAH,Bahrain,1977,2.0,1,-10.0
692,BAH,Bahrain,1978,2.0,1,-10.0
692,BAH,Bahrain,1979,2.0,1,-10.0
692,BAH,Bahrain,1980,2.0,1,-10.0
692,BAH,Bahrain,1981,2.0,1,-10.0
692,BAH,Bahrain,1982,2.0,1,-10.0
692,BAH,Bahrain,1983,2.0,1,-10.0
692,BAH,Bahrain,1984,2.0,1,-10.0
692,BAH,Bahrain,1985,2.0,1,-10.0
692,BAH,Bahrain,1986,2.0,1,-10.0
692,BAH,Bahrain,1987,2.0,1,-10.0
692,BAH,Bahrain,1988,2.0,1,-10.0
692,BAH,Bahrain,1989,2.0,1,-10.0
692,BAH,Bahrain,1990,2.0,1,-10.0
692,BAH,Bahrain,1991,2.0,1,-10.0
692,BAH,Bahrain,1992,2.0,1,-10.0
692,BAH,Bahrain,1993,2.0,1,-9.0
692,BAH,Bahrain,1994,2.0,1,-9.0
692,BAH,Bahrain,1995,2.0,1,-9.0
692,BAH,Bahrain,1996,2.0,1,-9.0
692,BAH,Bahrain,1997,2.0,1,-9.0
692,BAH,Bahrain,1998,2.0,1,-9.0
692,BAH,Bahrain,1999,1.0,1,-9.0
692,BAH,Bahrain,2000,1.0,1,-9.0
692,BAH,Bahrain,2001,1.0,2,-8.0
692,BAH,Bahrain,2002,1.0,2,-7.0
692,BAH,Bahrain,2003,1.0,2,-7.0
692,BAH,Bahrain,2004,1.0,2,-7.0
692,BAH,Bahrain,2005,1.0,2,-7.0
692,BAH,Bahrain,2006,1.0,2,-7.0
692,BAH,Bahrain,2007,1.0,2,-7.0
692,BAH,Bahrain,2008,1.0,2,-7.0
692,BAH,Bahrain,2009,1.0,2,-7.0
692,BAH,Bahrain,2010,1.0,3,-5.0
692,BAH,Bahrain,2011,1.0,2,-8.0
692,BAH,Bahrain,2012,1.0,1,-10.0
692,BAH,Bahrain,2013,1.0,1,-10.0
692,BAH,Bahrain,2014,1.0,1,-10.0
692,BAH,Bahrain,2015,1.0,1,-10.0
692,BAH,Bahrain,2016,1.0,1,-10.0
692,BAH,Bahrain,2017,1.0,1,-10.0
692,BAH,Bahrain,2018,1.0,1,-10.0
245,BAV,Bavaria,1800,1.0,1,-10.0
245,BAV,Bavaria,1801,1.0,1,-10.0
245,BAV,Bavaria,1802,1.0,1,-10.0
245,BAV,Bavaria,1803,1.0,1,-10.0
245,BAV,Bavaria,1804,1.0,1,-10.0
245,BAV,Bavaria,1805,1.0,1,-10.0
245,BAV,Bavaria,1806,1.0,1,-10.0
245,BAV,Bavaria,1807,1.0,1,-10.0
245,BAV,Bavaria,1808,1.0,1,-10.0
245,BAV,Bavaria,1809,1.0,1,-10.0
245,BAV,Bavaria,1810,1.0,1,-10.0
245,BAV,Bavaria,1811,1.0,1,-10.0
245,BAV,Bavaria,1812,1.0,1,-10.0
245,BAV,Bavaria,1813,1.0,1,-10.0
245,BAV,Bavaria,1814,1.0,1,-10.0
245,BAV,Bavaria,1815,1.0,1,-10.0
245,BAV,Bavaria,1816,1.0,1,-10.0
245,BAV,Bavaria,1817,1.0,1,-10.0
245,BAV,Bavaria,1818,1.0,1,-9.0
245,BAV,Bavaria,1819,1.0,1,-9.0
245,BAV,Bavaria,1820,1.0,1,-9.0
245,BAV,Bavaria,1821,1.0,1,-9.0
245,BAV,Bavaria,1822,1.0,1,-9.0
245,BAV,Bavaria,1823,1.0,1,-9.0
245,BAV,Bavaria,1824,1.0,1,-9.0
245,BAV,Bavaria,1825,1.0,1,-9.0
245,BAV,Bavaria,1826,1.0,1,-9.0
245,BAV,Bavaria,1827,1.0,1,-9.0
245,BAV,Bavaria,1828,1.0,1,-9.0
245,BAV,Bavaria,1829,1.0,1,-9.0
245,BAV,Bavaria,1830,1.0,1,-9.0
245,BAV,Bavaria,1831,1.0,1,-9.0
245,BAV,Bavaria,1832,1.0,1,-9.0
245,BAV,Bavaria,1833,1.0,1,-9.0
245,BAV,Bavaria,1834,1.0,1,-9.0
245,BAV,Bavaria,1835,1.0,1,-9.0
245,BAV,Bavaria,1836,1.0,1,-9.0
245,BAV,Bavaria,1837,1.0,1,-9.0
245,BAV,Bavaria,1838,1.0,1,-9.0
245,BAV,Bavaria,1839,1.0,1,-9.0
245,BAV,Bavaria,1840,1.0,1,-8.0
245,BAV,Bavaria,1841,1.0,1,-8.0
245,BAV,Bavaria,1842,1.0,1,-8.0
245,BAV,Bavaria,1843,1.0,1,-8.0
245,BAV,Bavaria,1844,1.0,1,-8.0
245,BAV,Bavaria,1845,1.0,1,-8.0
245,BAV,Bavaria,1846,1.0,1,-8.0
245,BAV,Bavaria,1847,1.0,1,-8.0
245,BAV,Bavaria,1848,1.0,2,-7.0
245,BAV,Bavaria,1849,1.0,2,-7.0
245,BAV,Bavaria,1850,1.0,2,-7.0
245,BAV,Bavaria,1851,1.0,2,-7.0
245,BAV,Bavaria,1852,1.0,2,-7.0
245,BAV,Bavaria,1853,1.0,2,-7.0
245,BAV,Bavaria,1854,1.0,2,-7.0
245,BAV,Bavaria,1855,1.0,2,-7.0
245,BAV,Bavaria,1856,1.0,2,-7.0
245,BAV,Bavaria,1857,1.0,2,-7.0
245,BAV,Bavaria,1858,1.0,2,-7.0
245,BAV,Bavaria,1859,1.0,2,-7.0
245,BAV,Bavaria,1860,1.0,2,-7.0
245,BAV,Bavaria,1861,1.0,2,-7.0
245,BAV,Bavaria,1862,1.0,2,-7.0
245,BAV,Bavaria,1863,1.0,2,-7.0
245,BAV,Bavaria,1864,1.0,2,-7.0
245,BAV,Bavaria,1865,1.0,2,-7.0
245,BAV,Bavaria,1866,1.0,2,-7.0
245,BAV,Bavaria,1867,1.0,2,-7.0
245,BAV,Bavaria,1868,1.0,2,-7.0
245,BAV,Bavaria,1869,1.0,2,-7.0
245,BAV,Bavaria,1870,1.0,2,-7.0
245,BAV,Bavaria,1871,1.0,2,-7.0
211,BEL,Belgium,1830,-88.0,-88,-5.0
211,BEL,Belgium,1831,2.0,0,-4.0
211,BEL,Belgium,1832,2.0,0,-4.0
211,BEL,Belgium,1833,2.0,0,-4.0
211,BEL,Belgium,1834,2.0,0,-4.0
211,BEL,Belgium,1835,2.0,0,-4.0
211,BEL,Belgium,1836,2.0,0,-4.0
211,BEL,Belgium,1837,2.0,0,-4.0
211,BEL,Belgium,1838,2.0,0,-4.0
211,BEL,Belgium,1839,2.0,0,-4.0
211,BEL,Belgium,1840,2.0,0,-4.0
211,BEL,Belgium,1841,2.0,0,-4.0
211,BEL,Belgium,1842,2.0,0,-4.0
211,BEL,Belgium,1843,2.0,0,-4.0
211,BEL,Belgium,1844,2.0,0,-4.0
211,BEL,Belgium,1845,2.0,0,-4.0
211,BEL,Belgium,1846,2.0,0,-4.0
211,BEL,Belgium,1847,6.0,3,4.0
211,BEL,Belgium,1848,6.0,3,4.0
211,BEL,Belgium,1849,6.0,3,4.0
211,BEL,Belgium,1850,6.0,3,4.0
211,BEL,Belgium,1851,6.0,3,4.0
211,BEL,Belgium,1852,6.0,3,4.0
211,BEL,Belgium,1853,6.0,3,4.0
211,BEL,Belgium,1854,6.0,3,4.0
211,BEL,Belgium,1855,6.0,3,4.0
211,BEL,Belgium,1856,6.0,3,4.0
211,BEL,Belgium,1857,6.0,3,4.0
211,BEL,Belgium,1858,6.0,3,4.0
211,BEL,Belgium,1859,6.0,3,4.0
211,BEL,Belgium,1860,6.0,3,4.0
211,BEL,Belgium,1861,6.0,3,4.0
211,BEL,Belgium,1862,6.0,3,4.0
211,BEL,Belgium,1863,6.0,3,4.0
211,BEL,Belgium,1864,6.0,3,4.0
211,BEL,Belgium,1865,6.0,3,4.0
211,BEL,Belgium,1866,6.0,3,4.0
211,BEL,Belgium,1867,6.0,3,4.0
211,BEL,Belgium,1868,6.0,3,4.0
211,BEL,Belgium,1869,6.0,3,4.0
211,BEL,Belgium,1870,6.0,3,4.0
211,BEL,Belgium,1871,6.0,3,4.0
211,BEL,Belgium,1872,6.0,3,4.0
211,BEL,Belgium,1873,6.0,3,4.0
211,BEL,Belgium,1874,6.0,3,4.0
211,BEL,Belgium,1875,6.0,3,4.0
211,BEL,Belgium,1876,6.0,3,4.0
211,BEL,Belgium,1877,6.0,3,4.0
211,BEL,Belgium,1878,6.0,3,4.0
211,BEL,Belgium,1879,6.0,3,4.0
211,BEL,Belgium,1880,6.0,3,4.0
211,BEL,Belgium,1881,6.0,3,4.0
211,BEL,Belgium,1882,6.0,3,4.0
211,BEL,Belgium,1883,6.0,3,4.0
211,BEL,Belgium,1884,6.0,3,4.0
211,BEL,Belgium,1885,6.0,3,4.0
211,BEL,Belgium,1886,6.0,3,4.0
211,BEL,Belgium,1887,6.0,3,4.0
211,BEL,Belgium,1888,6.0,3,4.0
211,BEL,Belgium,1889,6.0,3,4.0
211,BEL,Belgium,1890,6.0,3,4.0
211,BEL,Belgium,1891,6.0,3,4.0
211,BEL,Belgium,1892,6.0,3,4.0
211,BEL,Belgium,1893,6.0,3,4.0
211,BEL,Belgium,1894,6.0,3,4.0
211,BEL,Belgium,1895,6.0,3,4.0
211,BEL,Belgium,1896,6.0,3,4.0
211,BEL,Belgium,1897,6.0,3,4.0
211,BEL,Belgium,1898,6.0,3,4.0
211,BEL,Belgium,1899,6.0,3,4.0
211,BEL,Belgium,1900,6.0,3,4.0
211,BEL,Belgium,1901,6.0,3,4.0
211,BEL,Belgium,1902,6.0,3,4.0
211,BEL,Belgium,1903,6.0,3,4.0
211,BEL,Belgium,1904,6.0,3,4.0
211,BEL,Belgium,1905,6.0,3,4.0
211,BEL,Belgium,1906,6.0,3,4.0
211,BEL,Belgium,1907,6.0,3,4.0
211,BEL,Belgium,1908,6.0,3,6.0
211,BEL,Belgium,1909,6.0,3,6.0
211,BEL,Belgium,1910,6.0,3,6.0
211,BEL,Belgium,1911,6.0,3,6.0
211,BEL,Belgium,1912,6.0,3,6.0
211,BEL,Belgium,1913,6.0,3,6.0
211,BEL,Belgium,1914,-66.0,-66,
211,BEL,Belgium,1915,6.0,3,6.0
211,BEL,Belgium,1916,6.0,3,6.0
211,BEL,Belgium,1917,6.0,3,6.0
211,BEL,Belgium,1918,6.0,3,6.0
211,BEL,Belgium,1919,6.0,3,6.0
211,BEL,Belgium,1920,6.0,3,6.0
211,BEL,Belgium,1921,6.0,3,6.0
211,BEL,Belgium,1922,6.0,3,6.0
211,BEL,Belgium,1923,6.0,3,6.0
211,BEL,Belgium,1924,6.0,3,6.0
211,BEL,Belgium,1925,6.0,3,6.0
211,BEL,Belgium,1926,6.0,3,6.0
211,BEL,Belgium,1927,6.0,3,6.0
211,BEL,Belgium,1928,6.0,3,6.0
211,BEL,Belgium,1929,6.0,3,6.0
211,BEL,Belgium,1930,6.0,3,6.0
211,BEL,Belgium,1931,6.0,3,6.0
211,BEL,Belgium,1932,6.0,3,6.0
211,BEL,Belgium,1933,6.0,3,6.0
211,BEL,Belgium,1934,6.0,3,6.0
211,BEL,Belgium,1935,6.0,3,6.0
211,BEL,Belgium,1936,6.0,3,6.0
211,BEL,Belgium,1937,6.0,3,6.0
211,BEL,Belgium,1938,6.0,3,6.0
211,BEL,Belgium,1939,6.0,3,6.0
211,BEL,Belgium,1940,-66.0,-66,
211,BEL,Belgium,1941,-66.0,-66,
211,BEL,Belgium,1942,-66.0,-66,
211,BEL,Belgium,1943,-66.0,-66,
211,BEL,Belgium,1944,8.0,4,8.0
211,BEL,Belgium,1945,8.0,4,8.0
211,BEL,Belgium,1946,8.0,4,8.0
211,BEL,Belgium,1947,8.0,4,8.0
211,BEL,Belgium,1948,8.0,4,8.0
211,BEL,Belgium,1949,8.0,4,8.0
211,BEL,Belgium,1950,8.0,4,8.0
211,BEL,Belgium,1951,8.0,4,9.0
211,BEL,Belgium,1952,8.0,4,9.0
211,BEL,Belgium,1953,8.0,4,9.0
211,BEL,Belgium,1954,8.0,4,9.0
211,BEL,Belgium,1955,8.0,4,9.0
211,BEL,Belgium,1956,8.0,4,9.0
211,BEL,Belgium,1957,8.0,4,9.0
211,BEL,Belgium,1958,8.0,4,9.0
211,BEL,Belgium,1959,8.0,4,9.0
211,BEL,Belgium,1960,8.0,4,9.0
211,BEL,Belgium,1961,8.0,4,9.0
211,BEL,Belgium,1962,8.0,4,9.0
211,BEL,Belgium,1963,8.0,4,9.0
211,BEL,Belgium,1964,8.0,4,9.0
211,BEL,Belgium,1965,8.0,4,9.0
211,BEL,Belgium,1966,8.0,4,9.0
211,BEL,Belgium,1967,8.0,4,9.0
211,BEL,Belgium,1968,8.0,4,9.0
211,BEL,Belgium,1969,8.0,4,9.0
211,BEL,Belgium,1970,8.0,5,10.0
211,BEL,Belgium,1971,8.0,5,10.0
211,BEL,Belgium,1972,8.0,5,10.0
211,BEL,Belgium,1973,8.0,5,10.0
211,BEL,Belgium,1974,8.0,5,10.0
211,BEL,Belgium,1975,8.0,5,10.0
211,BEL,Belgium,1976,8.0,5,10.0
211,BEL,Belgium,1977,8.0,5,10.0
211,BEL,Belgium,1978,8.0,5,10.0
211,BEL,Belgium,1979,8.0,5,10.0
211,BEL,Belgium,1980,8.0,5,10.0
211,BEL,Belgium,1981,8.0,5,10.0
211,BEL,Belgium,1982,8.0,5,10.0
211,BEL,Belgium,1983,8.0,5,10.0
211,BEL,Belgium,1984,8.0,5,10.0
211,BEL,Belgium,1985,8.0,5,10.0
211,BEL,Belgium,1986,8.0,5,10.0
211,BEL,Belgium,1987,8.0,5,10.0
211,BEL,Belgium,1988,8.0,5,10.0
211,BEL,Belgium,1989,8.0,5,10.0
211,BEL,Belgium,1990,8.0,5,10.0
211,BEL,Belgium,1991,8.0,5,10.0
211,BEL,Belgium,1992,8.0,5,10.0
211,BEL,Belgium,1993,8.0,5,10.0
211,BEL,Belgium,1994,8.0,5,10.0
211,BEL,Belgium,1995,8.0,5,10.0
211,BEL,Belgium,1996,8.0,5,10.0
211,BEL,Belgium,1997,8.0,5,10.0
211,BEL,Belgium,1998,8.0,5,10.0
211,BEL,Belgium,1999,8.0,5,10.0
211,BEL,Belgium,2000,8.0,5,10.0
211,BEL,Belgium,2001,8.0,5,10.0
211,BEL,Belgium,2002,8.0,5,10.0
211,BEL,Belgium,2003,8.0,5,10.0
211,BEL,Belgium,2004,8.0,5,10.0
211,BEL,Belgium,2005,8.0,5,10.0
211,BEL,Belgium,2006,8.0,5,10.0
211,BEL,Belgium,2007,8.0,3,8.0
211,BEL,Belgium,2008,8.0,3,8.0
211,BEL,Belgium,2009,8.0,3,8.0
211,BEL,Belgium,2010,8.0,3,8.0
211,BEL,Belgium,2011,8.0,3,8.0
211,BEL,Belgium,2012,8.0,3,8.0
211,BEL,Belgium,2013,8.0,3,8.0
211,BEL,Belgium,2014,8.0,3,8.0
211,BEL,Belgium,2015,8.0,3,8.0
211,BEL,Belgium,2016,8.0,3,8.0
211,BEL,Belgium,2017,8.0,3,8.0
211,BEL,Belgium,2018,8.0,3,8.0
434,BEN,Benin,1960,8.0,3,2.0
434,BEN,Benin,1961,8.0,3,2.0
434,BEN,Benin,1962,8.0,3,2.0
434,BEN,Benin,1963,-88.0,-88,-1.0
434,BEN,Benin,1964,-88.0,-88,-4.0
434,BEN,Benin,1965,4.0,1,-7.0
434,BEN,Benin,1966,4.0,1,-7.0
434,BEN,Benin,1967,4.0,1,-7.0
434,BEN,Benin,1968,4.0,1,-7.0
434,BEN,Benin,1969,4.0,1,-7.0
434,BEN,Benin,1970,3.0,3,-2.0
434,BEN,Benin,1971,3.0,3,-2.0
434,BEN,Benin,1972,4.0,1,-7.0
434,BEN,Benin,1973,4.0,1,-7.0
434,BEN,Benin,1974,4.0,1,-7.0
434,BEN,Benin,1975,4.0,1,-7.0
434,BEN,Benin,1976,4.0,1,-7.0
434,BEN,Benin,1977,4.0,1,-7.0
434,BEN,Benin,1978,4.0,1,-7.0
434,BEN,Benin,1979,4.0,1,-7.0
434,BEN,Benin,1980,5.0,1,-7.0
434,BEN,Benin,1981,5.0,1,-7.0
434,BEN,Benin,1982,5.0,1,-7.0
434,BEN,Benin,1983,5.0,1,-7.0
434,BEN,Benin,1984,5.0,1,-7.0
434,BEN,Benin,1985,5.0,1,-7.0
434,BEN,Benin,1986,5.0,1,-7.0
434,BEN,Benin,1987,5.0,1,-7.0
434,BEN,Benin,1988,5.0,1,-7.0
434,BEN,Benin,1989,5.0,1,-7.0
434,BEN,Benin,1990,-88.0,-88,-1.0
434,BEN,Benin,1991,7.0,4,6.0
434,BEN,Benin,1992,7.0,4,6.0
434,BEN,Benin,1993,7.0,4,6.0
434,BEN,Benin,1994,7.0,4,6.0
434,BEN,Benin,1995,7.0,4,6.0
434,BEN,Benin,1996,7.0,4,6.0
434,BEN,Benin,1997,7.0,4,6.0
434,BEN,Benin,1998,7.0,4,6.0
434,BEN,Benin,1999,7.0,4,6.0
434,BEN,Benin,2000,7.0,4,6.0
434,BEN,Benin,2001,7.0,4,6.0
434,BEN,Benin,2002,7.0,4,6.0
434,BEN,Benin,2003,7.0,4,6.0
434,BEN,Benin,2004,7.0,4,6.0
434,BEN,Benin,2005,7.0,4,6.0
434,BEN,Benin,2006,8.0,4,7.0
434,BEN,Benin,2007,8.0,4,7.0
434,BEN,Benin,2008,8.0,4,7.0
434,BEN,Benin,2009,8.0,4,7.0
434,BEN,Benin,2010,8.0,4,7.0
434,BEN,Benin,2011,8.0,4,7.0
434,BEN,Benin,2012,8.0,4,7.0
434,BEN,Benin,2013,8.0,4,7.0
434,BEN,Benin,2014,8.0,4,7.0
434,BEN,Benin,2015,8.0,4,7.0
434,BEN,Benin,2016,8.0,4,7.0
434,BEN,Benin,2017,8.0,4,7.0
434,BEN,Benin,2018,8.0,4,7.0
439,BFO,Burkina Faso,1960,3.0,1,-7.0
439,BFO,Burkina Faso,1961,3.0,1,-7.0
439,BFO,Burkina Faso,1962,3.0,1,-7.0
439,BFO,Burkina Faso,1963,3.0,1,-7.0
439,BFO,Burkina Faso,1964,3.0,1,-7.0
439,BFO,Burkina Faso,1965,3.0,1,-7.0
439,BFO,Burkina Faso,1966,4.0,1,-7.0
439,BFO,Burkina Faso,1967,4.0,1,-7.0
439,BFO,Burkina Faso,1968,4.0,1,-7.0
439,BFO,Burkina Faso,1969,4.0,2,-6.0
439,BFO,Burkina Faso,1970,5.0,2,-4.0
439,BFO,Burkina Faso,1971,5.0,2,-4.0
439,BFO,Burkina Faso,1972,5.0,2,-4.0
439,BFO,Burkina Faso,1973,5.0,2,-4.0
439,BFO,Burkina Faso,1974,5.0,2,-4.0
439,BFO,Burkina Faso,1975,5.0,2,-4.0
439,BFO,Burkina Faso,1976,5.0,2,-4.0
439,BFO,Burkina Faso,1977,-88.0,-88,0.0
439,BFO,Burkina Faso,1978,7.0,3,4.0
439,BFO,Burkina Faso,1979,7.0,3,4.0
439,BFO,Burkina Faso,1980,4.0,1,-7.0
439,BFO,Burkina Faso,1981,4.0,1,-7.0
439,BFO,Burkina Faso,1982,4.0,1,-7.0
439,BFO,Burkina Faso,1983,4.0,1,-7.0
439,BFO,Burkina Faso,1984,4.0,1,-7.0
439,BFO,Burkina Faso,1985,4.0,1,-7.0
439,BFO,Burkina Faso,1986,4.0,1,-7.0
439,BFO,Burkina Faso,1987,4.0,1,-7.0
439,BFO,Burkina Faso,1988,4.0,1,-7.0
439,BFO,Burkina Faso,1989,4.0,1,-7.0
439,BFO,Burkina Faso,1990,4.0,1,-7.0
439,BFO,Burkina Faso,1991,5.0,2,-5.0
439,BFO,Burkina Faso,1992,5.0,2,-5.0
439,BFO,Burkina Faso,1993,5.0,2,-5.0
439,BFO,Burkina Faso,1994,5.0,2,-5.0
439,BFO,Burkina Faso,1995,5.0,2,-5.0
439,BFO,Burkina Faso,1996,5.0,2,-5.0
439,BFO,Burkina Faso,1997,5.0,2,-5.0
439,BFO,Burkina Faso,1998,5.0,2,-4.0
439,BFO,Burkina Faso,1999,5.0,2,-4.0
439,BFO,Burkina Faso,2000,5.0,2,-3.0
439,BFO,Burkina Faso,2001,5.0,4,0.0
439,BFO,Burkina Faso,2002,5.0,4,0.0
439,BFO,Burkina Faso,2003,5.0,4,0.0
439,BFO,Burkina Faso,2004,5.0,4,0.0
439,BFO,Burkina Faso,2005,5.0,4,0.0
439,BFO,Burkina Faso,2006,5.0,4,0.0
439,BFO,Burkina Faso,2007,5.0,4,0.0
439,BFO,Burkina Faso,2008,5.0,4,0.0
439,BFO,Burkina Faso,2009,5.0,4,0.0
439,BFO,Burkina Faso,2010,5.0,4,0.0
439,BFO,Burkina Faso,2011,5.0,4,0.0
439,BFO,Burkina Faso,2012,5.0,4,0.0
439,BFO,Burkina Faso,2013,5.0,4,0.0
439,BFO,Burkina Faso,2014,5.0,4,0.0
439,BFO,Burkina Faso,2015,7.0,4,6.0
439,BFO,Burkina Faso,2016,7.0,4,6.0
439,BFO,Burkina Faso,2017,7.0,4,6.0
439,BFO,Burkina Faso,2018,7.0,4,6.0
760,BHU,Bhutan,1907,1.0,1,-10.0
760,BHU,Bhutan,1908,1.0,1,-10.0
760,BHU,Bhutan,1909,1.0,1,-10.0
760,BHU,Bhutan,1910,1.0,1,-10.0
760,BHU,Bhutan,1911,1.0,1,-10.0
760,BHU,Bhutan,1912,1.0,1,-10.0
760,BHU,Bhutan,1913,1.0,1,-10.0
760,BHU,Bhutan,1914,1.0,1,-10.0
760,BHU,Bhutan,1915,1.0,1,-10.0
760,BHU,Bhutan,1916,1.0,1,-10.0
760,BHU,Bhutan,1917,1.0,1,-10.0
760,BHU,Bhutan,1918,1.0,1,-10.0
760,BHU,Bhutan,1919,1.0,1,-10.0
760,BHU,Bhutan,1920,1.0,1,-10.0
760,BHU,Bhutan,1921,1.0,1,-10.0
760,BHU,Bhutan,1922,1.0,1,-10.0
760,BHU,Bhutan,1923,1.0,1,-10.0
760,BHU,Bhutan,1924,1.0,1,-10.0
760,BHU,Bhutan,1925,1.0,1,-10.0
760,BHU,Bhutan,1926,1.0,1,-10.0
760,BHU,Bhutan,1927,1.0,1,-10.0
760,BHU,Bhutan,1928,1.0,1,-10.0
760,BHU,Bhutan,1929,1.0,1,-10.0
760,BHU,Bhutan,1930,1.0,1,-10.0
760,BHU,Bhutan,1931,1.0,1,-10.0
760,BHU,Bhutan,1932,1.0,1,-10.0
760,BHU,Bhutan,1933,1.0,1,-10.0
760,BHU,Bhutan,1934,1.0,1,-10.0
760,BHU,Bhutan,1935,1.0,1,-10.0
760,BHU,Bhutan,1936,1.0,1,-10.0
760,BHU,Bhutan,1937,1.0,1,-10.0
760,BHU,Bhutan,1938,1.0,1,-10.0
760,BHU,Bhutan,1939,1.0,1,-10.0
760,BHU,Bhutan,1940,1.0,1,-10.0
760,BHU,Bhutan,1941,1.0,1,-10.0
760,BHU,Bhutan,1942,1.0,1,-10.0
760,BHU,Bhutan,1943,1.0,1,-10.0
760,BHU,Bhutan,1944,1.0,1,-10.0
760,BHU,Bhutan,1945,1.0,1,-10.0
760,BHU,Bhutan,1946,1.0,1,-10.0
760,BHU,Bhutan,1947,1.0,1,-10.0
760,BHU,Bhutan,1948,1.0,1,-10.0
760,BHU,Bhutan,1949,1.0,1,-10.0
760,BHU,Bhutan,1950,1.0,1,-10.0
760,BHU,Bhutan,1951,1.0,1,-10.0
760,BHU,Bhutan,1952,1.0,1,-10.0
760,BHU,Bhutan,1953,1.0,1,-10.0
760,BHU,Bhutan,1954,1.0,1,-10.0
760,BHU,Bhutan,1955,1.0,1,-10.0
760,BHU,Bhutan,1956,1.0,1,-10.0
760,BHU,Bhutan,1957,1.0,1,-10.0
760,BHU,Bhutan,1958,1.0,1,-10.0
760,BHU,Bhutan,1959,1.0,1,-10.0
760,BHU,Bhutan,1960,1.0,1,-10.0
760,BHU,Bhutan,1961,1.0,1,-10.0
760,BHU,Bhutan,1962,1.0,1,-10.0
760,BHU,Bhutan,1963,1.0,1,-10.0
760,BHU,Bhutan,1964,1.0,1,-10.0
760,BHU,Bhutan,1965,1.0,1,-10.0
760,BHU,Bhutan,1966,1.0,1,-10.0
760,BHU,Bhutan,1967,1.0,1,-10.0
760,BHU,Bhutan,1968,1.0,1,-10.0
760,BHU,Bhutan,1969,1.0,1,-10.0
760,BHU,Bhutan,1970,1.0,1,-10.0
760,BHU,Bhutan,1971,1.0,1,-10.0
760,BHU,Bhutan,1972,1.0,1,-10.0
760,BHU,Bhutan,1973,1.0,1,-10.0
760,BHU,Bhutan,1974,1.0,1,-10.0
760,BHU,Bhutan,1975,1.0,1,-10.0
760,BHU,Bhutan,1976,1.0,1,-10.0
760,BHU,Bhutan,1977,1.0,1,-10.0
760,BHU,Bhutan,1978,1.0,1,-10.0
760,BHU,Bhutan,1979,1.0,1,-10.0
760,BHU,Bhutan,1980,1.0,1,-10.0
760,BHU,Bhutan,1981,1.0,1,-10.0
760,BHU,Bhutan,1982,1.0,1,-10.0
760,BHU,Bhutan,1983,1.0,1,-10.0
760,BHU,Bhutan,1984,1.0,1,-10.0
760,BHU,Bhutan,1985,1.0,1,-10.0
760,BHU,Bhutan,1986,1.0,1,-10.0
760,BHU,Bhutan,1987,1.0,1,-10.0
760,BHU,Bhutan,1988,1.0,1,-10.0
760,BHU,Bhutan,1989,1.0,1,-10.0
760,BHU,Bhutan,1990,1.0,1,-10.0
760,BHU,Bhutan,1991,1.0,1,-10.0
760,BHU,Bhutan,1992,1.0,1,-10.0
760,BHU,Bhutan,1993,1.0,1,-10.0
760,BHU,Bhutan,1994,1.0,1,-10.0
760,BHU,Bhutan,1995,1.0,1,-10.0
760,BHU,Bhutan,1996,1.0,1,-10.0
760,BHU,Bhutan,1997,1.0,1,-10.0
760,BHU,Bhutan,1998,1.0,1,-10.0
760,BHU,Bhutan,1999,1.0,1,-10.0
760,BHU,Bhutan,2000,1.0,1,-10.0
760,BHU,Bhutan,2001,1.0,1,-10.0
760,BHU,Bhutan,2002,1.0,1,-10.0
760,BHU,Bhutan,2003,1.0,1,-10.0
760,BHU,Bhutan,2004,1.0,1,-10.0
760,BHU,Bhutan,2005,1.0,0,-5.0
760,BHU,Bhutan,2006,1.0,0,-5.0
760,BHU,Bhutan,2007,1.0,0,-5.0
760,BHU,Bhutan,2008,6.0,0,3.0
760,BHU,Bhutan,2009,6.0,0,3.0
760,BHU,Bhutan,2010,6.0,0,3.0
760,BHU,Bhutan,2011,6.0,0,3.0
760,BHU,Bhutan,2012,6.0,0,3.0
760,BHU,Bhutan,2013,6.0,4,5.0
760,BHU,Bhutan,2014,6.0,4,5.0
760,BHU,Bhutan,2015,6.0,4,5.0
760,BHU,Bhutan,2016,6.0,4,5.0
760,BHU,Bhutan,2017,6.0,4,5.0
760,BHU,Bhutan,2018,6.0,4,7.0
370,BLR,Belarus,1991,7.0,3,6.0
370,BLR,Belarus,1992,7.0,3,6.0
370,BLR,Belarus,1993,7.0,3,6.0
370,BLR,Belarus,1994,8.0,3,8.0
370,BLR,Belarus,1995,8.0,2,0.0
370,BLR,Belarus,1996,3.0,2,-7.0
370,BLR,Belarus,1997,3.0,2,-7.0
370,BLR,Belarus,1998,3.0,2,-7.0
370,BLR,Belarus,1999,3.0,2,-7.0
370,BLR,Belarus,2000,3.0,2,-7.0
370,BLR,Belarus,2001,3.0,2,-7.0
370,BLR,Belarus,2002,3.0,2,-7.0
370,BLR,Belarus,2003,3.0,2,-7.0
370,BLR,Belarus,2004,3.0,2,-7.0
370,BLR,Belarus,2005,3.0,2,-7.0
370,BLR,Belarus,2006,3.0,2,-7.0
370,BLR,Belarus,2007,3.0,2,-7.0
370,BLR,Belarus,2008,3.0,2,-7.0
370,BLR,Belarus,2009,3.0,2,-7.0
370,BLR,Belarus,2010,3.0,2,-7.0
370,BLR,Belarus,2011,3.0,2,-7.0
370,BLR,Belarus,2012,3.0,2,-7.0
370,BLR,Belarus,2013,3.0,2,-7.0
370,BLR,Belarus,2014,3.0,2,-7.0
370,BLR,Belarus,2015,3.0,2,-7.0
370,BLR,Belarus,2016,3.0,2,-7.0
370,BLR,Belarus,2017,3.0,2,-7.0
370,BLR,Belarus,2018,3.0,2,-7.0
771,BNG,Bangladesh,1972,8.0,3,8.0
771,BNG,Bangladesh,1973,8.0,3,8.0
771,BNG,Bangladesh,1974,7.0,2,-2.0
771,BNG,Bangladesh,1975,4.0,1,-7.0
771,BNG,Bangladesh,1976,4.0,1,-7.0
771,BNG,Bangladesh,1977,4.0,1,-7.0
771,BNG,Bangladesh,1978,5.0,2,-4.0
771,BNG,Bangladesh,1979,5.0,2,-4.0
771,BNG,Bangladesh,1980,5.0,2,-4.0
771,BNG,Bangladesh,1981,5.0,2,-4.0
771,BNG,Bangladesh,1982,4.0,1,-7.0
771,BNG,Bangladesh,1983,4.0,1,-7.0
771,BNG,Bangladesh,1984,4.0,1,-7.0
771,BNG,Bangladesh,1985,4.0,1,-7.0
771,BNG,Bangladesh,1986,5.0,2,-5.0
771,BNG,Bangladesh,1987,5.0,2,-5.0
771,BNG,Bangladesh,1988,5.0,2,-5.0
771,BNG,Bangladesh,1989,5.0,2,-5.0
771,BNG,Bangladesh,1990,5.0,2,-5.0
771,BNG,Bangladesh,1991,8.0,3,6.0
771,BNG,Bangladesh,1992,8.0,3,6.0
771,BNG,Bangladesh,1993,8.0,3,6.0
771,BNG,Bangladesh,1994,8.0,3,6.0
771,BNG,Bangladesh,1995,8.0,3,6.0
771,BNG,Bangladesh,1996,8.0,3,6.0
771,BNG,Bangladesh,1997,8.0,3,6.0
771,BNG,Bangladesh,1998,8.0,3,6.0
771,BNG,Bangladesh,1999,8.0,3,6.0
771,BNG,Bangladesh,2000,8.0,3,6.0
771,BNG,Bangladesh,2001,8.0,3,6.0
771,BNG,Bangladesh,2002,8.0,3,6.0
771,BNG,Bangladesh,2003,8.0,3,6.0
771,BNG,Bangladesh,2004,8.0,3,6.0
771,BNG,Bangladesh,2005,8.0,3,6.0
771,BNG,Bangladesh,2006,8.0,3,6.0
771,BNG,Bangladesh,2007,3.0,2,-6.0
771,BNG,Bangladesh,2008,3.0,2,-6.0
771,BNG,Bangladesh,2009,7.0,4,5.0
771,BNG,Bangladesh,2010,7.0,4,5.0
771,BNG,Bangladesh,2011,7.0,4,5.0
771,BNG,Bangladesh,2012,7.0,4,5.0
771,BNG,Bangladesh,2013,7.0,3,4.0
771,BNG,Bangladesh,2014,7.0,3,1.0
771,BNG,Bangladesh,2015,7.0,3,1.0
771,BNG,Bangladesh,2016,7.0,3,1.0
771,BNG,Bangladesh,2017,7.0,3,1.0
771,BNG,Bangladesh,2018,3.0,2,-6.0
145,BOL,Bolivia,1825,3.0,3,-3.0
145,BOL,Bolivia,1826,3.0,3,-3.0
145,BOL,Bolivia,1827,3.0,3,-3.0
145,BOL,Bolivia,1828,3.0,3,-3.0
145,BOL,Bolivia,1829,3.0,3,-3.0
145,BOL,Bolivia,1830,3.0,3,-3.0
145,BOL,Bolivia,1831,3.0,3,-3.0
145,BOL,Bolivia,1832,3.0,3,-3.0
145,BOL,Bolivia,1833,3.0,3,-3.0
145,BOL,Bolivia,1834,3.0,3,-3.0
145,BOL,Bolivia,1835,3.0,3,-3.0
145,BOL,Bolivia,1836,4.0,3,-3.0
145,BOL,Bolivia,1837,4.0,3,-3.0
145,BOL,Bolivia,1838,4.0,3,-3.0
145,BOL,Bolivia,1839,3.0,3,-3.0
145,BOL,Bolivia,1840,3.0,3,-3.0
145,BOL,Bolivia,1841,-66.0,-66,
145,BOL,Bolivia,1842,3.0,3,-3.0
145,BOL,Bolivia,1843,3.0,3,-3.0
145,BOL,Bolivia,1844,3.0,3,-3.0
145,BOL,Bolivia,1845,3.0,3,-3.0
145,BOL,Bolivia,1846,3.0,3,-3.0
145,BOL,Bolivia,1847,3.0,3,-3.0
145,BOL,Bolivia,1848,3.0,3,-3.0
145,BOL,Bolivia,1849,3.0,3,-3.0
145,BOL,Bolivia,1850,3.0,3,-3.0
145,BOL,Bolivia,1851,3.0,3,-3.0
145,BOL,Bolivia,1852,3.0,3,-3.0
145,BOL,Bolivia,1853,3.0,3,-3.0
145,BOL,Bolivia,1854,3.0,3,-3.0
145,BOL,Bolivia,1855,3.0,3,-3.0
145,BOL,Bolivia,1856,3.0,3,-3.0
145,BOL,Bolivia,1857,3.0,3,-3.0
145,BOL,Bolivia,1858,3.0,3,-3.0
145,BOL,Bolivia,1859,3.0,3,-3.0
145,BOL,Bolivia,1860,3.0,3,-3.0
145,BOL,Bolivia,1861,3.0,3,-3.0
145,BOL,Bolivia,1862,3.0,3,-3.0
145,BOL,Bolivia,1863,3.0,3,-3.0
145,BOL,Bolivia,1864,4.0,1,-7.0
145,BOL,Bolivia,1865,4.0,1,-7.0
145,BOL,Bolivia,1866,4.0,1,-7.0
145,BOL,Bolivia,1867,4.0,1,-7.0
145,BOL,Bolivia,1868,4.0,1,-7.0
145,BOL,Bolivia,1869,4.0,1,-7.0
145,BOL,Bolivia,1870,4.0,1,-7.0
145,BOL,Bolivia,1871,4.0,1,-7.0
145,BOL,Bolivia,1872,-88.0,-88,-3.0
145,BOL,Bolivia,1873,7.0,3,1.0
145,BOL,Bolivia,1874,7.0,3,1.0
145,BOL,Bolivia,1875,7.0,3,1.0
145,BOL,Bolivia,1876,4.0,1,-7.0
145,BOL,Bolivia,1877,4.0,1,-7.0
145,BOL,Bolivia,1878,4.0,1,-7.0
145,BOL,Bolivia,1879,4.0,1,-7.0
145,BOL,Bolivia,1880,7.0,3,1.0
145,BOL,Bolivia,1881,7.0,3,1.0
145,BOL,Bolivia,1882,7.0,3,1.0
145,BOL,Bolivia,1883,7.0,3,1.0
145,BOL,Bolivia,1884,7.0,3,1.0
145,BOL,Bolivia,1885,7.0,3,1.0
145,BOL,Bolivia,1886,7.0,3,1.0
145,BOL,Bolivia,1887,7.0,3,1.0
145,BOL,Bolivia,1888,7.0,3,1.0
145,BOL,Bolivia,1889,7.0,3,1.0
145,BOL,Bolivia,1890,7.0,3,1.0
145,BOL,Bolivia,1891,7.0,3,1.0
145,BOL,Bolivia,1892,7.0,3,1.0
145,BOL,Bolivia,1893,7.0,3,1.0
145,BOL,Bolivia,1894,7.0,3,1.0
145,BOL,Bolivia,1895,7.0,3,1.0
145,BOL,Bolivia,1896,7.0,3,1.0
145,BOL,Bolivia,1897,7.0,3,1.0
145,BOL,Bolivia,1898,7.0,3,1.0
145,BOL,Bolivia,1899,7.0,3,1.0
145,BOL,Bolivia,1900,7.0,3,1.0
145,BOL,Bolivia,1901,7.0,3,1.0
145,BOL,Bolivia,1902,7.0,3,1.0
145,BOL,Bolivia,1903,7.0,3,1.0
145,BOL,Bolivia,1904,7.0,3,1.0
145,BOL,Bolivia,1905,7.0,3,1.0
145,BOL,Bolivia,1906,7.0,3,1.0
145,BOL,Bolivia,1907,7.0,3,1.0
145,BOL,Bolivia,1908,7.0,3,1.0
145,BOL,Bolivia,1909,7.0,3,1.0
145,BOL,Bolivia,1910,7.0,3,1.0
145,BOL,Bolivia,1911,7.0,3,1.0
145,BOL,Bolivia,1912,7.0,3,1.0
145,BOL,Bolivia,1913,7.0,3,1.0
145,BOL,Bolivia,1914,7.0,3,1.0
145,BOL,Bolivia,1915,7.0,3,1.0
145,BOL,Bolivia,1916,7.0,3,1.0
145,BOL,Bolivia,1917,7.0,3,1.0
145,BOL,Bolivia,1918,7.0,3,1.0
145,BOL,Bolivia,1919,7.0,3,1.0
145,BOL,Bolivia,1920,7.0,3,1.0
145,BOL,Bolivia,1921,7.0,3,1.0
145,BOL,Bolivia,1922,7.0,3,1.0
145,BOL,Bolivia,1923,7.0,3,1.0
145,BOL,Bolivia,1924,7.0,3,1.0
145,BOL,Bolivia,1925,7.0,3,1.0
145,BOL,Bolivia,1926,7.0,3,1.0
145,BOL,Bolivia,1927,7.0,3,1.0
145,BOL,Bolivia,1928,7.0,3,1.0
145,BOL,Bolivia,1929,7.0,3,1.0
145,BOL,Bolivia,1930,7.0,3,1.0
145,BOL,Bolivia,1931,7.0,3,1.0
145,BOL,Bolivia,1932,7.0,3,1.0
145,BOL,Bolivia,1933,7.0,3,1.0
145,BOL,Bolivia,1934,7.0,3,1.0
145,BOL,Bolivia,1935,7.0,3,1.0
145,BOL,Bolivia,1936,3.0,3,-5.0
145,BOL,Bolivia,1937,3.0,3,-5.0
145,BOL,Bolivia,1938,3.0,3,-5.0
145,BOL,Bolivia,1939,3.0,3,-5.0
145,BOL,Bolivia,1940,3.0,3,-5.0
145,BOL,Bolivia,1941,3.0,3,-5.0
145,BOL,Bolivia,1942,3.0,3,-5.0
145,BOL,Bolivia,1943,3.0,3,-5.0
145,BOL,Bolivia,1944,3.0,3,-5.0
145,BOL,Bolivia,1945,3.0,3,-5.0
145,BOL,Bolivia,1946,3.0,3,-5.0
145,BOL,Bolivia,1947,3.0,3,-5.0
145,BOL,Bolivia,1948,3.0,3,-5.0
145,BOL,Bolivia,1949,3.0,3,-5.0
145,BOL,Bolivia,1950,3.0,3,-5.0
145,BOL,Bolivia,1951,3.0,3,-5.0
145,BOL,Bolivia,1952,7.0,3,4.0
145,BOL,Bolivia,1953,7.0,3,4.0
145,BOL,Bolivia,1954,7.0,3,4.0
145,BOL,Bolivia,1955,7.0,3,4.0
145,BOL,Bolivia,1956,7.0,3,4.0
145,BOL,Bolivia,1957,7.0,3,4.0
145,BOL,Bolivia,1958,7.0,3,4.0
145,BOL,Bolivia,1959,7.0,3,4.0
145,BOL,Bolivia,1960,7.0,3,4.0
145,BOL,Bolivia,1961,7.0,3,4.0
145,BOL,Bolivia,1962,7.0,3,4.0
145,BOL,Bolivia,1963,7.0,3,4.0
145,BOL,Bolivia,1964,4.0,2,-4.0
145,BOL,Bolivia,1965,4.0,2,-4.0
145,BOL,Bolivia,1966,5.0,2,-4.0
145,BOL,Bolivia,1967,5.0,2,-4.0
145,BOL,Bolivia,1968,5.0,2,-4.0
145,BOL,Bolivia,1969,4.0,2,-4.0
145,BOL,Bolivia,1970,4.0,2,-5.0
145,BOL,Bolivia,1971,4.0,1,-7.0
145,BOL,Bolivia,1972,4.0,1,-7.0
145,BOL,Bolivia,1973,4.0,1,-7.0
145,BOL,Bolivia,1974,4.0,1,-7.0
145,BOL,Bolivia,1975,4.0,1,-7.0
145,BOL,Bolivia,1976,4.0,1,-7.0
145,BOL,Bolivia,1977,4.0,1,-7.0
145,BOL,Bolivia,1978,5.0,2,-4.0
145,BOL,Bolivia,1979,5.0,2,-4.0
145,BOL,Bolivia,1980,4.0,1,-7.0
145,BOL,Bolivia,1981,4.0,1,-7.0
145,BOL,Bolivia,1982,7.0,3,7.0
145,BOL,Bolivia,1983,7.0,3,7.0
145,BOL,Bolivia,1984,7.0,3,7.0
145,BOL,Bolivia,1985,8.0,4,9.0
145,BOL,Bolivia,1986,8.0,4,9.0
145,BOL,Bolivia,1987,8.0,4,9.0
145,BOL,Bolivia,1988,8.0,4,9.0
145,BOL,Bolivia,1989,8.0,4,9.0
145,BOL,Bolivia,1990,8.0,4,9.0
145,BOL,Bolivia,1991,8.0,4,9.0
145,BOL,Bolivia,1992,8.0,4,9.0
145,BOL,Bolivia,1993,8.0,4,9.0
145,BOL,Bolivia,1994,8.0,4,9.0
145,BOL,Bolivia,1995,8.0,4,9.0
145,BOL,Bolivia,1996,8.0,4,9.0
145,BOL,Bolivia,1997,8.0,4,9.0
145,BOL,Bolivia,1998,8.0,4,9.0
145,BOL,Bolivia,1999,8.0,4,9.0
145,BOL,Bolivia,2000,8.0,4,9.0
145,BOL,Bolivia,2001,8.0,4,9.0
145,BOL,Bolivia,2002,8.0,4,9.0
145,BOL,Bolivia,2003,8.0,3,8.0
145,BOL,Bolivia,2004,8.0,3,8.0
145,BOL,Bolivia,2005,8.0,3,8.0
145,BOL,Bolivia,2006,8.0,3,8.0
145,BOL,Bolivia,2007,8.0,3,8.0
145,BOL,Bolivia,2008,8.0,3,8.0
145,BOL,Bolivia,2009,8.0,3,7.0
145,BOL,Bolivia,2010,8.0,3,7.0
145,BOL,Bolivia,2011,8.0,3,7.0
145,BOL,Bolivia,2012,8.0,3,7.0
145,BOL,Bolivia,2013,8.0,3,7.0
145,BOL,Bolivia,2014,8.0,3,7.0
145,BOL,Bolivia,2015,8.0,3,7.0
145,BOL,Bolivia,2016,8.0,3,7.0
145,BOL,Bolivia,2017,8.0,3,7.0
145,BOL,Bolivia,2018,8.0,3,7.0
346,BOS,Bosnia,1992,-77.0,-77,0.0
346,BOS,Bosnia,1993,-77.0,-77,0.0
346,BOS,Bosnia,1994,-77.0,-77,0.0
346,BOS,Bosnia,1995,-66.0,-66,
346,BOS,Bosnia,1996,-66.0,-66,
346,BOS,Bosnia,1997,-66.0,-66,
346,BOS,Bosnia,1998,-66.0,-66,
346,BOS,Bosnia,1999,-66.0,-66,
346,BOS,Bosnia,2000,-66.0,-66,
346,BOS,Bosnia,2001,-66.0,-66,
346,BOS,Bosnia,2002,-66.0,-66,
346,BOS,Bosnia,2003,-66.0,-66,
346,BOS,Bosnia,2004,-66.0,-66,
346,BOS,Bosnia,2005,-66.0,-66,
346,BOS,Bosnia,2006,-66.0,-66,
346,BOS,Bosnia,2007,-66.0,-66,
346,BOS,Bosnia,2008,-66.0,-66,
346,BOS,Bosnia,2009,-66.0,-66,
346,BOS,Bosnia,2010,-66.0,-66,
346,BOS,Bosnia,2011,-66.0,-66,
346,BOS,Bosnia,2012,-66.0,-66,
346,BOS,Bosnia,2013,-66.0,-66,
346,BOS,Bosnia,2014,-66.0,-66,
346,BOS,Bosnia,2015,-66.0,-66,
346,BOS,Bosnia,2016,-66.0,-66,
346,BOS,Bosnia,2017,-66.0,-66,
346,BOS,Bosnia,2018,-66.0,-66,
571,BOT,Botswana,1966,7.0,4,6.0
571,BOT,Botswana,1967,7.0,4,6.0
571,BOT,Botswana,1968,7.0,4,6.0
571,BOT,Botswana,1969,7.0,4,6.0
571,BOT,Botswana,1970,7.0,4,6.0
571,BOT,Botswana,1971,7.0,4,6.0
571,BOT,Botswana,1972,7.0,4,6.0
571,BOT,Botswana,1973,7.0,4,6.0
571,BOT,Botswana,1974,7.0,4,6.0
571,BOT,Botswana,1975,7.0,4,6.0
571,BOT,Botswana,1976,7.0,4,6.0
571,BOT,Botswana,1977,7.0,4,6.0
571,BOT,Botswana,1978,7.0,4,6.0
571,BOT,Botswana,1979,7.0,4,6.0
571,BOT,Botswana,1980,7.0,4,6.0
571,BOT,Botswana,1981,7.0,4,6.0
571,BOT,Botswana,1982,7.0,4,6.0
571,BOT,Botswana,1983,7.0,4,6.0
571,BOT,Botswana,1984,7.0,4,6.0
571,BOT,Botswana,1985,7.0,4,6.0
571,BOT,Botswana,1986,7.0,4,6.0
571,BOT,Botswana,1987,7.0,4,7.0
571,BOT,Botswana,1988,7.0,4,7.0
571,BOT,Botswana,1989,7.0,4,7.0
571,BOT,Botswana,1990,7.0,4,7.0
571,BOT,Botswana,1991,7.0,4,7.0
571,BOT,Botswana,1992,7.0,4,7.0
571,BOT,Botswana,1993,7.0,4,7.0
571,BOT,Botswana,1994,7.0,4,7.0
571,BOT,Botswana,1995,7.0,4,7.0
571,BOT,Botswana,1996,7.0,4,7.0
571,BOT,Botswana,1997,7.0,4,8.0
571,BOT,Botswana,1998,7.0,4,8.0
571,BOT,Botswana,1999,7.0,4,8.0
571,BOT,Botswana,2000,7.0,4,8.0
571,BOT,Botswana,2001,7.0,4,8.0
571,BOT,Botswana,2002,7.0,4,8.0
571,BOT,Botswana,2003,7.0,4,8.0
571,BOT,Botswana,2004,7.0,4,8.0
571,BOT,Botswana,2005,7.0,4,8.0
571,BOT,Botswana,2006,7.0,4,8.0
571,BOT,Botswana,2007,7.0,4,8.0
571,BOT,Botswana,2008,7.0,4,8.0
571,BOT,Botswana,2009,7.0,4,8.0
571,BOT,Botswana,2010,7.0,4,8.0
571,BOT,Botswana,2011,7.0,4,8.0
571,BOT,Botswana,2012,7.0,4,8.0
571,BOT,Botswana,2013,7.0,4,8.0
571,BOT,Botswana,2014,7.0,4,8.0
571,BOT,Botswana,2015,7.0,4,8.0
571,BOT,Botswana,2016,7.0,4,8.0
571,BOT,Botswana,2017,7.0,4,8.0
571,BOT,Botswana,2018,7.0,4,8.0
140,BRA,Brazil,1824,1.0,3,-6.0
140,BRA,Brazil,1825,1.0,3,-6.0
140,BRA,Brazil,1826,1.0,3,-6.0
140,BRA,Brazil,1827,1.0,3,-6.0
140,BRA,Brazil,1828,1.0,3,-6.0
140,BRA,Brazil,1829,1.0,3,-6.0
140,BRA,Brazil,1830,1.0,3,-6.0
140,BRA,Brazil,1831,1.0,3,-6.0
140,BRA,Brazil,1832,1.0,3,-6.0
140,BRA,Brazil,1833,1.0,3,-6.0
140,BRA,Brazil,1834,1.0,3,-6.0
140,BRA,Brazil,1835,1.0,3,-6.0
140,BRA,Brazil,1836,1.0,3,-6.0
140,BRA,Brazil,1837,1.0,3,-6.0
140,BRA,Brazil,1838,1.0,3,-6.0
140,BRA,Brazil,1839,1.0,3,-6.0
140,BRA,Brazil,1840,1.0,3,-6.0
140,BRA,Brazil,1841,1.0,3,-6.0
140,BRA,Brazil,1842,1.0,3,-6.0
140,BRA,Brazil,1843,1.0,3,-6.0
140,BRA,Brazil,1844,1.0,3,-6.0
140,BRA,Brazil,1845,1.0,3,-6.0
140,BRA,Brazil,1846,1.0,3,-6.0
140,BRA,Brazil,1847,1.0,3,-6.0
140,BRA,Brazil,1848,1.0,3,-6.0
140,BRA,Brazil,1849,1.0,3,-6.0
140,BRA,Brazil,1850,1.0,3,-6.0
140,BRA,Brazil,1851,1.0,3,-6.0
140,BRA,Brazil,1852,1.0,3,-6.0
140,BRA,Brazil,1853,1.0,3,-6.0
140,BRA,Brazil,1854,1.0,3,-6.0
140,BRA,Brazil,1855,1.0,3,-6.0
140,BRA,Brazil,1856,1.0,3,-6.0
140,BRA,Brazil,1857,1.0,3,-6.0
140,BRA,Brazil,1858,1.0,3,-6.0
140,BRA,Brazil,1859,1.0,3,-6.0
140,BRA,Brazil,1860,1.0,3,-6.0
140,BRA,Brazil,1861,1.0,3,-6.0
140,BRA,Brazil,1862,1.0,3,-6.0
140,BRA,Brazil,1863,1.0,3,-6.0
140,BRA,Brazil,1864,1.0,3,-6.0
140,BRA,Brazil,1865,1.0,3,-6.0
140,BRA,Brazil,1866,1.0,3,-6.0
140,BRA,Brazil,1867,1.0,3,-6.0
140,BRA,Brazil,1868,1.0,3,-6.0
140,BRA,Brazil,1869,1.0,3,-6.0
140,BRA,Brazil,1870,1.0,3,-6.0
140,BRA,Brazil,1871,1.0,3,-6.0
140,BRA,Brazil,1872,1.0,3,-6.0
140,BRA,Brazil,1873,1.0,3,-6.0
140,BRA,Brazil,1874,1.0,3,-6.0
140,BRA,Brazil,1875,1.0,3,-6.0
140,BRA,Brazil,1876,1.0,3,-6.0
140,BRA,Brazil,1877,1.0,3,-6.0
140,BRA,Brazil,1878,1.0,3,-6.0
140,BRA,Brazil,1879,1.0,3,-6.0
140,BRA,Brazil,1880,1.0,3,-6.0
140,BRA,Brazil,1881,1.0,3,-6.0
140,BRA,Brazil,1882,1.0,3,-6.0
140,BRA,Brazil,1883,1.0,3,-6.0
140,BRA,Brazil,1884,1.0,3,-6.0
140,BRA,Brazil,1885,1.0,3,-6.0
140,BRA,Brazil,1886,1.0,3,-6.0
140,BRA,Brazil,1887,1.0,3,-6.0
140,BRA,Brazil,1888,1.0,3,-6.0
140,BRA,Brazil,1889,4.0,3,-3.0
140,BRA,Brazil,1890,4.0,3,-3.0
140,BRA,Brazil,1891,4.0,3,-3.0
140,BRA,Brazil,1892,4.0,3,-3.0
140,BRA,Brazil,1893,4.0,3,-3.0
140,BRA,Brazil,1894,3.0,3,-3.0
140,BRA,Brazil,1895,3.0,3,-3.0
140,BRA,Brazil,1896,3.0,3,-3.0
140,BRA,Brazil,1897,3.0,3,-3.0
140,BRA,Brazil,1898,3.0,3,-3.0
140,BRA,Brazil,1899,3.0,3,-3.0
140,BRA,Brazil,1900,3.0,3,-3.0
140,BRA,Brazil,1901,3.0,3,-3.0
140,BRA,Brazil,1902,3.0,3,-3.0
140,BRA,Brazil,1903,3.0,3,-3.0
140,BRA,Brazil,1904,3.0,3,-3.0
140,BRA,Brazil,1905,3.0,3,-3.0
140,BRA,Brazil,1906,3.0,3,-3.0
140,BRA,Brazil,1907,3.0,3,-3.0
140,BRA,Brazil,1908,3.0,3,-3.0
140,BRA,Brazil,1909,3.0,3,-3.0
140,BRA,Brazil,1910,3.0,3,-3.0
140,BRA,Brazil,1911,3.0,3,-3.0
140,BRA,Brazil,1912,3.0,3,-3.0
140,BRA,Brazil,1913,3.0,3,-3.0
140,BRA,Brazil,1914,3.0,3,-3.0
140,BRA,Brazil,1915,3.0,3,-3.0
140,BRA,Brazil,1916,3.0,3,-3.0
140,BRA,Brazil,1917,3.0,3,-3.0
140,BRA,Brazil,1918,3.0,3,-3.0
140,BRA,Brazil,1919,3.0,3,-3.0
140,BRA,Brazil,1920,3.0,3,-3.0
140,BRA,Brazil,1921,3.0,3,-3.0
140,BRA,Brazil,1922,3.0,3,-3.0
140,BRA,Brazil,1923,3.0,3,-3.0
140,BRA,Brazil,1924,3.0,3,-3.0
140,BRA,Brazil,1925,3.0,3,-3.0
140,BRA,Brazil,1926,3.0,3,-3.0
140,BRA,Brazil,1927,3.0,3,-3.0
140,BRA,Brazil,1928,3.0,3,-3.0
140,BRA,Brazil,1929,3.0,3,-3.0
140,BRA,Brazil,1930,-88.0,-88,-4.0
140,BRA,Brazil,1931,-88.0,-88,-5.0
140,BRA,Brazil,1932,-88.0,-88,-6.0
140,BRA,Brazil,1933,-88.0,-88,-6.0
140,BRA,Brazil,1934,4.0,1,-7.0
140,BRA,Brazil,1935,4.0,1,-7.0
140,BRA,Brazil,1936,4.0,1,-7.0
140,BRA,Brazil,1937,4.0,1,-7.0
140,BRA,Brazil,1938,4.0,1,-7.0
140,BRA,Brazil,1939,4.0,1,-7.0
140,BRA,Brazil,1940,4.0,1,-7.0
140,BRA,Brazil,1941,4.0,1,-7.0
140,BRA,Brazil,1942,4.0,1,-7.0
140,BRA,Brazil,1943,4.0,1,-7.0
140,BRA,Brazil,1944,4.0,1,-7.0
140,BRA,Brazil,1945,-88.0,-88,0.0
140,BRA,Brazil,1946,8.0,0,7.0
140,BRA,Brazil,1947,8.0,3,5.0
140,BRA,Brazil,1948,8.0,3,5.0
140,BRA,Brazil,1949,8.0,3,5.0
140,BRA,Brazil,1950,8.0,3,5.0
140,BRA,Brazil,1951,8.0,3,5.0
140,BRA,Brazil,1952,8.0,3,5.0
140,BRA,Brazil,1953,8.0,3,5.0
140,BRA,Brazil,1954,8.0,3,5.0
140,BRA,Brazil,1955,8.0,3,5.0
140,BRA,Brazil,1956,8.0,3,5.0
140,BRA,Brazil,1957,8.0,3,5.0
140,BRA,Brazil,1958,8.0,3,6.0
140,BRA,Brazil,1959,8.0,3,6.0
140,BRA,Brazil,1960,8.0,3,6.0
140,BRA,Brazil,1961,8.0,3,5.0
140,BRA,Brazil,1962,8.0,3,5.0
140,BRA,Brazil,1963,8.0,3,3.0
140,BRA,Brazil,1964,-88.0,-88,-3.0
140,BRA,Brazil,1965,3.0,1,-9.0
140,BRA,Brazil,1966,3.0,1,-9.0
140,BRA,Brazil,1967,3.0,1,-9.0
140,BRA,Brazil,1968,3.0,1,-9.0
140,BRA,Brazil,1969,3.0,1,-9.0
140,BRA,Brazil,1970,3.0,1,-9.0
140,BRA,Brazil,1971,3.0,1,-9.0
140,BRA,Brazil,1972,3.0,1,-9.0
140,BRA,Brazil,1973,3.0,1,-9.0
140,BRA,Brazil,1974,7.0,2,-4.0
140,BRA,Brazil,1975,7.0,2,-4.0
140,BRA,Brazil,1976,7.0,2,-4.0
140,BRA,Brazil,1977,7.0,2,-4.0
140,BRA,Brazil,1978,7.0,2,-4.0
140,BRA,Brazil,1979,7.0,2,-4.0
140,BRA,Brazil,1980,7.0,2,-4.0
140,BRA,Brazil,1981,7.0,2,-4.0
140,BRA,Brazil,1982,7.0,2,-3.0
140,BRA,Brazil,1983,7.0,2,-3.0
140,BRA,Brazil,1984,7.0,2,-3.0
140,BRA,Brazil,1985,8.0,4,7.0
140,BRA,Brazil,1986,8.0,4,7.0
140,BRA,Brazil,1987,8.0,4,7.0
140,BRA,Brazil,1988,8.0,4,8.0
140,BRA,Brazil,1989,8.0,4,8.0
140,BRA,Brazil,1990,8.0,4,8.0
140,BRA,Brazil,1991,8.0,4,8.0
140,BRA,Brazil,1992,8.0,4,8.0
140,BRA,Brazil,1993,8.0,4,8.0
140,BRA,Brazil,1994,8.0,4,8.0
140,BRA,Brazil,1995,8.0,4,8.0
140,BRA,Brazil,1996,8.0,4,8.0
140,BRA,Brazil,1997,8.0,4,8.0
140,BRA,Brazil,1998,8.0,4,8.0
140,BRA,Brazil,1999,8.0,4,8.0
140,BRA,Brazil,2000,8.0,4,8.0
140,BRA,Brazil,2001,8.0,4,8.0
140,BRA,Brazil,2002,8.0,4,8.0
140,BRA,Brazil,2003,8.0,4,8.0
140,BRA,Brazil,2004,8.0,4,8.0
140,BRA,Brazil,2005,8.0,4,8.0
140,BRA,Brazil,2006,8.0,4,8.0
140,BRA,Brazil,2007,8.0,4,8.0
140,BRA,Brazil,2008,8.0,4,8.0
140,BRA,Brazil,2009,8.0,4,8.0
140,BRA,Brazil,2010,8.0,4,8.0
140,BRA,Brazil,2011,8.0,4,8.0
140,BRA,Brazil,2012,8.0,4,8.0
140,BRA,Brazil,2013,8.0,4,8.0
140,BRA,Brazil,2014,8.0,4,8.0
140,BRA,Brazil,2015,8.0,4,8.0
140,BRA,Brazil,2016,8.0,4,8.0
140,BRA,Brazil,2017,8.0,4,8.0
140,BRA,Brazil,2018,8.0,4,8.0
516,BUI,Burundi,1962,2.0,0,-4.0
516,BUI,Burundi,1963,6.0,3,5.0
516,BUI,Burundi,1964,6.0,3,5.0
516,BUI,Burundi,1965,6.0,3,5.0
516,BUI,Burundi,1966,4.0,1,-7.0
516,BUI,Burundi,1967,4.0,1,-7.0
516,BUI,Burundi,1968,4.0,1,-7.0
516,BUI,Burundi,1969,4.0,1,-7.0
516,BUI,Burundi,1970,4.0,1,-7.0
516,BUI,Burundi,1971,4.0,1,-7.0
516,BUI,Burundi,1972,4.0,1,-7.0
516,BUI,Burundi,1973,4.0,1,-7.0
516,BUI,Burundi,1974,4.0,1,-7.0
516,BUI,Burundi,1975,4.0,1,-7.0
516,BUI,Burundi,1976,4.0,1,-7.0
516,BUI,Burundi,1977,4.0,1,-7.0
516,BUI,Burundi,1978,4.0,1,-7.0
516,BUI,Burundi,1979,4.0,1,-7.0
516,BUI,Burundi,1980,4.0,1,-7.0
516,BUI,Burundi,1981,4.0,1,-7.0
516,BUI,Burundi,1982,4.0,1,-7.0
516,BUI,Burundi,1983,4.0,1,-7.0
516,BUI,Burundi,1984,4.0,1,-7.0
516,BUI,Burundi,1985,4.0,1,-7.0
516,BUI,Burundi,1986,4.0,1,-7.0
516,BUI,Burundi,1987,5.0,1,-6.0
516,BUI,Burundi,1988,5.0,1,-6.0
516,BUI,Burundi,1989,5.0,1,-6.0
516,BUI,Burundi,1990,5.0,1,-6.0
516,BUI,Burundi,1991,5.0,1,-6.0
516,BUI,Burundi,1992,-88.0,-88,-3.0
516,BUI,Burundi,1993,-77.0,-77,0.0
516,BUI,Burundi,1994,-77.0,-77,0.0
516,BUI,Burundi,1995,-77.0,-77,0.0
516,BUI,Burundi,1996,4.0,2,-5.0
516,BUI,Burundi,1997,4.0,2,-5.0
516,BUI,Burundi,1998,4.0,3,-1.0
516,BUI,Burundi,1999,4.0,3,-1.0
516,BUI,Burundi,2000,4.0,3,-1.0
516,BUI,Burundi,2001,-88.0,-88,0.0
516,BUI,Burundi,2002,-88.0,-88,2.0
516,BUI,Burundi,2003,-88.0,-88,3.0
516,BUI,Burundi,2004,-88.0,-88,5.0
516,BUI,Burundi,2005,7.0,4,6.0
516,BUI,Burundi,2006,7.0,4,6.0
516,BUI,Burundi,2007,7.0,4,6.0
516,BUI,Burundi,2008,7.0,4,6.0
516,BUI,Burundi,2009,7.0,4,6.0
516,BUI,Burundi,2010,7.0,4,6.0
516,BUI,Burundi,2011,7.0,4,6.0
516,BUI,Burundi,2012,7.0,4,6.0
516,BUI,Burundi,2013,7.0,4,6.0
516,BUI,Burundi,2014,7.0,4,6.0
516,BUI,Burundi,2015,3.0,3,-1.0
516,BUI,Burundi,2016,3.0,3,-1.0
516,BUI,Burundi,2017,3.0,3,-1.0
516,BUI,Burundi,2018,3.0,3,-1.0
355,BUL,Bulgaria,1879,1.0,0,-4.0
355,BUL,Bulgaria,1880,1.0,0,-4.0
355,BUL,Bulgaria,1881,1.0,0,-6.0
355,BUL,Bulgaria,1882,1.0,0,-6.0
355,BUL,Bulgaria,1883,2.0,5,-1.0
355,BUL,Bulgaria,1884,2.0,5,-1.0
355,BUL,Bulgaria,1885,2.0,5,-1.0
355,BUL,Bulgaria,1886,3.0,3,-5.0
355,BUL,Bulgaria,1887,3.0,3,-5.0
355,BUL,Bulgaria,1888,3.0,3,-5.0
355,BUL,Bulgaria,1889,3.0,3,-5.0
355,BUL,Bulgaria,1890,3.0,3,-5.0
355,BUL,Bulgaria,1891,3.0,3,-5.0
355,BUL,Bulgaria,1892,3.0,3,-5.0
355,BUL,Bulgaria,1893,3.0,3,-5.0
355,BUL,Bulgaria,1894,1.0,2,-9.0
355,BUL,Bulgaria,1895,1.0,2,-9.0
355,BUL,Bulgaria,1896,1.0,2,-9.0
355,BUL,Bulgaria,1897,1.0,2,-9.0
355,BUL,Bulgaria,1898,1.0,2,-9.0
355,BUL,Bulgaria,1899,1.0,2,-9.0
355,BUL,Bulgaria,1900,1.0,2,-9.0
355,BUL,Bulgaria,1901,1.0,2,-9.0
355,BUL,Bulgaria,1902,1.0,2,-9.0
355,BUL,Bulgaria,1903,1.0,2,-9.0
355,BUL,Bulgaria,1904,1.0,2,-9.0
355,BUL,Bulgaria,1905,1.0,2,-9.0
355,BUL,Bulgaria,1906,1.0,2,-9.0
355,BUL,Bulgaria,1907,1.0,2,-9.0
355,BUL,Bulgaria,1908,1.0,2,-9.0
355,BUL,Bulgaria,1909,1.0,2,-9.0
355,BUL,Bulgaria,1910,1.0,2,-9.0
355,BUL,Bulgaria,1911,1.0,2,-9.0
355,BUL,Bulgaria,1912,1.0,2,-9.0
355,BUL,Bulgaria,1913,-66.0,-66,
355,BUL,Bulgaria,1914,1.0,2,-9.0
355,BUL,Bulgaria,1915,1.0,2,-9.0
355,BUL,Bulgaria,1916,1.0,2,-9.0
355,BUL,Bulgaria,1917,1.0,2,-9.0
355,BUL,Bulgaria,1918,8.0,3,2.0
355,BUL,Bulgaria,1919,3.0,3,-3.0
355,BUL,Bulgaria,1920,3.0,3,-3.0
355,BUL,Bulgaria,1921,3.0,3,-3.0
355,BUL,Bulgaria,1922,3.0,3,-3.0
355,BUL,Bulgaria,1923,3.0,3,-3.0
355,BUL,Bulgaria,1924,3.0,3,-3.0
355,BUL,Bulgaria,1925,3.0,3,-3.0
355,BUL,Bulgaria,1926,3.0,3,-3.0
355,BUL,Bulgaria,1927,3.0,3,-3.0
355,BUL,Bulgaria,1928,3.0,3,-3.0
355,BUL,Bulgaria,1929,3.0,3,-3.0
355,BUL,Bulgaria,1930,3.0,3,-3.0
355,BUL,Bulgaria,1931,3.0,3,-3.0
355,BUL,Bulgaria,1932,3.0,3,-3.0
355,BUL,Bulgaria,1933,3.0,3,-3.0
355,BUL,Bulgaria,1934,-88.0,-88,-7.0
355,BUL,Bulgaria,1935,2.0,1,-10.0
355,BUL,Bulgaria,1936,2.0,1,-10.0
355,BUL,Bulgaria,1937,2.0,1,-10.0
355,BUL,Bulgaria,1938,2.0,1,-10.0
355,BUL,Bulgaria,1939,2.0,1,-10.0
355,BUL,Bulgaria,1940,2.0,1,-10.0
355,BUL,Bulgaria,1941,2.0,1,-10.0
355,BUL,Bulgaria,1942,2.0,1,-10.0
355,BUL,Bulgaria,1943,-77.0,-77,0.0
355,BUL,Bulgaria,1944,-88.0,-88,-2.0
355,BUL,Bulgaria,1945,-88.0,-88,-4.0
355,BUL,Bulgaria,1946,3.0,2,-6.0
355,BUL,Bulgaria,1947,3.0,1,-7.0
355,BUL,Bulgaria,1948,3.0,1,-7.0
355,BUL,Bulgaria,1949,3.0,1,-7.0
355,BUL,Bulgaria,1950,3.0,1,-7.0
355,BUL,Bulgaria,1951,3.0,1,-7.0
355,BUL,Bulgaria,1952,3.0,1,-7.0
355,BUL,Bulgaria,1953,3.0,1,-7.0
355,BUL,Bulgaria,1954,3.0,1,-7.0
355,BUL,Bulgaria,1955,3.0,1,-7.0
355,BUL,Bulgaria,1956,3.0,1,-7.0
355,BUL,Bulgaria,1957,3.0,1,-7.0
355,BUL,Bulgaria,1958,3.0,1,-7.0
355,BUL,Bulgaria,1959,3.0,1,-7.0
355,BUL,Bulgaria,1960,3.0,1,-7.0
355,BUL,Bulgaria,1961,3.0,1,-7.0
355,BUL,Bulgaria,1962,3.0,1,-7.0
355,BUL,Bulgaria,1963,3.0,1,-7.0
355,BUL,Bulgaria,1964,3.0,1,-7.0
355,BUL,Bulgaria,1965,3.0,1,-7.0
355,BUL,Bulgaria,1966,3.0,1,-7.0
355,BUL,Bulgaria,1967,3.0,1,-7.0
355,BUL,Bulgaria,1968,3.0,1,-7.0
355,BUL,Bulgaria,1969,3.0,1,-7.0
355,BUL,Bulgaria,1970,3.0,1,-7.0
355,BUL,Bulgaria,1971,3.0,1,-7.0
355,BUL,Bulgaria,1972,3.0,1,-7.0
355,BUL,Bulgaria,1973,3.0,1,-7.0
355,BUL,Bulgaria,1974,3.0,1,-7.0
355,BUL,Bulgaria,1975,3.0,1,-7.0
355,BUL,Bulgaria,1976,3.0,1,-7.0
355,BUL,Bulgaria,1977,3.0,1,-7.0
355,BUL,Bulgaria,1978,3.0,1,-7.0
355,BUL,Bulgaria,1979,3.0,1,-7.0
355,BUL,Bulgaria,1980,3.0,1,-7.0
355,BUL,Bulgaria,1981,3.0,1,-7.0
355,BUL,Bulgaria,1982,3.0,1,-7.0
355,BUL,Bulgaria,1983,3.0,1,-7.0
355,BUL,Bulgaria,1984,3.0,1,-7.0
355,BUL,Bulgaria,1985,3.0,1,-7.0
355,BUL,Bulgaria,1986,3.0,1,-7.0
355,BUL,Bulgaria,1987,3.0,1,-7.0
355,BUL,Bulgaria,1988,3.0,1,-7.0
355,BUL,Bulgaria,1989,5.0,3,1.0
355,BUL,Bulgaria,1990,7.0,3,7.0
355,BUL,Bulgaria,1991,7.0,3,7.0
355,BUL,Bulgaria,1992,8.0,3,8.0
355,BUL,Bulgaria,1993,8.0,3,8.0
355,BUL,Bulgaria,1994,8.0,3,8.0
355,BUL,Bulgaria,1995,8.0,3,8.0
355,BUL,Bulgaria,1996,8.0,3,8.0
355,BUL,Bulgaria,1997,8.0,3,8.0
355,BUL,Bulgaria,1998,8.0,3,8.0
355,BUL,Bulgaria,1999,8.0,3,8.0
355,BUL,Bulgaria,2000,8.0,3,8.0
355,BUL,Bulgaria,2001,8.0,4,9.0
355,BUL,Bulgaria,2002,8.0,4,9.0
355,BUL,Bulgaria,2003,8.0,4,9.0
355,BUL,Bulgaria,2004,8.0,4,9.0
355,BUL,Bulgaria,2005,8.0,4,9.0
355,BUL,Bulgaria,2006,8.0,4,9.0
355,BUL,Bulgaria,2007,8.0,4,9.0
355,BUL,Bulgaria,2008,8.0,4,9.0
355,BUL,Bulgaria,2009,8.0,4,9.0
355,BUL,Bulgaria,2010,8.0,4,9.0
355,BUL,Bulgaria,2011,8.0,4,9.0
355,BUL,Bulgaria,2012,8.0,4,9.0
355,BUL,Bulgaria,2013,8.0,4,9.0
355,BUL,Bulgaria,2014,8.0,4,9.0
355,BUL,Bulgaria,2015,8.0,4,9.0
355,BUL,Bulgaria,2016,8.0,4,9.0
355,BUL,Bulgaria,2017,8.0,4,9.0
355,BUL,Bulgaria,2018,8.0,4,9.0
811,CAM,Cambodia,1953,-88.0,-88,3.0
811,CAM,Cambodia,1954,-88.0,-88,-3.0
811,CAM,Cambodia,1955,2.0,2,-9.0
811,CAM,Cambodia,1956,2.0,2,-9.0
811,CAM,Cambodia,1957,2.0,2,-9.0
811,CAM,Cambodia,1958,2.0,2,-9.0
811,CAM,Cambodia,1959,2.0,2,-9.0
811,CAM,Cambodia,1960,2.0,2,-9.0
811,CAM,Cambodia,1961,2.0,2,-9.0
811,CAM,Cambodia,1962,2.0,2,-9.0
811,CAM,Cambodia,1963,2.0,2,-9.0
811,CAM,Cambodia,1964,2.0,2,-9.0
811,CAM,Cambodia,1965,2.0,2,-9.0
811,CAM,Cambodia,1966,2.0,2,-9.0
811,CAM,Cambodia,1967,2.0,2,-9.0
811,CAM,Cambodia,1968,2.0,2,-9.0
811,CAM,Cambodia,1969,2.0,2,-9.0
811,CAM,Cambodia,1970,-88.0,-88,-8.0
811,CAM,Cambodia,1971,-88.0,-88,-6.0
811,CAM,Cambodia,1972,5.0,2,-5.0
811,CAM,Cambodia,1973,5.0,2,-5.0
811,CAM,Cambodia,1974,5.0,2,-5.0
811,CAM,Cambodia,1975,-77.0,-77,0.0
811,CAM,Cambodia,1976,5.0,1,-7.0
811,CAM,Cambodia,1977,5.0,1,-7.0
811,CAM,Cambodia,1978,5.0,1,-7.0
811,CAM,Cambodia,1979,-66.0,-66,
811,CAM,Cambodia,1980,-66.0,-66,
811,CAM,Cambodia,1981,-66.0,-66,
811,CAM,Cambodia,1982,-66.0,-66,
811,CAM,Cambodia,1983,-66.0,-66,
811,CAM,Cambodia,1984,-66.0,-66,
811,CAM,Cambodia,1985,-66.0,-66,
811,CAM,Cambodia,1986,-66.0,-66,
811,CAM,Cambodia,1987,-66.0,-66,
811,CAM,Cambodia,1988,-66.0,-66,
811,CAM,Cambodia,1989,-88.0,-88,-7.0
811,CAM,Cambodia,1990,-88.0,-88,-5.0
811,CAM,Cambodia,1991,-88.0,-88,-3.0
811,CAM,Cambodia,1992,-88.0,-88,-1.0
811,CAM,Cambodia,1993,7.0,3,1.0
811,CAM,Cambodia,1994,7.0,3,1.0
811,CAM,Cambodia,1995,7.0,3,1.0
811,CAM,Cambodia,1996,7.0,3,1.0
811,CAM,Cambodia,1997,4.0,1,-7.0
811,CAM,Cambodia,1998,5.0,4,2.0
811,CAM,Cambodia,1999,5.0,4,2.0
811,CAM,Cambodia,2000,5.0,4,2.0
811,CAM,Cambodia,2001,5.0,4,2.0
811,CAM,Cambodia,2002,5.0,4,2.0
811,CAM,Cambodia,2003,5.0,4,2.0
811,CAM,Cambodia,2004,5.0,4,2.0
811,CAM,Cambodia,2005,5.0,4,2.0
811,CAM,Cambodia,2006,5.0,4,2.0
811,CAM,Cambodia,2007,5.0,4,2.0
811,CAM,Cambodia,2008,5.0,4,2.0
811,CAM,Cambodia,2009,5.0,4,2.0
811,CAM,Cambodia,2010,5.0,4,2.0
811,CAM,Cambodia,2011,5.0,4,2.0
811,CAM,Cambodia,2012,5.0,4,2.0
811,CAM,Cambodia,2013,5.0,3,2.0
811,CAM,Cambodia,2014,5.0,3,2.0
811,CAM,Cambodia,2015,5.0,3,2.0
811,CAM,Cambodia,2016,5.0,3,2.0
811,CAM,Cambodia,2017,4.0,2,-4.0
811,CAM,Cambodia,2018,4.0,2,-4.0
20,CAN,Canada,1867,8.0,2,4.0
20,CAN,Canada,1868,8.0,2,4.0
20,CAN,Canada,1869,8.0,2,4.0
20,CAN,Canada,1870,8.0,2,4.0
20,CAN,Canada,1871,8.0,2,4.0
20,CAN,Canada,1872,8.0,2,4.0
20,CAN,Canada,1873,8.0,2,4.0
20,CAN,Canada,1874,8.0,2,4.0
20,CAN,Canada,1875,8.0,2,4.0
20,CAN,Canada,1876,8.0,2,4.0
20,CAN,Canada,1877,8.0,2,4.0
20,CAN,Canada,1878,8.0,2,4.0
20,CAN,Canada,1879,8.0,2,4.0
20,CAN,Canada,1880,8.0,2,4.0
20,CAN,Canada,1881,8.0,2,4.0
20,CAN,Canada,1882,8.0,2,4.0
20,CAN,Canada,1883,8.0,2,4.0
20,CAN,Canada,1884,8.0,2,4.0
20,CAN,Canada,1885,8.0,2,4.0
20,CAN,Canada,1886,8.0,2,4.0
20,CAN,Canada,1887,8.0,2,4.0
20,CAN,Canada,1888,8.0,4,9.0
20,CAN,Canada,1889,8.0,4,9.0
20,CAN,Canada,1890,8.0,4,9.0
20,CAN,Canada,1891,8.0,4,9.0
20,CAN,Canada,1892,8.0,4,9.0
20,CAN,Canada,1893,8.0,4,9.0
20,CAN,Canada,1894,8.0,4,9.0
20,CAN,Canada,1895,8.0,4,9.0
20,CAN,Canada,1896,8.0,4,9.0
20,CAN,Canada,1897,8.0,4,9.0
20,CAN,Canada,1898,8.0,4,9.0
20,CAN,Canada,1899,8.0,4,9.0
20,CAN,Canada,1900,8.0,4,9.0
20,CAN,Canada,1901,8.0,4,9.0
20,CAN,Canada,1902,8.0,4,9.0
20,CAN,Canada,1903,8.0,4,9.0
20,CAN,Canada,1904,8.0,4,9.0
20,CAN,Canada,1905,8.0,4,9.0
20,CAN,Canada,1906,8.0,4,9.0
20,CAN,Canada,1907,8.0,4,9.0
20,CAN,Canada,1908,8.0,4,9.0
20,CAN,Canada,1909,8.0,4,9.0
20,CAN,Canada,1910,8.0,4,9.0
20,CAN,Canada,1911,8.0,4,9.0
20,CAN,Canada,1912,8.0,4,9.0
20,CAN,Canada,1913,8.0,4,9.0
20,CAN,Canada,1914,8.0,4,9.0
20,CAN,Canada,1915,8.0,4,9.0
20,CAN,Canada,1916,8.0,4,9.0
20,CAN,Canada,1917,8.0,4,9.0
20,CAN,Canada,1918,8.0,4,9.0
20,CAN,Canada,1919,8.0,4,9.0
20,CAN,Canada,1920,8.0,4,9.0
20,CAN,Canada,1921,8.0,5,10.0
20,CAN,Canada,1922,8.0,5,10.0
20,CAN,Canada,1923,8.0,5,10.0
20,CAN,Canada,1924,8.0,5,10.0
20,CAN,Canada,1925,8.0,5,10.0
20,CAN,Canada,1926,8.0,5,10.0
20,CAN,Canada,1927,8.0,5,10.0
20,CAN,Canada,1928,8.0,5,10.0
20,CAN,Canada,1929,8.0,5,10.0
20,CAN,Canada,1930,8.0,5,10.0
20,CAN,Canada,1931,8.0,5,10.0
20,CAN,Canada,1932,8.0,5,10.0
20,CAN,Canada,1933,8.0,5,10.0
20,CAN,Canada,1934,8.0,5,10.0
20,CAN,Canada,1935,8.0,5,10.0
20,CAN,Canada,1936,8.0,5,10.0
20,CAN,Canada,1937,8.0,5,10.0
20,CAN,Canada,1938,8.0,5,10.0
20,CAN,Canada,1939,8.0,5,10.0
20,CAN,Canada,1940,8.0,5,10.0
20,CAN,Canada,1941,8.0,5,10.0
20,CAN,Canada,1942,8.0,5,10.0
20,CAN,Canada,1943,8.0,5,10.0
20,CAN,Canada,1944,8.0,5,10.0
20,CAN,Canada,1945,8.0,5,10.0
20,CAN,Canada,1946,8.0,5,10.0
20,CAN,Canada,1947,8.0,5,10.0
20,CAN,Canada,1948,8.0,5,10.0
20,CAN,Canada,1949,8.0,5,10.0
20,CAN,Canada,1950,8.0,5,10.0
20,CAN,Canada,1951,8.0,5,10.0
20,CAN,Canada,1952,8.0,5,10.0
20,CAN,Canada,1953,8.0,5,10.0
20,CAN,Canada,1954,8.0,5,10.0
20,CAN,Canada,1955,8.0,5,10.0
20,CAN,Canada,1956,8.0,5,10.0
20,CAN,Canada,1957,8.0,5,10.0
20,CAN,Canada,1958,8.0,5,10.0
20,CAN,Canada,1959,8.0,5,10.0
20,CAN,Canada,1960,8.0,5,10.0
20,CAN,Canada,1961,8.0,5,10.0
20,CAN,Canada,1962,8.0,5,10.0
20,CAN,Canada,1963,8.0,5,10.0
20,CAN,Canada,1964,8.0,5,10.0
20,CAN,Canada,1965,8.0,5,10.0
20,CAN,Canada,1966,8.0,5,10.0
20,CAN,Canada,1967,8.0,5,10.0
20,CAN,Canada,1968,8.0,5,10.0
20,CAN,Canada,1969,8.0,5,10.0
20,CAN,Canada,1970,8.0,5,10.0
20,CAN,Canada,1971,8.0,5,10.0
20,CAN,Canada,1972,8.0,5,10.0
20,CAN,Canada,1973,8.0,5,10.0
20,CAN,Canada,1974,8.0,5,10.0
20,CAN,Canada,1975,8.0,5,10.0
20,CAN,Canada,1976,8.0,5,10.0
20,CAN,Canada,1977,8.0,5,10.0
20,CAN,Canada,1978,8.0,5,10.0
20,CAN,Canada,1979,8.0,5,10.0
20,CAN,Canada,1980,8.0,5,10.0
20,CAN,Canada,1981,8.0,5,10.0
20,CAN,Canada,1982,8.0,5,10.0
20,CAN,Canada,1983,8.0,5,10.0
20,CAN,Canada,1984,8.0,5,10.0
20,CAN,Canada,1985,8.0,5,10.0
20,CAN,Canada,1986,8.0,5,10.0
20,CAN,Canada,1987,8.0,5,10.0
20,CAN,Canada,1988,8.0,5,10.0
20,CAN,Canada,1989,8.0,5,10.0
20,CAN,Canada,1990,8.0,5,10.0
20,CAN,Canada,1991,8.0,5,10.0
20,CAN,Canada,1992,8.0,5,10.0
20,CAN,Canada,1993,8.0,5,10.0
20,CAN,Canada,1994,8.0,5,10.0
20,CAN,Canada,1995,8.0,5,10.0
20,CAN,Canada,1996,8.0,5,10.0
20,CAN,Canada,1997,8.0,5,10.0
20,CAN,Canada,1998,8.0,5,10.0
20,CAN,Canada,1999,8.0,5,10.0
20,CAN,Canada,2000,8.0,5,10.0
20,CAN,Canada,2001,8.0,5,10.0
20,CAN,Canada,2002,8.0,5,10.0
20,CAN,Canada,2003,8.0,5,10.0
20,CAN,Canada,2004,8.0,5,10.0
20,CAN,Canada,2005,8.0,5,10.0
20,CAN,Canada,2006,8.0,5,10.0
20,CAN,Canada,2007,8.0,5,10.0
20,CAN,Canada,2008,8.0,5,10.0
20,CAN,Canada,2009,8.0,5,10.0
20,CAN,Canada,2010,8.0,5,10.0
20,CAN,Canada,2011,8.0,5,10.0
20,CAN,Canada,2012,8.0,5,10.0
20,CAN,Canada,2013,8.0,5,10.0
20,CAN,Canada,2014,8.0,5,10.0
20,CAN,Canada,2015,8.0,5,10.0
20,CAN,Canada,2016,8.0,5,10.0
20,CAN,Canada,2017,8.0,5,10.0
20,CAN,Canada,2018,8.0,5,10.0
471,CAO,Cameroon,1960,7.0,0,4.0
471,CAO,Cameroon,1961,7.0,0,4.0
471,CAO,Cameroon,1962,7.0,0,4.0
471,CAO,Cameroon,1963,7.0,0,4.0
471,CAO,Cameroon,1964,7.0,0,4.0
471,CAO,Cameroon,1965,7.0,0,4.0
471,CAO,Cameroon,1966,3.0,1,-7.0
471,CAO,Cameroon,1967,3.0,1,-7.0
471,CAO,Cameroon,1968,3.0,1,-7.0
471,CAO,Cameroon,1969,3.0,1,-7.0
471,CAO,Cameroon,1970,3.0,1,-7.0
471,CAO,Cameroon,1971,3.0,1,-7.0
471,CAO,Cameroon,1972,3.0,1,-8.0
471,CAO,Cameroon,1973,3.0,1,-8.0
471,CAO,Cameroon,1974,3.0,1,-8.0
471,CAO,Cameroon,1975,3.0,1,-8.0
471,CAO,Cameroon,1976,3.0,1,-8.0
471,CAO,Cameroon,1977,3.0,1,-8.0
471,CAO,Cameroon,1978,3.0,1,-8.0
471,CAO,Cameroon,1979,3.0,1,-8.0
471,CAO,Cameroon,1980,3.0,1,-8.0
471,CAO,Cameroon,1981,3.0,1,-8.0
471,CAO,Cameroon,1982,3.0,1,-7.0
471,CAO,Cameroon,1983,3.0,1,-7.0
471,CAO,Cameroon,1984,3.0,1,-9.0
471,CAO,Cameroon,1985,3.0,1,-9.0
471,CAO,Cameroon,1986,3.0,1,-9.0
471,CAO,Cameroon,1987,3.0,1,-9.0
471,CAO,Cameroon,1988,3.0,2,-6.0
471,CAO,Cameroon,1989,3.0,2,-6.0
471,CAO,Cameroon,1990,3.0,3,-3.0
471,CAO,Cameroon,1991,3.0,3,-3.0
471,CAO,Cameroon,1992,4.0,2,-5.0
471,CAO,Cameroon,1993,4.0,2,-5.0
471,CAO,Cameroon,1994,4.0,2,-5.0
471,CAO,Cameroon,1995,4.0,2,-5.0
471,CAO,Cameroon,1996,4.0,2,-5.0
471,CAO,Cameroon,1997,4.0,2,-5.0
471,CAO,Cameroon,1998,4.0,2,-5.0
471,CAO,Cameroon,1999,4.0,2,-5.0
471,CAO,Cameroon,2000,4.0,2,-5.0
471,CAO,Cameroon,2001,4.0,2,-5.0
471,CAO,Cameroon,2002,4.0,2,-5.0
471,CAO,Cameroon,2003,4.0,2,-5.0
471,CAO,Cameroon,2004,4.0,2,-5.0
471,CAO,Cameroon,2005,4.0,2,-5.0
471,CAO,Cameroon,2006,4.0,2,-5.0
471,CAO,Cameroon,2007,4.0,2,-5.0
471,CAO,Cameroon,2008,4.0,2,-5.0
471,CAO,Cameroon,2009,4.0,2,-5.0
471,CAO,Cameroon,2010,4.0,2,-5.0
471,CAO,Cameroon,2011,4.0,2,-5.0
471,CAO,Cameroon,2012,4.0,2,-5.0
471,CAO,Cameroon,2013,4.0,2,-5.0
471,CAO,Cameroon,2014,4.0,2,-5.0
471,CAO,Cameroon,2015,4.0,2,-5.0
471,CAO,Cameroon,2016,4.0,2,-5.0
471,CAO,Cameroon,2017,4.0,2,-5.0
471,CAO,Cameroon,2018,4.0,2,-5.0
402,CAP,Cape Verde,1975,3.0,1,-4.0
402,CAP,Cape Verde,1976,3.0,1,-4.0
402,CAP,Cape Verde,1977,3.0,1,-4.0
402,CAP,Cape Verde,1978,3.0,1,-4.0
402,CAP,Cape Verde,1979,3.0,1,-4.0
402,CAP,Cape Verde,1980,3.0,1,-4.0
402,CAP,Cape Verde,1981,3.0,1,-4.0
402,CAP,Cape Verde,1982,3.0,1,-4.0
402,CAP,Cape Verde,1983,3.0,1,-4.0
402,CAP,Cape Verde,1984,3.0,1,-4.0
402,CAP,Cape Verde,1985,3.0,2,-3.0
402,CAP,Cape Verde,1986,3.0,2,-3.0
402,CAP,Cape Verde,1987,3.0,2,-3.0
402,CAP,Cape Verde,1988,3.0,2,-3.0
402,CAP,Cape Verde,1989,3.0,2,-3.0
402,CAP,Cape Verde,1990,3.0,2,-2.0
402,CAP,Cape Verde,1991,8.0,4,8.0
402,CAP,Cape Verde,1992,8.0,4,8.0
402,CAP,Cape Verde,1993,8.0,4,8.0
402,CAP,Cape Verde,1994,8.0,4,8.0
402,CAP,Cape Verde,1995,8.0,4,8.0
402,CAP,Cape Verde,1996,8.0,4,8.0
402,CAP,Cape Verde,1997,8.0,4,8.0
402,CAP,Cape Verde,1998,8.0,4,8.0
402,CAP,Cape Verde,1999,8.0,4,8.0
402,CAP,Cape Verde,2000,8.0,4,8.0
402,CAP,Cape Verde,2001,8.0,5,10.0
402,CAP,Cape Verde,2002,8.0,5,10.0
402,CAP,Cape Verde,2003,8.0,5,10.0
402,CAP,Cape Verde,2004,8.0,5,10.0
402,CAP,Cape Verde,2005,8.0,5,10.0
402,CAP,Cape Verde,2006,8.0,5,10.0
402,CAP,Cape Verde,2007,8.0,5,10.0
402,CAP,Cape Verde,2008,8.0,5,10.0
402,CAP,Cape Verde,2009,8.0,5,10.0
402,CAP,Cape Verde,2010,8.0,5,10.0
402,CAP,Cape Verde,2011,8.0,5,10.0
402,CAP,Cape Verde,2012,8.0,5,10.0
402,CAP,Cape Verde,2013,8.0,5,10.0
402,CAP,Cape Verde,2014,8.0,5,10.0
402,CAP,Cape Verde,2015,8.0,5,10.0
402,CAP,Cape Verde,2016,8.0,5,10.0
402,CAP,Cape Verde,2017,8.0,5,10.0
402,CAP,Cape Verde,2018,8.0,5,10.0
482,CEN,Central African Republic,1960,4.0,1,-7.0
482,CEN,Central African Republic,1961,4.0,1,-7.0
482,CEN,Central African Republic,1962,4.0,1,-7.0
482,CEN,Central African Republic,1963,4.0,1,-7.0
482,CEN,Central African Republic,1964,4.0,1,-7.0
482,CEN,Central African Republic,1965,4.0,1,-7.0
482,CEN,Central African Republic,1966,4.0,1,-7.0
482,CEN,Central African Republic,1967,4.0,1,-7.0
482,CEN,Central African Republic,1968,4.0,1,-7.0
482,CEN,Central African Republic,1969,4.0,1,-7.0
482,CEN,Central African Republic,1970,4.0,1,-7.0
482,CEN,Central African Republic,1971,4.0,1,-7.0
482,CEN,Central African Republic,1972,4.0,1,-7.0
482,CEN,Central African Republic,1973,4.0,1,-7.0
482,CEN,Central African Republic,1974,4.0,1,-7.0
482,CEN,Central African Republic,1975,4.0,1,-7.0
482,CEN,Central African Republic,1976,4.0,1,-7.0
482,CEN,Central African Republic,1977,4.0,1,-7.0
482,CEN,Central African Republic,1978,4.0,1,-7.0
482,CEN,Central African Republic,1979,4.0,1,-7.0
482,CEN,Central African Republic,1980,4.0,1,-7.0
482,CEN,Central African Republic,1981,4.0,1,-7.0
482,CEN,Central African Republic,1982,4.0,1,-7.0
482,CEN,Central African Republic,1983,4.0,1,-7.0
482,CEN,Central African Republic,1984,4.0,1,-7.0
482,CEN,Central African Republic,1985,4.0,1,-7.0
482,CEN,Central African Republic,1986,4.0,1,-7.0
482,CEN,Central African Republic,1987,4.0,1,-7.0
482,CEN,Central African Republic,1988,4.0,1,-7.0
482,CEN,Central African Republic,1989,4.0,1,-7.0
482,CEN,Central African Republic,1990,4.0,1,-7.0
482,CEN,Central African Republic,1991,5.0,2,-6.0
482,CEN,Central African Republic,1992,5.0,2,-6.0
482,CEN,Central African Republic,1993,7.0,3,5.0
482,CEN,Central African Republic,1994,7.0,3,5.0
482,CEN,Central African Republic,1995,7.0,3,5.0
482,CEN,Central African Republic,1996,7.0,3,5.0
482,CEN,Central African Republic,1997,7.0,3,5.0
482,CEN,Central African Republic,1998,7.0,3,5.0
482,CEN,Central African Republic,1999,7.0,3,5.0
482,CEN,Central African Republic,2000,7.0,3,5.0
482,CEN,Central African Republic,2001,7.0,3,5.0
482,CEN,Central African Republic,2002,7.0,3,5.0
482,CEN,Central African Republic,2003,4.0,3,-1.0
482,CEN,Central African Republic,2004,4.0,3,-1.0
482,CEN,Central African Republic,2005,5.0,3,-1.0
482,CEN,Central African Republic,2006,5.0,3,-1.0
482,CEN,Central African Republic,2007,5.0,3,-1.0
482,CEN,Central African Republic,2008,5.0,3,-1.0
482,CEN,Central African Republic,2009,5.0,3,-1.0
482,CEN,Central African Republic,2010,5.0,3,-1.0
482,CEN,Central African Republic,2011,5.0,3,-1.0
482,CEN,Central African Republic,2012,5.0,3,-1.0
482,CEN,Central African Republic,2013,-77.0,-77,0.0
482,CEN,Central African Republic,2014,-77.0,-77,0.0
482,CEN,Central African Republic,2015,-77.0,-77,0.0
482,CEN,Central African Republic,2016,7.0,3,6.0
482,CEN,Central African Republic,2017,7.0,3,6.0
482,CEN,Central African Republic,2018,7.0,3,6.0
483,CHA,Chad,1960,3.0,0,-3.0
483,CHA,Chad,1961,3.0,0,-3.0
483,CHA,Chad,1962,3.0,1,-8.0
483,CHA,Chad,1963,3.0,1,-8.0
483,CHA,Chad,1964,3.0,1,-9.0
483,CHA,Chad,1965,3.0,1,-9.0
483,CHA,Chad,1966,3.0,1,-9.0
483,CHA,Chad,1967,3.0,1,-9.0
483,CHA,Chad,1968,3.0,1,-9.0
483,CHA,Chad,1969,3.0,2,-6.0
483,CHA,Chad,1970,3.0,2,-6.0
483,CHA,Chad,1971,3.0,2,-6.0
483,CHA,Chad,1972,3.0,2,-6.0
483,CHA,Chad,1973,3.0,1,-8.0
483,CHA,Chad,1974,3.0,1,-8.0
483,CHA,Chad,1975,4.0,1,-7.0
483,CHA,Chad,1976,4.0,1,-7.0
483,CHA,Chad,1977,4.0,1,-7.0
483,CHA,Chad,1978,-88.0,-88,-4.0
483,CHA,Chad,1979,-77.0,-77,0.0
483,CHA,Chad,1980,-77.0,-77,0.0
483,CHA,Chad,1981,-77.0,-77,0.0
483,CHA,Chad,1982,-77.0,-77,0.0
483,CHA,Chad,1983,-77.0,-77,0.0
483,CHA,Chad,1984,-77.0,-77,0.0
483,CHA,Chad,1985,4.0,1,-7.0
483,CHA,Chad,1986,4.0,1,-7.0
483,CHA,Chad,1987,4.0,1,-7.0
483,CHA,Chad,1988,4.0,1,-7.0
483,CHA,Chad,1989,4.0,1,-7.0
483,CHA,Chad,1990,5.0,2,-3.0
483,CHA,Chad,1991,5.0,2,-3.0
483,CHA,Chad,1992,5.0,2,-3.0
483,CHA,Chad,1993,-88.0,-88,-3.0
483,CHA,Chad,1994,-88.0,-88,-2.0
483,CHA,Chad,1995,-88.0,-88,-1.0
483,CHA,Chad,1996,4.0,3,-1.0
483,CHA,Chad,1997,4.0,3,-1.0
483,CHA,Chad,1998,4.0,3,-1.0
483,CHA,Chad,1999,4.0,3,-1.0
483,CHA,Chad,2000,4.0,3,-1.0
483,CHA,Chad,2001,4.0,3,-1.0
483,CHA,Chad,2002,4.0,3,-1.0
483,CHA,Chad,2003,4.0,3,-1.0
483,CHA,Chad,2004,4.0,3,-1.0
483,CHA,Chad,2005,4.0,3,-1.0
483,CHA,Chad,2006,4.0,3,-1.0
483,CHA,Chad,2007,4.0,3,-1.0
483,CHA,Chad,2008,4.0,3,-1.0
483,CHA,Chad,2009,4.0,3,-1.0
483,CHA,Chad,2010,4.0,3,-1.0
483,CHA,Chad,2011,4.0,3,-1.0
483,CHA,Chad,2012,4.0,3,-1.0
483,CHA,Chad,2013,4.0,3,-1.0
483,CHA,Chad,2014,4.0,3,-1.0
483,CHA,Chad,2015,4.0,3,-1.0
483,CHA,Chad,2016,4.0,3,-1.0
483,CHA,Chad,2017,4.0,3,-1.0
483,CHA,Chad,2018,4.0,3,-1.0
155,CHL,Chile,1818,3.0,3,-5.0
155,CHL,Chile,1819,3.0,3,-5.0
155,CHL,Chile,1820,3.0,3,-5.0
155,CHL,Chile,1821,3.0,3,-5.0
155,CHL,Chile,1822,3.0,3,-5.0
155,CHL,Chile,1823,3.0,3,-5.0
155,CHL,Chile,1824,3.0,3,-5.0
155,CHL,Chile,1825,3.0,3,-5.0
155,CHL,Chile,1826,3.0,3,-5.0
155,CHL,Chile,1827,3.0,3,-5.0
155,CHL,Chile,1828,3.0,3,-5.0
155,CHL,Chile,1829,3.0,3,-5.0
155,CHL,Chile,1830,3.0,3,-5.0
155,CHL,Chile,1831,3.0,3,-5.0
155,CHL,Chile,1832,3.0,3,-5.0
155,CHL,Chile,1833,3.0,3,-5.0
155,CHL,Chile,1834,3.0,3,-5.0
155,CHL,Chile,1835,3.0,3,-5.0
155,CHL,Chile,1836,3.0,3,-5.0
155,CHL,Chile,1837,3.0,3,-5.0
155,CHL,Chile,1838,3.0,3,-5.0
155,CHL,Chile,1839,3.0,3,-5.0
155,CHL,Chile,1840,3.0,3,-5.0
155,CHL,Chile,1841,3.0,3,-5.0
155,CHL,Chile,1842,3.0,3,-5.0
155,CHL,Chile,1843,3.0,3,-5.0
155,CHL,Chile,1844,3.0,3,-5.0
155,CHL,Chile,1845,3.0,3,-5.0
155,CHL,Chile,1846,3.0,3,-5.0
155,CHL,Chile,1847,3.0,3,-5.0
155,CHL,Chile,1848,3.0,3,-5.0
155,CHL,Chile,1849,3.0,3,-5.0
155,CHL,Chile,1850,3.0,3,-5.0
155,CHL,Chile,1851,7.0,3,0.0
155,CHL,Chile,1852,7.0,3,0.0
155,CHL,Chile,1853,7.0,3,0.0
155,CHL,Chile,1854,7.0,3,0.0
155,CHL,Chile,1855,7.0,3,0.0
155,CHL,Chile,1856,7.0,3,0.0
155,CHL,Chile,1857,7.0,3,0.0
155,CHL,Chile,1858,7.0,3,0.0
155,CHL,Chile,1859,7.0,3,0.0
155,CHL,Chile,1860,7.0,3,0.0
155,CHL,Chile,1861,7.0,3,0.0
155,CHL,Chile,1862,7.0,3,0.0
155,CHL,Chile,1863,7.0,3,0.0
155,CHL,Chile,1864,7.0,3,0.0
155,CHL,Chile,1865,7.0,3,0.0
155,CHL,Chile,1866,7.0,3,0.0
155,CHL,Chile,1867,7.0,3,0.0
155,CHL,Chile,1868,7.0,3,0.0
155,CHL,Chile,1869,7.0,3,0.0
155,CHL,Chile,1870,7.0,3,0.0
155,CHL,Chile,1871,7.0,3,0.0
155,CHL,Chile,1872,7.0,3,0.0
155,CHL,Chile,1873,7.0,3,0.0
155,CHL,Chile,1874,7.0,3,3.0
155,CHL,Chile,1875,7.0,3,3.0
155,CHL,Chile,1876,7.0,3,3.0
155,CHL,Chile,1877,7.0,3,3.0
155,CHL,Chile,1878,7.0,3,3.0
155,CHL,Chile,1879,7.0,3,3.0
155,CHL,Chile,1880,7.0,3,3.0
155,CHL,Chile,1881,7.0,3,3.0
155,CHL,Chile,1882,7.0,3,3.0
155,CHL,Chile,1883,7.0,3,3.0
155,CHL,Chile,1884,7.0,3,3.0
155,CHL,Chile,1885,7.0,3,3.0
155,CHL,Chile,1886,7.0,3,3.0
155,CHL,Chile,1887,7.0,3,3.0
155,CHL,Chile,1888,8.0,3,5.0
155,CHL,Chile,1889,8.0,3,5.0
155,CHL,Chile,1890,8.0,3,5.0
155,CHL,Chile,1891,3.0,3,3.0
155,CHL,Chile,1892,3.0,3,3.0
155,CHL,Chile,1893,3.0,3,3.0
155,CHL,Chile,1894,3.0,3,3.0
155,CHL,Chile,1895,3.0,3,3.0
155,CHL,Chile,1896,3.0,3,3.0
155,CHL,Chile,1897,3.0,3,3.0
155,CHL,Chile,1898,3.0,3,3.0
155,CHL,Chile,1899,3.0,3,3.0
155,CHL,Chile,1900,3.0,3,3.0
155,CHL,Chile,1901,3.0,3,3.0
155,CHL,Chile,1902,3.0,3,3.0
155,CHL,Chile,1903,3.0,3,3.0
155,CHL,Chile,1904,3.0,3,3.0
155,CHL,Chile,1905,3.0,3,3.0
155,CHL,Chile,1906,3.0,3,3.0
155,CHL,Chile,1907,3.0,3,3.0
155,CHL,Chile,1908,3.0,3,3.0
155,CHL,Chile,1909,3.0,3,3.0
155,CHL,Chile,1910,3.0,3,3.0
155,CHL,Chile,1911,3.0,3,3.0
155,CHL,Chile,1912,3.0,3,3.0
155,CHL,Chile,1913,3.0,3,3.0
155,CHL,Chile,1914,3.0,3,3.0
155,CHL,Chile,1915,3.0,3,3.0
155,CHL,Chile,1916,3.0,3,3.0
155,CHL,Chile,1917,3.0,3,3.0
155,CHL,Chile,1918,3.0,3,3.0
155,CHL,Chile,1919,3.0,3,3.0
155,CHL,Chile,1920,3.0,3,3.0
155,CHL,Chile,1921,3.0,3,3.0
155,CHL,Chile,1922,3.0,3,3.0
155,CHL,Chile,1923,3.0,3,3.0
155,CHL,Chile,1924,-88.0,-88,0.0
155,CHL,Chile,1925,3.0,3,-2.0
155,CHL,Chile,1926,3.0,3,-2.0
155,CHL,Chile,1927,3.0,3,-2.0
155,CHL,Chile,1928,3.0,3,-2.0
155,CHL,Chile,1929,3.0,3,-2.0
155,CHL,Chile,1930,3.0,3,-2.0
155,CHL,Chile,1931,3.0,3,-2.0
155,CHL,Chile,1932,3.0,3,-2.0
155,CHL,Chile,1933,3.0,3,-2.0
155,CHL,Chile,1934,3.0,3,-2.0
155,CHL,Chile,1935,7.0,3,2.0
155,CHL,Chile,1936,7.0,3,2.0
155,CHL,Chile,1937,7.0,3,2.0
155,CHL,Chile,1938,7.0,3,2.0
155,CHL,Chile,1939,7.0,3,2.0
155,CHL,Chile,1940,7.0,3,2.0
155,CHL,Chile,1941,7.0,3,2.0
155,CHL,Chile,1942,7.0,3,2.0
155,CHL,Chile,1943,7.0,3,2.0
155,CHL,Chile,1944,7.0,3,2.0
155,CHL,Chile,1945,7.0,3,2.0
155,CHL,Chile,1946,7.0,3,2.0
155,CHL,Chile,1947,7.0,3,2.0
155,CHL,Chile,1948,7.0,3,2.0
155,CHL,Chile,1949,7.0,3,2.0
155,CHL,Chile,1950,7.0,3,2.0
155,CHL,Chile,1951,7.0,3,2.0
155,CHL,Chile,1952,7.0,3,2.0
155,CHL,Chile,1953,7.0,3,2.0
155,CHL,Chile,1954,7.0,3,2.0
155,CHL,Chile,1955,7.0,3,2.0
155,CHL,Chile,1956,7.0,3,2.0
155,CHL,Chile,1957,7.0,3,2.0
155,CHL,Chile,1958,8.0,3,5.0
155,CHL,Chile,1959,8.0,3,5.0
155,CHL,Chile,1960,8.0,3,5.0
155,CHL,Chile,1961,8.0,3,5.0
155,CHL,Chile,1962,8.0,3,5.0
155,CHL,Chile,1963,8.0,3,5.0
155,CHL,Chile,1964,8.0,3,6.0
155,CHL,Chile,1965,8.0,3,6.0
155,CHL,Chile,1966,8.0,3,6.0
155,CHL,Chile,1967,8.0,3,6.0
155,CHL,Chile,1968,8.0,3,6.0
155,CHL,Chile,1969,8.0,3,6.0
155,CHL,Chile,1970,8.0,3,6.0
155,CHL,Chile,1971,8.0,3,6.0
155,CHL,Chile,1972,8.0,3,6.0
155,CHL,Chile,1973,4.0,1,-7.0
155,CHL,Chile,1974,4.0,1,-7.0
155,CHL,Chile,1975,4.0,1,-7.0
155,CHL,Chile,1976,4.0,1,-7.0
155,CHL,Chile,1977,4.0,1,-7.0
155,CHL,Chile,1978,4.0,1,-7.0
155,CHL,Chile,1979,4.0,1,-7.0
155,CHL,Chile,1980,4.0,1,-7.0
155,CHL,Chile,1981,5.0,1,-7.0
155,CHL,Chile,1982,5.0,1,-7.0
155,CHL,Chile,1983,5.0,2,-6.0
155,CHL,Chile,1984,5.0,2,-6.0
155,CHL,Chile,1985,5.0,2,-6.0
155,CHL,Chile,1986,5.0,2,-6.0
155,CHL,Chile,1987,5.0,2,-6.0
155,CHL,Chile,1988,5.0,4,-1.0
155,CHL,Chile,1989,7.0,4,8.0
155,CHL,Chile,1990,7.0,4,8.0
155,CHL,Chile,1991,7.0,4,8.0
155,CHL,Chile,1992,7.0,4,8.0
155,CHL,Chile,1993,7.0,4,8.0
155,CHL,Chile,1994,7.0,4,8.0
155,CHL,Chile,1995,7.0,4,8.0
155,CHL,Chile,1996,7.0,4,8.0
155,CHL,Chile,1997,7.0,4,8.0
155,CHL,Chile,1998,7.0,4,8.0
155,CHL,Chile,1999,7.0,4,8.0
155,CHL,Chile,2000,8.0,4,9.0
155,CHL,Chile,2001,8.0,4,9.0
155,CHL,Chile,2002,8.0,4,9.0
155,CHL,Chile,2003,8.0,4,9.0
155,CHL,Chile,2004,8.0,4,9.0
155,CHL,Chile,2005,8.0,4,9.0
155,CHL,Chile,2006,8.0,5,10.0
155,CHL,Chile,2007,8.0,5,10.0
155,CHL,Chile,2008,8.0,5,10.0
155,CHL,Chile,2009,8.0,5,10.0
155,CHL,Chile,2010,8.0,5,10.0
155,CHL,Chile,2011,8.0,5,10.0
155,CHL,Chile,2012,8.0,5,10.0
155,CHL,Chile,2013,8.0,5,10.0
155,CHL,Chile,2014,8.0,5,10.0
155,CHL,Chile,2015,8.0,5,10.0
155,CHL,Chile,2016,8.0,5,10.0
155,CHL,Chile,2017,8.0,5,10.0
155,CHL,Chile,2018,8.0,5,10.0
710,CHN,China,1800,1.0,3,-6.0
710,CHN,China,1801,1.0,3,-6.0
710,CHN,China,1802,1.0,3,-6.0
710,CHN,China,1803,1.0,3,-6.0
710,CHN,China,1804,1.0,3,-6.0
710,CHN,China,1805,1.0,3,-6.0
710,CHN,China,1806,1.0,3,-6.0
710,CHN,China,1807,1.0,3,-6.0
710,CHN,China,1808,1.0,3,-6.0
710,CHN,China,1809,1.0,3,-6.0
710,CHN,China,1810,1.0,3,-6.0
710,CHN,China,1811,1.0,3,-6.0
710,CHN,China,1812,1.0,3,-6.0
710,CHN,China,1813,1.0,3,-6.0
710,CHN,China,1814,1.0,3,-6.0
710,CHN,China,1815,1.0,3,-6.0
710,CHN,China,1816,1.0,3,-6.0
710,CHN,China,1817,1.0,3,-6.0
710,CHN,China,1818,1.0,3,-6.0
710,CHN,China,1819,1.0,3,-6.0
710,CHN,China,1820,1.0,3,-6.0
710,CHN,China,1821,1.0,3,-6.0
710,CHN,China,1822,1.0,3,-6.0
710,CHN,China,1823,1.0,3,-6.0
710,CHN,China,1824,1.0,3,-6.0
710,CHN,China,1825,1.0,3,-6.0
710,CHN,China,1826,1.0,3,-6.0
710,CHN,China,1827,1.0,3,-6.0
710,CHN,China,1828,1.0,3,-6.0
710,CHN,China,1829,1.0,3,-6.0
710,CHN,China,1830,1.0,3,-6.0
710,CHN,China,1831,1.0,3,-6.0
710,CHN,China,1832,1.0,3,-6.0
710,CHN,China,1833,1.0,3,-6.0
710,CHN,China,1834,1.0,3,-6.0
710,CHN,China,1835,1.0,3,-6.0
710,CHN,China,1836,1.0,3,-6.0
710,CHN,China,1837,1.0,3,-6.0
710,CHN,China,1838,1.0,3,-6.0
710,CHN,China,1839,1.0,3,-6.0
710,CHN,China,1840,1.0,3,-6.0
710,CHN,China,1841,1.0,3,-6.0
710,CHN,China,1842,1.0,3,-6.0
710,CHN,China,1843,1.0,3,-6.0
710,CHN,China,1844,1.0,3,-6.0
710,CHN,China,1845,1.0,3,-6.0
710,CHN,China,1846,1.0,3,-6.0
710,CHN,China,1847,1.0,3,-6.0
710,CHN,China,1848,1.0,3,-6.0
710,CHN,China,1849,1.0,3,-6.0
710,CHN,China,1850,1.0,3,-6.0
710,CHN,China,1851,1.0,3,-6.0
710,CHN,China,1852,1.0,3,-6.0
710,CHN,China,1853,1.0,3,-6.0
710,CHN,China,1854,1.0,3,-6.0
710,CHN,China,1855,1.0,3,-6.0
710,CHN,China,1856,1.0,3,-6.0
710,CHN,China,1857,1.0,3,-6.0
710,CHN,China,1858,1.0,3,-6.0
710,CHN,China,1859,1.0,3,-6.0
710,CHN,China,1860,-66.0,-66,
710,CHN,China,1861,-66.0,-66,
710,CHN,China,1862,1.0,3,-6.0
710,CHN,China,1863,1.0,3,-6.0
710,CHN,China,1864,1.0,3,-6.0
710,CHN,China,1865,1.0,3,-6.0
710,CHN,China,1866,1.0,3,-6.0
710,CHN,China,1867,1.0,3,-6.0
710,CHN,China,1868,1.0,3,-6.0
710,CHN,China,1869,1.0,3,-6.0
710,CHN,China,1870,1.0,3,-6.0
710,CHN,China,1871,1.0,3,-6.0
710,CHN,China,1872,1.0,3,-6.0
710,CHN,China,1873,1.0,3,-6.0
710,CHN,China,1874,1.0,3,-6.0
710,CHN,China,1875,1.0,3,-6.0
710,CHN,China,1876,1.0,3,-6.0
710,CHN,China,1877,1.0,3,-6.0
710,CHN,China,1878,1.0,3,-6.0
710,CHN,China,1879,1.0,3,-6.0
710,CHN,China,1880,1.0,3,-6.0
710,CHN,China,1881,1.0,3,-6.0
710,CHN,China,1882,1.0,3,-6.0
710,CHN,China,1883,1.0,3,-6.0
710,CHN,China,1884,1.0,3,-6.0
710,CHN,China,1885,1.0,3,-6.0
710,CHN,China,1886,1.0,3,-6.0
710,CHN,China,1887,1.0,3,-6.0
710,CHN,China,1888,1.0,3,-6.0
710,CHN,China,1889,1.0,3,-6.0
710,CHN,China,1890,1.0,3,-6.0
710,CHN,China,1891,1.0,3,-6.0
710,CHN,China,1892,1.0,3,-6.0
710,CHN,China,1893,1.0,3,-6.0
710,CHN,China,1894,1.0,3,-6.0
710,CHN,China,1895,1.0,3,-6.0
710,CHN,China,1896,1.0,3,-6.0
710,CHN,China,1897,1.0,3,-6.0
710,CHN,China,1898,1.0,3,-6.0
710,CHN,China,1899,1.0,3,-6.0
710,CHN,China,1900,1.0,3,-6.0
710,CHN,China,1901,1.0,3,-6.0
710,CHN,China,1902,1.0,3,-6.0
710,CHN,China,1903,1.0,3,-6.0
710,CHN,China,1904,1.0,3,-6.0
710,CHN,China,1905,1.0,3,-6.0
710,CHN,China,1906,1.0,3,-6.0
710,CHN,China,1907,1.0,3,-6.0
710,CHN,China,1908,1.0,3,-6.0
710,CHN,China,1909,1.0,3,-6.0
710,CHN,China,1910,1.0,3,-6.0
710,CHN,China,1911,-88.0,-88,-2.0
710,CHN,China,1912,4.0,3,2.0
710,CHN,China,1913,-88.0,-88,-2.0
710,CHN,China,1914,3.0,3,-5.0
710,CHN,China,1915,3.0,3,-5.0
710,CHN,China,1916,3.0,3,-5.0
710,CHN,China,1917,3.0,3,-5.0
710,CHN,China,1918,3.0,3,-5.0
710,CHN,China,1919,3.0,3,-5.0
710,CHN,China,1920,3.0,3,-5.0
710,CHN,China,1921,3.0,3,-5.0
710,CHN,China,1922,3.0,3,-5.0
710,CHN,China,1923,3.0,3,-5.0
710,CHN,China,1924,3.0,3,-5.0
710,CHN,China,1925,3.0,3,-5.0
710,CHN,China,1926,3.0,3,-5.0
710,CHN,China,1927,3.0,3,-5.0
710,CHN,China,1928,3.0,3,-5.0
710,CHN,China,1929,3.0,3,-5.0
710,CHN,China,1930,3.0,3,-5.0
710,CHN,China,1931,3.0,3,-5.0
710,CHN,China,1932,3.0,3,-5.0
710,CHN,China,1933,3.0,3,-5.0
710,CHN,China,1934,3.0,3,-5.0
710,CHN,China,1935,3.0,3,-5.0
710,CHN,China,1936,3.0,3,-5.0
710,CHN,China,1937,-66.0,-66,
710,CHN,China,1938,-66.0,-66,
710,CHN,China,1939,-66.0,-66,
710,CHN,China,1940,-66.0,-66,
710,CHN,China,1941,-66.0,-66,
710,CHN,China,1942,-66.0,-66,
710,CHN,China,1943,-66.0,-66,
710,CHN,China,1944,-66.0,-66,
710,CHN,China,1945,-66.0,-66,
710,CHN,China,1946,3.0,3,-5.0
710,CHN,China,1947,3.0,3,-5.0
710,CHN,China,1948,3.0,3,-5.0
710,CHN,China,1949,3.0,1,-8.0
710,CHN,China,1950,3.0,1,-8.0
710,CHN,China,1951,3.0,1,-8.0
710,CHN,China,1952,3.0,1,-8.0
710,CHN,China,1953,3.0,1,-8.0
710,CHN,China,1954,3.0,1,-8.0
710,CHN,China,1955,3.0,1,-8.0
710,CHN,China,1956,3.0,1,-8.0
710,CHN,China,1957,3.0,1,-8.0
710,CHN,China,1958,3.0,1,-8.0
710,CHN,China,1959,3.0,1,-8.0
710,CHN,China,1960,3.0,1,-8.0
710,CHN,China,1961,3.0,1,-8.0
710,CHN,China,1962,3.0,1,-8.0
710,CHN,China,1963,3.0,1,-8.0
710,CHN,China,1964,3.0,1,-8.0
710,CHN,China,1965,3.0,1,-8.0
710,CHN,China,1966,3.0,1,-9.0
710,CHN,China,1967,3.0,1,-9.0
710,CHN,China,1968,3.0,1,-9.0
710,CHN,China,1969,3.0,1,-8.0
710,CHN,China,1970,3.0,1,-8.0
710,CHN,China,1971,3.0,1,-8.0
710,CHN,China,1972,3.0,1,-8.0
710,CHN,China,1973,3.0,1,-8.0
710,CHN,China,1974,3.0,1,-8.0
710,CHN,China,1975,3.0,1,-8.0
710,CHN,China,1976,3.0,1,-7.0
710,CHN,China,1977,3.0,1,-7.0
710,CHN,China,1978,3.0,1,-7.0
710,CHN,China,1979,3.0,1,-7.0
710,CHN,China,1980,3.0,1,-7.0
710,CHN,China,1981,3.0,1,-7.0
710,CHN,China,1982,3.0,1,-7.0
710,CHN,China,1983,3.0,1,-7.0
710,CHN,China,1984,3.0,1,-7.0
710,CHN,China,1985,3.0,1,-7.0
710,CHN,China,1986,3.0,1,-7.0
710,CHN,China,1987,3.0,1,-7.0
710,CHN,China,1988,3.0,1,-7.0
710,CHN,China,1989,3.0,1,-7.0
710,CHN,China,1990,3.0,1,-7.0
710,CHN,China,1991,3.0,1,-7.0
710,CHN,China,1992,3.0,1,-7.0
710,CHN,China,1993,3.0,1,-7.0
710,CHN,China,1994,3.0,1,-7.0
710,CHN,China,1995,3.0,1,-7.0
710,CHN,China,1996,3.0,1,-7.0
710,CHN,China,1997,3.0,1,-7.0
710,CHN,China,1998,3.0,1,-7.0
710,CHN,China,1999,3.0,1,-7.0
710,CHN,China,2000,3.0,1,-7.0
710,CHN,China,2001,3.0,1,-7.0
710,CHN,China,2002,3.0,1,-7.0
710,CHN,China,2003,3.0,1,-7.0
710,CHN,China,2004,3.0,1,-7.0
710,CHN,China,2005,3.0,1,-7.0
710,CHN,China,2006,3.0,1,-7.0
710,CHN,China,2007,3.0,1,-7.0
710,CHN,China,2008,3.0,1,-7.0
710,CHN,China,2009,3.0,1,-7.0
710,CHN,China,2010,3.0,1,-7.0
710,CHN,China,2011,3.0,1,-7.0
710,CHN,China,2012,3.0,1,-7.0
710,CHN,China,2013,3.0,1,-7.0
710,CHN,China,2014,3.0,1,-7.0
710,CHN,China,2015,3.0,1,-7.0
710,CHN,China,2016,3.0,1,-7.0
710,CHN,China,2017,3.0,1,-7.0
710,CHN,China,2018,3.0,1,-7.0
100,COL,Colombia,1832,8.0,3,2.0
100,COL,Colombia,1833,8.0,3,2.0
100,COL,Colombia,1834,8.0,3,2.0
100,COL,Colombia,1835,8.0,3,2.0
100,COL,Colombia,1836,8.0,3,2.0
100,COL,Colombia,1837,8.0,3,2.0
100,COL,Colombia,1838,8.0,3,2.0
100,COL,Colombia,1839,8.0,3,2.0
100,COL,Colombia,1840,8.0,3,2.0
100,COL,Colombia,1841,8.0,3,2.0
100,COL,Colombia,1842,8.0,3,2.0
100,COL,Colombia,1843,8.0,3,2.0
100,COL,Colombia,1844,8.0,3,2.0
100,COL,Colombia,1845,8.0,3,2.0
100,COL,Colombia,1846,8.0,3,2.0
100,COL,Colombia,1847,8.0,3,2.0
100,COL,Colombia,1848,8.0,3,2.0
100,COL,Colombia,1849,8.0,3,2.0
100,COL,Colombia,1850,8.0,3,2.0
100,COL,Colombia,1851,8.0,3,2.0
100,COL,Colombia,1852,8.0,3,2.0
100,COL,Colombia,1853,8.0,3,2.0
100,COL,Colombia,1854,8.0,3,2.0
100,COL,Colombia,1855,8.0,3,2.0
100,COL,Colombia,1856,8.0,3,2.0
100,COL,Colombia,1857,8.0,3,2.0
100,COL,Colombia,1858,8.0,3,2.0
100,COL,Colombia,1859,8.0,3,2.0
100,COL,Colombia,1860,-77.0,-77,0.0
100,COL,Colombia,1861,3.0,3,-5.0
100,COL,Colombia,1862,3.0,3,-5.0
100,COL,Colombia,1863,3.0,3,-5.0
100,COL,Colombia,1864,3.0,3,-5.0
100,COL,Colombia,1865,3.0,3,-5.0
100,COL,Colombia,1866,3.0,3,-5.0
100,COL,Colombia,1867,8.0,3,8.0
100,COL,Colombia,1868,8.0,3,8.0
100,COL,Colombia,1869,8.0,3,8.0
100,COL,Colombia,1870,8.0,3,8.0
100,COL,Colombia,1871,8.0,3,8.0
100,COL,Colombia,1872,8.0,3,8.0
100,COL,Colombia,1873,8.0,3,8.0
100,COL,Colombia,1874,8.0,3,8.0
100,COL,Colombia,1875,8.0,3,8.0
100,COL,Colombia,1876,8.0,3,8.0
100,COL,Colombia,1877,8.0,3,8.0
100,COL,Colombia,1878,8.0,3,8.0
100,COL,Colombia,1879,8.0,3,8.0
100,COL,Colombia,1880,8.0,3,8.0
100,COL,Colombia,1881,8.0,3,8.0
100,COL,Colombia,1882,8.0,3,8.0
100,COL,Colombia,1883,8.0,3,8.0
100,COL,Colombia,1884,8.0,3,8.0
100,COL,Colombia,1885,8.0,3,8.0
100,COL,Colombia,1886,3.0,3,-3.0
100,COL,Colombia,1887,3.0,3,-3.0
100,COL,Colombia,1888,3.0,3,-3.0
100,COL,Colombia,1889,3.0,3,-3.0
100,COL,Colombia,1890,3.0,3,-3.0
100,COL,Colombia,1891,3.0,3,-3.0
100,COL,Colombia,1892,3.0,3,-3.0
100,COL,Colombia,1893,3.0,3,-3.0
100,COL,Colombia,1894,3.0,3,-3.0
100,COL,Colombia,1895,3.0,3,-3.0
100,COL,Colombia,1896,3.0,3,-3.0
100,COL,Colombia,1897,3.0,3,-3.0
100,COL,Colombia,1898,3.0,3,-3.0
100,COL,Colombia,1899,3.0,3,-3.0
100,COL,Colombia,1900,3.0,3,0.0
100,COL,Colombia,1901,3.0,3,0.0
100,COL,Colombia,1902,3.0,3,0.0
100,COL,Colombia,1903,3.0,3,0.0
100,COL,Colombia,1904,3.0,3,-5.0
100,COL,Colombia,1905,3.0,3,-5.0
100,COL,Colombia,1906,3.0,3,-5.0
100,COL,Colombia,1907,3.0,3,-5.0
100,COL,Colombia,1908,3.0,3,-5.0
100,COL,Colombia,1909,3.0,3,-5.0
100,COL,Colombia,1910,3.0,3,-5.0
100,COL,Colombia,1911,3.0,3,-5.0
100,COL,Colombia,1912,3.0,3,-5.0
100,COL,Colombia,1913,3.0,3,-5.0
100,COL,Colombia,1914,3.0,3,-5.0
100,COL,Colombia,1915,3.0,3,-5.0
100,COL,Colombia,1916,3.0,3,-5.0
100,COL,Colombia,1917,3.0,3,-5.0
100,COL,Colombia,1918,3.0,3,-5.0
100,COL,Colombia,1919,3.0,3,-5.0
100,COL,Colombia,1920,3.0,3,-5.0
100,COL,Colombia,1921,3.0,3,-5.0
100,COL,Colombia,1922,3.0,3,-5.0
100,COL,Colombia,1923,3.0,3,-5.0
100,COL,Colombia,1924,3.0,3,-5.0
100,COL,Colombia,1925,3.0,3,-5.0
100,COL,Colombia,1926,3.0,3,-5.0
100,COL,Colombia,1927,3.0,3,-5.0
100,COL,Colombia,1928,3.0,3,-5.0
100,COL,Colombia,1929,3.0,3,-5.0
100,COL,Colombia,1930,8.0,5,5.0
100,COL,Colombia,1931,8.0,5,5.0
100,COL,Colombia,1932,8.0,5,5.0
100,COL,Colombia,1933,8.0,5,5.0
100,COL,Colombia,1934,8.0,5,5.0
100,COL,Colombia,1935,8.0,5,5.0
100,COL,Colombia,1936,8.0,5,5.0
100,COL,Colombia,1937,8.0,5,5.0
100,COL,Colombia,1938,8.0,5,5.0
100,COL,Colombia,1939,8.0,5,5.0
100,COL,Colombia,1940,8.0,5,5.0
100,COL,Colombia,1941,8.0,5,5.0
100,COL,Colombia,1942,8.0,5,5.0
100,COL,Colombia,1943,8.0,5,5.0
100,COL,Colombia,1944,8.0,5,5.0
100,COL,Colombia,1945,8.0,5,5.0
100,COL,Colombia,1946,8.0,5,5.0
100,COL,Colombia,1947,8.0,5,5.0
100,COL,Colombia,1948,3.0,3,-5.0
100,COL,Colombia,1949,3.0,3,-5.0
100,COL,Colombia,1950,3.0,3,-5.0
100,COL,Colombia,1951,3.0,3,-5.0
100,COL,Colombia,1952,3.0,3,-5.0
100,COL,Colombia,1953,3.0,3,-5.0
100,COL,Colombia,1954,3.0,3,-5.0
100,COL,Colombia,1955,3.0,3,-5.0
100,COL,Colombia,1956,3.0,3,-5.0
100,COL,Colombia,1957,7.0,4,7.0
100,COL,Colombia,1958,7.0,4,7.0
100,COL,Colombia,1959,7.0,4,7.0
100,COL,Colombia,1960,7.0,4,7.0
100,COL,Colombia,1961,7.0,4,7.0
100,COL,Colombia,1962,7.0,4,7.0
100,COL,Colombia,1963,7.0,4,7.0
100,COL,Colombia,1964,7.0,4,7.0
100,COL,Colombia,1965,7.0,4,7.0
100,COL,Colombia,1966,7.0,4,7.0
100,COL,Colombia,1967,7.0,4,7.0
100,COL,Colombia,1968,7.0,4,7.0
100,COL,Colombia,1969,7.0,4,7.0
100,COL,Colombia,1970,7.0,4,7.0
100,COL,Colombia,1971,7.0,4,7.0
100,COL,Colombia,1972,7.0,4,7.0
100,COL,Colombia,1973,7.0,4,7.0
100,COL,Colombia,1974,8.0,4,8.0
100,COL,Colombia,1975,8.0,4,8.0
100,COL,Colombia,1976,8.0,4,8.0
100,COL,Colombia,1977,8.0,4,8.0
100,COL,Colombia,1978,8.0,4,8.0
100,COL,Colombia,1979,8.0,4,8.0
100,COL,Colombia,1980,8.0,4,8.0
100,COL,Colombia,1981,8.0,4,8.0
100,COL,Colombia,1982,8.0,4,8.0
100,COL,Colombia,1983,8.0,4,8.0
100,COL,Colombia,1984,8.0,4,8.0
100,COL,Colombia,1985,8.0,4,8.0
100,COL,Colombia,1986,8.0,4,8.0
100,COL,Colombia,1987,8.0,4,8.0
100,COL,Colombia,1988,8.0,4,8.0
100,COL,Colombia,1989,8.0,4,8.0
100,COL,Colombia,1990,8.0,4,8.0
100,COL,Colombia,1991,8.0,4,9.0
100,COL,Colombia,1992,8.0,4,9.0
100,COL,Colombia,1993,8.0,4,9.0
100,COL,Colombia,1994,8.0,4,9.0
100,COL,Colombia,1995,8.0,3,7.0
100,COL,Colombia,1996,8.0,3,7.0
100,COL,Colombia,1997,8.0,3,7.0
100,COL,Colombia,1998,8.0,3,7.0
100,COL,Colombia,1999,8.0,3,7.0
100,COL,Colombia,2000,8.0,3,7.0
100,COL,Colombia,2001,8.0,3,7.0
100,COL,Colombia,2002,8.0,3,7.0
100,COL,Colombia,2003,8.0,3,7.0
100,COL,Colombia,2004,8.0,3,7.0
100,COL,Colombia,2005,8.0,3,7.0
100,COL,Colombia,2006,8.0,3,7.0
100,COL,Colombia,2007,8.0,3,7.0
100,COL,Colombia,2008,8.0,3,7.0
100,COL,Colombia,2009,8.0,3,7.0
100,COL,Colombia,2010,8.0,3,7.0
100,COL,Colombia,2011,8.0,3,7.0
100,COL,Colombia,2012,8.0,3,7.0
100,COL,Colombia,2013,8.0,3,7.0
100,COL,Colombia,2014,8.0,3,7.0
100,COL,Colombia,2015,8.0,3,7.0
100,COL,Colombia,2016,8.0,3,7.0
100,COL,Colombia,2017,8.0,3,7.0
100,COL,Colombia,2018,8.0,3,7.0
581,COM,Comoros,1975,3.0,0,-5.0
581,COM,Comoros,1976,3.0,0,-5.0
581,COM,Comoros,1977,3.0,0,-5.0
581,COM,Comoros,1978,3.0,0,0.0
581,COM,Comoros,1979,3.0,0,0.0
581,COM,Comoros,1980,3.0,0,0.0
581,COM,Comoros,1981,3.0,0,0.0
581,COM,Comoros,1982,3.0,0,-3.0
581,COM,Comoros,1983,3.0,0,-3.0
581,COM,Comoros,1984,3.0,1,-9.0
581,COM,Comoros,1985,3.0,1,-9.0
581,COM,Comoros,1986,3.0,1,-9.0
581,COM,Comoros,1987,3.0,1,-9.0
581,COM,Comoros,1988,3.0,1,-9.0
581,COM,Comoros,1989,3.0,1,-9.0
581,COM,Comoros,1990,7.0,3,4.0
581,COM,Comoros,1991,7.0,3,4.0
581,COM,Comoros,1992,7.0,3,4.0
581,COM,Comoros,1993,7.0,3,4.0
581,COM,Comoros,1994,7.0,3,4.0
581,COM,Comoros,1995,-77.0,-77,0.0
581,COM,Comoros,1996,7.0,3,4.0
581,COM,Comoros,1997,7.0,3,4.0
581,COM,Comoros,1998,7.0,3,4.0
581,COM,Comoros,1999,4.0,3,-2.0
581,COM,Comoros,2000,4.0,3,-1.0
581,COM,Comoros,2001,4.0,4,0.0
581,COM,Comoros,2002,5.0,4,4.0
581,COM,Comoros,2003,5.0,4,4.0
581,COM,Comoros,2004,5.0,4,6.0
581,COM,Comoros,2005,5.0,4,6.0
581,COM,Comoros,2006,8.0,4,9.0
581,COM,Comoros,2007,8.0,4,9.0
581,COM,Comoros,2008,8.0,4,9.0
581,COM,Comoros,2009,8.0,4,9.0
581,COM,Comoros,2010,8.0,4,9.0
581,COM,Comoros,2011,8.0,4,9.0
581,COM,Comoros,2012,8.0,4,9.0
581,COM,Comoros,2013,8.0,4,9.0
581,COM,Comoros,2014,8.0,4,9.0
581,COM,Comoros,2015,8.0,4,9.0
581,COM,Comoros,2016,8.0,4,9.0
581,COM,Comoros,2017,8.0,4,9.0
581,COM,Comoros,2018,4.0,2,-3.0
484,CON,Congo-Brazzaville,1960,7.0,3,3.0
484,CON,Congo-Brazzaville,1961,7.0,3,3.0
484,CON,Congo-Brazzaville,1962,7.0,3,3.0
484,CON,Congo-Brazzaville,1963,3.0,1,-7.0
484,CON,Congo-Brazzaville,1964,3.0,1,-7.0
484,CON,Congo-Brazzaville,1965,3.0,1,-7.0
484,CON,Congo-Brazzaville,1966,3.0,1,-7.0
484,CON,Congo-Brazzaville,1967,3.0,1,-7.0
484,CON,Congo-Brazzaville,1968,3.0,1,-7.0
484,CON,Congo-Brazzaville,1969,3.0,1,-7.0
484,CON,Congo-Brazzaville,1970,3.0,1,-7.0
484,CON,Congo-Brazzaville,1971,3.0,1,-7.0
484,CON,Congo-Brazzaville,1972,3.0,1,-7.0
484,CON,Congo-Brazzaville,1973,3.0,1,-7.0
484,CON,Congo-Brazzaville,1974,3.0,1,-7.0
484,CON,Congo-Brazzaville,1975,3.0,1,-7.0
484,CON,Congo-Brazzaville,1976,3.0,1,-7.0
484,CON,Congo-Brazzaville,1977,3.0,1,-7.0
484,CON,Congo-Brazzaville,1978,3.0,1,-7.0
484,CON,Congo-Brazzaville,1979,3.0,1,-8.0
484,CON,Congo-Brazzaville,1980,3.0,1,-8.0
484,CON,Congo-Brazzaville,1981,3.0,1,-8.0
484,CON,Congo-Brazzaville,1982,3.0,1,-8.0
484,CON,Congo-Brazzaville,1983,3.0,1,-8.0
484,CON,Congo-Brazzaville,1984,3.0,1,-8.0
484,CON,Congo-Brazzaville,1985,3.0,1,-8.0
484,CON,Congo-Brazzaville,1986,3.0,1,-8.0
484,CON,Congo-Brazzaville,1987,3.0,1,-8.0
484,CON,Congo-Brazzaville,1988,3.0,1,-8.0
484,CON,Congo-Brazzaville,1989,3.0,1,-8.0
484,CON,Congo-Brazzaville,1990,3.0,1,-8.0
484,CON,Congo-Brazzaville,1991,-88.0,-88,-1.0
484,CON,Congo-Brazzaville,1992,8.0,3,5.0
484,CON,Congo-Brazzaville,1993,8.0,3,5.0
484,CON,Congo-Brazzaville,1994,8.0,3,5.0
484,CON,Congo-Brazzaville,1995,8.0,3,5.0
484,CON,Congo-Brazzaville,1996,8.0,3,5.0
484,CON,Congo-Brazzaville,1997,4.0,2,-6.0
484,CON,Congo-Brazzaville,1998,4.0,2,-6.0
484,CON,Congo-Brazzaville,1999,4.0,2,-6.0
484,CON,Congo-Brazzaville,2000,4.0,2,-6.0
484,CON,Congo-Brazzaville,2001,4.0,2,-5.0
484,CON,Congo-Brazzaville,2002,4.0,2,-4.0
484,CON,Congo-Brazzaville,2003,4.0,2,-4.0
484,CON,Congo-Brazzaville,2004,4.0,2,-4.0
484,CON,Congo Brazzaville,2005,4.0,2,-4.0
484,CON,Congo Brazzaville,2006,4.0,2,-4.0
484,CON,Congo Brazzaville,2007,4.0,2,-4.0
484,CON,Congo Brazzaville,2008,4.0,2,-4.0
484,CON,Congo Brazzaville,2009,4.0,2,-4.0
484,CON,Congo Brazzaville,2010,4.0,2,-4.0
484,CON,Congo Brazzaville,2011,4.0,2,-4.0
484,CON,Congo Brazzaville,2012,4.0,2,-4.0
484,CON,Congo Brazzaville,2013,4.0,2,-4.0
484,CON,Congo Brazzaville,2014,4.0,2,-4.0
484,CON,Congo Brazzaville,2015,4.0,2,-4.0
484,CON,Congo Brazzaville,2016,4.0,2,-4.0
484,CON,Congo Brazzaville,2017,4.0,2,-4.0
484,CON,Congo Brazzaville,2018,4.0,2,-4.0
94,COS,Costa Rica,1838,4.0,2,-4.0
94,COS,Costa Rica,1839,4.0,2,-4.0
94,COS,Costa Rica,1840,4.0,2,-4.0
94,COS,Costa Rica,1841,4.0,2,-4.0
94,COS,Costa Rica,1842,4.0,2,-4.0
94,COS,Costa Rica,1843,4.0,2,-4.0
94,COS,Costa Rica,1844,4.0,2,-4.0
94,COS,Costa Rica,1845,4.0,2,-4.0
94,COS,Costa Rica,1846,4.0,2,-4.0
94,COS,Costa Rica,1847,4.0,2,-4.0
94,COS,Costa Rica,1848,4.0,2,-4.0
94,COS,Costa Rica,1849,4.0,2,-4.0
94,COS,Costa Rica,1850,4.0,2,-4.0
94,COS,Costa Rica,1851,4.0,2,-4.0
94,COS,Costa Rica,1852,4.0,2,-4.0
94,COS,Costa Rica,1853,4.0,2,-4.0
94,COS,Costa Rica,1854,4.0,2,-4.0
94,COS,Costa Rica,1855,4.0,2,-4.0
94,COS,Costa Rica,1856,4.0,2,-4.0
94,COS,Costa Rica,1857,4.0,2,-4.0
94,COS,Costa Rica,1858,4.0,2,-4.0
94,COS,Costa Rica,1859,4.0,2,-4.0
94,COS,Costa Rica,1860,4.0,2,-4.0
94,COS,Costa Rica,1861,4.0,2,-4.0
94,COS,Costa Rica,1862,4.0,2,-4.0
94,COS,Costa Rica,1863,4.0,2,-4.0
94,COS,Costa Rica,1864,4.0,2,-4.0
94,COS,Costa Rica,1865,4.0,2,-4.0
94,COS,Costa Rica,1866,4.0,2,-4.0
94,COS,Costa Rica,1867,4.0,2,-4.0
94,COS,Costa Rica,1868,4.0,2,-4.0
94,COS,Costa Rica,1869,4.0,2,-4.0
94,COS,Costa Rica,1870,4.0,2,-4.0
94,COS,Costa Rica,1871,4.0,2,-4.0
94,COS,Costa Rica,1872,4.0,2,-4.0
94,COS,Costa Rica,1873,4.0,2,-4.0
94,COS,Costa Rica,1874,4.0,2,-4.0
94,COS,Costa Rica,1875,4.0,2,-4.0
94,COS,Costa Rica,1876,4.0,2,-4.0
94,COS,Costa Rica,1877,4.0,2,-4.0
94,COS,Costa Rica,1878,4.0,2,-4.0
94,COS,Costa Rica,1879,4.0,2,-4.0
94,COS,Costa Rica,1880,4.0,2,-4.0
94,COS,Costa Rica,1881,4.0,2,-4.0
94,COS,Costa Rica,1882,4.0,2,-4.0
94,COS,Costa Rica,1883,4.0,2,-4.0
94,COS,Costa Rica,1884,4.0,2,-4.0
94,COS,Costa Rica,1885,5.0,0,1.0
94,COS,Costa Rica,1886,5.0,0,1.0
94,COS,Costa Rica,1887,5.0,0,1.0
94,COS,Costa Rica,1888,5.0,0,1.0
94,COS,Costa Rica,1889,5.0,0,1.0
94,COS,Costa Rica,1890,7.0,4,5.0
94,COS,Costa Rica,1891,7.0,4,5.0
94,COS,Costa Rica,1892,7.0,4,5.0
94,COS,Costa Rica,1893,7.0,4,5.0
94,COS,Costa Rica,1894,7.0,4,8.0
94,COS,Costa Rica,1895,7.0,4,8.0
94,COS,Costa Rica,1896,7.0,4,8.0
94,COS,Costa Rica,1897,7.0,4,8.0
94,COS,Costa Rica,1898,7.0,4,8.0
94,COS,Costa Rica,1899,7.0,4,8.0
94,COS,Costa Rica,1900,7.0,4,8.0
94,COS,Costa Rica,1901,7.0,4,8.0
94,COS,Costa Rica,1902,7.0,4,8.0
94,COS,Costa Rica,1903,7.0,4,8.0
94,COS,Costa Rica,1904,7.0,4,8.0
94,COS,Costa Rica,1905,7.0,4,8.0
94,COS,Costa Rica,1906,7.0,4,8.0
94,COS,Costa Rica,1907,7.0,4,8.0
94,COS,Costa Rica,1908,7.0,4,8.0
94,COS,Costa Rica,1909,7.0,4,8.0
94,COS,Costa Rica,1910,7.0,4,8.0
94,COS,Costa Rica,1911,7.0,4,8.0
94,COS,Costa Rica,1912,7.0,4,8.0
94,COS,Costa Rica,1913,7.0,4,8.0
94,COS,Costa Rica,1914,7.0,4,8.0
94,COS,Costa Rica,1915,7.0,4,8.0
94,COS,Costa Rica,1916,7.0,4,8.0
94,COS,Costa Rica,1917,5.0,2,-3.0
94,COS,Costa Rica,1918,5.0,2,-3.0
94,COS,Costa Rica,1919,5.0,2,-3.0
94,COS,Costa Rica,1920,7.0,4,5.0
94,COS,Costa Rica,1921,7.0,4,5.0
94,COS,Costa Rica,1922,7.0,4,5.0
94,COS,Costa Rica,1923,7.0,4,5.0
94,COS,Costa Rica,1924,7.0,4,5.0
94,COS,Costa Rica,1925,7.0,4,5.0
94,COS,Costa Rica,1926,7.0,4,5.0
94,COS,Costa Rica,1927,7.0,4,5.0
94,COS,Costa Rica,1928,7.0,4,5.0
94,COS,Costa Rica,1929,7.0,4,5.0
94,COS,Costa Rica,1930,7.0,4,5.0
94,COS,Costa Rica,1931,7.0,4,5.0
94,COS,Costa Rica,1932,7.0,4,5.0
94,COS,Costa Rica,1933,7.0,4,5.0
94,COS,Costa Rica,1934,7.0,4,5.0
94,COS,Costa Rica,1935,7.0,4,5.0
94,COS,Costa Rica,1936,7.0,4,5.0
94,COS,Costa Rica,1937,7.0,4,5.0
94,COS,Costa Rica,1938,7.0,4,5.0
94,COS,Costa Rica,1939,7.0,4,5.0
94,COS,Costa Rica,1940,7.0,4,5.0
94,COS,Costa Rica,1941,7.0,4,5.0
94,COS,Costa Rica,1942,7.0,4,5.0
94,COS,Costa Rica,1943,7.0,4,5.0
94,COS,Costa Rica,1944,7.0,4,5.0
94,COS,Costa Rica,1945,7.0,4,5.0
94,COS,Costa Rica,1946,7.0,4,5.0
94,COS,Costa Rica,1947,7.0,4,5.0
94,COS,Costa Rica,1948,5.0,4,4.0
94,COS,Costa Rica,1949,7.0,5,9.0
94,COS,Costa Rica,1950,7.0,5,9.0
94,COS,Costa Rica,1951,7.0,5,9.0
94,COS,Costa Rica,1952,7.0,5,9.0
94,COS,Costa Rica,1953,8.0,5,10.0
94,COS,Costa Rica,1954,8.0,5,10.0
94,COS,Costa Rica,1955,8.0,5,10.0
94,COS,Costa Rica,1956,8.0,5,10.0
94,COS,Costa Rica,1957,8.0,5,10.0
94,COS,Costa Rica,1958,8.0,5,10.0
94,COS,Costa Rica,1959,8.0,5,10.0
94,COS,Costa Rica,1960,8.0,5,10.0
94,COS,Costa Rica,1961,8.0,5,10.0
94,COS,Costa Rica,1962,8.0,5,10.0
94,COS,Costa Rica,1963,8.0,5,10.0
94,COS,Costa Rica,1964,8.0,5,10.0
94,COS,Costa Rica,1965,8.0,5,10.0
94,COS,Costa Rica,1966,8.0,5,10.0
94,COS,Costa Rica,1967,8.0,5,10.0
94,COS,Costa Rica,1968,8.0,5,10.0
94,COS,Costa Rica,1969,8.0,5,10.0
94,COS,Costa Rica,1970,8.0,5,10.0
94,COS,Costa Rica,1971,8.0,5,10.0
94,COS,Costa Rica,1972,8.0,5,10.0
94,COS,Costa Rica,1973,8.0,5,10.0
94,COS,Costa Rica,1974,8.0,5,10.0
94,COS,Costa Rica,1975,8.0,5,10.0
94,COS,Costa Rica,1976,8.0,5,10.0
94,COS,Costa Rica,1977,8.0,5,10.0
94,COS,Costa Rica,1978,8.0,5,10.0
94,COS,Costa Rica,1979,8.0,5,10.0
94,COS,Costa Rica,1980,8.0,5,10.0
94,COS,Costa Rica,1981,8.0,5,10.0
94,COS,Costa Rica,1982,8.0,5,10.0
94,COS,Costa Rica,1983,8.0,5,10.0
94,COS,Costa Rica,1984,8.0,5,10.0
94,COS,Costa Rica,1985,8.0,5,10.0
94,COS,Costa Rica,1986,8.0,5,10.0
94,COS,Costa Rica,1987,8.0,5,10.0
94,COS,Costa Rica,1988,8.0,5,10.0
94,COS,Costa Rica,1989,8.0,5,10.0
94,COS,Costa Rica,1990,8.0,5,10.0
94,COS,Costa Rica,1991,8.0,5,10.0
94,COS,Costa Rica,1992,8.0,5,10.0
94,COS,Costa Rica,1993,8.0,5,10.0
94,COS,Costa Rica,1994,8.0,5,10.0
94,COS,Costa Rica,1995,8.0,5,10.0
94,COS,Costa Rica,1996,8.0,5,10.0
94,COS,Costa Rica,1997,8.0,5,10.0
94,COS,Costa Rica,1998,8.0,5,10.0
94,COS,Costa Rica,1999,8.0,5,10.0
94,COS,Costa Rica,2000,8.0,5,10.0
94,COS,Costa Rica,2001,8.0,5,10.0
94,COS,Costa Rica,2002,8.0,5,10.0
94,COS,Costa Rica,2003,8.0,5,10.0
94,COS,Costa Rica,2004,8.0,5,10.0
94,COS,Costa Rica,2005,8.0,5,10.0
94,COS,Costa Rica,2006,8.0,5,10.0
94,COS,Costa Rica,2007,8.0,5,10.0
94,COS,Costa Rica,2008,8.0,5,10.0
94,COS,Costa Rica,2009,8.0,5,10.0
94,COS,Costa Rica,2010,8.0,5,10.0
94,COS,Costa Rica,2011,8.0,5,10.0
94,COS,Costa Rica,2012,8.0,5,10.0
94,COS,Costa Rica,2013,8.0,5,10.0
94,COS,Costa Rica,2014,8.0,5,10.0
94,COS,Costa Rica,2015,8.0,5,10.0
94,COS,Costa Rica,2016,8.0,5,10.0
94,COS,Costa Rica,2017,8.0,5,10.0
94,COS,Costa Rica,2018,8.0,5,10.0
344,CRO,Croatia,1991,3.0,3,-3.0
344,CRO,Croatia,1992,3.0,3,-3.0
344,CRO,Croatia,1993,3.0,3,-3.0
344,CRO,Croatia,1994,3.0,3,-3.0
344,CRO,Croatia,1995,3.0,2,-5.0
344,CRO,Croatia,1996,3.0,2,-5.0
344,CRO,Croatia,1997,3.0,2,-5.0
344,CRO,Croatia,1998,3.0,2,-5.0
344,CRO,Croatia,1999,-88.0,-88,1.0
344,CRO,Croatia,2000,7.0,4,8.0
344,CRO,Croatia,2001,7.0,4,8.0
344,CRO,Croatia,2002,7.0,4,8.0
344,CRO,Croatia,2003,7.0,4,8.0
344,CRO,Croatia,2004,7.0,4,8.0
344,CRO,Croatia,2005,8.0,4,9.0
344,CRO,Croatia,2006,8.0,4,9.0
344,CRO,Croatia,2007,8.0,4,9.0
344,CRO,Croatia,2008,8.0,4,9.0
344,CRO,Croatia,2009,8.0,4,9.0
344,CRO,Croatia,2010,8.0,4,9.0
344,CRO,Croatia,2011,8.0,4,9.0
344,CRO,Croatia,2012,8.0,4,9.0
344,CRO,Croatia,2013,8.0,4,9.0
344,CRO,Croatia,2014,8.0,4,9.0
344,CRO,Croatia,2015,8.0,4,9.0
344,CRO,Croatia,2016,8.0,4,9.0
344,CRO,Croatia,2017,8.0,4,9.0
344,CRO,Croatia,2018,8.0,4,9.0
40,CUB,Cuba,1902,8.0,3,3.0
40,CUB,Cuba,1903,8.0,3,3.0
40,CUB,Cuba,1904,8.0,3,3.0
40,CUB,Cuba,1905,8.0,3,3.0
40,CUB,Cuba,1906,8.0,3,3.0
40,CUB,Cuba,1907,8.0,3,3.0
40,CUB,Cuba,1908,8.0,3,3.0
40,CUB,Cuba,1909,8.0,3,3.0
40,CUB,Cuba,1910,8.0,3,3.0
40,CUB,Cuba,1911,8.0,3,3.0
40,CUB,Cuba,1912,8.0,3,3.0
40,CUB,Cuba,1913,8.0,3,3.0
40,CUB,Cuba,1914,8.0,3,3.0
40,CUB,Cuba,1915,8.0,3,3.0
40,CUB,Cuba,1916,8.0,3,3.0
40,CUB,Cuba,1917,8.0,3,3.0
40,CUB,Cuba,1918,8.0,3,3.0
40,CUB,Cuba,1919,8.0,3,3.0
40,CUB,Cuba,1920,8.0,3,3.0
40,CUB,Cuba,1921,8.0,3,3.0
40,CUB,Cuba,1922,8.0,3,3.0
40,CUB,Cuba,1923,8.0,3,3.0
40,CUB,Cuba,1924,8.0,3,3.0
40,CUB,Cuba,1925,8.0,3,3.0
40,CUB,Cuba,1926,8.0,3,3.0
40,CUB,Cuba,1927,8.0,3,3.0
40,CUB,Cuba,1928,8.0,3,1.0
40,CUB,Cuba,1929,8.0,3,1.0
40,CUB,Cuba,1930,8.0,3,1.0
40,CUB,Cuba,1931,8.0,3,1.0
40,CUB,Cuba,1932,8.0,3,1.0
40,CUB,Cuba,1933,8.0,3,3.0
40,CUB,Cuba,1934,8.0,3,3.0
40,CUB,Cuba,1935,8.0,3,3.0
40,CUB,Cuba,1936,8.0,3,3.0
40,CUB,Cuba,1937,8.0,3,3.0
40,CUB,Cuba,1938,8.0,3,3.0
40,CUB,Cuba,1939,8.0,3,3.0
40,CUB,Cuba,1940,8.0,3,3.0
40,CUB,Cuba,1941,8.0,3,3.0
40,CUB,Cuba,1942,8.0,3,3.0
40,CUB,Cuba,1943,8.0,3,3.0
40,CUB,Cuba,1944,8.0,3,3.0
40,CUB,Cuba,1945,8.0,3,3.0
40,CUB,Cuba,1946,8.0,3,3.0
40,CUB,Cuba,1947,8.0,3,3.0
40,CUB,Cuba,1948,8.0,3,3.0
40,CUB,Cuba,1949,8.0,3,3.0
40,CUB,Cuba,1950,8.0,3,3.0
40,CUB,Cuba,1951,8.0,3,3.0
40,CUB,Cuba,1952,-88.0,-88,0.0
40,CUB,Cuba,1953,-88.0,-88,-3.0
40,CUB,Cuba,1954,-88.0,-88,-6.0
40,CUB,Cuba,1955,3.0,1,-9.0
40,CUB,Cuba,1956,3.0,1,-9.0
40,CUB,Cuba,1957,3.0,1,-9.0
40,CUB,Cuba,1958,3.0,1,-9.0
40,CUB,Cuba,1959,-77.0,-77,0.0
40,CUB,Cuba,1960,-88.0,-88,-4.0
40,CUB,Cuba,1961,4.0,1,-7.0
40,CUB,Cuba,1962,4.0,1,-7.0
40,CUB,Cuba,1963,4.0,1,-7.0
40,CUB,Cuba,1964,4.0,1,-7.0
40,CUB,Cuba,1965,4.0,1,-7.0
40,CUB,Cuba,1966,4.0,1,-7.0
40,CUB,Cuba,1967,4.0,1,-7.0
40,CUB,Cuba,1968,4.0,1,-7.0
40,CUB,Cuba,1969,4.0,1,-7.0
40,CUB,Cuba,1970,4.0,1,-7.0
40,CUB,Cuba,1971,4.0,1,-7.0
40,CUB,Cuba,1972,4.0,1,-7.0
40,CUB,Cuba,1973,4.0,1,-7.0
40,CUB,Cuba,1974,4.0,1,-7.0
40,CUB,Cuba,1975,4.0,1,-7.0
40,CUB,Cuba,1976,4.0,1,-7.0
40,CUB,Cuba,1977,5.0,1,-7.0
40,CUB,Cuba,1978,5.0,1,-7.0
40,CUB,Cuba,1979,5.0,1,-7.0
40,CUB,Cuba,1980,5.0,1,-7.0
40,CUB,Cuba,1981,5.0,1,-7.0
40,CUB,Cuba,1982,5.0,1,-7.0
40,CUB,Cuba,1983,5.0,1,-7.0
40,CUB,Cuba,1984,5.0,1,-7.0
40,CUB,Cuba,1985,5.0,1,-7.0
40,CUB,Cuba,1986,5.0,1,-7.0
40,CUB,Cuba,1987,5.0,1,-7.0
40,CUB,Cuba,1988,5.0,1,-7.0
40,CUB,Cuba,1989,5.0,1,-7.0
40,CUB,Cuba,1990,5.0,1,-7.0
40,CUB,Cuba,1991,5.0,1,-7.0
40,CUB,Cuba,1992,5.0,1,-7.0
40,CUB,Cuba,1993,5.0,1,-7.0
40,CUB,Cuba,1994,5.0,1,-7.0
40,CUB,Cuba,1995,5.0,1,-7.0
40,CUB,Cuba,1996,5.0,1,-7.0
40,CUB,Cuba,1997,5.0,1,-7.0
40,CUB,Cuba,1998,5.0,1,-7.0
40,CUB,Cuba,1999,5.0,1,-7.0
40,CUB,Cuba,2000,5.0,1,-7.0
40,CUB,Cuba,2001,5.0,1,-7.0
40,CUB,Cuba,2002,5.0,1,-7.0
40,CUB,Cuba,2003,5.0,1,-7.0
40,CUB,Cuba,2004,5.0,1,-7.0
40,CUB,Cuba,2005,5.0,1,-7.0
40,CUB,Cuba,2006,3.0,1,-7.0
40,CUB,Cuba,2007,3.0,1,-7.0
40,CUB,Cuba,2008,3.0,1,-7.0
40,CUB,Cuba,2009,3.0,1,-7.0
40,CUB,Cuba,2010,3.0,1,-7.0
40,CUB,Cuba,2011,3.0,1,-7.0
40,CUB,Cuba,2012,3.0,1,-7.0
40,CUB,Cuba,2013,3.0,1,-7.0
40,CUB,Cuba,2014,3.0,1,-7.0
40,CUB,Cuba,2015,3.0,1,-7.0
40,CUB,Cuba,2016,3.0,1,-7.0
40,CUB,Cuba,2017,3.0,1,-7.0
40,CUB,Cuba,2018,3.0,1,-5.0
352,CYP,Cyprus,1960,8.0,3,8.0
352,CYP,Cyprus,1961,8.0,3,8.0
352,CYP,Cyprus,1962,8.0,3,8.0
352,CYP,Cyprus,1963,-77.0,-77,0.0
352,CYP,Cyprus,1964,-77.0,-77,0.0
352,CYP,Cyprus,1965,-77.0,-77,0.0
352,CYP,Cyprus,1966,-77.0,-77,0.0
352,CYP,Cyprus,1967,-77.0,-77,0.0
352,CYP,Cyprus,1968,8.0,3,7.0
352,CYP,Cyprus,1969,8.0,3,7.0
352,CYP,Cyprus,1970,8.0,3,7.0
352,CYP,Cyprus,1971,8.0,3,7.0
352,CYP,Cyprus,1972,8.0,3,7.0
352,CYP,Cyprus,1973,8.0,3,7.0
352,CYP,Cyprus,1974,-88.0,-88,8.0
352,CYP,Cyprus,1975,8.0,5,10.0
352,CYP,Cyprus,1976,8.0,5,10.0
352,CYP,Cyprus,1977,8.0,5,10.0
352,CYP,Cyprus,1978,8.0,5,10.0
352,CYP,Cyprus,1979,8.0,5,10.0
352,CYP,Cyprus,1980,8.0,5,10.0
352,CYP,Cyprus,1981,8.0,5,10.0
352,CYP,Cyprus,1982,8.0,5,10.0
352,CYP,Cyprus,1983,8.0,5,10.0
352,CYP,Cyprus,1984,8.0,5,10.0
352,CYP,Cyprus,1985,8.0,5,10.0
352,CYP,Cyprus,1986,8.0,5,10.0
352,CYP,Cyprus,1987,8.0,5,10.0
352,CYP,Cyprus,1988,8.0,5,10.0
352,CYP,Cyprus,1989,8.0,5,10.0
352,CYP,Cyprus,1990,8.0,5,10.0
352,CYP,Cyprus,1991,8.0,5,10.0
352,CYP,Cyprus,1992,8.0,5,10.0
352,CYP,Cyprus,1993,8.0,5,10.0
352,CYP,Cyprus,1994,8.0,5,10.0
352,CYP,Cyprus,1995,8.0,5,10.0
352,CYP,Cyprus,1996,8.0,5,10.0
352,CYP,Cyprus,1997,8.0,5,10.0
352,CYP,Cyprus,1998,8.0,5,10.0
352,CYP,Cyprus,1999,8.0,5,10.0
352,CYP,Cyprus,2000,8.0,5,10.0
352,CYP,Cyprus,2001,8.0,5,10.0
352,CYP,Cyprus,2002,8.0,5,10.0
352,CYP,Cyprus,2003,8.0,5,10.0
352,CYP,Cyprus,2004,8.0,5,10.0
352,CYP,Cyprus,2005,8.0,5,10.0
352,CYP,Cyprus,2006,8.0,5,10.0
352,CYP,Cyprus,2007,8.0,5,10.0
352,CYP,Cyprus,2008,8.0,5,10.0
352,CYP,Cyprus,2009,8.0,5,10.0
352,CYP,Cyprus,2010,8.0,5,10.0
352,CYP,Cyprus,2011,8.0,5,10.0
352,CYP,Cyprus,2012,8.0,5,10.0
352,CYP,Cyprus,2013,8.0,5,10.0
352,CYP,Cyprus,2014,8.0,5,10.0
352,CYP,Cyprus,2015,8.0,5,10.0
352,CYP,Cyprus,2016,8.0,5,10.0
352,CYP,Cyprus,2017,8.0,5,10.0
352,CYP,Cyprus,2018,8.0,5,10.0
315,CZE,Czechoslovakia,1918,8.0,0,7.0
315,CZE,Czechoslovakia,1919,8.0,0,7.0
315,CZE,Czechoslovakia,1920,8.0,0,7.0
315,CZE,Czechoslovakia,1921,8.0,0,7.0
315,CZE,Czechoslovakia,1922,8.0,0,7.0
315,CZE,Czechoslovakia,1923,8.0,0,7.0
315,CZE,Czechoslovakia,1924,8.0,0,7.0
315,CZE,Czechoslovakia,1925,8.0,0,7.0
315,CZE,Czechoslovakia,1926,8.0,0,7.0
315,CZE,Czechoslovakia,1927,8.0,0,7.0
315,CZE,Czechoslovakia,1928,8.0,0,7.0
315,CZE,Czechoslovakia,1929,8.0,0,7.0
315,CZE,Czechoslovakia,1930,8.0,0,7.0
315,CZE,Czechoslovakia,1931,8.0,0,7.0
315,CZE,Czechoslovakia,1932,8.0,0,7.0
315,CZE,Czechoslovakia,1933,8.0,0,7.0
315,CZE,Czechoslovakia,1934,8.0,0,7.0
315,CZE,Czechoslovakia,1935,8.0,0,7.0
315,CZE,Czechoslovakia,1936,8.0,0,7.0
315,CZE,Czechoslovakia,1937,8.0,0,7.0
315,CZE,Czechoslovakia,1938,-77.0,-77,0.0
315,CZE,Czechoslovakia,1939,-66.0,-66,
315,CZE,Czechoslovakia,1940,-66.0,-66,
315,CZE,Czechoslovakia,1941,-66.0,-66,
315,CZE,Czechoslovakia,1942,-66.0,-66,
315,CZE,Czechoslovakia,1943,-66.0,-66,
315,CZE,Czechoslovakia,1944,-66.0,-66,
315,CZE,Czechoslovakia,1945,-88.0,-88,6.0
315,CZE,Czechoslovakia,1946,7.0,3,5.0
315,CZE,Czechoslovakia,1947,7.0,3,5.0
315,CZE,Czechoslovakia,1948,3.0,1,-7.0
315,CZE,Czechoslovakia,1949,3.0,1,-7.0
315,CZE,Czechoslovakia,1950,3.0,1,-7.0
315,CZE,Czechoslovakia,1951,3.0,1,-7.0
315,CZE,Czechoslovakia,1952,3.0,1,-7.0
315,CZE,Czechoslovakia,1953,3.0,1,-7.0
315,CZE,Czechoslovakia,1954,3.0,1,-7.0
315,CZE,Czechoslovakia,1955,3.0,1,-7.0
315,CZE,Czechoslovakia,1956,3.0,1,-7.0
315,CZE,Czechoslovakia,1957,3.0,1,-7.0
315,CZE,Czechoslovakia,1958,3.0,1,-7.0
315,CZE,Czechoslovakia,1959,3.0,1,-7.0
315,CZE,Czechoslovakia,1960,3.0,1,-7.0
315,CZE,Czechoslovakia,1961,3.0,1,-7.0
315,CZE,Czechoslovakia,1962,3.0,1,-7.0
315,CZE,Czechoslovakia,1963,3.0,1,-7.0
315,CZE,Czechoslovakia,1964,3.0,1,-7.0
315,CZE,Czechoslovakia,1965,3.0,1,-7.0
315,CZE,Czechoslovakia,1966,3.0,1,-7.0
315,CZE,Czechoslovakia,1967,3.0,1,-7.0
315,CZE,Czechoslovakia,1968,-66.0,-66,
315,CZE,Czechoslovakia,1969,3.0,1,-7.0
315,CZE,Czechoslovakia,1970,3.0,1,-7.0
315,CZE,Czechoslovakia,1971,3.0,1,-7.0
315,CZE,Czechoslovakia,1972,3.0,1,-7.0
315,CZE,Czechoslovakia,1973,3.0,1,-7.0
315,CZE,Czechoslovakia,1974,3.0,1,-7.0
315,CZE,Czechoslovakia,1975,3.0,1,-7.0
315,CZE,Czechoslovakia,1976,3.0,1,-7.0
315,CZE,Czechoslovakia,1977,3.0,1,-7.0
315,CZE,Czechoslovakia,1978,3.0,1,-7.0
315,CZE,Czechoslovakia,1979,3.0,1,-7.0
315,CZE,Czechoslovakia,1980,3.0,1,-7.0
315,CZE,Czechoslovakia,1981,3.0,1,-7.0
315,CZE,Czechoslovakia,1982,3.0,1,-7.0
315,CZE,Czechoslovakia,1983,3.0,1,-7.0
315,CZE,Czechoslovakia,1984,3.0,1,-7.0
315,CZE,Czechoslovakia,1985,3.0,1,-7.0
315,CZE,Czechoslovakia,1986,3.0,1,-7.0
315,CZE,Czechoslovakia,1987,3.0,1,-7.0
315,CZE,Czechoslovakia,1988,3.0,1,-7.0
315,CZE,Czechoslovakia,1989,7.0,2,-2.0
315,CZE,Czechoslovakia,1990,7.0,3,7.0
315,CZE,Czechoslovakia,1991,7.0,3,7.0
315,CZE,Czechoslovakia,1992,7.0,3,7.0
316,CZR,Czech Republic,1993,8.0,5,10.0
316,CZR,Czech Republic,1994,8.0,5,10.0
316,CZR,Czech Republic,1995,8.0,5,10.0
316,CZR,Czech Republic,1996,8.0,5,10.0
316,CZR,Czech Republic,1997,8.0,5,10.0
316,CZR,Czech Republic,1998,8.0,5,10.0
316,CZR,Czech Republic,1999,8.0,5,10.0
316,CZR,Czech Republic,2000,8.0,5,10.0
316,CZR,Czech Republic,2001,8.0,5,10.0
316,CZR,Czech Republic,2002,8.0,5,10.0
316,CZR,Czech Republic,2003,8.0,5,10.0
316,CZR,Czech Republic,2004,8.0,5,10.0
316,CZR,Czech Republic,2005,8.0,5,10.0
316,CZR,Czech Republic,2006,8.0,4,9.0
316,CZR,Czech Republic,2007,8.0,4,9.0
316,CZR,Czech Republic,2008,8.0,4,9.0
316,CZR,Czech Republic,2009,8.0,4,9.0
316,CZR,Czech Republic,2010,8.0,4,9.0
316,CZR,Czech Republic,2011,8.0,4,9.0
316,CZR,Czech Republic,2012,8.0,4,9.0
316,CZR,Czech Republic,2013,8.0,4,9.0
316,CZR,Czech Republic,2014,8.0,4,9.0
316,CZR,Czech Republic,2015,8.0,4,9.0
316,CZR,Czech Republic,2016,8.0,4,9.0
316,CZR,Czech Republic,2017,8.0,4,9.0
316,CZR,Czech Republic,2018,8.0,4,9.0
390,DEN,Denmark,1800,1.0,1,-10.0
390,DEN,Denmark,1801,1.0,1,-10.0
390,DEN,Denmark,1802,1.0,1,-10.0
390,DEN,Denmark,1803,1.0,1,-10.0
390,DEN,Denmark,1804,1.0,1,-10.0
390,DEN,Denmark,1805,1.0,1,-10.0
390,DEN,Denmark,1806,1.0,1,-10.0
390,DEN,Denmark,1807,1.0,1,-10.0
390,DEN,Denmark,1808,1.0,1,-10.0
390,DEN,Denmark,1809,1.0,1,-10.0
390,DEN,Denmark,1810,1.0,1,-10.0
390,DEN,Denmark,1811,1.0,1,-10.0
390,DEN,Denmark,1812,1.0,1,-10.0
390,DEN,Denmark,1813,1.0,1,-10.0
390,DEN,Denmark,1814,1.0,1,-10.0
390,DEN,Denmark,1815,1.0,1,-10.0
390,DEN,Denmark,1816,1.0,1,-10.0
390,DEN,Denmark,1817,1.0,1,-10.0
390,DEN,Denmark,1818,1.0,1,-10.0
390,DEN,Denmark,1819,1.0,1,-10.0
390,DEN,Denmark,1820,1.0,1,-10.0
390,DEN,Denmark,1821,1.0,1,-10.0
390,DEN,Denmark,1822,1.0,1,-10.0
390,DEN,Denmark,1823,1.0,1,-10.0
390,DEN,Denmark,1824,1.0,1,-10.0
390,DEN,Denmark,1825,1.0,1,-10.0
390,DEN,Denmark,1826,1.0,1,-10.0
390,DEN,Denmark,1827,1.0,1,-10.0
390,DEN,Denmark,1828,1.0,1,-10.0
390,DEN,Denmark,1829,1.0,1,-10.0
390,DEN,Denmark,1830,1.0,1,-10.0
390,DEN,Denmark,1831,1.0,1,-10.0
390,DEN,Denmark,1832,1.0,1,-10.0
390,DEN,Denmark,1833,1.0,1,-10.0
390,DEN,Denmark,1834,1.0,2,-9.0
390,DEN,Denmark,1835,1.0,2,-9.0
390,DEN,Denmark,1836,1.0,2,-9.0
390,DEN,Denmark,1837,1.0,2,-9.0
390,DEN,Denmark,1838,1.0,2,-9.0
390,DEN,Denmark,1839,1.0,2,-9.0
390,DEN,Denmark,1840,1.0,2,-9.0
390,DEN,Denmark,1841,1.0,2,-9.0
390,DEN,Denmark,1842,1.0,2,-9.0
390,DEN,Denmark,1843,1.0,2,-9.0
390,DEN,Denmark,1844,1.0,2,-9.0
390,DEN,Denmark,1845,1.0,2,-9.0
390,DEN,Denmark,1846,1.0,2,-9.0
390,DEN,Denmark,1847,1.0,2,-9.0
390,DEN,Denmark,1848,1.0,2,-9.0
390,DEN,Denmark,1849,2.0,5,2.0
390,DEN,Denmark,1850,2.0,5,2.0
390,DEN,Denmark,1851,2.0,5,2.0
390,DEN,Denmark,1852,2.0,5,2.0
390,DEN,Denmark,1853,2.0,5,2.0
390,DEN,Denmark,1854,2.0,5,2.0
390,DEN,Denmark,1855,2.0,5,2.0
390,DEN,Denmark,1856,2.0,5,2.0
390,DEN,Denmark,1857,2.0,5,2.0
390,DEN,Denmark,1858,2.0,5,2.0
390,DEN,Denmark,1859,2.0,5,2.0
390,DEN,Denmark,1860,2.0,5,2.0
390,DEN,Denmark,1861,2.0,5,2.0
390,DEN,Denmark,1862,2.0,5,2.0
390,DEN,Denmark,1863,2.0,5,2.0
390,DEN,Denmark,1864,2.0,5,2.0
390,DEN,Denmark,1865,2.0,5,2.0
390,DEN,Denmark,1866,2.0,5,-1.0
390,DEN,Denmark,1867,2.0,5,-1.0
390,DEN,Denmark,1868,2.0,5,-1.0
390,DEN,Denmark,1869,2.0,5,-1.0
390,DEN,Denmark,1870,2.0,3,-3.0
390,DEN,Denmark,1871,2.0,3,-3.0
390,DEN,Denmark,1872,2.0,3,-3.0
390,DEN,Denmark,1873,2.0,3,-3.0
390,DEN,Denmark,1874,2.0,3,-3.0
390,DEN,Denmark,1875,2.0,3,-3.0
390,DEN,Denmark,1876,2.0,3,-3.0
390,DEN,Denmark,1877,2.0,3,-3.0
390,DEN,Denmark,1878,2.0,3,-3.0
390,DEN,Denmark,1879,2.0,3,-3.0
390,DEN,Denmark,1880,2.0,3,-3.0
390,DEN,Denmark,1881,2.0,3,-3.0
390,DEN,Denmark,1882,2.0,3,-3.0
390,DEN,Denmark,1883,2.0,3,-3.0
390,DEN,Denmark,1884,2.0,3,-3.0
390,DEN,Denmark,1885,2.0,3,-3.0
390,DEN,Denmark,1886,2.0,3,-3.0
390,DEN,Denmark,1887,2.0,3,-3.0
390,DEN,Denmark,1888,2.0,3,-3.0
390,DEN,Denmark,1889,2.0,3,-3.0
390,DEN,Denmark,1890,2.0,3,-3.0
390,DEN,Denmark,1891,2.0,3,-3.0
390,DEN,Denmark,1892,2.0,3,-3.0
390,DEN,Denmark,1893,2.0,3,-3.0
390,DEN,Denmark,1894,2.0,3,-3.0
390,DEN,Denmark,1895,2.0,3,-3.0
390,DEN,Denmark,1896,2.0,3,-3.0
390,DEN,Denmark,1897,2.0,3,-3.0
390,DEN,Denmark,1898,2.0,3,-3.0
390,DEN,Denmark,1899,2.0,3,-3.0
390,DEN,Denmark,1900,2.0,3,-3.0
390,DEN,Denmark,1901,-88.0,-88,-2.0
390,DEN,Denmark,1902,-88.0,-88,-1.0
390,DEN,Denmark,1903,-88.0,-88,0.0
390,DEN,Denmark,1904,-88.0,-88,1.0
390,DEN,Denmark,1905,-88.0,-88,2.0
390,DEN,Denmark,1906,-88.0,-88,3.0
390,DEN,Denmark,1907,-88.0,-88,3.0
390,DEN,Denmark,1908,-88.0,-88,4.0
390,DEN,Denmark,1909,-88.0,-88,4.0
390,DEN,Denmark,1910,-88.0,-88,5.0
390,DEN,Denmark,1911,-88.0,-88,6.0
390,DEN,Denmark,1912,-88.0,-88,7.0
390,DEN,Denmark,1913,-88.0,-88,8.0
390,DEN,Denmark,1914,-88.0,-88,9.0
390,DEN,Denmark,1915,8.0,5,10.0
390,DEN,Denmark,1916,8.0,5,10.0
390,DEN,Denmark,1917,8.0,5,10.0
390,DEN,Denmark,1918,8.0,5,10.0
390,DEN,Denmark,1919,8.0,5,10.0
390,DEN,Denmark,1920,8.0,5,10.0
390,DEN,Denmark,1921,8.0,5,10.0
390,DEN,Denmark,1922,8.0,5,10.0
390,DEN,Denmark,1923,8.0,5,10.0
390,DEN,Denmark,1924,8.0,5,10.0
390,DEN,Denmark,1925,8.0,5,10.0
390,DEN,Denmark,1926,8.0,5,10.0
390,DEN,Denmark,1927,8.0,5,10.0
390,DEN,Denmark,1928,8.0,5,10.0
390,DEN,Denmark,1929,8.0,5,10.0
390,DEN,Denmark,1930,8.0,5,10.0
390,DEN,Denmark,1931,8.0,5,10.0
390,DEN,Denmark,1932,8.0,5,10.0
390,DEN,Denmark,1933,8.0,5,10.0
390,DEN,Denmark,1934,8.0,5,10.0
390,DEN,Denmark,1935,8.0,5,10.0
390,DEN,Denmark,1936,8.0,5,10.0
390,DEN,Denmark,1937,8.0,5,10.0
390,DEN,Denmark,1938,8.0,5,10.0
390,DEN,Denmark,1939,8.0,5,10.0
390,DEN,Denmark,1940,-66.0,-66,
390,DEN,Denmark,1941,-66.0,-66,
390,DEN,Denmark,1942,-66.0,-66,
390,DEN,Denmark,1943,-66.0,-66,
390,DEN,Denmark,1944,-66.0,-66,
390,DEN,Denmark,1945,8.0,5,10.0
390,DEN,Denmark,1946,8.0,5,10.0
390,DEN,Denmark,1947,8.0,5,10.0
390,DEN,Denmark,1948,8.0,5,10.0
390,DEN,Denmark,1949,8.0,5,10.0
390,DEN,Denmark,1950,8.0,5,10.0
390,DEN,Denmark,1951,8.0,5,10.0
390,DEN,Denmark,1952,8.0,5,10.0
390,DEN,Denmark,1953,8.0,5,10.0
390,DEN,Denmark,1954,8.0,5,10.0
390,DEN,Denmark,1955,8.0,5,10.0
390,DEN,Denmark,1956,8.0,5,10.0
390,DEN,Denmark,1957,8.0,5,10.0
390,DEN,Denmark,1958,8.0,5,10.0
390,DEN,Denmark,1959,8.0,5,10.0
390,DEN,Denmark,1960,8.0,5,10.0
390,DEN,Denmark,1961,8.0,5,10.0
390,DEN,Denmark,1962,8.0,5,10.0
390,DEN,Denmark,1963,8.0,5,10.0
390,DEN,Denmark,1964,8.0,5,10.0
390,DEN,Denmark,1965,8.0,5,10.0
390,DEN,Denmark,1966,8.0,5,10.0
390,DEN,Denmark,1967,8.0,5,10.0
390,DEN,Denmark,1968,8.0,5,10.0
390,DEN,Denmark,1969,8.0,5,10.0
390,DEN,Denmark,1970,8.0,5,10.0
390,DEN,Denmark,1971,8.0,5,10.0
390,DEN,Denmark,1972,8.0,5,10.0
390,DEN,Denmark,1973,8.0,5,10.0
390,DEN,Denmark,1974,8.0,5,10.0
390,DEN,Denmark,1975,8.0,5,10.0
390,DEN,Denmark,1976,8.0,5,10.0
390,DEN,Denmark,1977,8.0,5,10.0
390,DEN,Denmark,1978,8.0,5,10.0
390,DEN,Denmark,1979,8.0,5,10.0
390,DEN,Denmark,1980,8.0,5,10.0
390,DEN,Denmark,1981,8.0,5,10.0
390,DEN,Denmark,1982,8.0,5,10.0
390,DEN,Denmark,1983,8.0,5,10.0
390,DEN,Denmark,1984,8.0,5,10.0
390,DEN,Denmark,1985,8.0,5,10.0
390,DEN,Denmark,1986,8.0,5,10.0
390,DEN,Denmark,1987,8.0,5,10.0
390,DEN,Denmark,1988,8.0,5,10.0
390,DEN,Denmark,1989,8.0,5,10.0
390,DEN,Denmark,1990,8.0,5,10.0
390,DEN,Denmark,1991,8.0,5,10.0
390,DEN,Denmark,1992,8.0,5,10.0
390,DEN,Denmark,1993,8.0,5,10.0
390,DEN,Denmark,1994,8.0,5,10.0
390,DEN,Denmark,1995,8.0,5,10.0
390,DEN,Denmark,1996,8.0,5,10.0
390,DEN,Denmark,1997,8.0,5,10.0
390,DEN,Denmark,1998,8.0,5,10.0
390,DEN,Denmark,1999,8.0,5,10.0
390,DEN,Denmark,2000,8.0,5,10.0
390,DEN,Denmark,2001,8.0,5,10.0
390,DEN,Denmark,2002,8.0,5,10.0
390,DEN,Denmark,2003,8.0,5,10.0
390,DEN,Denmark,2004,8.0,5,10.0
390,DEN,Denmark,2005,8.0,5,10.0
390,DEN,Denmark,2006,8.0,5,10.0
390,DEN,Denmark,2007,8.0,5,10.0
390,DEN,Denmark,2008,8.0,5,10.0
390,DEN,Denmark,2009,8.0,5,10.0
390,DEN,Denmark,2010,8.0,5,10.0
390,DEN,Denmark,2011,8.0,5,10.0
390,DEN,Denmark,2012,8.0,5,10.0
390,DEN,Denmark,2013,8.0,5,10.0
390,DEN,Denmark,2014,8.0,5,10.0
390,DEN,Denmark,2015,8.0,5,10.0
390,DEN,Denmark,2016,8.0,5,10.0
390,DEN,Denmark,2017,8.0,5,10.0
390,DEN,Denmark,2018,8.0,5,10.0
522,DJI,Djibouti,1977,3.0,1,-8.0
522,DJI,Djibouti,1978,3.0,1,-8.0
522,DJI,Djibouti,1979,3.0,1,-8.0
522,DJI,Djibouti,1980,3.0,1,-8.0
522,DJI,Djibouti,1981,3.0,1,-8.0
522,DJI,Djibouti,1982,3.0,1,-8.0
522,DJI,Djibouti,1983,3.0,1,-8.0
522,DJI,Djibouti,1984,3.0,1,-8.0
522,DJI,Djibouti,1985,3.0,1,-8.0
522,DJI,Djibouti,1986,3.0,1,-8.0
522,DJI,Djibouti,1987,3.0,1,-8.0
522,DJI,Djibouti,1988,3.0,1,-8.0
522,DJI,Djibouti,1989,3.0,1,-8.0
522,DJI,Djibouti,1990,3.0,1,-8.0
522,DJI,Djibouti,1991,3.0,1,-8.0
522,DJI,Djibouti,1992,3.0,2,-7.0
522,DJI,Djibouti,1993,3.0,2,-7.0
522,DJI,Djibouti,1994,3.0,2,-7.0
522,DJI,Djibouti,1995,3.0,2,-7.0
522,DJI,Djibouti,1996,3.0,2,-6.0
522,DJI,Djibouti,1997,3.0,2,-6.0
522,DJI,Djibouti,1998,3.0,2,-6.0
522,DJI,Djibouti,1999,7.0,3,1.0
522,DJI,Djibouti,2000,7.0,3,1.0
522,DJI,Djibouti,2001,7.0,3,1.0
522,DJI,Djibouti,2002,7.0,3,1.0
522,DJI,Djibouti,2003,7.0,3,1.0
522,DJI,Djibouti,2004,7.0,3,1.0
522,DJI,Djibouti,2005,7.0,3,2.0
522,DJI,Djibouti,2006,7.0,3,2.0
522,DJI,Djibouti,2007,7.0,3,2.0
522,DJI,Djibouti,2008,7.0,3,2.0
522,DJI,Djibouti,2009,7.0,3,2.0
522,DJI,Djibouti,2010,7.0,3,2.0
522,DJI,Djibouti,2011,7.0,3,2.0
522,DJI,Djibouti,2012,7.0,3,2.0
522,DJI,Djibouti,2013,7.0,0,3.0
522,DJI,Djibouti,2014,7.0,0,3.0
522,DJI,Djibouti,2015,7.0,0,3.0
522,DJI,Djibouti,2016,7.0,0,3.0
522,DJI,Djibouti,2017,7.0,0,3.0
522,DJI,Djibouti,2018,7.0,0,3.0
42,DOM,Dominican Republic,1844,3.0,3,-3.0
42,DOM,Dominican Republic,1845,3.0,3,-3.0
42,DOM,Dominican Republic,1846,3.0,3,-3.0
42,DOM,Dominican Republic,1847,3.0,3,-3.0
42,DOM,Dominican Republic,1848,3.0,3,-3.0
42,DOM,Dominican Republic,1849,3.0,3,-3.0
42,DOM,Dominican Republic,1850,3.0,3,-3.0
42,DOM,Dominican Republic,1851,3.0,3,-3.0
42,DOM,Dominican Republic,1852,3.0,3,-3.0
42,DOM,Dominican Republic,1853,3.0,3,-3.0
42,DOM,Dominican Republic,1854,3.0,3,-3.0
42,DOM,Dominican Republic,1855,3.0,3,-3.0
42,DOM,Dominican Republic,1856,3.0,3,-3.0
42,DOM,Dominican Republic,1857,3.0,3,-3.0
42,DOM,Dominican Republic,1858,3.0,3,-3.0
42,DOM,Dominican Republic,1859,3.0,3,-3.0
42,DOM,Dominican Republic,1860,3.0,3,-3.0
42,DOM,Dominican Republic,1861,-77.0,-77,0.0
42,DOM,Dominican Republic,1862,-77.0,-77,0.0
42,DOM,Dominican Republic,1863,-77.0,-77,0.0
42,DOM,Dominican Republic,1864,-77.0,-77,0.0
42,DOM,Dominican Republic,1865,3.0,3,-3.0
42,DOM,Dominican Republic,1866,3.0,3,-3.0
42,DOM,Dominican Republic,1867,3.0,3,-3.0
42,DOM,Dominican Republic,1868,3.0,3,-3.0
42,DOM,Dominican Republic,1869,3.0,3,-3.0
42,DOM,Dominican Republic,1870,3.0,3,-3.0
42,DOM,Dominican Republic,1871,3.0,3,-3.0
42,DOM,Dominican Republic,1872,3.0,3,-3.0
42,DOM,Dominican Republic,1873,3.0,3,-3.0
42,DOM,Dominican Republic,1874,3.0,3,-3.0
42,DOM,Dominican Republic,1875,3.0,3,-3.0
42,DOM,Dominican Republic,1876,3.0,3,-3.0
42,DOM,Dominican Republic,1877,3.0,3,-3.0
42,DOM,Dominican Republic,1878,3.0,3,-3.0
42,DOM,Dominican Republic,1879,3.0,3,-3.0
42,DOM,Dominican Republic,1880,3.0,3,-3.0
42,DOM,Dominican Republic,1881,3.0,3,-3.0
42,DOM,Dominican Republic,1882,3.0,3,-3.0
42,DOM,Dominican Republic,1883,3.0,3,-3.0
42,DOM,Dominican Republic,1884,3.0,3,-3.0
42,DOM,Dominican Republic,1885,3.0,3,-3.0
42,DOM,Dominican Republic,1886,3.0,3,-3.0
42,DOM,Dominican Republic,1887,3.0,3,-3.0
42,DOM,Dominican Republic,1888,3.0,3,-3.0
42,DOM,Dominican Republic,1889,3.0,3,-3.0
42,DOM,Dominican Republic,1890,3.0,3,-3.0
42,DOM,Dominican Republic,1891,3.0,3,-3.0
42,DOM,Dominican Republic,1892,3.0,3,-3.0
42,DOM,Dominican Republic,1893,3.0,3,-3.0
42,DOM,Dominican Republic,1894,3.0,3,-3.0
42,DOM,Dominican Republic,1895,3.0,3,-3.0
42,DOM,Dominican Republic,1896,3.0,3,-3.0
42,DOM,Dominican Republic,1897,3.0,3,-3.0
42,DOM,Dominican Republic,1898,3.0,3,-3.0
42,DOM,Dominican Republic,1899,3.0,3,-3.0
42,DOM,Dominican Republic,1900,3.0,3,-3.0
42,DOM,Dominican Republic,1901,3.0,3,-3.0
42,DOM,Dominican Republic,1902,3.0,3,-3.0
42,DOM,Dominican Republic,1903,3.0,3,-3.0
42,DOM,Dominican Republic,1904,3.0,3,-3.0
42,DOM,Dominican Republic,1905,3.0,3,-3.0
42,DOM,Dominican Republic,1906,3.0,3,-3.0
42,DOM,Dominican Republic,1907,3.0,3,-3.0
42,DOM,Dominican Republic,1908,3.0,3,-3.0
42,DOM,Dominican Republic,1909,3.0,3,-3.0
42,DOM,Dominican Republic,1910,3.0,3,-3.0
42,DOM,Dominican Republic,1911,3.0,3,-3.0
42,DOM,Dominican Republic,1912,3.0,3,-3.0
42,DOM,Dominican Republic,1913,3.0,3,-3.0
42,DOM,Dominican Republic,1914,-66.0,-66,
42,DOM,Dominican Republic,1915,-66.0,-66,
42,DOM,Dominican Republic,1916,-66.0,-66,
42,DOM,Dominican Republic,1917,-66.0,-66,
42,DOM,Dominican Republic,1918,-66.0,-66,
42,DOM,Dominican Republic,1919,-66.0,-66,
42,DOM,Dominican Republic,1920,-66.0,-66,
42,DOM,Dominican Republic,1921,-66.0,-66,
42,DOM,Dominican Republic,1922,-66.0,-66,
42,DOM,Dominican Republic,1923,-66.0,-66,
42,DOM,Dominican Republic,1924,-66.0,-66,
42,DOM,Dominican Republic,1925,3.0,3,-3.0
42,DOM,Dominican Republic,1926,3.0,3,-3.0
42,DOM,Dominican Republic,1927,3.0,3,-3.0
42,DOM,Dominican Republic,1928,3.0,3,-3.0
42,DOM,Dominican Republic,1929,3.0,3,-3.0
42,DOM,Dominican Republic,1930,-88.0,-88,-5.0
42,DOM,Dominican Republic,1931,-88.0,-88,-7.0
42,DOM,Dominican Republic,1932,3.0,1,-9.0
42,DOM,Dominican Republic,1933,3.0,1,-9.0
42,DOM,Dominican Republic,1934,3.0,1,-9.0
42,DOM,Dominican Republic,1935,3.0,1,-9.0
42,DOM,Dominican Republic,1936,3.0,1,-9.0
42,DOM,Dominican Republic,1937,3.0,1,-9.0
42,DOM,Dominican Republic,1938,3.0,1,-9.0
42,DOM,Dominican Republic,1939,3.0,1,-9.0
42,DOM,Dominican Republic,1940,3.0,1,-9.0
42,DOM,Dominican Republic,1941,3.0,1,-9.0
42,DOM,Dominican Republic,1942,3.0,1,-9.0
42,DOM,Dominican Republic,1943,3.0,1,-9.0
42,DOM,Dominican Republic,1944,3.0,1,-9.0
42,DOM,Dominican Republic,1945,3.0,1,-9.0
42,DOM,Dominican Republic,1946,3.0,1,-9.0
42,DOM,Dominican Republic,1947,3.0,1,-9.0
42,DOM,Dominican Republic,1948,3.0,1,-9.0
42,DOM,Dominican Republic,1949,3.0,1,-9.0
42,DOM,Dominican Republic,1950,3.0,1,-9.0
42,DOM,Dominican Republic,1951,3.0,1,-9.0
42,DOM,Dominican Republic,1952,3.0,1,-9.0
42,DOM,Dominican Republic,1953,3.0,1,-9.0
42,DOM,Dominican Republic,1954,3.0,1,-9.0
42,DOM,Dominican Republic,1955,3.0,1,-9.0
42,DOM,Dominican Republic,1956,3.0,1,-9.0
42,DOM,Dominican Republic,1957,3.0,1,-9.0
42,DOM,Dominican Republic,1958,3.0,1,-9.0
42,DOM,Dominican Republic,1959,3.0,1,-9.0
42,DOM,Dominican Republic,1960,3.0,1,-9.0
42,DOM,Dominican Republic,1961,-88.0,-88,-6.0
42,DOM,Dominican Republic,1962,-88.0,-88,-3.0
42,DOM,Dominican Republic,1963,-77.0,-77,0.0
42,DOM,Dominican Republic,1964,-77.0,-77,0.0
42,DOM,Dominican Republic,1965,-77.0,-77,0.0
42,DOM,Dominican Republic,1966,3.0,3,-3.0
42,DOM,Dominican Republic,1967,3.0,3,-3.0
42,DOM,Dominican Republic,1968,3.0,3,-3.0
42,DOM,Dominican Republic,1969,3.0,3,-3.0
42,DOM,Dominican Republic,1970,3.0,3,-3.0
42,DOM,Dominican Republic,1971,3.0,3,-3.0
42,DOM,Dominican Republic,1972,3.0,3,-3.0
42,DOM,Dominican Republic,1973,3.0,3,-3.0
42,DOM,Dominican Republic,1974,3.0,3,-3.0
42,DOM,Dominican Republic,1975,3.0,3,-3.0
42,DOM,Dominican Republic,1976,3.0,3,-3.0
42,DOM,Dominican Republic,1977,3.0,3,-3.0
42,DOM,Dominican Republic,1978,7.0,3,5.0
42,DOM,Dominican Republic,1979,7.0,3,5.0
42,DOM,Dominican Republic,1980,7.0,3,5.0
42,DOM,Dominican Republic,1981,7.0,3,5.0
42,DOM,Dominican Republic,1982,7.0,3,5.0
42,DOM,Dominican Republic,1983,7.0,3,5.0
42,DOM,Dominican Republic,1984,7.0,3,5.0
42,DOM,Dominican Republic,1985,7.0,3,5.0
42,DOM,Dominican Republic,1986,7.0,3,5.0
42,DOM,Dominican Republic,1987,7.0,3,5.0
42,DOM,Dominican Republic,1988,7.0,3,5.0
42,DOM,Dominican Republic,1989,7.0,3,5.0
42,DOM,Dominican Republic,1990,7.0,3,5.0
42,DOM,Dominican Republic,1991,7.0,3,5.0
42,DOM,Dominican Republic,1992,7.0,3,5.0
42,DOM,Dominican Republic,1993,7.0,3,5.0
42,DOM,Dominican Republic,1994,7.0,3,5.0
42,DOM,Dominican Republic,1995,7.0,3,5.0
42,DOM,Dominican Republic,1996,8.0,4,8.0
42,DOM,Dominican Republic,1997,8.0,4,8.0
42,DOM,Dominican Republic,1998,8.0,4,8.0
42,DOM,Dominican Republic,1999,8.0,4,8.0
42,DOM,Dominican Republic,2000,8.0,4,8.0
42,DOM,Dominican Republic,2001,8.0,4,8.0
42,DOM,Dominican Republic,2002,8.0,4,8.0
42,DOM,Dominican Republic,2003,8.0,4,8.0
42,DOM,Dominican Republic,2004,8.0,4,8.0
42,DOM,Dominican Republic,2005,8.0,4,8.0
42,DOM,Dominican Republic,2006,8.0,4,8.0
42,DOM,Dominican Republic,2007,8.0,4,8.0
42,DOM,Dominican Republic,2008,8.0,4,8.0
42,DOM,Dominican Republic,2009,8.0,4,8.0
42,DOM,Dominican Republic,2010,8.0,4,8.0
42,DOM,Dominican Republic,2011,8.0,4,8.0
42,DOM,Dominican Republic,2012,8.0,4,8.0
42,DOM,Dominican Republic,2013,8.0,4,8.0
42,DOM,Dominican Republic,2014,8.0,4,8.0
42,DOM,Dominican Republic,2015,8.0,4,8.0
42,DOM,Dominican Republic,2016,8.0,4,7.0
42,DOM,Dominican Republic,2017,8.0,4,7.0
42,DOM,Dominican Republic,2018,8.0,4,7.0
816,DRV,Vietnam North,1954,3.0,1,-9.0
816,DRV,Vietnam North,1955,3.0,1,-9.0
816,DRV,Vietnam North,1956,3.0,1,-9.0
816,DRV,Vietnam North,1957,3.0,1,-9.0
816,DRV,Vietnam North,1958,3.0,1,-9.0
816,DRV,Vietnam North,1959,3.0,1,-9.0
816,DRV,Vietnam North,1960,3.0,1,-8.0
816,DRV,Vietnam North,1961,3.0,1,-8.0
816,DRV,Vietnam North,1962,3.0,1,-8.0
816,DRV,Vietnam North,1963,3.0,1,-8.0
816,DRV,Vietnam North,1964,3.0,1,-8.0
816,DRV,Vietnam North,1965,3.0,1,-8.0
816,DRV,Vietnam North,1966,3.0,1,-8.0
816,DRV,Vietnam North,1967,3.0,1,-8.0
816,DRV,Vietnam North,1968,3.0,1,-8.0
816,DRV,Vietnam North,1969,3.0,1,-7.0
816,DRV,Vietnam North,1970,3.0,1,-7.0
816,DRV,Vietnam North,1971,3.0,1,-7.0
816,DRV,Vietnam North,1972,3.0,1,-7.0
816,DRV,Vietnam North,1973,3.0,1,-7.0
816,DRV,Vietnam North,1974,3.0,1,-7.0
816,DRV,Vietnam North,1975,3.0,1,-7.0
816,DRV,Vietnam North,1976,3.0,1,-7.0
130,ECU,Ecuador,1830,4.0,3,-1.0
130,ECU,Ecuador,1831,4.0,3,-1.0
130,ECU,Ecuador,1832,4.0,3,-1.0
130,ECU,Ecuador,1833,4.0,3,-1.0
130,ECU,Ecuador,1834,4.0,3,-1.0
130,ECU,Ecuador,1835,4.0,3,-1.0
130,ECU,Ecuador,1836,4.0,3,-1.0
130,ECU,Ecuador,1837,4.0,3,-1.0
130,ECU,Ecuador,1838,4.0,3,-1.0
130,ECU,Ecuador,1839,4.0,3,-1.0
130,ECU,Ecuador,1840,4.0,3,-1.0
130,ECU,Ecuador,1841,4.0,3,-1.0
130,ECU,Ecuador,1842,4.0,3,-1.0
130,ECU,Ecuador,1843,4.0,3,-1.0
130,ECU,Ecuador,1844,4.0,3,-1.0
130,ECU,Ecuador,1845,4.0,3,-1.0
130,ECU,Ecuador,1846,4.0,3,-1.0
130,ECU,Ecuador,1847,4.0,3,-1.0
130,ECU,Ecuador,1848,4.0,3,-1.0
130,ECU,Ecuador,1849,4.0,3,-1.0
130,ECU,Ecuador,1850,4.0,3,-1.0
130,ECU,Ecuador,1851,4.0,3,-1.0
130,ECU,Ecuador,1852,4.0,3,-1.0
130,ECU,Ecuador,1853,4.0,3,-1.0
130,ECU,Ecuador,1854,4.0,3,-1.0
130,ECU,Ecuador,1855,4.0,3,-1.0
130,ECU,Ecuador,1856,4.0,3,-1.0
130,ECU,Ecuador,1857,4.0,3,-1.0
130,ECU,Ecuador,1858,4.0,3,-1.0
130,ECU,Ecuador,1859,4.0,3,-1.0
130,ECU,Ecuador,1860,4.0,3,-1.0
130,ECU,Ecuador,1861,4.0,3,-1.0
130,ECU,Ecuador,1862,4.0,3,-1.0
130,ECU,Ecuador,1863,4.0,3,-1.0
130,ECU,Ecuador,1864,4.0,3,-1.0
130,ECU,Ecuador,1865,4.0,3,-1.0
130,ECU,Ecuador,1866,4.0,3,-1.0
130,ECU,Ecuador,1867,4.0,3,-1.0
130,ECU,Ecuador,1868,4.0,3,-1.0
130,ECU,Ecuador,1869,4.0,3,-1.0
130,ECU,Ecuador,1870,4.0,3,-1.0
130,ECU,Ecuador,1871,4.0,3,-1.0
130,ECU,Ecuador,1872,4.0,3,-1.0
130,ECU,Ecuador,1873,4.0,3,-1.0
130,ECU,Ecuador,1874,4.0,3,-1.0
130,ECU,Ecuador,1875,4.0,3,-1.0
130,ECU,Ecuador,1876,4.0,3,-1.0
130,ECU,Ecuador,1877,4.0,3,-1.0
130,ECU,Ecuador,1878,4.0,3,-1.0
130,ECU,Ecuador,1879,4.0,3,-1.0
130,ECU,Ecuador,1880,4.0,3,-1.0
130,ECU,Ecuador,1881,4.0,3,-1.0
130,ECU,Ecuador,1882,4.0,3,-1.0
130,ECU,Ecuador,1883,4.0,3,-1.0
130,ECU,Ecuador,1884,4.0,3,-1.0
130,ECU,Ecuador,1885,4.0,3,-1.0
130,ECU,Ecuador,1886,4.0,3,-1.0
130,ECU,Ecuador,1887,4.0,3,-1.0
130,ECU,Ecuador,1888,4.0,3,-1.0
130,ECU,Ecuador,1889,4.0,3,-1.0
130,ECU,Ecuador,1890,4.0,3,-1.0
130,ECU,Ecuador,1891,4.0,3,-1.0
130,ECU,Ecuador,1892,4.0,3,-1.0
130,ECU,Ecuador,1893,4.0,3,-1.0
130,ECU,Ecuador,1894,4.0,3,-1.0
130,ECU,Ecuador,1895,4.0,3,-1.0
130,ECU,Ecuador,1896,4.0,3,-1.0
130,ECU,Ecuador,1897,4.0,3,-1.0
130,ECU,Ecuador,1898,4.0,3,-1.0
130,ECU,Ecuador,1899,4.0,3,-1.0
130,ECU,Ecuador,1900,4.0,3,-1.0
130,ECU,Ecuador,1901,3.0,3,-3.0
130,ECU,Ecuador,1902,3.0,3,-3.0
130,ECU,Ecuador,1903,3.0,3,-3.0
130,ECU,Ecuador,1904,3.0,3,-3.0
130,ECU,Ecuador,1905,3.0,3,-3.0
130,ECU,Ecuador,1906,3.0,3,-3.0
130,ECU,Ecuador,1907,3.0,3,-3.0
130,ECU,Ecuador,1908,3.0,3,-3.0
130,ECU,Ecuador,1909,3.0,3,-3.0
130,ECU,Ecuador,1910,3.0,3,-3.0
130,ECU,Ecuador,1911,3.0,3,-3.0
130,ECU,Ecuador,1912,3.0,3,-3.0
130,ECU,Ecuador,1913,3.0,3,-3.0
130,ECU,Ecuador,1914,3.0,3,-3.0
130,ECU,Ecuador,1915,3.0,3,-3.0
130,ECU,Ecuador,1916,3.0,3,-3.0
130,ECU,Ecuador,1917,3.0,3,-3.0
130,ECU,Ecuador,1918,3.0,3,-3.0
130,ECU,Ecuador,1919,3.0,3,-3.0
130,ECU,Ecuador,1920,3.0,3,-3.0
130,ECU,Ecuador,1921,3.0,3,-3.0
130,ECU,Ecuador,1922,3.0,3,-3.0
130,ECU,Ecuador,1923,3.0,3,-3.0
130,ECU,Ecuador,1924,3.0,3,-3.0
130,ECU,Ecuador,1925,4.0,3,-1.0
130,ECU,Ecuador,1926,4.0,3,-1.0
130,ECU,Ecuador,1927,4.0,3,-1.0
130,ECU,Ecuador,1928,4.0,3,-1.0
130,ECU,Ecuador,1929,4.0,3,-1.0
130,ECU,Ecuador,1930,4.0,3,-1.0
130,ECU,Ecuador,1931,4.0,3,-1.0
130,ECU,Ecuador,1932,4.0,3,-1.0
130,ECU,Ecuador,1933,4.0,3,-1.0
130,ECU,Ecuador,1934,4.0,3,-1.0
130,ECU,Ecuador,1935,4.0,3,-1.0
130,ECU,Ecuador,1936,4.0,3,-1.0
130,ECU,Ecuador,1937,4.0,3,-1.0
130,ECU,Ecuador,1938,4.0,3,-1.0
130,ECU,Ecuador,1939,4.0,3,-1.0
130,ECU,Ecuador,1940,4.0,3,-1.0
130,ECU,Ecuador,1941,4.0,3,-1.0
130,ECU,Ecuador,1942,4.0,3,-1.0
130,ECU,Ecuador,1943,4.0,3,-1.0
130,ECU,Ecuador,1944,4.0,3,-1.0
130,ECU,Ecuador,1945,4.0,3,-1.0
130,ECU,Ecuador,1946,4.0,3,-1.0
130,ECU,Ecuador,1947,4.0,3,-1.0
130,ECU,Ecuador,1948,7.0,3,1.0
130,ECU,Ecuador,1949,7.0,3,1.0
130,ECU,Ecuador,1950,7.0,3,1.0
130,ECU,Ecuador,1951,7.0,3,1.0
130,ECU,Ecuador,1952,7.0,3,1.0
130,ECU,Ecuador,1953,7.0,3,1.0
130,ECU,Ecuador,1954,7.0,3,1.0
130,ECU,Ecuador,1955,7.0,3,1.0
130,ECU,Ecuador,1956,7.0,3,1.0
130,ECU,Ecuador,1957,7.0,3,1.0
130,ECU,Ecuador,1958,7.0,3,1.0
130,ECU,Ecuador,1959,7.0,3,1.0
130,ECU,Ecuador,1960,7.0,3,1.0
130,ECU,Ecuador,1961,7.0,3,1.0
130,ECU,Ecuador,1962,7.0,3,1.0
130,ECU,Ecuador,1963,4.0,2,-6.0
130,ECU,Ecuador,1964,4.0,2,-6.0
130,ECU,Ecuador,1965,4.0,2,-6.0
130,ECU,Ecuador,1966,-88.0,-88,-2.0
130,ECU,Ecuador,1967,-88.0,-88,2.0
130,ECU,Ecuador,1968,8.0,3,5.0
130,ECU,Ecuador,1969,8.0,3,5.0
130,ECU,Ecuador,1970,8.0,3,0.0
130,ECU,Ecuador,1971,8.0,3,0.0
130,ECU,Ecuador,1972,4.0,2,-5.0
130,ECU,Ecuador,1973,4.0,2,-5.0
130,ECU,Ecuador,1974,4.0,2,-5.0
130,ECU,Ecuador,1975,4.0,2,-5.0
130,ECU,Ecuador,1976,4.0,2,-5.0
130,ECU,Ecuador,1977,4.0,2,-5.0
130,ECU,Ecuador,1978,4.0,2,-5.0
130,ECU,Ecuador,1979,8.0,4,9.0
130,ECU,Ecuador,1980,8.0,4,9.0
130,ECU,Ecuador,1981,8.0,4,9.0
130,ECU,Ecuador,1982,8.0,4,9.0
130,ECU,Ecuador,1983,8.0,4,9.0
130,ECU,Ecuador,1984,8.0,4,9.0
130,ECU,Ecuador,1985,8.0,4,9.0
130,ECU,Ecuador,1986,8.0,4,9.0
130,ECU,Ecuador,1987,8.0,4,9.0
130,ECU,Ecuador,1988,8.0,4,9.0
130,ECU,Ecuador,1989,8.0,4,9.0
130,ECU,Ecuador,1990,8.0,4,9.0
130,ECU,Ecuador,1991,8.0,4,9.0
130,ECU,Ecuador,1992,8.0,4,9.0
130,ECU,Ecuador,1993,8.0,4,9.0
130,ECU,Ecuador,1994,8.0,4,9.0
130,ECU,Ecuador,1995,8.0,4,9.0
130,ECU,Ecuador,1996,8.0,4,9.0
130,ECU,Ecuador,1997,8.0,4,9.0
130,ECU,Ecuador,1998,8.0,4,9.0
130,ECU,Ecuador,1999,8.0,4,9.0
130,ECU,Ecuador,2000,7.0,3,6.0
130,ECU,Ecuador,2001,7.0,3,6.0
130,ECU,Ecuador,2002,7.0,3,6.0
130,ECU,Ecuador,2003,7.0,3,6.0
130,ECU,Ecuador,2004,7.0,3,6.0
130,ECU,Ecuador,2005,7.0,3,6.0
130,ECU,Ecuador,2006,8.0,3,7.0
130,ECU,Ecuador,2007,8.0,3,5.0
130,ECU,Ecuador,2008,8.0,3,5.0
130,ECU,Ecuador,2009,8.0,3,5.0
130,ECU,Ecuador,2010,8.0,3,5.0
130,ECU,Ecuador,2011,8.0,3,5.0
130,ECU,Ecuador,2012,8.0,3,5.0
130,ECU,Ecuador,2013,8.0,4,5.0
130,ECU,Ecuador,2014,8.0,4,5.0
130,ECU,Ecuador,2015,8.0,4,5.0
130,ECU,Ecuador,2016,8.0,4,5.0
130,ECU,Ecuador,2017,8.0,4,5.0
130,ECU,Ecuador,2018,8.0,4,5.0
651,EGY,Egypt,1922,1.0,5,4.0
651,EGY,Egypt,1923,1.0,5,4.0
651,EGY,Egypt,1924,1.0,5,4.0
651,EGY,Egypt,1925,1.0,5,4.0
651,EGY,Egypt,1926,1.0,5,4.0
651,EGY,Egypt,1927,1.0,5,4.0
651,EGY,Egypt,1928,-88.0,-88,1.0
651,EGY,Egypt,1929,-88.0,-88,-3.0
651,EGY,Egypt,1930,1.0,3,-6.0
651,EGY,Egypt,1931,1.0,3,-6.0
651,EGY,Egypt,1932,1.0,3,-6.0
651,EGY,Egypt,1933,1.0,3,-6.0
651,EGY,Egypt,1934,-88.0,-88,-2.0
651,EGY,Egypt,1935,1.0,3,1.0
651,EGY,Egypt,1936,1.0,3,1.0
651,EGY,Egypt,1937,1.0,3,1.0
651,EGY,Egypt,1938,1.0,3,1.0
651,EGY,Egypt,1939,1.0,3,1.0
651,EGY,Egypt,1940,1.0,3,1.0
651,EGY,Egypt,1941,1.0,3,1.0
651,EGY,Egypt,1942,1.0,3,1.0
651,EGY,Egypt,1943,1.0,3,1.0
651,EGY,Egypt,1944,1.0,3,1.0
651,EGY,Egypt,1945,1.0,3,1.0
651,EGY,Egypt,1951,6.0,3,6.0
651,EGY,Egypt,1952,3.0,1,-7.0
651,EGY,Egypt,1953,3.0,1,-7.0
651,EGY,Egypt,1954,3.0,1,-7.0
651,EGY,Egypt,1955,3.0,1,-7.0
651,EGY,Egypt,1956,3.0,1,-7.0
651,EGY,Egypt,1957,3.0,1,-7.0
651,EGY,Egypt,1958,3.0,1,-7.0
651,EGY,Egypt,1959,3.0,1,-7.0
651,EGY,Egypt,1960,3.0,1,-7.0
651,EGY,Egypt,1961,3.0,1,-7.0
651,EGY,Egypt,1962,3.0,1,-7.0
651,EGY,Egypt,1963,3.0,1,-7.0
651,EGY,Egypt,1964,3.0,1,-7.0
651,EGY,Egypt,1965,3.0,1,-7.0
651,EGY,Egypt,1966,3.0,1,-7.0
651,EGY,Egypt,1967,3.0,1,-7.0
651,EGY,Egypt,1968,3.0,1,-7.0
651,EGY,Egypt,1969,3.0,1,-7.0
651,EGY,Egypt,1970,3.0,1,-7.0
651,EGY,Egypt,1971,3.0,1,-7.0
651,EGY,Egypt,1972,3.0,1,-7.0
651,EGY,Egypt,1973,3.0,1,-7.0
651,EGY,Egypt,1974,3.0,1,-7.0
651,EGY,Egypt,1975,3.0,1,-7.0
651,EGY,Egypt,1976,3.0,2,-6.0
651,EGY,Egypt,1977,3.0,2,-6.0
651,EGY,Egypt,1978,3.0,2,-6.0
651,EGY,Egypt,1979,3.0,2,-6.0
651,EGY,Egypt,1980,3.0,2,-6.0
651,EGY,Egypt,1981,3.0,2,-6.0
651,EGY,Egypt,1982,3.0,2,-6.0
651,EGY,Egypt,1983,3.0,2,-6.0
651,EGY,Egypt,1984,3.0,2,-6.0
651,EGY,Egypt,1985,3.0,2,-6.0
651,EGY,Egypt,1986,3.0,2,-6.0
651,EGY,Egypt,1987,3.0,2,-6.0
651,EGY,Egypt,1988,3.0,2,-6.0
651,EGY,Egypt,1989,3.0,2,-6.0
651,EGY,Egypt,1990,3.0,2,-6.0
651,EGY,Egypt,1991,3.0,2,-6.0
651,EGY,Egypt,1992,3.0,2,-6.0
651,EGY,Egypt,1993,3.0,2,-6.0
651,EGY,Egypt,1994,3.0,2,-6.0
651,EGY,Egypt,1995,3.0,2,-6.0
651,EGY,Egypt,1996,3.0,2,-6.0
651,EGY,Egypt,1997,3.0,2,-6.0
651,EGY,Egypt,1998,3.0,2,-6.0
651,EGY,Egypt,1999,3.0,2,-6.0
651,EGY,Egypt,2000,3.0,2,-6.0
651,EGY,Egypt,2001,3.0,2,-6.0
651,EGY,Egypt,2002,3.0,2,-6.0
651,EGY,Egypt,2003,3.0,2,-6.0
651,EGY,Egypt,2004,3.0,2,-6.0
651,EGY,Egypt,2005,3.0,3,-3.0
651,EGY,Egypt,2006,3.0,3,-3.0
651,EGY,Egypt,2007,3.0,3,-3.0
651,EGY,Egypt,2008,3.0,3,-3.0
651,EGY,Egypt,2009,3.0,3,-3.0
651,EGY,Egypt,2010,3.0,3,-3.0
651,EGY,Egypt,2011,5.0,0,-2.0
651,EGY,Egypt,2012,-88.0,-88,-3.0
651,EGY,Egypt,2013,5.0,2,-4.0
651,EGY,Egypt,2014,5.0,2,-4.0
651,EGY,Egypt,2015,5.0,2,-4.0
651,EGY,Egypt,2016,5.0,2,-4.0
651,EGY,Egypt,2017,5.0,2,-4.0
651,EGY,Egypt,2018,5.0,2,-4.0
411,EQG,Equatorial Guinea,1968,7.0,3,2.0
411,EQG,Equatorial Guinea,1969,4.0,1,-7.0
411,EQG,Equatorial Guinea,1970,4.0,1,-7.0
411,EQG,Equatorial Guinea,1971,4.0,1,-7.0
411,EQG,Equatorial Guinea,1972,4.0,1,-7.0
411,EQG,Equatorial Guinea,1973,4.0,1,-7.0
411,EQG,Equatorial Guinea,1974,4.0,1,-7.0
411,EQG,Equatorial Guinea,1975,4.0,1,-7.0
411,EQG,Equatorial Guinea,1976,4.0,1,-7.0
411,EQG,Equatorial Guinea,1977,4.0,1,-7.0
411,EQG,Equatorial Guinea,1978,4.0,1,-7.0
411,EQG,Equatorial Guinea,1979,4.0,1,-7.0
411,EQG,Equatorial Guinea,1980,4.0,1,-7.0
411,EQG,Equatorial Guinea,1981,4.0,1,-7.0
411,EQG,Equatorial Guinea,1982,4.0,1,-7.0
411,EQG,Equatorial Guinea,1983,4.0,1,-7.0
411,EQG,Equatorial Guinea,1984,4.0,1,-7.0
411,EQG,Equatorial Guinea,1985,4.0,1,-7.0
411,EQG,Equatorial Guinea,1986,4.0,1,-7.0
411,EQG,Equatorial Guinea,1987,4.0,1,-7.0
411,EQG,Equatorial Guinea,1988,4.0,1,-7.0
411,EQG,Equatorial Guinea,1989,4.0,1,-7.0
411,EQG,Equatorial Guinea,1990,4.0,1,-7.0
411,EQG,Equatorial Guinea,1991,4.0,1,-7.0
411,EQG,Equatorial Guinea,1992,4.0,1,-7.0
411,EQG,Equatorial Guinea,1993,4.0,2,-5.0
411,EQG,Equatorial Guinea,1994,4.0,2,-5.0
411,EQG,Equatorial Guinea,1995,4.0,2,-5.0
411,EQG,Equatorial Guinea,1996,4.0,2,-6.0
411,EQG,Equatorial Guinea,1997,4.0,2,-6.0
411,EQG,Equatorial Guinea,1998,4.0,2,-6.0
411,EQG,Equatorial Guinea,1999,4.0,2,-6.0
411,EQG,Equatorial Guinea,2000,4.0,2,-6.0
411,EQG,Equatorial Guinea,2001,4.0,2,-6.0
411,EQG,Equatorial Guinea,2002,4.0,2,-6.0
411,EQG,Equatorial Guinea,2003,4.0,2,-6.0
411,EQG,Equatorial Guinea,2004,4.0,2,-6.0
411,EQG,Equatorial Guinea,2005,4.0,2,-6.0
411,EQG,Equatorial Guinea,2006,4.0,2,-6.0
411,EQG,Equatorial Guinea,2007,4.0,2,-6.0
411,EQG,Equatorial Guinea,2008,4.0,2,-6.0
411,EQG,Equatorial Guinea,2009,4.0,2,-6.0
411,EQG,Equatorial Guinea,2010,4.0,2,-6.0
411,EQG,Equatorial Guinea,2011,4.0,2,-6.0
411,EQG,Equatorial Guinea,2012,4.0,2,-6.0
411,EQG,Equatorial Guinea,2013,4.0,2,-6.0
411,EQG,Equatorial Guinea,2014,4.0,2,-6.0
411,EQG,Equatorial Guinea,2015,4.0,2,-6.0
411,EQG,Equatorial Guinea,2016,4.0,2,-6.0
411,EQG,Equatorial Guinea,2017,4.0,2,-6.0
411,EQG,Equatorial Guinea,2018,4.0,2,-6.0
531,ERI,Eritrea,1993,3.0,2,-6.0
531,ERI,Eritrea,1994,3.0,2,-6.0
531,ERI,Eritrea,1995,3.0,2,-6.0
531,ERI,Eritrea,1996,3.0,2,-6.0
531,ERI,Eritrea,1997,3.0,2,-6.0
531,ERI,Eritrea,1998,3.0,2,-6.0
531,ERI,Eritrea,1999,3.0,2,-6.0
531,ERI,Eritrea,2000,3.0,2,-6.0
531,ERI,Eritrea,2001,3.0,2,-7.0
531,ERI,Eritrea,2002,3.0,2,-7.0
531,ERI,Eritrea,2003,3.0,2,-7.0
531,ERI,Eritrea,2004,3.0,2,-7.0
531,ERI,Eritrea,2005,3.0,2,-7.0
531,ERI,Eritrea,2006,3.0,2,-7.0
531,ERI,Eritrea,2007,3.0,2,-7.0
531,ERI,Eritrea,2008,3.0,2,-7.0
531,ERI,Eritrea,2009,3.0,2,-7.0
531,ERI,Eritrea,2010,3.0,2,-7.0
531,ERI,Eritrea,2011,3.0,2,-7.0
531,ERI,Eritrea,2012,3.0,2,-7.0
531,ERI,Eritrea,2013,3.0,2,-7.0
531,ERI,Eritrea,2014,3.0,2,-7.0
531,ERI,Eritrea,2015,3.0,2,-7.0
531,ERI,Eritrea,2016,3.0,2,-7.0
531,ERI,Eritrea,2017,3.0,2,-7.0
531,ERI,Eritrea,2018,3.0,2,-7.0
366,EST,Estonia,1917,8.0,3,8.0
366,EST,Estonia,1918,-66.0,-66,
366,EST,Estonia,1919,8.0,5,10.0
366,EST,Estonia,1920,8.0,5,10.0
366,EST,Estonia,1921,8.0,5,10.0
366,EST,Estonia,1922,8.0,5,10.0
366,EST,Estonia,1923,8.0,5,10.0
366,EST,Estonia,1924,8.0,5,10.0
366,EST,Estonia,1925,8.0,5,10.0
366,EST,Estonia,1926,8.0,5,10.0
366,EST,Estonia,1927,8.0,5,10.0
366,EST,Estonia,1928,8.0,5,10.0
366,EST,Estonia,1929,8.0,5,10.0
366,EST,Estonia,1930,8.0,5,10.0
366,EST,Estonia,1931,8.0,5,10.0
366,EST,Estonia,1932,8.0,5,10.0
366,EST,Estonia,1933,-88.0,-88,6.0
366,EST,Estonia,1934,-88.0,-88,2.0
366,EST,Estonia,1935,-88.0,-88,-2.0
366,EST,Estonia,1936,3.0,2,-6.0
366,EST,Estonia,1937,3.0,2,-6.0
366,EST,Estonia,1938,3.0,2,-6.0
366,EST,Estonia,1939,3.0,2,-6.0
366,EST,Estonia,1940,3.0,2,-6.0
366,EST,Estonia,1991,7.0,3,6.0
366,EST,Estonia,1992,7.0,3,6.0
366,EST,Estonia,1993,7.0,3,6.0
366,EST,Estonia,1994,7.0,3,6.0
366,EST,Estonia,1995,7.0,3,6.0
366,EST,Estonia,1996,7.0,3,6.0
366,EST,Estonia,1997,7.0,3,6.0
366,EST,Estonia,1998,7.0,3,6.0
366,EST,Estonia,1999,8.0,3,7.0
366,EST,Estonia,2000,8.0,4,9.0
366,EST,Estonia,2001,8.0,4,9.0
366,EST,Estonia,2002,8.0,4,9.0
366,EST,Estonia,2003,8.0,4,9.0
366,EST,Estonia,2004,8.0,4,9.0
366,EST,Estonia,2005,8.0,4,9.0
366,EST,Estonia,2006,8.0,4,9.0
366,EST,Estonia,2007,8.0,4,9.0
366,EST,Estonia,2008,8.0,4,9.0
366,EST,Estonia,2009,8.0,4,9.0
366,EST,Estonia,2010,8.0,4,9.0
366,EST,Estonia,2011,8.0,4,9.0
366,EST,Estonia,2012,8.0,4,9.0
366,EST,Estonia,2013,8.0,4,9.0
366,EST,Estonia,2014,8.0,4,9.0
366,EST,Estonia,2015,8.0,4,9.0
366,EST,Estonia,2016,8.0,4,9.0
366,EST,Estonia,2017,8.0,4,9.0
366,EST,Estonia,2018,8.0,4,9.0
530,ETH,Ethiopia,1855,4.0,3,4.0
530,ETH,Ethiopia,1856,4.0,3,4.0
530,ETH,Ethiopia,1857,4.0,3,4.0
530,ETH,Ethiopia,1858,4.0,3,4.0
530,ETH,Ethiopia,1859,4.0,3,4.0
530,ETH,Ethiopia,1860,4.0,3,4.0
530,ETH,Ethiopia,1861,4.0,3,4.0
530,ETH,Ethiopia,1862,4.0,3,4.0
530,ETH,Ethiopia,1863,4.0,3,4.0
530,ETH,Ethiopia,1864,4.0,3,4.0
530,ETH,Ethiopia,1865,4.0,3,4.0
530,ETH,Ethiopia,1866,4.0,3,4.0
530,ETH,Ethiopia,1867,4.0,3,4.0
530,ETH,Ethiopia,1868,4.0,3,4.0
530,ETH,Ethiopia,1869,4.0,3,4.0
530,ETH,Ethiopia,1870,4.0,3,4.0
530,ETH,Ethiopia,1871,4.0,3,4.0
530,ETH,Ethiopia,1872,4.0,3,4.0
530,ETH,Ethiopia,1873,4.0,3,4.0
530,ETH,Ethiopia,1874,4.0,3,4.0
530,ETH,Ethiopia,1875,4.0,3,4.0
530,ETH,Ethiopia,1876,4.0,3,4.0
530,ETH,Ethiopia,1877,4.0,3,4.0
530,ETH,Ethiopia,1878,4.0,3,4.0
530,ETH,Ethiopia,1879,4.0,3,4.0
530,ETH,Ethiopia,1880,4.0,3,4.0
530,ETH,Ethiopia,1881,4.0,3,4.0
530,ETH,Ethiopia,1882,4.0,3,4.0
530,ETH,Ethiopia,1883,4.0,3,4.0
530,ETH,Ethiopia,1884,4.0,3,4.0
530,ETH,Ethiopia,1885,4.0,3,4.0
530,ETH,Ethiopia,1886,4.0,3,4.0
530,ETH,Ethiopia,1887,4.0,3,4.0
530,ETH,Ethiopia,1888,4.0,3,4.0
530,ETH,Ethiopia,1889,4.0,3,4.0
530,ETH,Ethiopia,1890,4.0,3,4.0
530,ETH,Ethiopia,1891,4.0,3,4.0
530,ETH,Ethiopia,1892,4.0,3,4.0
530,ETH,Ethiopia,1893,4.0,3,4.0
530,ETH,Ethiopia,1894,4.0,3,4.0
530,ETH,Ethiopia,1895,4.0,3,4.0
530,ETH,Ethiopia,1896,4.0,3,4.0
530,ETH,Ethiopia,1897,4.0,3,4.0
530,ETH,Ethiopia,1898,4.0,3,4.0
530,ETH,Ethiopia,1899,4.0,3,4.0
530,ETH,Ethiopia,1900,4.0,3,4.0
530,ETH,Ethiopia,1901,4.0,3,4.0
530,ETH,Ethiopia,1902,4.0,3,4.0
530,ETH,Ethiopia,1903,4.0,3,4.0
530,ETH,Ethiopia,1904,4.0,3,4.0
530,ETH,Ethiopia,1905,4.0,3,4.0
530,ETH,Ethiopia,1906,4.0,3,4.0
530,ETH,Ethiopia,1907,4.0,3,4.0
530,ETH,Ethiopia,1908,4.0,3,4.0
530,ETH,Ethiopia,1909,4.0,3,4.0
530,ETH,Ethiopia,1910,4.0,3,4.0
530,ETH,Ethiopia,1911,4.0,3,4.0
530,ETH,Ethiopia,1912,4.0,3,4.0
530,ETH,Ethiopia,1913,4.0,3,4.0
530,ETH,Ethiopia,1914,4.0,3,4.0
530,ETH,Ethiopia,1915,4.0,3,4.0
530,ETH,Ethiopia,1916,4.0,3,4.0
530,ETH,Ethiopia,1917,4.0,3,4.0
530,ETH,Ethiopia,1918,4.0,3,4.0
530,ETH,Ethiopia,1919,4.0,3,4.0
530,ETH,Ethiopia,1920,4.0,3,4.0
530,ETH,Ethiopia,1921,4.0,3,4.0
530,ETH,Ethiopia,1922,4.0,3,4.0
530,ETH,Ethiopia,1923,4.0,3,4.0
530,ETH,Ethiopia,1924,4.0,3,4.0
530,ETH,Ethiopia,1925,4.0,3,4.0
530,ETH,Ethiopia,1926,4.0,3,4.0
530,ETH,Ethiopia,1927,4.0,3,4.0
530,ETH,Ethiopia,1928,4.0,3,4.0
530,ETH,Ethiopia,1929,4.0,3,4.0
530,ETH,Ethiopia,1930,4.0,2,-5.0
530,ETH,Ethiopia,1931,4.0,2,-5.0
530,ETH,Ethiopia,1932,4.0,2,-5.0
530,ETH,Ethiopia,1933,4.0,2,-5.0
530,ETH,Ethiopia,1934,4.0,2,-5.0
530,ETH,Ethiopia,1935,4.0,2,-5.0
530,ETH,Ethiopia,1936,-66.0,-66,
530,ETH,Ethiopia,1937,-66.0,-66,
530,ETH,Ethiopia,1938,-66.0,-66,
530,ETH,Ethiopia,1939,-66.0,-66,
530,ETH,Ethiopia,1940,-66.0,-66,
530,ETH,Ethiopia,1941,-66.0,-66,
530,ETH,Ethiopia,1942,4.0,2,-5.0
530,ETH,Ethiopia,1943,4.0,2,-5.0
530,ETH,Ethiopia,1944,4.0,2,-5.0
530,ETH,Ethiopia,1945,4.0,2,-5.0
530,ETH,Ethiopia,1946,3.0,1,-9.0
530,ETH,Ethiopia,1947,3.0,1,-9.0
530,ETH,Ethiopia,1948,3.0,1,-9.0
530,ETH,Ethiopia,1949,3.0,1,-9.0
530,ETH,Ethiopia,1950,3.0,1,-9.0
530,ETH,Ethiopia,1951,3.0,1,-9.0
530,ETH,Ethiopia,1952,3.0,1,-9.0
530,ETH,Ethiopia,1953,3.0,1,-9.0
530,ETH,Ethiopia,1954,3.0,1,-9.0
530,ETH,Ethiopia,1955,3.0,1,-9.0
530,ETH,Ethiopia,1956,3.0,1,-9.0
530,ETH,Ethiopia,1957,3.0,1,-9.0
530,ETH,Ethiopia,1958,3.0,1,-9.0
530,ETH,Ethiopia,1959,3.0,1,-9.0
530,ETH,Ethiopia,1960,3.0,1,-9.0
530,ETH,Ethiopia,1961,3.0,1,-9.0
530,ETH,Ethiopia,1962,3.0,1,-9.0
530,ETH,Ethiopia,1963,3.0,1,-9.0
530,ETH,Ethiopia,1964,3.0,1,-9.0
530,ETH,Ethiopia,1965,3.0,1,-9.0
530,ETH,Ethiopia,1966,3.0,1,-9.0
530,ETH,Ethiopia,1967,3.0,1,-9.0
530,ETH,Ethiopia,1968,3.0,1,-9.0
530,ETH,Ethiopia,1969,3.0,1,-9.0
530,ETH,Ethiopia,1970,3.0,1,-9.0
530,ETH,Ethiopia,1971,3.0,1,-9.0
530,ETH,Ethiopia,1972,3.0,1,-9.0
530,ETH,Ethiopia,1973,3.0,1,-9.0
530,ETH,Ethiopia,1974,-77.0,-77,0.0
530,ETH,Ethiopia,1975,3.0,1,-7.0
530,ETH,Ethiopia,1976,3.0,1,-7.0
530,ETH,Ethiopia,1977,3.0,1,-7.0
530,ETH,Ethiopia,1978,3.0,1,-7.0
530,ETH,Ethiopia,1979,3.0,1,-7.0
530,ETH,Ethiopia,1980,3.0,1,-7.0
530,ETH,Ethiopia,1981,3.0,1,-7.0
530,ETH,Ethiopia,1982,3.0,1,-7.0
530,ETH,Ethiopia,1983,3.0,1,-7.0
530,ETH,Ethiopia,1984,3.0,1,-8.0
530,ETH,Ethiopia,1985,3.0,1,-8.0
530,ETH,Ethiopia,1986,3.0,1,-8.0
530,ETH,Ethiopia,1987,3.0,1,-8.0
530,ETH,Ethiopia,1988,3.0,1,-8.0
530,ETH,Ethiopia,1989,3.0,1,-8.0
530,ETH,Ethiopia,1990,3.0,1,-8.0
530,ETH,Ethiopia,1991,-77.0,-77,0.0
530,ETH,Ethiopia,1992,-88.0,-88,0.0
530,ETH,Ethiopia,1993,-88.0,-88,0.0
529,ETI,Ethiopia,1993,-88.0,-88,1.0
529,ETI,Ethiopia,1994,-88.0,-88,1.0
529,ETI,Ethiopia,1995,7.0,3,1.0
529,ETI,Ethiopia,1996,7.0,3,1.0
529,ETI,Ethiopia,1997,7.0,3,1.0
529,ETI,Ethiopia,1998,7.0,3,1.0
529,ETI,Ethiopia,1999,7.0,3,1.0
529,ETI,Ethiopia,2000,7.0,3,1.0
529,ETI,Ethiopia,2001,7.0,3,1.0
529,ETI,Ethiopia,2002,7.0,3,1.0
529,ETI,Ethiopia,2003,7.0,3,1.0
529,ETI,Ethiopia,2004,7.0,3,1.0
529,ETI,Ethiopia,2005,3.0,3,-3.0
529,ETI,Ethiopia,2006,3.0,3,-3.0
529,ETI,Ethiopia,2007,3.0,3,-3.0
529,ETI,Ethiopia,2008,3.0,3,-3.0
529,ETI,Ethiopia,2009,3.0,3,-3.0
529,ETI,Ethiopia,2010,3.0,3,-3.0
529,ETI,Ethiopia,2011,3.0,3,-3.0
529,ETI,Ethiopia,2012,3.0,3,-3.0
529,ETI,Ethiopia,2013,3.0,3,-3.0
529,ETI,Ethiopia,2014,3.0,3,-3.0
529,ETI,Ethiopia,2015,3.0,3,-3.0
529,ETI,Ethiopia,2016,3.0,3,-3.0
529,ETI,Ethiopia,2017,3.0,3,-3.0
529,ETI,Ethiopia,2018,3.0,3,1.0
860,ETM,Timor Leste,2002,7.0,0,6.0
860,ETM,Timor Leste,2003,7.0,0,6.0
860,ETM,Timor Leste,2004,7.0,0,6.0
860,ETM,Timor Leste,2005,7.0,0,6.0
860,ETM,Timor Leste,2006,7.0,3,7.0
860,ETM,Timor Leste,2007,7.0,3,7.0
860,ETM,Timor Leste,2008,7.0,3,7.0
860,ETM,Timor Leste,2009,7.0,3,7.0
860,ETM,Timor Leste,2010,7.0,3,7.0
860,ETM,Timor Leste,2011,7.0,3,7.0
860,ETM,Timor Leste,2012,8.0,4,8.0
860,ETM,Timor Leste,2013,8.0,4,8.0
860,ETM,Timor Leste,2014,8.0,4,8.0
860,ETM,Timor Leste,2015,8.0,4,8.0
860,ETM,Timor Leste,2016,8.0,4,8.0
860,ETM,Timor Leste,2017,8.0,4,8.0
860,ETM,Timor Leste,2018,8.0,4,8.0
375,FIN,Finland,1917,8.0,3,8.0
375,FIN,Finland,1918,8.0,3,8.0
375,FIN,Finland,1919,8.0,5,10.0
375,FIN,Finland,1920,8.0,5,10.0
375,FIN,Finland,1921,8.0,5,10.0
375,FIN,Finland,1922,8.0,5,10.0
375,FIN,Finland,1923,8.0,5,10.0
375,FIN,Finland,1924,8.0,5,10.0
375,FIN,Finland,1925,8.0,5,10.0
375,FIN,Finland,1926,8.0,5,10.0
375,FIN,Finland,1927,8.0,5,10.0
375,FIN,Finland,1928,8.0,5,10.0
375,FIN,Finland,1929,8.0,5,10.0
375,FIN,Finland,1930,-88.0,-88,7.0
375,FIN,Finland,1931,8.0,2,4.0
375,FIN,Finland,1932,8.0,2,4.0
375,FIN,Finland,1933,8.0,2,4.0
375,FIN,Finland,1934,8.0,2,4.0
375,FIN,Finland,1935,8.0,2,4.0
375,FIN,Finland,1936,8.0,2,4.0
375,FIN,Finland,1937,8.0,2,4.0
375,FIN,Finland,1938,8.0,2,4.0
375,FIN,Finland,1939,8.0,2,4.0
375,FIN,Finland,1940,8.0,2,4.0
375,FIN,Finland,1941,8.0,2,4.0
375,FIN,Finland,1942,8.0,2,4.0
375,FIN,Finland,1943,8.0,2,4.0
375,FIN,Finland,1944,8.0,5,10.0
375,FIN,Finland,1945,8.0,5,10.0
375,FIN,Finland,1946,8.0,5,10.0
375,FIN,Finland,1947,8.0,5,10.0
375,FIN,Finland,1948,8.0,5,10.0
375,FIN,Finland,1949,8.0,5,10.0
375,FIN,Finland,1950,8.0,5,10.0
375,FIN,Finland,1951,8.0,5,10.0
375,FIN,Finland,1952,8.0,5,10.0
375,FIN,Finland,1953,8.0,5,10.0
375,FIN,Finland,1954,8.0,5,10.0
375,FIN,Finland,1955,8.0,5,10.0
375,FIN,Finland,1956,8.0,5,10.0
375,FIN,Finland,1957,8.0,5,10.0
375,FIN,Finland,1958,8.0,5,10.0
375,FIN,Finland,1959,8.0,5,10.0
375,FIN,Finland,1960,8.0,5,10.0
375,FIN,Finland,1961,8.0,5,10.0
375,FIN,Finland,1962,8.0,5,10.0
375,FIN,Finland,1963,8.0,5,10.0
375,FIN,Finland,1964,8.0,5,10.0
375,FIN,Finland,1965,8.0,5,10.0
375,FIN,Finland,1966,8.0,5,10.0
375,FIN,Finland,1967,8.0,5,10.0
375,FIN,Finland,1968,8.0,5,10.0
375,FIN,Finland,1969,8.0,5,10.0
375,FIN,Finland,1970,8.0,5,10.0
375,FIN,Finland,1971,8.0,5,10.0
375,FIN,Finland,1972,8.0,5,10.0
375,FIN,Finland,1973,8.0,5,10.0
375,FIN,Finland,1974,8.0,5,10.0
375,FIN,Finland,1975,8.0,5,10.0
375,FIN,Finland,1976,8.0,5,10.0
375,FIN,Finland,1977,8.0,5,10.0
375,FIN,Finland,1978,8.0,5,10.0
375,FIN,Finland,1979,8.0,5,10.0
375,FIN,Finland,1980,8.0,5,10.0
375,FIN,Finland,1981,8.0,5,10.0
375,FIN,Finland,1982,8.0,5,10.0
375,FIN,Finland,1983,8.0,5,10.0
375,FIN,Finland,1984,8.0,5,10.0
375,FIN,Finland,1985,8.0,5,10.0
375,FIN,Finland,1986,8.0,5,10.0
375,FIN,Finland,1987,8.0,5,10.0
375,FIN,Finland,1988,8.0,5,10.0
375,FIN,Finland,1989,8.0,5,10.0
375,FIN,Finland,1990,8.0,5,10.0
375,FIN,Finland,1991,8.0,5,10.0
375,FIN,Finland,1992,8.0,5,10.0
375,FIN,Finland,1993,8.0,5,10.0
375,FIN,Finland,1994,8.0,5,10.0
375,FIN,Finland,1995,8.0,5,10.0
375,FIN,Finland,1996,8.0,5,10.0
375,FIN,Finland,1997,8.0,5,10.0
375,FIN,Finland,1998,8.0,5,10.0
375,FIN,Finland,1999,8.0,5,10.0
375,FIN,Finland,2000,8.0,5,10.0
375,FIN,Finland,2001,8.0,5,10.0
375,FIN,Finland,2002,8.0,5,10.0
375,FIN,Finland,2003,8.0,5,10.0
375,FIN,Finland,2004,8.0,5,10.0
375,FIN,Finland,2005,8.0,5,10.0
375,FIN,Finland,2006,8.0,5,10.0
375,FIN,Finland,2007,8.0,5,10.0
375,FIN,Finland,2008,8.0,5,10.0
375,FIN,Finland,2009,8.0,5,10.0
375,FIN,Finland,2010,8.0,5,10.0
375,FIN,Finland,2011,8.0,5,10.0
375,FIN,Finland,2012,8.0,5,10.0
375,FIN,Finland,2013,8.0,5,10.0
375,FIN,Finland,2014,8.0,5,10.0
375,FIN,Finland,2015,8.0,5,10.0
375,FIN,Finland,2016,8.0,5,10.0
375,FIN,Finland,2017,8.0,5,10.0
375,FIN,Finland,2018,8.0,5,10.0
950,FJI,Fiji,1970,7.0,0,6.0
950,FJI,Fiji,1971,7.0,0,6.0
950,FJI,Fiji,1972,7.0,0,6.0
950,FJI,Fiji,1973,7.0,0,6.0
950,FJI,Fiji,1974,7.0,0,6.0
950,FJI,Fiji,1975,7.0,0,6.0
950,FJI,Fiji,1976,7.0,0,6.0
950,FJI,Fiji,1977,7.0,0,6.0
950,FJI,Fiji,1978,7.0,0,6.0
950,FJI,Fiji,1979,7.0,0,6.0
950,FJI,Fiji,1980,7.0,0,6.0
950,FJI,Fiji,1981,7.0,0,6.0
950,FJI,Fiji,1982,7.0,0,6.0
950,FJI,Fiji,1983,7.0,0,6.0
950,FJI,Fiji,1984,7.0,0,6.0
950,FJI,Fiji,1985,7.0,0,6.0
950,FJI,Fiji,1986,7.0,0,6.0
950,FJI,Fiji,1987,4.0,3,-1.0
950,FJI,Fiji,1988,4.0,3,-1.0
950,FJI,Fiji,1989,4.0,3,-1.0
950,FJI,Fiji,1990,7.0,3,5.0
950,FJI,Fiji,1991,7.0,3,5.0
950,FJI,Fiji,1992,7.0,3,5.0
950,FJI,Fiji,1993,7.0,3,5.0
950,FJI,Fiji,1994,7.0,3,5.0
950,FJI,Fiji,1995,7.0,3,5.0
950,FJI,Fiji,1996,7.0,3,5.0
950,FJI,Fiji,1997,7.0,3,5.0
950,FJI,Fiji,1998,7.0,4,6.0
950,FJI,Fiji,1999,8.0,4,8.0
950,FJI,Fiji,2000,-88.0,-88,6.0
950,FJI,Fiji,2001,7.0,3,5.0
950,FJI,Fiji,2002,7.0,3,5.0
950,FJI,Fiji,2003,7.0,3,5.0
950,FJI,Fiji,2004,7.0,4,6.0
950,FJI,Fiji,2005,7.0,4,6.0
950,FJI,Fiji,2006,4.0,2,-3.0
950,FJI,Fiji,2007,4.0,2,-4.0
950,FJI,Fiji,2008,4.0,2,-4.0
950,FJI,Fiji,2009,4.0,2,-4.0
950,FJI,Fiji,2010,4.0,2,-4.0
950,FJI,Fiji,2011,4.0,2,-4.0
950,FJI,Fiji,2012,4.0,2,-4.0
950,FJI,Fiji,2013,4.0,2,-4.0
950,FJI,Fiji,2014,5.0,4,2.0
950,FJI,Fiji,2015,5.0,4,2.0
950,FJI,Fiji,2016,5.0,4,2.0
950,FJI,Fiji,2017,5.0,4,2.0
950,FJI,Fiji,2018,5.0,4,2.0
220,FRN,France,1800,3.0,2,-8.0
220,FRN,France,1801,3.0,2,-8.0
220,FRN,France,1802,3.0,2,-8.0
220,FRN,France,1803,3.0,2,-8.0
220,FRN,France,1804,3.0,2,-8.0
220,FRN,France,1805,3.0,2,-8.0
220,FRN,France,1806,3.0,2,-8.0
220,FRN,France,1807,3.0,2,-8.0
220,FRN,France,1808,3.0,2,-8.0
220,FRN,France,1809,3.0,2,-8.0
220,FRN,France,1810,3.0,2,-8.0
220,FRN,France,1811,3.0,2,-8.0
220,FRN,France,1812,3.0,2,-8.0
220,FRN,France,1813,3.0,2,-8.0
220,FRN,France,1814,2.0,3,-4.0
220,FRN,France,1815,2.0,3,-4.0
220,FRN,France,1816,2.0,3,-4.0
220,FRN,France,1817,2.0,3,-4.0
220,FRN,France,1818,2.0,3,-4.0
220,FRN,France,1819,2.0,3,-4.0
220,FRN,France,1820,2.0,3,-4.0
220,FRN,France,1821,2.0,3,-4.0
220,FRN,France,1822,2.0,3,-4.0
220,FRN,France,1823,2.0,3,-4.0
220,FRN,France,1824,2.0,3,-4.0
220,FRN,France,1825,2.0,3,-4.0
220,FRN,France,1826,2.0,3,-4.0
220,FRN,France,1827,2.0,3,-4.0
220,FRN,France,1828,2.0,3,-4.0
220,FRN,France,1829,2.0,3,-4.0
220,FRN,France,1830,2.0,3,-1.0
220,FRN,France,1831,2.0,3,-1.0
220,FRN,France,1832,2.0,3,-1.0
220,FRN,France,1833,2.0,3,-1.0
220,FRN,France,1834,2.0,3,-1.0
220,FRN,France,1835,2.0,3,-1.0
220,FRN,France,1836,2.0,3,-1.0
220,FRN,France,1837,2.0,3,-1.0
220,FRN,France,1838,2.0,3,-1.0
220,FRN,France,1839,2.0,3,-1.0
220,FRN,France,1840,2.0,3,-1.0
220,FRN,France,1841,2.0,3,-1.0
220,FRN,France,1842,2.0,3,-1.0
220,FRN,France,1843,2.0,3,-1.0
220,FRN,France,1844,2.0,3,-1.0
220,FRN,France,1845,2.0,3,-1.0
220,FRN,France,1846,2.0,3,-1.0
220,FRN,France,1847,2.0,3,-1.0
220,FRN,France,1848,8.0,3,6.0
220,FRN,France,1849,8.0,3,6.0
220,FRN,France,1850,8.0,3,6.0
220,FRN,France,1851,-88.0,-88,-1.0
220,FRN,France,1852,3.0,2,-8.0
220,FRN,France,1853,3.0,2,-8.0
220,FRN,France,1854,3.0,2,-8.0
220,FRN,France,1855,3.0,2,-8.0
220,FRN,France,1856,3.0,2,-8.0
220,FRN,France,1857,3.0,2,-8.0
220,FRN,France,1858,3.0,2,-8.0
220,FRN,France,1859,3.0,2,-8.0
220,FRN,France,1860,-88.0,-88,-8.0
220,FRN,France,1861,-88.0,-88,-7.0
220,FRN,France,1862,-88.0,-88,-6.0
220,FRN,France,1863,3.0,2,-6.0
220,FRN,France,1864,3.0,2,-6.0
220,FRN,France,1865,3.0,2,-6.0
220,FRN,France,1866,3.0,2,-6.0
220,FRN,France,1867,3.0,2,-6.0
220,FRN,France,1868,3.0,2,-6.0
220,FRN,France,1869,3.0,2,-3.0
220,FRN,France,1870,-88.0,-88,-2.0
220,FRN,France,1871,-88.0,-88,-1.0
220,FRN,France,1872,-88.0,-88,1.0
220,FRN,France,1873,-88.0,-88,2.0
220,FRN,France,1874,-88.0,-88,3.0
220,FRN,France,1875,-88.0,-88,5.0
220,FRN,France,1876,-88.0,-88,6.0
220,FRN,France,1877,8.0,0,7.0
220,FRN,France,1878,8.0,0,7.0
220,FRN,France,1879,8.0,0,7.0
220,FRN,France,1880,8.0,0,7.0
220,FRN,France,1881,8.0,0,7.0
220,FRN,France,1882,8.0,0,7.0
220,FRN,France,1883,8.0,0,7.0
220,FRN,France,1884,8.0,0,7.0
220,FRN,France,1885,8.0,0,7.0
220,FRN,France,1886,8.0,0,7.0
220,FRN,France,1887,8.0,0,7.0
220,FRN,France,1888,8.0,0,7.0
220,FRN,France,1889,8.0,0,7.0
220,FRN,France,1890,8.0,0,7.0
220,FRN,France,1891,8.0,0,7.0
220,FRN,France,1892,8.0,0,7.0
220,FRN,France,1893,8.0,0,7.0
220,FRN,France,1894,8.0,0,7.0
220,FRN,France,1895,8.0,0,7.0
220,FRN,France,1896,8.0,0,7.0
220,FRN,France,1897,8.0,0,7.0
220,FRN,France,1898,8.0,3,8.0
220,FRN,France,1899,8.0,3,8.0
220,FRN,France,1900,8.0,3,8.0
220,FRN,France,1901,8.0,3,8.0
220,FRN,France,1902,8.0,3,8.0
220,FRN,France,1903,8.0,3,8.0
220,FRN,France,1904,8.0,3,8.0
220,FRN,France,1905,8.0,3,8.0
220,FRN,France,1906,8.0,3,8.0
220,FRN,France,1907,8.0,3,8.0
220,FRN,France,1908,8.0,3,8.0
220,FRN,France,1909,8.0,3,8.0
220,FRN,France,1910,8.0,3,8.0
220,FRN,France,1911,8.0,3,8.0
220,FRN,France,1912,8.0,3,8.0
220,FRN,France,1913,8.0,3,8.0
220,FRN,France,1914,8.0,3,8.0
220,FRN,France,1915,8.0,3,8.0
220,FRN,France,1916,8.0,3,8.0
220,FRN,France,1917,8.0,3,8.0
220,FRN,France,1918,8.0,3,8.0
220,FRN,France,1919,8.0,4,9.0
220,FRN,France,1920,8.0,4,9.0
220,FRN,France,1921,8.0,4,9.0
220,FRN,France,1922,8.0,4,9.0
220,FRN,France,1923,8.0,4,9.0
220,FRN,France,1924,8.0,4,9.0
220,FRN,France,1925,8.0,4,9.0
220,FRN,France,1926,8.0,4,9.0
220,FRN,France,1927,8.0,4,9.0
220,FRN,France,1928,8.0,4,9.0
220,FRN,France,1929,8.0,4,9.0
220,FRN,France,1930,8.0,5,10.0
220,FRN,France,1931,8.0,5,10.0
220,FRN,France,1932,8.0,5,10.0
220,FRN,France,1933,8.0,5,10.0
220,FRN,France,1934,8.0,5,10.0
220,FRN,France,1935,8.0,5,10.0
220,FRN,France,1936,8.0,5,10.0
220,FRN,France,1937,8.0,5,10.0
220,FRN,France,1938,8.0,5,10.0
220,FRN,France,1939,8.0,5,10.0
220,FRN,France,1940,-66.0,-66,
220,FRN,France,1941,-66.0,-66,
220,FRN,France,1942,-66.0,-66,
220,FRN,France,1943,-66.0,-66,
220,FRN,France,1944,-88.0,-88,9.0
220,FRN,France,1945,-88.0,-88,9.0
220,FRN,France,1946,-88.0,-88,9.0
220,FRN,France,1947,8.0,3,8.0
220,FRN,France,1948,8.0,3,8.0
220,FRN,France,1949,8.0,3,8.0
220,FRN,France,1950,8.0,3,8.0
220,FRN,France,1951,8.0,3,8.0
220,FRN,France,1952,8.0,3,8.0
220,FRN,France,1953,8.0,3,8.0
220,FRN,France,1954,8.0,3,8.0
220,FRN,France,1955,8.0,3,8.0
220,FRN,France,1956,8.0,3,8.0
220,FRN,France,1957,8.0,3,8.0
220,FRN,France,1958,5.0,4,0.0
220,FRN,France,1959,7.0,4,4.0
220,FRN,France,1960,7.0,4,4.0
220,FRN,France,1961,7.0,4,4.0
220,FRN,France,1962,7.0,4,4.0
220,FRN,France,1963,7.0,4,4.0
220,FRN,France,1964,7.0,4,4.0
220,FRN,France,1965,8.0,4,7.0
220,FRN,France,1966,8.0,4,7.0
220,FRN,France,1967,8.0,4,7.0
220,FRN,France,1968,8.0,4,7.0
220,FRN,France,1969,8.0,5,9.0
220,FRN,France,1970,8.0,5,9.0
220,FRN,France,1971,8.0,5,9.0
220,FRN,France,1972,8.0,5,9.0
220,FRN,France,1973,8.0,5,9.0
220,FRN,France,1974,8.0,5,9.0
220,FRN,France,1975,8.0,5,9.0
220,FRN,France,1976,8.0,5,9.0
220,FRN,France,1977,8.0,5,9.0
220,FRN,France,1978,8.0,5,9.0
220,FRN,France,1979,8.0,5,9.0
220,FRN,France,1980,8.0,5,9.0
220,FRN,France,1981,8.0,5,9.0
220,FRN,France,1982,8.0,5,9.0
220,FRN,France,1983,8.0,5,9.0
220,FRN,France,1984,8.0,5,9.0
220,FRN,France,1985,8.0,5,9.0
220,FRN,France,1986,8.0,5,10.0
220,FRN,France,1987,8.0,5,10.0
220,FRN,France,1988,8.0,5,10.0
220,FRN,France,1989,8.0,5,10.0
220,FRN,France,1990,8.0,5,10.0
220,FRN,France,1991,8.0,5,10.0
220,FRN,France,1992,8.0,5,10.0
220,FRN,France,1993,8.0,5,10.0
220,FRN,France,1994,8.0,5,10.0
220,FRN,France,1995,8.0,5,10.0
220,FRN,France,1996,8.0,5,10.0
220,FRN,France,1997,8.0,5,10.0
220,FRN,France,1998,8.0,5,10.0
220,FRN,France,1999,8.0,5,10.0
220,FRN,France,2000,8.0,5,10.0
220,FRN,France,2001,8.0,5,10.0
220,FRN,France,2002,8.0,5,10.0
220,FRN,France,2003,8.0,5,10.0
220,FRN,France,2004,8.0,5,10.0
220,FRN,France,2005,8.0,5,10.0
220,FRN,France,2006,8.0,5,10.0
220,FRN,France,2007,8.0,5,10.0
220,FRN,France,2008,8.0,5,10.0
220,FRN,France,2009,8.0,5,10.0
220,FRN,France,2010,8.0,5,10.0
220,FRN,France,2011,8.0,5,10.0
220,FRN,France,2012,8.0,5,10.0
220,FRN,France,2013,8.0,5,10.0
220,FRN,France,2014,8.0,5,10.0
220,FRN,France,2015,8.0,5,10.0
220,FRN,France,2016,8.0,5,10.0
220,FRN,France,2017,8.0,5,10.0
220,FRN,France,2018,8.0,5,10.0
481,GAB,Gabon,1960,3.0,2,-7.0
481,GAB,Gabon,1961,3.0,2,-7.0
481,GAB,Gabon,1962,3.0,2,-7.0
481,GAB,Gabon,1963,3.0,2,-7.0
481,GAB,Gabon,1964,3.0,2,-7.0
481,GAB,Gabon,1965,3.0,2,-7.0
481,GAB,Gabon,1966,3.0,2,-7.0
481,GAB,Gabon,1967,3.0,2,-7.0
481,GAB,Gabon,1968,3.0,1,-9.0
481,GAB,Gabon,1969,3.0,1,-9.0
481,GAB,Gabon,1970,3.0,1,-9.0
481,GAB,Gabon,1971,3.0,1,-9.0
481,GAB,Gabon,1972,3.0,1,-9.0
481,GAB,Gabon,1973,3.0,1,-9.0
481,GAB,Gabon,1974,3.0,1,-9.0
481,GAB,Gabon,1975,3.0,1,-9.0
481,GAB,Gabon,1976,3.0,1,-9.0
481,GAB,Gabon,1977,3.0,1,-9.0
481,GAB,Gabon,1978,3.0,1,-9.0
481,GAB,Gabon,1979,3.0,1,-9.0
481,GAB,Gabon,1980,3.0,1,-9.0
481,GAB,Gabon,1981,3.0,1,-9.0
481,GAB,Gabon,1982,3.0,1,-9.0
481,GAB,Gabon,1983,3.0,1,-9.0
481,GAB,Gabon,1984,3.0,1,-9.0
481,GAB,Gabon,1985,3.0,1,-9.0
481,GAB,Gabon,1986,3.0,1,-9.0
481,GAB,Gabon,1987,3.0,1,-9.0
481,GAB,Gabon,1988,3.0,1,-9.0
481,GAB,Gabon,1989,3.0,1,-9.0
481,GAB,Gabon,1990,-88.0,-88,-6.0
481,GAB,Gabon,1991,5.0,2,-4.0
481,GAB,Gabon,1992,5.0,2,-4.0
481,GAB,Gabon,1993,5.0,2,-4.0
481,GAB,Gabon,1994,5.0,2,-4.0
481,GAB,Gabon,1995,5.0,2,-4.0
481,GAB,Gabon,1996,5.0,2,-4.0
481,GAB,Gabon,1997,5.0,2,-4.0
481,GAB,Gabon,1998,5.0,2,-4.0
481,GAB,Gabon,1999,5.0,2,-4.0
481,GAB,Gabon,2000,5.0,2,-4.0
481,GAB,Gabon,2001,5.0,2,-4.0
481,GAB,Gabon,2002,5.0,2,-4.0
481,GAB,Gabon,2003,5.0,2,-4.0
481,GAB,Gabon,2004,5.0,2,-4.0
481,GAB,Gabon,2005,5.0,2,-4.0
481,GAB,Gabon,2006,5.0,2,-4.0
481,GAB,Gabon,2007,5.0,2,-4.0
481,GAB,Gabon,2008,5.0,2,-4.0
481,GAB,Gabon,2009,7.0,3,3.0
481,GAB,Gabon,2010,7.0,3,3.0
481,GAB,Gabon,2011,7.0,3,3.0
481,GAB,Gabon,2012,7.0,3,3.0
481,GAB,Gabon,2013,7.0,3,3.0
481,GAB,Gabon,2014,7.0,3,3.0
481,GAB,Gabon,2015,7.0,3,3.0
481,GAB,Gabon,2016,7.0,3,3.0
481,GAB,Gabon,2017,7.0,3,3.0
481,GAB,Gabon,2018,7.0,3,3.0
420,GAM,Gambia,1965,8.0,5,8.0
420,GAM,Gambia,1966,8.0,5,8.0
420,GAM,Gambia,1967,8.0,5,8.0
420,GAM,Gambia,1968,8.0,5,8.0
420,GAM,Gambia,1969,8.0,5,8.0
420,GAM,Gambia,1970,8.0,5,8.0
420,GAM,Gambia,1971,8.0,5,8.0
420,GAM,Gambia,1972,8.0,5,8.0
420,GAM,Gambia,1973,8.0,5,8.0
420,GAM,Gambia,1974,8.0,5,8.0
420,GAM,Gambia,1975,8.0,5,8.0
420,GAM,Gambia,1976,8.0,5,8.0
420,GAM,Gambia,1977,8.0,5,8.0
420,GAM,Gambia,1978,8.0,5,8.0
420,GAM,Gambia,1979,8.0,5,8.0
420,GAM,Gambia,1980,8.0,5,8.0
420,GAM,Gambia,1981,8.0,4,7.0
420,GAM,Gambia,1982,8.0,4,7.0
420,GAM,Gambia,1983,8.0,4,7.0
420,GAM,Gambia,1984,8.0,4,7.0
420,GAM,Gambia,1985,8.0,4,7.0
420,GAM,Gambia,1986,8.0,4,7.0
420,GAM,Gambia,1987,8.0,4,7.0
420,GAM,Gambia,1988,8.0,4,7.0
420,GAM,Gambia,1989,8.0,4,7.0
420,GAM,Gambia,1990,8.0,5,8.0
420,GAM,Gambia,1991,8.0,5,8.0
420,GAM,Gambia,1992,8.0,5,8.0
420,GAM,Gambia,1993,8.0,5,8.0
420,GAM,Gambia,1994,4.0,1,-7.0
420,GAM,Gambia,1995,4.0,1,-7.0
420,GAM,Gambia,1996,5.0,2,-6.0
420,GAM,Gambia,1997,5.0,2,-5.0
420,GAM,Gambia,1998,5.0,2,-5.0
420,GAM,Gambia,1999,5.0,2,-5.0
420,GAM,Gambia,2000,5.0,2,-5.0
420,GAM,Gambia,2001,5.0,2,-5.0
420,GAM,Gambia,2002,5.0,2,-5.0
420,GAM,Gambia,2003,5.0,2,-5.0
420,GAM,Gambia,2004,5.0,2,-5.0
420,GAM,Gambia,2005,5.0,2,-5.0
420,GAM,Gambia,2006,5.0,2,-5.0
420,GAM,Gambia,2007,5.0,2,-5.0
420,GAM,Gambia,2008,5.0,2,-5.0
420,GAM,Gambia,2009,5.0,2,-5.0
420,GAM,Gambia,2010,5.0,2,-5.0
420,GAM,Gambia,2011,5.0,2,-5.0
420,GAM,Gambia,2012,5.0,2,-5.0
420,GAM,Gambia,2013,5.0,2,-5.0
420,GAM,Gambia,2014,5.0,2,-5.0
420,GAM,Gambia,2015,5.0,2,-5.0
420,GAM,Gambia,2016,5.0,2,-5.0
420,GAM,Gambia,2017,7.0,0,4.0
420,GAM,Gambia,2018,7.0,0,4.0
99,GCL,Gran Colombia,1821,4.0,3,-1.0
99,GCL,Gran Colombia,1822,4.0,3,-1.0
99,GCL,Gran Colombia,1823,4.0,3,-1.0
99,GCL,Gran Colombia,1824,4.0,3,-1.0
99,GCL,Gran Colombia,1825,4.0,3,-1.0
99,GCL,Gran Colombia,1826,4.0,3,-1.0
99,GCL,Gran Colombia,1827,4.0,3,-1.0
99,GCL,Gran Colombia,1828,3.0,3,-5.0
99,GCL,Gran Colombia,1829,3.0,3,-5.0
99,GCL,Gran Colombia,1830,3.0,3,-5.0
99,GCL,Gran Colombia,1831,-88.0,-88,-5.0
99,GCL,Gran Colombia,1832,-88.0,-88,-5.0
265,GDR,Germany East,1945,-66.0,-66,
265,GDR,Germany East,1946,-66.0,-66,
265,GDR,Germany East,1947,-66.0,-66,
265,GDR,Germany East,1948,-66.0,-66,
265,GDR,Germany East,1949,3.0,1,-7.0
265,GDR,Germany East,1950,3.0,1,-8.0
265,GDR,Germany East,1951,3.0,1,-8.0
265,GDR,Germany East,1952,3.0,1,-8.0
265,GDR,Germany East,1953,3.0,1,-8.0
265,GDR,Germany East,1954,3.0,1,-8.0
265,GDR,Germany East,1955,3.0,1,-8.0
265,GDR,Germany East,1956,3.0,1,-8.0
265,GDR,Germany East,1957,3.0,1,-8.0
265,GDR,Germany East,1958,3.0,1,-8.0
265,GDR,Germany East,1959,3.0,1,-8.0
265,GDR,Germany East,1960,3.0,1,-9.0
265,GDR,Germany East,1961,3.0,1,-9.0
265,GDR,Germany East,1962,3.0,1,-9.0
265,GDR,Germany East,1963,3.0,1,-9.0
265,GDR,Germany East,1964,3.0,1,-9.0
265,GDR,Germany East,1965,3.0,1,-9.0
265,GDR,Germany East,1966,3.0,1,-9.0
265,GDR,Germany East,1967,3.0,1,-9.0
265,GDR,Germany East,1968,3.0,1,-9.0
265,GDR,Germany East,1969,3.0,1,-9.0
265,GDR,Germany East,1970,3.0,1,-9.0
265,GDR,Germany East,1971,3.0,1,-9.0
265,GDR,Germany East,1972,3.0,1,-9.0
265,GDR,Germany East,1973,3.0,1,-9.0
265,GDR,Germany East,1974,3.0,1,-9.0
265,GDR,Germany East,1975,3.0,1,-9.0
265,GDR,Germany East,1976,3.0,1,-9.0
265,GDR,Germany East,1977,3.0,1,-9.0
265,GDR,Germany East,1978,3.0,1,-9.0
265,GDR,Germany East,1979,3.0,1,-9.0
265,GDR,Germany East,1980,3.0,1,-9.0
265,GDR,Germany East,1981,3.0,1,-9.0
265,GDR,Germany East,1982,3.0,1,-9.0
265,GDR,Germany East,1983,3.0,1,-9.0
265,GDR,Germany East,1984,3.0,1,-9.0
265,GDR,Germany East,1985,3.0,1,-9.0
265,GDR,Germany East,1986,3.0,1,-9.0
265,GDR,Germany East,1987,3.0,1,-9.0
265,GDR,Germany East,1988,3.0,1,-9.0
265,GDR,Germany East,1989,-88.0,-88,
265,GDR,Germany East,1990,-88.0,-88,
260,GFR,Germany West,1945,-66.0,-66,
260,GFR,Germany West,1946,-66.0,-66,
260,GFR,Germany West,1947,-66.0,-66,
260,GFR,Germany West,1948,-66.0,-66,
260,GFR,Germany West,1949,8.0,5,10.0
260,GFR,Germany West,1950,8.0,5,10.0
260,GFR,Germany West,1951,8.0,5,10.0
260,GFR,Germany West,1952,8.0,5,10.0
260,GFR,Germany West,1953,8.0,5,10.0
260,GFR,Germany West,1954,8.0,5,10.0
260,GFR,Germany West,1955,8.0,5,10.0
260,GFR,Germany West,1956,8.0,5,10.0
260,GFR,Germany West,1957,8.0,5,10.0
260,GFR,Germany West,1958,8.0,5,10.0
260,GFR,Germany West,1959,8.0,5,10.0
260,GFR,Germany West,1960,8.0,5,10.0
260,GFR,Germany West,1961,8.0,5,10.0
260,GFR,Germany West,1962,8.0,5,10.0
260,GFR,Germany West,1963,8.0,5,10.0
260,GFR,Germany West,1964,8.0,5,10.0
260,GFR,Germany West,1965,8.0,5,10.0
260,GFR,Germany West,1966,8.0,5,10.0
260,GFR,Germany West,1967,8.0,5,10.0
260,GFR,Germany West,1968,8.0,5,10.0
260,GFR,Germany West,1969,8.0,5,10.0
260,GFR,Germany West,1970,8.0,5,10.0
260,GFR,Germany West,1971,8.0,5,10.0
260,GFR,Germany West,1972,8.0,5,10.0
260,GFR,Germany West,1973,8.0,5,10.0
260,GFR,Germany West,1974,8.0,5,10.0
260,GFR,Germany West,1975,8.0,5,10.0
260,GFR,Germany West,1976,8.0,5,10.0
260,GFR,Germany West,1977,8.0,5,10.0
260,GFR,Germany West,1978,8.0,5,10.0
260,GFR,Germany West,1979,8.0,5,10.0
260,GFR,Germany West,1980,8.0,5,10.0
260,GFR,Germany West,1981,8.0,5,10.0
260,GFR,Germany West,1982,8.0,5,10.0
260,GFR,Germany West,1983,8.0,5,10.0
260,GFR,Germany West,1984,8.0,5,10.0
260,GFR,Germany West,1985,8.0,5,10.0
260,GFR,Germany West,1986,8.0,5,10.0
260,GFR,Germany West,1987,8.0,5,10.0
260,GFR,Germany West,1988,8.0,5,10.0
260,GFR,Germany West,1989,8.0,5,10.0
260,GFR,Germany West,1990,8.0,5,10.0
452,GHA,Ghana,1960,7.0,0,1.0
452,GHA,Ghana,1961,7.0,0,1.0
452,GHA,Ghana,1962,7.0,2,-3.0
452,GHA,Ghana,1963,7.0,2,-3.0
452,GHA,Ghana,1964,3.0,1,-9.0
452,GHA,Ghana,1965,3.0,1,-9.0
452,GHA,Ghana,1966,5.0,2,-4.0
452,GHA,Ghana,1967,5.0,2,-4.0
452,GHA,Ghana,1968,5.0,2,-4.0
452,GHA,Ghana,1969,5.0,2,-4.0
452,GHA,Ghana,1970,7.0,0,4.0
452,GHA,Ghana,1971,7.0,0,4.0
452,GHA,Ghana,1972,4.0,1,-7.0
452,GHA,Ghana,1973,4.0,1,-7.0
452,GHA,Ghana,1974,4.0,1,-7.0
452,GHA,Ghana,1975,4.0,1,-7.0
452,GHA,Ghana,1976,4.0,1,-7.0
452,GHA,Ghana,1977,4.0,1,-7.0
452,GHA,Ghana,1978,5.0,2,-5.0
452,GHA,Ghana,1979,7.0,3,5.0
452,GHA,Ghana,1980,7.0,3,5.0
452,GHA,Ghana,1981,7.0,3,5.0
452,GHA,Ghana,1982,4.0,1,-7.0
452,GHA,Ghana,1983,4.0,1,-7.0
452,GHA,Ghana,1984,4.0,1,-7.0
452,GHA,Ghana,1985,4.0,1,-7.0
452,GHA,Ghana,1986,4.0,1,-7.0
452,GHA,Ghana,1987,4.0,1,-7.0
452,GHA,Ghana,1988,4.0,1,-7.0
452,GHA,Ghana,1989,4.0,1,-7.0
452,GHA,Ghana,1990,4.0,1,-7.0
452,GHA,Ghana,1991,5.0,2,-4.0
452,GHA,Ghana,1992,5.0,3,-1.0
452,GHA,Ghana,1993,5.0,3,-1.0
452,GHA,Ghana,1994,5.0,3,-1.0
452,GHA,Ghana,1995,5.0,3,-1.0
452,GHA,Ghana,1996,5.0,4,2.0
452,GHA,Ghana,1997,5.0,4,2.0
452,GHA,Ghana,1998,5.0,4,2.0
452,GHA,Ghana,1999,5.0,4,2.0
452,GHA,Ghana,2000,5.0,4,2.0
452,GHA,Ghana,2001,7.0,4,6.0
452,GHA,Ghana,2002,7.0,4,6.0
452,GHA,Ghana,2003,7.0,4,6.0
452,GHA,Ghana,2004,8.0,4,8.0
452,GHA,Ghana,2005,8.0,4,8.0
452,GHA,Ghana,2006,8.0,4,8.0
452,GHA,Ghana,2007,8.0,4,8.0
452,GHA,Ghana,2008,8.0,4,8.0
452,GHA,Ghana,2009,8.0,4,8.0
452,GHA,Ghana,2010,8.0,4,8.0
452,GHA,Ghana,2011,8.0,4,8.0
452,GHA,Ghana,2012,8.0,4,8.0
452,GHA,Ghana,2013,8.0,4,8.0
452,GHA,Ghana,2014,8.0,4,8.0
452,GHA,Ghana,2015,8.0,4,8.0
452,GHA,Ghana,2016,8.0,4,8.0
452,GHA,Ghana,2017,8.0,4,8.0
452,GHA,Ghana,2018,8.0,4,8.0
255,GMY,Prussia,1800,1.0,1,-10.0
255,GMY,Prussia,1801,1.0,1,-10.0
255,GMY,Prussia,1802,1.0,1,-10.0
255,GMY,Prussia,1803,1.0,1,-10.0
255,GMY,Prussia,1804,1.0,1,-10.0
255,GMY,Prussia,1805,1.0,1,-10.0
255,GMY,Prussia,1806,-66.0,-66,
255,GMY,Prussia,1807,-66.0,-66,
255,GMY,Prussia,1808,-66.0,-66,
255,GMY,Prussia,1809,-66.0,-66,
255,GMY,Prussia,1810,-66.0,-66,
255,GMY,Prussia,1811,-66.0,-66,
255,GMY,Prussia,1812,-66.0,-66,
255,GMY,Prussia,1813,1.0,1,-10.0
255,GMY,Prussia,1814,1.0,1,-10.0
255,GMY,Prussia,1815,1.0,1,-10.0
255,GMY,Prussia,1816,1.0,1,-10.0
255,GMY,Prussia,1817,1.0,1,-10.0
255,GMY,Prussia,1818,1.0,1,-10.0
255,GMY,Prussia,1819,1.0,1,-10.0
255,GMY,Prussia,1820,1.0,1,-10.0
255,GMY,Prussia,1821,1.0,1,-10.0
255,GMY,Prussia,1822,1.0,1,-10.0
255,GMY,Prussia,1823,1.0,1,-10.0
255,GMY,Prussia,1824,1.0,1,-10.0
255,GMY,Prussia,1825,1.0,1,-10.0
255,GMY,Prussia,1826,1.0,1,-10.0
255,GMY,Prussia,1827,1.0,1,-10.0
255,GMY,Prussia,1828,1.0,1,-10.0
255,GMY,Prussia,1829,1.0,1,-10.0
255,GMY,Prussia,1830,1.0,1,-10.0
255,GMY,Prussia,1831,1.0,1,-10.0
255,GMY,Prussia,1832,1.0,1,-10.0
255,GMY,Prussia,1833,1.0,1,-10.0
255,GMY,Prussia,1834,1.0,1,-10.0
255,GMY,Prussia,1835,1.0,1,-10.0
255,GMY,Prussia,1836,1.0,1,-10.0
255,GMY,Prussia,1837,1.0,1,-10.0
255,GMY,Prussia,1838,1.0,1,-10.0
255,GMY,Prussia,1839,1.0,1,-10.0
255,GMY,Prussia,1840,1.0,1,-9.0
255,GMY,Prussia,1841,1.0,1,-9.0
255,GMY,Prussia,1842,1.0,1,-9.0
255,GMY,Prussia,1843,1.0,1,-9.0
255,GMY,Prussia,1844,1.0,1,-9.0
255,GMY,Prussia,1845,1.0,1,-9.0
255,GMY,Prussia,1846,1.0,1,-9.0
255,GMY,Prussia,1847,1.0,1,-9.0
255,GMY,Prussia,1848,1.0,2,-8.0
255,GMY,Prussia,1849,1.0,2,-8.0
255,GMY,Prussia,1850,1.0,2,-8.0
255,GMY,Prussia,1851,1.0,2,-8.0
255,GMY,Prussia,1852,1.0,2,-8.0
255,GMY,Prussia,1853,1.0,2,-8.0
255,GMY,Prussia,1854,1.0,1,-9.0
255,GMY,Prussia,1855,1.0,1,-9.0
255,GMY,Prussia,1856,1.0,1,-9.0
255,GMY,Prussia,1857,1.0,1,-9.0
255,GMY,Prussia,1858,1.0,2,-8.0
255,GMY,Prussia,1859,1.0,2,-7.0
255,GMY,Prussia,1860,1.0,2,-7.0
255,GMY,Prussia,1861,1.0,2,-7.0
255,GMY,Prussia,1862,2.0,2,-7.0
255,GMY,Prussia,1863,2.0,2,-7.0
255,GMY,Prussia,1864,2.0,2,-7.0
255,GMY,Prussia,1865,2.0,2,-7.0
255,GMY,Prussia,1866,2.0,2,-7.0
255,GMY,Prussia,1867,-88.0,-88,-6.0
255,GMY,Germany,1868,-88.0,-88,-6.0
255,GMY,Germany,1869,-88.0,-88,-5.0
255,GMY,Germany,1870,-88.0,-88,-5.0
255,GMY,Germany,1871,2.0,0,-4.0
255,GMY,Germany,1872,2.0,0,-4.0
255,GMY,Germany,1873,2.0,0,-4.0
255,GMY,Germany,1874,2.0,0,-4.0
255,GMY,Germany,1875,2.0,0,-4.0
255,GMY,Germany,1876,2.0,0,-4.0
255,GMY,Germany,1877,2.0,0,-4.0
255,GMY,Germany,1878,2.0,3,-4.0
255,GMY,Germany,1879,2.0,3,-4.0
255,GMY,Germany,1880,2.0,3,-4.0
255,GMY,Germany,1881,2.0,3,-4.0
255,GMY,Germany,1882,2.0,3,-4.0
255,GMY,Germany,1883,2.0,3,-4.0
255,GMY,Germany,1884,2.0,3,-4.0
255,GMY,Germany,1885,2.0,3,-4.0
255,GMY,Germany,1886,2.0,3,-4.0
255,GMY,Germany,1887,2.0,3,-4.0
255,GMY,Germany,1888,2.0,3,-4.0
255,GMY,Germany,1889,2.0,3,-4.0
255,GMY,Germany,1890,2.0,5,1.0
255,GMY,Germany,1891,2.0,5,1.0
255,GMY,Germany,1892,2.0,5,1.0
255,GMY,Germany,1893,2.0,5,1.0
255,GMY,Germany,1894,2.0,5,1.0
255,GMY,Germany,1895,2.0,5,1.0
255,GMY,Germany,1896,2.0,5,1.0
255,GMY,Germany,1897,2.0,5,1.0
255,GMY,Germany,1898,2.0,5,1.0
255,GMY,Germany,1899,2.0,5,1.0
255,GMY,Germany,1900,2.0,5,1.0
255,GMY,Germany,1901,2.0,5,1.0
255,GMY,Germany,1902,2.0,5,1.0
255,GMY,Germany,1903,2.0,5,1.0
255,GMY,Germany,1904,2.0,5,1.0
255,GMY,Germany,1905,2.0,5,1.0
255,GMY,Germany,1906,2.0,5,1.0
255,GMY,Germany,1907,2.0,5,1.0
255,GMY,Germany,1908,2.0,5,1.0
255,GMY,Germany,1909,2.0,5,2.0
255,GMY,Germany,1910,2.0,5,2.0
255,GMY,Germany,1911,2.0,5,2.0
255,GMY,Germany,1912,2.0,5,2.0
255,GMY,Germany,1913,2.0,5,2.0
255,GMY,Germany,1914,2.0,5,2.0
255,GMY,Germany,1915,2.0,5,2.0
255,GMY,Germany,1916,2.0,5,2.0
255,GMY,Germany,1917,2.0,5,2.0
255,GMY,Germany,1918,-88.0,-88,4.0
255,GMY,Germany,1919,8.0,3,6.0
255,GMY,Germany,1920,8.0,3,6.0
255,GMY,Germany,1921,8.0,3,6.0
255,GMY,Germany,1922,8.0,3,6.0
255,GMY,Germany,1923,8.0,3,6.0
255,GMY,Germany,1924,8.0,3,6.0
255,GMY,Germany,1925,8.0,3,6.0
255,GMY,Germany,1926,8.0,3,6.0
255,GMY,Germany,1927,8.0,3,6.0
255,GMY,Germany,1928,8.0,3,6.0
255,GMY,Germany,1929,8.0,3,6.0
255,GMY,Germany,1930,8.0,3,6.0
255,GMY,Germany,1931,8.0,3,6.0
255,GMY,Germany,1932,8.0,3,6.0
255,GMY,Germany,1933,3.0,1,-9.0
255,GMY,Germany,1934,3.0,1,-9.0
255,GMY,Germany,1935,3.0,1,-9.0
255,GMY,Germany,1936,3.0,1,-9.0
255,GMY,Germany,1937,3.0,1,-9.0
255,GMY,Germany,1938,3.0,1,-9.0
255,GMY,Germany,1939,3.0,1,-9.0
255,GMY,Germany,1940,3.0,1,-9.0
255,GMY,Germany,1941,3.0,1,-9.0
255,GMY,Germany,1942,3.0,1,-9.0
255,GMY,Germany,1943,3.0,1,-9.0
255,GMY,Germany,1944,3.0,1,-9.0
255,GMY,Germany,1945,-66.0,-66,
255,GMY,Germany,1990,8.0,5,10.0
255,GMY,Germany,1991,8.0,5,10.0
255,GMY,Germany,1992,8.0,5,10.0
255,GMY,Germany,1993,8.0,5,10.0
255,GMY,Germany,1994,8.0,5,10.0
255,GMY,Germany,1995,8.0,5,10.0
255,GMY,Germany,1996,8.0,5,10.0
255,GMY,Germany,1997,8.0,5,10.0
255,GMY,Germany,1998,8.0,5,10.0
255,GMY,Germany,1999,8.0,5,10.0
255,GMY,Germany,2000,8.0,5,10.0
255,GMY,Germany,2001,8.0,5,10.0
255,GMY,Germany,2002,8.0,5,10.0
255,GMY,Germany,2003,8.0,5,10.0
255,GMY,Germany,2004,8.0,5,10.0
255,GMY,Germany,2005,8.0,5,10.0
255,GMY,Germany,2006,8.0,5,10.0
255,GMY,Germany,2007,8.0,5,10.0
255,GMY,Germany,2008,8.0,5,10.0
255,GMY,Germany,2009,8.0,5,10.0
255,GMY,Germany,2010,8.0,5,10.0
255,GMY,Germany,2011,8.0,5,10.0
255,GMY,Germany,2012,8.0,5,10.0
255,GMY,Germany,2013,8.0,5,10.0
255,GMY,Germany,2014,8.0,5,10.0
255,GMY,Germany,2015,8.0,5,10.0
255,GMY,Germany,2016,8.0,5,10.0
255,GMY,Germany,2017,8.0,5,10.0
255,GMY,Germany,2018,8.0,5,10.0
404,GNB,Guinea-Bissau,1974,3.0,1,-7.0
404,GNB,Guinea-Bissau,1975,3.0,1,-7.0
404,GNB,Guinea-Bissau,1976,3.0,1,-7.0
404,GNB,Guinea-Bissau,1977,3.0,1,-7.0
404,GNB,Guinea-Bissau,1978,3.0,1,-7.0
404,GNB,Guinea-Bissau,1979,3.0,1,-7.0
404,GNB,Guinea-Bissau,1980,3.0,1,-9.0
404,GNB,Guinea-Bissau,1981,3.0,1,-9.0
404,GNB,Guinea-Bissau,1982,3.0,1,-9.0
404,GNB,Guinea-Bissau,1983,3.0,1,-9.0
404,GNB,Guinea-Bissau,1984,3.0,1,-8.0
404,GNB,Guinea-Bissau,1985,3.0,1,-8.0
404,GNB,Guinea-Bissau,1986,3.0,1,-8.0
404,GNB,Guinea-Bissau,1987,3.0,1,-8.0
404,GNB,Guinea-Bissau,1988,3.0,1,-8.0
404,GNB,Guinea-Bissau,1989,3.0,1,-8.0
404,GNB,Guinea-Bissau,1990,3.0,1,-8.0
404,GNB,Guinea-Bissau,1991,3.0,2,-5.0
404,GNB,Guinea-Bissau,1992,3.0,2,-5.0
404,GNB,Guinea-Bissau,1993,3.0,2,-5.0
404,GNB,Guinea-Bissau,1994,5.0,3,2.0
404,GNB,Guinea-Bissau,1995,5.0,3,2.0
404,GNB,Guinea-Bissau,1996,5.0,3,2.0
404,GNB,Guinea-Bissau,1997,5.0,3,2.0
404,GNB,Guinea-Bissau,1998,-77.0,-77,0.0
404,GNB,Guinea-Bissau,1999,-88.0,-88,3.0
404,GNB,Guinea-Bissau,2000,7.0,3,5.0
404,GNB,Guinea-Bissau,2001,7.0,3,5.0
404,GNB,Guinea-Bissau,2002,7.0,3,5.0
404,GNB,Guinea-Bissau,2003,4.0,3,-1.0
404,GNB,Guinea-Bissau,2004,4.0,3,-1.0
404,GNB,Guinea-Bissau,2005,7.0,3,6.0
404,GNB,Guinea-Bissau,2006,7.0,3,6.0
404,GNB,Guinea-Bissau,2007,7.0,3,6.0
404,GNB,Guinea-Bissau,2008,7.0,3,6.0
404,GNB,Guinea-Bissau,2009,7.0,4,6.0
404,GNB,Guinea-Bissau,2010,7.0,4,6.0
404,GNB,Guinea-Bissau,2011,7.0,4,6.0
404,GNB,Guinea-Bissau,2012,5.0,3,1.0
404,GNB,Guinea-Bissau,2013,5.0,3,1.0
404,GNB,Guinea-Bissau,2014,7.0,4,6.0
404,GNB,Guinea-Bissau,2015,7.0,4,6.0
404,GNB,Guinea-Bissau,2016,7.0,4,6.0
404,GNB,Guinea-Bissau,2017,7.0,4,6.0
404,GNB,Guinea-Bissau,2018,7.0,4,6.0
350,GRC,Greece,1827,3.0,0,-5.0
350,GRC,Greece,1828,3.0,0,-5.0
350,GRC,Greece,1829,3.0,0,-5.0
350,GRC,Greece,1830,3.0,3,-4.0
350,GRC,Greece,1831,3.0,3,-4.0
350,GRC,Greece,1832,3.0,3,-4.0
350,GRC,Greece,1833,4.0,0,-3.0
350,GRC,Greece,1834,4.0,0,-3.0
350,GRC,Greece,1835,4.0,0,-3.0
350,GRC,Greece,1836,4.0,0,-3.0
350,GRC,Greece,1837,4.0,0,-3.0
350,GRC,Greece,1838,4.0,0,-3.0
350,GRC,Greece,1839,4.0,0,-3.0
350,GRC,Greece,1840,4.0,0,-3.0
350,GRC,Greece,1841,4.0,0,-3.0
350,GRC,Greece,1842,4.0,0,-3.0
350,GRC,Greece,1843,4.0,0,-3.0
350,GRC,Greece,1844,2.0,0,-4.0
350,GRC,Greece,1845,2.0,0,-4.0
350,GRC,Greece,1846,2.0,0,-4.0
350,GRC,Greece,1847,2.0,0,-4.0
350,GRC,Greece,1848,2.0,0,-4.0
350,GRC,Greece,1849,2.0,0,-4.0
350,GRC,Greece,1850,2.0,0,-4.0
350,GRC,Greece,1851,2.0,0,-4.0
350,GRC,Greece,1852,2.0,0,-4.0
350,GRC,Greece,1853,2.0,0,-4.0
350,GRC,Greece,1854,2.0,0,-4.0
350,GRC,Greece,1855,2.0,0,-4.0
350,GRC,Greece,1856,2.0,0,-4.0
350,GRC,Greece,1857,2.0,0,-4.0
350,GRC,Greece,1858,2.0,0,-4.0
350,GRC,Greece,1859,2.0,0,-4.0
350,GRC,Greece,1860,2.0,0,-4.0
350,GRC,Greece,1861,2.0,0,-4.0
350,GRC,Greece,1862,-88.0,-88,0.0
350,GRC,Greece,1863,-88.0,-88,3.0
350,GRC,Greece,1864,8.0,0,7.0
350,GRC,Greece,1865,8.0,0,7.0
350,GRC,Greece,1866,8.0,0,7.0
350,GRC,Greece,1867,8.0,0,7.0
350,GRC,Greece,1868,8.0,0,7.0
350,GRC,Greece,1869,8.0,0,7.0
350,GRC,Greece,1870,8.0,4,9.0
350,GRC,Greece,1871,8.0,4,9.0
350,GRC,Greece,1872,8.0,4,9.0
350,GRC,Greece,1873,8.0,4,9.0
350,GRC,Greece,1874,8.0,4,9.0
350,GRC,Greece,1875,8.0,4,9.0
350,GRC,Greece,1876,8.0,4,9.0
350,GRC,Greece,1877,8.0,4,9.0
350,GRC,Greece,1878,8.0,4,9.0
350,GRC,Greece,1879,8.0,4,9.0
350,GRC,Greece,1880,8.0,5,10.0
350,GRC,Greece,1881,8.0,5,10.0
350,GRC,Greece,1882,8.0,5,10.0
350,GRC,Greece,1883,8.0,5,10.0
350,GRC,Greece,1884,8.0,5,10.0
350,GRC,Greece,1885,8.0,5,10.0
350,GRC,Greece,1886,8.0,5,10.0
350,GRC,Greece,1887,8.0,5,10.0
350,GRC,Greece,1888,8.0,5,10.0
350,GRC,Greece,1889,8.0,5,10.0
350,GRC,Greece,1890,8.0,5,10.0
350,GRC,Greece,1891,8.0,5,10.0
350,GRC,Greece,1892,8.0,5,10.0
350,GRC,Greece,1893,8.0,5,10.0
350,GRC,Greece,1894,8.0,5,10.0
350,GRC,Greece,1895,8.0,5,10.0
350,GRC,Greece,1896,8.0,5,10.0
350,GRC,Greece,1897,8.0,5,10.0
350,GRC,Greece,1898,8.0,5,10.0
350,GRC,Greece,1899,8.0,5,10.0
350,GRC,Greece,1900,8.0,5,10.0
350,GRC,Greece,1901,8.0,5,10.0
350,GRC,Greece,1902,8.0,5,10.0
350,GRC,Greece,1903,8.0,5,10.0
350,GRC,Greece,1904,8.0,5,10.0
350,GRC,Greece,1905,8.0,5,10.0
350,GRC,Greece,1906,8.0,5,10.0
350,GRC,Greece,1907,8.0,5,10.0
350,GRC,Greece,1908,8.0,5,10.0
350,GRC,Greece,1909,8.0,5,10.0
350,GRC,Greece,1910,8.0,5,10.0
350,GRC,Greece,1911,8.0,5,10.0
350,GRC,Greece,1912,8.0,5,10.0
350,GRC,Greece,1913,8.0,5,10.0
350,GRC,Greece,1914,8.0,5,10.0
350,GRC,Greece,1915,6.0,3,1.0
350,GRC,Greece,1916,-66.0,-66,
350,GRC,Greece,1917,-66.0,-66,
350,GRC,Greece,1918,-66.0,-66,
350,GRC,Greece,1919,-66.0,-66,
350,GRC,Greece,1920,6.0,3,1.0
350,GRC,Greece,1921,6.0,3,1.0
350,GRC,Greece,1922,-88.0,-88,0.0
350,GRC,Greece,1923,-88.0,-88,-2.0
350,GRC,Greece,1924,4.0,3,-3.0
350,GRC,Greece,1925,4.0,2,-6.0
350,GRC,Greece,1926,8.0,5,10.0
350,GRC,Greece,1927,8.0,5,10.0
350,GRC,Greece,1928,8.0,5,10.0
350,GRC,Greece,1929,8.0,5,10.0
350,GRC,Greece,1930,8.0,5,10.0
350,GRC,Greece,1931,8.0,5,10.0
350,GRC,Greece,1932,8.0,5,10.0
350,GRC,Greece,1933,8.0,5,10.0
350,GRC,Greece,1934,8.0,3,8.0
350,GRC,Greece,1935,8.0,3,8.0
350,GRC,Greece,1936,3.0,2,-8.0
350,GRC,Greece,1937,3.0,2,-8.0
350,GRC,Greece,1938,3.0,2,-8.0
350,GRC,Greece,1939,3.0,2,-8.0
350,GRC,Greece,1940,3.0,2,-8.0
350,GRC,Greece,1941,-77.0,-77,0.0
350,GRC,Greece,1942,-77.0,-77,0.0
350,GRC,Greece,1943,-77.0,-77,0.0
350,GRC,Greece,1944,8.0,3,8.0
350,GRC,Greece,1945,8.0,3,8.0
350,GRC,Greece,1946,8.0,3,8.0
350,GRC,Greece,1947,8.0,3,8.0
350,GRC,Greece,1948,8.0,3,8.0
350,GRC,Greece,1949,8.0,2,4.0
350,GRC,Greece,1950,8.0,2,4.0
350,GRC,Greece,1951,8.0,2,4.0
350,GRC,Greece,1952,8.0,2,4.0
350,GRC,Greece,1953,8.0,2,4.0
350,GRC,Greece,1954,8.0,2,4.0
350,GRC,Greece,1955,8.0,2,4.0
350,GRC,Greece,1956,8.0,2,4.0
350,GRC,Greece,1957,8.0,2,4.0
350,GRC,Greece,1958,8.0,2,4.0
350,GRC,Greece,1959,8.0,2,4.0
350,GRC,Greece,1960,8.0,2,4.0
350,GRC,Greece,1961,8.0,2,4.0
350,GRC,Greece,1962,8.0,2,4.0
350,GRC,Greece,1963,8.0,2,4.0
350,GRC,Greece,1964,8.0,2,4.0
350,GRC,Greece,1965,8.0,2,4.0
350,GRC,Greece,1966,8.0,2,4.0
350,GRC,Greece,1967,4.0,1,-7.0
350,GRC,Greece,1968,4.0,1,-7.0
350,GRC,Greece,1969,4.0,1,-7.0
350,GRC,Greece,1970,4.0,1,-7.0
350,GRC,Greece,1971,4.0,1,-7.0
350,GRC,Greece,1972,4.0,1,-7.0
350,GRC,Greece,1973,4.0,1,-7.0
350,GRC,Greece,1974,-88.0,-88,1.0
350,GRC,Greece,1975,8.0,5,8.0
350,GRC,Greece,1976,8.0,5,8.0
350,GRC,Greece,1977,8.0,5,8.0
350,GRC,Greece,1978,8.0,5,8.0
350,GRC,Greece,1979,8.0,5,8.0
350,GRC,Greece,1980,8.0,5,8.0
350,GRC,Greece,1981,8.0,5,8.0
350,GRC,Greece,1982,8.0,5,8.0
350,GRC,Greece,1983,8.0,5,8.0
350,GRC,Greece,1984,8.0,5,8.0
350,GRC,Greece,1985,8.0,5,8.0
350,GRC,Greece,1986,8.0,5,10.0
350,GRC,Greece,1987,8.0,5,10.0
350,GRC,Greece,1988,8.0,5,10.0
350,GRC,Greece,1989,8.0,5,10.0
350,GRC,Greece,1990,8.0,5,10.0
350,GRC,Greece,1991,8.0,5,10.0
350,GRC,Greece,1992,8.0,5,10.0
350,GRC,Greece,1993,8.0,5,10.0
350,GRC,Greece,1994,8.0,5,10.0
350,GRC,Greece,1995,8.0,5,10.0
350,GRC,Greece,1996,8.0,5,10.0
350,GRC,Greece,1997,8.0,5,10.0
350,GRC,Greece,1998,8.0,5,10.0
350,GRC,Greece,1999,8.0,5,10.0
350,GRC,Greece,2000,8.0,5,10.0
350,GRC,Greece,2001,8.0,5,10.0
350,GRC,Greece,2002,8.0,5,10.0
350,GRC,Greece,2003,8.0,5,10.0
350,GRC,Greece,2004,8.0,5,10.0
350,GRC,Greece,2005,8.0,5,10.0
350,GRC,Greece,2006,8.0,5,10.0
350,GRC,Greece,2007,8.0,5,10.0
350,GRC,Greece,2008,8.0,5,10.0
350,GRC,Greece,2009,8.0,5,10.0
350,GRC,Greece,2010,8.0,5,10.0
350,GRC,Greece,2011,8.0,5,10.0
350,GRC,Greece,2012,8.0,5,10.0
350,GRC,Greece,2013,8.0,5,10.0
350,GRC,Greece,2014,8.0,5,10.0
350,GRC,Greece,2015,8.0,5,10.0
350,GRC,Greece,2016,8.0,5,10.0
350,GRC,Greece,2017,8.0,5,10.0
350,GRC,Greece,2018,8.0,5,10.0
372,GRG,Georgia,1991,7.0,3,3.0
372,GRG,Georgia,1992,-77.0,-77,0.0
372,GRG,Georgia,1993,-77.0,-77,0.0
372,GRG,Georgia,1994,-88.0,-88,2.0
372,GRG,Georgia,1995,7.0,0,4.0
372,GRG,Georgia,1996,7.0,0,4.0
372,GRG,Georgia,1997,7.0,0,4.0
372,GRG,Georgia,1998,7.0,0,4.0
372,GRG,Georgia,1999,7.0,0,4.0
372,GRG,Georgia,2000,7.0,2,2.0
372,GRG,Georgia,2001,7.0,2,2.0
372,GRG,Georgia,2002,7.0,2,2.0
372,GRG,Georgia,2003,7.0,2,2.0
372,GRG,Georgia,2004,7.0,4,6.0
372,GRG,Georgia,2005,7.0,4,6.0
372,GRG,Georgia,2006,7.0,4,6.0
372,GRG,Georgia,2007,8.0,4,6.0
372,GRG,Georgia,2008,8.0,4,6.0
372,GRG,Georgia,2009,8.0,4,6.0
372,GRG,Georgia,2010,8.0,4,6.0
372,GRG,Georgia,2011,8.0,4,6.0
372,GRG,Georgia,2012,8.0,4,6.0
372,GRG,Georgia,2013,8.0,4,7.0
372,GRG,Georgia,2014,8.0,4,7.0
372,GRG,Georgia,2015,8.0,4,7.0
372,GRG,Georgia,2016,8.0,4,7.0
372,GRG,Georgia,2017,8.0,4,7.0
372,GRG,Georgia,2018,8.0,4,7.0
90,GUA,Guatemala,1839,4.0,3,-3.0
90,GUA,Guatemala,1840,4.0,3,-3.0
90,GUA,Guatemala,1841,4.0,3,-3.0
90,GUA,Guatemala,1842,4.0,3,-3.0
90,GUA,Guatemala,1843,4.0,3,-3.0
90,GUA,Guatemala,1844,4.0,3,-3.0
90,GUA,Guatemala,1845,4.0,3,-3.0
90,GUA,Guatemala,1846,4.0,3,-3.0
90,GUA,Guatemala,1847,4.0,3,-3.0
90,GUA,Guatemala,1848,4.0,3,-3.0
90,GUA,Guatemala,1849,4.0,3,-3.0
90,GUA,Guatemala,1850,4.0,3,-1.0
90,GUA,Guatemala,1851,4.0,3,-1.0
90,GUA,Guatemala,1852,4.0,3,-1.0
90,GUA,Guatemala,1853,4.0,3,-1.0
90,GUA,Guatemala,1854,4.0,3,-3.0
90,GUA,Guatemala,1855,4.0,3,-3.0
90,GUA,Guatemala,1856,4.0,3,-3.0
90,GUA,Guatemala,1857,4.0,3,-3.0
90,GUA,Guatemala,1858,4.0,3,-3.0
90,GUA,Guatemala,1859,4.0,3,-3.0
90,GUA,Guatemala,1860,4.0,3,-3.0
90,GUA,Guatemala,1861,4.0,3,-3.0
90,GUA,Guatemala,1862,4.0,3,-3.0
90,GUA,Guatemala,1863,4.0,3,-3.0
90,GUA,Guatemala,1864,4.0,3,-3.0
90,GUA,Guatemala,1865,4.0,3,-3.0
90,GUA,Guatemala,1866,4.0,3,-3.0
90,GUA,Guatemala,1867,4.0,3,-3.0
90,GUA,Guatemala,1868,4.0,3,-3.0
90,GUA,Guatemala,1869,4.0,3,-3.0
90,GUA,Guatemala,1870,4.0,3,-3.0
90,GUA,Guatemala,1871,-88.0,-88,-2.0
90,GUA,Guatemala,1872,-88.0,-88,-2.0
90,GUA,Guatemala,1873,4.0,3,-1.0
90,GUA,Guatemala,1874,4.0,3,-1.0
90,GUA,Guatemala,1875,4.0,3,-1.0
90,GUA,Guatemala,1876,3.0,3,-5.0
90,GUA,Guatemala,1877,3.0,3,-5.0
90,GUA,Guatemala,1878,3.0,3,-5.0
90,GUA,Guatemala,1879,8.0,3,2.0
90,GUA,Guatemala,1880,8.0,3,2.0
90,GUA,Guatemala,1881,8.0,3,2.0
90,GUA,Guatemala,1882,8.0,3,2.0
90,GUA,Guatemala,1883,8.0,3,2.0
90,GUA,Guatemala,1884,8.0,3,2.0
90,GUA,Guatemala,1885,8.0,3,2.0
90,GUA,Guatemala,1886,8.0,3,2.0
90,GUA,Guatemala,1887,8.0,3,2.0
90,GUA,Guatemala,1888,8.0,3,2.0
90,GUA,Guatemala,1889,8.0,3,2.0
90,GUA,Guatemala,1890,8.0,3,2.0
90,GUA,Guatemala,1891,8.0,3,2.0
90,GUA,Guatemala,1892,8.0,3,2.0
90,GUA,Guatemala,1893,8.0,3,2.0
90,GUA,Guatemala,1894,8.0,3,2.0
90,GUA,Guatemala,1895,8.0,3,2.0
90,GUA,Guatemala,1896,4.0,3,-3.0
90,GUA,Guatemala,1897,4.0,3,-3.0
90,GUA,Guatemala,1898,8.0,3,2.0
90,GUA,Guatemala,1899,8.0,3,2.0
90,GUA,Guatemala,1900,3.0,1,-9.0
90,GUA,Guatemala,1901,3.0,1,-9.0
90,GUA,Guatemala,1902,3.0,1,-9.0
90,GUA,Guatemala,1903,3.0,1,-9.0
90,GUA,Guatemala,1904,3.0,1,-9.0
90,GUA,Guatemala,1905,3.0,1,-9.0
90,GUA,Guatemala,1906,3.0,1,-9.0
90,GUA,Guatemala,1907,3.0,1,-9.0
90,GUA,Guatemala,1908,3.0,1,-9.0
90,GUA,Guatemala,1909,3.0,1,-9.0
90,GUA,Guatemala,1910,3.0,1,-9.0
90,GUA,Guatemala,1911,3.0,1,-9.0
90,GUA,Guatemala,1912,3.0,1,-9.0
90,GUA,Guatemala,1913,3.0,1,-9.0
90,GUA,Guatemala,1914,3.0,1,-9.0
90,GUA,Guatemala,1915,3.0,1,-9.0
90,GUA,Guatemala,1916,3.0,1,-9.0
90,GUA,Guatemala,1917,3.0,1,-9.0
90,GUA,Guatemala,1918,3.0,1,-9.0
90,GUA,Guatemala,1919,3.0,1,-9.0
90,GUA,Guatemala,1920,3.0,1,-9.0
90,GUA,Guatemala,1921,8.0,3,2.0
90,GUA,Guatemala,1922,8.0,3,2.0
90,GUA,Guatemala,1923,8.0,3,2.0
90,GUA,Guatemala,1924,8.0,3,2.0
90,GUA,Guatemala,1925,8.0,3,2.0
90,GUA,Guatemala,1926,8.0,3,2.0
90,GUA,Guatemala,1927,8.0,3,2.0
90,GUA,Guatemala,1928,8.0,3,2.0
90,GUA,Guatemala,1929,8.0,3,2.0
90,GUA,Guatemala,1930,8.0,3,2.0
90,GUA,Guatemala,1931,3.0,1,-9.0
90,GUA,Guatemala,1932,3.0,1,-9.0
90,GUA,Guatemala,1933,3.0,1,-9.0
90,GUA,Guatemala,1934,3.0,1,-9.0
90,GUA,Guatemala,1935,3.0,1,-9.0
90,GUA,Guatemala,1936,3.0,1,-9.0
90,GUA,Guatemala,1937,3.0,1,-9.0
90,GUA,Guatemala,1938,3.0,1,-9.0
90,GUA,Guatemala,1939,3.0,1,-9.0
90,GUA,Guatemala,1940,3.0,1,-9.0
90,GUA,Guatemala,1941,3.0,1,-9.0
90,GUA,Guatemala,1942,3.0,1,-9.0
90,GUA,Guatemala,1943,3.0,1,-9.0
90,GUA,Guatemala,1944,8.0,5,5.0
90,GUA,Guatemala,1945,8.0,5,5.0
90,GUA,Guatemala,1946,8.0,5,5.0
90,GUA,Guatemala,1947,8.0,5,5.0
90,GUA,Guatemala,1948,8.0,5,5.0
90,GUA,Guatemala,1949,8.0,5,5.0
90,GUA,Guatemala,1950,8.0,3,2.0
90,GUA,Guatemala,1951,8.0,3,2.0
90,GUA,Guatemala,1952,8.0,3,2.0
90,GUA,Guatemala,1953,8.0,3,2.0
90,GUA,Guatemala,1954,4.0,2,-6.0
90,GUA,Guatemala,1955,4.0,2,-6.0
90,GUA,Guatemala,1956,4.0,2,-6.0
90,GUA,Guatemala,1957,4.0,2,-6.0
90,GUA,Guatemala,1958,3.0,2,-5.0
90,GUA,Guatemala,1959,3.0,2,-5.0
90,GUA,Guatemala,1960,3.0,2,-5.0
90,GUA,Guatemala,1961,3.0,2,-5.0
90,GUA,Guatemala,1962,3.0,2,-5.0
90,GUA,Guatemala,1963,4.0,2,-5.0
90,GUA,Guatemala,1964,4.0,2,-5.0
90,GUA,Guatemala,1965,4.0,2,-5.0
90,GUA,Guatemala,1966,8.0,3,3.0
90,GUA,Guatemala,1967,8.0,3,3.0
90,GUA,Guatemala,1968,8.0,3,3.0
90,GUA,Guatemala,1969,8.0,3,3.0
90,GUA,Guatemala,1970,7.0,3,1.0
90,GUA,Guatemala,1971,7.0,3,1.0
90,GUA,Guatemala,1972,7.0,3,1.0
90,GUA,Guatemala,1973,7.0,3,1.0
90,GUA,Guatemala,1974,3.0,3,-3.0
90,GUA,Guatemala,1975,3.0,3,-3.0
90,GUA,Guatemala,1976,3.0,3,-3.0
90,GUA,Guatemala,1977,3.0,3,-3.0
90,GUA,Guatemala,1978,3.0,2,-5.0
90,GUA,Guatemala,1979,3.0,2,-5.0
90,GUA,Guatemala,1980,3.0,2,-5.0
90,GUA,Guatemala,1981,3.0,2,-5.0
90,GUA,Guatemala,1982,4.0,1,-7.0
90,GUA,Guatemala,1983,4.0,1,-7.0
90,GUA,Guatemala,1984,4.0,2,-6.0
90,GUA,Guatemala,1985,-88.0,-88,-1.0
90,GUA,Guatemala,1986,8.0,3,3.0
90,GUA,Guatemala,1987,8.0,3,3.0
90,GUA,Guatemala,1988,8.0,3,3.0
90,GUA,Guatemala,1989,8.0,3,3.0
90,GUA,Guatemala,1990,8.0,3,3.0
90,GUA,Guatemala,1991,8.0,3,3.0
90,GUA,Guatemala,1992,8.0,3,3.0
90,GUA,Guatemala,1993,8.0,3,3.0
90,GUA,Guatemala,1994,8.0,3,3.0
90,GUA,Guatemala,1995,8.0,3,3.0
90,GUA,Guatemala,1996,8.0,4,8.0
90,GUA,Guatemala,1997,8.0,4,8.0
90,GUA,Guatemala,1998,8.0,4,8.0
90,GUA,Guatemala,1999,8.0,4,8.0
90,GUA,Guatemala,2000,8.0,4,8.0
90,GUA,Guatemala,2001,8.0,4,8.0
90,GUA,Guatemala,2002,8.0,4,8.0
90,GUA,Guatemala,2003,8.0,4,8.0
90,GUA,Guatemala,2004,8.0,4,8.0
90,GUA,Guatemala,2005,8.0,4,8.0
90,GUA,Guatemala,2006,8.0,4,8.0
90,GUA,Guatemala,2007,8.0,4,8.0
90,GUA,Guatemala,2008,8.0,4,8.0
90,GUA,Guatemala,2009,8.0,4,8.0
90,GUA,Guatemala,2010,8.0,4,8.0
90,GUA,Guatemala,2011,8.0,4,8.0
90,GUA,Guatemala,2012,8.0,4,8.0
90,GUA,Guatemala,2013,8.0,4,8.0
90,GUA,Guatemala,2014,8.0,4,8.0
90,GUA,Guatemala,2015,8.0,4,8.0
90,GUA,Guatemala,2016,8.0,4,8.0
90,GUA,Guatemala,2017,8.0,4,8.0
90,GUA,Guatemala,2018,8.0,4,8.0
438,GUI,Guinea,1958,3.0,1,-9.0
438,GUI,Guinea,1959,3.0,1,-9.0
438,GUI,Guinea,1960,3.0,1,-9.0
438,GUI,Guinea,1961,3.0,1,-9.0
438,GUI,Guinea,1962,3.0,1,-9.0
438,GUI,Guinea,1963,3.0,1,-9.0
438,GUI,Guinea,1964,3.0,1,-9.0
438,GUI,Guinea,1965,3.0,1,-9.0
438,GUI,Guinea,1966,3.0,1,-9.0
438,GUI,Guinea,1967,3.0,1,-9.0
438,GUI,Guinea,1968,3.0,1,-9.0
438,GUI,Guinea,1969,3.0,1,-9.0
438,GUI,Guinea,1970,3.0,1,-9.0
438,GUI,Guinea,1971,3.0,1,-9.0
438,GUI,Guinea,1972,3.0,1,-9.0
438,GUI,Guinea,1973,3.0,1,-9.0
438,GUI,Guinea,1974,3.0,1,-9.0
438,GUI,Guinea,1975,3.0,1,-9.0
438,GUI,Guinea,1976,3.0,1,-9.0
438,GUI,Guinea,1977,3.0,1,-9.0
438,GUI,Guinea,1978,3.0,1,-9.0
438,GUI,Guinea,1979,3.0,1,-9.0
438,GUI,Guinea,1980,3.0,1,-9.0
438,GUI,Guinea,1981,3.0,1,-9.0
438,GUI,Guinea,1982,3.0,1,-9.0
438,GUI,Guinea,1983,3.0,1,-9.0
438,GUI,Guinea,1984,4.0,1,-7.0
438,GUI,Guinea,1985,4.0,1,-7.0
438,GUI,Guinea,1986,4.0,1,-7.0
438,GUI,Guinea,1987,4.0,1,-7.0
438,GUI,Guinea,1988,4.0,1,-7.0
438,GUI,Guinea,1989,4.0,1,-7.0
438,GUI,Guinea,1990,4.0,1,-7.0
438,GUI,Guinea,1991,4.0,2,-5.0
438,GUI,Guinea,1992,4.0,2,-5.0
438,GUI,Guinea,1993,4.0,2,-5.0
438,GUI,Guinea,1994,4.0,2,-5.0
438,GUI,Guinea,1995,5.0,3,-1.0
438,GUI,Guinea,1996,5.0,3,-1.0
438,GUI,Guinea,1997,5.0,3,-1.0
438,GUI,Guinea,1998,5.0,3,-1.0
438,GUI,Guinea,1999,5.0,3,-1.0
438,GUI,Guinea,2000,5.0,3,-1.0
438,GUI,Guinea,2001,5.0,3,-1.0
438,GUI,Guinea,2002,5.0,3,-1.0
438,GUI,Guinea,2003,5.0,3,-1.0
438,GUI,Guinea,2004,5.0,3,-1.0
438,GUI,Guinea,2005,5.0,3,-1.0
438,GUI,Guinea,2006,5.0,3,-1.0
438,GUI,Guinea,2007,5.0,3,-1.0
438,GUI,Guinea,2008,4.0,3,-1.0
438,GUI,Guinea,2009,4.0,3,-1.0
438,GUI,Guinea,2010,7.0,3,1.0
438,GUI,Guinea,2011,7.0,3,1.0
438,GUI,Guinea,2012,7.0,3,1.0
438,GUI,Guinea,2013,7.0,3,4.0
438,GUI,Guinea,2014,7.0,3,4.0
438,GUI,Guinea,2015,7.0,3,4.0
438,GUI,Guinea,2016,7.0,3,4.0
438,GUI,Guinea,2017,7.0,3,4.0
438,GUI,Guinea,2018,7.0,3,4.0
110,GUY,Guyana,1966,3.0,3,2.0
110,GUY,Guyana,1967,3.0,3,2.0
110,GUY,Guyana,1968,3.0,3,1.0
110,GUY,Guyana,1969,3.0,3,1.0
110,GUY,Guyana,1970,3.0,3,1.0
110,GUY,Guyana,1971,3.0,3,1.0
110,GUY,Guyana,1972,3.0,3,1.0
110,GUY,Guyana,1973,3.0,3,1.0
110,GUY,Guyana,1974,3.0,3,1.0
110,GUY,Guyana,1975,3.0,3,1.0
110,GUY,Guyana,1976,3.0,3,1.0
110,GUY,Guyana,1977,3.0,3,1.0
110,GUY,Guyana,1978,3.0,3,0.0
110,GUY,Guyana,1979,3.0,3,0.0
110,GUY,Guyana,1980,3.0,2,-7.0
110,GUY,Guyana,1981,3.0,2,-7.0
110,GUY,Guyana,1982,3.0,2,-7.0
110,GUY,Guyana,1983,3.0,2,-7.0
110,GUY,Guyana,1984,3.0,2,-7.0
110,GUY,Guyana,1985,3.0,2,-7.0
110,GUY,Guyana,1986,3.0,2,-7.0
110,GUY,Guyana,1987,3.0,2,-7.0
110,GUY,Guyana,1988,3.0,2,-7.0
110,GUY,Guyana,1989,3.0,2,-7.0
110,GUY,Guyana,1990,3.0,2,-7.0
110,GUY,Guyana,1991,3.0,2,-7.0
110,GUY,Guyana,1992,8.0,3,6.0
110,GUY,Guyana,1993,8.0,3,6.0
110,GUY,Guyana,1994,8.0,3,6.0
110,GUY,Guyana,1995,8.0,3,6.0
110,GUY,Guyana,1996,8.0,3,6.0
110,GUY,Guyana,1997,8.0,3,6.0
110,GUY,Guyana,1998,8.0,3,6.0
110,GUY,Guyana,1999,8.0,3,6.0
110,GUY,Guyana,2000,8.0,3,6.0
110,GUY,Guyana,2001,8.0,3,6.0
110,GUY,Guyana,2002,8.0,3,6.0
110,GUY,Guyana,2003,8.0,3,6.0
110,GUY,Guyana,2004,8.0,3,6.0
110,GUY,Guyana,2005,8.0,3,6.0
110,GUY,Guyana,2006,8.0,3,6.0
110,GUY,Guyana,2007,8.0,3,6.0
110,GUY,Guyana,2008,8.0,3,6.0
110,GUY,Guyana,2009,8.0,3,6.0
110,GUY,Guyana,2010,8.0,3,6.0
110,GUY,Guyana,2011,8.0,3,6.0
110,GUY,Guyana,2012,8.0,3,6.0
110,GUY,Guyana,2013,8.0,3,6.0
110,GUY,Guyana,2014,8.0,3,6.0
110,GUY,Guyana,2015,8.0,4,7.0
110,GUY,Guyana,2016,8.0,4,7.0
110,GUY,Guyana,2017,8.0,4,7.0
110,GUY,Guyana,2018,8.0,4,7.0
41,HAI,Haiti,1820,4.0,0,-3.0
41,HAI,Haiti,1821,4.0,0,-3.0
41,HAI,Haiti,1822,4.0,0,-3.0
41,HAI,Haiti,1823,4.0,0,-3.0
41,HAI,Haiti,1824,4.0,0,-3.0
41,HAI,Haiti,1825,4.0,0,-3.0
41,HAI,Haiti,1826,4.0,0,-3.0
41,HAI,Haiti,1827,4.0,0,-3.0
41,HAI,Haiti,1828,4.0,0,-3.0
41,HAI,Haiti,1829,4.0,0,-3.0
41,HAI,Haiti,1830,4.0,0,-3.0
41,HAI,Haiti,1831,4.0,0,-3.0
41,HAI,Haiti,1832,4.0,0,-3.0
41,HAI,Haiti,1833,4.0,0,-3.0
41,HAI,Haiti,1834,4.0,0,-3.0
41,HAI,Haiti,1835,4.0,0,-3.0
41,HAI,Haiti,1836,4.0,0,-3.0
41,HAI,Haiti,1837,4.0,0,-3.0
41,HAI,Haiti,1838,4.0,0,-3.0
41,HAI,Haiti,1839,4.0,0,-3.0
41,HAI,Haiti,1840,4.0,0,-3.0
41,HAI,Haiti,1841,4.0,0,-3.0
41,HAI,Haiti,1842,4.0,0,-3.0
41,HAI,Haiti,1843,4.0,0,-3.0
41,HAI,Haiti,1844,4.0,0,-3.0
41,HAI,Haiti,1845,4.0,0,-3.0
41,HAI,Haiti,1846,4.0,0,-3.0
41,HAI,Haiti,1847,4.0,0,-3.0
41,HAI,Haiti,1848,4.0,0,-3.0
41,HAI,Haiti,1849,4.0,0,-3.0
41,HAI,Haiti,1850,4.0,0,-3.0
41,HAI,Haiti,1851,4.0,0,-3.0
41,HAI,Haiti,1852,4.0,0,-3.0
41,HAI,Haiti,1853,4.0,0,-3.0
41,HAI,Haiti,1854,4.0,0,-3.0
41,HAI,Haiti,1855,4.0,0,-3.0
41,HAI,Haiti,1856,4.0,0,-3.0
41,HAI,Haiti,1857,4.0,0,-3.0
41,HAI,Haiti,1858,4.0,0,-3.0
41,HAI,Haiti,1859,4.0,0,-3.0
41,HAI,Haiti,1860,4.0,0,-3.0
41,HAI,Haiti,1861,4.0,0,-3.0
41,HAI,Haiti,1862,4.0,0,-3.0
41,HAI,Haiti,1863,4.0,0,-3.0
41,HAI,Haiti,1864,4.0,0,-3.0
41,HAI,Haiti,1865,4.0,0,-3.0
41,HAI,Haiti,1866,4.0,0,-3.0
41,HAI,Haiti,1867,4.0,0,-3.0
41,HAI,Haiti,1868,4.0,0,-3.0
41,HAI,Haiti,1869,4.0,0,-3.0
41,HAI,Haiti,1870,4.0,0,-3.0
41,HAI,Haiti,1871,4.0,0,-3.0
41,HAI,Haiti,1872,4.0,0,-3.0
41,HAI,Haiti,1873,4.0,0,-3.0
41,HAI,Haiti,1874,4.0,0,-3.0
41,HAI,Haiti,1875,4.0,0,-3.0
41,HAI,Haiti,1876,4.0,0,-3.0
41,HAI,Haiti,1877,4.0,0,-3.0
41,HAI,Haiti,1878,4.0,0,-3.0
41,HAI,Haiti,1879,4.0,0,-3.0
41,HAI,Haiti,1880,4.0,0,-3.0
41,HAI,Haiti,1881,4.0,0,-3.0
41,HAI,Haiti,1882,4.0,0,-3.0
41,HAI,Haiti,1883,4.0,0,-3.0
41,HAI,Haiti,1884,4.0,0,-3.0
41,HAI,Haiti,1885,4.0,0,-3.0
41,HAI,Haiti,1886,4.0,0,-3.0
41,HAI,Haiti,1887,4.0,0,-3.0
41,HAI,Haiti,1888,4.0,0,-3.0
41,HAI,Haiti,1889,4.0,0,-3.0
41,HAI,Haiti,1890,4.0,0,-3.0
41,HAI,Haiti,1891,4.0,0,-3.0
41,HAI,Haiti,1892,4.0,0,-3.0
41,HAI,Haiti,1893,4.0,0,-3.0
41,HAI,Haiti,1894,4.0,0,-3.0
41,HAI,Haiti,1895,4.0,0,-3.0
41,HAI,Haiti,1896,4.0,0,-3.0
41,HAI,Haiti,1897,4.0,0,-3.0
41,HAI,Haiti,1898,4.0,0,-3.0
41,HAI,Haiti,1899,4.0,0,-3.0
41,HAI,Haiti,1900,4.0,0,-3.0
41,HAI,Haiti,1901,4.0,0,-3.0
41,HAI,Haiti,1902,4.0,0,-3.0
41,HAI,Haiti,1903,4.0,0,-3.0
41,HAI,Haiti,1904,4.0,0,-3.0
41,HAI,Haiti,1905,4.0,0,-3.0
41,HAI,Haiti,1906,4.0,0,-3.0
41,HAI,Haiti,1907,4.0,0,-3.0
41,HAI,Haiti,1908,4.0,0,-3.0
41,HAI,Haiti,1909,4.0,0,-3.0
41,HAI,Haiti,1910,4.0,0,-3.0
41,HAI,Haiti,1911,4.0,0,-3.0
41,HAI,Haiti,1912,4.0,0,-3.0
41,HAI,Haiti,1913,4.0,0,-3.0
41,HAI,Haiti,1914,4.0,0,-3.0
41,HAI,Haiti,1915,-66.0,-66,
41,HAI,Haiti,1916,-66.0,-66,
41,HAI,Haiti,1917,-66.0,-66,
41,HAI,Haiti,1918,-66.0,-66,
41,HAI,Haiti,1919,-66.0,-66,
41,HAI,Haiti,1920,-66.0,-66,
41,HAI,Haiti,1921,-66.0,-66,
41,HAI,Haiti,1922,-66.0,-66,
41,HAI,Haiti,1923,-66.0,-66,
41,HAI,Haiti,1924,-66.0,-66,
41,HAI,Haiti,1925,-66.0,-66,
41,HAI,Haiti,1926,-66.0,-66,
41,HAI,Haiti,1927,-66.0,-66,
41,HAI,Haiti,1928,-66.0,-66,
41,HAI,Haiti,1929,-66.0,-66,
41,HAI,Haiti,1930,-66.0,-66,
41,HAI,Haiti,1931,-66.0,-66,
41,HAI,Haiti,1932,-66.0,-66,
41,HAI,Haiti,1933,-66.0,-66,
41,HAI,Haiti,1934,7.0,0,4.0
41,HAI,Haiti,1935,7.0,0,1.0
41,HAI,Haiti,1936,7.0,0,1.0
41,HAI,Haiti,1937,7.0,0,1.0
41,HAI,Haiti,1938,7.0,0,1.0
41,HAI,Haiti,1939,7.0,0,1.0
41,HAI,Haiti,1940,7.0,0,1.0
41,HAI,Haiti,1941,7.0,0,1.0
41,HAI,Haiti,1942,7.0,0,1.0
41,HAI,Haiti,1943,7.0,0,1.0
41,HAI,Haiti,1944,7.0,0,1.0
41,HAI,Haiti,1945,7.0,0,1.0
41,HAI,Haiti,1946,7.0,0,1.0
41,HAI,Haiti,1947,7.0,0,4.0
41,HAI,Haiti,1948,7.0,0,4.0
41,HAI,Haiti,1949,7.0,0,4.0
41,HAI,Haiti,1950,3.0,0,-5.0
41,HAI,Haiti,1951,3.0,0,-5.0
41,HAI,Haiti,1952,3.0,0,-5.0
41,HAI,Haiti,1953,3.0,0,-5.0
41,HAI,Haiti,1954,3.0,0,-5.0
41,HAI,Haiti,1955,3.0,0,-5.0
41,HAI,Haiti,1956,-88.0,-88,0.0
41,HAI,Haiti,1957,7.0,0,4.0
41,HAI,Haiti,1958,7.0,0,4.0
41,HAI,Haiti,1959,7.0,0,4.0
41,HAI,Haiti,1960,7.0,0,4.0
41,HAI,Haiti,1961,4.0,1,-7.0
41,HAI,Haiti,1962,4.0,1,-7.0
41,HAI,Haiti,1963,4.0,1,-7.0
41,HAI,Haiti,1964,4.0,1,-7.0
41,HAI,Haiti,1965,4.0,1,-7.0
41,HAI,Haiti,1966,4.0,1,-7.0
41,HAI,Haiti,1967,4.0,1,-7.0
41,HAI,Haiti,1968,4.0,1,-7.0
41,HAI,Haiti,1969,4.0,1,-7.0
41,HAI,Haiti,1970,4.0,1,-7.0
41,HAI,Haiti,1971,3.0,1,-9.0
41,HAI,Haiti,1972,3.0,1,-9.0
41,HAI,Haiti,1973,3.0,1,-9.0
41,HAI,Haiti,1974,3.0,1,-9.0
41,HAI,Haiti,1975,3.0,1,-9.0
41,HAI,Haiti,1976,3.0,1,-9.0
41,HAI,Haiti,1977,3.0,1,-9.0
41,HAI,Haiti,1978,3.0,1,-9.0
41,HAI,Haiti,1979,3.0,2,-8.0
41,HAI,Haiti,1980,3.0,2,-8.0
41,HAI,Haiti,1981,3.0,2,-8.0
41,HAI,Haiti,1982,3.0,2,-8.0
41,HAI,Haiti,1983,3.0,2,-8.0
41,HAI,Haiti,1984,3.0,2,-8.0
41,HAI,Haiti,1985,3.0,2,-8.0
41,HAI,Haiti,1986,-77.0,-77,0.0
41,HAI,Haiti,1987,-77.0,-77,0.0
41,HAI,Haiti,1988,-77.0,-77,0.0
41,HAI,Haiti,1989,-77.0,-77,0.0
41,HAI,Haiti,1990,-77.0,-77,0.0
41,HAI,Haiti,1991,4.0,1,-7.0
41,HAI,Haiti,1992,4.0,1,-7.0
41,HAI,Haiti,1993,4.0,1,-7.0
41,HAI,Haiti,1994,7.0,3,6.0
41,HAI,Haiti,1995,7.0,3,6.0
41,HAI,Haiti,1996,7.0,3,7.0
41,HAI,Haiti,1997,7.0,3,7.0
41,HAI,Haiti,1998,7.0,3,7.0
41,HAI,Haiti,1999,-88.0,-88,3.0
41,HAI,Haiti,2000,3.0,3,-2.0
41,HAI,Haiti,2001,3.0,3,-2.0
41,HAI,Haiti,2002,3.0,3,-2.0
41,HAI,Haiti,2003,3.0,3,-2.0
41,HAI,Haiti,2004,-88.0,-88,0.0
41,HAI,Haiti,2005,-88.0,-88,3.0
41,HAI,Haiti,2006,7.0,3,5.0
41,HAI,Haiti,2007,7.0,3,5.0
41,HAI,Haiti,2008,7.0,3,5.0
41,HAI,Haiti,2009,7.0,3,5.0
41,HAI,Haiti,2010,-77.0,-77,0.0
41,HAI,Haiti,2011,-77.0,-77,0.0
41,HAI,Haiti,2012,-77.0,-77,0.0
41,HAI,Haiti,2013,-77.0,-77,0.0
41,HAI,Haiti,2014,-77.0,-77,0.0
41,HAI,Haiti,2015,-77.0,-77,0.0
41,HAI,Haiti,2016,-88.0,-88,5.0
41,HAI,Haiti,2017,7.0,4,5.0
41,HAI,Haiti,2018,7.0,4,5.0
91,HON,Honduras,1839,3.0,3,-3.0
91,HON,Honduras,1840,3.0,3,-3.0
91,HON,Honduras,1841,3.0,3,-3.0
91,HON,Honduras,1842,3.0,3,-3.0
91,HON,Honduras,1843,3.0,3,-3.0
91,HON,Honduras,1844,3.0,3,-3.0
91,HON,Honduras,1845,3.0,3,-3.0
91,HON,Honduras,1846,3.0,3,-3.0
91,HON,Honduras,1847,3.0,3,-3.0
91,HON,Honduras,1848,3.0,3,0.0
91,HON,Honduras,1849,3.0,3,0.0
91,HON,Honduras,1850,3.0,3,0.0
91,HON,Honduras,1851,3.0,3,0.0
91,HON,Honduras,1852,-66.0,-66,
91,HON,Honduras,1853,-66.0,-66,
91,HON,Honduras,1854,3.0,3,0.0
91,HON,Honduras,1855,3.0,3,0.0
91,HON,Honduras,1856,3.0,3,0.0
91,HON,Honduras,1857,3.0,3,0.0
91,HON,Honduras,1858,3.0,3,0.0
91,HON,Honduras,1859,3.0,3,0.0
91,HON,Honduras,1860,3.0,3,0.0
91,HON,Honduras,1861,3.0,3,0.0
91,HON,Honduras,1862,3.0,3,0.0
91,HON,Honduras,1863,3.0,3,0.0
91,HON,Honduras,1864,3.0,3,-3.0
91,HON,Honduras,1865,3.0,3,-3.0
91,HON,Honduras,1866,3.0,3,-3.0
91,HON,Honduras,1867,3.0,3,-3.0
91,HON,Honduras,1868,3.0,3,-3.0
91,HON,Honduras,1869,3.0,3,-3.0
91,HON,Honduras,1870,3.0,3,-3.0
91,HON,Honduras,1871,3.0,3,-3.0
91,HON,Honduras,1872,3.0,3,-3.0
91,HON,Honduras,1873,3.0,3,-3.0
91,HON,Honduras,1874,3.0,3,-3.0
91,HON,Honduras,1875,3.0,3,-3.0
91,HON,Honduras,1876,3.0,3,-3.0
91,HON,Honduras,1877,3.0,3,-3.0
91,HON,Honduras,1878,3.0,3,-3.0
91,HON,Honduras,1879,3.0,3,-3.0
91,HON,Honduras,1880,3.0,3,-3.0
91,HON,Honduras,1881,3.0,3,-3.0
91,HON,Honduras,1882,3.0,3,-3.0
91,HON,Honduras,1883,3.0,3,-3.0
91,HON,Honduras,1884,3.0,3,-3.0
91,HON,Honduras,1885,3.0,3,-3.0
91,HON,Honduras,1886,3.0,3,-3.0
91,HON,Honduras,1887,3.0,3,-3.0
91,HON,Honduras,1888,3.0,3,-3.0
91,HON,Honduras,1889,3.0,3,-3.0
91,HON,Honduras,1890,3.0,3,-3.0
91,HON,Honduras,1891,3.0,3,-3.0
91,HON,Honduras,1892,3.0,3,-3.0
91,HON,Honduras,1893,3.0,3,-3.0
91,HON,Honduras,1894,8.0,3,5.0
91,HON,Honduras,1895,8.0,3,5.0
91,HON,Honduras,1896,8.0,3,5.0
91,HON,Honduras,1897,8.0,3,5.0
91,HON,Honduras,1898,8.0,3,5.0
91,HON,Honduras,1899,8.0,3,5.0
91,HON,Honduras,1900,8.0,3,5.0
91,HON,Honduras,1901,8.0,3,5.0
91,HON,Honduras,1902,8.0,3,5.0
91,HON,Honduras,1903,8.0,3,5.0
91,HON,Honduras,1904,8.0,3,0.0
91,HON,Honduras,1905,8.0,3,0.0
91,HON,Honduras,1906,8.0,3,0.0
91,HON,Honduras,1907,-66.0,-66,
91,HON,Honduras,1908,8.0,3,5.0
91,HON,Honduras,1909,8.0,3,5.0
91,HON,Honduras,1910,8.0,3,5.0
91,HON,Honduras,1911,8.0,3,5.0
91,HON,Honduras,1912,-66.0,-66,
91,HON,Honduras,1913,8.0,3,5.0
91,HON,Honduras,1914,8.0,3,5.0
91,HON,Honduras,1915,8.0,3,5.0
91,HON,Honduras,1916,8.0,3,5.0
91,HON,Honduras,1917,8.0,3,5.0
91,HON,Honduras,1918,8.0,3,5.0
91,HON,Honduras,1919,-66.0,-66,
91,HON,Honduras,1920,8.0,3,5.0
91,HON,Honduras,1921,8.0,3,5.0
91,HON,Honduras,1922,8.0,3,5.0
91,HON,Honduras,1923,8.0,3,5.0
91,HON,Honduras,1924,-66.0,-66,
91,HON,Honduras,1925,8.0,3,5.0
91,HON,Honduras,1926,8.0,3,5.0
91,HON,Honduras,1927,8.0,3,5.0
91,HON,Honduras,1928,8.0,3,5.0
91,HON,Honduras,1929,8.0,3,5.0
91,HON,Honduras,1930,8.0,3,5.0
91,HON,Honduras,1931,8.0,3,5.0
91,HON,Honduras,1932,8.0,3,5.0
91,HON,Honduras,1933,8.0,3,5.0
91,HON,Honduras,1934,8.0,3,5.0
91,HON,Honduras,1935,8.0,3,5.0
91,HON,Honduras,1936,3.0,3,-3.0
91,HON,Honduras,1937,3.0,3,-3.0
91,HON,Honduras,1938,3.0,3,-3.0
91,HON,Honduras,1939,3.0,3,-3.0
91,HON,Honduras,1940,3.0,3,-3.0
91,HON,Honduras,1941,3.0,3,-3.0
91,HON,Honduras,1942,3.0,3,-3.0
91,HON,Honduras,1943,3.0,3,-3.0
91,HON,Honduras,1944,3.0,3,-3.0
91,HON,Honduras,1945,3.0,3,-3.0
91,HON,Honduras,1946,3.0,3,-3.0
91,HON,Honduras,1947,3.0,3,-3.0
91,HON,Honduras,1948,3.0,3,-3.0
91,HON,Honduras,1949,3.0,3,-3.0
91,HON,Honduras,1950,3.0,3,-3.0
91,HON,Honduras,1951,3.0,3,-3.0
91,HON,Honduras,1952,3.0,3,-3.0
91,HON,Honduras,1953,3.0,3,-3.0
91,HON,Honduras,1954,3.0,3,-3.0
91,HON,Honduras,1955,3.0,3,-3.0
91,HON,Honduras,1956,4.0,3,-1.0
91,HON,Honduras,1957,4.0,3,-1.0
91,HON,Honduras,1958,4.0,3,-1.0
91,HON,Honduras,1959,4.0,3,-1.0
91,HON,Honduras,1960,4.0,3,-1.0
91,HON,Honduras,1961,4.0,3,-1.0
91,HON,Honduras,1962,4.0,3,-1.0
91,HON,Honduras,1963,4.0,3,-1.0
91,HON,Honduras,1964,4.0,3,-1.0
91,HON,Honduras,1965,4.0,3,-1.0
91,HON,Honduras,1966,4.0,3,-1.0
91,HON,Honduras,1967,4.0,3,-1.0
91,HON,Honduras,1968,4.0,3,-1.0
91,HON,Honduras,1969,4.0,3,-1.0
91,HON,Honduras,1970,4.0,3,-1.0
91,HON,Honduras,1971,5.0,3,0.0
91,HON,Honduras,1972,4.0,3,-1.0
91,HON,Honduras,1973,4.0,3,-1.0
91,HON,Honduras,1974,4.0,3,-1.0
91,HON,Honduras,1975,4.0,3,-1.0
91,HON,Honduras,1976,4.0,3,-1.0
91,HON,Honduras,1977,4.0,3,-1.0
91,HON,Honduras,1978,4.0,3,-1.0
91,HON,Honduras,1979,4.0,3,-1.0
91,HON,Honduras,1980,-88.0,-88,1.0
91,HON,Honduras,1981,-88.0,-88,4.0
91,HON,Honduras,1982,7.0,3,6.0
91,HON,Honduras,1983,7.0,3,6.0
91,HON,Honduras,1984,7.0,3,6.0
91,HON,Honduras,1985,7.0,3,5.0
91,HON,Honduras,1986,7.0,3,5.0
91,HON,Honduras,1987,7.0,3,5.0
91,HON,Honduras,1988,7.0,3,5.0
91,HON,Honduras,1989,7.0,4,6.0
91,HON,Honduras,1990,7.0,4,6.0
91,HON,Honduras,1991,7.0,4,6.0
91,HON,Honduras,1992,7.0,4,6.0
91,HON,Honduras,1993,7.0,4,6.0
91,HON,Honduras,1994,7.0,4,6.0
91,HON,Honduras,1995,7.0,4,6.0
91,HON,Honduras,1996,7.0,4,6.0
91,HON,Honduras,1997,7.0,4,6.0
91,HON,Honduras,1998,7.0,4,6.0
91,HON,Honduras,1999,8.0,4,7.0
91,HON,Honduras,2000,8.0,4,7.0
91,HON,Honduras,2001,8.0,4,7.0
91,HON,Honduras,2002,8.0,4,7.0
91,HON,Honduras,2003,8.0,4,7.0
91,HON,Honduras,2004,8.0,4,7.0
91,HON,Honduras,2005,8.0,4,7.0
91,HON,Honduras,2006,8.0,4,7.0
91,HON,Honduras,2007,8.0,4,7.0
91,HON,Honduras,2008,8.0,4,7.0
91,HON,Honduras,2009,8.0,4,7.0
91,HON,Honduras,2010,8.0,4,7.0
91,HON,Honduras,2011,8.0,4,7.0
91,HON,Honduras,2012,8.0,4,7.0
91,HON,Honduras,2013,8.0,4,7.0
91,HON,Honduras,2014,8.0,4,7.0
91,HON,Honduras,2015,8.0,4,7.0
91,HON,Honduras,2016,8.0,4,7.0
91,HON,Honduras,2017,8.0,4,7.0
91,HON,Honduras,2018,8.0,4,7.0
310,HUN,Hungary,1867,2.0,3,-4.0
310,HUN,Hungary,1868,2.0,3,-4.0
310,HUN,Hungary,1869,2.0,3,-4.0
310,HUN,Hungary,1870,2.0,3,-4.0
310,HUN,Hungary,1871,2.0,3,-4.0
310,HUN,Hungary,1872,2.0,3,-4.0
310,HUN,Hungary,1873,2.0,3,-4.0
310,HUN,Hungary,1874,2.0,3,-4.0
310,HUN,Hungary,1875,2.0,3,-4.0
310,HUN,Hungary,1876,2.0,3,-4.0
310,HUN,Hungary,1877,2.0,3,-4.0
310,HUN,Hungary,1878,2.0,3,-4.0
310,HUN,Hungary,1879,2.0,3,-4.0
310,HUN,Hungary,1880,2.0,3,-4.0
310,HUN,Hungary,1881,2.0,3,-4.0
310,HUN,Hungary,1882,2.0,3,-4.0
310,HUN,Hungary,1883,2.0,3,-4.0
310,HUN,Hungary,1884,2.0,3,-4.0
310,HUN,Hungary,1885,2.0,3,-4.0
310,HUN,Hungary,1886,2.0,3,-4.0
310,HUN,Hungary,1887,2.0,3,-4.0
310,HUN,Hungary,1888,2.0,3,-4.0
310,HUN,Hungary,1889,2.0,3,-4.0
310,HUN,Hungary,1890,2.0,3,-4.0
310,HUN,Hungary,1891,2.0,3,-4.0
310,HUN,Hungary,1892,2.0,3,-4.0
310,HUN,Hungary,1893,2.0,3,-4.0
310,HUN,Hungary,1894,2.0,3,-4.0
310,HUN,Hungary,1895,2.0,3,-4.0
310,HUN,Hungary,1896,2.0,3,-4.0
310,HUN,Hungary,1897,2.0,3,-4.0
310,HUN,Hungary,1898,2.0,3,-4.0
310,HUN,Hungary,1899,2.0,3,-4.0
310,HUN,Hungary,1900,2.0,3,-4.0
310,HUN,Hungary,1901,2.0,3,-4.0
310,HUN,Hungary,1902,2.0,3,-4.0
310,HUN,Hungary,1903,2.0,3,-4.0
310,HUN,Hungary,1904,2.0,3,-4.0
310,HUN,Hungary,1905,2.0,3,-4.0
310,HUN,Hungary,1906,2.0,3,-4.0
310,HUN,Hungary,1907,2.0,3,-4.0
310,HUN,Hungary,1908,2.0,3,-4.0
310,HUN,Hungary,1909,2.0,3,-4.0
310,HUN,Hungary,1910,2.0,3,-4.0
310,HUN,Hungary,1911,2.0,3,-4.0
310,HUN,Hungary,1912,2.0,3,-4.0
310,HUN,Hungary,1913,2.0,3,-4.0
310,HUN,Hungary,1914,2.0,3,-4.0
310,HUN,Hungary,1915,2.0,3,-4.0
310,HUN,Hungary,1916,2.0,3,-4.0
310,HUN,Hungary,1917,2.0,3,-4.0
310,HUN,Hungary,1918,-88.0,-88,-6.0
310,HUN,Hungary,1919,4.0,1,-7.0
310,HUN,Hungary,1920,4.0,3,-1.0
310,HUN,Hungary,1921,4.0,3,-1.0
310,HUN,Hungary,1922,4.0,3,-1.0
310,HUN,Hungary,1923,4.0,3,-1.0
310,HUN,Hungary,1924,4.0,3,-1.0
310,HUN,Hungary,1925,4.0,3,-1.0
310,HUN,Hungary,1926,4.0,3,-1.0
310,HUN,Hungary,1927,4.0,3,-1.0
310,HUN,Hungary,1928,4.0,3,-1.0
310,HUN,Hungary,1929,4.0,3,-1.0
310,HUN,Hungary,1930,4.0,3,-1.0
310,HUN,Hungary,1931,4.0,3,-1.0
310,HUN,Hungary,1932,4.0,3,-1.0
310,HUN,Hungary,1933,4.0,3,-1.0
310,HUN,Hungary,1934,4.0,3,-1.0
310,HUN,Hungary,1935,4.0,3,-1.0
310,HUN,Hungary,1936,4.0,3,-1.0
310,HUN,Hungary,1937,4.0,3,-1.0
310,HUN,Hungary,1938,4.0,3,-1.0
310,HUN,Hungary,1939,4.0,3,-1.0
310,HUN,Hungary,1940,4.0,3,-1.0
310,HUN,Hungary,1941,4.0,3,-1.0
310,HUN,Hungary,1942,4.0,3,-1.0
310,HUN,Hungary,1943,4.0,3,-1.0
310,HUN,Hungary,1944,-66.0,-66,
310,HUN,Hungary,1945,-88.0,-88,-2.0
310,HUN,Hungary,1946,-88.0,-88,-4.0
310,HUN,Hungary,1947,-88.0,-88,-6.0
310,HUN,Hungary,1948,3.0,1,-7.0
310,HUN,Hungary,1949,3.0,1,-7.0
310,HUN,Hungary,1950,3.0,1,-7.0
310,HUN,Hungary,1951,3.0,1,-7.0
310,HUN,Hungary,1952,3.0,1,-7.0
310,HUN,Hungary,1953,3.0,1,-7.0
310,HUN,Hungary,1954,3.0,1,-7.0
310,HUN,Hungary,1955,3.0,1,-7.0
310,HUN,Hungary,1956,-66.0,-66,
310,HUN,Hungary,1957,3.0,1,-7.0
310,HUN,Hungary,1958,3.0,1,-7.0
310,HUN,Hungary,1959,3.0,1,-7.0
310,HUN,Hungary,1960,3.0,1,-7.0
310,HUN,Hungary,1961,3.0,1,-7.0
310,HUN,Hungary,1962,3.0,1,-7.0
310,HUN,Hungary,1963,3.0,1,-7.0
310,HUN,Hungary,1964,3.0,1,-7.0
310,HUN,Hungary,1965,3.0,1,-7.0
310,HUN,Hungary,1966,3.0,1,-7.0
310,HUN,Hungary,1967,3.0,1,-7.0
310,HUN,Hungary,1968,3.0,1,-7.0
310,HUN,Hungary,1969,3.0,1,-7.0
310,HUN,Hungary,1970,3.0,1,-7.0
310,HUN,Hungary,1971,3.0,1,-7.0
310,HUN,Hungary,1972,3.0,1,-7.0
310,HUN,Hungary,1973,3.0,1,-7.0
310,HUN,Hungary,1974,3.0,1,-7.0
310,HUN,Hungary,1975,3.0,1,-7.0
310,HUN,Hungary,1976,3.0,1,-7.0
310,HUN,Hungary,1977,3.0,1,-7.0
310,HUN,Hungary,1978,3.0,1,-7.0
310,HUN,Hungary,1979,3.0,1,-7.0
310,HUN,Hungary,1980,3.0,1,-7.0
310,HUN,Hungary,1981,3.0,1,-7.0
310,HUN,Hungary,1982,3.0,1,-7.0
310,HUN,Hungary,1983,3.0,1,-7.0
310,HUN,Hungary,1984,3.0,1,-7.0
310,HUN,Hungary,1985,3.0,1,-7.0
310,HUN,Hungary,1986,3.0,1,-7.0
310,HUN,Hungary,1987,3.0,1,-7.0
310,HUN,Hungary,1988,7.0,2,-2.0
310,HUN,Hungary,1989,-88.0,-88,4.0
310,HUN,Hungary,1990,8.0,5,10.0
310,HUN,Hungary,1991,8.0,5,10.0
310,HUN,Hungary,1992,8.0,5,10.0
310,HUN,Hungary,1993,8.0,5,10.0
310,HUN,Hungary,1994,8.0,5,10.0
310,HUN,Hungary,1995,8.0,5,10.0
310,HUN,Hungary,1996,8.0,5,10.0
310,HUN,Hungary,1997,8.0,5,10.0
310,HUN,Hungary,1998,8.0,5,10.0
310,HUN,Hungary,1999,8.0,5,10.0
310,HUN,Hungary,2000,8.0,5,10.0
310,HUN,Hungary,2001,8.0,5,10.0
310,HUN,Hungary,2002,8.0,5,10.0
310,HUN,Hungary,2003,8.0,5,10.0
310,HUN,Hungary,2004,8.0,5,10.0
310,HUN,Hungary,2005,8.0,5,10.0
310,HUN,Hungary,2006,8.0,5,10.0
310,HUN,Hungary,2007,8.0,5,10.0
310,HUN,Hungary,2008,8.0,5,10.0
310,HUN,Hungary,2009,8.0,5,10.0
310,HUN,Hungary,2010,8.0,5,10.0
310,HUN,Hungary,2011,8.0,5,10.0
310,HUN,Hungary,2012,8.0,5,10.0
310,HUN,Hungary,2013,8.0,5,10.0
310,HUN,Hungary,2014,8.0,5,10.0
310,HUN,Hungary,2015,8.0,5,10.0
310,HUN,Hungary,2016,8.0,5,10.0
310,HUN,Hungary,2017,8.0,5,10.0
310,HUN,Hungary,2018,8.0,5,10.0
750,IND,India,1947,-88.0,-88,
750,IND,India,1948,-88.0,-88,
750,IND,India,1949,-88.0,-88,
750,IND,India,1950,-88.0,-88,
750,IND,India,1951,-88.0,-88,
750,IND,India,1952,7.0,0,5.0
750,IND,India,1953,7.0,0,5.0
750,IND,India,1954,7.0,0,5.0
750,IND,India,1955,7.0,0,5.0
750,IND,India,1956,7.0,0,5.0
750,IND,India,1957,7.0,0,5.0
750,IND,India,1958,7.0,0,5.0
750,IND,India,1959,7.0,0,5.0
750,IND,India,1960,7.0,0,5.0
750,IND,India,1961,7.0,0,5.0
750,IND,India,1962,7.0,0,5.0
750,IND,India,1963,7.0,0,5.0
750,IND,India,1964,7.0,0,5.0
750,IND,India,1965,7.0,0,5.0
750,IND,India,1966,7.0,0,5.0
750,IND,India,1967,8.0,4,8.0
750,IND,India,1968,8.0,4,8.0
750,IND,India,1969,8.0,4,8.0
750,IND,India,1970,8.0,4,8.0
750,IND,India,1971,8.0,4,8.0
750,IND,India,1972,8.0,4,8.0
750,IND,India,1973,8.0,4,8.0
750,IND,India,1974,8.0,4,8.0
750,IND,India,1975,8.0,3,6.0
750,IND,India,1976,8.0,3,6.0
750,IND,India,1977,8.0,3,8.0
750,IND,India,1978,8.0,3,8.0
750,IND,India,1979,8.0,3,8.0
750,IND,India,1980,8.0,3,8.0
750,IND,India,1981,8.0,3,8.0
750,IND,India,1982,8.0,3,8.0
750,IND,India,1983,8.0,3,8.0
750,IND,India,1984,8.0,3,8.0
750,IND,India,1985,8.0,3,8.0
750,IND,India,1986,8.0,3,8.0
750,IND,India,1987,8.0,3,8.0
750,IND,India,1988,8.0,3,8.0
750,IND,India,1989,8.0,3,8.0
750,IND,India,1990,8.0,3,8.0
750,IND,India,1991,8.0,3,8.0
750,IND,India,1992,8.0,3,8.0
750,IND,India,1993,8.0,3,8.0
750,IND,India,1994,8.0,3,8.0
750,IND,India,1995,8.0,3,8.0
750,IND,India,1996,8.0,3,8.0
750,IND,India,1997,8.0,3,8.0
750,IND,India,1998,8.0,4,9.0
750,IND,India,1999,8.0,4,9.0
750,IND,India,2000,8.0,4,9.0
750,IND,India,2001,8.0,4,9.0
750,IND,India,2002,8.0,4,9.0
750,IND,India,2003,8.0,4,9.0
750,IND,India,2004,8.0,4,9.0
750,IND,India,2005,8.0,4,9.0
750,IND,India,2006,8.0,4,9.0
750,IND,India,2007,8.0,4,9.0
750,IND,India,2008,8.0,4,9.0
750,IND,India,2009,8.0,4,9.0
750,IND,India,2010,8.0,4,9.0
750,IND,India,2011,8.0,4,9.0
750,IND,India,2012,8.0,4,9.0
750,IND,India,2013,8.0,4,9.0
750,IND,India,2014,8.0,4,9.0
750,IND,India,2015,8.0,4,9.0
750,IND,India,2016,8.0,4,9.0
750,IND,India,2017,8.0,4,9.0
750,IND,India,2018,8.0,4,9.0
850,INS,Indonesia,1945,3.0,0,-5.0
850,INS,Indonesia,1946,3.0,0,2.0
850,INS,Indonesia,1947,3.0,0,2.0
850,INS,Indonesia,1948,3.0,3,3.0
850,INS,Indonesia,1949,3.0,3,3.0
850,INS,Indonesia,1950,3.0,3,0.0
850,INS,Indonesia,1951,3.0,3,0.0
850,INS,Indonesia,1952,3.0,3,0.0
850,INS,Indonesia,1953,3.0,3,0.0
850,INS,Indonesia,1954,3.0,3,0.0
850,INS,Indonesia,1955,3.0,3,0.0
850,INS,Indonesia,1956,3.0,3,0.0
850,INS,Indonesia,1957,3.0,3,-1.0
850,INS,Indonesia,1958,3.0,3,-1.0
850,INS,Indonesia,1959,3.0,2,-5.0
850,INS,Indonesia,1960,3.0,2,-5.0
850,INS,Indonesia,1961,3.0,2,-5.0
850,INS,Indonesia,1962,3.0,2,-5.0
850,INS,Indonesia,1963,3.0,2,-5.0
850,INS,Indonesia,1964,3.0,2,-5.0
850,INS,Indonesia,1965,3.0,2,-5.0
850,INS,Indonesia,1966,3.0,2,-6.0
850,INS,Indonesia,1967,3.0,2,-7.0
850,INS,Indonesia,1968,3.0,2,-7.0
850,INS,Indonesia,1969,3.0,2,-7.0
850,INS,Indonesia,1970,3.0,2,-7.0
850,INS,Indonesia,1971,3.0,2,-7.0
850,INS,Indonesia,1972,3.0,2,-7.0
850,INS,Indonesia,1973,3.0,2,-7.0
850,INS,Indonesia,1974,3.0,2,-7.0
850,INS,Indonesia,1975,3.0,2,-7.0
850,INS,Indonesia,1976,3.0,2,-7.0
850,INS,Indonesia,1977,3.0,2,-7.0
850,INS,Indonesia,1978,3.0,2,-7.0
850,INS,Indonesia,1979,3.0,2,-7.0
850,INS,Indonesia,1980,3.0,2,-7.0
850,INS,Indonesia,1981,3.0,2,-7.0
850,INS,Indonesia,1982,3.0,2,-7.0
850,INS,Indonesia,1983,3.0,2,-7.0
850,INS,Indonesia,1984,3.0,2,-7.0
850,INS,Indonesia,1985,3.0,2,-7.0
850,INS,Indonesia,1986,3.0,2,-7.0
850,INS,Indonesia,1987,3.0,2,-7.0
850,INS,Indonesia,1988,3.0,2,-7.0
850,INS,Indonesia,1989,3.0,2,-7.0
850,INS,Indonesia,1990,3.0,2,-7.0
850,INS,Indonesia,1991,3.0,2,-7.0
850,INS,Indonesia,1992,3.0,2,-7.0
850,INS,Indonesia,1993,3.0,2,-7.0
850,INS,Indonesia,1994,3.0,2,-7.0
850,INS,Indonesia,1995,3.0,2,-7.0
850,INS,Indonesia,1996,3.0,2,-7.0
850,INS,Indonesia,1997,3.0,2,-7.0
850,INS,Indonesia,1998,3.0,2,-5.0
850,INS,Indonesia,1999,7.0,4,6.0
850,INS,Indonesia,2000,7.0,4,6.0
850,INS,Indonesia,2001,7.0,4,6.0
850,INS,Indonesia,2002,7.0,4,6.0
850,INS,Indonesia,2003,7.0,4,6.0
850,INS,Indonesia,2004,8.0,4,8.0
850,INS,Indonesia,2005,8.0,4,8.0
850,INS,Indonesia,2006,8.0,4,8.0
850,INS,Indonesia,2007,8.0,4,8.0
850,INS,Indonesia,2008,8.0,4,8.0
850,INS,Indonesia,2009,8.0,4,8.0
850,INS,Indonesia,2010,8.0,4,8.0
850,INS,Indonesia,2011,8.0,4,8.0
850,INS,Indonesia,2012,8.0,4,8.0
850,INS,Indonesia,2013,8.0,4,8.0
850,INS,Indonesia,2014,8.0,4,9.0
850,INS,Indonesia,2015,8.0,4,9.0
850,INS,Indonesia,2016,8.0,4,9.0
850,INS,Indonesia,2017,8.0,4,9.0
850,INS,Indonesia,2018,8.0,4,9.0
205,IRE,Ireland,1921,8.0,3,8.0
205,IRE,Ireland,1922,8.0,3,8.0
205,IRE,Ireland,1923,8.0,3,8.0
205,IRE,Ireland,1924,8.0,3,8.0
205,IRE,Ireland,1925,8.0,3,8.0
205,IRE,Ireland,1926,8.0,3,8.0
205,IRE,Ireland,1927,8.0,5,10.0
205,IRE,Ireland,1928,8.0,5,10.0
205,IRE,Ireland,1929,8.0,5,10.0
205,IRE,Ireland,1930,8.0,5,10.0
205,IRE,Ireland,1931,8.0,5,10.0
205,IRE,Ireland,1932,8.0,5,10.0
205,IRE,Ireland,1933,8.0,3,8.0
205,IRE,Ireland,1934,8.0,3,8.0
205,IRE,Ireland,1935,8.0,3,8.0
205,IRE,Ireland,1936,8.0,3,8.0
205,IRE,Ireland,1937,8.0,3,8.0
205,IRE,Ireland,1938,8.0,3,8.0
205,IRE,Ireland,1939,8.0,3,8.0
205,IRE,Ireland,1940,8.0,3,8.0
205,IRE,Ireland,1941,8.0,3,8.0
205,IRE,Ireland,1942,8.0,3,8.0
205,IRE,Ireland,1943,8.0,3,8.0
205,IRE,Ireland,1944,8.0,3,8.0
205,IRE,Ireland,1945,8.0,3,8.0
205,IRE,Ireland,1946,8.0,3,8.0
205,IRE,Ireland,1947,8.0,3,8.0
205,IRE,Ireland,1948,8.0,3,8.0
205,IRE,Ireland,1949,8.0,3,8.0
205,IRE,Ireland,1950,8.0,3,8.0
205,IRE,Ireland,1951,8.0,3,8.0
205,IRE,Ireland,1952,8.0,5,10.0
205,IRE,Ireland,1953,8.0,5,10.0
205,IRE,Ireland,1954,8.0,5,10.0
205,IRE,Ireland,1955,8.0,5,10.0
205,IRE,Ireland,1956,8.0,5,10.0
205,IRE,Ireland,1957,8.0,5,10.0
205,IRE,Ireland,1958,8.0,5,10.0
205,IRE,Ireland,1959,8.0,5,10.0
205,IRE,Ireland,1960,8.0,5,10.0
205,IRE,Ireland,1961,8.0,5,10.0
205,IRE,Ireland,1962,8.0,5,10.0
205,IRE,Ireland,1963,8.0,5,10.0
205,IRE,Ireland,1964,8.0,5,10.0
205,IRE,Ireland,1965,8.0,5,10.0
205,IRE,Ireland,1966,8.0,5,10.0
205,IRE,Ireland,1967,8.0,5,10.0
205,IRE,Ireland,1968,8.0,5,10.0
205,IRE,Ireland,1969,8.0,5,10.0
205,IRE,Ireland,1970,8.0,5,10.0
205,IRE,Ireland,1971,8.0,5,10.0
205,IRE,Ireland,1972,8.0,5,10.0
205,IRE,Ireland,1973,8.0,5,10.0
205,IRE,Ireland,1974,8.0,5,10.0
205,IRE,Ireland,1975,8.0,5,10.0
205,IRE,Ireland,1976,8.0,5,10.0
205,IRE,Ireland,1977,8.0,5,10.0
205,IRE,Ireland,1978,8.0,5,10.0
205,IRE,Ireland,1979,8.0,5,10.0
205,IRE,Ireland,1980,8.0,5,10.0
205,IRE,Ireland,1981,8.0,5,10.0
205,IRE,Ireland,1982,8.0,5,10.0
205,IRE,Ireland,1983,8.0,5,10.0
205,IRE,Ireland,1984,8.0,5,10.0
205,IRE,Ireland,1985,8.0,5,10.0
205,IRE,Ireland,1986,8.0,5,10.0
205,IRE,Ireland,1987,8.0,5,10.0
205,IRE,Ireland,1988,8.0,5,10.0
205,IRE,Ireland,1989,8.0,5,10.0
205,IRE,Ireland,1990,8.0,5,10.0
205,IRE,Ireland,1991,8.0,5,10.0
205,IRE,Ireland,1992,8.0,5,10.0
205,IRE,Ireland,1993,8.0,5,10.0
205,IRE,Ireland,1994,8.0,5,10.0
205,IRE,Ireland,1995,8.0,5,10.0
205,IRE,Ireland,1996,8.0,5,10.0
205,IRE,Ireland,1997,8.0,5,10.0
205,IRE,Ireland,1998,8.0,5,10.0
205,IRE,Ireland,1999,8.0,5,10.0
205,IRE,Ireland,2000,8.0,5,10.0
205,IRE,Ireland,2001,8.0,5,10.0
205,IRE,Ireland,2002,8.0,5,10.0
205,IRE,Ireland,2003,8.0,5,10.0
205,IRE,Ireland,2004,8.0,5,10.0
205,IRE,Ireland,2005,8.0,5,10.0
205,IRE,Ireland,2006,8.0,5,10.0
205,IRE,Ireland,2007,8.0,5,10.0
205,IRE,Ireland,2008,8.0,5,10.0
205,IRE,Ireland,2009,8.0,5,10.0
205,IRE,Ireland,2010,8.0,5,10.0
205,IRE,Ireland,2011,8.0,5,10.0
205,IRE,Ireland,2012,8.0,5,10.0
205,IRE,Ireland,2013,8.0,5,10.0
205,IRE,Ireland,2014,8.0,5,10.0
205,IRE,Ireland,2015,8.0,5,10.0
205,IRE,Ireland,2016,8.0,5,10.0
205,IRE,Ireland,2017,8.0,5,10.0
205,IRE,Ireland,2018,8.0,5,10.0
630,IRN,Iran,1800,1.0,1,-10.0
630,IRN,Iran,1801,1.0,1,-10.0
630,IRN,Iran,1802,1.0,1,-10.0
630,IRN,Iran,1803,1.0,1,-10.0
630,IRN,Iran,1804,1.0,1,-10.0
630,IRN,Iran,1805,1.0,1,-10.0
630,IRN,Iran,1806,1.0,1,-10.0
630,IRN,Iran,1807,1.0,1,-10.0
630,IRN,Iran,1808,1.0,1,-10.0
630,IRN,Iran,1809,1.0,1,-10.0
630,IRN,Iran,1810,1.0,1,-10.0
630,IRN,Iran,1811,1.0,1,-10.0
630,IRN,Iran,1812,1.0,1,-10.0
630,IRN,Iran,1813,1.0,1,-10.0
630,IRN,Iran,1814,1.0,1,-10.0
630,IRN,Iran,1815,1.0,1,-10.0
630,IRN,Iran,1816,1.0,1,-10.0
630,IRN,Iran,1817,1.0,1,-10.0
630,IRN,Iran,1818,1.0,1,-10.0
630,IRN,Iran,1819,1.0,1,-10.0
630,IRN,Iran,1820,1.0,1,-10.0
630,IRN,Iran,1821,1.0,1,-10.0
630,IRN,Iran,1822,1.0,1,-10.0
630,IRN,Iran,1823,1.0,1,-10.0
630,IRN,Iran,1824,1.0,1,-10.0
630,IRN,Iran,1825,1.0,1,-10.0
630,IRN,Iran,1826,1.0,1,-10.0
630,IRN,Iran,1827,1.0,1,-10.0
630,IRN,Iran,1828,1.0,1,-10.0
630,IRN,Iran,1829,1.0,1,-10.0
630,IRN,Iran,1830,1.0,1,-10.0
630,IRN,Iran,1831,1.0,1,-10.0
630,IRN,Iran,1832,1.0,1,-10.0
630,IRN,Iran,1833,1.0,1,-10.0
630,IRN,Iran,1834,1.0,1,-10.0
630,IRN,Iran,1835,1.0,1,-10.0
630,IRN,Iran,1836,1.0,1,-10.0
630,IRN,Iran,1837,1.0,1,-10.0
630,IRN,Iran,1838,1.0,1,-10.0
630,IRN,Iran,1839,1.0,1,-10.0
630,IRN,Iran,1840,1.0,1,-10.0
630,IRN,Iran,1841,1.0,1,-10.0
630,IRN,Iran,1842,1.0,1,-10.0
630,IRN,Iran,1843,1.0,1,-10.0
630,IRN,Iran,1844,1.0,1,-10.0
630,IRN,Iran,1845,1.0,1,-10.0
630,IRN,Iran,1846,1.0,1,-10.0
630,IRN,Iran,1847,1.0,1,-10.0
630,IRN,Iran,1848,1.0,1,-10.0
630,IRN,Iran,1849,1.0,1,-10.0
630,IRN,Iran,1850,1.0,1,-10.0
630,IRN,Iran,1851,1.0,1,-10.0
630,IRN,Iran,1852,1.0,1,-10.0
630,IRN,Iran,1853,1.0,1,-10.0
630,IRN,Iran,1854,1.0,1,-10.0
630,IRN,Iran,1855,1.0,1,-10.0
630,IRN,Iran,1856,1.0,1,-10.0
630,IRN,Iran,1857,1.0,1,-10.0
630,IRN,Iran,1858,1.0,1,-10.0
630,IRN,Iran,1859,1.0,1,-10.0
630,IRN,Iran,1860,1.0,1,-10.0
630,IRN,Iran,1861,1.0,1,-10.0
630,IRN,Iran,1862,1.0,1,-10.0
630,IRN,Iran,1863,1.0,1,-10.0
630,IRN,Iran,1864,1.0,1,-10.0
630,IRN,Iran,1865,1.0,1,-10.0
630,IRN,Iran,1866,1.0,1,-10.0
630,IRN,Iran,1867,1.0,1,-10.0
630,IRN,Iran,1868,1.0,1,-10.0
630,IRN,Iran,1869,1.0,1,-10.0
630,IRN,Iran,1870,1.0,1,-10.0
630,IRN,Iran,1871,1.0,1,-10.0
630,IRN,Iran,1872,1.0,1,-10.0
630,IRN,Iran,1873,1.0,1,-10.0
630,IRN,Iran,1874,1.0,1,-10.0
630,IRN,Iran,1875,1.0,1,-10.0
630,IRN,Iran,1876,1.0,1,-10.0
630,IRN,Iran,1877,1.0,1,-10.0
630,IRN,Iran,1878,1.0,1,-10.0
630,IRN,Iran,1879,1.0,1,-10.0
630,IRN,Iran,1880,1.0,1,-10.0
630,IRN,Iran,1881,1.0,1,-10.0
630,IRN,Iran,1882,1.0,1,-10.0
630,IRN,Iran,1883,1.0,1,-10.0
630,IRN,Iran,1884,1.0,1,-10.0
630,IRN,Iran,1885,1.0,1,-10.0
630,IRN,Iran,1886,1.0,1,-10.0
630,IRN,Iran,1887,1.0,1,-10.0
630,IRN,Iran,1888,1.0,1,-10.0
630,IRN,Iran,1889,1.0,1,-10.0
630,IRN,Iran,1890,1.0,1,-10.0
630,IRN,Iran,1891,1.0,1,-10.0
630,IRN,Iran,1892,1.0,1,-10.0
630,IRN,Iran,1893,1.0,1,-10.0
630,IRN,Iran,1894,1.0,1,-10.0
630,IRN,Iran,1895,1.0,1,-10.0
630,IRN,Iran,1896,1.0,1,-10.0
630,IRN,Iran,1897,1.0,1,-10.0
630,IRN,Iran,1898,1.0,1,-10.0
630,IRN,Iran,1899,1.0,1,-10.0
630,IRN,Iran,1900,1.0,1,-10.0
630,IRN,Iran,1901,1.0,1,-10.0
630,IRN,Iran,1902,1.0,1,-10.0
630,IRN,Iran,1903,1.0,1,-10.0
630,IRN,Iran,1904,1.0,1,-10.0
630,IRN,Iran,1905,1.0,1,-10.0
630,IRN,Iran,1906,-77.0,-77,0.0
630,IRN,Iran,1907,-77.0,-77,0.0
630,IRN,Iran,1908,-77.0,-77,0.0
630,IRN,Iran,1909,-77.0,-77,0.0
630,IRN,Iran,1910,-77.0,-77,0.0
630,IRN,Iran,1911,-77.0,-77,0.0
630,IRN,Iran,1912,-77.0,-77,0.0
630,IRN,Iran,1913,-77.0,-77,0.0
630,IRN,Iran,1914,-77.0,-77,0.0
630,IRN,Iran,1915,-77.0,-77,0.0
630,IRN,Iran,1916,-77.0,-77,0.0
630,IRN,Iran,1917,-77.0,-77,0.0
630,IRN,Iran,1918,-77.0,-77,0.0
630,IRN,Iran,1919,-77.0,-77,0.0
630,IRN,Iran,1920,-77.0,-77,0.0
630,IRN,Iran,1921,-88.0,-88,-1.0
630,IRN,Iran,1922,-88.0,-88,-3.0
630,IRN,Iran,1923,-88.0,-88,-4.0
630,IRN,Iran,1924,-88.0,-88,-6.0
630,IRN,Iran,1925,1.0,2,-7.0
630,IRN,Iran,1926,1.0,2,-7.0
630,IRN,Iran,1927,1.0,2,-7.0
630,IRN,Iran,1928,1.0,2,-7.0
630,IRN,Iran,1929,1.0,2,-7.0
630,IRN,Iran,1930,1.0,2,-7.0
630,IRN,Iran,1931,1.0,2,-7.0
630,IRN,Iran,1932,1.0,2,-7.0
630,IRN,Iran,1933,1.0,2,-7.0
630,IRN,Iran,1934,1.0,2,-7.0
630,IRN,Iran,1935,1.0,1,-8.0
630,IRN,Iran,1936,1.0,1,-8.0
630,IRN,Iran,1937,1.0,1,-8.0
630,IRN,Iran,1938,1.0,1,-8.0
630,IRN,Iran,1939,1.0,1,-8.0
630,IRN,Iran,1940,1.0,1,-8.0
630,IRN,Iran,1941,2.0,0,-1.0
630,IRN,Iran,1942,2.0,0,-1.0
630,IRN,Iran,1943,2.0,0,-1.0
630,IRN,Iran,1944,2.0,0,-1.0
630,IRN,Iran,1945,2.0,0,-1.0
630,IRN,Iran,1946,6.0,3,4.0
630,IRN,Iran,1947,6.0,3,4.0
630,IRN,Iran,1948,6.0,3,4.0
630,IRN,Iran,1949,6.0,3,4.0
630,IRN,Iran,1950,6.0,3,4.0
630,IRN,Iran,1951,6.0,3,4.0
630,IRN,Iran,1952,6.0,3,4.0
630,IRN,Iran,1953,1.0,1,-10.0
630,IRN,Iran,1954,1.0,1,-10.0
630,IRN,Iran,1955,1.0,1,-10.0
630,IRN,Iran,1956,1.0,1,-10.0
630,IRN,Iran,1957,1.0,1,-10.0
630,IRN,Iran,1958,1.0,1,-10.0
630,IRN,Iran,1959,1.0,1,-10.0
630,IRN,Iran,1960,1.0,1,-10.0
630,IRN,Iran,1961,1.0,1,-10.0
630,IRN,Iran,1962,1.0,1,-10.0
630,IRN,Iran,1963,1.0,1,-10.0
630,IRN,Iran,1964,1.0,1,-10.0
630,IRN,Iran,1965,1.0,1,-10.0
630,IRN,Iran,1966,1.0,1,-10.0
630,IRN,Iran,1967,1.0,1,-10.0
630,IRN,Iran,1968,1.0,1,-10.0
630,IRN,Iran,1969,1.0,1,-10.0
630,IRN,Iran,1970,1.0,1,-10.0
630,IRN,Iran,1971,1.0,1,-10.0
630,IRN,Iran,1972,1.0,1,-10.0
630,IRN,Iran,1973,1.0,1,-10.0
630,IRN,Iran,1974,1.0,1,-10.0
630,IRN,Iran,1975,1.0,1,-10.0
630,IRN,Iran,1976,1.0,1,-10.0
630,IRN,Iran,1977,1.0,1,-10.0
630,IRN,Iran,1978,1.0,1,-10.0
630,IRN,Iran,1979,3.0,2,-6.0
630,IRN,Iran,1980,3.0,2,-6.0
630,IRN,Iran,1981,3.0,2,-6.0
630,IRN,Iran,1982,3.0,2,-6.0
630,IRN,Iran,1983,3.0,2,-6.0
630,IRN,Iran,1984,3.0,2,-6.0
630,IRN,Iran,1985,3.0,2,-6.0
630,IRN,Iran,1986,3.0,2,-6.0
630,IRN,Iran,1987,3.0,2,-6.0
630,IRN,Iran,1988,3.0,2,-6.0
630,IRN,Iran,1989,3.0,2,-6.0
630,IRN,Iran,1990,3.0,2,-6.0
630,IRN,Iran,1991,3.0,2,-6.0
630,IRN,Iran,1992,3.0,2,-6.0
630,IRN,Iran,1993,3.0,2,-6.0
630,IRN,Iran,1994,3.0,2,-6.0
630,IRN,Iran,1995,3.0,2,-6.0
630,IRN,Iran,1996,3.0,2,-6.0
630,IRN,Iran,1997,6.0,3,3.0
630,IRN,Iran,1998,6.0,3,3.0
630,IRN,Iran,1999,6.0,3,3.0
630,IRN,Iran,2000,6.0,3,3.0
630,IRN,Iran,2001,6.0,3,3.0
630,IRN,Iran,2002,6.0,3,3.0
630,IRN,Iran,2003,6.0,3,3.0
630,IRN,Iran,2004,3.0,2,-7.0
630,IRN,Iran,2005,3.0,2,-6.0
630,IRN,Iran,2006,3.0,2,-6.0
630,IRN,Iran,2007,3.0,2,-6.0
630,IRN,Iran,2008,3.0,2,-6.0
630,IRN,Iran,2009,3.0,2,-7.0
630,IRN,Iran,2010,3.0,2,-7.0
630,IRN,Iran,2011,3.0,2,-7.0
630,IRN,Iran,2012,3.0,2,-7.0
630,IRN,Iran,2013,3.0,2,-7.0
630,IRN,Iran,2014,3.0,2,-7.0
630,IRN,Iran,2015,3.0,2,-7.0
630,IRN,Iran,2016,3.0,2,-7.0
630,IRN,Iran,2017,3.0,2,-7.0
630,IRN,Iran,2018,3.0,2,-7.0
645,IRQ,Iraq,1924,2.0,3,-4.0
645,IRQ,Iraq,1925,2.0,3,-4.0
645,IRQ,Iraq,1926,2.0,3,-4.0
645,IRQ,Iraq,1927,2.0,3,-4.0
645,IRQ,Iraq,1928,2.0,3,-4.0
645,IRQ,Iraq,1929,2.0,3,-4.0
645,IRQ,Iraq,1930,2.0,3,-4.0
645,IRQ,Iraq,1931,2.0,3,-4.0
645,IRQ,Iraq,1932,2.0,3,-4.0
645,IRQ,Iraq,1933,2.0,3,-4.0
645,IRQ,Iraq,1934,2.0,3,-4.0
645,IRQ,Iraq,1935,2.0,3,-4.0
645,IRQ,Iraq,1936,4.0,3,-3.0
645,IRQ,Iraq,1937,4.0,3,-3.0
645,IRQ,Iraq,1938,4.0,3,-3.0
645,IRQ,Iraq,1939,4.0,3,-3.0
645,IRQ,Iraq,1940,4.0,3,-3.0
645,IRQ,Iraq,1941,2.0,3,-4.0
645,IRQ,Iraq,1942,2.0,3,-4.0
645,IRQ,Iraq,1943,2.0,3,-4.0
645,IRQ,Iraq,1944,2.0,3,-4.0
645,IRQ,Iraq,1945,2.0,3,-4.0
645,IRQ,Iraq,1946,2.0,3,-4.0
645,IRQ,Iraq,1947,2.0,3,-4.0
645,IRQ,Iraq,1948,2.0,3,-4.0
645,IRQ,Iraq,1949,2.0,3,-4.0
645,IRQ,Iraq,1950,2.0,3,-4.0
645,IRQ,Iraq,1951,2.0,3,-4.0
645,IRQ,Iraq,1952,2.0,3,-4.0
645,IRQ,Iraq,1953,2.0,3,-4.0
645,IRQ,Iraq,1954,2.0,3,-4.0
645,IRQ,Iraq,1955,2.0,3,-4.0
645,IRQ,Iraq,1956,2.0,3,-4.0
645,IRQ,Iraq,1957,2.0,3,-4.0
645,IRQ,Iraq,1958,4.0,2,-5.0
645,IRQ,Iraq,1959,4.0,2,-5.0
645,IRQ,Iraq,1960,4.0,2,-5.0
645,IRQ,Iraq,1961,4.0,2,-5.0
645,IRQ,Iraq,1962,4.0,2,-5.0
645,IRQ,Iraq,1963,4.0,2,-5.0
645,IRQ,Iraq,1964,4.0,2,-5.0
645,IRQ,Iraq,1965,4.0,2,-5.0
645,IRQ,Iraq,1966,4.0,2,-5.0
645,IRQ,Iraq,1967,4.0,2,-5.0
645,IRQ,Iraq,1968,5.0,1,-7.0
645,IRQ,Iraq,1969,5.0,1,-7.0
645,IRQ,Iraq,1970,5.0,1,-7.0
645,IRQ,Iraq,1971,5.0,1,-7.0
645,IRQ,Iraq,1972,5.0,1,-7.0
645,IRQ,Iraq,1973,5.0,1,-7.0
645,IRQ,Iraq,1974,5.0,1,-7.0
645,IRQ,Iraq,1975,5.0,1,-7.0
645,IRQ,Iraq,1976,5.0,1,-7.0
645,IRQ,Iraq,1977,5.0,1,-7.0
645,IRQ,Iraq,1978,5.0,1,-7.0
645,IRQ,Iraq,1979,3.0,1,-9.0
645,IRQ,Iraq,1980,3.0,1,-9.0
645,IRQ,Iraq,1981,3.0,1,-9.0
645,IRQ,Iraq,1982,3.0,1,-9.0
645,IRQ,Iraq,1983,3.0,1,-9.0
645,IRQ,Iraq,1984,3.0,1,-9.0
645,IRQ,Iraq,1985,3.0,1,-9.0
645,IRQ,Iraq,1986,3.0,1,-9.0
645,IRQ,Iraq,1987,3.0,1,-9.0
645,IRQ,Iraq,1988,3.0,1,-9.0
645,IRQ,Iraq,1989,3.0,1,-9.0
645,IRQ,Iraq,1990,3.0,1,-9.0
645,IRQ,Iraq,1991,3.0,1,-9.0
645,IRQ,Iraq,1992,3.0,1,-9.0
645,IRQ,Iraq,1993,3.0,1,-9.0
645,IRQ,Iraq,1994,3.0,1,-9.0
645,IRQ,Iraq,1995,3.0,1,-9.0
645,IRQ,Iraq,1996,3.0,1,-9.0
645,IRQ,Iraq,1997,3.0,1,-9.0
645,IRQ,Iraq,1998,3.0,1,-9.0
645,IRQ,Iraq,1999,3.0,1,-9.0
645,IRQ,Iraq,2000,3.0,1,-9.0
645,IRQ,Iraq,2001,3.0,1,-9.0
645,IRQ,Iraq,2002,3.0,1,-9.0
645,IRQ,Iraq,2003,-66.0,-66,
645,IRQ,Iraq,2004,-66.0,-66,
645,IRQ,Iraq,2005,-66.0,-66,
645,IRQ,Iraq,2006,-66.0,-66,
645,IRQ,Iraq,2007,-66.0,-66,
645,IRQ,Iraq,2008,-66.0,-66,
645,IRQ,Iraq,2009,-66.0,-66,
645,IRQ,Iraq,2010,7.0,3,3.0
645,IRQ,Iraq,2011,7.0,3,3.0
645,IRQ,Iraq,2012,7.0,3,3.0
645,IRQ,Iraq,2013,7.0,3,3.0
645,IRQ,Iraq,2014,7.0,3,6.0
645,IRQ,Iraq,2015,7.0,3,6.0
645,IRQ,Iraq,2016,7.0,3,6.0
645,IRQ,Iraq,2017,7.0,3,6.0
645,IRQ,Iraq,2018,7.0,3,6.0
666,ISR,Israel,1948,8.0,5,10.0
666,ISR,Israel,1949,8.0,5,10.0
666,ISR,Israel,1950,8.0,5,10.0
666,ISR,Israel,1951,8.0,5,10.0
666,ISR,Israel,1952,8.0,5,10.0
666,ISR,Israel,1953,8.0,5,10.0
666,ISR,Israel,1954,8.0,5,10.0
666,ISR,Israel,1955,8.0,5,10.0
666,ISR,Israel,1956,8.0,5,10.0
666,ISR,Israel,1957,8.0,5,10.0
666,ISR,Israel,1958,8.0,5,10.0
666,ISR,Israel,1959,8.0,5,10.0
666,ISR,Israel,1960,8.0,5,10.0
666,ISR,Israel,1961,8.0,5,10.0
666,ISR,Israel,1962,8.0,5,10.0
666,ISR,Israel,1963,8.0,5,10.0
666,ISR,Israel,1964,8.0,5,10.0
666,ISR,Israel,1965,8.0,5,10.0
666,ISR,Israel,1966,8.0,5,10.0
666,ISR,Israel,1967,8.0,4,9.0
666,ISR,Israel,1968,8.0,4,9.0
666,ISR,Israel,1969,8.0,4,9.0
666,ISR,Israel,1970,8.0,4,9.0
666,ISR,Israel,1971,8.0,4,9.0
666,ISR,Israel,1972,8.0,4,9.0
666,ISR,Israel,1973,8.0,4,9.0
666,ISR,Israel,1974,8.0,4,9.0
666,ISR,Israel,1975,8.0,4,9.0
666,ISR,Israel,1976,8.0,4,9.0
666,ISR,Israel,1977,8.0,4,9.0
666,ISR,Israel,1978,8.0,4,9.0
666,ISR,Israel,1979,8.0,4,9.0
666,ISR,Israel,1980,8.0,4,9.0
666,ISR,Israel,1981,7.0,3,6.0
666,ISR,Israel,1982,7.0,3,6.0
666,ISR,Israel,1983,7.0,3,6.0
666,ISR,Israel,1984,7.0,3,6.0
666,ISR,Israel,1985,7.0,3,6.0
666,ISR,Israel,1986,7.0,3,6.0
666,ISR,Israel,1987,7.0,3,6.0
666,ISR,Israel,1988,7.0,3,6.0
666,ISR,Israel,1989,7.0,3,6.0
666,ISR,Israel,1990,7.0,3,6.0
666,ISR,Israel,1991,7.0,3,6.0
666,ISR,Israel,1992,7.0,3,6.0
666,ISR,Israel,1993,7.0,3,6.0
666,ISR,Israel,1994,7.0,3,6.0
666,ISR,Israel,1995,7.0,3,6.0
666,ISR,Israel,1996,7.0,3,6.0
666,ISR,Israel,1997,7.0,3,6.0
666,ISR,Israel,1998,7.0,3,6.0
666,ISR,Israel,1999,7.0,3,6.0
666,ISR,Israel,2000,7.0,3,6.0
666,ISR,Israel,2001,7.0,3,6.0
666,ISR,Israel,2002,7.0,3,6.0
666,ISR,Israel,2003,7.0,3,6.0
666,ISR,Israel,2004,7.0,3,6.0
666,ISR,Israel,2005,7.0,3,6.0
666,ISR,Israel,2006,7.0,3,6.0
666,ISR,Israel,2007,7.0,3,6.0
666,ISR,Israel,2008,7.0,3,6.0
666,ISR,Israel,2009,7.0,3,6.0
666,ISR,Israel,2010,7.0,3,6.0
666,ISR,Israel,2011,7.0,3,6.0
666,ISR,Israel,2012,7.0,3,6.0
666,ISR,Israel,2013,7.0,3,6.0
666,ISR,Israel,2014,7.0,3,6.0
666,ISR,Israel,2015,7.0,3,6.0
666,ISR,Israel,2016,7.0,3,6.0
666,ISR,Israel,2017,7.0,3,6.0
666,ISR,Israel,2018,7.0,3,6.0
325,ITA,Italy,1861,2.0,3,-4.0
325,ITA,Italy,1862,2.0,3,-4.0
325,ITA,Italy,1863,2.0,3,-4.0
325,ITA,Italy,1864,2.0,3,-4.0
325,ITA,Italy,1865,2.0,3,-4.0
325,ITA,Italy,1866,2.0,3,-4.0
325,ITA,Italy,1867,2.0,3,-4.0
325,ITA,Italy,1868,2.0,3,-4.0
325,ITA,Italy,1869,2.0,3,-4.0
325,ITA,Italy,1870,2.0,3,-4.0
325,ITA,Italy,1871,2.0,3,-4.0
325,ITA,Italy,1872,2.0,3,-4.0
325,ITA,Italy,1873,2.0,3,-4.0
325,ITA,Italy,1874,2.0,3,-4.0
325,ITA,Italy,1875,2.0,3,-4.0
325,ITA,Italy,1876,2.0,3,-4.0
325,ITA,Italy,1877,2.0,3,-4.0
325,ITA,Italy,1878,2.0,3,-4.0
325,ITA,Italy,1879,2.0,3,-4.0
325,ITA,Italy,1880,2.0,3,-4.0
325,ITA,Italy,1881,2.0,3,-4.0
325,ITA,Italy,1882,2.0,3,-4.0
325,ITA,Italy,1883,2.0,3,-4.0
325,ITA,Italy,1884,2.0,3,-4.0
325,ITA,Italy,1885,2.0,3,-4.0
325,ITA,Italy,1886,2.0,3,-4.0
325,ITA,Italy,1887,2.0,3,-4.0
325,ITA,Italy,1888,2.0,3,-4.0
325,ITA,Italy,1889,2.0,3,-4.0
325,ITA,Italy,1890,2.0,3,-4.0
325,ITA,Italy,1891,2.0,3,-4.0
325,ITA,Italy,1892,2.0,3,-4.0
325,ITA,Italy,1893,2.0,3,-4.0
325,ITA,Italy,1894,2.0,3,-4.0
325,ITA,Italy,1895,2.0,3,-4.0
325,ITA,Italy,1896,2.0,3,-4.0
325,ITA,Italy,1897,2.0,3,-4.0
325,ITA,Italy,1898,2.0,3,-4.0
325,ITA,Italy,1899,2.0,3,-4.0
325,ITA,Italy,1900,2.0,3,-1.0
325,ITA,Italy,1901,2.0,3,-1.0
325,ITA,Italy,1902,2.0,3,-1.0
325,ITA,Italy,1903,2.0,3,-1.0
325,ITA,Italy,1904,2.0,3,-1.0
325,ITA,Italy,1905,2.0,3,-1.0
325,ITA,Italy,1906,2.0,3,-1.0
325,ITA,Italy,1907,2.0,3,-1.0
325,ITA,Italy,1908,2.0,3,-1.0
325,ITA,Italy,1909,2.0,3,-1.0
325,ITA,Italy,1910,2.0,3,-1.0
325,ITA,Italy,1911,2.0,3,-1.0
325,ITA,Italy,1912,2.0,3,-1.0
325,ITA,Italy,1913,2.0,3,-1.0
325,ITA,Italy,1914,2.0,3,-1.0
325,ITA,Italy,1915,2.0,3,-1.0
325,ITA,Italy,1916,2.0,3,-1.0
325,ITA,Italy,1917,2.0,3,-1.0
325,ITA,Italy,1918,2.0,3,-1.0
325,ITA,Italy,1919,2.0,3,-1.0
325,ITA,Italy,1920,2.0,3,-1.0
325,ITA,Italy,1921,2.0,3,-1.0
325,ITA,Italy,1922,-88.0,-88,-2.0
325,ITA,Italy,1923,-88.0,-88,-3.0
325,ITA,Italy,1924,-88.0,-88,-4.0
325,ITA,Italy,1925,-88.0,-88,-6.0
325,ITA,Italy,1926,-88.0,-88,-7.0
325,ITA,Italy,1927,-88.0,-88,-8.0
325,ITA,Italy,1928,3.0,1,-9.0
325,ITA,Italy,1929,3.0,1,-9.0
325,ITA,Italy,1930,3.0,1,-9.0
325,ITA,Italy,1931,3.0,1,-9.0
325,ITA,Italy,1932,3.0,1,-9.0
325,ITA,Italy,1933,3.0,1,-9.0
325,ITA,Italy,1934,3.0,1,-9.0
325,ITA,Italy,1935,3.0,1,-9.0
325,ITA,Italy,1936,3.0,1,-9.0
325,ITA,Italy,1937,3.0,1,-9.0
325,ITA,Italy,1938,3.0,1,-9.0
325,ITA,Italy,1939,3.0,1,-9.0
325,ITA,Italy,1940,3.0,1,-9.0
325,ITA,Italy,1941,3.0,1,-9.0
325,ITA,Italy,1942,3.0,1,-9.0
325,ITA,Italy,1943,-77.0,-77,0.0
325,ITA,Italy,1944,-77.0,-77,0.0
325,ITA,Italy,1945,-88.0,-88,2.0
325,ITA,Italy,1946,-88.0,-88,5.0
325,ITA,Italy,1947,-88.0,-88,8.0
325,ITA,Italy,1948,8.0,5,10.0
325,ITA,Italy,1949,8.0,5,10.0
325,ITA,Italy,1950,8.0,5,10.0
325,ITA,Italy,1951,8.0,5,10.0
325,ITA,Italy,1952,8.0,5,10.0
325,ITA,Italy,1953,8.0,5,10.0
325,ITA,Italy,1954,8.0,5,10.0
325,ITA,Italy,1955,8.0,5,10.0
325,ITA,Italy,1956,8.0,5,10.0
325,ITA,Italy,1957,8.0,5,10.0
325,ITA,Italy,1958,8.0,5,10.0
325,ITA,Italy,1959,8.0,5,10.0
325,ITA,Italy,1960,8.0,5,10.0
325,ITA,Italy,1961,8.0,5,10.0
325,ITA,Italy,1962,8.0,5,10.0
325,ITA,Italy,1963,8.0,5,10.0
325,ITA,Italy,1964,8.0,5,10.0
325,ITA,Italy,1965,8.0,5,10.0
325,ITA,Italy,1966,8.0,5,10.0
325,ITA,Italy,1967,8.0,5,10.0
325,ITA,Italy,1968,8.0,5,10.0
325,ITA,Italy,1969,8.0,5,10.0
325,ITA,Italy,1970,8.0,5,10.0
325,ITA,Italy,1971,8.0,5,10.0
325,ITA,Italy,1972,8.0,5,10.0
325,ITA,Italy,1973,8.0,5,10.0
325,ITA,Italy,1974,8.0,5,10.0
325,ITA,Italy,1975,8.0,5,10.0
325,ITA,Italy,1976,8.0,5,10.0
325,ITA,Italy,1977,8.0,5,10.0
325,ITA,Italy,1978,8.0,5,10.0
325,ITA,Italy,1979,8.0,5,10.0
325,ITA,Italy,1980,8.0,5,10.0
325,ITA,Italy,1981,8.0,5,10.0
325,ITA,Italy,1982,8.0,5,10.0
325,ITA,Italy,1983,8.0,5,10.0
325,ITA,Italy,1984,8.0,5,10.0
325,ITA,Italy,1985,8.0,5,10.0
325,ITA,Italy,1986,8.0,5,10.0
325,ITA,Italy,1987,8.0,5,10.0
325,ITA,Italy,1988,8.0,5,10.0
325,ITA,Italy,1989,8.0,5,10.0
325,ITA,Italy,1990,8.0,5,10.0
325,ITA,Italy,1991,8.0,5,10.0
325,ITA,Italy,1992,8.0,5,10.0
325,ITA,Italy,1993,8.0,5,10.0
325,ITA,Italy,1994,8.0,5,10.0
325,ITA,Italy,1995,8.0,5,10.0
325,ITA,Italy,1996,8.0,5,10.0
325,ITA,Italy,1997,8.0,5,10.0
325,ITA,Italy,1998,8.0,5,10.0
325,ITA,Italy,1999,8.0,5,10.0
325,ITA,Italy,2000,8.0,5,10.0
325,ITA,Italy,2001,8.0,5,10.0
325,ITA,Italy,2002,8.0,5,10.0
325,ITA,Italy,2003,8.0,5,10.0
325,ITA,Italy,2004,8.0,5,10.0
325,ITA,Italy,2005,8.0,5,10.0
325,ITA,Italy,2006,8.0,5,10.0
325,ITA,Italy,2007,8.0,5,10.0
325,ITA,Italy,2008,8.0,5,10.0
325,ITA,Italy,2009,8.0,5,10.0
325,ITA,Italy,2010,8.0,5,10.0
325,ITA,Italy,2011,8.0,5,10.0
325,ITA,Italy,2012,8.0,5,10.0
325,ITA,Italy,2013,8.0,5,10.0
325,ITA,Italy,2014,8.0,5,10.0
325,ITA,Italy,2015,8.0,5,10.0
325,ITA,Italy,2016,8.0,5,10.0
325,ITA,Italy,2017,8.0,5,10.0
325,ITA,Italy,2018,8.0,5,10.0
437,IVO,Cote D'Ivoire,1960,3.0,1,-9.0
437,IVO,Cote D'Ivoire,1961,3.0,1,-9.0
437,IVO,Cote D'Ivoire,1962,3.0,1,-9.0
437,IVO,Cote D'Ivoire,1963,3.0,1,-9.0
437,IVO,Cote D'Ivoire,1964,3.0,1,-9.0
437,IVO,Cote D'Ivoire,1965,3.0,1,-9.0
437,IVO,Cote D'Ivoire,1966,3.0,1,-9.0
437,IVO,Cote D'Ivoire,1967,3.0,1,-9.0
437,IVO,Cote D'Ivoire,1968,3.0,1,-9.0
437,IVO,Cote D'Ivoire,1969,3.0,1,-9.0
437,IVO,Cote D'Ivoire,1970,3.0,1,-9.0
437,IVO,Cote D'Ivoire,1971,3.0,1,-9.0
437,IVO,Cote D'Ivoire,1972,3.0,1,-9.0
437,IVO,Cote D'Ivoire,1973,3.0,1,-9.0
437,IVO,Cote D'Ivoire,1974,3.0,1,-9.0
437,IVO,Cote D'Ivoire,1975,3.0,1,-9.0
437,IVO,Cote D'Ivoire,1976,3.0,1,-9.0
437,IVO,Cote D'Ivoire,1977,3.0,1,-9.0
437,IVO,Cote D'Ivoire,1978,3.0,1,-9.0
437,IVO,Cote D'Ivoire,1979,3.0,1,-9.0
437,IVO,Cote D'Ivoire,1980,3.0,1,-9.0
437,IVO,Cote D'Ivoire,1981,3.0,1,-9.0
437,IVO,Cote D'Ivoire,1982,3.0,1,-9.0
437,IVO,Cote D'Ivoire,1983,3.0,1,-9.0
437,IVO,Cote D'Ivoire,1984,3.0,1,-9.0
437,IVO,Cote D'Ivoire,1985,3.0,1,-9.0
437,IVO,Cote D'Ivoire,1986,3.0,1,-9.0
437,IVO,Cote D'Ivoire,1987,3.0,1,-9.0
437,IVO,Cote D'Ivoire,1988,3.0,1,-9.0
437,IVO,Cote D'Ivoire,1989,3.0,1,-9.0
437,IVO,Cote D'Ivoire,1990,3.0,2,-7.0
437,IVO,Cote D'Ivoire,1991,3.0,2,-7.0
437,IVO,Cote D'Ivoire,1992,3.0,2,-7.0
437,IVO,Cote D'Ivoire,1993,3.0,2,-6.0
437,IVO,Cote D'Ivoire,1994,3.0,2,-6.0
437,IVO,Cote D'Ivoire,1995,3.0,2,-6.0
437,IVO,Cote D'Ivoire,1996,3.0,2,-6.0
437,IVO,Cote D'Ivoire,1997,3.0,2,-6.0
437,IVO,Cote D'Ivoire,1998,3.0,2,-6.0
437,IVO,Cote D'Ivoire,1999,5.0,3,-1.0
437,IVO,Cote D'Ivoire,2000,7.0,3,4.0
437,IVO,Cote D'Ivoire,2001,7.0,3,4.0
437,IVO,Cote D'Ivoire,2002,-77.0,-77,0.0
437,IVO,Cote D'Ivoire,2003,-77.0,-77,0.0
437,IVO,Cote D'Ivoire,2004,-77.0,-77,0.0
437,IVO,Cote D'Ivoire,2005,-77.0,-77,0.0
437,IVO,Cote D'Ivoire,2006,-77.0,-77,0.0
437,IVO,Cote D'Ivoire,2007,-88.0,-88,0.0
437,IVO,Cote D'Ivoire,2008,-88.0,-88,0.0
437,IVO,Cote D'Ivoire,2009,-88.0,-88,0.0
437,IVO,Cote D'Ivoire,2010,-77.0,-77,0.0
437,IVO,Cote D'Ivoire,2011,7.0,3,4.0
437,IVO,Cote D'Ivoire,2012,7.0,3,4.0
437,IVO,Cote D'Ivoire,2013,7.0,3,4.0
437,IVO,Ivory Coast,2014,7.0,3,4.0
437,IVO,Ivory Coast,2015,7.0,3,4.0
437,IVO,Cote D'Ivoire,2016,7.0,3,4.0
437,IVO,Cote D'Ivoire,2017,7.0,3,4.0
437,IVO,Cote D'Ivoire,2018,7.0,3,4.0
51,JAM,Jamaica,1959,8.0,5,10.0
51,JAM,Jamaica,1960,8.0,5,10.0
51,JAM,Jamaica,1961,8.0,5,10.0
51,JAM,Jamaica,1962,8.0,5,10.0
51,JAM,Jamaica,1963,8.0,5,10.0
51,JAM,Jamaica,1964,8.0,5,10.0
51,JAM,Jamaica,1965,8.0,5,10.0
51,JAM,Jamaica,1966,8.0,5,10.0
51,JAM,Jamaica,1967,8.0,5,10.0
51,JAM,Jamaica,1968,8.0,5,10.0
51,JAM,Jamaica,1969,8.0,5,10.0
51,JAM,Jamaica,1970,8.0,5,10.0
51,JAM,Jamaica,1971,8.0,5,10.0
51,JAM,Jamaica,1972,8.0,5,10.0
51,JAM,Jamaica,1973,8.0,5,10.0
51,JAM,Jamaica,1974,8.0,5,10.0
51,JAM,Jamaica,1975,8.0,5,10.0
51,JAM,Jamaica,1976,8.0,5,10.0
51,JAM,Jamaica,1977,8.0,5,10.0
51,JAM,Jamaica,1978,8.0,5,10.0
51,JAM,Jamaica,1979,8.0,5,10.0
51,JAM,Jamaica,1980,8.0,5,10.0
51,JAM,Jamaica,1981,8.0,5,10.0
51,JAM,Jamaica,1982,8.0,5,10.0
51,JAM,Jamaica,1983,8.0,5,10.0
51,JAM,Jamaica,1984,8.0,5,10.0
51,JAM,Jamaica,1985,8.0,5,10.0
51,JAM,Jamaica,1986,8.0,5,10.0
51,JAM,Jamaica,1987,8.0,5,10.0
51,JAM,Jamaica,1988,8.0,5,10.0
51,JAM,Jamaica,1989,8.0,5,10.0
51,JAM,Jamaica,1990,8.0,5,10.0
51,JAM,Jamaica,1991,8.0,5,10.0
51,JAM,Jamaica,1992,8.0,5,10.0
51,JAM,Jamaica,1993,8.0,4,9.0
51,JAM,Jamaica,1994,8.0,4,9.0
51,JAM,Jamaica,1995,8.0,4,9.0
51,JAM,Jamaica,1996,8.0,4,9.0
51,JAM,Jamaica,1997,8.0,4,9.0
51,JAM,Jamaica,1998,8.0,4,9.0
51,JAM,Jamaica,1999,8.0,4,9.0
51,JAM,Jamaica,2000,8.0,4,9.0
51,JAM,Jamaica,2001,8.0,4,9.0
51,JAM,Jamaica,2002,8.0,4,9.0
51,JAM,Jamaica,2003,8.0,4,9.0
51,JAM,Jamaica,2004,8.0,4,9.0
51,JAM,Jamaica,2005,8.0,4,9.0
51,JAM,Jamaica,2006,8.0,4,9.0
51,JAM,Jamaica,2007,8.0,4,9.0
51,JAM,Jamaica,2008,8.0,4,9.0
51,JAM,Jamaica,2009,8.0,4,9.0
51,JAM,Jamaica,2010,8.0,4,9.0
51,JAM,Jamaica,2011,8.0,4,9.0
51,JAM,Jamaica,2012,8.0,4,9.0
51,JAM,Jamaica,2013,8.0,4,9.0
51,JAM,Jamaica,2014,8.0,4,9.0
51,JAM,Jamaica,2015,8.0,4,9.0
51,JAM,Jamaica,2016,8.0,4,9.0
51,JAM,Jamaica,2017,8.0,4,9.0
51,JAM,Jamaica,2018,8.0,4,9.0
663,JOR,Jordan,1946,1.0,2,-9.0
663,JOR,Jordan,1947,1.0,2,-9.0
663,JOR,Jordan,1948,1.0,2,-9.0
663,JOR,Jordan,1949,1.0,2,-9.0
663,JOR,Jordan,1950,1.0,2,-9.0
663,JOR,Jordan,1951,1.0,2,-9.0
663,JOR,Jordan,1952,2.0,0,-4.0
663,JOR,Jordan,1953,2.0,0,-4.0
663,JOR,Jordan,1954,2.0,0,-4.0
663,JOR,Jordan,1955,2.0,0,-4.0
663,JOR,Jordan,1956,6.0,4,5.0
663,JOR,Jordan,1957,2.0,1,-9.0
663,JOR,Jordan,1958,2.0,1,-9.0
663,JOR,Jordan,1959,2.0,1,-9.0
663,JOR,Jordan,1960,2.0,1,-9.0
663,JOR,Jordan,1961,2.0,1,-9.0
663,JOR,Jordan,1962,2.0,1,-9.0
663,JOR,Jordan,1963,2.0,1,-9.0
663,JOR,Jordan,1964,2.0,1,-9.0
663,JOR,Jordan,1965,2.0,1,-9.0
663,JOR,Jordan,1966,2.0,1,-9.0
663,JOR,Jordan,1967,2.0,1,-9.0
663,JOR,Jordan,1968,2.0,1,-9.0
663,JOR,Jordan,1969,2.0,1,-9.0
663,JOR,Jordan,1970,2.0,1,-9.0
663,JOR,Jordan,1971,2.0,1,-9.0
663,JOR,Jordan,1972,2.0,1,-9.0
663,JOR,Jordan,1973,2.0,1,-9.0
663,JOR,Jordan,1974,2.0,1,-10.0
663,JOR,Jordan,1975,2.0,1,-10.0
663,JOR,Jordan,1976,2.0,1,-10.0
663,JOR,Jordan,1977,2.0,1,-10.0
663,JOR,Jordan,1978,2.0,1,-10.0
663,JOR,Jordan,1979,2.0,1,-10.0
663,JOR,Jordan,1980,2.0,1,-10.0
663,JOR,Jordan,1981,2.0,1,-10.0
663,JOR,Jordan,1982,2.0,1,-10.0
663,JOR,Jordan,1983,2.0,1,-10.0
663,JOR,Jordan,1984,2.0,1,-9.0
663,JOR,Jordan,1985,2.0,1,-9.0
663,JOR,Jordan,1986,2.0,1,-9.0
663,JOR,Jordan,1987,2.0,1,-9.0
663,JOR,Jordan,1988,2.0,1,-9.0
663,JOR,Jordan,1989,2.0,3,-4.0
663,JOR,Jordan,1990,2.0,3,-4.0
663,JOR,Jordan,1991,2.0,3,-4.0
663,JOR,Jordan,1992,2.0,4,-2.0
663,JOR,Jordan,1993,2.0,4,-2.0
663,JOR,Jordan,1994,2.0,4,-2.0
663,JOR,Jordan,1995,2.0,4,-2.0
663,JOR,Jordan,1996,2.0,4,-2.0
663,JOR,Jordan,1997,2.0,4,-2.0
663,JOR,Jordan,1998,2.0,4,-2.0
663,JOR,Jordan,1999,2.0,4,-2.0
663,JOR,Jordan,2000,2.0,4,-2.0
663,JOR,Jordan,2001,2.0,4,-2.0
663,JOR,Jordan,2002,2.0,4,-2.0
663,JOR,Jordan,2003,2.0,4,-2.0
663,JOR,Jordan,2004,2.0,4,-2.0
663,JOR,Jordan,2005,2.0,4,-2.0
663,JOR,Jordan,2006,2.0,4,-2.0
663,JOR,Jordan,2007,2.0,4,-3.0
663,JOR,Jordan,2008,2.0,4,-3.0
663,JOR,Jordan,2009,2.0,4,-3.0
663,JOR,Jordan,2010,2.0,4,-3.0
663,JOR,Jordan,2011,2.0,4,-3.0
663,JOR,Jordan,2012,2.0,4,-3.0
663,JOR,Jordan,2013,2.0,4,-3.0
663,JOR,Jordan,2014,2.0,4,-3.0
663,JOR,Jordan,2015,2.0,4,-3.0
663,JOR,Jordan,2016,2.0,4,-3.0
663,JOR,Jordan,2017,2.0,4,-3.0
663,JOR,Jordan,2018,2.0,4,-3.0
740,JPN,Japan,1800,1.0,1,-10.0
740,JPN,Japan,1801,1.0,1,-10.0
740,JPN,Japan,1802,1.0,1,-10.0
740,JPN,Japan,1803,1.0,1,-10.0
740,JPN,Japan,1804,1.0,1,-10.0
740,JPN,Japan,1805,1.0,1,-10.0
740,JPN,Japan,1806,1.0,1,-10.0
740,JPN,Japan,1807,1.0,1,-10.0
740,JPN,Japan,1808,1.0,1,-10.0
740,JPN,Japan,1809,1.0,1,-10.0
740,JPN,Japan,1810,1.0,1,-10.0
740,JPN,Japan,1811,1.0,1,-10.0
740,JPN,Japan,1812,1.0,1,-10.0
740,JPN,Japan,1813,1.0,1,-10.0
740,JPN,Japan,1814,1.0,1,-10.0
740,JPN,Japan,1815,1.0,1,-10.0
740,JPN,Japan,1816,1.0,1,-10.0
740,JPN,Japan,1817,1.0,1,-10.0
740,JPN,Japan,1818,1.0,1,-10.0
740,JPN,Japan,1819,1.0,1,-10.0
740,JPN,Japan,1820,1.0,1,-10.0
740,JPN,Japan,1821,1.0,1,-10.0
740,JPN,Japan,1822,1.0,1,-10.0
740,JPN,Japan,1823,1.0,1,-10.0
740,JPN,Japan,1824,1.0,1,-10.0
740,JPN,Japan,1825,1.0,1,-10.0
740,JPN,Japan,1826,1.0,1,-10.0
740,JPN,Japan,1827,1.0,1,-10.0
740,JPN,Japan,1828,1.0,1,-10.0
740,JPN,Japan,1829,1.0,1,-10.0
740,JPN,Japan,1830,1.0,1,-10.0
740,JPN,Japan,1831,1.0,1,-10.0
740,JPN,Japan,1832,1.0,1,-10.0
740,JPN,Japan,1833,1.0,1,-10.0
740,JPN,Japan,1834,1.0,1,-10.0
740,JPN,Japan,1835,1.0,1,-10.0
740,JPN,Japan,1836,1.0,1,-10.0
740,JPN,Japan,1837,1.0,1,-10.0
740,JPN,Japan,1838,1.0,1,-10.0
740,JPN,Japan,1839,1.0,1,-10.0
740,JPN,Japan,1840,1.0,1,-10.0
740,JPN,Japan,1841,1.0,1,-10.0
740,JPN,Japan,1842,1.0,1,-10.0
740,JPN,Japan,1843,1.0,1,-10.0
740,JPN,Japan,1844,1.0,1,-10.0
740,JPN,Japan,1845,1.0,1,-10.0
740,JPN,Japan,1846,1.0,1,-10.0
740,JPN,Japan,1847,1.0,1,-10.0
740,JPN,Japan,1848,1.0,1,-10.0
740,JPN,Japan,1849,1.0,1,-10.0
740,JPN,Japan,1850,1.0,1,-10.0
740,JPN,Japan,1851,1.0,1,-10.0
740,JPN,Japan,1852,1.0,1,-10.0
740,JPN,Japan,1853,1.0,1,-10.0
740,JPN,Japan,1854,1.0,1,-10.0
740,JPN,Japan,1855,1.0,1,-10.0
740,JPN,Japan,1856,1.0,1,-10.0
740,JPN,Japan,1857,1.0,1,-10.0
740,JPN,Japan,1858,-88.0,-88,-9.0
740,JPN,Japan,1859,-88.0,-88,-8.0
740,JPN,Japan,1860,-88.0,-88,-7.0
740,JPN,Japan,1861,-88.0,-88,-6.0
740,JPN,Japan,1862,-88.0,-88,-5.0
740,JPN,Japan,1863,-88.0,-88,-4.0
740,JPN,Japan,1864,-88.0,-88,-3.0
740,JPN,Japan,1865,-88.0,-88,-2.0
740,JPN,Japan,1866,-88.0,-88,-1.0
740,JPN,Japan,1867,-88.0,-88,0.0
740,JPN,Japan,1868,2.0,3,1.0
740,JPN,Japan,1869,2.0,3,1.0
740,JPN,Japan,1870,2.0,3,1.0
740,JPN,Japan,1871,2.0,3,1.0
740,JPN,Japan,1872,2.0,3,1.0
740,JPN,Japan,1873,2.0,3,1.0
740,JPN,Japan,1874,2.0,3,1.0
740,JPN,Japan,1875,2.0,3,1.0
740,JPN,Japan,1876,2.0,3,1.0
740,JPN,Japan,1877,2.0,3,1.0
740,JPN,Japan,1878,2.0,3,1.0
740,JPN,Japan,1879,2.0,3,1.0
740,JPN,Japan,1880,2.0,3,1.0
740,JPN,Japan,1881,2.0,3,1.0
740,JPN,Japan,1882,2.0,3,1.0
740,JPN,Japan,1883,2.0,3,1.0
740,JPN,Japan,1884,2.0,3,1.0
740,JPN,Japan,1885,2.0,3,1.0
740,JPN,Japan,1886,2.0,3,1.0
740,JPN,Japan,1887,2.0,3,1.0
740,JPN,Japan,1888,2.0,3,1.0
740,JPN,Japan,1889,2.0,3,1.0
740,JPN,Japan,1890,2.0,3,1.0
740,JPN,Japan,1891,2.0,3,1.0
740,JPN,Japan,1892,2.0,3,1.0
740,JPN,Japan,1893,2.0,3,1.0
740,JPN,Japan,1894,2.0,3,1.0
740,JPN,Japan,1895,2.0,3,1.0
740,JPN,Japan,1896,2.0,3,1.0
740,JPN,Japan,1897,2.0,3,1.0
740,JPN,Japan,1898,2.0,3,1.0
740,JPN,Japan,1899,2.0,3,1.0
740,JPN,Japan,1900,2.0,3,1.0
740,JPN,Japan,1901,2.0,3,1.0
740,JPN,Japan,1902,2.0,3,1.0
740,JPN,Japan,1903,2.0,3,1.0
740,JPN,Japan,1904,2.0,3,1.0
740,JPN,Japan,1905,2.0,3,1.0
740,JPN,Japan,1906,2.0,3,1.0
740,JPN,Japan,1907,2.0,3,1.0
740,JPN,Japan,1908,2.0,3,1.0
740,JPN,Japan,1909,2.0,3,1.0
740,JPN,Japan,1910,2.0,3,1.0
740,JPN,Japan,1911,2.0,3,1.0
740,JPN,Japan,1912,2.0,3,1.0
740,JPN,Japan,1913,2.0,3,1.0
740,JPN,Japan,1914,2.0,3,1.0
740,JPN,Japan,1915,2.0,3,1.0
740,JPN,Japan,1916,2.0,3,1.0
740,JPN,Japan,1917,2.0,3,1.0
740,JPN,Japan,1918,2.0,3,1.0
740,JPN,Japan,1919,2.0,3,1.0
740,JPN,Japan,1920,2.0,3,1.0
740,JPN,Japan,1921,2.0,3,1.0
740,JPN,Japan,1922,2.0,3,1.0
740,JPN,Japan,1923,2.0,3,1.0
740,JPN,Japan,1924,2.0,3,1.0
740,JPN,Japan,1925,2.0,3,1.0
740,JPN,Japan,1926,2.0,3,1.0
740,JPN,Japan,1927,2.0,3,1.0
740,JPN,Japan,1928,2.0,3,1.0
740,JPN,Japan,1929,2.0,3,1.0
740,JPN,Japan,1930,2.0,3,1.0
740,JPN,Japan,1931,2.0,3,1.0
740,JPN,Japan,1932,2.0,3,1.0
740,JPN,Japan,1933,2.0,3,1.0
740,JPN,Japan,1934,2.0,3,1.0
740,JPN,Japan,1935,2.0,3,1.0
740,JPN,Japan,1936,2.0,3,1.0
740,JPN,Japan,1937,2.0,3,1.0
740,JPN,Japan,1938,2.0,3,1.0
740,JPN,Japan,1939,2.0,3,1.0
740,JPN,Japan,1940,2.0,3,1.0
740,JPN,Japan,1941,2.0,3,1.0
740,JPN,Japan,1942,2.0,3,1.0
740,JPN,Japan,1943,2.0,3,1.0
740,JPN,Japan,1944,2.0,3,1.0
740,JPN,Japan,1945,-66.0,-66,
740,JPN,Japan,1946,-66.0,-66,
740,JPN,Japan,1947,-66.0,-66,
740,JPN,Japan,1948,-66.0,-66,
740,JPN,Japan,1949,-66.0,-66,
740,JPN,Japan,1950,-66.0,-66,
740,JPN,Japan,1951,-66.0,-66,
740,JPN,Japan,1952,8.0,5,10.0
740,JPN,Japan,1953,8.0,5,10.0
740,JPN,Japan,1954,8.0,5,10.0
740,JPN,Japan,1955,8.0,5,10.0
740,JPN,Japan,1956,8.0,5,10.0
740,JPN,Japan,1957,8.0,5,10.0
740,JPN,Japan,1958,8.0,5,10.0
740,JPN,Japan,1959,8.0,5,10.0
740,JPN,Japan,1960,8.0,5,10.0
740,JPN,Japan,1961,8.0,5,10.0
740,JPN,Japan,1962,8.0,5,10.0
740,JPN,Japan,1963,8.0,5,10.0
740,JPN,Japan,1964,8.0,5,10.0
740,JPN,Japan,1965,8.0,5,10.0
740,JPN,Japan,1966,8.0,5,10.0
740,JPN,Japan,1967,8.0,5,10.0
740,JPN,Japan,1968,8.0,5,10.0
740,JPN,Japan,1969,8.0,5,10.0
740,JPN,Japan,1970,8.0,5,10.0
740,JPN,Japan,1971,8.0,5,10.0
740,JPN,Japan,1972,8.0,5,10.0
740,JPN,Japan,1973,8.0,5,10.0
740,JPN,Japan,1974,8.0,5,10.0
740,JPN,Japan,1975,8.0,5,10.0
740,JPN,Japan,1976,8.0,5,10.0
740,JPN,Japan,1977,8.0,5,10.0
740,JPN,Japan,1978,8.0,5,10.0
740,JPN,Japan,1979,8.0,5,10.0
740,JPN,Japan,1980,8.0,5,10.0
740,JPN,Japan,1981,8.0,5,10.0
740,JPN,Japan,1982,8.0,5,10.0
740,JPN,Japan,1983,8.0,5,10.0
740,JPN,Japan,1984,8.0,5,10.0
740,JPN,Japan,1985,8.0,5,10.0
740,JPN,Japan,1986,8.0,5,10.0
740,JPN,Japan,1987,8.0,5,10.0
740,JPN,Japan,1988,8.0,5,10.0
740,JPN,Japan,1989,8.0,5,10.0
740,JPN,Japan,1990,8.0,5,10.0
740,JPN,Japan,1991,8.0,5,10.0
740,JPN,Japan,1992,8.0,5,10.0
740,JPN,Japan,1993,8.0,5,10.0
740,JPN,Japan,1994,8.0,5,10.0
740,JPN,Japan,1995,8.0,5,10.0
740,JPN,Japan,1996,8.0,5,10.0
740,JPN,Japan,1997,8.0,5,10.0
740,JPN,Japan,1998,8.0,5,10.0
740,JPN,Japan,1999,8.0,5,10.0
740,JPN,Japan,2000,8.0,5,10.0
740,JPN,Japan,2001,8.0,5,10.0
740,JPN,Japan,2002,8.0,5,10.0
740,JPN,Japan,2003,8.0,5,10.0
740,JPN,Japan,2004,8.0,5,10.0
740,JPN,Japan,2005,8.0,5,10.0
740,JPN,Japan,2006,8.0,5,10.0
740,JPN,Japan,2007,8.0,5,10.0
740,JPN,Japan,2008,8.0,5,10.0
740,JPN,Japan,2009,8.0,5,10.0
740,JPN,Japan,2010,8.0,5,10.0
740,JPN,Japan,2011,8.0,5,10.0
740,JPN,Japan,2012,8.0,5,10.0
740,JPN,Japan,2013,8.0,5,10.0
740,JPN,Japan,2014,8.0,5,10.0
740,JPN,Japan,2015,8.0,5,10.0
740,JPN,Japan,2016,8.0,5,10.0
740,JPN,Japan,2017,8.0,5,10.0
740,JPN,Japan,2018,8.0,5,10.0
501,KEN,Kenya,1963,7.0,3,5.0
501,KEN,Kenya,1964,5.0,2,-1.0
501,KEN,Kenya,1965,5.0,2,-1.0
501,KEN,Kenya,1966,5.0,2,-1.0
501,KEN,Kenya,1967,5.0,2,-1.0
501,KEN,Kenya,1968,5.0,2,-1.0
501,KEN,Kenya,1969,3.0,1,-7.0
501,KEN,Kenya,1970,3.0,1,-7.0
501,KEN,Kenya,1971,3.0,1,-7.0
501,KEN,Kenya,1972,3.0,1,-7.0
501,KEN,Kenya,1973,3.0,1,-7.0
501,KEN,Kenya,1974,3.0,1,-7.0
501,KEN,Kenya,1975,3.0,1,-7.0
501,KEN,Kenya,1976,3.0,1,-7.0
501,KEN,Kenya,1977,3.0,1,-7.0
501,KEN,Kenya,1978,3.0,1,-7.0
501,KEN,Kenya,1979,3.0,2,-6.0
501,KEN,Kenya,1980,3.0,2,-6.0
501,KEN,Kenya,1981,3.0,2,-6.0
501,KEN,Kenya,1982,3.0,1,-7.0
501,KEN,Kenya,1983,3.0,1,-7.0
501,KEN,Kenya,1984,3.0,1,-7.0
501,KEN,Kenya,1985,3.0,1,-7.0
501,KEN,Kenya,1986,3.0,1,-7.0
501,KEN,Kenya,1987,3.0,1,-7.0
501,KEN,Kenya,1988,3.0,1,-7.0
501,KEN,Kenya,1989,3.0,1,-7.0
501,KEN,Kenya,1990,3.0,1,-7.0
501,KEN,Kenya,1991,3.0,2,-5.0
501,KEN,Kenya,1992,3.0,2,-5.0
501,KEN,Kenya,1993,3.0,2,-5.0
501,KEN,Kenya,1994,3.0,2,-5.0
501,KEN,Kenya,1995,3.0,2,-5.0
501,KEN,Kenya,1996,3.0,2,-5.0
501,KEN,Kenya,1997,7.0,4,4.0
501,KEN,Kenya,1998,7.0,4,4.0
501,KEN,Kenya,1999,7.0,4,4.0
501,KEN,Kenya,2000,7.0,4,4.0
501,KEN,Kenya,2001,7.0,4,4.0
501,KEN,Kenya,2002,8.0,4,8.0
501,KEN,Kenya,2003,8.0,4,8.0
501,KEN,Kenya,2004,8.0,4,8.0
501,KEN,Kenya,2005,8.0,4,8.0
501,KEN,Kenya,2006,8.0,4,8.0
501,KEN,Kenya,2007,8.0,3,7.0
501,KEN,Kenya,2008,7.0,3,7.0
501,KEN,Kenya,2009,7.0,3,7.0
501,KEN,Kenya,2010,7.0,4,8.0
501,KEN,Kenya,2011,7.0,4,8.0
501,KEN,Kenya,2012,7.0,4,8.0
501,KEN,Kenya,2013,8.0,4,9.0
501,KEN,Kenya,2014,8.0,4,9.0
501,KEN,Kenya,2015,8.0,4,9.0
501,KEN,Kenya,2016,8.0,4,9.0
501,KEN,Kenya,2017,8.0,4,9.0
501,KEN,Kenya,2018,8.0,4,9.0
730,KOR,Korea,1800,1.0,3,1.0
730,KOR,Korea,1801,1.0,3,1.0
730,KOR,Korea,1802,1.0,3,1.0
730,KOR,Korea,1803,1.0,3,1.0
730,KOR,Korea,1804,1.0,3,1.0
730,KOR,Korea,1805,1.0,3,1.0
730,KOR,Korea,1806,1.0,3,1.0
730,KOR,Korea,1807,1.0,3,1.0
730,KOR,Korea,1808,1.0,3,1.0
730,KOR,Korea,1809,1.0,3,1.0
730,KOR,Korea,1810,1.0,3,1.0
730,KOR,Korea,1811,1.0,3,1.0
730,KOR,Korea,1812,1.0,3,1.0
730,KOR,Korea,1813,1.0,3,1.0
730,KOR,Korea,1814,1.0,3,1.0
730,KOR,Korea,1815,1.0,3,1.0
730,KOR,Korea,1816,1.0,3,1.0
730,KOR,Korea,1817,1.0,3,1.0
730,KOR,Korea,1818,1.0,3,1.0
730,KOR,Korea,1819,1.0,3,1.0
730,KOR,Korea,1820,1.0,3,1.0
730,KOR,Korea,1821,1.0,3,1.0
730,KOR,Korea,1822,1.0,3,1.0
730,KOR,Korea,1823,1.0,3,1.0
730,KOR,Korea,1824,1.0,3,1.0
730,KOR,Korea,1825,1.0,3,1.0
730,KOR,Korea,1826,1.0,3,1.0
730,KOR,Korea,1827,1.0,3,1.0
730,KOR,Korea,1828,1.0,3,1.0
730,KOR,Korea,1829,1.0,3,1.0
730,KOR,Korea,1830,1.0,3,1.0
730,KOR,Korea,1831,1.0,3,1.0
730,KOR,Korea,1832,1.0,3,1.0
730,KOR,Korea,1833,1.0,3,1.0
730,KOR,Korea,1834,1.0,3,1.0
730,KOR,Korea,1835,1.0,3,1.0
730,KOR,Korea,1836,1.0,3,1.0
730,KOR,Korea,1837,1.0,3,1.0
730,KOR,Korea,1838,1.0,3,1.0
730,KOR,Korea,1839,1.0,3,1.0
730,KOR,Korea,1840,1.0,3,1.0
730,KOR,Korea,1841,1.0,3,1.0
730,KOR,Korea,1842,1.0,3,1.0
730,KOR,Korea,1843,1.0,3,1.0
730,KOR,Korea,1844,1.0,3,1.0
730,KOR,Korea,1845,1.0,3,1.0
730,KOR,Korea,1846,1.0,3,1.0
730,KOR,Korea,1847,1.0,3,1.0
730,KOR,Korea,1848,1.0,3,1.0
730,KOR,Korea,1849,1.0,3,1.0
730,KOR,Korea,1850,1.0,3,1.0
730,KOR,Korea,1851,1.0,3,1.0
730,KOR,Korea,1852,1.0,3,1.0
730,KOR,Korea,1853,1.0,3,1.0
730,KOR,Korea,1854,1.0,3,1.0
730,KOR,Korea,1855,1.0,3,1.0
730,KOR,Korea,1856,1.0,3,1.0
730,KOR,Korea,1857,1.0,3,1.0
730,KOR,Korea,1858,1.0,3,1.0
730,KOR,Korea,1859,1.0,3,1.0
730,KOR,Korea,1860,1.0,3,1.0
730,KOR,Korea,1861,1.0,3,1.0
730,KOR,Korea,1862,1.0,3,1.0
730,KOR,Korea,1863,1.0,3,1.0
730,KOR,Korea,1864,1.0,3,1.0
730,KOR,Korea,1865,1.0,3,1.0
730,KOR,Korea,1866,1.0,3,1.0
730,KOR,Korea,1867,1.0,3,1.0
730,KOR,Korea,1868,1.0,3,1.0
730,KOR,Korea,1869,1.0,3,1.0
730,KOR,Korea,1870,1.0,3,1.0
730,KOR,Korea,1871,1.0,3,1.0
730,KOR,Korea,1872,1.0,3,1.0
730,KOR,Korea,1873,1.0,3,1.0
730,KOR,Korea,1874,1.0,3,1.0
730,KOR,Korea,1875,1.0,3,1.0
730,KOR,Korea,1876,1.0,3,1.0
730,KOR,Korea,1877,1.0,3,1.0
730,KOR,Korea,1878,1.0,3,1.0
730,KOR,Korea,1879,1.0,3,1.0
730,KOR,Korea,1880,1.0,3,1.0
730,KOR,Korea,1881,1.0,3,1.0
730,KOR,Korea,1882,1.0,3,1.0
730,KOR,Korea,1883,1.0,3,1.0
730,KOR,Korea,1884,1.0,3,1.0
730,KOR,Korea,1885,1.0,3,1.0
730,KOR,Korea,1886,1.0,3,1.0
730,KOR,Korea,1887,1.0,3,1.0
730,KOR,Korea,1888,1.0,3,1.0
730,KOR,Korea,1889,1.0,3,1.0
730,KOR,Korea,1890,1.0,3,1.0
730,KOR,Korea,1891,1.0,3,1.0
730,KOR,Korea,1892,1.0,3,1.0
730,KOR,Korea,1893,1.0,3,1.0
730,KOR,Korea,1894,1.0,3,1.0
730,KOR,Korea,1895,1.0,3,1.0
730,KOR,Korea,1896,1.0,3,1.0
730,KOR,Korea,1897,1.0,3,1.0
730,KOR,Korea,1898,1.0,3,1.0
730,KOR,Korea,1899,1.0,3,1.0
730,KOR,Korea,1900,1.0,3,1.0
730,KOR,Korea,1901,1.0,3,1.0
730,KOR,Korea,1902,1.0,3,1.0
730,KOR,Korea,1903,1.0,3,1.0
730,KOR,Korea,1904,1.0,3,1.0
730,KOR,Korea,1905,1.0,3,1.0
730,KOR,Korea,1906,1.0,3,1.0
730,KOR,Korea,1907,1.0,3,1.0
730,KOR,Korea,1908,1.0,3,1.0
730,KOR,Korea,1909,1.0,3,1.0
730,KOR,Korea,1910,1.0,3,1.0
341,KOS,Kosovo,2008,7.0,4,8.0
341,KOS,Kosovo,2009,7.0,4,8.0
341,KOS,Kosovo,2010,7.0,4,8.0
341,KOS,Kosovo,2011,7.0,4,8.0
341,KOS,Kosovo,2012,7.0,4,8.0
341,KOS,Kosovo,2013,7.0,4,8.0
341,KOS,Kosovo,2014,7.0,4,8.0
341,KOS,Kosovo,2015,7.0,4,8.0
341,KOS,Kosovo,2016,7.0,4,8.0
341,KOS,Kosovo,2017,7.0,4,8.0
341,KOS,Kosovo,2018,7.0,4,8.0
690,KUW,Kuwait,1963,2.0,1,-8.0
690,KUW,Kuwait,1964,2.0,1,-8.0
690,KUW,Kuwait,1965,2.0,1,-9.0
690,KUW,Kuwait,1966,2.0,1,-9.0
690,KUW,Kuwait,1967,2.0,1,-9.0
690,KUW,Kuwait,1968,2.0,1,-9.0
690,KUW,Kuwait,1969,2.0,1,-9.0
690,KUW,Kuwait,1970,2.0,1,-9.0
690,KUW,Kuwait,1971,2.0,1,-8.0
690,KUW,Kuwait,1972,2.0,1,-8.0
690,KUW,Kuwait,1973,2.0,1,-8.0
690,KUW,Kuwait,1974,2.0,1,-8.0
690,KUW,Kuwait,1975,2.0,1,-8.0
690,KUW,Kuwait,1976,2.0,1,-10.0
690,KUW,Kuwait,1977,2.0,1,-10.0
690,KUW,Kuwait,1978,2.0,1,-10.0
690,KUW,Kuwait,1979,2.0,1,-10.0
690,KUW,Kuwait,1980,2.0,1,-10.0
690,KUW,Kuwait,1981,2.0,1,-8.0
690,KUW,Kuwait,1982,2.0,1,-8.0
690,KUW,Kuwait,1983,2.0,1,-8.0
690,KUW,Kuwait,1984,2.0,1,-8.0
690,KUW,Kuwait,1985,2.0,1,-8.0
690,KUW,Kuwait,1986,2.0,1,-10.0
690,KUW,Kuwait,1987,2.0,1,-10.0
690,KUW,Kuwait,1988,2.0,1,-10.0
690,KUW,Kuwait,1989,2.0,1,-10.0
690,KUW,Kuwait,1990,-66.0,-66,
690,KUW,Kuwait,1991,2.0,2,-9.0
690,KUW,Kuwait,1992,2.0,2,-7.0
690,KUW,Kuwait,1993,2.0,2,-7.0
690,KUW,Kuwait,1994,2.0,2,-7.0
690,KUW,Kuwait,1995,2.0,2,-7.0
690,KUW,Kuwait,1996,2.0,2,-7.0
690,KUW,Kuwait,1997,2.0,2,-7.0
690,KUW,Kuwait,1998,2.0,2,-7.0
690,KUW,Kuwait,1999,2.0,2,-7.0
690,KUW,Kuwait,2000,2.0,2,-7.0
690,KUW,Kuwait,2001,2.0,2,-7.0
690,KUW,Kuwait,2002,2.0,2,-7.0
690,KUW,Kuwait,2003,2.0,2,-7.0
690,KUW,Kuwait,2004,2.0,2,-7.0
690,KUW,Kuwait,2005,2.0,2,-7.0
690,KUW,Kuwait,2006,2.0,2,-7.0
690,KUW,Kuwait,2007,2.0,2,-7.0
690,KUW,Kuwait,2008,2.0,2,-7.0
690,KUW,Kuwait,2009,2.0,2,-7.0
690,KUW,Kuwait,2010,2.0,2,-7.0
690,KUW,Kuwait,2011,2.0,2,-7.0
690,KUW,Kuwait,2012,2.0,2,-7.0
690,KUW,Kuwait,2013,2.0,2,-7.0
690,KUW,Kuwait,2014,2.0,2,-7.0
690,KUW,Kuwait,2015,2.0,2,-7.0
690,KUW,Kuwait,2016,2.0,2,-7.0
690,KUW,Kuwait,2017,2.0,2,-7.0
690,KUW,Kuwait,2018,2.0,2,-7.0
703,KYR,Kyrgyzstan,1991,3.0,2,-3.0
703,KYR,Kyrgyzstan,1992,3.0,2,-3.0
703,KYR,Kyrgyzstan,1993,3.0,2,-3.0
703,KYR,Kyrgyzstan,1994,3.0,2,-3.0
703,KYR,Kyrgyzstan,1995,3.0,2,-3.0
703,KYR,Kyrgyzstan,1996,3.0,2,-3.0
703,KYR,Kyrgyzstan,1997,3.0,2,-3.0
703,KYR,Kyrgyzstan,1998,3.0,2,-3.0
703,KYR,Kyrgyzstan,1999,3.0,2,-3.0
703,KYR,Kyrgyzstan,2000,3.0,2,-3.0
703,KYR,Kyrgyzstan,2001,3.0,2,-3.0
703,KYR,Kyrgyzstan,2002,3.0,2,-3.0
703,KYR,Kyrgyzstan,2003,3.0,2,-3.0
703,KYR,Kyrgyzstan,2004,3.0,2,-3.0
703,KYR,Kyrgyzstan,2005,7.0,0,3.0
703,KYR,Kyrgyzstan,2006,7.0,0,4.0
703,KYR,Kyrgyzstan,2007,7.0,0,3.0
703,KYR,Kyrgyzstan,2008,7.0,0,3.0
703,KYR,Kyrgyzstan,2009,7.0,0,1.0
703,KYR,Kyrgyzstan,2010,-88.0,-88,4.0
703,KYR,Kyrgyzstan,2011,7.0,3,7.0
703,KYR,Kyrgyzstan,2012,7.0,3,7.0
703,KYR,Kyrgyzstan,2013,7.0,3,7.0
703,KYR,Kyrgyzstan,2014,7.0,3,7.0
703,KYR,Kyrgyzstan,2015,7.0,3,7.0
703,KYR,Kyrgyzstan,2016,7.0,3,7.0
703,KYR,Kyrgyzstan,2017,8.0,3,8.0
703,KYR,Kyrgyzstan,2018,8.0,3,8.0
705,KZK,Kazakhstan,1991,3.0,3,-3.0
705,KZK,Kazakhstan,1992,3.0,3,-3.0
705,KZK,Kazakhstan,1993,3.0,3,-3.0
705,KZK,Kazakhstan,1994,3.0,3,-3.0
705,KZK,Kazakhstan,1995,4.0,2,-6.0
705,KZK,Kazakhstan,1996,4.0,2,-6.0
705,KZK,Kazakhstan,1997,4.0,2,-6.0
705,KZK,Kazakhstan,1998,4.0,2,-6.0
705,KZK,Kazakhstan,1999,4.0,2,-6.0
705,KZK,Kazakhstan,2000,4.0,2,-6.0
705,KZK,Kazakhstan,2001,4.0,2,-6.0
705,KZK,Kazakhstan,2002,4.0,2,-6.0
705,KZK,Kazakhstan,2003,4.0,2,-6.0
705,KZK,Kazakhstan,2004,4.0,2,-6.0
705,KZK,Kazakhstan,2005,3.0,2,-6.0
705,KZK,Kazakhstan,2006,3.0,2,-6.0
705,KZK,Kazakhstan,2007,3.0,2,-6.0
705,KZK,Kazakhstan,2008,3.0,2,-6.0
705,KZK,Kazakhstan,2009,3.0,2,-6.0
705,KZK,Kazakhstan,2010,3.0,2,-6.0
705,KZK,Kazakhstan,2011,3.0,2,-6.0
705,KZK,Kazakhstan,2012,3.0,2,-6.0
705,KZK,Kazakhstan,2013,3.0,2,-6.0
705,KZK,Kazakhstan,2014,3.0,2,-6.0
705,KZK,Kazakhstan,2015,3.0,2,-6.0
705,KZK,Kazakhstan,2016,3.0,2,-6.0
705,KZK,Kazakhstan,2017,3.0,2,-6.0
705,KZK,Kazakhstan,2018,3.0,2,-6.0
812,LAO,Laos,1953,6.0,0,4.0
812,LAO,Laos,1954,6.0,0,4.0
812,LAO,Laos,1955,6.0,0,4.0
812,LAO,Laos,1956,6.0,0,4.0
812,LAO,Laos,1957,6.0,0,4.0
812,LAO,Laos,1958,6.0,4,5.0
812,LAO,Laos,1959,2.0,3,-4.0
812,LAO,Laos,1960,2.0,3,-4.0
812,LAO,Laos,1961,-77.0,-77,0.0
812,LAO,Laos,1962,-77.0,-77,0.0
812,LAO,Laos,1963,-77.0,-77,0.0
812,LAO,Laos,1964,-77.0,-77,0.0
812,LAO,Laos,1965,-77.0,-77,0.0
812,LAO,Laos,1966,-77.0,-77,0.0
812,LAO,Laos,1967,-77.0,-77,0.0
812,LAO,Laos,1968,-77.0,-77,0.0
812,LAO,Laos,1969,-77.0,-77,0.0
812,LAO,Laos,1970,-77.0,-77,0.0
812,LAO,Laos,1971,-77.0,-77,0.0
812,LAO,Laos,1972,-77.0,-77,0.0
812,LAO,Laos,1973,-77.0,-77,0.0
812,LAO,Laos,1974,-88.0,-88,-3.0
812,LAO,Laos,1975,3.0,1,-7.0
812,LAO,Laos,1976,3.0,1,-7.0
812,LAO,Laos,1977,3.0,1,-7.0
812,LAO,Laos,1978,3.0,1,-7.0
812,LAO,Laos,1979,3.0,1,-7.0
812,LAO,Laos,1980,3.0,1,-7.0
812,LAO,Laos,1981,3.0,1,-7.0
812,LAO,Laos,1982,3.0,1,-7.0
812,LAO,Laos,1983,3.0,1,-7.0
812,LAO,Laos,1984,3.0,1,-7.0
812,LAO,Laos,1985,3.0,1,-7.0
812,LAO,Laos,1986,3.0,1,-7.0
812,LAO,Laos,1987,3.0,1,-7.0
812,LAO,Laos,1988,3.0,1,-7.0
812,LAO,Laos,1989,3.0,1,-7.0
812,LAO,Laos,1990,3.0,1,-7.0
812,LAO,Laos,1991,3.0,1,-7.0
812,LAO,Laos,1992,3.0,1,-7.0
812,LAO,Laos,1993,3.0,1,-7.0
812,LAO,Laos,1994,3.0,1,-7.0
812,LAO,Laos,1995,3.0,1,-7.0
812,LAO,Laos,1996,3.0,1,-7.0
812,LAO,Laos,1997,3.0,1,-7.0
812,LAO,Laos,1998,3.0,1,-7.0
812,LAO,Laos,1999,3.0,1,-7.0
812,LAO,Laos,2000,3.0,1,-7.0
812,LAO,Laos,2001,3.0,1,-7.0
812,LAO,Laos,2002,3.0,1,-7.0
812,LAO,Laos,2003,3.0,1,-7.0
812,LAO,Laos,2004,3.0,1,-7.0
812,LAO,Laos,2005,3.0,1,-7.0
812,LAO,Laos,2006,3.0,1,-7.0
812,LAO,Laos,2007,3.0,1,-7.0
812,LAO,Laos,2008,3.0,1,-7.0
812,LAO,Laos,2009,3.0,1,-7.0
812,LAO,Laos,2010,3.0,1,-7.0
812,LAO,Laos,2011,3.0,1,-7.0
812,LAO,Laos,2012,3.0,1,-7.0
812,LAO,Laos,2013,3.0,1,-7.0
812,LAO,Laos,2014,3.0,1,-7.0
812,LAO,Laos,2015,3.0,1,-7.0
812,LAO,Laos,2016,3.0,1,-7.0
812,LAO,Laos,2017,3.0,1,-7.0
812,LAO,Laos,2018,3.0,1,-7.0
367,LAT,Latvia,1920,8.0,0,7.0
367,LAT,Latvia,1921,8.0,0,7.0
367,LAT,Latvia,1922,8.0,0,7.0
367,LAT,Latvia,1923,8.0,0,7.0
367,LAT,Latvia,1924,8.0,0,7.0
367,LAT,Latvia,1925,8.0,0,7.0
367,LAT,Latvia,1926,8.0,0,7.0
367,LAT,Latvia,1927,8.0,0,7.0
367,LAT,Latvia,1928,8.0,0,7.0
367,LAT,Latvia,1929,8.0,3,7.0
367,LAT,Latvia,1930,8.0,3,7.0
367,LAT,Latvia,1931,8.0,3,7.0
367,LAT,Latvia,1932,8.0,3,7.0
367,LAT,Latvia,1933,8.0,3,7.0
367,LAT,Latvia,1934,3.0,1,-9.0
367,LAT,Latvia,1935,3.0,1,-9.0
367,LAT,Latvia,1936,3.0,1,-9.0
367,LAT,Latvia,1937,3.0,1,-9.0
367,LAT,Latvia,1938,3.0,1,-9.0
367,LAT,Latvia,1939,3.0,1,-9.0
367,LAT,Latvia,1940,3.0,1,-9.0
367,LAT,Latvia,1991,7.0,4,8.0
367,LAT,Latvia,1992,7.0,4,8.0
367,LAT,Latvia,1993,7.0,4,8.0
367,LAT,Latvia,1994,7.0,4,8.0
367,LAT,Latvia,1995,7.0,4,8.0
367,LAT,Latvia,1996,7.0,4,8.0
367,LAT,Latvia,1997,7.0,4,8.0
367,LAT,Latvia,1998,7.0,4,8.0
367,LAT,Latvia,1999,7.0,4,8.0
367,LAT,Latvia,2000,7.0,4,8.0
367,LAT,Latvia,2001,7.0,4,8.0
367,LAT,Latvia,2002,7.0,4,8.0
367,LAT,Latvia,2003,7.0,4,8.0
367,LAT,Latvia,2004,7.0,4,8.0
367,LAT,Latvia,2005,7.0,4,8.0
367,LAT,Latvia,2006,7.0,4,8.0
367,LAT,Latvia,2007,7.0,4,8.0
367,LAT,Latvia,2008,7.0,4,8.0
367,LAT,Latvia,2009,7.0,4,8.0
367,LAT,Latvia,2010,7.0,4,8.0
367,LAT,Latvia,2011,7.0,4,8.0
367,LAT,Latvia,2012,7.0,4,8.0
367,LAT,Latvia,2013,7.0,4,8.0
367,LAT,Latvia,2014,7.0,4,8.0
367,LAT,Latvia,2015,7.0,4,8.0
367,LAT,Latvia,2016,7.0,4,8.0
367,LAT,Latvia,2017,7.0,4,8.0
367,LAT,Latvia,2018,7.0,4,8.0
450,LBR,Liberia,1847,8.0,2,4.0
450,LBR,Liberia,1848,8.0,2,4.0
450,LBR,Liberia,1849,8.0,2,4.0
450,LBR,Liberia,1850,8.0,2,4.0
450,LBR,Liberia,1851,8.0,2,4.0
450,LBR,Liberia,1852,8.0,2,4.0
450,LBR,Liberia,1853,8.0,2,4.0
450,LBR,Liberia,1854,8.0,2,4.0
450,LBR,Liberia,1855,8.0,2,4.0
450,LBR,Liberia,1856,8.0,2,4.0
450,LBR,Liberia,1857,8.0,2,4.0
450,LBR,Liberia,1858,8.0,2,4.0
450,LBR,Liberia,1859,8.0,2,4.0
450,LBR,Liberia,1860,8.0,2,4.0
450,LBR,Liberia,1861,8.0,2,4.0
450,LBR,Liberia,1862,8.0,2,4.0
450,LBR,Liberia,1863,8.0,2,4.0
450,LBR,Liberia,1864,8.0,2,4.0
450,LBR,Liberia,1865,8.0,2,4.0
450,LBR,Liberia,1866,8.0,2,4.0
450,LBR,Liberia,1867,8.0,2,4.0
450,LBR,Liberia,1868,8.0,2,4.0
450,LBR,Liberia,1869,8.0,2,4.0
450,LBR,Liberia,1870,8.0,2,4.0
450,LBR,Liberia,1871,8.0,2,4.0
450,LBR,Liberia,1872,8.0,2,4.0
450,LBR,Liberia,1873,8.0,2,4.0
450,LBR,Liberia,1874,8.0,2,4.0
450,LBR,Liberia,1875,8.0,2,4.0
450,LBR,Liberia,1876,8.0,2,4.0
450,LBR,Liberia,1877,8.0,2,4.0
450,LBR,Liberia,1878,8.0,2,4.0
450,LBR,Liberia,1879,8.0,2,4.0
450,LBR,Liberia,1880,8.0,2,4.0
450,LBR,Liberia,1881,8.0,2,4.0
450,LBR,Liberia,1882,8.0,2,4.0
450,LBR,Liberia,1883,8.0,2,4.0
450,LBR,Liberia,1884,3.0,2,-3.0
450,LBR,Liberia,1885,3.0,2,-3.0
450,LBR,Liberia,1886,3.0,2,-3.0
450,LBR,Liberia,1887,3.0,2,-3.0
450,LBR,Liberia,1888,3.0,2,-3.0
450,LBR,Liberia,1889,3.0,2,-3.0
450,LBR,Liberia,1890,3.0,2,-4.0
450,LBR,Liberia,1891,3.0,2,-4.0
450,LBR,Liberia,1892,3.0,2,-4.0
450,LBR,Liberia,1893,3.0,2,-4.0
450,LBR,Liberia,1894,3.0,2,-4.0
450,LBR,Liberia,1895,3.0,2,-4.0
450,LBR,Liberia,1896,3.0,2,-4.0
450,LBR,Liberia,1897,3.0,2,-4.0
450,LBR,Liberia,1898,3.0,2,-4.0
450,LBR,Liberia,1899,3.0,2,-4.0
450,LBR,Liberia,1900,3.0,2,-4.0
450,LBR,Liberia,1901,3.0,2,-4.0
450,LBR,Liberia,1902,3.0,2,-4.0
450,LBR,Liberia,1903,3.0,2,-4.0
450,LBR,Liberia,1904,3.0,2,-4.0
450,LBR,Liberia,1905,3.0,2,-4.0
450,LBR,Liberia,1906,3.0,2,-4.0
450,LBR,Liberia,1907,3.0,2,-4.0
450,LBR,Liberia,1908,3.0,2,-4.0
450,LBR,Liberia,1909,3.0,2,-6.0
450,LBR,Liberia,1910,3.0,2,-6.0
450,LBR,Liberia,1911,3.0,2,-6.0
450,LBR,Liberia,1912,3.0,2,-6.0
450,LBR,Liberia,1913,3.0,2,-6.0
450,LBR,Liberia,1914,3.0,2,-6.0
450,LBR,Liberia,1915,3.0,2,-6.0
450,LBR,Liberia,1916,3.0,2,-6.0
450,LBR,Liberia,1917,3.0,2,-6.0
450,LBR,Liberia,1918,3.0,2,-6.0
450,LBR,Liberia,1919,3.0,2,-6.0
450,LBR,Liberia,1920,3.0,2,-6.0
450,LBR,Liberia,1921,3.0,2,-6.0
450,LBR,Liberia,1922,3.0,2,-6.0
450,LBR,Liberia,1923,3.0,2,-6.0
450,LBR,Liberia,1924,3.0,2,-6.0
450,LBR,Liberia,1925,3.0,2,-6.0
450,LBR,Liberia,1926,3.0,2,-6.0
450,LBR,Liberia,1927,3.0,2,-6.0
450,LBR,Liberia,1928,3.0,2,-6.0
450,LBR,Liberia,1929,3.0,2,-6.0
450,LBR,Liberia,1930,3.0,2,-6.0
450,LBR,Liberia,1931,3.0,2,-6.0
450,LBR,Liberia,1932,3.0,2,-6.0
450,LBR,Liberia,1933,3.0,2,-6.0
450,LBR,Liberia,1934,3.0,2,-6.0
450,LBR,Liberia,1935,3.0,2,-6.0
450,LBR,Liberia,1936,3.0,2,-6.0
450,LBR,Liberia,1937,3.0,2,-6.0
450,LBR,Liberia,1938,3.0,2,-6.0
450,LBR,Liberia,1939,3.0,2,-6.0
450,LBR,Liberia,1940,3.0,2,-6.0
450,LBR,Liberia,1941,3.0,2,-6.0
450,LBR,Liberia,1942,3.0,2,-6.0
450,LBR,Liberia,1943,3.0,2,-6.0
450,LBR,Liberia,1944,3.0,2,-6.0
450,LBR,Liberia,1945,3.0,2,-6.0
450,LBR,Liberia,1946,3.0,2,-6.0
450,LBR,Liberia,1947,3.0,2,-6.0
450,LBR,Liberia,1948,3.0,2,-6.0
450,LBR,Liberia,1949,3.0,2,-6.0
450,LBR,Liberia,1950,3.0,2,-6.0
450,LBR,Liberia,1951,3.0,2,-6.0
450,LBR,Liberia,1952,3.0,2,-6.0
450,LBR,Liberia,1953,3.0,2,-6.0
450,LBR,Liberia,1954,3.0,2,-6.0
450,LBR,Liberia,1955,3.0,2,-6.0
450,LBR,Liberia,1956,3.0,2,-6.0
450,LBR,Liberia,1957,3.0,2,-6.0
450,LBR,Liberia,1958,3.0,2,-6.0
450,LBR,Liberia,1959,3.0,2,-6.0
450,LBR,Liberia,1960,3.0,2,-6.0
450,LBR,Liberia,1961,3.0,2,-6.0
450,LBR,Liberia,1962,3.0,2,-6.0
450,LBR,Liberia,1963,3.0,2,-6.0
450,LBR,Liberia,1964,3.0,2,-6.0
450,LBR,Liberia,1965,3.0,2,-6.0
450,LBR,Liberia,1966,3.0,2,-6.0
450,LBR,Liberia,1967,3.0,2,-6.0
450,LBR,Liberia,1968,3.0,2,-6.0
450,LBR,Liberia,1969,3.0,2,-6.0
450,LBR,Liberia,1970,3.0,2,-6.0
450,LBR,Liberia,1971,3.0,2,-6.0
450,LBR,Liberia,1972,3.0,2,-6.0
450,LBR,Liberia,1973,3.0,2,-6.0
450,LBR,Liberia,1974,3.0,2,-6.0
450,LBR,Liberia,1975,3.0,2,-6.0
450,LBR,Liberia,1976,3.0,2,-6.0
450,LBR,Liberia,1977,3.0,2,-6.0
450,LBR,Liberia,1978,3.0,2,-6.0
450,LBR,Liberia,1979,3.0,2,-6.0
450,LBR,Liberia,1980,4.0,1,-7.0
450,LBR,Liberia,1981,4.0,1,-7.0
450,LBR,Liberia,1982,4.0,1,-7.0
450,LBR,Liberia,1983,4.0,1,-7.0
450,LBR,Liberia,1984,4.0,2,-6.0
450,LBR,Liberia,1985,4.0,2,-6.0
450,LBR,Liberia,1986,5.0,2,-6.0
450,LBR,Liberia,1987,5.0,2,-6.0
450,LBR,Liberia,1988,5.0,2,-6.0
450,LBR,Liberia,1989,5.0,2,-6.0
450,LBR,Liberia,1990,-77.0,-77,0.0
450,LBR,Liberia,1991,-77.0,-77,0.0
450,LBR,Liberia,1992,-77.0,-77,0.0
450,LBR,Liberia,1993,-77.0,-77,0.0
450,LBR,Liberia,1994,-77.0,-77,0.0
450,LBR,Liberia,1995,-77.0,-77,0.0
450,LBR,Liberia,1996,-88.0,-88,0.0
450,LBR,Liberia,1997,7.0,3,0.0
450,LBR,Liberia,1998,7.0,3,0.0
450,LBR,Liberia,1999,7.0,3,0.0
450,LBR,Liberia,2000,7.0,3,0.0
450,LBR,Liberia,2001,7.0,3,0.0
450,LBR,Liberia,2002,7.0,3,0.0
450,LBR,Liberia,2003,-88.0,-88,1.0
450,LBR,Liberia,2004,-88.0,-88,3.0
450,LBR,Liberia,2005,-88.0,-88,5.0
450,LBR,Liberia,2006,7.0,4,6.0
450,LBR,Liberia,2007,7.0,4,6.0
450,LBR,Liberia,2008,7.0,4,6.0
450,LBR,Liberia,2009,7.0,4,6.0
450,LBR,Liberia,2010,7.0,4,6.0
450,LBR,Liberia,2011,7.0,4,6.0
450,LBR,Liberia,2012,7.0,4,6.0
450,LBR,Liberia,2013,7.0,4,6.0
450,LBR,Liberia,2014,7.0,4,6.0
450,LBR,Liberia,2015,7.0,4,6.0
450,LBR,Liberia,2016,7.0,4,6.0
450,LBR,Liberia,2017,7.0,4,6.0
450,LBR,Liberia,2018,8.0,4,7.0
660,LEB,Lebanon,1943,7.0,3,1.0
660,LEB,Lebanon,1944,7.0,3,1.0
660,LEB,Lebanon,1945,7.0,3,1.0
660,LEB,Lebanon,1946,7.0,3,1.0
660,LEB,Lebanon,1947,7.0,3,1.0
660,LEB,Lebanon,1948,7.0,3,1.0
660,LEB,Lebanon,1949,7.0,3,1.0
660,LEB,Lebanon,1950,7.0,3,1.0
660,LEB,Lebanon,1951,7.0,3,1.0
660,LEB,Lebanon,1952,7.0,3,1.0
660,LEB,Lebanon,1953,7.0,3,1.0
660,LEB,Lebanon,1954,7.0,3,1.0
660,LEB,Lebanon,1955,7.0,3,1.0
660,LEB,Lebanon,1956,7.0,3,1.0
660,LEB,Lebanon,1957,7.0,3,1.0
660,LEB,Lebanon,1958,7.0,3,1.0
660,LEB,Lebanon,1959,7.0,3,1.0
660,LEB,Lebanon,1960,7.0,3,1.0
660,LEB,Lebanon,1961,7.0,3,1.0
660,LEB,Lebanon,1962,7.0,3,1.0
660,LEB,Lebanon,1963,7.0,3,1.0
660,LEB,Lebanon,1964,7.0,3,1.0
660,LEB,Lebanon,1965,7.0,3,1.0
660,LEB,Lebanon,1966,7.0,3,1.0
660,LEB,Lebanon,1967,7.0,3,1.0
660,LEB,Lebanon,1968,7.0,3,1.0
660,LEB,Lebanon,1969,7.0,3,1.0
660,LEB,Lebanon,1970,7.0,3,3.0
660,LEB,Lebanon,1971,7.0,3,3.0
660,LEB,Lebanon,1972,7.0,3,3.0
660,LEB,Lebanon,1973,7.0,3,3.0
660,LEB,Lebanon,1974,7.0,3,3.0
660,LEB,Lebanon,1975,-77.0,-77,0.0
660,LEB,Lebanon,1976,-77.0,-77,0.0
660,LEB,Lebanon,1977,-77.0,-77,0.0
660,LEB,Lebanon,1978,-77.0,-77,0.0
660,LEB,Lebanon,1979,-77.0,-77,0.0
660,LEB,Lebanon,1980,-77.0,-77,0.0
660,LEB,Lebanon,1981,-77.0,-77,0.0
660,LEB,Lebanon,1982,-77.0,-77,0.0
660,LEB,Lebanon,1983,-77.0,-77,0.0
660,LEB,Lebanon,1984,-77.0,-77,0.0
660,LEB,Lebanon,1985,-77.0,-77,0.0
660,LEB,Lebanon,1986,-77.0,-77,0.0
660,LEB,Lebanon,1987,-77.0,-77,0.0
660,LEB,Lebanon,1988,-77.0,-77,0.0
660,LEB,Lebanon,1989,-77.0,-77,0.0
660,LEB,Lebanon,1990,-66.0,-66,
660,LEB,Lebanon,1991,-66.0,-66,
660,LEB,Lebanon,1992,-66.0,-66,
660,LEB,Lebanon,1993,-66.0,-66,
660,LEB,Lebanon,1994,-66.0,-66,
660,LEB,Lebanon,1995,-66.0,-66,
660,LEB,Lebanon,1996,-66.0,-66,
660,LEB,Lebanon,1997,-66.0,-66,
660,LEB,Lebanon,1998,-66.0,-66,
660,LEB,Lebanon,1999,-66.0,-66,
660,LEB,Lebanon,2000,-66.0,-66,
660,LEB,Lebanon,2001,-66.0,-66,
660,LEB,Lebanon,2002,-66.0,-66,
660,LEB,Lebanon,2003,-66.0,-66,
660,LEB,Lebanon,2004,-66.0,-66,
660,LEB,Lebanon,2005,7.0,3,6.0
660,LEB,Lebanon,2006,7.0,3,6.0
660,LEB,Lebanon,2007,7.0,3,6.0
660,LEB,Lebanon,2008,7.0,3,6.0
660,LEB,Lebanon,2009,7.0,3,6.0
660,LEB,Lebanon,2010,7.0,3,6.0
660,LEB,Lebanon,2011,7.0,3,6.0
660,LEB,Lebanon,2012,7.0,3,6.0
660,LEB,Lebanon,2013,7.0,3,6.0
660,LEB,Lebanon,2014,7.0,3,6.0
660,LEB,Lebanon,2015,7.0,3,6.0
660,LEB,Lebanon,2016,7.0,3,6.0
660,LEB,Lebanon,2017,7.0,3,6.0
660,LEB,Lebanon,2018,7.0,3,6.0
570,LES,Lesotho,1966,7.0,3,5.0
570,LES,Lesotho,1967,7.0,3,5.0
570,LES,Lesotho,1968,7.0,3,5.0
570,LES,Lesotho,1969,7.0,3,5.0
570,LES,Lesotho,1970,4.0,2,-5.0
570,LES,Lesotho,1971,4.0,2,-5.0
570,LES,Lesotho,1972,4.0,2,-5.0
570,LES,Lesotho,1973,3.0,2,-7.0
570,LES,Lesotho,1974,3.0,2,-7.0
570,LES,Lesotho,1975,3.0,2,-7.0
570,LES,Lesotho,1976,3.0,2,-7.0
570,LES,Lesotho,1977,3.0,2,-7.0
570,LES,Lesotho,1978,3.0,2,-7.0
570,LES,Lesotho,1979,3.0,2,-7.0
570,LES,Lesotho,1980,3.0,2,-7.0
570,LES,Lesotho,1981,3.0,2,-7.0
570,LES,Lesotho,1982,3.0,2,-7.0
570,LES,Lesotho,1983,3.0,2,-7.0
570,LES,Lesotho,1984,3.0,2,-7.0
570,LES,Lesotho,1985,3.0,2,-7.0
570,LES,Lesotho,1986,2.0,1,-10.0
570,LES,Lesotho,1987,2.0,1,-10.0
570,LES,Lesotho,1988,2.0,1,-10.0
570,LES,Lesotho,1989,2.0,1,-10.0
570,LES,Lesotho,1990,5.0,1,-7.0
570,LES,Lesotho,1991,5.0,2,-4.0
570,LES,Lesotho,1992,5.0,2,-4.0
570,LES,Lesotho,1993,7.0,3,5.0
570,LES,Lesotho,1994,7.0,3,5.0
570,LES,Lesotho,1995,7.0,3,5.0
570,LES,Lesotho,1996,7.0,3,5.0
570,LES,Lesotho,1997,7.0,3,5.0
570,LES,Lesotho,1998,7.0,4,6.0
570,LES,Lesotho,1999,7.0,4,6.0
570,LES,Lesotho,2000,7.0,4,6.0
570,LES,Lesotho,2001,7.0,4,6.0
570,LES,Lesotho,2002,8.0,4,8.0
570,LES,Lesotho,2003,8.0,4,8.0
570,LES,Lesotho,2004,8.0,4,8.0
570,LES,Lesotho,2005,8.0,3,8.0
570,LES,Lesotho,2006,8.0,3,8.0
570,LES,Lesotho,2007,8.0,3,8.0
570,LES,Lesotho,2008,8.0,3,8.0
570,LES,Lesotho,2009,8.0,3,8.0
570,LES,Lesotho,2010,8.0,3,8.0
570,LES,Lesotho,2011,8.0,3,8.0
570,LES,Lesotho,2012,8.0,4,8.0
570,LES,Lesotho,2013,8.0,4,8.0
570,LES,Lesotho,2014,8.0,4,8.0
570,LES,Lesotho,2015,8.0,4,8.0
570,LES,Lesotho,2016,8.0,4,8.0
570,LES,Lesotho,2017,8.0,4,8.0
570,LES,Lesotho,2018,8.0,4,8.0
620,LIB,Libya,1951,2.0,2,-7.0
620,LIB,Libya,1952,2.0,2,-7.0
620,LIB,Libya,1953,2.0,2,-7.0
620,LIB,Libya,1954,2.0,2,-7.0
620,LIB,Libya,1955,2.0,2,-7.0
620,LIB,Libya,1956,2.0,2,-7.0
620,LIB,Libya,1957,2.0,2,-7.0
620,LIB,Libya,1958,2.0,2,-7.0
620,LIB,Libya,1959,2.0,2,-7.0
620,LIB,Libya,1960,2.0,2,-7.0
620,LIB,Libya,1961,2.0,2,-7.0
620,LIB,Libya,1962,2.0,2,-7.0
620,LIB,Libya,1963,2.0,2,-7.0
620,LIB,Libya,1964,2.0,2,-7.0
620,LIB,Libya,1965,2.0,2,-7.0
620,LIB,Libya,1966,2.0,2,-7.0
620,LIB,Libya,1967,2.0,2,-7.0
620,LIB,Libya,1968,2.0,2,-7.0
620,LIB,Libya,1969,4.0,1,-7.0
620,LIB,Libya,1970,4.0,1,-7.0
620,LIB,Libya,1971,4.0,1,-7.0
620,LIB,Libya,1972,4.0,1,-7.0
620,LIB,Libya,1973,4.0,1,-7.0
620,LIB,Libya,1974,4.0,1,-7.0
620,LIB,Libya,1975,4.0,1,-7.0
620,LIB,Libya,1976,4.0,1,-7.0
620,LIB,Libya,1977,5.0,1,-7.0
620,LIB,Libya,1978,5.0,1,-7.0
620,LIB,Libya,1979,5.0,1,-7.0
620,LIB,Libya,1980,5.0,1,-7.0
620,LIB,Libya,1981,5.0,1,-7.0
620,LIB,Libya,1982,5.0,1,-7.0
620,LIB,Libya,1983,5.0,1,-7.0
620,LIB,Libya,1984,5.0,1,-7.0
620,LIB,Libya,1985,5.0,1,-7.0
620,LIB,Libya,1986,5.0,1,-7.0
620,LIB,Libya,1987,5.0,1,-7.0
620,LIB,Libya,1988,5.0,1,-7.0
620,LIB,Libya,1989,5.0,1,-7.0
620,LIB,Libya,1990,5.0,1,-7.0
620,LIB,Libya,1991,5.0,1,-7.0
620,LIB,Libya,1992,5.0,1,-7.0
620,LIB,Libya,1993,5.0,1,-7.0
620,LIB,Libya,1994,5.0,1,-7.0
620,LIB,Libya,1995,5.0,1,-7.0
620,LIB,Libya,1996,5.0,1,-7.0
620,LIB,Libya,1997,5.0,1,-7.0
620,LIB,Libya,1998,5.0,1,-7.0
620,LIB,Libya,1999,4.0,1,-7.0
620,LIB,Libya,2000,4.0,1,-7.0
620,LIB,Libya,2001,4.0,1,-7.0
620,LIB,Libya,2002,4.0,1,-7.0
620,LIB,Libya,2003,4.0,1,-7.0
620,LIB,Libya,2004,4.0,1,-7.0
620,LIB,Libya,2005,4.0,1,-7.0
620,LIB,Libya,2006,4.0,1,-7.0
620,LIB,Libya,2007,4.0,1,-7.0
620,LIB,Libya,2008,4.0,1,-7.0
620,LIB,Libya,2009,4.0,1,-7.0
620,LIB,Libya,2010,4.0,1,-7.0
620,LIB,Libya,2011,-77.0,-77,0.0
620,LIB,Libya,2012,-77.0,-77,0.0
620,LIB,Libya,2013,-77.0,-77,0.0
620,LIB,Libya,2014,-77.0,-77,0.0
620,LIB,Libya,2015,-77.0,-77,0.0
620,LIB,Libya,2016,-77.0,-77,0.0
620,LIB,Libya,2017,-77.0,-77,0.0
620,LIB,Libya,2018,-77.0,-77,0.0
368,LIT,Lithuania,1918,8.0,2,4.0
368,LIT,Lithuania,1919,8.0,2,4.0
368,LIT,Lithuania,1920,8.0,2,4.0
368,LIT,Lithuania,1921,8.0,2,4.0
368,LIT,Lithuania,1922,8.0,2,4.0
368,LIT,Lithuania,1923,8.0,2,4.0
368,LIT,Lithuania,1924,8.0,2,4.0
368,LIT,Lithuania,1925,8.0,2,4.0
368,LIT,Lithuania,1926,-88.0,-88,0.0
368,LIT,Lithuania,1927,-88.0,-88,-4.0
368,LIT,Lithuania,1928,3.0,2,-8.0
368,LIT,Lithuania,1929,3.0,2,-8.0
368,LIT,Lithuania,1930,3.0,2,-8.0
368,LIT,Lithuania,1931,3.0,2,-8.0
368,LIT,Lithuania,1932,3.0,2,-8.0
368,LIT,Lithuania,1933,3.0,2,-8.0
368,LIT,Lithuania,1934,3.0,2,-8.0
368,LIT,Lithuania,1935,3.0,1,-9.0
368,LIT,Lithuania,1936,3.0,1,-9.0
368,LIT,Lithuania,1937,3.0,1,-9.0
368,LIT,Lithuania,1938,3.0,1,-9.0
368,LIT,Lithuania,1939,3.0,1,-9.0
368,LIT,Lithuania,1940,3.0,1,-9.0
368,LIT,Lithuania,1991,8.0,5,10.0
368,LIT,Lithuania,1992,8.0,5,10.0
368,LIT,Lithuania,1993,8.0,5,10.0
368,LIT,Lithuania,1994,8.0,5,10.0
368,LIT,Lithuania,1995,8.0,5,10.0
368,LIT,Lithuania,1996,8.0,5,10.0
368,LIT,Lithuania,1997,8.0,5,10.0
368,LIT,Lithuania,1998,8.0,5,10.0
368,LIT,Lithuania,1999,8.0,5,10.0
368,LIT,Lithuania,2000,8.0,5,10.0
368,LIT,Lithuania,2001,8.0,5,10.0
368,LIT,Lithuania,2002,8.0,5,10.0
368,LIT,Lithuania,2003,8.0,5,10.0
368,LIT,Lithuania,2004,8.0,5,10.0
368,LIT,Lithuania,2005,8.0,5,10.0
368,LIT,Lithuania,2006,8.0,5,10.0
368,LIT,Lithuania,2007,8.0,5,10.0
368,LIT,Lithuania,2008,8.0,5,10.0
368,LIT,Lithuania,2009,8.0,5,10.0
368,LIT,Lithuania,2010,8.0,5,10.0
368,LIT,Lithuania,2011,8.0,5,10.0
368,LIT,Lithuania,2012,8.0,5,10.0
368,LIT,Lithuania,2013,8.0,5,10.0
368,LIT,Lithuania,2014,8.0,5,10.0
368,LIT,Lithuania,2015,8.0,5,10.0
368,LIT,Lithuania,2016,8.0,5,10.0
368,LIT,Lithuania,2017,8.0,5,10.0
368,LIT,Lithuania,2018,8.0,5,10.0
212,LUX,Luxembourg,1867,,2,-3.0
212,LUX,Luxembourg,1868,,2,-3.0
212,LUX,Luxembourg,1869,,2,-3.0
212,LUX,Luxembourg,1870,,2,-3.0
212,LUX,Luxembourg,1871,,2,-3.0
212,LUX,Luxembourg,1872,,2,-3.0
212,LUX,Luxembourg,1873,,2,-3.0
212,LUX,Luxembourg,1874,,2,-3.0
212,LUX,Luxembourg,1875,,2,-3.0
212,LUX,Luxembourg,1876,,2,-3.0
212,LUX,Luxembourg,1877,,2,-3.0
212,LUX,Luxembourg,1878,,2,-3.0
212,LUX,Luxembourg,1879,,2,-3.0
212,LUX,Luxembourg,1880,,4,2.0
212,LUX,Luxembourg,1881,,4,2.0
212,LUX,Luxembourg,1882,,4,2.0
212,LUX,Luxembourg,1883,,4,2.0
212,LUX,Luxembourg,1884,,4,2.0
212,LUX,Luxembourg,1885,,4,2.0
212,LUX,Luxembourg,1886,,4,2.0
212,LUX,Luxembourg,1887,,4,2.0
212,LUX,Luxembourg,1888,,4,2.0
212,LUX,Luxembourg,1889,,4,2.0
212,LUX,Luxembourg,1890,,4,7.0
212,LUX,Luxembourg,1891,,4,7.0
212,LUX,Luxembourg,1892,,4,7.0
212,LUX,Luxembourg,1893,,4,7.0
212,LUX,Luxembourg,1894,,4,7.0
212,LUX,Luxembourg,1895,,4,7.0
212,LUX,Luxembourg,1896,,4,7.0
212,LUX,Luxembourg,1897,,4,7.0
212,LUX,Luxembourg,1898,,4,7.0
212,LUX,Luxembourg,1899,,4,7.0
212,LUX,Luxembourg,1900,,4,7.0
212,LUX,Luxembourg,1901,,4,7.0
212,LUX,Luxembourg,1902,,4,7.0
212,LUX,Luxembourg,1903,,4,7.0
212,LUX,Luxembourg,1904,,4,7.0
212,LUX,Luxembourg,1905,,4,7.0
212,LUX,Luxembourg,1906,,4,7.0
212,LUX,Luxembourg,1907,,4,7.0
212,LUX,Luxembourg,1908,,4,7.0
212,LUX,Luxembourg,1909,,4,7.0
212,LUX,Luxembourg,1910,,4,7.0
212,LUX,Luxembourg,1911,,4,7.0
212,LUX,Luxembourg,1912,,4,7.0
212,LUX,Luxembourg,1913,,4,7.0
212,LUX,Luxembourg,1914,,4,7.0
212,LUX,Luxembourg,1915,,4,7.0
212,LUX,Luxembourg,1916,,4,7.0
212,LUX,Luxembourg,1917,,4,7.0
212,LUX,Luxembourg,1918,,4,7.0
212,LUX,Luxembourg,1919,,4,7.0
212,LUX,Luxembourg,1920,8.0,5,10.0
212,LUX,Luxembourg,1921,8.0,5,10.0
212,LUX,Luxembourg,1922,8.0,5,10.0
212,LUX,Luxembourg,1923,8.0,5,10.0
212,LUX,Luxembourg,1924,8.0,5,10.0
212,LUX,Luxembourg,1925,8.0,5,10.0
212,LUX,Luxembourg,1926,8.0,5,10.0
212,LUX,Luxembourg,1927,8.0,5,10.0
212,LUX,Luxembourg,1928,8.0,5,10.0
212,LUX,Luxembourg,1929,8.0,5,10.0
212,LUX,Luxembourg,1930,8.0,5,10.0
212,LUX,Luxembourg,1931,8.0,5,10.0
212,LUX,Luxembourg,1932,8.0,5,10.0
212,LUX,Luxembourg,1933,8.0,5,10.0
212,LUX,Luxembourg,1934,8.0,5,10.0
212,LUX,Luxembourg,1935,8.0,5,10.0
212,LUX,Luxembourg,1936,8.0,5,10.0
212,LUX,Luxembourg,1937,8.0,5,10.0
212,LUX,Luxembourg,1938,8.0,5,10.0
212,LUX,Luxembourg,1939,8.0,5,10.0
212,LUX,Luxembourg,1940,-66.0,-66,
212,LUX,Luxembourg,1941,-66.0,-66,
212,LUX,Luxembourg,1942,-66.0,-66,
212,LUX,Luxembourg,1943,-66.0,-66,
212,LUX,Luxembourg,1944,-66.0,-66,
212,LUX,Luxembourg,1945,8.0,5,10.0
212,LUX,Luxembourg,1946,8.0,5,10.0
212,LUX,Luxembourg,1947,8.0,5,10.0
212,LUX,Luxembourg,1948,8.0,5,10.0
212,LUX,Luxembourg,1949,8.0,5,10.0
212,LUX,Luxembourg,1950,8.0,5,10.0
212,LUX,Luxembourg,1951,8.0,5,10.0
212,LUX,Luxembourg,1952,8.0,5,10.0
212,LUX,Luxembourg,1953,8.0,5,10.0
212,LUX,Luxembourg,1954,8.0,5,10.0
212,LUX,Luxembourg,1955,8.0,5,10.0
212,LUX,Luxembourg,1956,8.0,5,10.0
212,LUX,Luxembourg,1957,8.0,5,10.0
212,LUX,Luxembourg,1958,8.0,5,10.0
212,LUX,Luxembourg,1959,8.0,5,10.0
212,LUX,Luxembourg,1960,8.0,5,10.0
212,LUX,Luxembourg,1961,8.0,5,10.0
212,LUX,Luxembourg,1962,8.0,5,10.0
212,LUX,Luxembourg,1963,8.0,5,10.0
212,LUX,Luxembourg,1964,8.0,5,10.0
212,LUX,Luxembourg,1965,8.0,5,10.0
212,LUX,Luxembourg,1966,8.0,5,10.0
212,LUX,Luxembourg,1967,8.0,5,10.0
212,LUX,Luxembourg,1968,8.0,5,10.0
212,LUX,Luxembourg,1969,8.0,5,10.0
212,LUX,Luxembourg,1970,8.0,5,10.0
212,LUX,Luxembourg,1971,8.0,5,10.0
212,LUX,Luxembourg,1972,8.0,5,10.0
212,LUX,Luxembourg,1973,8.0,5,10.0
212,LUX,Luxembourg,1974,8.0,5,10.0
212,LUX,Luxembourg,1975,8.0,5,10.0
212,LUX,Luxembourg,1976,8.0,5,10.0
212,LUX,Luxembourg,1977,8.0,5,10.0
212,LUX,Luxembourg,1978,8.0,5,10.0
212,LUX,Luxembourg,1979,8.0,5,10.0
212,LUX,Luxembourg,1980,8.0,5,10.0
212,LUX,Luxembourg,1981,8.0,5,10.0
212,LUX,Luxembourg,1982,8.0,5,10.0
212,LUX,Luxembourg,1983,8.0,5,10.0
212,LUX,Luxembourg,1984,8.0,5,10.0
212,LUX,Luxembourg,1985,8.0,5,10.0
212,LUX,Luxembourg,1986,8.0,5,10.0
212,LUX,Luxembourg,1987,8.0,5,10.0
212,LUX,Luxembourg,1988,8.0,5,10.0
212,LUX,Luxembourg,1989,8.0,5,10.0
212,LUX,Luxembourg,1990,8.0,5,10.0
212,LUX,Luxembourg,1991,8.0,5,10.0
212,LUX,Luxembourg,1992,8.0,5,10.0
212,LUX,Luxembourg,1993,8.0,5,10.0
212,LUX,Luxembourg,1994,8.0,5,10.0
212,LUX,Luxembourg,1995,8.0,5,10.0
212,LUX,Luxembourg,1996,8.0,5,10.0
212,LUX,Luxembourg,1997,8.0,5,10.0
212,LUX,Luxembourg,1998,8.0,5,10.0
212,LUX,Luxembourg,1999,8.0,5,10.0
212,LUX,Luxembourg,2000,8.0,5,10.0
212,LUX,Luxembourg,2001,8.0,5,10.0
212,LUX,Luxembourg,2002,8.0,5,10.0
212,LUX,Luxembourg,2003,8.0,5,10.0
212,LUX,Luxembourg,2004,8.0,5,10.0
212,LUX,Luxembourg,2005,8.0,5,10.0
212,LUX,Luxembourg,2006,8.0,5,10.0
212,LUX,Luxembourg,2007,8.0,5,10.0
212,LUX,Luxembourg,2008,8.0,5,10.0
212,LUX,Luxembourg,2009,8.0,5,10.0
212,LUX,Luxembourg,2010,8.0,5,10.0
212,LUX,Luxembourg,2011,8.0,5,10.0
212,LUX,Luxembourg,2012,8.0,5,10.0
212,LUX,Luxembourg,2013,8.0,5,10.0
212,LUX,Luxembourg,2014,8.0,5,10.0
212,LUX,Luxembourg,2015,8.0,5,10.0
212,LUX,Luxembourg,2016,8.0,5,10.0
212,LUX,Luxembourg,2017,8.0,5,10.0
212,LUX,Luxembourg,2018,8.0,5,10.0
435,MAA,Mauritania,1960,3.0,1,-4.0
435,MAA,Mauritania,1961,3.0,1,-4.0
435,MAA,Mauritania,1962,3.0,1,-7.0
435,MAA,Mauritania,1963,3.0,1,-7.0
435,MAA,Mauritania,1964,3.0,1,-7.0
435,MAA,Mauritania,1965,3.0,1,-7.0
435,MAA,Mauritania,1966,3.0,1,-7.0
435,MAA,Mauritania,1967,3.0,1,-7.0
435,MAA,Mauritania,1968,3.0,1,-7.0
435,MAA,Mauritania,1969,3.0,1,-7.0
435,MAA,Mauritania,1970,3.0,1,-7.0
435,MAA,Mauritania,1971,3.0,1,-7.0
435,MAA,Mauritania,1972,3.0,1,-7.0
435,MAA,Mauritania,1973,3.0,1,-7.0
435,MAA,Mauritania,1974,3.0,1,-7.0
435,MAA,Mauritania,1975,3.0,1,-7.0
435,MAA,Mauritania,1976,3.0,1,-7.0
435,MAA,Mauritania,1977,3.0,1,-7.0
435,MAA,Mauritania,1978,3.0,1,-7.0
435,MAA,Mauritania,1979,3.0,1,-7.0
435,MAA,Mauritania,1980,3.0,1,-7.0
435,MAA,Mauritania,1981,3.0,1,-7.0
435,MAA,Mauritania,1982,3.0,1,-7.0
435,MAA,Mauritania,1983,3.0,1,-7.0
435,MAA,Mauritania,1984,3.0,1,-7.0
435,MAA,Mauritania,1985,3.0,1,-7.0
435,MAA,Mauritania,1986,3.0,1,-7.0
435,MAA,Mauritania,1987,3.0,1,-7.0
435,MAA,Mauritania,1988,3.0,1,-7.0
435,MAA,Mauritania,1989,3.0,1,-7.0
435,MAA,Mauritania,1990,3.0,1,-7.0
435,MAA,Mauritania,1991,3.0,2,-6.0
435,MAA,Mauritania,1992,3.0,2,-6.0
435,MAA,Mauritania,1993,3.0,2,-6.0
435,MAA,Mauritania,1994,3.0,2,-6.0
435,MAA,Mauritania,1995,3.0,2,-6.0
435,MAA,Mauritania,1996,3.0,2,-6.0
435,MAA,Mauritania,1997,3.0,2,-6.0
435,MAA,Mauritania,1998,3.0,2,-6.0
435,MAA,Mauritania,1999,3.0,2,-6.0
435,MAA,Mauritania,2000,3.0,2,-6.0
435,MAA,Mauritania,2001,3.0,2,-6.0
435,MAA,Mauritania,2002,3.0,2,-6.0
435,MAA,Mauritania,2003,3.0,2,-6.0
435,MAA,Mauritania,2004,3.0,2,-6.0
435,MAA,Mauritania,2005,3.0,2,-5.0
435,MAA,Mauritania,2006,5.0,2,-3.0
435,MAA,Mauritania,2007,7.0,0,4.0
435,MAA,Mauritania,2008,4.0,2,-5.0
435,MAA,Mauritania,2009,5.0,0,-2.0
435,MAA,Mauritania,2010,5.0,0,-2.0
435,MAA,Mauritania,2011,5.0,0,-2.0
435,MAA,Mauritania,2012,5.0,0,-2.0
435,MAA,Mauritania,2013,5.0,0,-2.0
435,MAA,Mauritania,2014,5.0,0,-2.0
435,MAA,Mauritania,2015,5.0,0,-2.0
435,MAA,Mauritania,2016,5.0,0,-2.0
435,MAA,Mauritania,2017,5.0,0,-2.0
435,MAA,Mauritania,2018,5.0,0,-2.0
343,MAC,Macedonia,1991,7.0,4,6.0
343,MAC,Macedonia,1992,7.0,4,6.0
343,MAC,Macedonia,1993,7.0,4,6.0
343,MAC,Macedonia,1994,7.0,4,6.0
343,MAC,Macedonia,1995,7.0,4,6.0
343,MAC,Macedonia,1996,7.0,4,6.0
343,MAC,Macedonia,1997,7.0,4,6.0
343,MAC,Macedonia,1998,7.0,4,6.0
343,MAC,Macedonia,1999,7.0,4,6.0
343,MAC,Macedonia,2000,7.0,4,6.0
343,MAC,Macedonia,2001,7.0,4,6.0
343,MAC,Macedonia,2002,8.0,4,9.0
343,MAC,Macedonia,2003,8.0,4,9.0
343,MAC,Macedonia,2004,8.0,4,9.0
343,MAC,Macedonia,2005,8.0,4,9.0
343,MAC,Macedonia,2006,8.0,4,9.0
343,MAC,Macedonia,2007,8.0,4,9.0
343,MAC,Macedonia,2008,8.0,4,9.0
343,MAC,Macedonia,2009,8.0,4,9.0
343,MAC,Macedonia,2010,8.0,4,9.0
343,MAC,Macedonia,2011,8.0,4,9.0
343,MAC,Macedonia,2012,8.0,4,9.0
343,MAC,Macedonia,2013,8.0,4,9.0
343,MAC,Macedonia,2014,8.0,4,9.0
343,MAC,Macedonia,2015,8.0,4,9.0
343,MAC,Macedonia,2016,8.0,4,9.0
343,MAC,Macedonia,2017,8.0,4,9.0
343,MAC,Macedonia,2018,8.0,4,9.0
580,MAG,Madagascar,1960,7.0,0,1.0
580,MAG,Madagascar,1961,7.0,0,1.0
580,MAG,Madagascar,1962,7.0,0,1.0
580,MAG,Madagascar,1963,7.0,0,1.0
580,MAG,Madagascar,1964,7.0,0,1.0
580,MAG,Madagascar,1965,7.0,0,1.0
580,MAG,Madagascar,1966,7.0,0,1.0
580,MAG,Madagascar,1967,7.0,0,1.0
580,MAG,Madagascar,1968,7.0,0,1.0
580,MAG,Madagascar,1969,7.0,0,1.0
580,MAG,Madagascar,1970,7.0,0,1.0
580,MAG,Madagascar,1971,7.0,0,1.0
580,MAG,Madagascar,1972,3.0,3,-3.0
580,MAG,Madagascar,1973,3.0,3,-3.0
580,MAG,Madagascar,1974,3.0,3,-3.0
580,MAG,Madagascar,1975,3.0,2,-6.0
580,MAG,Madagascar,1976,3.0,2,-6.0
580,MAG,Madagascar,1977,3.0,2,-6.0
580,MAG,Madagascar,1978,3.0,2,-6.0
580,MAG,Madagascar,1979,3.0,2,-6.0
580,MAG,Madagascar,1980,3.0,2,-6.0
580,MAG,Madagascar,1981,3.0,2,-6.0
580,MAG,Madagascar,1982,3.0,2,-6.0
580,MAG,Madagascar,1983,3.0,2,-6.0
580,MAG,Madagascar,1984,3.0,2,-6.0
580,MAG,Madagascar,1985,3.0,2,-6.0
580,MAG,Madagascar,1986,3.0,2,-6.0
580,MAG,Madagascar,1987,3.0,2,-6.0
580,MAG,Madagascar,1988,3.0,2,-6.0
580,MAG,Madagascar,1989,3.0,2,-6.0
580,MAG,Madagascar,1990,3.0,2,-6.0
580,MAG,Madagascar,1991,-88.0,-88,1.0
580,MAG,Madagascar,1992,8.0,4,9.0
580,MAG,Madagascar,1993,8.0,4,9.0
580,MAG,Madagascar,1994,8.0,4,9.0
580,MAG,Madagascar,1995,8.0,4,9.0
580,MAG,Madagascar,1996,8.0,4,9.0
580,MAG,Madagascar,1997,8.0,4,9.0
580,MAG,Madagascar,1998,8.0,4,7.0
580,MAG,Madagascar,1999,8.0,4,7.0
580,MAG,Madagascar,2000,8.0,4,7.0
580,MAG,Madagascar,2001,8.0,4,7.0
580,MAG,Madagascar,2002,8.0,4,7.0
580,MAG,Madagascar,2003,8.0,4,7.0
580,MAG,Madagascar,2004,8.0,4,7.0
580,MAG,Madagascar,2005,8.0,4,7.0
580,MAG,Madagascar,2006,8.0,4,7.0
580,MAG,Madagascar,2007,8.0,4,7.0
580,MAG,Madagascar,2008,8.0,4,7.0
580,MAG,Madagascar,2009,3.0,3,0.0
580,MAG,Madagascar,2010,3.0,3,0.0
580,MAG,Madagascar,2011,5.0,4,3.0
580,MAG,Madagascar,2012,5.0,4,3.0
580,MAG,Madagascar,2013,5.0,4,3.0
580,MAG,Madagascar,2014,7.0,3,6.0
580,MAG,Madagascar,2015,7.0,3,6.0
580,MAG,Madagascar,2016,7.0,3,6.0
580,MAG,Madagascar,2017,7.0,3,6.0
580,MAG,Madagascar,2018,7.0,3,6.0
820,MAL,Malaysia,1957,7.0,4,7.0
820,MAL,Malaysia,1958,7.0,4,7.0
820,MAL,Malaysia,1959,8.0,4,7.0
820,MAL,Malaysia,1960,8.0,4,7.0
820,MAL,Malaysia,1961,8.0,4,7.0
820,MAL,Malaysia,1962,8.0,4,7.0
820,MAL,Malaysia,1963,8.0,4,7.0
820,MAL,Malaysia,1964,8.0,4,7.0
820,MAL,Malaysia,1965,8.0,4,7.0
820,MAL,Malaysia,1966,8.0,4,7.0
820,MAL,Malaysia,1967,8.0,4,7.0
820,MAL,Malaysia,1968,8.0,4,7.0
820,MAL,Malaysia,1969,7.0,3,1.0
820,MAL,Malaysia,1970,7.0,3,1.0
820,MAL,Malaysia,1971,7.0,3,4.0
820,MAL,Malaysia,1972,7.0,3,4.0
820,MAL,Malaysia,1973,7.0,3,4.0
820,MAL,Malaysia,1974,7.0,3,4.0
820,MAL,Malaysia,1975,7.0,3,4.0
820,MAL,Malaysia,1976,7.0,3,4.0
820,MAL,Malaysia,1977,7.0,3,4.0
820,MAL,Malaysia,1978,7.0,3,4.0
820,MAL,Malaysia,1979,7.0,3,4.0
820,MAL,Malaysia,1980,7.0,3,4.0
820,MAL,Malaysia,1981,7.0,3,4.0
820,MAL,Malaysia,1982,7.0,3,4.0
820,MAL,Malaysia,1983,7.0,3,4.0
820,MAL,Malaysia,1984,7.0,3,4.0
820,MAL,Malaysia,1985,7.0,3,4.0
820,MAL,Malaysia,1986,7.0,3,4.0
820,MAL,Malaysia,1987,7.0,3,4.0
820,MAL,Malaysia,1988,7.0,3,4.0
820,MAL,Malaysia,1989,7.0,3,4.0
820,MAL,Malaysia,1990,7.0,3,4.0
820,MAL,Malaysia,1991,7.0,3,4.0
820,MAL,Malaysia,1992,7.0,3,4.0
820,MAL,Malaysia,1993,7.0,3,4.0
820,MAL,Malaysia,1994,7.0,3,4.0
820,MAL,Malaysia,1995,7.0,3,4.0
820,MAL,Malaysia,1996,7.0,3,3.0
820,MAL,Malaysia,1997,7.0,3,3.0
820,MAL,Malaysia,1998,7.0,3,3.0
820,MAL,Malaysia,1999,7.0,3,3.0
820,MAL,Malaysia,2000,7.0,3,3.0
820,MAL,Malaysia,2001,7.0,3,3.0
820,MAL,Malaysia,2002,7.0,3,3.0
820,MAL,Malaysia,2003,7.0,3,3.0
820,MAL,Malaysia,2004,7.0,3,3.0
820,MAL,Malaysia,2005,7.0,3,3.0
820,MAL,Malaysia,2006,7.0,3,3.0
820,MAL,Malaysia,2007,7.0,3,3.0
820,MAL,Malaysia,2008,8.0,3,6.0
820,MAL,Malaysia,2009,8.0,3,6.0
820,MAL,Malaysia,2010,8.0,3,6.0
820,MAL,Malaysia,2011,8.0,3,6.0
820,MAL,Malaysia,2012,8.0,3,6.0
820,MAL,Malaysia,2013,8.0,3,6.0
820,MAL,Malaysia,2014,8.0,3,5.0
820,MAL,Malaysia,2015,8.0,3,5.0
820,MAL,Malaysia,2016,8.0,3,5.0
820,MAL,Malaysia,2017,8.0,3,5.0
820,MAL,Malaysia,2018,8.0,4,7.0
590,MAS,Mauritius,1968,8.0,4,9.0
590,MAS,Mauritius,1969,8.0,4,9.0
590,MAS,Mauritius,1970,8.0,4,9.0
590,MAS,Mauritius,1971,8.0,4,9.0
590,MAS,Mauritius,1972,8.0,4,9.0
590,MAS,Mauritius,1973,8.0,4,9.0
590,MAS,Mauritius,1974,8.0,4,9.0
590,MAS,Mauritius,1975,8.0,4,9.0
590,MAS,Mauritius,1976,8.0,4,9.0
590,MAS,Mauritius,1977,8.0,4,9.0
590,MAS,Mauritius,1978,8.0,4,9.0
590,MAS,Mauritius,1979,8.0,4,9.0
590,MAS,Mauritius,1980,8.0,4,9.0
590,MAS,Mauritius,1981,8.0,4,9.0
590,MAS,Mauritius,1982,8.0,5,10.0
590,MAS,Mauritius,1983,8.0,5,10.0
590,MAS,Mauritius,1984,8.0,5,10.0
590,MAS,Mauritius,1985,8.0,5,10.0
590,MAS,Mauritius,1986,8.0,5,10.0
590,MAS,Mauritius,1987,8.0,5,10.0
590,MAS,Mauritius,1988,8.0,5,10.0
590,MAS,Mauritius,1989,8.0,5,10.0
590,MAS,Mauritius,1990,8.0,5,10.0
590,MAS,Mauritius,1991,8.0,5,10.0
590,MAS,Mauritius,1992,8.0,5,10.0
590,MAS,Mauritius,1993,8.0,5,10.0
590,MAS,Mauritius,1994,8.0,5,10.0
590,MAS,Mauritius,1995,8.0,5,10.0
590,MAS,Mauritius,1996,8.0,5,10.0
590,MAS,Mauritius,1997,8.0,5,10.0
590,MAS,Mauritius,1998,8.0,5,10.0
590,MAS,Mauritius,1999,8.0,5,10.0
590,MAS,Mauritius,2000,8.0,5,10.0
590,MAS,Mauritius,2001,8.0,5,10.0
590,MAS,Mauritius,2002,8.0,5,10.0
590,MAS,Mauritius,2003,8.0,5,10.0
590,MAS,Mauritius,2004,8.0,5,10.0
590,MAS,Mauritius,2005,8.0,5,10.0
590,MAS,Mauritius,2006,8.0,5,10.0
590,MAS,Mauritius,2007,8.0,5,10.0
590,MAS,Mauritius,2008,8.0,5,10.0
590,MAS,Mauritius,2009,8.0,5,10.0
590,MAS,Mauritius,2010,8.0,5,10.0
590,MAS,Mauritius,2011,8.0,5,10.0
590,MAS,Mauritius,2012,8.0,5,10.0
590,MAS,Mauritius,2013,8.0,5,10.0
590,MAS,Mauritius,2014,8.0,5,10.0
590,MAS,Mauritius,2015,8.0,5,10.0
590,MAS,Mauritius,2016,8.0,5,10.0
590,MAS,Mauritius,2017,8.0,5,10.0
590,MAS,Mauritius,2018,8.0,5,10.0
553,MAW,Malawi,1964,3.0,1,-9.0
553,MAW,Malawi,1965,3.0,1,-9.0
553,MAW,Malawi,1966,3.0,1,-9.0
553,MAW,Malawi,1967,3.0,1,-9.0
553,MAW,Malawi,1968,3.0,1,-9.0
553,MAW,Malawi,1969,3.0,1,-9.0
553,MAW,Malawi,1970,3.0,1,-9.0
553,MAW,Malawi,1971,3.0,1,-9.0
553,MAW,Malawi,1972,3.0,1,-9.0
553,MAW,Malawi,1973,3.0,1,-9.0
553,MAW,Malawi,1974,3.0,1,-9.0
553,MAW,Malawi,1975,3.0,1,-9.0
553,MAW,Malawi,1976,3.0,1,-9.0
553,MAW,Malawi,1977,3.0,1,-9.0
553,MAW,Malawi,1978,3.0,1,-9.0
553,MAW,Malawi,1979,3.0,1,-9.0
553,MAW,Malawi,1980,3.0,1,-9.0
553,MAW,Malawi,1981,3.0,1,-9.0
553,MAW,Malawi,1982,3.0,1,-9.0
553,MAW,Malawi,1983,3.0,1,-9.0
553,MAW,Malawi,1984,3.0,1,-9.0
553,MAW,Malawi,1985,3.0,1,-9.0
553,MAW,Malawi,1986,3.0,1,-9.0
553,MAW,Malawi,1987,3.0,1,-9.0
553,MAW,Malawi,1988,3.0,1,-9.0
553,MAW,Malawi,1989,3.0,1,-9.0
553,MAW,Malawi,1990,3.0,1,-9.0
553,MAW,Malawi,1991,3.0,1,-9.0
553,MAW,Malawi,1992,3.0,1,-9.0
553,MAW,Malawi,1993,3.0,2,-6.0
553,MAW,Malawi,1994,7.0,4,6.0
553,MAW,Malawi,1995,7.0,4,6.0
553,MAW,Malawi,1996,7.0,4,6.0
553,MAW,Malawi,1997,7.0,4,6.0
553,MAW,Malawi,1998,7.0,4,6.0
553,MAW,Malawi,1999,7.0,4,6.0
553,MAW,Malawi,2000,7.0,4,6.0
553,MAW,Malawi,2001,7.0,4,4.0
553,MAW,Malawi,2002,7.0,4,4.0
553,MAW,Malawi,2003,7.0,4,5.0
553,MAW,Malawi,2004,7.0,4,6.0
553,MAW,Malawi,2005,7.0,3,6.0
553,MAW,Malawi,2006,7.0,3,6.0
553,MAW,Malawi,2007,7.0,3,6.0
553,MAW,Malawi,2008,7.0,3,6.0
553,MAW,Malawi,2009,7.0,3,6.0
553,MAW,Malawi,2010,7.0,3,6.0
553,MAW,Malawi,2011,7.0,3,6.0
553,MAW,Malawi,2012,7.0,3,6.0
553,MAW,Malawi,2013,7.0,3,6.0
553,MAW,Malawi,2014,7.0,3,6.0
553,MAW,Malawi,2015,7.0,3,6.0
553,MAW,Malawi,2016,7.0,3,6.0
553,MAW,Malawi,2017,7.0,3,6.0
553,MAW,Malawi,2018,7.0,3,6.0
70,MEX,Mexico,1822,4.0,3,-1.0
70,MEX,Mexico,1823,4.0,3,-1.0
70,MEX,Mexico,1824,4.0,3,-1.0
70,MEX,Mexico,1825,4.0,3,-1.0
70,MEX,Mexico,1826,4.0,3,-1.0
70,MEX,Mexico,1827,4.0,3,-1.0
70,MEX,Mexico,1828,4.0,3,-1.0
70,MEX,Mexico,1829,4.0,3,-1.0
70,MEX,Mexico,1830,4.0,3,-1.0
70,MEX,Mexico,1831,4.0,3,-1.0
70,MEX,Mexico,1832,4.0,3,-1.0
70,MEX,Mexico,1833,4.0,3,-1.0
70,MEX,Mexico,1834,-88.0,-88,-2.0
70,MEX,Mexico,1835,4.0,3,-3.0
70,MEX,Mexico,1836,4.0,3,-3.0
70,MEX,Mexico,1837,4.0,3,-3.0
70,MEX,Mexico,1838,4.0,3,-3.0
70,MEX,Mexico,1839,4.0,3,-3.0
70,MEX,Mexico,1840,4.0,3,-3.0
70,MEX,Mexico,1841,4.0,3,-3.0
70,MEX,Mexico,1842,4.0,3,-3.0
70,MEX,Mexico,1843,4.0,3,-3.0
70,MEX,Mexico,1844,4.0,3,-3.0
70,MEX,Mexico,1845,4.0,3,-3.0
70,MEX,Mexico,1846,-66.0,-66,
70,MEX,Mexico,1847,-66.0,-66,
70,MEX,Mexico,1848,4.0,3,-3.0
70,MEX,Mexico,1849,4.0,3,-3.0
70,MEX,Mexico,1850,4.0,3,-3.0
70,MEX,Mexico,1851,4.0,3,-3.0
70,MEX,Mexico,1852,4.0,3,-3.0
70,MEX,Mexico,1853,4.0,3,-3.0
70,MEX,Mexico,1854,4.0,3,-3.0
70,MEX,Mexico,1855,4.0,3,-3.0
70,MEX,Mexico,1856,4.0,3,-3.0
70,MEX,Mexico,1857,4.0,3,-3.0
70,MEX,Mexico,1858,4.0,3,-3.0
70,MEX,Mexico,1859,4.0,3,-3.0
70,MEX,Mexico,1860,4.0,3,-3.0
70,MEX,Mexico,1861,4.0,3,-3.0
70,MEX,Mexico,1862,4.0,3,-3.0
70,MEX,Mexico,1863,-66.0,-66,
70,MEX,Mexico,1864,4.0,3,-3.0
70,MEX,Mexico,1865,4.0,3,-3.0
70,MEX,Mexico,1866,4.0,3,-3.0
70,MEX,Mexico,1867,3.0,3,-5.0
70,MEX,Mexico,1868,3.0,3,-5.0
70,MEX,Mexico,1869,3.0,3,-5.0
70,MEX,Mexico,1870,3.0,3,-5.0
70,MEX,Mexico,1871,3.0,3,-5.0
70,MEX,Mexico,1872,3.0,3,-5.0
70,MEX,Mexico,1873,3.0,3,-5.0
70,MEX,Mexico,1874,3.0,3,-5.0
70,MEX,Mexico,1875,3.0,3,-5.0
70,MEX,Mexico,1876,-88.0,-88,-6.0
70,MEX,Mexico,1877,-88.0,-88,-7.0
70,MEX,Mexico,1878,-88.0,-88,-8.0
70,MEX,Mexico,1879,-88.0,-88,-9.0
70,MEX,Mexico,1880,3.0,1,-9.0
70,MEX,Mexico,1881,3.0,1,-9.0
70,MEX,Mexico,1882,3.0,1,-9.0
70,MEX,Mexico,1883,3.0,1,-9.0
70,MEX,Mexico,1884,3.0,1,-9.0
70,MEX,Mexico,1885,3.0,1,-9.0
70,MEX,Mexico,1886,3.0,1,-9.0
70,MEX,Mexico,1887,3.0,1,-9.0
70,MEX,Mexico,1888,3.0,1,-9.0
70,MEX,Mexico,1889,3.0,1,-9.0
70,MEX,Mexico,1890,3.0,1,-9.0
70,MEX,Mexico,1891,3.0,1,-9.0
70,MEX,Mexico,1892,3.0,1,-9.0
70,MEX,Mexico,1893,3.0,1,-9.0
70,MEX,Mexico,1894,3.0,1,-9.0
70,MEX,Mexico,1895,3.0,1,-9.0
70,MEX,Mexico,1896,3.0,1,-9.0
70,MEX,Mexico,1897,3.0,1,-9.0
70,MEX,Mexico,1898,3.0,1,-9.0
70,MEX,Mexico,1899,3.0,1,-9.0
70,MEX,Mexico,1900,3.0,1,-9.0
70,MEX,Mexico,1901,3.0,1,-9.0
70,MEX,Mexico,1902,3.0,1,-9.0
70,MEX,Mexico,1903,3.0,1,-9.0
70,MEX,Mexico,1904,3.0,1,-9.0
70,MEX,Mexico,1905,3.0,1,-9.0
70,MEX,Mexico,1906,3.0,1,-9.0
70,MEX,Mexico,1907,3.0,1,-9.0
70,MEX,Mexico,1908,3.0,1,-9.0
70,MEX,Mexico,1909,3.0,1,-9.0
70,MEX,Mexico,1910,3.0,1,-9.0
70,MEX,Mexico,1911,-77.0,-77,0.0
70,MEX,Mexico,1912,-77.0,-77,0.0
70,MEX,Mexico,1913,-77.0,-77,0.0
70,MEX,Mexico,1914,-77.0,-77,0.0
70,MEX,Mexico,1915,-77.0,-77,0.0
70,MEX,Mexico,1916,-77.0,-77,0.0
70,MEX,Mexico,1917,4.0,3,-1.0
70,MEX,Mexico,1918,4.0,3,-1.0
70,MEX,Mexico,1919,4.0,3,-1.0
70,MEX,Mexico,1920,5.0,3,-1.0
70,MEX,Mexico,1921,5.0,3,-1.0
70,MEX,Mexico,1922,5.0,3,-1.0
70,MEX,Mexico,1923,5.0,3,-1.0
70,MEX,Mexico,1924,3.0,3,-3.0
70,MEX,Mexico,1925,3.0,3,-3.0
70,MEX,Mexico,1926,3.0,3,-3.0
70,MEX,Mexico,1927,3.0,3,-3.0
70,MEX,Mexico,1928,3.0,3,-3.0
70,MEX,Mexico,1929,3.0,3,-3.0
70,MEX,Mexico,1930,3.0,2,-6.0
70,MEX,Mexico,1931,3.0,2,-6.0
70,MEX,Mexico,1932,3.0,2,-6.0
70,MEX,Mexico,1933,3.0,2,-6.0
70,MEX,Mexico,1934,3.0,2,-6.0
70,MEX,Mexico,1935,3.0,2,-6.0
70,MEX,Mexico,1936,3.0,2,-6.0
70,MEX,Mexico,1937,3.0,2,-6.0
70,MEX,Mexico,1938,3.0,2,-6.0
70,MEX,Mexico,1939,3.0,2,-6.0
70,MEX,Mexico,1940,3.0,2,-6.0
70,MEX,Mexico,1941,3.0,2,-6.0
70,MEX,Mexico,1942,3.0,2,-6.0
70,MEX,Mexico,1943,3.0,2,-6.0
70,MEX,Mexico,1944,3.0,2,-6.0
70,MEX,Mexico,1945,3.0,2,-6.0
70,MEX,Mexico,1946,3.0,2,-6.0
70,MEX,Mexico,1947,3.0,2,-6.0
70,MEX,Mexico,1948,3.0,2,-6.0
70,MEX,Mexico,1949,3.0,2,-6.0
70,MEX,Mexico,1950,3.0,2,-6.0
70,MEX,Mexico,1951,3.0,2,-6.0
70,MEX,Mexico,1952,3.0,2,-6.0
70,MEX,Mexico,1953,3.0,2,-6.0
70,MEX,Mexico,1954,3.0,2,-6.0
70,MEX,Mexico,1955,3.0,2,-6.0
70,MEX,Mexico,1956,3.0,2,-6.0
70,MEX,Mexico,1957,3.0,2,-6.0
70,MEX,Mexico,1958,3.0,2,-6.0
70,MEX,Mexico,1959,3.0,2,-6.0
70,MEX,Mexico,1960,3.0,2,-6.0
70,MEX,Mexico,1961,3.0,2,-6.0
70,MEX,Mexico,1962,3.0,2,-6.0
70,MEX,Mexico,1963,3.0,2,-6.0
70,MEX,Mexico,1964,3.0,2,-6.0
70,MEX,Mexico,1965,3.0,2,-6.0
70,MEX,Mexico,1966,3.0,2,-6.0
70,MEX,Mexico,1967,3.0,2,-6.0
70,MEX,Mexico,1968,3.0,2,-6.0
70,MEX,Mexico,1969,3.0,2,-6.0
70,MEX,Mexico,1970,3.0,2,-6.0
70,MEX,Mexico,1971,3.0,2,-6.0
70,MEX,Mexico,1972,3.0,2,-6.0
70,MEX,Mexico,1973,3.0,2,-6.0
70,MEX,Mexico,1974,3.0,2,-6.0
70,MEX,Mexico,1975,3.0,2,-6.0
70,MEX,Mexico,1976,3.0,2,-6.0
70,MEX,Mexico,1977,3.0,3,-3.0
70,MEX,Mexico,1978,3.0,3,-3.0
70,MEX,Mexico,1979,3.0,3,-3.0
70,MEX,Mexico,1980,3.0,3,-3.0
70,MEX,Mexico,1981,3.0,3,-3.0
70,MEX,Mexico,1982,3.0,3,-3.0
70,MEX,Mexico,1983,3.0,3,-3.0
70,MEX,Mexico,1984,3.0,3,-3.0
70,MEX,Mexico,1985,3.0,3,-3.0
70,MEX,Mexico,1986,3.0,3,-3.0
70,MEX,Mexico,1987,3.0,3,-3.0
70,MEX,Mexico,1988,3.0,3,0.0
70,MEX,Mexico,1989,3.0,3,0.0
70,MEX,Mexico,1990,3.0,3,0.0
70,MEX,Mexico,1991,3.0,3,0.0
70,MEX,Mexico,1992,3.0,3,0.0
70,MEX,Mexico,1993,3.0,3,0.0
70,MEX,Mexico,1994,7.0,3,4.0
70,MEX,Mexico,1995,7.0,3,4.0
70,MEX,Mexico,1996,7.0,3,4.0
70,MEX,Mexico,1997,7.0,4,6.0
70,MEX,Mexico,1998,7.0,4,6.0
70,MEX,Mexico,1999,7.0,3,6.0
70,MEX,Mexico,2000,8.0,4,8.0
70,MEX,Mexico,2001,8.0,4,8.0
70,MEX,Mexico,2002,8.0,4,8.0
70,MEX,Mexico,2003,8.0,4,8.0
70,MEX,Mexico,2004,8.0,4,8.0
70,MEX,Mexico,2005,8.0,4,8.0
70,MEX,Mexico,2006,8.0,4,8.0
70,MEX,Mexico,2007,8.0,4,8.0
70,MEX,Mexico,2008,8.0,4,8.0
70,MEX,Mexico,2009,8.0,4,8.0
70,MEX,Mexico,2010,8.0,4,8.0
70,MEX,Mexico,2011,8.0,4,8.0
70,MEX,Mexico,2012,8.0,4,8.0
70,MEX,Mexico,2013,8.0,4,8.0
70,MEX,Mexico,2014,8.0,4,8.0
70,MEX,Mexico,2015,8.0,4,8.0
70,MEX,Mexico,2016,8.0,4,8.0
70,MEX,Mexico,2017,8.0,4,8.0
70,MEX,Mexico,2018,8.0,4,8.0
359,MLD,Moldova,1991,7.0,3,5.0
359,MLD,Moldova,1992,7.0,3,5.0
359,MLD,Moldova,1993,7.0,3,5.0
359,MLD,Moldova,1994,7.0,3,7.0
359,MLD,Moldova,1995,7.0,3,7.0
359,MLD,Moldova,1996,7.0,3,7.0
359,MLD,Moldova,1997,7.0,3,7.0
359,MLD,Moldova,1998,7.0,3,7.0
359,MLD,Moldova,1999,7.0,3,7.0
359,MLD,Moldova,2000,7.0,3,7.0
359,MLD,Moldova,2001,8.0,3,8.0
359,MLD,Moldova,2002,8.0,3,8.0
359,MLD,Moldova,2003,8.0,3,8.0
359,MLD,Moldova,2004,8.0,3,8.0
359,MLD,Moldova,2005,8.0,4,9.0
359,MLD,Moldova,2006,8.0,4,9.0
359,MLD,Moldova,2007,8.0,4,9.0
359,MLD,Moldova,2008,8.0,4,9.0
359,MLD,Moldova,2009,8.0,4,9.0
359,MLD,Moldova,2010,8.0,4,9.0
359,MLD,Moldova,2011,8.0,4,9.0
359,MLD,Moldova,2012,8.0,4,9.0
359,MLD,Moldova,2013,8.0,4,9.0
359,MLD,Moldova,2014,8.0,4,9.0
359,MLD,Moldova,2015,8.0,4,9.0
359,MLD,Moldova,2016,8.0,4,9.0
359,MLD,Moldova,2017,8.0,4,9.0
359,MLD,Moldova,2018,8.0,4,9.0
432,MLI,Mali,1960,3.0,1,-7.0
432,MLI,Mali,1961,3.0,1,-7.0
432,MLI,Mali,1962,3.0,1,-7.0
432,MLI,Mali,1963,3.0,1,-7.0
432,MLI,Mali,1964,3.0,1,-7.0
432,MLI,Mali,1965,3.0,1,-7.0
432,MLI,Mali,1966,3.0,1,-7.0
432,MLI,Mali,1967,4.0,1,-7.0
432,MLI,Mali,1968,4.0,1,-7.0
432,MLI,Mali,1969,4.0,1,-7.0
432,MLI,Mali,1970,4.0,1,-7.0
432,MLI,Mali,1971,4.0,1,-7.0
432,MLI,Mali,1972,4.0,1,-7.0
432,MLI,Mali,1973,4.0,1,-7.0
432,MLI,Mali,1974,4.0,1,-7.0
432,MLI,Mali,1975,4.0,1,-7.0
432,MLI,Mali,1976,4.0,1,-7.0
432,MLI,Mali,1977,4.0,1,-7.0
432,MLI,Mali,1978,4.0,1,-7.0
432,MLI,Mali,1979,4.0,1,-7.0
432,MLI,Mali,1980,4.0,1,-7.0
432,MLI,Mali,1981,4.0,1,-7.0
432,MLI,Mali,1982,4.0,1,-7.0
432,MLI,Mali,1983,4.0,1,-7.0
432,MLI,Mali,1984,4.0,1,-7.0
432,MLI,Mali,1985,4.0,1,-7.0
432,MLI,Mali,1986,4.0,1,-7.0
432,MLI,Mali,1987,4.0,1,-7.0
432,MLI,Mali,1988,4.0,1,-7.0
432,MLI,Mali,1989,4.0,1,-7.0
432,MLI,Mali,1990,4.0,1,-7.0
432,MLI,Mali,1991,-88.0,-88,-1.0
432,MLI,Mali,1992,7.0,0,4.0
432,MLI,Mali,1993,7.0,0,4.0
432,MLI,Mali,1994,7.0,0,4.0
432,MLI,Mali,1995,7.0,0,4.0
432,MLI,Mali,1996,7.0,0,4.0
432,MLI,Mali,1997,7.0,3,5.0
432,MLI,Mali,1998,7.0,3,5.0
432,MLI,Mali,1999,7.0,3,5.0
432,MLI,Mali,2000,7.0,3,5.0
432,MLI,Mali,2001,7.0,3,5.0
432,MLI,Mali,2002,7.0,4,5.0
432,MLI,Mali,2003,7.0,4,5.0
432,MLI,Mali,2004,7.0,4,5.0
432,MLI,Mali,2005,8.0,4,7.0
432,MLI,Mali,2006,8.0,4,7.0
432,MLI,Mali,2007,8.0,4,7.0
432,MLI,Mali,2008,8.0,4,7.0
432,MLI,Mali,2009,8.0,4,7.0
432,MLI,Mali,2010,8.0,4,7.0
432,MLI,Mali,2011,8.0,4,7.0
432,MLI,Mali,2012,-77.0,-77,0.0
432,MLI,Mali,2013,7.0,4,5.0
432,MLI,Mali,2014,7.0,4,5.0
432,MLI,Mali,2015,7.0,4,5.0
432,MLI,Mali,2016,7.0,4,5.0
432,MLI,Mali,2017,7.0,4,5.0
432,MLI,Mali,2018,7.0,4,5.0
348,MNT,Montenegro,2006,8.0,4,9.0
348,MNT,Montenegro,2007,8.0,4,9.0
348,MNT,Montenegro,2008,8.0,4,9.0
348,MNT,Montenegro,2009,8.0,4,9.0
348,MNT,Montenegro,2010,8.0,4,9.0
348,MNT,Montenegro,2011,8.0,4,9.0
348,MNT,Montenegro,2012,8.0,4,9.0
348,MNT,Montenegro,2013,8.0,4,9.0
348,MNT,Montenegro,2014,8.0,4,9.0
348,MNT,Montenegro,2015,8.0,4,9.0
348,MNT,Montenegro,2016,8.0,4,9.0
348,MNT,Montenegro,2017,8.0,4,9.0
348,MNT,Montenegro,2018,8.0,4,9.0
332,MOD,Modena,1815,1.0,1,-10.0
332,MOD,Modena,1816,1.0,1,-10.0
332,MOD,Modena,1817,1.0,1,-10.0
332,MOD,Modena,1818,1.0,1,-10.0
332,MOD,Modena,1819,1.0,1,-10.0
332,MOD,Modena,1820,1.0,1,-10.0
332,MOD,Modena,1821,1.0,1,-10.0
332,MOD,Modena,1822,1.0,1,-10.0
332,MOD,Modena,1823,1.0,1,-10.0
332,MOD,Modena,1824,1.0,1,-10.0
332,MOD,Modena,1825,1.0,1,-10.0
332,MOD,Modena,1826,1.0,1,-10.0
332,MOD,Modena,1827,1.0,1,-10.0
332,MOD,Modena,1828,1.0,1,-10.0
332,MOD,Modena,1829,1.0,1,-10.0
332,MOD,Modena,1830,1.0,1,-10.0
332,MOD,Modena,1831,1.0,1,-10.0
332,MOD,Modena,1832,1.0,1,-10.0
332,MOD,Modena,1833,1.0,1,-10.0
332,MOD,Modena,1834,1.0,1,-10.0
332,MOD,Modena,1835,1.0,1,-10.0
332,MOD,Modena,1836,1.0,1,-10.0
332,MOD,Modena,1837,1.0,1,-10.0
332,MOD,Modena,1838,1.0,1,-10.0
332,MOD,Modena,1839,1.0,1,-10.0
332,MOD,Modena,1840,1.0,1,-10.0
332,MOD,Modena,1841,1.0,1,-10.0
332,MOD,Modena,1842,1.0,1,-10.0
332,MOD,Modena,1843,1.0,1,-10.0
332,MOD,Modena,1844,1.0,1,-10.0
332,MOD,Modena,1845,1.0,1,-10.0
332,MOD,Modena,1846,1.0,1,-10.0
332,MOD,Modena,1847,1.0,1,-10.0
332,MOD,Modena,1848,1.0,1,-10.0
332,MOD,Modena,1849,1.0,1,-10.0
332,MOD,Modena,1850,1.0,1,-10.0
332,MOD,Modena,1851,1.0,1,-10.0
332,MOD,Modena,1852,1.0,1,-10.0
332,MOD,Modena,1853,1.0,1,-10.0
332,MOD,Modena,1854,1.0,1,-10.0
332,MOD,Modena,1855,1.0,1,-10.0
332,MOD,Modena,1856,1.0,1,-10.0
332,MOD,Modena,1857,1.0,1,-10.0
332,MOD,Modena,1858,1.0,1,-10.0
332,MOD,Modena,1859,1.0,1,-10.0
332,MOD,Modena,1860,1.0,1,-10.0
712,MON,Mongolia,1924,3.0,1,-7.0
712,MON,Mongolia,1925,3.0,1,-7.0
712,MON,Mongolia,1926,3.0,1,-7.0
712,MON,Mongolia,1927,3.0,1,-7.0
712,MON,Mongolia,1928,3.0,1,-7.0
712,MON,Mongolia,1929,3.0,1,-7.0
712,MON,Mongolia,1930,3.0,1,-7.0
712,MON,Mongolia,1931,3.0,1,-7.0
712,MON,Mongolia,1932,3.0,1,-7.0
712,MON,Mongolia,1933,3.0,1,-7.0
712,MON,Mongolia,1934,3.0,1,-9.0
712,MON,Mongolia,1935,3.0,1,-9.0
712,MON,Mongolia,1936,3.0,1,-9.0
712,MON,Mongolia,1937,3.0,1,-9.0
712,MON,Mongolia,1938,3.0,1,-9.0
712,MON,Mongolia,1939,3.0,1,-9.0
712,MON,Mongolia,1940,3.0,1,-9.0
712,MON,Mongolia,1941,3.0,1,-9.0
712,MON,Mongolia,1942,3.0,1,-9.0
712,MON,Mongolia,1943,3.0,1,-9.0
712,MON,Mongolia,1944,3.0,1,-9.0
712,MON,Mongolia,1945,3.0,1,-9.0
712,MON,Mongolia,1946,3.0,1,-9.0
712,MON,Mongolia,1947,3.0,1,-9.0
712,MON,Mongolia,1948,3.0,1,-9.0
712,MON,Mongolia,1949,3.0,1,-9.0
712,MON,Mongolia,1950,3.0,1,-9.0
712,MON,Mongolia,1951,3.0,1,-9.0
712,MON,Mongolia,1952,3.0,1,-7.0
712,MON,Mongolia,1953,3.0,1,-7.0
712,MON,Mongolia,1954,3.0,1,-7.0
712,MON,Mongolia,1955,3.0,1,-7.0
712,MON,Mongolia,1956,3.0,1,-7.0
712,MON,Mongolia,1957,3.0,1,-7.0
712,MON,Mongolia,1958,3.0,1,-7.0
712,MON,Mongolia,1959,3.0,1,-7.0
712,MON,Mongolia,1960,3.0,1,-7.0
712,MON,Mongolia,1961,3.0,1,-7.0
712,MON,Mongolia,1962,3.0,1,-7.0
712,MON,Mongolia,1963,3.0,1,-7.0
712,MON,Mongolia,1964,3.0,1,-7.0
712,MON,Mongolia,1965,3.0,1,-7.0
712,MON,Mongolia,1966,3.0,1,-7.0
712,MON,Mongolia,1967,3.0,1,-7.0
712,MON,Mongolia,1968,3.0,1,-7.0
712,MON,Mongolia,1969,3.0,1,-7.0
712,MON,Mongolia,1970,3.0,1,-7.0
712,MON,Mongolia,1971,3.0,1,-7.0
712,MON,Mongolia,1972,3.0,1,-7.0
712,MON,Mongolia,1973,3.0,1,-7.0
712,MON,Mongolia,1974,3.0,1,-7.0
712,MON,Mongolia,1975,3.0,1,-7.0
712,MON,Mongolia,1976,3.0,1,-7.0
712,MON,Mongolia,1977,3.0,1,-7.0
712,MON,Mongolia,1978,3.0,1,-7.0
712,MON,Mongolia,1979,3.0,1,-7.0
712,MON,Mongolia,1980,3.0,1,-7.0
712,MON,Mongolia,1981,3.0,1,-7.0
712,MON,Mongolia,1982,3.0,1,-7.0
712,MON,Mongolia,1983,3.0,1,-7.0
712,MON,Mongolia,1984,3.0,1,-7.0
712,MON,Mongolia,1985,3.0,1,-7.0
712,MON,Mongolia,1986,3.0,1,-7.0
712,MON,Mongolia,1987,3.0,1,-7.0
712,MON,Mongolia,1988,3.0,1,-7.0
712,MON,Mongolia,1989,3.0,1,-7.0
712,MON,Mongolia,1990,7.0,2,2.0
712,MON,Mongolia,1991,7.0,2,2.0
712,MON,Mongolia,1992,8.0,4,9.0
712,MON,Mongolia,1993,8.0,4,9.0
712,MON,Mongolia,1994,8.0,4,9.0
712,MON,Mongolia,1995,8.0,4,9.0
712,MON,Mongolia,1996,8.0,5,10.0
712,MON,Mongolia,1997,8.0,5,10.0
712,MON,Mongolia,1998,8.0,5,10.0
712,MON,Mongolia,1999,8.0,5,10.0
712,MON,Mongolia,2000,8.0,5,10.0
712,MON,Mongolia,2001,8.0,5,10.0
712,MON,Mongolia,2002,8.0,5,10.0
712,MON,Mongolia,2003,8.0,5,10.0
712,MON,Mongolia,2004,8.0,5,10.0
712,MON,Mongolia,2005,8.0,5,10.0
712,MON,Mongolia,2006,8.0,5,10.0
712,MON,Mongolia,2007,8.0,5,10.0
712,MON,Mongolia,2008,8.0,5,10.0
712,MON,Mongolia,2009,8.0,5,10.0
712,MON,Mongolia,2010,8.0,5,10.0
712,MON,Mongolia,2011,8.0,5,10.0
712,MON,Mongolia,2012,8.0,5,10.0
712,MON,Mongolia,2013,8.0,5,10.0
712,MON,Mongolia,2014,8.0,5,10.0
712,MON,Mongolia,2015,8.0,5,10.0
712,MON,Mongolia,2016,8.0,5,10.0
712,MON,Mongolia,2017,8.0,5,10.0
712,MON,Mongolia,2018,8.0,5,10.0
600,MOR,Morocco,1800,1.0,3,-6.0
600,MOR,Morocco,1801,1.0,3,-6.0
600,MOR,Morocco,1802,1.0,3,-6.0
600,MOR,Morocco,1803,1.0,3,-6.0
600,MOR,Morocco,1804,1.0,3,-6.0
600,MOR,Morocco,1805,1.0,3,-6.0
600,MOR,Morocco,1806,1.0,3,-6.0
600,MOR,Morocco,1807,1.0,3,-6.0
600,MOR,Morocco,1808,1.0,3,-6.0
600,MOR,Morocco,1809,1.0,3,-6.0
600,MOR,Morocco,1810,1.0,3,-6.0
600,MOR,Morocco,1811,1.0,3,-6.0
600,MOR,Morocco,1812,1.0,3,-6.0
600,MOR,Morocco,1813,1.0,3,-6.0
600,MOR,Morocco,1814,1.0,3,-6.0
600,MOR,Morocco,1815,1.0,3,-6.0
600,MOR,Morocco,1816,1.0,3,-6.0
600,MOR,Morocco,1817,1.0,3,-6.0
600,MOR,Morocco,1818,1.0,3,-6.0
600,MOR,Morocco,1819,1.0,3,-6.0
600,MOR,Morocco,1820,1.0,3,-6.0
600,MOR,Morocco,1821,1.0,3,-6.0
600,MOR,Morocco,1822,1.0,3,-6.0
600,MOR,Morocco,1823,1.0,3,-6.0
600,MOR,Morocco,1824,1.0,3,-6.0
600,MOR,Morocco,1825,1.0,3,-6.0
600,MOR,Morocco,1826,1.0,3,-6.0
600,MOR,Morocco,1827,1.0,3,-6.0
600,MOR,Morocco,1828,1.0,3,-6.0
600,MOR,Morocco,1829,1.0,3,-6.0
600,MOR,Morocco,1830,1.0,3,-6.0
600,MOR,Morocco,1831,1.0,3,-6.0
600,MOR,Morocco,1832,1.0,3,-6.0
600,MOR,Morocco,1833,1.0,3,-6.0
600,MOR,Morocco,1834,1.0,3,-6.0
600,MOR,Morocco,1835,1.0,3,-6.0
600,MOR,Morocco,1836,1.0,3,-6.0
600,MOR,Morocco,1837,1.0,3,-6.0
600,MOR,Morocco,1838,1.0,3,-6.0
600,MOR,Morocco,1839,1.0,3,-6.0
600,MOR,Morocco,1840,1.0,3,-6.0
600,MOR,Morocco,1841,1.0,3,-6.0
600,MOR,Morocco,1842,1.0,3,-6.0
600,MOR,Morocco,1843,1.0,3,-6.0
600,MOR,Morocco,1844,1.0,3,-6.0
600,MOR,Morocco,1845,1.0,3,-6.0
600,MOR,Morocco,1846,1.0,3,-6.0
600,MOR,Morocco,1847,1.0,3,-6.0
600,MOR,Morocco,1848,1.0,3,-6.0
600,MOR,Morocco,1849,1.0,3,-6.0
600,MOR,Morocco,1850,1.0,3,-6.0
600,MOR,Morocco,1851,1.0,3,-6.0
600,MOR,Morocco,1852,1.0,3,-6.0
600,MOR,Morocco,1853,1.0,3,-6.0
600,MOR,Morocco,1854,1.0,3,-6.0
600,MOR,Morocco,1855,1.0,3,-6.0
600,MOR,Morocco,1856,1.0,3,-6.0
600,MOR,Morocco,1857,1.0,3,-6.0
600,MOR,Morocco,1858,1.0,3,-6.0
600,MOR,Morocco,1859,1.0,3,-6.0
600,MOR,Morocco,1860,1.0,3,-6.0
600,MOR,Morocco,1861,1.0,3,-6.0
600,MOR,Morocco,1862,1.0,3,-6.0
600,MOR,Morocco,1863,1.0,3,-6.0
600,MOR,Morocco,1864,1.0,3,-6.0
600,MOR,Morocco,1865,1.0,3,-6.0
600,MOR,Morocco,1866,1.0,3,-6.0
600,MOR,Morocco,1867,1.0,3,-6.0
600,MOR,Morocco,1868,1.0,3,-6.0
600,MOR,Morocco,1869,1.0,3,-6.0
600,MOR,Morocco,1870,1.0,3,-6.0
600,MOR,Morocco,1871,1.0,3,-6.0
600,MOR,Morocco,1872,1.0,3,-6.0
600,MOR,Morocco,1873,1.0,3,-6.0
600,MOR,Morocco,1874,1.0,3,-6.0
600,MOR,Morocco,1875,1.0,3,-6.0
600,MOR,Morocco,1876,1.0,3,-6.0
600,MOR,Morocco,1877,1.0,3,-6.0
600,MOR,Morocco,1878,1.0,3,-6.0
600,MOR,Morocco,1879,1.0,3,-6.0
600,MOR,Morocco,1880,1.0,3,-6.0
600,MOR,Morocco,1881,1.0,3,-6.0
600,MOR,Morocco,1882,1.0,3,-6.0
600,MOR,Morocco,1883,1.0,3,-6.0
600,MOR,Morocco,1884,1.0,3,-6.0
600,MOR,Morocco,1885,1.0,3,-6.0
600,MOR,Morocco,1886,1.0,3,-6.0
600,MOR,Morocco,1887,1.0,3,-6.0
600,MOR,Morocco,1888,1.0,3,-6.0
600,MOR,Morocco,1889,1.0,3,-6.0
600,MOR,Morocco,1890,1.0,3,-6.0
600,MOR,Morocco,1891,1.0,3,-6.0
600,MOR,Morocco,1892,1.0,3,-6.0
600,MOR,Morocco,1893,1.0,3,-6.0
600,MOR,Morocco,1894,1.0,3,-6.0
600,MOR,Morocco,1895,1.0,3,-6.0
600,MOR,Morocco,1896,1.0,3,-6.0
600,MOR,Morocco,1897,1.0,3,-6.0
600,MOR,Morocco,1898,1.0,3,-6.0
600,MOR,Morocco,1899,1.0,3,-6.0
600,MOR,Morocco,1900,1.0,3,-6.0
600,MOR,Morocco,1901,1.0,3,-6.0
600,MOR,Morocco,1902,1.0,3,-6.0
600,MOR,Morocco,1903,1.0,3,-6.0
600,MOR,Morocco,1904,1.0,3,-6.0
600,MOR,Morocco,1905,1.0,3,-6.0
600,MOR,Morocco,1906,1.0,3,-6.0
600,MOR,Morocco,1907,1.0,3,-6.0
600,MOR,Morocco,1908,1.0,3,-6.0
600,MOR,Morocco,1909,1.0,3,-6.0
600,MOR,Morocco,1910,1.0,3,-6.0
600,MOR,Morocco,1911,1.0,3,-6.0
600,MOR,Morocco,1912,1.0,3,-6.0
600,MOR,Morocco,1956,1.0,3,-5.0
600,MOR,Morocco,1957,1.0,3,-5.0
600,MOR,Morocco,1958,1.0,3,-5.0
600,MOR,Morocco,1959,1.0,3,-5.0
600,MOR,Morocco,1960,1.0,3,-5.0
600,MOR,Morocco,1961,-88.0,-88,-4.0
600,MOR,Morocco,1962,-88.0,-88,-4.0
600,MOR,Morocco,1963,2.0,3,-3.0
600,MOR,Morocco,1964,2.0,3,-3.0
600,MOR,Morocco,1965,1.0,2,-9.0
600,MOR,Morocco,1966,1.0,2,-9.0
600,MOR,Morocco,1967,1.0,2,-9.0
600,MOR,Morocco,1968,1.0,2,-9.0
600,MOR,Morocco,1969,1.0,2,-9.0
600,MOR,Morocco,1970,1.0,2,-9.0
600,MOR,Morocco,1971,1.0,2,-9.0
600,MOR,Morocco,1972,1.0,2,-9.0
600,MOR,Morocco,1973,1.0,2,-9.0
600,MOR,Morocco,1974,1.0,2,-9.0
600,MOR,Morocco,1975,1.0,2,-9.0
600,MOR,Morocco,1976,1.0,2,-9.0
600,MOR,Morocco,1977,2.0,2,-8.0
600,MOR,Morocco,1978,2.0,2,-8.0
600,MOR,Morocco,1979,2.0,2,-8.0
600,MOR,Morocco,1980,2.0,2,-8.0
600,MOR,Morocco,1981,2.0,2,-8.0
600,MOR,Morocco,1982,2.0,2,-8.0
600,MOR,Morocco,1983,2.0,2,-8.0
600,MOR,Morocco,1984,2.0,2,-8.0
600,MOR,Morocco,1985,2.0,2,-8.0
600,MOR,Morocco,1986,2.0,2,-8.0
600,MOR,Morocco,1987,2.0,2,-8.0
600,MOR,Morocco,1988,2.0,2,-8.0
600,MOR,Morocco,1989,2.0,2,-8.0
600,MOR,Morocco,1990,2.0,2,-8.0
600,MOR,Morocco,1991,2.0,2,-8.0
600,MOR,Morocco,1992,2.0,2,-7.0
600,MOR,Morocco,1993,2.0,2,-7.0
600,MOR,Morocco,1994,2.0,2,-7.0
600,MOR,Morocco,1995,2.0,2,-7.0
600,MOR,Morocco,1996,2.0,2,-7.0
600,MOR,Morocco,1997,2.0,2,-7.0
600,MOR,Morocco,1998,2.0,2,-6.0
600,MOR,Morocco,1999,2.0,2,-6.0
600,MOR,Morocco,2000,2.0,2,-6.0
600,MOR,Morocco,2001,2.0,2,-6.0
600,MOR,Morocco,2002,2.0,2,-6.0
600,MOR,Morocco,2003,2.0,2,-6.0
600,MOR,Morocco,2004,2.0,2,-6.0
600,MOR,Morocco,2005,2.0,2,-6.0
600,MOR,Morocco,2006,2.0,2,-6.0
600,MOR,Morocco,2007,2.0,2,-6.0
600,MOR,Morocco,2008,2.0,2,-6.0
600,MOR,Morocco,2009,2.0,2,-6.0
600,MOR,Morocco,2010,2.0,2,-6.0
600,MOR,Morocco,2011,2.0,2,-4.0
600,MOR,Morocco,2012,2.0,2,-4.0
600,MOR,Morocco,2013,2.0,2,-4.0
600,MOR,Morocco,2014,2.0,2,-4.0
600,MOR,Morocco,2015,2.0,2,-4.0
600,MOR,Morocco,2016,2.0,2,-4.0
600,MOR,Morocco,2017,2.0,2,-4.0
600,MOR,Morocco,2018,2.0,2,-4.0
775,MYA,Myanmar (Burma),1948,7.0,3,6.0
775,MYA,Myanmar (Burma),1949,7.0,3,6.0
775,MYA,Myanmar (Burma),1950,7.0,3,6.0
775,MYA,Myanmar (Burma),1951,7.0,3,6.0
775,MYA,Myanmar (Burma),1952,7.0,3,6.0
775,MYA,Myanmar (Burma),1953,7.0,3,6.0
775,MYA,Myanmar (Burma),1954,7.0,3,6.0
775,MYA,Myanmar (Burma),1955,7.0,3,6.0
775,MYA,Myanmar (Burma),1956,7.0,3,6.0
775,MYA,Myanmar (Burma),1957,7.0,3,6.0
775,MYA,Myanmar (Burma),1958,5.0,3,1.0
775,MYA,Myanmar (Burma),1959,5.0,3,1.0
775,MYA,Myanmar (Burma),1960,8.0,3,5.0
775,MYA,Myanmar (Burma),1961,8.0,3,5.0
775,MYA,Myanmar (Burma),1962,4.0,2,-6.0
775,MYA,Myanmar (Burma),1963,4.0,2,-6.0
775,MYA,Myanmar (Burma),1964,4.0,1,-7.0
775,MYA,Myanmar (Burma),1965,4.0,1,-7.0
775,MYA,Myanmar (Burma),1966,4.0,1,-7.0
775,MYA,Myanmar (Burma),1967,4.0,1,-7.0
775,MYA,Myanmar (Burma),1968,4.0,1,-7.0
775,MYA,Myanmar (Burma),1969,4.0,1,-7.0
775,MYA,Myanmar (Burma),1970,4.0,1,-7.0
775,MYA,Myanmar (Burma),1971,4.0,1,-7.0
775,MYA,Myanmar (Burma),1972,4.0,1,-7.0
775,MYA,Myanmar (Burma),1973,4.0,1,-7.0
775,MYA,Myanmar (Burma),1974,3.0,1,-9.0
775,MYA,Myanmar (Burma),1975,3.0,1,-9.0
775,MYA,Myanmar (Burma),1976,3.0,1,-9.0
775,MYA,Myanmar (Burma),1977,3.0,1,-9.0
775,MYA,Myanmar (Burma),1978,3.0,1,-9.0
775,MYA,Myanmar (Burma),1979,3.0,1,-9.0
775,MYA,Myanmar (Burma),1980,3.0,1,-9.0
775,MYA,Myanmar (Burma),1981,3.0,1,-9.0
775,MYA,Myanmar (Burma),1982,3.0,1,-9.0
775,MYA,Myanmar (Burma),1983,3.0,1,-9.0
775,MYA,Myanmar (Burma),1984,3.0,1,-9.0
775,MYA,Myanmar (Burma),1985,3.0,1,-9.0
775,MYA,Myanmar (Burma),1986,3.0,1,-9.0
775,MYA,Myanmar (Burma),1987,3.0,1,-9.0
775,MYA,Myanmar (Burma),1988,5.0,2,-4.0
775,MYA,Myanmar (Burma),1989,5.0,2,-4.0
775,MYA,Myanmar (Burma),1990,4.0,2,-5.0
775,MYA,Myanmar (Burma),1991,4.0,2,-5.0
775,MYA,Myanmar (Burma),1992,4.0,2,-5.0
775,MYA,Myanmar (Burma),1993,4.0,2,-5.0
775,MYA,Myanmar (Burma),1994,4.0,2,-5.0
775,MYA,Myanmar (Burma),1995,4.0,2,-5.0
775,MYA,Myanmar (Burma),1996,4.0,2,-5.0
775,MYA,Myanmar (Burma),1997,4.0,2,-5.0
775,MYA,Myanmar (Burma),1998,4.0,2,-5.0
775,MYA,Myanmar (Burma),1999,4.0,2,-5.0
775,MYA,Myanmar (Burma),2000,4.0,2,-5.0
775,MYA,Myanmar (Burma),2001,4.0,2,-5.0
775,MYA,Myanmar (Burma),2002,4.0,2,-5.0
775,MYA,Myanmar (Burma),2003,4.0,2,-5.0
775,MYA,Myanmar (Burma),2004,4.0,2,-6.0
775,MYA,Myanmar (Burma),2005,4.0,2,-6.0
775,MYA,Myanmar (Burma),2006,4.0,2,-6.0
775,MYA,Myanmar (Burma),2007,4.0,2,-6.0
775,MYA,Myanmar (Burma),2008,5.0,1,-6.0
775,MYA,Myanmar (Burma),2009,5.0,1,-6.0
775,MYA,Myanmar (Burma),2010,5.0,1,-6.0
775,MYA,Myanmar (Burma),2011,5.0,2,-3.0
775,MYA,Myanmar (Burma),2012,5.0,2,-3.0
775,MYA,Myanmar (Burma),2013,5.0,2,-3.0
775,MYA,Myanmar (Burma),2014,5.0,2,-3.0
775,MYA,Myanmar (Burma),2015,-88.0,-88,2.0
775,MYA,Myanmar (Burma),2016,7.0,4,8.0
775,MYA,Myanmar (Burma),2017,7.0,4,8.0
775,MYA,Myanmar (Burma),2018,7.0,4,8.0
541,MZM,Mozambique,1975,3.0,1,-8.0
541,MZM,Mozambique,1976,3.0,1,-8.0
541,MZM,Mozambique,1977,3.0,1,-8.0
541,MZM,Mozambique,1978,3.0,1,-8.0
541,MZM,Mozambique,1979,3.0,1,-8.0
541,MZM,Mozambique,1980,3.0,1,-8.0
541,MZM,Mozambique,1981,3.0,1,-8.0
541,MZM,Mozambique,1982,3.0,1,-8.0
541,MZM,Mozambique,1983,3.0,1,-8.0
541,MZM,Mozambique,1984,3.0,1,-8.0
541,MZM,Mozambique,1985,3.0,1,-8.0
541,MZM,Mozambique,1986,3.0,1,-7.0
541,MZM,Mozambique,1987,3.0,1,-7.0
541,MZM,Mozambique,1988,3.0,1,-7.0
541,MZM,Mozambique,1989,3.0,1,-7.0
541,MZM,Mozambique,1990,3.0,1,-7.0
541,MZM,Mozambique,1991,3.0,2,-6.0
541,MZM,Mozambique,1992,3.0,2,-6.0
541,MZM,Mozambique,1993,3.0,2,-6.0
541,MZM,Mozambique,1994,7.0,4,5.0
541,MZM,Mozambique,1995,7.0,4,5.0
541,MZM,Mozambique,1996,7.0,4,5.0
541,MZM,Mozambique,1997,7.0,4,5.0
541,MZM,Mozambique,1998,7.0,4,5.0
541,MZM,Mozambique,1999,7.0,4,5.0
541,MZM,Mozambique,2000,7.0,4,5.0
541,MZM,Mozambique,2001,7.0,4,5.0
541,MZM,Mozambique,2002,7.0,4,5.0
541,MZM,Mozambique,2003,7.0,4,5.0
541,MZM,Mozambique,2004,7.0,4,5.0
541,MZM,Mozambique,2005,7.0,4,5.0
541,MZM,Mozambique,2006,7.0,4,5.0
541,MZM,Mozambique,2007,7.0,4,5.0
541,MZM,Mozambique,2008,7.0,4,5.0
541,MZM,Mozambique,2009,7.0,4,5.0
541,MZM,Mozambique,2010,7.0,4,5.0
541,MZM,Mozambique,2011,7.0,4,5.0
541,MZM,Mozambique,2012,7.0,4,5.0
541,MZM,Mozambique,2013,7.0,4,5.0
541,MZM,Mozambique,2014,7.0,4,5.0
541,MZM,Mozambique,2015,7.0,4,5.0
541,MZM,Mozambique,2016,7.0,4,5.0
541,MZM,Mozambique,2017,7.0,4,5.0
541,MZM,Mozambique,2018,7.0,4,5.0
565,NAM,Namibia,1990,7.0,4,6.0
565,NAM,Namibia,1991,7.0,4,6.0
565,NAM,Namibia,1992,7.0,4,6.0
565,NAM,Namibia,1993,7.0,4,6.0
565,NAM,Namibia,1994,7.0,4,6.0
565,NAM,Namibia,1995,7.0,4,6.0
565,NAM,Namibia,1996,7.0,4,6.0
565,NAM,Namibia,1997,7.0,4,6.0
565,NAM,Namibia,1998,7.0,4,6.0
565,NAM,Namibia,1999,7.0,4,6.0
565,NAM,Namibia,2000,7.0,4,6.0
565,NAM,Namibia,2001,7.0,4,6.0
565,NAM,Namibia,2002,7.0,4,6.0
565,NAM,Namibia,2003,7.0,4,6.0
565,NAM,Namibia,2004,7.0,4,6.0
565,NAM,Namibia,2005,7.0,4,6.0
565,NAM,Namibia,2006,7.0,4,6.0
565,NAM,Namibia,2007,7.0,4,6.0
565,NAM,Namibia,2008,7.0,4,6.0
565,NAM,Namibia,2009,7.0,4,6.0
565,NAM,Namibia,2010,7.0,4,6.0
565,NAM,Namibia,2011,7.0,4,6.0
565,NAM,Namibia,2012,7.0,4,6.0
565,NAM,Namibia,2013,7.0,4,6.0
565,NAM,Namibia,2014,7.0,4,6.0
565,NAM,Namibia,2015,7.0,4,6.0
565,NAM,Namibia,2016,7.0,4,6.0
565,NAM,Namibia,2017,7.0,4,6.0
565,NAM,Namibia,2018,7.0,4,6.0
790,NEP,Nepal,1800,1.0,3,-6.0
790,NEP,Nepal,1801,1.0,3,-6.0
790,NEP,Nepal,1802,1.0,3,-6.0
790,NEP,Nepal,1803,1.0,3,-6.0
790,NEP,Nepal,1804,1.0,3,-6.0
790,NEP,Nepal,1805,1.0,3,-6.0
790,NEP,Nepal,1806,1.0,3,-6.0
790,NEP,Nepal,1807,1.0,3,-6.0
790,NEP,Nepal,1808,1.0,3,-6.0
790,NEP,Nepal,1809,1.0,3,-6.0
790,NEP,Nepal,1810,1.0,3,-6.0
790,NEP,Nepal,1811,1.0,3,-6.0
790,NEP,Nepal,1812,1.0,3,-6.0
790,NEP,Nepal,1813,1.0,3,-6.0
790,NEP,Nepal,1814,1.0,3,-6.0
790,NEP,Nepal,1815,1.0,3,-6.0
790,NEP,Nepal,1816,1.0,3,-6.0
790,NEP,Nepal,1817,1.0,3,-6.0
790,NEP,Nepal,1818,1.0,3,-6.0
790,NEP,Nepal,1819,1.0,3,-6.0
790,NEP,Nepal,1820,1.0,3,-6.0
790,NEP,Nepal,1821,1.0,3,-6.0
790,NEP,Nepal,1822,1.0,3,-6.0
790,NEP,Nepal,1823,1.0,3,-6.0
790,NEP,Nepal,1824,1.0,3,-6.0
790,NEP,Nepal,1825,1.0,3,-6.0
790,NEP,Nepal,1826,1.0,3,-6.0
790,NEP,Nepal,1827,1.0,3,-6.0
790,NEP,Nepal,1828,1.0,3,-6.0
790,NEP,Nepal,1829,1.0,3,-6.0
790,NEP,Nepal,1830,1.0,3,-6.0
790,NEP,Nepal,1831,1.0,3,-6.0
790,NEP,Nepal,1832,1.0,3,-6.0
790,NEP,Nepal,1833,1.0,3,-6.0
790,NEP,Nepal,1834,1.0,3,-6.0
790,NEP,Nepal,1835,1.0,3,-6.0
790,NEP,Nepal,1836,1.0,3,-6.0
790,NEP,Nepal,1837,1.0,3,-6.0
790,NEP,Nepal,1838,1.0,3,-6.0
790,NEP,Nepal,1839,1.0,3,-6.0
790,NEP,Nepal,1840,1.0,3,-6.0
790,NEP,Nepal,1841,1.0,3,-6.0
790,NEP,Nepal,1842,1.0,3,-6.0
790,NEP,Nepal,1843,1.0,3,-6.0
790,NEP,Nepal,1844,1.0,3,-6.0
790,NEP,Nepal,1845,1.0,3,-6.0
790,NEP,Nepal,1846,4.0,3,-3.0
790,NEP,Nepal,1847,4.0,3,-3.0
790,NEP,Nepal,1848,4.0,3,-3.0
790,NEP,Nepal,1849,4.0,3,-3.0
790,NEP,Nepal,1850,4.0,3,-3.0
790,NEP,Nepal,1851,4.0,3,-3.0
790,NEP,Nepal,1852,4.0,3,-3.0
790,NEP,Nepal,1853,4.0,3,-3.0
790,NEP,Nepal,1854,4.0,3,-3.0
790,NEP,Nepal,1855,4.0,3,-3.0
790,NEP,Nepal,1856,4.0,3,-3.0
790,NEP,Nepal,1857,4.0,3,-3.0
790,NEP,Nepal,1858,4.0,3,-3.0
790,NEP,Nepal,1859,4.0,3,-3.0
790,NEP,Nepal,1860,4.0,3,-3.0
790,NEP,Nepal,1861,4.0,3,-3.0
790,NEP,Nepal,1862,4.0,3,-3.0
790,NEP,Nepal,1863,4.0,3,-3.0
790,NEP,Nepal,1864,4.0,3,-3.0
790,NEP,Nepal,1865,4.0,3,-3.0
790,NEP,Nepal,1866,4.0,3,-3.0
790,NEP,Nepal,1867,4.0,3,-3.0
790,NEP,Nepal,1868,4.0,3,-3.0
790,NEP,Nepal,1869,4.0,3,-3.0
790,NEP,Nepal,1870,4.0,3,-3.0
790,NEP,Nepal,1871,4.0,3,-3.0
790,NEP,Nepal,1872,4.0,3,-3.0
790,NEP,Nepal,1873,4.0,3,-3.0
790,NEP,Nepal,1874,4.0,3,-3.0
790,NEP,Nepal,1875,4.0,3,-3.0
790,NEP,Nepal,1876,4.0,3,-3.0
790,NEP,Nepal,1877,4.0,3,-3.0
790,NEP,Nepal,1878,4.0,3,-3.0
790,NEP,Nepal,1879,4.0,3,-3.0
790,NEP,Nepal,1880,4.0,3,-3.0
790,NEP,Nepal,1881,4.0,3,-3.0
790,NEP,Nepal,1882,4.0,3,-3.0
790,NEP,Nepal,1883,4.0,3,-3.0
790,NEP,Nepal,1884,4.0,3,-3.0
790,NEP,Nepal,1885,4.0,3,-3.0
790,NEP,Nepal,1886,4.0,3,-3.0
790,NEP,Nepal,1887,4.0,3,-3.0
790,NEP,Nepal,1888,4.0,3,-3.0
790,NEP,Nepal,1889,4.0,3,-3.0
790,NEP,Nepal,1890,4.0,3,-3.0
790,NEP,Nepal,1891,4.0,3,-3.0
790,NEP,Nepal,1892,4.0,3,-3.0
790,NEP,Nepal,1893,4.0,3,-3.0
790,NEP,Nepal,1894,4.0,3,-3.0
790,NEP,Nepal,1895,4.0,3,-3.0
790,NEP,Nepal,1896,4.0,3,-3.0
790,NEP,Nepal,1897,4.0,3,-3.0
790,NEP,Nepal,1898,4.0,3,-3.0
790,NEP,Nepal,1899,4.0,3,-3.0
790,NEP,Nepal,1900,4.0,3,-3.0
790,NEP,Nepal,1901,4.0,3,-3.0
790,NEP,Nepal,1902,4.0,3,-3.0
790,NEP,Nepal,1903,4.0,3,-3.0
790,NEP,Nepal,1904,4.0,3,-3.0
790,NEP,Nepal,1905,4.0,3,-3.0
790,NEP,Nepal,1906,4.0,3,-3.0
790,NEP,Nepal,1907,4.0,3,-3.0
790,NEP,Nepal,1908,4.0,3,-3.0
790,NEP,Nepal,1909,4.0,3,-3.0
790,NEP,Nepal,1910,4.0,3,-3.0
790,NEP,Nepal,1911,4.0,3,-3.0
790,NEP,Nepal,1912,4.0,3,-3.0
790,NEP,Nepal,1913,4.0,3,-3.0
790,NEP,Nepal,1914,4.0,3,-3.0
790,NEP,Nepal,1915,4.0,3,-3.0
790,NEP,Nepal,1916,4.0,3,-3.0
790,NEP,Nepal,1917,4.0,3,-3.0
790,NEP,Nepal,1918,4.0,3,-3.0
790,NEP,Nepal,1919,4.0,3,-3.0
790,NEP,Nepal,1920,4.0,3,-3.0
790,NEP,Nepal,1921,4.0,3,-3.0
790,NEP,Nepal,1922,4.0,3,-3.0
790,NEP,Nepal,1923,4.0,3,-3.0
790,NEP,Nepal,1924,4.0,3,-3.0
790,NEP,Nepal,1925,4.0,3,-3.0
790,NEP,Nepal,1926,4.0,3,-3.0
790,NEP,Nepal,1927,4.0,3,-3.0
790,NEP,Nepal,1928,4.0,3,-3.0
790,NEP,Nepal,1929,4.0,3,-3.0
790,NEP,Nepal,1930,4.0,3,-3.0
790,NEP,Nepal,1931,4.0,3,-3.0
790,NEP,Nepal,1932,4.0,3,-3.0
790,NEP,Nepal,1933,4.0,3,-3.0
790,NEP,Nepal,1934,4.0,3,-3.0
790,NEP,Nepal,1935,4.0,3,-3.0
790,NEP,Nepal,1936,4.0,3,-3.0
790,NEP,Nepal,1937,4.0,3,-3.0
790,NEP,Nepal,1938,4.0,3,-3.0
790,NEP,Nepal,1939,4.0,3,-3.0
790,NEP,Nepal,1940,4.0,3,-3.0
790,NEP,Nepal,1941,4.0,3,-3.0
790,NEP,Nepal,1942,4.0,3,-3.0
790,NEP,Nepal,1943,4.0,3,-3.0
790,NEP,Nepal,1944,4.0,3,-3.0
790,NEP,Nepal,1945,4.0,3,-3.0
790,NEP,Nepal,1946,4.0,3,-3.0
790,NEP,Nepal,1947,4.0,2,-5.0
790,NEP,Nepal,1948,4.0,2,-5.0
790,NEP,Nepal,1949,4.0,2,-5.0
790,NEP,Nepal,1950,4.0,2,-5.0
790,NEP,Nepal,1951,1.0,2,-7.0
790,NEP,Nepal,1952,1.0,2,-7.0
790,NEP,Nepal,1953,1.0,2,-7.0
790,NEP,Nepal,1954,1.0,2,-7.0
790,NEP,Nepal,1955,1.0,2,-7.0
790,NEP,Nepal,1956,1.0,2,-7.0
790,NEP,Nepal,1957,-88.0,-88,-4.0
790,NEP,Nepal,1958,-88.0,-88,-1.0
790,NEP,Nepal,1959,8.0,3,2.0
790,NEP,Nepal,1960,1.0,1,-10.0
790,NEP,Nepal,1961,1.0,1,-10.0
790,NEP,Nepal,1962,2.0,1,-9.0
790,NEP,Nepal,1963,2.0,1,-9.0
790,NEP,Nepal,1964,2.0,1,-9.0
790,NEP,Nepal,1965,2.0,1,-9.0
790,NEP,Nepal,1966,2.0,1,-9.0
790,NEP,Nepal,1967,2.0,1,-9.0
790,NEP,Nepal,1968,2.0,1,-9.0
790,NEP,Nepal,1969,2.0,1,-9.0
790,NEP,Nepal,1970,2.0,1,-9.0
790,NEP,Nepal,1971,2.0,1,-9.0
790,NEP,Nepal,1972,2.0,1,-9.0
790,NEP,Nepal,1973,2.0,1,-9.0
790,NEP,Nepal,1974,2.0,1,-9.0
790,NEP,Nepal,1975,2.0,1,-9.0
790,NEP,Nepal,1976,2.0,1,-9.0
790,NEP,Nepal,1977,2.0,1,-9.0
790,NEP,Nepal,1978,2.0,1,-9.0
790,NEP,Nepal,1979,2.0,1,-9.0
790,NEP,Nepal,1980,2.0,1,-9.0
790,NEP,Nepal,1981,6.0,2,-2.0
790,NEP,Nepal,1982,6.0,2,-2.0
790,NEP,Nepal,1983,6.0,2,-2.0
790,NEP,Nepal,1984,6.0,2,-2.0
790,NEP,Nepal,1985,6.0,2,-2.0
790,NEP,Nepal,1986,6.0,2,-2.0
790,NEP,Nepal,1987,6.0,2,-2.0
790,NEP,Nepal,1988,6.0,2,-2.0
790,NEP,Nepal,1989,6.0,2,-2.0
790,NEP,Nepal,1990,6.0,0,5.0
790,NEP,Nepal,1991,6.0,0,5.0
790,NEP,Nepal,1992,6.0,0,5.0
790,NEP,Nepal,1993,6.0,0,5.0
790,NEP,Nepal,1994,6.0,0,5.0
790,NEP,Nepal,1995,6.0,0,5.0
790,NEP,Nepal,1996,6.0,0,5.0
790,NEP,Nepal,1997,6.0,0,5.0
790,NEP,Nepal,1998,6.0,0,5.0
790,NEP,Nepal,1999,6.0,4,6.0
790,NEP,Nepal,2000,6.0,4,6.0
790,NEP,Nepal,2001,6.0,4,6.0
790,NEP,Nepal,2002,2.0,3,-6.0
790,NEP,Nepal,2003,2.0,3,-6.0
790,NEP,Nepal,2004,2.0,3,-6.0
790,NEP,Nepal,2005,2.0,3,-6.0
790,NEP,Nepal,2006,7.0,4,6.0
790,NEP,Nepal,2007,7.0,4,6.0
790,NEP,Nepal,2008,7.0,4,6.0
790,NEP,Nepal,2009,7.0,3,6.0
790,NEP,Nepal,2010,7.0,3,6.0
790,NEP,Nepal,2011,7.0,3,6.0
790,NEP,Nepal,2012,7.0,3,6.0
790,NEP,Nepal,2013,7.0,3,6.0
790,NEP,Nepal,2014,7.0,3,6.0
790,NEP,Nepal,2015,7.0,3,6.0
790,NEP,Nepal,2016,7.0,3,6.0
790,NEP,Nepal,2017,7.0,3,6.0
790,NEP,Nepal,2018,8.0,4,7.0
920,NEW,New Zealand,1857,8.0,5,10.0
920,NEW,New Zealand,1858,8.0,5,10.0
920,NEW,New Zealand,1859,8.0,5,10.0
920,NEW,New Zealand,1860,8.0,5,10.0
920,NEW,New Zealand,1861,8.0,5,10.0
920,NEW,New Zealand,1862,8.0,5,10.0
920,NEW,New Zealand,1863,8.0,5,10.0
920,NEW,New Zealand,1864,8.0,5,10.0
920,NEW,New Zealand,1865,8.0,5,10.0
920,NEW,New Zealand,1866,8.0,5,10.0
920,NEW,New Zealand,1867,8.0,5,10.0
920,NEW,New Zealand,1868,8.0,5,10.0
920,NEW,New Zealand,1869,8.0,5,10.0
920,NEW,New Zealand,1870,8.0,5,10.0
920,NEW,New Zealand,1871,8.0,5,10.0
920,NEW,New Zealand,1872,8.0,5,10.0
920,NEW,New Zealand,1873,8.0,5,10.0
920,NEW,New Zealand,1874,8.0,5,10.0
920,NEW,New Zealand,1875,8.0,5,10.0
920,NEW,New Zealand,1876,8.0,2,4.0
920,NEW,New Zealand,1877,8.0,4,9.0
920,NEW,New Zealand,1878,8.0,4,9.0
920,NEW,New Zealand,1879,8.0,4,9.0
920,NEW,New Zealand,1880,8.0,4,9.0
920,NEW,New Zealand,1881,8.0,4,9.0
920,NEW,New Zealand,1882,8.0,4,9.0
920,NEW,New Zealand,1883,8.0,4,9.0
920,NEW,New Zealand,1884,8.0,4,9.0
920,NEW,New Zealand,1885,8.0,4,9.0
920,NEW,New Zealand,1886,8.0,4,9.0
920,NEW,New Zealand,1887,8.0,4,9.0
920,NEW,New Zealand,1888,8.0,4,9.0
920,NEW,New Zealand,1889,8.0,4,9.0
920,NEW,New Zealand,1890,8.0,4,9.0
920,NEW,New Zealand,1891,8.0,4,9.0
920,NEW,New Zealand,1892,8.0,4,9.0
920,NEW,New Zealand,1893,8.0,5,10.0
920,NEW,New Zealand,1894,8.0,5,10.0
920,NEW,New Zealand,1895,8.0,5,10.0
920,NEW,New Zealand,1896,8.0,5,10.0
920,NEW,New Zealand,1897,8.0,5,10.0
920,NEW,New Zealand,1898,8.0,5,10.0
920,NEW,New Zealand,1899,8.0,5,10.0
920,NEW,New Zealand,1900,8.0,5,10.0
920,NEW,New Zealand,1901,8.0,5,10.0
920,NEW,New Zealand,1902,8.0,5,10.0
920,NEW,New Zealand,1903,8.0,5,10.0
920,NEW,New Zealand,1904,8.0,5,10.0
920,NEW,New Zealand,1905,8.0,5,10.0
920,NEW,New Zealand,1906,8.0,5,10.0
920,NEW,New Zealand,1907,8.0,5,10.0
920,NEW,New Zealand,1908,8.0,5,10.0
920,NEW,New Zealand,1909,8.0,5,10.0
920,NEW,New Zealand,1910,8.0,5,10.0
920,NEW,New Zealand,1911,8.0,5,10.0
920,NEW,New Zealand,1912,8.0,5,10.0
920,NEW,New Zealand,1913,8.0,5,10.0
920,NEW,New Zealand,1914,8.0,5,10.0
920,NEW,New Zealand,1915,8.0,5,10.0
920,NEW,New Zealand,1916,8.0,5,10.0
920,NEW,New Zealand,1917,8.0,5,10.0
920,NEW,New Zealand,1918,8.0,5,10.0
920,NEW,New Zealand,1919,8.0,5,10.0
920,NEW,New Zealand,1920,8.0,5,10.0
920,NEW,New Zealand,1921,8.0,5,10.0
920,NEW,New Zealand,1922,8.0,5,10.0
920,NEW,New Zealand,1923,8.0,5,10.0
920,NEW,New Zealand,1924,8.0,5,10.0
920,NEW,New Zealand,1925,8.0,5,10.0
920,NEW,New Zealand,1926,8.0,5,10.0
920,NEW,New Zealand,1927,8.0,5,10.0
920,NEW,New Zealand,1928,8.0,5,10.0
920,NEW,New Zealand,1929,8.0,5,10.0
920,NEW,New Zealand,1930,8.0,5,10.0
920,NEW,New Zealand,1931,8.0,5,10.0
920,NEW,New Zealand,1932,8.0,5,10.0
920,NEW,New Zealand,1933,8.0,5,10.0
920,NEW,New Zealand,1934,8.0,5,10.0
920,NEW,New Zealand,1935,8.0,5,10.0
920,NEW,New Zealand,1936,8.0,5,10.0
920,NEW,New Zealand,1937,8.0,5,10.0
920,NEW,New Zealand,1938,8.0,5,10.0
920,NEW,New Zealand,1939,8.0,5,10.0
920,NEW,New Zealand,1940,8.0,5,10.0
920,NEW,New Zealand,1941,8.0,5,10.0
920,NEW,New Zealand,1942,8.0,5,10.0
920,NEW,New Zealand,1943,8.0,5,10.0
920,NEW,New Zealand,1944,8.0,5,10.0
920,NEW,New Zealand,1945,8.0,5,10.0
920,NEW,New Zealand,1946,8.0,5,10.0
920,NEW,New Zealand,1947,8.0,5,10.0
920,NEW,New Zealand,1948,8.0,5,10.0
920,NEW,New Zealand,1949,8.0,5,10.0
920,NEW,New Zealand,1950,8.0,5,10.0
920,NEW,New Zealand,1951,8.0,5,10.0
920,NEW,New Zealand,1952,8.0,5,10.0
920,NEW,New Zealand,1953,8.0,5,10.0
920,NEW,New Zealand,1954,8.0,5,10.0
920,NEW,New Zealand,1955,8.0,5,10.0
920,NEW,New Zealand,1956,8.0,5,10.0
920,NEW,New Zealand,1957,8.0,5,10.0
920,NEW,New Zealand,1958,8.0,5,10.0
920,NEW,New Zealand,1959,8.0,5,10.0
920,NEW,New Zealand,1960,8.0,5,10.0
920,NEW,New Zealand,1961,8.0,5,10.0
920,NEW,New Zealand,1962,8.0,5,10.0
920,NEW,New Zealand,1963,8.0,5,10.0
920,NEW,New Zealand,1964,8.0,5,10.0
920,NEW,New Zealand,1965,8.0,5,10.0
920,NEW,New Zealand,1966,8.0,5,10.0
920,NEW,New Zealand,1967,8.0,5,10.0
920,NEW,New Zealand,1968,8.0,5,10.0
920,NEW,New Zealand,1969,8.0,5,10.0
920,NEW,New Zealand,1970,8.0,5,10.0
920,NEW,New Zealand,1971,8.0,5,10.0
920,NEW,New Zealand,1972,8.0,5,10.0
920,NEW,New Zealand,1973,8.0,5,10.0
920,NEW,New Zealand,1974,8.0,5,10.0
920,NEW,New Zealand,1975,8.0,5,10.0
920,NEW,New Zealand,1976,8.0,5,10.0
920,NEW,New Zealand,1977,8.0,5,10.0
920,NEW,New Zealand,1978,8.0,5,10.0
920,NEW,New Zealand,1979,8.0,5,10.0
920,NEW,New Zealand,1980,8.0,5,10.0
920,NEW,New Zealand,1981,8.0,5,10.0
920,NEW,New Zealand,1982,8.0,5,10.0
920,NEW,New Zealand,1983,8.0,5,10.0
920,NEW,New Zealand,1984,8.0,5,10.0
920,NEW,New Zealand,1985,8.0,5,10.0
920,NEW,New Zealand,1986,8.0,5,10.0
920,NEW,New Zealand,1987,8.0,5,10.0
920,NEW,New Zealand,1988,8.0,5,10.0
920,NEW,New Zealand,1989,8.0,5,10.0
920,NEW,New Zealand,1990,8.0,5,10.0
920,NEW,New Zealand,1991,8.0,5,10.0
920,NEW,New Zealand,1992,8.0,5,10.0
920,NEW,New Zealand,1993,8.0,5,10.0
920,NEW,New Zealand,1994,8.0,5,10.0
920,NEW,New Zealand,1995,8.0,5,10.0
920,NEW,New Zealand,1996,8.0,5,10.0
920,NEW,New Zealand,1997,8.0,5,10.0
920,NEW,New Zealand,1998,8.0,5,10.0
920,NEW,New Zealand,1999,8.0,5,10.0
920,NEW,New Zealand,2000,8.0,5,10.0
920,NEW,New Zealand,2001,8.0,5,10.0
920,NEW,New Zealand,2002,8.0,5,10.0
920,NEW,New Zealand,2003,8.0,5,10.0
920,NEW,New Zealand,2004,8.0,5,10.0
920,NEW,New Zealand,2005,8.0,5,10.0
920,NEW,New Zealand,2006,8.0,5,10.0
920,NEW,New Zealand,2007,8.0,5,10.0
920,NEW,New Zealand,2008,8.0,5,10.0
920,NEW,New Zealand,2009,8.0,5,10.0
920,NEW,New Zealand,2010,8.0,5,10.0
920,NEW,New Zealand,2011,8.0,5,10.0
920,NEW,New Zealand,2012,8.0,5,10.0
920,NEW,New Zealand,2013,8.0,5,10.0
920,NEW,New Zealand,2014,8.0,5,10.0
920,NEW,New Zealand,2015,8.0,5,10.0
920,NEW,New Zealand,2016,8.0,5,10.0
920,NEW,New Zealand,2017,8.0,5,10.0
920,NEW,New Zealand,2018,8.0,5,10.0
93,NIC,Nicaragua,1838,3.0,3,-5.0
93,NIC,Nicaragua,1839,3.0,3,-5.0
93,NIC,Nicaragua,1840,3.0,3,-5.0
93,NIC,Nicaragua,1841,3.0,3,-5.0
93,NIC,Nicaragua,1842,3.0,3,-5.0
93,NIC,Nicaragua,1843,3.0,3,-5.0
93,NIC,Nicaragua,1844,3.0,3,-5.0
93,NIC,Nicaragua,1845,3.0,3,-5.0
93,NIC,Nicaragua,1846,3.0,3,-5.0
93,NIC,Nicaragua,1847,3.0,3,-5.0
93,NIC,Nicaragua,1848,3.0,3,-5.0
93,NIC,Nicaragua,1849,3.0,3,-5.0
93,NIC,Nicaragua,1850,3.0,3,-5.0
93,NIC,Nicaragua,1851,3.0,3,-5.0
93,NIC,Nicaragua,1852,3.0,3,-5.0
93,NIC,Nicaragua,1853,3.0,3,-5.0
93,NIC,Nicaragua,1854,3.0,3,-5.0
93,NIC,Nicaragua,1855,3.0,3,-5.0
93,NIC,Nicaragua,1856,3.0,3,-5.0
93,NIC,Nicaragua,1857,3.0,3,-5.0
93,NIC,Nicaragua,1858,3.0,3,-5.0
93,NIC,Nicaragua,1859,3.0,3,-5.0
93,NIC,Nicaragua,1860,3.0,3,-5.0
93,NIC,Nicaragua,1861,3.0,3,-5.0
93,NIC,Nicaragua,1862,3.0,3,-5.0
93,NIC,Nicaragua,1863,3.0,3,-5.0
93,NIC,Nicaragua,1864,3.0,3,-5.0
93,NIC,Nicaragua,1865,3.0,3,-5.0
93,NIC,Nicaragua,1866,3.0,3,-5.0
93,NIC,Nicaragua,1867,3.0,3,-5.0
93,NIC,Nicaragua,1868,3.0,3,-5.0
93,NIC,Nicaragua,1869,3.0,3,-5.0
93,NIC,Nicaragua,1870,3.0,3,-5.0
93,NIC,Nicaragua,1871,3.0,3,-5.0
93,NIC,Nicaragua,1872,3.0,3,-5.0
93,NIC,Nicaragua,1873,3.0,3,-5.0
93,NIC,Nicaragua,1874,3.0,3,-5.0
93,NIC,Nicaragua,1875,3.0,3,-5.0
93,NIC,Nicaragua,1876,3.0,3,-5.0
93,NIC,Nicaragua,1877,3.0,3,-5.0
93,NIC,Nicaragua,1878,3.0,3,-5.0
93,NIC,Nicaragua,1879,3.0,3,-5.0
93,NIC,Nicaragua,1880,3.0,3,-5.0
93,NIC,Nicaragua,1881,3.0,3,-5.0
93,NIC,Nicaragua,1882,3.0,3,-5.0
93,NIC,Nicaragua,1883,3.0,3,-5.0
93,NIC,Nicaragua,1884,3.0,3,-5.0
93,NIC,Nicaragua,1885,3.0,3,-5.0
93,NIC,Nicaragua,1886,3.0,3,-5.0
93,NIC,Nicaragua,1887,3.0,3,-5.0
93,NIC,Nicaragua,1888,3.0,3,-5.0
93,NIC,Nicaragua,1889,3.0,3,-5.0
93,NIC,Nicaragua,1890,3.0,3,-5.0
93,NIC,Nicaragua,1891,3.0,3,-5.0
93,NIC,Nicaragua,1892,3.0,3,-5.0
93,NIC,Nicaragua,1893,3.0,3,-5.0
93,NIC,Nicaragua,1894,3.0,3,-5.0
93,NIC,Nicaragua,1895,3.0,3,-5.0
93,NIC,Nicaragua,1896,3.0,3,-5.0
93,NIC,Nicaragua,1897,3.0,3,-5.0
93,NIC,Nicaragua,1898,3.0,3,-5.0
93,NIC,Nicaragua,1899,3.0,3,-5.0
93,NIC,Nicaragua,1900,3.0,3,-5.0
93,NIC,Nicaragua,1901,3.0,3,-5.0
93,NIC,Nicaragua,1902,3.0,3,-5.0
93,NIC,Nicaragua,1903,3.0,3,-5.0
93,NIC,Nicaragua,1904,3.0,3,-5.0
93,NIC,Nicaragua,1905,3.0,3,-5.0
93,NIC,Nicaragua,1906,3.0,3,-5.0
93,NIC,Nicaragua,1907,3.0,3,-5.0
93,NIC,Nicaragua,1908,3.0,3,-5.0
93,NIC,Nicaragua,1909,3.0,3,-3.0
93,NIC,Nicaragua,1910,3.0,3,-3.0
93,NIC,Nicaragua,1911,3.0,3,-3.0
93,NIC,Nicaragua,1912,3.0,3,-3.0
93,NIC,Nicaragua,1913,3.0,3,-3.0
93,NIC,Nicaragua,1914,3.0,3,-3.0
93,NIC,Nicaragua,1915,3.0,3,-3.0
93,NIC,Nicaragua,1916,3.0,3,-3.0
93,NIC,Nicaragua,1917,3.0,3,-3.0
93,NIC,Nicaragua,1918,3.0,3,-3.0
93,NIC,Nicaragua,1919,3.0,3,-3.0
93,NIC,Nicaragua,1920,3.0,3,-3.0
93,NIC,Nicaragua,1921,3.0,3,-3.0
93,NIC,Nicaragua,1922,3.0,3,-3.0
93,NIC,Nicaragua,1923,3.0,3,-3.0
93,NIC,Nicaragua,1924,3.0,3,-3.0
93,NIC,Nicaragua,1925,3.0,3,-3.0
93,NIC,Nicaragua,1926,-66.0,-66,
93,NIC,Nicaragua,1927,-66.0,-66,
93,NIC,Nicaragua,1928,3.0,3,-3.0
93,NIC,Nicaragua,1929,3.0,3,-3.0
93,NIC,Nicaragua,1930,3.0,3,-3.0
93,NIC,Nicaragua,1931,3.0,3,-3.0
93,NIC,Nicaragua,1932,3.0,3,-3.0
93,NIC,Nicaragua,1933,3.0,3,-3.0
93,NIC,Nicaragua,1934,3.0,3,-3.0
93,NIC,Nicaragua,1935,3.0,3,-3.0
93,NIC,Nicaragua,1936,3.0,2,-8.0
93,NIC,Nicaragua,1937,3.0,2,-8.0
93,NIC,Nicaragua,1938,3.0,2,-8.0
93,NIC,Nicaragua,1939,3.0,2,-8.0
93,NIC,Nicaragua,1940,3.0,2,-8.0
93,NIC,Nicaragua,1941,3.0,2,-8.0
93,NIC,Nicaragua,1942,3.0,2,-8.0
93,NIC,Nicaragua,1943,3.0,2,-8.0
93,NIC,Nicaragua,1944,3.0,2,-8.0
93,NIC,Nicaragua,1945,3.0,2,-8.0
93,NIC,Nicaragua,1946,3.0,2,-8.0
93,NIC,Nicaragua,1947,3.0,2,-8.0
93,NIC,Nicaragua,1948,3.0,2,-8.0
93,NIC,Nicaragua,1949,3.0,2,-8.0
93,NIC,Nicaragua,1950,3.0,2,-8.0
93,NIC,Nicaragua,1951,3.0,2,-8.0
93,NIC,Nicaragua,1952,3.0,2,-8.0
93,NIC,Nicaragua,1953,3.0,2,-8.0
93,NIC,Nicaragua,1954,3.0,2,-8.0
93,NIC,Nicaragua,1955,3.0,2,-8.0
93,NIC,Nicaragua,1956,3.0,2,-8.0
93,NIC,Nicaragua,1957,3.0,2,-8.0
93,NIC,Nicaragua,1958,3.0,2,-8.0
93,NIC,Nicaragua,1959,3.0,2,-8.0
93,NIC,Nicaragua,1960,3.0,2,-8.0
93,NIC,Nicaragua,1961,3.0,2,-8.0
93,NIC,Nicaragua,1962,3.0,2,-8.0
93,NIC,Nicaragua,1963,3.0,2,-8.0
93,NIC,Nicaragua,1964,3.0,2,-8.0
93,NIC,Nicaragua,1965,3.0,2,-8.0
93,NIC,Nicaragua,1966,3.0,2,-8.0
93,NIC,Nicaragua,1967,3.0,2,-8.0
93,NIC,Nicaragua,1968,3.0,2,-8.0
93,NIC,Nicaragua,1969,3.0,2,-8.0
93,NIC,Nicaragua,1970,3.0,2,-8.0
93,NIC,Nicaragua,1971,3.0,2,-8.0
93,NIC,Nicaragua,1972,3.0,2,-8.0
93,NIC,Nicaragua,1973,3.0,2,-8.0
93,NIC,Nicaragua,1974,3.0,2,-8.0
93,NIC,Nicaragua,1975,3.0,2,-8.0
93,NIC,Nicaragua,1976,3.0,2,-8.0
93,NIC,Nicaragua,1977,3.0,2,-8.0
93,NIC,Nicaragua,1978,3.0,2,-8.0
93,NIC,Nicaragua,1979,5.0,2,-3.0
93,NIC,Nicaragua,1980,5.0,2,-3.0
93,NIC,Nicaragua,1981,4.0,2,-5.0
93,NIC,Nicaragua,1982,4.0,2,-5.0
93,NIC,Nicaragua,1983,4.0,2,-5.0
93,NIC,Nicaragua,1984,5.0,3,-1.0
93,NIC,Nicaragua,1985,5.0,3,-1.0
93,NIC,Nicaragua,1986,5.0,3,-1.0
93,NIC,Nicaragua,1987,5.0,3,-1.0
93,NIC,Nicaragua,1988,5.0,3,-1.0
93,NIC,Nicaragua,1989,5.0,3,-1.0
93,NIC,Nicaragua,1990,8.0,3,6.0
93,NIC,Nicaragua,1991,8.0,3,6.0
93,NIC,Nicaragua,1992,8.0,3,6.0
93,NIC,Nicaragua,1993,8.0,3,6.0
93,NIC,Nicaragua,1994,8.0,3,6.0
93,NIC,Nicaragua,1995,8.0,3,8.0
93,NIC,Nicaragua,1996,8.0,3,8.0
93,NIC,Nicaragua,1997,8.0,3,8.0
93,NIC,Nicaragua,1998,8.0,3,8.0
93,NIC,Nicaragua,1999,8.0,3,8.0
93,NIC,Nicaragua,2000,8.0,3,8.0
93,NIC,Nicaragua,2001,8.0,3,8.0
93,NIC,Nicaragua,2002,8.0,3,8.0
93,NIC,Nicaragua,2003,8.0,3,8.0
93,NIC,Nicaragua,2004,8.0,3,8.0
93,NIC,Nicaragua,2005,8.0,3,8.0
93,NIC,Nicaragua,2006,8.0,3,8.0
93,NIC,Nicaragua,2007,8.0,4,9.0
93,NIC,Nicaragua,2008,8.0,4,9.0
93,NIC,Nicaragua,2009,8.0,4,9.0
93,NIC,Nicaragua,2010,8.0,4,9.0
93,NIC,Nicaragua,2011,8.0,4,9.0
93,NIC,Nicaragua,2012,8.0,4,9.0
93,NIC,Nicaragua,2013,8.0,4,9.0
93,NIC,Nicaragua,2014,8.0,4,9.0
93,NIC,Nicaragua,2015,8.0,4,9.0
93,NIC,Nicaragua,2016,7.0,4,6.0
93,NIC,Nicaragua,2017,7.0,4,6.0
93,NIC,Nicaragua,2018,7.0,4,6.0
475,NIG,Nigeria,1960,8.0,3,8.0
475,NIG,Nigeria,1961,8.0,3,8.0
475,NIG,Nigeria,1962,8.0,3,8.0
475,NIG,Nigeria,1963,8.0,3,8.0
475,NIG,Nigeria,1964,8.0,3,7.0
475,NIG,Nigeria,1965,8.0,3,7.0
475,NIG,Nigeria,1966,4.0,1,-7.0
475,NIG,Nigeria,1967,4.0,1,-7.0
475,NIG,Nigeria,1968,4.0,1,-7.0
475,NIG,Nigeria,1969,4.0,1,-7.0
475,NIG,Nigeria,1970,4.0,1,-7.0
475,NIG,Nigeria,1971,4.0,1,-7.0
475,NIG,Nigeria,1972,4.0,1,-7.0
475,NIG,Nigeria,1973,4.0,1,-7.0
475,NIG,Nigeria,1974,4.0,1,-7.0
475,NIG,Nigeria,1975,4.0,1,-7.0
475,NIG,Nigeria,1976,4.0,1,-7.0
475,NIG,Nigeria,1977,4.0,1,-7.0
475,NIG,Nigeria,1978,-88.0,-88,0.0
475,NIG,Nigeria,1979,8.0,3,7.0
475,NIG,Nigeria,1980,8.0,3,7.0
475,NIG,Nigeria,1981,8.0,3,7.0
475,NIG,Nigeria,1982,8.0,3,7.0
475,NIG,Nigeria,1983,8.0,3,7.0
475,NIG,Nigeria,1984,4.0,1,-7.0
475,NIG,Nigeria,1985,4.0,1,-7.0
475,NIG,Nigeria,1986,4.0,1,-7.0
475,NIG,Nigeria,1987,4.0,1,-7.0
475,NIG,Nigeria,1988,4.0,1,-7.0
475,NIG,Nigeria,1989,4.0,2,-5.0
475,NIG,Nigeria,1990,4.0,2,-5.0
475,NIG,Nigeria,1991,4.0,2,-5.0
475,NIG,Nigeria,1992,4.0,2,-5.0
475,NIG,Nigeria,1993,4.0,1,-7.0
475,NIG,Nigeria,1994,4.0,1,-7.0
475,NIG,Nigeria,1995,4.0,2,-6.0
475,NIG,Nigeria,1996,4.0,2,-6.0
475,NIG,Nigeria,1997,4.0,2,-6.0
475,NIG,Nigeria,1998,-88.0,-88,-1.0
475,NIG,Nigeria,1999,7.0,0,4.0
475,NIG,Nigeria,2000,7.0,0,4.0
475,NIG,Nigeria,2001,7.0,0,4.0
475,NIG,Nigeria,2002,7.0,0,4.0
475,NIG,Nigeria,2003,7.0,0,4.0
475,NIG,Nigeria,2004,7.0,0,4.0
475,NIG,Nigeria,2005,7.0,0,4.0
475,NIG,Nigeria,2006,7.0,0,4.0
475,NIG,Nigeria,2007,7.0,0,4.0
475,NIG,Nigeria,2008,7.0,0,4.0
475,NIG,Nigeria,2009,7.0,0,4.0
475,NIG,Nigeria,2010,7.0,0,4.0
475,NIG,Nigeria,2011,7.0,0,4.0
475,NIG,Nigeria,2012,7.0,0,4.0
475,NIG,Nigeria,2013,7.0,0,4.0
475,NIG,Nigeria,2014,7.0,0,4.0
475,NIG,Nigeria,2015,8.0,4,7.0
475,NIG,Nigeria,2016,8.0,4,7.0
475,NIG,Nigeria,2017,8.0,4,7.0
475,NIG,Nigeria,2018,8.0,4,7.0
436,NIR,Niger,1960,3.0,0,-3.0
436,NIR,Niger,1961,3.0,0,-3.0
436,NIR,Niger,1962,3.0,0,-3.0
436,NIR,Niger,1963,3.0,0,-3.0
436,NIR,Niger,1964,3.0,0,-3.0
436,NIR,Niger,1965,3.0,0,-3.0
436,NIR,Niger,1966,3.0,0,-3.0
436,NIR,Niger,1967,3.0,0,-3.0
436,NIR,Niger,1968,3.0,0,-3.0
436,NIR,Niger,1969,3.0,0,-3.0
436,NIR,Niger,1970,3.0,0,-3.0
436,NIR,Niger,1971,3.0,0,-3.0
436,NIR,Niger,1972,3.0,0,-3.0
436,NIR,Niger,1973,3.0,0,-3.0
436,NIR,Niger,1974,4.0,1,-7.0
436,NIR,Niger,1975,4.0,1,-7.0
436,NIR,Niger,1976,4.0,1,-7.0
436,NIR,Niger,1977,4.0,1,-7.0
436,NIR,Niger,1978,4.0,1,-7.0
436,NIR,Niger,1979,4.0,1,-7.0
436,NIR,Niger,1980,4.0,1,-7.0
436,NIR,Niger,1981,4.0,1,-7.0
436,NIR,Niger,1982,4.0,1,-7.0
436,NIR,Niger,1983,4.0,1,-7.0
436,NIR,Niger,1984,4.0,1,-7.0
436,NIR,Niger,1985,4.0,1,-7.0
436,NIR,Niger,1986,4.0,1,-7.0
436,NIR,Niger,1987,5.0,1,-6.0
436,NIR,Niger,1988,5.0,1,-6.0
436,NIR,Niger,1989,5.0,1,-6.0
436,NIR,Niger,1990,5.0,2,-4.0
436,NIR,Niger,1991,-88.0,-88,-1.0
436,NIR,Niger,1992,-88.0,-88,3.0
436,NIR,Niger,1993,7.0,0,6.0
436,NIR,Niger,1994,7.0,0,6.0
436,NIR,Niger,1995,7.0,0,6.0
436,NIR,Niger,1996,4.0,3,-3.0
436,NIR,Niger,1997,4.0,3,-3.0
436,NIR,Niger,1998,4.0,3,-3.0
436,NIR,Niger,1999,7.0,4,5.0
436,NIR,Niger,2000,7.0,4,5.0
436,NIR,Niger,2001,7.0,4,5.0
436,NIR,Niger,2002,7.0,4,5.0
436,NIR,Niger,2003,7.0,4,5.0
436,NIR,Niger,2004,8.0,4,6.0
436,NIR,Niger,2005,8.0,4,6.0
436,NIR,Niger,2006,8.0,4,6.0
436,NIR,Niger,2007,8.0,4,6.0
436,NIR,Niger,2008,8.0,4,6.0
436,NIR,Niger,2009,4.0,2,-3.0
436,NIR,Niger,2010,5.0,4,3.0
436,NIR,Niger,2011,8.0,4,6.0
436,NIR,Niger,2012,8.0,4,6.0
436,NIR,Niger,2013,8.0,4,6.0
436,NIR,Niger,2014,8.0,4,6.0
436,NIR,Niger,2015,8.0,4,6.0
436,NIR,Niger,2016,7.0,4,5.0
436,NIR,Niger,2017,7.0,4,5.0
436,NIR,Niger,2018,7.0,4,5.0
385,NOR,Norway,1814,1.0,2,-7.0
385,NOR,Norway,1815,1.0,2,-7.0
385,NOR,Norway,1816,1.0,2,-7.0
385,NOR,Norway,1817,1.0,2,-7.0
385,NOR,Norway,1818,1.0,2,-7.0
385,NOR,Norway,1819,1.0,2,-7.0
385,NOR,Norway,1820,1.0,2,-7.0
385,NOR,Norway,1821,1.0,2,-7.0
385,NOR,Norway,1822,1.0,2,-7.0
385,NOR,Norway,1823,1.0,2,-7.0
385,NOR,Norway,1824,1.0,2,-7.0
385,NOR,Norway,1825,1.0,2,-7.0
385,NOR,Norway,1826,1.0,2,-7.0
385,NOR,Norway,1827,1.0,2,-7.0
385,NOR,Norway,1828,1.0,2,-7.0
385,NOR,Norway,1829,1.0,2,-7.0
385,NOR,Norway,1830,1.0,2,-7.0
385,NOR,Norway,1831,1.0,2,-7.0
385,NOR,Norway,1832,1.0,2,-7.0
385,NOR,Norway,1833,1.0,2,-7.0
385,NOR,Norway,1834,1.0,2,-7.0
385,NOR,Norway,1835,1.0,2,-7.0
385,NOR,Norway,1836,1.0,2,-7.0
385,NOR,Norway,1837,1.0,2,-7.0
385,NOR,Norway,1838,1.0,2,-7.0
385,NOR,Norway,1839,1.0,2,-7.0
385,NOR,Norway,1840,1.0,2,-7.0
385,NOR,Norway,1841,1.0,2,-7.0
385,NOR,Norway,1842,1.0,2,-7.0
385,NOR,Norway,1843,1.0,2,-7.0
385,NOR,Norway,1844,1.0,2,-7.0
385,NOR,Norway,1845,1.0,2,-7.0
385,NOR,Norway,1846,1.0,2,-7.0
385,NOR,Norway,1847,1.0,2,-7.0
385,NOR,Norway,1848,1.0,2,-7.0
385,NOR,Norway,1849,1.0,2,-7.0
385,NOR,Norway,1850,1.0,2,-7.0
385,NOR,Norway,1851,1.0,2,-7.0
385,NOR,Norway,1852,1.0,2,-7.0
385,NOR,Norway,1853,1.0,2,-7.0
385,NOR,Norway,1854,1.0,2,-7.0
385,NOR,Norway,1855,1.0,2,-7.0
385,NOR,Norway,1856,1.0,2,-7.0
385,NOR,Norway,1857,1.0,2,-7.0
385,NOR,Norway,1858,1.0,2,-7.0
385,NOR,Norway,1859,1.0,2,-7.0
385,NOR,Norway,1860,1.0,2,-7.0
385,NOR,Norway,1861,1.0,2,-7.0
385,NOR,Norway,1862,1.0,2,-7.0
385,NOR,Norway,1863,1.0,2,-7.0
385,NOR,Norway,1864,1.0,2,-7.0
385,NOR,Norway,1865,1.0,2,-7.0
385,NOR,Norway,1866,1.0,2,-7.0
385,NOR,Norway,1867,1.0,2,-7.0
385,NOR,Norway,1868,1.0,2,-7.0
385,NOR,Norway,1869,1.0,2,-7.0
385,NOR,Norway,1870,1.0,2,-7.0
385,NOR,Norway,1871,1.0,2,-7.0
385,NOR,Norway,1872,1.0,2,-7.0
385,NOR,Norway,1873,2.0,2,-4.0
385,NOR,Norway,1874,2.0,2,-4.0
385,NOR,Norway,1875,2.0,2,-4.0
385,NOR,Norway,1876,2.0,2,-4.0
385,NOR,Norway,1877,2.0,2,-4.0
385,NOR,Norway,1878,2.0,2,-4.0
385,NOR,Norway,1879,2.0,2,-4.0
385,NOR,Norway,1880,2.0,2,-4.0
385,NOR,Norway,1881,2.0,2,-4.0
385,NOR,Norway,1882,2.0,2,-4.0
385,NOR,Norway,1883,2.0,2,-4.0
385,NOR,Norway,1884,2.0,2,-2.0
385,NOR,Norway,1885,2.0,2,-2.0
385,NOR,Norway,1886,2.0,2,-2.0
385,NOR,Norway,1887,2.0,2,-2.0
385,NOR,Norway,1888,2.0,2,-2.0
385,NOR,Norway,1889,2.0,2,-2.0
385,NOR,Norway,1890,2.0,2,-2.0
385,NOR,Norway,1891,2.0,2,-2.0
385,NOR,Norway,1892,2.0,2,-2.0
385,NOR,Norway,1893,2.0,2,-2.0
385,NOR,Norway,1894,2.0,2,-2.0
385,NOR,Norway,1895,2.0,2,-2.0
385,NOR,Norway,1896,2.0,2,-2.0
385,NOR,Norway,1897,2.0,2,-2.0
385,NOR,Norway,1898,8.0,5,10.0
385,NOR,Norway,1899,8.0,5,10.0
385,NOR,Norway,1900,8.0,5,10.0
385,NOR,Norway,1901,8.0,5,10.0
385,NOR,Norway,1902,8.0,5,10.0
385,NOR,Norway,1903,8.0,5,10.0
385,NOR,Norway,1904,8.0,5,10.0
385,NOR,Norway,1905,8.0,5,10.0
385,NOR,Norway,1906,8.0,5,10.0
385,NOR,Norway,1907,8.0,5,10.0
385,NOR,Norway,1908,8.0,5,10.0
385,NOR,Norway,1909,8.0,5,10.0
385,NOR,Norway,1910,8.0,5,10.0
385,NOR,Norway,1911,8.0,5,10.0
385,NOR,Norway,1912,8.0,5,10.0
385,NOR,Norway,1913,8.0,5,10.0
385,NOR,Norway,1914,8.0,5,10.0
385,NOR,Norway,1915,8.0,5,10.0
385,NOR,Norway,1916,8.0,5,10.0
385,NOR,Norway,1917,8.0,5,10.0
385,NOR,Norway,1918,8.0,5,10.0
385,NOR,Norway,1919,8.0,5,10.0
385,NOR,Norway,1920,8.0,5,10.0
385,NOR,Norway,1921,8.0,5,10.0
385,NOR,Norway,1922,8.0,5,10.0
385,NOR,Norway,1923,8.0,5,10.0
385,NOR,Norway,1924,8.0,5,10.0
385,NOR,Norway,1925,8.0,5,10.0
385,NOR,Norway,1926,8.0,5,10.0
385,NOR,Norway,1927,8.0,5,10.0
385,NOR,Norway,1928,8.0,5,10.0
385,NOR,Norway,1929,8.0,5,10.0
385,NOR,Norway,1930,8.0,5,10.0
385,NOR,Norway,1931,8.0,5,10.0
385,NOR,Norway,1932,8.0,5,10.0
385,NOR,Norway,1933,8.0,5,10.0
385,NOR,Norway,1934,8.0,5,10.0
385,NOR,Norway,1935,8.0,5,10.0
385,NOR,Norway,1936,8.0,5,10.0
385,NOR,Norway,1937,8.0,5,10.0
385,NOR,Norway,1938,8.0,5,10.0
385,NOR,Norway,1939,8.0,5,10.0
385,NOR,Norway,1940,-66.0,-66,
385,NOR,Norway,1941,-66.0,-66,
385,NOR,Norway,1942,-66.0,-66,
385,NOR,Norway,1943,-66.0,-66,
385,NOR,Norway,1944,-66.0,-66,
385,NOR,Norway,1945,8.0,5,10.0
385,NOR,Norway,1946,8.0,5,10.0
385,NOR,Norway,1947,8.0,5,10.0
385,NOR,Norway,1948,8.0,5,10.0
385,NOR,Norway,1949,8.0,5,10.0
385,NOR,Norway,1950,8.0,5,10.0
385,NOR,Norway,1951,8.0,5,10.0
385,NOR,Norway,1952,8.0,5,10.0
385,NOR,Norway,1953,8.0,5,10.0
385,NOR,Norway,1954,8.0,5,10.0
385,NOR,Norway,1955,8.0,5,10.0
385,NOR,Norway,1956,8.0,5,10.0
385,NOR,Norway,1957,8.0,5,10.0
385,NOR,Norway,1958,8.0,5,10.0
385,NOR,Norway,1959,8.0,5,10.0
385,NOR,Norway,1960,8.0,5,10.0
385,NOR,Norway,1961,8.0,5,10.0
385,NOR,Norway,1962,8.0,5,10.0
385,NOR,Norway,1963,8.0,5,10.0
385,NOR,Norway,1964,8.0,5,10.0
385,NOR,Norway,1965,8.0,5,10.0
385,NOR,Norway,1966,8.0,5,10.0
385,NOR,Norway,1967,8.0,5,10.0
385,NOR,Norway,1968,8.0,5,10.0
385,NOR,Norway,1969,8.0,5,10.0
385,NOR,Norway,1970,8.0,5,10.0
385,NOR,Norway,1971,8.0,5,10.0
385,NOR,Norway,1972,8.0,5,10.0
385,NOR,Norway,1973,8.0,5,10.0
385,NOR,Norway,1974,8.0,5,10.0
385,NOR,Norway,1975,8.0,5,10.0
385,NOR,Norway,1976,8.0,5,10.0
385,NOR,Norway,1977,8.0,5,10.0
385,NOR,Norway,1978,8.0,5,10.0
385,NOR,Norway,1979,8.0,5,10.0
385,NOR,Norway,1980,8.0,5,10.0
385,NOR,Norway,1981,8.0,5,10.0
385,NOR,Norway,1982,8.0,5,10.0
385,NOR,Norway,1983,8.0,5,10.0
385,NOR,Norway,1984,8.0,5,10.0
385,NOR,Norway,1985,8.0,5,10.0
385,NOR,Norway,1986,8.0,5,10.0
385,NOR,Norway,1987,8.0,5,10.0
385,NOR,Norway,1988,8.0,5,10.0
385,NOR,Norway,1989,8.0,5,10.0
385,NOR,Norway,1990,8.0,5,10.0
385,NOR,Norway,1991,8.0,5,10.0
385,NOR,Norway,1992,8.0,5,10.0
385,NOR,Norway,1993,8.0,5,10.0
385,NOR,Norway,1994,8.0,5,10.0
385,NOR,Norway,1995,8.0,5,10.0
385,NOR,Norway,1996,8.0,5,10.0
385,NOR,Norway,1997,8.0,5,10.0
385,NOR,Norway,1998,8.0,5,10.0
385,NOR,Norway,1999,8.0,5,10.0
385,NOR,Norway,2000,8.0,5,10.0
385,NOR,Norway,2001,8.0,5,10.0
385,NOR,Norway,2002,8.0,5,10.0
385,NOR,Norway,2003,8.0,5,10.0
385,NOR,Norway,2004,8.0,5,10.0
385,NOR,Norway,2005,8.0,5,10.0
385,NOR,Norway,2006,8.0,5,10.0
385,NOR,Norway,2007,8.0,5,10.0
385,NOR,Norway,2008,8.0,5,10.0
385,NOR,Norway,2009,8.0,5,10.0
385,NOR,Norway,2010,8.0,5,10.0
385,NOR,Norway,2011,8.0,5,10.0
385,NOR,Norway,2012,8.0,5,10.0
385,NOR,Norway,2013,8.0,5,10.0
385,NOR,Norway,2014,8.0,5,10.0
385,NOR,Norway,2015,8.0,5,10.0
385,NOR,Norway,2016,8.0,5,10.0
385,NOR,Norway,2017,8.0,5,10.0
385,NOR,Norway,2018,8.0,5,10.0
210,NTH,Netherlands,1815,1.0,3,-6.0
210,NTH,Netherlands,1816,1.0,3,-6.0
210,NTH,Netherlands,1817,1.0,3,-6.0
210,NTH,Netherlands,1818,1.0,3,-6.0
210,NTH,Netherlands,1819,1.0,3,-6.0
210,NTH,Netherlands,1820,1.0,3,-6.0
210,NTH,Netherlands,1821,1.0,3,-6.0
210,NTH,Netherlands,1822,1.0,3,-6.0
210,NTH,Netherlands,1823,1.0,3,-6.0
210,NTH,Netherlands,1824,1.0,3,-6.0
210,NTH,Netherlands,1825,1.0,3,-6.0
210,NTH,Netherlands,1826,1.0,3,-6.0
210,NTH,Netherlands,1827,1.0,3,-6.0
210,NTH,Netherlands,1828,1.0,3,-6.0
210,NTH,Netherlands,1829,1.0,3,-6.0
210,NTH,Netherlands,1830,1.0,3,-6.0
210,NTH,Netherlands,1831,1.0,3,-6.0
210,NTH,Netherlands,1832,1.0,3,-6.0
210,NTH,Netherlands,1833,1.0,3,-6.0
210,NTH,Netherlands,1834,1.0,3,-6.0
210,NTH,Netherlands,1835,1.0,3,-6.0
210,NTH,Netherlands,1836,1.0,3,-6.0
210,NTH,Netherlands,1837,1.0,3,-6.0
210,NTH,Netherlands,1838,1.0,3,-6.0
210,NTH,Netherlands,1839,1.0,3,-6.0
210,NTH,Netherlands,1840,1.0,2,-7.0
210,NTH,Netherlands,1841,1.0,2,-7.0
210,NTH,Netherlands,1842,1.0,2,-7.0
210,NTH,Netherlands,1843,1.0,2,-7.0
210,NTH,Netherlands,1844,1.0,2,-7.0
210,NTH,Netherlands,1845,1.0,2,-7.0
210,NTH,Netherlands,1846,1.0,2,-7.0
210,NTH,Netherlands,1847,1.0,2,-7.0
210,NTH,Netherlands,1848,2.0,2,-4.0
210,NTH,Netherlands,1849,2.0,2,-3.0
210,NTH,Netherlands,1850,2.0,2,-3.0
210,NTH,Netherlands,1851,2.0,2,-3.0
210,NTH,Netherlands,1852,2.0,2,-3.0
210,NTH,Netherlands,1853,2.0,2,-3.0
210,NTH,Netherlands,1854,2.0,2,-3.0
210,NTH,Netherlands,1855,2.0,2,-3.0
210,NTH,Netherlands,1856,2.0,2,-3.0
210,NTH,Netherlands,1857,2.0,2,-3.0
210,NTH,Netherlands,1858,2.0,2,-3.0
210,NTH,Netherlands,1859,2.0,2,-3.0
210,NTH,Netherlands,1860,2.0,2,-3.0
210,NTH,Netherlands,1861,2.0,2,-3.0
210,NTH,Netherlands,1862,2.0,2,-3.0
210,NTH,Netherlands,1863,2.0,2,-3.0
210,NTH,Netherlands,1864,2.0,2,-3.0
210,NTH,Netherlands,1865,2.0,2,-3.0
210,NTH,Netherlands,1866,2.0,2,-3.0
210,NTH,Netherlands,1867,2.0,2,-3.0
210,NTH,Netherlands,1868,2.0,2,-3.0
210,NTH,Netherlands,1869,2.0,2,-3.0
210,NTH,Netherlands,1870,2.0,2,-3.0
210,NTH,Netherlands,1871,2.0,2,-3.0
210,NTH,Netherlands,1872,2.0,2,-3.0
210,NTH,Netherlands,1873,2.0,2,-3.0
210,NTH,Netherlands,1874,2.0,2,-3.0
210,NTH,Netherlands,1875,2.0,2,-3.0
210,NTH,Netherlands,1876,2.0,2,-3.0
210,NTH,Netherlands,1877,2.0,2,-3.0
210,NTH,Netherlands,1878,2.0,2,-3.0
210,NTH,Netherlands,1879,2.0,2,-3.0
210,NTH,Netherlands,1880,2.0,2,-3.0
210,NTH,Netherlands,1881,2.0,2,-3.0
210,NTH,Netherlands,1882,2.0,2,-3.0
210,NTH,Netherlands,1883,2.0,2,-3.0
210,NTH,Netherlands,1884,2.0,2,-3.0
210,NTH,Netherlands,1885,2.0,2,-3.0
210,NTH,Netherlands,1886,2.0,2,-3.0
210,NTH,Netherlands,1887,2.0,2,-3.0
210,NTH,Netherlands,1888,2.0,2,-3.0
210,NTH,Netherlands,1889,2.0,2,-2.0
210,NTH,Netherlands,1890,2.0,2,-2.0
210,NTH,Netherlands,1891,2.0,2,-2.0
210,NTH,Netherlands,1892,2.0,2,-2.0
210,NTH,Netherlands,1893,2.0,2,-2.0
210,NTH,Netherlands,1894,2.0,2,-2.0
210,NTH,Netherlands,1895,2.0,2,-2.0
210,NTH,Netherlands,1896,2.0,2,-2.0
210,NTH,Netherlands,1897,2.0,2,-2.0
210,NTH,Netherlands,1898,2.0,2,-2.0
210,NTH,Netherlands,1899,2.0,2,-2.0
210,NTH,Netherlands,1900,2.0,2,-2.0
210,NTH,Netherlands,1901,2.0,2,-2.0
210,NTH,Netherlands,1902,2.0,2,-2.0
210,NTH,Netherlands,1903,2.0,2,-2.0
210,NTH,Netherlands,1904,2.0,2,-2.0
210,NTH,Netherlands,1905,2.0,2,-2.0
210,NTH,Netherlands,1906,2.0,2,-2.0
210,NTH,Netherlands,1907,2.0,2,-2.0
210,NTH,Netherlands,1908,2.0,2,-2.0
210,NTH,Netherlands,1909,2.0,2,-2.0
210,NTH,Netherlands,1910,2.0,2,-2.0
210,NTH,Netherlands,1911,2.0,2,-2.0
210,NTH,Netherlands,1912,2.0,2,-2.0
210,NTH,Netherlands,1913,2.0,2,-2.0
210,NTH,Netherlands,1914,2.0,2,-2.0
210,NTH,Netherlands,1915,2.0,2,-2.0
210,NTH,Netherlands,1916,2.0,2,-2.0
210,NTH,Netherlands,1917,8.0,5,10.0
210,NTH,Netherlands,1918,8.0,5,10.0
210,NTH,Netherlands,1919,8.0,5,10.0
210,NTH,Netherlands,1920,8.0,5,10.0
210,NTH,Netherlands,1921,8.0,5,10.0
210,NTH,Netherlands,1922,8.0,5,10.0
210,NTH,Netherlands,1923,8.0,5,10.0
210,NTH,Netherlands,1924,8.0,5,10.0
210,NTH,Netherlands,1925,8.0,5,10.0
210,NTH,Netherlands,1926,8.0,5,10.0
210,NTH,Netherlands,1927,8.0,5,10.0
210,NTH,Netherlands,1928,8.0,5,10.0
210,NTH,Netherlands,1929,8.0,5,10.0
210,NTH,Netherlands,1930,8.0,5,10.0
210,NTH,Netherlands,1931,8.0,5,10.0
210,NTH,Netherlands,1932,8.0,5,10.0
210,NTH,Netherlands,1933,8.0,5,10.0
210,NTH,Netherlands,1934,8.0,5,10.0
210,NTH,Netherlands,1935,8.0,5,10.0
210,NTH,Netherlands,1936,8.0,5,10.0
210,NTH,Netherlands,1937,8.0,5,10.0
210,NTH,Netherlands,1938,8.0,5,10.0
210,NTH,Netherlands,1939,8.0,5,10.0
210,NTH,Netherlands,1940,-66.0,-66,
210,NTH,Netherlands,1941,-66.0,-66,
210,NTH,Netherlands,1942,-66.0,-66,
210,NTH,Netherlands,1943,-66.0,-66,
210,NTH,Netherlands,1944,-66.0,-66,
210,NTH,Netherlands,1945,8.0,5,10.0
210,NTH,Netherlands,1946,8.0,5,10.0
210,NTH,Netherlands,1947,8.0,5,10.0
210,NTH,Netherlands,1948,8.0,5,10.0
210,NTH,Netherlands,1949,8.0,5,10.0
210,NTH,Netherlands,1950,8.0,5,10.0
210,NTH,Netherlands,1951,8.0,5,10.0
210,NTH,Netherlands,1952,8.0,5,10.0
210,NTH,Netherlands,1953,8.0,5,10.0
210,NTH,Netherlands,1954,8.0,5,10.0
210,NTH,Netherlands,1955,8.0,5,10.0
210,NTH,Netherlands,1956,8.0,5,10.0
210,NTH,Netherlands,1957,8.0,5,10.0
210,NTH,Netherlands,1958,8.0,5,10.0
210,NTH,Netherlands,1959,8.0,5,10.0
210,NTH,Netherlands,1960,8.0,5,10.0
210,NTH,Netherlands,1961,8.0,5,10.0
210,NTH,Netherlands,1962,8.0,5,10.0
210,NTH,Netherlands,1963,8.0,5,10.0
210,NTH,Netherlands,1964,8.0,5,10.0
210,NTH,Netherlands,1965,8.0,5,10.0
210,NTH,Netherlands,1966,8.0,5,10.0
210,NTH,Netherlands,1967,8.0,5,10.0
210,NTH,Netherlands,1968,8.0,5,10.0
210,NTH,Netherlands,1969,8.0,5,10.0
210,NTH,Netherlands,1970,8.0,5,10.0
210,NTH,Netherlands,1971,8.0,5,10.0
210,NTH,Netherlands,1972,8.0,5,10.0
210,NTH,Netherlands,1973,8.0,5,10.0
210,NTH,Netherlands,1974,8.0,5,10.0
210,NTH,Netherlands,1975,8.0,5,10.0
210,NTH,Netherlands,1976,8.0,5,10.0
210,NTH,Netherlands,1977,8.0,5,10.0
210,NTH,Netherlands,1978,8.0,5,10.0
210,NTH,Netherlands,1979,8.0,5,10.0
210,NTH,Netherlands,1980,8.0,5,10.0
210,NTH,Netherlands,1981,8.0,5,10.0
210,NTH,Netherlands,1982,8.0,5,10.0
210,NTH,Netherlands,1983,8.0,5,10.0
210,NTH,Netherlands,1984,8.0,5,10.0
210,NTH,Netherlands,1985,8.0,5,10.0
210,NTH,Netherlands,1986,8.0,5,10.0
210,NTH,Netherlands,1987,8.0,5,10.0
210,NTH,Netherlands,1988,8.0,5,10.0
210,NTH,Netherlands,1989,8.0,5,10.0
210,NTH,Netherlands,1990,8.0,5,10.0
210,NTH,Netherlands,1991,8.0,5,10.0
210,NTH,Netherlands,1992,8.0,5,10.0
210,NTH,Netherlands,1993,8.0,5,10.0
210,NTH,Netherlands,1994,8.0,5,10.0
210,NTH,Netherlands,1995,8.0,5,10.0
210,NTH,Netherlands,1996,8.0,5,10.0
210,NTH,Netherlands,1997,8.0,5,10.0
210,NTH,Netherlands,1998,8.0,5,10.0
210,NTH,Netherlands,1999,8.0,5,10.0
210,NTH,Netherlands,2000,8.0,5,10.0
210,NTH,Netherlands,2001,8.0,5,10.0
210,NTH,Netherlands,2002,8.0,5,10.0
210,NTH,Netherlands,2003,8.0,5,10.0
210,NTH,Netherlands,2004,8.0,5,10.0
210,NTH,Netherlands,2005,8.0,5,10.0
210,NTH,Netherlands,2006,8.0,5,10.0
210,NTH,Netherlands,2007,8.0,5,10.0
210,NTH,Netherlands,2008,8.0,5,10.0
210,NTH,Netherlands,2009,8.0,5,10.0
210,NTH,Netherlands,2010,8.0,5,10.0
210,NTH,Netherlands,2011,8.0,5,10.0
210,NTH,Netherlands,2012,8.0,5,10.0
210,NTH,Netherlands,2013,8.0,5,10.0
210,NTH,Netherlands,2014,8.0,5,10.0
210,NTH,Netherlands,2015,8.0,5,10.0
210,NTH,Netherlands,2016,8.0,5,10.0
210,NTH,Netherlands,2017,8.0,5,10.0
210,NTH,Netherlands,2018,8.0,5,10.0
564,OFS,Orange Free State,1854,8.0,2,4.0
564,OFS,Orange Free State,1855,8.0,2,4.0
564,OFS,Orange Free State,1856,8.0,2,4.0
564,OFS,Orange Free State,1857,8.0,2,4.0
564,OFS,Orange Free State,1858,8.0,2,4.0
564,OFS,Orange Free State,1859,8.0,2,4.0
564,OFS,Orange Free State,1860,8.0,2,4.0
564,OFS,Orange Free State,1861,8.0,2,4.0
564,OFS,Orange Free State,1862,8.0,2,4.0
564,OFS,Orange Free State,1863,8.0,2,4.0
564,OFS,Orange Free State,1864,8.0,2,4.0
564,OFS,Orange Free State,1865,8.0,2,4.0
564,OFS,Orange Free State,1866,8.0,2,4.0
564,OFS,Orange Free State,1867,8.0,2,4.0
564,OFS,Orange Free State,1868,8.0,2,4.0
564,OFS,Orange Free State,1869,8.0,2,4.0
564,OFS,Orange Free State,1870,8.0,2,4.0
564,OFS,Orange Free State,1871,8.0,2,4.0
564,OFS,Orange Free State,1872,8.0,2,4.0
564,OFS,Orange Free State,1873,8.0,2,4.0
564,OFS,Orange Free State,1874,8.0,2,4.0
564,OFS,Orange Free State,1875,8.0,2,4.0
564,OFS,Orange Free State,1876,8.0,2,4.0
564,OFS,Orange Free State,1877,8.0,2,4.0
564,OFS,Orange Free State,1878,8.0,2,4.0
564,OFS,Orange Free State,1879,8.0,2,4.0
564,OFS,Orange Free State,1880,8.0,2,4.0
564,OFS,Orange Free State,1881,8.0,2,4.0
564,OFS,Orange Free State,1882,8.0,2,4.0
564,OFS,Orange Free State,1883,8.0,2,4.0
564,OFS,Orange Free State,1884,8.0,2,4.0
564,OFS,Orange Free State,1885,8.0,2,4.0
564,OFS,Orange Free State,1886,8.0,2,4.0
564,OFS,Orange Free State,1887,8.0,2,4.0
564,OFS,Orange Free State,1888,8.0,2,4.0
564,OFS,Orange Free State,1889,8.0,2,4.0
564,OFS,Orange Free State,1890,8.0,2,4.0
564,OFS,Orange Free State,1891,8.0,2,4.0
564,OFS,Orange Free State,1892,8.0,2,4.0
564,OFS,Orange Free State,1893,8.0,2,4.0
564,OFS,Orange Free State,1894,8.0,2,4.0
564,OFS,Orange Free State,1895,8.0,2,4.0
564,OFS,Orange Free State,1896,8.0,2,4.0
564,OFS,Orange Free State,1897,8.0,2,4.0
564,OFS,Orange Free State,1898,8.0,2,4.0
564,OFS,Orange Free State,1899,8.0,2,4.0
564,OFS,Orange Free State,1900,8.0,2,4.0
564,OFS,Orange Free State,1901,8.0,2,4.0
564,OFS,Orange Free State,1902,8.0,2,4.0
698,OMA,Oman,1800,1.0,0,-6.0
698,OMA,Oman,1801,1.0,0,-6.0
698,OMA,Oman,1802,1.0,0,-6.0
698,OMA,Oman,1803,1.0,0,-6.0
698,OMA,Oman,1804,1.0,0,-6.0
698,OMA,Oman,1805,1.0,0,-6.0
698,OMA,Oman,1806,1.0,0,-6.0
698,OMA,Oman,1807,1.0,0,-6.0
698,OMA,Oman,1808,1.0,0,-6.0
698,OMA,Oman,1809,1.0,0,-6.0
698,OMA,Oman,1810,1.0,0,-6.0
698,OMA,Oman,1811,1.0,0,-6.0
698,OMA,Oman,1812,1.0,0,-6.0
698,OMA,Oman,1813,1.0,0,-6.0
698,OMA,Oman,1814,1.0,0,-6.0
698,OMA,Oman,1815,1.0,0,-6.0
698,OMA,Oman,1816,1.0,0,-6.0
698,OMA,Oman,1817,1.0,0,-6.0
698,OMA,Oman,1818,1.0,0,-6.0
698,OMA,Oman,1819,1.0,0,-6.0
698,OMA,Oman,1820,1.0,0,-6.0
698,OMA,Oman,1821,1.0,0,-6.0
698,OMA,Oman,1822,1.0,0,-6.0
698,OMA,Oman,1823,1.0,0,-6.0
698,OMA,Oman,1824,1.0,0,-6.0
698,OMA,Oman,1825,1.0,0,-6.0
698,OMA,Oman,1826,1.0,0,-6.0
698,OMA,Oman,1827,1.0,0,-6.0
698,OMA,Oman,1828,1.0,0,-6.0
698,OMA,Oman,1829,1.0,0,-6.0
698,OMA,Oman,1830,1.0,0,-6.0
698,OMA,Oman,1831,1.0,0,-6.0
698,OMA,Oman,1832,1.0,0,-6.0
698,OMA,Oman,1833,1.0,0,-6.0
698,OMA,Oman,1834,1.0,0,-6.0
698,OMA,Oman,1835,1.0,0,-6.0
698,OMA,Oman,1836,1.0,0,-6.0
698,OMA,Oman,1837,1.0,0,-6.0
698,OMA,Oman,1838,1.0,0,-6.0
698,OMA,Oman,1839,1.0,0,-6.0
698,OMA,Oman,1840,1.0,0,-6.0
698,OMA,Oman,1841,1.0,0,-6.0
698,OMA,Oman,1842,1.0,0,-6.0
698,OMA,Oman,1843,1.0,0,-6.0
698,OMA,Oman,1844,1.0,0,-6.0
698,OMA,Oman,1845,1.0,0,-6.0
698,OMA,Oman,1846,1.0,0,-6.0
698,OMA,Oman,1847,1.0,0,-6.0
698,OMA,Oman,1848,1.0,0,-6.0
698,OMA,Oman,1849,1.0,0,-6.0
698,OMA,Oman,1850,1.0,0,-6.0
698,OMA,Oman,1851,1.0,0,-6.0
698,OMA,Oman,1852,1.0,0,-6.0
698,OMA,Oman,1853,1.0,0,-6.0
698,OMA,Oman,1854,1.0,0,-6.0
698,OMA,Oman,1855,1.0,0,-6.0
698,OMA,Oman,1856,1.0,0,-6.0
698,OMA,Oman,1857,1.0,0,-6.0
698,OMA,Oman,1858,1.0,0,-6.0
698,OMA,Oman,1859,1.0,0,-6.0
698,OMA,Oman,1860,1.0,0,-6.0
698,OMA,Oman,1861,1.0,0,-6.0
698,OMA,Oman,1862,1.0,0,-6.0
698,OMA,Oman,1863,1.0,0,-6.0
698,OMA,Oman,1864,1.0,0,-6.0
698,OMA,Oman,1865,1.0,0,-6.0
698,OMA,Oman,1866,1.0,0,-6.0
698,OMA,Oman,1867,1.0,0,-6.0
698,OMA,Oman,1868,1.0,0,-6.0
698,OMA,Oman,1869,1.0,0,-6.0
698,OMA,Oman,1870,1.0,0,-6.0
698,OMA,Oman,1871,1.0,0,-6.0
698,OMA,Oman,1872,1.0,0,-6.0
698,OMA,Oman,1873,1.0,0,-6.0
698,OMA,Oman,1874,1.0,0,-6.0
698,OMA,Oman,1875,1.0,0,-6.0
698,OMA,Oman,1876,1.0,0,-6.0
698,OMA,Oman,1877,1.0,0,-6.0
698,OMA,Oman,1878,1.0,0,-6.0
698,OMA,Oman,1879,1.0,0,-6.0
698,OMA,Oman,1880,1.0,0,-6.0
698,OMA,Oman,1881,1.0,0,-6.0
698,OMA,Oman,1882,1.0,0,-6.0
698,OMA,Oman,1883,1.0,0,-6.0
698,OMA,Oman,1884,1.0,0,-6.0
698,OMA,Oman,1885,1.0,0,-6.0
698,OMA,Oman,1886,1.0,0,-6.0
698,OMA,Oman,1887,1.0,0,-6.0
698,OMA,Oman,1888,1.0,0,-6.0
698,OMA,Oman,1889,1.0,0,-6.0
698,OMA,Oman,1890,1.0,0,-6.0
698,OMA,Oman,1891,1.0,0,-6.0
698,OMA,Oman,1892,1.0,0,-6.0
698,OMA,Oman,1893,1.0,0,-6.0
698,OMA,Oman,1894,1.0,0,-6.0
698,OMA,Oman,1895,1.0,0,-6.0
698,OMA,Oman,1896,1.0,0,-6.0
698,OMA,Oman,1897,1.0,0,-6.0
698,OMA,Oman,1898,1.0,0,-6.0
698,OMA,Oman,1899,1.0,0,-6.0
698,OMA,Oman,1900,1.0,0,-6.0
698,OMA,Oman,1901,1.0,0,-6.0
698,OMA,Oman,1902,1.0,0,-6.0
698,OMA,Oman,1903,1.0,0,-6.0
698,OMA,Oman,1904,1.0,0,-6.0
698,OMA,Oman,1905,1.0,0,-6.0
698,OMA,Oman,1906,1.0,0,-6.0
698,OMA,Oman,1907,1.0,0,-6.0
698,OMA,Oman,1908,1.0,0,-6.0
698,OMA,Oman,1909,1.0,0,-6.0
698,OMA,Oman,1910,1.0,0,-6.0
698,OMA,Oman,1911,1.0,0,-6.0
698,OMA,Oman,1912,1.0,0,-6.0
698,OMA,Oman,1913,1.0,0,-6.0
698,OMA,Oman,1914,1.0,0,-6.0
698,OMA,Oman,1915,1.0,0,-6.0
698,OMA,Oman,1916,1.0,0,-6.0
698,OMA,Oman,1917,1.0,0,-6.0
698,OMA,Oman,1918,1.0,0,-6.0
698,OMA,Oman,1919,1.0,0,-6.0
698,OMA,Oman,1920,1.0,0,-6.0
698,OMA,Oman,1921,1.0,0,-6.0
698,OMA,Oman,1922,1.0,0,-6.0
698,OMA,Oman,1923,1.0,0,-6.0
698,OMA,Oman,1924,1.0,0,-6.0
698,OMA,Oman,1925,1.0,0,-6.0
698,OMA,Oman,1926,1.0,0,-6.0
698,OMA,Oman,1927,1.0,0,-6.0
698,OMA,Oman,1928,1.0,0,-6.0
698,OMA,Oman,1929,1.0,0,-6.0
698,OMA,Oman,1930,1.0,0,-6.0
698,OMA,Oman,1931,1.0,0,-6.0
698,OMA,Oman,1932,1.0,0,-6.0
698,OMA,Oman,1933,1.0,0,-6.0
698,OMA,Oman,1934,1.0,0,-6.0
698,OMA,Oman,1935,1.0,0,-6.0
698,OMA,Oman,1936,1.0,0,-6.0
698,OMA,Oman,1937,1.0,0,-6.0
698,OMA,Oman,1938,1.0,0,-6.0
698,OMA,Oman,1939,1.0,0,-6.0
698,OMA,Oman,1940,1.0,0,-6.0
698,OMA,Oman,1941,1.0,0,-6.0
698,OMA,Oman,1942,1.0,0,-6.0
698,OMA,Oman,1943,1.0,0,-6.0
698,OMA,Oman,1944,1.0,0,-6.0
698,OMA,Oman,1945,1.0,0,-6.0
698,OMA,Oman,1946,1.0,0,-6.0
698,OMA,Oman,1947,1.0,0,-6.0
698,OMA,Oman,1948,1.0,0,-6.0
698,OMA,Oman,1949,1.0,0,-6.0
698,OMA,Oman,1950,1.0,0,-6.0
698,OMA,Oman,1951,1.0,0,-6.0
698,OMA,Oman,1952,1.0,0,-6.0
698,OMA,Oman,1953,1.0,0,-6.0
698,OMA,Oman,1954,1.0,0,-6.0
698,OMA,Oman,1955,1.0,0,-6.0
698,OMA,Oman,1956,1.0,0,-6.0
698,OMA,Oman,1957,1.0,1,-10.0
698,OMA,Oman,1958,1.0,1,-10.0
698,OMA,Oman,1959,1.0,1,-10.0
698,OMA,Oman,1960,1.0,1,-10.0
698,OMA,Oman,1961,1.0,1,-10.0
698,OMA,Oman,1962,1.0,1,-10.0
698,OMA,Oman,1963,1.0,1,-10.0
698,OMA,Oman,1964,1.0,1,-10.0
698,OMA,Oman,1965,1.0,1,-10.0
698,OMA,Oman,1966,1.0,1,-10.0
698,OMA,Oman,1967,1.0,1,-10.0
698,OMA,Oman,1968,1.0,1,-10.0
698,OMA,Oman,1969,1.0,1,-10.0
698,OMA,Oman,1970,1.0,1,-10.0
698,OMA,Oman,1971,1.0,1,-10.0
698,OMA,Oman,1972,1.0,1,-10.0
698,OMA,Oman,1973,1.0,1,-10.0
698,OMA,Oman,1974,1.0,1,-10.0
698,OMA,Oman,1975,1.0,1,-10.0
698,OMA,Oman,1976,1.0,1,-10.0
698,OMA,Oman,1977,1.0,1,-10.0
698,OMA,Oman,1978,1.0,1,-10.0
698,OMA,Oman,1979,1.0,1,-10.0
698,OMA,Oman,1980,1.0,1,-10.0
698,OMA,Oman,1981,1.0,1,-10.0
698,OMA,Oman,1982,1.0,1,-10.0
698,OMA,Oman,1983,1.0,1,-10.0
698,OMA,Oman,1984,1.0,1,-10.0
698,OMA,Oman,1985,1.0,1,-10.0
698,OMA,Oman,1986,1.0,1,-10.0
698,OMA,Oman,1987,1.0,1,-10.0
698,OMA,Oman,1988,1.0,1,-10.0
698,OMA,Oman,1989,1.0,1,-10.0
698,OMA,Oman,1990,1.0,1,-10.0
698,OMA,Oman,1991,1.0,1,-9.0
698,OMA,Oman,1992,1.0,1,-9.0
698,OMA,Oman,1993,1.0,1,-9.0
698,OMA,Oman,1994,1.0,1,-9.0
698,OMA,Oman,1995,1.0,1,-9.0
698,OMA,Oman,1996,1.0,1,-9.0
698,OMA,Oman,1997,1.0,1,-9.0
698,OMA,Oman,1998,1.0,1,-9.0
698,OMA,Oman,1999,1.0,1,-9.0
698,OMA,Oman,2000,1.0,1,-9.0
698,OMA,Oman,2001,1.0,1,-9.0
698,OMA,Oman,2002,1.0,2,-8.0
698,OMA,Oman,2003,1.0,2,-8.0
698,OMA,Oman,2004,1.0,2,-8.0
698,OMA,Oman,2005,1.0,2,-8.0
698,OMA,Oman,2006,1.0,2,-8.0
698,OMA,Oman,2007,1.0,2,-8.0
698,OMA,Oman,2008,1.0,2,-8.0
698,OMA,Oman,2009,1.0,2,-8.0
698,OMA,Oman,2010,1.0,2,-8.0
698,OMA,Oman,2011,1.0,2,-8.0
698,OMA,Oman,2012,1.0,2,-8.0
698,OMA,Oman,2013,1.0,2,-8.0
698,OMA,Oman,2014,1.0,2,-8.0
698,OMA,Oman,2015,1.0,2,-8.0
698,OMA,Oman,2016,1.0,2,-8.0
698,OMA,Oman,2017,1.0,2,-8.0
698,OMA,Oman,2018,1.0,2,-8.0
770,PAK,Pakistan,1972,-88.0,-88,4.0
770,PAK,Pakistan,1973,8.0,3,8.0
770,PAK,Pakistan,1974,8.0,3,8.0
770,PAK,Pakistan,1975,8.0,3,8.0
770,PAK,Pakistan,1976,8.0,3,8.0
770,PAK,Pakistan,1977,4.0,1,-7.0
770,PAK,Pakistan,1978,4.0,1,-7.0
770,PAK,Pakistan,1979,4.0,1,-7.0
770,PAK,Pakistan,1980,4.0,1,-7.0
770,PAK,Pakistan,1981,4.0,1,-7.0
770,PAK,Pakistan,1982,4.0,1,-7.0
770,PAK,Pakistan,1983,4.0,1,-7.0
770,PAK,Pakistan,1984,4.0,1,-7.0
770,PAK,Pakistan,1985,5.0,2,-4.0
770,PAK,Pakistan,1986,5.0,2,-4.0
770,PAK,Pakistan,1987,5.0,2,-4.0
770,PAK,Pakistan,1988,8.0,3,8.0
770,PAK,Pakistan,1989,8.0,3,8.0
770,PAK,Pakistan,1990,8.0,3,8.0
770,PAK,Pakistan,1991,8.0,3,8.0
770,PAK,Pakistan,1992,8.0,3,8.0
770,PAK,Pakistan,1993,8.0,3,8.0
770,PAK,Pakistan,1994,8.0,3,8.0
770,PAK,Pakistan,1995,8.0,3,8.0
770,PAK,Pakistan,1996,8.0,3,8.0
770,PAK,Pakistan,1997,8.0,3,7.0
770,PAK,Pakistan,1998,8.0,3,7.0
770,PAK,Pakistan,1999,4.0,2,-6.0
770,PAK,Pakistan,2000,4.0,2,-6.0
770,PAK,Pakistan,2001,4.0,2,-6.0
770,PAK,Pakistan,2002,5.0,2,-5.0
770,PAK,Pakistan,2003,5.0,2,-5.0
770,PAK,Pakistan,2004,5.0,2,-5.0
770,PAK,Pakistan,2005,5.0,2,-5.0
770,PAK,Pakistan,2006,5.0,2,-5.0
770,PAK,Pakistan,2007,5.0,3,2.0
770,PAK,Pakistan,2008,7.0,3,5.0
770,PAK,Pakistan,2009,7.0,3,5.0
770,PAK,Pakistan,2010,7.0,3,6.0
770,PAK,Pakistan,2011,7.0,3,6.0
770,PAK,Pakistan,2012,7.0,3,6.0
770,PAK,Pakistan,2013,8.0,3,7.0
770,PAK,Pakistan,2014,8.0,3,7.0
770,PAK,Pakistan,2015,8.0,3,7.0
770,PAK,Pakistan,2016,8.0,3,7.0
770,PAK,Pakistan,2017,8.0,3,7.0
770,PAK,Pakistan,2018,8.0,3,7.0
95,PAN,Panama,1903,3.0,0,-3.0
95,PAN,Panama,1904,3.0,0,-3.0
95,PAN,Panama,1905,3.0,0,-3.0
95,PAN,Panama,1906,3.0,0,-3.0
95,PAN,Panama,1907,3.0,0,-3.0
95,PAN,Panama,1908,3.0,0,-3.0
95,PAN,Panama,1909,3.0,0,-3.0
95,PAN,Panama,1910,3.0,0,-3.0
95,PAN,Panama,1911,3.0,0,-3.0
95,PAN,Panama,1912,3.0,0,-3.0
95,PAN,Panama,1913,3.0,0,-3.0
95,PAN,Panama,1914,3.0,0,-3.0
95,PAN,Panama,1915,3.0,0,-3.0
95,PAN,Panama,1916,3.0,0,-3.0
95,PAN,Panama,1917,3.0,0,-3.0
95,PAN,Panama,1918,3.0,0,-3.0
95,PAN,Panama,1919,3.0,0,-3.0
95,PAN,Panama,1920,3.0,0,-3.0
95,PAN,Panama,1921,3.0,0,-3.0
95,PAN,Panama,1922,3.0,0,-3.0
95,PAN,Panama,1923,3.0,0,-3.0
95,PAN,Panama,1924,3.0,0,-3.0
95,PAN,Panama,1925,3.0,0,-3.0
95,PAN,Panama,1926,3.0,0,-3.0
95,PAN,Panama,1927,3.0,0,-3.0
95,PAN,Panama,1928,3.0,0,-3.0
95,PAN,Panama,1929,3.0,0,-3.0
95,PAN,Panama,1930,3.0,0,-3.0
95,PAN,Panama,1931,3.0,0,-3.0
95,PAN,Panama,1932,3.0,0,-3.0
95,PAN,Panama,1933,3.0,0,-3.0
95,PAN,Panama,1934,3.0,0,-3.0
95,PAN,Panama,1935,3.0,0,-3.0
95,PAN,Panama,1936,3.0,0,-3.0
95,PAN,Panama,1937,3.0,0,-3.0
95,PAN,Panama,1938,3.0,0,-3.0
95,PAN,Panama,1939,3.0,0,-3.0
95,PAN,Panama,1940,3.0,0,-3.0
95,PAN,Panama,1941,3.0,0,-3.0
95,PAN,Panama,1942,3.0,0,-3.0
95,PAN,Panama,1943,3.0,0,-3.0
95,PAN,Panama,1944,3.0,0,-3.0
95,PAN,Panama,1945,3.0,0,-3.0
95,PAN,Panama,1946,3.0,0,-3.0
95,PAN,Panama,1947,3.0,0,-3.0
95,PAN,Panama,1948,3.0,0,-3.0
95,PAN,Panama,1949,3.0,0,-1.0
95,PAN,Panama,1950,3.0,0,-1.0
95,PAN,Panama,1951,3.0,0,-1.0
95,PAN,Panama,1952,3.0,0,-1.0
95,PAN,Panama,1953,3.0,0,-1.0
95,PAN,Panama,1954,3.0,0,-1.0
95,PAN,Panama,1955,7.0,3,4.0
95,PAN,Panama,1956,7.0,3,4.0
95,PAN,Panama,1957,7.0,3,4.0
95,PAN,Panama,1958,7.0,3,4.0
95,PAN,Panama,1959,7.0,3,4.0
95,PAN,Panama,1960,7.0,3,4.0
95,PAN,Panama,1961,7.0,3,4.0
95,PAN,Panama,1962,7.0,3,4.0
95,PAN,Panama,1963,7.0,3,4.0
95,PAN,Panama,1964,7.0,3,4.0
95,PAN,Panama,1965,7.0,3,4.0
95,PAN,Panama,1966,7.0,3,4.0
95,PAN,Panama,1967,7.0,3,4.0
95,PAN,Panama,1968,4.0,1,-7.0
95,PAN,Panama,1969,5.0,1,-7.0
95,PAN,Panama,1970,5.0,1,-7.0
95,PAN,Panama,1971,5.0,1,-7.0
95,PAN,Panama,1972,5.0,1,-7.0
95,PAN,Panama,1973,5.0,1,-7.0
95,PAN,Panama,1974,5.0,1,-7.0
95,PAN,Panama,1975,5.0,1,-7.0
95,PAN,Panama,1976,5.0,1,-7.0
95,PAN,Panama,1977,5.0,1,-7.0
95,PAN,Panama,1978,3.0,2,-6.0
95,PAN,Panama,1979,3.0,2,-6.0
95,PAN,Panama,1980,3.0,2,-6.0
95,PAN,Panama,1981,3.0,2,-6.0
95,PAN,Panama,1982,3.0,2,-5.0
95,PAN,Panama,1983,3.0,2,-5.0
95,PAN,Panama,1984,3.0,2,-6.0
95,PAN,Panama,1985,3.0,2,-6.0
95,PAN,Panama,1986,3.0,2,-6.0
95,PAN,Panama,1987,3.0,1,-8.0
95,PAN,Panama,1988,3.0,1,-8.0
95,PAN,Panama,1989,8.0,4,8.0
95,PAN,Panama,1990,8.0,4,8.0
95,PAN,Panama,1991,8.0,4,8.0
95,PAN,Panama,1992,8.0,4,8.0
95,PAN,Panama,1993,8.0,4,8.0
95,PAN,Panama,1994,8.0,5,9.0
95,PAN,Panama,1995,8.0,5,9.0
95,PAN,Panama,1996,8.0,5,9.0
95,PAN,Panama,1997,8.0,5,9.0
95,PAN,Panama,1998,8.0,5,9.0
95,PAN,Panama,1999,8.0,5,9.0
95,PAN,Panama,2000,8.0,5,9.0
95,PAN,Panama,2001,8.0,5,9.0
95,PAN,Panama,2002,8.0,5,9.0
95,PAN,Panama,2003,8.0,5,9.0
95,PAN,Panama,2004,8.0,5,9.0
95,PAN,Panama,2005,8.0,5,9.0
95,PAN,Panama,2006,8.0,5,9.0
95,PAN,Panama,2007,8.0,5,9.0
95,PAN,Panama,2008,8.0,5,9.0
95,PAN,Panama,2009,8.0,5,9.0
95,PAN,Panama,2010,8.0,5,9.0
95,PAN,Panama,2011,8.0,5,9.0
95,PAN,Panama,2012,8.0,5,9.0
95,PAN,Panama,2013,8.0,5,9.0
95,PAN,Panama,2014,8.0,5,9.0
95,PAN,Panama,2015,8.0,5,9.0
95,PAN,Panama,2016,8.0,5,9.0
95,PAN,Panama,2017,8.0,5,9.0
95,PAN,Panama,2018,8.0,5,9.0
327,PAP,Papal States,1815,3.0,1,-9.0
327,PAP,Papal States,1816,3.0,1,-9.0
327,PAP,Papal States,1817,3.0,1,-9.0
327,PAP,Papal States,1818,3.0,1,-9.0
327,PAP,Papal States,1819,3.0,1,-9.0
327,PAP,Papal States,1820,3.0,1,-9.0
327,PAP,Papal States,1821,3.0,1,-9.0
327,PAP,Papal States,1822,3.0,1,-9.0
327,PAP,Papal States,1823,3.0,1,-9.0
327,PAP,Papal States,1824,3.0,1,-9.0
327,PAP,Papal States,1825,3.0,1,-9.0
327,PAP,Papal States,1826,3.0,1,-9.0
327,PAP,Papal States,1827,3.0,1,-9.0
327,PAP,Papal States,1828,3.0,1,-9.0
327,PAP,Papal States,1829,3.0,1,-9.0
327,PAP,Papal States,1830,3.0,1,-9.0
327,PAP,Papal States,1831,3.0,1,-9.0
327,PAP,Papal States,1832,3.0,1,-9.0
327,PAP,Papal States,1833,3.0,1,-9.0
327,PAP,Papal States,1834,3.0,1,-9.0
327,PAP,Papal States,1835,3.0,1,-9.0
327,PAP,Papal States,1836,3.0,1,-9.0
327,PAP,Papal States,1837,3.0,1,-9.0
327,PAP,Papal States,1838,3.0,1,-9.0
327,PAP,Papal States,1839,3.0,1,-9.0
327,PAP,Papal States,1840,3.0,1,-9.0
327,PAP,Papal States,1841,3.0,1,-9.0
327,PAP,Papal States,1842,3.0,1,-9.0
327,PAP,Papal States,1843,3.0,1,-9.0
327,PAP,Papal States,1844,3.0,1,-9.0
327,PAP,Papal States,1845,3.0,1,-9.0
327,PAP,Papal States,1846,3.0,1,-9.0
327,PAP,Papal States,1847,3.0,1,-9.0
327,PAP,Papal States,1848,-88.0,-88,-9.0
327,PAP,Papal States,1849,-88.0,-88,-9.0
327,PAP,Papal States,1850,3.0,1,-9.0
327,PAP,Papal States,1851,3.0,1,-9.0
327,PAP,Papal States,1852,3.0,1,-9.0
327,PAP,Papal States,1853,3.0,1,-9.0
327,PAP,Papal States,1854,3.0,1,-9.0
327,PAP,Papal States,1855,3.0,1,-9.0
327,PAP,Papal States,1856,3.0,1,-9.0
327,PAP,Papal States,1857,3.0,1,-9.0
327,PAP,Papal States,1858,3.0,1,-9.0
327,PAP,Papal States,1859,3.0,1,-9.0
327,PAP,Papal States,1860,3.0,1,-9.0
327,PAP,Papal States,1861,3.0,1,-9.0
327,PAP,Papal States,1862,3.0,1,-9.0
327,PAP,Papal States,1863,3.0,1,-9.0
327,PAP,Papal States,1864,3.0,1,-9.0
327,PAP,Papal States,1865,3.0,1,-9.0
327,PAP,Papal States,1866,3.0,1,-9.0
327,PAP,Papal States,1867,3.0,1,-9.0
327,PAP,Papal States,1868,3.0,1,-9.0
327,PAP,Papal States,1869,3.0,1,-9.0
327,PAP,Papal States,1870,3.0,1,-9.0
150,PAR,Paraguay,1811,3.0,1,-9.0
150,PAR,Paraguay,1812,3.0,1,-9.0
150,PAR,Paraguay,1813,3.0,1,-9.0
150,PAR,Paraguay,1814,3.0,1,-9.0
150,PAR,Paraguay,1815,3.0,1,-9.0
150,PAR,Paraguay,1816,3.0,1,-9.0
150,PAR,Paraguay,1817,3.0,1,-9.0
150,PAR,Paraguay,1818,3.0,1,-9.0
150,PAR,Paraguay,1819,3.0,1,-9.0
150,PAR,Paraguay,1820,3.0,1,-9.0
150,PAR,Paraguay,1821,3.0,1,-9.0
150,PAR,Paraguay,1822,3.0,1,-9.0
150,PAR,Paraguay,1823,3.0,1,-9.0
150,PAR,Paraguay,1824,3.0,1,-9.0
150,PAR,Paraguay,1825,3.0,1,-9.0
150,PAR,Paraguay,1826,3.0,1,-9.0
150,PAR,Paraguay,1827,3.0,1,-9.0
150,PAR,Paraguay,1828,3.0,1,-9.0
150,PAR,Paraguay,1829,3.0,1,-9.0
150,PAR,Paraguay,1830,3.0,1,-9.0
150,PAR,Paraguay,1831,3.0,1,-9.0
150,PAR,Paraguay,1832,3.0,1,-9.0
150,PAR,Paraguay,1833,3.0,1,-9.0
150,PAR,Paraguay,1834,3.0,1,-9.0
150,PAR,Paraguay,1835,3.0,1,-9.0
150,PAR,Paraguay,1836,3.0,1,-9.0
150,PAR,Paraguay,1837,3.0,1,-9.0
150,PAR,Paraguay,1838,3.0,1,-9.0
150,PAR,Paraguay,1839,3.0,1,-9.0
150,PAR,Paraguay,1840,3.0,1,-9.0
150,PAR,Paraguay,1841,3.0,1,-9.0
150,PAR,Paraguay,1842,3.0,1,-9.0
150,PAR,Paraguay,1843,3.0,1,-9.0
150,PAR,Paraguay,1844,3.0,1,-9.0
150,PAR,Paraguay,1845,3.0,1,-9.0
150,PAR,Paraguay,1846,3.0,1,-9.0
150,PAR,Paraguay,1847,3.0,1,-9.0
150,PAR,Paraguay,1848,3.0,1,-9.0
150,PAR,Paraguay,1849,3.0,1,-9.0
150,PAR,Paraguay,1850,3.0,1,-9.0
150,PAR,Paraguay,1851,3.0,1,-9.0
150,PAR,Paraguay,1852,3.0,1,-9.0
150,PAR,Paraguay,1853,3.0,1,-9.0
150,PAR,Paraguay,1854,3.0,1,-9.0
150,PAR,Paraguay,1855,3.0,1,-9.0
150,PAR,Paraguay,1856,3.0,1,-9.0
150,PAR,Paraguay,1857,3.0,1,-9.0
150,PAR,Paraguay,1858,3.0,1,-9.0
150,PAR,Paraguay,1859,3.0,1,-9.0
150,PAR,Paraguay,1860,3.0,1,-9.0
150,PAR,Paraguay,1861,3.0,1,-9.0
150,PAR,Paraguay,1862,3.0,1,-9.0
150,PAR,Paraguay,1863,3.0,1,-9.0
150,PAR,Paraguay,1864,3.0,1,-9.0
150,PAR,Paraguay,1865,3.0,1,-9.0
150,PAR,Paraguay,1866,3.0,1,-9.0
150,PAR,Paraguay,1867,3.0,1,-9.0
150,PAR,Paraguay,1868,3.0,1,-9.0
150,PAR,Paraguay,1869,-88.0,-88,-6.0
150,PAR,Paraguay,1870,,3,-3.0
150,PAR,Paraguay,1871,,3,-3.0
150,PAR,Paraguay,1872,,3,-3.0
150,PAR,Paraguay,1873,,3,-3.0
150,PAR,Paraguay,1874,,3,-3.0
150,PAR,Paraguay,1875,,3,-3.0
150,PAR,Paraguay,1876,,3,-3.0
150,PAR,Paraguay,1877,,3,-4.0
150,PAR,Paraguay,1878,,3,-4.0
150,PAR,Paraguay,1879,,3,-4.0
150,PAR,Paraguay,1880,,3,-4.0
150,PAR,Paraguay,1881,,3,-4.0
150,PAR,Paraguay,1882,,3,-4.0
150,PAR,Paraguay,1883,,3,-4.0
150,PAR,Paraguay,1884,,3,-4.0
150,PAR,Paraguay,1885,,3,-4.0
150,PAR,Paraguay,1886,,3,-4.0
150,PAR,Paraguay,1887,,3,-4.0
150,PAR,Paraguay,1888,,3,-4.0
150,PAR,Paraguay,1889,,3,-4.0
150,PAR,Paraguay,1890,,3,-4.0
150,PAR,Paraguay,1891,,3,-4.0
150,PAR,Paraguay,1892,,3,-4.0
150,PAR,Paraguay,1893,,3,-4.0
150,PAR,Paraguay,1894,,3,-4.0
150,PAR,Paraguay,1895,,3,-4.0
150,PAR,Paraguay,1896,,3,-4.0
150,PAR,Paraguay,1897,,3,-4.0
150,PAR,Paraguay,1898,,3,-4.0
150,PAR,Paraguay,1899,,3,-4.0
150,PAR,Paraguay,1900,,3,-4.0
150,PAR,Paraguay,1901,,3,-4.0
150,PAR,Paraguay,1902,,3,-4.0
150,PAR,Paraguay,1903,,3,-4.0
150,PAR,Paraguay,1904,,3,-3.0
150,PAR,Paraguay,1905,,3,-3.0
150,PAR,Paraguay,1906,,3,-3.0
150,PAR,Paraguay,1907,,3,-3.0
150,PAR,Paraguay,1908,,3,-3.0
150,PAR,Paraguay,1909,,3,-3.0
150,PAR,Paraguay,1910,,3,-3.0
150,PAR,Paraguay,1911,,3,-3.0
150,PAR,Paraguay,1912,,3,-3.0
150,PAR,Paraguay,1913,,3,-3.0
150,PAR,Paraguay,1914,,3,-3.0
150,PAR,Paraguay,1915,,3,-3.0
150,PAR,Paraguay,1916,,3,-3.0
150,PAR,Paraguay,1917,,3,-3.0
150,PAR,Paraguay,1918,,3,-3.0
150,PAR,Paraguay,1919,,3,-3.0
150,PAR,Paraguay,1920,,3,-3.0
150,PAR,Paraguay,1921,,3,-3.0
150,PAR,Paraguay,1922,,3,-3.0
150,PAR,Paraguay,1923,,3,-3.0
150,PAR,Paraguay,1924,,3,-3.0
150,PAR,Paraguay,1925,,3,-3.0
150,PAR,Paraguay,1926,,3,-3.0
150,PAR,Paraguay,1927,,3,-3.0
150,PAR,Paraguay,1928,,3,-3.0
150,PAR,Paraguay,1929,,3,-3.0
150,PAR,Paraguay,1930,,3,-3.0
150,PAR,Paraguay,1931,,3,-3.0
150,PAR,Paraguay,1932,,3,-3.0
150,PAR,Paraguay,1933,,3,-3.0
150,PAR,Paraguay,1934,,3,-3.0
150,PAR,Paraguay,1935,,3,-3.0
150,PAR,Paraguay,1936,4.0,1,-7.0
150,PAR,Paraguay,1937,8.0,3,2.0
150,PAR,Paraguay,1938,8.0,3,2.0
150,PAR,Paraguay,1939,8.0,3,2.0
150,PAR,Paraguay,1940,3.0,1,-9.0
150,PAR,Paraguay,1941,3.0,1,-9.0
150,PAR,Paraguay,1942,3.0,1,-9.0
150,PAR,Paraguay,1943,3.0,1,-9.0
150,PAR,Paraguay,1944,3.0,1,-9.0
150,PAR,Paraguay,1945,3.0,1,-9.0
150,PAR,Paraguay,1946,3.0,1,-9.0
150,PAR,Paraguay,1947,3.0,3,-5.0
150,PAR,Paraguay,1948,3.0,3,-5.0
150,PAR,Paraguay,1949,3.0,3,-5.0
150,PAR,Paraguay,1950,3.0,3,-5.0
150,PAR,Paraguay,1951,3.0,3,-5.0
150,PAR,Paraguay,1952,3.0,3,-5.0
150,PAR,Paraguay,1953,3.0,3,-5.0
150,PAR,Paraguay,1954,3.0,1,-9.0
150,PAR,Paraguay,1955,3.0,1,-9.0
150,PAR,Paraguay,1956,3.0,1,-9.0
150,PAR,Paraguay,1957,3.0,1,-9.0
150,PAR,Paraguay,1958,3.0,1,-9.0
150,PAR,Paraguay,1959,3.0,1,-9.0
150,PAR,Paraguay,1960,3.0,1,-9.0
150,PAR,Paraguay,1961,3.0,1,-9.0
150,PAR,Paraguay,1962,3.0,1,-9.0
150,PAR,Paraguay,1963,3.0,1,-9.0
150,PAR,Paraguay,1964,3.0,1,-9.0
150,PAR,Paraguay,1965,3.0,1,-9.0
150,PAR,Paraguay,1966,3.0,1,-9.0
150,PAR,Paraguay,1967,3.0,2,-8.0
150,PAR,Paraguay,1968,3.0,2,-8.0
150,PAR,Paraguay,1969,3.0,2,-8.0
150,PAR,Paraguay,1970,3.0,2,-8.0
150,PAR,Paraguay,1971,3.0,2,-8.0
150,PAR,Paraguay,1972,3.0,2,-8.0
150,PAR,Paraguay,1973,3.0,2,-8.0
150,PAR,Paraguay,1974,3.0,2,-8.0
150,PAR,Paraguay,1975,3.0,2,-8.0
150,PAR,Paraguay,1976,3.0,2,-8.0
150,PAR,Paraguay,1977,3.0,2,-8.0
150,PAR,Paraguay,1978,3.0,2,-8.0
150,PAR,Paraguay,1979,3.0,2,-8.0
150,PAR,Paraguay,1980,3.0,2,-8.0
150,PAR,Paraguay,1981,3.0,2,-8.0
150,PAR,Paraguay,1982,3.0,2,-8.0
150,PAR,Paraguay,1983,3.0,2,-8.0
150,PAR,Paraguay,1984,3.0,2,-8.0
150,PAR,Paraguay,1985,3.0,2,-8.0
150,PAR,Paraguay,1986,3.0,2,-8.0
150,PAR,Paraguay,1987,3.0,2,-8.0
150,PAR,Paraguay,1988,3.0,2,-8.0
150,PAR,Paraguay,1989,7.0,3,2.0
150,PAR,Paraguay,1990,7.0,3,2.0
150,PAR,Paraguay,1991,7.0,3,2.0
150,PAR,Paraguay,1992,7.0,3,7.0
150,PAR,Paraguay,1993,7.0,3,7.0
150,PAR,Paraguay,1994,7.0,3,7.0
150,PAR,Paraguay,1995,7.0,3,7.0
150,PAR,Paraguay,1996,7.0,3,7.0
150,PAR,Paraguay,1997,7.0,3,7.0
150,PAR,Paraguay,1998,7.0,3,6.0
150,PAR,Paraguay,1999,7.0,3,7.0
150,PAR,Paraguay,2000,7.0,3,7.0
150,PAR,Paraguay,2001,7.0,3,7.0
150,PAR,Paraguay,2002,7.0,3,7.0
150,PAR,Paraguay,2003,8.0,3,8.0
150,PAR,Paraguay,2004,8.0,3,8.0
150,PAR,Paraguay,2005,8.0,3,8.0
150,PAR,Paraguay,2006,8.0,3,8.0
150,PAR,Paraguay,2007,8.0,3,8.0
150,PAR,Paraguay,2008,8.0,4,8.0
150,PAR,Paraguay,2009,8.0,4,8.0
150,PAR,Paraguay,2010,8.0,4,8.0
150,PAR,Paraguay,2011,8.0,4,8.0
150,PAR,Paraguay,2012,8.0,4,8.0
150,PAR,Paraguay,2013,8.0,4,9.0
150,PAR,Paraguay,2014,8.0,4,9.0
150,PAR,Paraguay,2015,8.0,4,9.0
150,PAR,Paraguay,2016,8.0,4,9.0
150,PAR,Paraguay,2017,8.0,4,9.0
150,PAR,Paraguay,2018,8.0,4,9.0
135,PER,Peru,1821,4.0,3,-3.0
135,PER,Peru,1822,3.0,3,-5.0
135,PER,Peru,1823,3.0,3,-5.0
135,PER,Peru,1824,-88.0,-88,-3.0
135,PER,Peru,1825,-88.0,-88,-1.0
135,PER,Peru,1826,-88.0,-88,1.0
135,PER,Peru,1827,-88.0,-88,3.0
135,PER,Peru,1828,8.0,3,5.0
135,PER,Peru,1829,8.0,3,5.0
135,PER,Peru,1830,8.0,3,5.0
135,PER,Peru,1831,8.0,3,5.0
135,PER,Peru,1832,8.0,3,5.0
135,PER,Peru,1833,8.0,3,5.0
135,PER,Peru,1834,8.0,3,5.0
135,PER,Peru,1835,4.0,3,-3.0
135,PER,Peru,1836,4.0,3,-3.0
135,PER,Peru,1837,4.0,3,-3.0
135,PER,Peru,1838,4.0,3,-3.0
135,PER,Peru,1839,4.0,3,-1.0
135,PER,Peru,1840,4.0,3,-1.0
135,PER,Peru,1841,4.0,3,-1.0
135,PER,Peru,1842,4.0,3,-1.0
135,PER,Peru,1843,4.0,3,-1.0
135,PER,Peru,1844,4.0,3,-1.0
135,PER,Peru,1845,4.0,3,-1.0
135,PER,Peru,1846,4.0,3,-1.0
135,PER,Peru,1847,4.0,3,-1.0
135,PER,Peru,1848,4.0,3,-1.0
135,PER,Peru,1849,4.0,3,-1.0
135,PER,Peru,1850,4.0,3,-1.0
135,PER,Peru,1851,4.0,3,-1.0
135,PER,Peru,1852,4.0,3,-1.0
135,PER,Peru,1853,4.0,3,-1.0
135,PER,Peru,1854,4.0,3,-1.0
135,PER,Peru,1855,4.0,3,-1.0
135,PER,Peru,1856,4.0,3,-1.0
135,PER,Peru,1857,4.0,3,-1.0
135,PER,Peru,1858,4.0,3,-1.0
135,PER,Peru,1859,4.0,3,-1.0
135,PER,Peru,1860,4.0,3,-1.0
135,PER,Peru,1861,4.0,3,-1.0
135,PER,Peru,1862,4.0,3,-1.0
135,PER,Peru,1863,4.0,3,-1.0
135,PER,Peru,1864,4.0,3,-1.0
135,PER,Peru,1865,4.0,3,-1.0
135,PER,Peru,1866,4.0,3,-1.0
135,PER,Peru,1867,4.0,3,-1.0
135,PER,Peru,1868,4.0,3,-1.0
135,PER,Peru,1869,4.0,3,-1.0
135,PER,Peru,1870,4.0,3,-1.0
135,PER,Peru,1871,4.0,3,-1.0
135,PER,Peru,1872,4.0,3,-1.0
135,PER,Peru,1873,4.0,3,-1.0
135,PER,Peru,1874,4.0,3,-1.0
135,PER,Peru,1875,4.0,3,-1.0
135,PER,Peru,1876,4.0,3,-1.0
135,PER,Peru,1877,4.0,3,-1.0
135,PER,Peru,1878,4.0,3,-1.0
135,PER,Peru,1879,4.0,3,-3.0
135,PER,Peru,1880,4.0,3,-3.0
135,PER,Peru,1881,-66.0,-66,
135,PER,Peru,1882,-66.0,-66,
135,PER,Peru,1883,4.0,3,-3.0
135,PER,Peru,1884,4.0,3,-3.0
135,PER,Peru,1885,4.0,3,-3.0
135,PER,Peru,1886,8.0,3,2.0
135,PER,Peru,1887,8.0,3,2.0
135,PER,Peru,1888,8.0,3,2.0
135,PER,Peru,1889,8.0,3,2.0
135,PER,Peru,1890,8.0,3,2.0
135,PER,Peru,1891,8.0,3,2.0
135,PER,Peru,1892,8.0,3,2.0
135,PER,Peru,1893,8.0,3,2.0
135,PER,Peru,1894,8.0,3,2.0
135,PER,Peru,1895,8.0,3,2.0
135,PER,Peru,1896,8.0,3,2.0
135,PER,Peru,1897,8.0,3,2.0
135,PER,Peru,1898,8.0,3,2.0
135,PER,Peru,1899,8.0,3,2.0
135,PER,Peru,1900,8.0,3,2.0
135,PER,Peru,1901,8.0,3,2.0
135,PER,Peru,1902,8.0,3,2.0
135,PER,Peru,1903,8.0,3,2.0
135,PER,Peru,1904,8.0,3,2.0
135,PER,Peru,1905,8.0,3,2.0
135,PER,Peru,1906,8.0,3,2.0
135,PER,Peru,1907,8.0,3,2.0
135,PER,Peru,1908,8.0,3,2.0
135,PER,Peru,1909,8.0,3,2.0
135,PER,Peru,1910,8.0,3,2.0
135,PER,Peru,1911,8.0,3,2.0
135,PER,Peru,1912,8.0,3,2.0
135,PER,Peru,1913,8.0,3,2.0
135,PER,Peru,1914,8.0,3,2.0
135,PER,Peru,1915,8.0,3,2.0
135,PER,Peru,1916,8.0,3,2.0
135,PER,Peru,1917,8.0,3,2.0
135,PER,Peru,1918,8.0,3,2.0
135,PER,Peru,1919,-88.0,-88,-4.0
135,PER,Peru,1920,3.0,1,-9.0
135,PER,Peru,1921,3.0,1,-9.0
135,PER,Peru,1922,3.0,1,-9.0
135,PER,Peru,1923,3.0,1,-9.0
135,PER,Peru,1924,3.0,1,-9.0
135,PER,Peru,1925,3.0,1,-9.0
135,PER,Peru,1926,3.0,1,-9.0
135,PER,Peru,1927,3.0,1,-9.0
135,PER,Peru,1928,3.0,1,-9.0
135,PER,Peru,1929,3.0,1,-9.0
135,PER,Peru,1930,-88.0,-88,-6.0
135,PER,Peru,1931,-88.0,-88,-3.0
135,PER,Peru,1932,-88.0,-88,0.0
135,PER,Peru,1933,8.0,3,2.0
135,PER,Peru,1934,8.0,3,2.0
135,PER,Peru,1935,8.0,3,2.0
135,PER,Peru,1936,8.0,3,2.0
135,PER,Peru,1937,8.0,3,2.0
135,PER,Peru,1938,8.0,3,2.0
135,PER,Peru,1939,8.0,3,2.0
135,PER,Peru,1940,8.0,3,2.0
135,PER,Peru,1941,8.0,3,2.0
135,PER,Peru,1942,8.0,3,2.0
135,PER,Peru,1943,8.0,3,2.0
135,PER,Peru,1944,8.0,3,2.0
135,PER,Peru,1945,8.0,3,2.0
135,PER,Peru,1946,8.0,3,2.0
135,PER,Peru,1947,8.0,3,2.0
135,PER,Peru,1948,4.0,2,-6.0
135,PER,Peru,1949,4.0,2,-6.0
135,PER,Peru,1950,5.0,3,-2.0
135,PER,Peru,1951,5.0,3,-2.0
135,PER,Peru,1952,5.0,3,-2.0
135,PER,Peru,1953,5.0,3,-2.0
135,PER,Peru,1954,5.0,3,-2.0
135,PER,Peru,1955,5.0,3,-2.0
135,PER,Peru,1956,7.0,3,5.0
135,PER,Peru,1957,7.0,3,5.0
135,PER,Peru,1958,7.0,3,5.0
135,PER,Peru,1959,7.0,3,5.0
135,PER,Peru,1960,7.0,3,5.0
135,PER,Peru,1961,7.0,3,5.0
135,PER,Peru,1962,3.0,2,-6.0
135,PER,Peru,1963,8.0,3,5.0
135,PER,Peru,1964,8.0,3,5.0
135,PER,Peru,1965,8.0,3,5.0
135,PER,Peru,1966,8.0,3,5.0
135,PER,Peru,1967,8.0,3,5.0
135,PER,Peru,1968,4.0,1,-7.0
135,PER,Peru,1969,4.0,1,-7.0
135,PER,Peru,1970,4.0,1,-7.0
135,PER,Peru,1971,4.0,1,-7.0
135,PER,Peru,1972,4.0,1,-7.0
135,PER,Peru,1973,4.0,1,-7.0
135,PER,Peru,1974,4.0,1,-7.0
135,PER,Peru,1975,4.0,1,-7.0
135,PER,Peru,1976,4.0,1,-7.0
135,PER,Peru,1977,5.0,1,-7.0
135,PER,Peru,1978,-88.0,-88,-2.0
135,PER,Peru,1979,-88.0,-88,3.0
135,PER,Peru,1980,8.0,3,7.0
135,PER,Peru,1981,8.0,3,7.0
135,PER,Peru,1982,8.0,3,7.0
135,PER,Peru,1983,8.0,3,7.0
135,PER,Peru,1984,8.0,3,7.0
135,PER,Peru,1985,8.0,3,7.0
135,PER,Peru,1986,8.0,3,7.0
135,PER,Peru,1987,8.0,3,7.0
135,PER,Peru,1988,8.0,3,7.0
135,PER,Peru,1989,8.0,3,7.0
135,PER,Peru,1990,8.0,3,8.0
135,PER,Peru,1991,8.0,3,8.0
135,PER,Peru,1992,4.0,2,-4.0
135,PER,Peru,1993,4.0,3,-1.0
135,PER,Peru,1994,4.0,3,-1.0
135,PER,Peru,1995,4.0,3,-1.0
135,PER,Peru,1996,4.0,3,-1.0
135,PER,Peru,1997,4.0,3,-1.0
135,PER,Peru,1998,4.0,3,-1.0
135,PER,Peru,1999,4.0,3,-1.0
135,PER,Peru,2000,-88.0,-88,4.0
135,PER,Peru,2001,8.0,4,9.0
135,PER,Peru,2002,8.0,4,9.0
135,PER,Peru,2003,8.0,4,9.0
135,PER,Peru,2004,8.0,4,9.0
135,PER,Peru,2005,8.0,4,9.0
135,PER,Peru,2006,8.0,4,9.0
135,PER,Peru,2007,8.0,4,9.0
135,PER,Peru,2008,8.0,4,9.0
135,PER,Peru,2009,8.0,4,9.0
135,PER,Peru,2010,8.0,4,9.0
135,PER,Peru,2011,8.0,4,9.0
135,PER,Peru,2012,8.0,4,9.0
135,PER,Peru,2013,8.0,4,9.0
135,PER,Peru,2014,8.0,4,9.0
135,PER,Peru,2015,8.0,4,9.0
135,PER,Peru,2016,8.0,4,9.0
135,PER,Peru,2017,8.0,4,9.0
135,PER,Peru,2018,8.0,4,9.0
840,PHI,Philippines,1935,8.0,5,5.0
840,PHI,Philippines,1936,8.0,5,5.0
840,PHI,Philippines,1937,8.0,5,5.0
840,PHI,Philippines,1938,8.0,5,5.0
840,PHI,Philippines,1939,8.0,5,5.0
840,PHI,Philippines,1940,8.0,5,5.0
840,PHI,Philippines,1941,-66.0,-66,
840,PHI,Philippines,1942,-66.0,-66,
840,PHI,Philippines,1943,-66.0,-66,
840,PHI,Philippines,1944,8.0,3,2.0
840,PHI,Philippines,1945,8.0,3,2.0
840,PHI,Philippines,1946,8.0,3,2.0
840,PHI,Philippines,1947,8.0,3,2.0
840,PHI,Philippines,1948,8.0,3,2.0
840,PHI,Philippines,1949,8.0,3,2.0
840,PHI,Philippines,1950,8.0,3,5.0
840,PHI,Philippines,1951,8.0,3,5.0
840,PHI,Philippines,1952,8.0,3,5.0
840,PHI,Philippines,1953,8.0,3,5.0
840,PHI,Philippines,1954,8.0,3,5.0
840,PHI,Philippines,1955,8.0,3,5.0
840,PHI,Philippines,1956,8.0,3,5.0
840,PHI,Philippines,1957,8.0,3,5.0
840,PHI,Philippines,1958,8.0,3,5.0
840,PHI,Philippines,1959,8.0,3,5.0
840,PHI,Philippines,1960,8.0,3,5.0
840,PHI,Philippines,1961,8.0,3,5.0
840,PHI,Philippines,1962,8.0,3,5.0
840,PHI,Philippines,1963,8.0,3,5.0
840,PHI,Philippines,1964,8.0,3,5.0
840,PHI,Philippines,1965,8.0,3,5.0
840,PHI,Philippines,1966,8.0,3,5.0
840,PHI,Philippines,1967,8.0,3,5.0
840,PHI,Philippines,1968,8.0,3,5.0
840,PHI,Philippines,1969,8.0,3,2.0
840,PHI,Philippines,1970,8.0,3,2.0
840,PHI,Philippines,1971,8.0,3,2.0
840,PHI,Philippines,1972,3.0,1,-9.0
840,PHI,Philippines,1973,3.0,1,-9.0
840,PHI,Philippines,1974,3.0,1,-9.0
840,PHI,Philippines,1975,3.0,1,-9.0
840,PHI,Philippines,1976,3.0,1,-9.0
840,PHI,Philippines,1977,3.0,1,-9.0
840,PHI,Philippines,1978,3.0,1,-9.0
840,PHI,Philippines,1979,3.0,1,-9.0
840,PHI,Philippines,1980,3.0,1,-9.0
840,PHI,Philippines,1981,3.0,1,-8.0
840,PHI,Philippines,1982,3.0,2,-7.0
840,PHI,Philippines,1983,3.0,2,-6.0
840,PHI,Philippines,1984,3.0,2,-6.0
840,PHI,Philippines,1985,3.0,2,-6.0
840,PHI,Philippines,1986,-88.0,-88,1.0
840,PHI,Philippines,1987,8.0,3,8.0
840,PHI,Philippines,1988,8.0,3,8.0
840,PHI,Philippines,1989,8.0,3,8.0
840,PHI,Philippines,1990,8.0,3,8.0
840,PHI,Philippines,1991,8.0,3,8.0
840,PHI,Philippines,1992,8.0,4,8.0
840,PHI,Philippines,1993,8.0,4,8.0
840,PHI,Philippines,1994,8.0,4,8.0
840,PHI,Philippines,1995,8.0,4,8.0
840,PHI,Philippines,1996,8.0,4,8.0
840,PHI,Philippines,1997,8.0,4,8.0
840,PHI,Philippines,1998,8.0,4,8.0
840,PHI,Philippines,1999,8.0,4,8.0
840,PHI,Philippines,2000,8.0,4,8.0
840,PHI,Philippines,2001,8.0,4,8.0
840,PHI,Philippines,2002,8.0,4,8.0
840,PHI,Philippines,2003,8.0,4,8.0
840,PHI,Philippines,2004,8.0,4,8.0
840,PHI,Philippines,2005,8.0,4,8.0
840,PHI,Philippines,2006,8.0,4,8.0
840,PHI,Philippines,2007,8.0,4,8.0
840,PHI,Philippines,2008,8.0,4,8.0
840,PHI,Philippines,2009,8.0,4,8.0
840,PHI,Philippines,2010,8.0,4,8.0
840,PHI,Philippines,2011,8.0,4,8.0
840,PHI,Philippines,2012,8.0,4,8.0
840,PHI,Philippines,2013,8.0,4,8.0
840,PHI,Philippines,2014,8.0,4,8.0
840,PHI,Philippines,2015,8.0,4,8.0
840,PHI,Philippines,2016,8.0,4,8.0
840,PHI,Philippines,2017,8.0,4,8.0
840,PHI,Philippines,2018,8.0,4,8.0
769,PKS,Pakistan,1947,3.0,3,-4.0
769,PKS,Pakistan,1948,7.0,3,2.0
769,PKS,Pakistan,1949,7.0,3,4.0
769,PKS,Pakistan,1950,7.0,3,4.0
769,PKS,Pakistan,1951,7.0,3,5.0
769,PKS,Pakistan,1952,7.0,3,5.0
769,PKS,Pakistan,1953,7.0,3,5.0
769,PKS,Pakistan,1954,7.0,3,5.0
769,PKS,Pakistan,1955,7.0,3,5.0
769,PKS,Pakistan,1956,8.0,3,8.0
769,PKS,Pakistan,1957,8.0,3,8.0
769,PKS,Pakistan,1958,4.0,1,-7.0
769,PKS,Pakistan,1959,4.0,1,-7.0
769,PKS,Pakistan,1960,4.0,1,-7.0
769,PKS,Pakistan,1961,4.0,1,-7.0
769,PKS,Pakistan,1962,7.0,3,1.0
769,PKS,Pakistan,1963,7.0,3,1.0
769,PKS,Pakistan,1964,7.0,3,1.0
769,PKS,Pakistan,1965,7.0,3,1.0
769,PKS,Pakistan,1966,7.0,3,1.0
769,PKS,Pakistan,1967,7.0,3,1.0
769,PKS,Pakistan,1968,7.0,3,1.0
769,PKS,Pakistan,1969,-88.0,-88,1.0
769,PKS,Pakistan,1970,-88.0,-88,0.0
769,PKS,Pakistan,1971,-77.0,-77,0.0
335,PMA,Parma,1815,1.0,1,-10.0
335,PMA,Parma,1816,1.0,1,-10.0
335,PMA,Parma,1817,1.0,1,-10.0
335,PMA,Parma,1818,1.0,1,-10.0
335,PMA,Parma,1819,1.0,1,-10.0
335,PMA,Parma,1820,1.0,1,-10.0
335,PMA,Parma,1821,1.0,1,-10.0
335,PMA,Parma,1822,1.0,1,-10.0
335,PMA,Parma,1823,1.0,1,-10.0
335,PMA,Parma,1824,1.0,1,-10.0
335,PMA,Parma,1825,1.0,1,-10.0
335,PMA,Parma,1826,1.0,1,-10.0
335,PMA,Parma,1827,1.0,1,-10.0
335,PMA,Parma,1828,1.0,1,-10.0
335,PMA,Parma,1829,1.0,1,-10.0
335,PMA,Parma,1830,1.0,1,-10.0
335,PMA,Parma,1831,1.0,1,-10.0
335,PMA,Parma,1832,1.0,1,-10.0
335,PMA,Parma,1833,1.0,1,-10.0
335,PMA,Parma,1834,1.0,1,-10.0
335,PMA,Parma,1835,1.0,1,-10.0
335,PMA,Parma,1836,1.0,1,-10.0
335,PMA,Parma,1837,1.0,1,-10.0
335,PMA,Parma,1838,1.0,1,-10.0
335,PMA,Parma,1839,1.0,1,-10.0
335,PMA,Parma,1840,1.0,1,-10.0
335,PMA,Parma,1841,1.0,1,-10.0
335,PMA,Parma,1842,1.0,1,-10.0
335,PMA,Parma,1843,1.0,1,-10.0
335,PMA,Parma,1844,1.0,1,-10.0
335,PMA,Parma,1845,1.0,1,-10.0
335,PMA,Parma,1846,1.0,1,-10.0
335,PMA,Parma,1847,1.0,1,-10.0
335,PMA,Parma,1848,1.0,1,-10.0
335,PMA,Parma,1849,1.0,1,-10.0
335,PMA,Parma,1850,1.0,1,-10.0
335,PMA,Parma,1851,1.0,1,-10.0
335,PMA,Parma,1852,1.0,1,-10.0
335,PMA,Parma,1853,1.0,1,-10.0
335,PMA,Parma,1854,1.0,1,-10.0
335,PMA,Parma,1855,1.0,1,-10.0
335,PMA,Parma,1856,1.0,1,-10.0
335,PMA,Parma,1857,1.0,1,-10.0
335,PMA,Parma,1858,1.0,1,-10.0
335,PMA,Parma,1859,1.0,1,-10.0
335,PMA,Parma,1860,1.0,1,-10.0
910,PNG,Papua New Guinea,1975,7.0,0,4.0
910,PNG,Papua New Guinea,1976,7.0,0,4.0
910,PNG,Papua New Guinea,1977,7.0,0,4.0
910,PNG,Papua New Guinea,1978,7.0,0,4.0
910,PNG,Papua New Guinea,1979,7.0,0,4.0
910,PNG,Papua New Guinea,1980,7.0,0,4.0
910,PNG,Papua New Guinea,1981,7.0,0,4.0
910,PNG,Papua New Guinea,1982,7.0,0,4.0
910,PNG,Papua New Guinea,1983,7.0,0,4.0
910,PNG,Papua New Guinea,1984,7.0,0,4.0
910,PNG,Papua New Guinea,1985,7.0,0,4.0
910,PNG,Papua New Guinea,1986,7.0,0,4.0
910,PNG,Papua New Guinea,1987,7.0,0,4.0
910,PNG,Papua New Guinea,1988,7.0,0,4.0
910,PNG,Papua New Guinea,1989,7.0,0,4.0
910,PNG,Papua New Guinea,1990,7.0,0,4.0
910,PNG,Papua New Guinea,1991,7.0,0,4.0
910,PNG,Papua New Guinea,1992,7.0,0,4.0
910,PNG,Papua New Guinea,1993,7.0,0,4.0
910,PNG,Papua New Guinea,1994,7.0,0,4.0
910,PNG,Papua New Guinea,1995,7.0,0,4.0
910,PNG,Papua New Guinea,1996,7.0,0,4.0
910,PNG,Papua New Guinea,1997,7.0,0,4.0
910,PNG,Papua New Guinea,1998,7.0,0,4.0
910,PNG,Papua New Guinea,1999,7.0,0,4.0
910,PNG,Papua New Guinea,2000,7.0,0,4.0
910,PNG,Papua New Guinea,2001,7.0,0,4.0
910,PNG,Papua New Guinea,2002,7.0,0,4.0
910,PNG,Papua New Guinea,2003,7.0,0,4.0
910,PNG,Papua New Guinea,2004,7.0,0,4.0
910,PNG,Papua New Guinea,2005,7.0,0,4.0
910,PNG,Papua New Guinea,2006,7.0,0,4.0
910,PNG,Papua New Guinea,2007,7.0,0,4.0
910,PNG,Papua New Guinea,2008,7.0,0,4.0
910,PNG,Papua New Guinea,2009,7.0,0,4.0
910,PNG,Papua New Guinea,2010,7.0,0,4.0
910,PNG,Papua New Guinea,2011,7.0,0,4.0
910,PNG,Papua New Guinea,2012,7.0,0,5.0
910,PNG,Papua New Guinea,2013,7.0,0,5.0
910,PNG,Papua New Guinea,2014,7.0,0,5.0
910,PNG,Papua New Guinea,2015,7.0,0,5.0
910,PNG,Papua New Guinea,2016,7.0,0,5.0
910,PNG,Papua New Guinea,2017,7.0,0,5.0
910,PNG,Papua New Guinea,2018,7.0,0,5.0
290,POL,Poland,1918,8.0,3,8.0
290,POL,Poland,1919,8.0,3,8.0
290,POL,Poland,1920,8.0,3,8.0
290,POL,Poland,1921,8.0,3,8.0
290,POL,Poland,1922,8.0,3,8.0
290,POL,Poland,1923,8.0,3,8.0
290,POL,Poland,1924,8.0,3,8.0
290,POL,Poland,1925,8.0,3,8.0
290,POL,Poland,1926,3.0,2,-3.0
290,POL,Poland,1927,3.0,2,-3.0
290,POL,Poland,1928,3.0,2,-3.0
290,POL,Poland,1929,3.0,2,-3.0
290,POL,Poland,1930,3.0,2,-3.0
290,POL,Poland,1931,3.0,2,-3.0
290,POL,Poland,1932,3.0,2,-3.0
290,POL,Poland,1933,3.0,2,-3.0
290,POL,Poland,1934,3.0,2,-3.0
290,POL,Poland,1935,3.0,2,-6.0
290,POL,Poland,1936,3.0,2,-6.0
290,POL,Poland,1937,3.0,2,-6.0
290,POL,Poland,1938,3.0,2,-6.0
290,POL,Poland,1939,-77.0,-77,0.0
290,POL,Poland,1940,-77.0,-77,0.0
290,POL,Poland,1941,-77.0,-77,0.0
290,POL,Poland,1942,-77.0,-77,0.0
290,POL,Poland,1943,-77.0,-77,0.0
290,POL,Poland,1944,-77.0,-77,0.0
290,POL,Poland,1945,-88.0,-88,-2.0
290,POL,Poland,1946,-88.0,-88,-5.0
290,POL,Poland,1947,3.0,1,-7.0
290,POL,Poland,1948,3.0,1,-7.0
290,POL,Poland,1949,3.0,1,-7.0
290,POL,Poland,1950,3.0,1,-7.0
290,POL,Poland,1951,3.0,1,-7.0
290,POL,Poland,1952,3.0,1,-7.0
290,POL,Poland,1953,3.0,1,-7.0
290,POL,Poland,1954,3.0,1,-7.0
290,POL,Poland,1955,3.0,1,-7.0
290,POL,Poland,1956,3.0,1,-7.0
290,POL,Poland,1957,3.0,1,-7.0
290,POL,Poland,1958,3.0,1,-7.0
290,POL,Poland,1959,3.0,1,-7.0
290,POL,Poland,1960,3.0,1,-7.0
290,POL,Poland,1961,3.0,1,-7.0
290,POL,Poland,1962,3.0,1,-7.0
290,POL,Poland,1963,3.0,1,-7.0
290,POL,Poland,1964,3.0,1,-7.0
290,POL,Poland,1965,3.0,1,-7.0
290,POL,Poland,1966,3.0,1,-7.0
290,POL,Poland,1967,3.0,1,-7.0
290,POL,Poland,1968,3.0,1,-7.0
290,POL,Poland,1969,3.0,1,-7.0
290,POL,Poland,1970,3.0,1,-7.0
290,POL,Poland,1971,3.0,1,-7.0
290,POL,Poland,1972,3.0,1,-7.0
290,POL,Poland,1973,3.0,1,-7.0
290,POL,Poland,1974,3.0,1,-7.0
290,POL,Poland,1975,3.0,1,-7.0
290,POL,Poland,1976,3.0,1,-7.0
290,POL,Poland,1977,3.0,1,-7.0
290,POL,Poland,1978,3.0,1,-7.0
290,POL,Poland,1979,3.0,1,-7.0
290,POL,Poland,1980,3.0,2,-6.0
290,POL,Poland,1981,3.0,1,-8.0
290,POL,Poland,1982,3.0,1,-8.0
290,POL,Poland,1983,3.0,1,-7.0
290,POL,Poland,1984,3.0,1,-7.0
290,POL,Poland,1985,3.0,1,-7.0
290,POL,Poland,1986,3.0,1,-7.0
290,POL,Poland,1987,3.0,2,-6.0
290,POL,Poland,1988,3.0,2,-6.0
290,POL,Poland,1989,7.0,4,5.0
290,POL,Poland,1990,7.0,4,5.0
290,POL,Poland,1991,8.0,4,8.0
290,POL,Poland,1992,8.0,4,8.0
290,POL,Poland,1993,8.0,4,8.0
290,POL,Poland,1994,8.0,4,8.0
290,POL,Poland,1995,8.0,4,9.0
290,POL,Poland,1996,8.0,4,9.0
290,POL,Poland,1997,8.0,4,9.0
290,POL,Poland,1998,8.0,4,9.0
290,POL,Poland,1999,8.0,4,9.0
290,POL,Poland,2000,8.0,4,9.0
290,POL,Poland,2001,8.0,4,9.0
290,POL,Poland,2002,8.0,5,10.0
290,POL,Poland,2003,8.0,5,10.0
290,POL,Poland,2004,8.0,5,10.0
290,POL,Poland,2005,8.0,5,10.0
290,POL,Poland,2006,8.0,5,10.0
290,POL,Poland,2007,8.0,5,10.0
290,POL,Poland,2008,8.0,5,10.0
290,POL,Poland,2009,8.0,5,10.0
290,POL,Poland,2010,8.0,5,10.0
290,POL,Poland,2011,8.0,5,10.0
290,POL,Poland,2012,8.0,5,10.0
290,POL,Poland,2013,8.0,5,10.0
290,POL,Poland,2014,8.0,5,10.0
290,POL,Poland,2015,8.0,5,10.0
290,POL,Poland,2016,8.0,5,10.0
290,POL,Poland,2017,8.0,5,10.0
290,POL,Poland,2018,8.0,5,10.0
235,POR,Portugal,1800,1.0,1,-10.0
235,POR,Portugal,1801,-66.0,-66,
235,POR,Portugal,1802,1.0,1,-10.0
235,POR,Portugal,1803,1.0,1,-10.0
235,POR,Portugal,1804,1.0,1,-10.0
235,POR,Portugal,1805,1.0,1,-10.0
235,POR,Portugal,1806,1.0,1,-10.0
235,POR,Portugal,1807,-66.0,-66,
235,POR,Portugal,1808,-66.0,-66,
235,POR,Portugal,1809,-66.0,-66,
235,POR,Portugal,1810,-66.0,-66,
235,POR,Portugal,1811,-66.0,-66,
235,POR,Portugal,1812,-66.0,-66,
235,POR,Portugal,1813,-66.0,-66,
235,POR,Portugal,1814,-66.0,-66,
235,POR,Portugal,1815,-66.0,-66,
235,POR,Portugal,1816,-66.0,-66,
235,POR,Portugal,1817,-66.0,-66,
235,POR,Portugal,1818,-66.0,-66,
235,POR,Portugal,1819,-66.0,-66,
235,POR,Portugal,1820,-88.0,-88,-3.0
235,POR,Portugal,1821,-88.0,-88,-3.0
235,POR,Portugal,1822,-88.0,-88,-3.0
235,POR,Portugal,1823,4.0,3,-3.0
235,POR,Portugal,1824,4.0,3,-3.0
235,POR,Portugal,1825,4.0,3,-3.0
235,POR,Portugal,1826,4.0,3,-3.0
235,POR,Portugal,1827,4.0,3,-3.0
235,POR,Portugal,1828,4.0,3,-3.0
235,POR,Portugal,1829,4.0,3,-3.0
235,POR,Portugal,1830,4.0,3,-3.0
235,POR,Portugal,1831,4.0,3,-3.0
235,POR,Portugal,1832,4.0,3,-3.0
235,POR,Portugal,1833,-88.0,-88,-4.0
235,POR,Portugal,1834,1.0,3,-4.0
235,POR,Portugal,1835,1.0,3,-4.0
235,POR,Portugal,1836,2.0,3,1.0
235,POR,Portugal,1837,2.0,3,1.0
235,POR,Portugal,1838,2.0,3,1.0
235,POR,Portugal,1839,2.0,3,1.0
235,POR,Portugal,1840,2.0,3,1.0
235,POR,Portugal,1841,2.0,3,1.0
235,POR,Portugal,1842,2.0,3,-4.0
235,POR,Portugal,1843,2.0,3,-4.0
235,POR,Portugal,1844,2.0,3,-4.0
235,POR,Portugal,1845,2.0,3,-4.0
235,POR,Portugal,1846,2.0,3,-4.0
235,POR,Portugal,1847,2.0,3,-4.0
235,POR,Portugal,1848,2.0,3,-4.0
235,POR,Portugal,1849,2.0,3,-4.0
235,POR,Portugal,1850,2.0,3,-4.0
235,POR,Portugal,1851,2.0,3,-4.0
235,POR,Portugal,1852,2.0,3,-4.0
235,POR,Portugal,1853,2.0,3,-4.0
235,POR,Portugal,1854,2.0,3,-4.0
235,POR,Portugal,1855,2.0,2,-6.0
235,POR,Portugal,1856,2.0,2,-6.0
235,POR,Portugal,1857,2.0,2,-6.0
235,POR,Portugal,1858,2.0,2,-6.0
235,POR,Portugal,1859,2.0,2,-6.0
235,POR,Portugal,1860,2.0,2,-7.0
235,POR,Portugal,1861,2.0,2,-7.0
235,POR,Portugal,1862,2.0,2,-7.0
235,POR,Portugal,1863,2.0,2,-7.0
235,POR,Portugal,1864,2.0,2,-7.0
235,POR,Portugal,1865,2.0,2,-7.0
235,POR,Portugal,1866,2.0,2,-7.0
235,POR,Portugal,1867,2.0,2,-7.0
235,POR,Portugal,1868,2.0,2,-7.0
235,POR,Portugal,1869,2.0,2,-7.0
235,POR,Portugal,1870,2.0,2,-7.0
235,POR,Portugal,1871,2.0,2,-7.0
235,POR,Portugal,1872,2.0,2,-7.0
235,POR,Portugal,1873,2.0,2,-7.0
235,POR,Portugal,1874,2.0,2,-7.0
235,POR,Portugal,1875,2.0,2,-7.0
235,POR,Portugal,1876,2.0,2,-7.0
235,POR,Portugal,1877,2.0,2,-7.0
235,POR,Portugal,1878,2.0,2,-7.0
235,POR,Portugal,1879,2.0,2,-7.0
235,POR,Portugal,1880,2.0,2,-5.0
235,POR,Portugal,1881,2.0,2,-5.0
235,POR,Portugal,1882,2.0,2,-5.0
235,POR,Portugal,1883,2.0,2,-5.0
235,POR,Portugal,1884,2.0,2,-5.0
235,POR,Portugal,1885,2.0,2,-5.0
235,POR,Portugal,1886,2.0,2,-5.0
235,POR,Portugal,1887,2.0,2,-5.0
235,POR,Portugal,1888,2.0,2,-5.0
235,POR,Portugal,1889,2.0,2,-5.0
235,POR,Portugal,1890,2.0,2,-4.0
235,POR,Portugal,1891,2.0,2,-4.0
235,POR,Portugal,1892,2.0,2,-4.0
235,POR,Portugal,1893,2.0,2,-4.0
235,POR,Portugal,1894,2.0,2,-4.0
235,POR,Portugal,1895,2.0,2,-4.0
235,POR,Portugal,1896,2.0,2,-4.0
235,POR,Portugal,1897,2.0,2,-4.0
235,POR,Portugal,1898,2.0,2,-4.0
235,POR,Portugal,1899,2.0,2,-4.0
235,POR,Portugal,1900,2.0,2,-3.0
235,POR,Portugal,1901,2.0,2,-3.0
235,POR,Portugal,1902,2.0,2,-3.0
235,POR,Portugal,1903,2.0,2,-3.0
235,POR,Portugal,1904,2.0,2,-3.0
235,POR,Portugal,1905,2.0,2,-3.0
235,POR,Portugal,1906,2.0,3,-1.0
235,POR,Portugal,1907,2.0,2,-9.0
235,POR,Portugal,1908,2.0,3,2.0
235,POR,Portugal,1909,2.0,3,2.0
235,POR,Portugal,1910,-88.0,-88,5.0
235,POR,Portugal,1911,8.0,3,7.0
235,POR,Portugal,1912,8.0,3,7.0
235,POR,Portugal,1913,8.0,3,7.0
235,POR,Portugal,1914,8.0,3,7.0
235,POR,Portugal,1915,8.0,3,7.0
235,POR,Portugal,1916,8.0,3,7.0
235,POR,Portugal,1917,8.0,3,7.0
235,POR,Portugal,1918,8.0,3,7.0
235,POR,Portugal,1919,8.0,3,7.0
235,POR,Portugal,1920,8.0,3,7.0
235,POR,Portugal,1921,8.0,3,7.0
235,POR,Portugal,1922,8.0,3,7.0
235,POR,Portugal,1923,8.0,3,7.0
235,POR,Portugal,1924,8.0,3,7.0
235,POR,Portugal,1925,8.0,3,7.0
235,POR,Portugal,1926,-88.0,-88,4.0
235,POR,Portugal,1927,-88.0,-88,1.0
235,POR,Portugal,1928,-88.0,-88,-3.0
235,POR,Portugal,1929,-88.0,-88,-6.0
235,POR,Portugal,1930,3.0,1,-9.0
235,POR,Portugal,1931,3.0,1,-9.0
235,POR,Portugal,1932,3.0,1,-9.0
235,POR,Portugal,1933,3.0,1,-9.0
235,POR,Portugal,1934,3.0,1,-9.0
235,POR,Portugal,1935,3.0,1,-9.0
235,POR,Portugal,1936,3.0,1,-9.0
235,POR,Portugal,1937,3.0,1,-9.0
235,POR,Portugal,1938,3.0,1,-9.0
235,POR,Portugal,1939,3.0,1,-9.0
235,POR,Portugal,1940,3.0,1,-9.0
235,POR,Portugal,1941,3.0,1,-9.0
235,POR,Portugal,1942,3.0,1,-9.0
235,POR,Portugal,1943,3.0,1,-9.0
235,POR,Portugal,1944,3.0,1,-9.0
235,POR,Portugal,1945,3.0,1,-9.0
235,POR,Portugal,1946,3.0,1,-9.0
235,POR,Portugal,1947,3.0,1,-9.0
235,POR,Portugal,1948,3.0,1,-9.0
235,POR,Portugal,1949,3.0,1,-9.0
235,POR,Portugal,1950,3.0,1,-9.0
235,POR,Portugal,1951,3.0,1,-9.0
235,POR,Portugal,1952,3.0,1,-9.0
235,POR,Portugal,1953,3.0,1,-9.0
235,POR,Portugal,1954,3.0,1,-9.0
235,POR,Portugal,1955,3.0,1,-9.0
235,POR,Portugal,1956,3.0,1,-9.0
235,POR,Portugal,1957,3.0,1,-9.0
235,POR,Portugal,1958,3.0,1,-9.0
235,POR,Portugal,1959,3.0,1,-9.0
235,POR,Portugal,1960,3.0,1,-9.0
235,POR,Portugal,1961,3.0,1,-9.0
235,POR,Portugal,1962,3.0,1,-9.0
235,POR,Portugal,1963,3.0,1,-9.0
235,POR,Portugal,1964,3.0,1,-9.0
235,POR,Portugal,1965,3.0,1,-9.0
235,POR,Portugal,1966,3.0,1,-9.0
235,POR,Portugal,1967,3.0,1,-9.0
235,POR,Portugal,1968,3.0,1,-9.0
235,POR,Portugal,1969,3.0,1,-9.0
235,POR,Portugal,1970,3.0,1,-9.0
235,POR,Portugal,1971,3.0,1,-9.0
235,POR,Portugal,1972,3.0,1,-9.0
235,POR,Portugal,1973,3.0,1,-9.0
235,POR,Portugal,1974,-88.0,-88,-3.0
235,POR,Portugal,1975,-88.0,-88,3.0
235,POR,Portugal,1976,8.0,5,9.0
235,POR,Portugal,1977,8.0,5,9.0
235,POR,Portugal,1978,8.0,5,9.0
235,POR,Portugal,1979,8.0,5,9.0
235,POR,Portugal,1980,8.0,5,9.0
235,POR,Portugal,1981,8.0,5,9.0
235,POR,Portugal,1982,8.0,5,10.0
235,POR,Portugal,1983,8.0,5,10.0
235,POR,Portugal,1984,8.0,5,10.0
235,POR,Portugal,1985,8.0,5,10.0
235,POR,Portugal,1986,8.0,5,10.0
235,POR,Portugal,1987,8.0,5,10.0
235,POR,Portugal,1988,8.0,5,10.0
235,POR,Portugal,1989,8.0,5,10.0
235,POR,Portugal,1990,8.0,5,10.0
235,POR,Portugal,1991,8.0,5,10.0
235,POR,Portugal,1992,8.0,5,10.0
235,POR,Portugal,1993,8.0,5,10.0
235,POR,Portugal,1994,8.0,5,10.0
235,POR,Portugal,1995,8.0,5,10.0
235,POR,Portugal,1996,8.0,5,10.0
235,POR,Portugal,1997,8.0,5,10.0
235,POR,Portugal,1998,8.0,5,10.0
235,POR,Portugal,1999,8.0,5,10.0
235,POR,Portugal,2000,8.0,5,10.0
235,POR,Portugal,2001,8.0,5,10.0
235,POR,Portugal,2002,8.0,5,10.0
235,POR,Portugal,2003,8.0,5,10.0
235,POR,Portugal,2004,8.0,5,10.0
235,POR,Portugal,2005,8.0,5,10.0
235,POR,Portugal,2006,8.0,5,10.0
235,POR,Portugal,2007,8.0,5,10.0
235,POR,Portugal,2008,8.0,5,10.0
235,POR,Portugal,2009,8.0,5,10.0
235,POR,Portugal,2010,8.0,5,10.0
235,POR,Portugal,2011,8.0,5,10.0
235,POR,Portugal,2012,8.0,5,10.0
235,POR,Portugal,2013,8.0,5,10.0
235,POR,Portugal,2014,8.0,5,10.0
235,POR,Portugal,2015,8.0,5,10.0
235,POR,Portugal,2016,8.0,5,10.0
235,POR,Portugal,2017,8.0,5,10.0
235,POR,Portugal,2018,8.0,5,10.0
731,PRK,Korea North,1948,3.0,1,-7.0
731,PRK,Korea North,1949,3.0,1,-7.0
731,PRK,Korea North,1950,3.0,1,-7.0
731,PRK,Korea North,1951,3.0,1,-7.0
731,PRK,Korea North,1952,3.0,1,-7.0
731,PRK,Korea North,1953,3.0,1,-7.0
731,PRK,Korea North,1954,3.0,1,-7.0
731,PRK,Korea North,1955,3.0,1,-7.0
731,PRK,Korea North,1956,3.0,1,-8.0
731,PRK,Korea North,1957,3.0,1,-8.0
731,PRK,Korea North,1958,3.0,1,-8.0
731,PRK,Korea North,1959,3.0,1,-8.0
731,PRK,Korea North,1960,3.0,1,-8.0
731,PRK,Korea North,1961,3.0,1,-8.0
731,PRK,Korea North,1962,3.0,1,-8.0
731,PRK,Korea North,1963,3.0,1,-8.0
731,PRK,Korea North,1964,3.0,1,-8.0
731,PRK,Korea North,1965,3.0,1,-8.0
731,PRK,Korea North,1966,3.0,1,-9.0
731,PRK,Korea North,1967,3.0,1,-9.0
731,PRK,Korea North,1968,3.0,1,-9.0
731,PRK,Korea North,1969,3.0,1,-9.0
731,PRK,Korea North,1970,3.0,1,-9.0
731,PRK,Korea North,1971,3.0,1,-9.0
731,PRK,Korea North,1972,3.0,1,-9.0
731,PRK,Korea North,1973,3.0,1,-9.0
731,PRK,Korea North,1974,3.0,1,-9.0
731,PRK,Korea North,1975,3.0,1,-9.0
731,PRK,Korea North,1976,3.0,1,-9.0
731,PRK,Korea North,1977,3.0,1,-9.0
731,PRK,Korea North,1978,3.0,1,-9.0
731,PRK,Korea North,1979,3.0,1,-9.0
731,PRK,Korea North,1980,3.0,1,-9.0
731,PRK,Korea North,1981,3.0,1,-9.0
731,PRK,Korea North,1982,3.0,1,-9.0
731,PRK,Korea North,1983,3.0,1,-9.0
731,PRK,Korea North,1984,3.0,1,-9.0
731,PRK,Korea North,1985,3.0,1,-9.0
731,PRK,Korea North,1986,3.0,1,-9.0
731,PRK,Korea North,1987,3.0,1,-9.0
731,PRK,Korea North,1988,3.0,1,-9.0
731,PRK,Korea North,1989,3.0,1,-9.0
731,PRK,Korea North,1990,3.0,1,-9.0
731,PRK,Korea North,1991,3.0,1,-9.0
731,PRK,Korea North,1992,3.0,1,-9.0
731,PRK,Korea North,1993,3.0,1,-9.0
731,PRK,Korea North,1994,1.0,1,-10.0
731,PRK,Korea North,1995,1.0,1,-10.0
731,PRK,Korea North,1996,1.0,1,-10.0
731,PRK,Korea North,1997,1.0,1,-10.0
731,PRK,Korea North,1998,1.0,1,-10.0
731,PRK,Korea North,1999,1.0,1,-10.0
731,PRK,Korea North,2000,1.0,1,-10.0
731,PRK,Korea North,2001,1.0,1,-10.0
731,PRK,Korea North,2002,1.0,1,-10.0
731,PRK,Korea North,2003,1.0,1,-10.0
731,PRK,Korea North,2004,1.0,1,-10.0
731,PRK,Korea North,2005,1.0,1,-10.0
731,PRK,Korea North,2006,1.0,1,-10.0
731,PRK,Korea North,2007,1.0,1,-10.0
731,PRK,Korea North,2008,1.0,1,-10.0
731,PRK,Korea North,2009,1.0,1,-10.0
731,PRK,Korea North,2010,1.0,1,-10.0
731,PRK,Korea North,2011,1.0,1,-10.0
731,PRK,Korea North,2012,1.0,1,-10.0
731,PRK,Korea North,2013,1.0,1,-10.0
731,PRK,Korea North,2014,1.0,1,-10.0
731,PRK,Korea North,2015,1.0,1,-10.0
731,PRK,Korea North,2016,1.0,1,-10.0
731,PRK,Korea North,2017,1.0,1,-10.0
731,PRK,Korea North,2018,1.0,1,-10.0
694,QAT,Qatar,1971,1.0,1,-10.0
694,QAT,Qatar,1972,1.0,1,-10.0
694,QAT,Qatar,1973,1.0,1,-10.0
694,QAT,Qatar,1974,1.0,1,-10.0
694,QAT,Qatar,1975,1.0,1,-10.0
694,QAT,Qatar,1976,1.0,1,-10.0
694,QAT,Qatar,1977,1.0,1,-10.0
694,QAT,Qatar,1978,1.0,1,-10.0
694,QAT,Qatar,1979,1.0,1,-10.0
694,QAT,Qatar,1980,1.0,1,-10.0
694,QAT,Qatar,1981,1.0,1,-10.0
694,QAT,Qatar,1982,1.0,1,-10.0
694,QAT,Qatar,1983,1.0,1,-10.0
694,QAT,Qatar,1984,1.0,1,-10.0
694,QAT,Qatar,1985,1.0,1,-10.0
694,QAT,Qatar,1986,1.0,1,-10.0
694,QAT,Qatar,1987,1.0,1,-10.0
694,QAT,Qatar,1988,1.0,1,-10.0
694,QAT,Qatar,1989,1.0,1,-10.0
694,QAT,Qatar,1990,1.0,1,-10.0
694,QAT,Qatar,1991,1.0,1,-10.0
694,QAT,Qatar,1992,1.0,1,-10.0
694,QAT,Qatar,1993,1.0,1,-10.0
694,QAT,Qatar,1994,1.0,1,-10.0
694,QAT,Qatar,1995,1.0,1,-10.0
694,QAT,Qatar,1996,1.0,1,-10.0
694,QAT,Qatar,1997,1.0,1,-10.0
694,QAT,Qatar,1998,1.0,1,-10.0
694,QAT,Qatar,1999,1.0,1,-10.0
694,QAT,Qatar,2000,1.0,1,-10.0
694,QAT,Qatar,2001,1.0,1,-10.0
694,QAT,Qatar,2002,1.0,1,-10.0
694,QAT,Qatar,2003,1.0,1,-10.0
694,QAT,Qatar,2004,1.0,1,-10.0
694,QAT,Qatar,2005,1.0,1,-10.0
694,QAT,Qatar,2006,1.0,1,-10.0
694,QAT,Qatar,2007,1.0,1,-10.0
694,QAT,Qatar,2008,1.0,1,-10.0
694,QAT,Qatar,2009,1.0,1,-10.0
694,QAT,Qatar,2010,1.0,1,-10.0
694,QAT,Qatar,2011,1.0,1,-10.0
694,QAT,Qatar,2012,1.0,1,-10.0
694,QAT,Qatar,2013,1.0,1,-10.0
694,QAT,Qatar,2014,1.0,1,-10.0
694,QAT,Qatar,2015,1.0,1,-10.0
694,QAT,Qatar,2016,1.0,1,-10.0
694,QAT,Qatar,2017,1.0,1,-10.0
694,QAT,Qatar,2018,1.0,1,-10.0
732,ROK,Korea South,1948,3.0,3,-3.0
732,ROK,Korea South,1949,3.0,3,-3.0
732,ROK,Korea South,1950,3.0,3,-3.0
732,ROK,Korea South,1951,3.0,3,-3.0
732,ROK,Korea South,1952,3.0,3,-4.0
732,ROK,Korea South,1953,3.0,3,-4.0
732,ROK,Korea South,1954,3.0,3,-4.0
732,ROK,Korea South,1955,3.0,3,-4.0
732,ROK,Korea South,1956,3.0,3,-4.0
732,ROK,Korea South,1957,3.0,3,-4.0
732,ROK,Korea South,1958,3.0,3,-4.0
732,ROK,Korea South,1959,3.0,3,-4.0
732,ROK,Korea South,1960,8.0,3,8.0
732,ROK,Korea South,1961,4.0,1,-7.0
732,ROK,Korea South,1962,4.0,1,-7.0
732,ROK,Korea South,1963,8.0,3,3.0
732,ROK,Korea South,1964,8.0,3,3.0
732,ROK,Korea South,1965,8.0,3,3.0
732,ROK,Korea South,1966,8.0,3,3.0
732,ROK,Korea South,1967,8.0,3,3.0
732,ROK,Korea South,1968,8.0,3,3.0
732,ROK,Korea South,1969,8.0,3,3.0
732,ROK,Korea South,1970,8.0,3,3.0
732,ROK,Korea South,1971,8.0,3,3.0
732,ROK,Korea South,1972,3.0,1,-9.0
732,ROK,Korea South,1973,3.0,2,-8.0
732,ROK,Korea South,1974,3.0,2,-8.0
732,ROK,Korea South,1975,3.0,2,-8.0
732,ROK,Korea South,1976,3.0,2,-8.0
732,ROK,Korea South,1977,3.0,2,-8.0
732,ROK,Korea South,1978,3.0,2,-8.0
732,ROK,Korea South,1979,3.0,2,-8.0
732,ROK,Korea South,1980,3.0,2,-8.0
732,ROK,Korea South,1981,3.0,2,-5.0
732,ROK,Korea South,1982,3.0,2,-5.0
732,ROK,Korea South,1983,3.0,2,-5.0
732,ROK,Korea South,1984,3.0,2,-5.0
732,ROK,Korea South,1985,3.0,2,-5.0
732,ROK,Korea South,1986,3.0,2,-5.0
732,ROK,Korea South,1987,-88.0,-88,1.0
732,ROK,Korea South,1988,7.0,4,6.0
732,ROK,Korea South,1989,7.0,4,6.0
732,ROK,Korea South,1990,7.0,4,6.0
732,ROK,Korea South,1991,7.0,4,6.0
732,ROK,Korea South,1992,7.0,4,6.0
732,ROK,Korea South,1993,7.0,4,6.0
732,ROK,Korea South,1994,7.0,4,6.0
732,ROK,Korea South,1995,7.0,4,6.0
732,ROK,Korea South,1996,7.0,4,6.0
732,ROK,Korea South,1997,7.0,4,6.0
732,ROK,Korea South,1998,8.0,4,8.0
732,ROK,Korea South,1999,8.0,4,8.0
732,ROK,Korea South,2000,8.0,4,8.0
732,ROK,Korea South,2001,8.0,4,8.0
732,ROK,Korea South,2002,8.0,4,8.0
732,ROK,Korea South,2003,8.0,4,8.0
732,ROK,Korea South,2004,8.0,4,8.0
732,ROK,Korea South,2005,8.0,4,8.0
732,ROK,Korea South,2006,8.0,4,8.0
732,ROK,Korea South,2007,8.0,4,8.0
732,ROK,Korea South,2008,8.0,4,8.0
732,ROK,Korea South,2009,8.0,4,8.0
732,ROK,Korea South,2010,8.0,4,8.0
732,ROK,Korea South,2011,8.0,4,8.0
732,ROK,Korea South,2012,8.0,4,8.0
732,ROK,Korea South,2013,8.0,4,8.0
732,ROK,Korea South,2014,8.0,4,8.0
732,ROK,Korea South,2015,8.0,4,8.0
732,ROK,Korea South,2016,8.0,4,8.0
732,ROK,Korea South,2017,8.0,4,8.0
732,ROK,Korea South,2018,8.0,4,8.0
360,RUM,Romania,1859,3.0,3,0.0
360,RUM,Romania,1860,3.0,3,0.0
360,RUM,Romania,1861,3.0,3,0.0
360,RUM,Romania,1862,3.0,3,0.0
360,RUM,Romania,1863,3.0,3,0.0
360,RUM,Romania,1864,4.0,3,-2.0
360,RUM,Romania,1865,4.0,3,-2.0
360,RUM,Romania,1866,2.0,2,-7.0
360,RUM,Romania,1867,2.0,2,-7.0
360,RUM,Romania,1868,2.0,2,-7.0
360,RUM,Romania,1869,2.0,2,-7.0
360,RUM,Romania,1870,2.0,2,-7.0
360,RUM,Romania,1871,2.0,2,-7.0
360,RUM,Romania,1872,2.0,2,-7.0
360,RUM,Romania,1873,2.0,2,-7.0
360,RUM,Romania,1874,2.0,2,-7.0
360,RUM,Romania,1875,2.0,2,-7.0
360,RUM,Romania,1876,2.0,2,-7.0
360,RUM,Romania,1877,2.0,2,-7.0
360,RUM,Romania,1878,2.0,2,-7.0
360,RUM,Romania,1879,2.0,2,-7.0
360,RUM,Romania,1880,2.0,2,-7.0
360,RUM,Romania,1881,2.0,2,-7.0
360,RUM,Romania,1882,2.0,2,-7.0
360,RUM,Romania,1883,2.0,2,-7.0
360,RUM,Romania,1884,2.0,2,-7.0
360,RUM,Romania,1885,2.0,2,-7.0
360,RUM,Romania,1886,2.0,2,-7.0
360,RUM,Romania,1887,2.0,2,-7.0
360,RUM,Romania,1888,2.0,2,-7.0
360,RUM,Romania,1889,2.0,2,-7.0
360,RUM,Romania,1890,2.0,2,-7.0
360,RUM,Romania,1891,2.0,2,-7.0
360,RUM,Romania,1892,2.0,2,-7.0
360,RUM,Romania,1893,2.0,2,-7.0
360,RUM,Romania,1894,2.0,2,-7.0
360,RUM,Romania,1895,2.0,2,-7.0
360,RUM,Romania,1896,2.0,2,-7.0
360,RUM,Romania,1897,2.0,2,-7.0
360,RUM,Romania,1898,2.0,2,-7.0
360,RUM,Romania,1899,2.0,2,-7.0
360,RUM,Romania,1900,2.0,2,-6.0
360,RUM,Romania,1901,2.0,2,-6.0
360,RUM,Romania,1902,2.0,2,-6.0
360,RUM,Romania,1903,2.0,2,-6.0
360,RUM,Romania,1904,2.0,2,-6.0
360,RUM,Romania,1905,2.0,2,-6.0
360,RUM,Romania,1906,2.0,2,-6.0
360,RUM,Romania,1907,2.0,2,-6.0
360,RUM,Romania,1908,2.0,2,-6.0
360,RUM,Romania,1909,2.0,2,-6.0
360,RUM,Romania,1910,2.0,3,-4.0
360,RUM,Romania,1911,2.0,3,-4.0
360,RUM,Romania,1912,2.0,3,-4.0
360,RUM,Romania,1913,2.0,3,-4.0
360,RUM,Romania,1914,2.0,3,-4.0
360,RUM,Romania,1915,2.0,3,-4.0
360,RUM,Romania,1916,-66.0,-66,
360,RUM,Romania,1917,2.0,3,-4.0
360,RUM,Romania,1918,2.0,3,-4.0
360,RUM,Romania,1919,2.0,3,-4.0
360,RUM,Romania,1920,2.0,3,-4.0
360,RUM,Romania,1921,2.0,3,-4.0
360,RUM,Romania,1922,2.0,3,-4.0
360,RUM,Romania,1923,2.0,3,-4.0
360,RUM,Romania,1924,2.0,3,-4.0
360,RUM,Romania,1925,2.0,3,-4.0
360,RUM,Romania,1926,2.0,3,-4.0
360,RUM,Romania,1927,2.0,3,-4.0
360,RUM,Romania,1928,2.0,3,-4.0
360,RUM,Romania,1929,2.0,3,-4.0
360,RUM,Romania,1930,2.0,3,-4.0
360,RUM,Romania,1931,2.0,3,-4.0
360,RUM,Romania,1932,2.0,3,-4.0
360,RUM,Romania,1933,2.0,3,-4.0
360,RUM,Romania,1934,2.0,3,-4.0
360,RUM,Romania,1935,2.0,3,-4.0
360,RUM,Romania,1936,2.0,3,-4.0
360,RUM,Romania,1937,2.0,3,-4.0
360,RUM,Romania,1938,1.0,3,-6.0
360,RUM,Romania,1939,1.0,3,-6.0
360,RUM,Romania,1940,-88.0,-88,-7.0
360,RUM,Romania,1941,4.0,1,-7.0
360,RUM,Romania,1942,4.0,1,-7.0
360,RUM,Romania,1943,4.0,1,-7.0
360,RUM,Romania,1944,-88.0,-88,-7.0
360,RUM,Romania,1945,-88.0,-88,-7.0
360,RUM,Romania,1946,2.0,3,-3.0
360,RUM,Romania,1947,3.0,1,-7.0
360,RUM,Romania,1948,3.0,1,-7.0
360,RUM,Romania,1949,3.0,1,-7.0
360,RUM,Romania,1950,3.0,1,-7.0
360,RUM,Romania,1951,3.0,1,-7.0
360,RUM,Romania,1952,3.0,1,-7.0
360,RUM,Romania,1953,3.0,1,-7.0
360,RUM,Romania,1954,3.0,1,-7.0
360,RUM,Romania,1955,3.0,1,-7.0
360,RUM,Romania,1956,3.0,1,-7.0
360,RUM,Romania,1957,3.0,1,-7.0
360,RUM,Romania,1958,3.0,1,-7.0
360,RUM,Romania,1959,3.0,1,-7.0
360,RUM,Romania,1960,3.0,1,-7.0
360,RUM,Romania,1961,3.0,1,-7.0
360,RUM,Romania,1962,3.0,1,-7.0
360,RUM,Romania,1963,3.0,1,-7.0
360,RUM,Romania,1964,3.0,1,-7.0
360,RUM,Romania,1965,3.0,1,-7.0
360,RUM,Romania,1966,3.0,1,-7.0
360,RUM,Romania,1967,3.0,1,-7.0
360,RUM,Romania,1968,3.0,1,-7.0
360,RUM,Romania,1969,3.0,1,-7.0
360,RUM,Romania,1970,3.0,1,-7.0
360,RUM,Romania,1971,3.0,1,-7.0
360,RUM,Romania,1972,3.0,1,-7.0
360,RUM,Romania,1973,3.0,1,-7.0
360,RUM,Romania,1974,3.0,1,-7.0
360,RUM,Romania,1975,3.0,1,-7.0
360,RUM,Romania,1976,3.0,1,-7.0
360,RUM,Romania,1977,3.0,1,-8.0
360,RUM,Romania,1978,3.0,1,-8.0
360,RUM,Romania,1979,3.0,1,-8.0
360,RUM,Romania,1980,3.0,1,-8.0
360,RUM,Romania,1981,3.0,1,-8.0
360,RUM,Romania,1982,3.0,1,-8.0
360,RUM,Romania,1983,3.0,1,-8.0
360,RUM,Romania,1984,3.0,1,-8.0
360,RUM,Romania,1985,3.0,1,-8.0
360,RUM,Romania,1986,3.0,1,-8.0
360,RUM,Romania,1987,3.0,1,-8.0
360,RUM,Romania,1988,3.0,1,-8.0
360,RUM,Romania,1989,-88.0,-88,-1.0
360,RUM,Romania,1990,7.0,3,5.0
360,RUM,Romania,1991,7.0,3,5.0
360,RUM,Romania,1992,7.0,3,5.0
360,RUM,Romania,1993,7.0,3,5.0
360,RUM,Romania,1994,7.0,3,5.0
360,RUM,Romania,1995,7.0,3,5.0
360,RUM,Romania,1996,8.0,4,8.0
360,RUM,Romania,1997,8.0,4,8.0
360,RUM,Romania,1998,8.0,4,8.0
360,RUM,Romania,1999,8.0,4,8.0
360,RUM,Romania,2000,8.0,4,8.0
360,RUM,Romania,2001,8.0,4,8.0
360,RUM,Romania,2002,8.0,4,8.0
360,RUM,Romania,2003,8.0,4,8.0
360,RUM,Romania,2004,8.0,4,9.0
360,RUM,Romania,2005,8.0,4,9.0
360,RUM,Romania,2006,8.0,4,9.0
360,RUM,Romania,2007,8.0,4,9.0
360,RUM,Romania,2008,8.0,4,9.0
360,RUM,Romania,2009,8.0,4,9.0
360,RUM,Romania,2010,8.0,4,9.0
360,RUM,Romania,2011,8.0,4,9.0
360,RUM,Romania,2012,8.0,4,9.0
360,RUM,Romania,2013,8.0,4,9.0
360,RUM,Romania,2014,8.0,4,9.0
360,RUM,Romania,2015,8.0,4,9.0
360,RUM,Romania,2016,8.0,4,9.0
360,RUM,Romania,2017,8.0,4,9.0
360,RUM,Romania,2018,8.0,4,9.0
365,RUS,Russia,1800,1.0,1,-10.0
365,RUS,Russia,1801,1.0,1,-10.0
365,RUS,Russia,1802,1.0,1,-10.0
365,RUS,Russia,1803,1.0,1,-10.0
365,RUS,Russia,1804,1.0,1,-10.0
365,RUS,Russia,1805,1.0,1,-10.0
365,RUS,Russia,1806,1.0,1,-10.0
365,RUS,Russia,1807,1.0,1,-10.0
365,RUS,Russia,1808,1.0,1,-10.0
365,RUS,Russia,1809,1.0,1,-10.0
365,RUS,Russia,1810,1.0,1,-10.0
365,RUS,Russia,1811,1.0,1,-10.0
365,RUS,Russia,1812,1.0,1,-10.0
365,RUS,Russia,1813,1.0,1,-10.0
365,RUS,Russia,1814,1.0,1,-10.0
365,RUS,Russia,1815,1.0,1,-10.0
365,RUS,Russia,1816,1.0,1,-10.0
365,RUS,Russia,1817,1.0,1,-10.0
365,RUS,Russia,1818,1.0,1,-10.0
365,RUS,Russia,1819,1.0,1,-10.0
365,RUS,Russia,1820,1.0,1,-10.0
365,RUS,Russia,1821,1.0,1,-10.0
365,RUS,Russia,1822,1.0,1,-10.0
365,RUS,Russia,1823,1.0,1,-10.0
365,RUS,Russia,1824,1.0,1,-10.0
365,RUS,Russia,1825,1.0,1,-10.0
365,RUS,Russia,1826,1.0,1,-10.0
365,RUS,Russia,1827,1.0,1,-10.0
365,RUS,Russia,1828,1.0,1,-10.0
365,RUS,Russia,1829,1.0,1,-10.0
365,RUS,Russia,1830,1.0,1,-10.0
365,RUS,Russia,1831,1.0,1,-10.0
365,RUS,Russia,1832,1.0,1,-10.0
365,RUS,Russia,1833,1.0,1,-10.0
365,RUS,Russia,1834,1.0,1,-10.0
365,RUS,Russia,1835,1.0,1,-10.0
365,RUS,Russia,1836,1.0,1,-10.0
365,RUS,Russia,1837,1.0,1,-10.0
365,RUS,Russia,1838,1.0,1,-10.0
365,RUS,Russia,1839,1.0,1,-10.0
365,RUS,Russia,1840,1.0,1,-10.0
365,RUS,Russia,1841,1.0,1,-10.0
365,RUS,Russia,1842,1.0,1,-10.0
365,RUS,Russia,1843,1.0,1,-10.0
365,RUS,Russia,1844,1.0,1,-10.0
365,RUS,Russia,1845,1.0,1,-10.0
365,RUS,Russia,1846,1.0,1,-10.0
365,RUS,Russia,1847,1.0,1,-10.0
365,RUS,Russia,1848,1.0,1,-10.0
365,RUS,Russia,1849,1.0,1,-10.0
365,RUS,Russia,1850,1.0,1,-10.0
365,RUS,Russia,1851,1.0,1,-10.0
365,RUS,Russia,1852,1.0,1,-10.0
365,RUS,Russia,1853,1.0,1,-10.0
365,RUS,Russia,1854,1.0,1,-10.0
365,RUS,Russia,1855,1.0,1,-10.0
365,RUS,Russia,1856,1.0,1,-10.0
365,RUS,Russia,1857,1.0,1,-10.0
365,RUS,Russia,1858,1.0,1,-10.0
365,RUS,Russia,1859,1.0,1,-10.0
365,RUS,Russia,1860,1.0,1,-10.0
365,RUS,Russia,1861,1.0,1,-10.0
365,RUS,Russia,1862,1.0,1,-10.0
365,RUS,Russia,1863,1.0,1,-10.0
365,RUS,Russia,1864,1.0,1,-10.0
365,RUS,Russia,1865,1.0,1,-10.0
365,RUS,Russia,1866,1.0,1,-10.0
365,RUS,Russia,1867,1.0,1,-10.0
365,RUS,Russia,1868,1.0,1,-10.0
365,RUS,Russia,1869,1.0,1,-10.0
365,RUS,Russia,1870,1.0,1,-10.0
365,RUS,Russia,1871,1.0,1,-10.0
365,RUS,Russia,1872,1.0,1,-10.0
365,RUS,Russia,1873,1.0,1,-10.0
365,RUS,Russia,1874,1.0,1,-10.0
365,RUS,Russia,1875,1.0,1,-10.0
365,RUS,Russia,1876,1.0,1,-10.0
365,RUS,Russia,1877,1.0,1,-10.0
365,RUS,Russia,1878,1.0,1,-10.0
365,RUS,Russia,1879,1.0,1,-10.0
365,RUS,Russia,1880,1.0,1,-10.0
365,RUS,Russia,1881,1.0,1,-10.0
365,RUS,Russia,1882,1.0,1,-10.0
365,RUS,Russia,1883,1.0,1,-10.0
365,RUS,Russia,1884,1.0,1,-10.0
365,RUS,Russia,1885,1.0,1,-10.0
365,RUS,Russia,1886,1.0,1,-10.0
365,RUS,Russia,1887,1.0,1,-10.0
365,RUS,Russia,1888,1.0,1,-10.0
365,RUS,Russia,1889,1.0,1,-10.0
365,RUS,Russia,1890,1.0,1,-10.0
365,RUS,Russia,1891,1.0,1,-10.0
365,RUS,Russia,1892,1.0,1,-10.0
365,RUS,Russia,1893,1.0,1,-10.0
365,RUS,Russia,1894,1.0,1,-10.0
365,RUS,Russia,1895,1.0,1,-10.0
365,RUS,Russia,1896,1.0,1,-10.0
365,RUS,Russia,1897,1.0,1,-10.0
365,RUS,Russia,1898,1.0,1,-10.0
365,RUS,Russia,1899,1.0,1,-10.0
365,RUS,Russia,1900,1.0,1,-10.0
365,RUS,Russia,1901,1.0,1,-10.0
365,RUS,Russia,1902,1.0,1,-10.0
365,RUS,Russia,1903,1.0,1,-10.0
365,RUS,Russia,1904,1.0,1,-10.0
365,RUS,Russia,1905,-88.0,-88,-8.0
365,RUS,Russia,1906,2.0,3,-6.0
365,RUS,Russia,1907,2.0,3,-6.0
365,RUS,Russia,1908,2.0,3,-6.0
365,RUS,Russia,1909,2.0,3,-6.0
365,RUS,Russia,1910,2.0,3,-6.0
365,RUS,Russia,1911,2.0,3,-6.0
365,RUS,Russia,1912,2.0,3,-6.0
365,RUS,Russia,1913,2.0,3,-6.0
365,RUS,Russia,1914,2.0,3,-6.0
365,RUS,Russia,1915,2.0,3,-6.0
365,RUS,Russia,1916,2.0,3,-6.0
365,RUS,Russia,1917,4.0,3,-1.0
365,RUS,Russia,1918,4.0,3,-1.0
365,RUS,Russia,1919,4.0,3,-1.0
365,RUS,Russia,1920,4.0,3,-1.0
365,RUS,Russia,1921,4.0,3,-1.0
365,RUS,Russia,1922,4.0,3,-1.0
365,RUS,Russia,1992,7.0,3,5.0
365,RUS,Russia,1993,7.0,4,3.0
365,RUS,Russia,1994,7.0,4,3.0
365,RUS,Russia,1995,7.0,4,3.0
365,RUS,Russia,1996,7.0,4,3.0
365,RUS,Russia,1997,7.0,4,3.0
365,RUS,Russia,1998,7.0,4,3.0
365,RUS,Russia,1999,7.0,4,3.0
365,RUS,Russia,2000,7.0,4,6.0
365,RUS,Russia,2001,7.0,4,6.0
365,RUS,Russia,2002,7.0,4,6.0
365,RUS,Russia,2003,7.0,4,6.0
365,RUS,Russia,2004,7.0,4,6.0
365,RUS,Russia,2005,7.0,4,6.0
365,RUS,Russia,2006,7.0,4,6.0
365,RUS,Russia,2007,7.0,4,4.0
365,RUS,Russia,2008,7.0,4,4.0
365,RUS,Russia,2009,7.0,4,4.0
365,RUS,Russia,2010,7.0,4,4.0
365,RUS,Russia,2011,7.0,4,4.0
365,RUS,Russia,2012,7.0,4,4.0
365,RUS,Russia,2013,7.0,4,4.0
365,RUS,Russia,2014,7.0,4,4.0
365,RUS,Russia,2015,7.0,4,4.0
365,RUS,Russia,2016,7.0,4,4.0
365,RUS,Russia,2017,7.0,4,4.0
365,RUS,Russia,2018,7.0,4,4.0
817,RVN,South Vietnam,1955,3.0,3,-3.0
817,RVN,South Vietnam,1956,3.0,3,-3.0
817,RVN,South Vietnam,1957,3.0,3,-3.0
817,RVN,South Vietnam,1958,3.0,3,-3.0
817,RVN,South Vietnam,1959,3.0,3,-3.0
817,RVN,South Vietnam,1960,3.0,3,-3.0
817,RVN,South Vietnam,1961,3.0,3,-3.0
817,RVN,South Vietnam,1962,3.0,3,-3.0
817,RVN,South Vietnam,1963,4.0,3,-3.0
817,RVN,South Vietnam,1964,4.0,3,-3.0
817,RVN,South Vietnam,1965,-66.0,-66,
817,RVN,South Vietnam,1966,-66.0,-66,
817,RVN,South Vietnam,1967,-66.0,-66,
817,RVN,South Vietnam,1968,-66.0,-66,
817,RVN,South Vietnam,1969,-66.0,-66,
817,RVN,South Vietnam,1970,-66.0,-66,
817,RVN,South Vietnam,1971,-66.0,-66,
817,RVN,South Vietnam,1972,-66.0,-66,
817,RVN,South Vietnam,1973,-77.0,-77,0.0
817,RVN,South Vietnam,1974,-77.0,-77,0.0
817,RVN,South Vietnam,1975,-77.0,-77,0.0
517,RWA,Rwanda,1961,3.0,3,-5.0
517,RWA,Rwanda,1962,3.0,3,-5.0
517,RWA,Rwanda,1963,3.0,3,-5.0
517,RWA,Rwanda,1964,3.0,3,-5.0
517,RWA,Rwanda,1965,3.0,3,-5.0
517,RWA,Rwanda,1966,3.0,3,-5.0
517,RWA,Rwanda,1967,3.0,3,-5.0
517,RWA,Rwanda,1968,3.0,3,-5.0
517,RWA,Rwanda,1969,3.0,3,-5.0
517,RWA,Rwanda,1970,3.0,3,-5.0
517,RWA,Rwanda,1971,3.0,3,-5.0
517,RWA,Rwanda,1972,3.0,3,-5.0
517,RWA,Rwanda,1973,4.0,1,-7.0
517,RWA,Rwanda,1974,4.0,1,-7.0
517,RWA,Rwanda,1975,4.0,1,-7.0
517,RWA,Rwanda,1976,4.0,1,-7.0
517,RWA,Rwanda,1977,4.0,1,-7.0
517,RWA,Rwanda,1978,4.0,1,-7.0
517,RWA,Rwanda,1979,4.0,1,-7.0
517,RWA,Rwanda,1980,4.0,1,-7.0
517,RWA,Rwanda,1981,4.0,1,-7.0
517,RWA,Rwanda,1982,4.0,1,-7.0
517,RWA,Rwanda,1983,4.0,1,-7.0
517,RWA,Rwanda,1984,4.0,1,-7.0
517,RWA,Rwanda,1985,4.0,1,-7.0
517,RWA,Rwanda,1986,4.0,1,-7.0
517,RWA,Rwanda,1987,4.0,1,-7.0
517,RWA,Rwanda,1988,4.0,1,-7.0
517,RWA,Rwanda,1989,4.0,1,-7.0
517,RWA,Rwanda,1990,5.0,1,-7.0
517,RWA,Rwanda,1991,5.0,1,-7.0
517,RWA,Rwanda,1992,5.0,1,-7.0
517,RWA,Rwanda,1993,5.0,1,-7.0
517,RWA,Rwanda,1994,4.0,1,-6.0
517,RWA,Rwanda,1995,4.0,1,-6.0
517,RWA,Rwanda,1996,4.0,1,-6.0
517,RWA,Rwanda,1997,4.0,1,-6.0
517,RWA,Rwanda,1998,4.0,1,-6.0
517,RWA,Rwanda,1999,4.0,1,-6.0
517,RWA,Rwanda,2000,4.0,2,-4.0
517,RWA,Rwanda,2001,4.0,2,-4.0
517,RWA,Rwanda,2002,4.0,2,-4.0
517,RWA,Rwanda,2003,5.0,2,-3.0
517,RWA,Rwanda,2004,5.0,2,-3.0
517,RWA,Rwanda,2005,5.0,2,-3.0
517,RWA,Rwanda,2006,5.0,2,-3.0
517,RWA,Rwanda,2007,5.0,2,-3.0
517,RWA,Rwanda,2008,5.0,2,-3.0
517,RWA,Rwanda,2009,5.0,2,-3.0
517,RWA,Rwanda,2010,4.0,2,-4.0
517,RWA,Rwanda,2011,4.0,2,-4.0
517,RWA,Rwanda,2012,4.0,2,-4.0
517,RWA,Rwanda,2013,4.0,2,-3.0
517,RWA,Rwanda,2014,4.0,2,-3.0
517,RWA,Rwanda,2015,4.0,2,-3.0
517,RWA,Rwanda,2016,4.0,2,-3.0
517,RWA,Rwanda,2017,4.0,2,-3.0
517,RWA,Rwanda,2018,4.0,2,-3.0
560,SAF,South Africa,1910,8.0,2,4.0
560,SAF,South Africa,1911,8.0,2,4.0
560,SAF,South Africa,1912,8.0,2,4.0
560,SAF,South Africa,1913,8.0,2,4.0
560,SAF,South Africa,1914,8.0,2,4.0
560,SAF,South Africa,1915,8.0,2,4.0
560,SAF,South Africa,1916,8.0,2,4.0
560,SAF,South Africa,1917,8.0,2,4.0
560,SAF,South Africa,1918,8.0,2,4.0
560,SAF,South Africa,1919,8.0,2,4.0
560,SAF,South Africa,1920,8.0,2,4.0
560,SAF,South Africa,1921,8.0,2,4.0
560,SAF,South Africa,1922,8.0,2,4.0
560,SAF,South Africa,1923,8.0,2,4.0
560,SAF,South Africa,1924,8.0,2,4.0
560,SAF,South Africa,1925,8.0,2,4.0
560,SAF,South Africa,1926,8.0,2,4.0
560,SAF,South Africa,1927,8.0,2,4.0
560,SAF,South Africa,1928,8.0,2,4.0
560,SAF,South Africa,1929,8.0,2,4.0
560,SAF,South Africa,1930,8.0,2,4.0
560,SAF,South Africa,1931,8.0,2,4.0
560,SAF,South Africa,1932,8.0,2,4.0
560,SAF,South Africa,1933,8.0,2,4.0
560,SAF,South Africa,1934,8.0,2,4.0
560,SAF,South Africa,1935,8.0,2,4.0
560,SAF,South Africa,1936,8.0,2,4.0
560,SAF,South Africa,1937,8.0,2,4.0
560,SAF,South Africa,1938,8.0,2,4.0
560,SAF,South Africa,1939,8.0,2,4.0
560,SAF,South Africa,1940,8.0,2,4.0
560,SAF,South Africa,1941,8.0,2,4.0
560,SAF,South Africa,1942,8.0,2,4.0
560,SAF,South Africa,1943,8.0,2,4.0
560,SAF,South Africa,1944,8.0,2,4.0
560,SAF,South Africa,1945,8.0,2,4.0
560,SAF,South Africa,1946,8.0,2,4.0
560,SAF,South Africa,1947,8.0,2,4.0
560,SAF,South Africa,1948,8.0,2,4.0
560,SAF,South Africa,1949,8.0,2,4.0
560,SAF,South Africa,1950,8.0,2,4.0
560,SAF,South Africa,1951,8.0,2,4.0
560,SAF,South Africa,1952,8.0,2,4.0
560,SAF,South Africa,1953,8.0,2,4.0
560,SAF,South Africa,1954,8.0,2,4.0
560,SAF,South Africa,1955,8.0,2,4.0
560,SAF,South Africa,1956,8.0,2,4.0
560,SAF,South Africa,1957,8.0,2,4.0
560,SAF,South Africa,1958,8.0,2,4.0
560,SAF,South Africa,1959,8.0,2,4.0
560,SAF,South Africa,1960,8.0,2,4.0
560,SAF,South Africa,1961,8.0,2,4.0
560,SAF,South Africa,1962,8.0,2,4.0
560,SAF,South Africa,1963,8.0,2,4.0
560,SAF,South Africa,1964,8.0,2,4.0
560,SAF,South Africa,1965,8.0,2,4.0
560,SAF,South Africa,1966,8.0,2,4.0
560,SAF,South Africa,1967,8.0,2,4.0
560,SAF,South Africa,1968,8.0,2,4.0
560,SAF,South Africa,1969,8.0,2,4.0
560,SAF,South Africa,1970,8.0,2,4.0
560,SAF,South Africa,1971,8.0,2,4.0
560,SAF,South Africa,1972,8.0,2,4.0
560,SAF,South Africa,1973,8.0,2,4.0
560,SAF,South Africa,1974,8.0,2,4.0
560,SAF,South Africa,1975,8.0,2,4.0
560,SAF,South Africa,1976,8.0,2,4.0
560,SAF,South Africa,1977,8.0,2,4.0
560,SAF,South Africa,1978,8.0,2,4.0
560,SAF,South Africa,1979,8.0,2,4.0
560,SAF,South Africa,1980,8.0,2,4.0
560,SAF,South Africa,1981,8.0,2,4.0
560,SAF,South Africa,1982,8.0,2,4.0
560,SAF,South Africa,1983,8.0,2,4.0
560,SAF,South Africa,1984,8.0,2,4.0
560,SAF,South Africa,1985,8.0,2,4.0
560,SAF,South Africa,1986,8.0,2,4.0
560,SAF,South Africa,1987,8.0,2,4.0
560,SAF,South Africa,1988,8.0,2,4.0
560,SAF,South Africa,1989,8.0,2,4.0
560,SAF,South Africa,1990,8.0,2,5.0
560,SAF,South Africa,1991,8.0,2,5.0
560,SAF,South Africa,1992,-88.0,-88,6.0
560,SAF,South Africa,1993,-88.0,-88,8.0
560,SAF,South Africa,1994,8.0,4,9.0
560,SAF,South Africa,1995,8.0,4,9.0
560,SAF,South Africa,1996,8.0,4,9.0
560,SAF,South Africa,1997,8.0,4,9.0
560,SAF,South Africa,1998,8.0,4,9.0
560,SAF,South Africa,1999,8.0,4,9.0
560,SAF,South Africa,2000,8.0,4,9.0
560,SAF,South Africa,2001,8.0,4,9.0
560,SAF,South Africa,2002,8.0,4,9.0
560,SAF,South Africa,2003,8.0,4,9.0
560,SAF,South Africa,2004,8.0,4,9.0
560,SAF,South Africa,2005,8.0,4,9.0
560,SAF,South Africa,2006,8.0,4,9.0
560,SAF,South Africa,2007,8.0,4,9.0
560,SAF,South Africa,2008,8.0,4,9.0
560,SAF,South Africa,2009,8.0,4,9.0
560,SAF,South Africa,2010,8.0,4,9.0
560,SAF,South Africa,2011,8.0,4,9.0
560,SAF,South Africa,2012,8.0,4,9.0
560,SAF,South Africa,2013,8.0,4,9.0
560,SAF,South Africa,2014,8.0,4,9.0
560,SAF,South Africa,2015,8.0,4,9.0
560,SAF,South Africa,2016,8.0,4,9.0
560,SAF,South Africa,2017,8.0,4,9.0
560,SAF,South Africa,2018,8.0,4,9.0
92,SAL,El Salvador,1841,4.0,3,-1.0
92,SAL,El Salvador,1842,4.0,3,-1.0
92,SAL,El Salvador,1843,4.0,3,-1.0
92,SAL,El Salvador,1844,4.0,3,-1.0
92,SAL,El Salvador,1845,4.0,3,-1.0
92,SAL,El Salvador,1846,4.0,3,-1.0
92,SAL,El Salvador,1847,4.0,3,-1.0
92,SAL,El Salvador,1848,4.0,3,-1.0
92,SAL,El Salvador,1849,4.0,3,-1.0
92,SAL,El Salvador,1850,4.0,3,-1.0
92,SAL,El Salvador,1851,4.0,3,-1.0
92,SAL,El Salvador,1852,4.0,3,-1.0
92,SAL,El Salvador,1853,4.0,3,-1.0
92,SAL,El Salvador,1854,4.0,3,-1.0
92,SAL,El Salvador,1855,-66.0,-66,
92,SAL,El Salvador,1856,-66.0,-66,
92,SAL,El Salvador,1857,-66.0,-66,
92,SAL,El Salvador,1858,4.0,3,-1.0
92,SAL,El Salvador,1859,4.0,3,-1.0
92,SAL,El Salvador,1860,4.0,3,-1.0
92,SAL,El Salvador,1861,4.0,3,-1.0
92,SAL,El Salvador,1862,4.0,3,-1.0
92,SAL,El Salvador,1863,4.0,3,-1.0
92,SAL,El Salvador,1864,4.0,3,-1.0
92,SAL,El Salvador,1865,4.0,3,-1.0
92,SAL,El Salvador,1866,4.0,3,-1.0
92,SAL,El Salvador,1867,4.0,3,-1.0
92,SAL,El Salvador,1868,4.0,3,-1.0
92,SAL,El Salvador,1869,4.0,3,-1.0
92,SAL,El Salvador,1870,4.0,3,-1.0
92,SAL,El Salvador,1871,4.0,3,-1.0
92,SAL,El Salvador,1872,4.0,3,-1.0
92,SAL,El Salvador,1873,4.0,3,-1.0
92,SAL,El Salvador,1874,4.0,3,-1.0
92,SAL,El Salvador,1875,4.0,3,-1.0
92,SAL,El Salvador,1876,4.0,3,-1.0
92,SAL,El Salvador,1877,4.0,3,-1.0
92,SAL,El Salvador,1878,4.0,3,-1.0
92,SAL,El Salvador,1879,4.0,3,-1.0
92,SAL,El Salvador,1880,4.0,3,-1.0
92,SAL,El Salvador,1881,4.0,3,-1.0
92,SAL,El Salvador,1882,4.0,3,-1.0
92,SAL,El Salvador,1883,4.0,3,-1.0
92,SAL,El Salvador,1884,4.0,3,-1.0
92,SAL,El Salvador,1885,4.0,3,-1.0
92,SAL,El Salvador,1886,4.0,3,-1.0
92,SAL,El Salvador,1887,4.0,3,-1.0
92,SAL,El Salvador,1888,4.0,3,-1.0
92,SAL,El Salvador,1889,4.0,3,-1.0
92,SAL,El Salvador,1890,4.0,3,-1.0
92,SAL,El Salvador,1891,4.0,3,-1.0
92,SAL,El Salvador,1892,4.0,3,-1.0
92,SAL,El Salvador,1893,4.0,3,-1.0
92,SAL,El Salvador,1894,4.0,3,-1.0
92,SAL,El Salvador,1895,4.0,3,-1.0
92,SAL,El Salvador,1896,4.0,3,-1.0
92,SAL,El Salvador,1897,4.0,3,-1.0
92,SAL,El Salvador,1898,4.0,3,-1.0
92,SAL,El Salvador,1899,4.0,3,-1.0
92,SAL,El Salvador,1900,4.0,3,-1.0
92,SAL,El Salvador,1901,4.0,3,-1.0
92,SAL,El Salvador,1902,4.0,3,-1.0
92,SAL,El Salvador,1903,3.0,2,-6.0
92,SAL,El Salvador,1904,3.0,2,-6.0
92,SAL,El Salvador,1905,3.0,2,-6.0
92,SAL,El Salvador,1906,3.0,2,-6.0
92,SAL,El Salvador,1907,3.0,2,-6.0
92,SAL,El Salvador,1908,3.0,2,-6.0
92,SAL,El Salvador,1909,3.0,2,-6.0
92,SAL,El Salvador,1910,3.0,2,-6.0
92,SAL,El Salvador,1911,3.0,2,-6.0
92,SAL,El Salvador,1912,3.0,2,-6.0
92,SAL,El Salvador,1913,3.0,2,-6.0
92,SAL,El Salvador,1914,3.0,2,-6.0
92,SAL,El Salvador,1915,3.0,2,-6.0
92,SAL,El Salvador,1916,3.0,2,-6.0
92,SAL,El Salvador,1917,3.0,2,-6.0
92,SAL,El Salvador,1918,3.0,2,-6.0
92,SAL,El Salvador,1919,3.0,2,-6.0
92,SAL,El Salvador,1920,3.0,2,-6.0
92,SAL,El Salvador,1921,3.0,2,-6.0
92,SAL,El Salvador,1922,3.0,2,-6.0
92,SAL,El Salvador,1923,3.0,2,-6.0
92,SAL,El Salvador,1924,3.0,2,-6.0
92,SAL,El Salvador,1925,3.0,2,-6.0
92,SAL,El Salvador,1926,3.0,2,-6.0
92,SAL,El Salvador,1927,3.0,2,-6.0
92,SAL,El Salvador,1928,3.0,2,-6.0
92,SAL,El Salvador,1929,3.0,2,-6.0
92,SAL,El Salvador,1930,3.0,2,-6.0
92,SAL,El Salvador,1931,3.0,1,-9.0
92,SAL,El Salvador,1932,3.0,1,-9.0
92,SAL,El Salvador,1933,3.0,1,-9.0
92,SAL,El Salvador,1934,3.0,1,-9.0
92,SAL,El Salvador,1935,3.0,1,-9.0
92,SAL,El Salvador,1936,3.0,1,-9.0
92,SAL,El Salvador,1937,3.0,1,-9.0
92,SAL,El Salvador,1938,3.0,1,-9.0
92,SAL,El Salvador,1939,3.0,1,-9.0
92,SAL,El Salvador,1940,3.0,1,-9.0
92,SAL,El Salvador,1941,3.0,1,-9.0
92,SAL,El Salvador,1942,3.0,1,-9.0
92,SAL,El Salvador,1943,3.0,1,-9.0
92,SAL,El Salvador,1944,3.0,2,-8.0
92,SAL,El Salvador,1945,3.0,2,-8.0
92,SAL,El Salvador,1946,3.0,2,-8.0
92,SAL,El Salvador,1947,3.0,2,-8.0
92,SAL,El Salvador,1948,-88.0,-88,-7.0
92,SAL,El Salvador,1949,-88.0,-88,-7.0
92,SAL,El Salvador,1950,3.0,2,-6.0
92,SAL,El Salvador,1951,3.0,2,-6.0
92,SAL,El Salvador,1952,3.0,2,-6.0
92,SAL,El Salvador,1953,3.0,2,-6.0
92,SAL,El Salvador,1954,3.0,2,-6.0
92,SAL,El Salvador,1955,3.0,2,-6.0
92,SAL,El Salvador,1956,3.0,2,-6.0
92,SAL,El Salvador,1957,3.0,2,-6.0
92,SAL,El Salvador,1958,3.0,2,-6.0
92,SAL,El Salvador,1959,3.0,2,-6.0
92,SAL,El Salvador,1960,5.0,3,0.0
92,SAL,El Salvador,1961,3.0,3,-3.0
92,SAL,El Salvador,1962,3.0,3,-3.0
92,SAL,El Salvador,1963,3.0,3,-3.0
92,SAL,El Salvador,1964,3.0,3,-3.0
92,SAL,El Salvador,1965,3.0,3,-3.0
92,SAL,El Salvador,1966,3.0,3,-3.0
92,SAL,El Salvador,1967,3.0,3,-3.0
92,SAL,El Salvador,1968,3.0,3,-3.0
92,SAL,El Salvador,1969,3.0,3,-3.0
92,SAL,El Salvador,1970,3.0,3,-3.0
92,SAL,El Salvador,1971,3.0,3,-3.0
92,SAL,El Salvador,1972,3.0,3,-3.0
92,SAL,El Salvador,1973,3.0,3,-3.0
92,SAL,El Salvador,1974,3.0,3,-3.0
92,SAL,El Salvador,1975,3.0,3,-3.0
92,SAL,El Salvador,1976,3.0,3,-3.0
92,SAL,El Salvador,1977,3.0,2,-6.0
92,SAL,El Salvador,1978,3.0,2,-6.0
92,SAL,El Salvador,1979,-77.0,-77,0.0
92,SAL,El Salvador,1980,-77.0,-77,0.0
92,SAL,El Salvador,1981,-77.0,-77,0.0
92,SAL,El Salvador,1982,-77.0,-77,0.0
92,SAL,El Salvador,1983,-77.0,-77,0.0
92,SAL,El Salvador,1984,8.0,3,6.0
92,SAL,El Salvador,1985,8.0,3,6.0
92,SAL,El Salvador,1986,8.0,3,6.0
92,SAL,El Salvador,1987,8.0,3,6.0
92,SAL,El Salvador,1988,8.0,3,6.0
92,SAL,El Salvador,1989,8.0,3,6.0
92,SAL,El Salvador,1990,8.0,3,6.0
92,SAL,El Salvador,1991,8.0,3,6.0
92,SAL,El Salvador,1992,8.0,3,6.0
92,SAL,El Salvador,1993,8.0,3,6.0
92,SAL,El Salvador,1994,8.0,4,7.0
92,SAL,El Salvador,1995,8.0,4,7.0
92,SAL,El Salvador,1996,8.0,4,7.0
92,SAL,El Salvador,1997,8.0,4,7.0
92,SAL,El Salvador,1998,8.0,4,7.0
92,SAL,El Salvador,1999,8.0,4,7.0
92,SAL,El Salvador,2000,8.0,4,7.0
92,SAL,El Salvador,2001,8.0,4,7.0
92,SAL,El Salvador,2002,8.0,4,7.0
92,SAL,El Salvador,2003,8.0,4,7.0
92,SAL,El Salvador,2004,8.0,4,7.0
92,SAL,El Salvador,2005,8.0,4,7.0
92,SAL,El Salvador,2006,8.0,4,7.0
92,SAL,El Salvador,2007,8.0,4,7.0
92,SAL,El Salvador,2008,8.0,4,7.0
92,SAL,El Salvador,2009,8.0,4,8.0
92,SAL,El Salvador,2010,8.0,4,8.0
92,SAL,El Salvador,2011,8.0,4,8.0
92,SAL,El Salvador,2012,8.0,4,8.0
92,SAL,El Salvador,2013,8.0,4,8.0
92,SAL,El Salvador,2014,8.0,4,8.0
92,SAL,El Salvador,2015,8.0,4,8.0
92,SAL,El Salvador,2016,8.0,4,8.0
92,SAL,El Salvador,2017,8.0,4,8.0
92,SAL,El Salvador,2018,8.0,4,8.0
324,SAR,Sardinia,1815,1.0,1,-10.0
324,SAR,Sardinia,1816,1.0,1,-10.0
324,SAR,Sardinia,1817,1.0,1,-10.0
324,SAR,Sardinia,1818,1.0,1,-10.0
324,SAR,Sardinia,1819,1.0,1,-10.0
324,SAR,Sardinia,1820,1.0,1,-10.0
324,SAR,Sardinia,1821,1.0,1,-10.0
324,SAR,Sardinia,1822,1.0,1,-10.0
324,SAR,Sardinia,1823,1.0,1,-10.0
324,SAR,Sardinia,1824,1.0,1,-10.0
324,SAR,Sardinia,1825,1.0,1,-10.0
324,SAR,Sardinia,1826,1.0,1,-10.0
324,SAR,Sardinia,1827,1.0,1,-10.0
324,SAR,Sardinia,1828,1.0,1,-10.0
324,SAR,Sardinia,1829,1.0,1,-10.0
324,SAR,Sardinia,1830,1.0,1,-10.0
324,SAR,Sardinia,1831,1.0,1,-10.0
324,SAR,Sardinia,1832,1.0,1,-10.0
324,SAR,Sardinia,1833,1.0,1,-10.0
324,SAR,Sardinia,1834,1.0,1,-10.0
324,SAR,Sardinia,1835,1.0,1,-10.0
324,SAR,Sardinia,1836,1.0,1,-10.0
324,SAR,Sardinia,1837,1.0,1,-10.0
324,SAR,Sardinia,1838,1.0,1,-10.0
324,SAR,Sardinia,1839,1.0,1,-10.0
324,SAR,Sardinia,1840,1.0,1,-10.0
324,SAR,Sardinia,1841,1.0,1,-10.0
324,SAR,Sardinia,1842,1.0,1,-10.0
324,SAR,Sardinia,1843,1.0,1,-10.0
324,SAR,Sardinia,1844,1.0,1,-10.0
324,SAR,Sardinia,1845,1.0,1,-10.0
324,SAR,Sardinia,1846,1.0,1,-10.0
324,SAR,Sardinia,1847,1.0,1,-10.0
324,SAR,Sardinia,1848,2.0,2,-7.0
324,SAR,Sardinia,1849,2.0,2,-7.0
324,SAR,Sardinia,1850,2.0,2,-7.0
324,SAR,Sardinia,1851,2.0,2,-7.0
324,SAR,Sardinia,1852,2.0,2,-7.0
324,SAR,Sardinia,1853,2.0,2,-7.0
324,SAR,Sardinia,1854,2.0,2,-7.0
324,SAR,Sardinia,1855,2.0,2,-7.0
324,SAR,Sardinia,1856,2.0,2,-7.0
324,SAR,Sardinia,1857,2.0,2,-7.0
324,SAR,Sardinia,1858,2.0,2,-7.0
324,SAR,Sardinia,1859,2.0,2,-7.0
324,SAR,Sardinia,1860,2.0,2,-7.0
324,SAR,Sardinia,1861,2.0,2,-7.0
670,SAU,Saudi Arabia,1926,1.0,1,-10.0
670,SAU,Saudi Arabia,1927,1.0,1,-10.0
670,SAU,Saudi Arabia,1928,1.0,1,-10.0
670,SAU,Saudi Arabia,1929,1.0,1,-10.0
670,SAU,Saudi Arabia,1930,1.0,1,-10.0
670,SAU,Saudi Arabia,1931,1.0,1,-10.0
670,SAU,Saudi Arabia,1932,1.0,1,-10.0
670,SAU,Saudi Arabia,1933,1.0,1,-10.0
670,SAU,Saudi Arabia,1934,1.0,1,-10.0
670,SAU,Saudi Arabia,1935,1.0,1,-10.0
670,SAU,Saudi Arabia,1936,1.0,1,-10.0
670,SAU,Saudi Arabia,1937,1.0,1,-10.0
670,SAU,Saudi Arabia,1938,1.0,1,-10.0
670,SAU,Saudi Arabia,1939,1.0,1,-10.0
670,SAU,Saudi Arabia,1940,1.0,1,-10.0
670,SAU,Saudi Arabia,1941,1.0,1,-10.0
670,SAU,Saudi Arabia,1942,1.0,1,-10.0
670,SAU,Saudi Arabia,1943,1.0,1,-10.0
670,SAU,Saudi Arabia,1944,1.0,1,-10.0
670,SAU,Saudi Arabia,1945,1.0,1,-10.0
670,SAU,Saudi Arabia,1946,1.0,1,-10.0
670,SAU,Saudi Arabia,1947,1.0,1,-10.0
670,SAU,Saudi Arabia,1948,1.0,1,-10.0
670,SAU,Saudi Arabia,1949,1.0,1,-10.0
670,SAU,Saudi Arabia,1950,1.0,1,-10.0
670,SAU,Saudi Arabia,1951,1.0,1,-10.0
670,SAU,Saudi Arabia,1952,1.0,1,-10.0
670,SAU,Saudi Arabia,1953,1.0,1,-10.0
670,SAU,Saudi Arabia,1954,1.0,1,-10.0
670,SAU,Saudi Arabia,1955,1.0,1,-10.0
670,SAU,Saudi Arabia,1956,1.0,1,-10.0
670,SAU,Saudi Arabia,1957,1.0,1,-10.0
670,SAU,Saudi Arabia,1958,1.0,1,-10.0
670,SAU,Saudi Arabia,1959,1.0,1,-10.0
670,SAU,Saudi Arabia,1960,1.0,1,-10.0
670,SAU,Saudi Arabia,1961,1.0,1,-10.0
670,SAU,Saudi Arabia,1962,1.0,1,-10.0
670,SAU,Saudi Arabia,1963,1.0,1,-10.0
670,SAU,Saudi Arabia,1964,1.0,1,-10.0
670,SAU,Saudi Arabia,1965,1.0,1,-10.0
670,SAU,Saudi Arabia,1966,1.0,1,-10.0
670,SAU,Saudi Arabia,1967,1.0,1,-10.0
670,SAU,Saudi Arabia,1968,1.0,1,-10.0
670,SAU,Saudi Arabia,1969,1.0,1,-10.0
670,SAU,Saudi Arabia,1970,1.0,1,-10.0
670,SAU,Saudi Arabia,1971,1.0,1,-10.0
670,SAU,Saudi Arabia,1972,1.0,1,-10.0
670,SAU,Saudi Arabia,1973,1.0,1,-10.0
670,SAU,Saudi Arabia,1974,1.0,1,-10.0
670,SAU,Saudi Arabia,1975,1.0,1,-10.0
670,SAU,Saudi Arabia,1976,1.0,1,-10.0
670,SAU,Saudi Arabia,1977,1.0,1,-10.0
670,SAU,Saudi Arabia,1978,1.0,1,-10.0
670,SAU,Saudi Arabia,1979,1.0,1,-10.0
670,SAU,Saudi Arabia,1980,1.0,1,-10.0
670,SAU,Saudi Arabia,1981,1.0,1,-10.0
670,SAU,Saudi Arabia,1982,1.0,1,-10.0
670,SAU,Saudi Arabia,1983,1.0,1,-10.0
670,SAU,Saudi Arabia,1984,1.0,1,-10.0
670,SAU,Saudi Arabia,1985,1.0,1,-10.0
670,SAU,Saudi Arabia,1986,1.0,1,-10.0
670,SAU,Saudi Arabia,1987,1.0,1,-10.0
670,SAU,Saudi Arabia,1988,1.0,1,-10.0
670,SAU,Saudi Arabia,1989,1.0,1,-10.0
670,SAU,Saudi Arabia,1990,1.0,1,-10.0
670,SAU,Saudi Arabia,1991,1.0,1,-10.0
670,SAU,Saudi Arabia,1992,1.0,1,-10.0
670,SAU,Saudi Arabia,1993,1.0,1,-10.0
670,SAU,Saudi Arabia,1994,1.0,1,-10.0
670,SAU,Saudi Arabia,1995,1.0,1,-10.0
670,SAU,Saudi Arabia,1996,1.0,1,-10.0
670,SAU,Saudi Arabia,1997,1.0,1,-10.0
670,SAU,Saudi Arabia,1998,1.0,1,-10.0
670,SAU,Saudi Arabia,1999,1.0,1,-10.0
670,SAU,Saudi Arabia,2000,1.0,1,-10.0
670,SAU,Saudi Arabia,2001,1.0,1,-10.0
670,SAU,Saudi Arabia,2002,1.0,1,-10.0
670,SAU,Saudi Arabia,2003,1.0,1,-10.0
670,SAU,Saudi Arabia,2004,1.0,1,-10.0
670,SAU,Saudi Arabia,2005,1.0,1,-10.0
670,SAU,Saudi Arabia,2006,1.0,1,-10.0
670,SAU,Saudi Arabia,2007,1.0,1,-10.0
670,SAU,Saudi Arabia,2008,1.0,1,-10.0
670,SAU,Saudi Arabia,2009,1.0,1,-10.0
670,SAU,Saudi Arabia,2010,1.0,1,-10.0
670,SAU,Saudi Arabia,2011,1.0,1,-10.0
670,SAU,Saudi Arabia,2012,1.0,1,-10.0
670,SAU,Saudi Arabia,2013,1.0,1,-10.0
670,SAU,Saudi Arabia,2014,1.0,1,-10.0
670,SAU,Saudi Arabia,2015,1.0,1,-10.0
670,SAU,Saudi Arabia,2016,1.0,1,-10.0
670,SAU,Saudi Arabia,2017,1.0,1,-10.0
670,SAU,Saudi Arabia,2018,1.0,1,-10.0
269,SAX,Saxony,1806,1.0,1,-10.0
269,SAX,Saxony,1807,1.0,1,-10.0
269,SAX,Saxony,1808,1.0,1,-10.0
269,SAX,Saxony,1809,1.0,1,-10.0
269,SAX,Saxony,1810,1.0,1,-10.0
269,SAX,Saxony,1811,1.0,1,-10.0
269,SAX,Saxony,1812,1.0,1,-10.0
269,SAX,Saxony,1813,-66.0,-66,
269,SAX,Saxony,1814,-66.0,-66,
269,SAX,Saxony,1815,1.0,1,-10.0
269,SAX,Saxony,1816,1.0,1,-10.0
269,SAX,Saxony,1817,1.0,1,-10.0
269,SAX,Saxony,1818,1.0,1,-10.0
269,SAX,Saxony,1819,1.0,1,-10.0
269,SAX,Saxony,1820,1.0,1,-10.0
269,SAX,Saxony,1821,1.0,1,-10.0
269,SAX,Saxony,1822,1.0,1,-10.0
269,SAX,Saxony,1823,1.0,1,-10.0
269,SAX,Saxony,1824,1.0,1,-10.0
269,SAX,Saxony,1825,1.0,1,-10.0
269,SAX,Saxony,1826,1.0,1,-10.0
269,SAX,Saxony,1827,1.0,1,-10.0
269,SAX,Saxony,1828,1.0,1,-10.0
269,SAX,Saxony,1829,1.0,1,-10.0
269,SAX,Saxony,1830,1.0,1,-10.0
269,SAX,Saxony,1831,1.0,2,-7.0
269,SAX,Saxony,1832,1.0,2,-7.0
269,SAX,Saxony,1833,1.0,2,-7.0
269,SAX,Saxony,1834,1.0,2,-7.0
269,SAX,Saxony,1835,1.0,2,-7.0
269,SAX,Saxony,1836,1.0,2,-7.0
269,SAX,Saxony,1837,1.0,2,-7.0
269,SAX,Saxony,1838,1.0,2,-7.0
269,SAX,Saxony,1839,1.0,2,-7.0
269,SAX,Saxony,1840,1.0,2,-8.0
269,SAX,Saxony,1841,1.0,2,-8.0
269,SAX,Saxony,1842,1.0,2,-8.0
269,SAX,Saxony,1843,1.0,2,-8.0
269,SAX,Saxony,1844,1.0,2,-8.0
269,SAX,Saxony,1845,1.0,2,-9.0
269,SAX,Saxony,1846,1.0,2,-9.0
269,SAX,Saxony,1847,1.0,2,-9.0
269,SAX,Saxony,1848,-66.0,-66,
269,SAX,Saxony,1849,1.0,2,-7.0
269,SAX,Saxony,1850,1.0,2,-7.0
269,SAX,Saxony,1851,1.0,2,-7.0
269,SAX,Saxony,1852,1.0,2,-7.0
269,SAX,Saxony,1853,1.0,2,-7.0
269,SAX,Saxony,1854,1.0,2,-7.0
269,SAX,Saxony,1855,1.0,2,-7.0
269,SAX,Saxony,1856,1.0,2,-7.0
269,SAX,Saxony,1857,1.0,2,-7.0
269,SAX,Saxony,1858,1.0,2,-7.0
269,SAX,Saxony,1859,1.0,2,-7.0
269,SAX,Saxony,1860,1.0,2,-7.0
269,SAX,Saxony,1861,1.0,2,-7.0
269,SAX,Saxony,1862,1.0,2,-7.0
269,SAX,Saxony,1863,1.0,2,-7.0
269,SAX,Saxony,1864,1.0,2,-7.0
269,SAX,Saxony,1865,1.0,2,-7.0
269,SAX,Saxony,1866,1.0,2,-7.0
269,SAX,Saxony,1867,1.0,2,-7.0
269,SAX,Saxony,1868,1.0,2,-7.0
269,SAX,Saxony,1869,1.0,2,-7.0
269,SAX,Saxony,1870,1.0,2,-7.0
269,SAX,Saxony,1871,1.0,2,-7.0
626,SDN,Sudan-North,2011,4.0,2,-4.0
626,SDN,Sudan-North,2012,4.0,2,-4.0
626,SDN,Sudan-North,2013,4.0,2,-4.0
626,SDN,Sudan-North,2014,4.0,2,-4.0
626,SDN,Sudan-North,2015,4.0,2,-4.0
626,SDN,Sudan-North,2016,4.0,2,-4.0
626,SDN,Sudan-North,2017,4.0,2,-4.0
626,SDN,Sudan-North,2018,4.0,2,-4.0
433,SEN,Senegal,1960,8.0,2,-1.0
433,SEN,Senegal,1961,8.0,2,-1.0
433,SEN,Senegal,1962,-88.0,-88,-4.0
433,SEN,Senegal,1963,3.0,1,-7.0
433,SEN,Senegal,1964,3.0,1,-7.0
433,SEN,Senegal,1965,3.0,1,-7.0
433,SEN,Senegal,1966,3.0,1,-7.0
433,SEN,Senegal,1967,3.0,1,-7.0
433,SEN,Senegal,1968,3.0,1,-7.0
433,SEN,Senegal,1969,3.0,1,-7.0
433,SEN,Senegal,1970,3.0,1,-7.0
433,SEN,Senegal,1971,3.0,1,-7.0
433,SEN,Senegal,1972,3.0,1,-7.0
433,SEN,Senegal,1973,3.0,1,-7.0
433,SEN,Senegal,1974,3.0,2,-6.0
433,SEN,Senegal,1975,3.0,2,-6.0
433,SEN,Senegal,1976,3.0,2,-6.0
433,SEN,Senegal,1977,3.0,2,-6.0
433,SEN,Senegal,1978,7.0,2,-2.0
433,SEN,Senegal,1979,7.0,2,-2.0
433,SEN,Senegal,1980,7.0,2,-2.0
433,SEN,Senegal,1981,3.0,4,-1.0
433,SEN,Senegal,1982,3.0,4,-1.0
433,SEN,Senegal,1983,3.0,4,-1.0
433,SEN,Senegal,1984,3.0,4,-1.0
433,SEN,Senegal,1985,3.0,4,-1.0
433,SEN,Senegal,1986,3.0,4,-1.0
433,SEN,Senegal,1987,3.0,4,-1.0
433,SEN,Senegal,1988,3.0,4,-1.0
433,SEN,Senegal,1989,3.0,4,-1.0
433,SEN,Senegal,1990,3.0,4,-1.0
433,SEN,Senegal,1991,3.0,4,-1.0
433,SEN,Senegal,1992,3.0,4,-1.0
433,SEN,Senegal,1993,3.0,4,-1.0
433,SEN,Senegal,1994,3.0,4,-1.0
433,SEN,Senegal,1995,3.0,4,-1.0
433,SEN,Senegal,1996,3.0,4,-1.0
433,SEN,Senegal,1997,3.0,4,-1.0
433,SEN,Senegal,1998,3.0,4,-1.0
433,SEN,Senegal,1999,3.0,4,-1.0
433,SEN,Senegal,2000,8.0,4,8.0
433,SEN,Senegal,2001,8.0,4,8.0
433,SEN,Senegal,2002,8.0,4,8.0
433,SEN,Senegal,2003,8.0,4,8.0
433,SEN,Senegal,2004,8.0,4,8.0
433,SEN,Senegal,2005,8.0,4,8.0
433,SEN,Senegal,2006,8.0,4,8.0
433,SEN,Senegal,2007,8.0,4,7.0
433,SEN,Senegal,2008,8.0,4,7.0
433,SEN,Senegal,2009,8.0,4,7.0
433,SEN,Senegal,2010,8.0,4,7.0
433,SEN,Senegal,2011,8.0,4,7.0
433,SEN,Senegal,2012,8.0,4,7.0
433,SEN,Senegal,2013,8.0,4,7.0
433,SEN,Senegal,2014,8.0,4,7.0
433,SEN,Senegal,2015,8.0,4,7.0
433,SEN,Senegal,2016,8.0,4,7.0
433,SEN,Senegal,2017,8.0,4,7.0
433,SEN,Senegal,2018,8.0,4,7.0
342,SER,Serbia,1830,4.0,1,-7.0
342,SER,Serbia,1831,4.0,1,-7.0
342,SER,Serbia,1832,4.0,1,-7.0
342,SER,Serbia,1833,4.0,1,-7.0
342,SER,Serbia,1834,4.0,1,-7.0
342,SER,Serbia,1835,4.0,1,-7.0
342,SER,Serbia,1836,4.0,1,-7.0
342,SER,Serbia,1837,4.0,1,-7.0
342,SER,Serbia,1838,3.0,3,2.0
342,SER,Serbia,1839,3.0,3,2.0
342,SER,Serbia,1840,3.0,3,2.0
342,SER,Serbia,1841,3.0,3,2.0
342,SER,Serbia,1842,3.0,3,2.0
342,SER,Serbia,1843,3.0,3,2.0
342,SER,Serbia,1844,3.0,3,2.0
342,SER,Serbia,1845,3.0,3,2.0
342,SER,Serbia,1846,3.0,3,2.0
342,SER,Serbia,1847,3.0,3,2.0
342,SER,Serbia,1848,3.0,3,2.0
342,SER,Serbia,1849,3.0,3,2.0
342,SER,Serbia,1850,3.0,3,2.0
342,SER,Serbia,1851,3.0,3,2.0
342,SER,Serbia,1852,3.0,3,2.0
342,SER,Serbia,1853,3.0,3,2.0
342,SER,Serbia,1854,3.0,3,2.0
342,SER,Serbia,1855,3.0,3,2.0
342,SER,Serbia,1856,3.0,3,2.0
342,SER,Serbia,1857,3.0,3,2.0
342,SER,Serbia,1858,3.0,1,-9.0
342,SER,Serbia,1859,3.0,1,-9.0
342,SER,Serbia,1860,-88.0,-88,-4.0
342,SER,Serbia,1861,3.0,3,0.0
342,SER,Serbia,1862,3.0,3,0.0
342,SER,Serbia,1863,3.0,3,0.0
342,SER,Serbia,1864,3.0,3,0.0
342,SER,Serbia,1865,3.0,3,0.0
342,SER,Serbia,1866,3.0,3,0.0
342,SER,Serbia,1867,3.0,3,0.0
342,SER,Serbia,1868,-88.0,-88,-3.0
342,SER,Serbia,1869,3.0,3,-5.0
342,SER,Serbia,1870,3.0,3,-5.0
342,SER,Serbia,1871,3.0,3,-5.0
342,SER,Serbia,1872,3.0,3,-5.0
342,SER,Serbia,1873,3.0,3,-5.0
342,SER,Serbia,1874,3.0,3,-5.0
342,SER,Serbia,1875,3.0,3,-5.0
342,SER,Serbia,1876,3.0,3,-5.0
342,SER,Serbia,1877,3.0,3,-5.0
342,SER,Serbia,1878,3.0,3,-5.0
342,SER,Serbia,1879,3.0,3,-5.0
342,SER,Serbia,1880,3.0,3,-5.0
342,SER,Serbia,1881,3.0,3,-5.0
342,SER,Serbia,1882,3.0,3,-5.0
342,SER,Serbia,1883,3.0,3,-5.0
342,SER,Serbia,1884,3.0,3,-5.0
342,SER,Serbia,1885,3.0,3,-5.0
342,SER,Serbia,1886,3.0,3,-5.0
342,SER,Serbia,1887,3.0,3,-5.0
342,SER,Serbia,1888,3.0,3,-5.0
342,SER,Serbia,1889,3.0,3,-5.0
342,SER,Serbia,1890,3.0,3,-5.0
342,SER,Serbia,1891,3.0,3,-5.0
342,SER,Serbia,1892,3.0,3,-5.0
342,SER,Serbia,1893,3.0,3,-5.0
342,SER,Serbia,1894,3.0,3,-5.0
342,SER,Serbia,1895,3.0,3,-5.0
342,SER,Serbia,1896,3.0,3,-5.0
342,SER,Serbia,1897,3.0,3,-5.0
342,SER,Serbia,1898,3.0,3,-5.0
342,SER,Serbia,1899,3.0,3,-5.0
342,SER,Serbia,1900,3.0,3,-5.0
342,SER,Serbia,1901,3.0,3,-5.0
342,SER,Serbia,1902,3.0,3,-5.0
342,SER,Serbia,1903,6.0,5,4.0
342,SER,Serbia,1904,6.0,5,4.0
342,SER,Serbia,1905,6.0,5,4.0
342,SER,Serbia,1906,6.0,5,4.0
342,SER,Serbia,1907,6.0,5,4.0
342,SER,Serbia,1908,6.0,5,4.0
342,SER,Serbia,1909,6.0,5,4.0
342,SER,Serbia,1910,6.0,5,4.0
342,SER,Serbia,1911,6.0,5,4.0
342,SER,Serbia,1912,6.0,5,4.0
342,SER,Serbia,1913,6.0,5,4.0
342,SER,Serbia,1914,6.0,5,4.0
342,SER,Serbia,1915,-66.0,-66,
342,SER,Serbia,1916,-66.0,-66,
342,SER,Serbia,1917,-88.0,-88,4.0
342,SER,Serbia,1918,-88.0,-88,5.0
342,SER,Serbia,1919,-88.0,-88,6.0
342,SER,Serbia,1920,-88.0,-88,7.0
342,SER,Serbia,2006,8.0,4,8.0
342,SER,Serbia,2007,8.0,4,8.0
342,SER,Serbia,2008,8.0,4,8.0
342,SER,Serbia,2009,8.0,4,8.0
342,SER,Serbia,2010,8.0,4,8.0
342,SER,Serbia,2011,8.0,4,8.0
342,SER,Serbia,2012,8.0,4,8.0
342,SER,Serbia,2013,8.0,4,8.0
342,SER,Serbia,2014,8.0,4,8.0
342,SER,Serbia,2015,8.0,4,8.0
342,SER,Serbia,2016,8.0,4,8.0
342,SER,Serbia,2017,8.0,4,8.0
342,SER,Serbia,2018,8.0,4,8.0
329,SIC,Two Sicilies,1816,1.0,1,-10.0
329,SIC,Two Sicilies,1817,1.0,1,-10.0
329,SIC,Two Sicilies,1818,1.0,1,-10.0
329,SIC,Two Sicilies,1819,1.0,1,-10.0
329,SIC,Two Sicilies,1820,2.0,3,-6.0
329,SIC,Two Sicilies,1821,1.0,1,-10.0
329,SIC,Two Sicilies,1822,1.0,1,-10.0
329,SIC,Two Sicilies,1823,1.0,1,-10.0
329,SIC,Two Sicilies,1824,1.0,1,-10.0
329,SIC,Two Sicilies,1825,1.0,1,-10.0
329,SIC,Two Sicilies,1826,1.0,1,-10.0
329,SIC,Two Sicilies,1827,1.0,1,-10.0
329,SIC,Two Sicilies,1828,1.0,1,-10.0
329,SIC,Two Sicilies,1829,1.0,1,-10.0
329,SIC,Two Sicilies,1830,1.0,1,-10.0
329,SIC,Two Sicilies,1831,1.0,1,-10.0
329,SIC,Two Sicilies,1832,1.0,1,-10.0
329,SIC,Two Sicilies,1833,1.0,1,-10.0
329,SIC,Two Sicilies,1834,1.0,1,-10.0
329,SIC,Two Sicilies,1835,1.0,1,-10.0
329,SIC,Two Sicilies,1836,1.0,1,-10.0
329,SIC,Two Sicilies,1837,1.0,1,-10.0
329,SIC,Two Sicilies,1838,1.0,1,-10.0
329,SIC,Two Sicilies,1839,1.0,1,-10.0
329,SIC,Two Sicilies,1840,1.0,1,-10.0
329,SIC,Two Sicilies,1841,1.0,1,-10.0
329,SIC,Two Sicilies,1842,1.0,1,-10.0
329,SIC,Two Sicilies,1843,1.0,1,-10.0
329,SIC,Two Sicilies,1844,1.0,1,-10.0
329,SIC,Two Sicilies,1845,1.0,1,-10.0
329,SIC,Two Sicilies,1846,1.0,1,-10.0
329,SIC,Two Sicilies,1847,1.0,1,-10.0
329,SIC,Two Sicilies,1848,1.0,1,-10.0
329,SIC,Two Sicilies,1849,1.0,1,-10.0
329,SIC,Two Sicilies,1850,1.0,1,-10.0
329,SIC,Two Sicilies,1851,1.0,1,-10.0
329,SIC,Two Sicilies,1852,1.0,1,-10.0
329,SIC,Two Sicilies,1853,1.0,1,-10.0
329,SIC,Two Sicilies,1854,1.0,1,-10.0
329,SIC,Two Sicilies,1855,1.0,1,-10.0
329,SIC,Two Sicilies,1856,1.0,1,-10.0
329,SIC,Two Sicilies,1857,1.0,1,-10.0
329,SIC,Two Sicilies,1858,1.0,1,-10.0
329,SIC,Two Sicilies,1859,1.0,1,-10.0
329,SIC,Two Sicilies,1860,1.0,1,-10.0
451,SIE,Sierra Leone,1961,8.0,3,6.0
451,SIE,Sierra Leone,1962,8.0,3,6.0
451,SIE,Sierra Leone,1963,8.0,3,6.0
451,SIE,Sierra Leone,1964,8.0,3,6.0
451,SIE,Sierra Leone,1965,8.0,3,6.0
451,SIE,Sierra Leone,1966,8.0,3,6.0
451,SIE,Sierra Leone,1967,4.0,1,-7.0
451,SIE,Sierra Leone,1968,7.0,2,1.0
451,SIE,Sierra Leone,1969,7.0,2,1.0
451,SIE,Sierra Leone,1970,7.0,2,1.0
451,SIE,Sierra Leone,1971,3.0,2,-6.0
451,SIE,Sierra Leone,1972,3.0,2,-6.0
451,SIE,Sierra Leone,1973,3.0,2,-6.0
451,SIE,Sierra Leone,1974,3.0,2,-6.0
451,SIE,Sierra Leone,1975,3.0,2,-6.0
451,SIE,Sierra Leone,1976,3.0,2,-6.0
451,SIE,Sierra Leone,1977,3.0,2,-6.0
451,SIE,Sierra Leone,1978,3.0,1,-7.0
451,SIE,Sierra Leone,1979,3.0,1,-7.0
451,SIE,Sierra Leone,1980,3.0,1,-7.0
451,SIE,Sierra Leone,1981,3.0,1,-7.0
451,SIE,Sierra Leone,1982,3.0,1,-7.0
451,SIE,Sierra Leone,1983,3.0,1,-7.0
451,SIE,Sierra Leone,1984,3.0,1,-7.0
451,SIE,Sierra Leone,1985,3.0,1,-7.0
451,SIE,Sierra Leone,1986,3.0,1,-7.0
451,SIE,Sierra Leone,1987,3.0,1,-7.0
451,SIE,Sierra Leone,1988,3.0,1,-7.0
451,SIE,Sierra Leone,1989,3.0,1,-7.0
451,SIE,Sierra Leone,1990,3.0,1,-7.0
451,SIE,Sierra Leone,1991,3.0,2,-6.0
451,SIE,Sierra Leone,1992,4.0,1,-7.0
451,SIE,Sierra Leone,1993,4.0,1,-7.0
451,SIE,Sierra Leone,1994,4.0,1,-7.0
451,SIE,Sierra Leone,1995,4.0,1,-7.0
451,SIE,Sierra Leone,1996,7.0,3,4.0
451,SIE,Sierra Leone,1997,-77.0,-77,0.0
451,SIE,Sierra Leone,1998,-77.0,-77,0.0
451,SIE,Sierra Leone,1999,-77.0,-77,0.0
451,SIE,Sierra Leone,2000,-77.0,-77,0.0
451,SIE,Sierra Leone,2001,-88.0,-88,2.0
451,SIE,Sierra Leone,2002,7.0,3,5.0
451,SIE,Sierra Leone,2003,7.0,3,5.0
451,SIE,Sierra Leone,2004,7.0,3,5.0
451,SIE,Sierra Leone,2005,7.0,3,5.0
451,SIE,Sierra Leone,2006,7.0,3,5.0
451,SIE,Sierra Leone,2007,8.0,4,7.0
451,SIE,Sierra Leone,2008,8.0,4,7.0
451,SIE,Sierra Leone,2009,8.0,4,7.0
451,SIE,Sierra Leone,2010,8.0,4,7.0
451,SIE,Sierra Leone,2011,8.0,4,7.0
451,SIE,Sierra Leone,2012,8.0,4,7.0
451,SIE,Sierra Leone,2013,8.0,4,7.0
451,SIE,Sierra Leone,2014,8.0,4,7.0
451,SIE,Sierra Leone,2015,8.0,4,7.0
451,SIE,Sierra Leone,2016,8.0,4,7.0
451,SIE,Sierra Leone,2017,8.0,4,7.0
451,SIE,Sierra Leone,2018,8.0,4,7.0
830,SIN,Singapore,1965,4.0,2,-4.0
830,SIN,Singapore,1966,4.0,2,-4.0
830,SIN,Singapore,1967,4.0,2,-4.0
830,SIN,Singapore,1968,4.0,2,-4.0
830,SIN,Singapore,1969,4.0,2,-4.0
830,SIN,Singapore,1970,4.0,2,-4.0
830,SIN,Singapore,1971,4.0,2,-4.0
830,SIN,Singapore,1972,4.0,2,-4.0
830,SIN,Singapore,1973,4.0,2,-4.0
830,SIN,Singapore,1974,4.0,2,-4.0
830,SIN,Singapore,1975,4.0,2,-4.0
830,SIN,Singapore,1976,4.0,2,-4.0
830,SIN,Singapore,1977,4.0,2,-4.0
830,SIN,Singapore,1978,4.0,2,-4.0
830,SIN,Singapore,1979,4.0,2,-4.0
830,SIN,Singapore,1980,4.0,2,-4.0
830,SIN,Singapore,1981,4.0,2,-4.0
830,SIN,Singapore,1982,4.0,2,-4.0
830,SIN,Singapore,1983,4.0,2,-4.0
830,SIN,Singapore,1984,4.0,2,-4.0
830,SIN,Singapore,1985,4.0,2,-4.0
830,SIN,Singapore,1986,4.0,2,-4.0
830,SIN,Singapore,1987,4.0,2,-4.0
830,SIN,Singapore,1988,4.0,2,-4.0
830,SIN,Singapore,1989,4.0,2,-4.0
830,SIN,Singapore,1990,4.0,2,-4.0
830,SIN,Singapore,1991,4.0,2,-4.0
830,SIN,Singapore,1992,4.0,2,-4.0
830,SIN,Singapore,1993,4.0,2,-4.0
830,SIN,Singapore,1994,4.0,2,-4.0
830,SIN,Singapore,1995,4.0,2,-4.0
830,SIN,Singapore,1996,4.0,2,-4.0
830,SIN,Singapore,1997,4.0,2,-4.0
830,SIN,Singapore,1998,4.0,2,-4.0
830,SIN,Singapore,1999,4.0,2,-4.0
830,SIN,Singapore,2000,4.0,2,-4.0
830,SIN,Singapore,2001,4.0,2,-4.0
830,SIN,Singapore,2002,4.0,2,-4.0
830,SIN,Singapore,2003,4.0,2,-4.0
830,SIN,Singapore,2004,4.0,2,-4.0
830,SIN,Singapore,2005,7.0,2,-2.0
830,SIN,Singapore,2006,7.0,2,-2.0
830,SIN,Singapore,2007,7.0,2,-2.0
830,SIN,Singapore,2008,7.0,2,-2.0
830,SIN,Singapore,2009,7.0,2,-2.0
830,SIN,Singapore,2010,7.0,2,-2.0
830,SIN,Singapore,2011,7.0,2,-2.0
830,SIN,Singapore,2012,7.0,2,-2.0
830,SIN,Singapore,2013,7.0,2,-2.0
830,SIN,Singapore,2014,7.0,2,-2.0
830,SIN,Singapore,2015,7.0,2,-2.0
830,SIN,Singapore,2016,7.0,2,-2.0
830,SIN,Singapore,2017,7.0,2,-2.0
830,SIN,Singapore,2018,7.0,2,-2.0
317,SLO,Slovak Republic,1993,8.0,3,7.0
317,SLO,Slovak Republic,1994,8.0,3,7.0
317,SLO,Slovak Republic,1995,8.0,3,7.0
317,SLO,Slovak Republic,1996,8.0,3,7.0
317,SLO,Slovak Republic,1997,8.0,3,7.0
317,SLO,Slovak Republic,1998,8.0,4,9.0
317,SLO,Slovak Republic,1999,8.0,4,9.0
317,SLO,Slovak Republic,2000,8.0,4,9.0
317,SLO,Slovak Republic,2001,8.0,4,9.0
317,SLO,Slovak Republic,2002,8.0,4,9.0
317,SLO,Slovak Republic,2003,8.0,4,9.0
317,SLO,Slovak Republic,2004,8.0,4,9.0
317,SLO,Slovak Republic,2005,8.0,4,9.0
317,SLO,Slovak Republic,2006,8.0,5,10.0
317,SLO,Slovak Republic,2007,8.0,5,10.0
317,SLO,Slovak Republic,2008,8.0,5,10.0
317,SLO,Slovak Republic,2009,8.0,5,10.0
317,SLO,Slovak Republic,2010,8.0,5,10.0
317,SLO,Slovak Republic,2011,8.0,5,10.0
317,SLO,Slovak Republic,2012,8.0,5,10.0
317,SLO,Slovak Republic,2013,8.0,5,10.0
317,SLO,Slovak Republic,2014,8.0,5,10.0
317,SLO,Slovak Republic,2015,8.0,5,10.0
317,SLO,Slovak Republic,2016,8.0,5,10.0
317,SLO,Slovak Republic,2017,8.0,5,10.0
317,SLO,Slovak Republic,2018,8.0,5,10.0
349,SLV,Slovenia,1991,8.0,5,10.0
349,SLV,Slovenia,1992,8.0,5,10.0
349,SLV,Slovenia,1993,8.0,5,10.0
349,SLV,Slovenia,1994,8.0,5,10.0
349,SLV,Slovenia,1995,8.0,5,10.0
349,SLV,Slovenia,1996,8.0,5,10.0
349,SLV,Slovenia,1997,8.0,5,10.0
349,SLV,Slovenia,1998,8.0,5,10.0
349,SLV,Slovenia,1999,8.0,5,10.0
349,SLV,Slovenia,2000,8.0,5,10.0
349,SLV,Slovenia,2001,8.0,5,10.0
349,SLV,Slovenia,2002,8.0,5,10.0
349,SLV,Slovenia,2003,8.0,5,10.0
349,SLV,Slovenia,2004,8.0,5,10.0
349,SLV,Slovenia,2005,8.0,5,10.0
349,SLV,Slovenia,2006,8.0,5,10.0
349,SLV,Slovenia,2007,8.0,5,10.0
349,SLV,Slovenia,2008,8.0,5,10.0
349,SLV,Slovenia,2009,8.0,5,10.0
349,SLV,Slovenia,2010,8.0,5,10.0
349,SLV,Slovenia,2011,8.0,5,10.0
349,SLV,Slovenia,2012,8.0,5,10.0
349,SLV,Slovenia,2013,8.0,5,10.0
349,SLV,Slovenia,2014,8.0,5,10.0
349,SLV,Slovenia,2015,8.0,5,10.0
349,SLV,Slovenia,2016,8.0,5,10.0
349,SLV,Slovenia,2017,8.0,5,10.0
349,SLV,Slovenia,2018,8.0,5,10.0
940,SOL,Solomon Islands,1978,8.0,0,7.0
940,SOL,Solomon Islands,1979,8.0,0,7.0
940,SOL,Solomon Islands,1980,8.0,0,7.0
940,SOL,Solomon Islands,1981,8.0,0,7.0
940,SOL,Solomon Islands,1982,8.0,0,7.0
940,SOL,Solomon Islands,1983,8.0,0,7.0
940,SOL,Solomon Islands,1984,8.0,0,7.0
940,SOL,Solomon Islands,1985,8.0,0,7.0
940,SOL,Solomon Islands,1986,8.0,0,7.0
940,SOL,Solomon Islands,1987,8.0,0,7.0
940,SOL,Solomon Islands,1988,8.0,0,7.0
940,SOL,Solomon Islands,1989,8.0,0,7.0
940,SOL,Solomon Islands,1990,8.0,3,8.0
940,SOL,Solomon Islands,1991,8.0,3,8.0
940,SOL,Solomon Islands,1992,8.0,3,8.0
940,SOL,Solomon Islands,1993,8.0,3,8.0
940,SOL,Solomon Islands,1994,8.0,3,8.0
940,SOL,Solomon Islands,1995,8.0,3,8.0
940,SOL,Solomon Islands,1996,8.0,3,8.0
940,SOL,Solomon Islands,1997,8.0,3,8.0
940,SOL,Solomon Islands,1998,8.0,3,8.0
940,SOL,Solomon Islands,1999,8.0,3,8.0
940,SOL,Solomon Islands,2000,-77.0,-77,0.0
940,SOL,Solomon Islands,2001,-77.0,-77,0.0
940,SOL,Solomon Islands,2002,-77.0,-77,0.0
940,SOL,Solomon Islands,2003,-66.0,-66,
940,SOL,Solomon Islands,2004,8.0,4,8.0
940,SOL,Solomon Islands,2005,8.0,4,8.0
940,SOL,Solomon Islands,2006,8.0,4,8.0
940,SOL,Solomon Islands,2007,8.0,4,8.0
940,SOL,Solomon Islands,2008,8.0,4,8.0
940,SOL,Solomon Islands,2009,8.0,4,8.0
940,SOL,Solomon Islands,2010,8.0,4,8.0
940,SOL,Solomon Islands,2011,8.0,4,8.0
940,SOL,Solomon Islands,2012,8.0,4,8.0
940,SOL,Solomon Islands,2013,8.0,4,8.0
940,SOL,Solomon Islands,2014,8.0,4,8.0
940,SOL,Solomon Islands,2015,8.0,4,8.0
940,SOL,Solomon Islands,2016,8.0,4,8.0
940,SOL,Solomon Islands,2017,8.0,4,8.0
940,SOL,Solomon Islands,2018,8.0,4,8.0
520,SOM,Somalia,1960,8.0,0,7.0
520,SOM,Somalia,1961,8.0,0,7.0
520,SOM,Somalia,1962,8.0,0,7.0
520,SOM,Somalia,1963,8.0,0,7.0
520,SOM,Somalia,1964,8.0,0,7.0
520,SOM,Somalia,1965,8.0,0,7.0
520,SOM,Somalia,1966,8.0,0,7.0
520,SOM,Somalia,1967,8.0,0,7.0
520,SOM,Somalia,1968,8.0,0,7.0
520,SOM,Somalia,1969,4.0,1,-7.0
520,SOM,Somalia,1970,4.0,1,-7.0
520,SOM,Somalia,1971,4.0,1,-7.0
520,SOM,Somalia,1972,4.0,1,-7.0
520,SOM,Somalia,1973,4.0,1,-7.0
520,SOM,Somalia,1974,4.0,1,-7.0
520,SOM,Somalia,1975,4.0,1,-7.0
520,SOM,Somalia,1976,4.0,1,-7.0
520,SOM,Somalia,1977,4.0,1,-7.0
520,SOM,Somalia,1978,4.0,1,-7.0
520,SOM,Somalia,1979,5.0,1,-7.0
520,SOM,Somalia,1980,5.0,1,-7.0
520,SOM,Somalia,1981,5.0,1,-7.0
520,SOM,Somalia,1982,5.0,1,-7.0
520,SOM,Somalia,1983,5.0,1,-7.0
520,SOM,Somalia,1984,5.0,1,-7.0
520,SOM,Somalia,1985,5.0,1,-7.0
520,SOM,Somalia,1986,5.0,1,-7.0
520,SOM,Somalia,1987,5.0,1,-7.0
520,SOM,Somalia,1988,5.0,1,-7.0
520,SOM,Somalia,1989,5.0,1,-7.0
520,SOM,Somalia,1990,5.0,1,-7.0
520,SOM,Somalia,1991,-77.0,-77,0.0
520,SOM,Somalia,1992,-77.0,-77,0.0
520,SOM,Somalia,1993,-77.0,-77,0.0
520,SOM,Somalia,1994,-77.0,-77,0.0
520,SOM,Somalia,1995,-77.0,-77,0.0
520,SOM,Somalia,1996,-77.0,-77,0.0
520,SOM,Somalia,1997,-77.0,-77,0.0
520,SOM,Somalia,1998,-77.0,-77,0.0
520,SOM,Somalia,1999,-77.0,-77,0.0
520,SOM,Somalia,2000,-77.0,-77,0.0
520,SOM,Somalia,2001,-77.0,-77,0.0
520,SOM,Somalia,2002,-77.0,-77,0.0
520,SOM,Somalia,2003,-77.0,-77,0.0
520,SOM,Somalia,2004,-77.0,-77,0.0
520,SOM,Somalia,2005,-77.0,-77,0.0
520,SOM,Somalia,2006,-77.0,-77,0.0
520,SOM,Somalia,2007,-77.0,-77,0.0
520,SOM,Somalia,2008,-77.0,-77,0.0
520,SOM,Somalia,2009,-77.0,-77,0.0
520,SOM,Somalia,2010,-77.0,-77,0.0
520,SOM,Somalia,2011,-66.0,-66,
520,SOM,Somalia,2012,7.0,0,5.0
520,SOM,Somalia,2013,7.0,0,5.0
520,SOM,Somalia,2014,7.0,0,5.0
520,SOM,Somalia,2015,7.0,0,5.0
520,SOM,Somalia,2016,7.0,0,5.0
520,SOM,Somalia,2017,7.0,0,5.0
520,SOM,Somalia,2018,7.0,0,5.0
230,SPN,Spain,1800,1.0,1,-10.0
230,SPN,Spain,1801,1.0,1,-10.0
230,SPN,Spain,1802,1.0,1,-10.0
230,SPN,Spain,1803,1.0,1,-10.0
230,SPN,Spain,1804,1.0,1,-10.0
230,SPN,Spain,1805,1.0,1,-10.0
230,SPN,Spain,1806,1.0,1,-10.0
230,SPN,Spain,1807,1.0,1,-10.0
230,SPN,Spain,1808,-66.0,-66,
230,SPN,Spain,1809,-66.0,-66,
230,SPN,Spain,1810,-66.0,-66,
230,SPN,Spain,1811,-66.0,-66,
230,SPN,Spain,1812,-66.0,-66,
230,SPN,Spain,1813,-66.0,-66,
230,SPN,Spain,1814,1.0,2,-9.0
230,SPN,Spain,1815,1.0,2,-9.0
230,SPN,Spain,1816,1.0,2,-9.0
230,SPN,Spain,1817,1.0,2,-9.0
230,SPN,Spain,1818,1.0,2,-9.0
230,SPN,Spain,1819,1.0,2,-9.0
230,SPN,Spain,1820,2.0,3,-4.0
230,SPN,Spain,1821,2.0,3,-4.0
230,SPN,Spain,1822,2.0,3,-4.0
230,SPN,Spain,1823,1.0,3,-6.0
230,SPN,Spain,1824,1.0,3,-6.0
230,SPN,Spain,1825,1.0,3,-6.0
230,SPN,Spain,1826,1.0,3,-6.0
230,SPN,Spain,1827,1.0,3,-6.0
230,SPN,Spain,1828,1.0,3,-6.0
230,SPN,Spain,1829,1.0,3,-6.0
230,SPN,Spain,1830,1.0,3,-6.0
230,SPN,Spain,1831,1.0,3,-6.0
230,SPN,Spain,1832,1.0,3,-6.0
230,SPN,Spain,1833,1.0,3,-6.0
230,SPN,Spain,1834,1.0,3,-6.0
230,SPN,Spain,1835,1.0,3,-6.0
230,SPN,Spain,1836,-88.0,-88,-3.0
230,SPN,Spain,1837,2.0,3,-1.0
230,SPN,Spain,1838,2.0,3,-1.0
230,SPN,Spain,1839,2.0,3,-1.0
230,SPN,Spain,1840,2.0,3,-1.0
230,SPN,Spain,1841,2.0,3,-1.0
230,SPN,Spain,1842,2.0,3,-1.0
230,SPN,Spain,1843,2.0,3,-1.0
230,SPN,Spain,1844,2.0,3,-1.0
230,SPN,Spain,1845,2.0,3,-2.0
230,SPN,Spain,1846,2.0,3,-2.0
230,SPN,Spain,1847,2.0,3,-2.0
230,SPN,Spain,1848,2.0,3,-2.0
230,SPN,Spain,1849,2.0,3,-2.0
230,SPN,Spain,1850,2.0,3,-2.0
230,SPN,Spain,1851,2.0,3,-2.0
230,SPN,Spain,1852,2.0,3,-5.0
230,SPN,Spain,1853,2.0,3,-5.0
230,SPN,Spain,1854,2.0,3,-5.0
230,SPN,Spain,1855,2.0,3,-5.0
230,SPN,Spain,1856,2.0,3,-5.0
230,SPN,Spain,1857,2.0,3,-5.0
230,SPN,Spain,1858,2.0,3,-5.0
230,SPN,Spain,1859,2.0,3,-6.0
230,SPN,Spain,1860,2.0,3,-6.0
230,SPN,Spain,1861,2.0,3,-6.0
230,SPN,Spain,1862,2.0,3,-6.0
230,SPN,Spain,1863,2.0,3,-6.0
230,SPN,Spain,1864,2.0,3,-6.0
230,SPN,Spain,1865,2.0,3,-6.0
230,SPN,Spain,1866,2.0,3,-6.0
230,SPN,Spain,1867,2.0,3,-6.0
230,SPN,Spain,1868,-88.0,-88,-4.0
230,SPN,Spain,1869,-88.0,-88,-2.0
230,SPN,Spain,1870,-88.0,-88,-1.0
230,SPN,Spain,1871,2.0,3,1.0
230,SPN,Spain,1872,2.0,3,1.0
230,SPN,Spain,1873,3.0,3,-5.0
230,SPN,Spain,1874,-88.0,-88,-4.0
230,SPN,Spain,1875,-88.0,-88,-2.0
230,SPN,Spain,1876,3.0,2,-1.0
230,SPN,Spain,1877,3.0,2,-1.0
230,SPN,Spain,1878,3.0,2,-1.0
230,SPN,Spain,1879,3.0,4,4.0
230,SPN,Spain,1880,3.0,4,4.0
230,SPN,Spain,1881,3.0,4,4.0
230,SPN,Spain,1882,3.0,4,4.0
230,SPN,Spain,1883,3.0,4,4.0
230,SPN,Spain,1884,3.0,4,4.0
230,SPN,Spain,1885,3.0,4,4.0
230,SPN,Spain,1886,3.0,4,4.0
230,SPN,Spain,1887,3.0,4,4.0
230,SPN,Spain,1888,3.0,4,4.0
230,SPN,Spain,1889,3.0,4,4.0
230,SPN,Spain,1890,3.0,5,5.0
230,SPN,Spain,1891,3.0,5,5.0
230,SPN,Spain,1892,3.0,5,5.0
230,SPN,Spain,1893,3.0,5,5.0
230,SPN,Spain,1894,3.0,5,5.0
230,SPN,Spain,1895,3.0,4,4.0
230,SPN,Spain,1896,3.0,4,4.0
230,SPN,Spain,1897,3.0,4,4.0
230,SPN,Spain,1898,3.0,4,4.0
230,SPN,Spain,1899,3.0,4,4.0
230,SPN,Spain,1900,7.0,0,6.0
230,SPN,Spain,1901,7.0,0,6.0
230,SPN,Spain,1902,6.0,0,6.0
230,SPN,Spain,1903,6.0,0,6.0
230,SPN,Spain,1904,6.0,0,6.0
230,SPN,Spain,1905,6.0,0,6.0
230,SPN,Spain,1906,6.0,0,6.0
230,SPN,Spain,1907,6.0,0,6.0
230,SPN,Spain,1908,6.0,0,6.0
230,SPN,Spain,1909,6.0,0,6.0
230,SPN,Spain,1910,6.0,0,6.0
230,SPN,Spain,1911,6.0,0,6.0
230,SPN,Spain,1912,6.0,0,6.0
230,SPN,Spain,1913,6.0,0,6.0
230,SPN,Spain,1914,6.0,0,6.0
230,SPN,Spain,1915,6.0,0,6.0
230,SPN,Spain,1916,6.0,0,6.0
230,SPN,Spain,1917,6.0,0,6.0
230,SPN,Spain,1918,6.0,0,6.0
230,SPN,Spain,1919,6.0,0,6.0
230,SPN,Spain,1920,6.0,0,6.0
230,SPN,Spain,1921,6.0,0,6.0
230,SPN,Spain,1922,6.0,0,6.0
230,SPN,Spain,1923,4.0,1,-7.0
230,SPN,Spain,1924,4.0,1,-7.0
230,SPN,Spain,1925,4.0,2,-6.0
230,SPN,Spain,1926,4.0,2,-6.0
230,SPN,Spain,1927,4.0,2,-6.0
230,SPN,Spain,1928,4.0,2,-6.0
230,SPN,Spain,1929,4.0,2,-6.0
230,SPN,Spain,1930,-88.0,-88,1.0
230,SPN,Spain,1931,8.0,3,7.0
230,SPN,Spain,1932,8.0,3,7.0
230,SPN,Spain,1933,8.0,3,7.0
230,SPN,Spain,1934,8.0,3,7.0
230,SPN,Spain,1935,8.0,3,7.0
230,SPN,Spain,1936,8.0,3,7.0
230,SPN,Spain,1937,8.0,3,7.0
230,SPN,Spain,1938,8.0,3,7.0
230,SPN,Spain,1939,4.0,1,-7.0
230,SPN,Spain,1940,4.0,1,-7.0
230,SPN,Spain,1941,4.0,1,-7.0
230,SPN,Spain,1942,4.0,1,-7.0
230,SPN,Spain,1943,4.0,1,-7.0
230,SPN,Spain,1944,4.0,1,-7.0
230,SPN,Spain,1945,4.0,1,-7.0
230,SPN,Spain,1946,4.0,1,-7.0
230,SPN,Spain,1947,4.0,1,-7.0
230,SPN,Spain,1948,4.0,1,-7.0
230,SPN,Spain,1949,4.0,1,-7.0
230,SPN,Spain,1950,4.0,1,-7.0
230,SPN,Spain,1951,4.0,1,-7.0
230,SPN,Spain,1952,4.0,1,-7.0
230,SPN,Spain,1953,4.0,1,-7.0
230,SPN,Spain,1954,4.0,1,-7.0
230,SPN,Spain,1955,4.0,1,-7.0
230,SPN,Spain,1956,4.0,1,-7.0
230,SPN,Spain,1957,4.0,1,-7.0
230,SPN,Spain,1958,4.0,1,-7.0
230,SPN,Spain,1959,4.0,1,-7.0
230,SPN,Spain,1960,4.0,1,-7.0
230,SPN,Spain,1961,4.0,1,-7.0
230,SPN,Spain,1962,4.0,1,-7.0
230,SPN,Spain,1963,4.0,1,-7.0
230,SPN,Spain,1964,4.0,1,-7.0
230,SPN,Spain,1965,4.0,1,-7.0
230,SPN,Spain,1966,4.0,1,-7.0
230,SPN,Spain,1967,4.0,1,-7.0
230,SPN,Spain,1968,4.0,1,-7.0
230,SPN,Spain,1969,4.0,1,-7.0
230,SPN,Spain,1970,4.0,1,-7.0
230,SPN,Spain,1971,4.0,1,-7.0
230,SPN,Spain,1972,4.0,1,-7.0
230,SPN,Spain,1973,4.0,1,-7.0
230,SPN,Spain,1974,4.0,1,-7.0
230,SPN,Spain,1975,-88.0,-88,-3.0
230,SPN,Spain,1976,-88.0,-88,1.0
230,SPN,Spain,1977,-88.0,-88,5.0
230,SPN,Spain,1978,8.0,4,9.0
230,SPN,Spain,1979,8.0,4,9.0
230,SPN,Spain,1980,8.0,4,9.0
230,SPN,Spain,1981,8.0,4,9.0
230,SPN,Spain,1982,8.0,5,10.0
230,SPN,Spain,1983,8.0,5,10.0
230,SPN,Spain,1984,8.0,5,10.0
230,SPN,Spain,1985,8.0,5,10.0
230,SPN,Spain,1986,8.0,5,10.0
230,SPN,Spain,1987,8.0,5,10.0
230,SPN,Spain,1988,8.0,5,10.0
230,SPN,Spain,1989,8.0,5,10.0
230,SPN,Spain,1990,8.0,5,10.0
230,SPN,Spain,1991,8.0,5,10.0
230,SPN,Spain,1992,8.0,5,10.0
230,SPN,Spain,1993,8.0,5,10.0
230,SPN,Spain,1994,8.0,5,10.0
230,SPN,Spain,1995,8.0,5,10.0
230,SPN,Spain,1996,8.0,5,10.0
230,SPN,Spain,1997,8.0,5,10.0
230,SPN,Spain,1998,8.0,5,10.0
230,SPN,Spain,1999,8.0,5,10.0
230,SPN,Spain,2000,8.0,5,10.0
230,SPN,Spain,2001,8.0,5,10.0
230,SPN,Spain,2002,8.0,5,10.0
230,SPN,Spain,2003,8.0,5,10.0
230,SPN,Spain,2004,8.0,5,10.0
230,SPN,Spain,2005,8.0,5,10.0
230,SPN,Spain,2006,8.0,5,10.0
230,SPN,Spain,2007,8.0,5,10.0
230,SPN,Spain,2008,8.0,5,10.0
230,SPN,Spain,2009,8.0,5,10.0
230,SPN,Spain,2010,8.0,5,10.0
230,SPN,Spain,2011,8.0,5,10.0
230,SPN,Spain,2012,8.0,5,10.0
230,SPN,Spain,2013,8.0,5,10.0
230,SPN,Spain,2014,8.0,5,10.0
230,SPN,Spain,2015,8.0,5,10.0
230,SPN,Spain,2016,8.0,5,10.0
230,SPN,Spain,2017,8.0,5,10.0
230,SPN,Spain,2018,8.0,5,10.0
780,SRI,Sri Lanka,1948,8.0,0,7.0
780,SRI,Sri Lanka,1949,8.0,0,7.0
780,SRI,Sri Lanka,1950,8.0,0,7.0
780,SRI,Sri Lanka,1951,8.0,0,7.0
780,SRI,Sri Lanka,1952,8.0,0,7.0
780,SRI,Sri Lanka,1953,8.0,0,7.0
780,SRI,Sri Lanka,1954,8.0,0,7.0
780,SRI,Sri Lanka,1955,8.0,0,7.0
780,SRI,Sri Lanka,1956,8.0,0,7.0
780,SRI,Sri Lanka,1957,8.0,0,7.0
780,SRI,Sri Lanka,1958,8.0,0,7.0
780,SRI,Sri Lanka,1959,8.0,0,7.0
780,SRI,Sri Lanka,1960,8.0,0,7.0
780,SRI,Sri Lanka,1961,8.0,0,7.0
780,SRI,Sri Lanka,1962,8.0,0,7.0
780,SRI,Sri Lanka,1963,8.0,0,7.0
780,SRI,Sri Lanka,1964,8.0,0,7.0
780,SRI,Sri Lanka,1965,8.0,0,7.0
780,SRI,Sri Lanka,1966,8.0,0,7.0
780,SRI,Sri Lanka,1967,8.0,0,7.0
780,SRI,Sri Lanka,1968,8.0,0,7.0
780,SRI,Sri Lanka,1969,8.0,0,7.0
780,SRI,Sri Lanka,1970,8.0,3,8.0
780,SRI,Sri Lanka,1971,8.0,3,8.0
780,SRI,Sri Lanka,1972,8.0,3,8.0
780,SRI,Sri Lanka,1973,8.0,3,8.0
780,SRI,Sri Lanka,1974,8.0,3,8.0
780,SRI,Sri Lanka,1975,8.0,3,8.0
780,SRI,Sri Lanka,1976,8.0,3,8.0
780,SRI,Sri Lanka,1977,8.0,3,8.0
780,SRI,Sri Lanka,1978,8.0,3,6.0
780,SRI,Sri Lanka,1979,8.0,3,6.0
780,SRI,Sri Lanka,1980,8.0,3,6.0
780,SRI,Sri Lanka,1981,8.0,3,6.0
780,SRI,Sri Lanka,1982,8.0,3,5.0
780,SRI,Sri Lanka,1983,8.0,3,5.0
780,SRI,Sri Lanka,1984,8.0,3,5.0
780,SRI,Sri Lanka,1985,8.0,3,5.0
780,SRI,Sri Lanka,1986,8.0,3,5.0
780,SRI,Sri Lanka,1987,8.0,3,5.0
780,SRI,Sri Lanka,1988,8.0,3,5.0
780,SRI,Sri Lanka,1989,8.0,3,5.0
780,SRI,Sri Lanka,1990,8.0,3,5.0
780,SRI,Sri Lanka,1991,8.0,3,5.0
780,SRI,Sri Lanka,1992,8.0,3,5.0
780,SRI,Sri Lanka,1993,8.0,3,5.0
780,SRI,Sri Lanka,1994,8.0,3,5.0
780,SRI,Sri Lanka,1995,8.0,3,5.0
780,SRI,Sri Lanka,1996,8.0,3,5.0
780,SRI,Sri Lanka,1997,8.0,3,5.0
780,SRI,Sri Lanka,1998,8.0,3,5.0
780,SRI,Sri Lanka,1999,8.0,3,5.0
780,SRI,Sri Lanka,2000,8.0,3,5.0
780,SRI,Sri Lanka,2001,8.0,3,6.0
780,SRI,Sri Lanka,2002,8.0,3,6.0
780,SRI,Sri Lanka,2003,8.0,3,5.0
780,SRI,Sri Lanka,2004,8.0,3,5.0
780,SRI,Sri Lanka,2005,8.0,3,5.0
780,SRI,Sri Lanka,2006,8.0,4,6.0
780,SRI,Sri Lanka,2007,8.0,4,6.0
780,SRI,Sri Lanka,2008,8.0,4,6.0
780,SRI,Sri Lanka,2009,8.0,3,5.0
780,SRI,Sri Lanka,2010,7.0,3,3.0
780,SRI,Sri Lanka,2011,7.0,3,3.0
780,SRI,Sri Lanka,2012,7.0,3,3.0
780,SRI,Sri Lanka,2013,7.0,3,3.0
780,SRI,Sri Lanka,2014,7.0,3,3.0
780,SRI,Sri Lanka,2015,8.0,3,6.0
780,SRI,Sri Lanka,2016,8.0,3,6.0
780,SRI,Sri Lanka,2017,8.0,3,6.0
780,SRI,Sri Lanka,2018,8.0,3,6.0
525,SSU,South Sudan,2011,3.0,0,0.0
525,SSU,South Sudan,2012,3.0,0,0.0
525,SSU,South Sudan,2013,-77.0,-77,0.0
525,SSU,South Sudan,2014,-77.0,-77,0.0
525,SSU,South Sudan,2015,-77.0,-77,0.0
525,SSU,South Sudan,2016,-77.0,-77,0.0
525,SSU,South Sudan,2017,-77.0,-77,0.0
525,SSU,South Sudan,2018,-77.0,-77,0.0
625,SUD,Sudan,1956,7.0,3,7.0
625,SUD,Sudan,1957,7.0,3,7.0
625,SUD,Sudan,1958,4.0,1,-7.0
625,SUD,Sudan,1959,4.0,1,-7.0
625,SUD,Sudan,1960,4.0,1,-7.0
625,SUD,Sudan,1961,4.0,1,-7.0
625,SUD,Sudan,1962,4.0,1,-7.0
625,SUD,Sudan,1963,5.0,2,-4.0
625,SUD,Sudan,1964,-88.0,-88,1.0
625,SUD,Sudan,1965,7.0,3,6.0
625,SUD,Sudan,1966,7.0,3,6.0
625,SUD,Sudan,1967,7.0,3,6.0
625,SUD,Sudan,1968,7.0,3,6.0
625,SUD,Sudan,1969,4.0,2,-6.0
625,SUD,Sudan,1970,4.0,2,-6.0
625,SUD,Sudan,1971,4.0,1,-7.0
625,SUD,Sudan,1972,4.0,1,-7.0
625,SUD,Sudan,1973,4.0,1,-6.0
625,SUD,Sudan,1974,4.0,1,-6.0
625,SUD,Sudan,1975,4.0,1,-6.0
625,SUD,Sudan,1976,4.0,1,-6.0
625,SUD,Sudan,1977,4.0,1,-6.0
625,SUD,Sudan,1978,4.0,1,-6.0
625,SUD,Sudan,1979,4.0,1,-6.0
625,SUD,Sudan,1980,4.0,1,-6.0
625,SUD,Sudan,1981,4.0,1,-6.0
625,SUD,Sudan,1982,4.0,1,-6.0
625,SUD,Sudan,1983,4.0,1,-6.0
625,SUD,Sudan,1984,4.0,1,-6.0
625,SUD,Sudan,1985,5.0,2,-3.0
625,SUD,Sudan,1986,7.0,4,7.0
625,SUD,Sudan,1987,7.0,4,7.0
625,SUD,Sudan,1988,7.0,4,7.0
625,SUD,Sudan,1989,4.0,1,-7.0
625,SUD,Sudan,1990,4.0,1,-7.0
625,SUD,Sudan,1991,4.0,1,-7.0
625,SUD,Sudan,1992,4.0,1,-7.0
625,SUD,Sudan,1993,4.0,1,-7.0
625,SUD,Sudan,1994,4.0,1,-7.0
625,SUD,Sudan,1995,4.0,1,-7.0
625,SUD,Sudan,1996,4.0,1,-7.0
625,SUD,Sudan,1997,4.0,1,-7.0
625,SUD,Sudan,1998,4.0,1,-7.0
625,SUD,Sudan,1999,4.0,2,-6.0
625,SUD,Sudan,2000,4.0,2,-6.0
625,SUD,Sudan,2001,4.0,2,-6.0
625,SUD,Sudan,2002,4.0,2,-6.0
625,SUD,Sudan,2003,4.0,2,-6.0
625,SUD,Sudan,2004,4.0,2,-6.0
625,SUD,Sudan,2005,5.0,2,-3.0
625,SUD,Sudan,2006,5.0,2,-3.0
625,SUD,Sudan,2007,5.0,2,-3.0
625,SUD,Sudan,2008,5.0,2,-3.0
625,SUD,Sudan,2009,5.0,2,-3.0
625,SUD,Sudan,2010,4.0,3,-2.0
625,SUD,Sudan,2011,4.0,3,-2.0
115,SUR,Suriname,1975,7.0,3,5.0
115,SUR,Suriname,1976,7.0,3,5.0
115,SUR,Suriname,1977,7.0,3,5.0
115,SUR,Suriname,1978,7.0,3,5.0
115,SUR,Suriname,1979,7.0,3,5.0
115,SUR,Suriname,1980,4.0,3,-1.0
115,SUR,Suriname,1981,4.0,3,-1.0
115,SUR,Suriname,1982,4.0,2,-6.0
115,SUR,Suriname,1983,4.0,2,-6.0
115,SUR,Suriname,1984,4.0,2,-6.0
115,SUR,Suriname,1985,4.0,2,-6.0
115,SUR,Suriname,1986,4.0,2,-6.0
115,SUR,Suriname,1987,7.0,2,-1.0
115,SUR,Suriname,1988,7.0,2,-1.0
115,SUR,Suriname,1989,7.0,2,-1.0
115,SUR,Suriname,1990,5.0,4,2.0
115,SUR,Suriname,1991,7.0,4,5.0
115,SUR,Suriname,1992,7.0,4,5.0
115,SUR,Suriname,1993,7.0,4,5.0
115,SUR,Suriname,1994,7.0,4,5.0
115,SUR,Suriname,1995,7.0,4,5.0
115,SUR,Suriname,1996,7.0,4,5.0
115,SUR,Suriname,1997,7.0,4,5.0
115,SUR,Suriname,1998,7.0,4,5.0
115,SUR,Suriname,1999,7.0,4,5.0
115,SUR,Suriname,2000,7.0,4,5.0
115,SUR,Suriname,2001,7.0,4,5.0
115,SUR,Suriname,2002,7.0,4,5.0
115,SUR,Suriname,2003,7.0,4,5.0
115,SUR,Suriname,2004,7.0,4,5.0
115,SUR,Suriname,2005,7.0,4,5.0
115,SUR,Suriname,2006,7.0,4,5.0
115,SUR,Suriname,2007,7.0,4,5.0
115,SUR,Suriname,2008,7.0,4,5.0
115,SUR,Suriname,2009,7.0,4,5.0
115,SUR,Suriname,2010,7.0,4,5.0
115,SUR,Suriname,2011,7.0,4,5.0
115,SUR,Suriname,2012,7.0,4,5.0
115,SUR,Suriname,2013,7.0,4,5.0
115,SUR,Suriname,2014,7.0,4,5.0
115,SUR,Suriname,2015,7.0,4,5.0
115,SUR,Suriname,2016,7.0,4,5.0
115,SUR,Suriname,2017,7.0,4,5.0
115,SUR,Suriname,2018,7.0,4,5.0
572,SWA,Swaziland,1968,2.0,2,-8.0
572,SWA,Swaziland,1969,2.0,2,-8.0
572,SWA,Swaziland,1970,2.0,2,-8.0
572,SWA,Swaziland,1971,2.0,2,-8.0
572,SWA,Swaziland,1972,2.0,2,-8.0
572,SWA,Swaziland,1973,1.0,1,-10.0
572,SWA,Swaziland,1974,1.0,1,-10.0
572,SWA,Swaziland,1975,1.0,1,-10.0
572,SWA,Swaziland,1976,1.0,1,-10.0
572,SWA,Swaziland,1977,1.0,1,-10.0
572,SWA,Swaziland,1978,1.0,1,-10.0
572,SWA,Swaziland,1979,1.0,1,-9.0
572,SWA,Swaziland,1980,1.0,1,-9.0
572,SWA,Swaziland,1981,1.0,1,-9.0
572,SWA,Swaziland,1982,3.0,1,-7.0
572,SWA,Swaziland,1983,3.0,1,-7.0
572,SWA,Swaziland,1984,3.0,1,-7.0
572,SWA,Swaziland,1985,3.0,1,-7.0
572,SWA,Swaziland,1986,1.0,1,-9.0
572,SWA,Swaziland,1987,1.0,1,-9.0
572,SWA,Swaziland,1988,1.0,1,-9.0
572,SWA,Swaziland,1989,1.0,1,-9.0
572,SWA,Swaziland,1990,1.0,1,-9.0
572,SWA,Swaziland,1991,1.0,1,-9.0
572,SWA,Swaziland,1992,5.0,1,-6.0
572,SWA,Swaziland,1993,2.0,2,-7.0
572,SWA,Swaziland,1994,2.0,2,-7.0
572,SWA,Swaziland,1995,2.0,2,-7.0
572,SWA,Swaziland,1996,2.0,2,-7.0
572,SWA,Swaziland,1997,2.0,2,-7.0
572,SWA,Swaziland,1998,2.0,2,-7.0
572,SWA,Swaziland,1999,2.0,2,-7.0
572,SWA,Swaziland,2000,2.0,2,-7.0
572,SWA,Swaziland,2001,2.0,2,-7.0
572,SWA,Swaziland,2002,2.0,2,-7.0
572,SWA,Swaziland,2003,2.0,2,-7.0
572,SWA,Swaziland,2004,2.0,2,-7.0
572,SWA,Swaziland,2005,2.0,2,-7.0
572,SWA,Swaziland,2006,2.0,2,-7.0
572,SWA,Swaziland,2007,2.0,2,-7.0
572,SWA,Swaziland,2008,2.0,2,-7.0
572,SWA,Swaziland,2009,2.0,2,-7.0
572,SWA,Swaziland,2010,2.0,2,-7.0
572,SWA,Swaziland,2011,2.0,2,-7.0
572,SWA,Swaziland,2012,2.0,2,-7.0
572,SWA,Swaziland,2013,2.0,2,-7.0
572,SWA,Swaziland,2014,2.0,2,-7.0
572,SWA,Swaziland,2015,2.0,2,-7.0
572,SWA,Swaziland,2016,2.0,2,-7.0
572,SWA,Swaziland,2017,2.0,2,-7.0
572,SWA,Swaziland,2018,2.0,2,-7.0
380,SWD,Sweden,1800,1.0,1,-10.0
380,SWD,Sweden,1801,1.0,1,-10.0
380,SWD,Sweden,1802,1.0,1,-10.0
380,SWD,Sweden,1803,1.0,1,-10.0
380,SWD,Sweden,1804,1.0,1,-10.0
380,SWD,Sweden,1805,1.0,1,-10.0
380,SWD,Sweden,1806,1.0,1,-10.0
380,SWD,Sweden,1807,1.0,1,-10.0
380,SWD,Sweden,1808,1.0,1,-10.0
380,SWD,Sweden,1809,-88.0,-88,-9.0
380,SWD,Sweden,1810,-88.0,-88,-9.0
380,SWD,Sweden,1811,-88.0,-88,-9.0
380,SWD,Sweden,1812,1.0,1,-8.0
380,SWD,Sweden,1813,1.0,1,-8.0
380,SWD,Sweden,1814,1.0,1,-8.0
380,SWD,Sweden,1815,1.0,1,-8.0
380,SWD,Sweden,1816,1.0,1,-8.0
380,SWD,Sweden,1817,1.0,1,-8.0
380,SWD,Sweden,1818,1.0,1,-8.0
380,SWD,Sweden,1819,1.0,1,-8.0
380,SWD,Sweden,1820,1.0,1,-8.0
380,SWD,Sweden,1821,1.0,1,-8.0
380,SWD,Sweden,1822,1.0,1,-8.0
380,SWD,Sweden,1823,1.0,1,-8.0
380,SWD,Sweden,1824,1.0,1,-8.0
380,SWD,Sweden,1825,1.0,1,-8.0
380,SWD,Sweden,1826,1.0,1,-8.0
380,SWD,Sweden,1827,1.0,1,-8.0
380,SWD,Sweden,1828,1.0,1,-8.0
380,SWD,Sweden,1829,1.0,1,-8.0
380,SWD,Sweden,1830,1.0,1,-8.0
380,SWD,Sweden,1831,1.0,1,-8.0
380,SWD,Sweden,1832,1.0,1,-8.0
380,SWD,Sweden,1833,1.0,1,-8.0
380,SWD,Sweden,1834,1.0,1,-8.0
380,SWD,Sweden,1835,1.0,1,-8.0
380,SWD,Sweden,1836,1.0,1,-8.0
380,SWD,Sweden,1837,1.0,1,-8.0
380,SWD,Sweden,1838,1.0,1,-8.0
380,SWD,Sweden,1839,1.0,1,-8.0
380,SWD,Sweden,1840,1.0,1,-8.0
380,SWD,Sweden,1841,1.0,1,-8.0
380,SWD,Sweden,1842,1.0,2,-7.0
380,SWD,Sweden,1843,1.0,2,-7.0
380,SWD,Sweden,1844,1.0,2,-7.0
380,SWD,Sweden,1845,1.0,2,-7.0
380,SWD,Sweden,1846,1.0,2,-7.0
380,SWD,Sweden,1847,1.0,2,-7.0
380,SWD,Sweden,1848,1.0,2,-7.0
380,SWD,Sweden,1849,1.0,2,-7.0
380,SWD,Sweden,1850,1.0,2,-7.0
380,SWD,Sweden,1851,1.0,2,-7.0
380,SWD,Sweden,1852,1.0,2,-7.0
380,SWD,Sweden,1853,1.0,2,-7.0
380,SWD,Sweden,1854,1.0,2,-7.0
380,SWD,Sweden,1855,1.0,2,-5.0
380,SWD,Sweden,1856,1.0,2,-5.0
380,SWD,Sweden,1857,1.0,2,-5.0
380,SWD,Sweden,1858,1.0,2,-5.0
380,SWD,Sweden,1859,1.0,2,-5.0
380,SWD,Sweden,1860,1.0,2,-5.0
380,SWD,Sweden,1861,1.0,2,-5.0
380,SWD,Sweden,1862,1.0,2,-5.0
380,SWD,Sweden,1863,1.0,2,-5.0
380,SWD,Sweden,1864,1.0,2,-5.0
380,SWD,Sweden,1865,1.0,2,-5.0
380,SWD,Sweden,1866,1.0,2,-5.0
380,SWD,Sweden,1867,1.0,2,-5.0
380,SWD,Sweden,1868,1.0,2,-5.0
380,SWD,Sweden,1869,1.0,2,-5.0
380,SWD,Sweden,1870,2.0,2,-4.0
380,SWD,Sweden,1871,2.0,2,-4.0
380,SWD,Sweden,1872,2.0,2,-4.0
380,SWD,Sweden,1873,2.0,2,-4.0
380,SWD,Sweden,1874,2.0,2,-4.0
380,SWD,Sweden,1875,2.0,2,-4.0
380,SWD,Sweden,1876,2.0,2,-4.0
380,SWD,Sweden,1877,2.0,2,-4.0
380,SWD,Sweden,1878,2.0,2,-4.0
380,SWD,Sweden,1879,2.0,2,-4.0
380,SWD,Sweden,1880,2.0,2,-4.0
380,SWD,Sweden,1881,2.0,2,-4.0
380,SWD,Sweden,1882,2.0,2,-4.0
380,SWD,Sweden,1883,2.0,2,-4.0
380,SWD,Sweden,1884,2.0,2,-4.0
380,SWD,Sweden,1885,2.0,2,-4.0
380,SWD,Sweden,1886,2.0,2,-4.0
380,SWD,Sweden,1887,2.0,2,-4.0
380,SWD,Sweden,1888,2.0,2,-4.0
380,SWD,Sweden,1889,2.0,2,-4.0
380,SWD,Sweden,1890,2.0,2,-4.0
380,SWD,Sweden,1891,2.0,2,-4.0
380,SWD,Sweden,1892,2.0,2,-4.0
380,SWD,Sweden,1893,2.0,2,-4.0
380,SWD,Sweden,1894,2.0,2,-4.0
380,SWD,Sweden,1895,2.0,2,-4.0
380,SWD,Sweden,1896,2.0,2,-4.0
380,SWD,Sweden,1897,2.0,2,-4.0
380,SWD,Sweden,1898,2.0,2,-4.0
380,SWD,Sweden,1899,2.0,2,-4.0
380,SWD,Sweden,1900,2.0,2,-4.0
380,SWD,Sweden,1901,2.0,2,-4.0
380,SWD,Sweden,1902,2.0,2,-4.0
380,SWD,Sweden,1903,2.0,2,-4.0
380,SWD,Sweden,1904,2.0,2,-4.0
380,SWD,Sweden,1905,2.0,2,-4.0
380,SWD,Sweden,1906,2.0,2,-4.0
380,SWD,Sweden,1907,-88.0,-88,-3.0
380,SWD,Sweden,1908,-88.0,-88,-2.0
380,SWD,Sweden,1909,-88.0,-88,0.0
380,SWD,Sweden,1910,-88.0,-88,1.0
380,SWD,Sweden,1911,-88.0,-88,2.0
380,SWD,Sweden,1912,-88.0,-88,4.0
380,SWD,Sweden,1913,-88.0,-88,5.0
380,SWD,Sweden,1914,-88.0,-88,6.0
380,SWD,Sweden,1915,-88.0,-88,8.0
380,SWD,Sweden,1916,-88.0,-88,9.0
380,SWD,Sweden,1917,8.0,5,10.0
380,SWD,Sweden,1918,8.0,5,10.0
380,SWD,Sweden,1919,8.0,5,10.0
380,SWD,Sweden,1920,8.0,5,10.0
380,SWD,Sweden,1921,8.0,5,10.0
380,SWD,Sweden,1922,8.0,5,10.0
380,SWD,Sweden,1923,8.0,5,10.0
380,SWD,Sweden,1924,8.0,5,10.0
380,SWD,Sweden,1925,8.0,5,10.0
380,SWD,Sweden,1926,8.0,5,10.0
380,SWD,Sweden,1927,8.0,5,10.0
380,SWD,Sweden,1928,8.0,5,10.0
380,SWD,Sweden,1929,8.0,5,10.0
380,SWD,Sweden,1930,8.0,5,10.0
380,SWD,Sweden,1931,8.0,5,10.0
380,SWD,Sweden,1932,8.0,5,10.0
380,SWD,Sweden,1933,8.0,5,10.0
380,SWD,Sweden,1934,8.0,5,10.0
380,SWD,Sweden,1935,8.0,5,10.0
380,SWD,Sweden,1936,8.0,5,10.0
380,SWD,Sweden,1937,8.0,5,10.0
380,SWD,Sweden,1938,8.0,5,10.0
380,SWD,Sweden,1939,8.0,5,10.0
380,SWD,Sweden,1940,8.0,5,10.0
380,SWD,Sweden,1941,8.0,5,10.0
380,SWD,Sweden,1942,8.0,5,10.0
380,SWD,Sweden,1943,8.0,5,10.0
380,SWD,Sweden,1944,8.0,5,10.0
380,SWD,Sweden,1945,8.0,5,10.0
380,SWD,Sweden,1946,8.0,5,10.0
380,SWD,Sweden,1947,8.0,5,10.0
380,SWD,Sweden,1948,8.0,5,10.0
380,SWD,Sweden,1949,8.0,5,10.0
380,SWD,Sweden,1950,8.0,5,10.0
380,SWD,Sweden,1951,8.0,5,10.0
380,SWD,Sweden,1952,8.0,5,10.0
380,SWD,Sweden,1953,8.0,5,10.0
380,SWD,Sweden,1954,8.0,5,10.0
380,SWD,Sweden,1955,8.0,5,10.0
380,SWD,Sweden,1956,8.0,5,10.0
380,SWD,Sweden,1957,8.0,5,10.0
380,SWD,Sweden,1958,8.0,5,10.0
380,SWD,Sweden,1959,8.0,5,10.0
380,SWD,Sweden,1960,8.0,5,10.0
380,SWD,Sweden,1961,8.0,5,10.0
380,SWD,Sweden,1962,8.0,5,10.0
380,SWD,Sweden,1963,8.0,5,10.0
380,SWD,Sweden,1964,8.0,5,10.0
380,SWD,Sweden,1965,8.0,5,10.0
380,SWD,Sweden,1966,8.0,5,10.0
380,SWD,Sweden,1967,8.0,5,10.0
380,SWD,Sweden,1968,8.0,5,10.0
380,SWD,Sweden,1969,8.0,5,10.0
380,SWD,Sweden,1970,8.0,5,10.0
380,SWD,Sweden,1971,8.0,5,10.0
380,SWD,Sweden,1972,8.0,5,10.0
380,SWD,Sweden,1973,8.0,5,10.0
380,SWD,Sweden,1974,8.0,5,10.0
380,SWD,Sweden,1975,8.0,5,10.0
380,SWD,Sweden,1976,8.0,5,10.0
380,SWD,Sweden,1977,8.0,5,10.0
380,SWD,Sweden,1978,8.0,5,10.0
380,SWD,Sweden,1979,8.0,5,10.0
380,SWD,Sweden,1980,8.0,5,10.0
380,SWD,Sweden,1981,8.0,5,10.0
380,SWD,Sweden,1982,8.0,5,10.0
380,SWD,Sweden,1983,8.0,5,10.0
380,SWD,Sweden,1984,8.0,5,10.0
380,SWD,Sweden,1985,8.0,5,10.0
380,SWD,Sweden,1986,8.0,5,10.0
380,SWD,Sweden,1987,8.0,5,10.0
380,SWD,Sweden,1988,8.0,5,10.0
380,SWD,Sweden,1989,8.0,5,10.0
380,SWD,Sweden,1990,8.0,5,10.0
380,SWD,Sweden,1991,8.0,5,10.0
380,SWD,Sweden,1992,8.0,5,10.0
380,SWD,Sweden,1993,8.0,5,10.0
380,SWD,Sweden,1994,8.0,5,10.0
380,SWD,Sweden,1995,8.0,5,10.0
380,SWD,Sweden,1996,8.0,5,10.0
380,SWD,Sweden,1997,8.0,5,10.0
380,SWD,Sweden,1998,8.0,5,10.0
380,SWD,Sweden,1999,8.0,5,10.0
380,SWD,Sweden,2000,8.0,5,10.0
380,SWD,Sweden,2001,8.0,5,10.0
380,SWD,Sweden,2002,8.0,5,10.0
380,SWD,Sweden,2003,8.0,5,10.0
380,SWD,Sweden,2004,8.0,5,10.0
380,SWD,Sweden,2005,8.0,5,10.0
380,SWD,Sweden,2006,8.0,5,10.0
380,SWD,Sweden,2007,8.0,5,10.0
380,SWD,Sweden,2008,8.0,5,10.0
380,SWD,Sweden,2009,8.0,5,10.0
380,SWD,Sweden,2010,8.0,5,10.0
380,SWD,Sweden,2011,8.0,5,10.0
380,SWD,Sweden,2012,8.0,5,10.0
380,SWD,Sweden,2013,8.0,5,10.0
380,SWD,Sweden,2014,8.0,5,10.0
380,SWD,Sweden,2015,8.0,5,10.0
380,SWD,Sweden,2016,8.0,5,10.0
380,SWD,Sweden,2017,8.0,5,10.0
380,SWD,Sweden,2018,8.0,5,10.0
225,SWZ,Switzerland,1848,8.0,5,10.0
225,SWZ,Switzerland,1849,8.0,5,10.0
225,SWZ,Switzerland,1850,8.0,5,10.0
225,SWZ,Switzerland,1851,8.0,5,10.0
225,SWZ,Switzerland,1852,8.0,5,10.0
225,SWZ,Switzerland,1853,8.0,5,10.0
225,SWZ,Switzerland,1854,8.0,5,10.0
225,SWZ,Switzerland,1855,8.0,5,10.0
225,SWZ,Switzerland,1856,8.0,5,10.0
225,SWZ,Switzerland,1857,8.0,5,10.0
225,SWZ,Switzerland,1858,8.0,5,10.0
225,SWZ,Switzerland,1859,8.0,5,10.0
225,SWZ,Switzerland,1860,8.0,5,10.0
225,SWZ,Switzerland,1861,8.0,5,10.0
225,SWZ,Switzerland,1862,8.0,5,10.0
225,SWZ,Switzerland,1863,8.0,5,10.0
225,SWZ,Switzerland,1864,8.0,5,10.0
225,SWZ,Switzerland,1865,8.0,5,10.0
225,SWZ,Switzerland,1866,8.0,5,10.0
225,SWZ,Switzerland,1867,8.0,5,10.0
225,SWZ,Switzerland,1868,8.0,5,10.0
225,SWZ,Switzerland,1869,8.0,5,10.0
225,SWZ,Switzerland,1870,8.0,5,10.0
225,SWZ,Switzerland,1871,8.0,5,10.0
225,SWZ,Switzerland,1872,8.0,5,10.0
225,SWZ,Switzerland,1873,8.0,5,10.0
225,SWZ,Switzerland,1874,8.0,5,10.0
225,SWZ,Switzerland,1875,8.0,5,10.0
225,SWZ,Switzerland,1876,8.0,5,10.0
225,SWZ,Switzerland,1877,8.0,5,10.0
225,SWZ,Switzerland,1878,8.0,5,10.0
225,SWZ,Switzerland,1879,8.0,5,10.0
225,SWZ,Switzerland,1880,8.0,5,10.0
225,SWZ,Switzerland,1881,8.0,5,10.0
225,SWZ,Switzerland,1882,8.0,5,10.0
225,SWZ,Switzerland,1883,8.0,5,10.0
225,SWZ,Switzerland,1884,8.0,5,10.0
225,SWZ,Switzerland,1885,8.0,5,10.0
225,SWZ,Switzerland,1886,8.0,5,10.0
225,SWZ,Switzerland,1887,8.0,5,10.0
225,SWZ,Switzerland,1888,8.0,5,10.0
225,SWZ,Switzerland,1889,8.0,5,10.0
225,SWZ,Switzerland,1890,8.0,5,10.0
225,SWZ,Switzerland,1891,8.0,5,10.0
225,SWZ,Switzerland,1892,8.0,5,10.0
225,SWZ,Switzerland,1893,8.0,5,10.0
225,SWZ,Switzerland,1894,8.0,5,10.0
225,SWZ,Switzerland,1895,8.0,5,10.0
225,SWZ,Switzerland,1896,8.0,5,10.0
225,SWZ,Switzerland,1897,8.0,5,10.0
225,SWZ,Switzerland,1898,8.0,5,10.0
225,SWZ,Switzerland,1899,8.0,5,10.0
225,SWZ,Switzerland,1900,8.0,5,10.0
225,SWZ,Switzerland,1901,8.0,5,10.0
225,SWZ,Switzerland,1902,8.0,5,10.0
225,SWZ,Switzerland,1903,8.0,5,10.0
225,SWZ,Switzerland,1904,8.0,5,10.0
225,SWZ,Switzerland,1905,8.0,5,10.0
225,SWZ,Switzerland,1906,8.0,5,10.0
225,SWZ,Switzerland,1907,8.0,5,10.0
225,SWZ,Switzerland,1908,8.0,5,10.0
225,SWZ,Switzerland,1909,8.0,5,10.0
225,SWZ,Switzerland,1910,8.0,5,10.0
225,SWZ,Switzerland,1911,8.0,5,10.0
225,SWZ,Switzerland,1912,8.0,5,10.0
225,SWZ,Switzerland,1913,8.0,5,10.0
225,SWZ,Switzerland,1914,8.0,5,10.0
225,SWZ,Switzerland,1915,8.0,5,10.0
225,SWZ,Switzerland,1916,8.0,5,10.0
225,SWZ,Switzerland,1917,8.0,5,10.0
225,SWZ,Switzerland,1918,8.0,5,10.0
225,SWZ,Switzerland,1919,8.0,5,10.0
225,SWZ,Switzerland,1920,8.0,5,10.0
225,SWZ,Switzerland,1921,8.0,5,10.0
225,SWZ,Switzerland,1922,8.0,5,10.0
225,SWZ,Switzerland,1923,8.0,5,10.0
225,SWZ,Switzerland,1924,8.0,5,10.0
225,SWZ,Switzerland,1925,8.0,5,10.0
225,SWZ,Switzerland,1926,8.0,5,10.0
225,SWZ,Switzerland,1927,8.0,5,10.0
225,SWZ,Switzerland,1928,8.0,5,10.0
225,SWZ,Switzerland,1929,8.0,5,10.0
225,SWZ,Switzerland,1930,8.0,5,10.0
225,SWZ,Switzerland,1931,8.0,5,10.0
225,SWZ,Switzerland,1932,8.0,5,10.0
225,SWZ,Switzerland,1933,8.0,5,10.0
225,SWZ,Switzerland,1934,8.0,5,10.0
225,SWZ,Switzerland,1935,8.0,5,10.0
225,SWZ,Switzerland,1936,8.0,5,10.0
225,SWZ,Switzerland,1937,8.0,5,10.0
225,SWZ,Switzerland,1938,8.0,5,10.0
225,SWZ,Switzerland,1939,8.0,5,10.0
225,SWZ,Switzerland,1940,8.0,5,10.0
225,SWZ,Switzerland,1941,8.0,5,10.0
225,SWZ,Switzerland,1942,8.0,5,10.0
225,SWZ,Switzerland,1943,8.0,5,10.0
225,SWZ,Switzerland,1944,8.0,5,10.0
225,SWZ,Switzerland,1945,8.0,5,10.0
225,SWZ,Switzerland,1946,8.0,5,10.0
225,SWZ,Switzerland,1947,8.0,5,10.0
225,SWZ,Switzerland,1948,8.0,5,10.0
225,SWZ,Switzerland,1949,8.0,5,10.0
225,SWZ,Switzerland,1950,8.0,5,10.0
225,SWZ,Switzerland,1951,8.0,5,10.0
225,SWZ,Switzerland,1952,8.0,5,10.0
225,SWZ,Switzerland,1953,8.0,5,10.0
225,SWZ,Switzerland,1954,8.0,5,10.0
225,SWZ,Switzerland,1955,8.0,5,10.0
225,SWZ,Switzerland,1956,8.0,5,10.0
225,SWZ,Switzerland,1957,8.0,5,10.0
225,SWZ,Switzerland,1958,8.0,5,10.0
225,SWZ,Switzerland,1959,8.0,5,10.0
225,SWZ,Switzerland,1960,8.0,5,10.0
225,SWZ,Switzerland,1961,8.0,5,10.0
225,SWZ,Switzerland,1962,8.0,5,10.0
225,SWZ,Switzerland,1963,8.0,5,10.0
225,SWZ,Switzerland,1964,8.0,5,10.0
225,SWZ,Switzerland,1965,8.0,5,10.0
225,SWZ,Switzerland,1966,8.0,5,10.0
225,SWZ,Switzerland,1967,8.0,5,10.0
225,SWZ,Switzerland,1968,8.0,5,10.0
225,SWZ,Switzerland,1969,8.0,5,10.0
225,SWZ,Switzerland,1970,8.0,5,10.0
225,SWZ,Switzerland,1971,8.0,5,10.0
225,SWZ,Switzerland,1972,8.0,5,10.0
225,SWZ,Switzerland,1973,8.0,5,10.0
225,SWZ,Switzerland,1974,8.0,5,10.0
225,SWZ,Switzerland,1975,8.0,5,10.0
225,SWZ,Switzerland,1976,8.0,5,10.0
225,SWZ,Switzerland,1977,8.0,5,10.0
225,SWZ,Switzerland,1978,8.0,5,10.0
225,SWZ,Switzerland,1979,8.0,5,10.0
225,SWZ,Switzerland,1980,8.0,5,10.0
225,SWZ,Switzerland,1981,8.0,5,10.0
225,SWZ,Switzerland,1982,8.0,5,10.0
225,SWZ,Switzerland,1983,8.0,5,10.0
225,SWZ,Switzerland,1984,8.0,5,10.0
225,SWZ,Switzerland,1985,8.0,5,10.0
225,SWZ,Switzerland,1986,8.0,5,10.0
225,SWZ,Switzerland,1987,8.0,5,10.0
225,SWZ,Switzerland,1988,8.0,5,10.0
225,SWZ,Switzerland,1989,8.0,5,10.0
225,SWZ,Switzerland,1990,8.0,5,10.0
225,SWZ,Switzerland,1991,8.0,5,10.0
225,SWZ,Switzerland,1992,8.0,5,10.0
225,SWZ,Switzerland,1993,8.0,5,10.0
225,SWZ,Switzerland,1994,8.0,5,10.0
225,SWZ,Switzerland,1995,8.0,5,10.0
225,SWZ,Switzerland,1996,8.0,5,10.0
225,SWZ,Switzerland,1997,8.0,5,10.0
225,SWZ,Switzerland,1998,8.0,5,10.0
225,SWZ,Switzerland,1999,8.0,5,10.0
225,SWZ,Switzerland,2000,8.0,5,10.0
225,SWZ,Switzerland,2001,8.0,5,10.0
225,SWZ,Switzerland,2002,8.0,5,10.0
225,SWZ,Switzerland,2003,8.0,5,10.0
225,SWZ,Switzerland,2004,8.0,5,10.0
225,SWZ,Switzerland,2005,8.0,5,10.0
225,SWZ,Switzerland,2006,8.0,5,10.0
225,SWZ,Switzerland,2007,8.0,5,10.0
225,SWZ,Switzerland,2008,8.0,5,10.0
225,SWZ,Switzerland,2009,8.0,5,10.0
225,SWZ,Switzerland,2010,8.0,5,10.0
225,SWZ,Switzerland,2011,8.0,5,10.0
225,SWZ,Switzerland,2012,8.0,5,10.0
225,SWZ,Switzerland,2013,8.0,5,10.0
225,SWZ,Switzerland,2014,8.0,5,10.0
225,SWZ,Switzerland,2015,8.0,5,10.0
225,SWZ,Switzerland,2016,8.0,5,10.0
225,SWZ,Switzerland,2017,8.0,5,10.0
225,SWZ,Switzerland,2018,8.0,5,10.0
652,SYR,Syria,1944,8.0,0,5.0
652,SYR,Syria,1945,8.0,0,5.0
652,SYR,Syria,1946,7.0,0,4.0
652,SYR,Syria,1947,7.0,0,4.0
652,SYR,Syria,1948,7.0,0,4.0
652,SYR,Syria,1949,-88.0,-88,1.0
652,SYR,Syria,1950,-88.0,-88,-3.0
652,SYR,Syria,1951,4.0,2,-6.0
652,SYR,Syria,1952,4.0,2,-6.0
652,SYR,Syria,1953,4.0,2,-6.0
652,SYR,Syria,1954,7.0,0,4.0
652,SYR,Syria,1955,8.0,0,7.0
652,SYR,Syria,1956,8.0,0,7.0
652,SYR,Syria,1957,8.0,0,7.0
652,SYR,Syria,1958,-66.0,-66,
652,SYR,Syria,1959,-66.0,-66,
652,SYR,Syria,1960,-66.0,-66,
652,SYR,Syria,1961,-88.0,-88,2.0
652,SYR,Syria,1962,-88.0,-88,-3.0
652,SYR,Syria,1963,3.0,2,-8.0
652,SYR,Syria,1964,3.0,2,-8.0
652,SYR,Syria,1965,3.0,2,-8.0
652,SYR,Syria,1966,3.0,2,-8.0
652,SYR,Syria,1967,3.0,2,-8.0
652,SYR,Syria,1968,3.0,2,-8.0
652,SYR,Syria,1969,3.0,2,-8.0
652,SYR,Syria,1970,3.0,1,-9.0
652,SYR,Syria,1971,3.0,1,-9.0
652,SYR,Syria,1972,3.0,1,-9.0
652,SYR,Syria,1973,3.0,1,-9.0
652,SYR,Syria,1974,3.0,1,-9.0
652,SYR,Syria,1975,3.0,1,-9.0
652,SYR,Syria,1976,3.0,1,-9.0
652,SYR,Syria,1977,3.0,1,-9.0
652,SYR,Syria,1978,3.0,1,-9.0
652,SYR,Syria,1979,3.0,1,-9.0
652,SYR,Syria,1980,3.0,1,-9.0
652,SYR,Syria,1981,3.0,1,-9.0
652,SYR,Syria,1982,3.0,1,-9.0
652,SYR,Syria,1983,3.0,1,-9.0
652,SYR,Syria,1984,3.0,1,-9.0
652,SYR,Syria,1985,3.0,1,-9.0
652,SYR,Syria,1986,3.0,1,-9.0
652,SYR,Syria,1987,3.0,1,-9.0
652,SYR,Syria,1988,3.0,1,-9.0
652,SYR,Syria,1989,3.0,1,-9.0
652,SYR,Syria,1990,3.0,1,-9.0
652,SYR,Syria,1991,3.0,1,-9.0
652,SYR,Syria,1992,3.0,1,-9.0
652,SYR,Syria,1993,3.0,1,-9.0
652,SYR,Syria,1994,3.0,1,-9.0
652,SYR,Syria,1995,3.0,1,-9.0
652,SYR,Syria,1996,3.0,1,-9.0
652,SYR,Syria,1997,3.0,1,-9.0
652,SYR,Syria,1998,3.0,1,-9.0
652,SYR,Syria,1999,3.0,1,-9.0
652,SYR,Syria,2000,3.0,2,-6.0
652,SYR,Syria,2001,3.0,2,-6.0
652,SYR,Syria,2002,3.0,2,-6.0
652,SYR,Syria,2003,3.0,2,-6.0
652,SYR,Syria,2004,3.0,2,-6.0
652,SYR,Syria,2005,3.0,2,-6.0
652,SYR,Syria,2006,3.0,2,-6.0
652,SYR,Syria,2007,3.0,2,-6.0
652,SYR,Syria,2008,3.0,2,-6.0
652,SYR,Syria,2009,3.0,2,-6.0
652,SYR,Syria,2010,3.0,2,-6.0
652,SYR,Syria,2011,3.0,2,-6.0
652,SYR,Syria,2012,3.0,1,-9.0
652,SYR,Syria,2013,3.0,1,-9.0
652,SYR,Syria,2014,3.0,1,-9.0
652,SYR,Syria,2015,3.0,1,-9.0
652,SYR,Syria,2016,3.0,1,-9.0
652,SYR,Syria,2017,3.0,1,-9.0
652,SYR,Syria,2018,3.0,1,-9.0
702,TAJ,Tajikistan,1991,3.0,3,-2.0
702,TAJ,Tajikistan,1992,3.0,2,-6.0
702,TAJ,Tajikistan,1993,3.0,2,-6.0
702,TAJ,Tajikistan,1994,3.0,2,-6.0
702,TAJ,Tajikistan,1995,3.0,2,-6.0
702,TAJ,Tajikistan,1996,3.0,2,-6.0
702,TAJ,Tajikistan,1997,3.0,2,-5.0
702,TAJ,Tajikistan,1998,3.0,3,-1.0
702,TAJ,Tajikistan,1999,3.0,3,-1.0
702,TAJ,Tajikistan,2000,3.0,3,-1.0
702,TAJ,Tajikistan,2001,3.0,3,-1.0
702,TAJ,Tajikistan,2002,3.0,3,-1.0
702,TAJ,Tajikistan,2003,3.0,3,-3.0
702,TAJ,Tajikistan,2004,3.0,3,-3.0
702,TAJ,Tajikistan,2005,3.0,3,-3.0
702,TAJ,Tajikistan,2006,3.0,3,-3.0
702,TAJ,Tajikistan,2007,3.0,3,-3.0
702,TAJ,Tajikistan,2008,3.0,3,-3.0
702,TAJ,Tajikistan,2009,3.0,3,-3.0
702,TAJ,Tajikistan,2010,3.0,3,-3.0
702,TAJ,Tajikistan,2011,3.0,3,-3.0
702,TAJ,Tajikistan,2012,3.0,3,-3.0
702,TAJ,Tajikistan,2013,3.0,3,-3.0
702,TAJ,Tajikistan,2014,3.0,3,-3.0
702,TAJ,Tajikistan,2015,3.0,3,-3.0
702,TAJ,Tajikistan,2016,3.0,3,-3.0
702,TAJ,Tajikistan,2017,3.0,3,-3.0
702,TAJ,Tajikistan,2018,3.0,3,-3.0
713,TAW,Taiwan,1949,3.0,1,-8.0
713,TAW,Taiwan,1950,3.0,1,-8.0
713,TAW,Taiwan,1951,3.0,1,-8.0
713,TAW,Taiwan,1952,3.0,1,-8.0
713,TAW,Taiwan,1953,3.0,1,-8.0
713,TAW,Taiwan,1954,3.0,1,-8.0
713,TAW,Taiwan,1955,3.0,1,-8.0
713,TAW,Taiwan,1956,3.0,1,-8.0
713,TAW,Taiwan,1957,3.0,1,-8.0
713,TAW,Taiwan,1958,3.0,1,-8.0
713,TAW,Taiwan,1959,3.0,1,-8.0
713,TAW,Taiwan,1960,3.0,1,-8.0
713,TAW,Taiwan,1961,3.0,1,-8.0
713,TAW,Taiwan,1962,3.0,1,-8.0
713,TAW,Taiwan,1963,3.0,1,-8.0
713,TAW,Taiwan,1964,3.0,1,-8.0
713,TAW,Taiwan,1965,3.0,1,-8.0
713,TAW,Taiwan,1966,3.0,1,-8.0
713,TAW,Taiwan,1967,3.0,1,-8.0
713,TAW,Taiwan,1968,3.0,1,-8.0
713,TAW,Taiwan,1969,3.0,1,-8.0
713,TAW,Taiwan,1970,3.0,1,-8.0
713,TAW,Taiwan,1971,3.0,1,-8.0
713,TAW,Taiwan,1972,3.0,1,-8.0
713,TAW,Taiwan,1973,3.0,1,-8.0
713,TAW,Taiwan,1974,3.0,1,-8.0
713,TAW,Taiwan,1975,3.0,1,-7.0
713,TAW,Taiwan,1976,3.0,1,-7.0
713,TAW,Taiwan,1977,3.0,1,-7.0
713,TAW,Taiwan,1978,3.0,1,-7.0
713,TAW,Taiwan,1979,3.0,1,-7.0
713,TAW,Taiwan,1980,3.0,1,-7.0
713,TAW,Taiwan,1981,3.0,1,-7.0
713,TAW,Taiwan,1982,3.0,1,-7.0
713,TAW,Taiwan,1983,3.0,1,-7.0
713,TAW,Taiwan,1984,3.0,1,-7.0
713,TAW,Taiwan,1985,3.0,1,-7.0
713,TAW,Taiwan,1986,3.0,1,-7.0
713,TAW,Taiwan,1987,3.0,4,-1.0
713,TAW,Taiwan,1988,3.0,4,-1.0
713,TAW,Taiwan,1989,3.0,4,-1.0
713,TAW,Taiwan,1990,3.0,4,-1.0
713,TAW,Taiwan,1991,3.0,4,-1.0
713,TAW,Taiwan,1992,7.0,5,7.0
713,TAW,Taiwan,1993,7.0,5,7.0
713,TAW,Taiwan,1994,7.0,5,7.0
713,TAW,Taiwan,1995,7.0,5,7.0
713,TAW,Taiwan,1996,8.0,5,8.0
713,TAW,Taiwan,1997,8.0,5,9.0
713,TAW,Taiwan,1998,8.0,5,9.0
713,TAW,Taiwan,1999,8.0,5,9.0
713,TAW,Taiwan,2000,8.0,5,9.0
713,TAW,Taiwan,2001,8.0,5,9.0
713,TAW,Taiwan,2002,8.0,5,9.0
713,TAW,Taiwan,2003,8.0,5,9.0
713,TAW,Taiwan,2004,8.0,5,10.0
713,TAW,Taiwan,2005,8.0,5,10.0
713,TAW,Taiwan,2006,8.0,5,10.0
713,TAW,Taiwan,2007,8.0,5,10.0
713,TAW,Taiwan,2008,8.0,5,10.0
713,TAW,Taiwan,2009,8.0,5,10.0
713,TAW,Taiwan,2010,8.0,5,10.0
713,TAW,Taiwan,2011,8.0,5,10.0
713,TAW,Taiwan,2012,8.0,5,10.0
713,TAW,Taiwan,2013,8.0,5,10.0
713,TAW,Taiwan,2014,8.0,5,10.0
713,TAW,Taiwan,2015,8.0,5,10.0
713,TAW,Taiwan,2016,8.0,5,10.0
713,TAW,Taiwan,2017,8.0,5,10.0
713,TAW,Taiwan,2018,8.0,5,10.0
510,TAZ,Tanzania,1961,3.0,2,-6.0
510,TAZ,Tanzania,1962,3.0,2,-6.0
510,TAZ,Tanzania,1963,3.0,2,-6.0
510,TAZ,Tanzania,1964,3.0,2,-6.0
510,TAZ,Tanzania,1965,3.0,2,-6.0
510,TAZ,Tanzania,1966,3.0,2,-6.0
510,TAZ,Tanzania,1967,3.0,2,-6.0
510,TAZ,Tanzania,1968,3.0,2,-6.0
510,TAZ,Tanzania,1969,3.0,2,-6.0
510,TAZ,Tanzania,1970,3.0,2,-6.0
510,TAZ,Tanzania,1971,3.0,2,-6.0
510,TAZ,Tanzania,1972,3.0,2,-6.0
510,TAZ,Tanzania,1973,3.0,2,-6.0
510,TAZ,Tanzania,1974,3.0,2,-6.0
510,TAZ,Tanzania,1975,3.0,2,-6.0
510,TAZ,Tanzania,1976,3.0,2,-6.0
510,TAZ,Tanzania,1977,3.0,2,-6.0
510,TAZ,Tanzania,1978,3.0,2,-6.0
510,TAZ,Tanzania,1979,3.0,2,-6.0
510,TAZ,Tanzania,1980,3.0,2,-6.0
510,TAZ,Tanzania,1981,3.0,2,-6.0
510,TAZ,Tanzania,1982,3.0,2,-6.0
510,TAZ,Tanzania,1983,3.0,2,-6.0
510,TAZ,Tanzania,1984,3.0,2,-6.0
510,TAZ,Tanzania,1985,3.0,2,-6.0
510,TAZ,Tanzania,1986,3.0,2,-6.0
510,TAZ,Tanzania,1987,3.0,2,-6.0
510,TAZ,Tanzania,1988,3.0,2,-6.0
510,TAZ,Tanzania,1989,3.0,2,-6.0
510,TAZ,Tanzania,1990,3.0,2,-6.0
510,TAZ,Tanzania,1991,3.0,2,-6.0
510,TAZ,Tanzania,1992,3.0,2,-5.0
510,TAZ,Tanzania,1993,3.0,2,-5.0
510,TAZ,Tanzania,1994,3.0,2,-5.0
510,TAZ,Tanzania,1995,7.0,2,-1.0
510,TAZ,Tanzania,1996,7.0,2,-1.0
510,TAZ,Tanzania,1997,7.0,2,-1.0
510,TAZ,Tanzania,1998,7.0,2,-1.0
510,TAZ,Tanzania,1999,7.0,2,-1.0
510,TAZ,Tanzania,2000,7.0,2,-1.0
510,TAZ,Tanzania,2001,7.0,2,-1.0
510,TAZ,Tanzania,2002,7.0,2,-1.0
510,TAZ,Tanzania,2003,7.0,2,-1.0
510,TAZ,Tanzania,2004,7.0,2,-1.0
510,TAZ,Tanzania,2005,7.0,2,-1.0
510,TAZ,Tanzania,2006,7.0,2,-1.0
510,TAZ,Tanzania,2007,7.0,2,-1.0
510,TAZ,Tanzania,2008,7.0,2,-1.0
510,TAZ,Tanzania,2009,7.0,2,-1.0
510,TAZ,Tanzania,2010,7.0,2,-1.0
510,TAZ,Tanzania,2011,7.0,2,-1.0
510,TAZ,Tanzania,2012,7.0,2,-1.0
510,TAZ,Tanzania,2013,7.0,2,-1.0
510,TAZ,Tanzania,2014,7.0,2,-1.0
510,TAZ,Tanzania,2015,7.0,3,3.0
510,TAZ,Tanzania,2016,7.0,3,3.0
510,TAZ,Tanzania,2017,7.0,3,3.0
510,TAZ,Tanzania,2018,7.0,3,3.0
800,THI,Thailand,1800,1.0,1,-10.0
800,THI,Thailand,1801,1.0,1,-10.0
800,THI,Thailand,1802,1.0,1,-10.0
800,THI,Thailand,1803,1.0,1,-10.0
800,THI,Thailand,1804,1.0,1,-10.0
800,THI,Thailand,1805,1.0,1,-10.0
800,THI,Thailand,1806,1.0,1,-10.0
800,THI,Thailand,1807,1.0,1,-10.0
800,THI,Thailand,1808,1.0,1,-10.0
800,THI,Thailand,1809,1.0,1,-10.0
800,THI,Thailand,1810,1.0,1,-10.0
800,THI,Thailand,1811,1.0,1,-10.0
800,THI,Thailand,1812,1.0,1,-10.0
800,THI,Thailand,1813,1.0,1,-10.0
800,THI,Thailand,1814,1.0,1,-10.0
800,THI,Thailand,1815,1.0,1,-10.0
800,THI,Thailand,1816,1.0,1,-10.0
800,THI,Thailand,1817,1.0,1,-10.0
800,THI,Thailand,1818,1.0,1,-10.0
800,THI,Thailand,1819,1.0,1,-10.0
800,THI,Thailand,1820,1.0,1,-10.0
800,THI,Thailand,1821,1.0,1,-10.0
800,THI,Thailand,1822,1.0,1,-10.0
800,THI,Thailand,1823,1.0,1,-10.0
800,THI,Thailand,1824,1.0,1,-10.0
800,THI,Thailand,1825,1.0,1,-10.0
800,THI,Thailand,1826,1.0,1,-10.0
800,THI,Thailand,1827,1.0,1,-10.0
800,THI,Thailand,1828,1.0,1,-10.0
800,THI,Thailand,1829,1.0,1,-10.0
800,THI,Thailand,1830,1.0,1,-10.0
800,THI,Thailand,1831,1.0,1,-10.0
800,THI,Thailand,1832,1.0,1,-10.0
800,THI,Thailand,1833,1.0,1,-10.0
800,THI,Thailand,1834,1.0,1,-10.0
800,THI,Thailand,1835,1.0,1,-10.0
800,THI,Thailand,1836,1.0,1,-10.0
800,THI,Thailand,1837,1.0,1,-10.0
800,THI,Thailand,1838,1.0,1,-10.0
800,THI,Thailand,1839,1.0,1,-10.0
800,THI,Thailand,1840,1.0,1,-10.0
800,THI,Thailand,1841,1.0,1,-10.0
800,THI,Thailand,1842,1.0,1,-10.0
800,THI,Thailand,1843,1.0,1,-10.0
800,THI,Thailand,1844,1.0,1,-10.0
800,THI,Thailand,1845,1.0,1,-10.0
800,THI,Thailand,1846,1.0,1,-10.0
800,THI,Thailand,1847,1.0,1,-10.0
800,THI,Thailand,1848,1.0,1,-10.0
800,THI,Thailand,1849,1.0,1,-10.0
800,THI,Thailand,1850,1.0,1,-10.0
800,THI,Thailand,1851,1.0,1,-10.0
800,THI,Thailand,1852,1.0,1,-10.0
800,THI,Thailand,1853,1.0,1,-10.0
800,THI,Thailand,1854,1.0,1,-10.0
800,THI,Thailand,1855,1.0,1,-10.0
800,THI,Thailand,1856,1.0,1,-10.0
800,THI,Thailand,1857,1.0,1,-10.0
800,THI,Thailand,1858,1.0,1,-10.0
800,THI,Thailand,1859,1.0,1,-10.0
800,THI,Thailand,1860,1.0,1,-10.0
800,THI,Thailand,1861,1.0,1,-10.0
800,THI,Thailand,1862,1.0,1,-10.0
800,THI,Thailand,1863,1.0,1,-10.0
800,THI,Thailand,1864,1.0,1,-10.0
800,THI,Thailand,1865,1.0,1,-10.0
800,THI,Thailand,1866,1.0,1,-10.0
800,THI,Thailand,1867,1.0,1,-10.0
800,THI,Thailand,1868,1.0,1,-10.0
800,THI,Thailand,1869,1.0,1,-10.0
800,THI,Thailand,1870,1.0,1,-10.0
800,THI,Thailand,1871,1.0,1,-10.0
800,THI,Thailand,1872,1.0,1,-10.0
800,THI,Thailand,1873,1.0,1,-10.0
800,THI,Thailand,1874,1.0,1,-10.0
800,THI,Thailand,1875,1.0,1,-10.0
800,THI,Thailand,1876,1.0,1,-10.0
800,THI,Thailand,1877,1.0,1,-10.0
800,THI,Thailand,1878,1.0,1,-10.0
800,THI,Thailand,1879,1.0,1,-10.0
800,THI,Thailand,1880,1.0,1,-10.0
800,THI,Thailand,1881,1.0,1,-10.0
800,THI,Thailand,1882,1.0,1,-10.0
800,THI,Thailand,1883,1.0,1,-10.0
800,THI,Thailand,1884,1.0,1,-10.0
800,THI,Thailand,1885,1.0,1,-10.0
800,THI,Thailand,1886,1.0,1,-10.0
800,THI,Thailand,1887,1.0,1,-10.0
800,THI,Thailand,1888,1.0,1,-10.0
800,THI,Thailand,1889,1.0,1,-10.0
800,THI,Thailand,1890,1.0,1,-10.0
800,THI,Thailand,1891,1.0,1,-10.0
800,THI,Thailand,1892,1.0,1,-10.0
800,THI,Thailand,1893,1.0,1,-10.0
800,THI,Thailand,1894,1.0,1,-10.0
800,THI,Thailand,1895,1.0,1,-10.0
800,THI,Thailand,1896,1.0,1,-10.0
800,THI,Thailand,1897,1.0,1,-10.0
800,THI,Thailand,1898,1.0,1,-10.0
800,THI,Thailand,1899,1.0,1,-10.0
800,THI,Thailand,1900,1.0,1,-10.0
800,THI,Thailand,1901,1.0,1,-10.0
800,THI,Thailand,1902,1.0,1,-10.0
800,THI,Thailand,1903,1.0,1,-10.0
800,THI,Thailand,1904,1.0,1,-10.0
800,THI,Thailand,1905,1.0,1,-10.0
800,THI,Thailand,1906,1.0,1,-10.0
800,THI,Thailand,1907,1.0,1,-10.0
800,THI,Thailand,1908,1.0,1,-10.0
800,THI,Thailand,1909,1.0,1,-10.0
800,THI,Thailand,1910,1.0,1,-10.0
800,THI,Thailand,1911,1.0,1,-10.0
800,THI,Thailand,1912,1.0,1,-10.0
800,THI,Thailand,1913,1.0,1,-10.0
800,THI,Thailand,1914,1.0,1,-10.0
800,THI,Thailand,1915,1.0,1,-10.0
800,THI,Thailand,1916,1.0,1,-10.0
800,THI,Thailand,1917,1.0,1,-10.0
800,THI,Thailand,1918,1.0,1,-10.0
800,THI,Thailand,1919,1.0,1,-10.0
800,THI,Thailand,1920,1.0,1,-10.0
800,THI,Thailand,1921,1.0,1,-10.0
800,THI,Thailand,1922,1.0,1,-10.0
800,THI,Thailand,1923,1.0,1,-10.0
800,THI,Thailand,1924,1.0,1,-10.0
800,THI,Thailand,1925,1.0,1,-10.0
800,THI,Thailand,1926,1.0,1,-10.0
800,THI,Thailand,1927,1.0,1,-10.0
800,THI,Thailand,1928,1.0,1,-10.0
800,THI,Thailand,1929,1.0,1,-10.0
800,THI,Thailand,1930,1.0,1,-10.0
800,THI,Thailand,1931,1.0,1,-10.0
800,THI,Thailand,1932,-88.0,-88,-8.0
800,THI,Thailand,1933,-88.0,-88,-6.0
800,THI,Thailand,1934,-88.0,-88,-4.0
800,THI,Thailand,1935,3.0,3,-3.0
800,THI,Thailand,1936,3.0,3,-3.0
800,THI,Thailand,1937,3.0,3,-3.0
800,THI,Thailand,1938,3.0,3,-3.0
800,THI,Thailand,1939,3.0,3,-3.0
800,THI,Thailand,1940,3.0,3,-3.0
800,THI,Thailand,1941,-66.0,-66,
800,THI,Thailand,1942,3.0,3,-3.0
800,THI,Thailand,1943,3.0,3,-3.0
800,THI,Thailand,1944,3.0,3,-3.0
800,THI,Thailand,1945,3.0,3,-3.0
800,THI,Thailand,1946,3.0,3,-3.0
800,THI,Thailand,1947,3.0,3,-3.0
800,THI,Thailand,1948,3.0,3,-3.0
800,THI,Thailand,1949,3.0,3,-3.0
800,THI,Thailand,1950,3.0,3,-3.0
800,THI,Thailand,1951,3.0,3,-3.0
800,THI,Thailand,1952,3.0,2,-6.0
800,THI,Thailand,1953,3.0,2,-6.0
800,THI,Thailand,1954,3.0,2,-6.0
800,THI,Thailand,1955,3.0,3,-3.0
800,THI,Thailand,1956,3.0,3,-3.0
800,THI,Thailand,1957,3.0,3,-3.0
800,THI,Thailand,1958,4.0,1,-7.0
800,THI,Thailand,1959,4.0,1,-7.0
800,THI,Thailand,1960,4.0,1,-7.0
800,THI,Thailand,1961,4.0,1,-7.0
800,THI,Thailand,1962,4.0,1,-7.0
800,THI,Thailand,1963,4.0,1,-7.0
800,THI,Thailand,1964,4.0,1,-7.0
800,THI,Thailand,1965,4.0,1,-7.0
800,THI,Thailand,1966,4.0,1,-7.0
800,THI,Thailand,1967,4.0,1,-7.0
800,THI,Thailand,1968,-88.0,-88,-2.0
800,THI,Thailand,1969,8.0,3,2.0
800,THI,Thailand,1970,8.0,3,2.0
800,THI,Thailand,1971,4.0,1,-7.0
800,THI,Thailand,1972,4.0,1,-7.0
800,THI,Thailand,1973,-88.0,-88,-2.0
800,THI,Thailand,1974,8.0,3,3.0
800,THI,Thailand,1975,8.0,3,3.0
800,THI,Thailand,1976,4.0,1,-7.0
800,THI,Thailand,1977,-88.0,-88,-2.0
800,THI,Thailand,1978,7.0,3,2.0
800,THI,Thailand,1979,7.0,3,2.0
800,THI,Thailand,1980,7.0,3,2.0
800,THI,Thailand,1981,7.0,3,2.0
800,THI,Thailand,1982,7.0,3,2.0
800,THI,Thailand,1983,7.0,3,2.0
800,THI,Thailand,1984,7.0,3,2.0
800,THI,Thailand,1985,7.0,3,2.0
800,THI,Thailand,1986,7.0,3,2.0
800,THI,Thailand,1987,7.0,3,2.0
800,THI,Thailand,1988,8.0,3,3.0
800,THI,Thailand,1989,8.0,3,3.0
800,THI,Thailand,1990,8.0,3,3.0
800,THI,Thailand,1991,4.0,3,-1.0
800,THI,Thailand,1992,8.0,4,9.0
800,THI,Thailand,1993,8.0,4,9.0
800,THI,Thailand,1994,8.0,4,9.0
800,THI,Thailand,1995,8.0,4,9.0
800,THI,Thailand,1996,8.0,4,9.0
800,THI,Thailand,1997,8.0,4,9.0
800,THI,Thailand,1998,8.0,4,9.0
800,THI,Thailand,1999,8.0,4,9.0
800,THI,Thailand,2000,8.0,4,9.0
800,THI,Thailand,2001,8.0,4,9.0
800,THI,Thailand,2002,8.0,4,9.0
800,THI,Thailand,2003,8.0,4,9.0
800,THI,Thailand,2004,8.0,4,9.0
800,THI,Thailand,2005,8.0,4,9.0
800,THI,Thailand,2006,3.0,2,-5.0
800,THI,Thailand,2007,3.0,3,-1.0
800,THI,Thailand,2008,7.0,3,4.0
800,THI,Thailand,2009,7.0,3,4.0
800,THI,Thailand,2010,7.0,3,4.0
800,THI,Thailand,2011,8.0,3,7.0
800,THI,Thailand,2012,8.0,3,7.0
800,THI,Thailand,2013,8.0,3,7.0
800,THI,Thailand,2014,4.0,2,-3.0
800,THI,Thailand,2015,4.0,2,-3.0
800,THI,Thailand,2016,4.0,2,-3.0
800,THI,Thailand,2017,4.0,2,-3.0
800,THI,Thailand,2018,4.0,2,-3.0
701,TKM,Turkmenistan,1991,3.0,1,-8.0
701,TKM,Turkmenistan,1992,3.0,1,-9.0
701,TKM,Turkmenistan,1993,3.0,1,-9.0
701,TKM,Turkmenistan,1994,3.0,1,-9.0
701,TKM,Turkmenistan,1995,3.0,1,-9.0
701,TKM,Turkmenistan,1996,3.0,1,-9.0
701,TKM,Turkmenistan,1997,3.0,1,-9.0
701,TKM,Turkmenistan,1998,3.0,1,-9.0
701,TKM,Turkmenistan,1999,3.0,1,-9.0
701,TKM,Turkmenistan,2000,3.0,1,-9.0
701,TKM,Turkmenistan,2001,3.0,1,-9.0
701,TKM,Turkmenistan,2002,3.0,1,-9.0
701,TKM,Turkmenistan,2003,3.0,1,-9.0
701,TKM,Turkmenistan,2004,3.0,1,-9.0
701,TKM,Turkmenistan,2005,3.0,1,-9.0
701,TKM,Turkmenistan,2006,3.0,1,-9.0
701,TKM,Turkmenistan,2007,3.0,1,-9.0
701,TKM,Turkmenistan,2008,3.0,1,-9.0
701,TKM,Turkmenistan,2009,3.0,1,-9.0
701,TKM,Turkmenistan,2010,3.0,1,-9.0
701,TKM,Turkmenistan,2011,3.0,1,-9.0
701,TKM,Turkmenistan,2012,3.0,1,-9.0
701,TKM,Turkmenistan,2013,3.0,2,-8.0
701,TKM,Turkmenistan,2014,3.0,2,-8.0
701,TKM,Turkmenistan,2015,3.0,2,-8.0
701,TKM,Turkmenistan,2016,3.0,2,-8.0
701,TKM,Turkmenistan,2017,3.0,2,-8.0
701,TKM,Turkmenistan,2018,3.0,2,-8.0
461,TOG,Togo,1960,3.0,2,-6.0
461,TOG,Togo,1961,3.0,2,-6.0
461,TOG,Togo,1962,3.0,2,-6.0
461,TOG,Togo,1963,3.0,2,-6.0
461,TOG,Togo,1964,3.0,2,-6.0
461,TOG,Togo,1965,3.0,2,-6.0
461,TOG,Togo,1966,3.0,2,-6.0
461,TOG,Togo,1967,4.0,1,-7.0
461,TOG,Togo,1968,4.0,1,-7.0
461,TOG,Togo,1969,4.0,1,-7.0
461,TOG,Togo,1970,4.0,1,-7.0
461,TOG,Togo,1971,4.0,1,-7.0
461,TOG,Togo,1972,4.0,1,-7.0
461,TOG,Togo,1973,4.0,1,-7.0
461,TOG,Togo,1974,4.0,1,-7.0
461,TOG,Togo,1975,4.0,1,-7.0
461,TOG,Togo,1976,4.0,1,-7.0
461,TOG,Togo,1977,4.0,1,-7.0
461,TOG,Togo,1978,4.0,1,-7.0
461,TOG,Togo,1979,4.0,1,-7.0
461,TOG,Togo,1980,4.0,1,-7.0
461,TOG,Togo,1981,4.0,1,-7.0
461,TOG,Togo,1982,4.0,1,-7.0
461,TOG,Togo,1983,4.0,1,-7.0
461,TOG,Togo,1984,4.0,1,-7.0
461,TOG,Togo,1985,4.0,1,-7.0
461,TOG,Togo,1986,4.0,1,-7.0
461,TOG,Togo,1987,4.0,1,-7.0
461,TOG,Togo,1988,4.0,1,-7.0
461,TOG,Togo,1989,4.0,1,-7.0
461,TOG,Togo,1990,4.0,1,-7.0
461,TOG,Togo,1991,5.0,2,-5.0
461,TOG,Togo,1992,5.0,2,-5.0
461,TOG,Togo,1993,5.0,3,-2.0
461,TOG,Togo,1994,5.0,3,-2.0
461,TOG,Togo,1995,5.0,3,-2.0
461,TOG,Togo,1996,5.0,3,-2.0
461,TOG,Togo,1997,5.0,3,-2.0
461,TOG,Togo,1998,5.0,3,-2.0
461,TOG,Togo,1999,5.0,3,-2.0
461,TOG,Togo,2000,5.0,3,-2.0
461,TOG,Togo,2001,5.0,3,-2.0
461,TOG,Togo,2002,5.0,3,-2.0
461,TOG,Togo,2003,5.0,3,-2.0
461,TOG,Togo,2004,5.0,3,-2.0
461,TOG,Togo,2005,3.0,3,-4.0
461,TOG,Togo,2006,3.0,3,-4.0
461,TOG,Togo,2007,3.0,3,-4.0
461,TOG,Togo,2008,3.0,3,-4.0
461,TOG,Togo,2009,3.0,3,-4.0
461,TOG,Togo,2010,3.0,3,-2.0
461,TOG,Togo,2011,3.0,3,-2.0
461,TOG,Togo,2012,3.0,3,-2.0
461,TOG,Togo,2013,3.0,3,-2.0
461,TOG,Togo,2014,3.0,3,-2.0
461,TOG,Togo,2015,3.0,3,-2.0
461,TOG,Togo,2016,3.0,3,-2.0
461,TOG,Togo,2017,3.0,3,-2.0
461,TOG,Togo,2018,3.0,3,-2.0
52,TRI,Trinidad and Tobago,1962,7.0,0,4.0
52,TRI,Trinidad and Tobago,1963,7.0,0,4.0
52,TRI,Trinidad and Tobago,1964,7.0,0,4.0
52,TRI,Trinidad and Tobago,1965,7.0,0,4.0
52,TRI,Trinidad and Tobago,1966,7.0,0,4.0
52,TRI,Trinidad and Tobago,1967,7.0,0,4.0
52,TRI,Trinidad and Tobago,1968,7.0,0,4.0
52,TRI,Trinidad and Tobago,1969,7.0,0,4.0
52,TRI,Trinidad and Tobago,1970,7.0,0,4.0
52,TRI,Trinidad and Tobago,1971,7.0,0,4.0
52,TRI,Trinidad and Tobago,1972,7.0,0,4.0
52,TRI,Trinidad and Tobago,1973,7.0,0,4.0
52,TRI,Trinidad and Tobago,1974,7.0,0,4.0
52,TRI,Trinidad and Tobago,1975,7.0,0,4.0
52,TRI,Trinidad and Tobago,1976,7.0,0,4.0
52,TRI,Trinidad and Tobago,1977,7.0,0,4.0
52,TRI,Trinidad and Tobago,1978,7.0,0,4.0
52,TRI,Trinidad and Tobago,1979,7.0,0,4.0
52,TRI,Trinidad and Tobago,1980,7.0,0,4.0
52,TRI,Trinidad and Tobago,1981,8.0,4,7.0
52,TRI,Trinidad and Tobago,1982,8.0,4,7.0
52,TRI,Trinidad and Tobago,1983,8.0,4,7.0
52,TRI,Trinidad and Tobago,1984,8.0,4,7.0
52,TRI,Trinidad and Tobago,1985,8.0,4,7.0
52,TRI,Trinidad and Tobago,1986,8.0,4,8.0
52,TRI,Trinidad and Tobago,1987,8.0,4,8.0
52,TRI,Trinidad and Tobago,1988,8.0,4,8.0
52,TRI,Trinidad and Tobago,1989,8.0,4,8.0
52,TRI,Trinidad and Tobago,1990,8.0,4,8.0
52,TRI,Trinidad and Tobago,1991,8.0,4,8.0
52,TRI,Trinidad and Tobago,1992,8.0,4,8.0
52,TRI,Trinidad and Tobago,1993,8.0,4,8.0
52,TRI,Trinidad and Tobago,1994,8.0,4,8.0
52,TRI,Trinidad and Tobago,1995,8.0,4,9.0
52,TRI,Trinidad and Tobago,1996,8.0,4,9.0
52,TRI,Trinidad and Tobago,1997,8.0,4,9.0
52,TRI,Trinidad and Tobago,1998,8.0,4,9.0
52,TRI,Trinidad and Tobago,1999,8.0,4,9.0
52,TRI,Trinidad and Tobago,2000,8.0,4,9.0
52,TRI,Trinidad and Tobago,2001,8.0,4,9.0
52,TRI,Trinidad and Tobago,2002,8.0,4,9.0
52,TRI,Trinidad and Tobago,2003,8.0,4,9.0
52,TRI,Trinidad and Tobago,2004,8.0,4,9.0
52,TRI,Trinidad and Tobago,2005,8.0,4,9.0
52,TRI,Trinidad and Tobago,2006,8.0,4,9.0
52,TRI,Trinidad and Tobago,2007,8.0,4,9.0
52,TRI,Trinidad and Tobago,2008,8.0,4,9.0
52,TRI,Trinidad and Tobago,2009,8.0,4,9.0
52,TRI,Trinidad and Tobago,2010,8.0,4,9.0
52,TRI,Trinidad and Tobago,2011,8.0,4,9.0
52,TRI,Trinidad and Tobago,2012,8.0,4,9.0
52,TRI,Trinidad and Tobago,2013,8.0,4,9.0
52,TRI,Trinidad and Tobago,2014,8.0,4,9.0
52,TRI,Trinidad and Tobago,2015,8.0,4,9.0
52,TRI,Trinidad and Tobago,2016,8.0,4,9.0
52,TRI,Trinidad and Tobago,2017,8.0,4,9.0
52,TRI,Trinidad and Tobago,2018,8.0,4,9.0
616,TUN,Tunisia,1956,2.0,3,-4.0
616,TUN,Tunisia,1957,3.0,1,-9.0
616,TUN,Tunisia,1958,3.0,1,-9.0
616,TUN,Tunisia,1959,3.0,1,-9.0
616,TUN,Tunisia,1960,3.0,1,-9.0
616,TUN,Tunisia,1961,3.0,1,-9.0
616,TUN,Tunisia,1962,3.0,1,-9.0
616,TUN,Tunisia,1963,3.0,1,-9.0
616,TUN,Tunisia,1964,3.0,1,-9.0
616,TUN,Tunisia,1965,3.0,1,-9.0
616,TUN,Tunisia,1966,3.0,1,-9.0
616,TUN,Tunisia,1967,3.0,1,-9.0
616,TUN,Tunisia,1968,3.0,1,-9.0
616,TUN,Tunisia,1969,3.0,1,-9.0
616,TUN,Tunisia,1970,3.0,1,-9.0
616,TUN,Tunisia,1971,3.0,1,-9.0
616,TUN,Tunisia,1972,3.0,1,-9.0
616,TUN,Tunisia,1973,3.0,1,-9.0
616,TUN,Tunisia,1974,3.0,1,-9.0
616,TUN,Tunisia,1975,3.0,1,-9.0
616,TUN,Tunisia,1976,3.0,1,-9.0
616,TUN,Tunisia,1977,3.0,2,-8.0
616,TUN,Tunisia,1978,3.0,2,-8.0
616,TUN,Tunisia,1979,3.0,2,-8.0
616,TUN,Tunisia,1980,3.0,2,-8.0
616,TUN,Tunisia,1981,3.0,2,-8.0
616,TUN,Tunisia,1982,3.0,2,-8.0
616,TUN,Tunisia,1983,3.0,2,-8.0
616,TUN,Tunisia,1984,3.0,2,-8.0
616,TUN,Tunisia,1985,3.0,2,-8.0
616,TUN,Tunisia,1986,3.0,2,-8.0
616,TUN,Tunisia,1987,3.0,2,-6.0
616,TUN,Tunisia,1988,3.0,2,-6.0
616,TUN,Tunisia,1989,3.0,2,-6.0
616,TUN,Tunisia,1990,3.0,2,-6.0
616,TUN,Tunisia,1991,3.0,2,-6.0
616,TUN,Tunisia,1992,3.0,2,-6.0
616,TUN,Tunisia,1993,3.0,3,-3.0
616,TUN,Tunisia,1994,3.0,3,-3.0
616,TUN,Tunisia,1995,3.0,3,-3.0
616,TUN,Tunisia,1996,3.0,3,-3.0
616,TUN,Tunisia,1997,3.0,3,-3.0
616,TUN,Tunisia,1998,3.0,3,-3.0
616,TUN,Tunisia,1999,3.0,3,-3.0
616,TUN,Tunisia,2000,3.0,3,-3.0
616,TUN,Tunisia,2001,3.0,3,-3.0
616,TUN,Tunisia,2002,3.0,3,-4.0
616,TUN,Tunisia,2003,3.0,3,-4.0
616,TUN,Tunisia,2004,3.0,3,-4.0
616,TUN,Tunisia,2005,3.0,3,-4.0
616,TUN,Tunisia,2006,3.0,3,-4.0
616,TUN,Tunisia,2007,3.0,3,-4.0
616,TUN,Tunisia,2008,3.0,3,-4.0
616,TUN,Tunisia,2009,3.0,3,-4.0
616,TUN,Tunisia,2010,3.0,3,-4.0
616,TUN,Tunisia,2011,-88.0,-88,4.0
616,TUN,Tunisia,2012,-88.0,-88,5.0
616,TUN,Tunisia,2013,-88.0,-88,6.0
616,TUN,Tunisia,2014,7.0,4,7.0
616,TUN,Tunisia,2015,7.0,4,7.0
616,TUN,Tunisia,2016,7.0,4,7.0
616,TUN,Tunisia,2017,7.0,4,7.0
616,TUN,Tunisia,2018,7.0,4,7.0
640,TUR,Turkey,1800,1.0,1,-10.0
640,TUR,Turkey,1801,1.0,1,-10.0
640,TUR,Turkey,1802,1.0,1,-10.0
640,TUR,Turkey,1803,1.0,1,-10.0
640,TUR,Turkey,1804,1.0,1,-10.0
640,TUR,Turkey,1805,1.0,1,-10.0
640,TUR,Turkey,1806,1.0,1,-10.0
640,TUR,Turkey,1807,1.0,1,-10.0
640,TUR,Turkey,1808,1.0,1,-10.0
640,TUR,Turkey,1809,1.0,1,-10.0
640,TUR,Turkey,1810,1.0,1,-10.0
640,TUR,Turkey,1811,1.0,1,-10.0
640,TUR,Turkey,1812,1.0,1,-10.0
640,TUR,Turkey,1813,1.0,1,-10.0
640,TUR,Turkey,1814,1.0,1,-10.0
640,TUR,Turkey,1815,1.0,1,-10.0
640,TUR,Turkey,1816,1.0,1,-10.0
640,TUR,Turkey,1817,1.0,1,-10.0
640,TUR,Turkey,1818,1.0,1,-10.0
640,TUR,Turkey,1819,1.0,1,-10.0
640,TUR,Turkey,1820,1.0,1,-10.0
640,TUR,Turkey,1821,1.0,1,-10.0
640,TUR,Turkey,1822,1.0,1,-10.0
640,TUR,Turkey,1823,1.0,1,-10.0
640,TUR,Turkey,1824,1.0,1,-10.0
640,TUR,Turkey,1825,1.0,1,-10.0
640,TUR,Turkey,1826,1.0,1,-10.0
640,TUR,Turkey,1827,1.0,1,-10.0
640,TUR,Turkey,1828,1.0,1,-10.0
640,TUR,Turkey,1829,1.0,1,-10.0
640,TUR,Turkey,1830,1.0,1,-10.0
640,TUR,Turkey,1831,1.0,1,-10.0
640,TUR,Turkey,1832,1.0,1,-10.0
640,TUR,Turkey,1833,1.0,1,-10.0
640,TUR,Turkey,1834,1.0,1,-10.0
640,TUR,Turkey,1835,1.0,1,-10.0
640,TUR,Turkey,1836,1.0,1,-10.0
640,TUR,Turkey,1837,1.0,1,-10.0
640,TUR,Turkey,1838,1.0,1,-10.0
640,TUR,Turkey,1839,1.0,1,-10.0
640,TUR,Turkey,1840,1.0,1,-10.0
640,TUR,Turkey,1841,1.0,1,-10.0
640,TUR,Turkey,1842,1.0,1,-10.0
640,TUR,Turkey,1843,1.0,1,-10.0
640,TUR,Turkey,1844,1.0,1,-10.0
640,TUR,Turkey,1845,1.0,1,-10.0
640,TUR,Turkey,1846,1.0,1,-10.0
640,TUR,Turkey,1847,1.0,1,-10.0
640,TUR,Turkey,1848,1.0,1,-10.0
640,TUR,Turkey,1849,1.0,1,-10.0
640,TUR,Turkey,1850,1.0,1,-10.0
640,TUR,Turkey,1851,1.0,1,-10.0
640,TUR,Turkey,1852,1.0,1,-10.0
640,TUR,Turkey,1853,1.0,1,-10.0
640,TUR,Turkey,1854,1.0,1,-10.0
640,TUR,Turkey,1855,1.0,1,-10.0
640,TUR,Turkey,1856,1.0,1,-10.0
640,TUR,Turkey,1857,1.0,1,-10.0
640,TUR,Turkey,1858,1.0,1,-10.0
640,TUR,Turkey,1859,1.0,1,-10.0
640,TUR,Turkey,1860,1.0,1,-10.0
640,TUR,Turkey,1861,1.0,1,-10.0
640,TUR,Turkey,1862,1.0,1,-10.0
640,TUR,Turkey,1863,1.0,1,-10.0
640,TUR,Turkey,1864,1.0,1,-10.0
640,TUR,Turkey,1865,1.0,1,-10.0
640,TUR,Turkey,1866,1.0,1,-10.0
640,TUR,Turkey,1867,1.0,1,-10.0
640,TUR,Turkey,1868,1.0,1,-10.0
640,TUR,Turkey,1869,1.0,1,-10.0
640,TUR,Turkey,1870,1.0,1,-10.0
640,TUR,Turkey,1871,1.0,1,-10.0
640,TUR,Turkey,1872,1.0,1,-10.0
640,TUR,Turkey,1873,1.0,1,-10.0
640,TUR,Turkey,1874,1.0,1,-10.0
640,TUR,Turkey,1875,1.0,1,-10.0
640,TUR,Turkey,1876,2.0,3,-4.0
640,TUR,Turkey,1877,1.0,1,-10.0
640,TUR,Turkey,1878,1.0,1,-10.0
640,TUR,Turkey,1879,1.0,1,-10.0
640,TUR,Turkey,1880,1.0,1,-10.0
640,TUR,Turkey,1881,1.0,1,-10.0
640,TUR,Turkey,1882,1.0,1,-10.0
640,TUR,Turkey,1883,1.0,1,-10.0
640,TUR,Turkey,1884,1.0,1,-10.0
640,TUR,Turkey,1885,1.0,1,-10.0
640,TUR,Turkey,1886,1.0,1,-10.0
640,TUR,Turkey,1887,1.0,1,-10.0
640,TUR,Turkey,1888,1.0,1,-10.0
640,TUR,Turkey,1889,1.0,1,-10.0
640,TUR,Turkey,1890,1.0,1,-10.0
640,TUR,Turkey,1891,1.0,1,-10.0
640,TUR,Turkey,1892,1.0,1,-10.0
640,TUR,Turkey,1893,1.0,1,-10.0
640,TUR,Turkey,1894,1.0,1,-10.0
640,TUR,Turkey,1895,1.0,1,-10.0
640,TUR,Turkey,1896,1.0,1,-10.0
640,TUR,Turkey,1897,1.0,1,-10.0
640,TUR,Turkey,1898,1.0,1,-10.0
640,TUR,Turkey,1899,1.0,1,-10.0
640,TUR,Turkey,1900,1.0,1,-10.0
640,TUR,Turkey,1901,1.0,1,-10.0
640,TUR,Turkey,1902,1.0,1,-10.0
640,TUR,Turkey,1903,1.0,1,-10.0
640,TUR,Turkey,1904,1.0,1,-10.0
640,TUR,Turkey,1905,1.0,1,-10.0
640,TUR,Turkey,1906,1.0,1,-10.0
640,TUR,Turkey,1907,1.0,1,-10.0
640,TUR,Turkey,1908,2.0,3,-4.0
640,TUR,Turkey,1909,2.0,3,-1.0
640,TUR,Turkey,1910,2.0,3,-1.0
640,TUR,Turkey,1911,2.0,3,-1.0
640,TUR,Turkey,1912,2.0,3,-1.0
640,TUR,Turkey,1913,2.0,3,-1.0
640,TUR,Turkey,1914,2.0,3,-1.0
640,TUR,Turkey,1915,2.0,3,-1.0
640,TUR,Turkey,1916,2.0,3,-1.0
640,TUR,Turkey,1917,2.0,3,-1.0
640,TUR,Turkey,1918,-66.0,-66,
640,TUR,Turkey,1919,-66.0,-66,
640,TUR,Turkey,1920,-66.0,-66,
640,TUR,Turkey,1921,-66.0,-66,
640,TUR,Turkey,1922,-77.0,-77,0.0
640,TUR,Turkey,1923,3.0,2,-6.0
640,TUR,Turkey,1924,3.0,2,-6.0
640,TUR,Turkey,1925,3.0,2,-6.0
640,TUR,Turkey,1926,3.0,2,-6.0
640,TUR,Turkey,1927,3.0,2,-6.0
640,TUR,Turkey,1928,3.0,2,-6.0
640,TUR,Turkey,1929,3.0,2,-6.0
640,TUR,Turkey,1930,3.0,2,-6.0
640,TUR,Turkey,1931,3.0,2,-6.0
640,TUR,Turkey,1932,3.0,2,-6.0
640,TUR,Turkey,1933,3.0,2,-6.0
640,TUR,Turkey,1934,3.0,1,-7.0
640,TUR,Turkey,1935,3.0,1,-7.0
640,TUR,Turkey,1936,3.0,1,-7.0
640,TUR,Turkey,1937,3.0,1,-7.0
640,TUR,Turkey,1938,3.0,1,-7.0
640,TUR,Turkey,1939,3.0,1,-7.0
640,TUR,Turkey,1940,3.0,1,-7.0
640,TUR,Turkey,1941,3.0,1,-7.0
640,TUR,Turkey,1942,3.0,1,-7.0
640,TUR,Turkey,1943,3.0,1,-7.0
640,TUR,Turkey,1944,3.0,1,-7.0
640,TUR,Turkey,1945,3.0,1,-7.0
640,TUR,Turkey,1946,7.0,4,7.0
640,TUR,Turkey,1947,7.0,4,7.0
640,TUR,Turkey,1948,7.0,4,7.0
640,TUR,Turkey,1949,7.0,4,7.0
640,TUR,Turkey,1950,7.0,4,7.0
640,TUR,Turkey,1951,7.0,4,7.0
640,TUR,Turkey,1952,7.0,4,7.0
640,TUR,Turkey,1953,7.0,4,7.0
640,TUR,Turkey,1954,7.0,3,4.0
640,TUR,Turkey,1955,7.0,3,4.0
640,TUR,Turkey,1956,7.0,3,4.0
640,TUR,Turkey,1957,7.0,3,4.0
640,TUR,Turkey,1958,7.0,3,4.0
640,TUR,Turkey,1959,7.0,3,4.0
640,TUR,Turkey,1960,-88.0,-88,7.0
640,TUR,Turkey,1961,8.0,4,9.0
640,TUR,Turkey,1962,8.0,4,9.0
640,TUR,Turkey,1963,8.0,4,9.0
640,TUR,Turkey,1964,8.0,4,9.0
640,TUR,Turkey,1965,8.0,4,8.0
640,TUR,Turkey,1966,8.0,4,8.0
640,TUR,Turkey,1967,8.0,4,8.0
640,TUR,Turkey,1968,8.0,4,8.0
640,TUR,Turkey,1969,8.0,4,8.0
640,TUR,Turkey,1970,8.0,4,8.0
640,TUR,Turkey,1971,7.0,2,-2.0
640,TUR,Turkey,1972,7.0,2,-2.0
640,TUR,Turkey,1973,8.0,4,9.0
640,TUR,Turkey,1974,8.0,4,9.0
640,TUR,Turkey,1975,8.0,4,9.0
640,TUR,Turkey,1976,8.0,4,9.0
640,TUR,Turkey,1977,8.0,4,9.0
640,TUR,Turkey,1978,8.0,4,9.0
640,TUR,Turkey,1979,8.0,4,9.0
640,TUR,Turkey,1980,7.0,1,-5.0
640,TUR,Turkey,1981,7.0,1,-5.0
640,TUR,Turkey,1982,7.0,1,-5.0
640,TUR,Turkey,1983,7.0,4,7.0
640,TUR,Turkey,1984,7.0,4,7.0
640,TUR,Turkey,1985,7.0,4,7.0
640,TUR,Turkey,1986,7.0,4,7.0
640,TUR,Turkey,1987,7.0,4,7.0
640,TUR,Turkey,1988,7.0,4,7.0
640,TUR,Turkey,1989,8.0,4,9.0
640,TUR,Turkey,1990,8.0,4,9.0
640,TUR,Turkey,1991,8.0,4,9.0
640,TUR,Turkey,1992,8.0,4,9.0
640,TUR,Turkey,1993,8.0,4,8.0
640,TUR,Turkey,1994,8.0,4,8.0
640,TUR,Turkey,1995,8.0,4,8.0
640,TUR,Turkey,1996,8.0,4,8.0
640,TUR,Turkey,1997,8.0,3,7.0
640,TUR,Turkey,1998,8.0,3,7.0
640,TUR,Turkey,1999,8.0,3,7.0
640,TUR,Turkey,2000,8.0,3,7.0
640,TUR,Turkey,2001,8.0,3,7.0
640,TUR,Turkey,2002,8.0,3,7.0
640,TUR,Turkey,2003,8.0,3,7.0
640,TUR,Turkey,2004,8.0,3,7.0
640,TUR,Turkey,2005,8.0,3,7.0
640,TUR,Turkey,2006,8.0,3,7.0
640,TUR,Turkey,2007,8.0,3,7.0
640,TUR,Turkey,2008,8.0,3,7.0
640,TUR,Turkey,2009,8.0,3,7.0
640,TUR,Turkey,2010,8.0,3,7.0
640,TUR,Turkey,2011,8.0,4,9.0
640,TUR,Turkey,2012,8.0,4,9.0
640,TUR,Turkey,2013,8.0,4,9.0
640,TUR,Turkey,2014,7.0,3,3.0
640,TUR,Turkey,2015,7.0,3,3.0
640,TUR,Turkey,2016,4.0,2,-4.0
640,TUR,Turkey,2017,4.0,2,-4.0
640,TUR,Turkey,2018,4.0,2,-4.0
337,TUS,Tuscany,1815,1.0,1,-10.0
337,TUS,Tuscany,1816,1.0,1,-10.0
337,TUS,Tuscany,1817,1.0,1,-10.0
337,TUS,Tuscany,1818,1.0,1,-10.0
337,TUS,Tuscany,1819,1.0,1,-10.0
337,TUS,Tuscany,1820,1.0,1,-10.0
337,TUS,Tuscany,1821,1.0,1,-10.0
337,TUS,Tuscany,1822,1.0,1,-10.0
337,TUS,Tuscany,1823,1.0,1,-10.0
337,TUS,Tuscany,1824,1.0,1,-10.0
337,TUS,Tuscany,1825,1.0,1,-10.0
337,TUS,Tuscany,1826,1.0,1,-10.0
337,TUS,Tuscany,1827,1.0,1,-10.0
337,TUS,Tuscany,1828,1.0,1,-10.0
337,TUS,Tuscany,1829,1.0,1,-10.0
337,TUS,Tuscany,1830,1.0,1,-10.0
337,TUS,Tuscany,1831,1.0,1,-10.0
337,TUS,Tuscany,1832,1.0,1,-10.0
337,TUS,Tuscany,1833,1.0,1,-10.0
337,TUS,Tuscany,1834,1.0,1,-10.0
337,TUS,Tuscany,1835,1.0,1,-10.0
337,TUS,Tuscany,1836,1.0,1,-10.0
337,TUS,Tuscany,1837,1.0,1,-10.0
337,TUS,Tuscany,1838,1.0,1,-10.0
337,TUS,Tuscany,1839,1.0,1,-10.0
337,TUS,Tuscany,1840,1.0,1,-10.0
337,TUS,Tuscany,1841,1.0,1,-10.0
337,TUS,Tuscany,1842,1.0,1,-10.0
337,TUS,Tuscany,1843,1.0,1,-10.0
337,TUS,Tuscany,1844,1.0,1,-10.0
337,TUS,Tuscany,1845,1.0,1,-10.0
337,TUS,Tuscany,1846,1.0,1,-10.0
337,TUS,Tuscany,1847,1.0,1,-10.0
337,TUS,Tuscany,1848,2.0,2,-7.0
337,TUS,Tuscany,1849,1.0,1,-10.0
337,TUS,Tuscany,1850,1.0,1,-10.0
337,TUS,Tuscany,1851,1.0,1,-10.0
337,TUS,Tuscany,1852,1.0,1,-10.0
337,TUS,Tuscany,1853,1.0,1,-10.0
337,TUS,Tuscany,1854,1.0,1,-10.0
337,TUS,Tuscany,1855,1.0,1,-10.0
337,TUS,Tuscany,1856,1.0,1,-10.0
337,TUS,Tuscany,1857,1.0,1,-10.0
337,TUS,Tuscany,1858,1.0,1,-10.0
337,TUS,Tuscany,1859,1.0,1,-10.0
337,TUS,Tuscany,1860,1.0,1,-10.0
696,UAE,UAE,1971,2.0,1,-8.0
696,UAE,UAE,1972,2.0,1,-8.0
696,UAE,UAE,1973,2.0,1,-8.0
696,UAE,UAE,1974,2.0,1,-8.0
696,UAE,UAE,1975,2.0,1,-8.0
696,UAE,UAE,1976,2.0,1,-8.0
696,UAE,UAE,1977,2.0,1,-8.0
696,UAE,UAE,1978,2.0,1,-8.0
696,UAE,UAE,1979,2.0,1,-8.0
696,UAE,UAE,1980,2.0,1,-8.0
696,UAE,UAE,1981,2.0,1,-8.0
696,UAE,UAE,1982,2.0,1,-8.0
696,UAE,UAE,1983,2.0,1,-8.0
696,UAE,UAE,1984,2.0,1,-8.0
696,UAE,UAE,1985,2.0,1,-8.0
696,UAE,UAE,1986,2.0,1,-8.0
696,UAE,UAE,1987,2.0,1,-8.0
696,UAE,UAE,1988,2.0,1,-8.0
696,UAE,UAE,1989,2.0,1,-8.0
696,UAE,UAE,1990,2.0,1,-8.0
696,UAE,UAE,1991,2.0,1,-8.0
696,UAE,UAE,1992,2.0,1,-8.0
696,UAE,UAE,1993,2.0,1,-8.0
696,UAE,UAE,1994,2.0,1,-8.0
696,UAE,UAE,1995,2.0,1,-8.0
696,UAE,UAE,1996,2.0,1,-8.0
696,UAE,UAE,1997,2.0,1,-8.0
696,UAE,UAE,1998,2.0,1,-8.0
696,UAE,UAE,1999,2.0,1,-8.0
696,UAE,UAE,2000,2.0,1,-8.0
696,UAE,UAE,2001,2.0,1,-8.0
696,UAE,UAE,2002,2.0,1,-8.0
696,UAE,UAE,2003,2.0,1,-8.0
696,UAE,UAE,2004,2.0,1,-8.0
696,UAE,UAE,2005,2.0,1,-8.0
696,UAE,UAE,2006,2.0,1,-8.0
696,UAE,UAE,2007,2.0,1,-8.0
696,UAE,UAE,2008,2.0,1,-8.0
696,UAE,UAE,2009,2.0,1,-8.0
696,UAE,UAE,2010,2.0,1,-8.0
696,UAE,UAE,2011,2.0,1,-8.0
696,UAE,UAE,2012,2.0,1,-8.0
696,UAE,UAE,2013,2.0,1,-8.0
696,UAE,UAE,2014,2.0,1,-8.0
696,UAE,UAE,2015,2.0,1,-8.0
696,UAE,UAE,2016,2.0,1,-8.0
696,UAE,UAE,2017,2.0,1,-8.0
696,UAE,UAE,2018,2.0,1,-8.0
500,UGA,Uganda,1962,8.0,0,7.0
500,UGA,Uganda,1963,8.0,0,7.0
500,UGA,Uganda,1964,8.0,0,7.0
500,UGA,Uganda,1965,8.0,0,7.0
500,UGA,Uganda,1966,-88.0,-88,0.0
500,UGA,Uganda,1967,3.0,2,-6.0
500,UGA,Uganda,1968,3.0,2,-6.0
500,UGA,Uganda,1969,3.0,1,-7.0
500,UGA,Uganda,1970,3.0,1,-7.0
500,UGA,Uganda,1971,4.0,1,-7.0
500,UGA,Uganda,1972,4.0,1,-7.0
500,UGA,Uganda,1973,4.0,1,-7.0
500,UGA,Uganda,1974,4.0,1,-7.0
500,UGA,Uganda,1975,4.0,1,-7.0
500,UGA,Uganda,1976,4.0,1,-7.0
500,UGA,Uganda,1977,4.0,1,-7.0
500,UGA,Uganda,1978,4.0,1,-7.0
500,UGA,Uganda,1979,-66.0,-66,
500,UGA,Uganda,1980,7.0,3,3.0
500,UGA,Uganda,1981,7.0,3,3.0
500,UGA,Uganda,1982,7.0,3,3.0
500,UGA,Uganda,1983,7.0,3,3.0
500,UGA,Uganda,1984,7.0,3,3.0
500,UGA,Uganda,1985,-77.0,-77,0.0
500,UGA,Uganda,1986,4.0,1,-7.0
500,UGA,Uganda,1987,4.0,1,-7.0
500,UGA,Uganda,1988,4.0,1,-7.0
500,UGA,Uganda,1989,4.0,1,-7.0
500,UGA,Uganda,1990,4.0,1,-7.0
500,UGA,Uganda,1991,4.0,1,-7.0
500,UGA,Uganda,1992,4.0,1,-7.0
500,UGA,Uganda,1993,4.0,2,-4.0
500,UGA,Uganda,1994,4.0,2,-4.0
500,UGA,Uganda,1995,4.0,2,-4.0
500,UGA,Uganda,1996,5.0,2,-4.0
500,UGA,Uganda,1997,5.0,2,-4.0
500,UGA,Uganda,1998,5.0,2,-4.0
500,UGA,Uganda,1999,5.0,2,-4.0
500,UGA,Uganda,2000,5.0,2,-4.0
500,UGA,Uganda,2001,5.0,2,-4.0
500,UGA,Uganda,2002,5.0,2,-4.0
500,UGA,Uganda,2003,5.0,2,-4.0
500,UGA,Uganda,2004,5.0,2,-4.0
500,UGA,Uganda,2005,5.0,3,-1.0
500,UGA,Uganda,2006,5.0,3,-1.0
500,UGA,Uganda,2007,5.0,3,-1.0
500,UGA,Uganda,2008,5.0,3,-1.0
500,UGA,Uganda,2009,5.0,3,-1.0
500,UGA,Uganda,2010,5.0,3,-1.0
500,UGA,Uganda,2011,5.0,3,-1.0
500,UGA,Uganda,2012,5.0,3,-1.0
500,UGA,Uganda,2013,5.0,3,-1.0
500,UGA,Uganda,2014,5.0,3,-1.0
500,UGA,Uganda,2015,5.0,3,-1.0
500,UGA,Uganda,2016,5.0,3,-1.0
500,UGA,Uganda,2017,5.0,3,-1.0
500,UGA,Uganda,2018,5.0,3,-1.0
200,UKG,United Kingdom,1800,2.0,2,-2.0
200,UKG,United Kingdom,1801,2.0,2,-2.0
200,UKG,United Kingdom,1802,2.0,2,-2.0
200,UKG,United Kingdom,1803,2.0,2,-2.0
200,UKG,United Kingdom,1804,2.0,2,-2.0
200,UKG,United Kingdom,1805,2.0,2,-2.0
200,UKG,United Kingdom,1806,2.0,2,-2.0
200,UKG,United Kingdom,1807,2.0,2,-2.0
200,UKG,United Kingdom,1808,2.0,2,-2.0
200,UKG,United Kingdom,1809,2.0,2,-2.0
200,UKG,United Kingdom,1810,2.0,2,-2.0
200,UKG,United Kingdom,1811,2.0,2,-2.0
200,UKG,United Kingdom,1812,2.0,2,-2.0
200,UKG,United Kingdom,1813,2.0,2,-2.0
200,UKG,United Kingdom,1814,2.0,2,-2.0
200,UKG,United Kingdom,1815,2.0,2,-2.0
200,UKG,United Kingdom,1816,2.0,2,-2.0
200,UKG,United Kingdom,1817,2.0,2,-2.0
200,UKG,United Kingdom,1818,2.0,2,-2.0
200,UKG,United Kingdom,1819,2.0,2,-2.0
200,UKG,United Kingdom,1820,2.0,2,-2.0
200,UKG,United Kingdom,1821,2.0,2,-2.0
200,UKG,United Kingdom,1822,2.0,2,-2.0
200,UKG,United Kingdom,1823,2.0,2,-2.0
200,UKG,United Kingdom,1824,2.0,2,-2.0
200,UKG,United Kingdom,1825,2.0,2,-2.0
200,UKG,United Kingdom,1826,2.0,2,-2.0
200,UKG,United Kingdom,1827,2.0,2,-2.0
200,UKG,United Kingdom,1828,2.0,2,-2.0
200,UKG,United Kingdom,1829,2.0,2,-2.0
200,UKG,United Kingdom,1830,2.0,2,-2.0
200,UKG,United Kingdom,1831,2.0,2,-2.0
200,UKG,United Kingdom,1832,2.0,2,-2.0
200,UKG,United Kingdom,1833,2.0,2,-2.0
200,UKG,United Kingdom,1834,2.0,2,-2.0
200,UKG,United Kingdom,1835,2.0,2,-2.0
200,UKG,United Kingdom,1836,2.0,2,-2.0
200,UKG,United Kingdom,1837,,2,3.0
200,UKG,United Kingdom,1838,,2,3.0
200,UKG,United Kingdom,1839,,2,3.0
200,UKG,United Kingdom,1840,,2,3.0
200,UKG,United Kingdom,1841,,2,3.0
200,UKG,United Kingdom,1842,,2,3.0
200,UKG,United Kingdom,1843,,2,3.0
200,UKG,United Kingdom,1844,,2,3.0
200,UKG,United Kingdom,1845,,2,3.0
200,UKG,United Kingdom,1846,,2,3.0
200,UKG,United Kingdom,1847,,2,3.0
200,UKG,United Kingdom,1848,,2,3.0
200,UKG,United Kingdom,1849,,2,3.0
200,UKG,United Kingdom,1850,,2,3.0
200,UKG,United Kingdom,1851,,2,3.0
200,UKG,United Kingdom,1852,,2,3.0
200,UKG,United Kingdom,1853,,2,3.0
200,UKG,United Kingdom,1854,,2,3.0
200,UKG,United Kingdom,1855,,2,3.0
200,UKG,United Kingdom,1856,,2,3.0
200,UKG,United Kingdom,1857,,2,3.0
200,UKG,United Kingdom,1858,,2,3.0
200,UKG,United Kingdom,1859,,2,3.0
200,UKG,United Kingdom,1860,,2,3.0
200,UKG,United Kingdom,1861,,2,3.0
200,UKG,United Kingdom,1862,,2,3.0
200,UKG,United Kingdom,1863,,2,3.0
200,UKG,United Kingdom,1864,,2,3.0
200,UKG,United Kingdom,1865,,2,3.0
200,UKG,United Kingdom,1866,,2,3.0
200,UKG,United Kingdom,1867,,2,3.0
200,UKG,United Kingdom,1868,,2,3.0
200,UKG,United Kingdom,1869,,2,3.0
200,UKG,United Kingdom,1870,,2,3.0
200,UKG,United Kingdom,1871,,2,3.0
200,UKG,United Kingdom,1872,,2,3.0
200,UKG,United Kingdom,1873,,2,3.0
200,UKG,United Kingdom,1874,,2,3.0
200,UKG,United Kingdom,1875,,2,3.0
200,UKG,United Kingdom,1876,,2,3.0
200,UKG,United Kingdom,1877,,2,3.0
200,UKG,United Kingdom,1878,,2,3.0
200,UKG,United Kingdom,1879,,2,3.0
200,UKG,United Kingdom,1880,,3,7.0
200,UKG,United Kingdom,1881,,3,7.0
200,UKG,United Kingdom,1882,,3,7.0
200,UKG,United Kingdom,1883,,3,7.0
200,UKG,United Kingdom,1884,,3,7.0
200,UKG,United Kingdom,1885,,3,7.0
200,UKG,United Kingdom,1886,,3,7.0
200,UKG,United Kingdom,1887,,3,7.0
200,UKG,United Kingdom,1888,,3,7.0
200,UKG,United Kingdom,1889,,3,7.0
200,UKG,United Kingdom,1890,,3,7.0
200,UKG,United Kingdom,1891,,3,7.0
200,UKG,United Kingdom,1892,,3,7.0
200,UKG,United Kingdom,1893,,3,7.0
200,UKG,United Kingdom,1894,,3,7.0
200,UKG,United Kingdom,1895,,3,7.0
200,UKG,United Kingdom,1896,,3,7.0
200,UKG,United Kingdom,1897,,3,7.0
200,UKG,United Kingdom,1898,,3,7.0
200,UKG,United Kingdom,1899,,3,7.0
200,UKG,United Kingdom,1900,,3,7.0
200,UKG,United Kingdom,1901,8.0,3,8.0
200,UKG,United Kingdom,1902,8.0,3,8.0
200,UKG,United Kingdom,1903,8.0,3,8.0
200,UKG,United Kingdom,1904,8.0,3,8.0
200,UKG,United Kingdom,1905,8.0,3,8.0
200,UKG,United Kingdom,1906,8.0,3,8.0
200,UKG,United Kingdom,1907,8.0,3,8.0
200,UKG,United Kingdom,1908,8.0,3,8.0
200,UKG,United Kingdom,1909,8.0,3,8.0
200,UKG,United Kingdom,1910,8.0,3,8.0
200,UKG,United Kingdom,1911,8.0,3,8.0
200,UKG,United Kingdom,1912,8.0,3,8.0
200,UKG,United Kingdom,1913,8.0,3,8.0
200,UKG,United Kingdom,1914,8.0,3,8.0
200,UKG,United Kingdom,1915,8.0,3,8.0
200,UKG,United Kingdom,1916,8.0,3,8.0
200,UKG,United Kingdom,1917,8.0,3,8.0
200,UKG,United Kingdom,1918,8.0,3,8.0
200,UKG,United Kingdom,1919,8.0,3,8.0
200,UKG,United Kingdom,1920,8.0,3,8.0
200,UKG,United Kingdom,1921,8.0,3,8.0
200,UKG,United Kingdom,1922,8.0,5,10.0
200,UKG,United Kingdom,1923,8.0,5,10.0
200,UKG,United Kingdom,1924,8.0,5,10.0
200,UKG,United Kingdom,1925,8.0,5,10.0
200,UKG,United Kingdom,1926,8.0,5,10.0
200,UKG,United Kingdom,1927,8.0,5,10.0
200,UKG,United Kingdom,1928,8.0,5,10.0
200,UKG,United Kingdom,1929,8.0,5,10.0
200,UKG,United Kingdom,1930,8.0,5,10.0
200,UKG,United Kingdom,1931,8.0,5,10.0
200,UKG,United Kingdom,1932,8.0,5,10.0
200,UKG,United Kingdom,1933,8.0,5,10.0
200,UKG,United Kingdom,1934,8.0,5,10.0
200,UKG,United Kingdom,1935,8.0,5,10.0
200,UKG,United Kingdom,1936,8.0,5,10.0
200,UKG,United Kingdom,1937,8.0,5,10.0
200,UKG,United Kingdom,1938,8.0,5,10.0
200,UKG,United Kingdom,1939,8.0,5,10.0
200,UKG,United Kingdom,1940,8.0,5,10.0
200,UKG,United Kingdom,1941,8.0,5,10.0
200,UKG,United Kingdom,1942,8.0,5,10.0
200,UKG,United Kingdom,1943,8.0,5,10.0
200,UKG,United Kingdom,1944,8.0,5,10.0
200,UKG,United Kingdom,1945,8.0,5,10.0
200,UKG,United Kingdom,1946,8.0,5,10.0
200,UKG,United Kingdom,1947,8.0,5,10.0
200,UKG,United Kingdom,1948,8.0,5,10.0
200,UKG,United Kingdom,1949,8.0,5,10.0
200,UKG,United Kingdom,1950,8.0,5,10.0
200,UKG,United Kingdom,1951,8.0,5,10.0
200,UKG,United Kingdom,1952,8.0,5,10.0
200,UKG,United Kingdom,1953,8.0,5,10.0
200,UKG,United Kingdom,1954,8.0,5,10.0
200,UKG,United Kingdom,1955,8.0,5,10.0
200,UKG,United Kingdom,1956,8.0,5,10.0
200,UKG,United Kingdom,1957,8.0,5,10.0
200,UKG,United Kingdom,1958,8.0,5,10.0
200,UKG,United Kingdom,1959,8.0,5,10.0
200,UKG,United Kingdom,1960,8.0,5,10.0
200,UKG,United Kingdom,1961,8.0,5,10.0
200,UKG,United Kingdom,1962,8.0,5,10.0
200,UKG,United Kingdom,1963,8.0,5,10.0
200,UKG,United Kingdom,1964,8.0,5,10.0
200,UKG,United Kingdom,1965,8.0,5,10.0
200,UKG,United Kingdom,1966,8.0,5,10.0
200,UKG,United Kingdom,1967,8.0,5,10.0
200,UKG,United Kingdom,1968,8.0,5,10.0
200,UKG,United Kingdom,1969,8.0,5,10.0
200,UKG,United Kingdom,1970,8.0,5,10.0
200,UKG,United Kingdom,1971,8.0,5,10.0
200,UKG,United Kingdom,1972,8.0,5,10.0
200,UKG,United Kingdom,1973,8.0,5,10.0
200,UKG,United Kingdom,1974,8.0,5,10.0
200,UKG,United Kingdom,1975,8.0,5,10.0
200,UKG,United Kingdom,1976,8.0,5,10.0
200,UKG,United Kingdom,1977,8.0,5,10.0
200,UKG,United Kingdom,1978,8.0,5,10.0
200,UKG,United Kingdom,1979,8.0,5,10.0
200,UKG,United Kingdom,1980,8.0,5,10.0
200,UKG,United Kingdom,1981,8.0,5,10.0
200,UKG,United Kingdom,1982,8.0,5,10.0
200,UKG,United Kingdom,1983,8.0,5,10.0
200,UKG,United Kingdom,1984,8.0,5,10.0
200,UKG,United Kingdom,1985,8.0,5,10.0
200,UKG,United Kingdom,1986,8.0,5,10.0
200,UKG,United Kingdom,1987,8.0,5,10.0
200,UKG,United Kingdom,1988,8.0,5,10.0
200,UKG,United Kingdom,1989,8.0,5,10.0
200,UKG,United Kingdom,1990,8.0,5,10.0
200,UKG,United Kingdom,1991,8.0,5,10.0
200,UKG,United Kingdom,1992,8.0,5,10.0
200,UKG,United Kingdom,1993,8.0,5,10.0
200,UKG,United Kingdom,1994,8.0,5,10.0
200,UKG,United Kingdom,1995,8.0,5,10.0
200,UKG,United Kingdom,1996,8.0,5,10.0
200,UKG,United Kingdom,1997,8.0,5,10.0
200,UKG,United Kingdom,1998,8.0,5,10.0
200,UKG,United Kingdom,1999,8.0,5,10.0
200,UKG,United Kingdom,2000,8.0,5,10.0
200,UKG,United Kingdom,2001,8.0,5,10.0
200,UKG,United Kingdom,2002,8.0,5,10.0
200,UKG,United Kingdom,2003,8.0,5,10.0
200,UKG,United Kingdom,2004,8.0,5,10.0
200,UKG,United Kingdom,2005,8.0,5,10.0
200,UKG,United Kingdom,2006,8.0,5,10.0
200,UKG,United Kingdom,2007,8.0,5,10.0
200,UKG,United Kingdom,2008,8.0,5,10.0
200,UKG,United Kingdom,2009,8.0,5,10.0
200,UKG,United Kingdom,2010,8.0,5,10.0
200,UKG,United Kingdom,2011,8.0,5,10.0
200,UKG,United Kingdom,2012,8.0,5,10.0
200,UKG,United Kingdom,2013,8.0,5,10.0
200,UKG,United Kingdom,2014,8.0,5,10.0
200,UKG,United Kingdom,2015,8.0,5,10.0
200,UKG,United Kingdom,2016,8.0,3,8.0
200,UKG,United Kingdom,2017,8.0,3,8.0
200,UKG,United Kingdom,2018,8.0,3,8.0
369,UKR,Ukraine,1991,7.0,3,6.0
369,UKR,Ukraine,1992,7.0,3,6.0
369,UKR,Ukraine,1993,7.0,3,5.0
369,UKR,Ukraine,1994,8.0,4,7.0
369,UKR,Ukraine,1995,8.0,4,7.0
369,UKR,Ukraine,1996,8.0,4,7.0
369,UKR,Ukraine,1997,8.0,4,7.0
369,UKR,Ukraine,1998,8.0,4,7.0
369,UKR,Ukraine,1999,8.0,4,7.0
369,UKR,Ukraine,2000,8.0,3,6.0
369,UKR,Ukraine,2001,8.0,3,6.0
369,UKR,Ukraine,2002,8.0,3,6.0
369,UKR,Ukraine,2003,8.0,3,6.0
369,UKR,Ukraine,2004,8.0,3,6.0
369,UKR,Ukraine,2005,8.0,3,6.0
369,UKR,Ukraine,2006,8.0,3,7.0
369,UKR,Ukraine,2007,8.0,3,7.0
369,UKR,Ukraine,2008,8.0,3,7.0
369,UKR,Ukraine,2009,8.0,3,7.0
369,UKR,Ukraine,2010,8.0,3,6.0
369,UKR,Ukraine,2011,8.0,3,6.0
369,UKR,Ukraine,2012,8.0,3,6.0
369,UKR,Ukraine,2013,8.0,3,6.0
369,UKR,Ukraine,2014,7.0,3,4.0
369,UKR,Ukraine,2015,7.0,3,4.0
369,UKR,Ukraine,2016,7.0,3,4.0
369,UKR,Ukraine,2017,7.0,3,4.0
369,UKR,Ukraine,2018,7.0,3,4.0
89,UPC,United Province CA,1824,3.0,3,2.0
89,UPC,United Province CA,1825,3.0,3,2.0
89,UPC,United Province CA,1826,3.0,3,2.0
89,UPC,United Province CA,1827,3.0,3,2.0
89,UPC,United Province CA,1828,3.0,3,2.0
89,UPC,United Province CA,1829,3.0,3,2.0
89,UPC,United Province CA,1830,3.0,3,2.0
89,UPC,United Province CA,1831,3.0,3,2.0
89,UPC,United Province CA,1832,3.0,3,2.0
89,UPC,United Province CA,1833,3.0,3,2.0
89,UPC,United Province CA,1834,3.0,3,2.0
89,UPC,United Province CA,1835,3.0,3,2.0
89,UPC,United Province CA,1836,3.0,3,2.0
89,UPC,United Province CA,1837,3.0,3,2.0
89,UPC,United Province CA,1838,3.0,3,2.0
165,URU,Uruguay,1830,4.0,3,-3.0
165,URU,Uruguay,1831,4.0,3,-3.0
165,URU,Uruguay,1832,4.0,3,-3.0
165,URU,Uruguay,1833,4.0,3,-3.0
165,URU,Uruguay,1834,4.0,3,-3.0
165,URU,Uruguay,1835,4.0,3,-3.0
165,URU,Uruguay,1836,4.0,3,-3.0
165,URU,Uruguay,1837,4.0,3,-3.0
165,URU,Uruguay,1838,4.0,3,-3.0
165,URU,Uruguay,1839,4.0,3,-3.0
165,URU,Uruguay,1840,4.0,3,-3.0
165,URU,Uruguay,1841,4.0,3,-3.0
165,URU,Uruguay,1842,4.0,3,-3.0
165,URU,Uruguay,1843,4.0,3,-3.0
165,URU,Uruguay,1844,4.0,3,-3.0
165,URU,Uruguay,1845,4.0,3,-3.0
165,URU,Uruguay,1846,4.0,3,-3.0
165,URU,Uruguay,1847,4.0,3,-3.0
165,URU,Uruguay,1848,4.0,3,-3.0
165,URU,Uruguay,1849,4.0,3,-3.0
165,URU,Uruguay,1850,4.0,3,-3.0
165,URU,Uruguay,1851,4.0,3,-3.0
165,URU,Uruguay,1852,4.0,3,-3.0
165,URU,Uruguay,1853,4.0,3,-3.0
165,URU,Uruguay,1854,4.0,3,-3.0
165,URU,Uruguay,1855,4.0,3,-3.0
165,URU,Uruguay,1856,4.0,3,-3.0
165,URU,Uruguay,1857,4.0,3,-3.0
165,URU,Uruguay,1858,4.0,3,-3.0
165,URU,Uruguay,1859,4.0,3,-3.0
165,URU,Uruguay,1860,4.0,3,-3.0
165,URU,Uruguay,1861,4.0,3,-3.0
165,URU,Uruguay,1862,4.0,3,-3.0
165,URU,Uruguay,1863,4.0,3,-3.0
165,URU,Uruguay,1864,4.0,3,-3.0
165,URU,Uruguay,1865,4.0,3,-3.0
165,URU,Uruguay,1866,4.0,3,-3.0
165,URU,Uruguay,1867,4.0,3,-3.0
165,URU,Uruguay,1868,4.0,3,-3.0
165,URU,Uruguay,1869,4.0,3,-3.0
165,URU,Uruguay,1870,4.0,3,-3.0
165,URU,Uruguay,1871,4.0,3,-3.0
165,URU,Uruguay,1872,4.0,3,-3.0
165,URU,Uruguay,1873,4.0,3,-3.0
165,URU,Uruguay,1874,4.0,3,-3.0
165,URU,Uruguay,1875,4.0,3,-3.0
165,URU,Uruguay,1876,4.0,3,-3.0
165,URU,Uruguay,1877,4.0,3,-3.0
165,URU,Uruguay,1878,4.0,3,-3.0
165,URU,Uruguay,1879,4.0,3,-3.0
165,URU,Uruguay,1880,4.0,3,-3.0
165,URU,Uruguay,1881,4.0,3,-3.0
165,URU,Uruguay,1882,4.0,3,-3.0
165,URU,Uruguay,1883,4.0,3,-3.0
165,URU,Uruguay,1884,4.0,3,-3.0
165,URU,Uruguay,1885,4.0,3,-3.0
165,URU,Uruguay,1886,4.0,3,-3.0
165,URU,Uruguay,1887,4.0,3,-3.0
165,URU,Uruguay,1888,4.0,3,-3.0
165,URU,Uruguay,1889,4.0,3,-3.0
165,URU,Uruguay,1890,4.0,3,-3.0
165,URU,Uruguay,1891,4.0,3,-3.0
165,URU,Uruguay,1892,4.0,3,-3.0
165,URU,Uruguay,1893,4.0,3,-3.0
165,URU,Uruguay,1894,4.0,3,-3.0
165,URU,Uruguay,1895,4.0,3,-3.0
165,URU,Uruguay,1896,4.0,3,-3.0
165,URU,Uruguay,1897,4.0,3,-3.0
165,URU,Uruguay,1898,4.0,3,-3.0
165,URU,Uruguay,1899,4.0,3,-3.0
165,URU,Uruguay,1900,4.0,3,-3.0
165,URU,Uruguay,1901,4.0,3,-3.0
165,URU,Uruguay,1902,4.0,3,-3.0
165,URU,Uruguay,1903,4.0,3,-3.0
165,URU,Uruguay,1904,3.0,5,0.0
165,URU,Uruguay,1905,3.0,5,0.0
165,URU,Uruguay,1906,3.0,5,0.0
165,URU,Uruguay,1907,3.0,5,0.0
165,URU,Uruguay,1908,3.0,5,0.0
165,URU,Uruguay,1909,3.0,5,0.0
165,URU,Uruguay,1910,3.0,5,2.0
165,URU,Uruguay,1911,3.0,5,2.0
165,URU,Uruguay,1912,3.0,5,2.0
165,URU,Uruguay,1913,3.0,5,2.0
165,URU,Uruguay,1914,3.0,5,2.0
165,URU,Uruguay,1915,3.0,5,2.0
165,URU,Uruguay,1916,3.0,5,2.0
165,URU,Uruguay,1917,3.0,5,2.0
165,URU,Uruguay,1918,3.0,5,2.0
165,URU,Uruguay,1919,3.0,5,3.0
165,URU,Uruguay,1920,3.0,5,3.0
165,URU,Uruguay,1921,3.0,5,3.0
165,URU,Uruguay,1922,3.0,5,3.0
165,URU,Uruguay,1923,3.0,5,3.0
165,URU,Uruguay,1924,3.0,5,3.0
165,URU,Uruguay,1925,3.0,5,3.0
165,URU,Uruguay,1926,3.0,5,3.0
165,URU,Uruguay,1927,3.0,5,3.0
165,URU,Uruguay,1928,3.0,5,3.0
165,URU,Uruguay,1929,3.0,5,3.0
165,URU,Uruguay,1930,3.0,5,3.0
165,URU,Uruguay,1931,3.0,5,3.0
165,URU,Uruguay,1932,3.0,5,3.0
165,URU,Uruguay,1933,3.0,5,3.0
165,URU,Uruguay,1934,3.0,5,0.0
165,URU,Uruguay,1935,3.0,5,0.0
165,URU,Uruguay,1936,3.0,5,0.0
165,URU,Uruguay,1937,3.0,5,0.0
165,URU,Uruguay,1938,3.0,5,0.0
165,URU,Uruguay,1939,3.0,5,0.0
165,URU,Uruguay,1940,3.0,5,0.0
165,URU,Uruguay,1941,3.0,5,0.0
165,URU,Uruguay,1942,3.0,5,0.0
165,URU,Uruguay,1943,3.0,5,0.0
165,URU,Uruguay,1944,3.0,5,0.0
165,URU,Uruguay,1945,3.0,5,0.0
165,URU,Uruguay,1946,3.0,5,0.0
165,URU,Uruguay,1947,3.0,5,0.0
165,URU,Uruguay,1948,3.0,5,0.0
165,URU,Uruguay,1949,3.0,5,0.0
165,URU,Uruguay,1950,3.0,5,0.0
165,URU,Uruguay,1951,3.0,5,0.0
165,URU,Uruguay,1952,8.0,5,8.0
165,URU,Uruguay,1953,8.0,5,8.0
165,URU,Uruguay,1954,8.0,5,8.0
165,URU,Uruguay,1955,8.0,5,8.0
165,URU,Uruguay,1956,8.0,5,8.0
165,URU,Uruguay,1957,8.0,5,8.0
165,URU,Uruguay,1958,8.0,5,8.0
165,URU,Uruguay,1959,8.0,5,8.0
165,URU,Uruguay,1960,8.0,5,8.0
165,URU,Uruguay,1961,8.0,5,8.0
165,URU,Uruguay,1962,8.0,5,8.0
165,URU,Uruguay,1963,8.0,5,8.0
165,URU,Uruguay,1964,8.0,5,8.0
165,URU,Uruguay,1965,8.0,5,8.0
165,URU,Uruguay,1966,8.0,5,8.0
165,URU,Uruguay,1967,8.0,5,8.0
165,URU,Uruguay,1968,8.0,5,8.0
165,URU,Uruguay,1969,8.0,5,8.0
165,URU,Uruguay,1970,8.0,5,8.0
165,URU,Uruguay,1971,-88.0,-88,3.0
165,URU,Uruguay,1972,-88.0,-88,-3.0
165,URU,Uruguay,1973,3.0,1,-8.0
165,URU,Uruguay,1974,3.0,1,-8.0
165,URU,Uruguay,1975,3.0,1,-8.0
165,URU,Uruguay,1976,3.0,1,-8.0
165,URU,Uruguay,1977,3.0,1,-8.0
165,URU,Uruguay,1978,3.0,1,-7.0
165,URU,Uruguay,1979,3.0,1,-7.0
165,URU,Uruguay,1980,3.0,1,-7.0
165,URU,Uruguay,1981,3.0,1,-7.0
165,URU,Uruguay,1982,3.0,1,-7.0
165,URU,Uruguay,1983,3.0,1,-7.0
165,URU,Uruguay,1984,3.0,1,-7.0
165,URU,Uruguay,1985,7.0,5,9.0
165,URU,Uruguay,1986,7.0,5,9.0
165,URU,Uruguay,1987,7.0,5,9.0
165,URU,Uruguay,1988,7.0,5,9.0
165,URU,Uruguay,1989,8.0,5,10.0
165,URU,Uruguay,1990,8.0,5,10.0
165,URU,Uruguay,1991,8.0,5,10.0
165,URU,Uruguay,1992,8.0,5,10.0
165,URU,Uruguay,1993,8.0,5,10.0
165,URU,Uruguay,1994,8.0,5,10.0
165,URU,Uruguay,1995,8.0,5,10.0
165,URU,Uruguay,1996,8.0,5,10.0
165,URU,Uruguay,1997,8.0,5,10.0
165,URU,Uruguay,1998,8.0,5,10.0
165,URU,Uruguay,1999,8.0,5,10.0
165,URU,Uruguay,2000,8.0,5,10.0
165,URU,Uruguay,2001,8.0,5,10.0
165,URU,Uruguay,2002,8.0,5,10.0
165,URU,Uruguay,2003,8.0,5,10.0
165,URU,Uruguay,2004,8.0,5,10.0
165,URU,Uruguay,2005,8.0,5,10.0
165,URU,Uruguay,2006,8.0,5,10.0
165,URU,Uruguay,2007,8.0,5,10.0
165,URU,Uruguay,2008,8.0,5,10.0
165,URU,Uruguay,2009,8.0,5,10.0
165,URU,Uruguay,2010,8.0,5,10.0
165,URU,Uruguay,2011,8.0,5,10.0
165,URU,Uruguay,2012,8.0,5,10.0
165,URU,Uruguay,2013,8.0,5,10.0
165,URU,Uruguay,2014,8.0,5,10.0
165,URU,Uruguay,2015,8.0,5,10.0
165,URU,Uruguay,2016,8.0,5,10.0
165,URU,Uruguay,2017,8.0,5,10.0
165,URU,Uruguay,2018,8.0,5,10.0
2,USA,United States,1776,-77.0,-77,0.0
2,USA,United States,1777,-77.0,-77,0.0
2,USA,United States,1778,-77.0,-77,0.0
2,USA,United States,1779,-77.0,-77,0.0
2,USA,United States,1780,-77.0,-77,0.0
2,USA,United States,1781,-77.0,-77,0.0
2,USA,United States,1782,-77.0,-77,0.0
2,USA,United States,1783,-88.0,-88,0.0
2,USA,United States,1784,-88.0,-88,0.0
2,USA,United States,1785,-88.0,-88,0.0
2,USA,United States,1786,-88.0,-88,0.0
2,USA,United States,1787,-88.0,-88,0.0
2,USA,United States,1788,-88.0,-88,0.0
2,USA,United States,1789,3.0,0,0.0
2,USA,United States,1790,3.0,0,0.0
2,USA,United States,1791,3.0,0,0.0
2,USA,United States,1792,3.0,0,0.0
2,USA,United States,1793,3.0,0,0.0
2,USA,United States,1794,3.0,0,0.0
2,USA,United States,1795,3.0,0,0.0
2,USA,United States,1796,3.0,0,0.0
2,USA,United States,1797,7.0,0,5.0
2,USA,United States,1798,7.0,0,5.0
2,USA,United States,1799,7.0,0,5.0
2,USA,United States,1800,7.0,0,5.0
2,USA,United States,1801,7.0,0,6.0
2,USA,United States,1802,7.0,0,6.0
2,USA,United States,1803,7.0,0,6.0
2,USA,United States,1804,7.0,0,6.0
2,USA,United States,1805,7.0,0,6.0
2,USA,United States,1806,7.0,0,6.0
2,USA,United States,1807,7.0,0,6.0
2,USA,United States,1808,7.0,0,6.0
2,USA,United States,1809,7.0,0,6.0
2,USA,United States,1810,7.0,0,6.0
2,USA,United States,1811,7.0,0,6.0
2,USA,United States,1812,7.0,0,6.0
2,USA,United States,1813,7.0,0,6.0
2,USA,United States,1814,7.0,0,6.0
2,USA,United States,1815,7.0,0,6.0
2,USA,United States,1816,7.0,0,6.0
2,USA,United States,1817,7.0,0,6.0
2,USA,United States,1818,7.0,0,6.0
2,USA,United States,1819,7.0,0,6.0
2,USA,United States,1820,7.0,0,6.0
2,USA,United States,1821,7.0,0,6.0
2,USA,United States,1822,7.0,0,6.0
2,USA,United States,1823,7.0,0,6.0
2,USA,United States,1824,7.0,0,6.0
2,USA,United States,1825,8.0,0,7.0
2,USA,United States,1826,8.0,0,7.0
2,USA,United States,1827,8.0,0,7.0
2,USA,United States,1828,8.0,0,7.0
2,USA,United States,1829,8.0,5,10.0
2,USA,United States,1830,8.0,5,10.0
2,USA,United States,1831,8.0,5,10.0
2,USA,United States,1832,8.0,5,10.0
2,USA,United States,1833,8.0,5,10.0
2,USA,United States,1834,8.0,5,10.0
2,USA,United States,1835,8.0,5,10.0
2,USA,United States,1836,8.0,5,10.0
2,USA,United States,1837,8.0,5,10.0
2,USA,United States,1838,8.0,5,10.0
2,USA,United States,1839,8.0,5,10.0
2,USA,United States,1840,8.0,5,10.0
2,USA,United States,1841,8.0,5,10.0
2,USA,United States,1842,8.0,5,10.0
2,USA,United States,1843,8.0,5,10.0
2,USA,United States,1844,8.0,5,10.0
2,USA,United States,1845,8.0,5,10.0
2,USA,United States,1846,8.0,5,10.0
2,USA,United States,1847,8.0,5,10.0
2,USA,United States,1848,8.0,5,10.0
2,USA,United States,1849,8.0,5,10.0
2,USA,United States,1850,8.0,4,9.0
2,USA,United States,1851,8.0,4,9.0
2,USA,United States,1852,8.0,4,9.0
2,USA,United States,1853,8.0,4,9.0
2,USA,United States,1854,8.0,3,8.0
2,USA,United States,1855,8.0,3,8.0
2,USA,United States,1856,8.0,3,8.0
2,USA,United States,1857,8.0,3,8.0
2,USA,United States,1858,8.0,3,8.0
2,USA,United States,1859,8.0,3,8.0
2,USA,United States,1860,-77.0,-77,0.0
2,USA,United States,1861,-77.0,-77,0.0
2,USA,United States,1862,-77.0,-77,0.0
2,USA,United States,1863,-77.0,-77,0.0
2,USA,United States,1864,-77.0,-77,0.0
2,USA,United States,1865,8.0,3,7.0
2,USA,United States,1866,8.0,3,7.0
2,USA,United States,1867,8.0,3,7.0
2,USA,United States,1868,8.0,3,7.0
2,USA,United States,1869,8.0,3,7.0
2,USA,United States,1870,8.0,3,7.0
2,USA,United States,1871,8.0,3,7.0
2,USA,United States,1872,8.0,4,8.0
2,USA,United States,1873,8.0,4,8.0
2,USA,United States,1874,8.0,4,8.0
2,USA,United States,1875,8.0,4,8.0
2,USA,United States,1876,8.0,4,8.0
2,USA,United States,1877,8.0,4,9.0
2,USA,United States,1878,8.0,4,9.0
2,USA,United States,1879,8.0,4,9.0
2,USA,United States,1880,8.0,4,9.0
2,USA,United States,1881,8.0,4,9.0
2,USA,United States,1882,8.0,4,9.0
2,USA,United States,1883,8.0,4,9.0
2,USA,United States,1884,8.0,4,9.0
2,USA,United States,1885,8.0,4,9.0
2,USA,United States,1886,8.0,4,9.0
2,USA,United States,1887,8.0,4,9.0
2,USA,United States,1888,8.0,4,9.0
2,USA,United States,1889,8.0,4,9.0
2,USA,United States,1890,8.0,4,9.0
2,USA,United States,1891,8.0,4,9.0
2,USA,United States,1892,8.0,4,9.0
2,USA,United States,1893,8.0,4,9.0
2,USA,United States,1894,8.0,4,9.0
2,USA,United States,1895,8.0,4,9.0
2,USA,United States,1896,8.0,4,9.0
2,USA,United States,1897,8.0,4,9.0
2,USA,United States,1898,8.0,4,9.0
2,USA,United States,1899,8.0,4,9.0
2,USA,United States,1900,8.0,4,9.0
2,USA,United States,1901,8.0,4,9.0
2,USA,United States,1902,8.0,4,9.0
2,USA,United States,1903,8.0,4,9.0
2,USA,United States,1904,8.0,4,9.0
2,USA,United States,1905,8.0,4,9.0
2,USA,United States,1906,8.0,4,9.0
2,USA,United States,1907,8.0,4,9.0
2,USA,United States,1908,8.0,4,9.0
2,USA,United States,1909,8.0,4,9.0
2,USA,United States,1910,8.0,4,9.0
2,USA,United States,1911,8.0,4,9.0
2,USA,United States,1912,8.0,4,9.0
2,USA,United States,1913,8.0,4,9.0
2,USA,United States,1914,8.0,4,9.0
2,USA,United States,1915,8.0,4,9.0
2,USA,United States,1916,8.0,4,9.0
2,USA,United States,1917,8.0,4,9.0
2,USA,United States,1918,8.0,4,9.0
2,USA,United States,1919,8.0,4,9.0
2,USA,United States,1920,8.0,4,9.0
2,USA,United States,1921,8.0,4,9.0
2,USA,United States,1922,8.0,4,9.0
2,USA,United States,1923,8.0,4,9.0
2,USA,United States,1924,8.0,4,9.0
2,USA,United States,1925,8.0,4,9.0
2,USA,United States,1926,8.0,4,9.0
2,USA,United States,1927,8.0,4,9.0
2,USA,United States,1928,8.0,4,9.0
2,USA,United States,1929,8.0,4,9.0
2,USA,United States,1930,8.0,4,9.0
2,USA,United States,1931,8.0,4,9.0
2,USA,United States,1932,8.0,4,9.0
2,USA,United States,1933,8.0,4,9.0
2,USA,United States,1934,8.0,4,9.0
2,USA,United States,1935,8.0,4,9.0
2,USA,United States,1936,8.0,4,9.0
2,USA,United States,1937,8.0,4,9.0
2,USA,United States,1938,8.0,4,9.0
2,USA,United States,1939,8.0,4,9.0
2,USA,United States,1940,8.0,4,9.0
2,USA,United States,1941,8.0,4,9.0
2,USA,United States,1942,8.0,4,9.0
2,USA,United States,1943,8.0,4,9.0
2,USA,United States,1944,8.0,4,9.0
2,USA,United States,1945,8.0,4,9.0
2,USA,United States,1946,8.0,4,9.0
2,USA,United States,1947,8.0,4,9.0
2,USA,United States,1948,8.0,4,9.0
2,USA,United States,1949,8.0,4,9.0
2,USA,United States,1950,8.0,4,9.0
2,USA,United States,1951,8.0,4,9.0
2,USA,United States,1952,8.0,4,9.0
2,USA,United States,1953,8.0,4,9.0
2,USA,United States,1954,8.0,4,9.0
2,USA,United States,1955,8.0,4,9.0
2,USA,United States,1956,8.0,4,9.0
2,USA,United States,1957,8.0,4,9.0
2,USA,United States,1958,8.0,4,9.0
2,USA,United States,1959,8.0,4,9.0
2,USA,United States,1960,8.0,4,9.0
2,USA,United States,1961,8.0,4,9.0
2,USA,United States,1962,8.0,4,9.0
2,USA,United States,1963,8.0,4,9.0
2,USA,United States,1964,8.0,4,9.0
2,USA,United States,1965,8.0,4,9.0
2,USA,United States,1966,8.0,4,9.0
2,USA,United States,1967,8.0,3,8.0
2,USA,United States,1968,8.0,3,8.0
2,USA,United States,1969,8.0,3,8.0
2,USA,United States,1970,8.0,3,8.0
2,USA,United States,1971,8.0,3,8.0
2,USA,United States,1972,8.0,3,8.0
2,USA,United States,1973,8.0,3,8.0
2,USA,United States,1974,8.0,5,10.0
2,USA,United States,1975,8.0,5,10.0
2,USA,United States,1976,8.0,5,10.0
2,USA,United States,1977,8.0,5,10.0
2,USA,United States,1978,8.0,5,10.0
2,USA,United States,1979,8.0,5,10.0
2,USA,United States,1980,8.0,5,10.0
2,USA,United States,1981,8.0,5,10.0
2,USA,United States,1982,8.0,5,10.0
2,USA,United States,1983,8.0,5,10.0
2,USA,United States,1984,8.0,5,10.0
2,USA,United States,1985,8.0,5,10.0
2,USA,United States,1986,8.0,5,10.0
2,USA,United States,1987,8.0,5,10.0
2,USA,United States,1988,8.0,5,10.0
2,USA,United States,1989,8.0,5,10.0
2,USA,United States,1990,8.0,5,10.0
2,USA,United States,1991,8.0,5,10.0
2,USA,United States,1992,8.0,5,10.0
2,USA,United States,1993,8.0,5,10.0
2,USA,United States,1994,8.0,5,10.0
2,USA,United States,1995,8.0,5,10.0
2,USA,United States,1996,8.0,5,10.0
2,USA,United States,1997,8.0,5,10.0
2,USA,United States,1998,8.0,5,10.0
2,USA,United States,1999,8.0,5,10.0
2,USA,United States,2000,8.0,5,10.0
2,USA,United States,2001,8.0,5,10.0
2,USA,United States,2002,8.0,5,10.0
2,USA,United States,2003,8.0,5,10.0
2,USA,United States,2004,8.0,5,10.0
2,USA,United States,2005,8.0,5,10.0
2,USA,United States,2006,8.0,5,10.0
2,USA,United States,2007,8.0,5,10.0
2,USA,United States,2008,8.0,5,10.0
2,USA,United States,2009,8.0,5,10.0
2,USA,United States,2010,8.0,5,10.0
2,USA,United States,2011,8.0,5,10.0
2,USA,United States,2012,8.0,5,10.0
2,USA,United States,2013,8.0,5,10.0
2,USA,United States,2014,8.0,5,10.0
2,USA,United States,2015,8.0,5,10.0
2,USA,United States,2016,8.0,3,8.0
2,USA,United States,2017,8.0,3,8.0
2,USA,United States,2018,8.0,3,8.0
2,USA,United States,2019,8.0,3,7.0
2,USA,United States,2020,8.0,3,5.0
364,USR,USSR,1922,3.0,1,-7.0
364,USR,USSR,1923,3.0,1,-7.0
364,USR,USSR,1924,3.0,1,-7.0
364,USR,USSR,1925,3.0,1,-7.0
364,USR,USSR,1926,3.0,1,-7.0
364,USR,USSR,1927,3.0,1,-8.0
364,USR,USSR,1928,3.0,1,-8.0
364,USR,USSR,1929,3.0,1,-8.0
364,USR,USSR,1930,3.0,1,-8.0
364,USR,USSR,1931,3.0,1,-8.0
364,USR,USSR,1932,3.0,1,-8.0
364,USR,USSR,1933,3.0,1,-9.0
364,USR,USSR,1934,3.0,1,-9.0
364,USR,USSR,1935,3.0,1,-9.0
364,USR,USSR,1936,3.0,1,-9.0
364,USR,USSR,1937,3.0,1,-9.0
364,USR,USSR,1938,3.0,1,-9.0
364,USR,USSR,1939,3.0,1,-9.0
364,USR,USSR,1940,3.0,1,-9.0
364,USR,USSR,1941,3.0,1,-9.0
364,USR,USSR,1942,3.0,1,-9.0
364,USR,USSR,1943,3.0,1,-9.0
364,USR,USSR,1944,3.0,1,-9.0
364,USR,USSR,1945,3.0,1,-9.0
364,USR,USSR,1946,3.0,1,-9.0
364,USR,USSR,1947,3.0,1,-9.0
364,USR,USSR,1948,3.0,1,-9.0
364,USR,USSR,1949,3.0,1,-9.0
364,USR,USSR,1950,3.0,1,-9.0
364,USR,USSR,1951,3.0,1,-9.0
364,USR,USSR,1952,3.0,1,-9.0
364,USR,USSR,1953,3.0,1,-7.0
364,USR,USSR,1954,3.0,1,-7.0
364,USR,USSR,1955,3.0,1,-7.0
364,USR,USSR,1956,3.0,1,-7.0
364,USR,USSR,1957,3.0,1,-7.0
364,USR,USSR,1958,3.0,1,-7.0
364,USR,USSR,1959,3.0,1,-7.0
364,USR,USSR,1960,3.0,1,-7.0
364,USR,USSR,1961,3.0,1,-7.0
364,USR,USSR,1962,3.0,1,-7.0
364,USR,USSR,1963,3.0,1,-7.0
364,USR,USSR,1964,3.0,1,-7.0
364,USR,USSR,1965,3.0,1,-7.0
364,USR,USSR,1966,3.0,1,-7.0
364,USR,USSR,1967,3.0,1,-7.0
364,USR,USSR,1968,3.0,1,-7.0
364,USR,USSR,1969,3.0,1,-7.0
364,USR,USSR,1970,3.0,1,-7.0
364,USR,USSR,1971,3.0,1,-7.0
364,USR,USSR,1972,3.0,1,-7.0
364,USR,USSR,1973,3.0,1,-7.0
364,USR,USSR,1974,3.0,1,-7.0
364,USR,USSR,1975,3.0,1,-7.0
364,USR,USSR,1976,3.0,1,-7.0
364,USR,USSR,1977,3.0,1,-7.0
364,USR,USSR,1978,3.0,1,-7.0
364,USR,USSR,1979,3.0,1,-7.0
364,USR,USSR,1980,3.0,1,-7.0
364,USR,USSR,1981,3.0,1,-7.0
364,USR,USSR,1982,3.0,1,-7.0
364,USR,USSR,1983,3.0,1,-7.0
364,USR,USSR,1984,3.0,1,-7.0
364,USR,USSR,1985,3.0,1,-7.0
364,USR,USSR,1986,3.0,1,-7.0
364,USR,USSR,1987,3.0,1,-7.0
364,USR,USSR,1988,3.0,2,-6.0
364,USR,USSR,1989,3.0,2,-4.0
364,USR,USSR,1990,7.0,2,0.0
364,USR,USSR,1991,7.0,2,0.0
704,UZB,Uzbekistan,1991,3.0,1,-9.0
704,UZB,Uzbekistan,1992,3.0,1,-9.0
704,UZB,Uzbekistan,1993,3.0,1,-9.0
704,UZB,Uzbekistan,1994,3.0,1,-9.0
704,UZB,Uzbekistan,1995,3.0,1,-9.0
704,UZB,Uzbekistan,1996,3.0,1,-9.0
704,UZB,Uzbekistan,1997,3.0,1,-9.0
704,UZB,Uzbekistan,1998,3.0,1,-9.0
704,UZB,Uzbekistan,1999,3.0,1,-9.0
704,UZB,Uzbekistan,2000,3.0,1,-9.0
704,UZB,Uzbekistan,2001,3.0,1,-9.0
704,UZB,Uzbekistan,2002,3.0,1,-9.0
704,UZB,Uzbekistan,2003,3.0,1,-9.0
704,UZB,Uzbekistan,2004,3.0,1,-9.0
704,UZB,Uzbekistan,2005,3.0,1,-9.0
704,UZB,Uzbekistan,2006,3.0,1,-9.0
704,UZB,Uzbekistan,2007,3.0,1,-9.0
704,UZB,Uzbekistan,2008,3.0,1,-9.0
704,UZB,Uzbekistan,2009,3.0,1,-9.0
704,UZB,Uzbekistan,2010,3.0,1,-9.0
704,UZB,Uzbekistan,2011,3.0,1,-9.0
704,UZB,Uzbekistan,2012,3.0,1,-9.0
704,UZB,Uzbekistan,2013,3.0,1,-9.0
704,UZB,Uzbekistan,2014,3.0,1,-9.0
704,UZB,Uzbekistan,2015,3.0,1,-9.0
704,UZB,Uzbekistan,2016,3.0,1,-9.0
704,UZB,Uzbekistan,2017,3.0,1,-9.0
704,UZB,Uzbekistan,2018,3.0,1,-9.0
101,VEN,Venezuela,1830,3.0,3,-5.0
101,VEN,Venezuela,1831,3.0,3,-5.0
101,VEN,Venezuela,1832,3.0,3,-5.0
101,VEN,Venezuela,1833,3.0,3,-5.0
101,VEN,Venezuela,1834,3.0,3,-5.0
101,VEN,Venezuela,1835,3.0,3,-5.0
101,VEN,Venezuela,1836,3.0,3,-5.0
101,VEN,Venezuela,1837,3.0,3,-5.0
101,VEN,Venezuela,1838,3.0,3,-5.0
101,VEN,Venezuela,1839,3.0,3,-5.0
101,VEN,Venezuela,1840,3.0,3,-5.0
101,VEN,Venezuela,1841,3.0,3,-5.0
101,VEN,Venezuela,1842,3.0,3,-5.0
101,VEN,Venezuela,1843,3.0,3,-5.0
101,VEN,Venezuela,1844,3.0,3,-5.0
101,VEN,Venezuela,1845,3.0,3,-5.0
101,VEN,Venezuela,1846,3.0,3,-5.0
101,VEN,Venezuela,1847,3.0,3,-5.0
101,VEN,Venezuela,1848,3.0,3,-5.0
101,VEN,Venezuela,1849,3.0,3,-5.0
101,VEN,Venezuela,1850,3.0,3,-5.0
101,VEN,Venezuela,1851,3.0,3,-5.0
101,VEN,Venezuela,1852,3.0,3,-5.0
101,VEN,Venezuela,1853,3.0,3,-5.0
101,VEN,Venezuela,1854,3.0,3,-5.0
101,VEN,Venezuela,1855,3.0,3,-5.0
101,VEN,Venezuela,1856,3.0,3,-5.0
101,VEN,Venezuela,1857,3.0,3,-5.0
101,VEN,Venezuela,1858,3.0,3,-5.0
101,VEN,Venezuela,1859,3.0,3,-5.0
101,VEN,Venezuela,1860,3.0,3,-5.0
101,VEN,Venezuela,1861,3.0,3,-5.0
101,VEN,Venezuela,1862,3.0,3,-5.0
101,VEN,Venezuela,1863,3.0,3,-5.0
101,VEN,Venezuela,1864,3.0,3,-5.0
101,VEN,Venezuela,1865,3.0,3,-5.0
101,VEN,Venezuela,1866,3.0,3,-5.0
101,VEN,Venezuela,1867,3.0,3,-5.0
101,VEN,Venezuela,1868,3.0,3,-5.0
101,VEN,Venezuela,1869,3.0,3,-5.0
101,VEN,Venezuela,1870,3.0,3,-5.0
101,VEN,Venezuela,1871,3.0,3,-5.0
101,VEN,Venezuela,1872,3.0,3,-5.0
101,VEN,Venezuela,1873,3.0,3,-5.0
101,VEN,Venezuela,1874,3.0,3,-5.0
101,VEN,Venezuela,1875,3.0,3,-5.0
101,VEN,Venezuela,1876,3.0,3,-5.0
101,VEN,Venezuela,1877,3.0,3,-5.0
101,VEN,Venezuela,1878,3.0,3,-5.0
101,VEN,Venezuela,1879,3.0,3,-5.0
101,VEN,Venezuela,1880,3.0,3,-5.0
101,VEN,Venezuela,1881,3.0,3,-4.0
101,VEN,Venezuela,1882,3.0,3,-4.0
101,VEN,Venezuela,1883,3.0,3,-4.0
101,VEN,Venezuela,1884,3.0,3,-4.0
101,VEN,Venezuela,1885,3.0,3,-4.0
101,VEN,Venezuela,1886,3.0,3,-4.0
101,VEN,Venezuela,1887,3.0,3,-4.0
101,VEN,Venezuela,1888,3.0,3,-4.0
101,VEN,Venezuela,1889,3.0,3,-4.0
101,VEN,Venezuela,1890,3.0,3,-4.0
101,VEN,Venezuela,1891,3.0,3,-4.0
101,VEN,Venezuela,1892,3.0,3,-3.0
101,VEN,Venezuela,1893,3.0,3,-3.0
101,VEN,Venezuela,1894,3.0,3,-3.0
101,VEN,Venezuela,1895,3.0,3,-3.0
101,VEN,Venezuela,1896,3.0,3,-3.0
101,VEN,Venezuela,1897,3.0,3,-3.0
101,VEN,Venezuela,1898,3.0,3,-3.0
101,VEN,Venezuela,1899,3.0,3,-3.0
101,VEN,Venezuela,1900,3.0,3,-3.0
101,VEN,Venezuela,1901,3.0,3,-3.0
101,VEN,Venezuela,1902,3.0,3,-3.0
101,VEN,Venezuela,1903,3.0,3,-3.0
101,VEN,Venezuela,1904,3.0,3,-3.0
101,VEN,Venezuela,1905,3.0,3,-3.0
101,VEN,Venezuela,1906,3.0,3,-3.0
101,VEN,Venezuela,1907,3.0,3,-3.0
101,VEN,Venezuela,1908,3.0,3,-3.0
101,VEN,Venezuela,1909,3.0,2,-6.0
101,VEN,Venezuela,1910,3.0,2,-6.0
101,VEN,Venezuela,1911,3.0,2,-6.0
101,VEN,Venezuela,1912,3.0,2,-6.0
101,VEN,Venezuela,1913,3.0,2,-6.0
101,VEN,Venezuela,1914,3.0,2,-6.0
101,VEN,Venezuela,1915,3.0,2,-6.0
101,VEN,Venezuela,1916,3.0,2,-6.0
101,VEN,Venezuela,1917,3.0,2,-6.0
101,VEN,Venezuela,1918,3.0,2,-6.0
101,VEN,Venezuela,1919,3.0,2,-6.0
101,VEN,Venezuela,1920,3.0,1,-9.0
101,VEN,Venezuela,1921,3.0,1,-9.0
101,VEN,Venezuela,1922,3.0,1,-9.0
101,VEN,Venezuela,1923,3.0,1,-9.0
101,VEN,Venezuela,1924,3.0,1,-9.0
101,VEN,Venezuela,1925,3.0,1,-9.0
101,VEN,Venezuela,1926,3.0,1,-9.0
101,VEN,Venezuela,1927,3.0,1,-9.0
101,VEN,Venezuela,1928,3.0,1,-9.0
101,VEN,Venezuela,1929,3.0,1,-9.0
101,VEN,Venezuela,1930,3.0,1,-9.0
101,VEN,Venezuela,1931,3.0,1,-9.0
101,VEN,Venezuela,1932,3.0,1,-9.0
101,VEN,Venezuela,1933,3.0,1,-9.0
101,VEN,Venezuela,1934,3.0,1,-9.0
101,VEN,Venezuela,1935,-88.0,-88,-7.0
101,VEN,Venezuela,1936,3.0,2,-6.0
101,VEN,Venezuela,1937,3.0,2,-5.0
101,VEN,Venezuela,1938,3.0,2,-5.0
101,VEN,Venezuela,1939,3.0,2,-5.0
101,VEN,Venezuela,1940,3.0,2,-5.0
101,VEN,Venezuela,1941,3.0,3,-3.0
101,VEN,Venezuela,1942,3.0,3,-3.0
101,VEN,Venezuela,1943,3.0,3,-3.0
101,VEN,Venezuela,1944,3.0,3,-3.0
101,VEN,Venezuela,1945,3.0,3,-3.0
101,VEN,Venezuela,1946,3.0,3,-3.0
101,VEN,Venezuela,1947,3.0,3,-3.0
101,VEN,Venezuela,1948,3.0,3,-3.0
101,VEN,Venezuela,1949,3.0,3,-3.0
101,VEN,Venezuela,1950,3.0,3,-3.0
101,VEN,Venezuela,1951,3.0,3,-3.0
101,VEN,Venezuela,1952,3.0,3,-3.0
101,VEN,Venezuela,1953,3.0,3,-3.0
101,VEN,Venezuela,1954,3.0,3,-3.0
101,VEN,Venezuela,1955,3.0,3,-3.0
101,VEN,Venezuela,1956,3.0,3,-3.0
101,VEN,Venezuela,1957,3.0,3,-3.0
101,VEN,Venezuela,1958,8.0,4,6.0
101,VEN,Venezuela,1959,8.0,4,6.0
101,VEN,Venezuela,1960,8.0,4,6.0
101,VEN,Venezuela,1961,8.0,4,6.0
101,VEN,Venezuela,1962,8.0,4,6.0
101,VEN,Venezuela,1963,8.0,4,6.0
101,VEN,Venezuela,1964,8.0,4,6.0
101,VEN,Venezuela,1965,8.0,4,6.0
101,VEN,Venezuela,1966,8.0,4,6.0
101,VEN,Venezuela,1967,8.0,4,6.0
101,VEN,Venezuela,1968,8.0,4,7.0
101,VEN,Venezuela,1969,8.0,5,9.0
101,VEN,Venezuela,1970,8.0,5,9.0
101,VEN,Venezuela,1971,8.0,5,9.0
101,VEN,Venezuela,1972,8.0,5,9.0
101,VEN,Venezuela,1973,8.0,5,9.0
101,VEN,Venezuela,1974,8.0,5,9.0
101,VEN,Venezuela,1975,8.0,5,9.0
101,VEN,Venezuela,1976,8.0,5,9.0
101,VEN,Venezuela,1977,8.0,5,9.0
101,VEN,Venezuela,1978,8.0,5,9.0
101,VEN,Venezuela,1979,8.0,5,9.0
101,VEN,Venezuela,1980,8.0,5,9.0
101,VEN,Venezuela,1981,8.0,5,9.0
101,VEN,Venezuela,1982,8.0,5,9.0
101,VEN,Venezuela,1983,8.0,5,9.0
101,VEN,Venezuela,1984,8.0,5,9.0
101,VEN,Venezuela,1985,8.0,5,9.0
101,VEN,Venezuela,1986,8.0,5,9.0
101,VEN,Venezuela,1987,8.0,5,9.0
101,VEN,Venezuela,1988,8.0,5,9.0
101,VEN,Venezuela,1989,8.0,5,9.0
101,VEN,Venezuela,1990,8.0,5,9.0
101,VEN,Venezuela,1991,8.0,5,9.0
101,VEN,Venezuela,1992,8.0,4,8.0
101,VEN,Venezuela,1993,8.0,4,8.0
101,VEN,Venezuela,1994,8.0,4,8.0
101,VEN,Venezuela,1995,8.0,4,8.0
101,VEN,Venezuela,1996,8.0,4,8.0
101,VEN,Venezuela,1997,8.0,4,8.0
101,VEN,Venezuela,1998,8.0,4,8.0
101,VEN,Venezuela,1999,8.0,4,7.0
101,VEN,Venezuela,2000,8.0,4,7.0
101,VEN,Venezuela,2001,8.0,3,6.0
101,VEN,Venezuela,2002,8.0,3,6.0
101,VEN,Venezuela,2003,8.0,3,6.0
101,VEN,Venezuela,2004,8.0,3,6.0
101,VEN,Venezuela,2005,8.0,3,6.0
101,VEN,Venezuela,2006,8.0,3,5.0
101,VEN,Venezuela,2007,8.0,3,5.0
101,VEN,Venezuela,2008,8.0,3,5.0
101,VEN,Venezuela,2009,3.0,3,-3.0
101,VEN,Venezuela,2010,3.0,3,-3.0
101,VEN,Venezuela,2011,3.0,3,-3.0
101,VEN,Venezuela,2012,3.0,3,-3.0
101,VEN,Venezuela,2013,7.0,3,4.0
101,VEN,Venezuela,2014,7.0,3,4.0
101,VEN,Venezuela,2015,7.0,3,4.0
101,VEN,Venezuela,2016,7.0,3,4.0
101,VEN,Venezuela,2017,3.0,3,-3.0
101,VEN,Venezuela,2018,3.0,3,-3.0
818,VIE,Vietnam,1976,3.0,1,-7.0
818,VIE,Vietnam,1977,3.0,1,-7.0
818,VIE,Vietnam,1978,3.0,1,-7.0
818,VIE,Vietnam,1979,3.0,1,-7.0
818,VIE,Vietnam,1980,3.0,1,-7.0
818,VIE,Vietnam,1981,3.0,1,-7.0
818,VIE,Vietnam,1982,3.0,1,-7.0
818,VIE,Vietnam,1983,3.0,1,-7.0
818,VIE,Vietnam,1984,3.0,1,-7.0
818,VIE,Vietnam,1985,3.0,1,-7.0
818,VIE,Vietnam,1986,3.0,1,-7.0
818,VIE,Vietnam,1987,3.0,1,-7.0
818,VIE,Vietnam,1988,3.0,1,-7.0
818,VIE,Vietnam,1989,3.0,1,-7.0
818,VIE,Vietnam,1990,3.0,1,-7.0
818,VIE,Vietnam,1991,3.0,1,-7.0
818,VIE,Vietnam,1992,3.0,1,-7.0
818,VIE,Vietnam,1993,3.0,1,-7.0
818,VIE,Vietnam,1994,3.0,1,-7.0
818,VIE,Vietnam,1995,3.0,1,-7.0
818,VIE,Vietnam,1996,3.0,1,-7.0
818,VIE,Vietnam,1997,3.0,1,-7.0
818,VIE,Vietnam,1998,3.0,1,-7.0
818,VIE,Vietnam,1999,3.0,1,-7.0
818,VIE,Vietnam,2000,3.0,1,-7.0
818,VIE,Vietnam,2001,3.0,1,-7.0
818,VIE,Vietnam,2002,3.0,1,-7.0
818,VIE,Vietnam,2003,3.0,1,-7.0
818,VIE,Vietnam,2004,3.0,1,-7.0
818,VIE,Vietnam,2005,3.0,1,-7.0
818,VIE,Vietnam,2006,3.0,1,-7.0
818,VIE,Vietnam,2007,3.0,1,-7.0
818,VIE,Vietnam,2008,3.0,1,-7.0
818,VIE,Vietnam,2009,3.0,1,-7.0
818,VIE,Vietnam,2010,3.0,1,-7.0
818,VIE,Vietnam,2011,3.0,1,-7.0
818,VIE,Vietnam,2012,3.0,1,-7.0
818,VIE,Vietnam,2013,3.0,1,-7.0
818,VIE,Vietnam,2014,3.0,1,-7.0
818,VIE,Vietnam,2015,3.0,1,-7.0
818,VIE,Vietnam,2016,3.0,1,-7.0
818,VIE,Vietnam,2017,3.0,1,-7.0
818,VIE,Vietnam,2018,3.0,1,-7.0
271,WRT,Wuerttemburg,1800,1.0,2,-7.0
271,WRT,Wuerttemburg,1801,1.0,2,-7.0
271,WRT,Wuerttemburg,1802,1.0,2,-7.0
271,WRT,Wuerttemburg,1803,1.0,2,-7.0
271,WRT,Wuerttemburg,1804,1.0,2,-7.0
271,WRT,Wuerttemburg,1805,1.0,2,-7.0
271,WRT,Wuerttemburg,1806,1.0,2,-7.0
271,WRT,Wuerttemburg,1807,1.0,2,-7.0
271,WRT,Wuerttemburg,1808,1.0,2,-7.0
271,WRT,Wuerttemburg,1809,1.0,2,-7.0
271,WRT,Wuerttemburg,1810,1.0,2,-7.0
271,WRT,Wuerttemburg,1811,1.0,2,-7.0
271,WRT,Wuerttemburg,1812,1.0,2,-7.0
271,WRT,Wuerttemburg,1813,1.0,2,-7.0
271,WRT,Wuerttemburg,1814,1.0,2,-7.0
271,WRT,Wuerttemburg,1815,1.0,2,-7.0
271,WRT,Wuerttemburg,1816,1.0,2,-7.0
271,WRT,Wuerttemburg,1817,1.0,2,-7.0
271,WRT,Wuerttemburg,1818,1.0,2,-7.0
271,WRT,Wuerttemburg,1819,1.0,2,-4.0
271,WRT,Wuerttemburg,1820,1.0,2,-4.0
271,WRT,Wuerttemburg,1821,1.0,2,-4.0
271,WRT,Wuerttemburg,1822,1.0,2,-4.0
271,WRT,Wuerttemburg,1823,1.0,2,-4.0
271,WRT,Wuerttemburg,1824,1.0,2,-4.0
271,WRT,Wuerttemburg,1825,1.0,2,-4.0
271,WRT,Wuerttemburg,1826,1.0,2,-4.0
271,WRT,Wuerttemburg,1827,1.0,2,-4.0
271,WRT,Wuerttemburg,1828,1.0,2,-4.0
271,WRT,Wuerttemburg,1829,1.0,2,-4.0
271,WRT,Wuerttemburg,1830,1.0,2,-4.0
271,WRT,Wuerttemburg,1831,1.0,2,-4.0
271,WRT,Wuerttemburg,1832,1.0,2,-4.0
271,WRT,Wuerttemburg,1833,1.0,2,-4.0
271,WRT,Wuerttemburg,1834,1.0,2,-4.0
271,WRT,Wuerttemburg,1835,1.0,2,-4.0
271,WRT,Wuerttemburg,1836,1.0,2,-4.0
271,WRT,Wuerttemburg,1837,1.0,2,-4.0
271,WRT,Wuerttemburg,1838,1.0,2,-4.0
271,WRT,Wuerttemburg,1839,1.0,2,-4.0
271,WRT,Wuerttemburg,1840,1.0,2,-4.0
271,WRT,Wuerttemburg,1841,1.0,2,-4.0
271,WRT,Wuerttemburg,1842,1.0,2,-4.0
271,WRT,Wuerttemburg,1843,1.0,2,-4.0
271,WRT,Wuerttemburg,1844,1.0,2,-4.0
271,WRT,Wuerttemburg,1845,1.0,2,-4.0
271,WRT,Wuerttemburg,1846,1.0,2,-4.0
271,WRT,Wuerttemburg,1847,1.0,2,-4.0
271,WRT,Wuerttemburg,1848,1.0,2,-4.0
271,WRT,Wuerttemburg,1849,1.0,2,-4.0
271,WRT,Wuerttemburg,1850,1.0,2,-4.0
271,WRT,Wuerttemburg,1851,1.0,2,-4.0
271,WRT,Wuerttemburg,1852,1.0,2,-4.0
271,WRT,Wuerttemburg,1853,1.0,2,-4.0
271,WRT,Wuerttemburg,1854,1.0,2,-4.0
271,WRT,Wuerttemburg,1855,1.0,2,-4.0
271,WRT,Wuerttemburg,1856,1.0,2,-4.0
271,WRT,Wuerttemburg,1857,1.0,2,-4.0
271,WRT,Wuerttemburg,1858,1.0,2,-4.0
271,WRT,Wuerttemburg,1859,1.0,2,-4.0
271,WRT,Wuerttemburg,1860,1.0,2,-4.0
271,WRT,Wuerttemburg,1861,1.0,2,-4.0
271,WRT,Wuerttemburg,1862,1.0,2,-4.0
271,WRT,Wuerttemburg,1863,1.0,2,-4.0
271,WRT,Wuerttemburg,1864,1.0,2,-4.0
271,WRT,Wuerttemburg,1865,1.0,2,-4.0
271,WRT,Wuerttemburg,1866,1.0,2,-4.0
271,WRT,Wuerttemburg,1867,1.0,2,-4.0
271,WRT,Wuerttemburg,1868,1.0,2,-4.0
271,WRT,Wuerttemburg,1869,1.0,2,-4.0
271,WRT,Wuerttemburg,1870,1.0,2,-4.0
271,WRT,Wuerttemburg,1871,1.0,2,-4.0
678,YAR,Yemen North,1918,1.0,1,-10.0
678,YAR,Yemen North,1919,1.0,1,-10.0
678,YAR,Yemen North,1920,1.0,1,-10.0
678,YAR,Yemen North,1921,1.0,1,-10.0
678,YAR,Yemen North,1922,1.0,1,-10.0
678,YAR,Yemen North,1923,1.0,1,-10.0
678,YAR,Yemen North,1924,1.0,1,-10.0
678,YAR,Yemen North,1925,1.0,1,-10.0
678,YAR,Yemen North,1926,1.0,1,-10.0
678,YAR,Yemen North,1927,1.0,1,-10.0
678,YAR,Yemen North,1928,1.0,1,-10.0
678,YAR,Yemen North,1929,1.0,1,-10.0
678,YAR,Yemen North,1930,1.0,1,-10.0
678,YAR,Yemen North,1931,1.0,1,-10.0
678,YAR,Yemen North,1932,1.0,1,-10.0
678,YAR,Yemen North,1933,1.0,1,-10.0
678,YAR,Yemen North,1934,1.0,1,-10.0
678,YAR,Yemen North,1935,1.0,1,-10.0
678,YAR,Yemen North,1936,1.0,1,-10.0
678,YAR,Yemen North,1937,1.0,1,-10.0
678,YAR,Yemen North,1938,1.0,1,-10.0
678,YAR,Yemen North,1939,1.0,1,-10.0
678,YAR,Yemen North,1940,1.0,1,-10.0
678,YAR,Yemen North,1941,1.0,1,-10.0
678,YAR,Yemen North,1942,1.0,1,-10.0
678,YAR,Yemen North,1943,1.0,1,-10.0
678,YAR,Yemen North,1944,1.0,1,-10.0
678,YAR,Yemen North,1945,1.0,1,-10.0
678,YAR,Yemen North,1946,-88.0,-88,-9.0
678,YAR,Yemen North,1947,-88.0,-88,-7.0
678,YAR,Yemen North,1948,1.0,3,-6.0
678,YAR,Yemen North,1949,1.0,3,-6.0
678,YAR,Yemen North,1950,1.0,3,-6.0
678,YAR,Yemen North,1951,1.0,3,-6.0
678,YAR,Yemen North,1952,1.0,3,-6.0
678,YAR,Yemen North,1953,1.0,3,-6.0
678,YAR,Yemen North,1954,1.0,3,-6.0
678,YAR,Yemen North,1955,1.0,3,-6.0
678,YAR,Yemen North,1956,1.0,3,-6.0
678,YAR,Yemen North,1957,1.0,3,-6.0
678,YAR,Yemen North,1958,1.0,3,-6.0
678,YAR,Yemen North,1959,1.0,3,-6.0
678,YAR,Yemen North,1960,1.0,3,-6.0
678,YAR,Yemen North,1961,1.0,3,-6.0
678,YAR,Yemen North,1962,4.0,2,0.0
678,YAR,Yemen North,1963,4.0,2,0.0
678,YAR,Yemen North,1964,4.0,2,0.0
678,YAR,Yemen North,1965,4.0,2,0.0
678,YAR,Yemen North,1966,4.0,2,-3.0
678,YAR,Yemen North,1967,4.0,2,-3.0
678,YAR,Yemen North,1968,4.0,2,-3.0
678,YAR,Yemen North,1969,4.0,2,-3.0
678,YAR,Yemen North,1970,4.0,2,-3.0
678,YAR,Yemen North,1971,4.0,2,-3.0
678,YAR,Yemen North,1972,4.0,2,-3.0
678,YAR,Yemen North,1973,4.0,2,-3.0
678,YAR,Yemen North,1974,5.0,2,-4.0
678,YAR,Yemen North,1975,5.0,2,-4.0
678,YAR,Yemen North,1976,5.0,2,-4.0
678,YAR,Yemen North,1977,3.0,2,-6.0
678,YAR,Yemen North,1978,3.0,2,-6.0
678,YAR,Yemen North,1979,3.0,2,-6.0
678,YAR,Yemen North,1980,3.0,2,-6.0
678,YAR,Yemen North,1981,3.0,2,-6.0
678,YAR,Yemen North,1982,3.0,2,-6.0
678,YAR,Yemen North,1983,3.0,2,-6.0
678,YAR,Yemen North,1984,3.0,2,-6.0
678,YAR,Yemen North,1985,3.0,2,-6.0
678,YAR,Yemen North,1986,3.0,2,-6.0
678,YAR,Yemen North,1987,3.0,2,-6.0
678,YAR,Yemen North,1988,3.0,2,-5.0
678,YAR,Yemen North,1989,3.0,2,-5.0
678,YAR,Yemen North,1990,3.0,2,-5.0
679,YEM,Yemen,1990,-88.0,-88,0.0
679,YEM,Yemen,1991,-88.0,-88,0.0
679,YEM,Yemen,1992,-88.0,-88,0.0
679,YEM,Yemen,1993,5.0,3,-2.0
679,YEM,Yemen,1994,5.0,3,-2.0
679,YEM,Yemen,1995,5.0,3,-2.0
679,YEM,Yemen,1996,5.0,3,-2.0
679,YEM,Yemen,1997,5.0,3,-2.0
679,YEM,Yemen,1998,5.0,3,-2.0
679,YEM,Yemen,1999,5.0,3,-2.0
679,YEM,Yemen,2000,5.0,3,-2.0
679,YEM,Yemen,2001,5.0,3,-2.0
679,YEM,Yemen,2002,5.0,3,-2.0
679,YEM,Yemen,2003,5.0,3,-2.0
679,YEM,Yemen,2004,5.0,3,-2.0
679,YEM,Yemen,2005,4.0,3,-2.0
679,YEM,Yemen,2006,4.0,3,-2.0
679,YEM,Yemen,2007,4.0,3,-2.0
679,YEM,Yemen,2008,4.0,3,-2.0
679,YEM,Yemen,2009,4.0,3,-2.0
679,YEM,Yemen,2010,4.0,3,-2.0
679,YEM,Yemen,2011,4.0,3,-2.0
679,YEM,Yemen,2012,5.0,3,3.0
679,YEM,Yemen,2013,5.0,3,3.0
679,YEM,Yemen,2014,-77.0,-77,0.0
679,YEM,Yemen,2015,-77.0,-77,0.0
679,YEM,Yemen,2016,-77.0,-77,0.0
679,YEM,Yemen,2017,-77.0,-77,0.0
679,YEM,Yemen,2018,-77.0,-77,0.0
347,YGS,Yugoslavia,1991,3.0,2,-5.0
347,YGS,Yugoslavia,1992,3.0,2,-5.0
347,YGS,Yugoslavia,1993,3.0,2,-7.0
347,YGS,Yugoslavia,1994,3.0,2,-7.0
347,YGS,Yugoslavia,1995,3.0,2,-7.0
347,YGS,Yugoslavia,1996,3.0,2,-7.0
347,YGS,Yugoslavia,1997,3.0,2,-6.0
347,YGS,Yugoslavia,1998,3.0,2,-6.0
347,YGS,Yugoslavia,1999,3.0,2,-6.0
347,YGS,Yugoslavia,2000,7.0,4,7.0
347,YGS,Yugoslavia,2001,7.0,4,7.0
347,YGS,Yugoslavia,2002,7.0,4,7.0
347,YGS,Serbia and Montenegro,2003,7.0,3,6.0
347,YGS,Serbia and Montenegro,2004,7.0,3,6.0
347,YGS,Serbia and Montenegro,2005,7.0,3,6.0
347,YGS,Serbia and Montenegro,2006,7.0,3,6.0
680,YPR,Yemen South,1967,3.0,2,-5.0
680,YPR,Yemen South,1968,3.0,2,-5.0
680,YPR,Yemen South,1969,3.0,2,-5.0
680,YPR,Yemen South,1970,3.0,2,-6.0
680,YPR,Yemen South,1971,3.0,2,-6.0
680,YPR,Yemen South,1972,3.0,2,-6.0
680,YPR,Yemen South,1973,3.0,2,-6.0
680,YPR,Yemen South,1974,3.0,1,-7.0
680,YPR,Yemen South,1975,3.0,1,-7.0
680,YPR,Yemen South,1976,3.0,1,-7.0
680,YPR,Yemen South,1977,3.0,1,-7.0
680,YPR,Yemen South,1978,3.0,1,-8.0
680,YPR,Yemen South,1979,3.0,1,-8.0
680,YPR,Yemen South,1980,3.0,1,-8.0
680,YPR,Yemen South,1981,3.0,1,-8.0
680,YPR,Yemen South,1982,3.0,1,-8.0
680,YPR,Yemen South,1983,3.0,1,-8.0
680,YPR,Yemen South,1984,3.0,1,-8.0
680,YPR,Yemen South,1985,3.0,1,-8.0
680,YPR,Yemen South,1986,3.0,1,-7.0
680,YPR,Yemen South,1987,3.0,1,-7.0
680,YPR,Yemen South,1988,3.0,1,-7.0
680,YPR,Yemen South,1989,3.0,1,-7.0
680,YPR,Yemen South,1990,3.0,1,-7.0
345,YUG,Yugoslavia,1921,2.0,3,0.0
345,YUG,Yugoslavia,1922,2.0,3,0.0
345,YUG,Yugoslavia,1923,2.0,3,0.0
345,YUG,Yugoslavia,1924,2.0,3,0.0
345,YUG,Yugoslavia,1925,2.0,3,0.0
345,YUG,Yugoslavia,1926,2.0,3,0.0
345,YUG,Yugoslavia,1927,2.0,3,0.0
345,YUG,Yugoslavia,1928,2.0,3,0.0
345,YUG,Yugoslavia,1929,1.0,1,-10.0
345,YUG,Yugoslavia,1930,1.0,1,-10.0
345,YUG,Yugoslavia,1931,1.0,1,-10.0
345,YUG,Yugoslavia,1932,1.0,1,-10.0
345,YUG,Yugoslavia,1933,1.0,1,-10.0
345,YUG,Yugoslavia,1934,2.0,1,-10.0
345,YUG,Yugoslavia,1935,2.0,2,-9.0
345,YUG,Yugoslavia,1936,2.0,2,-9.0
345,YUG,Yugoslavia,1937,-88.0,-88,-5.0
345,YUG,Yugoslavia,1938,-88.0,-88,-2.0
345,YUG,Yugoslavia,1939,2.0,5,2.0
345,YUG,Yugoslavia,1940,2.0,5,2.0
345,YUG,Yugoslavia,1941,-77.0,-77,0.0
345,YUG,Yugoslavia,1942,-77.0,-77,0.0
345,YUG,Yugoslavia,1943,-77.0,-77,0.0
345,YUG,Yugoslavia,1944,-88.0,-88,-4.0
345,YUG,Yugoslavia,1945,3.0,1,-7.0
345,YUG,Yugoslavia,1946,3.0,1,-7.0
345,YUG,Yugoslavia,1947,3.0,1,-7.0
345,YUG,Yugoslavia,1948,3.0,1,-7.0
345,YUG,Yugoslavia,1949,3.0,1,-7.0
345,YUG,Yugoslavia,1950,3.0,1,-7.0
345,YUG,Yugoslavia,1951,-88.0,-88,-7.0
345,YUG,Yugoslavia,1952,-88.0,-88,-7.0
345,YUG,Yugoslavia,1953,3.0,1,-7.0
345,YUG,Yugoslavia,1954,3.0,1,-7.0
345,YUG,Yugoslavia,1955,3.0,1,-7.0
345,YUG,Yugoslavia,1956,3.0,1,-7.0
345,YUG,Yugoslavia,1957,3.0,1,-7.0
345,YUG,Yugoslavia,1958,3.0,1,-7.0
345,YUG,Yugoslavia,1959,3.0,1,-7.0
345,YUG,Yugoslavia,1960,3.0,1,-7.0
345,YUG,Yugoslavia,1961,3.0,1,-7.0
345,YUG,Yugoslavia,1962,3.0,1,-7.0
345,YUG,Yugoslavia,1963,3.0,1,-7.0
345,YUG,Yugoslavia,1964,3.0,1,-7.0
345,YUG,Yugoslavia,1965,3.0,1,-7.0
345,YUG,Yugoslavia,1966,3.0,1,-7.0
345,YUG,Yugoslavia,1967,3.0,1,-7.0
345,YUG,Yugoslavia,1968,3.0,1,-7.0
345,YUG,Yugoslavia,1969,3.0,1,-7.0
345,YUG,Yugoslavia,1970,3.0,1,-7.0
345,YUG,Yugoslavia,1971,3.0,1,-7.0
345,YUG,Yugoslavia,1972,3.0,1,-7.0
345,YUG,Yugoslavia,1973,3.0,1,-7.0
345,YUG,Yugoslavia,1974,3.0,1,-7.0
345,YUG,Yugoslavia,1975,3.0,1,-7.0
345,YUG,Yugoslavia,1976,3.0,1,-7.0
345,YUG,Yugoslavia,1977,3.0,1,-7.0
345,YUG,Yugoslavia,1978,3.0,1,-7.0
345,YUG,Yugoslavia,1979,3.0,1,-7.0
345,YUG,Yugoslavia,1980,3.0,1,-5.0
345,YUG,Yugoslavia,1981,3.0,1,-5.0
345,YUG,Yugoslavia,1982,3.0,1,-5.0
345,YUG,Yugoslavia,1983,3.0,1,-5.0
345,YUG,Yugoslavia,1984,3.0,1,-5.0
345,YUG,Yugoslavia,1985,3.0,1,-5.0
345,YUG,Yugoslavia,1986,3.0,1,-5.0
345,YUG,Yugoslavia,1987,3.0,1,-5.0
345,YUG,Yugoslavia,1988,3.0,1,-5.0
345,YUG,Yugoslavia,1989,3.0,1,-5.0
345,YUG,Yugoslavia,1990,3.0,2,-5.0
345,YUG,Yugoslavia,1991,3.0,2,-5.0
490,ZAI,Congo Kinshasa,1960,-77.0,-77,0.0
490,ZAI,Congo Kinshasa,1961,-77.0,-77,0.0
490,ZAI,Congo Kinshasa,1962,-77.0,-77,0.0
490,ZAI,Congo Kinshasa,1963,-88.0,-88,-3.0
490,ZAI,Congo Kinshasa,1964,-88.0,-88,-6.0
490,ZAI,Congo Kinshasa,1965,3.0,1,-9.0
490,ZAI,Congo Kinshasa,1966,3.0,1,-9.0
490,ZAI,Congo Kinshasa,1967,3.0,1,-9.0
490,ZAI,Congo Kinshasa,1968,3.0,1,-9.0
490,ZAI,Congo Kinshasa,1969,3.0,1,-9.0
490,ZAI,Congo Kinshasa,1970,3.0,1,-9.0
490,ZAI,Congo Kinshasa,1971,3.0,1,-9.0
490,ZAI,Congo Kinshasa,1972,3.0,1,-9.0
490,ZAI,Congo Kinshasa,1973,3.0,1,-9.0
490,ZAI,Congo Kinshasa,1974,3.0,1,-9.0
490,ZAI,Congo Kinshasa,1975,3.0,1,-9.0
490,ZAI,Congo Kinshasa,1976,3.0,1,-9.0
490,ZAI,Congo Kinshasa,1977,3.0,1,-9.0
490,ZAI,Congo Kinshasa,1978,3.0,1,-9.0
490,ZAI,Congo Kinshasa,1979,3.0,1,-9.0
490,ZAI,Congo Kinshasa,1980,3.0,1,-9.0
490,ZAI,Congo Kinshasa,1981,3.0,1,-9.0
490,ZAI,Congo Kinshasa,1982,3.0,1,-9.0
490,ZAI,Congo Kinshasa,1983,3.0,1,-9.0
490,ZAI,Congo Kinshasa,1984,3.0,1,-9.0
490,ZAI,Congo Kinshasa,1985,3.0,1,-9.0
490,ZAI,Congo Kinshasa,1986,3.0,1,-9.0
490,ZAI,Congo Kinshasa,1987,3.0,1,-9.0
490,ZAI,Congo Kinshasa,1988,3.0,1,-9.0
490,ZAI,Congo Kinshasa,1989,3.0,1,-9.0
490,ZAI,Congo Kinshasa,1990,3.0,2,-8.0
490,ZAI,Congo Kinshasa,1991,3.0,2,-8.0
490,ZAI,Congo Kinshasa,1992,-77.0,-77,0.0
490,ZAI,Congo Kinshasa,1993,-77.0,-77,0.0
490,ZAI,Congo Kinshasa,1994,-77.0,-77,0.0
490,ZAI,Congo Kinshasa,1995,-77.0,-77,0.0
490,ZAI,Congo Kinshasa,1996,-77.0,-77,0.0
490,ZAI,Congo Kinshasa,1997,-77.0,-77,0.0
490,ZAI,Congo Kinshasa,1998,-77.0,-77,0.0
490,ZAI,Congo Kinshasa,1999,-77.0,-77,0.0
490,ZAI,Congo Kinshasa,2000,-77.0,-77,0.0
490,ZAI,Congo Kinshasa,2001,-77.0,-77,0.0
490,ZAI,Congo Kinshasa,2002,-77.0,-77,0.0
490,ZAI,Congo Kinshasa,2003,-88.0,-88,1.0
490,ZAI,Congo Kinshasa,2004,-88.0,-88,3.0
490,ZAI,Congo Kinshasa,2005,-88.0,-88,4.0
490,ZAI,Congo Kinshasa,2006,7.0,4,5.0
490,ZAI,Congo Kinshasa,2007,7.0,4,5.0
490,ZAI,Congo Kinshasa,2008,7.0,4,5.0
490,ZAI,Congo Kinshasa,2009,7.0,4,5.0
490,ZAI,Congo Kinshasa,2010,7.0,4,5.0
490,ZAI,Congo Kinshasa,2011,7.0,4,5.0
490,ZAI,Congo Kinshasa,2012,7.0,4,5.0
490,ZAI,Congo Kinshasa,2013,7.0,4,5.0
490,ZAI,Congo Kinshasa,2014,7.0,4,5.0
490,ZAI,Congo Kinshasa,2015,7.0,4,5.0
490,ZAI,Congo Kinshasa,2016,3.0,3,-3.0
490,ZAI,Congo Kinshasa,2017,3.0,3,-3.0
490,ZAI,Congo Kinshasa,2018,3.0,3,-3.0
551,ZAM,Zambia,1964,8.0,3,2.0
551,ZAM,Zambia,1965,8.0,3,2.0
551,ZAM,Zambia,1966,8.0,3,2.0
551,ZAM,Zambia,1967,8.0,3,2.0
551,ZAM,Zambia,1968,7.0,3,0.0
551,ZAM,Zambia,1969,7.0,3,0.0
551,ZAM,Zambia,1970,7.0,3,0.0
551,ZAM,Zambia,1971,7.0,3,0.0
551,ZAM,Zambia,1972,3.0,1,-9.0
551,ZAM,Zambia,1973,3.0,1,-9.0
551,ZAM,Zambia,1974,3.0,1,-9.0
551,ZAM,Zambia,1975,3.0,1,-9.0
551,ZAM,Zambia,1976,3.0,1,-9.0
551,ZAM,Zambia,1977,3.0,1,-9.0
551,ZAM,Zambia,1978,3.0,1,-9.0
551,ZAM,Zambia,1979,3.0,1,-9.0
551,ZAM,Zambia,1980,3.0,1,-9.0
551,ZAM,Zambia,1981,3.0,1,-9.0
551,ZAM,Zambia,1982,3.0,1,-9.0
551,ZAM,Zambia,1983,3.0,1,-9.0
551,ZAM,Zambia,1984,3.0,1,-9.0
551,ZAM,Zambia,1985,3.0,1,-9.0
551,ZAM,Zambia,1986,3.0,1,-9.0
551,ZAM,Zambia,1987,3.0,1,-9.0
551,ZAM,Zambia,1988,3.0,1,-9.0
551,ZAM,Zambia,1989,3.0,1,-9.0
551,ZAM,Zambia,1990,3.0,1,-9.0
551,ZAM,Zambia,1991,8.0,3,6.0
551,ZAM,Zambia,1992,8.0,3,6.0
551,ZAM,Zambia,1993,8.0,3,6.0
551,ZAM,Zambia,1994,8.0,3,6.0
551,ZAM,Zambia,1995,8.0,3,6.0
551,ZAM,Zambia,1996,3.0,3,1.0
551,ZAM,Zambia,1997,3.0,3,1.0
551,ZAM,Zambia,1998,3.0,3,1.0
551,ZAM,Zambia,1999,3.0,3,1.0
551,ZAM,Zambia,2000,3.0,3,1.0
551,ZAM,Zambia,2001,7.0,3,5.0
551,ZAM,Zambia,2002,7.0,3,5.0
551,ZAM,Zambia,2003,7.0,3,5.0
551,ZAM,Zambia,2004,7.0,3,5.0
551,ZAM,Zambia,2005,7.0,3,5.0
551,ZAM,Zambia,2006,7.0,3,5.0
551,ZAM,Zambia,2007,7.0,3,5.0
551,ZAM,Zambia,2008,8.0,4,7.0
551,ZAM,Zambia,2009,8.0,4,7.0
551,ZAM,Zambia,2010,8.0,4,7.0
551,ZAM,Zambia,2011,8.0,4,7.0
551,ZAM,Zambia,2012,8.0,4,7.0
551,ZAM,Zambia,2013,8.0,4,7.0
551,ZAM,Zambia,2014,8.0,4,7.0
551,ZAM,Zambia,2015,8.0,4,7.0
551,ZAM,Zambia,2016,8.0,3,6.0
551,ZAM,Zambia,2017,8.0,3,6.0
551,ZAM,Zambia,2018,8.0,3,6.0
552,ZIM,Zimbabwe,1980,7.0,3,4.0
552,ZIM,Zimbabwe,1981,7.0,3,4.0
552,ZIM,Zimbabwe,1982,7.0,3,4.0
552,ZIM,Zimbabwe,1983,7.0,2,1.0
552,ZIM,Zimbabwe,1984,7.0,2,1.0
552,ZIM,Zimbabwe,1985,7.0,2,1.0
552,ZIM,Zimbabwe,1986,7.0,2,1.0
552,ZIM,Zimbabwe,1987,3.0,2,-6.0
552,ZIM,Zimbabwe,1988,3.0,2,-6.0
552,ZIM,Zimbabwe,1989,3.0,2,-6.0
552,ZIM,Zimbabwe,1990,3.0,2,-6.0
552,ZIM,Zimbabwe,1991,3.0,2,-6.0
552,ZIM,Zimbabwe,1992,3.0,2,-6.0
552,ZIM,Zimbabwe,1993,3.0,2,-6.0
552,ZIM,Zimbabwe,1994,3.0,2,-6.0
552,ZIM,Zimbabwe,1995,3.0,2,-6.0
552,ZIM,Zimbabwe,1996,3.0,2,-6.0
552,ZIM,Zimbabwe,1997,3.0,2,-6.0
552,ZIM,Zimbabwe,1998,3.0,2,-6.0
552,ZIM,Zimbabwe,1999,3.0,3,-3.0
552,ZIM,Zimbabwe,2000,3.0,3,-3.0
552,ZIM,Zimbabwe,2001,3.0,3,-4.0
552,ZIM,Zimbabwe,2002,3.0,3,-4.0
552,ZIM,Zimbabwe,2003,3.0,3,-4.0
552,ZIM,Zimbabwe,2004,3.0,3,-4.0
552,ZIM,Zimbabwe,2005,3.0,3,-4.0
552,ZIM,Zimbabwe,2006,3.0,3,-4.0
552,ZIM,Zimbabwe,2007,3.0,3,-4.0
552,ZIM,Zimbabwe,2008,3.0,3,-4.0
552,ZIM,Zimbabwe,2009,7.0,3,1.0
552,ZIM,Zimbabwe,2010,7.0,3,1.0
552,ZIM,Zimbabwe,2011,7.0,3,1.0
552,ZIM,Zimbabwe,2012,7.0,3,1.0
552,ZIM,Zimbabwe,2013,7.0,3,4.0
552,ZIM,Zimbabwe,2014,7.0,3,4.0
552,ZIM,Zimbabwe,2015,7.0,3,4.0
552,ZIM,Zimbabwe,2016,7.0,3,4.0
552,ZIM,Zimbabwe,2017,7.0,3,4.0
552,ZIM,Zimbabwe,2018,7.0,3,4.0
