country,year,beta_gaussian,beta_robust_t
Mexico,1971,-0.08431082136647446,-0.15893494385854862
Mexico,1972,-0.0859835959573644,-0.15743948996477614
Mexico,1973,-0.06791280974977215,-0.13716622842009196
Mexico,1974,-0.03626697300183074,-0.10549812308375009
Mexico,1975,-0.0001409630259001926,-0.06943218729636963
Mexico,1976,0.037488555862720874,-0.03336135817329122
Mexico,1977,0.10767228798777462,0.029951613225003615
Mexico,1978,0.16381322768269027,0.09006507822258855
Mexico,1979,0.18730640457090153,0.12887847309127862
Mexico,1980,0.1907770530754564,0.1428378822631723
Mexico,1981,0.2350484800334303,0.19068257371079456
Mexico,1982,0.294013404999308,0.2532671614136072
Mexico,1983,0.3604463816282206,0.3194014427824282
Mexico,1984,0.4157731640276462,0.3727410402116766
Mexico,1985,0.4868283530050971,0.44120114239629454
Mexico,1986,0.4992409870333009,0.45109517652009623
Mexico,1987,0.5789714314231276,0.5235853289128645
Mexico,1988,0.6128181621334081,0.5483978524633984
Mexico,1989,0.5144285763459914,0.4792630955401176
Mexico,1990,0.200256739963565,0.24682902147834307
Mexico,1991,0.4031062093361189,0.35412054032870066
Mexico,1992,0.6471990189156589,0.4457417641228227
Mexico,1993,1.1159448550873754,0.625445036076162
Mexico,1994,1.6402006102535007,0.7583383622494032
Mexico,1995,1.8839108700668876,0.8454924938444233
Mexico,1996,2.1485074639931065,0.9254303909783208
Mexico,1997,2.4082174680496973,0.9794911541808623
Mexico,1998,2.591937352115746,1.026768624973081
Mexico,1999,2.8224419708533386,1.07597376735268
Mexico,2000,3.093080186939294,1.1214777002217746
Mexico,2001,2.851341309299155,1.1115371041759226
Mexico,2002,2.609705379921881,1.0890260030714405
Mexico,2003,2.423544971506539,1.0610049519801823
Mexico,2004,2.280379524922722,1.0371681523461733
Mexico,2005,2.1777561067499045,1.0297566559929296
Mexico,2006,2.1049135814658904,1.0357548495672921
Mexico,2007,2.0410910907454296,1.0488583816900032
Mexico,2008,1.9753649696124371,1.0590478151579117
Mexico,2009,1.928412055464324,1.0805003687538948
Mexico,2010,1.8763399907401557,1.0944829837467345
Mexico,2011,1.8526452679612315,1.1167104181564842
Mexico,2012,1.8700698300492393,1.1538211880227984
Mexico,2013,1.8871690118944393,1.1906065980940814
Mexico,2014,1.7386643823022865,1.144763902837003
Mexico,2015,1.6169270691950242,1.1176813877884433
Mexico,2016,1.4894535254312515,1.0836618525425172
Mexico,2017,1.3829822342353113,1.0576229682451523
Mexico,2018,1.278425167657614,1.033380852214077
Mexico,2019,1.181366644026546,1.01614113566499
Mexico,2020,1.181366644026546,1.01614113566499
Mexico,2021,1.181366644026546,1.01614113566499
Mexico,2022,1.181366644026546,1.01614113566499
Mexico,2023,1.181366644026546,1.01614113566499
Mexico,2024,1.181366644026546,1.01614113566499
Mexico,2025,1.181366644026546,1.01614113566499
Sweden,1971,0.017067114742433165,-0.12229355050244972
Sweden,1972,0.017616791573868196,-0.11886193215701102
Sweden,1973,0.018570929104234524,-0.11252544030822709
Sweden,1974,0.01982636333314103,-0.10413751893424883
Sweden,1975,0.020851790006549686,-0.0967426908725485
Sweden,1976,0.021939675259458724,-0.08901309643582289
Sweden,1977,0.02311020240743933,-0.08067401469192803
Sweden,1978,0.02427315929141649,-0.0724006983463017
Sweden,1979,0.02541610634213265,-0.06433824726390464
Sweden,1980,0.02662073537019899,-0.05624609852335388
Sweden,1981,0.02827857688052937,-0.04577929143824422
Sweden,1982,0.029915747145253968,-0.03552347390533167
Sweden,1983,0.031562968818169224,-0.02519095981088504
Sweden,1984,0.03335977258717249,-0.013727657126721637
Sweden,1985,0.03498828871207735,-0.0035805800844440905
Sweden,1986,0.03627003424681474,0.004013348100717906
Sweden,1987,0.037820052265419096,0.01341859904574691
Sweden,1988,0.03944424812816846,0.02328033777371541
Sweden,1989,0.040915732511175,0.03184419373813879
Sweden,1990,0.042746748065975615,0.043293123294022164
Sweden,1991,0.04430592179736777,0.05294742735661072
Sweden,1992,0.044659997159070805,0.054360298522249446
Sweden,1993,0.04430823941878043,0.05059927309928548
Sweden,1994,0.04403352842680189,0.047577367678065134
Sweden,1995,0.044180041826896006,0.047451666038759964
Sweden,1996,0.04421425964877295,0.046426782045699194
Sweden,1997,0.044383722725123385,0.046455480072506175
Sweden,1998,0.04455505802164905,0.0465003990449009
Sweden,1999,0.04461887094715327,0.04567727426788243
Sweden,2000,0.04470704326221921,0.0450598877912233
Sweden,2001,0.044881262567860736,0.04516321085516453
Sweden,2002,0.04501456478518933,0.04493028941990692
Sweden,2003,0.04499057786355656,0.04344371348145594
Sweden,2004,0.044952155345843264,0.04183291216152277
Sweden,2005,0.04500654361549676,0.04096654355969605
Sweden,2006,0.04567142150052223,0.0417799365611332
Sweden,2007,0.04623578017289734,0.04218335968055481
Sweden,2008,0.04677244827243718,0.04237187990454197
Sweden,2009,0.047269780877387285,0.04223285004435955
Sweden,2010,0.047750584298634664,0.04195539789631998
Sweden,2011,0.04741383309604684,0.039565105022121023
Sweden,2012,0.04715344747473969,0.03778361255861431
Sweden,2013,0.04689081767561132,0.03598468745977767
Sweden,2014,0.0467125143700245,0.03482152692241702
Sweden,2015,0.046553625155156125,0.033812170809516776
Sweden,2016,0.046431039554627185,0.033090131002859305
Sweden,2017,0.046330850876967755,0.03252383908745211
Sweden,2018,0.04622744184597038,0.03193087200372979
Sweden,2019,0.04607859876384555,0.03098772904109182
Sweden,2020,0.04607859876384555,0.03098772904109182
Sweden,2021,0.04607859876384555,0.03098772904109182
Sweden,2022,0.04607859876384555,0.03098772904109182
Sweden,2023,0.04607859876384555,0.03098772904109182
Sweden,2024,0.04607859876384555,0.03098772904109182
Sweden,2025,0.04607859876384555,0.03098772904109182
Switzerland,1971,0.11915770809788356,0.19517193148252174
Switzerland,1972,0.118991807867255,0.195062396391325
Switzerland,1973,0.11885029801063941,0.19500978625928816
Switzerland,1974,0.11879707227252151,0.19512632264218469
Switzerland,1975,0.11865940208483744,0.1951334239434196
Switzerland,1976,0.11846362888460588,0.19504713063953633
Switzerland,1977,0.11825763068092715,0.19494635628081053
Switzerland,1978,0.11809016410822679,0.19488514200493612
Switzerland,1979,0.11788922036043709,0.1947682180483732
Switzerland,1980,0.11739108601179382,0.19424521307065334
Switzerland,1981,0.11646864273119317,0.19305131341307713
Switzerland,1982,0.1155844491900494,0.19192338133618048
Switzerland,1983,0.11469861182896202,0.19079250593686492
Switzerland,1984,0.11380311267376314,0.18965566929362182
Switzerland,1985,0.11325064225921949,0.18881805257271575
Switzerland,1986,0.1128509528189845,0.18826367192925786
Switzerland,1987,0.11224702843583409,0.18741402006415786
Switzerland,1988,0.11163964419183875,0.1865953622204295
Switzerland,1989,0.11101246653080366,0.1857844710646289
Switzerland,1990,0.11019579291219998,0.18469784293216035
Switzerland,1991,0.10997083734995272,0.18559348573177872
Switzerland,1992,0.10863734130315136,0.18524837663610466
Switzerland,1993,0.10919399220700585,0.18617199733353304
Switzerland,1994,0.10939993322790638,0.18662485438702323
Switzerland,1995,0.10953158348578389,0.18697299931179953
Switzerland,1996,0.1095148357523862,0.18711916223712002
Switzerland,1997,0.10950191655826957,0.1872808104328688
Switzerland,1998,0.10947574579099066,0.18742000597684605
Switzerland,1999,0.10959313639890737,0.18777469000541805
Switzerland,2000,0.10961194186464332,0.1879790380321644
Switzerland,2001,0.11026339816691966,0.18872308493827902
Switzerland,2002,0.11083206662023307,0.18935776465846454
Switzerland,2003,0.11130634379161203,0.18984688601883928
Switzerland,2004,0.11170178560752186,0.19021242627909635
Switzerland,2005,0.11223019148721726,0.19076665061720843
Switzerland,2006,0.11258020523263693,0.1911447364127316
Switzerland,2007,0.11293595777984664,0.19153364788204372
Switzerland,2008,0.1133277821925254,0.1919679284379227
Switzerland,2009,0.11390530319223374,0.19255003405885807
Switzerland,2010,0.11445928741763683,0.19309306190697292
Switzerland,2011,0.11498453958854693,0.1935951391992095
Switzerland,2012,0.11529889102478878,0.19383651559329992
Switzerland,2013,0.1156313303165664,0.19409014569811522
Switzerland,2014,0.11602296103892244,0.19448447514429315
Switzerland,2015,0.1163807834317491,0.19482319384762714
Switzerland,2016,0.11680041497372338,0.19523377789889104
Switzerland,2017,0.11695778154178621,0.19537780080423423
Switzerland,2018,0.11713576606480915,0.19554031667318106
Switzerland,2019,0.11727307509339104,0.19564753822673464
Switzerland,2020,0.11727307509339104,0.19564753822673464
Switzerland,2021,0.11727307509339104,0.19564753822673464
Switzerland,2022,0.11727307509339104,0.19564753822673464
Switzerland,2023,0.11727307509339104,0.19564753822673464
Switzerland,2024,0.11727307509339104,0.19564753822673464
Switzerland,2025,0.11727307509339104,0.19564753822673464
Ghana,1971,9.035154024518539,8.346954759793888
Ghana,1972,9.05562438919445,8.947284510614766
Ghana,1973,8.698319608951023,8.92015833582389
Ghana,1974,8.219987475978979,7.390111780895393
Ghana,1975,7.796790633904472,6.295859517014695
Ghana,1976,7.490740243347371,5.976722840702852
Ghana,1977,7.245339231440148,6.242085840743099
Ghana,1978,7.0024687294860195,6.54219882448797
Ghana,1979,6.78469611337705,7.195959625963898
Ghana,1980,5.893279494807302,6.209762420832756
Ghana,1981,4.932104492700153,4.901234968335727
Ghana,1982,3.8575270073032746,3.1726523591796987
Ghana,1983,3.051098326456212,1.541093701458566
Ghana,1984,2.379358282342153,0.6211338936290409
Ghana,1985,1.809832601885387,0.19651223962744563
Ghana,1986,1.4404020965676585,0.1863411968306004
Ghana,1987,1.240387352489175,0.12096785653744904
Ghana,1988,1.1416968715723184,0.4467708983771811
Ghana,1989,1.0707589032723295,0.3404449828759861
Ghana,1990,1.1358297966397535,0.9563016197931713
Ghana,1991,1.6151191142962404,0.5863364644998789
Ghana,1992,3.1393424195127704,3.171733346839699
Ghana,1993,4.578431064989166,5.058406829278205
Ghana,1994,4.429201637155926,4.70992753364061
Ghana,1995,4.2654857266303745,4.347533714297034
Ghana,1996,4.142192542003497,4.5934437530613845
Ghana,1997,3.952933388695728,4.079541367480388
Ghana,1998,3.745938340169009,3.3082614562420525
Ghana,1999,3.6171237034367447,3.321293702327319
Ghana,2000,3.544891431051072,4.094514572549346
Ghana,2001,3.2794998901031915,3.09857791070374
Ghana,2002,3.0191612216133863,2.1673514191394627
Ghana,2003,2.8167831459037114,1.6843427993177533
Ghana,2004,2.64294692700543,1.28043203153242
Ghana,2005,2.481204147428249,0.7590163573083352
Ghana,2006,2.378182958073212,0.7625759749196431
Ghana,2007,2.2761761146877384,0.7631768415672102
Ghana,2008,2.179193982249045,0.8268390103261751
Ghana,2009,2.0934294766039967,0.930409034119668
Ghana,2010,2.005972047234028,0.970255688336066
Ghana,2011,1.9392315913060425,1.0189861986989026
Ghana,2012,1.928199402192341,1.5516637346836468
Ghana,2013,1.9178078884924041,2.0943708876838416
Ghana,2014,1.8111943343434134,1.4736952458911465
Ghana,2015,1.702763383273959,0.7844364180679904
Ghana,2016,1.5898562827521379,0.0012541765964325657
Ghana,2017,1.5503779788285246,-0.3353895864381692
Ghana,2018,1.513048776839149,-0.6413949803255541
Ghana,2019,1.4771879490979314,-0.9748198149467233
Ghana,2020,1.4771879490979314,-0.9748198149467233
Ghana,2021,1.4771879490979314,-0.9748198149467233
Ghana,2022,1.4771879490979314,-0.9748198149467233
Ghana,2023,1.4771879490979314,-0.9748198149467233
Ghana,2024,1.4771879490979314,-0.9748198149467233
Ghana,2025,1.4771879490979314,-0.9748198149467233
South Africa,1971,0.7786368146892638,0.22582145373776813
South Africa,1972,0.7917484038177199,0.22890362095686087
South Africa,1973,0.8051823063970989,0.23379378438391307
South Africa,1974,0.8190707617251407,0.24104052123712663
South Africa,1975,0.8331004071207907,0.24992489371952403
South Africa,1976,0.8473449499352674,0.25998302652351146
South Africa,1977,0.8619003193080459,0.2738719038690482
South Africa,1978,0.8764588328090935,0.28775198540772307
South Africa,1979,0.8911145225232832,0.30238053312304825
South Africa,1980,0.9065954133093254,0.3222822277848931
South Africa,1981,0.9238388624175425,0.34666812956556825
South Africa,1982,0.9412176197604376,0.3724825750225891
South Africa,1983,0.9585970747594096,0.39830097011921417
South Africa,1984,0.9765738946672455,0.4309010725497038
South Africa,1985,0.993365940390934,0.4554223140944155
South Africa,1986,1.0110904598349513,0.4795914665327918
South Africa,1987,1.031364497776796,0.5266389359583353
South Africa,1988,1.0530249597075407,0.5881774180874212
South Africa,1989,1.0761479035057324,0.6654037734204762
South Africa,1990,1.0996017809368708,0.7367455787772498
South Africa,1991,1.1077558230500504,0.723395443373749
South Africa,1992,1.1210175601006929,0.7065159080404092
South Africa,1993,1.144930473808671,0.7292549541909462
South Africa,1994,1.1679957208950924,0.7319373305674883
South Africa,1995,1.1718848215097966,0.7335883582994864
South Africa,1996,1.170510518482956,0.7336221727179519
South Africa,1997,1.1676802255973575,0.7291814860355158
South Africa,1998,1.1648413935638176,0.7242381153790302
South Africa,1999,1.1624609095109784,0.7242719912990673
South Africa,2000,1.1602442466752445,0.7248800350009181
South Africa,2001,1.1578836990956876,0.7130096812626964
South Africa,2002,1.1556428701507229,0.7025768046140873
South Africa,2003,1.1539248081478517,0.6971931008219938
South Africa,2004,1.152582855878374,0.6955665960401831
South Africa,2005,1.1512576430475867,0.6922368945894892
South Africa,2006,1.1500584414566586,0.6897158080239406
South Africa,2007,1.1488612612851294,0.6871262919994482
South Africa,2008,1.1476975198560853,0.6850499798109161
South Africa,2009,1.1466621912914938,0.6844004681740007
South Africa,2010,1.1456587355951755,0.6840549023171499
South Africa,2011,1.1448418100754398,0.6843920445847816
South Africa,2012,1.1444895739081116,0.6892003137300519
South Africa,2013,1.1441365733351745,0.6939933333546232
South Africa,2014,1.1428099133504515,0.6850664024113804
South Africa,2015,1.1414301519470944,0.6741837152004629
South Africa,2016,1.1401373953658989,0.6645513810856705
South Africa,2017,1.13932719412643,0.6596527700715145
South Africa,2018,1.138493384614206,0.6544991669916256
South Africa,2019,1.1378077050554045,0.6512008487069548
South Africa,2020,1.1378077050554045,0.6512008487069548
South Africa,2021,1.1378077050554045,0.6512008487069548
South Africa,2022,1.1378077050554045,0.6512008487069548
South Africa,2023,1.1378077050554045,0.6512008487069548
South Africa,2024,1.1378077050554045,0.6512008487069548
South Africa,2025,1.1378077050554045,0.6512008487069548
Japan,1971,-0.03036878958543493,0.041170505036100924
Japan,1972,-0.023664993623610575,0.0417570360553865
Japan,1973,-0.01220345643476789,0.042740183563592965
Japan,1974,-0.005351798274106395,0.04346639250971937
Japan,1975,0.0015220500313112006,0.044201824933794695
Japan,1976,-0.007305082604718238,0.04434388768818886
Japan,1977,-0.015565315253267542,0.04453925395445221
Japan,1978,-0.02378598293636458,0.04473820448043736
Japan,1979,-0.03299543846128761,0.04487615507801915
Japan,1980,-0.04425752121769351,0.04498886071508651
Japan,1981,-0.03028125881093678,0.047028521396293516
Japan,1982,-0.016405554780281217,0.04907440976889749
Japan,1983,-0.00259026153149311,0.05111594181465265
Japan,1984,0.0075258897244608325,0.05293096886961346
Japan,1985,0.013387498082159603,0.05449261646511007
Japan,1986,0.020545430986104438,0.05627855130096944
Japan,1987,0.04056219746591099,0.059141206740185026
Japan,1988,0.05824738983602094,0.06187241502997899
Japan,1989,0.06900596921413152,0.06413739895183856
Japan,1990,0.07246158670513182,0.0658783453411119
Japan,1991,0.07543733430998566,0.06707976102121813
Japan,1992,0.09152339132533424,0.0690442715826807
Japan,1993,0.12715886876819468,0.07209573463542246
Japan,1994,0.13960723494282412,0.0735973254277919
Japan,1995,0.15354207899656747,0.07510867623019893
Japan,1996,0.16414985042046681,0.07634197080855405
Japan,1997,0.17584542497811229,0.07761747882869974
Japan,1998,0.18873102621542587,0.07897162363535362
Japan,1999,0.20131353555383286,0.08023553387264774
Japan,2000,0.2176596771382934,0.08170759013784118
Japan,2001,0.26106728498590476,0.084475164626026
Japan,2002,0.3061532389308829,0.08733760132280782
Japan,2003,0.3547916941224745,0.0902742186481441
Japan,2004,0.4035622836154274,0.09305950281022388
Japan,2005,0.454881110549129,0.09590085709778343
Japan,2006,0.49975118625957826,0.09830475035041547
Japan,2007,0.544951543740197,0.10072413308713926
Japan,2008,0.5906641661903307,0.10317253101224147
Japan,2009,0.6368662393492455,0.10556501846070271
Japan,2010,0.6831125040773668,0.10792942834129754
Japan,2011,0.7288353665468755,0.10995400201369387
Japan,2012,0.7601713945767812,0.11117499486708593
Japan,2013,0.7915873340538139,0.11240152925252957
Japan,2014,0.7837166914395616,0.11254997796233357
Japan,2015,0.7740738996035333,0.11245113530192839
Japan,2016,0.7642999659173478,0.11231299390994433
Japan,2017,0.7618987111298067,0.11224869690946752
Japan,2018,0.759468120509815,0.11218133320468654
Japan,2019,0.7568683754784714,0.11207435350226753
Japan,2020,0.7568683754784714,0.11207435350226753
Japan,2021,0.7568683754784714,0.11207435350226753
Japan,2022,0.7568683754784714,0.11207435350226753
Japan,2023,0.7568683754784714,0.11207435350226753
Japan,2024,0.7568683754784714,0.11207435350226753
Japan,2025,0.7568683754784714,0.11207435350226753
Burma/Myanmar,1971,0.4216423009000481,0.4140817584173457
Burma/Myanmar,1972,0.4217126532634702,0.4411329803028112
Burma/Myanmar,1973,0.4217859565161878,0.5017489502804257
Burma/Myanmar,1974,0.4218485746194837,0.4687548952769504
Burma/Myanmar,1975,0.4219108016260188,0.4326285838915885
Burma/Myanmar,1976,0.421961652699433,0.2928974611292083
Burma/Myanmar,1977,0.42201956348017333,0.210148013784356
Burma/Myanmar,1978,0.4220769987201626,0.12206695409527116
Burma/Myanmar,1979,0.4221400902155757,0.07922574881776398
Burma/Myanmar,1980,0.4222118527385024,0.047106403059391344
Burma/Myanmar,1981,0.4223109832594092,0.055835365865134705
Burma/Myanmar,1982,0.42241332895672706,0.08878585863624969
Burma/Myanmar,1983,0.4225156611882027,0.12151884976657976
Burma/Myanmar,1984,0.4226196848936855,0.14540221792589295
Burma/Myanmar,1985,0.42272814810130604,0.1740796360251317
Burma/Myanmar,1986,0.4228524355135028,0.25742949437625623
Burma/Myanmar,1987,0.42299862128967475,0.47707822747922346
Burma/Myanmar,1988,0.42314205103292335,0.683690480048665
Burma/Myanmar,1989,0.4230876679888308,0.7217545198986427
Burma/Myanmar,1990,0.4229848274599185,0.44839806485535144
Burma/Myanmar,1991,0.42283052019398143,-0.039997421506931086
Burma/Myanmar,1992,0.42296482835316485,0.24562323690649568
Burma/Myanmar,1993,0.4230958312377948,0.18117420971931691
Burma/Myanmar,1994,0.42324557024086806,0.15163916112917983
Burma/Myanmar,1995,0.4234030769847972,0.14457083984269656
Burma/Myanmar,1996,0.42356303157833414,0.14017819688526661
Burma/Myanmar,1997,0.42372052431076435,0.09266983235744031
Burma/Myanmar,1998,0.4238836412805339,0.08827318607517656
Burma/Myanmar,1999,0.4240449517230336,0.03545020433890017
Burma/Myanmar,2000,0.4242012008562138,-0.09797491544241482
Burma/Myanmar,2001,0.42438776090821345,-0.12575629514051545
Burma/Myanmar,2002,0.42457080219228877,-0.19862817820353035
Burma/Myanmar,2003,0.42475792294025566,-0.3068044244083554
Burma/Myanmar,2004,0.4249422183238167,-0.5079502785535043
Burma/Myanmar,2005,0.4251291570803232,-0.7392360734929545
Burma/Myanmar,2006,0.425322520203947,-0.9580465519499411
Burma/Myanmar,2007,0.4255156580764268,-1.183647217979566
Burma/Myanmar,2008,0.42571260367591873,-1.385830182249307
Burma/Myanmar,2009,0.42592823311995065,-1.5177029572238137
Burma/Myanmar,2010,0.42614254367977245,-1.6784022472317717
Burma/Myanmar,2011,0.4262107403059181,-1.8845506284491484
Burma/Myanmar,2012,0.42604213217312104,-2.132920103108308
Burma/Myanmar,2013,0.4258814941916394,-2.3764536662228686
Burma/Myanmar,2014,0.4258079665214096,-2.536994149568936
Burma/Myanmar,2015,0.42574671984116197,-2.667981228544028
Burma/Myanmar,2016,0.4257014420871955,-2.7598124886042013
Burma/Myanmar,2017,0.42571689251221817,-2.6895036999615227
Burma/Myanmar,2018,0.4257331317628456,-2.61290632939581
Burma/Myanmar,2019,0.425748506187485,-2.5603294075167593
Burma/Myanmar,2020,0.425748506187485,-2.5603294075167593
Burma/Myanmar,2021,0.425748506187485,-2.5603294075167593
Burma/Myanmar,2022,0.425748506187485,-2.5603294075167593
Burma/Myanmar,2023,0.425748506187485,-2.5603294075167593
Burma/Myanmar,2025,0.425748506187485,-2.5603294075167593
Russia,1971,-0.0023046761971138334,-0.02928696686215993
Russia,1972,-0.012692952782694583,-0.005299251798220134
Russia,1973,-0.09177494361569721,-0.09462779603007132
Russia,1974,-0.20219226345960561,-0.27386650493433334
Russia,1975,-0.1204048391792577,-0.1134995556068638
Russia,1976,-0.17718342201070575,-0.23422885777624994
Russia,1977,-0.09395651290236068,-0.13936299002680752
Russia,1978,0.027224089693259505,0.0352011219183898
Russia,1979,0.05886331490162405,0.023444175713779783
Russia,1980,0.5201711231306745,0.5399428965068455
Russia,1981,0.21281786771941424,0.02834456144307873
Russia,1982,0.2649427179138025,0.05749269843698391
Russia,1983,0.3140644063809892,0.07779612758127583
Russia,1984,1.3682266808389885,1.2598186220497585
Russia,1985,3.048382212920212,2.9752854515144618
Russia,1986,6.3189566351156605,6.3603144925987305
Russia,1987,8.309751338596236,8.671878246399446
Russia,1988,3.543688257332099,3.943538074303731
Russia,1989,8.323007777688517,8.243442748522021
Russia,1990,3.0674819514767093,3.0707549147420954
Russia,1991,4.5402750634952,4.508559127964364
Russia,1992,10.739763694515892,10.60944342849121
Russia,1993,1.276812127294141,1.9994072184257716
Russia,1994,0.7530407016522022,0.7663937513721488
Russia,1995,0.9498106076283662,1.107255961751887
Russia,1996,0.5755144614683145,0.8406785835500703
Russia,1997,-0.647590096183311,-0.47272203435032045
Russia,1998,-0.544741855765091,0.006417392850643855
Russia,1999,-2.2568800757621443,-0.9890159733116684
Russia,2000,-8.97441470832332,-8.054516676418453
Russia,2001,-7.785835624690066,-7.886409889276097
Russia,2002,-5.325603942564831,-5.246478917859245
Russia,2003,-3.985847954195846,-3.8642021737790353
Russia,2004,-3.0648054796151056,-2.7928228448031973
Russia,2005,-3.6859550748045273,-3.9450756503871314
Russia,2006,-2.980277583401894,-3.139202722597166
Russia,2007,-2.2430369957714142,-2.290620049566442
Russia,2008,-2.113225558196981,-2.2404949469744784
Russia,2009,-1.949961497494324,-2.2980690539823
Russia,2010,-1.4157115410572212,-1.715924323756894
Russia,2011,0.49391348556704573,0.5782037363796818
Russia,2012,1.583529649918809,1.8760775740625215
Russia,2013,3.341325626684623,3.401563249037787
Russia,2014,4.698846750878639,4.822026482074303
Russia,2015,3.0600914348948023,3.013799352084516
Russia,2016,1.5163281359612495,1.3796182127589434
Russia,2017,0.5003538458899506,0.10719347632927367
Russia,2018,-0.4705148107878723,-1.0745360986682897
Russia,2019,-1.0651715929958987,-1.7187087297751589
Russia,2020,-1.0651715929958987,-1.7187087297751589
Russia,2021,-1.0651715929958987,-1.7187087297751589
Russia,2022,-1.0651715929958987,-1.7187087297751589
Russia,2023,-1.0651715929958987,-1.7187087297751589
Russia,2024,-1.0651715929958987,-1.7187087297751589
Russia,2025,-1.0651715929958987,-1.7187087297751589
Albania,1971,0.027012164377005436,0.09403721938378025
Albania,1972,0.02331294699786299,0.10067497842119319
Albania,1973,0.046916232363059356,0.11121419887776146
Albania,1974,0.00969535920087955,0.12491342246202558
Albania,1975,0.2065770788033358,0.1434623197196842
Albania,1976,0.22644152781135532,0.15738765197450966
Albania,1977,0.17040955653977502,0.16914374503602786
Albania,1978,0.10439542168744534,0.18073980956268176
Albania,1979,0.03231812909498964,0.19306590844015403
Albania,1980,0.05067415032549167,0.22338125381995066
Albania,1981,0.06980228505977183,0.3036247195660572
Albania,1982,0.014749357806391,0.385297611724697
Albania,1983,-0.08584053445942089,0.46628944005938944
Albania,1984,0.15384561905743552,0.5739389263178444
Albania,1985,0.9931171502213436,0.7191037452917326
Albania,1986,0.3697986759605809,0.8111970883670241
Albania,1987,0.3400251492400174,1.024521738364817
Albania,1988,1.2724695495187712,1.3389563795269124
Albania,1989,0.6120609933981047,1.642394940582716
Albania,1990,3.382554812097611,2.2295871424803906
Albania,1991,20.351223834756578,2.3645754736371543
Albania,1992,5.559242385639637,2.4498911175444498
Albania,1993,-1.09371068717943,2.276979526341073
Albania,1994,0.4683052704417228,2.203050207193911
Albania,1995,1.6995001036972992,2.2110102976197767
Albania,1996,-0.5329620841489262,2.185759474600137
Albania,1997,3.1023738480593464,2.2016215197512525
Albania,1998,2.6745437905218497,2.204609278565056
Albania,1999,1.5171391666147371,2.180078824069953
Albania,2000,2.5681207840428897,2.1988540875376112
Albania,2001,3.3326096077668037,2.158188371715855
Albania,2002,1.8509650589118753,2.0906696467398156
Albania,2003,1.4763115427924371,2.0502425138690907
Albania,2004,2.341823404747173,2.0452445010379563
Albania,2005,3.3030868997660514,2.0340461513160437
Albania,2006,1.8893209187094058,1.9843041670201438
Albania,2007,1.2982685665159925,1.9439809050747883
Albania,2008,0.6892916956652533,1.9041233321234061
Albania,2009,0.9551084217350817,1.8868393104030963
Albania,2010,0.5125625273079295,1.8619671508995104
Albania,2011,1.7970879348905389,1.8876807263567261
Albania,2012,2.476579411192175,1.9083318440502688
Albania,2013,3.2533842722574815,1.9302109689721232
Albania,2014,1.0647781416702033,1.8460120713288972
Albania,2015,0.21733674464237407,1.7855112814824112
Albania,2016,-0.45522026235437607,1.7318427366080302
Albania,2017,0.293340131202537,1.7358583227309654
Albania,2018,1.0370935087676123,1.7399262563940512
Albania,2019,1.0874959794749617,1.735665379559157
Albania,2020,1.0874959794749617,1.735665379559157
Albania,2021,1.0874959794749617,1.735665379559157
Albania,2022,1.0874959794749617,1.735665379559157
Albania,2023,1.0874959794749617,1.735665379559157
Albania,2024,1.0874959794749617,1.735665379559157
Albania,2025,1.0874959794749617,1.735665379559157
Egypt,1971,-0.8551866192967683,-0.5488567099688492
Egypt,1972,-0.7702517971671887,-0.5183716808437433
Egypt,1973,-0.6303977147224888,-0.4664617113271583
Egypt,1974,-0.5280928318724213,-0.4192331492664264
Egypt,1975,-0.4747148674386509,-0.38219098935528933
Egypt,1976,-0.44256201709910203,-0.34962368477248107
Egypt,1977,-0.25749521512711837,-0.2970934782844472
Egypt,1978,-0.08482333751721027,-0.24730755165919727
Egypt,1979,0.11646163732734605,-0.1903598494663984
Egypt,1980,0.47439646969371824,-0.10511680926735083
Egypt,1981,0.2847834454393682,-0.0873643412767266
Egypt,1982,0.27453665949933087,-0.05372466902378331
Egypt,1983,0.2634040935456443,-0.020349088627559853
Egypt,1984,0.28969054123572735,0.01814557065906637
Egypt,1985,0.2236285889815487,0.029975874393255983
Egypt,1986,0.2674059191874284,0.053719225962863104
Egypt,1987,-0.012224560173087332,0.0010948165441396415
Egypt,1988,-0.05323390740578621,-0.006774317035533217
Egypt,1989,0.01828672470430877,0.017967291086922185
Egypt,1990,0.020366862847859723,0.023637752449751272
Egypt,1991,0.035805872019904546,0.04133146818375995
Egypt,1992,0.08417977573823439,0.07272647456516722
Egypt,1993,0.13201099409675576,0.09839107374189304
Egypt,1994,0.26246623333494584,0.1425515566702787
Egypt,1995,0.40033585911269476,0.18307867130463953
Egypt,1996,0.5021850935418979,0.21055347929882662
Egypt,1997,0.6027360415367025,0.23371209032284584
Egypt,1998,0.6976678216446317,0.25444371314597497
Egypt,1999,0.8999170854332694,0.29490541849747254
Egypt,2000,1.2509307422552542,0.36110182286890413
Egypt,2001,1.6659631653343538,0.3884551071524515
Egypt,2002,2.1496684462910416,0.42692889801044887
Egypt,2003,2.8434314400316585,0.47794394186581146
Egypt,2004,3.7126923923038806,0.5324230075005976
Egypt,2005,4.73345608744182,0.587275535409201
Egypt,2006,5.807661118714577,0.6253300778291174
Egypt,2007,6.908280570476054,0.666734552992009
Egypt,2008,8.024706335913558,0.7088777069415673
Egypt,2009,9.304570007217892,0.7533979246151459
Egypt,2010,10.671158318979378,0.8046967972532626
Egypt,2011,12.601090001234134,0.8424315608157609
Egypt,2012,13.310976295686809,0.8745411666558602
Egypt,2013,14.020274952819374,0.9064605242366575
Egypt,2014,13.585009681076073,0.9274632257695018
Egypt,2015,12.59348996285921,0.9457260643002999
Egypt,2016,11.604026694541904,0.9569383891347394
Egypt,2017,11.424048526724082,0.959078977770823
Egypt,2018,11.243416710266489,0.9606806977928302
Egypt,2019,11.089054806161972,0.9574002067922427
Egypt,2020,11.089054806161972,0.9574002067922427
Egypt,2021,11.089054806161972,0.9574002067922427
Egypt,2022,11.089054806161972,0.9574002067922427
Egypt,2023,11.089054806161972,0.9574002067922427
Egypt,2024,11.089054806161972,0.9574002067922427
Egypt,2025,11.089054806161972,0.9574002067922427
Yemen,1971,0.27545161563879916,0.08868148538888959
Yemen,1972,0.32202826772521614,0.26504890314957086
Yemen,1973,0.3509168227298453,0.3551469240705877
Yemen,1974,0.3877718210045079,0.47880844770062037
Yemen,1975,0.43115841858046916,0.6347689864316065
Yemen,1976,0.4322719176397165,0.6686993918991262
Yemen,1977,0.38673461334172926,0.5495965388055846
Yemen,1978,0.3358416432503491,0.41032358537194913
Yemen,1979,0.41727487531972207,0.56830908162719
Yemen,1980,0.39902006925969463,0.45529995751633534
Yemen,1981,0.3381449618421513,0.2873062849860629
Yemen,1982,0.28157248565541615,0.13236443504911932
Yemen,1983,0.22201110990709333,-0.03367637702788902
Yemen,1984,0.23632451787033504,0.007714691585144852
Yemen,1985,0.27815334730706165,0.050929133077411856
Yemen,1986,0.42682148604228964,0.19880500702446108
Yemen,1987,0.6513881341324758,0.2381264247549416
Yemen,1988,1.0572039981184655,0.6213921824885782
Yemen,1989,1.5542817884679723,0.9194784472737191
Yemen,1990,2.7011538590400686,2.7213285439707215
Yemen,1991,2.9167293556296596,3.3449391839506313
Yemen,1992,1.1822108451300553,1.3507808302126618
Yemen,1993,1.1295062917667655,1.4411460211577605
Yemen,1994,0.6401433634771256,0.5007876028693194
Yemen,1995,0.38644070596964164,0.07587669954050974
Yemen,1996,0.43070571294539683,0.16329493531819336
Yemen,1997,0.48079273049771837,0.22208167269725257
Yemen,1998,0.49494478436335304,0.15330329187780323
Yemen,1999,0.6013235855808724,0.34060308849950915
Yemen,2000,0.6386092744491243,0.23527347362281684
Yemen,2001,0.8865438042062594,0.4791605328187285
Yemen,2002,1.1141799624238264,0.6209793161836922
Yemen,2003,1.4299574643775796,0.9233849449083316
Yemen,2004,1.616897853380623,0.7781058592946972
Yemen,2005,1.9344508780374556,0.9370296894026284
Yemen,2006,2.3124108502561356,1.1938113692080878
Yemen,2007,2.670818478597413,1.3814693405925706
Yemen,2008,3.031579252083203,1.5678596595078305
Yemen,2009,3.4592983098251726,1.8939834205761146
Yemen,2010,3.9131999454837905,2.28180349201667
Yemen,2011,4.661471229644029,3.3940616093093947
Yemen,2012,5.274523276468329,4.175201466600583
Yemen,2013,5.900095228562122,4.9690295270857545
Yemen,2014,6.6134012942622435,5.570179879689142
Yemen,2015,7.038810116214105,5.983867158534368
Yemen,2016,7.2956185421887145,6.366989145903012
Yemen,2017,7.198188269001264,6.221177727735134
Yemen,2018,7.1001236346860885,6.072320459406988
Yemen,2019,7.085793864206562,6.068258690264213
Yemen,2020,7.085793864206562,6.068258690264213
Yemen,2021,7.085793864206562,6.068258690264213
Yemen,2022,7.085793864206562,6.068258690264213
Yemen,2023,7.085793864206562,6.068258690264213
Yemen,2024,7.085793864206562,6.068258690264213
Yemen,2025,7.085793864206562,6.068258690264213
Colombia,1971,-0.7865031845129437,-0.4446268096372481
Colombia,1972,-0.798295353443123,-0.4309966349530935
Colombia,1973,-0.7910944416241056,-0.41041355375310373
Colombia,1974,-0.8851278638791868,-0.396274294907195
Colombia,1975,-1.1348467317150122,-0.3921283680695424
Colombia,1976,-1.1850433675124306,-0.36799635354305593
Colombia,1977,-1.2387849007574543,-0.3412042147551795
Colombia,1978,-1.2992720672251596,-0.31512757128708735
Colombia,1979,-0.9596267924774586,-0.2783473510991368
Colombia,1980,-0.35108384211605564,-0.1954723562817654
Colombia,1981,-0.03203592207392525,-0.12997730681363628
Colombia,1982,0.2859016772258688,-0.06491865638919392
Colombia,1983,0.645334269284307,0.0021194939236118815
Colombia,1984,0.46002464217732086,0.05397098595712446
Colombia,1985,0.3463554416674962,0.1079403221402509
Colombia,1986,0.4403731639477495,0.17616860910830262
Colombia,1987,0.4958365489572947,0.22525415281267186
Colombia,1988,0.4854674041168835,0.25841638678812384
Colombia,1989,0.48350539358825645,0.28393968468607084
Colombia,1990,0.3732907792102864,0.28525618672750536
Colombia,1991,2.0195388274855466,0.3977046236614914
Colombia,1992,0.9691489955249558,0.4250410311750375
Colombia,1993,0.5406736080724962,0.39732911946772187
Colombia,1994,0.6484178634801703,0.4165837976061695
Colombia,1995,0.5368218802845746,0.40873358081008465
Colombia,1996,0.47574678760927047,0.4061719231137449
Colombia,1997,0.41686489260618764,0.40338720351007323
Colombia,1998,0.3712649462545638,0.4023076912776912
Colombia,1999,0.3205855360857497,0.40088760522055755
Colombia,2000,0.3671229270533419,0.41168019170453135
Colombia,2001,0.25273125311568545,0.4042615706523127
Colombia,2002,0.17867415514655827,0.40218212693228855
Colombia,2003,0.3410690444045005,0.424429003718502
Colombia,2004,0.695727658897082,0.4670240224856944
Colombia,2005,0.9252227785683844,0.4960800987600448
Colombia,2006,1.1452554012508864,0.5216897501446535
Colombia,2007,1.3471242402942238,0.5449882745844222
Colombia,2008,1.5833591911494804,0.5716415359344924
Colombia,2009,1.7989319506125263,0.5928646754720441
Colombia,2010,2.022846953518552,0.6139723564756694
Colombia,2011,1.8732248526123694,0.6170663803310741
Colombia,2012,1.4356831307062885,0.5950776879253261
Colombia,2013,0.997714932045241,0.5730310596230862
Colombia,2014,0.8887325462785917,0.5757192134236235
Colombia,2015,0.8500264686801644,0.5857866332373213
Colombia,2016,0.8333939892765495,0.5984208773812633
Colombia,2017,0.6727886043270728,0.59353493555482
Colombia,2018,0.5103393031972523,0.5884089755545097
Colombia,2019,0.2926449306147565,0.5783739483406107
Colombia,2020,0.2926449306147565,0.5783739483406107
Colombia,2021,0.2926449306147565,0.5783739483406107
Colombia,2022,0.2926449306147565,0.5783739483406107
Colombia,2023,0.2926449306147565,0.5783739483406107
Colombia,2024,0.2926449306147565,0.5783739483406107
Colombia,2025,0.2926449306147565,0.5783739483406107
Poland,1971,4.979044184015762,2.5418797398354602
Poland,1972,4.978924267635576,1.343601801756559
Poland,1973,4.978813135186795,0.34306111034281694
Poland,1974,4.978719010242009,0.006260064729218973
Poland,1975,4.978627462083052,-0.3265136579381002
Poland,1976,4.9785442324525055,-0.5836318538836545
Poland,1977,4.978466806635095,-0.07414922766193666
Poland,1978,4.978390098288825,0.6756190703773806
Poland,1979,4.978316096368219,1.5647968459551858
Poland,1980,4.978268956405584,6.924256861509646
Poland,1981,4.978127079979295,6.906576911094141
Poland,1982,4.977979806872513,5.561704093340918
Poland,1983,4.977844450289885,4.359272004285112
Poland,1984,4.977717001178643,5.298917446674775
Poland,1985,4.977575568812387,2.3159910064805724
Poland,1986,4.977468002964921,1.185630621248168
Poland,1987,4.977411665767637,0.6205639761281454
Poland,1988,4.9773908082257154,3.1298097934239646
Poland,1989,4.977386235711685,6.697246367375261
Poland,1990,4.977165810307809,7.384119041774468
Poland,1991,4.976362852062635,1.1475477574079733
Poland,1992,4.9759056297027255,0.4775421687320769
Poland,1993,4.975679642429813,0.6202056686413445
Poland,1994,4.975519671597177,0.3483024662545864
Poland,1995,4.975383272068658,0.2381340590427688
Poland,1996,4.975254862241867,-0.38831407683793867
Poland,1997,4.975137019641969,0.20307883339581423
Poland,1998,4.975019742585252,0.4966374431259203
Poland,1999,4.974911231019506,0.559074205232343
Poland,2000,4.974810186625452,0.4198551105125843
Poland,2001,4.974748692717677,0.16631575414565278
Poland,2002,4.974690378868396,0.2461701228690944
Poland,2003,4.974645014917508,0.051446016466079394
Poland,2004,4.974610282595256,0.09321344025447208
Poland,2005,4.974582880420947,0.3483434836234003
Poland,2006,4.974560133163297,0.487820732362227
Poland,2007,4.974538479706794,0.9694540543436414
Poland,2008,4.974517023412958,1.4260070836120977
Poland,2009,4.974495863043598,1.045098329876949
Poland,2010,4.974475516369482,0.6870164333189281
Poland,2011,4.97446318173307,0.2601918794576824
Poland,2012,4.974464856432534,0.4959360378805586
Poland,2013,4.974466541964707,0.7355396613790137
Poland,2014,4.974495139119417,1.8539010917363514
Poland,2015,4.9745272368367806,3.6522219800150624
Poland,2016,4.974556687644188,4.974372209605442
Poland,2017,4.974550512936045,4.211930242193379
Poland,2018,4.9745444772831116,3.4677205531062123
Poland,2019,4.9745379266091465,2.3502150281430643
Poland,2020,4.9745379266091465,2.3502150281430643
Poland,2021,4.9745379266091465,2.3502150281430643
Poland,2022,4.9745379266091465,2.3502150281430643
Poland,2023,4.9745379266091465,2.3502150281430643
Poland,2024,4.9745379266091465,2.3502150281430643
Poland,2025,4.9745379266091465,2.3502150281430643
Brazil,1971,2.036873384024722,2.335138596384455
Brazil,1972,1.4383610633155282,2.1654284550434704
Brazil,1973,1.1833873623286424,2.130089497866923
Brazil,1974,1.4386248389458496,2.306886703390775
Brazil,1975,1.5305840362598406,2.446389119527141
Brazil,1976,2.166931682572969,2.759478525186249
Brazil,1977,3.1072816153689464,3.1755164743720976
Brazil,1978,4.064384993269035,3.5970864817076844
Brazil,1979,4.949337119296952,3.9916020901238483
Brazil,1980,5.037449757056464,4.196391282849176
Brazil,1981,4.988793090825337,4.0830309747261335
Brazil,1982,5.233597044012579,4.03669729291959
Brazil,1983,5.585896867649735,4.0075566299294385
Brazil,1984,6.6764495758157985,4.103214977289208
Brazil,1985,9.275300961150403,4.398431239407682
Brazil,1986,8.88227909005741,4.382264941530858
Brazil,1987,6.736868322190966,3.7627598752980878
Brazil,1988,6.956281080490424,3.2458102495077052
Brazil,1989,3.7689160716589063,2.276454626667832
Brazil,1990,0.6937141493160593,0.9842038066020884
Brazil,1991,0.102849949888662,0.40201925092278873
Brazil,1992,0.6287751812580923,0.5743678428449891
Brazil,1993,-0.11994443977342764,0.2823130085126368
Brazil,1994,0.4055331816071068,0.4254733613173963
Brazil,1995,0.2936380354316709,0.39068874350906174
Brazil,1996,0.35581919911872817,0.41670571483314195
Brazil,1997,0.4174912795278075,0.4453311748083556
Brazil,1998,0.5220254619222038,0.48803261612416343
Brazil,1999,0.49493976683882956,0.4864501744802083
Brazil,2000,0.48666191541458026,0.4905266920078764
Brazil,2001,0.596703620976898,0.5342637587899159
Brazil,2002,0.7725441707530427,0.5982573432632308
Brazil,2003,0.6189268453910445,0.549370801541187
Brazil,2004,0.8228473811024745,0.603102850728413
Brazil,2005,1.0462805858795634,0.6534508534767784
Brazil,2006,1.034702958995926,0.6243877674473206
Brazil,2007,0.9595022571391886,0.5758621379090466
Brazil,2008,0.8566010569795789,0.5178045319263924
Brazil,2009,0.8150117922537944,0.47282093210730797
Brazil,2010,0.7792650072014016,0.4276089699805862
Brazil,2011,0.5340134575545545,0.2955959428938497
Brazil,2012,0.33215598517369616,0.15762150033407385
Brazil,2013,0.13236410452149494,0.020311155969987338
Brazil,2014,1.4094992740720804,0.1932825254117203
Brazil,2015,2.59671034943578,0.3157510102681813
Brazil,2016,3.7633265512439245,0.4217543903942601
Brazil,2017,2.757054363190598,0.3856117414563485
Brazil,2018,1.73589965411235,0.34537295647643707
Brazil,2019,0.4498252732763861,0.26442400176260383
Brazil,2020,0.4498252732763861,0.26442400176260383
Brazil,2021,0.4498252732763861,0.26442400176260383
Brazil,2022,0.4498252732763861,0.26442400176260383
Brazil,2023,0.4498252732763861,0.26442400176260383
Brazil,2024,0.4498252732763861,0.26442400176260383
Brazil,2025,0.4498252732763861,0.26442400176260383
United States of America,1971,0.05234697067180717,0.037285807276241915
United States of America,1972,0.052408853281554535,0.03728040169729813
United States of America,1973,0.052630993687863614,0.03767940431884953
United States of America,1974,0.0531765385727303,0.03874128487481343
United States of America,1975,0.05371688741648317,0.0397846466128049
United States of America,1976,0.054451992745540245,0.04126508531028161
United States of America,1977,0.05532819034507641,0.04303621459578544
United States of America,1978,0.05620198699423873,0.0447990099356369
United States of America,1979,0.05703698023270365,0.04646059670377767
United States of America,1980,0.05773794111973418,0.04786605314870346
United States of America,1981,0.05817596814368259,0.0487625287524128
United States of America,1982,0.058634992901683336,0.04973104190884772
United States of America,1983,0.059095802954734045,0.050705682745266406
United States of America,1984,0.059561639512108855,0.05169536516217149
United States of America,1985,0.05997870080780793,0.05252567393642843
United States of America,1986,0.06053094971483319,0.053817922219134826
United States of America,1987,0.06109375966405467,0.055133003791114854
United States of America,1988,0.061542784350760896,0.056104697128814135
United States of America,1989,0.06214723214698706,0.05758015913689157
United States of America,1990,0.0629639542334921,0.05975521988573167
United States of America,1991,0.06281326070949794,0.05958426590828119
United States of America,1992,0.06325131465345926,0.06115494305779715
United States of America,1993,0.06319488619017818,0.061356019012454785
United States of America,1994,0.06326406285127126,0.06197636539944384
United States of America,1995,0.06333041570401288,0.0625857988479309
United States of America,1996,0.06330709817635063,0.06293559094604331
United States of America,1997,0.06327644952238773,0.06325951755667072
United States of America,1998,0.06326386540040019,0.0636433545072039
United States of America,1999,0.06329555373247113,0.0641766622945576
United States of America,2000,0.06330856353157684,0.06464506050233693
United States of America,2001,0.06345896669132002,0.06555613540743606
United States of America,2002,0.06379666240159299,0.06663316219073807
United States of America,2003,0.06404086038933894,0.0674279495423274
United States of America,2004,0.06422073049420762,0.06801860685241423
United States of America,2005,0.06434667645206257,0.06843820138078115
United States of America,2006,0.06445251771556305,0.06878893386171532
United States of America,2007,0.06454343204235438,0.06909452490645002
United States of America,2008,0.0646608194852203,0.0694627540484754
United States of America,2009,0.06470486243661486,0.06965213466763492
United States of America,2010,0.0647460568875565,0.0698316401334404
United States of America,2011,0.06483876884806475,0.07018258644430811
United States of America,2012,0.06484817126884204,0.07027581236220415
United States of America,2013,0.06485734237941201,0.07036822688693926
United States of America,2014,0.06508878686195017,0.07102468168942967
United States of America,2015,0.06530779214659299,0.071638421238501
United States of America,2016,0.0655065956099965,0.07218989170272191
United States of America,2017,0.06558169216639803,0.07241484217355011
United States of America,2018,0.0656827065401229,0.07264408504356591
United States of America,2019,0.065737942749523,0.07278490546619099
United States of America,2020,0.065737942749523,0.07278490546619099
United States of America,2021,0.065737942749523,0.07278490546619099
United States of America,2022,0.065737942749523,0.07278490546619099
United States of America,2023,0.065737942749523,0.07278490546619099
United States of America,2024,0.065737942749523,0.07278490546619099
United States of America,2025,0.065737942749523,0.07278490546619099
Portugal,1971,-3.860918994987952,-1.908483496994649
Portugal,1972,-3.7376278461131065,-1.7850510700516313
Portugal,1973,-3.623255172392841,-1.7261232114189058
Portugal,1974,-3.509870745910699,-1.5021594665027107
Portugal,1975,-3.3536206860308266,-1.2771701224426446
Portugal,1976,-3.110797546524675,-1.0307343657473425
Portugal,1977,-2.8396229872718917,-0.7610825244161186
Portugal,1978,-2.5692501482001107,-0.4993920598759347
Portugal,1979,-2.300252100113355,-0.23977814128720976
Portugal,1980,-2.046252981157658,-0.015493904326639732
Portugal,1981,-1.8524361144243815,0.014842499402624658
Portugal,1982,-1.660531539973813,0.023241484157343104
Portugal,1983,-1.4685005305031082,0.03535079605229126
Portugal,1984,-1.2807338610571786,0.017666791319205663
Portugal,1985,-1.0963712920084216,0.04785000463918283
Portugal,1986,-0.9253696399904021,0.06686654888690272
Portugal,1987,-0.7736395511373702,-0.05690931106097822
Portugal,1988,-0.621110973445407,-0.051275285767342756
Portugal,1989,-0.4726195601953216,-0.019481220528345233
Portugal,1990,-0.33189178263261476,-0.04367203755441522
Portugal,1991,-0.2726198746202467,0.007842444326050867
Portugal,1992,-0.24000667090197564,0.006356338004179021
Portugal,1993,-0.22046884648564657,0.028086973229579544
Portugal,1994,-0.20382574899266875,0.09156662361482759
Portugal,1995,-0.1883070303044671,0.17113607489380742
Portugal,1996,-0.17718072912652616,0.17639507448864886
Portugal,1997,-0.16772732251924555,0.14765729817858375
Portugal,1998,-0.15811632259633568,0.1266174736242428
Portugal,1999,-0.14455311342047497,0.1959327570877852
Portugal,2000,-0.13305259649337348,0.22573565941958723
Portugal,2001,-0.12510402426889372,0.2514250651959542
Portugal,2002,-0.11735664999663267,0.27750048618106965
Portugal,2003,-0.11087007460233043,0.3025021469968917
Portugal,2004,-0.10481007256871418,0.343601066924751
Portugal,2005,-0.09949353553715892,0.3829322837063596
Portugal,2006,-0.09639306341364415,0.3783030232563201
Portugal,2007,-0.09377835363576895,0.3618299053052556
Portugal,2008,-0.09164899523040457,0.3337746684304927
Portugal,2009,-0.09007840244244336,0.2971304783413726
Portugal,2010,-0.08868601048036459,0.257425585403266
Portugal,2011,-0.08700138186325646,0.24817414984059682
Portugal,2012,-0.0850176120064011,0.278642751885138
Portugal,2013,-0.08304376432313082,0.3088037331410793
Portugal,2014,-0.08750354872526005,0.2310241264882545
Portugal,2015,-0.09234745829443529,0.1488482742927304
Portugal,2016,-0.09659550535165143,0.08341371393013139
Portugal,2017,-0.10092139390485587,0.03014966931235888
Portugal,2018,-0.10509805778128317,-0.019285103214598753
Portugal,2019,-0.1088810210768292,-0.056821299846899265
Portugal,2020,-0.1088810210768292,-0.056821299846899265
Portugal,2021,-0.1088810210768292,-0.056821299846899265
Portugal,2022,-0.1088810210768292,-0.056821299846899265
Portugal,2023,-0.1088810210768292,-0.056821299846899265
Portugal,2024,-0.1088810210768292,-0.056821299846899265
Portugal,2025,-0.1088810210768292,-0.056821299846899265
Bangladesh,1972,0.2716652129897875,0.37112836209957656
Bangladesh,1973,0.306021135605238,0.3714523017641691
Bangladesh,1974,0.3406982380696203,0.371796917518606
Bangladesh,1975,0.3773244698507664,0.372202759669753
Bangladesh,1976,0.4052333350613091,0.37258380751165343
Bangladesh,1977,0.43401893337840913,0.3730096801714472
Bangladesh,1978,0.46260135269398406,0.3734312702795397
Bangladesh,1979,0.4896685197099209,0.37380884560374833
Bangladesh,1980,0.5133581868236258,0.3740608328370537
Bangladesh,1981,0.5378096478412766,0.37433058722781626
Bangladesh,1982,0.5621764995782417,0.37459448724602673
Bangladesh,1983,0.5865578772388945,0.374858889678514
Bangladesh,1984,0.6140606053101342,0.37523358749257674
Bangladesh,1985,0.6399075570955229,0.37552460788404984
Bangladesh,1986,0.6661302808429966,0.3758045742150786
Bangladesh,1987,0.6871384548834475,0.37586203300573007
Bangladesh,1988,0.7098919907304788,0.375990905614545
Bangladesh,1989,0.7351325415542651,0.37622328353109313
Bangladesh,1990,0.7614815089879596,0.3764669509382961
Bangladesh,1991,0.81043263290217,0.3767903059445954
Bangladesh,1992,0.8024569699887284,0.3766932559601891
Bangladesh,1993,0.7986216143378104,0.3765726729039951
Bangladesh,1994,0.7972173010747596,0.37651125029763205
Bangladesh,1995,0.796110738825447,0.3764416675999249
Bangladesh,1996,0.794868648394286,0.3763552113096933
Bangladesh,1997,0.79450981710722,0.3763087841230121
Bangladesh,1998,0.7942739877570791,0.3762679973466478
Bangladesh,1999,0.7943768922265075,0.3762361039467697
Bangladesh,2000,0.7945817061765622,0.376201136694032
Bangladesh,2001,0.7962558082889564,0.376205250432249
Bangladesh,2002,0.7981529663403816,0.37621922913528627
Bangladesh,2003,0.8028378457347494,0.3763398179337861
Bangladesh,2004,0.8076142551451372,0.3764552365135391
Bangladesh,2005,0.8129632194296259,0.37659512675286044
Bangladesh,2006,0.8183242921454749,0.3767302788539664
Bangladesh,2007,0.8237247755808718,0.3768672610574326
Bangladesh,2008,0.8287832923652236,0.3770008348548558
Bangladesh,2009,0.8331858021612164,0.37709920798836427
Bangladesh,2010,0.8367979965214083,0.3771717979948728
Bangladesh,2011,0.8420282281299719,0.37731373082039915
Bangladesh,2012,0.8486783480180176,0.37751616874058297
Bangladesh,2013,0.8553370310266577,0.3777190790787584
Bangladesh,2014,0.8567144960013882,0.37775627516053567
Bangladesh,2015,0.8559606424835613,0.3777418272036527
Bangladesh,2016,0.8550849134715333,0.37771984588549734
Bangladesh,2017,0.8544081253328918,0.3776955998198227
Bangladesh,2018,0.8537071166813157,0.3776700159219339
Bangladesh,2019,0.8526964258395319,0.37762848025683626
Bangladesh,2020,0.8526964258395319,0.37762848025683626
Bangladesh,2021,0.8526964258395319,0.37762848025683626
Bangladesh,2022,0.8526964258395319,0.37762848025683626
Bangladesh,2023,0.8526964258395319,0.37762848025683626
Bangladesh,2024,0.8526964258395319,0.37762848025683626
Bolivia,1971,0.5806708567266624,1.0221609012633874
Bolivia,1972,0.5803662862378476,0.9982423826973534
Bolivia,1973,0.5800370121524056,0.958424098245714
Bolivia,1974,0.5797101175099089,0.9234286480369391
Bolivia,1975,0.579385087793778,0.8908655572939869
Bolivia,1976,0.5790602446592934,0.8594592331075666
Bolivia,1977,0.5787363746878568,0.8295902348769233
Bolivia,1978,0.5784124490712508,0.7996730673885929
Bolivia,1979,0.5780729424446038,0.7639325599627269
Bolivia,1980,0.5776514287775054,0.708582990368797
Bolivia,1981,0.5773595236546107,0.6830337965591078
Bolivia,1982,0.5770730411212652,0.6628270453799487
Bolivia,1983,0.5768568579507833,0.6442330029310656
Bolivia,1984,0.5765566660817334,0.6217711727531304
Bolivia,1985,0.5762493003690917,0.5911882340594503
Bolivia,1986,0.57586887561155,0.5197944190491617
Bolivia,1987,0.5755160758203431,0.466663729166385
Bolivia,1988,0.5751579007015655,0.4057205396221537
Bolivia,1989,0.5748045999296034,0.3476453228955413
Bolivia,1990,0.5744455645849638,0.2772922951264983
Bolivia,1991,0.5743278862776172,0.2894954432958467
Bolivia,1992,0.574238321806778,0.2881337556733269
Bolivia,1993,0.5741943954632613,0.31053095905906414
Bolivia,1994,0.5741502251764848,0.32455732531096215
Bolivia,1995,0.5740934112960889,0.3237301231150327
Bolivia,1996,0.5740341175855023,0.3190815278496668
Bolivia,1997,0.5739792164138546,0.31872925289717113
Bolivia,1998,0.5739214007318454,0.31528659482905125
Bolivia,1999,0.5738682534423372,0.31617878161513835
Bolivia,2000,0.5738122103438467,0.3128301958041773
Bolivia,2001,0.5737514344723149,0.29950579822565215
Bolivia,2002,0.5736926653488335,0.2882187617152625
Bolivia,2003,0.5736325333628558,0.27368578203341537
Bolivia,2004,0.5735655208113616,0.2506424428477715
Bolivia,2005,0.5735013592685178,0.23000491049035207
Bolivia,2006,0.5734416849147815,0.2136625391746356
Bolivia,2007,0.5733975133601736,0.20025797433990983
Bolivia,2008,0.5733532373662542,0.18668287289384625
Bolivia,2009,0.5733098046600589,0.17360889489828185
Bolivia,2010,0.5732692210568047,0.16335876051943587
Bolivia,2011,0.5732485466474407,0.16637139821671532
Bolivia,2012,0.5732300120719955,0.1697010368192832
Bolivia,2013,0.5732114984117646,0.17305479384034575
Bolivia,2014,0.5731948559062334,0.17378154517967853
Bolivia,2015,0.5731748325880308,0.1702889153687423
Bolivia,2016,0.5731534051425767,0.16511597737523193
Bolivia,2017,0.573133950341839,0.16029495988593948
Bolivia,2018,0.5731144290289641,0.15539168633556028
Bolivia,2019,0.5730937163674095,0.14902822871790133
Bolivia,2020,0.5730937163674095,0.14902822871790133
Bolivia,2021,0.5730937163674095,0.14902822871790133
Bolivia,2022,0.5730937163674095,0.14902822871790133
Bolivia,2023,0.5730937163674095,0.14902822871790133
Bolivia,2024,0.5730937163674095,0.14902822871790133
Bolivia,2025,0.5730937163674095,0.14902822871790133
Haiti,1971,0.6079624475228269,0.15325732085587798
Haiti,1972,0.6080304124708866,0.12264362782929494
Haiti,1973,0.6081096917031448,0.1500036778879296
Haiti,1974,0.6081954191497863,0.20504695947117033
Haiti,1975,0.6082817442067772,0.2618262956034251
Haiti,1976,0.6083696041672274,0.32313389754804056
Haiti,1977,0.6084582718901597,0.3877397840942054
Haiti,1978,0.6085469821852661,0.45256053239056826
Haiti,1979,0.608636349092076,0.521152882602413
Haiti,1980,0.6087267814073443,0.5915037762846287
Haiti,1981,0.6088028985271835,0.5635895076661549
Haiti,1982,0.608881511300393,0.5530978037614699
Haiti,1983,0.6089601824701522,0.543041025049879
Haiti,1984,0.6090439380227777,0.5674042049460974
Haiti,1985,0.6091290826950826,0.6003247819156816
Haiti,1986,0.6092317181637464,0.7563479018118687
Haiti,1987,0.6091146733226812,0.824568736181202
Haiti,1988,0.6087782020947818,0.8613194200323109
Haiti,1989,0.6083960329472645,0.7437514563431304
Haiti,1990,0.6080641592265074,0.8099376933241453
Haiti,1991,0.6075795764950662,0.4509143574295999
Haiti,1992,0.6071530418215796,0.29221269460957555
Haiti,1993,0.6072077334776463,0.39701594490511377
Haiti,1994,0.6072689073031919,0.5076053444592264
Haiti,1995,0.6073018402379109,0.510314840346331
Haiti,1996,0.6072517216952257,0.4950536261065363
Haiti,1997,0.6071908638053576,0.4230221020827459
Haiti,1998,0.6071274771469002,0.33386903236663923
Haiti,1999,0.6070684340619124,0.268300595140913
Haiti,2000,0.6070168072219608,0.2438350246284099
Haiti,2001,0.6069528806411923,0.09682080518206915
Haiti,2002,0.6068938826149859,-0.02365408061674862
Haiti,2003,0.6068425377417592,-0.11389246475850934
Haiti,2004,0.6067944801632613,-0.19928319012036783
Haiti,2005,0.6067577325174386,-0.23449654280486587
Haiti,2006,0.6067189569461193,-0.29531186440706925
Haiti,2007,0.6066758103737963,-0.3618174064982676
Haiti,2008,0.6066365632205031,-0.41344144250800346
Haiti,2009,0.6065997405661494,-0.4558120825719827
Haiti,2010,0.6065624652466081,-0.5042457193674836
Haiti,2011,0.6065333178317562,-0.5229508008221564
Haiti,2012,0.6065152685219327,-0.5020258710555642
Haiti,2013,0.6064972556901461,-0.4808420376842132
Haiti,2014,0.6064820782033997,-0.5205245813796457
Haiti,2015,0.6064692640429934,-0.5533870341515694
Haiti,2016,0.6064571301291438,-0.5835560934786775
Haiti,2017,0.6064485394017146,-0.6251479817910881
Haiti,2018,0.606439669160347,-0.6684188473695176
Haiti,2019,0.6064347419232919,-0.6929328163453847
Haiti,2020,0.6064347419232919,-0.6929328163453847
Haiti,2021,0.6064347419232919,-0.6929328163453847
Haiti,2022,0.6064347419232919,-0.6929328163453847
Haiti,2023,0.6064347419232919,-0.6929328163453847
Haiti,2024,0.6064347419232919,-0.6929328163453847
Haiti,2025,0.6064347419232919,-0.6929328163453847
Mali,1971,0.08417654099066411,0.059547738808814865
Mali,1972,-0.06627158569976743,0.026264429469615963
Mali,1973,-0.3085928726720433,-0.00427292576366034
Mali,1974,-1.2244370897735595,-0.03470306498619519
Mali,1975,-1.3622085124955174,-0.016901950504488172
Mali,1976,-0.6554084847445154,0.09327742791739951
Mali,1977,-0.10856277454555685,0.21446971890878086
Mali,1978,0.39603006097634164,0.3338082543579852
Mali,1979,1.2357956060353203,0.46990891429317444
Mali,1980,0.659444271643348,0.47215980447471145
Mali,1981,0.4076375524768082,0.392937437183786
Mali,1982,0.2045441975342085,0.31602425422226005
Mali,1983,-0.025053836696996193,0.23772914543872542
Mali,1984,-0.005226654166137443,0.19011729758020704
Mali,1985,0.029348497965195723,0.16689084218309513
Mali,1986,-0.25544277683459365,0.17699008587941437
Mali,1987,0.27763091239841253,0.41661371997992214
Mali,1988,0.6890917838875102,0.681201147760719
Mali,1989,0.41198493111832823,0.9125088609739999
Mali,1990,1.4587925466941705,1.4283828175563327
Mali,1991,5.21498632279734,1.8827126440010176
Mali,1992,10.45136069626814,1.8550466947970408
Mali,1993,2.340156815633542,1.5802193595050102
Mali,1994,0.36748307027379334,1.2400279296595662
Mali,1995,-0.6011540443669393,1.0165487897437449
Mali,1996,-0.11672746644734322,0.8849001796973324
Mali,1997,-0.7088154424500054,0.7459168987943915
Mali,1998,-0.8677390491200734,0.6355069199988205
Mali,1999,-0.001716206576988455,0.6237384934617346
Mali,2000,0.5600580145850114,0.6348837208245153
Mali,2001,1.928747521853925,0.7121745949274234
Mali,2002,3.5518840826861973,0.781185626426617
Mali,2003,1.4917896759316913,0.7367606132772837
Mali,2004,0.6733001662060352,0.7042565396323438
Mali,2005,0.32615935869536455,0.6978454450787421
Mali,2006,0.22730737527961467,0.7179709010990545
Mali,2007,0.10712240970931897,0.738205497357612
Mali,2008,-0.1278095960697847,0.7536951234528779
Mali,2009,0.33066162244508746,0.8178187687314946
Mali,2010,0.5817591425034077,0.8743168275696489
Mali,2011,1.0386153266184115,0.9616379391922898
Mali,2012,1.8675448768525724,1.0615228362576656
Mali,2013,3.355701897557122,1.1667784080518495
Mali,2014,-0.30056540224371403,1.0869397435544528
Mali,2015,0.1309044675283355,1.0633955514272515
Mali,2016,0.5584873401592356,1.044628907856045
Mali,2017,2.0933618369385187,1.1131851380453015
Mali,2018,3.5263974161105542,1.1786737013104267
Mali,2019,3.929897228728728,1.22013481745296
Mali,2020,3.929897228728728,1.22013481745296
Mali,2021,3.929897228728728,1.22013481745296
Mali,2022,3.929897228728728,1.22013481745296
Mali,2023,3.929897228728728,1.22013481745296
Mali,2024,3.929897228728728,1.22013481745296
Mali,2025,3.929897228728728,1.22013481745296
Pakistan,1971,-2.222634619915067,-2.599834605770823
Pakistan,1972,-2.191546285664787,-2.642381496147913
Pakistan,1973,-2.1477032833585046,-2.6357579239963815
Pakistan,1974,-2.050875927640569,-2.4725179208065144
Pakistan,1975,-1.9577647220566687,-2.33201601445617
Pakistan,1976,-1.8812880613091367,-2.2613638712100843
Pakistan,1977,-1.8051022291692513,-2.1975518848015123
Pakistan,1978,-1.7280556402384177,-2.12920055376253
Pakistan,1979,-1.5310716970914635,-2.0245677811777743
Pakistan,1980,-1.295092544027655,-1.7521385664479863
Pakistan,1981,-1.0269595721405327,-1.435321518272424
Pakistan,1982,-0.764558352046234,-1.1493077176911566
Pakistan,1983,-0.5015025000076232,-0.8598598011566669
Pakistan,1984,-0.23576668947082702,-0.5686247296420979
Pakistan,1985,0.04949059548224222,-0.18745927007586027
Pakistan,1986,0.3030836446118421,0.07901933814336842
Pakistan,1987,0.5280155077701383,0.20220597434498894
Pakistan,1988,0.7594363512713884,0.3232188868395487
Pakistan,1989,0.8114884194231187,0.3129363709892441
Pakistan,1990,0.4616568617093788,0.17906235979388524
Pakistan,1991,0.3568010923307289,0.08930391267197407
Pakistan,1992,0.34464919391855237,0.13079599055162525
Pakistan,1993,0.3805767146024367,0.2483604179519275
Pakistan,1994,0.40083386981211266,0.24839387650654873
Pakistan,1995,0.42255992735758874,0.24289909900848042
Pakistan,1996,0.4453634041299725,0.23735602444338705
Pakistan,1997,0.46966558894402943,0.23494011701294887
Pakistan,1998,0.4931735830551257,0.22695235936511615
Pakistan,1999,0.5061059355619267,0.15528207809993183
Pakistan,2000,0.5313023544036299,0.13575387014300522
Pakistan,2001,0.6170213556206416,0.33446626671945134
Pakistan,2002,0.7131156703874383,0.5803483723854836
Pakistan,2003,0.7917751198507942,0.7523682759322677
Pakistan,2004,0.8435457417906694,0.8387260231937875
Pakistan,2005,0.8921544473981304,0.9073809181949717
Pakistan,2006,0.9432552991646728,0.9906027193535971
Pakistan,2007,0.9952764439802032,1.0790968201841036
Pakistan,2008,1.0467296556128538,1.1644625478114556
Pakistan,2009,1.0659176157913093,1.21098543943581
Pakistan,2010,1.0774839314587603,1.2308279367808845
Pakistan,2011,1.0677378008657181,1.1634987930156335
Pakistan,2012,1.0646850195261686,1.1362545778952189
Pakistan,2013,1.061575282071631,1.1086883366955806
Pakistan,2014,1.0615530287941835,1.1036644319998303
Pakistan,2015,1.0638109000309475,1.1120953798340332
Pakistan,2016,1.0587407663213517,1.0969323718076884
Pakistan,2017,1.0509122931612283,1.0676023891267792
Pakistan,2018,1.042726021687378,1.0363629725298245
Pakistan,2019,1.0326983882569631,0.9949298734770787
Pakistan,2020,1.0326983882569631,0.9949298734770787
Pakistan,2021,1.0326983882569631,0.9949298734770787
Pakistan,2022,1.0326983882569631,0.9949298734770787
Pakistan,2023,1.0326983882569631,0.9949298734770787
Pakistan,2024,1.0326983882569631,0.9949298734770787
Pakistan,2025,1.0326983882569631,0.9949298734770787
Senegal,1971,0.34590888894476846,0.28593923174432156
Senegal,1972,0.34582920857497723,0.28599823589602336
Senegal,1973,0.34552608651146743,0.285676680550886
Senegal,1974,0.3451657570589465,0.28509845055928656
Senegal,1975,0.3448367338763351,0.2846226513126101
Senegal,1976,0.34453319431223745,0.28423258578863253
Senegal,1977,0.34433212696196036,0.28403935657551277
Senegal,1978,0.3441305752919862,0.2838438803026374
Senegal,1979,0.3438649921191863,0.2834784792511411
Senegal,1980,0.34368174812324237,0.2833724207414236
Senegal,1981,0.3430721112330125,0.2820875763655429
Senegal,1982,0.34287655660122224,0.2808949701904598
Senegal,1983,0.34269746714226534,0.2797266022938626
Senegal,1984,0.3423980468286052,0.27819564895722715
Senegal,1985,0.34214027554332604,0.2767888186974642
Senegal,1986,0.34198072982505523,0.27563813382913366
Senegal,1987,0.34194995839795045,0.2748363504069936
Senegal,1988,0.3419668525390103,0.2741671658324472
Senegal,1989,0.3418260173332755,0.2729119691188347
Senegal,1990,0.3419186321980583,0.27226115600884837
Senegal,1991,0.34279765589985123,0.27244367290695676
Senegal,1992,0.3442083293338997,0.2739449601540122
Senegal,1993,0.3456972149808274,0.2753109231425853
Senegal,1994,0.3459426866663529,0.2761293451030637
Senegal,1995,0.3462029124326902,0.27696338518684
Senegal,1996,0.3463138363914487,0.2774868927328894
Senegal,1997,0.34641885976635345,0.2779739815089
Senegal,1998,0.3465184259445906,0.2784369545080319
Senegal,1999,0.34666259655747483,0.27905482294337997
Senegal,2000,0.34678729253880153,0.2795803821011891
Senegal,2001,0.3468437029883423,0.2797767733054652
Senegal,2002,0.34686486373762054,0.27985040815553974
Senegal,2003,0.34678647871582574,0.27959557791442735
Senegal,2004,0.34673525216642687,0.27943201252554933
Senegal,2005,0.3466996895485134,0.27931975764844674
Senegal,2006,0.3466743927584972,0.27924013758915284
Senegal,2007,0.34664962017468787,0.2791620309358365
Senegal,2008,0.346646417857116,0.27914218211619185
Senegal,2009,0.3466899087216768,0.27927068874651567
Senegal,2010,0.3467354767456603,0.2794059606796138
Senegal,2011,0.3466856272952117,0.2792545945424441
Senegal,2012,0.3466645561659633,0.27919605928906166
Senegal,2013,0.34664306413304263,0.27913652680355644
Senegal,2014,0.3467413305635273,0.2794578760062199
Senegal,2015,0.34684229560123414,0.2797841361055572
Senegal,2016,0.3469682844690076,0.28018843267790117
Senegal,2017,0.3470168315905077,0.28031961974091496
Senegal,2018,0.34706134093916896,0.2804398686902641
Senegal,2019,0.3470702259485525,0.2804788898331114
Senegal,2020,0.3470702259485525,0.2804788898331114
Senegal,2021,0.3470702259485525,0.2804788898331114
Senegal,2022,0.3470702259485525,0.2804788898331114
Senegal,2023,0.3470702259485525,0.2804788898331114
Senegal,2024,0.3470702259485525,0.2804788898331114
Senegal,2025,0.3470702259485525,0.2804788898331114
Sudan,1971,0.27373655161466304,0.02811129013291517
Sudan,1972,0.25509484282175676,0.02786931959277511
Sudan,1973,0.228265630054406,0.02450325883438803
Sudan,1974,0.2026636748133078,0.021448051365206222
Sudan,1975,0.17712677846184705,0.018375527002212594
Sudan,1976,0.15271479078350114,0.015813193240327483
Sudan,1977,0.12889742573321672,0.013540168995374663
Sudan,1978,0.10553180564767412,0.011507306920343963
Sudan,1979,0.080339465623468,0.00848354589199768
Sudan,1980,0.051340929152613235,0.0030223959150865176
Sudan,1981,0.018452491396659998,-0.005189188063525307
Sudan,1982,-0.015396522110557032,-0.01396840740075772
Sudan,1983,-0.049208458916487785,-0.022725664837275894
Sudan,1984,-0.0850971071147969,-0.0326698219854169
Sudan,1985,-0.13436151510735383,-0.04678103665880917
Sudan,1986,-0.31439436296479784,-0.06294389528086974
Sudan,1987,-0.5388626619512156,-0.08926244850589993
Sudan,1988,-0.7669539292305214,-0.11590028058184065
Sudan,1989,-1.000714223117976,-0.14283122267734127
Sudan,1990,-0.9900493174769875,-0.1679333841401313
Sudan,1991,-0.8353469476689541,-0.15992403620800083
Sudan,1992,-0.7408017835971493,-0.15460743620885464
Sudan,1993,-0.6675707998509702,-0.1439532578894329
Sudan,1994,-0.6020945008670517,-0.13304344567784238
Sudan,1995,-0.5421722942768079,-0.12392370096510616
Sudan,1996,-0.4837023732739955,-0.1151882500984572
Sudan,1997,-0.43142295549792403,-0.10862995213918392
Sudan,1998,-0.3791598528827709,-0.10203251830535792
Sudan,1999,-0.3244924243593422,-0.09379289310804018
Sudan,2000,-0.27413957609932155,-0.08746846765863443
Sudan,2001,-0.2485077854163649,-0.08679073549437731
Sudan,2002,-0.22620885147456657,-0.08740247327113211
Sudan,2003,-0.2041100097222786,-0.08789437989610048
Sudan,2004,-0.182947674934463,-0.088798837115105
Sudan,2005,-0.16773884527161878,-0.09192267803934143
Sudan,2006,-0.16616505403014983,-0.09644479476295073
Sudan,2007,-0.16476973717755697,-0.10106939026786252
Sudan,2008,-0.16334468826452136,-0.10567386941437283
Sudan,2009,-0.1630416584900574,-0.11090179160198374
Sudan,2010,-0.16306273926636522,-0.11631494533990505
Sudan,2011,-0.1653162385221692,-0.12295330585054608
Sudan,2012,-0.16002081411936947,-0.12657047581763242
Sudan,2013,-0.15461203560810338,-0.13012856977410325
Sudan,2014,-0.1395693908411561,-0.1294146851494427
Sudan,2015,-0.12500213919941539,-0.12897773454275455
Sudan,2016,-0.10998602787519629,-0.12828101182564855
Sudan,2017,-0.09628167576566993,-0.12837789507710645
Sudan,2018,-0.08197225403860597,-0.12826204711953298
Sudan,2019,-0.0674807277274121,-0.12804223797441586
Sudan,2020,-0.0674807277274121,-0.12804223797441586
Sudan,2021,-0.0674807277274121,-0.12804223797441586
Sudan,2022,-0.0674807277274121,-0.12804223797441586
Sudan,2023,-0.0674807277274121,-0.12804223797441586
Vietnam,1971,0.6547292978837957,0.38731726883821926
Vietnam,1972,0.6447705035232528,0.3503888059770123
Vietnam,1973,0.6780133559730424,0.32316762409341804
Vietnam,1974,0.7806478824548712,0.3107042953411424
Vietnam,1975,0.895339318755758,0.3004695400421777
Vietnam,1976,1.0208487682130372,0.28213091489797865
Vietnam,1977,0.8402422940480483,0.25479924276725396
Vietnam,1978,0.7001184229711889,0.232664995582456
Vietnam,1979,0.5995889562524382,0.22332568719970367
Vietnam,1980,0.5801934420790996,0.2230343865998311
Vietnam,1981,0.7286079286767431,0.22380227347187076
Vietnam,1982,0.8685599163459252,0.21650308978991237
Vietnam,1983,1.0076901841420913,0.20876787073551806
Vietnam,1984,1.2103390966835166,0.2076234879208854
Vietnam,1985,1.5296868780991655,0.211107632879271
Vietnam,1986,2.309795684636107,0.2333576247706458
Vietnam,1987,2.0758717278136505,0.20439542506712022
Vietnam,1988,1.1754960280301094,0.1349946202929153
Vietnam,1989,0.480232912974757,0.045338566811437025
Vietnam,1990,-0.03249741199771877,-0.035401898612247504
Vietnam,1991,0.1855236315263889,0.15454745701137743
Vietnam,1992,0.3557478517729826,0.2970560443030249
Vietnam,1993,0.44268670186413916,0.37211358997249666
Vietnam,1994,0.5205159334759286,0.4275663136061138
Vietnam,1995,0.5880552885552018,0.471443466492918
Vietnam,1996,0.6670994800513678,0.5176103267165005
Vietnam,1997,0.6984212852134605,0.5424945377144035
Vietnam,1998,0.7074938656248322,0.5581208082647818
Vietnam,1999,0.754848881026102,0.5875092511129464
Vietnam,2000,0.8040069066293988,0.6133822474691576
Vietnam,2001,0.7682528565243609,0.5847755184068073
Vietnam,2002,0.736839129831161,0.5568612222950224
Vietnam,2003,0.7162626547312749,0.5265990655836141
Vietnam,2004,0.7434835643091391,0.512365859603418
Vietnam,2005,0.7495074737260274,0.48370308938888096
Vietnam,2006,0.6432246876986235,0.42796439350152243
Vietnam,2007,0.5236897526374376,0.3668391912251642
Vietnam,2008,0.40385486150696515,0.30542331556313806
Vietnam,2009,0.2926504080901805,0.24714416890333102
Vietnam,2010,0.19228338672926837,0.19358677453981504
Vietnam,2011,0.08494247802590538,0.13675173127304896
Vietnam,2012,-0.007706550320861039,0.08831937781037402
Vietnam,2013,-0.10062593176482285,0.039757793740518535
Vietnam,2014,-0.13573872775289464,0.02380088633257181
Vietnam,2015,-0.15705460860479115,0.01589853828521661
Vietnam,2016,-0.17570934396251178,0.009674775630162585
Vietnam,2017,-0.20970918973988342,0.002630567989660361
Vietnam,2018,-0.2474464064977378,-0.005640070013436268
Vietnam,2019,-0.24055834758968309,-0.003773702013677018
Vietnam,2020,-0.24055834758968309,-0.003773702013677018
Vietnam,2021,-0.24055834758968309,-0.003773702013677018
Vietnam,2022,-0.24055834758968309,-0.003773702013677018
Vietnam,2023,-0.24055834758968309,-0.003773702013677018
Vietnam,2024,-0.24055834758968309,-0.003773702013677018
Vietnam,2025,-0.24055834758968309,-0.003773702013677018
Afghanistan,1971,0.21952620725247474,0.05662340415414441
Afghanistan,1972,0.21973346537479838,0.058766672627174346
Afghanistan,1973,0.21993443217976233,0.059220062643454884
Afghanistan,1974,0.2201346670298644,0.05922255215105937
Afghanistan,1975,0.2203530919031213,0.0602955537442975
Afghanistan,1976,0.22057325135076705,0.06179052431409923
Afghanistan,1977,0.22079332061286605,0.06320830510235564
Afghanistan,1978,0.2210152271830601,0.06498550388390084
Afghanistan,1979,0.22125661209070446,0.06788659259804164
Afghanistan,1980,0.22153730577333364,0.07520712117246792
Afghanistan,1981,0.2217721335356947,0.07710853473458858
Afghanistan,1982,0.22200640537033267,0.07880612363943908
Afghanistan,1983,0.22224068628902566,0.08050617809275812
Afghanistan,1984,0.22247298838301416,0.08150356149545283
Afghanistan,1985,0.22270634243741094,0.0826122925827601
Afghanistan,1986,0.22294197015358436,0.08379113095863439
Afghanistan,1987,0.22319044685666223,0.0879624627169744
Afghanistan,1988,0.22343580754951164,0.0908585455122849
Afghanistan,1989,0.22368877304202267,0.09558866999891172
Afghanistan,1990,0.22395254765211914,0.10290139858312414
Afghanistan,1991,0.2242700609875818,0.11301725407625923
Afghanistan,1992,0.2246281436452021,0.13140517991803616
Afghanistan,1993,0.22478436840301477,0.1427756575146103
Afghanistan,1994,0.22491443158653596,0.14857127173943452
Afghanistan,1995,0.22504330954956964,0.15384451297611668
Afghanistan,1996,0.22517465013552596,0.15979749216336647
Afghanistan,1997,0.22536024455050907,0.1668706491631921
Afghanistan,1998,0.22554705127200814,0.17429142134834488
Afghanistan,1999,0.22573407739410303,0.18173464521025906
Afghanistan,2000,0.2259200657652567,0.18883044876807556
Afghanistan,2001,0.22610240729932107,0.19470822929473908
Afghanistan,2002,0.22626241130000987,0.20026588168858922
Afghanistan,2003,0.22629098961397615,0.2055620202029601
Afghanistan,2004,0.22631000795444484,0.20884448091235602
Afghanistan,2005,0.2263204630089337,0.21041240359133206
Afghanistan,2006,0.22632250984355617,0.2104549531841624
Afghanistan,2007,0.22632396157997672,0.2103237123204798
Afghanistan,2008,0.2263255194885089,0.21022446799387862
Afghanistan,2009,0.22632562084789679,0.20968959009961902
Afghanistan,2010,0.2263243847848959,0.20877861006377468
Afghanistan,2011,0.22632445872244833,0.20825074987406147
Afghanistan,2012,0.22632561297753995,0.20803138388012496
Afghanistan,2013,0.2263267533384532,0.207807776380002
Afghanistan,2014,0.22633425151778266,0.20937802593085103
Afghanistan,2015,0.22634155913484563,0.21088485999652815
Afghanistan,2016,0.22634764846611663,0.21205250539143627
Afghanistan,2017,0.2263439302459281,0.21106289617649063
Afghanistan,2018,0.22634019058599888,0.2100667042393706
Afghanistan,2019,0.22633728234910142,0.20931337520724683
Afghanistan,2020,0.22633728234910142,0.20931337520724683
Afghanistan,2021,0.22633728234910142,0.20931337520724683
Afghanistan,2022,0.22633728234910142,0.20931337520724683
Afghanistan,2023,0.22633728234910142,0.20931337520724683
Argentina,1971,-1.5431323453919803,-1.1740654018000611
Argentina,1972,-1.4736916579061394,-1.032174845625332
Argentina,1973,-1.4042451268557752,-0.8772285311133903
Argentina,1974,-1.3129099162667066,-0.6809511897449674
Argentina,1975,-1.222818708980125,-0.5078129145299881
Argentina,1976,-1.1353375659452694,-0.3729906043957467
Argentina,1977,-1.0507517198574936,-0.2390556951068159
Argentina,1978,-0.9644745375209196,-0.09594812550941834
Argentina,1979,-0.8784145120128468,0.04212469950673026
Argentina,1980,-0.7942513002550473,0.15182331539612842
Argentina,1981,-0.7168590845953757,0.14478680983638897
Argentina,1982,-0.6394082915085013,0.14695710556766597
Argentina,1983,-0.5618443635641368,0.1532532981033149
Argentina,1984,-0.49870504869159515,0.15462012638286035
Argentina,1985,-0.4597245587864972,0.149198347802087
Argentina,1986,-0.4222476424040409,0.14268709935097593
Argentina,1987,-0.3874597091553147,0.08808510779530757
Argentina,1988,-0.35395498466656783,0.004798047368543612
Argentina,1989,-0.32001044240417287,-0.026734568645479923
Argentina,1990,-0.28618891452336803,-0.021831376438494005
Argentina,1991,-0.2643227632387106,0.22146992785414846
Argentina,1992,-0.2547210529878746,0.33231459852862294
Argentina,1993,-0.25713472025296835,0.22813284227910086
Argentina,1994,-0.25999359072789163,0.1875740620416922
Argentina,1995,-0.26410663301115483,0.10959787521364517
Argentina,1996,-0.26807493124733617,0.0474948717525584
Argentina,1997,-0.27187819550076336,-0.0007407309769071335
Argentina,1998,-0.2756256205419411,-0.04523564307381722
Argentina,1999,-0.27892982899495505,-0.06266278917310647
Argentina,2000,-0.2831901249123091,-0.11984548906592868
Argentina,2001,-0.2898161198210039,-0.27861304122668296
Argentina,2002,-0.2969023419500349,-0.4590682607979766
Argentina,2003,-0.30227975436805243,-0.588361962521755
Argentina,2004,-0.30592035483918073,-0.6675149497557697
Argentina,2005,-0.3084149797837442,-0.7074134455178605
Argentina,2006,-0.31044315981057563,-0.7293674877437597
Argentina,2007,-0.31241912351711904,-0.7490002264449207
Argentina,2008,-0.31438655329846743,-0.7685239597526203
Argentina,2009,-0.3157683481602774,-0.7649733562313741
Argentina,2010,-0.3171768886179885,-0.7639067353948776
Argentina,2011,-0.3178872046228052,-0.7379968338659605
Argentina,2012,-0.3190463170852952,-0.7463075747806842
Argentina,2013,-0.32020071823410795,-0.7543781094097324
Argentina,2014,-0.3204664695692399,-0.7482805760100817
Argentina,2015,-0.3206574786144789,-0.742060527632997
Argentina,2016,-0.32092754068557644,-0.7406426194238885
Argentina,2017,-0.3210953331832024,-0.7463052687190804
Argentina,2018,-0.3212852609380812,-0.7530774131356816
Argentina,2019,-0.32136266631389276,-0.7548710679381806
Argentina,2020,-0.32136266631389276,-0.7548710679381806
Argentina,2021,-0.32136266631389276,-0.7548710679381806
Argentina,2022,-0.32136266631389276,-0.7548710679381806
Argentina,2023,-0.32136266631389276,-0.7548710679381806
Argentina,2024,-0.32136266631389276,-0.7548710679381806
Argentina,2025,-0.32136266631389276,-0.7548710679381806
Ethiopia,1971,0.3071989378554893,0.18751694346049608
Ethiopia,1972,0.3084486788116776,0.1798726929001994
Ethiopia,1973,0.27867759550950283,0.16520168126735416
Ethiopia,1974,0.44908392576407996,0.1720347382096559
Ethiopia,1975,1.3358560382191682,0.1964708626682407
Ethiopia,1976,1.2637678112649382,0.19794376623659296
Ethiopia,1977,0.9234406092579917,0.17705963048052753
Ethiopia,1978,0.5880832865517309,0.15656805403090895
Ethiopia,1979,0.3359550333431074,0.14422805166516314
Ethiopia,1980,0.2402288306165688,0.14240651647753083
Ethiopia,1981,0.16116571805435986,0.1283970621987194
Ethiopia,1982,0.10662919550618022,0.11743809284865615
Ethiopia,1983,0.052507792411625356,0.10653483316085083
Ethiopia,1984,0.021348301173515997,0.09973684522361831
Ethiopia,1985,0.004195716720997036,0.09745598464623358
Ethiopia,1986,0.010890266101637874,0.10779397533556899
Ethiopia,1987,0.015691782242320873,0.13057429422410807
Ethiopia,1988,0.22989115260738033,0.1874586410271636
Ethiopia,1989,0.24632225486133932,0.21705458425295432
Ethiopia,1990,0.4840407754698427,0.2725433026777878
Ethiopia,1991,5.6388711672749,0.44408379814554944
Ethiopia,1992,3.6227806903745283,0.5412527424643063
Ethiopia,1993,1.8052786967376693,0.494287613083825
Ethiopia,1994,1.8566671794943985,0.49424159271582013
Ethiopia,1995,1.3421992776867444,0.4322422453688639
Ethiopia,1996,0.6396029189335084,0.3370034088894844
Ethiopia,1997,0.4311397368318679,0.27253766969629745
Ethiopia,1998,0.24441571644967436,0.21053147692121948
Ethiopia,1999,0.09230209183490784,0.15236390842552677
Ethiopia,2000,-0.04663219025480571,0.09695428886967596
Ethiopia,2001,-0.020312471893750066,0.0721309973329706
Ethiopia,2002,-0.01571673819094529,0.044890689331443356
Ethiopia,2003,-0.008049978955657802,0.01974105068887086
Ethiopia,2004,0.012692760093804087,-0.0031209674559031925
Ethiopia,2005,0.07122438689661692,-0.021230665043850627
Ethiopia,2006,-0.24597125762158106,-0.06728534739719177
Ethiopia,2007,-0.3323488292869943,-0.1054982333062297
Ethiopia,2008,-0.4227864877606377,-0.14411365658726644
Ethiopia,2009,-0.5907305406492175,-0.1911629816861138
Ethiopia,2010,-0.7455706885405272,-0.23573087533625678
Ethiopia,2011,-0.5478086991877524,-0.24582159499463932
Ethiopia,2012,-0.5264874200957564,-0.2712176187998145
Ethiopia,2013,-0.5051852295076711,-0.2966143922857393
Ethiopia,2014,-0.5623796222457605,-0.32020608007844564
Ethiopia,2015,-0.5268057064073408,-0.331062504026968
Ethiopia,2016,-0.5344374144526167,-0.34704047219873446
Ethiopia,2017,-0.48535275600973676,-0.3513700396019973
Ethiopia,2018,-0.4109403958189719,-0.3533415544962742
Ethiopia,2019,0.43350400130944067,-0.3479533908537992
Ethiopia,2020,0.43350400130944067,-0.3479533908537992
Ethiopia,2021,0.43350400130944067,-0.3479533908537992
Ethiopia,2022,0.43350400130944067,-0.3479533908537992
Ethiopia,2023,0.43350400130944067,-0.3479533908537992
Ethiopia,2024,0.43350400130944067,-0.3479533908537992
Ethiopia,2025,0.43350400130944067,-0.3479533908537992
India,1971,0.5651537962975303,0.2799369243894785
India,1972,0.564838314662124,0.2794693702476081
India,1973,0.5645274508600641,0.2790573047575056
India,1974,0.5642204317543779,0.2786662299096393
India,1975,0.5639335942444403,0.27839182199809426
India,1976,0.5635289682527802,0.27808350122434505
India,1977,0.5631134827943418,0.2776195623395575
India,1978,0.5627091145520577,0.27716037841203095
India,1979,0.5622556438561734,0.2766780931230687
India,1980,0.561813465186771,0.2763352406401159
India,1981,0.5614066925701402,0.27643453031695464
India,1982,0.5609991967143694,0.27650438267323296
India,1983,0.5605917593819181,0.2765755426242914
India,1984,0.5601877361342232,0.27668661328426936
India,1985,0.5597807597305596,0.2766605028703023
India,1986,0.5593762063797695,0.27647741422620575
India,1987,0.5589971923090757,0.27660889260829447
India,1988,0.5586263543486708,0.2767993510448089
India,1989,0.5582729988513011,0.2772378696219051
India,1990,0.5579438181520275,0.27799789100974376
India,1991,0.5577421905231429,0.27675641974817755
India,1992,0.5576142907002375,0.27560487494291414
India,1993,0.5575354833885896,0.27457226166176024
India,1994,0.5574852318242276,0.27387958359405684
India,1995,0.5574303700851018,0.27298377556044007
India,1996,0.5573800576367242,0.27215646240386954
India,1997,0.5573275583575673,0.27124869536317714
India,1998,0.5572744440219137,0.27032099268449167
India,1999,0.5572282286877709,0.2695091515677194
India,2000,0.5571905026048799,0.2688456135022843
India,2001,0.5571927626025328,0.2686821639701149
India,2002,0.5571960971785912,0.26853358592395393
India,2003,0.5572022648564295,0.26839262483669896
India,2004,0.557210172767034,0.26824982661785735
India,2005,0.5572249104293552,0.2682296345294424
India,2006,0.5572410365057733,0.26822042758603537
India,2007,0.557257350055042,0.26821419941788754
India,2008,0.5572744199724265,0.2682243738551397
India,2009,0.5572922002455908,0.26823823002367475
India,2010,0.5573092600930675,0.2682308259680262
India,2011,0.5573345634067465,0.2683672166772903
India,2012,0.5573621849239745,0.26850234366925646
India,2013,0.55739006065662,0.2686426858545759
India,2014,0.5574281025402038,0.26889934703705004
India,2015,0.5574321071626938,0.2690830019020722
India,2016,0.557422327605824,0.26924204190145623
India,2017,0.5574013290088965,0.26916362160822344
India,2018,0.5573800783329772,0.26908364049178246
India,2019,0.5573581268036597,0.26898409061237843
India,2020,0.5573581268036597,0.26898409061237843
India,2021,0.5573581268036597,0.26898409061237843
India,2022,0.5573581268036597,0.26898409061237843
India,2023,0.5573581268036597,0.26898409061237843
India,2024,0.5573581268036597,0.26898409061237843
India,2025,0.5573581268036597,0.26898409061237843
Kenya,1971,0.20121176077661077,0.16713118930036555
Kenya,1972,-0.058587655313740786,0.0712543126113708
Kenya,1973,-0.05082319806828156,0.07871907755907578
Kenya,1974,0.21853080382107337,0.2041218267068416
Kenya,1975,0.309539507329451,0.2783781142727915
Kenya,1976,0.18885698320246164,0.28699557961845806
Kenya,1977,0.25730170341331615,0.35736277612720924
Kenya,1978,0.30117919977540214,0.4207740015848772
Kenya,1979,0.5704427574291026,0.5558724222177569
Kenya,1980,0.8339008360566292,0.6823104412212976
Kenya,1981,0.5113944246217663,0.44996894644375107
Kenya,1982,0.1118931070694753,0.19120847157868504
Kenya,1983,-0.3343097997174296,-0.073301621324595
Kenya,1984,-0.9479395818067211,-0.3380771804597328
Kenya,1985,-0.44654114042465803,-0.2836653956047825
Kenya,1986,-0.2311368900578421,-0.1542138878128594
Kenya,1987,0.15482922581507785,0.1235175643551335
Kenya,1988,0.3610878864265554,0.332473115967793
Kenya,1989,0.13896324201219173,0.40294964280513595
Kenya,1990,1.1515270890375369,1.108195956306675
Kenya,1991,0.9948226764569802,0.9856460675591063
Kenya,1992,5.542607225218197,2.1260781770576673
Kenya,1993,2.8884683568536818,2.21367551177113
Kenya,1994,1.405883803164644,1.7616711293322833
Kenya,1995,1.3515431674496041,1.6520440324199444
Kenya,1996,1.244710967890569,1.5789030741833712
Kenya,1997,1.5966530900506593,1.6632139148927065
Kenya,1998,1.5840213763632445,1.668580765390569
Kenya,1999,2.0642827503074974,1.829506042467222
Kenya,2000,3.7179118192365475,2.266087368957085
Kenya,2001,5.5392442801151205,2.2301224800992485
Kenya,2002,8.197874813353828,2.2752993267727226
Kenya,2003,7.52499617585393,2.1091971676159558
Kenya,2004,4.474323638271225,1.7030091381583918
Kenya,2005,2.995140468506725,1.3721872043624037
Kenya,2006,2.6742666209719754,1.163554830114176
Kenya,2007,2.2938578052552328,0.9286994743204039
Kenya,2008,2.1623631475491276,0.7372792652334397
Kenya,2009,3.0764006708845577,0.6778771343651377
Kenya,2010,4.24708606677563,0.6486489167020879
Kenya,2011,1.8497410766724338,0.3851631632428105
Kenya,2012,0.706859998055243,0.1277101438669832
Kenya,2013,-0.43572191226048174,-0.12969253260907648
Kenya,2014,0.23368376992951514,0.032854473503741335
Kenya,2015,0.3619849771100949,0.06701140189029814
Kenya,2016,0.4652718175026019,0.0895767578847923
Kenya,2017,0.8742938881440391,0.1190396845844094
Kenya,2018,1.2578707587722184,0.14149898927798066
Kenya,2019,1.0137838774693482,0.1055606347147619
Kenya,2020,1.0137838774693482,0.1055606347147619
Kenya,2021,1.0137838774693482,0.1055606347147619
Kenya,2022,1.0137838774693482,0.1055606347147619
Kenya,2023,1.0137838774693482,0.1055606347147619
Kenya,2024,1.0137838774693482,0.1055606347147619
Kenya,2025,1.0137838774693482,0.1055606347147619
North Korea,1971,0.05192186661458417,0.029546296194383675
North Korea,1972,0.05175728652365752,0.02935406564711074
North Korea,1973,0.05056432913326203,0.0287347472225582
North Korea,1974,0.04919398980447609,0.027885051855479293
North Korea,1975,0.0478281478158008,0.027039270144324057
North Korea,1976,0.04646442313975507,0.026191496233465728
North Korea,1977,0.04506036815811121,0.025291114453247943
North Korea,1978,0.04366992679965709,0.024406970722990418
North Korea,1979,0.04229156663778877,0.023536025777822767
North Korea,1980,0.04093821967856415,0.02268005049904534
North Korea,1981,0.0393570657187996,0.021506807266215067
North Korea,1982,0.037817126453573546,0.020381858483789456
North Korea,1983,0.03627507702413468,0.01925427363436899
North Korea,1984,0.034755941662714784,0.01814980868969082
North Korea,1985,0.033256474527384616,0.017061053020242023
North Korea,1986,0.0317993542289523,0.015999204749106682
North Korea,1987,0.030427070877952295,0.015009389341191226
North Korea,1988,0.029082967533576393,0.01403935758613363
North Korea,1989,0.027714248109572043,0.013021275076749078
North Korea,1990,0.026400891322127255,0.012045416364743416
North Korea,1991,0.025652489207862207,0.011221188870373761
North Korea,1992,0.025164878739510236,0.010548567416003612
North Korea,1993,0.025786495204456285,0.011002420170737838
North Korea,1994,0.02654439508608307,0.011592172680890002
North Korea,1995,0.02704263903579414,0.01187494190095325
North Korea,1996,0.026875318760239734,0.011828163233722629
North Korea,1997,0.026581065209054833,0.011630569311647014
North Korea,1998,0.02631248201950819,0.011464007699633925
North Korea,1999,0.02633519136290422,0.011584438209052628
North Korea,2000,0.026361492305055773,0.01170542984339485
North Korea,2001,0.02651184695733072,0.011961312705347175
North Korea,2002,0.0267122340607712,0.012276910207562183
North Korea,2003,0.026897271028834463,0.012567222751141669
North Korea,2004,0.0269066526968859,0.012653985917130862
North Korea,2005,0.02689336062302852,0.012709509708695586
North Korea,2006,0.02689663104031423,0.01278347735375693
North Korea,2007,0.026897799992817682,0.012854667027590137
North Korea,2008,0.02689975382568314,0.012926707448503784
North Korea,2009,0.026875545853870638,0.012964989924650179
North Korea,2010,0.026923778646690814,0.013081144491982962
North Korea,2011,0.026924981492750952,0.013135111137951438
North Korea,2012,0.026889211421723735,0.013137574405022783
North Korea,2013,0.026851107777459474,0.013137362361511518
North Korea,2014,0.02676609707685917,0.013066558778991247
North Korea,2015,0.026699932623161657,0.013017792051518371
North Korea,2016,0.02663679085304793,0.012972491937022013
North Korea,2017,0.0265995142548106,0.012954613372590504
North Korea,2018,0.026561262622692938,0.012935508208266177
North Korea,2019,0.026617037431458046,0.013002791961803295
North Korea,2020,0.026617037431458046,0.013002791961803295
North Korea,2021,0.026617037431458046,0.013002791961803295
North Korea,2022,0.026617037431458046,0.013002791961803295
North Korea,2023,0.026617037431458046,0.013002791961803295
North Korea,2024,0.026617037431458046,0.013002791961803295
North Korea,2025,0.026617037431458046,0.013002791961803295
South Korea,1971,4.126304005225998,3.900811559038755
South Korea,1972,4.1191890512923415,3.977936242013974
South Korea,1973,4.056908338847761,3.8888779913121145
South Korea,1974,3.976603983985988,3.684866048077274
South Korea,1975,3.9065706369767477,3.530102449505058
South Korea,1976,3.8489957358301305,3.4308735346872576
South Korea,1977,3.802220735314659,3.38294017705716
South Korea,1978,3.756313865709677,3.3397186602546785
South Korea,1979,3.719386858939715,3.3404299645125892
South Korea,1980,3.7417377895125155,3.597029099823443
South Korea,1981,3.6262096402549746,3.4178898698329183
South Korea,1982,3.4703715880177946,3.1732357867051078
South Korea,1983,3.3172506108954583,2.9401930728802554
South Korea,1984,3.1702094597598283,2.7245936484043636
South Korea,1985,3.0203460506958733,2.457201962807231
South Korea,1986,2.8666146838787676,2.035743540902466
South Korea,1987,2.8003688409638863,1.7997577111232017
South Korea,1988,2.473459434168923,1.3536395840912077
South Korea,1989,1.583233488827748,0.7948188108761969
South Korea,1990,0.7141557935549634,0.1600523090464671
South Korea,1991,0.7646105274101427,0.5117271952912521
South Korea,1992,0.9117556442914134,0.9391342156178861
South Korea,1993,1.0563151879660815,1.3833061469887469
South Korea,1994,1.0559031640867778,1.4291600226821735
South Korea,1995,1.0570777851510447,1.5288815287526725
South Korea,1996,1.0447875524718446,1.5722453409523336
South Korea,1997,1.0212632602641911,1.5682893487528249
South Korea,1998,0.9867593700887015,1.5180974921387693
South Korea,1999,0.8883844005215917,1.2947046971219982
South Korea,2000,0.7809254659992788,1.034547041502444
South Korea,2001,0.6864135084885264,0.8820392225642703
South Korea,2002,0.5929726054483758,0.7382555936812576
South Korea,2003,0.49802627251343357,0.5954511124659473
South Korea,2004,0.4137221284117757,0.5157835120244695
South Korea,2005,0.3287358169588419,0.43552577968581885
South Korea,2006,0.24645569573366533,0.37380620127473535
South Korea,2007,0.16405670775256032,0.31160364179140726
South Korea,2008,0.081973802561733,0.25149683960013125
South Korea,2009,0.07461984666446245,0.2813409077084995
South Korea,2010,0.0687314371757475,0.3208279808343247
South Korea,2011,0.06325497391156529,0.37441193439121073
South Korea,2012,0.05839497633705312,0.45183471829148364
South Korea,2013,0.05374075650513488,0.5304657463843103
South Korea,2014,-0.02656140050487865,0.3339795393329684
South Korea,2015,-0.10938352419587394,0.12870693802925093
South Korea,2016,-0.1932717108679416,-0.08203206811566405
South Korea,2017,-0.232587651682942,-0.13387401887557254
South Korea,2018,-0.23963842787648704,-0.16652589641761756
South Korea,2019,-0.251337360721464,-0.22395776053937355
South Korea,2020,-0.251337360721464,-0.22395776053937355
South Korea,2021,-0.251337360721464,-0.22395776053937355
South Korea,2022,-0.251337360721464,-0.22395776053937355
South Korea,2023,-0.251337360721464,-0.22395776053937355
South Korea,2024,-0.251337360721464,-0.22395776053937355
South Korea,2025,-0.251337360721464,-0.22395776053937355
Lebanon,1971,-0.01935141552977332,-0.025202098129119832
Lebanon,1972,-0.019465229419186852,-0.026384387723669522
Lebanon,1973,-0.019571022766616847,-0.027431095583160536
Lebanon,1974,-0.019671126227975705,-0.02838557375822673
Lebanon,1975,-0.01977779884310582,-0.029465405455871896
Lebanon,1976,-0.019960821758201575,-0.031562769787789324
Lebanon,1977,-0.020182454405056727,-0.034268964084787024
Lebanon,1978,-0.020405768043575412,-0.03700687096882804
Lebanon,1979,-0.020622763346500816,-0.03963443875247524
Lebanon,1980,-0.02087744937169625,-0.043015668397533624
Lebanon,1981,-0.021081739680508527,-0.0457417576252758
Lebanon,1982,-0.021290314016927103,-0.048555285406156695
Lebanon,1983,-0.021499376010865046,-0.05137800720354421
Lebanon,1984,-0.021754485105357046,-0.05501783701783164
Lebanon,1985,-0.022010203985094123,-0.05872245136841345
Lebanon,1986,-0.022269424819004457,-0.06266587661544729
Lebanon,1987,-0.02253453756170573,-0.0669670532613752
Lebanon,1988,-0.022803001805053777,-0.07146834067128036
Lebanon,1989,-0.023061848203477946,-0.07596525537857607
Lebanon,1990,-0.023257738275181752,-0.07964518614026674
Lebanon,1991,-0.022774766930482637,-0.0782120954633544
Lebanon,1992,-0.021804194238081442,-0.07076021888929193
Lebanon,1993,-0.020849576262333178,-0.06470415070814925
Lebanon,1994,-0.020025627154164366,-0.06088287498599776
Lebanon,1995,-0.019158058893840674,-0.05635933592823583
Lebanon,1996,-0.01829864713224133,-0.05202069569310492
Lebanon,1997,-0.017456154614634678,-0.04801097140253066
Lebanon,1998,-0.016600366936963595,-0.043775028839569664
Lebanon,1999,-0.01575769871869595,-0.03980706891941542
Lebanon,2000,-0.01492481463099981,-0.03604091222509925
Lebanon,2001,-0.014200377562489042,-0.03398692525157583
Lebanon,2002,-0.013494683616886077,-0.03225674755364714
Lebanon,2003,-0.012757672629480202,-0.029982513374854636
Lebanon,2004,-0.012023170491675755,-0.027772024266746007
Lebanon,2005,-0.011345929968385238,-0.02636157938531606
Lebanon,2006,-0.011106175012051071,-0.02517821142234201
Lebanon,2007,-0.010904588504040351,-0.024128115338146478
Lebanon,2008,-0.010699392273400353,-0.02301221066459376
Lebanon,2009,-0.010452054493423613,-0.021322584236295655
Lebanon,2010,-0.010261604781385235,-0.019909242924981085
Lebanon,2011,-0.01005911200887136,-0.01827908320879332
Lebanon,2012,-0.0099095284068815,-0.017513149311393496
Lebanon,2013,-0.00975991831001781,-0.016746718421653456
Lebanon,2014,-0.009608382913248798,-0.015963513085707717
Lebanon,2015,-0.009400240919374608,-0.014517028565783456
Lebanon,2016,-0.009192953199802713,-0.013087001324564229
Lebanon,2017,-0.009036239753908156,-0.012477624768282887
Lebanon,2018,-0.008883296270032847,-0.011885041126128586
Lebanon,2019,-0.008775313761117481,-0.011532116661296155
Lebanon,2020,-0.008775313761117481,-0.011532116661296155
Lebanon,2021,-0.008775313761117481,-0.011532116661296155
Lebanon,2022,-0.008775313761117481,-0.011532116661296155
Lebanon,2023,-0.008775313761117481,-0.011532116661296155
Lebanon,2024,-0.008775313761117481,-0.011532116661296155
Lebanon,2025,-0.008775313761117481,-0.011532116661296155
Nigeria,1971,2.1784562359571527,1.6008618869997768
Nigeria,1972,2.054557571394106,1.3133493327533672
Nigeria,1973,1.951688524564888,1.1884796256324914
Nigeria,1974,1.8616052886095464,1.188250930503907
Nigeria,1975,1.773661621493524,1.2154116391734502
Nigeria,1976,1.68841828393486,1.2597664411782108
Nigeria,1977,1.6050376763079883,1.3279265356869177
Nigeria,1978,1.5210115354501565,1.3838174457283399
Nigeria,1979,1.4326030955392004,1.3676627097887974
Nigeria,1980,1.2117716122775635,1.1760706173660909
Nigeria,1981,0.9844746420424331,0.8455595771863129
Nigeria,1982,0.7606776826254587,0.571239845206487
Nigeria,1983,0.5368638945815598,0.2965343906700886
Nigeria,1984,0.34158130216506377,0.17958790074186332
Nigeria,1985,0.31469500994324545,0.19547301713457738
Nigeria,1986,0.30175387499483103,0.43609826915530725
Nigeria,1987,0.2606528011994655,0.3278275067334754
Nigeria,1988,0.21940627021317266,0.23653828416637215
Nigeria,1989,0.18253632701610972,0.2373873257619024
Nigeria,1990,0.13172587584747592,-0.006111525881313261
Nigeria,1991,0.17855795046569523,0.05923301413185837
Nigeria,1992,0.23671890615748292,-0.08142687897378333
Nigeria,1993,0.3546890410091683,0.22545607914856935
Nigeria,1994,0.4279099084286511,0.04161546592354079
Nigeria,1995,0.5365955199087612,0.14693275460381705
Nigeria,1996,0.6569793088323034,0.41850523417725033
Nigeria,1997,0.777819545780993,0.6841564743077957
Nigeria,1998,0.895958679359897,0.9068069986309791
Nigeria,1999,0.9681450175489442,1.0222253829739434
Nigeria,2000,0.9562077834603456,1.090944834978325
Nigeria,2001,0.9247411109242663,0.8638065952621691
Nigeria,2002,0.8947414006056016,0.6636041887480162
Nigeria,2003,0.867503191190829,0.48848165213026185
Nigeria,2004,0.8499932862775466,0.43790751502567277
Nigeria,2005,0.8386573594942567,0.4761010625631008
Nigeria,2006,0.8303919636309127,0.5587499180877168
Nigeria,2007,0.821983402541787,0.637615834439566
Nigeria,2008,0.8137859254783496,0.7202673389224267
Nigeria,2009,0.8059663612965173,0.8079778070316608
Nigeria,2010,0.7985200364365344,0.9033382226547515
Nigeria,2011,0.7799956153706704,0.8497506156926156
Nigeria,2012,0.752681875076205,0.6361373863395853
Nigeria,2013,0.7253372962998212,0.42189862914603554
Nigeria,2014,0.7126460830918175,0.36631850690937406
Nigeria,2015,0.7042474711842353,0.37756739739467704
Nigeria,2016,0.6953565783695462,0.3767666529943322
Nigeria,2017,0.6843269980730264,0.30032819786300274
Nigeria,2018,0.6731440016434193,0.22082517631160176
Nigeria,2019,0.6619171186367965,0.13752308597122742
Nigeria,2020,0.6619171186367965,0.13752308597122742
Nigeria,2021,0.6619171186367965,0.13752308597122742
Nigeria,2022,0.6619171186367965,0.13752308597122742
Nigeria,2023,0.6619171186367965,0.13752308597122742
Nigeria,2024,0.6619171186367965,0.13752308597122742
Nigeria,2025,0.6619171186367965,0.13752308597122742
Philippines,1971,5.289771046246452,5.264916460416948
Philippines,1972,5.330842318212383,5.096421755146229
Philippines,1973,5.149576643910166,4.889576751065656
Philippines,1974,4.91459922661266,4.223109729469899
Philippines,1975,4.6837411480049065,3.5927996399927764
Philippines,1976,4.463067230559946,3.014072425228815
Philippines,1977,4.249834300949417,2.4814199007671234
Philippines,1978,4.034724116810191,1.9245914593440214
Philippines,1979,3.825463789932977,1.390320800420019
Philippines,1980,3.674862137755139,0.9788229413576948
Philippines,1981,3.712494829707998,1.0311657237573668
Philippines,1982,3.751611339308226,1.0340838593990298
Philippines,1983,3.792054335134968,1.05143049225966
Philippines,1984,3.847563831690717,1.021847574020124
Philippines,1985,3.9397373169631775,1.0433675295983413
Philippines,1986,4.147441317990978,1.262856644963723
Philippines,1987,3.6128896805952175,1.3040396015742424
Philippines,1988,2.6589622659912955,1.2122216517871385
Philippines,1989,1.699971654246875,0.5783214714008026
Philippines,1990,0.8072645511421457,0.14538150931480442
Philippines,1991,0.5312190219196772,-0.036857159346846684
Philippines,1992,0.43029269895948413,0.024013798284877666
Philippines,1993,0.37622156001467527,-0.24776613825975113
Philippines,1994,0.38152768723173275,-0.18145390336123068
Philippines,1995,0.3935064208289979,-0.1569247103500656
Philippines,1996,0.4115154567307668,-0.0979074311351612
Philippines,1997,0.434486880118347,-0.004313546061831208
Philippines,1998,0.45777128215370677,0.0884330433154476
Philippines,1999,0.46005331359720636,-0.06213882748814223
Philippines,2000,0.4833866428245365,-0.015120468654617025
Philippines,2001,0.5052167296944791,-0.19097928419575616
Philippines,2002,0.528812943884573,-0.35939417682696456
Philippines,2003,0.5786759632716988,-0.31955201558712487
Philippines,2004,0.6332249493611828,-0.30240444110720893
Philippines,2005,0.7036950953035171,-0.13950710567061142
Philippines,2006,0.7787221284289861,0.04464054877886248
Philippines,2007,0.8541307727479366,0.2315939514743275
Philippines,2008,0.931183433667802,0.43913305892776855
Philippines,2009,1.010094552995167,0.6579670526512913
Philippines,2010,1.0898742012587685,0.8857391522133248
Philippines,2011,1.1373210748690732,0.8762662065763727
Philippines,2012,1.1886573832937974,0.8884759953446448
Philippines,2013,1.2400781327123183,0.9018572071978381
Philippines,2014,1.311314086197494,1.0965706621025941
Philippines,2015,1.3847203925834501,1.3147102546148635
Philippines,2016,1.4568496337430914,1.5147664248346953
Philippines,2017,1.4536527904269445,1.4713222670338877
Philippines,2018,1.4504034065670521,1.4275668058184277
Philippines,2019,1.440169531747842,1.32168337352622
Philippines,2020,1.440169531747842,1.32168337352622
Philippines,2021,1.440169531747842,1.32168337352622
Philippines,2022,1.440169531747842,1.32168337352622
Philippines,2023,1.440169531747842,1.32168337352622
Philippines,2024,1.440169531747842,1.32168337352622
Philippines,2025,1.440169531747842,1.32168337352622
Tanzania,1971,1.0515563200442741,0.7557784384825139
Tanzania,1972,1.0517785840325045,0.7571039041322324
Tanzania,1973,1.0519740611671113,0.7572478728682794
Tanzania,1974,1.0522523617541013,0.7591974170211064
Tanzania,1975,1.052544671507894,0.7614902979692655
Tanzania,1976,1.0529072921561655,0.7654251546417467
Tanzania,1977,1.0532961027955732,0.7700372078473142
Tanzania,1978,1.0536831377762481,0.7745859784346139
Tanzania,1979,1.0541223905523889,0.7802808254980973
Tanzania,1980,1.0546778259425775,0.7887013748950418
Tanzania,1981,1.0552326420319256,0.7951929694782173
Tanzania,1982,1.0557934928395971,0.8017739639814957
Tanzania,1983,1.056363426682112,0.8085029751840126
Tanzania,1984,1.0569808860742083,0.8163900698449245
Tanzania,1985,1.05766220490346,0.8257499196207385
Tanzania,1986,1.0579061495048312,0.8316081833005085
Tanzania,1987,1.0578898635156737,0.8326684682543846
Tanzania,1988,1.0579117147154025,0.8339225728421141
Tanzania,1989,1.058013588185134,0.8365333760222806
Tanzania,1990,1.058347213617631,0.8437934369138398
Tanzania,1991,1.0597219384352006,0.8463211988617885
Tanzania,1992,1.0614741912198467,0.8489953294314933
Tanzania,1993,1.0618408492847218,0.8442808998597964
Tanzania,1994,1.0624336500479143,0.8436718880183014
Tanzania,1995,1.0629987288321483,0.8415004752885314
Tanzania,1996,1.0630993812683518,0.8385477884656265
Tanzania,1997,1.0630822786737197,0.8339663247272965
Tanzania,1998,1.0630772135736946,0.8297146859940595
Tanzania,1999,1.063105040512573,0.826167900803643
Tanzania,2000,1.0631539530207277,0.8230039197967614
Tanzania,2001,1.063188403631634,0.8179763654231801
Tanzania,2002,1.063268629463311,0.8139051981568035
Tanzania,2003,1.0634245619034983,0.8114913661016122
Tanzania,2004,1.0636283537707707,0.8101683074062903
Tanzania,2005,1.0638405151269286,0.8088669818236677
Tanzania,2006,1.064097990464061,0.808639937105047
Tanzania,2007,1.064355455112256,0.8083995694820346
Tanzania,2008,1.0646149215166743,0.808212671477659
Tanzania,2009,1.06488429647521,0.8082321876764259
Tanzania,2010,1.0651545536155373,0.8082448715250846
Tanzania,2011,1.0654266135784007,0.8079745241103508
Tanzania,2012,1.0657789888156568,0.8094687753157691
Tanzania,2013,1.0661313640193713,0.810962897694826
Tanzania,2014,1.0665309237643943,0.8129210084857519
Tanzania,2015,1.0669325825482776,0.8148209127208279
Tanzania,2016,1.0672907593559726,0.8162641526771226
Tanzania,2017,1.067308669310076,0.8163585819555986
Tanzania,2018,1.0673233708687362,0.8163906206848126
Tanzania,2019,1.0673060437129833,0.8159342942303783
Tanzania,2020,1.0673060437129833,0.8159342942303783
Tanzania,2021,1.0673060437129833,0.8159342942303783
Tanzania,2022,1.0673060437129833,0.8159342942303783
Tanzania,2023,1.0673060437129833,0.8159342942303783
Tanzania,2024,1.0673060437129833,0.8159342942303783
Tanzania,2025,1.0673060437129833,0.8159342942303783
Taiwan,1971,1.4601170430251993,1.0124290522784223
Taiwan,1972,1.4602486061471205,1.0110895416128773
Taiwan,1973,1.4604036974235253,1.0128107341035637
Taiwan,1974,1.4605936619537059,1.0190229299660203
Taiwan,1975,1.4607792479980841,1.024329291743069
Taiwan,1976,1.4610053276671144,1.034227895983122
Taiwan,1977,1.4612659837625648,1.0475944105581512
Taiwan,1978,1.4615253581496983,1.0607327633958334
Taiwan,1979,1.4617988281116074,1.0759298783747975
Taiwan,1980,1.4621060475000773,1.0954792585821391
Taiwan,1981,1.4622890548929401,1.1034592482040346
Taiwan,1982,1.462480559230692,1.1127204918142855
Taiwan,1983,1.4626740758461552,1.1222728234012116
Taiwan,1984,1.4628613676613176,1.1302670612313577
Taiwan,1985,1.4630629621695774,1.1398951237335666
Taiwan,1986,1.4633165468653537,1.155984127997288
Taiwan,1987,1.4634809017494215,1.1608766450855499
Taiwan,1988,1.4634787844189625,1.158098793131652
Taiwan,1989,1.4632248920323774,1.1483373647001134
Taiwan,1990,1.4627812839067904,1.1253139295905652
Taiwan,1991,1.4627447129501465,1.105387244411344
Taiwan,1992,1.46306505387946,1.1138923446068547
Taiwan,1993,1.4634203688631326,1.1150428844327254
Taiwan,1994,1.4637298263165943,1.1058864896582703
Taiwan,1995,1.464051582989372,1.0975145281229541
Taiwan,1996,1.4643481943305776,1.0851919956925349
Taiwan,1997,1.4645726778778398,1.0694547608468492
Taiwan,1998,1.464789426722343,1.052494193905954
Taiwan,1999,1.4650007067802593,1.0339408116037334
Taiwan,2000,1.465215320254198,1.0153817995580288
Taiwan,2001,1.4649643941819124,0.9925185208695707
Taiwan,2002,1.46471362024573,0.9694929390009654
Taiwan,2003,1.4644797640467697,0.9482816247914707
Taiwan,2004,1.464267288804547,0.9297323621641018
Taiwan,2005,1.464089719959303,0.915028421560805
Taiwan,2006,1.4639204553879523,0.9013150366093436
Taiwan,2007,1.463750518757622,0.8874523900446103
Taiwan,2008,1.463582274307736,0.8738541869370963
Taiwan,2009,1.4634498599972547,0.8632518042631016
Taiwan,2010,1.463324848613487,0.8537136751070428
Taiwan,2011,1.4632055802408115,0.8442885849272045
Taiwan,2012,1.4630996589533019,0.8359185104093312
Taiwan,2013,1.4629936688965972,0.8275360726835899
Taiwan,2014,1.462922023250934,0.8221312346334588
Taiwan,2015,1.4628645203238226,0.8186248043546619
Taiwan,2016,1.462807368016534,0.8151045409022739
Taiwan,2017,1.4628293055075574,0.817348672448496
Taiwan,2018,1.4628511780243851,0.8195790099325797
Taiwan,2019,1.4628577328653263,0.8208232885223271
Taiwan,2020,1.4628577328653263,0.8208232885223271
Taiwan,2021,1.4628577328653263,0.8208232885223271
Taiwan,2022,1.4628577328653263,0.8208232885223271
Taiwan,2023,1.4628577328653263,0.8208232885223271
Taiwan,2024,1.4628577328653263,0.8208232885223271
Taiwan,2025,1.4628577328653263,0.8208232885223271
Thailand,1971,3.0685189070904917,2.9157080872257852
Thailand,1972,2.9431949907811434,2.783681409059505
Thailand,1973,2.814205592619963,2.6290951949129724
Thailand,1974,2.730865065265154,2.5606611002319974
Thailand,1975,2.635987775720211,2.469609806556822
Thailand,1976,2.5480791611018976,2.4125314326733194
Thailand,1977,2.45065703967387,2.3213660414302213
Thailand,1978,2.3610673716236215,2.2468190323492303
Thailand,1979,2.2728913087842324,2.179872163226551
Thailand,1980,2.1926660053771885,2.153077027862545
Thailand,1981,2.01879700163581,1.9181178342488667
Thailand,1982,1.8490833799272566,1.703402566324832
Thailand,1983,1.67960984147272,1.4900177775701162
Thailand,1984,1.5079471025063795,1.2621964668364807
Thailand,1985,1.3397657798810299,1.0484212746177877
Thailand,1986,1.1822327988702128,0.8721777184603801
Thailand,1987,1.0352685644029715,0.7306838157612133
Thailand,1988,0.8947107358224462,0.6139269776533767
Thailand,1989,0.7383185360216009,0.4021416975233867
Thailand,1990,0.5921469597341283,0.22381572458773663
Thailand,1991,0.5570952852706482,0.15245359189180296
Thailand,1992,0.7221057826978012,0.5957877502004167
Thailand,1993,0.8089609359676038,0.780112896418364
Thailand,1994,0.8351103587128184,0.7916957224543222
Thailand,1995,0.8601446875211198,0.7957600279583105
Thailand,1996,0.8847444208033957,0.79669540083318
Thailand,1997,0.9108290057565054,0.8054185285198318
Thailand,1998,0.9339488785730709,0.7995088151388455
Thailand,1999,0.9517451987369693,0.7633739805539539
Thailand,2000,0.9696313302384432,0.725980867160058
Thailand,2001,1.0005927694436438,0.7484482598219986
Thailand,2002,1.033647502062721,0.7819069312708111
Thailand,2003,1.0764630204231893,0.8634381202382038
Thailand,2004,1.1218132933329354,0.9571239355579606
Thailand,2005,1.1682588266421403,1.0558477209878492
Thailand,2006,1.2140926013201516,1.1504858919431697
Thailand,2007,1.2781836433828409,1.265173440983135
Thailand,2008,1.3407387850185217,1.372971884532991
Thailand,2009,1.3865881284515034,1.4593224672647667
Thailand,2010,1.4326873993554745,1.5471805709191404
Thailand,2011,1.4826982043062653,1.658445816604269
Thailand,2012,1.5220522768628681,1.722441013631027
Thailand,2013,1.5613998355524088,1.7864002580361444
Thailand,2014,1.5917509430827887,1.8087761187211435
Thailand,2015,1.603887482611762,1.8267573990938264
Thailand,2016,1.6136255269097897,1.83336047732135
Thailand,2017,1.623140879687924,1.841422837705975
Thailand,2018,1.632519449807018,1.8487307920424993
Thailand,2019,1.6440068997579487,1.8672161382953725
Thailand,2020,1.6440068997579487,1.8672161382953725
Thailand,2021,1.6440068997579487,1.8672161382953725
Thailand,2022,1.6440068997579487,1.8672161382953725
Thailand,2023,1.6440068997579487,1.8672161382953725
Thailand,2024,1.6440068997579487,1.8672161382953725
Thailand,2025,1.6440068997579487,1.8672161382953725
Uganda,1971,9.038710937512771,7.750606614728885
Uganda,1972,10.071465295400527,7.052440359694909
Uganda,1973,6.1949005420646115,5.004320110140599
Uganda,1974,4.38473799644989,3.4935945668036523
Uganda,1975,3.2976024695491066,2.4073407600003667
Uganda,1976,3.061725698385597,1.7442218424262292
Uganda,1977,3.3786525961984166,1.391388518652405
Uganda,1978,3.7840647969345347,1.1181190251129738
Uganda,1979,4.862499942859383,1.131526612611271
Uganda,1980,13.023639857917132,2.9082760009814557
Uganda,1981,8.619409525817735,1.9467662327304864
Uganda,1982,5.640277330787686,1.3104722844528804
Uganda,1983,2.6594182401732436,0.6650001320476375
Uganda,1984,1.1698397930606834,0.3894553609627477
Uganda,1985,0.4978433927846089,0.18238517131186094
Uganda,1986,2.9661925844391495,2.5853934535243033
Uganda,1987,4.611497441845884,3.665404807077043
Uganda,1988,2.161374047007818,1.9444866970758499
Uganda,1989,0.47146297723209274,0.46970479761943845
Uganda,1990,0.2565629296965771,0.25483613444766207
Uganda,1991,0.6714953334246051,0.6764872954834019
Uganda,1992,0.37318767273470166,0.3510824449995348
Uganda,1993,1.4500986643504354,1.3494808994998444
Uganda,1994,3.7998055702001565,3.347763562885633
Uganda,1995,5.225148328548711,4.281296558231172
Uganda,1996,5.222870380039758,4.044656745436349
Uganda,1997,2.9555090671251953,2.3882202303912408
Uganda,1998,1.1623971467664722,1.03380868614147
Uganda,1999,0.32706053442892635,0.2666459342598989
Uganda,2000,-0.557353074529772,-0.5938785668715264
Uganda,2001,-1.1631845209446616,-1.2510023847301408
Uganda,2002,-1.4246919898252826,-1.5421716450063592
Uganda,2003,-0.8097220685832378,-0.9255836245418103
Uganda,2004,0.1432809708305014,0.030396548481934238
Uganda,2005,0.6109226683775375,0.4586716494771346
Uganda,2006,0.8347345839795903,0.5471267583282718
Uganda,2007,0.6480080054165974,0.4349042950808698
Uganda,2008,0.378950741367313,0.21834081909933578
Uganda,2009,0.0794660567642082,-0.07314186292648722
Uganda,2010,-0.05031969463989139,-0.17589481448091332
Uganda,2011,0.34750314329364257,0.2872112963781501
Uganda,2012,0.8005650664663735,0.7622825084291804
Uganda,2013,1.2664572214390861,1.2528241199352548
Uganda,2014,1.7451137617984849,1.7315964896210172
Uganda,2015,2.1314326753016433,2.0923363711809144
Uganda,2016,2.701967649272233,2.672594625021317
Uganda,2017,2.206523433580773,2.2165601076328185
Uganda,2018,1.6752434952654451,1.723541155690954
Uganda,2019,1.1508045710714854,1.2415457415900888
Uganda,2020,1.1508045710714854,1.2415457415900888
Uganda,2021,1.1508045710714854,1.2415457415900888
Uganda,2022,1.1508045710714854,1.2415457415900888
Uganda,2023,1.1508045710714854,1.2415457415900888
Uganda,2024,1.1508045710714854,1.2415457415900888
Uganda,2025,1.1508045710714854,1.2415457415900888
Venezuela,1971,-0.30990819426833227,-0.4526900839219024
Venezuela,1972,-0.5305854817426081,-0.6025613246043848
Venezuela,1973,-0.43206003243356234,-0.4956250461939454
Venezuela,1974,-0.24759763554088773,-0.3092520221669711
Venezuela,1975,-0.1841925962032356,-0.22940490925422943
Venezuela,1976,-0.159883040263788,-0.20039192611411294
Venezuela,1977,-0.07084227968614742,-0.10114534457642982
Venezuela,1978,0.025820005088557918,0.006793525801752631
Venezuela,1979,0.15685423941317622,0.15372264874986882
Venezuela,1980,0.2732896819603068,0.2830784403266972
Venezuela,1981,0.20143074288110493,0.2171197805975152
Venezuela,1982,0.10555745949596843,0.1241605423773377
Venezuela,1983,0.01172409691529197,0.03357130861233576
Venezuela,1984,-0.17968424694002796,-0.1660184040087289
Venezuela,1985,-0.1405060271883293,-0.14609174459159957
Venezuela,1986,0.024583422003771407,0.014862595857215888
Venezuela,1987,0.2203485679286162,0.19863070641282476
Venezuela,1988,0.5090030401629112,0.47650065986844214
Venezuela,1989,0.37961617607306375,0.37198416266491663
Venezuela,1990,0.19166471274651958,0.19074826407460607
Venezuela,1991,0.1940766613173946,0.19984951402896844
Venezuela,1992,0.14048479709049289,0.18861800098259984
Venezuela,1993,-0.40362159846990936,-0.1585800363563911
Venezuela,1994,-1.0305680903087613,-0.27113403038677425
Venezuela,1995,-2.1325645134806623,-0.5699532901958666
Venezuela,1996,-3.6139751016358463,-1.0257289743195532
Venezuela,1997,-5.583379046072417,-1.6923001020196573
Venezuela,1998,-7.636940018662191,-2.3613828092645557
Venezuela,1999,-10.410430494289015,-2.9091423907605747
Venezuela,2000,-9.977921994633574,-3.3576755369742735
Venezuela,2001,-8.118494464641762,-3.2899239450979407
Venezuela,2002,-6.459747094135405,-3.202281289974274
Venezuela,2003,-5.688028284199152,-3.21411223180267
Venezuela,2004,-5.226669566825953,-3.078673370703298
Venezuela,2005,-4.993081620895793,-2.9034817745469965
Venezuela,2006,-4.076141776413635,-2.5220381636960414
Venezuela,2007,-3.129227007777654,-2.0977353508624828
Venezuela,2008,-2.2257889235694854,-1.7062833734314011
Venezuela,2009,-1.2850058253936263,-1.2408499463348006
Venezuela,2010,-0.3581266930408744,-0.7891233892266949
Venezuela,2011,0.6002861105757957,-0.3654255483861383
Venezuela,2012,1.7018382063566762,0.0008709138139129102
Venezuela,2013,2.809084290213562,0.3726139704596996
Venezuela,2014,2.3170386864463155,0.35484338410851113
Venezuela,2015,1.7096820664696828,0.16846159633466495
Venezuela,2016,1.0610102093605693,-0.07793252214150306
Venezuela,2017,1.2990666804389372,-0.02876804190365012
Venezuela,2018,1.588775035610735,0.024244185526018147
Venezuela,2019,1.5602972479965538,0.050587812942483074
Venezuela,2020,1.5602972479965538,0.050587812942483074
Venezuela,2021,1.5602972479965538,0.050587812942483074
Venezuela,2022,1.5602972479965538,0.050587812942483074
Venezuela,2023,1.5602972479965538,0.050587812942483074
Venezuela,2024,1.5602972479965538,0.050587812942483074
Venezuela,2025,1.5602972479965538,0.050587812942483074
Benin,1971,5.241930319592393,2.6987611660165753
Benin,1972,8.190679259500687,2.647477072399798
Benin,1973,8.830453313383549,2.445489564621705
Benin,1974,6.4746940495333325,2.0438994580862984
Benin,1975,4.8557287499116395,1.7589353307832138
Benin,1976,3.5415160832475356,1.3509516165594477
Benin,1977,2.3763558788767956,0.9252009001752006
Benin,1978,1.239866771115811,0.511306139153906
Benin,1979,0.202309922722736,0.12238466345712312
Benin,1980,-0.04833736098521468,-0.027038056103398392
Benin,1981,-0.10645841864795193,-0.05302645037356945
Benin,1982,-0.11554281435203373,-0.049523369349082656
Benin,1983,-0.12392113510476167,-0.04559873152840535
Benin,1984,-0.10705481685142704,-0.016947648151149186
Benin,1985,0.03876133775056871,0.10484051699900226
Benin,1986,0.2083500554221363,0.2848018463143379
Benin,1987,0.6837343845254324,0.7048509234945906
Benin,1988,1.4073387797933308,1.2718034686467732
Benin,1989,2.9810513401114234,2.2454863253471977
Benin,1990,7.901328718962263,4.517011881558662
Benin,1991,4.316335723679243,3.9522999472095575
Benin,1992,2.6573771525179657,2.7686644435412977
Benin,1993,0.9322343377963488,1.758598051208178
Benin,1994,0.597407927578492,1.286388277340286
Benin,1995,0.6280136247799543,1.1021012355833772
Benin,1996,0.5221142415908728,0.8989835998544203
Benin,1997,0.3600987470668794,0.699371772244878
Benin,1998,0.33708558605046457,0.5681953337875693
Benin,1999,0.3751797308210131,0.5000702416044421
Benin,2000,0.3328512729441791,0.40099624384031535
Benin,2001,0.32434691008118466,0.3589353300166694
Benin,2002,0.18238390436750576,0.24728285721065435
Benin,2003,0.31745045344330114,0.29037363528939364
Benin,2004,-0.17775711615234402,0.07481015138112268
Benin,2005,-0.6039375187907957,-0.08203097281323579
Benin,2006,-0.45057270676226846,-0.04179979287398213
Benin,2007,-0.36121030714944724,-0.03196463839915126
Benin,2008,-0.31113350882517604,-0.042019743574949114
Benin,2009,-0.24924093043257656,-0.03419492180688149
Benin,2010,-0.20237782917591948,-0.03208133196721387
Benin,2011,-0.20479757145465594,-0.03641591500696589
Benin,2012,0.11413502112444873,0.15681162429770856
Benin,2013,0.4364653869270072,0.35192126735254836
Benin,2014,-0.6457884461220189,0.06142341087126979
Benin,2015,-1.7777069591548225,-0.22404003368302494
Benin,2016,-2.632442857274095,-0.4330462261327974
Benin,2017,-3.794128409756972,-0.492573782314974
Benin,2018,-4.97542732562979,-0.5585945562247676
Benin,2019,-6.751750125921454,-0.6399854043820081
Benin,2020,-6.751750125921454,-0.6399854043820081
Benin,2021,-6.751750125921454,-0.6399854043820081
Benin,2022,-6.751750125921454,-0.6399854043820081
Benin,2023,-6.751750125921454,-0.6399854043820081
Benin,2024,-6.751750125921454,-0.6399854043820081
Benin,2025,-6.751750125921454,-0.6399854043820081
Bhutan,1971,0.2318743865327908,-0.3023929183919015
Bhutan,1972,0.23203807254452713,-0.2936178313577388
Bhutan,1973,0.23223467671057968,-0.26225439402399164
Bhutan,1974,0.23243741681893337,-0.23910676171897893
Bhutan,1975,0.23264808718667696,-0.20961411258598062
Bhutan,1976,0.2328622082581263,-0.18267104341117285
Bhutan,1977,0.23308320230124085,-0.15093368298807036
Bhutan,1978,0.23330400871634455,-0.11954130716740546
Bhutan,1979,0.23352516950484475,-0.08965648840883694
Bhutan,1980,0.23375682286308125,-0.06443830046640174
Bhutan,1981,0.2340122165004973,-0.054874733867085704
Bhutan,1982,0.23428580027558482,-0.0325534011013639
Bhutan,1983,0.23455938413021832,-0.010244936694779244
Bhutan,1984,0.23483763090263035,0.012554987463227946
Bhutan,1985,0.2351387791640247,0.053249997255602116
Bhutan,1986,0.2354724169476398,0.11246248870856518
Bhutan,1987,0.23575750789980876,0.12503876847106324
Bhutan,1988,0.2360958141543124,0.17993256572640065
Bhutan,1989,0.23638561690204823,0.19665661667381157
Bhutan,1990,0.23661204479088793,0.15773877095581956
Bhutan,1991,0.2371222663873534,0.23043355403972757
Bhutan,1992,0.23759141154893743,0.25580694587384295
Bhutan,1993,0.23804412344637327,0.271546233669531
Bhutan,1994,0.23851068823849247,0.3078565621516869
Bhutan,1995,0.2390117221766064,0.37884919061367694
Bhutan,1996,0.23951715268944462,0.45741331210854513
Bhutan,1997,0.24003236085679788,0.5494746511057382
Bhutan,1998,0.24054815792714995,0.6429606785402394
Bhutan,1999,0.2409971238694767,0.717554685676039
Bhutan,2000,0.24141647042858133,0.7754851228320989
Bhutan,2001,0.24179364670183884,0.8305528703986114
Bhutan,2002,0.24216259663997897,0.8797681889071777
Bhutan,2003,0.24250908025243845,0.9213656446597004
Bhutan,2004,0.24282406944495533,0.9456905662765546
Bhutan,2005,0.24312338496245844,0.9621114554956037
Bhutan,2006,0.2434437583029488,0.9971016777440953
Bhutan,2007,0.24375755223383377,1.0280731618903944
Bhutan,2008,0.24409792472235062,1.0624351863371457
Bhutan,2009,0.24426656325543314,1.0953059467196553
Bhutan,2010,0.2444192473474028,1.12162220628362
Bhutan,2011,0.2445402362921655,1.1319918219187801
Bhutan,2012,0.24466486816914493,1.1659514731206586
Bhutan,2013,0.24478933044214846,1.199736332336993
Bhutan,2014,0.24480727380012254,1.1959760881734258
Bhutan,2015,0.24481957072298444,1.1922676180167266
Bhutan,2016,0.24483315976680678,1.1913158769972922
Bhutan,2017,0.24482854212064642,1.1912800974408715
Bhutan,2018,0.2448254017600612,1.192506905830677
Bhutan,2019,0.24483698440102677,1.2003786275680808
Bhutan,2020,0.24483698440102677,1.2003786275680808
Bhutan,2021,0.24483698440102677,1.2003786275680808
Bhutan,2022,0.24483698440102677,1.2003786275680808
Bhutan,2023,0.24483698440102677,1.2003786275680808
Bhutan,2024,0.24483698440102677,1.2003786275680808
Bhutan,2025,0.24483698440102677,1.2003786275680808
Burkina Faso,1971,0.21931552345478272,0.2963560442682465
Burkina Faso,1972,0.2735376283262156,0.2424488301100471
Burkina Faso,1973,0.4207377308340303,0.4593314711784217
Burkina Faso,1974,0.625739406841839,0.8767653847688419
Burkina Faso,1975,0.7128818527436055,1.059397409506645
Burkina Faso,1976,0.5982420005667002,0.8182319038428723
Burkina Faso,1977,0.49057042524928796,0.6208506427151058
Burkina Faso,1978,0.4028354746403995,0.4781405917904282
Burkina Faso,1979,0.0008044003246059361,0.06129051415738851
Burkina Faso,1980,-0.5971879845970675,-0.8884650910763352
Burkina Faso,1981,-0.48638807235993375,-0.9382957276328939
Burkina Faso,1982,-0.712654271242574,-1.221088892364939
Burkina Faso,1983,-0.9357170248836164,-1.494487705137817
Burkina Faso,1984,-0.6961555758068947,-1.1031627231801036
Burkina Faso,1985,-0.31056624426529256,-0.4665396513972026
Burkina Faso,1986,0.11831643047983242,0.08922229089132455
Burkina Faso,1987,0.6269281608201852,0.8267551066649769
Burkina Faso,1988,0.5926807215591525,0.6838703837987151
Burkina Faso,1989,0.4990175163050291,0.4539968866263955
Burkina Faso,1990,0.4849774205929208,0.3933046741476617
Burkina Faso,1991,2.16686370070447,2.25193040364857
Burkina Faso,1992,2.934700140965783,3.1719831338622915
Burkina Faso,1993,2.322512629657298,2.212727224035238
Burkina Faso,1994,1.8648202447904145,1.4560484244571428
Burkina Faso,1995,1.8318289290854186,1.3707973702378342
Burkina Faso,1996,1.9130953394623988,1.5108357804905814
Burkina Faso,1997,2.1273216938276125,1.9685273773510228
Burkina Faso,1998,2.396741917542173,2.5809050693586393
Burkina Faso,1999,2.5248895798494675,2.9169396880593585
Burkina Faso,2000,2.425892231987814,2.821785814903149
Burkina Faso,2001,1.956145509346456,2.0341818312349025
Burkina Faso,2002,1.524347681808509,1.3570331311060766
Burkina Faso,2003,1.3291010931446825,1.1141933634708023
Burkina Faso,2004,1.2698311247430525,1.1915605527139659
Burkina Faso,2005,1.225940559867487,1.3018345459414145
Burkina Faso,2006,1.142666086349207,1.3022463463531273
Burkina Faso,2007,1.0316029212112385,1.2296981193310947
Burkina Faso,2008,0.9169747677744101,1.1476345397376522
Burkina Faso,2009,0.8086453135702887,1.1056010495660058
Burkina Faso,2010,0.7166494732619055,1.1217959988981243
Burkina Faso,2011,0.17644112132746637,0.4082216807357173
Burkina Faso,2012,-0.3985719932836118,-0.3219816848887447
Burkina Faso,2013,-0.9739049229116656,-1.052922910143021
Burkina Faso,2014,-1.4621684670087742,-1.6451957990206285
Burkina Faso,2015,-1.5698912088026749,-1.9181658726215587
Burkina Faso,2016,-1.6780780802751047,-2.200330256055774
Burkina Faso,2017,-1.6411987482814574,-2.2426599891042045
Burkina Faso,2018,-1.6013507942688372,-2.276320462910223
Burkina Faso,2019,-1.6759698751594143,-2.437668754817282
Burkina Faso,2020,-1.6759698751594143,-2.437668754817282
Burkina Faso,2021,-1.6759698751594143,-2.437668754817282
Burkina Faso,2022,-1.6759698751594143,-2.437668754817282
Burkina Faso,2023,-1.6759698751594143,-2.437668754817282
Burkina Faso,2024,-1.6759698751594143,-2.437668754817282
Burkina Faso,2025,-1.6759698751594143,-2.437668754817282
Cambodia,1971,8.075702700392268,5.73016163591415
Cambodia,1972,7.7453140162809735,3.9110502271743313
Cambodia,1973,7.452828343552307,3.029703152653606
Cambodia,1974,7.212005578781998,3.1053146388489075
Cambodia,1975,6.98679021707598,3.9898532696286333
Cambodia,1976,6.706539623666665,4.853983052709611
Cambodia,1977,6.384046604782404,5.228171187207567
Cambodia,1978,6.064200976435469,5.82627263451376
Cambodia,1979,5.75202209804021,7.216574149565838
Cambodia,1980,5.4252528591794436,9.08451668286559
Cambodia,1981,4.880296492188898,6.3508235882340625
Cambodia,1982,4.34483245781689,4.27815278789005
Cambodia,1983,3.809430114479367,2.2121277624554847
Cambodia,1984,3.2955959607984306,0.8155850771172997
Cambodia,1985,2.815589620995556,0.1350835206433208
Cambodia,1986,2.4216257777359447,0.028145672683184804
Cambodia,1987,2.1216329718721267,0.08755845602537056
Cambodia,1988,1.859638498277163,0.04914490388757405
Cambodia,1989,1.6396157947782442,0.16621313549204775
Cambodia,1990,1.4738112252594107,0.6121110061403943
Cambodia,1991,1.9393470200976655,0.4864444925549328
Cambodia,1992,2.7847894141033116,4.984094024557187
Cambodia,1993,3.273767518373977,7.0431757104318145
Cambodia,1994,3.1211807883560896,5.590422985692147
Cambodia,1995,2.9265534848245625,3.211644203851991
Cambodia,1996,2.7449954127438576,1.746491134367115
Cambodia,1997,2.5767860470292634,1.011932921228537
Cambodia,1998,2.4091619789753045,0.22086529377837782
Cambodia,1999,2.2564711924724197,-0.3706969684104337
Cambodia,2000,2.1241380206656877,-0.3111642528519258
Cambodia,2001,2.0548144907968626,-0.11537492937636223
Cambodia,2002,1.9895323827964193,0.16432333356676976
Cambodia,2003,1.932534685447072,-0.2485193391399067
Cambodia,2004,1.8878976325823182,-0.7270297714034726
Cambodia,2005,1.8545709669514356,-1.1469416452685235
Cambodia,2006,1.83364623524539,-1.2521184871244677
Cambodia,2007,1.8140147972673002,-1.2912008577610732
Cambodia,2008,1.794478160068017,-1.3798298318041087
Cambodia,2009,1.785587730855578,-0.9927574435056485
Cambodia,2010,1.77979255732065,-0.44874150231902177
Cambodia,2011,1.7867905604548144,0.13875583685083925
Cambodia,2012,1.8074540499590386,0.8252374181205063
Cambodia,2013,1.8283805210619333,1.5381490561959068
Cambodia,2014,1.8566661878851063,2.504726930838475
Cambodia,2015,1.8805386873942254,3.151456825747549
Cambodia,2016,1.9033082244477355,3.7353704496757705
Cambodia,2017,1.9052265012861733,3.4424067444708157
Cambodia,2018,1.9089056873661685,3.188093823944881
Cambodia,2019,1.9025831407972433,2.5972936220570437
Cambodia,2020,1.9025831407972433,2.5972936220570437
Cambodia,2021,1.9025831407972433,2.5972936220570437
Cambodia,2022,1.9025831407972433,2.5972936220570437
Cambodia,2023,1.9025831407972433,2.5972936220570437
Cambodia,2024,1.9025831407972433,2.5972936220570437
Cambodia,2025,1.9025831407972433,2.5972936220570437
Indonesia,1971,0.22522529254427134,0.13333902024695676
Indonesia,1972,0.22527242950908288,0.118956742176903
Indonesia,1973,0.22532041611912382,0.10670986130690258
Indonesia,1974,0.2253675304064049,0.08935902733305323
Indonesia,1975,0.22541564431070976,0.07513930060368923
Indonesia,1976,0.2254588899300952,0.05086978308094037
Indonesia,1977,0.2255026394631987,0.028025586758925858
Indonesia,1978,0.22554869858961954,0.006438487345713173
Indonesia,1979,0.22559431927709495,-0.017393110060173245
Indonesia,1980,0.22564514132450691,-0.03091876344133157
Indonesia,1981,0.22570223360376035,-0.035553894322877824
Indonesia,1982,0.22576021506235405,-0.03742415797714822
Indonesia,1983,0.22581815440171882,-0.039463576962555154
Indonesia,1984,0.22587757015214738,-0.03781321540394256
Indonesia,1985,0.22593852137681084,-0.03362488346711365
Indonesia,1986,0.2260061301945034,-0.014332489430823492
Indonesia,1987,0.22607767212935054,0.008020197690848885
Indonesia,1988,0.22615016847517977,0.028516063195624164
Indonesia,1989,0.22622569912455162,0.05516303742257467
Indonesia,1990,0.22630390870826178,0.08440194303905338
Indonesia,1991,0.22640964105232492,0.08295094542459976
Indonesia,1992,0.22652422914474912,0.07113624266045485
Indonesia,1993,0.22666266506596222,0.10732867235740313
Indonesia,1994,0.22680361016176095,0.1463518553371432
Indonesia,1995,0.22694495898278616,0.18540121641301058
Indonesia,1996,0.22708609402833965,0.22328722439979506
Indonesia,1997,0.22722674131993037,0.25923651898309463
Indonesia,1998,0.22736500738926152,0.29221667752208463
Indonesia,1999,0.22744670312639473,0.32428311894355644
Indonesia,2000,0.2274711760173291,0.3561235545624953
Indonesia,2001,0.22748280128879,0.3691928539416205
Indonesia,2002,0.22749293917817814,0.378015566676115
Indonesia,2003,0.227506063292297,0.39781419468447116
Indonesia,2004,0.22751882957197822,0.4175511541405097
Indonesia,2005,0.22752767434438087,0.42946128738802547
Indonesia,2006,0.22753632736392912,0.4414403382657782
Indonesia,2007,0.227544682028545,0.45237552728886987
Indonesia,2008,0.22755326547858662,0.46423345125059173
Indonesia,2009,0.227561431154344,0.4750052244703251
Indonesia,2010,0.22756938488878942,0.4851195512294917
Indonesia,2011,0.22757523959133316,0.48948262041623813
Indonesia,2012,0.22758172252363035,0.49900871861283824
Indonesia,2013,0.22758822372917367,0.5086078276788137
Indonesia,2014,0.22758918229941977,0.5054415974640701
Indonesia,2015,0.2275908805715525,0.5057206890527342
Indonesia,2016,0.2275932277853052,0.5082621893012387
Indonesia,2017,0.22759463156821977,0.5096389755654718
Indonesia,2018,0.2275958747217806,0.5107958588639011
Indonesia,2019,0.22759566986883903,0.5095197403579146
Indonesia,2020,0.22759566986883903,0.5095197403579146
Indonesia,2021,0.22759566986883903,0.5095197403579146
Indonesia,2022,0.22759566986883903,0.5095197403579146
Indonesia,2023,0.22759566986883903,0.5095197403579146
Indonesia,2024,0.22759566986883903,0.5095197403579146
Indonesia,2025,0.22759566986883903,0.5095197403579146
Mozambique,1971,1.2877846565377082,0.34435390113230724
Mozambique,1972,1.39011200331063,0.2915217438794252
Mozambique,1973,1.5312239800182905,0.2389106370991591
Mozambique,1974,1.739498016500923,0.19091363167471478
Mozambique,1975,1.9864694019120854,0.19333285141891882
Mozambique,1976,1.7371760996682402,0.17873292121225082
Mozambique,1977,1.5182606477812308,0.1963180193810033
Mozambique,1978,1.3020162441864152,0.21888576008092456
Mozambique,1979,1.0861502473384212,0.21919430666055265
Mozambique,1980,0.9486610431422575,0.24068079162082034
Mozambique,1981,0.9734730811120627,0.26531058225476867
Mozambique,1982,1.0224820605126137,0.33165378609343354
Mozambique,1983,1.0716761525401768,0.3983485566493698
Mozambique,1984,1.1389211078060257,0.45872162249942294
Mozambique,1985,1.2322988874907361,0.4950459561537194
Mozambique,1986,1.500943359555826,0.6874844764379182
Mozambique,1987,2.0213063275089347,1.1142356081451819
Mozambique,1988,2.457039215155875,1.3930419913772631
Mozambique,1989,3.0594407079564707,1.783845064878928
Mozambique,1990,4.143039917691772,2.803693337794195
Mozambique,1991,3.244014363588048,2.669310521851112
Mozambique,1992,2.964053988756826,2.384840614536782
Mozambique,1993,3.39452502195642,2.56857746055841
Mozambique,1994,3.9276488618590006,2.57483642283945
Mozambique,1995,3.739451516584128,2.524868047153647
Mozambique,1996,3.406463936644514,2.3888599797897836
Mozambique,1997,3.0871873451747196,2.2326008820464085
Mozambique,1998,2.779768633461376,2.096629160000255
Mozambique,1999,2.387979336603359,1.809602515555794
Mozambique,2000,2.0815917694925634,1.5975098800301368
Mozambique,2001,1.8074873306661992,1.3178917111322976
Mozambique,2002,1.5506538598337207,1.0677325013122039
Mozambique,2003,1.3526138263051335,0.886054925874274
Mozambique,2004,1.1858533171347834,0.7427385518986435
Mozambique,2005,1.0112745215248222,0.553997783802469
Mozambique,2006,0.8920943782926704,0.4338021366569108
Mozambique,2007,0.7731716905305258,0.3129599273906233
Mozambique,2008,0.6566889891359246,0.1972864451601598
Mozambique,2009,0.5493378218735745,0.09353002665493537
Mozambique,2010,0.4473860010674233,-3.4562937172133434e-05
Mozambique,2011,0.39458587711384957,-0.02093321567708792
Mozambique,2012,0.3866719051802549,0.02738637377369707
Mozambique,2013,0.37856515907124333,0.07519453678491342
Mozambique,2014,0.4085497285180735,0.15136798103236654
Mozambique,2015,0.45183052131721724,0.2549881091135274
Mozambique,2016,0.48881467557778224,0.3424750529314983
Mozambique,2017,0.5226414984608335,0.4085843980399213
Mozambique,2018,0.5548315231229816,0.47377094767928407
Mozambique,2019,0.5751567319248354,0.5151770267986133
Mozambique,2020,0.5751567319248354,0.5151770267986133
Mozambique,2021,0.5751567319248354,0.5151770267986133
Mozambique,2022,0.5751567319248354,0.5151770267986133
Mozambique,2023,0.5751567319248354,0.5151770267986133
Mozambique,2024,0.5751567319248354,0.5151770267986133
Mozambique,2025,0.5751567319248354,0.5151770267986133
Nepal,1971,0.4661273302426988,0.5818897762255362
Nepal,1972,0.4248929098212471,0.585114813695149
Nepal,1973,0.38800017250605057,0.5892316921681967
Nepal,1974,0.39618135147280814,0.5966738250192893
Nepal,1975,0.4129497479076755,0.6047062322279878
Nepal,1976,0.45512764488114854,0.6144577746426816
Nepal,1977,0.5146197302437785,0.6252301325328855
Nepal,1978,0.5754149125814716,0.6360706098248997
Nepal,1979,0.627397347557568,0.6465642577683919
Nepal,1980,0.785724871564051,0.6621864961304919
Nepal,1981,0.5576085318502801,0.659975314590429
Nepal,1982,0.46531108013895434,0.6627401867310898
Nepal,1983,0.37995758567817006,0.6658119222708033
Nepal,1984,0.34937798298215456,0.6724242943787173
Nepal,1985,0.36922654016799894,0.683394968677282
Nepal,1986,0.5450911036530953,0.70726334575937
Nepal,1987,1.0141460815299996,0.7484020225013888
Nepal,1988,1.7289897861703554,0.7977011573692522
Nepal,1989,2.925129540094719,0.8560716897769386
Nepal,1990,5.2938486372065805,0.9231426379980546
Nepal,1991,4.689483155442618,0.9071827223643105
Nepal,1992,1.8697628364129377,0.8391175458678721
Nepal,1993,1.0183085367049542,0.7671164480201154
Nepal,1994,0.5289142313413002,0.7037230037116429
Nepal,1995,0.07995220233079425,0.6436788152454094
Nepal,1996,-0.32942883448588745,0.587237295223352
Nepal,1997,-0.6882903290080538,0.5351512776562488
Nepal,1998,-1.047545481425118,0.4836123416088809
Nepal,1999,-1.4948789952115416,0.4337516047504884
Nepal,2000,-2.013302068015579,0.3868385886783743
Nepal,2001,-2.4827200604694797,0.3597334944595937
Nepal,2002,-2.92483040414731,0.33620278568958517
Nepal,2003,-2.768440893237241,0.32390485697364674
Nepal,2004,-2.3580600266329697,0.3225876786425568
Nepal,2005,-2.1145478686401753,0.3204278198850717
Nepal,2006,-1.9220882918639066,0.3206536020245799
Nepal,2007,-1.830502764426793,0.32006869671793403
Nepal,2008,-1.068062014134441,0.32112102758680705
Nepal,2009,-0.677613669484114,0.3173591641351669
Nepal,2010,-0.3282365857534013,0.3121104779319477
Nepal,2011,0.07846931668025658,0.31154046172490485
Nepal,2012,0.4538823231965734,0.31066288467205394
Nepal,2013,0.8371065865436502,0.3100853514428708
Nepal,2014,0.18544302864469686,0.29183161987405204
Nepal,2015,-0.11646785752508593,0.2800781948173399
Nepal,2016,-0.29577483683389566,0.2715486236718283
Nepal,2017,-0.40521468515369535,0.2684170045509886
Nepal,2018,-0.5070051595421164,0.26562285630955884
Nepal,2019,-0.7062933555009278,0.2604201894988707
Nepal,2020,-0.7062933555009278,0.2604201894988707
Nepal,2021,-0.7062933555009278,0.2604201894988707
Nepal,2022,-0.7062933555009278,0.2604201894988707
Nepal,2023,-0.7062933555009278,0.2604201894988707
Nepal,2024,-0.7062933555009278,0.2604201894988707
Nepal,2025,-0.7062933555009278,0.2604201894988707
Nicaragua,1971,4.147534488605256,2.731730351503569
Nicaragua,1972,3.882460036782087,1.813908341966155
Nicaragua,1973,3.74891875813896,1.3198822556116037
Nicaragua,1974,3.8317782769382167,1.5095568047579064
Nicaragua,1975,3.9528348461956404,1.8675241713836641
Nicaragua,1976,4.164205651082968,2.5875863685059177
Nicaragua,1977,4.418413550159486,3.5285674240219578
Nicaragua,1978,4.6721713204813,4.4616462699526735
Nicaragua,1979,4.932948579283592,5.439227511295448
Nicaragua,1980,5.181190589692901,6.6052088847362525
Nicaragua,1981,4.67007418533734,5.458221677080895
Nicaragua,1982,4.249981773167482,4.780437872033824
Nicaragua,1983,3.8322284566022455,4.112351384741719
Nicaragua,1984,3.4615228932832434,3.8494750857680233
Nicaragua,1985,2.857362819433626,2.0434726509620527
Nicaragua,1986,2.6402794689840627,1.3405848042500315
Nicaragua,1987,2.8068594828742235,1.5554669370557277
Nicaragua,1988,3.1667919382759773,2.3572594125690287
Nicaragua,1989,3.5339599682955813,2.502484897382125
Nicaragua,1990,4.348519927783754,4.809792759581836
Nicaragua,1991,2.3303432935604222,1.906503671167802
Nicaragua,1992,1.1042903313029369,0.28193550949751506
Nicaragua,1993,0.8041116257482429,0.4538098199736266
Nicaragua,1994,0.5476027413486186,0.28504101366886964
Nicaragua,1995,0.2837017464181013,-0.1265045763312962
Nicaragua,1996,0.005697508132199713,-0.7670457091755446
Nicaragua,1997,-0.2196837606723675,-1.1277708923236136
Nicaragua,1998,-0.4063009091227596,-1.2360281309925778
Nicaragua,1999,-0.611463591397885,-1.7344213780494129
Nicaragua,2000,-0.7001275663300831,-1.631995867655592
Nicaragua,2001,-0.6108737530625923,-1.1035312686589789
Nicaragua,2002,-0.5411526048166135,-0.7671800993128158
Nicaragua,2003,-0.5275987470058024,-0.9633762362794042
Nicaragua,2004,-0.5012147249454404,-1.1700008243827202
Nicaragua,2005,-0.4929151701227047,-1.6604317339157257
Nicaragua,2006,-0.4551287735398303,-2.0670797636110194
Nicaragua,2007,-0.3360347718165526,-2.239979213623499
Nicaragua,2008,-0.22700518972604344,-2.4206935510321195
Nicaragua,2009,-0.038916270240376916,-2.1925466505130804
Nicaragua,2010,0.16140643863027115,-1.9179279112959786
Nicaragua,2011,0.4748827994889213,-1.215669050789519
Nicaragua,2012,0.9316680766422083,0.10326960043982414
Nicaragua,2013,1.3944251249426298,1.4620596808448147
Nicaragua,2014,1.3955277570999545,1.436151482909057
Nicaragua,2015,1.4042282250889535,1.4807760303922661
Nicaragua,2016,1.4022659366978065,1.4360573483455317
Nicaragua,2017,1.356758623834133,1.022886464288863
Nicaragua,2018,1.31028063689827,0.604811991993327
Nicaragua,2019,1.2138165930886031,0.16292259314136093
Nicaragua,2020,1.2138165930886031,0.16292259314136093
Nicaragua,2021,1.2138165930886031,0.16292259314136093
Nicaragua,2022,1.2138165930886031,0.16292259314136093
Nicaragua,2023,1.2138165930886031,0.16292259314136093
Nicaragua,2024,1.2138165930886031,0.16292259314136093
Nicaragua,2025,1.2138165930886031,0.16292259314136093
Niger,1971,0.6961770747629261,1.1455413517991966
Niger,1972,0.749590703690545,1.1525686378044566
Niger,1973,0.8058459074352633,1.160420670580002
Niger,1974,0.8700457068680302,1.1701260070896524
Niger,1975,0.9397500187227222,1.1808072224994979
Niger,1976,0.9987945934447352,1.1900705111830636
Niger,1977,1.058706646162685,1.199543940146542
Niger,1978,1.118515857434581,1.2089985793983715
Niger,1979,1.1793765326468935,1.218674222495379
Niger,1980,1.2529189285997167,1.2308599812561558
Niger,1981,1.3444040208614476,1.2464499840239653
Niger,1982,1.4369505398163893,1.2622322092126046
Niger,1983,1.5296504229792416,1.2780438940272236
Niger,1984,1.627827415932448,1.2947817759458269
Niger,1985,1.7319875445550459,1.3123671535875636
Niger,1986,1.8687941460699928,1.3349741094157161
Niger,1987,2.040309424154517,1.362370502326777
Niger,1988,2.2017148903775023,1.387533894569391
Niger,1989,2.3207405082767503,1.409306115304565
Niger,1990,2.398073650975491,1.4267757181408651
Niger,1991,2.2870977660870087,1.4169311280207182
Niger,1992,2.2911295073723936,1.4098059444694
Niger,1993,2.4076836944553044,1.410532944184211
Niger,1994,2.3749309474361175,1.407448830073327
Niger,1995,2.3564588615449784,1.4057365106873179
Niger,1996,2.3390152574519987,1.4037280834892008
Niger,1997,2.3841580780982103,1.4032151095248033
Niger,1998,2.4365219512404295,1.4035549626629884
Niger,1999,2.4965290530067943,1.4047597484926047
Niger,2000,2.5673535120273323,1.4073469928545665
Niger,2001,2.5308446842193275,1.4070621745309682
Niger,2002,2.4966184932996556,1.4070546887796653
Niger,2003,2.471062191779567,1.4078536328456603
Niger,2004,2.449335747922137,1.4087941589160975
Niger,2005,2.4205375629079366,1.4083046073460497
Niger,2006,2.3988779333835746,1.4087990867915867
Niger,2007,2.3769330300632836,1.4092191655808164
Niger,2008,2.355932949713969,1.4097995585919483
Niger,2009,2.3388346341656696,1.410942785495029
Niger,2010,2.336247276166929,1.41291319649694
Niger,2011,2.320776719114935,1.4129088119525461
Niger,2012,2.278675593859791,1.4104837108314157
Niger,2013,2.2368790770841365,1.4080997035650467
Niger,2014,2.2421085055725434,1.4097269295663146
Niger,2015,2.2504736071026366,1.4117884926197373
Niger,2016,2.258328853884527,1.4137177209003073
Niger,2017,2.2645468905333663,1.4148030464916648
Niger,2018,2.2706063554902443,1.4158666929621906
Niger,2019,2.2735724405379356,1.4164689710773153
Niger,2020,2.2735724405379356,1.4164689710773153
Niger,2021,2.2735724405379356,1.4164689710773153
Niger,2022,2.2735724405379356,1.4164689710773153
Niger,2023,2.2735724405379356,1.4164689710773153
Niger,2025,2.2735724405379356,1.4164689710773153
Zambia,1971,2.0762606800872976,1.2410883225859866
Zambia,1972,3.363660721945805,1.2468064422173486
Zambia,1973,5.240170827855829,1.205105086007119
Zambia,1974,2.4539488919387904,1.0997275078395938
Zambia,1975,1.9628486793370992,1.0287373665975954
Zambia,1976,1.4253888504758025,0.9186606615006361
Zambia,1977,1.0305994583274463,0.8157871509526144
Zambia,1978,0.6447160435775191,0.7137566007365207
Zambia,1979,0.3066607248280619,0.6180524993258805
Zambia,1980,0.6117144671837103,0.6106016380910351
Zambia,1981,0.5368861248130253,0.558459519845811
Zambia,1982,0.5217856867622674,0.5135332399122023
Zambia,1983,0.5081409961919787,0.4687757639025715
Zambia,1984,0.4132551389678557,0.41257399878825496
Zambia,1985,0.10554535780577569,0.3314725706683696
Zambia,1986,0.10884650106857786,0.3353008797779373
Zambia,1987,0.19434596089229417,0.4226670234684668
Zambia,1988,0.4349144677530249,0.5657023262035887
Zambia,1989,0.32034506783914446,0.6931212367719555
Zambia,1990,1.0807918038801334,1.027373458742915
Zambia,1991,6.005236387775649,1.4563562433541648
Zambia,1992,4.985432371688048,1.6129080886676548
Zambia,1993,1.5162656360382472,1.3839217166682498
Zambia,1994,1.725449908093911,1.3542146715080878
Zambia,1995,1.1605711628198458,1.2088753328304074
Zambia,1996,0.7757896631821453,1.0854400783561546
Zambia,1997,0.6516593387347285,0.9984203107969628
Zambia,1998,0.4177824049055497,0.9008668933457928
Zambia,1999,0.46323990588420283,0.8517649375295341
Zambia,2000,0.7744060130404622,0.8461741825577861
Zambia,2001,0.604682179250742,0.8000445893992625
Zambia,2002,-0.08682062200384458,0.7129623175571005
Zambia,2003,0.14610471972555414,0.7246889432000243
Zambia,2004,0.48997465741428914,0.7772850954830235
Zambia,2005,0.9387678953632648,0.8520325468159595
Zambia,2006,1.0065770891004366,0.8874900874166186
Zambia,2007,1.020684400887127,0.9167550314259525
Zambia,2008,0.9900527079956014,0.940834047846503
Zambia,2009,0.6187409583453714,0.9308663270554317
Zambia,2010,0.4948116918266736,0.944572932128941
Zambia,2011,1.2048082686164234,1.048102245789999
Zambia,2012,2.551484185053041,1.2153427277899733
Zambia,2013,3.934013382950301,1.38544948520479
Zambia,2014,3.786315284279121,1.4309395713538298
Zambia,2015,4.063603394296683,1.4847644577821022
Zambia,2016,4.278433799847727,1.5243890826047324
Zambia,2017,3.322194545729522,1.471391985409094
Zambia,2018,2.337266566322875,1.4158410963238366
Zambia,2019,1.951474097278689,1.384749577028748
Zambia,2020,1.951474097278689,1.384749577028748
Zambia,2021,1.951474097278689,1.384749577028748
Zambia,2022,1.951474097278689,1.384749577028748
Zambia,2023,1.951474097278689,1.384749577028748
Zambia,2024,1.951474097278689,1.384749577028748
Zambia,2025,1.951474097278689,1.384749577028748
Zimbabwe,1971,1.2770039283450032,2.449904624985365
Zimbabwe,1972,0.31820373259155116,1.8153932704592282
Zimbabwe,1973,-0.11600666302397394,1.3441911991347206
Zimbabwe,1974,-0.10214380798913811,1.1109180521308653
Zimbabwe,1975,-0.1666398371297816,0.918076474372983
Zimbabwe,1976,-0.2867710705636394,0.8404228709050309
Zimbabwe,1977,0.04348610230416533,0.8735516048701514
Zimbabwe,1978,0.3083571045562028,0.9010107596911777
Zimbabwe,1979,3.0499383960059907,1.104611811334241
Zimbabwe,1980,11.361733866645277,1.1598939947848061
Zimbabwe,1981,4.844929574422598,0.7326378632884457
Zimbabwe,1982,2.867534691533887,0.4399504950177824
Zimbabwe,1983,0.8708278232324254,0.14400925535319054
Zimbabwe,1984,-0.30342263855634966,-0.1719258368462397
Zimbabwe,1985,-0.7206498449673708,-0.37984598926920443
Zimbabwe,1986,-0.1535773664621947,-0.2268731251750486
Zimbabwe,1987,-1.1561532033286566,-0.33563677681196985
Zimbabwe,1988,1.240744224802624,0.143896072935492
Zimbabwe,1989,0.24420161398690934,0.12626892300044357
Zimbabwe,1990,0.0799649582848,0.0914502837067871
Zimbabwe,1991,0.45752414986983664,0.37904758658387744
Zimbabwe,1992,0.022585212112076425,0.07772762350075069
Zimbabwe,1993,0.05882075476518921,0.052354689512252896
Zimbabwe,1994,0.03872986567902151,0.011506176046286239
Zimbabwe,1995,0.6484380487792742,0.03688380835267174
Zimbabwe,1996,0.5703303175389771,-0.10403959402984436
Zimbabwe,1997,0.3192361106642727,-0.34683129845867633
Zimbabwe,1998,-0.6736524491540168,-0.6761882463194089
Zimbabwe,1999,-0.9207203642212923,-0.928262785389256
Zimbabwe,2000,-2.6112692551188723,-1.3599561561084244
Zimbabwe,2001,-1.8138467561171838,-1.2333992358835029
Zimbabwe,2002,-0.9964263573448299,-1.0780847119472157
Zimbabwe,2003,-1.6413735121706625,-1.0992011650121318
Zimbabwe,2004,-1.577353073198545,-0.9484109996570744
Zimbabwe,2005,-0.14414995708821132,-0.5760048652639613
Zimbabwe,2006,0.5510788247584162,-0.3054125442545792
Zimbabwe,2007,1.4165325678348566,-0.019266413862344844
Zimbabwe,2008,2.468114669117666,0.2820307518281606
Zimbabwe,2009,3.8582432875056596,0.5234848230788747
Zimbabwe,2010,3.4104401892534213,0.7031753843473114
Zimbabwe,2011,1.3434907296796699,0.609422739645372
Zimbabwe,2012,0.8982924315998332,0.5502245773072588
Zimbabwe,2013,0.45242581072648286,0.490922836550011
Zimbabwe,2014,0.5602162321373012,0.5183493073514659
Zimbabwe,2015,0.45181792051370834,0.5166363497919302
Zimbabwe,2016,0.3920217178699643,0.5217958845669642
Zimbabwe,2017,-1.9905775612627763,0.2917909747984141
Zimbabwe,2018,-4.043786510951706,0.08206869634989855
Zimbabwe,2019,-5.274682735843351,-0.05041277273455447
Zimbabwe,2020,-5.274682735843351,-0.05041277273455447
Zimbabwe,2021,-5.274682735843351,-0.05041277273455447
Zimbabwe,2022,-5.274682735843351,-0.05041277273455447
Zimbabwe,2023,-5.274682735843351,-0.05041277273455447
Zimbabwe,2024,-5.274682735843351,-0.05041277273455447
Zimbabwe,2025,-5.274682735843351,-0.05041277273455447
Guinea,1971,1.3120633155681303,0.2541453736852276
Guinea,1972,1.31242753029795,0.25679393567871756
Guinea,1973,1.3128078311101357,0.2673518287785916
Guinea,1974,1.3132186060699076,0.3080331949247718
Guinea,1975,1.3136249673770513,0.333647765922513
Guinea,1976,1.3140379012728831,0.3557857451979788
Guinea,1977,1.3144565027426693,0.38307922451783327
Guinea,1978,1.3148746156400364,0.4086589405128181
Guinea,1979,1.315297574944605,0.439865021679556
Guinea,1980,1.3157583041459446,0.5051542375389371
Guinea,1981,1.3162821453878797,0.5668165227143227
Guinea,1982,1.3168098956189382,0.6327188381043141
Guinea,1983,1.317338062120114,0.6996307055722795
Guinea,1984,1.317883371507364,0.7937290458509824
Guinea,1985,1.318396121209048,0.8410586171707418
Guinea,1986,1.3182817805047247,0.8645129043976674
Guinea,1987,1.3182020678077702,0.8953317981979383
Guinea,1988,1.3181488905211576,0.9573454166328479
Guinea,1989,1.3181200225485423,1.0451835806917917
Guinea,1990,1.3181057496485091,1.126407624745374
Guinea,1991,1.3183764760104202,1.2665675123561009
Guinea,1992,1.318230165257588,1.1347510905230513
Guinea,1993,1.3181694229473582,1.0833315202048506
Guinea,1994,1.318158528800924,1.1035637433916168
Guinea,1995,1.3181219962435888,1.06411542718352
Guinea,1996,1.3180596210771625,0.9828143177689566
Guinea,1997,1.318014958308137,0.9300444174748359
Guinea,1998,1.317963315118203,0.8636913940568333
Guinea,1999,1.3179153015801932,0.7940112235014061
Guinea,2000,1.3178859612508471,0.7520327351032398
Guinea,2001,1.317879053575848,0.7005192914534271
Guinea,2002,1.317869319154133,0.6376497389259146
Guinea,2003,1.3178963764797296,0.6184655275889195
Guinea,2004,1.3179195177511247,0.5713556203655953
Guinea,2005,1.3179576701648332,0.5455967990899853
Guinea,2006,1.317989414034508,0.4957106036359182
Guinea,2007,1.3180187532617211,0.4398723316127581
Guinea,2008,1.3180515146559588,0.3903401249867433
Guinea,2009,1.318121293220369,0.36113409467820257
Guinea,2010,1.3181964236002408,0.3414627533313722
Guinea,2011,1.3180878303810553,0.31160542368668603
Guinea,2012,1.3180054428156756,0.30898076177682604
Guinea,2013,1.3179230692656634,0.3063831868165664
Guinea,2014,1.3178462649644032,0.2420287382330864
Guinea,2015,1.3177831803288853,0.19670362797413238
Guinea,2016,1.3177193295874048,0.147067928904146
Guinea,2017,1.317683603529672,0.12571468570042071
Guinea,2018,1.3176475407513248,0.10345771690216166
Guinea,2019,1.3176145433916784,0.08649412138313756
Guinea,2020,1.3176145433916784,0.08649412138313756
Guinea,2021,1.3176145433916784,0.08649412138313756
Guinea,2022,1.3176145433916784,0.08649412138313756
Guinea,2023,1.3176145433916784,0.08649412138313756
Guinea,2024,1.3176145433916784,0.08649412138313756
Guinea,2025,1.3176145433916784,0.08649412138313756
Ivory Coast,1971,0.6023472083926465,0.49090424912591507
Ivory Coast,1972,0.17500427906315869,0.4874416569354146
Ivory Coast,1973,0.003584516676722972,0.4853826306617566
Ivory Coast,1974,-0.24252251113268194,0.48573098444511875
Ivory Coast,1975,-0.49105431105387815,0.4866764753362127
Ivory Coast,1976,-0.7358936243118842,0.48990816008123605
Ivory Coast,1977,-0.3678419219504672,0.4951192011095056
Ivory Coast,1978,-0.07150727453282993,0.5002979349907096
Ivory Coast,1979,0.18235571517971536,0.5059509871016894
Ivory Coast,1980,1.8853327900119676,0.5160085901789966
Ivory Coast,1981,0.16802452297035994,0.5123960081158208
Ivory Coast,1982,0.029783871592010902,0.5106183811856465
Ivory Coast,1983,-0.0819961851652016,0.5088748681904453
Ivory Coast,1984,0.16204959363284369,0.5093470876223247
Ivory Coast,1985,1.093145207408367,0.5124554628970222
Ivory Coast,1986,0.27417778033641577,0.5062804343179093
Ivory Coast,1987,0.14158055531844083,0.505463414958582
Ivory Coast,1988,0.41316790507297857,0.508781585425525
Ivory Coast,1989,0.36564612931776874,0.5129270629591128
Ivory Coast,1990,3.7007688433489316,0.5235026144894603
Ivory Coast,1991,0.024339320631856738,0.49387381407032427
Ivory Coast,1992,0.0586650513979861,0.4921573836302833
Ivory Coast,1993,1.4182742405005502,0.5173813320945659
Ivory Coast,1994,5.942944667018114,0.5310259095485543
Ivory Coast,1995,4.021145439527355,0.5402827204141122
Ivory Coast,1996,3.7501763071597196,0.5449060170732823
Ivory Coast,1997,2.2179016917979304,0.5454492658626517
Ivory Coast,1998,0.8520126947343509,0.545531999382771
Ivory Coast,1999,2.289704501788467,0.5476957242967716
Ivory Coast,2000,4.336950393099465,0.5463813588489076
Ivory Coast,2001,3.502729843581503,0.5376411509714202
Ivory Coast,2002,1.5088500410098877,0.5265143382017637
Ivory Coast,2003,0.011301618639514774,0.5117681997968395
Ivory Coast,2004,-0.43045426653132446,0.49959033456079827
Ivory Coast,2005,-0.26144962944764194,0.489891851450159
Ivory Coast,2006,0.12716638911566824,0.4816478052160432
Ivory Coast,2007,0.5574862554152569,0.4734928457081967
Ivory Coast,2008,0.6230320170196579,0.46493790845382116
Ivory Coast,2009,0.7022596482008646,0.45623866626519194
Ivory Coast,2010,1.5810993057505107,0.4483103079071205
Ivory Coast,2011,-5.298523151948356,0.4354811843080244
Ivory Coast,2012,-3.0032288530707696,0.42621476969248306
Ivory Coast,2013,-0.7413723259392632,0.4169149345263927
Ivory Coast,2014,-0.5641947329256425,0.41426511190716775
Ivory Coast,2015,-0.5933408655448685,0.41249167431074546
Ivory Coast,2016,0.19649745879770816,0.4117313857089907
Ivory Coast,2017,-0.48717402603399673,0.41012125578600184
Ivory Coast,2018,-1.3885829700451218,0.4083616253069941
Ivory Coast,2019,-3.2120778709000577,0.40598487090918284
Ivory Coast,2020,-3.2120778709000577,0.40598487090918284
Ivory Coast,2021,-3.2120778709000577,0.40598487090918284
Ivory Coast,2022,-3.2120778709000577,0.40598487090918284
Ivory Coast,2023,-3.2120778709000577,0.40598487090918284
Ivory Coast,2024,-3.2120778709000577,0.40598487090918284
Ivory Coast,2025,-3.2120778709000577,0.40598487090918284
Canada,1971,-0.08292389752419403,-0.06713413935907288
Canada,1972,-0.08291705303428909,-0.06710229872275164
Canada,1973,-0.08299132418713959,-0.0671649099210537
Canada,1974,-0.08294371986826865,-0.06707201915116416
Canada,1975,-0.08297180830489283,-0.06706618697778724
Canada,1976,-0.08298280928955575,-0.06703540912301954
Canada,1977,-0.0829143000105329,-0.06690834790756871
Canada,1978,-0.0828468786584644,-0.06678256060577123
Canada,1979,-0.08278554706281868,-0.06666302407093656
Canada,1980,-0.08296318785228399,-0.06681242084225257
Canada,1981,-0.08355274912017727,-0.06743061894024259
Canada,1982,-0.08418371684956404,-0.06809864807621079
Canada,1983,-0.08476579571565057,-0.06874124632102324
Canada,1984,-0.08534598089500317,-0.06937666778568397
Canada,1985,-0.08574655561939454,-0.06979892887611647
Canada,1986,-0.08595709096543165,-0.06997005622089038
Canada,1987,-0.08579078844023767,-0.06967264469848763
Canada,1988,-0.08561832958402447,-0.0693515677630378
Canada,1989,-0.08560587276164011,-0.0692077026298602
Canada,1990,-0.08547628676621635,-0.06888904382111875
Canada,1991,-0.08619879315647183,-0.06897562213407382
Canada,1992,-0.08803728254967141,-0.07018573134400821
Canada,1993,-0.08744322384207888,-0.06961310660814798
Canada,1994,-0.08729219308404071,-0.06951880776120417
Canada,1995,-0.0872301222504174,-0.06952165756308852
Canada,1996,-0.0871977476471068,-0.06955654374619165
Canada,1997,-0.08732423135542888,-0.06976754278697377
Canada,1998,-0.08746731457269,-0.06999851425185961
Canada,1999,-0.08764650516029356,-0.07026913620360403
Canada,2000,-0.08795300740810147,-0.07068659197348781
Canada,2001,-0.08872616914639558,-0.07159819735412057
Canada,2002,-0.08942586271504109,-0.07242255359961294
Canada,2003,-0.09001479190914846,-0.07310583439559448
Canada,2004,-0.09067665910119158,-0.07387405023207974
Canada,2005,-0.09127037536920726,-0.07455562332559611
Canada,2006,-0.09174816407835633,-0.07510108505966481
Canada,2007,-0.09220884737626008,-0.07562551012607327
Canada,2008,-0.09268138185436108,-0.0761643981364767
Canada,2009,-0.09313267863591008,-0.07667533156220187
Canada,2010,-0.0936018540591093,-0.07720793043504953
Canada,2011,-0.09406190150174108,-0.07772445733404452
Canada,2012,-0.09420318025729457,-0.07791604556843494
Canada,2013,-0.09434648479046466,-0.07811002347227536
Canada,2014,-0.0944946698244174,-0.0782956333928548
Canada,2015,-0.09464922329288407,-0.07848748134015529
Canada,2016,-0.09479221951105274,-0.0786645985646023
Canada,2017,-0.09479628422809475,-0.078671487437367
Canada,2018,-0.09480036794773483,-0.07867838864614245
Canada,2019,-0.09483154477683477,-0.07871777556213604
Canada,2020,-0.09483154477683477,-0.07871777556213604
Canada,2021,-0.09483154477683477,-0.07871777556213604
Canada,2022,-0.09483154477683477,-0.07871777556213604
Canada,2023,-0.09483154477683477,-0.07871777556213604
Canada,2024,-0.09483154477683477,-0.07871777556213604
Canada,2025,-0.09483154477683477,-0.07871777556213604
Australia,1971,0.0033228888649845714,-0.001618725402976532
Australia,1972,0.003318371801741049,-0.0016327413413251834
Australia,1973,0.0034977876012441678,-0.0013522565339797593
Australia,1974,0.0036083756107354037,-0.001194005853771024
Australia,1975,0.003831946983818002,-0.0008739970337237057
Australia,1976,0.004142879077443151,-0.0003986984550304329
Australia,1977,0.0045965844224295505,0.00028312461038343395
Australia,1978,0.005119705917161987,0.0010211998523486088
Australia,1979,0.005509477327666601,0.0016005912791526022
Australia,1980,0.005934957299149472,0.0022416586380946332
Australia,1981,0.005958546239933178,0.002288272191972889
Australia,1982,0.0059587716934533155,0.002292050017968141
Australia,1983,0.0059595934009715155,0.002296923684429894
Australia,1984,0.005881152671595599,0.0021603559227998323
Australia,1985,0.0057626308618249356,0.001948245806575294
Australia,1986,0.005168168207190821,0.001007772530824791
Australia,1987,0.004451661167673399,-0.00016590561064955267
Australia,1988,0.0036797285318969503,-0.0014463100454291944
Australia,1989,0.00330268484081285,-0.0021960961652640054
Australia,1990,0.0024280887492448694,-0.0037283860985163966
Australia,1991,0.004121667564342964,-0.002011967472587202
Australia,1992,0.005889091575148976,-0.0002343313899662823
Australia,1993,0.007058134736870451,0.0005365847546306857
Australia,1994,0.008088030439147718,0.001042146258521618
Australia,1995,0.009027424627278017,0.0013798095381231286
Australia,1996,0.009956513401936939,0.0016963255912862112
Australia,1997,0.0109386392799549,0.0021065669540642675
Australia,1998,0.011996860958186355,0.0026248202200002315
Australia,1999,0.013126470144394251,0.003268087558962393
Australia,2000,0.014448338830173806,0.004189702642879782
Australia,2001,0.015489148263164304,0.0046454995606069645
Australia,2002,0.016554699804576807,0.005145433426563484
Australia,2003,0.01772521469253081,0.0058257103603332906
Australia,2004,0.01895284980522145,0.006605896608479113
Australia,2005,0.020175761421949434,0.007374788164562714
Australia,2006,0.021385090030215742,0.008116713578597142
Australia,2007,0.022593032757890177,0.008855941050132767
Australia,2008,0.023829683918376327,0.009640517116031443
Australia,2009,0.02488898875191838,0.010235133008056514
Australia,2010,0.025948125189266067,0.010829007088480683
Australia,2011,0.026784029435101428,0.0111208803293628
Australia,2012,0.027563008588412815,0.011303681512320361
Australia,2013,0.028342724471029698,0.011487827628845926
Australia,2014,0.02786457299624379,0.011177848429625117
Australia,2015,0.027319159363643635,0.010752296280884524
Australia,2016,0.026820340838406415,0.01039897917071067
Australia,2017,0.026519765926342604,0.010341267658261146
Australia,2018,0.02620646918166669,0.01027749810223821
Australia,2019,0.0258387659309648,0.010136578793884346
Australia,2020,0.0258387659309648,0.010136578793884346
Australia,2021,0.0258387659309648,0.010136578793884346
Australia,2022,0.0258387659309648,0.010136578793884346
Australia,2023,0.0258387659309648,0.010136578793884346
Australia,2024,0.0258387659309648,0.010136578793884346
Australia,2025,0.0258387659309648,0.010136578793884346
Botswana,1971,0.02433047689523571,0.01722660179640484
Botswana,1972,0.024566878895845357,0.01760680724166297
Botswana,1973,0.02479327374230139,0.017962715043133154
Botswana,1974,0.02502448505806329,0.018326420213565342
Botswana,1975,0.02525639432227994,0.018691259492783552
Botswana,1976,0.0256241229847452,0.019323828517191055
Botswana,1977,0.026026557048540788,0.02003542556437754
Botswana,1978,0.02642415621584171,0.020736012833889816
Botswana,1979,0.026808787276376034,0.02140686123443336
Botswana,1980,0.027515146730781925,0.022730791936859285
Botswana,1981,0.028357386348191627,0.02433190115417222
Botswana,1982,0.029282601309809086,0.02609561093960866
Botswana,1983,0.030217913540487973,0.027877329107240445
Botswana,1984,0.031185735251499147,0.029733570420270417
Botswana,1985,0.03191991214194337,0.03125306443943465
Botswana,1986,0.032699101377435785,0.032872308880625575
Botswana,1987,0.03327220262736272,0.03410400160441521
Botswana,1988,0.034075250432849924,0.03582681674331442
Botswana,1989,0.034546683935004194,0.037033260188253064
Botswana,1990,0.03500889453025875,0.03822280245356313
Botswana,1991,0.03533070261298406,0.03922044154523609
Botswana,1992,0.03453463582539405,0.038321011317714856
Botswana,1993,0.034852932765084735,0.039097003562253985
Botswana,1994,0.03513461448450891,0.03979747212428282
Botswana,1995,0.03526731336336366,0.04018812798843995
Botswana,1996,0.03520195636929261,0.040270286337740505
Botswana,1997,0.035321152298331486,0.040633628646407655
Botswana,1998,0.03544849495150387,0.04101593633056174
Botswana,1999,0.035099880325946506,0.04109748656937646
Botswana,2000,0.034715276840198685,0.04109838167347474
Botswana,2001,0.034700691929240066,0.04173932297853322
Botswana,2002,0.03483438411932968,0.042561131277688666
Botswana,2003,0.03463263876395678,0.042982769677780086
Botswana,2004,0.03446808597020138,0.043491761224969616
Botswana,2005,0.03417902701453549,0.043772669543312756
Botswana,2006,0.033870393597530316,0.04400995760770414
Botswana,2007,0.033558816898811454,0.0442405409267942
Botswana,2008,0.033247674084396356,0.04447222342629441
Botswana,2009,0.03313060170352278,0.04490229010730547
Botswana,2010,0.03294219040086063,0.0452321347025671
Botswana,2011,0.03265324622224465,0.04535701726712214
Botswana,2012,0.03216873040381214,0.04514315151112226
Botswana,2013,0.031689850456793886,0.04493861349098508
Botswana,2014,0.03121600116297008,0.044756802546763785
Botswana,2015,0.030816259245565143,0.04472231640529303
Botswana,2016,0.030361047786656253,0.04460264029213031
Botswana,2017,0.029868819338378462,0.04440277171026155
Botswana,2018,0.02936843773262938,0.044191358133326634
Botswana,2019,0.028996265002615568,0.04407315863865018
Botswana,2020,0.028996265002615568,0.04407315863865018
Botswana,2021,0.028996265002615568,0.04407315863865018
Botswana,2022,0.028996265002615568,0.04407315863865018
Botswana,2023,0.028996265002615568,0.04407315863865018
Botswana,2024,0.028996265002615568,0.04407315863865018
Botswana,2025,0.028996265002615568,0.04407315863865018
Burundi,1971,0.022582746267599346,0.34539495882182203
Burundi,1972,-0.011230876436319467,0.3455224213475374
Burundi,1973,0.06902934207279968,0.34572860848966175
Burundi,1974,0.01930578368370711,0.34590924672599666
Burundi,1975,0.11668915414965952,0.34615320994642296
Burundi,1976,0.1895814918085943,0.34639830408023664
Burundi,1977,0.18592486555288615,0.3466141092598408
Burundi,1978,0.1498442459686637,0.3468172081768323
Burundi,1979,0.08135025643542869,0.3470097197023027
Burundi,1980,0.04391230589415078,0.3472657645857491
Burundi,1981,0.16011777997907137,0.3477487222498865
Burundi,1982,0.32543133500760346,0.34825724626260673
Burundi,1983,0.5107804736413485,0.3487735342966894
Burundi,1984,0.7591361488980167,0.3493066108142983
Burundi,1985,0.4964058232687555,0.34965406726695686
Burundi,1986,0.47835950430146634,0.35005800424154127
Burundi,1987,0.9108245241401789,0.3506033823761824
Burundi,1988,0.7354486982580082,0.35088387962113743
Burundi,1989,0.7391250329599087,0.3511415530161195
Burundi,1990,0.3795959435509594,0.35112341392836766
Burundi,1991,0.7897626286750135,0.35119286619030043
Burundi,1992,4.5632206677981015,0.35153179558965003
Burundi,1993,5.285407087570386,0.3515264257564733
Burundi,1994,2.460424838910859,0.35132358314040857
Burundi,1995,1.6095141503467822,0.3513949736040034
Burundi,1996,1.042950733060893,0.3515092380186374
Burundi,1997,0.7144272095038408,0.35169083025655495
Burundi,1998,0.5044861506237764,0.35191534147574755
Burundi,1999,0.4908494018034345,0.3522131814577136
Burundi,2000,0.44760499876732796,0.35248937039227496
Burundi,2001,0.7089752034183816,0.3528707654389077
Burundi,2002,0.7537283132074694,0.35317805621927195
Burundi,2003,0.40786720281766087,0.35331996064469867
Burundi,2004,-0.22675368223280534,0.35334666130820597
Burundi,2005,-0.8896768333985648,0.3533890715574925
Burundi,2006,-0.9585500971517936,0.35356053369949747
Burundi,2007,-1.0126622835866075,0.3537418601624318
Burundi,2008,-1.1015762002129716,0.3539109276833303
Burundi,2009,-1.1703940444087817,0.35411981039102475
Burundi,2010,-1.2025635343449421,0.3543545063462902
Burundi,2011,0.2187529478483139,0.35472769379469105
Burundi,2012,1.8602637901545611,0.3552044989214904
Burundi,2013,3.5023444895614313,0.3556815169747351
Burundi,2014,5.02364028411354,0.35587655833446646
Burundi,2015,6.66561404951559,0.3560187524538329
Burundi,2016,7.919175765076577,0.3561512211470707
Burundi,2017,7.793754250724291,0.35619258192177833
Burundi,2018,7.656475197643512,0.3562305896297575
Burundi,2019,7.691584284699891,0.35630091484733006
Burundi,2020,7.691584284699891,0.35630091484733006
Burundi,2021,7.691584284699891,0.35630091484733006
Burundi,2022,7.691584284699891,0.35630091484733006
Burundi,2023,7.691584284699891,0.35630091484733006
Burundi,2024,7.691584284699891,0.35630091484733006
Burundi,2025,7.691584284699891,0.35630091484733006
Central African Republic,1971,6.467160285029011,4.34265333702905
Central African Republic,1972,5.97368893983733,2.834956502295388
Central African Republic,1973,5.669626426802153,1.8184070307323839
Central African Republic,1974,5.654814736257778,1.473368634135756
Central African Republic,1975,5.68239958652344,1.241274066109614
Central African Republic,1976,5.816761528293267,1.1110952032361905
Central African Republic,1977,6.028425490509418,1.2362649972373476
Central African Republic,1978,6.266692331789267,1.5056671157703834
Central African Republic,1979,6.556816143322408,1.908136750965372
Central African Republic,1980,7.23018133309378,2.6076784681711107
Central African Republic,1981,5.970926551973105,1.6038832989020677
Central African Republic,1982,4.835979132492086,1.0086717149578848
Central African Republic,1983,3.7976705616920343,0.46705872577301677
Central African Republic,1984,2.8865040072523898,0.18065542908500037
Central African Republic,1985,2.1400216357680937,0.1691107283503931
Central African Republic,1986,1.7522810045305275,0.7850690248648933
Central African Republic,1987,1.4360196364425972,0.37364279303543096
Central African Republic,1988,1.2794936793647982,0.5215873027784429
Central African Republic,1989,1.1925300262925322,0.515258227491389
Central African Republic,1990,1.293839571674896,1.2348535657844921
Central African Republic,1991,1.5158116378758175,1.0149319579918437
Central African Republic,1992,2.5788131734117083,3.44022207804386
Central African Republic,1993,2.595155013500346,3.66760174944447
Central African Republic,1994,2.2180798665581123,2.2692667074888098
Central African Republic,1995,1.9213415142867776,1.4940710333362137
Central African Republic,1996,1.6743085134307942,1.0599318187076794
Central African Republic,1997,1.466671854060936,0.8822311526004978
Central African Republic,1998,1.2609731682097753,0.7029535205620353
Central African Republic,1999,1.0932928001423423,0.7410553157334203
Central African Republic,2000,0.9662189586523741,1.1010383068534013
Central African Republic,2001,0.794390350531658,1.1817051877018803
Central African Republic,2002,0.6285461322598538,1.354813082825668
Central African Republic,2003,0.4071621558696543,1.2593611248889736
Central African Republic,2004,0.12548791775353468,0.7971410303360088
Central African Republic,2005,0.14372765217833244,1.0569637365348696
Central African Republic,2006,0.07630346777737146,0.7759626290241872
Central African Republic,2007,0.002855522134795563,0.4401474854882941
Central African Republic,2008,-0.07046812673036518,0.10975348397037643
Central African Republic,2009,-0.15932658573719605,-0.36648157781423985
Central African Republic,2010,-0.24158726928195806,-0.7830624144846472
Central African Republic,2011,-0.16080690069621928,-0.30323496371921177
Central African Republic,2012,-0.056954298134107906,0.35387724310438573
Central African Republic,2013,0.046835411890088885,1.0104401844492277
Central African Republic,2014,-0.35177550953791015,-0.07425713420952951
Central African Republic,2015,-0.4783606559550372,-0.7472327530407425
Central African Republic,2016,-0.5758405676629526,-1.2177774906805336
Central African Republic,2017,-0.6548375865863062,-1.7291619001946927
Central African Republic,2018,-0.7319728582752707,-2.222851695669275
Central African Republic,2019,-0.7821986645360357,-2.5324570585419863
Central African Republic,2020,-0.7821986645360357,-2.5324570585419863
Central African Republic,2021,-0.7821986645360357,-2.5324570585419863
Central African Republic,2022,-0.7821986645360357,-2.5324570585419863
Central African Republic,2023,-0.7821986645360357,-2.5324570585419863
Central African Republic,2024,-0.7821986645360357,-2.5324570585419863
Central African Republic,2025,-0.7821986645360357,-2.5324570585419863
Chile,1971,0.834820686028805,1.0690219498021036
Chile,1972,0.9237665041318828,1.074790446362032
Chile,1973,0.9958635077451525,1.079563787750457
Chile,1974,-0.21680166993798367,1.083975568392155
Chile,1975,0.0567758199359536,1.0890306018983789
Chile,1976,0.35146147054746546,1.0972545266270255
Chile,1977,0.6517407728509443,1.10654900848728
Chile,1978,0.9490850399536128,1.1156213758972204
Chile,1979,1.2677514996338155,1.1264473291194494
Chile,1980,1.5415001265967485,1.1337686109787326
Chile,1981,1.7374466710129366,1.1318032953547803
Chile,1982,1.9528310443022499,1.1310120315430245
Chile,1983,2.171040845713564,1.130418171783089
Chile,1984,2.395716863426829,1.1281862447361681
Chile,1985,2.7184745449002503,1.1291604527389745
Chile,1986,3.3165987147813873,1.1353522267298257
Chile,1987,4.279447738930648,1.1411389707484323
Chile,1988,5.4202176862155325,1.1412527115743394
Chile,1989,6.7217283778920915,1.132829452163865
Chile,1990,8.077415689718887,1.1172876614800946
Chile,1991,3.7753286713491763,1.0827471540929552
Chile,1992,2.2189832274220795,1.0461021917031852
Chile,1993,1.768660068047725,1.0247206580462032
Chile,1994,1.6315182009734117,1.0129568355611451
Chile,1995,1.5372185818682067,1.0014729468263603
Chile,1996,1.4692202367837257,0.9910916260945307
Chile,1997,1.386108331162942,0.9788121981620654
Chile,1998,1.3067553044235276,0.9667407085541966
Chile,1999,1.2494446902394751,0.9557538091576451
Chile,2000,1.1840577405865627,0.9435300294571753
Chile,2001,1.05280711457302,0.9242419117488067
Chile,2002,0.9355441484774676,0.9059889461806099
Chile,2003,0.8365363577154835,0.8891365666317721
Chile,2004,0.7690183043882234,0.874738441719781
Chile,2005,0.7106945201522624,0.8612605200710692
Chile,2006,0.5909933219899614,0.8446956876086466
Chile,2007,0.46370633094182345,0.8275874310572375
Chile,2008,0.33432358546804397,0.810325278723167
Chile,2009,0.20611366302607537,0.7934858172805411
Chile,2010,0.08045671919747843,0.7769857512272671
Chile,2011,0.022112485776488888,0.7644262469656353
Chile,2012,-0.035260184370752234,0.7539559974099198
Chile,2013,-0.09285166929487076,0.7434678065620437
Chile,2014,-0.09975423592332877,0.739472952326615
Chile,2015,-0.06666683157981732,0.7380222318808896
Chile,2016,-0.046509675941155876,0.7357446326482392
Chile,2017,-0.027226451650824213,0.7353623786992365
Chile,2018,-0.005136649519697403,0.735182348283449
Chile,2019,-0.015249709497631964,0.7340695188111427
Chile,2020,-0.015249709497631964,0.7340695188111427
Chile,2021,-0.015249709497631964,0.7340695188111427
Chile,2022,-0.015249709497631964,0.7340695188111427
Chile,2023,-0.015249709497631964,0.7340695188111427
Chile,2024,-0.015249709497631964,0.7340695188111427
Chile,2025,-0.015249709497631964,0.7340695188111427
Costa Rica,1971,0.5181329678171581,0.2578212230594199
Costa Rica,1972,0.5082513391365598,0.25480854951901805
Costa Rica,1973,0.5039049764653442,0.25226032339744053
Costa Rica,1974,0.5067200868864382,0.25025477213956077
Costa Rica,1975,0.5088266634356295,0.24796707695391956
Costa Rica,1976,0.5400431398707755,0.24788089622890994
Costa Rica,1977,0.5802958095957775,0.2490780031724224
Costa Rica,1978,0.620263541114995,0.2502053468441701
Costa Rica,1979,0.6519144134034676,0.25009701423105385
Costa Rica,1980,0.6873323757797409,0.2485157425382742
Costa Rica,1981,0.6185258837908385,0.2383222577397725
Costa Rica,1982,0.5491682859226016,0.2277826405801066
Costa Rica,1983,0.48102486906984565,0.21739789837895102
Costa Rica,1984,0.42494110246191896,0.20846413141670378
Costa Rica,1985,0.39393254138435874,0.2021329345641723
Costa Rica,1986,0.3851465079045394,0.19790697245553446
Costa Rica,1987,0.329080901782535,0.18543580948161775
Costa Rica,1988,0.28775473414119246,0.17466195929214995
Costa Rica,1989,0.22574802370600144,0.15915839265197984
Costa Rica,1990,0.11496251317560338,0.13505277253702025
Costa Rica,1991,0.07739107470927621,0.12038755979605986
Costa Rica,1992,0.06389329972323282,0.11300342083168248
Costa Rica,1993,0.07401157484479143,0.11234729334793728
Costa Rica,1994,0.07869661376895878,0.11120466334012907
Costa Rica,1995,0.06514387820965074,0.10707179395064848
Costa Rica,1996,0.05886188823427804,0.10436112763985853
Costa Rica,1997,0.05500068177030733,0.1022057878635727
Costa Rica,1998,0.05279874165747994,0.10038984999719322
Costa Rica,1999,0.02957015272979162,0.09605542472813895
Costa Rica,2000,0.02476872060677302,0.09405755325951694
Costa Rica,2001,0.030274319980716037,0.09463053779187866
Costa Rica,2002,0.03703647255952889,0.09549313035068581
Costa Rica,2003,0.04891926596577112,0.0975380495135327
Costa Rica,2004,0.0659177179442498,0.10068867664893963
Costa Rica,2005,0.08261632363714784,0.10382986426488355
Costa Rica,2006,0.10370817829525548,0.10784684714317397
Costa Rica,2007,0.12222625986519071,0.11147043914495874
Costa Rica,2008,0.1380537057563863,0.1147123194836272
Costa Rica,2009,0.15394162742998416,0.11795096547130729
Costa Rica,2010,0.16870201479854868,0.12095699701520922
Costa Rica,2011,0.17190029001383428,0.12202325616502399
Costa Rica,2012,0.18508605177159065,0.12482818335433873
Costa Rica,2013,0.1982156538956224,0.12762178553126877
Costa Rica,2014,0.1968118740662391,0.12749580305417718
Costa Rica,2015,0.20364821043834924,0.12864328158327692
Costa Rica,2016,0.20656371244681207,0.1291977663425759
Costa Rica,2017,0.21162610154077255,0.1299953415365149
Costa Rica,2018,0.21643230177596456,0.130742832779465
Costa Rica,2019,0.2169655011420925,0.13088948444643245
Costa Rica,2020,0.2169655011420925,0.13088948444643245
Costa Rica,2021,0.2169655011420925,0.13088948444643245
Costa Rica,2022,0.2169655011420925,0.13088948444643245
Costa Rica,2023,0.2169655011420925,0.13088948444643245
Costa Rica,2024,0.2169655011420925,0.13088948444643245
Costa Rica,2025,0.2169655011420925,0.13088948444643245
Ecuador,1971,7.325263669681102,6.7067998048925945
Ecuador,1972,7.160256712400085,6.5563141385178865
Ecuador,1973,6.948545778406118,6.022704997715841
Ecuador,1974,6.784945538716093,5.519255652861358
Ecuador,1975,6.6617967945474925,5.179396653406775
Ecuador,1976,6.6654122222104135,5.256385828166424
Ecuador,1977,6.7450536311588465,5.642373027973261
Ecuador,1978,6.8229467961848345,6.014557599969402
Ecuador,1979,6.868358941233537,6.1990528758245045
Ecuador,1980,5.889920591463123,5.633751169661036
Ecuador,1981,4.798077676676801,4.154818144151733
Ecuador,1982,3.744004374467944,2.832442014793083
Ecuador,1983,2.693287544921086,1.5284568209025613
Ecuador,1984,1.7081769469459376,0.34491186413220865
Ecuador,1985,1.0540548105253413,-0.2801042780003005
Ecuador,1986,0.8517396395867569,0.08184812187416934
Ecuador,1987,0.8263968627425545,0.5664578076360172
Ecuador,1988,0.8778239151115889,1.3637792895880698
Ecuador,1989,0.7374026459988572,1.525454661087109
Ecuador,1990,0.13780216411067991,0.10259746777071649
Ecuador,1991,0.01330633596690122,-0.04785730115399806
Ecuador,1992,0.014484078780363466,0.10959507005753773
Ecuador,1993,-0.15423707309934853,-0.3233252936562522
Ecuador,1994,-0.23841031779853142,-0.4903229571163682
Ecuador,1995,-0.23260706177620738,-0.2439367487291067
Ecuador,1996,-0.21032581504493753,0.10265317526717223
Ecuador,1997,-0.26348660640126054,0.10556507067348653
Ecuador,1998,-0.3013300738914441,0.2072223158017652
Ecuador,1999,-0.46473421135202786,-0.2284409068278025
Ecuador,2000,-0.6147334052074747,-0.5495056971157173
Ecuador,2001,-0.743448033240985,-0.6941980939988386
Ecuador,2002,-0.8606225876192083,-0.7662002634118147
Ecuador,2003,-0.9886153545146237,-0.8797092872883254
Ecuador,2004,-1.1298597998684268,-1.0541699662808788
Ecuador,2005,-1.259797482171106,-1.1494340831775514
Ecuador,2006,-1.4622922216231928,-1.610651967545883
Ecuador,2007,-1.6533379115315388,-2.0091799976496696
Ecuador,2008,-1.862395129945455,-2.4908684118406517
Ecuador,2009,-1.8633974233983772,-2.639016086919713
Ecuador,2010,-1.8398868309818053,-2.66813139795962
Ecuador,2011,-1.6159457707682032,-1.9390772738463369
Ecuador,2012,-1.3529719976314392,-1.069635174866474
Ecuador,2013,-1.0903617240318613,-0.20230910930002696
Ecuador,2014,-1.2693521473187825,-0.19465702859445927
Ecuador,2015,-1.4852946195906322,-0.3392011054828687
Ecuador,2016,-1.6979950128693666,-0.4471380354744684
Ecuador,2017,-1.9573710492773997,-0.5606178761315995
Ecuador,2018,-2.1339398493584634,-0.6086612877240438
Ecuador,2019,-2.10553597058612,-0.4998210209832654
Ecuador,2020,-2.10553597058612,-0.4998210209832654
Ecuador,2021,-2.10553597058612,-0.4998210209832654
Ecuador,2022,-2.10553597058612,-0.4998210209832654
Ecuador,2023,-2.10553597058612,-0.4998210209832654
Ecuador,2024,-2.10553597058612,-0.4998210209832654
Ecuador,2025,-2.10553597058612,-0.4998210209832654
France,1971,0.07097806462298037,0.06033851376500743
France,1972,0.071136005203572,0.060517827846443106
France,1973,0.07083042445959756,0.06032597909216901
France,1974,0.07086881175897057,0.06047990079333308
France,1975,0.0709045678951773,0.06062974382301911
France,1976,0.07102648802813458,0.06088331625489651
France,1977,0.07134245543129444,0.061329644761720675
France,1978,0.07164746068585343,0.0617625705203671
France,1979,0.07190264325970086,0.06213527526719788
France,1980,0.07206095828894862,0.06238478990267591
France,1981,0.07249963187544778,0.06296227690439515
France,1982,0.07308537367885923,0.06369308414242342
France,1983,0.07367227150359718,0.06442532723897716
France,1984,0.07424861872068467,0.06514171196818205
France,1985,0.07480272307826924,0.06582596230077283
France,1986,0.07550435732164423,0.06668068747311127
France,1987,0.07521183750153541,0.0667248647046272
France,1988,0.07442576463371062,0.06625717539072845
France,1989,0.07371347785815845,0.06587149092427635
France,1990,0.07302979380301036,0.06550742230052672
France,1991,0.07349388384762132,0.066255735095037
France,1992,0.07468632824076146,0.06781343543861805
France,1993,0.07584023122728256,0.0692713244301901
France,1994,0.07638612438347271,0.0700694930483899
France,1995,0.07689354645539273,0.07081501714380753
France,1996,0.07709732224522482,0.07127108858183687
France,1997,0.07749817544134936,0.0719381898778086
France,1998,0.0779246531458576,0.07263662579954575
France,1999,0.0782573382363496,0.07321961089062357
France,2000,0.07862171281240038,0.07384076112743501
France,2001,0.0798362355884467,0.07517736662960522
France,2002,0.081042132133594,0.07650284591580736
France,2003,0.08197359927482813,0.07753626160877224
France,2004,0.08286939628122662,0.0785239918535649
France,2005,0.08377144822947417,0.07951862859966857
France,2006,0.08455116688585272,0.0803730507985149
France,2007,0.08531257121431457,0.08120521595394649
France,2008,0.08613711327262717,0.08209557587863095
France,2009,0.08681492821664048,0.08283602922361433
France,2010,0.08755134044154245,0.08364280101998062
France,2011,0.08801573802285426,0.08417817318425178
France,2012,0.08827004171658888,0.0844755095664412
France,2013,0.08852245931910599,0.08477059818032515
France,2014,0.08854329264875535,0.08478942640663376
France,2015,0.0885337290664091,0.08477017947501116
France,2016,0.08849493632947314,0.08471558994720581
France,2017,0.08852307190286497,0.08474238443864
France,2018,0.08856992713153182,0.08478689252607342
France,2019,0.08854975613290557,0.08476206377850501
France,2020,0.08854975613290557,0.08476206377850501
France,2021,0.08854975613290557,0.08476206377850501
France,2022,0.08854975613290557,0.08476206377850501
France,2023,0.08854975613290557,0.08476206377850501
France,2024,0.08854975613290557,0.08476206377850501
France,2025,0.08854975613290557,0.08476206377850501
Germany,1971,0.3229386568242312,0.32140261633461875
Germany,1972,0.3229271002846927,0.32140471012147487
Germany,1973,0.32299940772348257,0.3215097238985681
Germany,1974,0.3231474145165758,0.3217084390420837
Germany,1975,0.323314014428146,0.32193025308593404
Germany,1976,0.3236025427272402,0.322299014358438
Germany,1977,0.3239123959079152,0.3226942856322315
Germany,1978,0.3242292250548802,0.32309821544129885
Germany,1979,0.3243541268294197,0.32333932836604407
Germany,1980,0.3243626917061694,0.32343886592837223
Germany,1981,0.3233902981009147,0.3225799531121514
Germany,1982,0.322451213380999,0.32176168232224367
Germany,1983,0.3215106664748729,0.3209415877334162
Germany,1984,0.3207197349326004,0.3202900138941772
Germany,1985,0.32085763226969255,0.3200920132960554
Germany,1986,0.32176524455753663,0.320621710353378
Germany,1987,0.3231749086186574,0.3217476064484008
Germany,1988,0.3249498233274388,0.3233051864823149
Germany,1989,0.3266409753850189,0.32476075158795326
Germany,1990,0.32799971495359864,0.32584762650460225
Germany,1991,0.323645205399107,0.32207077571720194
Germany,1992,0.32195110723392195,0.32012176649979135
Germany,1993,0.3214827463711481,0.3193965379365953
Germany,1994,0.32160976547363895,0.3193141177749085
Germany,1995,0.321855626034588,0.31937603804429804
Germany,1996,0.3221767949274616,0.3195297286954014
Germany,1997,0.32261519264447197,0.3198213779539782
Germany,1998,0.3230863276001938,0.3201528083407747
Germany,1999,0.3235910263314462,0.320525174538605
Germany,2000,0.324187622914739,0.32100853186544115
Germany,2001,0.32446579088313915,0.32111915337174024
Germany,2002,0.3247933923652149,0.32128958825914106
Germany,2003,0.3252669990908977,0.32163333430960617
Germany,2004,0.32586752995619545,0.3221276894926604
Germany,2005,0.3265246179209416,0.32269108465577545
Germany,2006,0.3271541788008049,0.32321966035883287
Germany,2007,0.3277755184567903,0.32373798097365
Germany,2008,0.3283919891043167,0.3242501941313522
Germany,2009,0.32903635003144804,0.32479664664226965
Germany,2010,0.3296983896076823,0.32536487101569495
Germany,2011,0.3299951451221635,0.32561930884477247
Germany,2012,0.33025112441064713,0.325821287467342
Germany,2013,0.33051060027935336,0.3260273506800032
Germany,2014,0.3302797066882945,0.32574290760701324
Germany,2015,0.3300786468549695,0.3254949806049371
Germany,2016,0.3299012224225252,0.32527583604791105
Germany,2017,0.3300066613141802,0.3253483701389741
Germany,2018,0.3300966245380117,0.32540881495192775
Germany,2019,0.33007517796179403,0.3253824769807034
Germany,2020,0.33007517796179403,0.3253824769807034
Germany,2021,0.33007517796179403,0.3253824769807034
Germany,2022,0.33007517796179403,0.3253824769807034
Germany,2023,0.33007517796179403,0.3253824769807034
Germany,2024,0.33007517796179403,0.3253824769807034
Germany,2025,0.33007517796179403,0.3253824769807034
Guatemala,1971,0.868471042065736,0.010532643086370558
Guatemala,1972,0.07281035055008447,-0.0030308889452377585
Guatemala,1973,-0.21781019071114344,-0.009737909163550803
Guatemala,1974,-0.4245936881847603,-0.010924120823637543
Guatemala,1975,-0.9480437213467767,-0.015847183119600886
Guatemala,1976,-1.0449874239748156,-0.006153801487975043
Guatemala,1977,-1.7144884142883823,-0.0009950605702746251
Guatemala,1978,-2.1671130280588518,0.007607882728145499
Guatemala,1979,-0.9900204980118785,0.03633825821209746
Guatemala,1980,-0.1974427269026276,0.09224617867056145
Guatemala,1981,0.23358173742188254,0.1684382769147073
Guatemala,1982,0.5504351301724449,0.24260986946546448
Guatemala,1983,1.1518231282999025,0.3196548107379371
Guatemala,1984,7.896639868776981,0.43895287856116877
Guatemala,1985,11.632446429448123,0.5283079323083284
Guatemala,1986,9.715298532373764,0.5822196649430549
Guatemala,1987,5.346148854095822,0.5836186127427512
Guatemala,1988,1.0897654922719222,0.517939576339574
Guatemala,1989,0.2558000456895835,0.47658698716769154
Guatemala,1990,0.5685492326061073,0.4668692865687866
Guatemala,1991,-0.1577460169583273,0.2815977062320219
Guatemala,1992,0.03968762629361767,0.25544627906199885
Guatemala,1993,-0.14230824514868817,0.28757461656069483
Guatemala,1994,1.8386799462103802,0.38703817895836923
Guatemala,1995,4.176611318331209,0.4546833248609301
Guatemala,1996,5.680774121932803,0.49152551574159853
Guatemala,1997,4.777259888283892,0.5029221277366729
Guatemala,1998,3.0822398627291916,0.5035977843539293
Guatemala,1999,3.7807880388133976,0.5103934631164331
Guatemala,2000,7.023573661583836,0.5224668770055346
Guatemala,2001,3.9885379100373797,0.48447465185340466
Guatemala,2002,1.608904016746202,0.44606572845486975
Guatemala,2003,0.8878264610106504,0.4139801776060629
Guatemala,2004,0.44929522083242857,0.38057779116745816
Guatemala,2005,0.05133775637164112,0.347240998848919
Guatemala,2006,-0.1862170066463915,0.31827305898756003
Guatemala,2007,-0.40608202107705593,0.2898082306705691
Guatemala,2008,-0.30592712312652715,0.2659455657598381
Guatemala,2009,-0.16117766602113365,0.24494743821359577
Guatemala,2010,-0.2424709597441887,0.22087382289020882
Guatemala,2011,-0.07967130913985304,0.20575462085302712
Guatemala,2012,-0.4666978058051922,0.18646643610452965
Guatemala,2013,-0.8487184591000579,0.1672610565086587
Guatemala,2014,-0.6354715623677569,0.1883331096827348
Guatemala,2015,-0.4352329610705965,0.21274721064720242
Guatemala,2016,1.1619338648004853,0.2483538197741053
Guatemala,2017,2.3834003323685633,0.26680046190352613
Guatemala,2018,3.600377862507206,0.2851197995625742
Guatemala,2019,3.880878671076137,0.29590325129360107
Guatemala,2020,3.880878671076137,0.29590325129360107
Guatemala,2021,3.880878671076137,0.29590325129360107
Guatemala,2022,3.880878671076137,0.29590325129360107
Guatemala,2023,3.880878671076137,0.29590325129360107
Guatemala,2024,3.880878671076137,0.29590325129360107
Guatemala,2025,3.880878671076137,0.29590325129360107
Iran,1971,0.12923686004681734,-0.1924449675774706
Iran,1972,0.12956823054039712,-0.1615326224990638
Iran,1973,0.1299012611421514,-0.13168362136229245
Iran,1974,0.13023467814374368,-0.10493640821320321
Iran,1975,0.13056835122067556,-0.07841871179158522
Iran,1976,0.13088194405968967,-0.06817368092218282
Iran,1977,0.1312025340527878,-0.05168000818775567
Iran,1978,0.13152205670923134,-0.036256365322268384
Iran,1979,0.13182056487274302,-0.03225636080980243
Iran,1980,0.13182016874961722,-0.04515975427644503
Iran,1981,0.13228199532522578,0.007118056940134454
Iran,1982,0.13269177336421645,0.05329896698125991
Iran,1983,0.13310100450730367,0.09909844906510079
Iran,1984,0.1335410012426227,0.170504489511225
Iran,1985,0.13394316092618408,0.2190989233630713
Iran,1986,0.13434138709922605,0.2672931933393974
Iran,1987,0.13474739369715172,0.3305124645941861
Iran,1988,0.1351425139296334,0.38811338798205736
Iran,1989,0.13551472069252396,0.4314132909438801
Iran,1990,0.1357682731784734,0.41831419256744123
Iran,1991,0.13563305450094088,0.3051174197317365
Iran,1992,0.13551369273429842,0.25456481117493024
Iran,1993,0.13544766874506814,0.27371495231066967
Iran,1994,0.1353363077746293,0.2582280356739536
Iran,1995,0.1352169090240585,0.23706834885726777
Iran,1996,0.1350946781706661,0.21380846937013526
Iran,1997,0.1349525315320506,0.17449396718259536
Iran,1998,0.13477953161388942,0.13175116795567826
Iran,1999,0.13459371788089536,0.07655569195653733
Iran,2000,0.1343807307665259,0.0001570901090967025
Iran,2001,0.13416973524024112,-0.078888018409357
Iran,2002,0.13396743832239671,-0.15064653825052465
Iran,2003,0.13377374270997694,-0.2172018157615403
Iran,2004,0.13357392580710292,-0.292801874114589
Iran,2005,0.13340109491294005,-0.35157071827613307
Iran,2006,0.1332843772491152,-0.3936056444866286
Iran,2007,0.13317399917273398,-0.4311365532261112
Iran,2008,0.13306354707441748,-0.468884272140464
Iran,2009,0.132959023545137,-0.5023724308712882
Iran,2010,0.1328475700580697,-0.5417771695464806
Iran,2011,0.1327931988105145,-0.5579447790670049
Iran,2012,0.13274419612921204,-0.5762004808929416
Iran,2013,0.13269521109635532,-0.5944404555876153
Iran,2014,0.13269764075676146,-0.5838631315953915
Iran,2015,0.13270398767962663,-0.5714141137132225
Iran,2016,0.1327160566192926,-0.554288098487388
Iran,2017,0.13272250879527742,-0.5486482161560639
Iran,2018,0.13273061032280714,-0.5416830389832149
Iran,2019,0.13273112030481243,-0.5400403385080691
Iran,2020,0.13273112030481243,-0.5400403385080691
Iran,2021,0.13273112030481243,-0.5400403385080691
Iran,2022,0.13273112030481243,-0.5400403385080691
Iran,2023,0.13273112030481243,-0.5400403385080691
Iran,2024,0.13273112030481243,-0.5400403385080691
Iran,2025,0.13273112030481243,-0.5400403385080691
Iraq,1971,-3.1021580563158007,-1.356391831210415
Iraq,1972,-2.9599134992787675,-0.7459032086605958
Iraq,1973,-2.832191265298515,-0.4005443609203317
Iraq,1974,-2.7270420675144234,-0.4813211074363966
Iraq,1975,-2.6251134567761714,-0.6318553439254797
Iraq,1976,-2.5359734992771137,-1.2939575715848364
Iraq,1977,-2.4507891295776467,-2.1290584257130014
Iraq,1978,-2.365375144454518,-2.943474015267145
Iraq,1979,-2.2819445102636045,-3.979288502069883
Iraq,1980,-2.174305607509,-4.837606676889096
Iraq,1981,-1.9239739695141638,-3.5367312418821006
Iraq,1982,-1.6778190998470914,-2.519748931946221
Iraq,1983,-1.4317303425510035,-1.508897414144726
Iraq,1984,-1.1909989868644337,-0.7730443592073568
Iraq,1985,-0.9567370638716126,-0.256247929114963
Iraq,1986,-0.7414429801724269,-0.02197112804804472
Iraq,1987,-0.5487051407669425,-0.0005356889990517366
Iraq,1988,-0.3630304556905075,0.06256371741288827
Iraq,1989,-0.18197310931637212,0.31428563283845246
Iraq,1990,-0.020677531079071998,-0.030689265524657137
Iraq,1991,0.15177814875592413,0.0926436631142159
Iraq,1992,0.33181938289270796,0.021570276991707056
Iraq,1993,0.5500675769408471,0.4010838364433872
Iraq,1994,0.773633932214863,0.8280665183485989
Iraq,1995,0.9985774359623872,1.416104143973012
Iraq,1996,1.2051908740094148,1.3678226581896866
Iraq,1997,1.4110180562065147,1.2934841484840989
Iraq,1998,1.6175029982245628,1.2686055701990047
Iraq,1999,1.8312458757485341,1.6978179775243323
Iraq,2000,2.049920106893885,2.4994456681718087
Iraq,2001,2.2543550187168546,2.906819755471945
Iraq,2002,2.459413269773506,3.423596706013634
Iraq,2003,2.655276693909401,3.665917111465996
Iraq,2004,2.70800497031577,3.851659912858668
Iraq,2005,2.674351178699422,3.9313079784084985
Iraq,2006,2.6184315240415255,3.513514084984231
Iraq,2007,2.560188065588723,2.9741268310680824
Iraq,2008,2.5025741591897255,2.4858656105534642
Iraq,2009,2.448221037952645,2.1943153801045585
Iraq,2010,2.395858267663666,2.0349535848439526
Iraq,2011,2.340542886706533,1.5136910735704583
Iraq,2012,2.294266632128995,1.300685974616282
Iraq,2013,2.2480475057012486,1.0921957870309371
Iraq,2014,2.208030049544923,0.23131727609267816
Iraq,2015,2.1785020558306476,-0.27854032966176523
Iraq,2016,2.149416859726693,-0.8155975498766505
Iraq,2017,2.138395029775201,-1.1414984106694646
Iraq,2018,2.1271558106420505,-1.4739630968656645
Iraq,2019,2.122068094084101,-1.6068546726846447
Iraq,2020,2.122068094084101,-1.6068546726846447
Iraq,2021,2.122068094084101,-1.6068546726846447
Iraq,2022,2.122068094084101,-1.6068546726846447
Iraq,2023,2.122068094084101,-1.6068546726846447
Iraq,2024,2.122068094084101,-1.6068546726846447
Iraq,2025,2.122068094084101,-1.6068546726846447
Ireland,1971,0.097998640275228,0.13444023942053795
Ireland,1972,0.09920497927904487,0.1347511677058934
Ireland,1973,0.09931540579813641,0.1348469796203226
Ireland,1974,0.10189916149104089,0.13543189097434122
Ireland,1975,0.10395115840562663,0.1359089037530073
Ireland,1976,0.10583413817410592,0.13635226256278676
Ireland,1977,0.10830693718440154,0.1369345161278095
Ireland,1978,0.11087676716274977,0.13753972850616614
Ireland,1979,0.11349667768528299,0.1381595502197117
Ireland,1980,0.11781017420432074,0.1392104186363534
Ireland,1981,0.1194161802659744,0.13980366743975253
Ireland,1982,0.12180792873750658,0.14055768250773928
Ireland,1983,0.12423491018285975,0.1413200079663556
Ireland,1984,0.12684885972825122,0.14213368746107252
Ireland,1985,0.1294265718411948,0.14294631633353178
Ireland,1986,0.13272333831960545,0.14395743755189855
Ireland,1987,0.13943681021554039,0.1457745831872021
Ireland,1988,0.14498690304972936,0.14734394297167805
Ireland,1989,0.1506836150868984,0.14895180343793363
Ireland,1990,0.15689354994897775,0.1506824792372246
Ireland,1991,0.15541826572164244,0.1507085152219055
Ireland,1992,0.13595770134473967,0.14825721195311875
Ireland,1993,0.13005332104885306,0.1475107633426668
Ireland,1994,0.1215607797848328,0.14620897539657968
Ireland,1995,0.11298983818037017,0.14490623325701055
Ireland,1996,0.10485490936191375,0.14371662954818537
Ireland,1997,0.09635841966514827,0.14244721663314253
Ireland,1998,0.08752070496947924,0.14110335756073136
Ireland,1999,0.07986613308974086,0.1400183553725824
Ireland,2000,0.072716114402201,0.13906761607900942
Ireland,2001,0.07246961157776619,0.13884611143548253
Ireland,2002,0.07262527813194568,0.13872114668140437
Ireland,2003,0.07260443494417643,0.13858057668133916
Ireland,2004,0.07185455747753511,0.1382873895024301
Ireland,2005,0.07142930996373767,0.13808605487987402
Ireland,2006,0.07051190330957274,0.13777840916260048
Ireland,2007,0.0697403326015735,0.1375051052401794
Ireland,2008,0.06939954497433984,0.13729722438329622
Ireland,2009,0.0692196366960822,0.13713488799639784
Ireland,2010,0.06903040083757891,0.13697224219139587
Ireland,2011,0.06770209505832236,0.13658011537606587
Ireland,2012,0.06584334761931328,0.1360857287749004
Ireland,2013,0.06399361248976064,0.1355935308760074
Ireland,2014,0.06317476844422548,0.1353983304196985
Ireland,2015,0.06278045713752833,0.1353083347121069
Ireland,2016,0.0620561873940492,0.13515041203963238
Ireland,2017,0.06138515833023799,0.13503157497358007
Ireland,2018,0.06073972091241435,0.1349189311976056
Ireland,2019,0.05994558567583878,0.13477228543721684
Ireland,2020,0.05994558567583878,0.13477228543721684
Ireland,2021,0.05994558567583878,0.13477228543721684
Ireland,2022,0.05994558567583878,0.13477228543721684
Ireland,2023,0.05994558567583878,0.13477228543721684
Ireland,2024,0.05994558567583878,0.13477228543721684
Ireland,2025,0.05994558567583878,0.13477228543721684
Italy,1971,0.12690618432455575,0.1274424691482982
Italy,1972,0.12700192913785263,0.1276177969287562
Italy,1973,0.12705731241233834,0.1277128833985031
Italy,1974,0.12708925438915036,0.12776008222081642
Italy,1975,0.12731080094458525,0.12797345950150896
Italy,1976,0.12765220479878525,0.1284031156951605
Italy,1977,0.12815089058597467,0.12903843459710423
Italy,1978,0.12863467394517847,0.12964752223897136
Italy,1979,0.12915616228390467,0.13033295689184707
Italy,1980,0.12956964485820055,0.1308290324024906
Italy,1981,0.12969219873845456,0.13083088795514944
Italy,1982,0.12981199111549135,0.13082709812505328
Italy,1983,0.12994205503427078,0.1308395883847669
Italy,1984,0.1301337888283781,0.13097514945405944
Italy,1985,0.13024374045580067,0.13094928294770336
Italy,1986,0.13055067098091044,0.13130511280378038
Italy,1987,0.1307978271144015,0.13154022211485122
Italy,1988,0.1315753315030953,0.13237928652498604
Italy,1989,0.13199141726330993,0.13270524904828818
Italy,1990,0.13278478201372482,0.13368422144515324
Italy,1991,0.134190095623986,0.135927905074948
Italy,1992,0.13452964017271754,0.13662060217048505
Italy,1993,0.1339463637998973,0.13593015967958483
Italy,1994,0.1341191805168357,0.13609286003525708
Italy,1995,0.13376966137134103,0.13577745078277825
Italy,1996,0.13394832456943775,0.13572835618079687
Italy,1997,0.13369185548829,0.13546734461446291
Italy,1998,0.13347652773393465,0.13528059161816255
Italy,1999,0.13300771493228272,0.13478949182091898
Italy,2000,0.13254024740371617,0.13430153713038923
Italy,2001,0.13262091355404945,0.13445499710378375
Italy,2002,0.13268462774469786,0.13457388213018212
Italy,2003,0.13268803673398177,0.13457195127213228
Italy,2004,0.1328626718029092,0.134839778331528
Italy,2005,0.13296184418475385,0.13496499065480938
Italy,2006,0.13310360323506773,0.13517541574765465
Italy,2007,0.13320343841467347,0.13533340347350295
Italy,2008,0.1333214803082215,0.13552531393694847
Italy,2009,0.13351748415618298,0.1358507466764057
Italy,2010,0.1337612386103198,0.13625564400957574
Italy,2011,0.13385092284469402,0.13641390447216617
Italy,2012,0.13408077546502628,0.1368228034906036
Italy,2013,0.1343126855933502,0.1372333849994194
Italy,2014,0.13433646047062295,0.13727707449665616
Italy,2015,0.13434167912626965,0.13728296535697043
Italy,2016,0.13435564280093465,0.13730682315743073
Italy,2017,0.13435430961441552,0.13729984408499873
Italy,2018,0.13435201442820888,0.1372908825474783
Italy,2019,0.13432113575087742,0.13722989132630117
Italy,2020,0.13432113575087742,0.13722989132630117
Italy,2021,0.13432113575087742,0.13722989132630117
Italy,2022,0.13432113575087742,0.13722989132630117
Italy,2023,0.13432113575087742,0.13722989132630117
Italy,2024,0.13432113575087742,0.13722989132630117
Italy,2025,0.13432113575087742,0.13722989132630117
Jordan,1971,1.441865239289419,0.6399713774434286
Jordan,1972,1.0897893646364862,0.6159572309981323
Jordan,1973,0.338794873426589,0.5748283376295404
Jordan,1974,0.20264394126240098,0.5460179434321404
Jordan,1975,0.11906114186479416,0.5195842033294777
Jordan,1976,0.17260244950994327,0.49974475931961454
Jordan,1977,0.21215082113157674,0.4812489658115031
Jordan,1978,0.23903311901383908,0.46251710889832076
Jordan,1979,0.24214250219008798,0.44411136980625054
Jordan,1980,0.4601287608353156,0.43711430347793606
Jordan,1981,0.4280178968916391,0.4216507822160197
Jordan,1982,0.4082752027019832,0.40645730128061736
Jordan,1983,0.3946720265723433,0.3914100207058487
Jordan,1984,0.49640130753000405,0.3790418648689063
Jordan,1985,0.3123284106012974,0.3571537848702676
Jordan,1986,0.12135481019412969,0.33832633806634477
Jordan,1987,0.366981453710487,0.3464827000024527
Jordan,1988,0.9302179696112524,0.36126052825344424
Jordan,1989,2.948631674517027,0.3795549489294781
Jordan,1990,0.45180945011268736,0.37392917729492503
Jordan,1991,0.03518936536474458,0.2736725056692985
Jordan,1992,0.08240951297883892,0.2609672685379513
Jordan,1993,0.3732583832360205,0.3105620724097903
Jordan,1994,0.22298605645364364,0.3440405801898399
Jordan,1995,0.19609519334111764,0.38478473551319914
Jordan,1996,0.011520066793639039,0.4243023325775813
Jordan,1997,0.292162974036535,0.47656967980181053
Jordan,1998,0.7506607634683804,0.5329774777397829
Jordan,1999,1.1468971865330326,0.5850730221012035
Jordan,2000,1.4869755154444655,0.6298767266370807
Jordan,2001,1.0747327023395061,0.6430659226755867
Jordan,2002,0.6501799011255089,0.6544147599790124
Jordan,2003,0.7440892405283928,0.6775626717286011
Jordan,2004,1.041510595631887,0.7046191985719089
Jordan,2005,1.3760598494737042,0.7292787009238836
Jordan,2006,1.5422743521609679,0.746435657518478
Jordan,2007,1.622915182383427,0.7614988598412166
Jordan,2008,1.758621030747657,0.7774748763191173
Jordan,2009,2.040792507149698,0.792607522749878
Jordan,2010,2.2748554730721926,0.8051192981088137
Jordan,2011,2.196778038259707,0.8018452375758169
Jordan,2012,1.5602056197113214,0.7773688182693033
Jordan,2013,0.9163900030424361,0.7527568169320498
Jordan,2014,0.16147281438357564,0.7186176888167046
Jordan,2015,-0.3695289354925879,0.6912015930602762
Jordan,2016,-0.8942842338210177,0.6650596130945309
Jordan,2017,-1.0787480802711502,0.6565439105132223
Jordan,2018,-1.2739415169829102,0.6478270787811653
Jordan,2019,-1.2218791266301374,0.6437708706346339
Jordan,2020,-1.2218791266301374,0.6437708706346339
Jordan,2021,-1.2218791266301374,0.6437708706346339
Jordan,2022,-1.2218791266301374,0.6437708706346339
Jordan,2023,-1.2218791266301374,0.6437708706346339
Jordan,2024,-1.2218791266301374,0.6437708706346339
Jordan,2025,-1.2218791266301374,0.6437708706346339
Latvia,1991,1.8263837824132545,1.854421718458697
Latvia,1992,1.7287302520854957,1.7149627751981922
Latvia,1993,1.8101739433157789,1.9421250337563445
Latvia,1994,1.7072385436984505,1.8998564198133407
Latvia,1995,1.5181867593969178,1.705464570057209
Latvia,1996,1.335674907907109,1.5419199725451245
Latvia,1997,1.0585466260153764,1.2405313273660825
Latvia,1998,0.7927690855082284,0.9644722564214856
Latvia,1999,0.6878666644881444,0.8052603368060365
Latvia,2000,0.5804350605472901,0.6496634253035967
Latvia,2001,0.47198595225445505,0.517611558885589
Latvia,2002,0.35378722146047503,0.3630892650225598
Latvia,2003,0.31295448264410364,0.33975579238849896
Latvia,2004,0.2376381121474433,0.23897311478555966
Latvia,2005,0.15430341443157736,0.11871903505900189
Latvia,2006,0.1360017408856134,0.09294856337354454
Latvia,2007,0.11548456124948128,0.061675683437254436
Latvia,2008,0.09094548842004255,0.020802483600813965
Latvia,2009,0.09672219249166453,0.038955861941968456
Latvia,2010,0.06723465935353468,0.015957339088116695
Latvia,2011,-0.029226502689494893,-0.14576002727451642
Latvia,2012,-0.08847933259573537,-0.24593110957925302
Latvia,2013,-0.14791623595816636,-0.3465518790181104
Latvia,2014,-0.10212129561586614,-0.286900248366679
Latvia,2015,0.00361866637606012,-0.13642066414844967
Latvia,2016,0.11815584736414686,0.03370686457359262
Latvia,2017,0.15644356300767276,0.08480881061167461
Latvia,2018,0.2006939857355445,0.1448685010637923
Latvia,2019,0.2449960370625213,0.20467195259602333
Latvia,2020,0.2449960370625213,0.20467195259602333
Latvia,2021,0.2449960370625213,0.20467195259602333
Latvia,2022,0.2449960370625213,0.20467195259602333
Latvia,2023,0.2449960370625213,0.20467195259602333
Latvia,2024,0.2449960370625213,0.20467195259602333
Latvia,2025,0.2449960370625213,0.20467195259602333
Lesotho,1971,0.9727821933088757,0.9994061648500487
Lesotho,1972,0.9724979088096565,0.9754774353896442
Lesotho,1973,0.9722232292887596,0.9554065292919149
Lesotho,1974,0.9719686825843689,0.942857872716126
Lesotho,1975,0.9717165974260641,0.931450766218145
Lesotho,1976,0.9714726975058429,0.9236357011243076
Lesotho,1977,0.9712327575034762,0.9176190157883787
Lesotho,1978,0.9709929622404461,0.9116682921630914
Lesotho,1979,0.9707538631713679,0.9059712043317037
Lesotho,1980,0.9705011733139838,0.8928175566196143
Lesotho,1981,0.9702150739327121,0.8604193442118118
Lesotho,1982,0.9699313333394677,0.8289914835320151
Lesotho,1983,0.969647913670298,0.797716149524671
Lesotho,1984,0.9693909527661315,0.7749555520352915
Lesotho,1985,0.9691515899796672,0.7583647081657034
Lesotho,1986,0.9689746184519858,0.7607401112133718
Lesotho,1987,0.9686848216333898,0.7321761560223394
Lesotho,1988,0.9683398463322253,0.6812816168682525
Lesotho,1989,0.968015596265321,0.6342760678229351
Lesotho,1990,0.9677493959199217,0.6009506720199161
Lesotho,1991,0.9678994351129356,0.5234844413244121
Lesotho,1992,0.96860126809719,0.5102377939307885
Lesotho,1993,0.9694473627902689,0.5061920160733017
Lesotho,1994,0.9693770051926685,0.49542131732943556
Lesotho,1995,0.9693392324662338,0.49356289571163475
Lesotho,1996,0.9693513624299431,0.5025850589834561
Lesotho,1997,0.9693664933643809,0.5113180364122277
Lesotho,1998,0.9693787990271691,0.5184579902637929
Lesotho,1999,0.9693559119310916,0.5150311554936444
Lesotho,2000,0.96936132820687,0.5204782120075429
Lesotho,2001,0.9694480784563191,0.5480414164225195
Lesotho,2002,0.969537833790939,0.576498953729775
Lesotho,2003,0.969571564871347,0.59329565404241
Lesotho,2004,0.9695870941785393,0.6016510611547713
Lesotho,2005,0.9696142909617221,0.6141599530737669
Lesotho,2006,0.96962692484617,0.6204496005498927
Lesotho,2007,0.9696394624493124,0.6266260175978907
Lesotho,2008,0.9696493906476749,0.6316381466610005
Lesotho,2009,0.9696625060019547,0.6376464812101786
Lesotho,2010,0.9696776948563335,0.6444861867821752
Lesotho,2011,0.9696708701132556,0.6422902258891837
Lesotho,2012,0.9696666304081821,0.6390687117968981
Lesotho,2013,0.969662478448688,0.6358752244734065
Lesotho,2014,0.9696954482931632,0.6443135919155134
Lesotho,2015,0.9697432794353473,0.6581495230113177
Lesotho,2016,0.9697815987286578,0.6693570527294427
Lesotho,2017,0.969800032387534,0.6714960534684857
Lesotho,2018,0.9698186499250225,0.6737207874599376
Lesotho,2019,0.9698424202862188,0.6780248311521259
Lesotho,2020,0.9698424202862188,0.6780248311521259
Lesotho,2021,0.9698424202862188,0.6780248311521259
Lesotho,2022,0.9698424202862188,0.6780248311521259
Lesotho,2023,0.9698424202862188,0.6780248311521259
Lesotho,2024,0.9698424202862188,0.6780248311521259
Lesotho,2025,0.9698424202862188,0.6780248311521259
Liberia,1971,-4.420029179854813,-5.064213496213339
Liberia,1972,-4.1748461900760345,-4.828573630646242
Liberia,1973,-3.8477142549104766,-3.350683764905158
Liberia,1974,-3.593813766471028,-2.6383122548195175
Liberia,1975,-3.3509223549631004,-2.093946909390232
Liberia,1976,-3.1344542263060093,-1.8515342839370716
Liberia,1977,-2.9314696671482348,-1.7815605337922709
Liberia,1978,-2.7290899858401607,-1.7197504770399492
Liberia,1979,-2.5357875044539036,-1.7850442028448883
Liberia,1980,-2.434445776848485,-3.3165493222809586
Liberia,1981,-1.8123822251244555,-1.7913680416331768
Liberia,1982,-1.245567147422804,-0.6077432263758782
Liberia,1983,-0.6779788126569954,0.5938565213610132
Liberia,1984,-0.13113099658557514,1.697731411415776
Liberia,1985,0.3470081846506934,2.2921305216356793
Liberia,1986,0.7109355122371228,2.936345316045777
Liberia,1987,0.7839510152406246,1.4297450702905699
Liberia,1988,0.8899257011626134,0.8037069308697065
Liberia,1989,1.0095481222050584,0.3862520375846127
Liberia,1990,1.2299070923453421,1.131161036732359
Liberia,1991,1.6525381363952636,2.9412927771691186
Liberia,1992,1.2135603723122803,0.8132351682403645
Liberia,1993,1.0072723639772514,0.2530904665910517
Liberia,1994,0.8239047060435968,-1.3545979129915413
Liberia,1995,0.7941188502873697,-1.8939986631179913
Liberia,1996,0.8035078350712777,-2.269787568521757
Liberia,1997,0.888409330293941,-1.907250305975214
Liberia,1998,1.0027743986759399,-1.169492112257591
Liberia,1999,1.1402217288034717,-0.5112296213188583
Liberia,2000,1.2819050003894066,-0.12104671156699764
Liberia,2001,1.4972928784852526,0.27438420025449295
Liberia,2002,1.7230672655790529,0.8169804276585073
Liberia,2003,1.9718652908244725,1.5325402600061224
Liberia,2004,2.2006665491357547,1.776245926295773
Liberia,2005,2.1666607895982875,1.854487379957936
Liberia,2006,2.040498865892019,1.3783809359277757
Liberia,2007,1.8998414408982691,0.8480374050080162
Liberia,2008,1.7620407744803108,0.3703681318329064
Liberia,2009,1.628878239312369,-0.1199466485911167
Liberia,2010,1.4982433169753389,-0.6001929427183476
Liberia,2011,1.4225319009541177,-0.5453228474098089
Liberia,2012,1.4030035921016388,0.040139709502840404
Liberia,2013,1.383437287964107,0.624620233441852
Liberia,2014,1.3481269165587708,0.4207668011516415
Liberia,2015,1.3158200611026127,0.19601044453229144
Liberia,2016,1.2839155819136328,-0.042555570508593515
Liberia,2017,1.2764044591245642,-0.16195045357366705
Liberia,2018,1.2711332204592536,-0.23894264944156896
Liberia,2019,1.2515140004091385,-0.5221748305358966
Liberia,2020,1.2515140004091385,-0.5221748305358966
Liberia,2021,1.2515140004091385,-0.5221748305358966
Liberia,2022,1.2515140004091385,-0.5221748305358966
Liberia,2023,1.2515140004091385,-0.5221748305358966
Liberia,2024,1.2515140004091385,-0.5221748305358966
Liberia,2025,1.2515140004091385,-0.5221748305358966
Malawi,1971,0.6224955977054696,0.03504380003981167
Malawi,1972,0.6226208990288262,0.03479832751298384
Malawi,1973,0.6227482925158747,0.03459008769446317
Malawi,1974,0.6228778668908841,0.034387911324283316
Malawi,1975,0.6230075991956229,0.03417609911411135
Malawi,1976,0.62313976432652,0.03404776107871102
Malawi,1977,0.6232627625485967,0.033826098427245765
Malawi,1978,0.6233860764240451,0.03362079478358136
Malawi,1979,0.6235125888501867,0.033531309573871085
Malawi,1980,0.6236426583462356,0.033454670735122746
Malawi,1981,0.6237820142435041,0.033372258755699956
Malawi,1982,0.6239222786935508,0.033321963416629
Malawi,1983,0.624062546289367,0.033271670131393996
Malawi,1984,0.6242035085019951,0.03318770473921278
Malawi,1985,0.6243478506724165,0.03317567324925573
Malawi,1986,0.6244944915075494,0.032924330113162655
Malawi,1987,0.6246498734960281,0.03269725744235361
Malawi,1988,0.6248103113286692,0.03252485625679159
Malawi,1989,0.6249761569539228,0.032386461749277236
Malawi,1990,0.6251499554118491,0.032273591509170765
Malawi,1991,0.6255089140208512,0.03353981909935318
Malawi,1992,0.6259172748351074,0.03474588206834592
Malawi,1993,0.6261957955892842,0.03541207546525574
Malawi,1994,0.6263758870955219,0.03585261862064793
Malawi,1995,0.6263881453325226,0.036272319054555496
Malawi,1996,0.6263598988646083,0.03663900992011082
Malawi,1997,0.6263305512427008,0.03689646045395293
Malawi,1998,0.626302245943468,0.03720234561705627
Malawi,1999,0.6262753677045669,0.037517341290616596
Malawi,2000,0.6262551414172375,0.03804739958324252
Malawi,2001,0.6262372287608813,0.03839868238529205
Malawi,2002,0.6262173852275267,0.03864997279881947
Malawi,2003,0.6261972324711398,0.03878298297187792
Malawi,2004,0.6261778826243345,0.03888799777825419
Malawi,2005,0.6261558182433705,0.03882970266797256
Malawi,2006,0.6261338578068626,0.0387387241438167
Malawi,2007,0.6261120149384419,0.0386520968412093
Malawi,2008,0.6260898854132059,0.03854707420145945
Malawi,2009,0.626067774269975,0.03841986592432133
Malawi,2010,0.6260445557497916,0.03823503824705424
Malawi,2011,0.6260231011518484,0.038084934159290616
Malawi,2012,0.6260011763573006,0.0378136969654886
Malawi,2013,0.6259793053458502,0.037544104185171824
Malawi,2014,0.6259778676530883,0.037674218513192616
Malawi,2015,0.625982481661482,0.03794823970752994
Malawi,2016,0.6259877355082634,0.038253124453762
Malawi,2017,0.6259909668892714,0.038379670270418956
Malawi,2018,0.6259944865639676,0.03851905844450715
Malawi,2019,0.6259973397290813,0.03861886765533997
Malawi,2020,0.6259973397290813,0.03861886765533997
Malawi,2021,0.6259973397290813,0.03861886765533997
Malawi,2022,0.6259973397290813,0.03861886765533997
Malawi,2023,0.6259973397290813,0.03861886765533997
Malawi,2024,0.6259973397290813,0.03861886765533997
Malawi,2025,0.6259973397290813,0.03861886765533997
Maldives,1971,0.308268884036895,-0.11655921522020116
Maldives,1972,0.3084129388023547,-0.11886373024135347
Maldives,1973,0.30855753804283004,-0.12514789727054193
Maldives,1974,0.30870147922752145,-0.1419080777358782
Maldives,1975,0.30884669471310966,-0.1558555363993953
Maldives,1976,0.3089982453158643,-0.15412322695272712
Maldives,1977,0.30915014132161717,-0.15322002424075418
Maldives,1978,0.30930220851266743,-0.15185392299103045
Maldives,1979,0.3094645016317287,-0.12889376847678252
Maldives,1980,0.3096376545140333,-0.08418387023292132
Maldives,1981,0.3098045990443967,-0.08871179626042477
Maldives,1982,0.309971461494046,-0.09485180542844787
Maldives,1983,0.3101382925846151,-0.10110602699110241
Maldives,1984,0.3103094732244561,-0.09806133407533621
Maldives,1985,0.3104807729918744,-0.1027688617739434
Maldives,1986,0.31069957172980145,-0.012138062807310113
Maldives,1987,0.31092595679495894,0.0784311511988543
Maldives,1988,0.3111512870455262,0.1571316980784337
Maldives,1989,0.31138166581525045,0.24549224435440525
Maldives,1990,0.31160352833880606,0.3039430104659356
Maldives,1991,0.3117488137346024,0.1199471557542999
Maldives,1992,0.312015419304878,0.14281043165063223
Maldives,1993,0.31230976419205947,0.206917336191523
Maldives,1994,0.31262162580672037,0.3182441380469835
Maldives,1995,0.3129270049415065,0.4095037978159404
Maldives,1996,0.3132360819205499,0.5138344469259938
Maldives,1997,0.3135448036417936,0.6186568923747637
Maldives,1998,0.3138535317732006,0.7239403680142954
Maldives,1999,0.31416932406653825,0.855879010706398
Maldives,2000,0.31447857730708173,0.9733175102110359
Maldives,2001,0.3147758013447877,1.0844617164033905
Maldives,2002,0.31507052161131066,1.1898130995388407
Maldives,2003,0.3153696968306095,1.3236680462931192
Maldives,2004,0.3156489062284649,1.4251919932612895
Maldives,2005,0.315908155645358,1.4979432712574776
Maldives,2006,0.3161206542200484,1.5590924058181697
Maldives,2007,0.3163310295092963,1.6150607093046339
Maldives,2008,0.3165409354394867,1.669929824828328
Maldives,2009,0.31671265819593003,1.7212495630362992
Maldives,2010,0.31687243383309793,1.7687183358108354
Maldives,2011,0.3170414648510383,1.8546868798411236
Maldives,2012,0.31719774120255745,1.9238547148432315
Maldives,2013,0.3173578051923989,1.9965186153246401
Maldives,2014,0.31739959761359365,2.0253442648031696
Maldives,2015,0.31743915392621286,2.0536488789713876
Maldives,2016,0.3174741156498133,2.0731162655048427
Maldives,2017,0.3174923406159434,2.0647422652080163
Maldives,2018,0.31751041203007213,2.0559059856226636
Maldives,2019,0.3175357105098547,2.0594782546565047
Maldives,2020,0.3175357105098547,2.0594782546565047
Maldives,2021,0.3175357105098547,2.0594782546565047
Maldives,2022,0.3175357105098547,2.0594782546565047
Maldives,2023,0.3175357105098547,2.0594782546565047
Maldives,2024,0.3175357105098547,2.0594782546565047
Maldives,2025,0.3175357105098547,2.0594782546565047
Mongolia,1971,0.0349046865113385,0.034731320239658886
Mongolia,1972,0.07605991435886689,0.07323674332483292
Mongolia,1973,-0.04525235584537458,-0.04412158229014457
Mongolia,1974,-0.0636429542464137,-0.0632675001544403
Mongolia,1975,-0.0789264267113007,-0.07935948959756278
Mongolia,1976,-0.21655860024933699,-0.20836333338648805
Mongolia,1977,-0.15557450672348352,-0.14998814399905883
Mongolia,1978,-0.08044668766618226,-0.07842807366319259
Mongolia,1979,-0.02990339470957497,-0.028186913457681845
Mongolia,1980,0.1701782525159045,0.16893821155522207
Mongolia,1981,0.11823482964080384,0.11645526828796246
Mongolia,1982,0.041735193197926596,0.04035202834206261
Mongolia,1983,-0.038633100254529804,-0.03930646205234711
Mongolia,1984,-0.2289076604271061,-0.22112663512213382
Mongolia,1985,0.06834673725486952,0.06874620280468596
Mongolia,1986,0.3115364385658692,0.31386327120955326
Mongolia,1987,1.8345396716358513,1.7621265806434607
Mongolia,1988,1.3534644831698652,1.4191550184218047
Mongolia,1989,5.568313271731034,5.558412552455968
Mongolia,1990,9.714463527947,9.635211970851644
Mongolia,1991,5.146345968334224,5.3218799165249004
Mongolia,1992,7.438347562503134,7.367558789115006
Mongolia,1993,2.0732860043238297,2.6332139538745976
Mongolia,1994,0.86973244187693,1.0239230511045627
Mongolia,1995,0.5496283425011299,0.5984160418229464
Mongolia,1996,1.464098536664223,1.3194989706945197
Mongolia,1997,1.5149008433483395,1.1524031300366078
Mongolia,1998,-0.005409523530318275,0.029525261515095706
Mongolia,1999,-0.04733885299348428,-0.05007809290115961
Mongolia,2000,-1.595529669957068,-1.4905771126318836
Mongolia,2001,-0.37509337668002385,-0.39144918868586176
Mongolia,2002,0.2988961653248817,0.26260512301619277
Mongolia,2003,0.8861704199394802,0.740764221147528
Mongolia,2004,2.8500110461645765,2.1658169525108373
Mongolia,2005,1.951317816653278,1.7508030624596416
Mongolia,2006,1.703432879580269,1.6988787923188007
Mongolia,2007,1.6966151119813133,1.8570798048602402
Mongolia,2008,1.8097873646694966,2.134642741441556
Mongolia,2009,0.04803212664971446,1.1720551185493708
Mongolia,2010,0.6901923151971796,0.9829412066786541
Mongolia,2011,0.17050323508814147,0.3095119301131262
Mongolia,2012,1.1191912000437898,1.1644177700392055
Mongolia,2013,2.0399121698688476,2.000301951646864
Mongolia,2014,1.472527080557732,1.4990556845308745
Mongolia,2015,-0.4157443134358121,-0.1478026633802325
Mongolia,2016,-2.2322810472964636,-1.6978695054433497
Mongolia,2017,-1.6131615266898325,-1.3650106720383994
Mongolia,2018,-1.1837576501866776,-1.0845602689382026
Mongolia,2019,-1.3026918401275813,-1.2265843621757484
Mongolia,2020,-1.3026918401275813,-1.2265843621757484
Mongolia,2021,-1.3026918401275813,-1.2265843621757484
Mongolia,2022,-1.3026918401275813,-1.2265843621757484
Mongolia,2023,-1.3026918401275813,-1.2265843621757484
Mongolia,2024,-1.3026918401275813,-1.2265843621757484
Mongolia,2025,-1.3026918401275813,-1.2265843621757484
Morocco,1971,-1.1114135711882986,-0.021248901098302575
Morocco,1972,0.05076381107869182,0.032763035933802365
Morocco,1973,0.3301634281898057,0.07140193059201116
Morocco,1974,0.5407920626178403,0.09805176834588386
Morocco,1975,0.31246251923799645,0.1136019509844339
Morocco,1976,-0.08809811889330224,0.12122248694809257
Morocco,1977,0.07550433897557962,0.1425621234714985
Morocco,1978,0.3462992425808348,0.1662816600042457
Morocco,1979,0.49085160087119684,0.18577635308140567
Morocco,1980,0.13139697033828157,0.17491037060675274
Morocco,1981,-0.216934374043084,0.17332694941191729
Morocco,1982,-0.036885353600794424,0.18495539940048733
Morocco,1983,0.12689168682859783,0.1962218868389127
Morocco,1984,0.16317194430807078,0.20644572093257435
Morocco,1985,0.10616963252039585,0.21656693730361232
Morocco,1986,0.03753190691864308,0.2423117069476624
Morocco,1987,0.2907585012081781,0.31302317132579793
Morocco,1988,0.0183009336783026,0.3740209913488092
Morocco,1989,0.09355572931289416,0.4804733094450686
Morocco,1990,0.8528690581186552,0.6672300046281995
Morocco,1991,0.2584194379867434,0.5674943498999665
Morocco,1992,0.7756052358925638,0.6856598043897505
Morocco,1993,0.9213660365277972,0.7449587930064826
Morocco,1994,0.34744070873028793,0.7567635772788018
Morocco,1995,0.4343172679782982,0.807059608740792
Morocco,1996,1.2310715617614374,0.8811506037113775
Morocco,1997,1.9140068759485038,0.9463447663125095
Morocco,1998,1.8095404160850317,1.0009247210542762
Morocco,1999,3.7331661611795424,1.0788912311197703
Morocco,2000,7.0089516366098135,1.1346689015610396
Morocco,2001,5.0058949995016295,1.1603929457946442
Morocco,2002,2.455999929847919,1.170604264409136
Morocco,2003,0.7908974897674674,1.1554595192170978
Morocco,2004,0.582318987617076,1.1713770702233735
Morocco,2005,1.080898862292985,1.210849717586148
Morocco,2006,1.1250443038424898,1.242115944280182
Morocco,2007,1.196471390398615,1.2741371515167659
Morocco,2008,1.6023573982196238,1.3118610121376846
Morocco,2009,1.7211523656439218,1.341291314441051
Morocco,2010,2.1489200944514626,1.3765257388480179
Morocco,2011,2.7683284824335708,1.3980914703340215
Morocco,2012,2.289278380373791,1.3814720068832624
Morocco,2013,1.8017254150827038,1.3646557430865722
Morocco,2014,0.9842750507910165,1.3064987653058207
Morocco,2015,0.5025171739466828,1.258059038772482
Morocco,2016,-0.03755110196262296,1.209822804561344
Morocco,2017,-0.899235161421826,1.1866369339548637
Morocco,2018,-1.8104513768817156,1.1625268317780737
Morocco,2019,-2.3911858916413227,1.147118236517126
Morocco,2020,-2.3911858916413227,1.147118236517126
Morocco,2021,-2.3911858916413227,1.147118236517126
Morocco,2022,-2.3911858916413227,1.147118236517126
Morocco,2023,-2.3911858916413227,1.147118236517126
Morocco,2024,-2.3911858916413227,1.147118236517126
Morocco,2025,-2.3911858916413227,1.147118236517126
Netherlands,1971,-0.03630305138880643,-0.03207504175854529
Netherlands,1972,-0.03634306756641654,-0.032110761089313766
Netherlands,1973,-0.03630196980440381,-0.03204539320858692
Netherlands,1974,-0.03639729750058984,-0.0321428294578419
Netherlands,1975,-0.03647016035575065,-0.03221208639350509
Netherlands,1976,-0.03648743113164481,-0.03221192504080808
Netherlands,1977,-0.036502298308476705,-0.03220829185797698
Netherlands,1978,-0.03652304267350785,-0.032211938234320774
Netherlands,1979,-0.0364903499734503,-0.03215040976909536
Netherlands,1980,-0.03689036190101741,-0.032543898052890693
Netherlands,1981,-0.0374447042901213,-0.03311995979281393
Netherlands,1982,-0.03796539190666555,-0.033654345220342566
Netherlands,1983,-0.03848569769263835,-0.03418825022820707
Netherlands,1984,-0.03927088228162805,-0.035003838635275536
Netherlands,1985,-0.039831032039521166,-0.035570895102776855
Netherlands,1986,-0.04046613907022767,-0.03622492084859362
Netherlands,1987,-0.04134850552876154,-0.037178549344960635
Netherlands,1988,-0.04248715652373161,-0.03844067282743542
Netherlands,1989,-0.04370337219050674,-0.03979494426661813
Netherlands,1990,-0.04486389595504163,-0.041074524990927924
Netherlands,1991,-0.04439130550269598,-0.040474430737918975
Netherlands,1992,-0.04459640457598819,-0.04064508383262699
Netherlands,1993,-0.04495171123475004,-0.04097317537466534
Netherlands,1994,-0.04532347895977809,-0.04131270208020487
Netherlands,1995,-0.04569485302695875,-0.041648731273409505
Netherlands,1996,-0.045868855171118175,-0.04176518137584523
Netherlands,1997,-0.04604943240726905,-0.041888968965427716
Netherlands,1998,-0.04621103399193494,-0.041989096113534935
Netherlands,1999,-0.04651032521372516,-0.042250952556784564
Netherlands,2000,-0.0469319492733026,-0.042657277071931565
Netherlands,2001,-0.04642027995248965,-0.04233928468187092
Netherlands,2002,-0.045887926781213534,-0.041995250682189414
Netherlands,2003,-0.04567308087919975,-0.04197406222476052
Netherlands,2004,-0.04523831144356767,-0.041711840706598
Netherlands,2005,-0.0447331861943517,-0.041362783599732666
Netherlands,2006,-0.04383976558160762,-0.04075069173820667
Netherlands,2007,-0.042969091534290675,-0.04016573395041556
Netherlands,2008,-0.04208823059295322,-0.03956814241558605
Netherlands,2009,-0.04120284399360126,-0.03896465711642924
Netherlands,2010,-0.04030632102664224,-0.038347235465617975
Netherlands,2011,-0.039520245209454796,-0.037861670054936104
Netherlands,2012,-0.03882582523699464,-0.03748762475304929
Netherlands,2013,-0.03813178276055713,-0.037114050556041334
Netherlands,2014,-0.03731988073921558,-0.03659403045392258
Netherlands,2015,-0.03649764658835789,-0.036061026824996296
Netherlands,2016,-0.0357247237360281,-0.03558377887307965
Netherlands,2017,-0.03549212814993793,-0.035483755962005634
Netherlands,2018,-0.03525478784512423,-0.03537795509637294
Netherlands,2019,-0.03497635933310347,-0.035224205222024844
Netherlands,2020,-0.03497635933310347,-0.035224205222024844
Netherlands,2021,-0.03497635933310347,-0.035224205222024844
Netherlands,2022,-0.03497635933310347,-0.035224205222024844
Netherlands,2023,-0.03497635933310347,-0.035224205222024844
Netherlands,2024,-0.03497635933310347,-0.035224205222024844
Netherlands,2025,-0.03497635933310347,-0.035224205222024844
Papua New Guinea,1971,-2.081749882516086,-1.2230238227754044
Papua New Guinea,1972,-2.0935675463898833,-1.2190019332926871
Papua New Guinea,1973,-2.0874335479677275,-1.1655592336625253
Papua New Guinea,1974,-2.06152060382801,-1.0313262888104786
Papua New Guinea,1975,-2.044457781452441,-0.9094414346614466
Papua New Guinea,1976,-1.81315265045646,-0.7765170863431379
Papua New Guinea,1977,-1.5898031267481882,-0.6537042438983449
Papua New Guinea,1978,-1.3691209971146172,-0.5346594627649697
Papua New Guinea,1979,-1.1558689132826157,-0.42669177763594646
Papua New Guinea,1980,-0.9736845345572843,-0.34124999476431994
Papua New Guinea,1981,-0.8428348989321335,-0.2752548776964346
Papua New Guinea,1982,-0.7142223763627085,-0.2117051851446553
Papua New Guinea,1983,-0.5855045507681143,-0.14776835899743745
Papua New Guinea,1984,-0.4619213855112342,-0.0875307471866737
Papua New Guinea,1985,-0.3455168753339697,-0.0315404484347217
Papua New Guinea,1986,-0.24519001688093778,0.01995805212506155
Papua New Guinea,1987,-0.16307111633586802,0.06408076375228405
Papua New Guinea,1988,-0.09474682413761931,0.08622147353904686
Papua New Guinea,1989,-0.04289621548743047,0.07668175000499497
Papua New Guinea,1990,-0.010287654257488926,0.0257706403618584
Papua New Guinea,1991,-0.004770530681700278,0.023748586833236253
Papua New Guinea,1992,-0.020218967211239808,-0.013350139655336619
Papua New Guinea,1993,-0.03398235911223654,-0.03973660379443344
Papua New Guinea,1994,-0.04699866546077053,-0.06496438837679044
Papua New Guinea,1995,-0.05579609219601388,-0.07776474516109286
Papua New Guinea,1996,-0.06499954091360742,-0.09253700159174294
Papua New Guinea,1997,-0.06941494658296996,-0.09299602888898596
Papua New Guinea,1998,-0.07250948635310861,-0.08927386193529038
Papua New Guinea,1999,-0.06751030650366524,-0.06182716829267279
Papua New Guinea,2000,-0.062167002308830696,-0.03308697137949914
Papua New Guinea,2001,-0.07088321870854852,-0.042695175962371004
Papua New Guinea,2002,-0.0796566555875335,-0.05227554072771454
Papua New Guinea,2003,-0.09057732480319193,-0.06782260149729916
Papua New Guinea,2004,-0.10200892812956028,-0.08437090807369242
Papua New Guinea,2005,-0.11663105251790074,-0.11097674050019984
Papua New Guinea,2006,-0.1288352706212109,-0.12976538506715124
Papua New Guinea,2007,-0.14217736036523917,-0.15206709019717685
Papua New Guinea,2008,-0.15698445554359697,-0.17859151466671686
Papua New Guinea,2009,-0.16921867217260092,-0.19727465193393773
Papua New Guinea,2010,-0.18159041458155553,-0.21649759004333471
Papua New Guinea,2011,-0.18045497923180479,-0.20449066637952623
Papua New Guinea,2012,-0.18023622224560013,-0.196460435070377
Papua New Guinea,2013,-0.17982250932300067,-0.18785793175047283
Papua New Guinea,2014,-0.18391504953739662,-0.1946337628890189
Papua New Guinea,2015,-0.1896409607152904,-0.20687599861864867
Papua New Guinea,2016,-0.1963721370321037,-0.22240905531220886
Papua New Guinea,2017,-0.19673729888073024,-0.21923492479107784
Papua New Guinea,2018,-0.19763838159228242,-0.21727952705606018
Papua New Guinea,2019,-0.19328592399320305,-0.20534501848765568
Papua New Guinea,2020,-0.19328592399320305,-0.20534501848765568
Papua New Guinea,2021,-0.19328592399320305,-0.20534501848765568
Papua New Guinea,2022,-0.19328592399320305,-0.20534501848765568
Papua New Guinea,2023,-0.19328592399320305,-0.20534501848765568
Papua New Guinea,2024,-0.19328592399320305,-0.20534501848765568
Papua New Guinea,2025,-0.19328592399320305,-0.20534501848765568
Sierra Leone,1971,0.2709825332620964,0.08932264886789698
Sierra Leone,1972,0.2712050081664047,0.08968193924608242
Sierra Leone,1973,0.2713971012903329,0.08987294138074417
Sierra Leone,1974,0.271587627323319,0.0900253637716602
Sierra Leone,1975,0.2717783789284889,0.0901764108620709
Sierra Leone,1976,0.2719705962455969,0.09033145070367574
Sierra Leone,1977,0.27216531886272516,0.0905065730063011
Sierra Leone,1978,0.27236044486245375,0.0906855068072197
Sierra Leone,1979,0.2725761577381697,0.0909725835415433
Sierra Leone,1980,0.27281710323537006,0.09146862488317398
Sierra Leone,1981,0.27308507394679804,0.09212862393268523
Sierra Leone,1982,0.27334588508439167,0.09272477054938827
Sierra Leone,1983,0.2736066105527935,0.09332001668722006
Sierra Leone,1984,0.27387122477297127,0.09394034513017058
Sierra Leone,1985,0.2741393780719567,0.0945719257687965
Sierra Leone,1986,0.27436922933035335,0.09488777248666468
Sierra Leone,1987,0.27454600413525426,0.09477867909936694
Sierra Leone,1988,0.2747233106856211,0.09462822886762717
Sierra Leone,1989,0.27490904352438883,0.09450818695861316
Sierra Leone,1990,0.2751054517270091,0.09441086731019475
Sierra Leone,1991,0.2754986352538198,0.09445428079839871
Sierra Leone,1992,0.27626051893406917,0.09574598562354719
Sierra Leone,1993,0.27667754638662295,0.09633403357697529
Sierra Leone,1994,0.2771397672728485,0.09723949345341824
Sierra Leone,1995,0.27755286575101895,0.09786754390749118
Sierra Leone,1996,0.2779331408202275,0.09832580571521249
Sierra Leone,1997,0.27816130586172716,0.0987525680229285
Sierra Leone,1998,0.27839795142811846,0.09924032833385749
Sierra Leone,1999,0.27865118841752107,0.09986027684292278
Sierra Leone,2000,0.2788708571805075,0.10031641447067075
Sierra Leone,2001,0.27906959694116257,0.10053257268081248
Sierra Leone,2002,0.2792700635720377,0.10076252268337771
Sierra Leone,2003,0.2792675039652293,0.10093019515591407
Sierra Leone,2004,0.27924238339398144,0.10093107706431462
Sierra Leone,2005,0.2792113887642535,0.10086602960429461
Sierra Leone,2006,0.2791880498848356,0.10086663224950676
Sierra Leone,2007,0.27916484139663345,0.10086804729012959
Sierra Leone,2008,0.2791449651775567,0.10089661943334462
Sierra Leone,2009,0.2791277109315191,0.10094709613659893
Sierra Leone,2010,0.27911097483890324,0.1010014379803303
Sierra Leone,2011,0.27908326366320213,0.10094515662199062
Sierra Leone,2012,0.27905846928551253,0.10089968813645145
Sierra Leone,2013,0.27903380271622674,0.10085548230645902
Sierra Leone,2014,0.27900783068157403,0.100756679136613
Sierra Leone,2015,0.2789826029115534,0.1006604308112898
Sierra Leone,2016,0.2789573953861657,0.10056332361254729
Sierra Leone,2017,0.2789320069048786,0.10044767505880521
Sierra Leone,2018,0.2789102532581519,0.10034774104396613
Sierra Leone,2019,0.27890498870575203,0.10030141240050718
Sierra Leone,2020,0.27890498870575203,0.10030141240050718
Sierra Leone,2021,0.27890498870575203,0.10030141240050718
Sierra Leone,2022,0.27890498870575203,0.10030141240050718
Sierra Leone,2023,0.27890498870575203,0.10030141240050718
Sierra Leone,2024,0.27890498870575203,0.10030141240050718
Sierra Leone,2025,0.27890498870575203,0.10030141240050718
Spain,1971,-0.29316971411728393,0.022394351254773293
Spain,1972,-0.293005914088938,0.022833435335268826
Spain,1973,-0.29284294686315604,0.023273138552898087
Spain,1974,-0.29268191267943977,0.023651158349383278
Spain,1975,-0.2925230665061249,0.023903582301700366
Spain,1976,-0.2923317478750359,0.024282586169732223
Spain,1977,-0.29209191206541385,0.024719244812605012
Spain,1978,-0.2918056461162566,0.025166099082548854
Spain,1979,-0.29153437028878104,0.025608108614142144
Spain,1980,-0.29133389007551097,0.025907910354217134
Spain,1981,-0.29115306865244084,0.02536734424717893
Spain,1982,-0.2909713873077652,0.024913989781183837
Spain,1983,-0.2907898054132533,0.0244527625361175
Spain,1984,-0.2906093112996024,0.023958443906648863
Spain,1985,-0.29042985907051616,0.023482180825604576
Spain,1986,-0.2902550906452091,0.02291744843449159
Spain,1987,-0.2900864870643475,0.022225194903906564
Spain,1988,-0.28992429121364105,0.021185183641795835
Spain,1989,-0.28976514174939055,0.020117890892605142
Spain,1990,-0.28960906376633955,0.019153936903846893
Spain,1991,-0.2895309913340183,0.01941318345052149
Spain,1992,-0.2894816683069673,0.01965827776930577
Spain,1993,-0.28945216477870084,0.019736063616951224
Spain,1994,-0.2894269227049369,0.019918698985815185
Spain,1995,-0.28940401150181405,0.020050135614831113
Spain,1996,-0.2893821857388146,0.0201437845495986
Spain,1997,-0.28936124569824595,0.02020304440291308
Spain,1998,-0.2893405810395058,0.020245333514758268
Spain,1999,-0.28932040767481815,0.020309105768346054
Spain,2000,-0.2893023752749611,0.02024315905665728
Spain,2001,-0.2892847918528796,0.02040801316289019
Spain,2002,-0.289267645067362,0.02054986585989856
Spain,2003,-0.2892512611699401,0.020713673506507845
Spain,2004,-0.2892329767177789,0.021084366556000638
Spain,2005,-0.28921494335879355,0.021477449725582843
Spain,2006,-0.28919441372084403,0.02206327835846937
Spain,2007,-0.2891739034459102,0.02264968722179842
Spain,2008,-0.28915349068126583,0.023229250577966428
Spain,2009,-0.28913720935872783,0.0236519935694089
Spain,2010,-0.2891209602223259,0.02407820490959898
Spain,2011,-0.2891062304795358,0.024429375204205524
Spain,2012,-0.28909246999238986,0.02477927137935121
Spain,2013,-0.2890782501092991,0.02514260622998464
Spain,2014,-0.28907558590596577,0.02500941187088391
Spain,2015,-0.289073389946846,0.024856797235154812
Spain,2016,-0.28907236775978973,0.024633191831216466
Spain,2017,-0.2890684343964288,0.024677497706307113
Spain,2018,-0.2890645091878601,0.024721214929164043
Spain,2019,-0.2890597458637878,0.0248299478348029
Spain,2020,-0.2890597458637878,0.0248299478348029
Spain,2021,-0.2890597458637878,0.0248299478348029
Spain,2022,-0.2890597458637878,0.0248299478348029
Spain,2023,-0.2890597458637878,0.0248299478348029
Spain,2024,-0.2890597458637878,0.0248299478348029
Spain,2025,-0.2890597458637878,0.0248299478348029
Syria,1971,2.104419096346769,1.0179086443128293
Syria,1972,1.895823704198651,0.947538268783351
Syria,1973,4.455664980606268,0.9027055781283224
Syria,1974,2.792654914403876,0.7832857533774011
Syria,1975,1.2578555821854893,0.6433390421421478
Syria,1976,0.2510059446464202,0.4973187791930227
Syria,1977,-0.03285139629858963,0.3709379435611255
Syria,1978,-0.2714949737237893,0.246299158913173
Syria,1979,-0.39105185548843135,0.13128087244363518
Syria,1980,-0.07042518101873514,0.06741062663006654
Syria,1981,0.25173654866155737,0.04991973017861398
Syria,1982,0.15595243094889957,0.01726493295751344
Syria,1983,0.04384939039228883,-0.015912657028457594
Syria,1984,-0.3108468055691934,-0.05971109969926709
Syria,1985,-0.06781060437636552,-0.06658597294437804
Syria,1986,-0.22121832991898047,-0.0855456211573585
Syria,1987,-0.21219097420937238,-0.05496189446484552
Syria,1988,-0.02444146076920366,0.007409732846643896
Syria,1989,0.007930458477397796,0.0711214835781693
Syria,1990,0.18952163715131698,0.15853797529242483
Syria,1991,0.0059428229031353785,0.05391709874205138
Syria,1992,0.029789644444425153,0.04622471697507372
Syria,1993,-0.07399641873086141,0.0555753104483938
Syria,1994,0.2192514722774903,0.1264221862971871
Syria,1995,0.2539557551208021,0.17810847221402915
Syria,1996,0.2859616190010586,0.22611947203233662
Syria,1997,0.5857944011909667,0.2803458095273129
Syria,1998,0.9609848562033039,0.3350164169571446
Syria,1999,2.314096501787151,0.3885899527170013
Syria,2000,5.946199178054533,0.4283969777999669
Syria,2001,2.4584498112695234,0.39939919721363415
Syria,2002,-0.18236759460022584,0.3701794922421309
Syria,2003,0.10235748383864371,0.41664770810348295
Syria,2004,-0.48399586682200824,0.4523462101465173
Syria,2005,-0.5075329359482562,0.5321273358732386
Syria,2006,-0.04174235578633412,0.6509710682453502
Syria,2007,0.353271776854991,0.7688555778070866
Syria,2008,0.4905663280112721,0.8804254016602348
Syria,2009,0.9481408335666421,1.0082080354434733
Syria,2010,1.6089370889960501,1.1426401959952135
Syria,2011,2.1226633214421247,1.257861432520267
Syria,2012,2.6599215794575137,1.3358784359334863
Syria,2013,3.1833801144748333,1.4134792876310949
Syria,2014,1.4217418298566602,1.3900150945245167
Syria,2015,1.4694907561010428,1.4014168024418654
Syria,2016,1.3944289000881924,1.4087969123894204
Syria,2017,2.1053291570613437,1.4411123658058909
Syria,2018,2.9245094170021924,1.4760923692469183
Syria,2019,3.504180750602677,1.5006293649757234
Syria,2020,3.504180750602677,1.5006293649757234
Syria,2021,3.504180750602677,1.5006293649757234
Syria,2022,3.504180750602677,1.5006293649757234
Syria,2023,3.504180750602677,1.5006293649757234
Syria,2024,3.504180750602677,1.5006293649757234
Syria,2025,3.504180750602677,1.5006293649757234
Tunisia,1971,-0.019088357489476376,-0.03793902352791706
Tunisia,1972,-0.01905171968704035,-0.03802403966515952
Tunisia,1973,-0.019014419863057005,-0.03799808169178902
Tunisia,1974,-0.018977102845247756,-0.037978120683268765
Tunisia,1975,-0.018939838254631955,-0.037969104166656484
Tunisia,1976,-0.018902387969485512,-0.037930451384620034
Tunisia,1977,-0.01886384782895731,-0.03772774177036278
Tunisia,1978,-0.01882539308837272,-0.03754021398574319
Tunisia,1979,-0.01878866659977206,-0.03752861452643785
Tunisia,1980,-0.01874528172021203,-0.036856325378133555
Tunisia,1981,-0.01870518477033023,-0.03669576422167303
Tunisia,1982,-0.018663542201040495,-0.03634932929012637
Tunisia,1983,-0.018621854355312037,-0.03599502288299289
Tunisia,1984,-0.018579610572550767,-0.03554535240372237
Tunisia,1985,-0.01854013829819931,-0.03547469558705729
Tunisia,1986,-0.01849789389866066,-0.03495391901350203
Tunisia,1987,-0.01844839371708229,-0.033448264175249626
Tunisia,1988,-0.01839671218070421,-0.031567061911537686
Tunisia,1989,-0.018296290913739133,-0.029411404747381742
Tunisia,1990,-0.018212918624397348,-0.02789647773162626
Tunisia,1991,-0.01814504815783423,-0.02876111031487284
Tunisia,1992,-0.018076290056187133,-0.029587355686663038
Tunisia,1993,-0.018002835108025347,-0.02968467294589014
Tunisia,1994,-0.017926072160650314,-0.02925130534687488
Tunisia,1995,-0.017848134752266986,-0.028618444787598816
Tunisia,1996,-0.017769598101616713,-0.02788163968083748
Tunisia,1997,-0.01769087670195879,-0.027113310249400422
Tunisia,1998,-0.017612120116108174,-0.02633890600313818
Tunisia,1999,-0.017533365347920785,-0.02556737952806027
Tunisia,2000,-0.017455305025161696,-0.02491938259410599
Tunisia,2001,-0.017377234040243952,-0.024278790842768783
Tunisia,2002,-0.017299125881547917,-0.02363193592127683
Tunisia,2003,-0.017218565618990753,-0.022635718462280515
Tunisia,2004,-0.017138281420982074,-0.021691055511542132
Tunisia,2005,-0.017057124796248185,-0.020598271981407686
Tunisia,2006,-0.016976618053228323,-0.01961768985425369
Tunisia,2007,-0.016896131064719544,-0.018640733945283917
Tunisia,2008,-0.016815589420347443,-0.01765388873229102
Tunisia,2009,-0.01673649933137354,-0.0168445167309014
Tunisia,2010,-0.016657296986686262,-0.016014843023566355
Tunisia,2011,-0.016585424215015784,-0.015441806942087664
Tunisia,2012,-0.016582252034088044,-0.01487633077096017
Tunisia,2013,-0.016575936933985052,-0.014300643584869243
Tunisia,2014,-0.016576177563187217,-0.014316344069210792
Tunisia,2015,-0.016577442785386202,-0.014486511362634222
Tunisia,2016,-0.016579253836633265,-0.014733831147952247
Tunisia,2017,-0.016579734101329645,-0.014760703102259413
Tunisia,2018,-0.01658011255686542,-0.014772369922543245
Tunisia,2019,-0.01657961130427387,-0.014688237811104834
Tunisia,2020,-0.01657961130427387,-0.014688237811104834
Tunisia,2021,-0.01657961130427387,-0.014688237811104834
Tunisia,2022,-0.01657961130427387,-0.014688237811104834
Tunisia,2023,-0.01657961130427387,-0.014688237811104834
Tunisia,2024,-0.01657961130427387,-0.014688237811104834
Tunisia,2025,-0.01657961130427387,-0.014688237811104834
Türkiye,1971,-6.265241587667944,-5.536324890605363
Türkiye,1972,-5.942561101968957,-4.809589260526779
Türkiye,1973,-5.673620208890261,-4.4177655509888005
Türkiye,1974,-5.411056610630935,-3.7963049553171353
Türkiye,1975,-5.219206123275497,-3.38420364411954
Türkiye,1976,-5.0704573884710324,-3.223298491509966
Türkiye,1977,-4.940259361264723,-3.171289392858885
Türkiye,1978,-4.809779229552726,-3.111653292716331
Türkiye,1979,-4.69183983032455,-3.123692092865807
Türkiye,1980,-4.722276345045151,-4.089491403767659
Türkiye,1981,-3.6153252424987308,-2.928591305848799
Türkiye,1982,-2.61610225865803,-1.8369201020773671
Türkiye,1983,-1.617783364337261,-0.7541967379254606
Türkiye,1984,-0.8337285315429828,-0.011440032651319099
Türkiye,1985,-0.471736199355135,0.33738175274015014
Türkiye,1986,-0.16338611401079217,0.6472972703852624
Türkiye,1987,0.09324980422755691,1.0908771394828505
Türkiye,1988,0.2657657234985604,1.0777402648900811
Türkiye,1989,0.3561036763620822,0.578084375768535
Türkiye,1990,0.479033710839037,0.5617501107454531
Türkiye,1991,0.45423852411032506,0.33401660172883835
Türkiye,1992,0.5046437966633035,0.29273497075204624
Türkiye,1993,0.637572769577279,0.44958349405588094
Türkiye,1994,0.7891511953835679,0.6226551808470298
Türkiye,1995,0.9499465107216306,0.8420629220576583
Türkiye,1996,1.114245769259313,1.0863711072686852
Türkiye,1997,1.2671855517092683,1.2083413812599841
Türkiye,1998,1.4245087599038206,1.3765623584502145
Türkiye,1999,1.6187415235965357,1.922660243632465
Türkiye,2000,1.7928449579318824,2.3009681840990406
Türkiye,2001,1.924842264467176,2.5086064365026925
Türkiye,2002,2.0512460221051287,2.674411741137911
Türkiye,2003,2.1056356961645957,2.2886953747554957
Türkiye,2004,2.1439126870886573,1.7510631868168824
Türkiye,2005,2.1924327796864165,1.286007124008096
Türkiye,2006,2.2635111702307085,0.9865417439829827
Türkiye,2007,2.3344859447608415,0.6801507531182578
Türkiye,2008,2.400057311142694,0.31628575988922625
Türkiye,2009,2.51393994446021,0.24643206835054915
Türkiye,2010,2.632466122910091,0.1973511865083757
Türkiye,2011,2.905985549810354,0.9239661095752645
Türkiye,2012,3.2577816469024206,2.1429732832401447
Türkiye,2013,3.6101668204201216,3.368090654995319
Türkiye,2014,3.8935914580420588,4.161406259654467
Türkiye,2015,4.134636005843991,4.690066347601631
Türkiye,2016,4.366345480392921,5.134543771072692
Türkiye,2017,4.363907437757458,5.1270251853319655
Türkiye,2018,4.367918477542356,5.143108713074765
Türkiye,2019,4.378442171071204,5.233381590991054
Türkiye,2020,4.378442171071204,5.233381590991054
Türkiye,2021,4.378442171071204,5.233381590991054
Türkiye,2022,4.378442171071204,5.233381590991054
Türkiye,2023,4.378442171071204,5.233381590991054
Türkiye,2024,4.378442171071204,5.233381590991054
Türkiye,2025,4.378442171071204,5.233381590991054
Ukraine,1991,2.942248004191328,3.0826008631370003
Ukraine,1992,2.9687869790628536,3.608447866031313
Ukraine,1993,2.4768679495881045,2.5956965515114128
Ukraine,1994,2.0161186743940887,2.1260233555794517
Ukraine,1995,1.450510827762965,0.5360626470811827
Ukraine,1996,1.0121133904827406,-0.4555340156985488
Ukraine,1997,0.6373371251752253,-1.1145339455584176
Ukraine,1998,0.2922009360249225,-1.557263258289604
Ukraine,1999,0.025287885285778522,-1.687289625325961
Ukraine,2000,-0.21491012326519882,-1.9554468126062918
Ukraine,2001,-0.1544238977692778,-1.085313625654345
Ukraine,2002,-0.11816976756367148,-0.49221104445106434
Ukraine,2003,-0.048758949712469885,0.33213372233734695
Ukraine,2004,-0.005690518702016534,0.9790410592292749
Ukraine,2005,-0.12454221539436916,1.009136851038367
Ukraine,2006,-0.45371754565874056,0.5701820226897296
Ukraine,2007,-0.8079944857152446,0.015146251598536331
Ukraine,2008,-1.154170109243377,-0.4502354643393103
Ukraine,2009,-1.509133680958075,-0.9538228665960558
Ukraine,2010,-1.8691854253457332,-1.5019517639262299
Ukraine,2011,-1.6826228097308704,-1.1709990271568418
Ukraine,2012,-1.5331952761741883,-1.060724758682851
Ukraine,2013,-1.3830409718602794,-0.9420134016107138
Ukraine,2014,-1.232264639739441,-0.4220459080797835
Ukraine,2015,-1.0978792988268253,-0.009076684760847664
Ukraine,2016,-0.9637075668691266,0.42595441579874055
Ukraine,2017,-0.8857356968734715,0.6859290435272145
Ukraine,2018,-0.8070914569895075,0.9551000969406293
Ukraine,2019,-0.7271340851504391,1.277347678009237
Ukraine,2020,-0.7271340851504391,1.277347678009237
Ukraine,2021,-0.7271340851504391,1.277347678009237
Ukraine,2022,-0.7271340851504391,1.277347678009237
Ukraine,2023,-0.7271340851504391,1.277347678009237
Ukraine,2024,-0.7271340851504391,1.277347678009237
Ukraine,2025,-0.7271340851504391,1.277347678009237
United Kingdom,1971,0.21475688387683906,0.14336048898393117
United Kingdom,1972,0.2159455426388392,0.14347749975565582
United Kingdom,1973,0.21992288156547538,0.14394107227263278
United Kingdom,1974,0.2217102824648261,0.14412239872141447
United Kingdom,1975,0.22282785405466998,0.14420700668237135
United Kingdom,1976,0.22224322628762125,0.14406275914374353
United Kingdom,1977,0.22093973698062402,0.1438085324284721
United Kingdom,1978,0.21972600579570029,0.14356713850085717
United Kingdom,1979,0.218642235092398,0.14333884661534996
United Kingdom,1980,0.2223041909268108,0.14361002465528336
United Kingdom,1981,0.21161030376466589,0.14273984932080375
United Kingdom,1982,0.20207283473037996,0.14200571452880237
United Kingdom,1983,0.1925398550082265,0.14127221067723936
United Kingdom,1984,0.1833756887281952,0.14057807728038618
United Kingdom,1985,0.17411028721245264,0.139846727359277
United Kingdom,1986,0.1665698080147692,0.13930954304975102
United Kingdom,1987,0.16060377132806009,0.13894966907689443
United Kingdom,1988,0.15698009198525087,0.13889736296141333
United Kingdom,1989,0.15355931463504227,0.1388547659636865
United Kingdom,1990,0.15224632602924412,0.13909605358803412
United Kingdom,1991,0.15288401148174477,0.1391142485199402
United Kingdom,1992,0.16551652706076972,0.14061126042282418
United Kingdom,1993,0.1810994993400903,0.14236337830371198
United Kingdom,1994,0.1956843909956204,0.14388198933561192
United Kingdom,1995,0.21054820003144892,0.14540391885883203
United Kingdom,1996,0.2257882912025464,0.146964024794591
United Kingdom,1997,0.24126129502484353,0.14854233048468624
United Kingdom,1998,0.25687052669471655,0.15013763164602034
United Kingdom,1999,0.27093253857548755,0.15150177213448432
United Kingdom,2000,0.28096557643269116,0.15254117239645354
United Kingdom,2001,0.28251489273704006,0.15285491758904804
United Kingdom,2002,0.2833873987898363,0.15306698575764677
United Kingdom,2003,0.2871238258443203,0.1535941835190558
United Kingdom,2004,0.29106424684881377,0.15411135257574202
United Kingdom,2005,0.29719414455987037,0.1548698097860379
United Kingdom,2006,0.3007781409326619,0.1553834897752233
United Kingdom,2007,0.30446405909116625,0.15591079253631532
United Kingdom,2008,0.3083868418051318,0.15647006919809953
United Kingdom,2009,0.31339313742111313,0.15716046707410647
United Kingdom,2010,0.31834425847120856,0.15783803684846856
United Kingdom,2011,0.3214791963526553,0.1582551649012251
United Kingdom,2012,0.3301127285334638,0.15908993710082425
United Kingdom,2013,0.3387325165937391,0.15992269727526187
United Kingdom,2014,0.3396590525674861,0.16015853357520768
United Kingdom,2015,0.3398618912832993,0.1602776354637751
United Kingdom,2016,0.3396415677282134,0.160336681303034
United Kingdom,2017,0.33988535926726154,0.16040190204492763
United Kingdom,2018,0.3403881247677676,0.16048933880223584
United Kingdom,2019,0.34075300003620085,0.1605526561750556
United Kingdom,2020,0.34075300003620085,0.1605526561750556
United Kingdom,2021,0.34075300003620085,0.1605526561750556
United Kingdom,2022,0.34075300003620085,0.1605526561750556
United Kingdom,2023,0.34075300003620085,0.1605526561750556
United Kingdom,2024,0.34075300003620085,0.1605526561750556
United Kingdom,2025,0.34075300003620085,0.1605526561750556
Uruguay,1971,4.863192436906866,4.432203540649104
Uruguay,1972,4.823640157537156,4.19077593260918
Uruguay,1973,4.782417037190115,3.838400939980482
Uruguay,1974,4.611259826833109,3.464617720143448
Uruguay,1975,4.462803967062913,3.14843914187681
Uruguay,1976,4.321584687501856,2.921838040760717
Uruguay,1977,4.179474571848338,2.627734265982699
Uruguay,1978,4.037913619176046,2.3464646826138065
Uruguay,1979,3.899422151146947,2.107975936831075
Uruguay,1980,3.7896106565414263,2.1097184122832284
Uruguay,1981,3.7170445330366837,2.196574345270255
Uruguay,1982,3.645665930414773,2.282877265470784
Uruguay,1983,3.574452038853082,2.3736753290041244
Uruguay,1984,3.5108469004087244,2.5887086330972564
Uruguay,1985,3.426170927626285,2.6068454882207073
Uruguay,1986,2.9625484182696242,2.5856469451938273
Uruguay,1987,2.433840049829511,1.7920416810794142
Uruguay,1988,1.9183912295755468,1.088521311282161
Uruguay,1989,1.423480969570254,0.524360102759387
Uruguay,1990,0.9905682070848734,0.30210483321269155
Uruguay,1991,0.8109446602287091,0.042237066822715656
Uruguay,1992,0.7230070984500836,-0.10517531047148937
Uruguay,1993,0.7049306863372358,0.048043160475862844
Uruguay,1994,0.6942491077733882,0.005674182269697153
Uruguay,1995,0.6977007514118998,0.1976825552388523
Uruguay,1996,0.6914417708295973,0.22816881984322454
Uruguay,1997,0.6889172056197586,0.34018783325495167
Uruguay,1998,0.6863310894769648,0.44657104086287636
Uruguay,1999,0.6813385615089296,0.46690754770347453
Uruguay,2000,0.6744620654304637,0.41571679362067615
Uruguay,2001,0.6717545992334604,0.39548540724131936
Uruguay,2002,0.6682693676327387,0.345718298195377
Uruguay,2003,0.6705119635553103,0.4204397986016816
Uruguay,2004,0.6777927372791817,0.6198021969447147
Uruguay,2005,0.6818128551294618,0.7333314053007656
Uruguay,2006,0.6845657444585481,0.8114029833849321
Uruguay,2007,0.6866511668533241,0.8711300935491224
Uruguay,2008,0.6884382820174005,0.922267972637751
Uruguay,2009,0.6897887371391204,0.9662060201572321
Uruguay,2010,0.6894006858558176,0.968764634203615
Uruguay,2011,0.6829529825422378,0.8291850628920892
Uruguay,2012,0.6786074181011568,0.7630851903098768
Uruguay,2013,0.6742563277007634,0.6968159656529873
Uruguay,2014,0.6669039057591996,0.5430146265330797
Uruguay,2015,0.6629630511658813,0.4689489111697794
Uruguay,2016,0.6580094252830132,0.3653583000315068
Uruguay,2017,0.6569829924462635,0.34484620158307744
Uruguay,2018,0.6558820388548848,0.32201626272445544
Uruguay,2019,0.6558927893251322,0.3282647456810937
Uruguay,2020,0.6558927893251322,0.3282647456810937
Uruguay,2021,0.6558927893251322,0.3282647456810937
Uruguay,2022,0.6558927893251322,0.3282647456810937
Uruguay,2023,0.6558927893251322,0.3282647456810937
Uruguay,2024,0.6558927893251322,0.3282647456810937
Uruguay,2025,0.6558927893251322,0.3282647456810937
Armenia,1991,0.4936565902503328,1.4410463448995376
Armenia,1992,0.4932310627611719,0.2539672005551685
Armenia,1993,0.4929518920685712,-0.19005895031874986
Armenia,1994,0.49271537920449715,-0.5586673256878538
Armenia,1995,0.4925214604544609,-0.6425275405136854
Armenia,1996,0.49237101842321707,-0.43472407507621624
Armenia,1997,0.49219764498551327,-0.44489721593204834
Armenia,1998,0.49203333243146463,-0.36268325946920693
Armenia,1999,0.4918610620106681,-0.46750176272192845
Armenia,2000,0.4917002685580888,-0.49368208304209815
Armenia,2001,0.4915770766688946,-0.4148459662445504
Armenia,2002,0.49144914225310576,-0.4222144244680757
Armenia,2003,0.49134213847386976,-0.26044106000836104
Armenia,2004,0.491230489515824,-0.2375535377529535
Armenia,2005,0.4911265387997364,-0.15328804442850397
Armenia,2006,0.4910234057300368,-0.09322935667316398
Armenia,2007,0.4909205643614912,-0.031001308075512823
Armenia,2008,0.49082015082630026,0.06327331115623913
Armenia,2009,0.49072656083910593,0.24411398594182543
Armenia,2010,0.49062996287248173,0.3813485256310336
Armenia,2011,0.49050818898138504,0.2668679829016366
Armenia,2012,0.490384062475449,0.08358413115090124
Armenia,2013,0.4902599217637757,-0.09993398741383669
Armenia,2014,0.4901497062781164,-0.26232916454403704
Armenia,2015,0.49004278290414827,-0.4037456338275556
Armenia,2016,0.48993537376391455,-0.5598958041911257
Armenia,2017,0.4898499348375053,-0.5446229142437374
Armenia,2018,0.48976691131957933,-0.5079074862604265
Armenia,2019,0.48979427360384176,-0.4243895017100951
Armenia,2020,0.48979427360384176,-0.4243895017100951
Armenia,2021,0.48979427360384176,-0.4243895017100951
Armenia,2022,0.48979427360384176,-0.4243895017100951
Armenia,2023,0.48979427360384176,-0.4243895017100951
Armenia,2024,0.48979427360384176,-0.4243895017100951
Armenia,2025,0.48979427360384176,-0.4243895017100951
Azerbaijan,1991,2.547036969067281,2.4325039619872326
Azerbaijan,1992,5.095586845207343,6.156022069938837
Azerbaijan,1993,-4.144743128646134,-3.7903941130096355
Azerbaijan,1994,-5.600607170339856,-6.778481835865016
Azerbaijan,1995,-4.177406895808872,-4.33186148182587
Azerbaijan,1996,-2.6923852203274565,-1.8243090066046403
Azerbaijan,1997,-1.8704319427522405,-1.02569907761445
Azerbaijan,1998,-1.0557237740359535,-0.09032803613220283
Azerbaijan,1999,-0.7869319280811873,-0.3340336522163012
Azerbaijan,2000,-0.5709824443572287,-0.19625979302237534
Azerbaijan,2001,-1.050083933908983,-1.0492328273035048
Azerbaijan,2002,-1.6019310159444187,-2.2835771757014007
Azerbaijan,2003,-1.3218654405381078,-1.182462400701232
Azerbaijan,2004,-1.5278928580517674,-2.1252545814542825
Azerbaijan,2005,-1.1891042464362758,-1.1835207112234922
Azerbaijan,2006,-1.1407618996777604,-1.5996977675270696
Azerbaijan,2007,-1.0462885584662351,-1.8083088765613717
Azerbaijan,2008,-1.0043935045582828,-2.3157432981044077
Azerbaijan,2009,-0.5858296731429915,-1.673723788561051
Azerbaijan,2010,0.7895021893042964,0.7641781642118146
Azerbaijan,2011,0.3812954444830359,-0.2780447498135248
Azerbaijan,2012,0.4390749826734962,-0.404004630605087
Azerbaijan,2013,0.5098061174928131,-0.46856476088990895
Azerbaijan,2014,2.1122137755530943,2.6694159525042513
Azerbaijan,2015,3.4780407134989284,5.078555458955249
Azerbaijan,2016,4.741370527510937,7.171971313206273
Azerbaijan,2017,4.688857119289324,7.4280522343386775
Azerbaijan,2018,5.116485736601597,8.039119101313855
Azerbaijan,2019,5.220548842319652,7.798155134212144
Azerbaijan,2020,5.220548842319652,7.798155134212144
Azerbaijan,2021,5.220548842319652,7.798155134212144
Azerbaijan,2022,5.220548842319652,7.798155134212144
Azerbaijan,2023,5.220548842319652,7.798155134212144
Azerbaijan,2024,5.220548842319652,7.798155134212144
Azerbaijan,2025,5.220548842319652,7.798155134212144
Belarus,1991,1.2668145529546397,1.2294753289837532
Belarus,1992,2.4787167028426165,3.0952058775832247
Belarus,1993,-0.30686394501352965,0.11529676859249294
Belarus,1994,-2.551983549955528,0.9757169214928545
Belarus,1995,-7.53982815703264,-2.6283212354257097
Belarus,1996,-10.54086738543147,-4.543342860811701
Belarus,1997,-9.905802334627005,-4.698076522130362
Belarus,1998,-7.5993309980252235,-4.1140927029623695
Belarus,1999,-6.194941587249741,-4.417447012485526
Belarus,2000,-5.132830567372009,-4.758947821918284
Belarus,2001,-4.1339331962914185,-3.3845522266249386
Belarus,2002,-3.317543205135193,-2.7086795875936662
Belarus,2003,-2.6699526099611335,-1.9714723832522698
Belarus,2004,-2.2614692980944775,-1.7749961840844308
Belarus,2005,-1.7884989447990796,-0.752574127044106
Belarus,2006,-1.4794237737624656,-0.03939532932305889
Belarus,2007,-1.2144854595674397,0.4791596621835785
Belarus,2008,-1.0415122010280695,0.6666153064467408
Belarus,2009,-1.028931085925378,0.518032908861045
Belarus,2010,-1.037015117453928,0.42861598487256924
Belarus,2011,-1.6129741850742303,-1.442448979206302
Belarus,2012,-1.810826673895868,-1.7242135624499704
Belarus,2013,-2.0105108672874357,-2.0169467566344963
Belarus,2014,-2.1647288479549456,-2.0577572885931117
Belarus,2015,-2.4266499284370764,-2.696624306213377
Belarus,2016,-2.4842934269485255,-2.6506427974636235
Belarus,2017,-2.5452003053119943,-2.876516944645265
Belarus,2018,-2.593718883358202,-3.033006022238255
Belarus,2019,-2.589188786411217,-2.9184449998809794
Belarus,2020,-2.589188786411217,-2.9184449998809794
Belarus,2021,-2.589188786411217,-2.9184449998809794
Belarus,2022,-2.589188786411217,-2.9184449998809794
Belarus,2023,-2.589188786411217,-2.9184449998809794
Belarus,2024,-2.589188786411217,-2.9184449998809794
Belarus,2025,-2.589188786411217,-2.9184449998809794
Cameroon,1971,0.8114405280366264,0.6421298834244024
Cameroon,1972,0.7368576559448129,0.640042093194696
Cameroon,1973,0.5736138886987713,0.6302181014638925
Cameroon,1974,0.5908893745333065,0.6323652706090528
Cameroon,1975,0.6220692489100825,0.6357102209784155
Cameroon,1976,0.7979147361959669,0.6485209423511294
Cameroon,1977,0.9388952657918535,0.6582612057550634
Cameroon,1978,1.079177657578008,0.6678954469485517
Cameroon,1979,1.273576788771857,0.680488331000617
Cameroon,1980,1.9714773646453616,0.7140525935632528
Cameroon,1981,1.9494779428481717,0.7181362019237484
Cameroon,1982,1.9771657517905195,0.7224516343005043
Cameroon,1983,2.140399757995869,0.727563871854804
Cameroon,1984,1.70466769294217,0.7239479257475414
Cameroon,1985,0.8607963465366714,0.7031355102018061
Cameroon,1986,0.48854014681854396,0.703096136995067
Cameroon,1987,0.528172638236163,0.7384635173609709
Cameroon,1988,0.7331704690577295,0.7931748398053013
Cameroon,1989,1.0751798990774133,0.8610495509263023
Cameroon,1990,2.3098261891323575,0.9777953320081221
Cameroon,1991,1.2379676929589483,0.9664778648614744
Cameroon,1992,1.9035125508453,0.9789742659682668
Cameroon,1993,1.2557414883458147,0.9352316448281942
Cameroon,1994,0.922692833065335,0.8911241532246353
Cameroon,1995,0.7137792991525804,0.8551570731985392
Cameroon,1996,0.5794665964933351,0.8256487260836262
Cameroon,1997,0.5014187130706752,0.801750392249801
Cameroon,1998,0.44556278005643096,0.7798584476572691
Cameroon,1999,0.5069459414707076,0.767798897555679
Cameroon,2000,0.5182383289582331,0.7541693572529622
Cameroon,2001,0.338011644602768,0.7359734205296979
Cameroon,2002,0.17928325909551154,0.7203931185962664
Cameroon,2003,0.1640110856210977,0.7181458357700381
Cameroon,2004,0.18364352313561516,0.7236703176902741
Cameroon,2005,0.20377650492300117,0.7330507164338018
Cameroon,2006,0.34534500526451994,0.7513231260665324
Cameroon,2007,0.4793179744127371,0.7691503349708948
Cameroon,2008,0.6387866472475969,0.7887423908250483
Cameroon,2009,0.7782101002035268,0.8072534919911643
Cameroon,2010,0.9324706150898321,0.8269467710563685
Cameroon,2011,1.2761177616908315,0.8583072578212969
Cameroon,2012,1.6127772758433427,0.8842264767262216
Cameroon,2013,1.9490326192800316,0.91011177072522
Cameroon,2014,2.4107381714799976,0.9208365876092222
Cameroon,2015,2.985539101200576,0.9348604821188538
Cameroon,2016,3.5882349377145752,0.9494734478872768
Cameroon,2017,3.5962426063410065,0.9557379553574727
Cameroon,2018,3.59480632508625,0.9618300608850485
Cameroon,2019,3.5861912477475766,0.965826316419333
Cameroon,2020,3.5861912477475766,0.965826316419333
Cameroon,2021,3.5861912477475766,0.965826316419333
Cameroon,2022,3.5861912477475766,0.965826316419333
Cameroon,2023,3.5861912477475766,0.965826316419333
Cameroon,2024,3.5861912477475766,0.965826316419333
Cameroon,2025,3.5861912477475766,0.965826316419333
Chad,1971,0.2648271482323711,0.23524314559565376
Chad,1972,0.7329178265779993,0.25594074043086684
Chad,1973,0.7638943826054623,0.25447358369996964
Chad,1974,0.5479072442575585,0.22614212188490784
Chad,1975,0.369468311864088,0.19886023554624754
Chad,1976,0.08324377729074073,0.16182713138939442
Chad,1977,-0.12689657780200958,0.13006872192151092
Chad,1978,-0.33991589971953523,0.0981958837875917
Chad,1979,-0.4286835520899754,0.07483288330981314
Chad,1980,-1.0563437092443242,0.03918397516856778
Chad,1981,-0.7668163117145927,0.07036393074389055
Chad,1982,-0.5935045531933636,0.09811970823771726
Chad,1983,-0.35828507615741445,0.1261489024376628
Chad,1984,-0.06990604970044917,0.1667436071841434
Chad,1985,-0.04738216461359471,0.19765331831983857
Chad,1986,-0.07531607164152583,0.24880060793597006
Chad,1987,0.08803673206539236,0.35292849363412215
Chad,1988,0.1753434541455564,0.4677525253401971
Chad,1989,0.3789767443713009,0.6116277826235709
Chad,1990,2.6257227031479,0.8633518519617706
Chad,1991,3.746359083940688,0.9198175610130161
Chad,1992,1.2134461807550285,0.8866259625588665
Chad,1993,0.8591330565174675,0.8513463503766662
Chad,1994,0.9698048176051564,0.8444406053241
Chad,1995,1.4003166169514862,0.8530625702328757
Chad,1996,1.8021707968849903,0.8510080295714209
Chad,1997,1.49951686674906,0.8326037505787339
Chad,1998,1.1437543499659015,0.8095140846217788
Chad,1999,1.0015127430934774,0.7944508000115934
Chad,2000,1.105637594827403,0.791551533023501
Chad,2001,0.7494644952620323,0.7431394507428003
Chad,2002,0.39202684057305454,0.6946095955424689
Chad,2003,0.3407755716660604,0.6663124437289623
Chad,2004,0.3520731909445244,0.6476921051419455
Chad,2005,0.19954908870966498,0.6216796462181546
Chad,2006,0.34712029065191585,0.6108704202681403
Chad,2007,0.47968770134406014,0.5992008513091945
Chad,2008,0.5572789604048911,0.5845262837235775
Chad,2009,0.6784242743972622,0.5729585498656053
Chad,2010,0.7565903990282363,0.5583565451898516
Chad,2011,0.5427244930498112,0.5240819991288322
Chad,2012,0.36224011571957193,0.4915946389375179
Chad,2013,0.18477544017634506,0.45930894154817903
Chad,2014,0.09660438064562565,0.4450566464607495
Chad,2015,-0.09457129600178665,0.4260383933285041
Chad,2016,-0.2980693780352333,0.40689664878620113
Chad,2017,-0.18496739107678542,0.4109955411080075
Chad,2018,-0.0937067509121427,0.41452579299116493
Chad,2019,0.026389181242058135,0.4206273713357761
Chad,2020,0.026389181242058135,0.4206273713357761
Chad,2021,0.026389181242058135,0.4206273713357761
Chad,2022,0.026389181242058135,0.4206273713357761
Chad,2023,0.026389181242058135,0.4206273713357761
Chad,2024,0.026389181242058135,0.4206273713357761
Chad,2025,0.026389181242058135,0.4206273713357761
Democratic Republic of the Congo,1971,0.5477364974678622,0.3330751289830673
Democratic Republic of the Congo,1972,0.5602690860021879,0.32116852050909533
Democratic Republic of the Congo,1973,0.5758180218458302,0.3402192883872416
Democratic Republic of the Congo,1974,0.5899092133429005,0.27884806910538074
Democratic Republic of the Congo,1975,0.6020449943706971,0.1670197397983746
Democratic Republic of the Congo,1976,0.6235666155588219,0.18423229984788686
Democratic Republic of the Congo,1977,0.648370151726174,0.2514440067134836
Democratic Republic of the Congo,1978,0.6735275822383844,0.32545282692379107
Democratic Republic of the Congo,1979,0.6972475096162774,0.35818130887564514
Democratic Republic of the Congo,1980,0.7297068516110228,0.4681061895360594
Democratic Republic of the Congo,1981,0.7639304893395469,0.3815661739534637
Democratic Republic of the Congo,1982,0.7992634195753485,0.3052654647703654
Democratic Republic of the Congo,1983,0.8349861311915631,0.2363744750949331
Democratic Republic of the Congo,1984,0.8711744663460119,0.10166523956827338
Democratic Republic of the Congo,1985,0.9208430579186192,0.07940094710036484
Democratic Republic of the Congo,1986,0.9967775990716892,0.07993397515420636
Democratic Republic of the Congo,1987,1.11025177248623,0.12782565633701393
Democratic Republic of the Congo,1988,1.250715073853625,0.350178815333387
Democratic Republic of the Congo,1989,1.4189371202960586,0.7402775401648329
Democratic Republic of the Congo,1990,1.6380998819820731,1.735134164419577
Democratic Republic of the Congo,1991,1.5697238861994087,1.3257438616332293
Democratic Republic of the Congo,1992,1.5789749228888388,1.3001865871546547
Democratic Republic of the Congo,1993,1.6191301774544364,1.0680160582946712
Democratic Republic of the Congo,1994,1.7108978348237796,1.2861560746656615
Democratic Republic of the Congo,1995,1.8130701868856445,1.600216110634491
Democratic Republic of the Congo,1996,1.9195433105835797,1.9840403557216488
Democratic Republic of the Congo,1997,2.017853045254098,2.256123008963006
Democratic Republic of the Congo,1998,2.141194994095345,2.578672689748653
Democratic Republic of the Congo,1999,2.181380169401508,2.828905628625562
Democratic Republic of the Congo,2000,2.217457121742306,3.061476247971455
Democratic Republic of the Congo,2001,2.2257821332651013,3.165061045966297
Democratic Republic of the Congo,2002,2.2240078949788575,3.1769842174258667
Democratic Republic of the Congo,2003,2.2146813587043934,3.187559633029397
Democratic Republic of the Congo,2004,2.186012883217524,2.994396928785274
Democratic Republic of the Congo,2005,2.151425221911105,2.739176459147757
Democratic Republic of the Congo,2006,2.115356772482886,2.489116261347821
Democratic Republic of the Congo,2007,2.0733935467389,2.2204693953080707
Democratic Republic of the Congo,2008,2.0321725948659326,1.967285503458874
Democratic Republic of the Congo,2009,1.9944378011174329,1.7706963943594294
Democratic Republic of the Congo,2010,1.9550464966608871,1.536420378243822
Democratic Republic of the Congo,2011,1.914739021082248,1.2359816249216526
Democratic Republic of the Congo,2012,1.8965172310979201,1.110688933323939
Democratic Republic of the Congo,2013,1.8785236119452005,0.9895279258752874
Democratic Republic of the Congo,2014,1.8732704089103283,0.8181989674508562
Democratic Republic of the Congo,2015,1.8756410364355083,0.7369133382134727
Democratic Republic of the Congo,2016,1.876429115861574,0.6168135711740035
Democratic Republic of the Congo,2017,1.892419606192522,0.6181998413130355
Democratic Republic of the Congo,2018,1.907963140660002,0.6139765612543013
Democratic Republic of the Congo,2019,1.927543000491783,0.6617845621022398
Democratic Republic of the Congo,2020,1.927543000491783,0.6617845621022398
Democratic Republic of the Congo,2021,1.927543000491783,0.6617845621022398
Democratic Republic of the Congo,2022,1.927543000491783,0.6617845621022398
Democratic Republic of the Congo,2023,1.927543000491783,0.6617845621022398
Democratic Republic of the Congo,2024,1.927543000491783,0.6617845621022398
Democratic Republic of the Congo,2025,1.927543000491783,0.6617845621022398
Djibouti,1971,1.0543389326198418,0.825263483705815
Djibouti,1972,0.970840368764806,0.7149545779080041
Djibouti,1973,0.9040128760786281,0.6108922617319426
Djibouti,1974,0.8833360507804865,0.5369088807598754
Djibouti,1975,0.8385954283633669,0.431745476552077
Djibouti,1976,0.8237646872216021,0.34826134805050174
Djibouti,1977,0.8293624090619166,0.2821303461461009
Djibouti,1978,0.8213410870122162,0.20960593489613477
Djibouti,1979,0.5593911893811188,0.13010124539326734
Djibouti,1980,0.31555760685430123,0.01619419208095746
Djibouti,1981,0.2512892631103083,-0.0021310490192219464
Djibouti,1982,0.21322473032713113,0.006804446152374369
Djibouti,1983,0.17360452809839316,0.013825434691764598
Djibouti,1984,0.14092389594096993,0.022065519155851823
Djibouti,1985,0.11829165098902027,0.033560158058542726
Djibouti,1986,0.11544705184950663,0.049636485154153795
Djibouti,1987,0.14864142317266904,0.0936083824798881
Djibouti,1988,0.10777288789327641,0.04476986009931571
Djibouti,1989,0.11572371840510265,0.04865853752461168
Djibouti,1990,0.1357447235166147,0.04801337129850374
Djibouti,1991,0.5538987896199575,0.0027776431580339433
Djibouti,1992,2.086648970218665,0.3036642808330837
Djibouti,1993,1.6799113463126896,0.45596041891081995
Djibouti,1994,1.4642061111097082,0.46807916737063193
Djibouti,1995,1.3833990571183408,0.535437418581817
Djibouti,1996,1.2829168238440507,0.5515897703328958
Djibouti,1997,1.2044397961214104,0.5710502265473514
Djibouti,1998,1.1309405272555932,0.5933803329860583
Djibouti,1999,1.0636454387037326,0.5960545603894882
Djibouti,2000,0.9956936976206404,0.5762656681370698
Djibouti,2001,0.9929010472994115,0.551689782619017
Djibouti,2002,0.9961641858895637,0.5296407419152731
Djibouti,2003,0.8219033587416615,0.43376256422968973
Djibouti,2004,0.7372818059669772,0.3958539400384534
Djibouti,2005,0.6550994006474982,0.3485511977625022
Djibouti,2006,0.599932974534229,0.32750069012192706
Djibouti,2007,0.5304382045922458,0.2951589605118806
Djibouti,2008,0.46333748366057337,0.26578529463240314
Djibouti,2009,0.40181212441166575,0.24098731576431678
Djibouti,2010,0.34407115303874647,0.2206731953813393
Djibouti,2011,0.30453457601202505,0.2193741635588078
Djibouti,2012,0.21055942588996468,0.14968258706544174
Djibouti,2013,0.11726598363344798,0.08087823053286057
Djibouti,2014,0.07837243383831446,0.07036190640103822
Djibouti,2015,0.03836624687527143,0.058093941781076575
Djibouti,2016,-0.00395246862329246,0.04260815444784876
Djibouti,2017,-0.03716713156835677,0.04291624508001947
Djibouti,2018,-0.07296417585853626,0.0410597671967522
Djibouti,2019,-0.06103654471839361,0.05571140204660637
Djibouti,2020,-0.06103654471839361,0.05571140204660637
Djibouti,2021,-0.06103654471839361,0.05571140204660637
Djibouti,2022,-0.06103654471839361,0.05571140204660637
Djibouti,2023,-0.06103654471839361,0.05571140204660637
Djibouti,2024,-0.06103654471839361,0.05571140204660637
Djibouti,2025,-0.06103654471839361,0.05571140204660637
Gabon,1971,-0.026517331936059943,0.04037415985133956
Gabon,1972,-0.07204679675194026,0.03739253723539123
Gabon,1973,-0.13957391347652676,0.034744557715991664
Gabon,1974,-0.018132323494064684,0.050952112279088885
Gabon,1975,0.08810055998379968,0.06617392986809598
Gabon,1976,0.09714891512521115,0.07349210657469984
Gabon,1977,0.08322499372688891,0.07872154021175519
Gabon,1978,0.0698263468449779,0.08399444962999757
Gabon,1979,0.08268570722428809,0.09156314042473987
Gabon,1980,-0.22356579642115743,0.07574760782439316
Gabon,1981,-0.10092157531836377,0.11596935576347006
Gabon,1982,-0.048257171912621286,0.15163267552112025
Gabon,1983,0.004184801151140298,0.18728558647797486
Gabon,1984,-0.002529108203800784,0.2211158739945005
Gabon,1985,-0.011009392795609169,0.2615103675236021
Gabon,1986,0.13859175527841205,0.3396369486072238
Gabon,1987,0.1709747105770127,0.4299918159113332
Gabon,1988,0.45599000565719394,0.5559117904401927
Gabon,1989,1.231987996012093,0.7299107598435504
Gabon,1990,3.10486327655013,0.9413026836851998
Gabon,1991,3.4846304099483176,0.9759034848598305
Gabon,1992,1.3068595640696326,0.9161619644060257
Gabon,1993,0.8357349776982435,0.8339675910026746
Gabon,1994,0.42030765905746803,0.7560187398555905
Gabon,1995,0.1693693677615452,0.6997333152431899
Gabon,1996,0.36738710646962014,0.6624344751616342
Gabon,1997,0.4413521083768344,0.618275802450558
Gabon,1998,0.41584573672136477,0.5678346197913913
Gabon,1999,0.3694243630220993,0.5182646714441376
Gabon,2000,0.4639493067965603,0.4803425729497489
Gabon,2001,0.5609840843381904,0.44380281899664253
Gabon,2002,0.48770358992882906,0.39707190749409343
Gabon,2003,0.45128213868285194,0.35124304505868387
Gabon,2004,0.4971505778941264,0.310367406285126
Gabon,2005,0.5955819293236678,0.27165417116220164
Gabon,2006,0.7998237118750136,0.2385518212068522
Gabon,2007,1.0124366267218166,0.20580839668825585
Gabon,2008,1.2713974112966817,0.17589111783468908
Gabon,2009,1.519466018139981,0.13950863520942758
Gabon,2010,1.4446705995274356,0.09936297894583934
Gabon,2011,0.5753248226867309,0.041281389076505026
Gabon,2012,-0.061304968693866924,-0.010608947781549305
Gabon,2013,-0.7003954375886874,-0.06266939908591712
Gabon,2014,-0.8315692716446491,-0.08458556679688883
Gabon,2015,-1.0245595802554515,-0.10717910718940174
Gabon,2016,-1.2350015160313563,-0.13005944974628447
Gabon,2017,-0.9081486553603065,-0.1314527519180651
Gabon,2018,-0.5977090999634855,-0.13340208781751042
Gabon,2019,-0.630099257545608,-0.13771886600360517
Gabon,2020,-0.630099257545608,-0.13771886600360517
Gabon,2021,-0.630099257545608,-0.13771886600360517
Gabon,2022,-0.630099257545608,-0.13771886600360517
Gabon,2023,-0.630099257545608,-0.13771886600360517
Gabon,2024,-0.630099257545608,-0.13771886600360517
Gabon,2025,-0.630099257545608,-0.13771886600360517
The Gambia,1971,-0.3675010611453262,0.01858874332228566
The Gambia,1972,-0.3675906644429362,0.019124537080087545
The Gambia,1973,-0.36768168983483707,0.019615378500683178
The Gambia,1974,-0.3677745705017682,0.020056974590046073
The Gambia,1975,-0.36786773561789265,0.020490399019980288
The Gambia,1976,-0.36796118847695314,0.020958801236624303
The Gambia,1977,-0.3680547085839204,0.02145174302654651
The Gambia,1978,-0.36814791242042677,0.02197547905864805
The Gambia,1979,-0.3682420843506585,0.02242714726419126
The Gambia,1980,-0.36833876975876817,0.02284501331275609
The Gambia,1981,-0.3684436171719531,0.02306035225674028
The Gambia,1982,-0.36855047522174594,0.023135920255598033
The Gambia,1983,-0.368657248854932,0.023220111028676077
The Gambia,1984,-0.36876588255917586,0.023197143054982626
The Gambia,1985,-0.3688767380692359,0.023088823013130366
The Gambia,1986,-0.36899529542943427,0.02262741123777552
The Gambia,1987,-0.369120037548617,0.022087535057490268
The Gambia,1988,-0.3692506151887356,0.02123044070679561
The Gambia,1989,-0.36938127898024414,0.020667342336902345
The Gambia,1990,-0.36951852852593164,0.019923767163985334
The Gambia,1991,-0.36976878349538433,0.018509555414519735
The Gambia,1992,-0.37005283444745074,0.016990814940517608
The Gambia,1993,-0.3703492393794246,0.01626322818515949
The Gambia,1994,-0.37063315842878797,0.016378890708625235
The Gambia,1995,-0.3707492207539043,0.01656911101365705
The Gambia,1996,-0.3708204704188437,0.01685333776132674
The Gambia,1997,-0.3709013718107394,0.01693853723237196
The Gambia,1998,-0.3709853944828377,0.016937479459476202
The Gambia,1999,-0.37107552170969915,0.016634402497933895
The Gambia,2000,-0.37116670655462,0.01629543624025534
The Gambia,2001,-0.3712565499397515,0.01640202365015686
The Gambia,2002,-0.37134686006482437,0.016481292230470648
The Gambia,2003,-0.3714391774367746,0.016470337736519014
The Gambia,2004,-0.3715310815818501,0.016586439556106537
The Gambia,2005,-0.37162286707991055,0.016774637683374102
The Gambia,2006,-0.3717151000627392,0.01696062163661066
The Gambia,2007,-0.3718068602092266,0.01719155460983275
The Gambia,2008,-0.37189848793815694,0.017438952039736916
The Gambia,2009,-0.37199077572353156,0.017643793527618454
The Gambia,2010,-0.3720830296030151,0.017860778843684418
The Gambia,2011,-0.372178109239219,0.017885193223728755
The Gambia,2012,-0.37227547345166234,0.017785671157529034
The Gambia,2013,-0.37237280847005155,0.01768915275819426
The Gambia,2014,-0.37247632709645473,0.01724064187900823
The Gambia,2015,-0.3725805272198166,0.01675067211027916
The Gambia,2016,-0.3726842327113216,0.016313779259452224
The Gambia,2017,-0.37277900583605056,0.01618919191711567
The Gambia,2018,-0.3727843173732223,0.016077877655446892
The Gambia,2019,-0.3727846155327871,0.016029449142835866
The Gambia,2020,-0.3727846155327871,0.016029449142835866
The Gambia,2021,-0.3727846155327871,0.016029449142835866
The Gambia,2022,-0.3727846155327871,0.016029449142835866
The Gambia,2023,-0.3727846155327871,0.016029449142835866
The Gambia,2024,-0.3727846155327871,0.016029449142835866
The Gambia,2025,-0.3727846155327871,0.016029449142835866
Georgia,1991,1.6862011621470459,1.7499223592326658
Georgia,1992,2.126751397506302,1.9010484877219318
Georgia,1993,1.3060523990563895,1.7525539575451021
Georgia,1994,2.409021974828394,1.8255867926055998
Georgia,1995,2.643250151571166,1.7901383217722966
Georgia,1996,2.6840997690586623,1.7071232788019874
Georgia,1997,2.0182715698396017,1.5541931878983049
Georgia,1998,1.6371477286669065,1.4187595574413094
Georgia,1999,0.959182939176725,1.2503299216304815
Georgia,2000,0.912869245198535,1.131000509666566
Georgia,2001,1.0038960932547119,1.0598054897068439
Georgia,2002,0.6719158925816164,0.9590271399641228
Georgia,2003,1.2184458279679766,0.9301042985577389
Georgia,2004,1.7257963074366627,0.8849476859060124
Georgia,2005,0.5164961031502252,0.7556015816871453
Georgia,2006,-0.24111118490608074,0.6616811019715537
Georgia,2007,-1.0654315936002006,0.5640146953468389
Georgia,2008,-1.9549275589664619,0.4634962215092003
Georgia,2009,-1.3822387376425622,0.41572379853533276
Georgia,2010,-1.0420904829907247,0.3577963725602499
Georgia,2011,-2.00847758968086,0.2580260076295561
Georgia,2012,-5.391197529207581,0.1058323087963231
Georgia,2013,-8.667057447706565,-0.0438935120894825
Georgia,2014,-6.477581501911041,-0.08590767369842993
Georgia,2015,-4.448403838446092,-0.06947115425738914
Georgia,2016,-2.0501384017528266,-0.024360773656221274
Georgia,2017,-2.109152759732837,-0.04977052928557066
Georgia,2018,-2.1714207961510654,-0.07521243254261797
Georgia,2019,-1.9911789184211,-0.07945529091687228
Georgia,2020,-1.9911789184211,-0.07945529091687228
Georgia,2021,-1.9911789184211,-0.07945529091687228
Georgia,2022,-1.9911789184211,-0.07945529091687228
Georgia,2023,-1.9911789184211,-0.07945529091687228
Georgia,2024,-1.9911789184211,-0.07945529091687228
Georgia,2025,-1.9911789184211,-0.07945529091687228
Guinea-Bissau,1971,0.7344576513177515,0.5082538526247558
Guinea-Bissau,1972,0.7345125700066049,0.5083031135410199
Guinea-Bissau,1973,0.7345554786851161,0.5082089797876006
Guinea-Bissau,1974,0.734648982356046,0.5083845971479124
Guinea-Bissau,1975,0.7346858815683747,0.5085458647419562
Guinea-Bissau,1976,0.7347285303957966,0.5087602895207167
Guinea-Bissau,1977,0.7347708585796718,0.508963777760457
Guinea-Bissau,1978,0.7348133942802509,0.5091693899517288
Guinea-Bissau,1979,0.7348570388438986,0.5093827000110985
Guinea-Bissau,1980,0.7349058882832848,0.5096054438355906
Guinea-Bissau,1981,0.734967454178588,0.5098323313289682
Guinea-Bissau,1982,0.7350221055666665,0.5099859911124879
Guinea-Bissau,1983,0.7350762943928825,0.5101349059634718
Guinea-Bissau,1984,0.7351359294597877,0.5103287276050981
Guinea-Bissau,1985,0.7352042772956051,0.5105920121866153
Guinea-Bissau,1986,0.7352924775655094,0.5109902962345181
Guinea-Bissau,1987,0.7353710067398032,0.5111655195363739
Guinea-Bissau,1988,0.73545046206696,0.5112876945984767
Guinea-Bissau,1989,0.7355475684225906,0.5115420398468558
Guinea-Bissau,1990,0.7356811291243458,0.5120916157718471
Guinea-Bissau,1991,0.7360350495613301,0.5127427162071647
Guinea-Bissau,1992,0.7366183504829135,0.5147399741638251
Guinea-Bissau,1993,0.7371047600901328,0.515866927601684
Guinea-Bissau,1994,0.7374826327597578,0.5165067092885823
Guinea-Bissau,1995,0.7375766681799664,0.5170673878569993
Guinea-Bissau,1996,0.737574562889869,0.5175417993670448
Guinea-Bissau,1997,0.7375786273865808,0.5180743460941408
Guinea-Bissau,1998,0.7375836486120179,0.5186159079310362
Guinea-Bissau,1999,0.7375982439279181,0.5192474251961673
Guinea-Bissau,2000,0.7375865981410086,0.5197052475549777
Guinea-Bissau,2001,0.7375644149710168,0.519968766834622
Guinea-Bissau,2002,0.737542837785569,0.5202346195549356
Guinea-Bissau,2003,0.7374993956431741,0.5202968290051764
Guinea-Bissau,2004,0.7374393778144384,0.5201949760352473
Guinea-Bissau,2005,0.7373807975138443,0.5200969910019553
Guinea-Bissau,2006,0.7373094821451298,0.5198794655440959
Guinea-Bissau,2007,0.7372379982498866,0.5196592417644466
Guinea-Bissau,2008,0.7371683928212985,0.5194589925702844
Guinea-Bissau,2009,0.7370994700648971,0.5192609290545057
Guinea-Bissau,2010,0.7370297140166068,0.5190511470687114
Guinea-Bissau,2011,0.7369658660325036,0.5188928283402561
Guinea-Bissau,2012,0.7369101421181757,0.5188043338636995
Guinea-Bissau,2013,0.7368554329368217,0.5187236324642585
Guinea-Bissau,2014,0.7368100271923373,0.5186971028481704
Guinea-Bissau,2015,0.7368056579641294,0.5187737520030997
Guinea-Bissau,2016,0.7368078613220582,0.5189032450155171
Guinea-Bissau,2017,0.73680087061866,0.5189125810305026
Guinea-Bissau,2018,0.7367934987145273,0.5189177176331005
Guinea-Bissau,2019,0.7367993395837651,0.5189797416908998
Guinea-Bissau,2020,0.7367993395837651,0.5189797416908998
Guinea-Bissau,2021,0.7367993395837651,0.5189797416908998
Guinea-Bissau,2022,0.7367993395837651,0.5189797416908998
Guinea-Bissau,2023,0.7367993395837651,0.5189797416908998
Guinea-Bissau,2025,0.7367993395837651,0.5189797416908998
Jamaica,1971,0.16540160763611128,0.29936929957700725
Jamaica,1972,0.09725583076206018,0.29928461446992277
Jamaica,1973,-0.05078376958746314,0.29903689990065097
Jamaica,1974,0.026988269422245442,0.29926332348075485
Jamaica,1975,0.09295103991431872,0.2994756495572087
Jamaica,1976,0.18510369473970067,0.299810038768784
Jamaica,1977,0.38514709913371914,0.30036977180293994
Jamaica,1978,0.5942893512267999,0.30095434150884426
Jamaica,1979,0.8520456815308007,0.3016512525361639
Jamaica,1980,1.180162575397512,0.3021502533602677
Jamaica,1981,0.7863392333607077,0.3016959597926383
Jamaica,1982,0.5515260636033587,0.30143501535247386
Jamaica,1983,0.31465712027249565,0.30116805740188896
Jamaica,1984,0.2871236979208407,0.30125576127558673
Jamaica,1985,0.22938888041365324,0.3012623246547334
Jamaica,1986,0.2099678921459399,0.301489963435548
Jamaica,1987,0.21438654751407515,0.30196842091225207
Jamaica,1988,0.3266071313478363,0.3028283343272134
Jamaica,1989,0.5037621286976306,0.303852420298769
Jamaica,1990,0.38343004572315736,0.30410555656332827
Jamaica,1991,0.028885037083650277,0.3008603257296773
Jamaica,1992,0.08627392245970465,0.29968815736126314
Jamaica,1993,0.1795998923735997,0.29989390184981995
Jamaica,1994,0.3258458204998328,0.3005131464871506
Jamaica,1995,0.4677118087906472,0.3011006248842797
Jamaica,1996,0.5739332661227272,0.3015436113835008
Jamaica,1997,0.6730588566729021,0.30190919749957973
Jamaica,1998,0.7738369989799662,0.30226596995111676
Jamaica,1999,0.8725085090083409,0.30247985923244014
Jamaica,2000,1.0514042233694858,0.3027774456054029
Jamaica,2001,0.9601425059947557,0.30235041008300734
Jamaica,2002,0.8919634206748748,0.30194067324285523
Jamaica,2003,0.8270240102665782,0.301309929452037
Jamaica,2004,0.6494127728841081,0.3003455151499142
Jamaica,2005,0.5126106779411171,0.2994279796234746
Jamaica,2006,0.3446364013654265,0.2983920204671439
Jamaica,2007,0.1643709986234705,0.29732193286044406
Jamaica,2008,0.01078806789165343,0.2963102276655547
Jamaica,2009,-0.13598852518537363,0.2953448168423449
Jamaica,2010,-0.2835457105550483,0.2943897856491761
Jamaica,2011,-0.5098817049018853,0.29336594213983397
Jamaica,2012,-0.7425925654742283,0.2926069128891001
Jamaica,2013,-0.9746472723855171,0.2918499207257397
Jamaica,2014,-0.8580700224501053,0.2916261991328076
Jamaica,2015,-0.7399210791703542,0.2915200229852199
Jamaica,2016,-0.6220403413622665,0.29143635738959234
Jamaica,2017,-0.4949276320997815,0.2916472352654164
Jamaica,2018,-0.3641600466752011,0.2918686275689532
Jamaica,2019,-0.26538912188161723,0.2920221155911943
Jamaica,2020,-0.26538912188161723,0.2920221155911943
Jamaica,2021,-0.26538912188161723,0.2920221155911943
Jamaica,2022,-0.26538912188161723,0.2920221155911943
Jamaica,2023,-0.26538912188161723,0.2920221155911943
Jamaica,2024,-0.26538912188161723,0.2920221155911943
Jamaica,2025,-0.26538912188161723,0.2920221155911943
Kazakhstan,1991,1.239996659398571,1.4078177104447875
Kazakhstan,1992,0.8345077894313087,0.8893065675059519
Kazakhstan,1993,0.530422656779941,0.8780177243980062
Kazakhstan,1994,-0.06881472208881545,0.27095212609157104
Kazakhstan,1995,-0.6862836061400643,-0.26108158233233253
Kazakhstan,1996,-0.8815849347023075,-0.6050685373529492
Kazakhstan,1997,-0.8939164403541306,-0.7279528947381582
Kazakhstan,1998,-0.8919818274892848,-0.7978676371631503
Kazakhstan,1999,-0.9060882689163068,-0.9109337530057534
Kazakhstan,2000,-0.8923585437291695,-0.9250698086615825
Kazakhstan,2001,-0.8779624133913968,-0.9639315748945263
Kazakhstan,2002,-0.7825373056531634,-0.8477540583758716
Kazakhstan,2003,-0.6620988868633922,-0.6536448934159433
Kazakhstan,2004,-0.5633862125144178,-0.5357582846674934
Kazakhstan,2005,-0.5071591180442373,-0.5571150660881987
Kazakhstan,2006,-0.40066839392668885,-0.41872805205430574
Kazakhstan,2007,-0.29383921394580004,-0.27917076905347066
Kazakhstan,2008,-0.1958843374679622,-0.16911000695623546
Kazakhstan,2009,-0.0981500663442264,-0.05830548220454457
Kazakhstan,2010,-0.0007932520902282914,0.05179826629798731
Kazakhstan,2011,0.07792263706484254,0.10315000215639311
Kazakhstan,2012,0.1705442073013823,0.2140948696687855
Kazakhstan,2013,0.26602901416888125,0.3330826987568369
Kazakhstan,2014,0.2826600099043244,0.21301547631680384
Kazakhstan,2015,0.2898404910719923,0.05231909475772789
Kazakhstan,2016,0.2945379608805346,-0.12121450772465969
Kazakhstan,2017,0.44461202661658855,-0.00022400419951495998
Kazakhstan,2018,0.5907187125610287,0.11482235260526016
Kazakhstan,2019,0.7303139494102033,0.20059203449358384
Kazakhstan,2020,0.7303139494102033,0.20059203449358384
Kazakhstan,2021,0.7303139494102033,0.20059203449358384
Kazakhstan,2022,0.7303139494102033,0.20059203449358384
Kazakhstan,2023,0.7303139494102033,0.20059203449358384
Kazakhstan,2024,0.7303139494102033,0.20059203449358384
Kazakhstan,2025,0.7303139494102033,0.20059203449358384
Kyrgyzstan,1991,2.55871690310568,2.715123240214631
Kyrgyzstan,1992,2.558724789265345,3.0880389912322226
Kyrgyzstan,1993,2.558483225022486,2.2161760111869753
Kyrgyzstan,1994,2.558285941624526,1.5465001952972575
Kyrgyzstan,1995,2.558210674920214,1.273194417197987
Kyrgyzstan,1996,2.55813975369321,0.9440250221838699
Kyrgyzstan,1997,2.558097277454272,0.7754892632421364
Kyrgyzstan,1998,2.558063075717164,0.6679159762841478
Kyrgyzstan,1999,2.5580386929909618,0.5025553982399804
Kyrgyzstan,2000,2.558021616358502,0.26069624979467093
Kyrgyzstan,2001,2.558114626572725,0.29406616104095373
Kyrgyzstan,2002,2.55821700802486,0.3759228032155334
Kyrgyzstan,2003,2.5583492923218976,0.5132289646360464
Kyrgyzstan,2004,2.558520590005113,0.8679423497165812
Kyrgyzstan,2005,2.5586859918611906,1.0913385603224954
Kyrgyzstan,2006,2.5587954946954192,1.1680432182828726
Kyrgyzstan,2007,2.5589053456875415,1.244232670529953
Kyrgyzstan,2008,2.5590093202664113,1.283880461246328
Kyrgyzstan,2009,2.5591347381803495,1.4753880972809668
Kyrgyzstan,2010,2.55926604474794,1.718514205855496
Kyrgyzstan,2011,2.5592370654627326,1.8482056871697259
Kyrgyzstan,2012,2.5591600735146387,1.6475118752279803
Kyrgyzstan,2013,2.5590837674752733,1.4532621727786563
Kyrgyzstan,2014,2.5590391917009483,1.3179333408945832
Kyrgyzstan,2015,2.558999891827003,1.201877914165447
Kyrgyzstan,2016,2.5589648315003832,1.1203443528191146
Kyrgyzstan,2017,2.5589327726197544,0.9277147146704215
Kyrgyzstan,2018,2.558900748807553,0.7351343171305111
Kyrgyzstan,2019,2.55887768803672,0.6065103283168403
Kyrgyzstan,2020,2.55887768803672,0.6065103283168403
Kyrgyzstan,2021,2.55887768803672,0.6065103283168403
Kyrgyzstan,2022,2.55887768803672,0.6065103283168403
Kyrgyzstan,2023,2.55887768803672,0.6065103283168403
Kyrgyzstan,2024,2.55887768803672,0.6065103283168403
Kyrgyzstan,2025,2.55887768803672,0.6065103283168403
Laos,1971,1.5035780501388998,0.23540067522443042
Laos,1972,1.4511374212059818,0.2253679485621648
Laos,1973,1.3998810828001145,0.2153484150913696
Laos,1974,1.3492706938446828,0.2003939499030305
Laos,1975,1.2987290231052235,0.18457036613728917
Laos,1976,1.2294594382883097,0.16855888004050346
Laos,1977,1.151522570099922,0.15240655273298376
Laos,1978,1.074074372397318,0.1370269458674741
Laos,1979,0.9971506252603091,0.12293630857072568
Laos,1980,0.9237756078523311,0.11390518658776587
Laos,1981,0.8565648554240077,0.10967741719490123
Laos,1982,0.7892905275114361,0.10427367481576899
Laos,1983,0.7219962878695274,0.09876809939453332
Laos,1984,0.6546223196255878,0.09040516807940838
Laos,1985,0.5903514278601787,0.0886453033912652
Laos,1986,0.5295392361019726,0.09302339639789425
Laos,1987,0.46471832092254783,0.08279261471991425
Laos,1988,0.3986669097873461,0.06315666632176531
Laos,1989,0.3346122335457087,0.04754770214396484
Laos,1990,0.27195662260040054,0.03178272182373888
Laos,1991,0.23051941379419089,-0.00503387036823531
Laos,1992,0.21062314344537583,-0.010513566492170556
Laos,1993,0.2134658285136197,0.010871044236633674
Laos,1994,0.21484246785283018,0.021514525895056043
Laos,1995,0.21770323989237944,0.03720380927864327
Laos,1996,0.22036182868116347,0.05122106183329287
Laos,1997,0.22264857683265485,0.06304264298863582
Laos,1998,0.22476688620200475,0.07399103864337567
Laos,1999,0.22663141022215957,0.08310320418482411
Laos,2000,0.22727861213513034,0.08774423359864703
Laos,2001,0.22730888169712513,0.08711953392534368
Laos,2002,0.22759812342075733,0.0876020344518195
Laos,2003,0.2275511199997422,0.08564694663016684
Laos,2004,0.22744888366372218,0.0828078450173044
Laos,2005,0.22765550938696355,0.08108461238185122
Laos,2006,0.22779332545556238,0.07869404498648522
Laos,2007,0.22793444019457146,0.0762975115598025
Laos,2008,0.2280772260076497,0.07388972378646463
Laos,2009,0.2280516040405796,0.07045648163279115
Laos,2010,0.22767365183632027,0.06563128191501488
Laos,2011,0.2250111805891097,0.0556029305399669
Laos,2012,0.22281970226657036,0.04695904070071388
Laos,2013,0.22062494387915904,0.038298441729227514
Laos,2014,0.22019571869683274,0.03523968773645927
Laos,2015,0.21984817185186764,0.032318311323707306
Laos,2016,0.21938795778736134,0.0287953920521429
Laos,2017,0.22022302186259607,0.029773209047800914
Laos,2018,0.2213307281973588,0.031116702992101723
Laos,2019,0.22261191518755943,0.03321961755614282
Laos,2020,0.22261191518755943,0.03321961755614282
Laos,2021,0.22261191518755943,0.03321961755614282
Laos,2022,0.22261191518755943,0.03321961755614282
Laos,2023,0.22261191518755943,0.03321961755614282
Laos,2024,0.22261191518755943,0.03321961755614282
Laos,2025,0.22261191518755943,0.03321961755614282
Moldova,1991,1.572966651390088,1.5613347727168456
Moldova,1992,1.5729082480070784,1.560823998549401
Moldova,1993,1.5729135446104034,1.5606019890714025
Moldova,1994,1.572990640368577,1.560670833793297
Moldova,1995,1.5730672320214165,1.5607358286294102
Moldova,1996,1.5731215537333942,1.5607054297483367
Moldova,1997,1.5731883363989048,1.560736665909093
Moldova,1998,1.5732611188439525,1.560796953155093
Moldova,1999,1.5733258096979177,1.5608138314166722
Moldova,2000,1.573378828094428,1.5607710380220072
Moldova,2001,1.5734942032965042,1.560967094267899
Moldova,2002,1.5736957473779332,1.5612114971267133
Moldova,2003,1.5738765653874525,1.561358176356247
Moldova,2004,1.5740719231276128,1.5615773661595471
Moldova,2005,1.5742756639926987,1.5618403558190592
Moldova,2006,1.5744907731775561,1.562159312308282
Moldova,2007,1.5747056158010946,1.5624767895690879
Moldova,2008,1.574921332549681,1.5627990057388903
Moldova,2009,1.5751413470547038,1.563144121650074
Moldova,2010,1.575347760420923,1.5634592533923728
Moldova,2011,1.575417196268063,1.5637300856368204
Moldova,2012,1.5754844395056804,1.563988362891454
Moldova,2013,1.5755518268077549,1.5642474190656852
Moldova,2014,1.5756089307387076,1.5644501723822521
Moldova,2015,1.575662770446659,1.5646351512077417
Moldova,2016,1.5757121727991914,1.5647990218754309
Moldova,2017,1.5757338377844807,1.5648503775380511
Moldova,2018,1.5757552628498872,1.5649009685998698
Moldova,2019,1.5757761104543724,1.5649483661212977
Moldova,2020,1.5757761104543724,1.5649483661212977
Moldova,2021,1.5757761104543724,1.5649483661212977
Moldova,2022,1.5757761104543724,1.5649483661212977
Moldova,2023,1.5757761104543724,1.5649483661212977
Moldova,2024,1.5757761104543724,1.5649483661212977
Moldova,2025,1.5757761104543724,1.5649483661212977
Namibia,1971,-0.025148802547572104,0.7200233800805544
Namibia,1972,0.04913776617025387,0.7127254104090245
Namibia,1973,0.21502426661865287,0.7130734987213725
Namibia,1974,0.6363116895533599,0.723158334526249
Namibia,1975,-0.20131338867133716,0.7282450976611701
Namibia,1976,-0.21871302183983188,0.7432957123924325
Namibia,1977,1.059279670310258,0.7663896427948961
Namibia,1978,2.2192657516567147,0.7888343790157785
Namibia,1979,1.1852996743968296,0.8053707813414352
Namibia,1980,4.399437953496234,0.8336858020458748
Namibia,1981,2.2832286154774195,0.840169242854901
Namibia,1982,1.8783433122392572,0.8508349659892458
Namibia,1983,1.5235610951591663,0.8617308621611632
Namibia,1984,0.6817096822115585,0.8644769743407557
Namibia,1985,2.5795978178701446,0.882095464897353
Namibia,1986,0.3883656451791416,0.8722086560276181
Namibia,1987,0.5458660943148865,0.8955763726711568
Namibia,1988,0.8560340778205744,0.9319771701537674
Namibia,1989,3.709531435954503,0.9849843113374664
Namibia,1990,5.596040788470401,1.0180286783157708
Namibia,1991,1.132656268400022,0.9490641217214404
Namibia,1992,0.11375424514777628,0.8324408741511558
Namibia,1993,0.03763769959449463,0.7634247596466686
Namibia,1994,1.2668265795091276,0.7244800245743311
Namibia,1995,1.0690771244261525,0.666886571147665
Namibia,1996,0.10014383207907018,0.6014917088731251
Namibia,1997,0.021767617743584253,0.5429241380817509
Namibia,1998,-0.04635878070063884,0.48509845008704794
Namibia,1999,-0.10949990648371999,0.43238899187141994
Namibia,2000,-0.44662531238567454,0.3830972145159794
Namibia,2001,-0.2950460774109569,0.354804608780384
Namibia,2002,-0.1798485558923868,0.3280933509172962
Namibia,2003,0.2054552505671848,0.30937520753945424
Namibia,2004,0.09860275397512674,0.28916681644667985
Namibia,2005,-0.03602009268063927,0.2702353910949906
Namibia,2006,0.2196270593463417,0.254909019812679
Namibia,2007,0.2811247517071459,0.23859744330745233
Namibia,2008,0.29307409458424744,0.2220073819032213
Namibia,2009,0.20648551447707175,0.20465003496931375
Namibia,2010,-0.06942796466646685,0.18628744020084165
Namibia,2011,0.09778315888584281,0.17255995699605942
Namibia,2012,-0.17518314816649022,0.15755487479208627
Namibia,2013,-0.4310965950606272,0.1426401559123953
Namibia,2014,-1.0489107237258541,0.14158816299109298
Namibia,2015,-0.07686811808010197,0.14833177723603408
Namibia,2016,0.6687042142198798,0.1540687705604959
Namibia,2017,-0.41587180215655084,0.14767887718963457
Namibia,2018,-1.5896888186621558,0.14089874804204325
Namibia,2019,-2.8704183068560187,0.13488322878545483
Namibia,2020,-2.8704183068560187,0.13488322878545483
Namibia,2021,-2.8704183068560187,0.13488322878545483
Namibia,2022,-2.8704183068560187,0.13488322878545483
Namibia,2023,-2.8704183068560187,0.13488322878545483
Namibia,2024,-2.8704183068560187,0.13488322878545483
Namibia,2025,-2.8704183068560187,0.13488322878545483
Rwanda,1971,0.7661844726056314,0.6523101376988447
Rwanda,1972,0.7663808078032299,0.6686058280864453
Rwanda,1973,0.766586744861756,0.6928359847794704
Rwanda,1974,0.7667602594945176,0.7005554239253321
Rwanda,1975,0.7670800121634186,0.7113679097800807
Rwanda,1976,0.7673845722891258,0.7115190683624064
Rwanda,1977,0.7676812388825432,0.7052242164489991
Rwanda,1978,0.7679798045122975,0.7004352584642533
Rwanda,1979,0.7682720847912309,0.6902967012682353
Rwanda,1980,0.7685170129332012,0.6497336598410226
Rwanda,1981,0.7687931156063569,0.624261038757417
Rwanda,1982,0.7690692388750531,0.5984128331637655
Rwanda,1983,0.769345470345479,0.57266184934075
Rwanda,1984,0.7696232540152775,0.5465126315506355
Rwanda,1985,0.7699205793370822,0.5323956893464296
Rwanda,1986,0.7702587448916598,0.540911921895801
Rwanda,1987,0.7706487105727848,0.5804394272074245
Rwanda,1988,0.7710646700047354,0.6379375585721934
Rwanda,1989,0.771497179039272,0.70614327178663
Rwanda,1990,0.771984759040315,0.8188695045196307
Rwanda,1991,0.7722632135435298,0.8670676907833051
Rwanda,1992,0.7717132957539251,0.8524557271164301
Rwanda,1993,0.7711229320372281,0.8189923134070489
Rwanda,1994,0.7705933501787966,0.8237820347308691
Rwanda,1995,0.7705804668929606,0.8346392321813368
Rwanda,1996,0.7706366885379616,0.8572855927896087
Rwanda,1997,0.7706840216019869,0.8729607549864702
Rwanda,1998,0.7707273667487138,0.8854323518725385
Rwanda,1999,0.7707653154149943,0.8940034004050731
Rwanda,2000,0.7708055412798559,0.9057279427327575
Rwanda,2001,0.7708112710047146,0.8949941591273217
Rwanda,2002,0.7708140418891886,0.8818268069778011
Rwanda,2003,0.7708221914591268,0.874914782533547
Rwanda,2004,0.770790264159771,0.8532396999288113
Rwanda,2005,0.7707600457970808,0.8336800676485067
Rwanda,2006,0.7707477743132914,0.824424633520837
Rwanda,2007,0.7707357574021937,0.8154268363235267
Rwanda,2008,0.7707233340371427,0.8060604324724013
Rwanda,2009,0.7707174183679717,0.8021123891395509
Rwanda,2010,0.7707113925242303,0.7980895083636605
Rwanda,2011,0.7706961573801255,0.7861912194712537
Rwanda,2012,0.770694043022425,0.7851126179834318
Rwanda,2013,0.7706918072639107,0.7839336014728693
Rwanda,2014,0.7706904053283772,0.7839096096642206
Rwanda,2015,0.7706995792262313,0.7915540880380845
Rwanda,2016,0.7707070420230285,0.7976670523425762
Rwanda,2017,0.7707019504227849,0.7936343931561267
Rwanda,2018,0.7706961478390504,0.7891477536221501
Rwanda,2019,0.7706897271884752,0.7840935207433336
Rwanda,2020,0.7706897271884752,0.7840935207433336
Rwanda,2021,0.7706897271884752,0.7840935207433336
Rwanda,2022,0.7706897271884752,0.7840935207433336
Rwanda,2023,0.7706897271884752,0.7840935207433336
Rwanda,2024,0.7706897271884752,0.7840935207433336
Rwanda,2025,0.7706897271884752,0.7840935207433336
Somalia,1971,0.06822532970055685,0.08731384129934966
Somalia,1972,0.016905399031178926,0.08409620036564536
Somalia,1973,0.03287391045094219,0.08720278467541454
Somalia,1974,0.1841282458457901,0.09985581730124116
Somalia,1975,0.18866304556847013,0.10590915083658721
Somalia,1976,-0.08120056181674334,0.09859451469650256
Somalia,1977,-0.2686198103315107,0.09756433924496406
Somalia,1978,-0.4896416213816327,0.09554822034900301
Somalia,1979,-1.2354142997078834,0.08139590460644774
Somalia,1980,0.754534169606554,0.2079534946308334
Somalia,1981,0.1059461849818806,0.18095467439550544
Somalia,1982,0.022294485708884038,0.17456147285128526
Somalia,1983,-0.07103021847481247,0.16781337986560893
Somalia,1984,-0.30699727670281873,0.1670343704479681
Somalia,1985,0.05206207817617148,0.22333418122216098
Somalia,1986,0.5793581531384399,0.32838600362255316
Somalia,1987,0.02774483614019321,0.3368174975589271
Somalia,1988,0.020759019131744362,0.4114392312864129
Somalia,1989,0.09599345952981152,0.560457871655485
Somalia,1990,0.9234563157272265,0.870558183206748
Somalia,1991,6.339877481725308,1.1024488845589495
Somalia,1992,6.52220310529682,1.1673035120739739
Somalia,1993,1.0605020814496064,1.0532165616326759
Somalia,1994,0.9229429250468326,1.080412157196141
Somalia,1995,1.0764209545168948,1.1371966615201279
Somalia,1996,1.3656265714420321,1.2019287661186044
Somalia,1997,1.385882251977645,1.251460174369551
Somalia,1998,1.2662890913112383,1.2949785835871597
Somalia,1999,1.3925970103758316,1.349357070450089
Somalia,2000,2.2880578710785833,1.4311932464446144
Somalia,2001,1.4747467079687016,1.3795779262690355
Somalia,2002,0.8517127584440515,1.3340383784184788
Somalia,2003,1.3104782977601135,1.34757763512734
Somalia,2004,3.027088233954255,1.4066792437499969
Somalia,2005,3.64866847409488,1.4144225400564137
Somalia,2006,3.077446400755467,1.3743762507582529
Somalia,2007,2.852832213596052,1.3430824282983043
Somalia,2008,2.881992749922855,1.3185131319263255
Somalia,2009,3.7509318022324933,1.3028750830778002
Somalia,2010,4.324934023298221,1.2701772937927163
Somalia,2011,1.8925432003588334,1.1723141657822354
Somalia,2012,0.942544969597124,1.0848698304510545
Somalia,2013,0.03219602186900859,0.997956523988015
Somalia,2014,0.40235912230104487,1.0134339725601635
Somalia,2015,1.1567437860504015,1.0522246889041775
Somalia,2016,1.9311854363920615,1.0914159996253545
Somalia,2017,1.7259763926063765,1.0697022970312648
Somalia,2018,1.6831350393334539,1.0519446845230516
Somalia,2019,0.27672625673464957,1.021068352943167
Somalia,2020,0.27672625673464957,1.021068352943167
Somalia,2021,0.27672625673464957,1.021068352943167
Somalia,2022,0.27672625673464957,1.021068352943167
Somalia,2023,0.27672625673464957,1.021068352943167
Somalia,2024,0.27672625673464957,1.021068352943167
Somalia,2025,0.27672625673464957,1.021068352943167
Sri Lanka,1971,-0.5032669662230628,-0.03564872699185434
Sri Lanka,1972,-0.4895578357768428,-0.03803227068766313
Sri Lanka,1973,-0.49844390392632015,-0.1444451168366313
Sri Lanka,1974,-0.5127192146009051,-0.26423863663691727
Sri Lanka,1975,-0.5278280511918875,-0.3873901439584767
Sri Lanka,1976,-0.5422907634236922,-0.5011893186076667
Sri Lanka,1977,-0.5579274896870338,-0.6230902147512178
Sri Lanka,1978,-0.573630776275606,-0.7455419470424868
Sri Lanka,1979,-0.5705853233316609,-0.8169572584841023
Sri Lanka,1980,-0.5696837642939824,-0.9343196601688182
Sri Lanka,1981,-0.5080797484173099,-0.8203971832176407
Sri Lanka,1982,-0.4465084301522564,-0.7108328215044601
Sri Lanka,1983,-0.3851711090333799,-0.6029587259369407
Sri Lanka,1984,-0.3188553332870798,-0.46794465763858556
Sri Lanka,1985,-0.25624613332481533,-0.36863038180574326
Sri Lanka,1986,-0.19674454963918464,-0.3156621577376279
Sri Lanka,1987,-0.12891764392526484,-0.2364969295667173
Sri Lanka,1988,-0.04507828142956466,-0.05695273560903277
Sri Lanka,1989,0.02772785618007262,0.04924950019277466
Sri Lanka,1990,0.10691037134112417,0.20886110109002445
Sri Lanka,1991,0.0639914108990444,0.08915931740285869
Sri Lanka,1992,0.048670390454388285,0.20688401464569517
Sri Lanka,1993,0.0026213426627327285,0.2771225101059216
Sri Lanka,1994,-0.05346209873241492,0.3671632857114967
Sri Lanka,1995,-0.17841432902889964,0.3175482386469923
Sri Lanka,1996,-0.32149367074735674,0.18096862683195886
Sri Lanka,1997,-0.46671721103602504,0.04458086330426336
Sri Lanka,1998,-0.6121909834241885,-0.09080351880972076
Sri Lanka,1999,-0.7513668724806837,-0.16815258499190058
Sri Lanka,2000,-0.8951695066384184,-0.2566911000939999
Sri Lanka,2001,-1.044705292645074,-0.26925343542533303
Sri Lanka,2002,-1.2001895940886766,-0.3134869778575356
Sri Lanka,2003,-1.3814789636072433,-0.46807120116806933
Sri Lanka,2004,-1.5698874471287767,-0.6334145852548495
Sri Lanka,2005,-1.7595634145750587,-0.7794032097240551
Sri Lanka,2006,-1.8751114306756866,-0.8820245667958586
Sri Lanka,2007,-1.982749203803435,-0.9637127803095331
Sri Lanka,2008,-2.092588065957409,-1.0579460792301192
Sri Lanka,2009,-2.203392763848908,-1.1445735165873763
Sri Lanka,2010,-2.3132544901344696,-1.2198495832873015
Sri Lanka,2011,-2.456031927757203,-1.413698207265083
Sri Lanka,2012,-2.618410925594177,-1.6910724732184506
Sri Lanka,2013,-2.7808464105835933,-1.968852444544996
Sri Lanka,2014,-2.9255017458680124,-2.1423729136702967
Sri Lanka,2015,-3.073045189130397,-2.324592943792513
Sri Lanka,2016,-3.1270039082004017,-2.493320583091521
Sri Lanka,2017,-3.1533497750976753,-2.5662761583938822
Sri Lanka,2018,-3.1799387412348064,-2.640927953425174
Sri Lanka,2019,-3.1986385788961433,-2.6871373999311348
Sri Lanka,2020,-3.1986385788961433,-2.6871373999311348
Sri Lanka,2021,-3.1986385788961433,-2.6871373999311348
Sri Lanka,2022,-3.1986385788961433,-2.6871373999311348
Sri Lanka,2023,-3.1986385788961433,-2.6871373999311348
Sri Lanka,2024,-3.1986385788961433,-2.6871373999311348
Sri Lanka,2025,-3.1986385788961433,-2.6871373999311348
Eswatini,1971,-0.037192345762442125,0.514587342888678
Eswatini,1972,-0.03758928975483433,0.5059576516156497
Eswatini,1973,-0.03808229116478956,0.49618623571593445
Eswatini,1974,-0.03912388264769817,0.4665465782103062
Eswatini,1975,-0.0396053246458441,0.44046300903485414
Eswatini,1976,-0.04023383039434569,0.40674431762279617
Eswatini,1977,-0.04089677632245592,0.37199293753188134
Eswatini,1978,-0.041530984106673996,0.3387693976958118
Eswatini,1979,-0.04197332392104197,0.3111450879725768
Eswatini,1980,-0.04253743595439241,0.28351901025109233
Eswatini,1981,-0.043601356687614556,0.24220333493379026
Eswatini,1982,-0.04468577968265952,0.20013189598729297
Eswatini,1983,-0.045761204223400964,0.15861743191651384
Eswatini,1984,-0.04694480603227413,0.1108448435809779
Eswatini,1985,-0.04800482523010757,0.07188705835991957
Eswatini,1986,-0.04903047250192438,0.04023937076086409
Eswatini,1987,-0.05008180061098552,0.012238058032259691
Eswatini,1988,-0.05121113789186704,-0.019714764968458476
Eswatini,1989,-0.05217756447416751,-0.04000468938849007
Eswatini,1990,-0.053185878881089305,-0.06277640623722679
Eswatini,1991,-0.05336667846547326,-0.038663250318355984
Eswatini,1992,-0.05381087409314526,-0.028532711685156312
Eswatini,1993,-0.05446432124514441,-0.028014150830777535
Eswatini,1994,-0.0552761992815151,-0.0374575706636061
Eswatini,1995,-0.056026635640076324,-0.04184432932798654
Eswatini,1996,-0.05694135663882736,-0.055947438062579215
Eswatini,1997,-0.057858600470326385,-0.07023761163029046
Eswatini,1998,-0.058763890065609545,-0.08363588948600902
Eswatini,1999,-0.05944793704840808,-0.08595577234834195
Eswatini,2000,-0.06010391263694753,-0.08636645882278415
Eswatini,2001,-0.060775708731211825,-0.08912999781282496
Eswatini,2002,-0.06149306112506554,-0.09518444439578616
Eswatini,2003,-0.06227590121119318,-0.10660557240174376
Eswatini,2004,-0.0631599857108728,-0.12558991090140267
Eswatini,2005,-0.06407763809189747,-0.1475657355365398
Eswatini,2006,-0.06501697874908866,-0.17163855474417594
Eswatini,2007,-0.0659723856781955,-0.1968964467549475
Eswatini,2008,-0.06690458047127676,-0.2206766387135156
Eswatini,2009,-0.06778035502257858,-0.2410230451277798
Eswatini,2010,-0.0686763058569746,-0.2630211884626385
Eswatini,2011,-0.06946617562240567,-0.279487700748467
Eswatini,2012,-0.07024467974376875,-0.2978736237584385
Eswatini,2013,-0.07102356711269953,-0.31628960095813824
Eswatini,2014,-0.07120299379692813,-0.31484871380320695
Eswatini,2015,-0.07137965375453402,-0.3140559400631315
Eswatini,2016,-0.07155574512018298,-0.3134025714448037
Eswatini,2017,-0.07173549590791148,-0.3158558586465354
Eswatini,2018,-0.07191479729145155,-0.318280443576934
Eswatini,2019,-0.07191505016990217,-0.31779092993689695
Eswatini,2020,-0.07191505016990217,-0.31779092993689695
Eswatini,2021,-0.07191505016990217,-0.31779092993689695
Eswatini,2022,-0.07191505016990217,-0.31779092993689695
Eswatini,2023,-0.07191505016990217,-0.31779092993689695
Eswatini,2024,-0.07191505016990217,-0.31779092993689695
Eswatini,2025,-0.07191505016990217,-0.31779092993689695
Tajikistan,1991,1.873480878409261,1.9247849798622791
Tajikistan,1992,-2.1883198570677034,-2.184318105898805
Tajikistan,1993,-6.837854739070628,-6.995502233911675
Tajikistan,1994,-2.1819606296016585,-2.087037827908075
Tajikistan,1995,0.8496057125433583,1.07870090802871
Tajikistan,1996,1.931831263017636,1.4187498082565093
Tajikistan,1997,4.790328215510218,4.849773738598841
Tajikistan,1998,5.974327183742599,6.628073284289272
Tajikistan,1999,3.5537593004214045,3.4691311734266366
Tajikistan,2000,2.5284624278749237,2.543321601251051
Tajikistan,2001,1.4714811362743103,1.80296531621262
Tajikistan,2002,-0.27335477640572214,-0.3990516773500794
Tajikistan,2003,-0.6719535366384782,-0.4214566604756427
Tajikistan,2004,-2.035087908820243,-1.8715226332073391
Tajikistan,2005,-4.036310054967453,-4.45633532357064
Tajikistan,2006,-2.901163899515862,-2.7969128343724847
Tajikistan,2007,-1.9170796184845922,-1.4931818120033382
Tajikistan,2008,-1.4706347413486338,-1.0771799158512039
Tajikistan,2009,-1.4756487386822652,-1.2946552841648689
Tajikistan,2010,-1.7672524357714958,-2.188916459923951
Tajikistan,2011,-0.33270140422385797,-0.5540196030734279
Tajikistan,2012,1.8959799921596165,1.8127509089612786
Tajikistan,2013,4.13440773128051,4.205163782463271
Tajikistan,2014,5.026652989161389,4.70744149802177
Tajikistan,2015,6.453507145930864,6.159215921926
Tajikistan,2016,6.022042434902265,6.28311699363233
Tajikistan,2017,4.467023785394458,4.679287926649358
Tajikistan,2018,2.980380188991501,3.244199474252743
Tajikistan,2019,1.117436848504485,0.882935610391371
Tajikistan,2020,1.117436848504485,0.882935610391371
Tajikistan,2021,1.117436848504485,0.882935610391371
Tajikistan,2022,1.117436848504485,0.882935610391371
Tajikistan,2023,1.117436848504485,0.882935610391371
Tajikistan,2024,1.117436848504485,0.882935610391371
Tajikistan,2025,1.117436848504485,0.882935610391371
Togo,1971,0.4465410047259729,0.3563473503247176
Togo,1972,0.4048451165767986,0.3482088500358244
Togo,1973,0.3521433172317608,0.32335264781383277
Togo,1974,0.4072527680464517,0.3770660572188801
Togo,1975,0.47967839954780767,0.4437760461688034
Togo,1976,0.5080062715265755,0.4730161009646201
Togo,1977,0.5130784878110929,0.4822752499420225
Togo,1978,0.5083256582540971,0.48381306764316634
Togo,1979,0.5192071019000046,0.49707686447860955
Togo,1980,0.7533481777959783,0.6781304264192353
Togo,1981,0.5982193858247317,0.5612436825592205
Togo,1982,0.5016909454685485,0.4868395899763268
Togo,1983,0.40790931441325234,0.4146086001862212
Togo,1984,0.4071414837479974,0.41290663631790736
Togo,1985,0.3951331598289767,0.4033388860813896
Togo,1986,0.49072911265316904,0.4848197925529481
Togo,1987,0.3562594211877411,0.3868476655328612
Togo,1988,0.36496566837750205,0.4086290083578021
Togo,1989,0.6663460212855177,0.6700209789654454
Togo,1990,1.3249241213517664,1.219859268587763
Togo,1991,4.562071541313707,2.0585087160261124
Togo,1992,2.5693159403947803,2.0763661686943427
Togo,1993,2.4335896671800707,2.13017106493962
Togo,1994,1.3994517535158066,1.59413662578725
Togo,1995,1.0702115022708338,1.2678624966037577
Togo,1996,0.8651845488072294,1.0328640278216847
Togo,1997,0.7205437215082158,0.8524595652814749
Togo,1998,0.5658096715662928,0.665861647895486
Togo,1999,0.5870079797953163,0.5912343559923028
Togo,2000,0.8308989439786317,0.6531282379963717
Togo,2001,1.0972469738117736,0.6434282522011655
Togo,2002,1.3732570024310677,0.6276039896746042
Togo,2003,1.9375171666095283,0.7114679646326815
Togo,2004,2.5259470373720547,0.6861242759354971
Togo,2005,3.464436376141756,0.7675452523238563
Togo,2006,3.266922949388749,0.8032205365443629
Togo,2007,2.8901318888095853,0.8307730458748515
Togo,2008,2.560768270274968,0.8829440640639055
Togo,2009,2.1583071333866632,0.8514689926816286
Togo,2010,1.7681441171161238,0.8147492673919009
Togo,2011,1.2179550770868344,0.590083871340878
Togo,2012,0.8396721003779051,0.3972498465607649
Togo,2013,0.46224132464751605,0.2050730651886572
Togo,2014,0.24420313591477047,0.04405813695085037
Togo,2015,0.14184892609500513,-0.04871716192630696
Togo,2016,0.18466222526369663,-0.09177854298705868
Togo,2017,0.34178083254334124,-0.08410739652503298
Togo,2018,0.4890974496079263,-0.07847167358255805
Togo,2019,0.440793346237894,-0.10285226803220542
Togo,2020,0.440793346237894,-0.10285226803220542
Togo,2021,0.440793346237894,-0.10285226803220542
Togo,2022,0.440793346237894,-0.10285226803220542
Togo,2023,0.440793346237894,-0.10285226803220542
Togo,2024,0.440793346237894,-0.10285226803220542
Togo,2025,0.440793346237894,-0.10285226803220542
Trinidad and Tobago,1971,0.15443337861196293,0.13970038166339493
Trinidad and Tobago,1972,0.1535883578225682,0.13918515354318095
Trinidad and Tobago,1973,0.15281951419690443,0.13875062252760606
Trinidad and Tobago,1974,0.15209898965648405,0.13836981748416646
Trinidad and Tobago,1975,0.1514152829910182,0.1380359041554231
Trinidad and Tobago,1976,0.150765297874848,0.13774355944870206
Trinidad and Tobago,1977,0.15079217500266165,0.13763475720088408
Trinidad and Tobago,1978,0.15076642174197716,0.13748482782181115
Trinidad and Tobago,1979,0.15061061317895236,0.1371878136256492
Trinidad and Tobago,1980,0.15044511686222062,0.13686716228176546
Trinidad and Tobago,1981,0.1511095213724551,0.13739080883119278
Trinidad and Tobago,1982,0.15181462905736773,0.13796757326270653
Trinidad and Tobago,1983,0.1525182226296691,0.13854229093942708
Trinidad and Tobago,1984,0.1533131712525596,0.13923482001875295
Trinidad and Tobago,1985,0.15414858365415038,0.13997466307844403
Trinidad and Tobago,1986,0.1549160738157479,0.14060485745959508
Trinidad and Tobago,1987,0.1544750099736026,0.1403318184949096
Trinidad and Tobago,1988,0.1533029849098521,0.13939968795556246
Trinidad and Tobago,1989,0.1522667172239572,0.13862808280172997
Trinidad and Tobago,1990,0.15173383319678146,0.13840874095277453
Trinidad and Tobago,1991,0.14981885426139846,0.1358214386775821
Trinidad and Tobago,1992,0.15006795135490986,0.13509885369806363
Trinidad and Tobago,1993,0.15145699153618986,0.13560076265461835
Trinidad and Tobago,1994,0.15281058733807124,0.13601871384313494
Trinidad and Tobago,1995,0.1542465176229002,0.13653462142654887
Trinidad and Tobago,1996,0.15575836568542775,0.13714623257536196
Trinidad and Tobago,1997,0.15722959556490473,0.13769963016503306
Trinidad and Tobago,1998,0.15865040308603284,0.1381892625056694
Trinidad and Tobago,1999,0.1602559048992521,0.1388979032624376
Trinidad and Tobago,2000,0.16181802475976478,0.13954296549271358
Trinidad and Tobago,2001,0.16174888214253189,0.13951722326731947
Trinidad and Tobago,2002,0.16175031522959854,0.13957922135625708
Trinidad and Tobago,2003,0.1619240636515116,0.13985014669505605
Trinidad and Tobago,2004,0.16196216633830296,0.13994396729090408
Trinidad and Tobago,2005,0.16202363530052818,0.14006466817173746
Trinidad and Tobago,2006,0.16198835470258363,0.14005999448247322
Trinidad and Tobago,2007,0.16193551764931013,0.14003213716607774
Trinidad and Tobago,2008,0.1618986761384153,0.14002507913671144
Trinidad and Tobago,2009,0.1618728281673973,0.1400307981909444
Trinidad and Tobago,2010,0.16185876388353973,0.1400517137865033
Trinidad and Tobago,2011,0.1617433500303863,0.13993550321767925
Trinidad and Tobago,2012,0.161716292298944,0.13992788097557302
Trinidad and Tobago,2013,0.16168844429563015,0.13991919751730236
Trinidad and Tobago,2014,0.16165451934779418,0.139882992308567
Trinidad and Tobago,2015,0.1616530547490472,0.13988790729322856
Trinidad and Tobago,2016,0.16169020235065906,0.13994117269999906
Trinidad and Tobago,2017,0.1617554349606884,0.14002457999299095
Trinidad and Tobago,2018,0.16181386852307506,0.14009954586269005
Trinidad and Tobago,2019,0.16187626097384597,0.1401793925186381
Trinidad and Tobago,2020,0.16187626097384597,0.1401793925186381
Trinidad and Tobago,2021,0.16187626097384597,0.1401793925186381
Trinidad and Tobago,2022,0.16187626097384597,0.1401793925186381
Trinidad and Tobago,2023,0.16187626097384597,0.1401793925186381
Trinidad and Tobago,2024,0.16187626097384597,0.1401793925186381
Trinidad and Tobago,2025,0.16187626097384597,0.1401793925186381
Turkmenistan,1991,-1.310945025449536,-1.0728707289277761
Turkmenistan,1992,-1.416544886736815,-1.6118505520840913
Turkmenistan,1993,-1.4080460225997184,-1.6720566107100758
Turkmenistan,1994,-1.3800514083407576,-1.6559916979117222
Turkmenistan,1995,-1.3324502457888312,-1.4749764971899904
Turkmenistan,1996,-1.2925046811169305,-1.3784717157037933
Turkmenistan,1997,-1.2567468438330822,-1.3345271916250878
Turkmenistan,1998,-1.2061536517468112,-1.2455012174408653
Turkmenistan,1999,-1.1601200896654973,-1.2117461453609106
Turkmenistan,2000,-1.11124062966321,-1.1459724363295372
Turkmenistan,2001,-1.0476554779809293,-0.9078780655053007
Turkmenistan,2002,-0.9841421232289413,-0.6677300688070417
Turkmenistan,2003,-0.9350224587360126,-0.5260695496460985
Turkmenistan,2004,-0.8903006307243031,-0.4048967531189701
Turkmenistan,2005,-0.854986796933494,-0.3565031177592923
Turkmenistan,2006,-0.8194424013652344,-0.28374121456886364
Turkmenistan,2007,-0.7841463649405875,-0.21254907630830167
Turkmenistan,2008,-0.7354431060629181,-0.12104737088088302
Turkmenistan,2009,-0.6895676969517671,-0.04877281841245951
Turkmenistan,2010,-0.6395725418012347,0.06529594966230792
Turkmenistan,2011,-0.6008986213467133,0.10839546030391606
Turkmenistan,2012,-0.5694108841130873,0.13735750822428222
Turkmenistan,2013,-0.5380004556148922,0.1654536485512465
Turkmenistan,2014,-0.5260481681476886,0.11846784675965771
Turkmenistan,2015,-0.5149449404025204,0.07931539899898832
Turkmenistan,2016,-0.5040073709756584,0.04172841301618352
Turkmenistan,2017,-0.49046313083368087,0.08277032971806617
Turkmenistan,2018,-0.4744914663107623,0.1336813748645607
Turkmenistan,2019,-0.45911010444195544,0.1806167373228451
Turkmenistan,2020,-0.45911010444195544,0.1806167373228451
Turkmenistan,2021,-0.45911010444195544,0.1806167373228451
Turkmenistan,2022,-0.45911010444195544,0.1806167373228451
Turkmenistan,2023,-0.45911010444195544,0.1806167373228451
Turkmenistan,2024,-0.45911010444195544,0.1806167373228451
Turkmenistan,2025,-0.45911010444195544,0.1806167373228451
Uzbekistan,1991,-0.018704910693701948,1.017458742654187
Uzbekistan,1992,-0.43129909019097523,-1.078704087872846
Uzbekistan,1993,-0.6236524513960143,-1.8579563166818815
Uzbekistan,1994,-0.7114425852239248,-2.025300017166837
Uzbekistan,1995,-0.7549456726304526,-1.6726994194026832
Uzbekistan,1996,-0.7962840385430732,-1.5223188097897544
Uzbekistan,1997,-0.8348185764101093,-1.4420063996272623
Uzbekistan,1998,-0.8787223908157995,-1.5502265381496987
Uzbekistan,1999,-0.918002737321724,-1.7137898348749296
Uzbekistan,2000,-0.9184113844545763,-1.0918712711434364
Uzbekistan,2001,-0.9203176209651851,-0.7315208746375962
Uzbekistan,2002,-0.9179504326146105,-0.19493487143578767
Uzbekistan,2003,-0.9355072011738904,-0.01179331200459001
Uzbekistan,2004,-0.9671288288754715,-0.04435643951144619
Uzbekistan,2005,-1.0156605960675842,-0.47778949454661124
Uzbekistan,2006,-1.0566377086205467,-0.5944991128930046
Uzbekistan,2007,-1.093351240022156,-0.5833526343572588
Uzbekistan,2008,-1.1277580904667424,-0.4876984734903096
Uzbekistan,2009,-1.1605279106548274,-0.2609167778664796
Uzbekistan,2010,-1.1954479558064528,-0.08574538774099227
Uzbekistan,2011,-1.2543007619980195,-0.4007121053486786
Uzbekistan,2012,-1.3308750676085226,-1.0123432132384365
Uzbekistan,2013,-1.407449926318198,-1.6239568191006442
Uzbekistan,2014,-1.4746218086260918,-2.1212946099632175
Uzbekistan,2015,-1.5440847172474237,-2.783991807693901
Uzbekistan,2016,-1.6146703634738693,-3.520779242286203
Uzbekistan,2017,-1.6272453463695966,-3.580139252812513
Uzbekistan,2018,-1.6152994051872682,-3.578297781481224
Uzbekistan,2019,-1.585140148361515,-3.345636022481717
Uzbekistan,2020,-1.585140148361515,-3.345636022481717
Uzbekistan,2021,-1.585140148361515,-3.345636022481717
Uzbekistan,2022,-1.585140148361515,-3.345636022481717
Uzbekistan,2023,-1.585140148361515,-3.345636022481717
Uzbekistan,2024,-1.585140148361515,-3.345636022481717
Uzbekistan,2025,-1.585140148361515,-3.345636022481717
Bahrain,1971,-0.556665402521248,-1.4731169965190725
Bahrain,1972,-0.5297634470007111,-1.4350584149218684
Bahrain,1973,-0.49913107156230574,-1.345717929284997
Bahrain,1974,-0.4656831387076834,-1.2276388340303133
Bahrain,1975,-0.4302039048310906,-1.0803104108563102
Bahrain,1976,-0.39805292201339826,-0.9674529838866953
Bahrain,1977,-0.3721203399983203,-0.8697886790580194
Bahrain,1978,-0.3461703386532148,-0.7719473186433932
Bahrain,1979,-0.32006388948683084,-0.6734735006944887
Bahrain,1980,-0.29385432611675033,-0.5918341808776052
Bahrain,1981,-0.26536036254569684,-0.5121094654322658
Bahrain,1982,-0.2367145602299866,-0.4306838655382683
Bahrain,1983,-0.2080874075308068,-0.3496853887742065
Bahrain,1984,-0.1794902552559665,-0.272662267990793
Bahrain,1985,-0.15134813659970014,-0.2089553115028819
Bahrain,1986,-0.12342560894025922,-0.15677803391341763
Bahrain,1987,-0.09560298910659226,-0.11199164257700776
Bahrain,1988,-0.06779834935992757,-0.06888943676558384
Bahrain,1989,-0.03987931119797661,-0.023312734147719366
Bahrain,1990,-0.01161480371374013,0.032402555004418715
Bahrain,1991,0.010402809964475235,0.08206408590343185
Bahrain,1992,0.02925840114331206,0.1287933957896052
Bahrain,1993,0.045960823492773764,0.186716946328225
Bahrain,1994,0.06294384432284315,0.27653963684431115
Bahrain,1995,0.07864536173400545,0.35049344176366154
Bahrain,1996,0.0940634286447693,0.4241222537464561
Bahrain,1997,0.11046085223507945,0.5237706979524998
Bahrain,1998,0.12687016318300742,0.6249065472890282
Bahrain,1999,0.14340575868162178,0.7408421214207277
Bahrain,2000,0.15628492168579206,0.8173066995625069
Bahrain,2001,0.14593433970006545,0.8080312845293844
Bahrain,2002,0.130182658871627,0.7855435580839571
Bahrain,2003,0.10023925415130586,0.7214413994985565
Bahrain,2004,0.07153755264516509,0.6914169242194899
Bahrain,2005,0.04386422495874448,0.6898704242893029
Bahrain,2006,0.015836463063313155,0.6883022443249877
Bahrain,2007,-0.012436488981795613,0.6820806455442913
Bahrain,2008,-0.040877832714509454,0.6726512842747657
Bahrain,2009,-0.0694634380783884,0.6652486205850953
Bahrain,2010,-0.09800328493589294,0.6605828091998596
Bahrain,2011,-0.12572895409378637,0.6878420083837403
Bahrain,2012,-0.11714660375475555,0.7430216671993743
Bahrain,2013,-0.10818619174355354,0.8010934214529294
Bahrain,2014,-0.10147445735294239,0.8716325642405824
Bahrain,2015,-0.0955834581102605,0.9322153283775083
Bahrain,2016,-0.08949245515979252,0.9989891919388267
Bahrain,2017,-0.08658638741781863,1.0321180581602187
Bahrain,2018,-0.08376310228218704,1.0639462877409036
Bahrain,2019,-0.08171403348545339,1.0848068280803798
Bahrain,2020,-0.08171403348545339,1.0848068280803798
Bahrain,2021,-0.08171403348545339,1.0848068280803798
Bahrain,2022,-0.08171403348545339,1.0848068280803798
Bahrain,2023,-0.08171403348545339,1.0848068280803798
Bahrain,2024,-0.08171403348545339,1.0848068280803798
Bahrain,2025,-0.08171403348545339,1.0848068280803798
Belgium,1971,0.17719152708779312,0.16173256433698568
Belgium,1972,0.17726932669114343,0.16180570467558383
Belgium,1973,0.17765327808821268,0.16220795601998597
Belgium,1974,0.1781661751794663,0.16276350581879168
Belgium,1975,0.1786765043421974,0.1633147016780725
Belgium,1976,0.17921162680151925,0.1638932560000147
Belgium,1977,0.17984645872594154,0.1645899685734538
Belgium,1978,0.1804890647727703,0.16529625350368968
Belgium,1979,0.18114516796784164,0.16601810489747945
Belgium,1980,0.18192136782923918,0.1668763745575976
Belgium,1981,0.1825384739329502,0.1675296500264043
Belgium,1982,0.1829922655542246,0.16802857924603265
Belgium,1983,0.1834469324771228,0.16852859034455148
Belgium,1984,0.18366646660502833,0.16878165553978403
Belgium,1985,0.18419235178844315,0.16936723125316952
Belgium,1986,0.18533733325322832,0.1706314296862919
Belgium,1987,0.18642786045163193,0.17180320390532267
Belgium,1988,0.18787464412244664,0.17338597162332064
Belgium,1989,0.1887417630597097,0.17444439411910406
Belgium,1990,0.19016297220155087,0.17612798424988083
Belgium,1991,0.18785972837245596,0.17430310352635575
Belgium,1992,0.18654077101242,0.17344028197503375
Belgium,1993,0.18497159680770037,0.17216721090048567
Belgium,1994,0.18365286570190942,0.1711697509146123
Belgium,1995,0.1826106786670115,0.17047893921225774
Belgium,1996,0.18159526650398278,0.16981808867369289
Belgium,1997,0.1804490837367939,0.16900279576635363
Belgium,1998,0.17935083390411619,0.1682437874728649
Belgium,1999,0.1786582624043645,0.16782306522903795
Belgium,2000,0.1777492687519132,0.1671679069403035
Belgium,2001,0.1771463968508481,0.16685815837892062
Belgium,2002,0.17655402813436208,0.16656072740794234
Belgium,2003,0.17607279791180597,0.16639449658795158
Belgium,2004,0.17540413484126918,0.16601438500123405
Belgium,2005,0.17528022438265659,0.16593524195270062
Belgium,2006,0.17496157052213415,0.16565725420369243
Belgium,2007,0.1746415852469895,0.16537750211073304
Belgium,2008,0.17440122332239744,0.16516169365970193
Belgium,2009,0.1741681175740677,0.16495408342760196
Belgium,2010,0.17392941084451025,0.16473920967259384
Belgium,2011,0.1736253957571988,0.16444127536386288
Belgium,2012,0.17333617033076545,0.16415815868670144
Belgium,2013,0.17305024556498835,0.16387892061320364
Belgium,2014,0.17316756634357086,0.16402512653793885
Belgium,2015,0.1732293839102942,0.1641029400892379
Belgium,2016,0.17325660753607808,0.1641394317752222
Belgium,2017,0.1733078928870768,0.16420272475351996
Belgium,2018,0.1733537036843529,0.16425947292824727
Belgium,2019,0.17339400574439243,0.1643091531552428
Belgium,2020,0.17339400574439243,0.1643091531552428
Belgium,2021,0.17339400574439243,0.1643091531552428
Belgium,2022,0.17339400574439243,0.1643091531552428
Belgium,2023,0.17339400574439243,0.1643091531552428
Belgium,2024,0.17339400574439243,0.1643091531552428
Belgium,2025,0.17339400574439243,0.1643091531552428
Bosnia and Herzegovina,1993,2.3347537719716684,1.0185423226254149
Bosnia and Herzegovina,1994,2.3347818395667015,1.0267666224447476
Bosnia and Herzegovina,1995,2.334832742914492,1.0523472355581367
Bosnia and Herzegovina,1996,2.3348923619725444,1.0852506649273082
Bosnia and Herzegovina,1997,2.3348381711075876,1.114270283819798
Bosnia and Herzegovina,1998,2.3347682004114376,1.1378257170215633
Bosnia and Herzegovina,1999,2.3346874297594673,1.1283091052872856
Bosnia and Herzegovina,2000,2.3346187990212774,1.1380865294100277
Bosnia and Herzegovina,2001,2.334489900050178,1.0750509808427726
Bosnia and Herzegovina,2002,2.3343596903189088,1.0021750337723292
Bosnia and Herzegovina,2003,2.334240422378941,0.9316969899472791
Bosnia and Herzegovina,2004,2.334128641581818,0.8603929611850196
Bosnia and Herzegovina,2005,2.334026367605467,0.8007793076624434
Bosnia and Herzegovina,2006,2.333934298919364,0.7570844422946605
Bosnia and Herzegovina,2007,2.3338447197484014,0.7190133904444704
Bosnia and Herzegovina,2008,2.333755278639086,0.6804982158565491
Bosnia and Herzegovina,2009,2.3336679159516853,0.6395249483341878
Bosnia and Herzegovina,2010,2.3335823482740046,0.6014493599113145
Bosnia and Herzegovina,2011,2.3334944490153764,0.5313595392805215
Bosnia and Herzegovina,2012,2.3334265754853027,0.48000540009826964
Bosnia and Herzegovina,2013,2.3333586739068553,0.42854667705781035
Bosnia and Herzegovina,2014,2.333328973374467,0.39853025190827857
Bosnia and Herzegovina,2015,2.333307812246835,0.38214536884788786
Bosnia and Herzegovina,2016,2.333283040374319,0.35715688121930206
Bosnia and Herzegovina,2017,2.333280940882364,0.3590962613893476
Bosnia and Herzegovina,2018,2.3332787960689845,0.3608011939248403
Bosnia and Herzegovina,2019,2.3332751042311264,0.3560680291369961
Bosnia and Herzegovina,2020,2.3332751042311264,0.3560680291369961
Bosnia and Herzegovina,2021,2.3332751042311264,0.3560680291369961
Bosnia and Herzegovina,2022,2.3332751042311264,0.3560680291369961
Bosnia and Herzegovina,2023,2.3332751042311264,0.3560680291369961
Bosnia and Herzegovina,2024,2.3332751042311264,0.3560680291369961
Bosnia and Herzegovina,2025,2.3332751042311264,0.3560680291369961
Bulgaria,1971,-0.10314591344654277,-0.13284417859513978
Bulgaria,1972,-0.708831243063243,-0.14688233917764482
Bulgaria,1973,-0.13889933882920347,-0.12245743007186503
Bulgaria,1974,-0.36833767112522064,-0.10665700191863386
Bulgaria,1975,-0.8866810144695626,-0.0915751921081541
Bulgaria,1976,-0.8907425546758793,-0.046113047089389125
Bulgaria,1977,-0.5972383161777923,0.015996665471794902
Bulgaria,1978,-0.13631918981183838,0.08063207962109037
Bulgaria,1979,0.05562934860697375,0.14454812552869264
Bulgaria,1980,0.21173346506028962,0.21781984287813153
Bulgaria,1981,-0.006868526026678284,0.2885716367432895
Bulgaria,1982,0.1577022367588658,0.367728296350634
Bulgaria,1983,0.34552490398273317,0.4471967534160926
Bulgaria,1984,1.292829687905844,0.5404826077512261
Bulgaria,1985,0.5466877835586353,0.581479532740715
Bulgaria,1986,0.2882776889316494,0.6360846606286785
Bulgaria,1987,0.33994884346215176,0.7917324178602064
Bulgaria,1988,0.9576010145749885,1.017990799405704
Bulgaria,1989,3.409642566452632,1.2742076760134244
Bulgaria,1990,17.137651764632725,1.432122880545491
Bulgaria,1991,1.522514975472432,1.3622160986315028
Bulgaria,1992,1.3010099434786473,1.2155606904073226
Bulgaria,1993,-0.37936181143122477,0.9619063837658979
Bulgaria,1994,-0.12207760736882156,0.8365991342238674
Bulgaria,1995,-0.14273034083850922,0.7794123576639066
Bulgaria,1996,2.259533447722799,0.7698063268795905
Bulgaria,1997,1.9358059100887228,0.7126954917972814
Bulgaria,1998,-2.0598552976962683,0.6378175524468289
Bulgaria,1999,-0.02162468130116421,0.6135018744489847
Bulgaria,2000,0.64387252820322,0.5961103631608293
Bulgaria,2001,1.0487066130619336,0.5666542145227493
Bulgaria,2002,0.9815904194856199,0.5264320782424106
Bulgaria,2003,0.2719742459236764,0.45188642997532247
Bulgaria,2004,-0.6007056974677045,0.3829969308841368
Bulgaria,2005,-1.9800625108524748,0.335143107441862
Bulgaria,2006,-0.5977445563926308,0.3279144529727829
Bulgaria,2007,-0.7264424264499451,0.31103562231826415
Bulgaria,2008,-1.1141294317621289,0.29229343257346824
Bulgaria,2009,-2.8214629995999823,0.276043926947551
Bulgaria,2010,-1.9271153692543723,0.2781425142348812
Bulgaria,2011,-0.7381914851945568,0.3414672990815724
Bulgaria,2012,0.36487261164091,0.4637139245967035
Bulgaria,2013,1.4576261467606761,0.5858342528689586
Bulgaria,2014,0.7171397832335605,0.6410764798135173
Bulgaria,2015,2.5230792217837554,0.7232785699931573
Bulgaria,2016,2.9017492294431952,0.792063545919792
Bulgaria,2017,2.8275213944870874,0.8058923186801644
Bulgaria,2018,2.511905015991067,0.817946305238342
Bulgaria,2019,2.129310897245132,0.8244441427813428
Bulgaria,2020,2.129310897245132,0.8244441427813428
Bulgaria,2021,2.129310897245132,0.8244441427813428
Bulgaria,2022,2.129310897245132,0.8244441427813428
Bulgaria,2023,2.129310897245132,0.8244441427813428
Bulgaria,2024,2.129310897245132,0.8244441427813428
Bulgaria,2025,2.129310897245132,0.8244441427813428
Croatia,1992,1.0665639301491854,0.9219375514626956
Croatia,1993,1.2104567559811261,0.88843154012245
Croatia,1994,1.5990020574484254,0.7597279316570196
Croatia,1995,2.4388099547628435,0.7130979126591375
Croatia,1996,4.122795265219184,0.8873698137160054
Croatia,1997,5.61341023658781,0.8942013526471294
Croatia,1998,7.028561524948259,0.8332745926480858
Croatia,1999,9.767675937108276,0.9473583249166105
Croatia,2000,13.386914590109829,0.904835830240449
Croatia,2001,9.67985525898553,0.7401945777115079
Croatia,2002,6.357097362590406,0.5903332771345685
Croatia,2003,4.687266536378017,0.6227599223673564
Croatia,2004,3.6954184292710686,0.6746645434411098
Croatia,2005,3.403825384663109,0.9113680367603461
Croatia,2006,3.2227971969850158,1.0932138198626529
Croatia,2007,3.1027320253997566,1.3043762095833205
Croatia,2008,3.0121841240313616,1.5293581302777992
Croatia,2009,3.0062067385140843,1.7628433211940977
Croatia,2010,2.871455118466348,1.941868716530501
Croatia,2011,2.6858186214336315,2.019654736195687
Croatia,2012,2.7897756192586822,2.2018978376158724
Croatia,2013,2.893911101585069,2.384241180887827
Croatia,2014,3.028218762842165,2.4482322240043564
Croatia,2015,3.3346033416971768,2.5987148205463217
Croatia,2016,3.6768698537698095,2.7676523628275844
Croatia,2017,3.534865235242161,2.718912603553802
Croatia,2018,3.398587940468241,2.673772677227485
Croatia,2019,3.196748850205935,2.5871636823044315
Croatia,2020,3.196748850205935,2.5871636823044315
Croatia,2021,3.196748850205935,2.5871636823044315
Croatia,2022,3.196748850205935,2.5871636823044315
Croatia,2023,3.196748850205935,2.5871636823044315
Croatia,2024,3.196748850205935,2.5871636823044315
Croatia,2025,3.196748850205935,2.5871636823044315
Cyprus,1971,0.4687565902185202,0.4723062589639016
Cyprus,1972,0.4688969122135944,0.4726104029543533
Cyprus,1973,0.4690788976656597,0.47302876830613544
Cyprus,1974,0.4693313981485928,0.4736403189517375
Cyprus,1975,0.4695078871350714,0.4741116148416673
Cyprus,1976,0.47038827330072985,0.4748063548450207
Cyprus,1977,0.4713695984273031,0.4757148657199925
Cyprus,1978,0.47236238595575364,0.476652009625383
Cyprus,1979,0.4733642955152116,0.47761418086462676
Cyprus,1980,0.4742633167317386,0.4783610678324267
Cyprus,1981,0.4745109245332726,0.47823149526626163
Cyprus,1982,0.47485292807132584,0.4782764122055645
Cyprus,1983,0.47520192095602054,0.4783368669310041
Cyprus,1984,0.4752274668580615,0.47806902589519173
Cyprus,1985,0.4753587736092916,0.4780589075600905
Cyprus,1986,0.47595964788609135,0.47888739948952
Cyprus,1987,0.4759905794429373,0.47889407228344694
Cyprus,1988,0.47619375776617967,0.4793177609435181
Cyprus,1989,0.47630535052097056,0.4795077342981682
Cyprus,1990,0.4761154663989277,0.47903519090159064
Cyprus,1991,0.4747322526435516,0.47544510394363937
Cyprus,1992,0.47417809620099105,0.47340898504471896
Cyprus,1993,0.47467420636403607,0.4729967798526035
Cyprus,1994,0.47538840146957784,0.4731193053350791
Cyprus,1995,0.47616245020626496,0.47339930259034274
Cyprus,1996,0.47701095029530727,0.47386396669743
Cyprus,1997,0.4779225585167936,0.47448592729159106
Cyprus,1998,0.478841434237633,0.4751273714316545
Cyprus,1999,0.4796935552770061,0.4755991773945994
Cyprus,2000,0.48054531078000967,0.4760689932974388
Cyprus,2001,0.4807680283088674,0.47585005469986646
Cyprus,2002,0.4809656232841903,0.4755651964084232
Cyprus,2003,0.4812300296206595,0.4754509971042197
Cyprus,2004,0.4815090974853767,0.47537484600376045
Cyprus,2005,0.4814829656602023,0.4750447459332268
Cyprus,2006,0.4812088994439122,0.4744902696510872
Cyprus,2007,0.4809273980746953,0.47391604183939917
Cyprus,2008,0.4806639050337413,0.4733840453310386
Cyprus,2009,0.480373301962034,0.4727804969925138
Cyprus,2010,0.48010501316970516,0.47223285801593806
Cyprus,2011,0.47960278811292534,0.4713571468168838
Cyprus,2012,0.4791267377733599,0.4705487711489248
Cyprus,2013,0.47864987880357746,0.46973829803742456
Cyprus,2014,0.47853761000369766,0.4695015192607706
Cyprus,2015,0.4784273702053001,0.4692693673058713
Cyprus,2016,0.4783306710570325,0.4690724393260811
Cyprus,2017,0.4782436288640739,0.46889867069890717
Cyprus,2018,0.47815050818145227,0.46871342291031354
Cyprus,2019,0.4780725492438552,0.46856717954297755
Cyprus,2020,0.4780725492438552,0.46856717954297755
Cyprus,2021,0.4780725492438552,0.46856717954297755
Cyprus,2022,0.4780725492438552,0.46856717954297755
Cyprus,2023,0.4780725492438552,0.46856717954297755
Cyprus,2024,0.4780725492438552,0.46856717954297755
Cyprus,2025,0.4780725492438552,0.46856717954297755
Denmark,1971,-0.08247796802338186,-0.08199675038619175
Denmark,1972,-0.08273347845806128,-0.08228775973076788
Denmark,1973,-0.08258567466683978,-0.0822429182517446
Denmark,1974,-0.08225228808897664,-0.08197405249178835
Denmark,1975,-0.08193930842440517,-0.08173037750583523
Denmark,1976,-0.08163014280427217,-0.08149140402746904
Denmark,1977,-0.08130330983870121,-0.08123033687911824
Denmark,1978,-0.08098034911371932,-0.08097409273237405
Denmark,1979,-0.08058498472833507,-0.08063093477759037
Denmark,1980,-0.0803055628104163,-0.08042635526248997
Denmark,1981,-0.07983921350539225,-0.07998853023837225
Denmark,1982,-0.07934444890745233,-0.07951538033592656
Denmark,1983,-0.07884864081816512,-0.07904092773341144
Denmark,1984,-0.07838381383685078,-0.07860492787811027
Denmark,1985,-0.07793624750403298,-0.0781905215333609
Denmark,1986,-0.07752129110186157,-0.07781696752889167
Denmark,1987,-0.07620784905795538,-0.07654575573544599
Denmark,1988,-0.07510637363708579,-0.07551734100253833
Denmark,1989,-0.07408264735538311,-0.07458437269747437
Denmark,1990,-0.07312789870074379,-0.07373701798867757
Denmark,1991,-0.07146057782470694,-0.07203582597972338
Denmark,1992,-0.07066460054496916,-0.07133601640988291
Denmark,1993,-0.06956850527243622,-0.0702681522054342
Denmark,1994,-0.06823600560463067,-0.0689110453218601
Denmark,1995,-0.06730528847979045,-0.06796774086379892
Denmark,1996,-0.06638061278626431,-0.06703217348579332
Denmark,1997,-0.0655630996565744,-0.06622394188660323
Denmark,1998,-0.06478744377512981,-0.06546576606046907
Denmark,1999,-0.0639105939467599,-0.06458477114403058
Denmark,2000,-0.06312630149571948,-0.06381597741916073
Denmark,2001,-0.06230189643884551,-0.06299795860230206
Denmark,2002,-0.06155226625894628,-0.06226729633990491
Denmark,2003,-0.06082241483757013,-0.06156162478389645
Denmark,2004,-0.059934751681992214,-0.06067187538910783
Denmark,2005,-0.05908638647022328,-0.05983099904730214
Denmark,2006,-0.05839172084066167,-0.05915772588068595
Denmark,2007,-0.05771694980980406,-0.0585084707801321
Denmark,2008,-0.05703518539670647,-0.05785052180170714
Denmark,2009,-0.05632613892232059,-0.05715876795867332
Denmark,2010,-0.05556730926111038,-0.056409117057620695
Denmark,2011,-0.05514921958174349,-0.05596438642206386
Denmark,2012,-0.05473229516218885,-0.055521438057359804
Denmark,2013,-0.05431774793300249,-0.05508120079842454
Denmark,2014,-0.05409834506246695,-0.05487535727883224
Denmark,2015,-0.05406946926185521,-0.05484862788776909
Denmark,2016,-0.05398634523703991,-0.05476113764683655
Denmark,2017,-0.053966306891668536,-0.054751943168908156
Denmark,2018,-0.053944406423922085,-0.05474043170850082
Denmark,2019,-0.0539957238829221,-0.05480213214868783
Denmark,2020,-0.0539957238829221,-0.05480213214868783
Denmark,2021,-0.0539957238829221,-0.05480213214868783
Denmark,2022,-0.0539957238829221,-0.05480213214868783
Denmark,2023,-0.0539957238829221,-0.05480213214868783
Denmark,2024,-0.0539957238829221,-0.05480213214868783
Denmark,2025,-0.0539957238829221,-0.05480213214868783
Equatorial Guinea,1971,2.0154937303985427,3.496146262519172
Equatorial Guinea,1972,2.447146900585445,3.1600789837072796
Equatorial Guinea,1973,2.3440911946908582,2.8887831684720444
Equatorial Guinea,1974,1.8315581856303411,2.716440198384682
Equatorial Guinea,1975,1.5410022172508164,2.6096149639983994
Equatorial Guinea,1976,1.9195269734209925,2.687245974099162
Equatorial Guinea,1977,2.727179863219118,2.8700775980989963
Equatorial Guinea,1978,3.685000598525303,3.0720801901316506
Equatorial Guinea,1979,6.383985120954742,3.4330067057446674
Equatorial Guinea,1980,9.986991641841964,3.446262300624816
Equatorial Guinea,1981,5.413424954825989,2.7113081649188113
Equatorial Guinea,1982,3.015048331239624,2.037893683942815
Equatorial Guinea,1983,0.7569720613286277,1.376747346109326
Equatorial Guinea,1984,0.06403826546456441,0.8103704064076016
Equatorial Guinea,1985,-0.16803445638811498,0.3605735201692724
Equatorial Guinea,1986,0.0016274439515520031,0.1937831297261855
Equatorial Guinea,1987,0.19543250462585543,0.26817436464241723
Equatorial Guinea,1988,0.6156759796036454,0.42237887800569107
Equatorial Guinea,1989,0.64098429635766,0.3881203622519016
Equatorial Guinea,1990,-0.06178037648339806,-0.042879957421971183
Equatorial Guinea,1991,-0.027952189966376925,-0.01774080214862004
Equatorial Guinea,1992,0.05611271365332347,0.09942349763932601
Equatorial Guinea,1993,1.7063510841137024,0.6517218731083859
Equatorial Guinea,1994,0.5690206700757547,0.5469746237886517
Equatorial Guinea,1995,1.3239079381790182,0.6588229368640425
Equatorial Guinea,1996,0.755786955160556,0.5567558465937348
Equatorial Guinea,1997,0.18026139547865846,0.4244611477365708
Equatorial Guinea,1998,0.19184890335263236,0.3586960361082432
Equatorial Guinea,1999,0.26845988937774556,0.3355298003085801
Equatorial Guinea,2000,0.30913035984474163,0.3199020074463247
Equatorial Guinea,2001,0.49060844855106606,0.3326196028358751
Equatorial Guinea,2002,0.9822166864093986,0.3775647487084178
Equatorial Guinea,2003,0.033502445678169075,0.14093400472807519
Equatorial Guinea,2004,0.03166885128392763,0.025976170880423588
Equatorial Guinea,2005,-0.35405338000044756,-0.1407970017794453
Equatorial Guinea,2006,-0.18672443572846803,-0.2226307922299809
Equatorial Guinea,2007,-0.07825899046230855,-0.3125166841955434
Equatorial Guinea,2008,0.021164884705552778,-0.40510555694359296
Equatorial Guinea,2009,-0.8364515994723414,-0.6298561745850986
Equatorial Guinea,2010,-2.551586179405696,-0.9372165451065064
Equatorial Guinea,2011,-1.8844739396777719,-1.0395025659949735
Equatorial Guinea,2012,-1.289959032547022,-0.9498955743674531
Equatorial Guinea,2013,-0.6992334104291337,-0.8607674915620056
Equatorial Guinea,2014,-0.6603130153283995,-0.9332675620502929
Equatorial Guinea,2015,-0.6683036482107987,-1.032200890979397
Equatorial Guinea,2016,-1.3837074498897894,-1.1963887021330297
Equatorial Guinea,2017,-1.5098104557452572,-1.2518139401202648
Equatorial Guinea,2018,-1.7645975514653007,-1.3129067478871947
Equatorial Guinea,2019,-2.21503531955165,-1.393070770219307
Equatorial Guinea,2020,-2.21503531955165,-1.393070770219307
Equatorial Guinea,2021,-2.21503531955165,-1.393070770219307
Equatorial Guinea,2022,-2.21503531955165,-1.393070770219307
Equatorial Guinea,2023,-2.21503531955165,-1.393070770219307
Equatorial Guinea,2024,-2.21503531955165,-1.393070770219307
Equatorial Guinea,2025,-2.21503531955165,-1.393070770219307
Fiji,1971,-0.302432047674998,-0.7108636811289488
Fiji,1972,-0.30225422706748406,-0.6676591433077584
Fiji,1973,-0.3020642515234724,-0.6039145342433305
Fiji,1974,-0.30187577276973254,-0.5484635906339438
Fiji,1975,-0.3016878679666446,-0.4949420165650067
Fiji,1976,-0.30149946820676043,-0.44203995525595463
Fiji,1977,-0.3013117251237314,-0.39110958814773444
Fiji,1978,-0.30112410136458934,-0.3404538028768598
Fiji,1979,-0.30093607178293363,-0.28905377843298735
Fiji,1980,-0.3007522933784869,-0.24584742634867693
Fiji,1981,-0.30057455702890934,-0.2105101572652871
Fiji,1982,-0.30039728803235716,-0.17587709639417626
Fiji,1983,-0.30021986480683266,-0.14091079532484246
Fiji,1984,-0.30004357895057665,-0.106547507125479
Fiji,1985,-0.29987013891277775,-0.0744514537714665
Fiji,1986,-0.29970391273186275,-0.044463114459007025
Fiji,1987,-0.2995472319086593,-0.015495565486356222
Fiji,1988,-0.29909232918158246,0.04119302839251621
Fiji,1989,-0.29865687780731176,0.07352121452385711
Fiji,1990,-0.2982429670219112,0.08576399719721776
Fiji,1991,-0.29809050805714593,0.11013420747699385
Fiji,1992,-0.2980045387859299,0.18053770613545483
Fiji,1993,-0.2980238000423536,0.17244576445152254
Fiji,1994,-0.29828306782988795,0.10951529710776342
Fiji,1995,-0.2985453451074286,0.051763820120185794
Fiji,1996,-0.2988097955256518,-0.006868599409298043
Fiji,1997,-0.2990710997847992,-0.0567090059921464
Fiji,1998,-0.29934086800083226,-0.11628810931471562
Fiji,1999,-0.2996048905189548,-0.1625205874321693
Fiji,2000,-0.29986398564885414,-0.19747874044469776
Fiji,2001,-0.29996349018934326,-0.17991021166473176
Fiji,2002,-0.3000669401974613,-0.16990007110107988
Fiji,2003,-0.30020632268912706,-0.19586608835014302
Fiji,2004,-0.30036232289968345,-0.2493055165748942
Fiji,2005,-0.3005199362796445,-0.30580862770481226
Fiji,2006,-0.30068090843559625,-0.3695252707588924
Fiji,2007,-0.3008097024285983,-0.4281324190363932
Fiji,2008,-0.3009300392684412,-0.486238140151326
Fiji,2009,-0.30105195570242393,-0.5484020295509241
Fiji,2010,-0.30117085560140333,-0.6050849484999102
Fiji,2011,-0.3012910979766248,-0.667973012823017
Fiji,2012,-0.3014133713055632,-0.740845874075787
Fiji,2013,-0.30153565258300985,-0.81373267306245
Fiji,2014,-0.30161238781078564,-0.8428773681864989
Fiji,2015,-0.3016405305538289,-0.8571138780878892
Fiji,2016,-0.3016483928519411,-0.8627918526510169
Fiji,2017,-0.3016537756923049,-0.8708756425927865
Fiji,2018,-0.30165821863355097,-0.8773492028540665
Fiji,2019,-0.3016636876784202,-0.8864177173080687
Fiji,2020,-0.3016636876784202,-0.8864177173080687
Fiji,2021,-0.3016636876784202,-0.8864177173080687
Fiji,2022,-0.3016636876784202,-0.8864177173080687
Fiji,2023,-0.3016636876784202,-0.8864177173080687
Fiji,2024,-0.3016636876784202,-0.8864177173080687
Fiji,2025,-0.3016636876784202,-0.8864177173080687
Finland,1971,0.2273164534185111,0.20010864974123915
Finland,1972,0.22980073177250268,0.203168379411667
Finland,1973,0.23299494801286055,0.20711061717851037
Finland,1974,0.23536540896064698,0.20969299509956077
Finland,1975,0.2382137175520375,0.21293362458867732
Finland,1976,0.24159996075809292,0.2168643551464517
Finland,1977,0.2459492386751319,0.22212056009909364
Finland,1978,0.2502450278920231,0.22729719738259163
Finland,1979,0.2537194971581497,0.23131439026723868
Finland,1980,0.26139813646180554,0.24097021449723666
Finland,1981,0.27042836708575524,0.2518136227389798
Finland,1982,0.2806087630939538,0.26422370252898786
Finland,1983,0.2915737533333716,0.2770523397937028
Finland,1984,0.3002076980941716,0.28685439074719404
Finland,1985,0.3070961425264856,0.2941627241162953
Finland,1986,0.3267081191355357,0.31585382676247586
Finland,1987,0.34599787428264217,0.33678969841159184
Finland,1988,0.3621951809801599,0.3536264776860608
Finland,1989,0.3745577972751952,0.3654113391727395
Finland,1990,0.403936531057165,0.3939354922055389
Finland,1991,0.38784936605614306,0.3766039897830686
Finland,1992,0.3586059827646301,0.3382893450007048
Finland,1993,0.3413467019835696,0.312529132175794
Finland,1994,0.3418409486163163,0.30132002365140104
Finland,1995,0.34852894175175525,0.2969814038846599
Finland,1996,0.35328827549427994,0.2898013174450358
Finland,1997,0.3576560565705553,0.28183657722388955
Finland,1998,0.3623329113080775,0.2742712766226167
Finland,1999,0.36754472737102817,0.26704722907306755
Finland,2000,0.3741785325531457,0.26141251294418855
Finland,2001,0.355305428772883,0.24392541837970755
Finland,2002,0.3387589769200764,0.2288598846283222
Finland,2003,0.3234740442239581,0.2148523796725617
Finland,2004,0.30928073899236136,0.2018730614242377
Finland,2005,0.2952990601434841,0.18883886862782187
Finland,2006,0.28053497630340934,0.17441882991201632
Finland,2007,0.2651563629250492,0.1592251873225921
Finland,2008,0.2497048635071753,0.14391008256480745
Finland,2009,0.23433141021389475,0.12854847537646344
Finland,2010,0.2188905676143379,0.1130388366932972
Finland,2011,0.20560150487273637,0.09991289528273925
Finland,2012,0.19698163049984904,0.0915123993550101
Finland,2013,0.18832400310665565,0.08306458203711048
Finland,2014,0.18608707821609796,0.08108939346809207
Finland,2015,0.1838621815055091,0.07895215369484943
Finland,2016,0.1792362128812674,0.07537983998096026
Finland,2017,0.17504747793781844,0.07184704413870159
Finland,2018,0.17093547016128322,0.06842084348176729
Finland,2019,0.16941883972810245,0.06660999610179229
Finland,2020,0.16941883972810245,0.06660999610179229
Finland,2021,0.16941883972810245,0.06660999610179229
Finland,2022,0.16941883972810245,0.06660999610179229
Finland,2023,0.16941883972810245,0.06660999610179229
Finland,2024,0.16941883972810245,0.06660999610179229
Finland,2025,0.16941883972810245,0.06660999610179229
Greece,1971,-7.413891411762816,-3.628593501543255
Greece,1972,-7.435438066348531,-2.7003426887910216
Greece,1973,-7.545412145437332,-2.0782621634869924
Greece,1974,-7.79252820952218,-1.9848960543353757
Greece,1975,-8.128362127338903,-1.9132341205763157
Greece,1976,-7.229984689482591,-1.6512753786020329
Greece,1977,-6.266715345849646,-1.1229737661035486
Greece,1978,-5.307534976992366,-0.6428817877558823
Greece,1979,-4.363032037126527,-0.17599412550007248
Greece,1980,-3.545947760601037,0.11387688343383057
Greece,1981,-3.029759107355885,0.16806255902478703
Greece,1982,-2.5246584133025127,0.17649482841467262
Greece,1983,-2.0174134608257916,0.22084843469013246
Greece,1984,-1.5284072082105453,0.49882137209662847
Greece,1985,-1.0923569039296699,0.29453004648391795
Greece,1986,-0.7256306742807037,0.36580585697340096
Greece,1987,-0.43547940586288236,0.4756592356172338
Greece,1988,-0.17670907782148282,0.6122029623288164
Greece,1989,0.04962502723711615,0.7463155021976204
Greece,1990,0.21879356857755927,0.3954991294873876
Greece,1991,0.13564026458045822,-0.09401119642033792
Greece,1992,0.1750893171047619,0.1833098445427242
Greece,1993,0.207542950066261,0.2828791308706381
Greece,1994,0.23266562206546682,0.3375575244522318
Greece,1995,0.2510700117312177,0.24072804344718776
Greece,1996,0.2732033511398622,0.2812848720519276
Greece,1997,0.29285809166632465,0.2288102742482746
Greece,1998,0.31236076430582194,0.1670900345481594
Greece,1999,0.3366231128018555,0.2260504206099681
Greece,2000,0.36335504638542543,0.3402210751495696
Greece,2001,0.38605736613791153,0.2600399428405391
Greece,2002,0.4042594164888452,0.010203856547784107
Greece,2003,0.4373568085806059,0.05784098426446675
Greece,2004,0.4751450255390689,0.1260068188375289
Greece,2005,0.521061032614331,0.40195617861086097
Greece,2006,0.563553435900524,0.5361500457387467
Greece,2007,0.6063037043199868,0.6799834411085459
Greece,2008,0.6509059945093174,0.8886609768974325
Greece,2009,0.6936817703946432,1.0589844251287555
Greece,2010,0.7374126367737026,1.2813510497817517
Greece,2011,0.7594936440026027,1.0747934118107858
Greece,2012,0.786864522712059,1.1931155847216686
Greece,2013,0.8142832871437877,1.3133592184197187
Greece,2014,0.8162075637249337,1.0685911684108595
Greece,2015,0.8276121731062337,1.0931001686181534
Greece,2016,0.8267577400787631,1.01960497299657
Greece,2017,0.8236285727392019,0.9520452651726441
Greece,2018,0.8200685991317824,0.8701278560412519
Greece,2019,0.8135368511581386,0.6898432861211977
Greece,2020,0.8135368511581386,0.6898432861211977
Greece,2021,0.8135368511581386,0.6898432861211977
Greece,2022,0.8135368511581386,0.6898432861211977
Greece,2023,0.8135368511581386,0.6898432861211977
Greece,2024,0.8135368511581386,0.6898432861211977
Greece,2025,0.8135368511581386,0.6898432861211977
Guyana,1971,-0.10497201401583012,-0.07757320224066055
Guyana,1972,-0.053861540460259816,0.035919393128504534
Guyana,1973,-0.010998778296747669,0.07946533592306793
Guyana,1974,0.02042320392003727,0.019899382304736618
Guyana,1975,0.05439149448068786,-0.012321954023951504
Guyana,1976,0.08742784557272576,-0.059461177115168073
Guyana,1977,0.11678341166062128,-0.1500980510117525
Guyana,1978,0.14706094567402794,-0.2315226606359048
Guyana,1979,0.18201639925335727,-0.2749233920982581
Guyana,1980,0.21529941372535788,-0.43434705727704076
Guyana,1981,0.3661025397233537,-0.22322019562780893
Guyana,1982,0.4876081939974124,-0.039493402169969105
Guyana,1983,0.6091792412518097,0.14488466395767885
Guyana,1984,0.7348220230513025,0.33870872747145014
Guyana,1985,0.8641563781356087,0.5224347798338509
Guyana,1986,1.0106314733833173,0.759937890487678
Guyana,1987,0.9481335483763751,0.8207490593433278
Guyana,1988,0.8750069387923562,0.7462496047005532
Guyana,1989,0.8046579354442238,0.66482984085781
Guyana,1990,0.7562158469554701,0.7488576400340787
Guyana,1991,0.6742882640674416,0.3862606898504449
Guyana,1992,0.7862107631983863,0.7297140189625044
Guyana,1993,0.7102097622833475,0.4449245326186389
Guyana,1994,0.7061467682056926,0.4481027359535327
Guyana,1995,0.7061658120022516,0.4474772987567539
Guyana,1996,0.7131388772993738,0.5043306282736504
Guyana,1997,0.7183264801907215,0.5299306081480606
Guyana,1998,0.7174917570004,0.5184237074855143
Guyana,1999,0.6591981892314127,0.43314519467289586
Guyana,2000,0.609648620295462,0.41698531786374954
Guyana,2001,0.5717432415852997,0.4684649901792932
Guyana,2002,0.5282836722905746,0.4715211818019185
Guyana,2003,0.4844651747294701,0.46398809190350604
Guyana,2004,0.42971802167192524,0.35420595583042486
Guyana,2005,0.37794521939191783,0.27281918494040525
Guyana,2006,0.32772325817212067,0.20474500240969523
Guyana,2007,0.2779890395827642,0.14189100771209323
Guyana,2008,0.22840384626256416,0.08043225841187618
Guyana,2009,0.18007397576721196,0.029617865922072717
Guyana,2010,0.1314082946323748,-0.02628807977562131
Guyana,2011,0.07688709021612128,-0.1595980774871394
Guyana,2012,0.01855202102391562,-0.36249151148302117
Guyana,2013,-0.03982720126128336,-0.5658979747464989
Guyana,2014,-0.07040274620828763,-0.654087600168828
Guyana,2015,-0.0998530463325818,-0.7458861399630055
Guyana,2016,-0.11387333004290653,-0.8120826953505429
Guyana,2017,-0.11819681423961442,-0.8362379869654234
Guyana,2018,-0.1220808640986028,-0.8561048751598654
Guyana,2019,-0.12911595344029725,-0.9032985565027702
Guyana,2020,-0.12911595344029725,-0.9032985565027702
Guyana,2021,-0.12911595344029725,-0.9032985565027702
Guyana,2022,-0.12911595344029725,-0.9032985565027702
Guyana,2023,-0.12911595344029725,-0.9032985565027702
Guyana,2024,-0.12911595344029725,-0.9032985565027702
Guyana,2025,-0.12911595344029725,-0.9032985565027702
Iceland,1971,0.1434559440756348,0.12448254712882903
Iceland,1972,0.14334224823730052,0.12434564373507995
Iceland,1973,0.14324562580286115,0.12422513045577879
Iceland,1974,0.14320452920226373,0.12417100072447299
Iceland,1975,0.14315328250612547,0.12410105583917933
Iceland,1976,0.14307576169685313,0.12398959682587837
Iceland,1977,0.14302603220542381,0.12391441821547451
Iceland,1978,0.14298200632336172,0.12384706179604069
Iceland,1979,0.14292332950489067,0.1237574467951364
Iceland,1980,0.14289674924873536,0.12369552511651255
Iceland,1981,0.14112344048692466,0.12224625817918716
Iceland,1982,0.13931085163471368,0.12074039938484815
Iceland,1983,0.13749930434719532,0.11923597992760887
Iceland,1984,0.1357305450754408,0.11778322387720264
Iceland,1985,0.13404999218177388,0.11643634411172984
Iceland,1986,0.13253739947994886,0.11527569108250937
Iceland,1987,0.13054700883170406,0.11342310372050923
Iceland,1988,0.12802759564202087,0.11089711753935214
Iceland,1989,0.1254125269096915,0.10821685189212554
Iceland,1990,0.12347726886544833,0.1061671323776317
Iceland,1991,0.12114934180810985,0.1029382868137823
Iceland,1992,0.12029027500633038,0.10117545176935637
Iceland,1993,0.12006707636104283,0.10010186106005059
Iceland,1994,0.12016355052700385,0.09940948196887875
Iceland,1995,0.12031637913261221,0.09877839074564936
Iceland,1996,0.12050186529300147,0.098186058168297
Iceland,1997,0.12044816662423113,0.09732327003620456
Iceland,1998,0.12042292348352134,0.09649858407444792
Iceland,1999,0.12042774180995074,0.09570765855773616
Iceland,2000,0.12050472916555081,0.09500876783146327
Iceland,2001,0.12098577098504167,0.09478682236645129
Iceland,2002,0.12147485272119407,0.0945738567153574
Iceland,2003,0.12200895583007709,0.09441095582658456
Iceland,2004,0.12250320663737783,0.0941832589187713
Iceland,2005,0.12293839593161,0.09386781750203557
Iceland,2006,0.12353794940475377,0.09374763680044954
Iceland,2007,0.12412600140462808,0.09361119967732678
Iceland,2008,0.12474331919734463,0.09351236741955717
Iceland,2009,0.12479429309281352,0.0932406789183734
Iceland,2010,0.12481282267794672,0.0929241371179726
Iceland,2011,0.12534250058514773,0.0929978870877293
Iceland,2012,0.12611271872170515,0.09335916037030127
Iceland,2013,0.12688806487934995,0.09372677755117559
Iceland,2014,0.1265985729899299,0.09341944565394122
Iceland,2015,0.12624631224273491,0.09302363482983689
Iceland,2016,0.12584851223230983,0.09256859925377157
Iceland,2017,0.12566086307786398,0.09236697700474426
Iceland,2018,0.12551569806071533,0.09219201839972924
Iceland,2019,0.12540416662307052,0.09206125112093984
Iceland,2020,0.12540416662307052,0.09206125112093984
Iceland,2021,0.12540416662307052,0.09206125112093984
Iceland,2022,0.12540416662307052,0.09206125112093984
Iceland,2023,0.12540416662307052,0.09206125112093984
Iceland,2024,0.12540416662307052,0.09206125112093984
Iceland,2025,0.12540416662307052,0.09206125112093984
Israel,1971,0.07738239024787923,0.048788569606659976
Israel,1972,0.07731147611880806,0.04867789599683406
Israel,1973,0.07764231024072077,0.04896137734347317
Israel,1974,0.07836614086721891,0.04974236093544854
Israel,1975,0.07866623228591288,0.050395190875410556
Israel,1976,0.0790318990149042,0.051140057515396076
Israel,1977,0.07944042663492529,0.05194618789948802
Israel,1978,0.07982122201343901,0.05271879520483641
Israel,1979,0.0799181908452282,0.05332616867437273
Israel,1980,0.07999923388060425,0.05389062791340835
Israel,1981,0.07962113719808021,0.053852306222104386
Israel,1982,0.07926778205066609,0.05384859800096785
Israel,1983,0.07892694106491295,0.05386048739501538
Israel,1984,0.07852216983492939,0.05377091684314805
Israel,1985,0.07855184443734323,0.05412632206447476
Israel,1986,0.07923104094007528,0.05525737256054111
Israel,1987,0.07938166731587648,0.05576296047412638
Israel,1988,0.07935237805841322,0.05599438064574057
Israel,1989,0.07952406032073255,0.05649327358592832
Israel,1990,0.07846682451779767,0.05611568080480751
Israel,1991,0.07915310131693173,0.05741188144528906
Israel,1992,0.07989636747522917,0.058532235779399186
Israel,1993,0.08081301188031634,0.05975032931973329
Israel,1994,0.08145688743014631,0.06053823228060418
Israel,1995,0.0817554292626149,0.060893958967239495
Israel,1996,0.08209978501004506,0.06131209818825525
Israel,1997,0.08226886276897416,0.06150808024200991
Israel,1998,0.08243548094573992,0.06169959828572212
Israel,1999,0.08266156761443136,0.06197300447913459
Israel,2000,0.08274540187446505,0.062048979800772674
Israel,2001,0.08326577052916828,0.06266030954466828
Israel,2002,0.08388513132291217,0.0633984556124528
Israel,2003,0.08472627348572227,0.06442159235375448
Israel,2004,0.08554021372536051,0.06539794078447092
Israel,2005,0.08631576786065132,0.0663131970828046
Israel,2006,0.08699295941004948,0.06709025171881287
Israel,2007,0.08771897025417814,0.06792501897991499
Israel,2008,0.08839287784396316,0.06870591171135411
Israel,2009,0.08908354265005552,0.06951005625381236
Israel,2010,0.08981851703331625,0.07037508821952387
Israel,2011,0.09108702228258496,0.07159517240045604
Israel,2012,0.09203111746297787,0.07245978402207241
Israel,2013,0.09298166983424286,0.07333215781320769
Israel,2014,0.0932284572597942,0.07361001295073986
Israel,2015,0.09351258429959566,0.07394103484857777
Israel,2016,0.09380206311501046,0.07427964070394076
Israel,2017,0.09380832203671348,0.07429116989615968
Israel,2018,0.0938066939129504,0.07429248509051688
Israel,2019,0.09383915731057245,0.07434126822392993
Israel,2020,0.09383915731057245,0.07434126822392993
Israel,2021,0.09383915731057245,0.07434126822392993
Israel,2022,0.09383915731057245,0.07434126822392993
Israel,2023,0.09383915731057245,0.07434126822392993
Israel,2024,0.09383915731057245,0.07434126822392993
Israel,2025,0.09383915731057245,0.07434126822392993
Lithuania,1991,-0.3366059137521969,-0.3092289580905286
Lithuania,1992,-0.41608596859568664,-0.36335624780446685
Lithuania,1993,-0.1828863123808747,-0.24974302269104137
Lithuania,1994,-0.08696609595054627,-0.20533276536045175
Lithuania,1995,0.06446114011705334,-0.12019099021464302
Lithuania,1996,0.14095228678993071,-0.058758921036047906
Lithuania,1997,0.2419796827433125,0.021610744167412932
Lithuania,1998,0.31861731966154344,0.09347594540062104
Lithuania,1999,0.38790462234841283,0.15499967064806858
Lithuania,2000,0.46658663566334624,0.22174017946116703
Lithuania,2001,0.48518979191190603,0.24167128744485067
Lithuania,2002,0.4970393591241195,0.2544399161598527
Lithuania,2003,0.5058359526502635,0.25797349372141576
Lithuania,2004,0.5301927232575366,0.27159376705707694
Lithuania,2005,0.5007578009541593,0.26230014691412135
Lithuania,2006,0.4814749857683384,0.2602485041835847
Lithuania,2007,0.45783182167992914,0.25447659516760535
Lithuania,2008,0.43986506154899085,0.2529894997011084
Lithuania,2009,0.415006485438552,0.24410211759712125
Lithuania,2010,0.38709344669913404,0.23201879597617645
Lithuania,2011,0.3592376475599688,0.21719662874157247
Lithuania,2012,0.35546153830550353,0.22031994423109819
Lithuania,2013,0.35167028516491905,0.22342758514881841
Lithuania,2014,0.3733427902787542,0.24383823836780982
Lithuania,2015,0.38181793217559734,0.25269491683951706
Lithuania,2016,0.3937120567041209,0.2645900762714407
Lithuania,2017,0.37366768570239783,0.2504074009754813
Lithuania,2018,0.35230854734571937,0.23532827538909834
Lithuania,2019,0.3434057018239884,0.2278662129497626
Lithuania,2020,0.3434057018239884,0.2278662129497626
Lithuania,2021,0.3434057018239884,0.2278662129497626
Lithuania,2022,0.3434057018239884,0.2278662129497626
Lithuania,2023,0.3434057018239884,0.2278662129497626
Lithuania,2024,0.3434057018239884,0.2278662129497626
Lithuania,2025,0.3434057018239884,0.2278662129497626
Luxembourg,1971,0.008716351008595514,0.00765862803732347
Luxembourg,1972,0.008716620962888848,0.007659423472814026
Luxembourg,1973,0.008716800534412317,0.007659737401249339
Luxembourg,1974,0.009005543275522304,0.007983844924006223
Luxembourg,1975,0.009372899912616417,0.008401511448266397
Luxembourg,1976,0.009813364524922985,0.008910102664434927
Luxembourg,1977,0.010191245602682475,0.00934487877679202
Luxembourg,1978,0.010569558480247238,0.009780190066669775
Luxembourg,1979,0.01097035968416421,0.010243528155839537
Luxembourg,1980,0.011490476551934336,0.010855336760708455
Luxembourg,1981,0.011432693560238287,0.010882122541915425
Luxembourg,1982,0.011416019315306392,0.010959375914807262
Luxembourg,1983,0.011405811284377697,0.011044368116750497
Luxembourg,1984,0.011568780996309352,0.011329216100457864
Luxembourg,1985,0.011480286850211803,0.01133507957058999
Luxembourg,1986,0.01179183234830588,0.011804998059053995
Luxembourg,1987,0.012117589194345562,0.012292644471722777
Luxembourg,1988,0.012330968925616775,0.012642907794050674
Luxembourg,1989,0.01271152771215706,0.013199812784084011
Luxembourg,1990,0.01310100977391604,0.013768725737649997
Luxembourg,1991,0.012349737474592804,0.012997241732247922
Luxembourg,1992,0.01241961099184459,0.013199848959038609
Luxembourg,1993,0.01255869974001626,0.013494893639130704
Luxembourg,1994,0.012214050288562758,0.01323983128715502
Luxembourg,1995,0.012231416299446804,0.0133745753998297
Luxembourg,1996,0.01225638709661864,0.01351914780610605
Luxembourg,1997,0.012046197528871216,0.013427799870396053
Luxembourg,1998,0.011824741807390763,0.013322464288488392
Luxembourg,1999,0.011605797228590812,0.013220728174227245
Luxembourg,2000,0.011301819399660368,0.013015694358886325
Luxembourg,2001,0.010543026134664634,0.012314463955764361
Luxembourg,2002,0.009788524209380471,0.011618732901055952
Luxembourg,2003,0.009034911036644208,0.010924890002507463
Luxembourg,2004,0.008234517885859528,0.010173459072128816
Luxembourg,2005,0.007520491192394261,0.009526684652552188
Luxembourg,2006,0.007213682890157924,0.009141614192025159
Luxembourg,2007,0.0068899795732063965,0.008735958641094327
Luxembourg,2008,0.00656754812548861,0.008331909775225443
Luxembourg,2009,0.0062365781858088574,0.007917359304884592
Luxembourg,2010,0.005819459545503633,0.007416432469938243
Luxembourg,2011,0.005529992434689558,0.00706706744875032
Luxembourg,2012,0.005288505092666105,0.006777916541778907
Luxembourg,2013,0.005049519693480302,0.006491774716529177
Luxembourg,2014,0.0050461383487062405,0.006484599970298196
Luxembourg,2015,0.005033861974170294,0.006466466364425756
Luxembourg,2016,0.004967211792898196,0.006388047674383984
Luxembourg,2017,0.005035210218539929,0.006470803947316833
Luxembourg,2018,0.00510065772738402,0.006550401535592389
Luxembourg,2019,0.005139883781216973,0.006598231847999382
Luxembourg,2020,0.005139883781216973,0.006598231847999382
Luxembourg,2021,0.005139883781216973,0.006598231847999382
Luxembourg,2022,0.005139883781216973,0.006598231847999382
Luxembourg,2023,0.005139883781216973,0.006598231847999382
Luxembourg,2024,0.005139883781216973,0.006598231847999382
Luxembourg,2025,0.005139883781216973,0.006598231847999382
North Macedonia,1992,0.5830238788349209,0.41288499703681075
North Macedonia,1993,0.5833027312973138,0.41337491238751095
North Macedonia,1994,0.5835956207478953,0.4138479999273559
North Macedonia,1995,0.5837732482375559,0.41412086456323266
North Macedonia,1996,0.5839205133943579,0.41430944255270136
North Macedonia,1997,0.5840212640099246,0.41439695548671424
North Macedonia,1998,0.5841106731289678,0.4144542371330017
North Macedonia,1999,0.584133573055448,0.4143816374192624
North Macedonia,2000,0.5841676319026552,0.41433492879497413
North Macedonia,2001,0.5842496091414978,0.4143928304150771
North Macedonia,2002,0.5843286818603967,0.4144402311190103
North Macedonia,2003,0.5842405086746848,0.4143490371951646
North Macedonia,2004,0.5840875219249076,0.41412739901035245
North Macedonia,2005,0.5839814693596292,0.4140061977756678
North Macedonia,2006,0.583886248311681,0.41391241067706275
North Macedonia,2007,0.5837963150883025,0.4138328861397311
North Macedonia,2008,0.5837011670004634,0.4137394477195384
North Macedonia,2009,0.583631487705958,0.41370622500609905
North Macedonia,2010,0.5835718721871579,0.4136992795317138
North Macedonia,2011,0.5835150741824537,0.41369337844085163
North Macedonia,2012,0.5835500534233793,0.41384851705776476
North Macedonia,2013,0.5835872768094038,0.41400872573983377
North Macedonia,2014,0.58352657160204,0.41395412774765794
North Macedonia,2015,0.5834684832578496,0.4139045470567204
North Macedonia,2016,0.5834137657365793,0.41386421438655807
North Macedonia,2017,0.5833902385737144,0.41390117920184816
North Macedonia,2018,0.5834129888907705,0.4139531244533805
North Macedonia,2019,0.5834357652374301,0.4140046034689192
North Macedonia,2020,0.5834357652374301,0.4140046034689192
North Macedonia,2021,0.5834357652374301,0.4140046034689192
North Macedonia,2022,0.5834357652374301,0.4140046034689192
North Macedonia,2023,0.5834357652374301,0.4140046034689192
North Macedonia,2024,0.5834357652374301,0.4140046034689192
North Macedonia,2025,0.5834357652374301,0.4140046034689192
Malaysia,1971,0.1196434173186651,0.036563878400453165
Malaysia,1972,0.11958719086201346,0.0213598931534123
Malaysia,1973,0.11959500651145744,0.014336777517877347
Malaysia,1974,0.11960815103504722,0.0075557811186732216
Malaysia,1975,0.11960406604532801,-0.0035258411864508565
Malaysia,1976,0.11961503971622583,-0.011125418480431637
Malaysia,1977,0.11962392659544585,-0.01974383639173735
Malaysia,1978,0.11963271119102827,-0.028413499449682716
Malaysia,1979,0.11964347060350353,-0.03680735313817639
Malaysia,1980,0.11966476643162713,-0.04527285970211689
Malaysia,1981,0.11977561473488046,-0.03826228063660351
Malaysia,1982,0.11986202762625037,-0.036010266288700576
Malaysia,1983,0.11994662610766924,-0.03391644672571194
Malaysia,1984,0.12005100755003789,-0.027217589137064985
Malaysia,1985,0.12016165848086552,-0.02060368404205498
Malaysia,1986,0.12031045824976001,-0.008029384089656144
Malaysia,1987,0.12048507729873857,0.00572292805851346
Malaysia,1988,0.12070227913535442,0.02917611034569828
Malaysia,1989,0.12107677174598667,0.07540961961007425
Malaysia,1990,0.12137757534628524,0.10630254292663058
Malaysia,1991,0.12160500387392423,0.10593590180198521
Malaysia,1992,0.12187026810882841,0.11222162210044306
Malaysia,1993,0.1222179685921094,0.14120293350163027
Malaysia,1994,0.12259188988317066,0.17936166145998056
Malaysia,1995,0.1229584690983172,0.21639231632777123
Malaysia,1996,0.12332558770483032,0.25428929580286
Malaysia,1997,0.12369837541474296,0.2946617507247701
Malaysia,1998,0.1240705237180423,0.33500464241064626
Malaysia,1999,0.12441327217558455,0.3694211540442971
Malaysia,2000,0.1247123923274161,0.39637738723404936
Malaysia,2001,0.12476926608186105,0.4067335396439171
Malaysia,2002,0.12480072061800061,0.41264772888629325
Malaysia,2003,0.12480623639467515,0.414008120989307
Malaysia,2004,0.12478431971052308,0.4097911584827303
Malaysia,2005,0.1246130497340864,0.4010230067837774
Malaysia,2006,0.12444385997109812,0.3940053549915582
Malaysia,2007,0.12427316077263482,0.38660152201055825
Malaysia,2008,0.12410661188336426,0.3803601282368399
Malaysia,2009,0.12394035059069103,0.37483923939163094
Malaysia,2010,0.12377672347617402,0.37029757420864645
Malaysia,2011,0.12363365472483287,0.37256816541751375
Malaysia,2012,0.12349756139146696,0.3794551607150366
Malaysia,2013,0.12336142138065168,0.38632844095894
Malaysia,2014,0.12313835176950214,0.37846569311897094
Malaysia,2015,0.12292099121969682,0.3729489221823303
Malaysia,2016,0.12270318176790607,0.36744287064960596
Malaysia,2017,0.12250919213994793,0.36979562320569315
Malaysia,2018,0.12231691121990339,0.37257597461890285
Malaysia,2019,0.12235899026862808,0.37622727413155804
Malaysia,2020,0.12235899026862808,0.37622727413155804
Malaysia,2021,0.12235899026862808,0.37622727413155804
Malaysia,2022,0.12235899026862808,0.37622727413155804
Malaysia,2023,0.12235899026862808,0.37622727413155804
Malaysia,2024,0.12235899026862808,0.37622727413155804
Malaysia,2025,0.12235899026862808,0.37622727413155804
Mauritius,1971,0.32988308603860406,0.22764229355971335
Mauritius,1972,0.3235182277667529,0.22193420546130596
Mauritius,1973,0.3337472363069832,0.223725721725836
Mauritius,1974,0.3538618378640945,0.22863741239201524
Mauritius,1975,0.3615497431353856,0.22722375983650017
Mauritius,1976,0.38188032778158953,0.2314894357328134
Mauritius,1977,0.4003998376375528,0.23394116525076014
Mauritius,1978,0.4110291638071608,0.23458622108479144
Mauritius,1979,0.4244938295793971,0.23616730375196243
Mauritius,1980,0.47618324005514207,0.2521300887411301
Mauritius,1981,0.3909851560798421,0.2140731382114615
Mauritius,1982,0.30736995297650066,0.1762006554765706
Mauritius,1983,0.22468527266697993,0.13882183735046613
Mauritius,1984,0.18282056611810946,0.11564390489621496
Mauritius,1985,0.14826570475381895,0.09498691306488635
Mauritius,1986,0.09754667966674574,0.06098698579097542
Mauritius,1987,0.029938053426451977,0.013738769480936774
Mauritius,1988,-0.03656437478454849,-0.03362881380134666
Mauritius,1989,-0.10411103051696956,-0.08142884444450024
Mauritius,1990,-0.18380193392607763,-0.13422108809738134
Mauritius,1991,0.02569788562811319,-0.0032416609680743086
Mauritius,1992,0.16791713642530748,0.0877551522870762
Mauritius,1993,0.26200161853591597,0.13569645553038517
Mauritius,1994,0.2536873255846607,0.14038545061702773
Mauritius,1995,0.2608720605192247,0.15000706741705777
Mauritius,1996,0.2696229180392047,0.15904223817111415
Mauritius,1997,0.28368994985112705,0.1700315893682303
Mauritius,1998,0.2987084463548413,0.1813722712948514
Mauritius,1999,0.3172457951821521,0.1930410505725772
Mauritius,2000,0.31228408839673394,0.19248312868746847
Mauritius,2001,0.31843820978106285,0.19095101786040589
Mauritius,2002,0.32781139795590863,0.19081064146379328
Mauritius,2003,0.361820456880794,0.20142571726157169
Mauritius,2004,0.40494756806031396,0.21499162643556124
Mauritius,2005,0.4547287592074003,0.23052103518640646
Mauritius,2006,0.5306288008234564,0.2569006928778891
Mauritius,2007,0.6075440671854495,0.28372710043561344
Mauritius,2008,0.6849280084280778,0.31068274931771817
Mauritius,2009,0.7729947406804358,0.3420355819559307
Mauritius,2010,0.8629611368456842,0.3738871607011289
Mauritius,2011,0.9094066019854973,0.3909035698218275
Mauritius,2012,0.9789855145591616,0.4115082749836594
Mauritius,2013,1.0483318970350075,0.4319869869551518
Mauritius,2014,1.018024150086712,0.42372887973634743
Mauritius,2015,0.9382164170262851,0.4065339086791141
Mauritius,2016,0.8642689068077809,0.39189470027617557
Mauritius,2017,0.8107833759884739,0.38101593345506435
Mauritius,2018,0.7561260356047389,0.36958902097491225
Mauritius,2019,0.7111130264147731,0.3620834098850103
Mauritius,2020,0.7111130264147731,0.3620834098850103
Mauritius,2021,0.7111130264147731,0.3620834098850103
Mauritius,2022,0.7111130264147731,0.3620834098850103
Mauritius,2023,0.7111130264147731,0.3620834098850103
Mauritius,2024,0.7111130264147731,0.3620834098850103
Mauritius,2025,0.7111130264147731,0.3620834098850103
New Zealand,1971,0.11624187519786884,0.14551507661101487
New Zealand,1972,0.11630548959136239,0.14586788597036068
New Zealand,1973,0.11750324395416585,0.14819831872732103
New Zealand,1974,0.11858231650247895,0.150414173470257
New Zealand,1975,0.11929221316979088,0.15201691808253437
New Zealand,1976,0.11915437800811321,0.1522947006517168
New Zealand,1977,0.11861625255256465,0.15189017594030207
New Zealand,1978,0.1181083085139889,0.1515429316925129
New Zealand,1979,0.1176969448620794,0.15139445006303065
New Zealand,1980,0.11699270276212353,0.1508819709155509
New Zealand,1981,0.11412403340697977,0.14694747389249688
New Zealand,1982,0.11077389845046923,0.14220919597482412
New Zealand,1983,0.10744799120096296,0.1375150233032656
New Zealand,1984,0.10469230774172134,0.133862953844012
New Zealand,1985,0.10052604400657544,0.1279123173064537
New Zealand,1986,0.09158070677576158,0.11534943723010588
New Zealand,1987,0.08045973664292855,0.09904121483519335
New Zealand,1988,0.06977734738740599,0.08358227114249248
New Zealand,1989,0.05921812068694626,0.06844118414094039
New Zealand,1990,0.04773267722691993,0.0517043643291321
New Zealand,1991,0.033998013325405425,0.032606287518693176
New Zealand,1992,0.024710994444809654,0.020361764253081224
New Zealand,1993,0.024632211427419302,0.019038734316781197
New Zealand,1994,0.02777352180070907,0.02270515405932923
New Zealand,1995,0.025867046739321692,0.022692892273491003
New Zealand,1996,0.028047830045816208,0.02488375840399281
New Zealand,1997,0.02855441168166122,0.025125846806489282
New Zealand,1998,0.028934968710836652,0.02513572299984197
New Zealand,1999,0.029135720346293692,0.024802745902670672
New Zealand,2000,0.030123970632859494,0.025800913606967325
New Zealand,2001,0.03257188639855251,0.029338026791139844
New Zealand,2002,0.034668824237456417,0.03226378150313673
New Zealand,2003,0.036615801693729286,0.034903147528361954
New Zealand,2004,0.03659717430710875,0.03522817546224022
New Zealand,2005,0.036836515043915004,0.036027734707643075
New Zealand,2006,0.037251173802930006,0.037152018330156494
New Zealand,2007,0.03763961118794095,0.03822735930853883
New Zealand,2008,0.03804941723114237,0.03934265440539805
New Zealand,2009,0.03796039769297559,0.03962724408831404
New Zealand,2010,0.038359774808291565,0.040594603438426385
New Zealand,2011,0.037818554537800794,0.04002402532641217
New Zealand,2012,0.03918510157682511,0.042022403406260435
New Zealand,2013,0.04054889777765422,0.044015652584516826
New Zealand,2014,0.03941208873912611,0.042474636686316514
New Zealand,2015,0.038510334604544956,0.0413648696714536
New Zealand,2016,0.03756626408726668,0.040176582427740574
New Zealand,2017,0.03698881657579565,0.039667655462890826
New Zealand,2018,0.03638110126526442,0.039105815909073235
New Zealand,2019,0.03644536180455101,0.039224575357211314
New Zealand,2020,0.03644536180455101,0.039224575357211314
New Zealand,2021,0.03644536180455101,0.039224575357211314
New Zealand,2022,0.03644536180455101,0.039224575357211314
New Zealand,2023,0.03644536180455101,0.039224575357211314
New Zealand,2024,0.03644536180455101,0.039224575357211314
New Zealand,2025,0.03644536180455101,0.039224575357211314
Norway,1971,0.232698277169144,0.2276065415027776
Norway,1972,0.23270758845948036,0.2276328838094363
Norway,1973,0.23250383216924236,0.22741555929247148
Norway,1974,0.23229631421836566,0.2271910524330612
Norway,1975,0.2321357694511137,0.22702285409429399
Norway,1976,0.23225998216130728,0.22712120977952707
Norway,1977,0.23237955709825298,0.22721321453707682
Norway,1978,0.2325042410602643,0.22731155173650858
Norway,1979,0.23262924713590746,0.22740985494972557
Norway,1980,0.23268784246037855,0.22742176526932245
Norway,1981,0.23147977639809286,0.22631268772854976
Norway,1982,0.23039968340269673,0.22533453434796957
Norway,1983,0.22931471507049087,0.22435047896090343
Norway,1984,0.2282504867937666,0.22339046959252146
Norway,1985,0.22736581022213462,0.22262957722924342
Norway,1986,0.22683552432734266,0.2222514888302564
Norway,1987,0.2266762371399898,0.22229494215806542
Norway,1988,0.22670520130197666,0.22256308644556752
Norway,1989,0.22694079215407187,0.22307915101658465
Norway,1990,0.22750811232419604,0.2239914776062843
Norway,1991,0.22446966516228198,0.2211709576769125
Norway,1992,0.22341584427280364,0.22006349972267117
Norway,1993,0.22371454378545158,0.22030389849408843
Norway,1994,0.22446842604028866,0.22106587005947437
Norway,1995,0.22573389839225247,0.2223158940534519
Norway,1996,0.22723275912431562,0.22381523122658914
Norway,1997,0.22877833799042163,0.2253718243681949
Norway,1998,0.230318606442813,0.22692166052013577
Norway,1999,0.23185893995545143,0.22847053622995123
Norway,2000,0.23341701642673665,0.23004068398221234
Norway,2001,0.23439445070702622,0.23103820227530758
Norway,2002,0.23536115912167693,0.23202208098039673
Norway,2003,0.23617083065385944,0.23281965299884613
Norway,2004,0.2369193036349874,0.23354076119740905
Norway,2005,0.23789024497635042,0.23449158734348383
Norway,2006,0.23853795807055123,0.2351983068602818
Norway,2007,0.2391911185924668,0.23591178343890765
Norway,2008,0.23986360908056692,0.23664856172357518
Norway,2009,0.24061783457211627,0.23748125271537296
Norway,2010,0.2413989723144646,0.2383467874115765
Norway,2011,0.2421334394404296,0.23915367791402925
Norway,2012,0.24235555594519836,0.2395707305365761
Norway,2013,0.24259213937485496,0.23999892597772673
Norway,2014,0.24233411636637217,0.23993707217315258
Norway,2015,0.24224695086297593,0.24004602888466334
Norway,2016,0.24223403704314755,0.24023139334450597
Norway,2017,0.24198182992878797,0.24015687318912532
Norway,2018,0.2417278879910978,0.24008019226850277
Norway,2019,0.2413670629191912,0.23991746034948846
Norway,2020,0.2413670629191912,0.23991746034948846
Norway,2021,0.2413670629191912,0.23991746034948846
Norway,2022,0.2413670629191912,0.23991746034948846
Norway,2023,0.2413670629191912,0.23991746034948846
Norway,2024,0.2413670629191912,0.23991746034948846
Norway,2025,0.2413670629191912,0.23991746034948846
Paraguay,1971,0.06442070699402293,0.24111498225234546
Paraguay,1972,-0.004679342290538069,0.2452147777812549
Paraguay,1973,-0.13445501285013195,0.25252846457350586
Paraguay,1974,-0.3329117564642886,0.267231307397967
Paraguay,1975,-0.12324598224802573,0.28542530537884997
Paraguay,1976,0.1352229615653725,0.30753713262311877
Paraguay,1977,0.2687602840941317,0.3298590009361537
Paraguay,1978,0.7524482796687044,0.3535288871459709
Paraguay,1979,-0.13415677654187724,0.3717347009016524
Paraguay,1980,0.4629707477410995,0.4115198630619709
Paraguay,1981,0.2410513711149447,0.44473848356978773
Paraguay,1982,0.31051547434251464,0.4799119837702728
Paraguay,1983,0.4573744366857293,0.515409549565246
Paraguay,1984,-0.07609184031416909,0.5487638991625621
Paraguay,1985,0.42359670152299267,0.5983581364059423
Paraguay,1986,0.3026609218398204,0.6555466018636611
Paraguay,1987,1.0345068067250713,0.7443988709576773
Paraguay,1988,1.7435287369267567,0.8244890891519805
Paraguay,1989,9.752327243420876,0.8963880612308011
Paraguay,1990,6.15968024959364,0.9601967296271772
Paraguay,1991,0.8820850446020103,0.9300048336733553
Paraguay,1992,3.6675198349996854,0.9473457524247061
Paraguay,1993,3.0787225487830665,0.9274805145836136
Paraguay,1994,0.7112084446283813,0.8738643314407948
Paraguay,1995,0.31715419928816035,0.8314428744549395
Paraguay,1996,0.6472997581334595,0.7967100458247913
Paraguay,1997,0.5611751082017535,0.7614518864227435
Paraguay,1998,0.7796494305585241,0.7277450647881976
Paraguay,1999,0.2327360320931232,0.6901215721891643
Paraguay,2000,-0.525387494022655,0.6561910404836941
Paraguay,2001,-0.6890552195868906,0.6501156727631043
Paraguay,2002,0.21957914849422128,0.6505141111806853
Paraguay,2003,0.8899500914829424,0.6569882540599278
Paraguay,2004,2.2287048048044316,0.6635154585980729
Paraguay,2005,1.8648542009123417,0.6585056224255609
Paraguay,2006,3.546178073556124,0.6547524602902658
Paraguay,2007,5.3013836669759495,0.6501375631592836
Paraguay,2008,8.18323692430587,0.6477586140068817
Paraguay,2009,4.560745146467511,0.6415947448971985
Paraguay,2010,1.2383647145182208,0.6326598998697637
Paraguay,2011,0.13852381744844267,0.626385891386803
Paraguay,2012,2.8271477580519417,0.636122226208216
Paraguay,2013,5.716286904618817,0.646333264526564
Paraguay,2014,1.912120023811208,0.6429962148390478
Paraguay,2015,0.6718542292205467,0.6446950808155051
Paraguay,2016,0.8921426725192457,0.650359521197555
Paraguay,2017,1.0302711575025953,0.6523546886466676
Paraguay,2018,1.1761761193797047,0.6543726066724106
Paraguay,2019,1.0717120651768997,0.6549456870321078
Paraguay,2020,1.0717120651768997,0.6549456870321078
Paraguay,2021,1.0717120651768997,0.6549456870321078
Paraguay,2022,1.0717120651768997,0.6549456870321078
Paraguay,2023,1.0717120651768997,0.6549456870321078
Paraguay,2024,1.0717120651768997,0.6549456870321078
Paraguay,2025,1.0717120651768997,0.6549456870321078
Romania,1971,0.45742568656719,0.29680839248948904
Romania,1972,0.6276259539946868,0.2965100257533588
Romania,1973,0.3149165074035946,0.27670104210040547
Romania,1974,0.25096068499015345,0.26370329762504685
Romania,1975,0.21309726018360486,0.2515845095642353
Romania,1976,0.12293806446393953,0.23823959902085481
Romania,1977,0.10525912356399691,0.2278177498968868
Romania,1978,0.12479295407514612,0.21859247177984822
Romania,1979,0.047420313338470965,0.20668669176164692
Romania,1980,0.011120159251265206,0.20245784274467465
Romania,1981,0.007209999027307205,0.22076474507073646
Romania,1982,0.014539897698158024,0.24037316974690479
Romania,1983,0.02177231899215252,0.2599870047670559
Romania,1984,0.05292942815316449,0.2839968174833048
Romania,1985,0.13271308974015927,0.31560779345856393
Romania,1986,-0.09416205112542139,0.3517134511311699
Romania,1987,0.8052226687027452,0.4621922812650727
Romania,1988,1.2823383622574132,0.547461945289836
Romania,1989,6.340013801569009,0.7110908593682641
Romania,1990,15.158637060581437,0.8242899234204035
Romania,1991,1.251769286092315,0.8044700660991476
Romania,1992,1.455822429218928,0.9462018657258335
Romania,1993,1.6702873585381233,0.9677478383647956
Romania,1994,0.763968364905977,0.9071229804278329
Romania,1995,1.247418205133891,0.8849462275013003
Romania,1996,2.264245011553263,0.8740795985536337
Romania,1997,1.7994969967332224,0.8373598347717426
Romania,1998,1.0373213377604165,0.7917984113933687
Romania,1999,0.8435366981405541,0.7594603110032938
Romania,2000,0.611373940661739,0.7247809417479565
Romania,2001,0.26133977115844476,0.6936957543397377
Romania,2002,0.6032185733488049,0.6781589231257095
Romania,2003,0.83900615213965,0.6608371124750887
Romania,2004,2.139188581684696,0.6685956397610942
Romania,2005,3.4340613315825217,0.6622557981824346
Romania,2006,3.12343796826187,0.6363212812778424
Romania,2007,2.9295654443336607,0.6125885382588717
Romania,2008,2.7929135226324355,0.589572697133873
Romania,2009,2.287680920472196,0.5505835757659081
Romania,2010,1.6760092252335081,0.506173672186021
Romania,2011,0.8078258702965735,0.43883180846021386
Romania,2012,0.1571351373533112,0.37102108241718723
Romania,2013,-0.49131895359625233,0.3032827132486173
Romania,2014,-0.932727073377513,0.2670442456722053
Romania,2015,-1.1648876939697468,0.24238246307688954
Romania,2016,-0.6861833918018541,0.22726322992318154
Romania,2017,0.6122525183720264,0.2435400154204348
Romania,2018,2.3706987560905506,0.2608224187690473
Romania,2019,3.406463396308438,0.27251392014043924
Romania,2020,3.406463396308438,0.27251392014043924
Romania,2021,3.406463396308438,0.27251392014043924
Romania,2022,3.406463396308438,0.27251392014043924
Romania,2023,3.406463396308438,0.27251392014043924
Romania,2024,3.406463396308438,0.27251392014043924
Romania,2025,3.406463396308438,0.27251392014043924
Serbia,1971,0.2742687225063168,0.15287497361781704
Serbia,1972,0.2855667927683768,0.15137071427204063
Serbia,1973,0.29408181095528835,0.10540198506454401
Serbia,1974,0.3144903637330686,0.14397828303254065
Serbia,1975,0.32829424101429,0.11939159244841259
Serbia,1976,0.3428537922305244,0.08572420419881899
Serbia,1977,0.36039360165598333,0.07215667142569915
Serbia,1978,0.37791688604296303,0.05787584736727304
Serbia,1979,0.40032946531878166,0.08225392946416166
Serbia,1980,0.44900168730289025,0.2794081032438259
Serbia,1981,0.4777726610541066,0.19457757394474948
Serbia,1982,0.5766316548179001,0.19209085479583787
Serbia,1983,0.6762928979747551,0.19682256679621718
Serbia,1984,0.783044440104183,0.22238605411267426
Serbia,1985,0.902145999420706,0.2707790914984151
Serbia,1986,1.0672633245539556,0.44048465364838196
Serbia,1987,1.2998746859498234,0.8541831040140313
Serbia,1988,1.5358465416008829,1.1674598147050501
Serbia,1989,1.7844327593095426,1.46244116096651
Serbia,1990,2.099213256091215,2.2274485277252856
Serbia,1991,1.9908871057019324,1.77831140522055
Serbia,1992,1.93931512516793,1.0506662216273586
Serbia,1993,2.2464209825256978,0.9877642364280859
Serbia,1994,2.6389819920027096,0.7859295286158023
Serbia,1995,3.0969573845119722,0.7384084697624899
Serbia,1996,3.5805323838133702,0.7157039518709799
Serbia,1997,4.080018933825111,0.6420410396084786
Serbia,1998,4.585130858316094,0.5799326193987266
Serbia,1999,5.146193240015358,0.6366327533383549
Serbia,2000,5.7592510479825725,0.7903629479405255
Serbia,2001,5.618405369912196,0.8492736801083933
Serbia,2002,5.396369878140719,0.889522105176339
Serbia,2003,5.20362952446484,0.6810298205452459
Serbia,2004,5.064318226214034,0.5207761306791987
Serbia,2005,4.976229906058566,0.48918544600049346
Serbia,2006,4.918861210455289,0.5148634536894703
Serbia,2007,4.863199869196903,0.5410691855213764
Serbia,2008,4.809038664177333,0.5683648475115884
Serbia,2009,4.764666224743394,0.5584871618567919
Serbia,2010,4.732192707016746,0.6048546468220953
Serbia,2011,4.782565213517135,0.9140747429414722
Serbia,2012,4.889753722875572,1.2542388009235643
Serbia,2013,4.999458492273476,1.6046631710814325
Serbia,2014,4.9745290217830584,1.7209878315287708
Serbia,2015,4.929454851830629,1.7331777137165283
Serbia,2016,4.8860242456269924,1.7374330403272509
Serbia,2017,4.88168462323347,1.7506576780344612
Serbia,2018,4.877093039566361,1.7631845479826056
Serbia,2019,4.866679271369725,1.7281547579634788
Serbia,2020,4.866679271369725,1.7281547579634788
Serbia,2021,4.866679271369725,1.7281547579634788
Serbia,2022,4.866679271369725,1.7281547579634788
Serbia,2023,4.866679271369725,1.7281547579634788
Serbia,2024,4.866679271369725,1.7281547579634788
Serbia,2025,4.866679271369725,1.7281547579634788
Seychelles,1971,-1.6875091336643424,-1.47672779664294
Seychelles,1972,-1.6145212779618723,-1.1482476212694508
Seychelles,1973,-1.569219206254356,-1.0399223706244547
Seychelles,1974,-1.5441312852815123,-1.1267717530540988
Seychelles,1975,-1.5082161244689174,-1.0883344499920835
Seychelles,1976,-1.475176176977645,-1.056342010169693
Seychelles,1977,-1.4314523778387045,-0.8754001517138699
Seychelles,1978,-1.2480165068815845,-0.6699130826638426
Seychelles,1979,-1.01637853957252,-0.33347300818405223
Seychelles,1980,-0.8044296248154192,-0.0654305004171648
Seychelles,1981,-0.6404228111489567,0.1254811770904501
Seychelles,1982,-0.47991951663403065,0.2869492002012799
Seychelles,1983,-0.3190909220505356,0.45391592523010527
Seychelles,1984,-0.16560905398472459,0.597829088541276
Seychelles,1985,-0.03286886609693995,0.5820688008830268
Seychelles,1986,0.05552814960031549,0.23779598724126721
Seychelles,1987,0.14713940587341773,0.07174189246376171
Seychelles,1988,0.2595290101654462,0.17822099535766223
Seychelles,1989,0.37902981352552984,0.3627748377251828
Seychelles,1990,0.47092019129271695,0.14756579979263212
Seychelles,1991,0.9413752490235567,0.8173571101055873
Seychelles,1992,1.493554478614904,2.111174874513961
Seychelles,1993,1.6224774448495791,2.4291206272196684
Seychelles,1994,1.5353403646901014,2.0207765682367738
Seychelles,1995,1.4478293954259323,1.733556326978029
Seychelles,1996,1.361258710168757,1.4929167308255809
Seychelles,1997,1.286047700561423,1.4032204617447017
Seychelles,1998,1.2097802388425554,1.2978223037314414
Seychelles,1999,1.1303794432575214,1.1515543321178956
Seychelles,2000,1.0489538971949237,0.9740847645172924
Seychelles,2001,0.982542475629635,0.9830555855099767
Seychelles,2002,0.9221279043075531,1.07921307409604
Seychelles,2003,0.864942161152269,1.2571192831486329
Seychelles,2004,0.7775224733274118,1.1966355269832434
Seychelles,2005,0.6540035187256525,0.9210176897599119
Seychelles,2006,0.5392381925999004,0.7650063748706033
Seychelles,2007,0.42274436447534636,0.5832015578269345
Seychelles,2008,0.30731091191211957,0.4186218599802235
Seychelles,2009,0.1912569577033525,0.2482349229520069
Seychelles,2010,0.07381214512038459,0.05551220165109605
Seychelles,2011,-0.053933970103833495,-0.31039359502205177
Seychelles,2012,-0.18540128447663817,-0.775089092048696
Seychelles,2013,-0.3167662225138089,-1.238162747152923
Seychelles,2014,-0.41091777662069673,-1.5463651742739932
Seychelles,2015,-0.5012226245419542,-1.8437846215378206
Seychelles,2016,-0.5779985703843856,-2.0710773871949906
Seychelles,2017,-0.5769375375642812,-2.0242163397753763
Seychelles,2018,-0.5758762502915439,-1.9777912278086214
Seychelles,2019,-0.5715634602796255,-1.8938941854363036
Seychelles,2020,-0.5715634602796255,-1.8938941854363036
Seychelles,2021,-0.5715634602796255,-1.8938941854363036
Seychelles,2022,-0.5715634602796255,-1.8938941854363036
Seychelles,2023,-0.5715634602796255,-1.8938941854363036
Seychelles,2024,-0.5715634602796255,-1.8938941854363036
Seychelles,2025,-0.5715634602796255,-1.8938941854363036
United Arab Emirates,1972,-0.12595310272974658,-0.09833878829639137
United Arab Emirates,1973,-0.12589840734195315,-0.09822211940756129
United Arab Emirates,1974,-0.1260436812678115,-0.09844831271576723
United Arab Emirates,1975,-0.12616439877151228,-0.0986226766264813
United Arab Emirates,1976,-0.12627734216377873,-0.09877462214804802
United Arab Emirates,1977,-0.12637355219163598,-0.09888892010991529
United Arab Emirates,1978,-0.12648560356947497,-0.09903244554171305
United Arab Emirates,1979,-0.1266440465410028,-0.09926629064725156
United Arab Emirates,1980,-0.1268728985830504,-0.09962589820800118
United Arab Emirates,1981,-0.12674836377935514,-0.09931396099497998
United Arab Emirates,1982,-0.12663757800501357,-0.09902829052036162
United Arab Emirates,1983,-0.1265264339619999,-0.09874184783172288
United Arab Emirates,1984,-0.1265213172153489,-0.09864942488318834
United Arab Emirates,1985,-0.12708917099442313,-0.09901785279498497
United Arab Emirates,1986,-0.12804057198337146,-0.1000622263069938
United Arab Emirates,1987,-0.12907395703759333,-0.10122133505528366
United Arab Emirates,1988,-0.13045181178981613,-0.10297508337245886
United Arab Emirates,1989,-0.13185375461028948,-0.10474714861980247
United Arab Emirates,1990,-0.1332548035088142,-0.1064705018544328
United Arab Emirates,1991,-0.13218091619953728,-0.10431180620661396
United Arab Emirates,1992,-0.1316204185898676,-0.10283465049549964
United Arab Emirates,1993,-0.13180547754341415,-0.10250043414166896
United Arab Emirates,1994,-0.1317019571373264,-0.10155832354589174
United Arab Emirates,1995,-0.13233062702701276,-0.10113994056813808
United Arab Emirates,1996,-0.1331494595478824,-0.10101514281667913
United Arab Emirates,1997,-0.1339800030219357,-0.10090799991849088
United Arab Emirates,1998,-0.13480819706882446,-0.1007946965015396
United Arab Emirates,1999,-0.13581492958368963,-0.10096929084597264
United Arab Emirates,2000,-0.13683158112276692,-0.10115540099843856
United Arab Emirates,2001,-0.13822396720770586,-0.10193863662468333
United Arab Emirates,2002,-0.13961752825684848,-0.10272152676107357
United Arab Emirates,2003,-0.14073813940791027,-0.10310849718207851
United Arab Emirates,2004,-0.1419001169385183,-0.10356999891651453
United Arab Emirates,2005,-0.14220544161388116,-0.10383582716827773
United Arab Emirates,2006,-0.14254875454796706,-0.10417389969787662
United Arab Emirates,2007,-0.1428910960626537,-0.10450951747258003
United Arab Emirates,2008,-0.14318903402094835,-0.10478249443947377
United Arab Emirates,2009,-0.14350631024718846,-0.10509213751459556
United Arab Emirates,2010,-0.14384314528828485,-0.10544044895517386
United Arab Emirates,2011,-0.14421862804260585,-0.10585827829090376
United Arab Emirates,2012,-0.14418311636364586,-0.10586121385448594
United Arab Emirates,2013,-0.14414935404129,-0.1058669920733265
United Arab Emirates,2014,-0.14436976139682708,-0.10630187311454749
United Arab Emirates,2015,-0.1445466536455815,-0.10664608476789492
United Arab Emirates,2016,-0.1447309052824584,-0.10700480400669148
United Arab Emirates,2017,-0.14483207445783694,-0.1071864692815105
United Arab Emirates,2018,-0.14494480319140995,-0.10737719905163119
United Arab Emirates,2019,-0.14499777563300326,-0.1074785296631415
United Arab Emirates,2020,-0.14499777563300326,-0.1074785296631415
United Arab Emirates,2021,-0.14499777563300326,-0.1074785296631415
United Arab Emirates,2022,-0.14499777563300326,-0.1074785296631415
United Arab Emirates,2023,-0.14499777563300326,-0.1074785296631415
United Arab Emirates,2024,-0.14499777563300326,-0.1074785296631415
United Arab Emirates,2025,-0.14499777563300326,-0.1074785296631415
Hungary,1971,0.2452364587656975,0.6454382142736316
Hungary,1972,0.21828846647352346,0.6473752195431041
Hungary,1973,0.16840983941715212,0.6502273270199528
Hungary,1974,0.34715704565646854,0.6551807018791262
Hungary,1975,0.1930029471723283,0.6594969835630833
Hungary,1976,0.2213194452947886,0.6649381301546669
Hungary,1977,0.38208368246609326,0.6710138579357818
Hungary,1978,0.5180848422821572,0.6770395672671645
Hungary,1979,0.540169654520433,0.6828768680670565
Hungary,1980,0.9944165685463496,0.690502840121733
Hungary,1981,0.41393413064121853,0.6921298742221812
Hungary,1982,0.40138821539388053,0.6951687700745561
Hungary,1983,0.41617342963261084,0.698274325611589
Hungary,1984,0.7431673940782481,0.7026719060128646
Hungary,1985,2.037777839647944,0.7092314325647147
Hungary,1986,1.4312730821862136,0.70569619718168
Hungary,1987,3.148290078418844,0.6985213911538874
Hungary,1988,8.071189676695854,0.6847577111672498
Hungary,1989,14.626522747321312,0.664528072808938
Hungary,1990,11.05161677723332,0.6412772382714618
Hungary,1991,0.24529846160574278,0.5975279262856631
Hungary,1992,0.03367974951318513,0.5715322757115285
Hungary,1993,0.15980593072268234,0.562361663194767
Hungary,1994,0.26722305140795116,0.5587382069664983
Hungary,1995,0.1545328159987231,0.5559951173097121
Hungary,1996,0.32633478913935676,0.5546472464953678
Hungary,1997,0.14741740441700968,0.5527685066423269
Hungary,1998,0.22164121187707325,0.5515714244448324
Hungary,1999,-0.01927131658447198,0.5502684871194632
Hungary,2000,0.1660196663173163,0.5508893761968764
Hungary,2001,0.279460343790094,0.5545333400310042
Hungary,2002,0.3821209417649813,0.5582894045056234
Hungary,2003,-0.30971179802371623,0.5606338747604125
Hungary,2004,-1.2670827088902823,0.5640626100461852
Hungary,2005,-1.754138786576093,0.5705567928262257
Hungary,2006,-3.1596631275216636,0.577203425356763
Hungary,2007,-4.667510193006745,0.5838655139798663
Hungary,2008,-6.070703363605986,0.591073149622582
Hungary,2009,-8.48765324593502,0.5998867061827471
Hungary,2010,-11.886757351395868,0.6080105647803365
Hungary,2011,-7.516681088816471,0.6183138568579648
Hungary,2012,-2.560740221805495,0.6331524734020277
Hungary,2013,2.4450957501152715,0.6480995345999986
Hungary,2014,4.069095721558748,0.65593671389288
Hungary,2015,4.154389042358299,0.6612949593459151
Hungary,2016,3.5346401312481754,0.6655546669859725
Hungary,2017,4.342295984716441,0.6670726043968166
Hungary,2018,5.100643990790454,0.6685342775710014
Hungary,2019,4.703823339485379,0.6691478442603179
Hungary,2020,4.703823339485379,0.6691478442603179
Hungary,2021,4.703823339485379,0.6691478442603179
Hungary,2022,4.703823339485379,0.6691478442603179
Hungary,2023,4.703823339485379,0.6691478442603179
Hungary,2024,4.703823339485379,0.6691478442603179
Hungary,2025,4.703823339485379,0.6691478442603179
