country_text_id,year,netdep_tv,netdep_signed,country_name,contagion_score
AFG,1990,0.01662292687651784,0.010493669732793531,Afghanistan,0.233013164073387
ALB,1990,0.036905469969374584,0.03698257776863212,Albania,0.2100579327645341
ARE,1990,0.09106654469826303,-0.08299696485132557,United Arab Emirates,0.2248136486869469
ARG,1990,0.029282234445062973,0.020950984455845867,Argentina,0.2546870313886784
AUS,1990,0.0019870181507674785,-0.0021434524428549998,Australia,0.1064770304335613
BDI,1990,0.034237287291610005,0.00529620010907994,Burundi,0.3196478151705819
BEL,1990,0.002352031441336502,-0.0026399741067189997,Belgium,0.1442355695398252
BEN,1990,0.19133289304899997,0.2049789389519998,Benin,0.4928327191383437
BFA,1990,0.1618061242845,-0.1533200041499998,Burkina Faso,0.4274879138444379
BGD,1990,0.048581593394575996,-0.03027150906399978,Bangladesh,0.2231998652897454
BGR,1990,0.3270703247499999,0.5408713114999999,Bulgaria,0.4262018188861384
BHR,1990,0.031217278877805454,-0.024463440011911253,Bahrain,0.2223539291672043
BOL,1990,0.024531554389979934,0.024473417929359975,Bolivia,0.2387896758401618
BRA,1990,0.01717660055376001,0.008065750422625917,Brazil,0.2314961248200677
BTN,1990,0.0790609687613,0.022609245439399572,Bhutan,0.4234031082434419
BWA,1990,0.330458246085,0.1911014782,Botswana,0.4271978166592201
CAF,1990,0.095432433036322,0.09545673057000048,Central African Republic,0.2498734965476731
CAN,1990,0.003220191566185003,-0.0037640950728099996,Canada,0.1516434637362509
CHE,1990,0.0009629604852394965,-0.003813058507505,Switzerland,0.1076971952608948
CHL,1990,0.05895029316222,0.027121977802240127,Chile,0.3170733728963716
CIV,1990,0.07349634898278,-0.018689858828000006,Ivory Coast,0.2672020190942527
CMR,1990,0.04304939304977201,0.047621271825999845,Cameroon,0.2574216053936939
COD,1990,0.05009901462673478,0.040008275462060094,Democratic Republic of the Congo,0.2147473709631627
COL,1990,0.23319149448599996,0.23122684475999966,Colombia,0.2517511677906331
CRI,1990,0.026973622007264997,-0.027434808720719905,Costa Rica,0.243812187849678
CYP,1990,0.24241236549999998,0.33004977267000013,Cyprus,0.3495772915643906
DEU,1990,0.0038251723029780102,-0.0039007543555479997,Germany,0.1219825138942322
DJI,1990,0.039475639093022964,-0.0017865700782477845,Djibouti,0.2350369040449921
DNK,1990,0.00037470476400292484,-0.0004433981995474,Denmark,0.1028392399519808
ECU,1990,0.045955993565453,-0.041535518961623774,Ecuador,0.2356816333922789
EGY,1990,0.15156945335033506,0.1194314588590002,Egypt,0.2423782723505556
ESP,1990,0.054384480847513524,-0.054942294263051,Spain,0.160059806881892
ETH,1990,0.07447120728003913,0.07779388107898688,Ethiopia,0.2066836881988155
FIN,1990,0.0047803185959290045,-0.005117960582424,Finland,0.1364872439904485
FJI,1990,0.07511656416250002,0.016587449619999806,Fiji,0.4931188475481459
FRA,1990,0.02443603686206003,-0.026866713260959997,France,0.1693567396717603
GAB,1990,0.02275870363549702,-0.007409817097999927,Gabon,0.293820349218982
GBR,1990,0.0032329131778850067,-0.00420889004561,United Kingdom,0.1633187126944112
GHA,1990,0.021074779265249997,-0.032490670243999986,Ghana,0.3725036763392214
GIN,1990,0.021423233676980534,0.012673986848890983,Guinea,0.2321729528005889
GMB,1990,0.09375290154999998,0.047452738047999654,The Gambia,0.3402724859975006
GNB,1990,0.02832395572625799,-0.002617614659315759,Guinea-Bissau,0.260120508411164
GNQ,1990,0.05632052942440961,-0.049303623214514314,Equatorial Guinea,0.2311888963302855
GRC,1990,0.40023513347687,-0.41062918012692,Greece,0.1953263318576208
GTM,1990,0.07386381674407248,0.05136982698650017,Guatemala,0.2242514741689811
GUY,1990,0.08188319396285,-0.0022809059640003237,Guyana,0.5010480547396883
HTI,1990,0.03940533903176252,-0.02325865234519986,Haiti,0.2155823724857221
HUN,1990,0.07428859024609998,-0.07624990827659998,Hungary,0.203374146515314
IDN,1990,0.04382773712027548,0.015375144298970245,Indonesia,0.2575637730276043
IND,1990,0.04099672355275001,0.07593497668699989,India,0.3115153804942486
IRL,1990,0.01428015272475503,-0.01564996218593,Ireland,0.1634018253400492
IRN,1990,0.12732521864823598,-0.10796648833060196,Iran,0.2613795886194897
IRQ,1990,0.5348821071810687,0.535969024459646,Iraq,0.1587802854176188
ISL,1990,0.006802090624368001,-0.008352300059508,Iceland,0.1643691682442812
ISR,1990,0.13467335107955006,-0.1456876525793,Israel,0.2414007480634307
ITA,1990,0.004372050006864987,-0.004866041519790001,Italy,0.135688703082014
JAM,1990,0.17434544851050002,0.05360266011199988,Jamaica,0.3437356892585744
JOR,1990,0.10843782977500002,-0.12306137138999951,Jordan,0.4108775360939531
JPN,1990,0.017880686036377002,-0.020104169966262003,Japan,0.1821485970005524
KEN,1990,0.08062235032788002,-0.07818832994999969,Kenya,0.297330137700777
KHM,1990,0.24122428641057736,0.24790798315453388,Cambodia,0.2002745342425052
KOR,1990,0.10605693267,0.1505464986399998,South Korea,0.514519858194047
LAO,1990,0.11796859891996316,0.1181938155103186,Laos,0.1612361417390981
LBN,1990,0.029481448985400005,0.006513387034000173,Lebanon,0.2761544122629831
LBR,1990,0.22535938237861997,-0.22219752296199902,Liberia,0.2049224996809577
LKA,1990,0.11435907835604996,0.0565951289619997,Sri Lanka,0.4123846422514995
LSO,1990,0.242114475015,-0.20034738803999996,Lesotho,0.4433817413781605
LUX,1990,0.0012041279871050086,-0.0017523170926300002,Luxembourg,0.15919391758024
MAR,1990,0.13138598921788505,0.09299249193239989,Morocco,0.2668435165918653
MDV,1990,0.11038895179547864,-0.10089959117403824,Maldives,0.246446994626635
MEX,1990,0.04925841031721299,0.01962213568359994,Mexico,0.2838890356479993
MLI,1990,0.065529986951125,-0.057006506280000036,Mali,0.2599404283577971
MMR,1990,0.010910194981111423,-0.005298178500413364,Burma/Myanmar,0.2014000926546658
MNG,1990,0.06932635061499998,-0.047066196799999904,Mongolia,0.585523699010989
MOZ,1990,0.06749501324204,0.0069429090530999105,Mozambique,0.3022942144050713
MUS,1990,0.10246094122554997,-0.006554510256099988,Mauritius,0.3339728119191755
MWI,1990,0.20972122428433798,0.2100047554422355,Malawi,0.191067728294673
MYS,1990,0.011666092628000028,-0.009952220369999765,Malaysia,0.4431794619528573
NAM,1990,0.05036264538714996,-0.03643137540720032,Namibia,0.3507713821686331
NER,1990,0.12044000258499998,-0.05583755386799982,Niger,0.4176783365232872
NGA,1990,0.05267758337616997,-0.005630662119759933,Nigeria,0.2484924813974233
NIC,1990,0.06770850477323295,-0.057980687063863945,Nicaragua,0.2392687332291194
NLD,1990,0.0015207342109784768,-0.001767667521421,Netherlands,0.1325762001472578
NOR,1990,0.0007815456952640012,-0.000956060868564,Norway,0.134644995549128
NPL,1990,0.02082574505988695,-0.005944372884400195,Nepal,0.2915832449200136
NZL,1990,0.002062356131110038,-0.0025822272107600005,New Zealand,0.151601669615456
PAK,1990,0.04296258621826001,0.02330716178120018,Pakistan,0.2854888969533403
PHL,1990,0.014907496277349984,-0.009154783508799946,Philippines,0.2377364294751379
PNG,1990,0.24459495225495004,0.2564190841064,Papua New Guinea,0.3016699464634454
POL,1990,0.3057477005555,-0.316520579398,Poland,0.2328266231793071
PRK,1990,0.0037148586747164924,0.0037150703683539454,North Korea,0.1192459082982311
PRT,1990,0.15837096619356003,-0.16021542199386,Portugal,0.1416617729493987
PRY,1990,0.07135359413439252,0.06289711131123998,Paraguay,0.2152805873557686
ROU,1990,0.09896353392199998,0.09368280830000009,Romania,0.5156541799162995
RUS,1990,0.15944132338287498,0.22076798189724967,Russia,0.3144602827716222
RWA,1990,0.101411105357022,-0.05922840134544005,Rwanda,0.2942503527684134
SDN,1990,0.006984618296783304,9.232879692921969e-05,Sudan,0.1878896556114664
SEN,1990,0.16123682217259996,0.16078084776519974,Senegal,0.3009721039682544
SLE,1990,0.0532174019102775,0.05141305336000013,Sierra Leone,0.2192646547676198
SOM,1990,0.0546849467301606,0.05651438631984673,Somalia,0.165334462201314
SRB,1990,0.208879169045175,-0.05891506966030002,Serbia,0.3038792327542309
SWE,1990,0.0010998223795114117,-0.0011928142109686997,Sweden,0.1185035537131995
SWZ,1990,0.02442066671988998,-0.01204150073833965,Eswatini,0.2492883108482884
SYC,1990,0.06951062000730997,-0.05235990406582003,Seychelles,0.3037890519872745
SYR,1990,0.22783388226083467,0.22802095403827316,Syria,0.1461158722862435
TCD,1990,0.05148171237917733,0.04718279087932986,Chad,0.2272645323654424
TGO,1990,0.07981407734746665,-0.04277962526591006,Togo,0.2377997971616973
THA,1990,0.03904529218600001,0.0022835323440000277,Thailand,0.2867579946393954
TTO,1990,0.049506505101300016,-0.08531910459680003,Trinidad and Tobago,0.3126719462700889
TUN,1990,0.08263727389304495,0.05741597446404967,Tunisia,0.2472621989100077
TUR,1990,0.064829033795,0.030268044280000295,Türkiye,0.6694875653848222
TWN,1990,0.14692813544999997,0.00694323280000031,Taiwan,0.6908228224134466
TZA,1990,0.20934787889699996,-0.19033885080000035,Tanzania,0.5333372635622272
UGA,1990,0.12891890208665,-0.11806377948000035,Uganda,0.386185520753286
URY,1990,0.025637122341949984,-0.06840250710620001,Uruguay,0.2255959463133904
USA,1990,0.031640495985875,-0.03186448750604999,United States of America,0.1071019866110994
VEN,1990,0.014328042538086531,-0.0026859955973621563,Venezuela,0.2532295178340857
VNM,1990,0.111040889966103,0.11353371272218382,Vietnam,0.2216966188324154
YEM,1990,0.132267065287825,0.13168493368900025,Yemen,0.2008094883585573
ZAF,1990,0.08528181494414999,-0.08209732577999995,South Africa,0.2344149536794744
ZMB,1990,0.17475751339164997,0.020659306829999835,Zambia,0.3979397260215412
ZWE,1990,0.112193678162,-0.09236814068000054,Zimbabwe,0.407064326846609
AFG,1991,0.015055819247491456,0.010452685396016292,Afghanistan,0.2275000678267811
ALB,1991,0.024932113973500057,0.0019590667000000117,Albania,0.5079610141120696
ARE,1991,0.10333576331743798,-0.09599352523161553,United Arab Emirates,0.2286513562885603
ARG,1991,0.022765200836453493,0.01697643108396507,Argentina,0.2592674803733943
ARM,1991,0.1265257933915,0.11503734491999995,Armenia,0.7322857465253565
AUS,1991,0.0018605550524739853,-0.002012430865384,Australia,0.1108880688784758
AZE,1991,0.18648078216423253,0.09254173261990006,Azerbaijan,0.3168733905587058
BDI,1991,0.03113902592186501,-0.0018763694469998704,Burundi,0.3044524729111009
BEL,1991,0.0024549101472009956,-0.002730211856006,Belgium,0.1423362692419428
BEN,1991,0.020275707951529973,-0.009482484685739978,Benin,0.2205045159708405
BFA,1991,0.291800269271,-0.22377561346800023,Burkina Faso,0.3597266991976819
BGD,1991,0.143152255303495,0.13682382421899986,Bangladesh,0.2329137461838234
BGR,1991,0.12826756539999992,0.23110998965999963,Bulgaria,0.3591539213879907
BHR,1991,0.03123357265452247,-0.025499409025300235,Bahrain,0.2314673020929961
BLR,1991,0.10590792417999996,-0.026539140800000194,Belarus,0.6193066939475967
BOL,1991,0.10971741077113244,-0.10622009370106,Bolivia,0.2572057294124514
BRA,1991,0.021795804652197028,0.013122217010738124,Brazil,0.2419634078967579
BTN,1991,0.09025873688350004,0.031153299546999857,Bhutan,0.4300836972535643
BWA,1991,0.309858669813,0.22063752331599984,Botswana,0.4151938334382052
CAF,1991,0.09784453330104004,-0.09095648659400002,Central African Republic,0.2243083079757849
CAN,1991,0.003254601836794993,-0.0037857727183700004,Canada,0.1507948906058125
CHE,1991,0.0004556159254615062,-0.001762192924203,Switzerland,0.1214789178139876
CHL,1991,0.06797452882712501,0.05264557069747011,Chile,0.3106452612624459
CIV,1991,0.07514879180736,-0.022411117967199523,Ivory Coast,0.2455270837969836
CMR,1991,0.017538428906220496,-0.006622558256000222,Cameroon,0.2360518496903066
COD,1991,0.088826495988826,0.0823684480810396,Democratic Republic of the Congo,0.201117199435602
COL,1991,0.041067902608438,-0.02475035349050403,Colombia,0.2611431907686373
CRI,1991,0.024506528065344986,-0.024997583470610096,Costa Rica,0.2484365385679413
CYP,1991,0.23544822123,0.29461161849999984,Cyprus,0.3339177824750611
DEU,1991,0.003476918835952026,-0.003547900592002,Germany,0.1171269594311759
DJI,1991,0.0370130544586359,0.0011919667894426667,Djibouti,0.2225195037028436
DNK,1991,0.00036152471703666816,-0.0004263877316099,Denmark,0.1009492471689088
ECU,1991,0.05172727195953899,-0.046340823429012135,Ecuador,0.2536038313308828
EGY,1991,0.17077982981670503,0.144988781191,Egypt,0.2480300706911384
ESP,1991,0.05266433072281851,-0.053212140994111,Spain,0.1606793580107763
ETH,1991,0.06526782137295502,0.06000795144600035,Ethiopia,0.2678412131954862
FIN,1991,0.006080013738274984,-0.00634694071419,Finland,0.1309030598813428
FJI,1991,0.0867516325795,0.14402274311999985,Fiji,0.5299375060780965
FRA,1991,0.024351859915775,-0.026716243947649994,France,0.1667142171313252
GAB,1991,0.04502194889990997,0.034981177913999906,Gabon,0.2026742732218597
GBR,1991,0.003229198470520022,-0.00420416445632,United Kingdom,0.1627068230784154
GEO,1991,0.31305278036664,0.31751342454,Georgia,0.353721039812587
GHA,1991,0.07611294924099998,-0.0838028208599999,Ghana,0.3789362028983871
GIN,1991,0.039609690366508965,0.03525067254239955,Guinea,0.2399162340896258
GMB,1991,0.0981651229105,0.05515507799600017,The Gambia,0.3308368115219507
GNB,1991,0.03420327617720153,0.004401141250049978,Guinea-Bissau,0.2702666298949863
GNQ,1991,0.053849566389223794,-0.047697298761035345,Equatorial Guinea,0.2173503428301449
GRC,1991,0.4228290177683099,-0.43423442126556,Greece,0.1887507791007677
GTM,1991,0.07099267655329346,0.04516214823467979,Guatemala,0.2417569503721279
GUY,1991,0.06952575550639997,-0.003852026184000046,Guyana,0.5092865343900576
HTI,1991,0.027951738445374453,0.00949661278795988,Haiti,0.2164706673248495
HUN,1991,0.0612909578606,-0.06292543048699999,Hungary,0.2071982284461751
IDN,1991,0.04905362628673402,0.01663896289529987,Indonesia,0.2610443408477621
IND,1991,0.03992147057490006,0.07052036287880026,India,0.3106704156247118
IRL,1991,0.015530398933130006,-0.016528972618579996,Ireland,0.1494916910595173
IRN,1991,0.130458447347565,-0.10890467110555502,Iran,0.2696945650858464
IRQ,1991,0.5188208814783166,0.5204023685260499,Iraq,0.1719578569104462
ISL,1991,0.007377677069224973,-0.008981716824150002,Iceland,0.164001193502819
ISR,1991,0.142873854790635,-0.15389934008890999,Israel,0.227300740535203
ITA,1991,0.006821897074625007,-0.007224794005849999,Italy,0.1382820134100214
JAM,1991,0.2386031965922,0.06361974819040006,Jamaica,0.3457267497541189
JOR,1991,0.08829212711499997,-0.1043054763599991,Jordan,0.4231640205915582
JPN,1991,0.016338885351620036,-0.01844321748422,Japan,0.1807884101473656
KAZ,1991,0.4110308227194,0.27788984445399967,Kazakhstan,0.3704393055258219
KEN,1991,0.10179640610029002,-0.0962746698600001,Kenya,0.2877964470477359
KGZ,1991,0.27662430346475,0.056451680168499774,Kyrgyzstan,0.3893377407906033
KHM,1991,0.20775861545093577,0.21568715384233617,Cambodia,0.2051835517407383
KOR,1991,0.08534516431,0.11876577582000025,South Korea,0.4935965539499816
LAO,1991,0.07870742317433281,0.07880852112685988,Laos,0.1562204455300269
LBN,1991,0.02886484085170002,0.0034436447280004057,Lebanon,0.292072511692837
LBR,1991,0.12315641142895001,-0.09151687954400023,Liberia,0.2713029230668069
LKA,1991,0.10363747359500002,0.04660355974599972,Sri Lanka,0.4291384400921583
LSO,1991,0.28600143778500003,-0.24563820605999975,Lesotho,0.4463716396409749
LTU,1991,0.14120751253079997,-0.1521724457818,Lithuania,0.2383778010039615
LUX,1991,0.0010074303071285033,-0.0015378291035710002,Luxembourg,0.1609706514254621
LVA,1991,0.012398508469999975,0.00909811234000013,Latvia,0.3706582913632391
MAR,1991,0.13392353328981502,0.09595493838959968,Morocco,0.2723193516288236
MDA,1991,0.10726964898800001,0.08964989892000008,Moldova,0.5372362201274488
MDV,1991,0.10252309970739479,-0.09558909136244687,Maldives,0.2397173522831436
MEX,1991,0.056007494371785004,0.028177624403200152,Mexico,0.305897062364459
MLI,1991,0.082795059364175,-0.06803959726319997,Mali,0.2668935325680123
MMR,1991,0.010250099618560722,-0.00558142742153267,Burma/Myanmar,0.2109091177819794
MNG,1991,0.075129637665,0.08094087647999992,Mongolia,0.5268759590207781
MOZ,1991,0.14328574373014993,0.11939383885499977,Mozambique,0.3278162303394465
MUS,1991,0.11098922980280003,0.06395890015419992,Mauritius,0.354475694903014
MWI,1991,0.2064280355474622,0.2067234713969257,Malawi,0.1939043797600315
MYS,1991,0.036067332012499995,0.04368277359999917,Malaysia,0.437411617768321
NAM,1991,0.0776127795675,-0.049865988689999696,Namibia,0.3210222855970613
NER,1991,0.10028199474350001,-0.02548210687199992,Niger,0.4457673677210421
NGA,1991,0.054014514539825,-0.007930848771999788,Nigeria,0.252271423420188
NIC,1991,0.07727335638462048,-0.06417939599596423,Nicaragua,0.2436705860504607
NLD,1991,0.0015101973729940482,-0.001748412712764,Netherlands,0.1311505804775145
NOR,1991,0.0007686410795741191,-0.0009372896548348999,Norway,0.1319990048555471
NPL,1991,0.19863483723185002,0.19695771515240024,Nepal,0.3015473473135295
NZL,1991,0.0022169551507485166,-0.0027540299483909997,New Zealand,0.1515327534069478
PAK,1991,0.039201230364514984,0.01979477393959983,Pakistan,0.2913155669977418
PHL,1991,0.01602050279993099,-0.00909268131444807,Philippines,0.2341952281692356
PNG,1991,0.2538822191599,0.26612617979279984,Papua New Guinea,0.3150829897732277
POL,1991,0.37776115057967496,-0.38332899957775,Poland,0.1888332927383571
PRK,1991,0.003812484103436765,0.0038135923824564877,North Korea,0.1132719051571617
PRT,1991,0.17203149443654805,-0.17385252545568802,Portugal,0.1381503933612609
PRY,1991,0.10598943257253503,0.0976695867494799,Paraguay,0.2379680559894573
ROU,1991,0.139572407085,0.1353154752200001,Romania,0.4768589041790919
RUS,1991,0.4473349332038001,0.42165768892000033,Russia,0.3720407769127132
RWA,1991,0.13720613635057502,0.09923471581400056,Rwanda,0.3309252936036075
SDN,1991,0.007206861866789945,0.0007038442943838596,Sudan,0.1876895582026272
SEN,1991,0.050036808346349944,0.05105360178120022,Senegal,0.2795504228749542
SLE,1991,0.08651713547911853,0.08242346968160019,Sierra Leone,0.2023386460686444
SOM,1991,0.046798503366301515,0.04611230805764999,Somalia,0.1871204085422351
SRB,1991,0.1929496718202,0.03741390263370015,Serbia,0.3066771718744682
SWE,1991,0.001308329390265737,-0.0014003062911945002,Sweden,0.11796191553907
SWZ,1991,0.03397181130725504,-0.021294988555509597,Eswatini,0.2511183575978621
SYC,1991,0.27932754454385,-0.26472388681839965,Seychelles,0.3350752291675483
SYR,1991,0.22481460364866368,0.22498168892783887,Syria,0.1501752819323017
TCD,1991,0.0009329732259750356,-0.00048540603400004656,Chad,0.2228113048982002
TGO,1991,0.18838253451093995,0.18184371524999987,Togo,0.2767790433970065
THA,1991,0.053870379004149996,-0.047388725303999735,Thailand,0.2981252117590489
TJK,1991,0.43773299001532195,0.43219486922600003,Tajikistan,0.3391581737282721
TKM,1991,0.032805795319782054,0.032818965848362414,Turkmenistan,0.1748581735937176
TTO,1991,0.09268621947725002,-0.13960926184569994,Trinidad and Tobago,0.310143823163943
TUN,1991,0.11368908192717501,0.020981304989200034,Tunisia,0.2543445832362528
TUR,1991,0.076833938845,0.041430130120000186,Türkiye,0.6489034620601613
TWN,1991,0.1580518002,0.05406723339999986,Taiwan,0.6875548731927251
TZA,1991,0.16265380659999998,-0.12050467819999966,Tanzania,0.5803299399420974
UGA,1991,0.09721232712640002,-0.0801439396960002,Uganda,0.3658312060301961
UKR,1991,0.2238498753499999,0.07804514300000065,Ukraine,0.6804966059194719
URY,1991,0.023518186488599976,-0.061426461236600005,Uruguay,0.2294193762575727
USA,1991,0.030337101762015015,-0.03056109127887001,United States of America,0.1070051045267886
UZB,1991,0.2007630197568353,0.20318391282910175,Uzbekistan,0.2365506448023136
VEN,1991,0.013668321942245395,-0.002115457240882579,Venezuela,0.271756790875237
VNM,1991,0.10113736848174851,0.10349941875900326,Vietnam,0.2258978941143753
YEM,1991,0.019500703373489987,-0.018426188164000212,Yemen,0.1932373951550499
ZAF,1991,0.06285942230170997,-0.0591066302119998,South Africa,0.2269252217923452
ZMB,1991,0.08674913241925,0.009281429623999804,Zambia,0.3862290798158764
ZWE,1991,0.09655918719079995,-0.06910366184000027,Zimbabwe,0.3989165912586305
AFG,1992,0.04127565228329723,0.040509313457913976,Afghanistan,0.1981271552953565
ALB,1992,0.17265514905225,0.17091019077400005,Albania,0.3736719861038853
ARE,1992,0.10722428353665694,-0.099698730441514,United Arab Emirates,0.2327086992107084
ARG,1992,0.02357202030686453,0.019353337606654142,Argentina,0.2618086015025126
ARM,1992,0.11461175858499996,0.07428995691999996,Armenia,0.6337955384724306
AUS,1992,0.0018474431050325168,-0.0019886241722550002,Australia,0.1189879967401461
AZE,1992,0.1988850140935,0.20470722765000016,Azerbaijan,0.4057380121614158
BDI,1992,0.05973246344299994,-0.06269122962999951,Burundi,0.3755373665905491
BEL,1992,0.002373241099505028,-0.00259588380288,Belgium,0.1439275739598532
BEN,1992,0.010999040249687956,-0.004465794283433855,Benin,0.1993010576816131
BFA,1992,0.16797833866599998,0.13592891071599977,Burkina Faso,0.2522121148989798
BGD,1992,0.16804834449823502,0.16395712229696024,Bangladesh,0.2316379337231882
BGR,1992,0.06801404716749997,0.0439929366009999,Bulgaria,0.3175669614294812
BHR,1992,0.03402988819412305,-0.0255031493884057,Bahrain,0.2214311544349158
BLR,1992,0.167813703,0.12843300969999993,Belarus,0.6257991088706083
BOL,1992,0.14196818818631501,-0.13785933656422,Bolivia,0.2625216676879623
BRA,1992,0.01322569368612103,0.007657015821981972,Brazil,0.2420019757315368
BTN,1992,0.10107510148470002,0.04628556554360008,Bhutan,0.4452243772303161
BWA,1992,0.33888503291000005,0.27085560386000007,Botswana,0.4245044926412434
CAF,1992,0.06345002583736649,-0.020274967655599774,Central African Republic,0.1939614926411854
CAN,1992,0.0035184331404729896,-0.004034786081838001,Canada,0.1588321923159558
CHE,1992,0.0012601059457005058,-0.005003251545978,Switzerland,0.1166431546710378
CHL,1992,0.07531367952323999,0.06443108581189994,Chile,0.3061962178572159
CIV,1992,0.07322183613842505,-0.01216644663839972,Ivory Coast,0.2582230097789009
CMR,1992,0.021467607638998003,0.001233557038879951,Cameroon,0.1930337159859759
COD,1992,0.060405250218010915,0.057725784863150054,Democratic Republic of the Congo,0.197183447482803
COL,1992,0.04019342323924803,-0.016548220159083638,Colombia,0.2865646497347449
CRI,1992,0.0025617746412000307,0.0015875392200100924,Costa Rica,0.2509427770834799
CYP,1992,0.29495709275000004,0.3173076154200001,Cyprus,0.3551983849705969
DEU,1992,0.003769283454447758,-0.0038363995368864996,Germany,0.1206546733754279
DJI,1992,0.06561068959050474,0.02880220135117062,Djibouti,0.2315989130077873
DNK,1992,0.000310511481234249,-0.00037914458425520003,Denmark,0.0979032290822651
ECU,1992,0.042809739138681295,-0.03851117147435046,Ecuador,0.2564308275003613
EGY,1992,0.17521450805517,0.15202706103000008,Egypt,0.2475540673965324
ESP,1992,0.051651147289905,-0.052188937258030005,Spain,0.1668213323381499
ETH,1992,0.00861114395614997,-0.010137232016000475,Ethiopia,0.28219668536801
FIN,1992,0.005951636777471531,-0.006170269373969,Finland,0.1364160048847447
FJI,1992,0.03994730792900001,-0.005935528903999732,Fiji,0.5769086426588405
FRA,1992,0.024169251790664967,-0.026270087602990003,France,0.170685748415137
GAB,1992,0.06625623359756,0.058529443759680166,Gabon,0.2129140855471162
GBR,1992,0.0033506616048799872,-0.004320640649279999,United Kingdom,0.1717853741927371
GEO,1992,0.03510939397436502,0.045536066599999536,Georgia,0.2926535709811542
GHA,1992,0.23119484143680005,-0.1976895331599997,Ghana,0.3933441098879864
GIN,1992,0.007875819339500037,0.004800249558999603,Guinea,0.2505859908625414
GMB,1992,0.09697169828829998,0.05343044316159995,The Gambia,0.3202069965168149
GNB,1992,0.045816901651037,0.026833303709499656,Guinea-Bissau,0.278719618512696
GNQ,1992,0.05431838633439141,-0.04745246145547988,Equatorial Guinea,0.2251770475652934
GRC,1992,0.454800182938025,-0.46308672301264997,Greece,0.2173747504653635
GTM,1992,0.06486745759442802,0.03949061019444011,Guatemala,0.2484279862656754
GUY,1992,0.07669934264449996,0.04063982436400004,Guyana,0.4594149844419968
HRV,1992,0.033737911880849965,-0.0057001544799999415,Croatia,0.3869961141815092
HTI,1992,0.09220251237246498,-0.08903988866279988,Haiti,0.2612906593015183
HUN,1992,0.07870570099615,-0.0805516390166,Hungary,0.2155369589852681
IDN,1992,0.029261558911505003,0.034159604660999765,Indonesia,0.2473210426894106
IND,1992,0.036671292974780015,0.06369311582676018,India,0.3130931014279453
IRL,1992,0.008198257330304994,-0.00882301060923,Ireland,0.1481803461765422
IRN,1992,0.04866484325902102,-0.028136383512259666,Iran,0.2522045343349928
IRQ,1992,0.534279039739276,0.5355183140417004,Iraq,0.1675757815597691
ISL,1992,0.007523541735050026,-0.009072118282099998,Iceland,0.1738762842987969
ISR,1992,0.14756687211972,-0.15844565500851995,Israel,0.2236483949436919
ITA,1992,0.008815151942749969,-0.009149416293799999,Italy,0.1461388128168952
JAM,1992,0.26899513823335003,0.07411187803519992,Jamaica,0.3576551586819906
JOR,1992,0.12944651992749995,-0.14714820325,Jordan,0.4210844048429923
JPN,1992,0.016307640998835013,-0.01843568580691,Japan,0.1932354785340082
KAZ,1992,0.38943133038234995,0.34995539392999975,Kazakhstan,0.3630327706176386
KEN,1992,0.04899629238545001,0.014203435528800323,Kenya,0.1989304434114725
KGZ,1992,0.2165392451944,0.22211640519999953,Kyrgyzstan,0.45342646520928
KHM,1992,0.05440450731097905,0.07270307080174021,Cambodia,0.2353924968183463
KOR,1992,0.24114558565199992,-0.04701377246600025,South Korea,0.4224027999723698
LAO,1992,0.049824219278355175,0.04986782834026471,Laos,0.1469385407861469
LBN,1992,0.03519240775415002,0.021470475867999994,Lebanon,0.2542343073762184
LBR,1992,0.09483871709657002,-0.06547563047119986,Liberia,0.2757726391668825
LKA,1992,0.11363989749050002,0.06403817225600017,Sri Lanka,0.4289260206237679
LSO,1992,0.25470943843399996,-0.20923165086000006,Lesotho,0.4566765996576382
LTU,1992,0.03779225448849999,-0.05727127070100001,Lithuania,0.2558613578685001
LUX,1992,0.0011142022942750172,-0.0016208696596500002,Luxembourg,0.1604424629160295
LVA,1992,0.03532790696500006,-0.05629554871000014,Latvia,0.3385697056154851
MAR,1992,0.14763315454115,0.11442213817700031,Morocco,0.2789042392663168
MDA,1992,0.186188025183,0.17500216987200012,Moldova,0.5048074173655466
MDV,1992,0.10394826365125899,-0.09686494467298212,Maldives,0.2427383977948823
MEX,1992,0.058845279861529994,0.034028686376280204,Mexico,0.3211039448573228
MKD,1992,0.06612834278500002,0.02400695439999989,North Macedonia,0.7408151683316009
MLI,1992,0.038310145258969176,-0.037607183878153316,Mali,0.1411273051766726
MMR,1992,0.009339664902803106,-0.004455754859977734,Burma/Myanmar,0.2015456428362373
MNG,1992,0.08002491747384995,-0.005173288360799999,Mongolia,0.3683440405389821
MOZ,1992,0.029774533035649968,0.013157055899999381,Mozambique,0.3478023536336876
MUS,1992,0.11460481666565,0.03328956007430006,Mauritius,0.3297361742652521
MWI,1992,0.20159353617861855,0.20294682334087932,Malawi,0.2217083804758918
MYS,1992,0.04843082019499997,-0.05198523540000055,Malaysia,0.4425497322751289
NAM,1992,0.10195556453394997,-0.08049701510359974,Namibia,0.3140923585714822
NER,1992,0.12840023758249997,0.034384155755999846,Niger,0.3913047333542604
NGA,1992,0.07624995892873,0.05132642352792005,Nigeria,0.1857704407640903
NIC,1992,0.07467754948156606,-0.061578447161227734,Nicaragua,0.2581662668672423
NLD,1992,0.001521836399852022,-0.001756243405142,Netherlands,0.138011862591286
NOR,1992,0.0008158577238445242,-0.000980824326437,Norway,0.1363300815624083
NPL,1992,0.24093191853370002,0.2406523775956,Nepal,0.2814972363552133
NZL,1992,0.0019184993174925036,-0.002441744484355,New Zealand,0.1457029893607132
PAK,1992,0.03969435279943002,0.022653124445999984,Pakistan,0.2985761430047564
PHL,1992,0.021428724597553527,-0.016189819829928176,Philippines,0.2173341039040031
PNG,1992,0.23925025239729997,0.24956798340959985,Papua New Guinea,0.3085623138595739
POL,1992,0.35100966472052497,-0.35441920276175004,Poland,0.2101443819680112
PRK,1992,0.0032853403080544156,0.0032853621106530007,North Korea,0.1074181603772675
PRT,1992,0.1505707645013576,-0.15221994604854502,Portugal,0.1590868344010913
PRY,1992,0.007045271121503006,0.005714710410856139,Paraguay,0.2156354533317297
ROU,1992,0.16163395451800003,0.16339405443599997,Romania,0.4176938401658797
RUS,1992,0.14166678490250004,0.13553754837600018,Russia,0.3539830571076525
RWA,1992,0.05114607783054998,0.028107166480000334,Rwanda,0.3445676922549877
SDN,1992,0.006653868021112165,0.00014932679408419247,Sudan,0.1898790693541992
SEN,1992,0.0630575221277,-0.053870886541599994,Senegal,0.2650747399100608
SLE,1992,0.026514897698290036,0.025312785357999523,Sierra Leone,0.21164911511746
SOM,1992,0.24565061063414703,0.24590663524939993,Somalia,0.1867710471866574
SRB,1992,0.23482411752770005,0.08632528661699945,Serbia,0.2979742064537696
SWE,1992,0.0010558771144962048,-0.0011282849394075,Sweden,0.1189197515496483
SWZ,1992,0.04621478648660001,-0.03299852051473007,Eswatini,0.2567612214150537
SYC,1992,0.493016591122,-0.634302769254,Seychelles,0.4263839994203754
SYR,1992,0.23770980680257917,0.2378986561680816,Syria,0.1545520055162585
TCD,1992,0.12476383870461197,-0.12395136598199974,Chad,0.2161769988957358
TGO,1992,0.02249033096098502,-0.011882160299999889,Togo,0.295219825359942
THA,1992,0.038951691600430036,-0.011339854283999973,Thailand,0.2636679300372522
TJK,1992,0.29193345452395897,0.2890167311430001,Tajikistan,0.2530488588720568
TKM,1992,0.040298143591479804,0.04030837439934132,Turkmenistan,0.137141753482233
TTO,1992,0.04715938565584998,-0.0624434793891,Trinidad and Tobago,0.321149335615873
TUN,1992,0.08518770343210501,0.03667221288959999,Tunisia,0.2503384215116179
TUR,1992,0.08787533678999997,0.055949195559999776,Türkiye,0.62643582216213
TWN,1992,0.17965136255000003,0.1780841848000001,Taiwan,0.6652405127564378
TZA,1992,0.10489808653100002,0.011294650592000188,Tanzania,0.4974201946544693
UGA,1992,0.08835930302985003,-0.07051793469999934,Uganda,0.3559038664365427
UKR,1992,0.15075862051500002,0.1331809814,Ukraine,0.5889941540158469
URY,1992,0.02533312979617499,-0.07606448803065001,Uruguay,0.2232201788709371
USA,1992,0.03560024714009999,-0.035816075608499996,United States of America,0.1273934971178736
UZB,1992,0.279432670958202,0.2806621357272845,Uzbekistan,0.1965205808410052
VEN,1992,0.012832173403917301,-0.0023600928524483145,Venezuela,0.2684952622020372
VNM,1992,0.09881290814656324,0.1009423283859694,Vietnam,0.2089339260168605
YEM,1992,0.07884604631518496,-0.0778629518459999,Yemen,0.1797701233041842
ZAF,1992,0.08519166889725005,-0.08089338407399937,South Africa,0.2397037180097193
ZMB,1992,0.012526391249599996,0.009697697585199894,Zambia,0.2445073566999531
ZWE,1992,0.08912229202595004,-0.06137389575999963,Zimbabwe,0.4060043175231577
AFG,1993,0.05236546747375766,0.051842360330751625,Afghanistan,0.1982162836760796
ALB,1993,0.10288871993475004,0.09667106435200035,Albania,0.4363904959466223
ARE,1993,0.11599291527293296,-0.10857520256636644,United Arab Emirates,0.2341697809053397
ARG,1993,0.025500453633479497,0.02047825455276897,Argentina,0.2596945424611793
ARM,1993,0.10398306259999997,0.07168349724,Armenia,0.6270012690953038
AUS,1993,0.001961750594741537,-0.002100757572319,Australia,0.1299434990750209
AZE,1993,0.412788226830758,0.39659781787000004,Azerbaijan,0.3282509740618328
BDI,1993,0.12960459427685,-0.08527743929999954,Burundi,0.3229765201076311
BEL,1993,0.0022587567425065096,-0.0024755843248389997,Belgium,0.1521594417951592
BEN,1993,0.007466968825592524,-0.002368815365479726,Benin,0.2165221049006573
BFA,1993,0.07810413429295004,0.07089165931639996,Burkina Faso,0.2415878671562871
BGD,1993,0.18555336381325502,0.18162128614675987,Bangladesh,0.2401650767198735
BGR,1993,0.08891359273224994,0.05979607195299974,Bulgaria,0.3497530070011824
BHR,1993,0.03399730674684046,-0.025332882694681036,Bahrain,0.2222460804581996
BIH,1993,0.20577623128710001,0.2034822086100001,Bosnia and Herzegovina,0.3376483487626295
BLR,1993,0.12575395560000002,0.08358675800000004,Belarus,0.6245541396430421
BOL,1993,0.12695738879208648,-0.12335724072349219,Bolivia,0.2588616640980534
BRA,1993,0.027183938925669993,0.021235651916520104,Brazil,0.266748640074671
BTN,1993,0.10323028556474995,0.048582500608499224,Bhutan,0.4547729390302565
BWA,1993,0.33649587920899987,0.28173003312799993,Botswana,0.4367634806308516
CAF,1993,0.08596658387409001,0.050053265416640125,Central African Republic,0.1944354917501582
CAN,1993,0.003769370903235003,-0.00431802632901,Canada,0.170465731817997
CHE,1993,0.001172363801704468,-0.004651975680089,Switzerland,0.100474457090811
CHL,1993,0.10237802624704495,0.09230898172227997,Chile,0.3052107099232002
CIV,1993,0.07768625741679998,0.02579970083399985,Ivory Coast,0.2839198748312311
CMR,1993,0.02422549396579139,0.005310512071520002,Cameroon,0.2093989710343434
COD,1993,0.05079521529860949,0.04850204069430042,Democratic Republic of the Congo,0.214813849603288
COL,1993,0.0421959756555685,-0.014891305847947844,Colombia,0.2991062499005777
CRI,1993,0.005927872732049998,0.005025735104890017,Costa Rica,0.2563507126294013
CYP,1993,0.2523883306435,0.26165216112200007,Cyprus,0.3832633912103333
DEU,1993,0.003694261610024186,-0.0037618621385449,Germany,0.127255476248613
DJI,1993,0.07840756589669551,0.04390847372869988,Djibouti,0.2397766836298033
DNK,1993,0.00032571045946451054,-0.000401915356877,Denmark,0.1128241911981427
ECU,1993,0.05495744806105873,-0.04952428477516979,Ecuador,0.2568338999241445
EGY,1993,0.15990128734529002,0.13293081604799983,Egypt,0.2430727069479234
ESP,1993,0.05475889729977504,-0.055282532116250005,Spain,0.1812253626507583
ETH,1993,0.04138398099495,-0.04303428524499964,Ethiopia,0.2979478290267128
FIN,1993,0.005690366370587986,-0.005928349834758,Finland,0.153102875552058
FJI,1993,0.061958602203499996,0.06419296931800011,Fiji,0.5125193303370957
FRA,1993,0.02427046422959998,-0.026364122573099998,France,0.1837014192998164
GAB,1993,0.0797155374395175,0.07394036127407988,Gabon,0.2218764638711961
GBR,1993,0.002747620513729984,-0.0036235977036799994,United Kingdom,0.1794400228967025
GEO,1993,0.016031642081914967,0.019411882559999594,Georgia,0.3229424189875947
GHA,1993,0.13016697038846503,-0.1278855813817199,Ghana,0.2301753719734544
GIN,1993,0.013353844414501551,-0.011181465660000445,Guinea,0.2576878860622217
GMB,1993,0.08622984210349999,0.030911099203999814,The Gambia,0.3718905413194284
GNB,1993,0.07718732936538003,0.06060356708060066,Guinea-Bissau,0.312926448950023
GNQ,1993,0.046217850559493345,-0.033658711096431926,Equatorial Guinea,0.2415385158461675
GRC,1993,0.3834673513135499,-0.3903076640373,Greece,0.2451702828086138
GTM,1993,0.0455986468763965,0.018713884796639935,Guatemala,0.2676072728875809
GUY,1993,0.07251698705299998,0.025680121135999823,Guyana,0.5407305272550925
HRV,1993,0.03239815035839998,0.0013027182000002746,Croatia,0.423315444298312
HTI,1993,0.05454167808433648,-0.05009221915568007,Haiti,0.2716291576308559
HUN,1993,0.09462177588459998,-0.09647018985059999,Hungary,0.2423651551560675
IDN,1993,0.02943102470936652,0.028988156671780008,Indonesia,0.2516437707745727
IND,1993,0.0325351915569,0.036822624532299786,India,0.314922731158138
IRL,1993,0.011659252648154992,-0.01242670014453,Ireland,0.163954366180101
IRN,1993,0.0754329609521015,-0.05160885524880987,Iran,0.2585349113819987
IRQ,1993,0.5246345146252502,0.5261290778579522,Iraq,0.1706658664504496
ISL,1993,0.007298335155944964,-0.00882690121067,Iceland,0.1944981520055538
ISR,1993,0.14003542333429997,-0.14993492818300003,Israel,0.2286705784469435
ITA,1993,0.0014727438884299525,-0.0018133868951800004,Italy,0.1343432956605371
JAM,1993,0.28365543395285,0.12693258417419984,Jamaica,0.3627113109552149
JOR,1993,0.14496802242000004,-0.15798004703000013,Jordan,0.4210193047061586
JPN,1993,0.01653639846023997,-0.018375446911239993,Japan,0.2168782044464197
KAZ,1993,0.40992964072880006,0.37936709574000016,Kazakhstan,0.3916883087786382
KEN,1993,0.073946470303205,0.051270614493800215,Kenya,0.2018216026054843
KGZ,1993,0.09011778897909994,0.10817977820000024,Kyrgyzstan,0.4762502192658232
KHM,1993,0.022042189590584984,-0.020714062909999775,Cambodia,0.2267856227200252
KOR,1993,0.2237100743067,0.10814870465939996,South Korea,0.3759926467130796
LAO,1993,0.05794398759408009,0.05799946506457676,Laos,0.1481277876010051
LBN,1993,0.034471521170299974,0.02317368172560008,Lebanon,0.2558800989921302
LBR,1993,0.09772458071318005,-0.06368039823319949,Liberia,0.2750003997081489
LKA,1993,0.11654038631949999,0.07169595636400006,Sri Lanka,0.4206467625924172
LSO,1993,0.11705958812300002,0.124026608556,Lesotho,0.3909230232404505
LTU,1993,0.078549604514,-0.10380884732400002,Lithuania,0.2923330632019494
LUX,1993,0.0010547220327820426,-0.0015693591063919998,Luxembourg,0.1749117557562404
LVA,1993,0.132889679945,0.12138534993999994,Latvia,0.3382562548686106
MAR,1993,0.18003641737124998,0.15603095280799995,Morocco,0.2851303430883304
MDA,1993,0.1590286707245,0.149026372764,Moldova,0.4770216211803035
MDV,1993,0.12346982043671104,-0.11721632662657422,Maldives,0.2444502665523928
MEX,1993,0.066416246594835,0.04605550731279995,Mexico,0.321336337779059
MKD,1993,0.08615400352650003,-0.012450429999999901,North Macedonia,0.7634292357359499
MLI,1993,0.022511305998057923,-0.02203734444081329,Mali,0.1482374564591628
MMR,1993,0.009286770370456623,-0.004094034984092332,Burma/Myanmar,0.2052097607108984
MNG,1993,0.04234857886680004,-0.001062322988400144,Mongolia,0.362441217219494
MOZ,1993,0.14973082770149998,-0.14758489274999986,Mozambique,0.3983811865982706
MUS,1993,0.11099931471124996,0.09384313105949982,Mauritius,0.3688655235692925
MWI,1993,0.10767188514593803,-0.09932120705030556,Malawi,0.2625238393455217
MYS,1993,0.01617418595000001,-0.017300423859999636,Malaysia,0.4483134258513095
NAM,1993,0.11305527105769997,-0.09128478738460011,Namibia,0.3286901296741683
NER,1993,0.07510760843742499,-0.06980769787539987,Niger,0.2489482319581332
NGA,1993,0.06957290461892998,0.0442264602636,Nigeria,0.2085742818800274
NIC,1993,0.05655033999506446,-0.04555026764251635,Nicaragua,0.2580107052352565
NLD,1993,0.0014952078312714793,-0.0017276166972289998,Netherlands,0.1456611646487365
NOR,1993,0.0007800569279499943,-0.00095057695559,Norway,0.1472919818559232
NPL,1993,0.27704808970749994,0.2772824665520002,Nepal,0.2984151715790248
NZL,1993,0.0017227401349349787,-0.00227691309891,New Zealand,0.14762855612167
PAK,1993,0.04751203319822204,0.03310996955828016,Pakistan,0.2990865900356999
PHL,1993,0.021816933224719996,-0.01595672734616005,Philippines,0.240744740897682
PNG,1993,0.22600215032779997,0.23519675638159976,Papua New Guinea,0.3256230429214983
POL,1993,0.27595580636482003,-0.27835344394022,Poland,0.2283665256560951
PRK,1993,0.003592716422242814,0.0035931033657230493,North Korea,0.1237355087213111
PRT,1993,0.149665763837635,-0.15121954781051003,Portugal,0.1828796923677047
PRY,1993,0.06676387191581201,-0.06637727178549624,Paraguay,0.1975374814410563
ROU,1993,0.13167463583250003,0.1412591683600004,Romania,0.4120880384607253
RUS,1993,0.24186638695325,0.23090392144399985,Russia,0.4127104210464314
RWA,1993,0.08707261682570001,0.06364666272399999,Rwanda,0.332011457686555
SDN,1993,0.0064528215311493225,7.293603716762576e-05,Sudan,0.191708892589729
SEN,1993,0.052847994875332954,-0.046062615570664045,Senegal,0.2557424829523579
SLE,1993,0.05383136599413002,0.05261179322799947,Sierra Leone,0.2447642054789734
SOM,1993,0.224022794820225,0.22420962908529996,Somalia,0.1713963122499655
SRB,1993,0.39142859924191503,0.34131861894999993,Serbia,0.3430728466591388
SWE,1993,0.0010566265986962167,-0.0011282229902472001,Sweden,0.1290126809870947
SWZ,1993,0.05655150119832499,-0.042175317392869616,Eswatini,0.2609146331222118
SYC,1993,0.46103098792999997,-0.6932530006599995,Seychelles,0.5306157729542552
SYR,1993,0.2270971755891554,0.22726133219092004,Syria,0.1549564162588934
TCD,1993,0.15030121549564746,-0.1482094912459999,Chad,0.2233071496680114
TGO,1993,0.055656845046145015,-0.03251458017199971,Togo,0.2990968824226916
THA,1993,0.07926826927549999,0.06502915615800009,Thailand,0.2870756314690964
TJK,1993,0.0586944138060515,0.04268717854383963,Tajikistan,0.2687371159752547
TKM,1993,0.037597402078888474,0.03760372637638376,Turkmenistan,0.1428096632216728
TTO,1993,0.07136601524280002,-0.016200058514400095,Trinidad and Tobago,0.3269317336128737
TUN,1993,0.08905582569993999,0.028700647205539997,Tunisia,0.2521673580097778
TUR,1993,0.09349708563549997,0.06697302502400015,Türkiye,0.6274403938816095
TWN,1993,0.16715938613500003,0.2303889113199995,Taiwan,0.6035140944545875
TZA,1993,0.11260613785099999,0.033817188552,Tanzania,0.4896085132210286
UGA,1993,0.06990988454335004,-0.044281876699999945,Uganda,0.3624968293354162
UKR,1993,0.18579274967999998,0.1862500936,Ukraine,0.5213178709938393
URY,1993,0.022867914479630002,-0.06148289250998,Uruguay,0.2265448574200303
USA,1993,0.027354726181664957,-0.02754082317249,United States of America,0.1418468966795527
UZB,1993,0.19697065370568154,0.1974757138804435,Uzbekistan,0.1833878539135768
VEN,1993,0.015477906765846273,3.297946624947201e-05,Venezuela,0.2788072017162836
VNM,1993,0.11991384338360897,0.1229216132393316,Vietnam,0.2235339155146104
YEM,1993,0.07080759200173503,-0.06841414209200014,Yemen,0.1732292758407584
ZAF,1993,0.07399975899635998,-0.06799080736199992,South Africa,0.2449186868941343
ZMB,1993,0.017328838710950017,-0.014260630517599848,Zambia,0.2344044893496588
ZWE,1993,0.08910661494870002,-0.061417331979999545,Zimbabwe,0.4090322150503484
AFG,1994,0.04986283832353863,0.04925257353695622,Afghanistan,0.2088542190628614
ALB,1994,0.15062470967649996,0.14305275977199994,Albania,0.4201836697427986
ARE,1994,0.11158311889233005,-0.10188175824545942,United Arab Emirates,0.2411065687877298
ARG,1994,0.028130159347857207,0.022524117593630377,Argentina,0.2393254037407043
ARM,1994,0.09553681000099999,0.042077624960000115,Armenia,0.673016111041514
AUS,1994,0.0017518681661115119,-0.0018813027243190002,Australia,0.1274671389380925
AZE,1994,0.27664815788129,0.25762949464800045,Azerbaijan,0.3048859472226335
BDI,1994,0.10312018083111496,-0.06844053750159995,Burundi,0.3440816356520583
BEL,1994,0.002589945978858992,-0.002819456033654,Belgium,0.1430045905845439
BEN,1994,0.00742042463894363,-0.003024790508469266,Benin,0.2308263820056372
BFA,1994,0.06714949637138501,0.06151534694492011,Burkina Faso,0.2620069083897621
BGD,1994,0.20207318331959495,0.19848833302959967,Bangladesh,0.2533163841473203
BGR,1994,0.060616615720499985,0.027816529357000075,Bulgaria,0.3342201714851645
BHR,1994,0.029206938922041507,-0.01983985051887327,Bahrain,0.2219701796679777
BIH,1994,0.14262128141985,0.14100012784699967,Bosnia and Herzegovina,0.3375493200043293
BLR,1994,0.11533427402499997,0.07537525339999962,Belarus,0.638424545680015
BOL,1994,0.110987325442474,-0.107108401678492,Bolivia,0.2605009681644281
BRA,1994,0.019476504339324022,0.014279603100423977,Brazil,0.248458271774109
BTN,1994,0.10224117044309998,0.04150832019179962,Bhutan,0.4623861168830322
BWA,1994,0.367443324411,0.2113582708720001,Botswana,0.4344759691304415
CAF,1994,0.10733951928470196,0.0677182263149998,Central African Republic,0.2116032967327799
CAN,1994,0.0036516903784469855,-0.004181209873082,Canada,0.1628325785675908
CHE,1994,0.0009276757482359786,-0.003669884497148,Switzerland,0.1158123019897551
CHL,1994,0.128595490620005,0.1193353975957101,Chile,0.2920093271046381
CIV,1994,0.15154541629249998,0.13111054464479976,Ivory Coast,0.2893669432051736
CMR,1994,0.025655117919625353,0.006478788215599884,Cameroon,0.2184207510405147
COD,1994,0.06415971778236522,0.062270400438900086,Democratic Republic of the Congo,0.2279035814757317
COL,1994,0.03708356816688999,-0.01148947838062031,Colombia,0.2880932019740292
CRI,1994,0.044669408887284996,-0.04508179805471013,Costa Rica,0.2396486080365461
CYP,1994,0.29097284239650006,0.268258061528,Cyprus,0.3774587386208453
DEU,1994,0.003985189883629663,-0.004052820392297899,Germany,0.1177230596347918
DJI,1994,0.07974285128534603,0.046864752563399836,Djibouti,0.2546832406434386
DNK,1994,0.00034287780135517824,-0.0004125483168612001,Denmark,0.1072594002639564
ECU,1994,0.069893527563845,-0.057802717205760024,Ecuador,0.2769670484610235
EGY,1994,0.187014702471035,0.1646295034899996,Egypt,0.2449955964218863
ESP,1994,0.058310305227171,-0.058865178116826,Spain,0.181330394240222
ETH,1994,0.15777322032479996,-0.15810518867,Ethiopia,0.3255218624395428
FIN,1994,0.006847277055226,-0.007111938150725999,Finland,0.1431732685383016
FJI,1994,0.06406813864099997,0.06370686682199977,Fiji,0.5161498512954014
FRA,1994,0.021552954802250036,-0.023408615900000002,France,0.1738762691147345
GAB,1994,0.08046269074898502,0.07449387439279986,Gabon,0.2397878466752476
GBR,1994,0.002735761914065044,-0.0035607589318900003,United Kingdom,0.1667482116065395
GEO,1994,0.029147839364747956,0.007817981844000288,Georgia,0.2866473767967992
GHA,1994,0.08237676453660195,-0.07987349222981632,Ghana,0.2433625426598408
GIN,1994,0.034321690845428,-0.026766926023999993,Guinea,0.2575656703975615
GMB,1994,0.03618013314679998,0.017412617779999362,The Gambia,0.3758222796965774
GNB,1994,0.07669921762124497,-0.06632204294799982,Guinea-Bissau,0.3235316882709383
GNQ,1994,0.049347526581387566,-0.03744117427595528,Equatorial Guinea,0.2417213088702103
GRC,1994,0.3899013723641499,-0.3967925964326,Greece,0.2350686719762218
GTM,1994,0.07643727616737,0.036541730273520034,Guatemala,0.2810436193932784
GUY,1994,0.05589917875599998,0.01409638521199974,Guyana,0.5475505363835088
HRV,1994,0.036938581497350007,-0.002067371447999733,Croatia,0.4138977626535532
HTI,1994,0.03649847580770929,-0.029452302050959833,Haiti,0.2606129002252311
HUN,1994,0.10203360971939995,-0.1038793500734,Hungary,0.2275835443369717
IDN,1994,0.04173380907335377,0.021357625985289896,Indonesia,0.2600146746650419
IND,1994,0.02714782694152003,0.02929437347514008,India,0.3190188348926334
IRL,1994,0.012208775841584996,-0.013007523941609998,Ireland,0.158820923856954
IRN,1994,0.09864139828996052,-0.07187655743046584,Iran,0.266808565955261
IRQ,1994,0.5168046449937522,0.51818677631704,Iraq,0.1678897453566039
ISL,1994,0.007047131473380015,-0.00852798218878,Iceland,0.1869566358842778
ISR,1994,0.13081525714215,-0.13983987648319995,Israel,0.2323612490705265
ITA,1994,0.010524104887059996,-0.010809706521460002,Italy,0.1538898653875152
JAM,1994,0.25142415032619997,0.08347912742980013,Jamaica,0.350336696019781
JOR,1994,0.14195713261649998,-0.1535405811699997,Jordan,0.4310396205538183
JPN,1994,0.011846794824352492,-0.013373174485714998,Japan,0.2206925312509161
KAZ,1994,0.3520873851910001,0.32654169826000023,Kazakhstan,0.3802588267706632
KEN,1994,0.08132068081278002,0.06002034894251995,Kenya,0.2143945440559576
KGZ,1994,0.1557337789605,0.13209621969999974,Kyrgyzstan,0.4200542759707418
KHM,1994,0.020706276852785022,-0.014939533752000411,Cambodia,0.2512735938290454
KOR,1994,0.21251637264599998,0.11226916718899993,South Korea,0.3733040324567727
LAO,1994,0.0551320393550313,0.05517892607211383,Laos,0.1494184051585809
LBN,1994,0.03399792584745002,0.022159317062000028,Lebanon,0.2619630681067402
LBR,1994,0.13342393222932,-0.10849044032560018,Liberia,0.2802964636095876
LKA,1994,0.20317092117790003,0.1814257455920003,Sri Lanka,0.4051466315460852
LSO,1994,0.10586627703574995,0.10846146799399992,Lesotho,0.3992601621065351
LTU,1994,0.0366218141665,-0.11675322458300001,Lithuania,0.2534504824100731
LUX,1994,0.001027542560446961,-0.001549707206982,Luxembourg,0.1638406766130968
LVA,1994,0.0580024473065,0.04171573372799997,Latvia,0.3082581621665012
MAR,1994,0.18597598686003,0.16249776979700048,Morocco,0.2883789222087045
MDA,1994,0.18998459005499999,0.1823272153919997,Moldova,0.4325544712825539
MDV,1994,0.15421639251937863,-0.14769903904016646,Maldives,0.2545311767208763
MEX,1994,0.061390702726170025,0.0519174847278403,Mexico,0.2946893082752186
MKD,1994,0.09595258873500002,0.023900059540000296,North Macedonia,0.7015827615600216
MLI,1994,0.015344981658846454,-0.01492779935986177,Mali,0.1657350342768032
MMR,1994,0.009355004051201871,-0.0046691216159349125,Burma/Myanmar,0.2060895855674192
MNG,1994,0.049662769642599996,0.009953141875500116,Mongolia,0.370216885083404
MOZ,1994,0.09066739411565007,0.008331729021200385,Mozambique,0.3407487509897727
MUS,1994,0.10041707287775,0.09459840205900005,Mauritius,0.3725213900063066
MWI,1994,0.070259641094585,0.013073551700000019,Malawi,0.2918618795659551
MYS,1994,0.03443157375350002,-0.036811702700000115,Malaysia,0.4545168724392978
NAM,1994,0.11466479830827,-0.10268937196116013,Namibia,0.3175418989461203
NER,1994,0.078405345160835,-0.0728697743906801,Niger,0.2752339199672691
NGA,1994,0.04853840835638498,0.0017559271272000743,Nigeria,0.2604523184669841
NIC,1994,0.05534270981774904,-0.0459256053863919,Nicaragua,0.2464438888724487
NLD,1994,0.0016078962690295093,-0.001849249571377,Netherlands,0.1406040426459453
NOR,1994,0.0007257029489979571,-0.0008979775403680001,Norway,0.1401672122416509
NPL,1994,0.274992739230675,0.2754044283853998,Nepal,0.2935893825185637
NZL,1994,0.0017883835713775117,-0.002234507197665,New Zealand,0.136819988674061
PAK,1994,0.039873004836923014,0.02589070314600006,Pakistan,0.3118092435825687
PHL,1994,0.01976255829345999,-0.01405670942247994,Philippines,0.2495733674946404
PNG,1994,0.21718929023343497,0.22865334540451987,Papua New Guinea,0.3122874645096992
POL,1994,0.33080335025275,-0.3332706596545001,Poland,0.2176523121908223
PRK,1994,0.003792760114671066,0.0037930913867492144,North Korea,0.1336381480468259
PRT,1994,0.151047169619485,-0.15256747231711001,Portugal,0.1756204137531158
PRY,1994,0.09971654734618154,-0.09906171786591211,Paraguay,0.196574801469106
ROU,1994,0.14225005347,0.15362021189000008,Romania,0.4142754435578203
RUS,1994,0.18792180952450005,0.17907487309600056,Russia,0.361252317058116
RWA,1994,0.04491866777592249,-0.019118417568200208,Rwanda,0.2909345402340779
SDN,1994,0.006504948436551668,0.0008556393633245563,Sudan,0.1914101369030967
SEN,1994,0.048970733309249975,-0.04149369588399998,Senegal,0.2838304005841461
SLE,1994,0.05974675447681004,0.05924593257000055,Sierra Leone,0.2561420476335359
SOM,1994,0.24399529193991149,0.2441574758024001,Somalia,0.1703030506113341
SRB,1994,0.35254465602178,0.2931747370540001,Serbia,0.3506226074305373
SWE,1994,0.0010733183972699955,-0.00114855479805,Sweden,0.1227576867560387
SWZ,1994,0.07065034194866501,-0.057510761741649485,Eswatini,0.2633828366700719
SYC,1994,0.379165524755,-0.49416686349999983,Seychelles,0.5886599295119421
SYR,1994,0.22532118466005802,0.2254900131215618,Syria,0.1551026861501343
TCD,1994,0.1407806010818095,-0.13805374351600008,Chad,0.2339787672203793
TGO,1994,0.0584432275823,-0.03282331054799981,Togo,0.3277325438524398
THA,1994,0.08889512637454998,0.0775607890212,Thailand,0.2836570669272799
TJK,1994,0.03734746299093999,-0.0022348988079903265,Tajikistan,0.2343803943485632
TKM,1994,0.02619529064990273,0.026199036515980545,Turkmenistan,0.133639848994844
TTO,1994,0.08381353027219995,-0.13068700623620005,Trinidad and Tobago,0.3162357812465006
TUN,1994,0.06239401826785499,0.06895545996096075,Tunisia,0.2399639323527682
TUR,1994,0.09859217261500001,0.07133002105999964,Türkiye,0.6041521145721229
TWN,1994,0.1547799768,0.22837563710000008,Taiwan,0.5848471577410437
TZA,1994,0.11568438094649999,0.06210573829999988,Tanzania,0.4617016640843726
UGA,1994,0.057230540357250025,-0.006304181572799994,Uganda,0.3345343528207667
UKR,1994,0.14773123162399998,0.15016824892799985,Ukraine,0.4427565268663468
URY,1994,0.037115468107514996,-0.13312580778879,Uruguay,0.1800830209695666
USA,1994,0.02947365815285497,-0.029665860011279993,United States of America,0.1300293107569829
UZB,1994,0.16449624219079773,0.16479399956058405,Uzbekistan,0.1724882791962862
VEN,1994,0.014998564867188015,-0.0016022926636940493,Venezuela,0.2672391502931764
VNM,1994,0.11821992354537804,0.12122845972806395,Vietnam,0.2277206880814392
YEM,1994,0.06263849953719997,-0.060681686052000305,Yemen,0.1710161621989922
ZAF,1994,0.09936279641750001,-0.06046568890000015,South Africa,0.3059499747772148
ZMB,1994,0.09648940276332998,-0.09286320191663999,Zambia,0.2343405279698125
ZWE,1994,0.08037040576784998,-0.05309104233999973,Zimbabwe,0.4224486093687508
AFG,1995,0.044873888547604025,0.04415435285046998,Afghanistan,0.2088028840060972
ALB,1995,0.16712569758065,0.16403431956479997,Albania,0.3980870435591477
ARE,1995,0.124078581780024,-0.11380587130854813,United Arab Emirates,0.2463297561061855
ARG,1995,0.029955584643740457,0.02401382761505999,Argentina,0.2421131754537295
ARM,1995,0.07438447286250001,-0.010903257620000328,Armenia,0.5856853755638628
AUS,1995,0.0019116111181961795,-0.0020433243999571997,Australia,0.1434990125392749
AZE,1995,0.11285318634583102,0.03825291490203009,Azerbaijan,0.2766469119174196
BDI,1995,0.11074824647777501,-0.08031520871999964,Burundi,0.3370379793220465
BEL,1995,0.0027825770624734813,-0.0030128648561810003,Belgium,0.1417376096189035
BEN,1995,0.00728347309580801,-0.002423973163193871,Benin,0.2184593313772956
BFA,1995,0.07877471742327498,0.07373458357579987,Burkina Faso,0.26228175792323
BGD,1995,0.20769850359963,0.20437341853163993,Bangladesh,0.2390598242394159
BGR,1995,0.08076313175535003,0.030931158818199966,Bulgaria,0.3395334204186583
BHR,1995,0.029607966092800996,-0.0200023266042737,Bahrain,0.2252022721575445
BIH,1995,0.033566217312899965,0.028932187830000178,Bosnia and Herzegovina,0.3807027205186459
BLR,1995,0.2042222894150001,0.05380032169999982,Belarus,0.5062083810458816
BOL,1995,0.09055660805205051,-0.08664038084540415,Bolivia,0.278030568910552
BRA,1995,0.020602676163429992,0.015811170819856057,Brazil,0.2637647224323247
BTN,1995,0.10254479799149999,0.03839349628800015,Bhutan,0.4639475979891486
BWA,1995,0.399853191769,0.23208823827800007,Botswana,0.436118881138308
CAF,1995,0.10292716469772001,0.06725895097320023,Central African Republic,0.2237522053443707
CAN,1995,0.0036310741936074822,-0.004155281042245,Canada,0.1630208402326258
CHE,1995,0.0006593833708765176,-0.002574477540785,Switzerland,0.1360911913339016
CHL,1995,0.12846659099949,0.11989540963768996,Chile,0.30136384606592
CIV,1995,0.17649831628574997,0.16481692147171967,Ivory Coast,0.2444874759395169
CMR,1995,0.024782575219766338,0.003900846712640016,Cameroon,0.2234602429012583
COD,1995,0.06782754543350482,0.06600521486566002,Democratic Republic of the Congo,0.2292685571533309
COL,1995,0.045165157320969984,-0.010725192573159736,Colombia,0.3062849242227559
CRI,1995,0.12415167367991001,-0.12459365596164007,Costa Rica,0.2482182582913842
CYP,1995,0.31637234906449996,0.24257162066799987,Cyprus,0.3838597404774381
DEU,1995,0.003612598745684026,-0.0036757536855180004,Germany,0.1169465070814144
DJI,1995,0.08763151798574752,0.057094953249900104,Djibouti,0.2609445162191291
DNK,1995,0.0003242946738816517,-0.00039093965721020003,Denmark,0.1141181961950016
ECU,1995,0.08444102356059502,-0.06633077313975977,Ecuador,0.3299104352046202
EGY,1995,0.20511889737342998,0.1875189176849994,Egypt,0.2500225848346165
ESP,1995,0.04977447665324451,-0.050275052506267,Spain,0.188116244606462
ETH,1995,0.15716603665617493,-0.15610753118999998,Ethiopia,0.347909042443612
FIN,1995,0.006840100974728026,-0.007089182907568,Finland,0.1458564331174548
FJI,1995,0.0624778074185,0.06303431649600011,Fiji,0.5289664818344251
FRA,1995,0.03231365536322503,-0.03438585258535,France,0.174752743742744
GAB,1995,0.046023505949170006,0.034006743233240044,Gabon,0.2657892938927497
GBR,1995,0.002649503843105021,-0.0034642928133299996,United Kingdom,0.1669371456724203
GEO,1995,0.03520141894513997,0.00967011287679953,Georgia,0.3063678355009153
GHA,1995,0.07018177717475499,-0.06762633085233971,Ghana,0.2412202347366639
GIN,1995,0.062208682023406264,-0.05070222387199985,Guinea,0.2513891772494065
GMB,1995,0.03786949722546999,-0.008695996173600395,The Gambia,0.3220066438470728
GNB,1995,0.04005434730092,0.0049434619936001845,Guinea-Bissau,0.2866446998261261
GNQ,1995,0.05007501654677343,-0.030966560195741177,Equatorial Guinea,0.2569519625847025
GRC,1995,0.39056631342101994,-0.39688305630111986,Greece,0.2417311998706011
GTM,1995,0.10636008073873998,0.08465604775031976,Guatemala,0.2948388250351478
GUY,1995,0.05561732792900001,0.009847794988000036,Guyana,0.5644864564268978
HRV,1995,0.042544565115100005,-0.010413202539999666,Croatia,0.483670552633193
HTI,1995,0.07174118853515402,0.06704757721064802,Haiti,0.2278233088514385
HUN,1995,0.0777168764932,-0.07947715594749999,Hungary,0.2265005044969909
IDN,1995,0.03886778335860097,0.02419244304220003,Indonesia,0.2572516997697677
IND,1995,0.02741346790056003,0.02933893005582,India,0.3272200574760529
IRL,1995,0.009423927650009998,-0.01008597604356,Ireland,0.1562761682286054
IRN,1995,0.13810054925538345,-0.11062715330083028,Iran,0.2832994078434712
IRQ,1995,0.36574730645650977,0.3668080099958284,Iraq,0.1601120314066561
ISL,1995,0.0071513915920870435,-0.008615300857322,Iceland,0.1877086714641367
ISR,1995,0.10534423719016998,-0.11378842861361999,Israel,0.2377739205538193
ITA,1995,0.0010814332567099726,-0.0015984723278599999,Italy,0.1492833778245204
JAM,1995,0.22971076535130006,0.06949478290660016,Jamaica,0.3532463255444062
JOR,1995,0.17241579588749997,-0.18373590460000067,Jordan,0.4384064353321809
JPN,1995,0.013245384828712518,-0.014710616729674999,Japan,0.2274537025332633
KAZ,1995,0.26902323764196007,0.11121380971800043,Kazakhstan,0.3319853891515151
KEN,1995,0.094218276751265,0.07576264793575982,Kenya,0.2190090011823365
KGZ,1995,0.03989856154669999,-0.018002143639999968,Kyrgyzstan,0.4195164437033413
KHM,1995,0.02486252049647299,-0.018682843509999714,Cambodia,0.2426289302515029
KOR,1995,0.196158840086,0.11124989701200017,South Korea,0.369634766481357
LAO,1995,0.05309801581722767,0.053144075699290916,Laos,0.1482488470845782
LBN,1995,0.03446619248525,0.02243143605920017,Lebanon,0.2548420112299847
LBR,1995,0.13375685062717996,-0.11536505904560013,Liberia,0.2713365897902229
LKA,1995,0.24025527265275,0.22496902533399976,Sri Lanka,0.3978647388780022
LSO,1995,0.08204483810200001,0.08322675454399997,Lesotho,0.4684305778561843
LTU,1995,0.09011866025800004,-0.10845058208799999,Lithuania,0.2718677852813008
LUX,1995,0.0010042285273399825,-0.0015132182877399998,Luxembourg,0.161121819808287
LVA,1995,0.143836783687,0.1273441841880001,Latvia,0.3162713438767707
MAR,1995,0.178394692925375,0.1501942146280002,Morocco,0.2912827939695323
MDA,1995,0.23292000827250006,0.23208411856000022,Moldova,0.416678274696357
MDV,1995,0.12741878120857078,-0.12034717110132709,Maldives,0.2531898216934583
MEX,1995,0.03897076080900002,0.0288698133980001,Mexico,0.3161726039670748
MKD,1995,0.10187217580999999,0.04204389776000017,North Macedonia,0.6296176826893308
MLI,1995,0.015737459746835165,-0.015215257411491434,Mali,0.1700714604711674
MMR,1995,0.008577287877305015,-0.003807406096769661,Burma/Myanmar,0.2037731265283697
MNG,1995,0.057495802860990035,0.007983691050080122,Mongolia,0.3769270386882541
MOZ,1995,0.1424669009607,0.10721523393120003,Mozambique,0.3418320972449629
MUS,1995,0.10568719847385001,0.06368024736790001,Mauritius,0.3637610840683964
MWI,1995,0.10770382364698002,0.10573860420816006,Malawi,0.2582622739883111
MYS,1995,0.027579106888499946,-0.02721099014000039,Malaysia,0.4524802630320808
NAM,1995,0.08483998679964501,-0.07245338121816003,Namibia,0.3165536963571975
NER,1995,0.05771527474092502,-0.05243901692039987,Niger,0.2682040937725392
NGA,1995,0.05082986456136001,-0.007479835294799564,Nigeria,0.2717865807411213
NIC,1995,0.05379858448206799,-0.04424890261690395,Nicaragua,0.2580490995482893
NLD,1995,0.0014501235139075003,-0.0016936580109449997,Netherlands,0.1411696857653838
NOR,1995,0.0007042304317460172,-0.000888541367996,Norway,0.1428709871544122
NPL,1995,0.26779367206557,0.26807117237503997,Nepal,0.2951735191475272
NZL,1995,0.0008066826310940009,-0.001326833545524,New Zealand,0.124177801032842
PAK,1995,0.03760764367010498,0.025606776598999792,Pakistan,0.3095617647509778
PHL,1995,0.022305070481234025,-0.016642012558871988,Philippines,0.2471983385394854
PNG,1995,0.22754480499614996,0.2368761617888,Papua New Guinea,0.3125702463236617
POL,1995,0.28955966359291996,-0.29207564405642006,Poland,0.2242227535931507
PRK,1995,0.0070529857082290495,0.007053417197119494,North Korea,0.1416753399804361
PRT,1995,0.187637713199285,-0.18888789630204003,Portugal,0.1872817938339629
PRY,1995,0.10293689725895247,-0.10216163805711997,Paraguay,0.2110112358814496
ROU,1995,0.07213618821500002,0.0837507708299996,Romania,0.4241470522173174
RUS,1995,0.19816538915525,0.19192570156600008,Russia,0.3534521719730715
RWA,1995,0.12482629831722501,-0.10849302220039991,Rwanda,0.2974221231202818
SDN,1995,0.006623306489136284,0.0012425426901936376,Sudan,0.1943609868907087
SEN,1995,0.03683375827904698,-0.02896287309037615,Senegal,0.2857372353844172
SLE,1995,0.027006538191920004,0.027189920410000123,Sierra Leone,0.2635558228297694
SOM,1995,0.24860151356970553,0.24875114208029991,Somalia,0.1709744807355894
SRB,1995,0.25932316131115,0.19375460558999924,Serbia,0.3707052367117886
SWE,1995,0.0011288045635852752,-0.0012034202574618001,Sweden,0.1241702653068945
SWZ,1995,0.06634285227622504,-0.049183779711280184,Eswatini,0.2778133632746249
SYC,1995,0.355520492515,-0.45100455260000016,Seychelles,0.6011726309496099
SYR,1995,0.22546226289791427,0.22563327565035163,Syria,0.1576227258324519
TCD,1995,0.12329034228079949,-0.1191612029064002,Chad,0.236838605553722
TGO,1995,0.056519449345782014,-0.03266332586599985,Togo,0.3246941797333419
THA,1995,0.10292566995794998,0.09254901206879951,Thailand,0.2865721120201284
TJK,1995,0.04458386874119133,-0.011596278530042081,Tajikistan,0.2351280343926339
TKM,1995,0.032700802947758456,0.03270572711183384,Turkmenistan,0.1412706164858986
TTO,1995,0.10226550201540002,-0.14987679591539993,Trinidad and Tobago,0.3201197595451245
TUN,1995,0.09199740236564502,0.032458097630549965,Tunisia,0.2534076008690586
TUR,1995,0.09655665559150003,0.07312400563999977,Türkiye,0.5938488194853545
TWN,1995,0.19984369984500006,0.09144449993999992,Taiwan,0.5443211704507087
TZA,1995,0.049475984014100007,0.04141436624719996,Tanzania,0.3394474166007151
UGA,1995,0.10408587358640001,0.027795062112000002,Uganda,0.3303954293796328
UKR,1995,0.168691127869,0.16168919815999994,Ukraine,0.4548699295064362
URY,1995,0.02093519761815496,-0.061909929463770004,Uruguay,0.1988066371602359
USA,1995,0.025954571249740023,-0.026125989291270003,United States of America,0.1377742936372743
UZB,1995,0.13904835416054911,0.13927144614160536,Uzbekistan,0.1746922162143303
VEN,1995,0.016392324457066235,6.6941093244121674e-06,Venezuela,0.2771019331278342
VNM,1995,0.12355601862234997,0.1266980813762295,Vietnam,0.2262734671768224
YEM,1995,0.05458717980519599,-0.05251991795800004,Yemen,0.165324249349154
ZAF,1995,0.018187066367778004,-0.009828810774853869,South Africa,0.2485031257535459
ZMB,1995,0.10639557053860997,-0.10255791193688046,Zambia,0.2418895894421609
ZWE,1995,0.07204732346181998,-0.038450442959999886,Zimbabwe,0.4310758022495766
AFG,1996,0.010765036192399222,0.009061189579331774,Afghanistan,0.2165338712132493
ALB,1996,0.12762926005645,0.12068345654759982,Albania,0.3696756139100806
ARE,1996,0.12750758565456197,-0.11735931855782367,United Arab Emirates,0.2473698972942752
ARG,1996,0.03568643247613133,0.02928601499781558,Argentina,0.2495983288060702
ARM,1996,0.06072208267779998,0.015928767660000176,Armenia,0.4590501671194768
AUS,1996,0.001928734392528986,-0.0020662075537439995,Australia,0.1509408795178885
AZE,1996,0.1248151341840035,0.03449551821520069,Azerbaijan,0.2872129394104429
BDI,1996,0.19692924316125002,-0.18487066336399982,Burundi,0.358100260238084
BEL,1996,0.002851413735905518,-0.0030653184060530003,Belgium,0.1387890394967529
BEN,1996,0.006349426394758279,-0.0027690242543667587,Benin,0.2210551145837664
BFA,1996,0.013153297951385043,0.008836591176919928,Burkina Faso,0.2771686006375598
BGD,1996,0.171706064128275,0.16771592777900013,Bangladesh,0.2382125280778985
BGR,1996,0.05686310083444998,0.01334884514620005,Bulgaria,0.3330882565717731
BHR,1996,0.03119341202115651,-0.022350716172196083,Bahrain,0.2248127828921998
BIH,1996,0.09787693278249998,0.06750301196800002,Bosnia and Herzegovina,0.3920486721385586
BLR,1996,0.17140030468455,-0.06282055909649964,Belarus,0.3116557927206283
BOL,1996,0.09429029086424595,-0.089808980497468,Bolivia,0.2870573910015717
BRA,1996,0.014678047136170247,0.010805605097515825,Brazil,0.2704762888076699
BTN,1996,0.10372057350375,0.02599314572850009,Bhutan,0.4675892419324717
BWA,1996,0.4234940765745,0.26038308949400013,Botswana,0.4569409968114972
CAF,1996,0.10580433133698149,0.06999575568704008,Central African Republic,0.2158462269511609
CAN,1996,0.0034477601933930006,-0.003941942282458001,Canada,0.1612013178655002
CHE,1996,0.0006788064674501967,-0.0026561951913802,Switzerland,0.1573723112095555
CHL,1996,0.12939139844962502,0.12226534881837003,Chile,0.2984300236035512
CIV,1996,0.20414873375590503,0.19562600984036016,Ivory Coast,0.2472946749309083
CMR,1996,0.02594348403360863,0.003621288702599923,Cameroon,0.2305749670926557
COD,1996,0.08132346782440701,0.08011347306520022,Democratic Republic of the Congo,0.2315916423450323
COL,1996,0.03809147419605697,-0.010452654653056337,Colombia,0.3099264147905857
CRI,1996,0.12521228971858897,-0.12570012187704405,Costa Rica,0.2456798142716074
CYP,1996,0.33060705767750004,0.21552851092000003,Cyprus,0.3866793783081936
DEU,1996,0.0034019862094030397,-0.0034631086765540002,Germany,0.1181899024775119
DJI,1996,0.08503887643219155,0.054139719825100574,Djibouti,0.2714007628492588
DNK,1996,0.00031991450540094963,-0.0003830727203557,Denmark,0.1223795648945602
ECU,1996,0.07140687309228817,-0.0677443244322451,Ecuador,0.2670725445689218
EGY,1996,0.19775737144160002,0.18051106671000028,Egypt,0.2509789349620707
ESP,1996,0.054775314609981494,-0.055287168457949,Spain,0.1988321951944686
ETH,1996,0.14385031362307,-0.14261950921500066,Ethiopia,0.3644617554698031
FIN,1996,0.00649475521211197,-0.006732425138871999,Finland,0.1523734619059767
FJI,1996,0.03417172219475001,0.03455594435599996,Fiji,0.5220032732893661
FRA,1996,0.02295462828192504,-0.02472315981385,France,0.1716351182578655
GAB,1996,0.05889039550917049,0.0503269665711199,Gabon,0.261481259390403
GBR,1996,0.0024990671550930237,-0.003305840878258,United Kingdom,0.1685824315714872
GEO,1996,0.048875842750090034,0.024436313830000334,Georgia,0.3081658332196554
GHA,1996,0.03325468640710551,-0.031027257613184034,Ghana,0.2409309445604081
GIN,1996,0.06948729621691649,-0.05899810626680013,Guinea,0.2598434302708601
GMB,1996,0.08163857342362497,-0.03954427610650013,The Gambia,0.3207576786526868
GNB,1996,0.037611451403130006,0.0022010698337602275,Guinea-Bissau,0.2933114395327809
GNQ,1996,0.050586268228357004,-0.03087418219825322,Equatorial Guinea,0.2550485852200182
GRC,1996,0.37696057196988,-0.38346730439328,Greece,0.2429190725203663
GTM,1996,0.10328340819104502,0.09330088172324014,Guatemala,0.2785626202633247
GUY,1996,0.029693126523500004,-0.01051225824799995,Guyana,0.5523531954078484
HRV,1996,0.048477123596950035,0.0001525843240002267,Croatia,0.5286962054654838
HTI,1996,0.07279822128315855,0.06975568176653191,Haiti,0.2259812306990382
HUN,1996,0.09675621757247495,-0.09859945830835,Hungary,0.2393360332053834
IDN,1996,0.050666280082396514,0.014284523986349829,Indonesia,0.2661058361867114
IND,1996,0.03479354033487997,0.018767361815160033,India,0.3258129446816519
IRL,1996,0.0075838023492220226,-0.008163154018772,Ireland,0.1589896966674025
IRN,1996,0.154590062806085,-0.11693267838893018,Iran,0.3001067385312685
IRQ,1996,0.37128103942630275,0.37294779582545656,Iraq,0.1629261336085775
ISL,1996,0.008379340500404996,-0.00986635754563,Iceland,0.1905926827396207
ISR,1996,0.13535651350018998,-0.14483602138444002,Israel,0.2390706343990984
ITA,1996,0.0073455853298699985,-0.00756673044595,Italy,0.1684135218745263
JAM,1996,0.2563495610776,0.08048199267769995,Jamaica,0.3466960831702227
JOR,1996,0.17542521277100004,-0.1928584842000003,Jordan,0.4314580679581694
JPN,1996,0.013773332311570016,-0.015264216172819997,Japan,0.2345949560524661
KAZ,1996,0.269955219252625,0.09707580580499986,Kazakhstan,0.3384660272043027
KEN,1996,0.10496592575090001,0.08801266664519991,Kenya,0.2346656717531093
KGZ,1996,0.12168999697165003,-0.10381149020000002,Kyrgyzstan,0.4321780441846893
KHM,1996,0.029691548431789994,-0.022782975664000116,Cambodia,0.2640362818102839
KOR,1996,0.20935413721989996,0.14315517612039996,South Korea,0.3709062779831183
LAO,1996,0.05172859044202534,0.05177559279881949,Laos,0.1533199383955591
LBN,1996,0.03543389117819994,0.02389951463719986,Lebanon,0.254785801021776
LBR,1996,0.16219940625048998,-0.15130355506120008,Liberia,0.2600007085392376
LKA,1996,0.23160062556850006,0.21703244073600025,Sri Lanka,0.394544547087669
LSO,1996,0.07254163893830001,0.0754417961535998,Lesotho,0.4703101506664324
LTU,1996,0.04400342836749998,-0.076998326201,Lithuania,0.2770894288275926
LUX,1996,0.0010750010851559848,-0.001557085194636,Luxembourg,0.1622310891494008
LVA,1996,0.26319955579650006,0.24941019759999988,Latvia,0.3173539960899572
MAR,1996,0.171253287338335,0.14398510998899994,Morocco,0.3035434365050028
MDA,1996,0.222505025315,0.22052342690600013,Moldova,0.4303263138592137
MDV,1996,0.13100524675897207,-0.1236708701380489,Maldives,0.2583408719847238
MEX,1996,0.021004163283365032,0.01289497401668016,Mexico,0.313341739350143
MKD,1996,0.11358575886150003,0.07604313216000014,North Macedonia,0.5557935871796538
MLI,1996,0.015466588056649808,-0.01499502259092833,Mali,0.1767523858770496
MMR,1996,0.008687511649467631,-0.0033951701562937586,Burma/Myanmar,0.2091938037521334
MNG,1996,0.04642921075809501,0.003242157327840278,Mongolia,0.3702173362632076
MOZ,1996,0.172749897712,0.14618860998000005,Mozambique,0.3439339049538463
MUS,1996,0.11392996005579996,0.08690448552499985,Mauritius,0.3831378237022782
MWI,1996,0.022488623661619946,0.02197278221103982,Malawi,0.269474350247971
MYS,1996,0.11771726665949996,-0.1377934391000002,Malaysia,0.4695495556569127
NAM,1996,0.09113801820817498,-0.07358706543439997,Namibia,0.333536377311466
NER,1996,0.16294238925085,0.1347997768372,Niger,0.3215496691669336
NGA,1996,0.05081842668743003,-0.0068203170224001575,Nigeria,0.2765308412438652
NIC,1996,0.05221625324046701,-0.04803555782933633,Nicaragua,0.2413761332345355
NLD,1996,0.0013798738489213516,-0.0016167261042681002,Netherlands,0.1488730540088411
NOR,1996,0.0006706229284333072,-0.0008476600896898,Norway,0.1457589412617373
NPL,1996,0.22201715413221498,0.2219314745822798,Nepal,0.2803058136505365
NZL,1996,0.0009367671766610146,-0.0013752200532660002,New Zealand,0.1331901701805487
PAK,1996,0.037624009943035,0.02565300006999993,Pakistan,0.307996486366825
PHL,1996,0.02585278910965502,-0.019407653780239897,Philippines,0.254643074272608
PNG,1996,0.17411688568604994,0.1851633258915999,Papua New Guinea,0.2904189520414362
POL,1996,0.232703487807,-0.23435838598320005,Poland,0.2191897495548235
PRK,1996,0.007692115663215803,0.007692674233604535,North Korea,0.1450387638373867
PRT,1996,0.16526392861951997,-0.16644679615952,Portugal,0.1895866685056317
PRY,1996,0.12370192995932387,-0.12299950521651071,Paraguay,0.2129037016925392
ROU,1996,0.0905571795475,-0.0653767184059999,Romania,0.3953986877984854
RUS,1996,0.18921665740040003,0.1845912576548001,Russia,0.3222277645771313
RWA,1996,0.14504641145147001,-0.12787542860951984,Rwanda,0.3059578211523495
SDN,1996,0.012442873955435309,0.002153172160983541,Sudan,0.1869612684791455
SEN,1996,0.04075447909406351,-0.03309815949050776,Senegal,0.2832527355259633
SLE,1996,0.043235488993977,0.0048209296147998515,Sierra Leone,0.2417000684812025
SOM,1996,0.2471774857292975,0.2473154911010007,Somalia,0.1733835106027412
SRB,1996,0.17998370478845005,0.11587197450000009,Serbia,0.3834264560939112
SWE,1996,0.0010558939073704774,-0.0011315468491730001,Sweden,0.1326245376281834
SWZ,1996,0.07320148643946846,-0.05598496570135092,Eswatini,0.2831610096666139
SYC,1996,0.38797717562500006,-0.5203018311999998,Seychelles,0.5792680251523524
SYR,1996,0.2248723273349004,0.22503805577260128,Syria,0.1610432636635696
TCD,1996,0.03694038142654285,-0.023275728535600226,Chad,0.2221278501893709
TGO,1996,0.06639770230807503,-0.041070694184,Togo,0.3391646701704493
THA,1996,0.07732165230175,0.06530752656320016,Thailand,0.3004911588028315
TJK,1996,0.04922756258274507,-0.018762057514976505,Tajikistan,0.2432383590399472
TKM,1996,0.03070825990603203,0.030712412470025985,Turkmenistan,0.1444076712639334
TTO,1996,0.09252091492584995,-0.13849723158560007,Trinidad and Tobago,0.326089794234242
TUN,1996,0.104503158176045,0.01263425261779938,Tunisia,0.2591891340519636
TUR,1996,0.10433939787049999,0.08696639177199983,Türkiye,0.5676912275475192
TWN,1996,0.24495920045300004,-0.11297740657400013,Taiwan,0.448445517252189
TZA,1996,0.08369219118405004,-0.08046776551439971,Tanzania,0.3310431845678073
UGA,1996,0.11439083210465002,0.09152312201359991,Uganda,0.2642067102545473
UKR,1996,0.16016245141249996,0.14225166147199997,Ukraine,0.4487768934900129
URY,1996,0.022727381277964996,-0.07284624848079001,Uruguay,0.1920870190627737
USA,1996,0.028677748845635002,-0.028858322881340003,United States of America,0.1474314907266994
UZB,1996,0.13192230738776037,0.13214365676073792,Uzbekistan,0.1805005741756249
VEN,1996,0.01689541756497881,0.0007430337169296308,Venezuela,0.2796246847839861
VNM,1996,0.13726416632293997,0.14137912089532012,Vietnam,0.249018681310169
YEM,1996,0.046714205985860985,-0.044592834908000256,Yemen,0.1876322162000699
ZAF,1996,0.012013666619822738,-0.0038563371522619683,South Africa,0.2553990004704314
ZMB,1996,0.13215104889021004,-0.1297261157716798,Zambia,0.2317648876340971
ZWE,1996,0.06934634924712,-0.03387573498399954,Zimbabwe,0.4318317230584014
AFG,1997,0.008161904118889998,0.006038839326737655,Afghanistan,0.216010911314506
ALB,1997,0.18318073427749998,0.18000222550800005,Albania,0.3169570569783975
ARE,1997,0.111463475827671,-0.101639532777142,United Arab Emirates,0.2452816937362834
ARG,1997,0.03483002772095375,0.028254923840925095,Argentina,0.2531553864938068
ARM,1997,0.0707852362695,0.0008994840319997977,Armenia,0.5263846720233346
AUS,1997,0.0019977766385168637,-0.0021554314238011,Australia,0.162257309812715
AZE,1997,0.12741049905063506,-0.0017635103083000203,Azerbaijan,0.2906831802104
BDI,1997,0.24094936337730002,-0.23074073593799937,Burundi,0.3755397336339229
BEL,1997,0.002473055779938722,-0.0026783875885425,Belgium,0.152241352497965
BEN,1997,0.006376229352662153,-0.003343300203233257,Benin,0.2387377978422743
BFA,1997,0.08423882777404997,-0.08438778913440004,Burkina Faso,0.2968259423246408
BGD,1997,0.152503180862455,0.14827587022048028,Bangladesh,0.2438828905853633
BGR,1997,0.06219827701932002,0.02767659655894006,Bulgaria,0.3409867705778875
BHR,1997,0.028515437250866995,-0.020314496686929306,Bahrain,0.2236002322084171
BIH,1997,0.13232333168715005,0.1274418706367999,Bosnia and Herzegovina,0.3479684029825035
BLR,1997,0.05356882835220996,0.06373473880764946,Belarus,0.2580614856784388
BOL,1997,0.079275324221882,-0.07528688238700587,Bolivia,0.2866199773944562
BRA,1997,0.016747399539917465,0.012500671555239928,Brazil,0.2766744857073129
BTN,1997,0.10760924435264999,0.021695782494699944,Bhutan,0.4615767085858521
BWA,1997,0.5701604234315001,0.4542339715479998,Botswana,0.4701810656682894
CAF,1997,0.11893997898841499,0.08473496327719987,Central African Republic,0.2208552022223923
CAN,1997,0.003653181333782521,-0.004153305861564999,Canada,0.175106574838347
CHE,1997,0.0005704494709827712,-0.0022128676619964996,Switzerland,0.1670422265536947
CHL,1997,0.12350920718757505,0.11672974586576013,Chile,0.3017293971683365
CIV,1997,0.19395678474732,0.18569984404663997,Ivory Coast,0.2541028864514854
CMR,1997,0.026006506139664324,0.003197188528720085,Cameroon,0.2360389913422524
COD,1997,0.032707236436632245,0.03098167520674977,Democratic Republic of the Congo,0.2270295262082811
COL,1997,0.03493617776089947,-0.0124247867046261,Colombia,0.3185106725516863
CRI,1997,0.11112547552889104,-0.11157367344954616,Costa Rica,0.2522379613869619
CYP,1997,0.362782398084,0.21886580122100008,Cyprus,0.3900677906558095
DEU,1997,0.0035606293456023844,-0.0036216804662510997,Germany,0.1326296657096592
DJI,1997,0.086506960297095,0.05402121797510029,Djibouti,0.2764968569513202
DNK,1997,0.0003061900801367604,-0.00036425370651264996,Denmark,0.1340054493575143
ECU,1997,0.07123916708200997,-0.05209320375857995,Ecuador,0.3437254797795092
EGY,1997,0.22379103905138997,0.210344655833,Egypt,0.2533690941699653
ESP,1997,0.04165384044111305,-0.04214068190907799,Spain,0.1972980967494807
ETH,1997,0.13731075572891,-0.13601191598999973,Ethiopia,0.3798180350000142
FIN,1997,0.005896532315843012,-0.006124110469458001,Finland,0.1673718376380675
FJI,1997,0.07470005375174996,0.08433589172200007,Fiji,0.509590937578489
FRA,1997,0.024320817754074978,-0.02618464900075,France,0.1905027471914985
GAB,1997,0.06941462943836901,0.06254166191844002,Gabon,0.2584051776622668
GBR,1997,0.0027104595041430517,-0.0035311649396580005,United Kingdom,0.1836895967448925
GEO,1997,0.049772423583219996,0.022531218607199754,Georgia,0.3450042790398522
GHA,1997,0.017454215001704184,-0.01528140875419326,Ghana,0.2600742372124274
GIN,1997,0.07552206561137473,-0.06109894548839989,Guinea,0.2858841436674409
GMB,1997,0.13380393950352498,0.05334554312199957,The Gambia,0.3696992141593652
GNB,1997,0.03885774053503501,0.0029845933929597557,Guinea-Bissau,0.3001627616782699
GNQ,1997,0.047073349814098026,-0.030124108470608757,Equatorial Guinea,0.24199712874337
GRC,1997,0.30976507364351,-0.31589572886906,Greece,0.2579847030336917
GTM,1997,0.023551502891522524,-0.025180745415260164,Guatemala,0.272773697136761
GUY,1997,0.06791475166999997,0.04217279606199997,Guyana,0.489563502326557
HRV,1997,0.051423477628,0.011920258747999846,Croatia,0.5331363396330391
HTI,1997,0.10397237529933702,0.10081418719806434,Haiti,0.2323316493559031
HUN,1997,0.09663721309492497,-0.09869726691394999,Hungary,0.2551124238931085
IDN,1997,0.0655349517315295,0.03049472430230038,Indonesia,0.275766976054689
IND,1997,0.044886350660109986,0.009858919015120149,India,0.3264620741677754
IRL,1997,0.007526117331000984,-0.008076408429805998,Ireland,0.1737846594887516
IRN,1997,0.15796030658289,-0.009581483649000244,Iran,0.3573237103523565
IRQ,1997,0.3995988310830416,0.4011388248746557,Iraq,0.1613680867350531
ISL,1997,0.007264204569323532,-0.008678426353841,Iceland,0.204800554867779
ISR,1997,0.13781370790324504,-0.14739508119107003,Israel,0.2508271232803055
ITA,1997,0.0020358582416950123,-0.0022782732246700004,Italy,0.1827412753708057
JAM,1997,0.27273336686550004,0.1147478274635999,Jamaica,0.3549323466951032
JOR,1997,0.14237128592199996,-0.16098179680000024,Jordan,0.4308286268265071
JPN,1997,0.014282580364780006,-0.01580368057138,Japan,0.241207218170072
KAZ,1997,0.27441508759780997,0.09368567022699992,Kazakhstan,0.34915308346968
KEN,1997,0.13175623431662,0.11827248737336005,Kenya,0.2398175095188622
KGZ,1997,0.1581386569323,-0.14415991820000063,Kyrgyzstan,0.4386420981529502
KHM,1997,0.026017491503848474,-0.019152330642000504,Cambodia,0.255922666543365
KOR,1997,0.211819212701,0.17706326849600007,South Korea,0.3729311425282556
LAO,1997,0.04810879752074506,0.04815474700795219,Laos,0.1490055267265689
LBN,1997,0.03271816305683002,0.02094541989560006,Lebanon,0.2625487672196929
LBR,1997,0.09032615424282499,-0.056610241628000324,Liberia,0.276355448899509
LKA,1997,0.214736888233,0.19900382345199996,Sri Lanka,0.3986974055545932
LSO,1997,0.04938076576274996,0.05455383347199971,Lesotho,0.4747174824119504
LTU,1997,0.07977570809649999,-0.093956830298,Lithuania,0.3040556440464549
LUX,1997,0.0009881809243765037,-0.0014490720584589998,Luxembourg,0.1761928673381564
LVA,1997,0.27789495307900003,0.2634520267659999,Latvia,0.3201475632503004
MAR,1997,0.191288319183785,0.16762784076999981,Morocco,0.3227646869728408
MDA,1997,0.21337607518549995,0.20652789197599963,Moldova,0.4621682559997748
MDV,1997,0.1457653336016409,-0.139034742227655,Maldives,0.2610164730388184
MEX,1997,0.19488113878313998,-0.19130372283612007,Mexico,0.292401821675469
MKD,1997,0.12064735187150001,0.09257807815599994,North Macedonia,0.5275296453139344
MLI,1997,0.019688275597401644,-0.019407025377353282,Mali,0.1784704365026861
MMR,1997,0.008981370092393819,-0.0039922033469137475,Burma/Myanmar,0.2097634994651182
MNG,1997,0.03190237457648497,0.004740484673219969,Mongolia,0.3773410466810772
MOZ,1997,0.17305773236125,0.14632024920599984,Mozambique,0.3584723025338445
MUS,1997,0.13547608652305,0.07501891165710006,Mauritius,0.3636475551886545
MWI,1997,0.05181497547710001,-0.047203609036799765,Malawi,0.2794908374755404
MYS,1997,0.0861051107885,-0.10448785535999949,Malaysia,0.4702305710095725
NAM,1997,0.09494807533036503,-0.07511977535921988,Namibia,0.3469824213837786
NER,1997,0.15078267456685002,0.12286448375840031,Niger,0.339925655968249
NGA,1997,0.04943725987675996,0.0010759467151999491,Nigeria,0.2903565514368529
NIC,1997,0.06850253889665497,-0.06634623382483995,Nicaragua,0.23051417449734
NLD,1997,0.001291945347354805,-0.0015240002063484999,Netherlands,0.1619647595468347
NOR,1997,0.0006429499528099683,-0.0008156762587,Norway,0.1592013895475625
NPL,1997,0.21129453410345997,0.2112372226169199,Nepal,0.2847490134081187
NZL,1997,0.0009069692853499998,-0.00133948503967,New Zealand,0.1393933636255725
PAK,1997,0.034916380167060036,0.025764631179280295,Pakistan,0.2886676247289629
PHL,1997,0.026551817353299995,-0.019905023771800145,Philippines,0.2593508774430613
PNG,1997,0.18500809598762996,0.19473199733896007,Papua New Guinea,0.308574576710091
POL,1997,0.20123104484768,-0.20311625725507987,Poland,0.2349080962448471
PRK,1997,0.007201138757998073,0.007201314086644928,North Korea,0.1398362311426124
PRT,1997,0.1778166182110825,-0.17879513637659497,Portugal,0.2131587887484709
PRY,1997,0.11145326617735614,-0.11071344721594945,Paraguay,0.2184618586421793
ROU,1997,0.12019913758029997,-0.09236797544440001,Romania,0.3867921961599481
RUS,1997,0.17995282336165,0.17450808949480012,Russia,0.3281664765626368
RWA,1997,0.1547689429158725,-0.13548684059620975,Rwanda,0.3117481505622594
SDN,1997,0.01333961847821222,0.004281773979090797,Sudan,0.190960013084581
SEN,1997,0.033810884086618496,-0.028191587879548008,Senegal,0.2951428901287374
SLE,1997,0.05200219380931002,-0.03625925890319959,Sierra Leone,0.3033187746399406
SOM,1997,0.19263934963802448,0.19280027214800022,Somalia,0.193181420862804
SRB,1997,0.10691795682853496,0.0325603339799998,Serbia,0.4018774570680333
SWE,1997,0.001022807739201634,-0.0010967311875595999,Sweden,0.1452843011640852
SWZ,1997,0.08105000504157,-0.06382250716095061,Eswatini,0.2895813846490886
SYC,1997,0.37509563721000005,-0.4978204543999998,Seychelles,0.5871442167684342
SYR,1997,0.23496781375083084,0.2351394475937325,Syria,0.1615248997057428
TCD,1997,0.028555936889624822,-0.014590926319319575,Chad,0.234911482012081
TGO,1997,0.06646376777091698,-0.04066707652560009,Togo,0.346813218397609
THA,1997,0.08692617562474997,0.08138114356399972,Thailand,0.3014128953513257
TJK,1997,0.057747279062720626,-0.017287679666916134,Tajikistan,0.2543070550013082
TKM,1997,0.022520723043927604,0.022523299907156513,Turkmenistan,0.1451663372068459
TTO,1997,0.04238805349919998,-0.07692541213299997,Trinidad and Tobago,0.3325559036002156
TUN,1997,0.12015859553488498,-0.014372971959499825,Tunisia,0.2616482779196731
TUR,1997,0.09731359292599998,0.07985763917999988,Türkiye,0.5816326286238379
TWN,1997,0.22442253520814998,-0.0449112313561999,Taiwan,0.4349656457870416
TZA,1997,0.1291232670535,-0.1258057388199998,Tanzania,0.3492679311445812
UGA,1997,0.11094264329835,0.0890620190007998,Uganda,0.2700838654326647
UKR,1997,0.17243713008500006,0.14396866470399994,Ukraine,0.4712200633762147
URY,1997,0.02201543386158499,-0.06578360332491,Uruguay,0.1963550501080268
USA,1997,0.022253971239745974,-0.022423250054495993,United States of America,0.157620319929505
UZB,1997,0.14059287347096014,0.14088985664460685,Uzbekistan,0.1875896324023452
VEN,1997,0.014972997477015054,0.0010939079053344791,Venezuela,0.2822282489898909
VNM,1997,0.144416978336265,0.14958409708274,Vietnam,0.2538861719646293
YEM,1997,0.04215829245991449,-0.039629601277599846,Yemen,0.1922727684648524
ZAF,1997,0.011290830826263703,-0.002559876816989659,South Africa,0.2663698112299278
ZMB,1997,0.13342728347508503,-0.13106974988908004,Zambia,0.2472113366921964
ZWE,1997,0.06708041564228495,-0.025000291212000203,Zimbabwe,0.4352284733002346
AFG,1998,0.008113251745125371,0.005880244966330217,Afghanistan,0.2178459660708296
ALB,1998,0.11968207795249998,0.11835706526199985,Albania,0.3544771057231594
ARE,1998,0.11029812854022497,-0.10041179235075015,United Arab Emirates,0.2443556657594951
ARG,1998,0.03690747193517746,0.029645487959795824,Argentina,0.2575039994380287
ARM,1998,0.05888514276230002,0.006465652219999729,Armenia,0.4596293239989242
AUS,1998,0.001969967534327474,-0.002138179423455,Australia,0.1655814873490786
AZE,1998,0.12666522741845296,0.03653040173299971,Azerbaijan,0.3102407071361269
BDI,1998,0.2942944879778999,-0.28461748480799987,Burundi,0.3842968773443257
BEL,1998,0.0025897899832739847,-0.0028290708445439998,Belgium,0.1625224964107226
BEN,1998,0.006857191168452968,-0.003814468213493738,Benin,0.2440367818391062
BFA,1998,0.128306947529675,-0.12740178710339967,Burkina Faso,0.2835708313928313
BGD,1998,0.16487949107538497,0.16071818987931996,Bangladesh,0.2451621709602204
BGR,1998,0.15541337279025,0.08752849793179995,Bulgaria,0.366314998773232
BHR,1998,0.02806696027401249,-0.019925849666355244,Bahrain,0.2208626072426309
BIH,1998,0.03150122894334997,0.02935868370320005,Bosnia and Herzegovina,0.3339150266341891
BLR,1998,0.04186526988602403,0.04695544795851214,Belarus,0.2513804143383525
BOL,1998,0.07948260972107347,-0.07516129390658821,Bolivia,0.2943101438677752
BRA,1998,0.013597280046655062,0.010026409179178186,Brazil,0.2750150631732916
BTN,1998,0.14240630963599998,0.08243929342599943,Bhutan,0.4976658155780581
BWA,1998,0.4412084528025,0.23885050035499988,Botswana,0.4412581286477715
CAF,1998,0.13061314691231998,0.09340171708667966,Central African Republic,0.2267220169183672
CAN,1998,0.0032298587150670337,-0.0037122065230519997,Canada,0.1815673851176773
CHE,1998,0.0007716518465834856,-0.0030406908519259998,Switzerland,0.176048146841217
CHL,1998,0.12441788536759302,0.11775769495993205,Chile,0.3004226023383366
CIV,1998,0.18684780513127502,0.1792374192941999,Ivory Coast,0.2663611873497131
CMR,1998,0.026199497933334495,0.0020416322545198096,Cameroon,0.242447561528885
COD,1998,0.02945505011349747,0.02878237893099911,Democratic Republic of the Congo,0.253580236242985
COL,1998,0.031223093319906015,-0.009829863872028,Colombia,0.311692967141705
CRI,1998,0.11847438850673402,-0.11882597128584893,Costa Rica,0.2451904064455992
CYP,1998,0.3168528231657,0.16000557633840007,Cyprus,0.389169434292897
DEU,1998,0.0035018376921895546,-0.0035628826452741794,Germany,0.1378569406196915
DJI,1998,0.091161181283512,0.05861265307339947,Djibouti,0.2798771683173328
DNK,1998,0.000272627773715606,-0.0003344568707299,Denmark,0.1377865167459381
ECU,1998,0.04666070542561939,-0.042785287363804825,Ecuador,0.2987019975252647
EGY,1998,0.204912571885835,0.19114188358599993,Egypt,0.2561135130246123
ESP,1998,0.029678925799270603,-0.030160943608093897,Spain,0.1862312770859028
ETH,1998,0.13953775043126498,-0.13829479941999967,Ethiopia,0.3807743141357748
FIN,1998,0.005531096124747997,-0.005756810648298,Finland,0.1769461839960928
FJI,1998,0.07799468349050001,0.08921816827599982,Fiji,0.5335494691236666
FRA,1998,0.021633117628815004,-0.02340257927259,France,0.1951272385607581
GAB,1998,0.07056364917369397,0.06425608760456791,Gabon,0.2551477802499851
GBR,1998,0.002627155194036029,-0.0033661743295760006,United Kingdom,0.188277648915012
GEO,1998,0.04817160056355999,0.025489371674800143,Georgia,0.3345025844989678
GHA,1998,0.017889301798407035,-0.015624644450416003,Ghana,0.2636390445555785
GIN,1998,0.06998218650530898,-0.05402622965439985,Guinea,0.2916738437337116
GMB,1998,0.13904378746658497,0.07643661718299999,The Gambia,0.3795906577175213
GNB,1998,0.03897172478426653,0.0019961876916001486,Guinea-Bissau,0.2991318308769996
GNQ,1998,0.050873500231373533,-0.03288382637049292,Equatorial Guinea,0.2575160853001614
GRC,1998,0.265434237303515,-0.2710830455519901,Greece,0.2729150093572624
GTM,1998,0.06504134347403252,0.05960965726749978,Guatemala,0.2732585922287407
GUY,1998,0.22369580711695009,-0.21140388017559997,Guyana,0.4356666190897876
HRV,1998,0.055918781751099975,0.006152407424000028,Croatia,0.5972718289963359
HTI,1998,0.075834258097735,0.07220809098944003,Haiti,0.2423894628325287
HUN,1998,0.12449541452588499,-0.12674208374091,Hungary,0.2633396443182002
IDN,1998,0.03234089913248503,0.03155358910000006,Indonesia,0.3453755596005887
IND,1998,0.04344942536733999,0.010414413899579866,India,0.3289610912074592
IRL,1998,0.004911454863413471,-0.005364293129081,Ireland,0.1839927081936042
IRN,1998,0.16519638738500003,-0.008481902874000191,Iran,0.3881984684435693
IRQ,1998,0.36684111428590827,0.3682988818287827,Iraq,0.1652211324380536
ISL,1998,0.006661519061007994,-0.008038082905148,Iceland,0.2131324486487918
ISR,1998,0.16939853354132997,-0.17958930722167998,Israel,0.2526390605692312
ITA,1998,0.007795165539744042,-0.008004075161924001,Italy,0.1901080086460462
JAM,1998,0.21796124627405003,0.07388858180610003,Jamaica,0.3516725537661089
JOR,1998,0.137512879797,-0.15489984244999988,Jordan,0.4269961035220723
JPN,1998,0.01347405953337601,-0.014931206320055996,Japan,0.2452389473896891
KAZ,1998,0.262471258892085,0.06708633298699951,Kazakhstan,0.3583185655267329
KEN,1998,0.11486913723488001,0.0998753524325604,Kenya,0.2439552948808114
KGZ,1998,0.2125676966861,-0.19722052767999987,Kyrgyzstan,0.4462811748749578
KHM,1998,0.02840504403496652,-0.018820839502399878,Cambodia,0.2687984379703331
KOR,1998,0.23594925343139997,0.22391136615629992,South Korea,0.3251980046330573
LAO,1998,0.05224974710152561,0.0523005205570497,Laos,0.1528660763671811
LBN,1998,0.03451345801095001,0.023364820222000038,Lebanon,0.2507379426797496
LBR,1998,0.07801046190481052,-0.042503546003599624,Liberia,0.287626696922309
LKA,1998,0.18978762261165,0.17043638756279988,Sri Lanka,0.4043337725702178
LSO,1998,0.011486202403399983,0.012626459222800035,Lesotho,0.3919384565067132
LTU,1998,0.08721617454950002,-0.10157568468100002,Lithuania,0.3185222907888824
LUX,1998,0.0009097950228755002,-0.001351912289313,Luxembourg,0.1862842230264591
LVA,1998,0.021967050609999966,0.012795858684000017,Latvia,0.3296905151400113
MAR,1998,0.175060653475,0.12649590161000024,Morocco,0.3416505070095698
MDA,1998,0.2176368349037,0.21460948319039996,Moldova,0.4524344488936348
MDV,1998,0.18953197017792028,-0.1841218596896983,Maldives,0.2620464959220026
MEX,1998,0.23916482032796008,-0.23481617653167963,Mexico,0.3006616373755134
MKD,1998,0.13216438321450005,0.11823964842399981,North Macedonia,0.5366474473419899
MLI,1998,0.02213620799964778,-0.021838346612802262,Mali,0.1860408743432949
MMR,1998,0.00897780196592392,-0.00382261508483861,Burma/Myanmar,0.2129296612444836
MNG,1998,0.039468085440976984,0.006052440812283955,Mongolia,0.3823674319459986
MOZ,1998,0.21301047118801997,0.20047991495264017,Mozambique,0.3204551775018241
MUS,1998,0.12658075358985002,0.06535027366919988,Mauritius,0.3622791779169455
MWI,1998,0.07618812855559999,-0.07179324974279999,Malawi,0.2813424644535068
MYS,1998,0.06652403085050004,-0.07616679283999961,Malaysia,0.4707620691329512
NAM,1998,0.08238430587809001,-0.0649210555004196,Namibia,0.3560146050497468
NER,1998,0.11511873117784996,0.08940332674720008,Niger,0.351772012300049
NGA,1998,0.08029159290508502,0.06861536280372005,Nigeria,0.2665611517242875
NIC,1998,0.07564028072209246,-0.07318423645374006,Nicaragua,0.232874548345843
NLD,1998,0.001331753597307011,-0.001560794693192,Netherlands,0.1682371717117049
NOR,1998,0.0005731563100062636,-0.0007320331217078,Norway,0.1654911915495737
NPL,1998,0.19854154398810003,0.19858141319559985,Nepal,0.2849453418804425
NZL,1998,0.000931126780987482,-0.001347505485765,New Zealand,0.1454143768647109
PAK,1998,0.03543029528666252,0.02738211615808006,Pakistan,0.2896391210994969
PHL,1998,0.021631788372848983,-0.01761354487429223,Philippines,0.2436514144635977
PNG,1998,0.14446225056702006,0.15582211788584033,Papua New Guinea,0.2939971793559196
POL,1998,0.20336064876469997,-0.20523288116329996,Poland,0.2358915841725078
PRK,1998,0.006748691300428598,0.006749172276012683,North Korea,0.1415520202120455
PRT,1998,0.148971611787965,-0.14980253408181,Portugal,0.2160397568673386
PRY,1998,0.11789563514307852,-0.11728788421206837,Paraguay,0.2184660213728737
ROU,1998,0.13434677745550003,-0.10471331214900004,Romania,0.3970296059903752
RUS,1998,0.165156187062,0.16005722507519993,Russia,0.3233062249253117
RWA,1998,0.15383945161857698,-0.13347740448810086,Rwanda,0.3134987465104357
SDN,1998,0.01329954800350232,-0.0016450580850482233,Sudan,0.1840349647627893
SEN,1998,0.035418567017828466,-0.029995953341028114,Senegal,0.300858825255748
SLE,1998,0.04762916649027497,-0.022342356622799375,Sierra Leone,0.3238294566507721
SOM,1998,0.17471750608164097,0.17491516024159992,Somalia,0.1915138989800388
SRB,1998,0.071038979533515,-0.03383051016000005,Serbia,0.4173064862550931
SWE,1998,0.0010985634654719298,-0.0011731076672615202,Sweden,0.1517623285688376
SWZ,1998,0.08281839362622397,-0.06753107909667655,Eswatini,0.2897829238310298
SYC,1998,0.32945767770000006,-0.4092323579000001,Seychelles,0.5956623665371865
SYR,1998,0.2318018634707361,0.23198351361970104,Syria,0.1608755187373136
TCD,1998,0.031971893149290116,-0.016982844224199933,Chad,0.2484397267443397
TGO,1998,0.05704103947053998,-0.03488081939600063,Togo,0.3413569166577624
THA,1998,0.03882123298520002,0.03673808491840025,Thailand,0.3059529086814869
TJK,1998,0.07116949615865048,0.0011042616554997053,Tajikistan,0.2781996148917025
TKM,1998,0.02249010498659043,0.02249213492151858,Turkmenistan,0.1476660269733718
TTO,1998,0.11810067638000002,-0.1604590341758,Trinidad and Tobago,0.325489364214893
TUN,1998,0.09720172041944852,0.012085748489470305,Tunisia,0.2542969031089279
TUR,1998,0.09119758993800002,0.07128421631999982,Türkiye,0.6092589353357413
TWN,1998,0.20835138545624998,-0.03993851228200018,Taiwan,0.418296106783249
TZA,1998,0.16031931830931498,-0.1568325601385201,Tanzania,0.348537935478114
UGA,1998,0.109088670294125,0.08749379293060011,Uganda,0.2726704974782344
UKR,1998,0.13199230923275,0.10432709749399982,Ukraine,0.451730618929167
URY,1998,0.018934321471452988,-0.051961992497818,Uruguay,0.2075172387602175
USA,1998,0.023066873549896023,-0.02323995671405601,United States of America,0.1607842932477331
UZB,1998,0.15059274004671158,0.15091476589879305,Uzbekistan,0.1920076013605236
VEN,1998,0.02155267745782379,-0.0037161407655450507,Venezuela,0.2838590963293022
VNM,1998,0.13773920957860403,0.1427995644988722,Vietnam,0.2561394707142126
YEM,1998,0.05036905668806954,-0.0480113890520002,Yemen,0.1929479572598103
ZAF,1998,0.012089631340110691,-0.0028678966293516073,South Africa,0.2694797140059506
ZMB,1998,0.16004839609706004,-0.15743592275848006,Zambia,0.2517634400894686
ZWE,1998,0.06190920962542003,-0.025965617775999483,Zimbabwe,0.4236159831616968
AFG,1999,0.008134564231082445,0.005792804089801873,Afghanistan,0.2301318494980403
ALB,1999,0.05005551432950001,0.04959584838400044,Albania,0.3619806259932623
ARE,1999,0.10987080581831798,-0.10072289702503623,United Arab Emirates,0.2449950490069982
ARG,1999,0.03015100368402776,0.024510867158356042,Argentina,0.2613593643498709
ARM,1999,0.05982666174944003,0.0008786510080005527,Armenia,0.4666750400261573
AUS,1999,0.0011975608724235068,-0.001352471426481,Australia,0.1713380978002289
AZE,1999,0.13800873379919698,0.04797829099332995,Azerbaijan,0.3217734144664572
BDI,1999,0.28776600706875,-0.27718666486399934,Burundi,0.3834736492521415
BEL,1999,0.0030557564154287615,-0.0033005327096224998,Belgium,0.1668141298352864
BEN,1999,0.0057205249776917065,-0.003493345159551131,Benin,0.2417768576668606
BFA,1999,0.10706153625867698,-0.104762018826416,Burkina Faso,0.2803784663795425
BGD,1999,0.17033798383867,0.16659816085143997,Bangladesh,0.2472261798783408
BGR,1999,0.11375435500049996,0.06371666790620001,Bulgaria,0.3607933623566551
BHR,1999,0.02969412961552996,-0.019258362533540296,Bahrain,0.2242952189735229
BIH,1999,0.03439375789350005,-0.029298448841999836,Bosnia and Herzegovina,0.3432476473224596
BLR,1999,0.03506462013724698,0.03789306449466556,Belarus,0.246912168210481
BOL,1999,0.0664904349023823,-0.06251740768385838,Bolivia,0.2973296949966326
BRA,1999,0.014177447094684123,0.010794298536354385,Brazil,0.28319906261312
BTN,1999,0.14955577348050003,0.09301036100900006,Bhutan,0.5156401487961487
BWA,1999,0.4186222961515,0.23510622838799977,Botswana,0.4297852519658445
CAF,1999,0.13329436206955494,0.09685907031684016,Central African Republic,0.2320570989381795
CAN,1999,0.002880828583173515,-0.0033110256870209995,Canada,0.1854904011470663
CHE,1999,0.0005431355197411372,-0.0021290246934039,Switzerland,0.1892415489626518
CHL,1999,0.109769859427385,0.10445944947356,Chile,0.3059100380054443
CIV,1999,0.096804015145375,0.06367111198099984,Ivory Coast,0.3411119345175447
CMR,1999,0.026696146700653338,0.0066120721837199525,Cameroon,0.2456937853758906
COD,1999,0.011564626951169481,0.010894327625999622,Democratic Republic of the Congo,0.2569518046522718
COL,1999,0.03892544902242002,-0.014987508722600129,Colombia,0.3293940668667292
CRI,1999,0.06801417455687296,-0.06838483294393383,Costa Rica,0.2699971328042681
CYP,1999,0.43595516222860003,0.27862136685520034,Cyprus,0.3771212962131224
DEU,1999,0.003303082620610329,-0.00336153375677592,Germany,0.1440860974514052
DJI,1999,0.096935492954628,0.06552180816759945,Djibouti,0.2776642623983411
DNK,1999,0.00027440257786687087,-0.00033167187212928005,Denmark,0.1440320610169028
ECU,1999,0.05408697219889951,-0.05016725144129608,Ecuador,0.3013917526872307
EGY,1999,0.181169130849525,0.16042038379499957,Egypt,0.254057219936223
ESP,1999,0.027221713836640002,-0.027670032270190003,Spain,0.1911203424987874
ETH,1999,0.14263769802328996,-0.14138447237400031,Ethiopia,0.384696031256535
FIN,1999,0.0052477500240957365,-0.005473291082594501,Finland,0.1836181777674922
FJI,1999,0.054502888492199954,0.06243414574239958,Fiji,0.5320358426371607
FRA,1999,0.01992952571799248,-0.021620406776455,France,0.2019388472843151
GAB,1999,0.06960967977417651,0.06324228331195991,Gabon,0.2515311909514571
GBR,1999,0.002582472766115015,-0.0031928443518299994,United Kingdom,0.1866574753541412
GEO,1999,0.05203472871289749,0.029835280287999755,Georgia,0.3509317790502003
GHA,1999,0.016347084249668863,-0.014206966968120849,Ghana,0.2639928172235325
GIN,1999,0.07263074657969752,-0.057855392231199954,Guinea,0.2909195079803064
GMB,1999,0.13780255259732502,0.07192232402700016,The Gambia,0.3816114538956233
GNB,1999,0.03555229173319003,-0.0014015814719194886,Guinea-Bissau,0.3008837137676964
GNQ,1999,0.04762694809420363,-0.028698696294627624,Equatorial Guinea,0.2570969274944772
GRC,1999,0.25918425206443,-0.26463113663398,Greece,0.2807894609299681
GTM,1999,0.046841767645425,-0.04883824183459984,Guatemala,0.2978273987998364
GUY,1999,0.1697635300282,-0.1587410346656002,Guyana,0.4397571721490933
HRV,1999,0.057221943055999994,0.01724393197999996,Croatia,0.5678834652008997
HTI,1999,0.025145873356415004,0.022571770124280244,Haiti,0.251877831500078
HUN,1999,0.12011190096039998,-0.12276101315659997,Hungary,0.2691494162359486
IDN,1999,0.055978782076795026,-0.0461789272545301,Indonesia,0.2898984838233007
IND,1999,0.04754985639653497,0.005367387310519778,India,0.3321882615637008
IRL,1999,0.004554510564436007,-0.005019917970116,Ireland,0.1912377799259569
IRN,1999,0.18217279684723,0.05225836096449976,Iran,0.4130164896748378
IRQ,1999,0.34230016154550585,0.3438756503923859,Iraq,0.1672895217449027
ISL,1999,0.006772700983429,-0.008172757929374,Iceland,0.218605624070118
ISR,1999,0.19515634689143502,-0.20481863899900998,Israel,0.2544944949215967
ITA,1999,0.006157567954443041,-0.006349350775108,Italy,0.1937269263128518
JAM,1999,0.25248687924515,0.11755536439860004,Jamaica,0.3647511138993503
JOR,1999,0.18458795777500003,-0.1977177269000001,Jordan,0.4388446691086632
JPN,1999,0.013367145725173,-0.014835536187478002,Japan,0.2484395634900474
KAZ,1999,0.2518945789201801,0.06369248828200069,Kazakhstan,0.3625105987477619
KEN,1999,0.12420713864359997,0.10973363225879984,Kenya,0.2498864277471356
KGZ,1999,0.21558909799228004,-0.19089523876000003,Kyrgyzstan,0.4561051317349304
KHM,1999,0.030260166465602492,-0.021434735995599752,Cambodia,0.282006238707466
KOR,1999,0.25145531259342496,0.24133951969305012,South Korea,0.3353945477378875
LAO,1999,0.06123653152038723,0.0613032698160203,Laos,0.159985493716744
LBN,1999,0.0345846168866,0.024043541548000036,Lebanon,0.2477578890572208
LBR,1999,0.06919309981494498,-0.030022207221600095,Liberia,0.287297872681604
LKA,1999,0.19541590438415005,0.17760748605200005,Sri Lanka,0.3881192301186953
LSO,1999,0.0176470540616,-0.0029322764428001413,Lesotho,0.4314894310848489
LTU,1999,0.07813636994234999,-0.0908444381531,Lithuania,0.3143657866876054
LUX,1999,0.0008456497156644837,-0.0012802878063069999,Luxembourg,0.1901766823394995
LVA,1999,0.027445596948999992,0.01906595977800002,Latvia,0.3327559537951954
MAR,1999,0.1405228988081,0.1012027819400001,Morocco,0.3621995561089955
MDA,1999,0.15583959546465004,0.15511966749280015,Moldova,0.4616725978300187
MDV,1999,0.17870522407910716,-0.17100346510185327,Maldives,0.2686123906270742
MEX,1999,0.23612983894466802,-0.23140193726174418,Mexico,0.2995832624193502
MKD,1999,0.11824946271020001,0.10414274743039997,North Macedonia,0.505682031701804
MLI,1999,0.02021070921567631,-0.01993404484445027,Mali,0.1900681906084891
MMR,1999,0.009021288098319582,-0.0034314502536192393,Burma/Myanmar,0.2195150770182305
MNG,1999,0.03688055558691498,0.007975309479180015,Mongolia,0.3874315080644483
MOZ,1999,0.190213708515095,0.17780394398859967,Mozambique,0.3111649764953629
MUS,1999,0.1190748904798,0.061165728702999966,Mauritius,0.3583728852545994
MWI,1999,0.04780902970372497,-0.046407471359799946,Malawi,0.2673758135815267
MYS,1999,0.10328188039150003,-0.11301691349999965,Malaysia,0.4902840714454123
NAM,1999,0.07260982507387251,-0.06007869400057997,Namibia,0.3390703801039564
NER,1999,0.19223035359984997,0.07575359188919983,Niger,0.4237772731636394
NGA,1999,0.020554052075585815,-0.020096293997306613,Nigeria,0.193030643582238
NIC,1999,0.10227641851269492,-0.09968570396385878,Nicaragua,0.244521515973337
NLD,1999,0.0012381018732674559,-0.0014496306087846999,Netherlands,0.1736843249303592
NOR,1999,0.0005401921426007991,-0.0006946622488448,Norway,0.1696275095613466
NPL,1999,0.217939387222225,0.21798638835219997,Nepal,0.2941603099550257
NZL,1999,0.0006570991430194879,-0.001121995812157,New Zealand,0.1363353923471624
PAK,1999,0.02183679973922002,0.0013727255076001477,Pakistan,0.3353383915476038
PHL,1999,0.027580410782386974,-0.022619885983095722,Philippines,0.2519006350792252
PNG,1999,0.15294258131173002,0.16467001041416007,Papua New Guinea,0.2991498766797258
POL,1999,0.206884949498695,-0.20848989468017004,Poland,0.2401525374693571
PRK,1999,0.006772645434383073,0.006773143555665051,North Korea,0.1427648341420261
PRT,1999,0.18766998656131703,-0.188647901831102,Portugal,0.2348900504138087
PRY,1999,0.11981225906474134,-0.11916239048703026,Paraguay,0.2235181142187589
ROU,1999,0.12856626165899998,-0.10326191279700003,Romania,0.3953471354495796
RUS,1999,0.17694223308344997,0.1700678761576,Russia,0.3339864058769274
RWA,1999,0.159680012102857,-0.13856622497779014,Rwanda,0.3180304672505176
SDN,1999,0.009486841600622417,-0.00043861506832687525,Sudan,0.1841739417386096
SEN,1999,0.033996151652083015,-0.029302223056363985,Senegal,0.2952312949135556
SLE,1999,0.04218834106787,-0.001104304405600276,Sierra Leone,0.3213643457365762
SOM,1999,0.155503295861607,0.15572235160469994,Somalia,0.183410397822952
SRB,1999,0.06796926939372001,-0.1139008801000001,Serbia,0.4288131737852316
SWE,1999,0.0009388710776041753,-0.00100973319454205,Sweden,0.1559519600437119
SWZ,1999,0.09505388082208502,-0.08124944072512807,Eswatini,0.2921012682206044
SYC,1999,0.29777441532,-0.3481210950000002,Seychelles,0.6253820350913792
SYR,1999,0.21882271179107216,0.21899745602937815,Syria,0.1520679378331287
TCD,1999,0.03421895166005115,-0.01893751285772005,Chad,0.2491539014724292
TGO,1999,0.05891584103811001,-0.03625226100480017,Togo,0.3515537187565009
THA,1999,0.015822895526050026,-0.012224109946399997,Thailand,0.3095754111947488
TJK,1999,0.07384262627757777,-0.023751791518749954,Tajikistan,0.276036192349859
TKM,1999,0.01791591334553712,0.01791730588967555,Turkmenistan,0.1488790063960182
TTO,1999,0.09211122734255,-0.13322710750189998,Trinidad and Tobago,0.3260068169258782
TUN,1999,0.12130722816493353,0.00893478940926018,Tunisia,0.2618753324307967
TUR,1999,0.10808369989499998,0.1003687903099999,Türkiye,0.5653289892590169
TWN,1999,0.21407091589249996,-0.04597429856549984,Taiwan,0.4281503273486096
TZA,1999,0.17798688903937504,-0.17454910919499977,Tanzania,0.3462215982134584
UGA,1999,0.12297312933299996,0.10272401599039971,Uganda,0.2706120540524455
UKR,1999,0.12136999087799999,0.08968756936800015,Ukraine,0.434720794752003
URY,1999,0.019929469274935007,-0.05177034682981,Uruguay,0.2090185352597162
USA,1999,0.019638679015676484,-0.019803288779919003,United States of America,0.1631313819729177
UZB,1999,0.13178461235519798,0.1319947754846047,Uzbekistan,0.1902130258627919
VEN,1999,0.22682155051235,-0.1924754062688001,Venezuela,0.4736345127460884
VNM,1999,0.141467230256219,0.14670167925783195,Vietnam,0.2600152951064894
YEM,1999,0.04573764907785435,-0.04166081242519981,Yemen,0.1846493928804588
ZAF,1999,0.011544943441990248,-0.0020855982104419635,South Africa,0.2725969142922379
ZMB,1999,0.17484379142838,-0.17225842035104022,Zambia,0.2585766319339844
ZWE,1999,0.059200841660325014,-0.02415376719999962,Zimbabwe,0.4254582156163159
AFG,2000,0.008815108805207432,0.006578544787335883,Afghanistan,0.2189416956088083
ALB,2000,0.13586664301215,-0.12349663083619977,Albania,0.3617990360196964
ARE,2000,0.13658221760541,-0.12631796044881982,United Arab Emirates,0.2371116169840441
ARG,2000,0.06498236759746698,0.06014840723947701,Argentina,0.2674164035289815
ARM,2000,0.060693909938110004,-0.006904670994799744,Armenia,0.4750819409094322
AUS,2000,0.0014696739060093419,-0.0016214365399361001,Australia,0.1667936715988727
AZE,2000,0.1374225297491225,0.06367106519259957,Azerbaijan,0.3298311160159505
BDI,2000,0.32980142599580003,-0.3197117527399995,Burundi,0.3964871146816844
BEL,2000,0.002757360159365437,-0.0029879212490524004,Belgium,0.1649264763146558
BEN,2000,0.00584200950069808,-0.003428052382506319,Benin,0.2373550384570122
BFA,2000,0.06438267610296798,-0.060786932648543734,Burkina Faso,0.2779565505572569
BGD,2000,0.17282472438626004,0.16925310233124025,Bangladesh,0.2427160123374718
BGR,2000,0.08711492333905,0.046719425901900036,Bulgaria,0.3385635924181032
BHR,2000,0.03161457948707501,-0.014769615481950549,Bahrain,0.2469884161106699
BIH,2000,0.12678807833803998,-0.12029768791631978,Bosnia and Herzegovina,0.3113897190297998
BLR,2000,0.028629861328737453,0.029304752104979404,Belarus,0.2211706667396073
BOL,2000,0.056657965547140185,-0.05285317328581085,Bolivia,0.2989078340385047
BRA,2000,0.01427647366414704,0.011244557621518547,Brazil,0.2856404521267434
BTN,2000,0.164213563258,0.0984844922439998,Bhutan,0.5143353860552812
BWA,2000,0.41136509909735003,0.22445347753919997,Botswana,0.4301425350800169
CAF,2000,0.138552417645845,0.10774702266376002,Central African Republic,0.2446147390574277
CAN,2000,0.002842578873438502,-0.003240841018021,Canada,0.1812785411037952
CHE,2000,0.0011552873258022715,-0.0045875323319978,Switzerland,0.1865202660696938
CHL,2000,0.063287435296817,0.06062238416122201,Chile,0.2938428126876532
CIV,2000,0.12003256046598998,-0.12082857007192005,Ivory Coast,0.2651945985394389
CMR,2000,0.03108763471801021,0.016454010638799588,Cameroon,0.2486207558357241
COD,2000,0.13609013510050846,-0.1358804620379992,Democratic Republic of the Congo,0.2373857643553488
COL,2000,0.03270578846264616,-0.007462855600509188,Colombia,0.3289421833310316
CRI,2000,0.2274342782992175,-0.22778570421302502,Costa Rica,0.2643091641582334
CYP,2000,0.48268786346950004,0.37937036216700004,Cyprus,0.3349166625733838
DEU,2000,0.003390364981935088,-0.0034432561593878102,Germany,0.1389169093322727
DJI,2000,0.09502151227781301,0.0631992643407,Djibouti,0.3030796081896503
DNK,2000,0.0002358895968155654,-0.00029195737966036,Denmark,0.1395549897411339
ECU,2000,0.055840583447939005,-0.05118771010301204,Ecuador,0.3099120030727854
EGY,2000,0.06401648397109493,0.04714164370000029,Egypt,0.2707630244473236
ESP,2000,0.02892321842336739,-0.0293843661567744,Spain,0.1899593268604127
ETH,2000,0.14992022438762997,-0.14702657150000054,Ethiopia,0.3969460508377552
FIN,2000,0.003952560229108634,-0.0040854551657116,Finland,0.1698060694188222
FJI,2000,0.0842484298005,-0.014971811227999954,Fiji,0.6343665845145022
FRA,2000,0.020129360085226533,-0.021979250383919003,France,0.2034105852275232
GAB,2000,0.08415151753465504,0.07765040444335991,Gabon,0.2525415099090617
GBR,2000,0.0022796419211900177,-0.0027153933774999995,United Kingdom,0.1772001236652638
GEO,2000,0.06198356629086001,0.03846563523759983,Georgia,0.3528139668513954
GHA,2000,0.005736440790893847,-0.0038744460181490137,Ghana,0.2383548887292482
GIN,2000,0.06273713620701325,-0.048022185302800224,Guinea,0.2882484781725501
GMB,2000,0.12585649130406495,0.0578626856669997,The Gambia,0.3778284094573618
GNB,2000,0.05270401369912998,0.0345343064478798,Guinea-Bissau,0.2750434881277624
GNQ,2000,0.049435252556454076,-0.03105730373571669,Equatorial Guinea,0.2642139954707412
GRC,2000,0.361964925117905,-0.36731326181363,Greece,0.2641292483064927
GTM,2000,0.10203459246292887,-0.10099644541233088,Guatemala,0.2630385448007893
GUY,2000,0.24816596453248,-0.23868574343984017,Guyana,0.4253267889362936
HRV,2000,0.08026110322680002,-0.0018396538884000169,Croatia,0.3430893825526878
HTI,2000,0.03248101521210793,-0.03215225780058373,Haiti,0.2441114225554566
HUN,2000,0.14058984657330997,-0.14322547192315999,Hungary,0.255831385375325
IDN,2000,0.03670579706604699,-0.02495284953917598,Indonesia,0.2831098324099287
IND,2000,0.048781441742675014,0.008898088149599914,India,0.3284871742824642
IRL,2000,0.00596530393766199,-0.006661082752941999,Ireland,0.1941019541508608
IRN,2000,0.11247779088748003,-0.03042972986999981,Iran,0.429392885747464
IRQ,2000,0.13547908402378228,0.13780384010322067,Iraq,0.1828562588886494
ISL,2000,0.0072066628391055,-0.008690230684432998,Iceland,0.2205669728418624
ISR,2000,0.23319373538167198,-0.244761731220632,Israel,0.2446137078884167
ITA,2000,0.0021363401568709924,-0.0023548104262259995,Italy,0.1898541493597706
JAM,2000,0.19710287248320002,0.10184540950850018,Jamaica,0.3560452903398756
JOR,2000,0.40533483801000003,-0.41418545569999976,Jordan,0.4559349138088322
JPN,2000,0.012439864711973534,-0.013969942531741,Japan,0.2466333717306298
KAZ,2000,0.2397752372955501,-0.016864271765999472,Kazakhstan,0.3578083806995549
KEN,2000,0.06176108319351,0.05278000330552013,Kenya,0.2388716409966591
KGZ,2000,0.16116037288029,-0.13696133003999966,Kyrgyzstan,0.4462926308001158
KHM,2000,0.03335299890708499,-0.02372638152999995,Cambodia,0.2948664201813478
KOR,2000,0.20356733198925497,0.19535036116804005,South Korea,0.3259189424105024
LAO,2000,0.05673021446839538,0.0567969188234585,Laos,0.162423381939915
LBN,2000,0.038352576124800024,0.028138826838399966,Lebanon,0.2588064430065362
LBR,2000,0.06656974566846248,-0.033425539006640026,Liberia,0.2948412113863377
LKA,2000,0.177820681236,0.15835992677600008,Sri Lanka,0.389254856076117
LSO,2000,0.1922864375649,-0.1734497279592,Lesotho,0.4438235011605601
LTU,2000,0.07379234583415001,-0.0827886472379,Lithuania,0.2997290417103774
LUX,2000,0.0007211715266259928,-0.001079055625196,Luxembourg,0.1872993966409218
LVA,2000,0.03620263771734999,-0.0405465365821,Latvia,0.3142059655712405
MAR,2000,0.16024142769670002,-0.1369902405600003,Morocco,0.440999959867895
MDA,2000,0.09285506781300001,0.09050469799600003,Moldova,0.4559673539103067
MDV,2000,0.1539829979560808,-0.1441867959144436,Maldives,0.2709535734135067
MEX,2000,0.09810242688356248,-0.08707162339685981,Mexico,0.3033939138518048
MKD,2000,0.09064465112965003,0.07676636788279989,North Macedonia,0.4718445515692417
MLI,2000,0.023679723897656844,-0.023375560134864637,Mali,0.1803196979443623
MMR,2000,0.009406733085784512,-0.004439384618088571,Burma/Myanmar,0.2159130379036765
MNG,2000,0.03883017215769652,-0.023223860080102243,Mongolia,0.3599241514801698
MOZ,2000,0.045887545530780026,-0.04874178476264035,Mozambique,0.2775972646732262
MUS,2000,0.11617358950324999,0.0624183324044999,Mauritius,0.3502945555761888
MWI,2000,0.18228914619137496,-0.18030101784300046,Malawi,0.2786489605737782
MYS,2000,0.09590993257625002,-0.09723981979999952,Malaysia,0.5175203517039539
NAM,2000,0.08813868720444497,-0.07259861795245981,Namibia,0.3403239292878866
NER,2000,0.10066116825945501,-0.0958150324216398,Niger,0.3228053451565517
NGA,2000,0.016579268973790466,-0.016117382087647902,Nigeria,0.1913407360232574
NIC,2000,0.12536017887636497,-0.12221318092211964,Nicaragua,0.2671517969344295
NLD,2000,0.0011253818072779445,-0.0013547079042514,Netherlands,0.1740661996338732
NOR,2000,0.0005221817975472906,-0.0006554609149438,Norway,0.1658762184259997
NPL,2000,0.167900590694235,0.16635549532652005,Nepal,0.2825398690520145
NZL,2000,0.0008952578054509936,-0.001424291383756,New Zealand,0.1428154645239913
PAK,2000,0.03360202920483495,-0.008143226476000187,Pakistan,0.3371351465096618
PHL,2000,0.022648558325445003,-0.0177140262389599,Philippines,0.2473943779156439
PNG,2000,0.213459117704025,0.22784250310580023,Papua New Guinea,0.3001725391706927
POL,2000,0.272596781920415,-0.27403332918158996,Poland,0.2314181008437925
PRK,2000,0.006193084684562517,0.006193721932350016,North Korea,0.142026445724206
PRT,2000,0.17411554293708503,-0.17499699146686998,Portugal,0.2197340518772169
PRY,2000,0.10394968910217246,-0.10322450412767936,Paraguay,0.2339884258684915
ROU,2000,0.14714142789525,-0.1251092934060003,Romania,0.3735989394509714
RUS,2000,0.05321649625559995,0.005794920759199851,Russia,0.4335476545493618
RWA,2000,0.16649037385892002,-0.14240868702459997,Rwanda,0.319175379819825
SDN,2000,0.017339271498936232,0.006739274878931667,Sudan,0.2171132714125326
SEN,2000,0.03250325784061705,-0.025884834296186154,Senegal,0.2925798660729776
SLE,2000,0.043911529365600034,0.002680260377200261,Sierra Leone,0.32857782304916
SOM,2000,0.07400533590882,-0.07373904391579966,Somalia,0.1670860644631082
SRB,2000,0.11965829059850003,0.08902198405999995,Serbia,0.4337313435981008
SWE,2000,0.0009072717897730543,-0.00097744678861842,Sweden,0.1551677486595074
SWZ,2000,0.11033556170087946,-0.09807908213610705,Eswatini,0.2895332907207292
SYC,2000,0.26226192423,-0.29564370059999945,Seychelles,0.6534974710606176
SYR,2000,0.3622290217987241,0.363063173910259,Syria,0.1598487243797779
TCD,2000,0.03545537563113084,-0.0149995420628799,Chad,0.255225334678703
TGO,2000,0.061996397551216983,-0.03406590182159963,Togo,0.3684901413928423
THA,2000,0.04360706705840005,-0.03762869492719956,Thailand,0.3408938357337179
TJK,2000,0.080585549439603,0.015172925813699667,Tajikistan,0.3014319886509809
TKM,2000,0.014659085706177466,0.01466011623203567,Turkmenistan,0.1447253058116326
TTO,2000,0.15499179075148498,-0.18460290238611002,Trinidad and Tobago,0.3137329487312178
TUN,2000,0.219341582706953,-0.10369018370094985,Tunisia,0.3090709798636099
TUR,2000,0.11711153476849995,0.125491394712,Türkiye,0.5156374823015929
TWN,2000,0.11602707689840498,0.10919934805686005,Taiwan,0.3020154304794819
TZA,2000,0.21706060144927006,-0.2137477830271599,Tanzania,0.3353323616951672
UGA,2000,0.0890468905402,0.04481419754800009,Uganda,0.3041487337909069
UKR,2000,0.49011794955,-0.3255691818799997,Ukraine,0.7286518496505292
URY,2000,0.01859201087832753,-0.037615130220265004,Uruguay,0.2319513285969028
USA,2000,0.0302877529716545,-0.030494804138617007,United States of America,0.1599763682922291
UZB,2000,0.11894853699802424,0.1191161652003987,Uzbekistan,0.1884123400804319
VEN,2000,0.0844268440416,-0.02841708731719983,Venezuela,0.5316267590557845
VNM,2000,0.121399915527765,0.12692558732572,Vietnam,0.2645551600174894
YEM,2000,0.054902926006588186,-0.04993812805919973,Yemen,0.2144937581935086
ZAF,2000,0.009035472975442244,9.198642728303064e-05,South Africa,0.2672714896186834
ZMB,2000,0.163965752263198,-0.16206195193908401,Zambia,0.2580378244088191
ZWE,2000,0.049935562751596475,-0.035109103504000316,Zimbabwe,0.3648583897117328
AFG,2001,0.03717037880375216,0.03570921983488029,Afghanistan,0.239514500097108
ALB,2001,0.13877821908678495,-0.12156949018128005,Albania,0.3623315968439093
ARE,2001,0.14367884733012753,-0.13428206574955537,United Arab Emirates,0.2440139124415093
ARG,2001,0.044581651864882,0.0412090471858112,Argentina,0.2767382086701421
ARM,2001,0.05648670503458001,0.0015403346800000328,Armenia,0.4600857364889095
AUS,2001,0.0015567792445771182,-0.0017159904333228998,Australia,0.1724285627424382
AZE,2001,0.1325770655988737,0.04193853479969967,Azerbaijan,0.3361954764052407
BDI,2001,0.2860628435041,-0.2722983322920003,Burundi,0.4088339736385574
BEL,2001,0.002467646060334201,-0.0026995362764552,Belgium,0.168098714149415
BEN,2001,0.004855778941435016,-0.002957855314750013,Benin,0.2409442113916168
BFA,2001,0.06021594738418799,-0.056507625186503985,Burkina Faso,0.2927790172826354
BGD,2001,0.15256370116259502,0.14863747808632,Bangladesh,0.2416698240092168
BGR,2001,0.06265748003387503,0.02477223439383014,Bulgaria,0.3491342729791594
BHR,2001,0.04049488551401999,-0.01291135334420046,Bahrain,0.2686043752070111
BIH,2001,0.15066415968054003,-0.1397353260713201,Bosnia and Herzegovina,0.337417893489898
BLR,2001,0.019062920454404837,0.019580356480516148,Belarus,0.2299888127396381
BOL,2001,0.0589872283646815,-0.05528646814138183,Bolivia,0.3102884643260085
BRA,2001,0.013757168566478854,0.010708789358730209,Brazil,0.2906086941490262
BTN,2001,0.1768787567035,0.11701448934900016,Bhutan,0.5211434557218585
BWA,2001,0.490342512042,0.351919646964,Botswana,0.4657882355474461
CAF,2001,0.13556379366531,0.1067992141336398,Central African Republic,0.2568475160042058
CAN,2001,0.0027908178903059957,-0.0032018662478159998,Canada,0.1919074653630222
CHE,2001,0.0005773688061958697,-0.0022780065295261,Switzerland,0.2012031416774785
CHL,2001,0.08543760565811,0.08227865914977994,Chile,0.2927689766065048
CIV,2001,0.140507573172402,-0.14047189506281588,Ivory Coast,0.2604288276106574
CMR,2001,0.0299386264956915,0.015261169737039948,Cameroon,0.259223219159696
COD,2001,0.22482602479606253,-0.22420685491600034,Democratic Republic of the Congo,0.2416261431107176
COL,2001,0.03659856755670299,-0.009918091350483937,Colombia,0.3371988821007078
CRI,2001,0.24367702967342098,-0.24402274523225986,Costa Rica,0.2649327778877496
CYP,2001,0.489639283714,0.394265520337,Cyprus,0.3426447408238445
DEU,2001,0.00304549592103618,-0.0030988344136051397,Germany,0.1441530489006937
DJI,2001,0.09634775174346455,0.0680221288730003,Djibouti,0.3127444083194099
DNK,2001,0.00026125735263508957,-0.00031420134670375003,Denmark,0.147470606027282
ECU,2001,0.058260985762553466,-0.05254122389432814,Ecuador,0.3212261574572789
EGY,2001,0.1109610580032575,0.09054835817300022,Egypt,0.3132292157232954
ESP,2001,0.030153173110705714,-0.0305910980540545,Spain,0.2039685376904592
ETH,2001,0.14814012441993493,-0.1451996979000003,Ethiopia,0.402729357284815
FIN,2001,0.0030684307675685582,-0.0031982639052346,Finland,0.1762403682978395
FJI,2001,0.056226788822999994,0.003447679480000243,Fiji,0.6606140381186906
FRA,2001,0.018717688455784972,-0.02068404707101,France,0.2054314296125304
GAB,2001,0.07971400839422496,0.0744540022975595,Gabon,0.2599142073669255
GBR,2001,0.002477954772853467,-0.0029135701534909997,United Kingdom,0.185265713172567
GEO,2001,0.07780189703360496,0.057758438785040056,Georgia,0.3561775020907214
GHA,2001,0.00496650081920112,-0.0029850469202978847,Ghana,0.2475723409528438
GIN,2001,0.06869991613274498,-0.051859986741999986,Guinea,0.2921139836516978
GMB,2001,0.131220186882975,0.06504154675599993,The Gambia,0.3771606488754076
GNB,2001,0.05167682032796799,0.03436562442691993,Guinea-Bissau,0.2822825814792931
GNQ,2001,0.04555927917977015,-0.026705188935787216,Equatorial Guinea,0.2627249657976498
GRC,2001,0.3264032555917475,-0.33128986680932504,Greece,0.2739589014408002
GTM,2001,0.09845099211853037,-0.09736879214614302,Guatemala,0.2565042444011763
GUY,2001,0.24519754553898004,-0.23629107166583996,Guyana,0.4234880744799282
HRV,2001,0.11769880903155003,0.043994979004800094,Croatia,0.352160398625972
HTI,2001,0.03204555375940655,0.029166519204828267,Haiti,0.2420238080904293
HUN,2001,0.12571374404504998,-0.1284560513507,Hungary,0.2674253341612745
IDN,2001,0.027271394734075,-0.015346734270200058,Indonesia,0.2929519829666347
IND,2001,0.048506801974274996,0.00740280185819997,India,0.3354189848003068
IRL,2001,0.003939067342445551,-0.004488840589873,Ireland,0.2025756696074696
IRN,2001,0.11120200707494995,-0.0888509530370003,Iran,0.4334480277783198
IRQ,2001,0.06294449642711275,0.06535910459471017,Iraq,0.1928575123450825
ISL,2001,0.006675496697163498,-0.008118544581581,Iceland,0.2255704512122164
ISR,2001,0.21089609679335003,-0.2227750043439,Israel,0.2557737724480353
ITA,2001,0.007126576689805484,-0.007374884371942999,Italy,0.1975289332269018
JAM,2001,0.19943982074322006,0.10879461095614018,Jamaica,0.3625227862700388
JOR,2001,0.382658832405,-0.3767370232,Jordan,0.4624883822392231
JPN,2001,0.012212982929539982,-0.013752191992079998,Japan,0.2474747962439026
KAZ,2001,0.25137496601419,-0.08182557249849998,Kazakhstan,0.3594397450938346
KEN,2001,0.0048377234845400395,-0.007533609401119801,Kenya,0.2605981813163002
KGZ,2001,0.188596763222025,-0.16656097836800043,Kyrgyzstan,0.4574704768315795
KHM,2001,0.03110588445739347,-0.0216220225999999,Cambodia,0.2987559986673904
KOR,2001,0.202573911974755,0.19442644511392992,South Korea,0.3261735345990919
LAO,2001,0.05304619949402758,0.053106691714508436,Laos,0.1626410650918013
LBN,2001,0.039388807589499954,0.028598472691999888,Lebanon,0.2778390479841323
LBR,2001,0.06758728599775751,-0.03188919874200069,Liberia,0.312032572639517
LKA,2001,0.2015199328363,0.18562958636879978,Sri Lanka,0.3964639231562391
LSO,2001,0.2303805561084,-0.2098591941072001,Lesotho,0.4543682142619699
LTU,2001,0.07046973435704999,-0.0766019548043,Lithuania,0.2923996705848503
LUX,2001,0.0006553107473784972,-0.001014457751371,Luxembourg,0.1883186812541883
LVA,2001,0.04174715513300002,-0.045710407621700005,Latvia,0.3099496699616403
MAR,2001,0.13589760480650004,-0.10444201204000025,Morocco,0.4504976838792521
MDA,2001,0.13602710300824997,0.060737467807999934,Moldova,0.7005970042834352
MDV,2001,0.15512673923671433,-0.1437635665514163,Maldives,0.2726757156421073
MEX,2001,0.0849669503523475,-0.07295328884542984,Mexico,0.3179808539657003
MKD,2001,0.11342389445009998,0.10236451170720007,North Macedonia,0.4685955536335378
MLI,2001,0.020393472016170054,-0.020117101405310756,Mali,0.1928417866958004
MMR,2001,0.00892959349385188,-0.0034797497811100975,Burma/Myanmar,0.2151462311410147
MNG,2001,0.036417255353453505,-0.020793408421148074,Mongolia,0.3454088975634032
MOZ,2001,0.09990398196094999,-0.10261400840759993,Mozambique,0.2933819214390262
MUS,2001,0.08558700930012002,0.03225685818747992,Mauritius,0.3476226111836905
MWI,2001,0.1812972463624325,-0.1791656208666601,Malawi,0.2751539257088563
MYS,2001,0.0802684442015,-0.07818877140000025,Malaysia,0.5285044273561124
NAM,2001,0.09008621821572499,-0.07296148822449999,Namibia,0.3514299622237408
NER,2001,0.09551386969418198,-0.09111735720945613,Niger,0.3269588241675093
NGA,2001,0.017160676297287847,-0.01668516048472779,Nigeria,0.1942835987227094
NIC,2001,0.1273101363782695,-0.12368347892035603,Nicaragua,0.2739787181222766
NLD,2001,0.001090504139440185,-0.0013233061224212,Netherlands,0.1797152756434893
NOR,2001,0.00048827889846329967,-0.0006232682741348,Norway,0.169216219594804
NPL,2001,0.15740802552724997,0.1551097294535999,Nepal,0.2942560947228443
NZL,2001,0.0008569518712077309,-0.0013518354879865,New Zealand,0.1450342881504564
PAK,2001,0.04507162763965,-0.01532114597319989,Pakistan,0.3359530345950328
PHL,2001,0.020462170202589985,-0.016618378857420346,Philippines,0.2514205628284077
PNG,2001,0.24209589688886,0.25681231776211977,Papua New Guinea,0.3180145186695045
POL,2001,0.22750508496535998,-0.22911925798176003,Poland,0.2370737229184844
PRK,2001,0.005477535169694238,0.005478107099383234,North Korea,0.1236203099608636
PRT,2001,0.17704676032390954,-0.17789491112805697,Portugal,0.2298175909582577
PRY,2001,0.11220393918032298,-0.1113956448857838,Paraguay,0.2404926989151427
ROU,2001,0.16389703434454994,-0.1355540953694001,Romania,0.3961813897847315
RUS,2001,0.06002470510043998,-0.016224179318400367,Russia,0.4838107685112911
RWA,2001,0.168073291245315,-0.14292809168410026,Rwanda,0.3233000933596087
SDN,2001,0.02898653812967883,0.01958342798502999,Sudan,0.2326956294308284
SEN,2001,0.02880857394008997,-0.017952167854220047,Senegal,0.3274140751594032
SLE,2001,0.04436489753135002,0.0015821896212002695,Sierra Leone,0.3383844278023345
SOM,2001,0.038768190882670014,-0.0384747100020002,Somalia,0.2032545806918046
SRB,2001,0.08831110745550003,-0.054470798823999855,Serbia,0.3565683325284968
SWE,2001,0.0009047844690233344,-0.00097322838322086,Sweden,0.1604306990926666
SWZ,2001,0.09774065004315599,-0.08424802774185025,Eswatini,0.2924528258632173
SYC,2001,0.2531220819050001,-0.2979787317000002,Seychelles,0.6388072162859989
SYR,2001,0.3412036433400145,0.34208649870979,Syria,0.1751906251938747
TCD,2001,0.032634039212499154,-0.01162005800875976,Chad,0.2592618893907872
TGO,2001,0.061016579086812045,-0.03265766789400004,Togo,0.371586442654898
THA,2001,0.02156466402070001,0.021995804496400373,Thailand,0.3705633646220816
TJK,2001,0.07205378349707305,0.021552936425000446,Tajikistan,0.3189605702417846
TKM,2001,0.014295740455450907,0.014296770417740134,Turkmenistan,0.151167388597237
TTO,2001,0.11019718105732002,-0.14151394350931998,Trinidad and Tobago,0.3188686183001132
TUN,2001,0.216248969126779,-0.09957396418313014,Tunisia,0.3193432827115701
TUR,2001,0.10837500417000001,0.11804215344000002,Türkiye,0.5084122668992056
TWN,2001,0.12661887602568497,0.1201029597864699,Taiwan,0.2973763696174787
TZA,2001,0.23211263628129,-0.22831844658432,Tanzania,0.3591467407920206
UGA,2001,0.09042608973609002,0.06003015858199978,Uganda,0.3165509454754436
UKR,2001,0.270501602465,-0.061619476799999795,Ukraine,0.7798305743714036
URY,2001,0.017623066349281995,-0.031474953103252,Uruguay,0.233932637355835
USA,2001,0.026556694873820015,-0.026830633553900005,United States of America,0.1777312094546491
UZB,2001,0.10445967171956647,0.10460134226080608,Uzbekistan,0.1948525176827239
VEN,2001,0.09520403803204995,-0.04016204438480031,Venezuela,0.5414866446148471
VNM,2001,0.120560952773545,0.12621882732007972,Vietnam,0.2702734779616867
YEM,2001,0.08640047020179949,-0.07970855238399999,Yemen,0.2235617166974021
ZAF,2001,0.009282709977042137,4.6801239865557065e-05,South Africa,0.2738390043397357
ZMB,2001,0.12512432170928348,-0.1231079025219679,Zambia,0.2615137425502398
ZWE,2001,0.046561321330342,-0.03216995480480023,Zimbabwe,0.3680075983637687
AFG,2002,0.0921284281744515,-0.08607049988399984,Afghanistan,0.262536264971382
ALB,2002,0.14168122914043998,-0.12217126856951976,Albania,0.3519374924283834
ARE,2002,0.12249659651584749,-0.11416091114669413,United Arab Emirates,0.2372977702071029
ARG,2002,0.04543953305446028,0.04120976616062999,Argentina,0.2869775094189217
ARM,2002,0.05260702313887997,-0.0030451231100001586,Armenia,0.4635847956242591
AUS,2002,0.0013952979330096602,-0.0015561305237779,Australia,0.1731026839109397
AZE,2002,0.1423359016804425,-0.11021612097423006,Azerbaijan,0.2877089904095447
BDI,2002,0.2401670432608,-0.2242438283319994,Burundi,0.4028236862612843
BEL,2002,0.002554077616591497,-0.0027858002648589995,Belgium,0.1648011409823911
BEN,2002,0.005177096685001074,-0.0030007442172588217,Benin,0.2418881062966302
BFA,2002,0.0659149163858525,-0.061981964676720125,Burkina Faso,0.2933740702003959
BGD,2002,0.10624301284710495,0.10116157708699958,Bangladesh,0.2440554589747146
BGR,2002,0.09407878119240003,0.05436810318200003,Bulgaria,0.3430419006139374
BHR,2002,0.08385379827589995,0.007462780982000261,Bahrain,0.3174649187830745
BIH,2002,0.12768844108704,-0.11749013748932002,Bosnia and Herzegovina,0.3267385984488344
BLR,2002,0.01770323945271014,0.01798716553451296,Belarus,0.2176092690536225
BOL,2002,0.058885198424204956,-0.05594217677716973,Bolivia,0.2986546225715589
BRA,2002,0.010088061264066106,0.008042999568369957,Brazil,0.2857348276826599
BTN,2002,0.18805740606799998,0.13590829252999992,Bhutan,0.5234915620921722
BWA,2002,0.3464912168075,0.14825015912399997,Botswana,0.43391916425907
CAF,2002,0.12221717602401003,0.09991133565928023,Central African Republic,0.2508665842455714
CAN,2002,0.0025748199439840345,-0.002992031022803999,Canada,0.1875127647602917
CHE,2002,0.0005568436033926002,-0.0021896241852189997,Switzerland,0.1939428491207841
CHL,2002,0.07979225980534495,0.07690805827675973,Chile,0.2922074416783836
CIV,2002,0.145113659144411,-0.144519303810688,Ivory Coast,0.2713182694438539
CMR,2002,0.03113630529792026,0.014926972830279883,Cameroon,0.2749216327758289
COD,2002,0.27087265305743596,-0.26995519362400033,Democratic Republic of the Congo,0.2503451732226412
COL,2002,0.03949407286731653,-0.018818416980342034,Colombia,0.3278540186577076
CRI,2002,0.364586135301202,-0.3650864017930821,Costa Rica,0.2615982989166228
CYP,2002,0.4958191973557,0.40674126017839995,Cyprus,0.3406675473920428
DEU,2002,0.0032840045531830632,-0.0033380599957143,Germany,0.1428869067090326
DJI,2002,0.10994993137221,0.09011181710200011,Djibouti,0.3192427124586811
DNK,2002,0.0002533000542042103,-0.00030472147108129,Denmark,0.1438728626331024
ECU,2002,0.07032211465023597,-0.06427470356168818,Ecuador,0.3224361385117787
EGY,2002,0.09440066111701498,0.07581113346999935,Egypt,0.3171753799936364
ESP,2002,0.03149247050575485,-0.0319320503659591,Spain,0.2041334439447879
ETH,2002,0.15208671349506003,-0.14929734906800007,Ethiopia,0.4035267238589117
FIN,2002,0.002979053527972373,-0.0031072415600504003,Finland,0.1729511201963376
FJI,2002,0.03924700022374997,0.024719046015999835,Fiji,0.617217432310924
FRA,2002,0.02707441703475996,-0.029340296080060002,France,0.2051166127931178
GAB,2002,0.07257378389332,0.06715154727284012,Gabon,0.2627241736537051
GBR,2002,0.002177512657254515,-0.0026016231316069996,United Kingdom,0.1810364770321724
GEO,2002,0.06261553282149501,0.0433138594628002,Georgia,0.3474697589129317
GHA,2002,0.004176468410138847,-0.002245294396891806,Ghana,0.2463080552555064
GIN,2002,0.0653786061023019,-0.049174591701199866,Guinea,0.3033373369641743
GMB,2002,0.12934527244802502,0.06163958055799945,The Gambia,0.3789665459925306
GNB,2002,0.060938025157430006,0.048096761198439975,Guinea-Bissau,0.2775100150429253
GNQ,2002,0.04310893622235207,-0.020484399690175792,Equatorial Guinea,0.265832897063433
GRC,2002,0.31954891448334005,-0.32433167642974003,Greece,0.2698623527706514
GTM,2002,0.08986927534698752,-0.08877325424540028,Guatemala,0.2533739081063059
GUY,2002,0.28743588809245,-0.2781721962936001,Guyana,0.4213485005490867
HRV,2002,0.15187606939934997,0.06598798117599991,Croatia,0.3512124387192683
HTI,2002,0.030719127683067556,0.027681378467020235,Haiti,0.246837944696718
HUN,2002,0.13846036452665,-0.14125143339970003,Hungary,0.2541758629934051
IDN,2002,0.039873463180651006,-0.025125815276708208,Indonesia,0.2989488193747033
IND,2002,0.05678913765081997,-0.0003121085518600353,India,0.3273683295863097
IRL,2002,0.004489330798893956,-0.005083211242724,Ireland,0.2002775994061405
IRN,2002,0.13108918928799004,-0.0701190320329994,Iran,0.4311601073520644
IRQ,2002,0.086601886080128,0.08933926741733789,Iraq,0.1775686784172055
ISL,2002,0.006716103110719975,-0.00815984182782,Iceland,0.2213891153421597
ISR,2002,0.16911761437288506,-0.18130300864640994,Israel,0.2670281860412137
ITA,2002,0.007655924137347522,-0.007898299215504999,Italy,0.1943604265740396
JAM,2002,0.19822435707702002,0.11765989948734001,Jamaica,0.3567046635159296
JOR,2002,0.3802029720499999,-0.38064062929999976,Jordan,0.4675914471704531
JPN,2002,0.01212581596905253,-0.013651579947415,Japan,0.2499929626720287
KAZ,2002,0.26403165313493504,-0.09246678017249943,Kazakhstan,0.3484474665200679
KEN,2002,0.1821447753561285,-0.181560032593028,Kenya,0.2419289058702718
KGZ,2002,0.18154602669076497,-0.15925905180800015,Kyrgyzstan,0.4473556174392304
KHM,2002,0.026786685261808458,-0.01585668475199986,Cambodia,0.2950081661811434
KOR,2002,0.259470721522755,0.2525542485223,South Korea,0.3391713603677056
LAO,2002,0.04966279224357795,0.049721914494845976,Laos,0.1621501491138052
LBN,2002,0.03259636354345002,0.02135662788680004,Lebanon,0.2842277146710265
LBR,2002,0.107521651184852,-0.0879123698755997,Liberia,0.3101851252548812
LKA,2002,0.19821057416165003,0.18598097829079996,Sri Lanka,0.3936821549015108
LSO,2002,0.334640237531175,-0.3187112584324001,Lesotho,0.3989148316092327
LTU,2002,0.08832954500415001,-0.09402261690190002,Lithuania,0.2904312979325363
LUX,2002,0.0006357149247162176,-0.0009731956791472,Luxembourg,0.1873504191345815
LVA,2002,0.03645371652250001,-0.040356804882,Latvia,0.3052316376662033
MAR,2002,0.10731666931920002,-0.0707566455080002,Morocco,0.4466422044849094
MDA,2002,0.14929969909250002,0.11016811768800006,Moldova,0.5589069995212527
MDV,2002,0.15396199556331558,-0.1436007148080365,Maldives,0.2751058160564761
MEX,2002,0.07660938277992897,-0.06423206215129218,Mexico,0.315154278567939
MKD,2002,0.08210016841884996,-0.06612684571079996,North Macedonia,0.4363432641558646
MLI,2002,0.011751932089469539,-0.011491277366480812,Mali,0.1905928537757998
MMR,2002,0.00906868681021223,-0.0036838797145528623,Burma/Myanmar,0.2158069835933638
MNG,2002,0.035000141411393466,-0.01742596183164813,Mongolia,0.3557956974014519
MOZ,2002,0.18248020599558995,-0.18500197364471993,Mozambique,0.2960029203537346
MUS,2002,0.08525247602901,0.029051507744190186,Mauritius,0.3471188237554724
MWI,2002,0.199515077000852,-0.19713890588281568,Malawi,0.2718729598450294
MYS,2002,0.07362122352500003,-0.06947250649999992,Malaysia,0.5312978191253133
NAM,2002,0.08200057975328003,-0.06502433893923998,Namibia,0.3529851186587461
NER,2002,0.092254242937385,-0.08782460295138006,Niger,0.326605216867335
NGA,2002,0.018879217323439525,-0.018414171663211354,Nigeria,0.1946212006928794
NIC,2002,0.1235227423841275,-0.11896000686221986,Nicaragua,0.2723564765072284
NLD,2002,0.001404996890249325,-0.0016571063425408,Netherlands,0.1768028411285423
NOR,2002,0.00047614089198601533,-0.0005978710541881799,Norway,0.16552905914491
NPL,2002,0.037961094565845024,0.021924468190239965,Nepal,0.3512850117414567
NZL,2002,0.0008559092486235177,-0.001335505933651,New Zealand,0.1464505887854947
PAK,2002,0.071177934595259,0.05224380894891989,Pakistan,0.2505155893266264
PHL,2002,0.027654737242326474,-0.022356265906712025,Philippines,0.2647649586725567
PNG,2002,0.19531680336118,0.20840298862376017,Papua New Guinea,0.3154303832361073
POL,2002,0.22801838171305502,-0.22947993799292998,Poland,0.230490476005194
PRK,2002,0.005520872230197937,0.005521425523381751,North Korea,0.1205012617701979
PRT,2002,0.14536925597566752,-0.14614309060744501,Portugal,0.2198359733774263
PRY,2002,0.12945439594384378,-0.12867888159865037,Paraguay,0.2448517413711282
ROU,2002,0.17244721075564995,-0.1430678308472002,Romania,0.3889795943150583
RUS,2002,0.08000107634926498,-0.05141274876000024,Russia,0.5113673847583268
RWA,2002,0.16087754841170504,-0.13418447233624997,Rwanda,0.3249077690583095
SDN,2002,0.02815824063737121,0.01858075773808565,Sudan,0.2344937756741157
SEN,2002,0.024171123905055485,-0.015126810780644151,Senegal,0.3106150127554029
SLE,2002,0.1386064340070275,-0.13716785397162012,Sierra Leone,0.2566619782512973
SOM,2002,0.05420949448997151,-0.05390140714699987,Somalia,0.2038942684389543
SRB,2002,0.06755863677705003,-0.02814028322109996,Serbia,0.3480079187883029
SWE,2002,0.0009573892838268073,-0.00102450505423362,Sweden,0.1578479709013073
SWZ,2002,0.09803782718660749,-0.08425879899912081,Eswatini,0.2930004189820459
SYC,2002,0.26170998061000006,-0.3110478511999992,Seychelles,0.6504520249638481
SYR,2002,0.37180876636846977,0.3725851811875951,Syria,0.1720300969906467
TCD,2002,0.03280348758614705,-0.011194609931359789,Chad,0.2642981481784477
TGO,2002,0.06196949947359001,-0.0327545116611998,Togo,0.3814374019051034
THA,2002,0.008356383567850005,0.00011886548520001483,Thailand,0.3898242072472536
TJK,2002,0.07153555970097364,0.0317340483830999,Tajikistan,0.3181309611574852
TKM,2002,0.015993768125771052,0.01599488672564675,Turkmenistan,0.1495145825040022
TTO,2002,0.10920633653937997,-0.13800467267588004,Trinidad and Tobago,0.3188223071897278
TUN,2002,0.2296718304346525,-0.15984447517912015,Tunisia,0.299752729621713
TUR,2002,0.047178460292750024,0.008156881168000174,Türkiye,0.4571552839555221
TWN,2002,0.07215123300001501,0.06605936020448011,Taiwan,0.2894214745696681
TZA,2002,0.2441355618817,-0.2402677822285999,Tanzania,0.363765468960561
UGA,2002,0.07763690865073504,0.03590913095560033,Uganda,0.3352427608121482
UKR,2002,0.26435543381899995,-0.09543397328000003,Ukraine,0.7632682247006636
URY,2002,0.014824363604897972,-0.036676152600528006,Uruguay,0.2208664430144905
USA,2002,0.02422425922354052,-0.024462865692602996,United States of America,0.1710240126865522
UZB,2002,0.08953596335743508,0.08964087502747198,Uzbekistan,0.188566315762614
VEN,2002,0.09298453329249999,-0.055023825852000385,Venezuela,0.537908781876841
VNM,2002,0.12762272263123497,0.13453731472865993,Vietnam,0.272367071532865
YEM,2002,0.07432288633539301,-0.06777589558200026,Yemen,0.2304362732928966
ZAF,2002,0.009987168643318327,0.00024580294317866347,South Africa,0.2713123043329113
ZMB,2002,0.1490853688593865,-0.14286768296709207,Zambia,0.3073710426979306
ZWE,2002,0.04968400144306501,-0.03666656767199994,Zimbabwe,0.3708748008769997
AFG,2003,0.06866566113333801,-0.060572156145200395,Afghanistan,0.2750634158297957
ALB,2003,0.14007488684683497,-0.12059537728068004,Albania,0.3514637420760682
ARE,2003,0.105799350306965,-0.09749851448232949,United Arab Emirates,0.2343571799858854
ARG,2003,0.02737445930443434,0.0197986203800542,Argentina,0.2901460407742898
ARM,2003,0.04281491528277002,-0.0009328911012000951,Armenia,0.4269855743728176
AUS,2003,0.001282213280037797,-0.0014415377974868002,Australia,0.1757074395394497
AZE,2003,0.12933330178079264,0.04168222269745048,Azerbaijan,0.3243180556474864
BDI,2003,0.18568302123055,-0.16493517846399985,Burundi,0.3970857422199078
BEL,2003,0.003026306358966461,-0.0032638263629630004,Belgium,0.1662397011340672
BEN,2003,0.003481203683808028,-0.001877201009895746,Benin,0.2360404136027965
BFA,2003,0.06301725918827854,-0.05900485849972781,Burkina Faso,0.2956542515494969
BGD,2003,0.11494069039604995,0.11002004545739985,Bangladesh,0.2564972311492177
BGR,2003,0.10191761350283006,0.057546532418460195,Bulgaria,0.3406687176615716
BHR,2003,0.09070026707879995,0.0033905460520005093,Bahrain,0.3195475679556082
BIH,2003,0.12277591747602,-0.10807062690715985,Bosnia and Herzegovina,0.3296692311379915
BLR,2003,0.014738187916721254,0.01495368395903851,Belarus,0.2160801935754743
BOL,2003,0.04103966072093242,-0.03806130074101999,Bolivia,0.3018940392516768
BRA,2003,0.011693615261039939,0.009726300056806636,Brazil,0.296052170629911
BTN,2003,0.21036006162600004,0.18624120694799995,Bhutan,0.5389631794405824
BWA,2003,0.35685522995415003,0.1530524408528,Botswana,0.4378282366567062
CAF,2003,0.05692632087860502,-0.022148744915079677,Central African Republic,0.2905506392443998
CAN,2003,0.002507018240325001,-0.0029165105026500004,Canada,0.1887935797720022
CHE,2003,0.0005268546355171866,-0.0020633686600845,Switzerland,0.1943979713263882
CHL,2003,0.07518634756084351,0.071991581335762,Chile,0.2860497894422646
CIV,2003,0.13199319880065305,-0.13094965105922385,Ivory Coast,0.2657155562806363
CMR,2003,0.03235761205193758,0.015568269385319855,Cameroon,0.2765700858840835
COD,2003,0.190875024352632,-0.18910227011400016,Democratic Republic of the Congo,0.258852818371494
COL,2003,0.08678960390440502,0.022048515321159923,Colombia,0.4109300481578047
CRI,2003,0.3624139254818025,-0.36295544816216513,Costa Rica,0.2633392210625184
CYP,2003,0.43464383086935,0.3369230572256,Cyprus,0.3516863008868516
DEU,2003,0.003160225552837898,-0.0032133870578167,Germany,0.1456661587233413
DJI,2003,0.131243702226195,0.11006943109800016,Djibouti,0.3201578410926818
DNK,2003,0.00025096662440914595,-0.00030438756772089995,Denmark,0.1461321883492275
ECU,2003,0.06628868829151538,-0.060003412628682584,Ecuador,0.334517319036477
EGY,2003,0.10574551064073003,0.08837612311999976,Egypt,0.3217694602600282
ESP,2003,0.030756735514875982,-0.03122776475184601,Spain,0.2109300489218037
ETH,2003,0.14316191783902502,-0.14027528990199967,Ethiopia,0.4082871322243355
FIN,2003,0.003061245567817353,-0.0031925901356144007,Finland,0.175005192143954
FJI,2003,0.03026373230650004,0.023490824880000094,Fiji,0.58081415408335
FRA,2003,0.02255896417074198,-0.024464216674602,France,0.2061712870735267
GAB,2003,0.08252029227116497,0.07631699121427982,Gabon,0.2726727089504833
GBR,2003,0.0021967063602077903,-0.0026121577103668,United Kingdom,0.1836319180482278
GEO,2003,0.1992565398753,0.015596766744000012,Georgia,0.4960024579012265
GHA,2003,0.0035375518986848166,-0.0016514581265154593,Ghana,0.252106992732202
GIN,2003,0.05757979805027433,-0.0392914203468,Guinea,0.3002004705744835
GMB,2003,0.13494628474728002,0.06619618487700007,The Gambia,0.3802642983267092
GNB,2003,0.03572264797411499,0.006564193737319979,Guinea-Bissau,0.2999100596561717
GNQ,2003,0.04321578036899065,-0.021249704413799808,Equatorial Guinea,0.2683362569825784
GRC,2003,0.2989133707113076,-0.3038990559543451,Greece,0.2730706607565077
GTM,2003,0.08480196713775436,-0.08377195268721471,Guatemala,0.2572791216806336
GUY,2003,0.2992458087814401,-0.28815192726551997,Guyana,0.4174369255147661
HRV,2003,0.1596836597889,0.0747587896869002,Croatia,0.3511137123712094
HTI,2003,0.004580505194087029,-0.005059715883655835,Haiti,0.2536035079028324
HUN,2003,0.08993497892847496,-0.09222683266145001,Hungary,0.2539812045792387
IDN,2003,0.03171329504836004,-0.01938972316498,Indonesia,0.3121065053311381
IND,2003,0.05563696577258001,0.0006214706115599267,India,0.3422653059269553
IRL,2003,0.005345796002017013,-0.006005463663281999,Ireland,0.2000805345028653
IRN,2003,0.16451070577302002,0.0018920298480002984,Iran,0.4366616453151458
IRQ,2003,0.14025038301975,-0.1410357274199998,Iraq,0.2897251571330438
ISL,2003,0.006677904211315015,-0.00808720302819,Iceland,0.2230086200906023
ISR,2003,0.137727720360125,-0.14947741240708004,Israel,0.2731020095818278
ITA,2003,0.004978611695327022,-0.005225864277351999,Italy,0.1991268679100851
JAM,2003,0.14529091568261504,0.07848216992130996,Jamaica,0.3484213874575367
JOR,2003,0.26997141921150003,-0.2747798620999995,Jordan,0.4868090320023797
JPN,2003,0.012664619677865028,-0.014182514765390002,Japan,0.2573505099932007
KAZ,2003,0.26126658090373,-0.07658037522419958,Kazakhstan,0.3530475936500357
KEN,2003,0.0785496990047717,-0.07688659370577366,Kenya,0.2512204372217592
KGZ,2003,0.23730938064077997,-0.2234470969000002,Kyrgyzstan,0.4462795980899015
KHM,2003,0.02356540926448599,-0.012851377971999867,Cambodia,0.3058642932463323
KOR,2003,0.20048843782247,0.19284824653984,South Korea,0.3291306080646948
LAO,2003,0.05133327862262928,0.05139859769420463,Laos,0.1686186742269795
LBN,2003,0.027525292739400013,0.016023983210799786,Lebanon,0.2973643498308531
LBR,2003,0.09351236837407753,-0.08187799144719987,Liberia,0.2977288351347402
LKA,2003,0.23622995458575002,0.22356363781720012,Sri Lanka,0.4044783230769188
LSO,2003,0.2914315241773249,-0.27296755625760016,Lesotho,0.3944329395576899
LTU,2003,0.07666618447322002,-0.08337346688831998,Lithuania,0.2921877964544112
LUX,2003,0.0006357333205787209,-0.0009675735748224999,Luxembourg,0.189766675477602
LVA,2003,0.029564302514299975,-0.032812545996799995,Latvia,0.2996322484375024
MAR,2003,0.11645299131965,-0.0831982495600001,Morocco,0.4497826421629106
MDA,2003,0.12491931288550003,0.07882820308800009,Moldova,0.575640568285734
MDV,2003,0.11115391876707205,-0.09096185324665207,Maldives,0.2916381068495905
MEX,2003,0.06976946227525802,-0.05975840491957407,Mexico,0.3118429919589291
MKD,2003,0.17356653948155001,-0.15258877561939976,North Macedonia,0.4115819742322005
MLI,2003,0.010271049646343894,-0.009980168186534133,Mali,0.1943667738615138
MMR,2003,0.0090975006919481,-0.0018032343197305067,Burma/Myanmar,0.2230584654372662
MNG,2003,0.03687195445161749,-0.017665624837039928,Mongolia,0.3603048078316156
MOZ,2003,0.12772621495852501,-0.1298598791922001,Mozambique,0.2975948622824205
MUS,2003,0.10293814424565,0.045987102121600065,Mauritius,0.3547875036250142
MWI,2003,0.18252156678518,-0.1797023878322399,Malawi,0.2768719926219553
MYS,2003,0.06584321271,-0.05988913908000004,Malaysia,0.5454951756074093
NAM,2003,0.08285471213660697,-0.06436954289905583,Namibia,0.3584071128877567
NER,2003,0.08636380450344648,-0.08178170018157194,Niger,0.3218707863623142
NGA,2003,0.020854975362090987,-0.020499060429751914,Nigeria,0.193413237345889
NIC,2003,0.15192136286922295,-0.14613802164818424,Nicaragua,0.2720166940141268
NLD,2003,0.0012358176534255046,-0.0014860200192230002,Netherlands,0.1780943062403082
NOR,2003,0.00048708831567203343,-0.0006052686124319999,Norway,0.1667719035736063
NPL,2003,0.04576827436094997,-0.003033407078000039,Nepal,0.402155427836813
NZL,2003,0.0008468427103294957,-0.0012350487697370001,New Zealand,0.1504626957674317
PAK,2003,0.11402532621346949,0.10409469653076009,Pakistan,0.2576172709575471
PHL,2003,0.026093425099145015,-0.02071501985075974,Philippines,0.2740644130679706
PNG,2003,0.17018842503165,0.18407095684480002,Papua New Guinea,0.3227514858254953
POL,2003,0.21581675797629507,-0.21711257436353998,Poland,0.2342465849360732
PRK,2003,0.00540331847755466,0.0054036057926567516,North Korea,0.1230819370375647
PRT,2003,0.14522418662700495,-0.14595210638265002,Portugal,0.2263595730071717
PRY,2003,0.11939894758408048,-0.11841047642458413,Paraguay,0.2627213439967913
ROU,2003,0.20434401126135,-0.1391678505827998,Romania,0.4250584637794442
RUS,2003,0.08565574153563496,-0.06424946608000015,Russia,0.5007884942846138
RWA,2003,0.20347136466510496,-0.05753557335379966,Rwanda,0.3393369594999929
SDN,2003,0.029502729575360907,0.020403355463110007,Sudan,0.2372085929275556
SEN,2003,0.023090348334780495,-0.014838806536204174,Senegal,0.3185820391042995
SLE,2003,0.10312659578884202,-0.10174200535373612,Sierra Leone,0.2534566507680527
SOM,2003,0.03966192110495351,-0.039388878049799736,Somalia,0.2097077063193854
SRB,2003,0.06668738936110001,-0.02307750705729994,Serbia,0.3470508120940045
SWE,2003,0.0008538610156795016,-0.0009156232445638199,Sweden,0.1584363777113863
SWZ,2003,0.1053173984383575,-0.09006361789100037,Eswatini,0.2975546920329711
SYC,2003,0.20425474611999997,-0.18985516190000018,Seychelles,0.7291142414681976
SYR,2003,0.37732117441747637,0.3781553985898487,Syria,0.17252277840757
TCD,2003,0.03337467430495994,-0.010675489940360272,Chad,0.2618674263063815
TGO,2003,0.05703903136556996,-0.021271700804800453,Togo,0.3815880505283257
THA,2003,0.01819375300229999,-0.012370078424400077,Thailand,0.403899175571435
TJK,2003,0.06651241162515802,0.02285106280310023,Tajikistan,0.3202259514422639
TKM,2003,0.01636869092885962,0.016370102163710598,Turkmenistan,0.1502732644976809
TTO,2003,0.13497613001815006,-0.16156795840920005,Trinidad and Tobago,0.3211039842887175
TUN,2003,0.22620336755284498,-0.14329140252203,Tunisia,0.307638260791386
TUR,2003,0.097292620987,-0.0364927444359997,Türkiye,0.4404460739815628
TWN,2003,0.11889589143005,0.11193384508959991,Taiwan,0.3017099666254962
TZA,2003,0.22708083903260004,-0.22297191025179997,Tanzania,0.3657719741745498
UGA,2003,0.09038898424274004,0.04063725303827992,Uganda,0.342276502413249
UKR,2003,0.27672078321249993,-0.09309042988000038,Ukraine,0.7869782792414385
URY,2003,0.01624311206053,-0.03996767707288,Uruguay,0.2392075643290191
USA,2003,0.02270332715043252,-0.022923338239375,United States of America,0.1740327357942666
UZB,2003,0.09788228587977954,0.09802019729113143,Uzbekistan,0.1929402603470853
VEN,2003,0.12412429314916497,-0.09384899854399986,Venezuela,0.5415216422357353
VNM,2003,0.11839632061533503,0.12480494526330022,Vietnam,0.2750867807577832
YEM,2003,0.05690588604530201,-0.047053029910399946,Yemen,0.2324918615858657
ZAF,2003,0.010268987671322607,0.0004271272682230265,South Africa,0.2769262405486886
ZMB,2003,0.13866436379126001,-0.13282569944627998,Zambia,0.3194806516832596
ZWE,2003,0.050299227199863995,-0.038269017140000194,Zimbabwe,0.3683480375176756
AFG,2004,0.044495437285817535,-0.011019805799679094,Afghanistan,0.2362328674870642
ALB,2004,0.14253939922050002,-0.1213315455920001,Albania,0.3417082268774315
ARE,2004,0.04649544648551343,-0.040037335997027856,United Arab Emirates,0.2244535862240035
ARG,2004,0.040773749330405985,0.030365460098761954,Argentina,0.2964570154057354
ARM,2004,0.04404126188990798,-0.001344960379999982,Armenia,0.4329046689880726
AUS,2004,0.0013291152084518487,-0.0014912705218010998,Australia,0.1797364115834175
AZE,2004,0.12280875914461313,-0.011984216229440126,Azerbaijan,0.3104677032799364
BDI,2004,0.17525560385274996,-0.1534803698360001,Burundi,0.4015985556447365
BEL,2004,0.0023730581827270374,-0.0026207129726819995,Belgium,0.168785264587004
BEN,2004,0.003398660533075874,-0.0017190996508056333,Benin,0.2342284270101598
BFA,2004,0.07029877869339596,-0.06527359925056819,Burkina Faso,0.2852392328671765
BGD,2004,0.09467448484626001,0.08957333115232013,Bangladesh,0.2578545500447406
BGR,2004,0.10385770707926498,0.05565932066922996,Bulgaria,0.3371621759042396
BHR,2004,0.09444781898379995,0.0022011026800003997,Bahrain,0.3198468694526471
BIH,2004,0.10258374783260496,-0.09187109884653988,Bosnia and Herzegovina,0.3212722278651924
BLR,2004,0.0128414268500376,0.012983785169816908,Belarus,0.2083614374330101
BOL,2004,0.04572597585503169,-0.03847626111405322,Bolivia,0.3394362925404506
BRA,2004,0.013654543424765825,0.011442967644308077,Brazil,0.2908849025507515
BTN,2004,0.21639985888450003,0.20431840013500047,Bhutan,0.5424884443177773
BWA,2004,0.3478753188925,0.16605395043000004,Botswana,0.4267202240627328
CAF,2004,0.10949614343807502,-0.08959810883680008,Central African Republic,0.3054683929171022
CAN,2004,0.0024769120743839686,-0.002894144344254,Canada,0.1892539140344172
CHE,2004,0.0006724468320062133,-0.0026570245726437003,Switzerland,0.1961181168348649
CHL,2004,0.0590132636819465,0.05627222436740498,Chile,0.2903999434190813
CIV,2004,0.13369437657812502,-0.13259166936020006,Ivory Coast,0.2649192265618041
CMR,2004,0.03146758012408919,0.013615129308840013,Cameroon,0.2769844604360363
COD,2004,0.14159232051210247,-0.13903045799680003,Democratic Republic of the Congo,0.2642089024869584
COL,2004,0.03468438844518346,-0.015328700407617912,Colombia,0.3464143514499897
CRI,2004,0.378765520154371,-0.3792908265383461,Costa Rica,0.2668070782632465
CYP,2004,0.38741104088185,0.33810134573639994,Cyprus,0.3341543660290999
DEU,2004,0.003034462799847696,-0.0030875441433012,Germany,0.1444732721051743
DJI,2004,0.12563901180985604,0.10590123756299974,Djibouti,0.3212340483009676
DNK,2004,0.00024391257124078814,-0.00029511361076059,Denmark,0.1462619239725095
ECU,2004,0.07640756006383702,-0.06893869611409587,Ecuador,0.3265155859190922
EGY,2004,0.08980445839968501,0.07421065292999929,Egypt,0.3267904444217898
ESP,2004,0.030689376706743553,-0.031141156946011602,Spain,0.2089522655775001
ETH,2004,0.14305593906514996,-0.14014833867600007,Ethiopia,0.4065518136213404
FIN,2004,0.0028859329260396216,-0.0030138002833349,Finland,0.1737627075668879
FJI,2004,0.025834154712000016,0.017136280043999808,Fiji,0.5739965978760112
FRA,2004,0.023110869443212022,-0.025041018015171997,France,0.204870372799133
GAB,2004,0.07814667406111499,0.07214967246035986,Gabon,0.2685083290291956
GBR,2004,0.002064214617893497,-0.0024921737675209998,United Kingdom,0.1857338795372194
GEO,2004,0.25259496988,0.03807278536000003,Georgia,0.8549657421644793
GHA,2004,0.0028063294256245584,-0.0014261948390861257,Ghana,0.2418982215215766
GIN,2004,0.06099233265191874,-0.0446656481812,Guinea,0.2979299019372909
GMB,2004,0.137189691237425,0.0660072823300002,The Gambia,0.3789430119195909
GNB,2004,0.05247903811944999,0.040359402891599894,Guinea-Bissau,0.2899482573044499
GNQ,2004,0.048353221334885677,-0.02459651494452375,Equatorial Guinea,0.2706836376216399
GRC,2004,0.27801245609825503,-0.28412485540673,Greece,0.2640343773726653
GTM,2004,0.09008861480649623,-0.08867702350426998,Guatemala,0.2619374758921932
GUY,2004,0.2962250984486,-0.28530544039280015,Guyana,0.4224067018735102
HRV,2004,0.12256543899608499,-0.006475120977480042,Croatia,0.359228312974073
HTI,2004,0.010221317125771982,-0.0038411608779760353,Haiti,0.3025488071368133
HUN,2004,0.04412260853409996,-0.046045207903499995,Hungary,0.2536325520536162
IDN,2004,0.015082757411826964,-0.011379181978756092,Indonesia,0.2857199419426719
IND,2004,0.048984324328000026,0.0024882688662000163,India,0.3454422688762001
IRL,2004,0.004401111641839961,-0.00498707002542,Ireland,0.2012602536112628
IRN,2004,0.14791824878767498,-0.03190993620199967,Iran,0.4269488869553813
IRQ,2004,0.03235614176142999,-0.027704616215600275,Iraq,0.2976203067148213
ISL,2004,0.006296423106347948,-0.007638373399087998,Iceland,0.222613638347709
ISR,2004,0.14253745871538498,-0.15441155217121005,Israel,0.2739433031581647
ITA,2004,0.007542655341993015,-0.007795519554278,Italy,0.1970879114912914
JAM,2004,0.11371011681116,0.046314141033100165,Jamaica,0.3454775604796917
JOR,2004,0.2480212641305,-0.24915287471999958,Jordan,0.5006893803102902
JPN,2004,0.01224862376226999,-0.01375763816912,Japan,0.2633127184514049
KAZ,2004,0.25743029664482,-0.06433553636259992,Kazakhstan,0.3595093587410157
KEN,2004,0.06803655977953152,-0.06631722564955234,Kenya,0.2443988621518118
KGZ,2004,0.16206162713492503,-0.1377489328000001,Kyrgyzstan,0.452903157957036
KHM,2004,0.026959450594544975,-0.01669748278240002,Cambodia,0.3177669844577643
KOR,2004,0.15781411116347505,0.15038427864635007,South Korea,0.3126475816237749
LAO,2004,0.04585124649209109,0.045904185377919404,Laos,0.1706201580861769
LBN,2004,0.0235747792416,0.013399429491199877,Lebanon,0.2989049510687387
LBR,2004,0.11663856968125,-0.05037440775800017,Liberia,0.3491648513960906
LKA,2004,0.21792070909899994,0.20411064782560007,Sri Lanka,0.4051639618168828
LSO,2004,0.29207605703406503,-0.27418979118052,Lesotho,0.3944782907824895
LTU,2004,0.11384642480502999,-0.11824468961358,Lithuania,0.2820541935637238
LUX,2004,0.0006317000898319921,-0.0009670981620919999,Luxembourg,0.1915483031382794
LVA,2004,0.037738502101634985,-0.04108690567511,Latvia,0.2941290758436842
MAR,2004,0.11046138524720002,-0.08195257957199953,Morocco,0.4686377775320046
MDA,2004,0.13281916997800003,0.08520385408999998,Moldova,0.6016887387031487
MDV,2004,0.0833553832788113,-0.03849888376379029,Maldives,0.3082491519116659
MEX,2004,0.0654024265101915,-0.05469613002612195,Mexico,0.3108731739006047
MKD,2004,0.21513711528750007,-0.07677370590000021,North Macedonia,0.5325053256135063
MLI,2004,0.00897491988334079,-0.008695737104344792,Mali,0.1907752704677346
MMR,2004,0.009279629210805607,-0.0024541078114115322,Burma/Myanmar,0.2241993922711933
MNG,2004,0.02621889532597004,-0.011363757748099834,Mongolia,0.3416356566339593
MOZ,2004,0.17835793296928495,-0.1796330784106801,Mozambique,0.2939838983695224
MUS,2004,0.09229803611401503,0.03817395741000995,Mauritius,0.3501002334320588
MWI,2004,0.17672218650844598,-0.17390658242036805,Malawi,0.2670781755558942
MYS,2004,0.05429405075150001,-0.03757353452000034,Malaysia,0.6271972697424707
NAM,2004,0.08783325552108001,-0.07096368626824012,Namibia,0.3529785538179749
NER,2004,0.05207574947640899,-0.049297770145271924,Niger,0.290377273513962
NGA,2004,0.023902192366058138,-0.023505710928215295,Nigeria,0.1939316750942027
NIC,2004,0.14763316678637003,-0.14228130493645996,Nicaragua,0.268603340102214
NLD,2004,0.0011763641663807124,-0.0014336942748792,Netherlands,0.1776030329426708
NOR,2004,0.00041763680805274113,-0.0005342150554745001,Norway,0.1670441194605314
NPL,2004,0.04700401988130001,-0.0013883414779995995,Nepal,0.4042601799398448
NZL,2004,0.0008436475348434571,-0.001225264470081,New Zealand,0.1585394831251699
PAK,2004,0.13684596857617404,0.12813602396308021,Pakistan,0.2361399604262566
PHL,2004,0.031636320008261505,-0.02851611109989194,Philippines,0.2544471714904129
PNG,2004,0.161839406730165,0.17596456529467996,Papua New Guinea,0.3234542251375635
POL,2004,0.21999839712890498,-0.22155377051532998,Poland,0.2271438095574882
PRK,2004,0.005446206346905852,0.005446661915479378,North Korea,0.1298421983768979
PRT,2004,0.12641274312155099,-0.127135982323826,Portugal,0.2182090513643496
PRY,2004,0.10406850748419301,-0.10279905424021396,Paraguay,0.2631238679219799
ROU,2004,0.2063150211968,-0.15764467111040004,Romania,0.4129144100816694
RUS,2004,0.10003997166982502,-0.07989518742000001,Russia,0.5004747945550427
RWA,2004,0.21134261795502002,-0.06856493373899974,Rwanda,0.3429323182173199
SDN,2004,0.03712625084770915,0.029703098482950274,Sudan,0.2418681415554866
SEN,2004,0.021618807802291015,-0.013657567891327771,Senegal,0.3148882078282323
SLE,2004,0.09556716294192298,-0.09406050242108388,Sierra Leone,0.2495737509618744
SOM,2004,0.05691303506709353,-0.056637564445799704,Somalia,0.2093000024981365
SRB,2004,0.07841086520901501,-0.044293222333619875,Serbia,0.3439026435799928
SWE,2004,0.0008222258015109955,-0.00088679890578788,Sweden,0.1581362090673795
SWZ,2004,0.10654186654499753,-0.09094024687272517,Eswatini,0.2968877681309622
SYC,2004,0.14955974796500002,-0.0657642586399998,Seychelles,0.7619891934792807
SYR,2004,0.33382539453948246,0.33464637931712327,Syria,0.1830549107662316
TCD,2004,0.03162586154767731,-0.009774021173719394,Chad,0.2563745449965313
TGO,2004,0.058833464548820054,-0.02521464611439983,Togo,0.3898457695612479
THA,2004,0.0207826535741,0.01778728407920016,Thailand,0.4003427098770398
TJK,2004,0.06642087900696227,0.027545333415399664,Tajikistan,0.3228129900479851
TKM,2004,0.01807549127360603,0.01807726482548766,Turkmenistan,0.155189092251664
TTO,2004,0.13518800298735006,-0.16179807927800013,Trinidad and Tobago,0.3235595696410259
TUN,2004,0.212897152561974,-0.1260964637165003,Tunisia,0.3040056450473687
TUR,2004,0.10037075534645003,-0.04495577034659992,Türkiye,0.4313142991766922
TWN,2004,0.11179897472715498,0.10290574571343991,Taiwan,0.3200751200457932
TZA,2004,0.22134102659684,-0.21749481674872007,Tanzania,0.3580969960505314
UGA,2004,0.08635593055309998,0.04177892097264002,Uganda,0.3321325860743667
UKR,2004,0.2017652239495,0.10458061676399999,Ukraine,0.5391805367010075
URY,2004,0.014683014668982019,-0.039468556867971995,Uruguay,0.2438559174680043
USA,2004,0.030581818957858,-0.030818115481838007,United States of America,0.1754883421881355
UZB,2004,0.1100802946000011,0.11029128456678672,Uzbekistan,0.1979131099723122
VEN,2004,0.14050808383570002,-0.11856042628240004,Venezuela,0.5180067478381194
VNM,2004,0.12169391634181498,0.12918060634227002,Vietnam,0.2813181405331187
YEM,2004,0.06310301223111049,-0.054912862117200145,Yemen,0.2325619466538727
ZAF,2004,0.010091906247041657,0.00099406565220872,South Africa,0.2725169131022116
ZMB,2004,0.13730349655090499,-0.13133024825324036,Zambia,0.3157791031697683
ZWE,2004,0.0542029829714335,-0.04405592551999993,Zimbabwe,0.3746303633052472
AFG,2005,0.055553407137528196,0.029604629333959798,Afghanistan,0.2254541264728237
ALB,2005,0.10056561136462999,-0.08031956224043979,Albania,0.3357691426134722
ARE,2005,0.041981834909724965,-0.03544404291684966,United Arab Emirates,0.2256946081616783
ARG,2005,0.06712463155550899,0.050497067437788146,Argentina,0.278483010804792
ARM,2005,0.051164121425449995,-0.01155057258519987,Armenia,0.446652014720555
AUS,2005,0.0014820825502509815,-0.001653474684306,Australia,0.2030736466549998
AZE,2005,0.1200479836945105,0.0023217133616997288,Azerbaijan,0.3133225776814517
BDI,2005,0.06240549670306,-0.01992014042000001,Burundi,0.3557427239803294
BEL,2005,0.002469746775097756,-0.0027081327991664997,Belgium,0.1719060441500187
BEN,2005,0.004282369625359489,-0.0021888460423600264,Benin,0.2426328867696899
BFA,2005,0.0608281049756445,-0.05663226045815595,Burkina Faso,0.2805428969175085
BGD,2005,0.11439463802963147,0.11029773745059956,Bangladesh,0.2556070956219198
BGR,2005,0.110444256012835,0.04601880168674999,Bulgaria,0.3448297186396374
BHR,2005,0.08987870517090005,-0.009448589607999214,Bahrain,0.3254335126026357
BIH,2005,0.12047878907320998,-0.10593307354827974,Bosnia and Herzegovina,0.331846994955503
BLR,2005,0.012483046595314011,0.012634370022996944,Belarus,0.2068054002001821
BOL,2005,0.05408269480672929,-0.049144751461864145,Bolivia,0.3331648130632699
BRA,2005,0.016160364001137413,0.01450320857768328,Brazil,0.2881684991033448
BTN,2005,0.229839415475,0.18893372246999984,Bhutan,0.5283570910008312
BWA,2005,0.352075343663,0.17346782325599996,Botswana,0.4202631831191882
CAF,2005,0.13229145098665002,0.10333075007984016,Central African Republic,0.2464341354422022
CAN,2005,0.0023342780548602964,-0.0027652477839815,Canada,0.1970010855290103
CHE,2005,0.0003489391539325212,-0.0013467273469012998,Switzerland,0.208356134415139
CHL,2005,0.037932173852194516,0.036180954022405065,Chile,0.2791181424546158
CIV,2005,0.16543240973870996,-0.16406409770207997,Ivory Coast,0.2666926760145333
CMR,2005,0.030538444058033028,0.01017358249980016,Cameroon,0.2837900442632253
COD,2005,0.200578638290842,-0.19675601465520032,Democratic Republic of the Congo,0.2740494874506159
COL,2005,0.028847987435092492,-0.012672173918490293,Colombia,0.3320002990149756
CRI,2005,0.4666652278026411,-0.46728502890481605,Costa Rica,0.2560330643932478
CYP,2005,0.40335251516169995,0.36734017443230005,Cyprus,0.324016653739844
DEU,2005,0.002753469274119296,-0.00280194239316056,Germany,0.1481772821454535
DJI,2005,0.11536458515208602,0.09776920078099938,Djibouti,0.319279274775402
DNK,2005,0.00022748549733469164,-0.00027316737443196,Denmark,0.1483521868147957
ECU,2005,0.05807949334223997,-0.05018554892698002,Ecuador,0.3319467727506444
EGY,2005,0.08115438978423004,0.06213258885000039,Egypt,0.3180031991254392
ESP,2005,0.026861688800166605,-0.0272840937900496,Spain,0.2119954728837806
ETH,2005,0.095586545401362,-0.09025439431800031,Ethiopia,0.4166146566995192
FIN,2005,0.0026597119888608113,-0.0027784276381951,Finland,0.1767185499831915
FJI,2005,0.026396503469,0.018555561467999748,Fiji,0.5591444236746674
FRA,2005,0.01991942481408399,-0.021486371743454,France,0.2069117345492399
GAB,2005,0.07061382394688004,0.06438954549844,Gabon,0.2731782516495369
GBR,2005,0.0021297195260269854,-0.0025080484147520002,United Kingdom,0.1871958104985655
GEO,2005,0.27616843734999996,-0.01762138180000017,Georgia,0.8007728052131001
GHA,2005,0.0035120226544359313,-0.0016689536887055656,Ghana,0.2463644169424605
GIN,2005,0.05035305143115916,-0.032359351132400516,Guinea,0.3017044107473278
GMB,2005,0.13518455938191998,0.06586463898600048,The Gambia,0.3783467285663642
GNB,2005,0.07264794446420494,0.06536027051423976,Guinea-Bissau,0.2518669698045829
GNQ,2005,0.05327963815517994,-0.033973495460551284,Equatorial Guinea,0.2705342937507681
GRC,2005,0.24807061616588252,-0.25396986792789505,Greece,0.2686816965204815
GTM,2005,0.09215958955174607,-0.09068585313406863,Guatemala,0.2629994328587501
GUY,2005,0.31632502445879007,-0.30304472084332,Guyana,0.4217432634426256
HRV,2005,0.10381942494539996,-0.003377433965400023,Croatia,0.3580509955462847
HTI,2005,0.014291044805885006,-0.002559419508280092,Haiti,0.3141305229796243
HUN,2005,0.07611200117143503,-0.07871395731211002,Hungary,0.2618409937915202
IDN,2005,0.015484207801862982,-0.010876600635504108,Indonesia,0.2868696179418122
IND,2005,0.05515221676635499,0.005157731860560233,India,0.345414966596343
IRL,2005,0.004686605246329521,-0.005288944128716999,Ireland,0.2075716695467718
IRN,2005,0.156042175562397,-0.07097983730120028,Iran,0.3964945973088968
IRQ,2005,0.017254033083300008,0.0023651070020000997,Iraq,0.2557961180458467
ISL,2005,0.0048474859107175,-0.006094826275165,Iceland,0.226869924817936
ISR,2005,0.14756540227494,-0.15963722345109002,Israel,0.2736582234249318
ITA,2005,0.0034563599427645027,-0.0037101986218469997,Italy,0.1983911032508539
JAM,2005,0.053084790440129974,-0.012335973048040128,Jamaica,0.3346716948414484
JOR,2005,0.210344697534,-0.20737367640000048,Jordan,0.5147257576213905
JPN,2005,0.011895836472365013,-0.01317574778159,Japan,0.2537333929608809
KAZ,2005,0.25902517404397507,-0.09015216790059899,Kazakhstan,0.3538241594242307
KEN,2005,0.06194801312547066,-0.06007805560056556,Kenya,0.242882759548845
KGZ,2005,0.063443047309403,-0.010798864821599974,Kyrgyzstan,0.4099941363928477
KHM,2005,0.030047865204127486,-0.02142164934799995,Cambodia,0.3204204533735803
KOR,2005,0.25663635191879997,0.25011093247799987,South Korea,0.3180411586613376
LAO,2005,0.04950020827529895,0.04955779078678635,Laos,0.1654727862543269
LBN,2005,0.09038523744474998,-0.08632659939399989,Lebanon,0.2594702811685143
LBR,2005,0.2507884110372481,-0.20355246706698438,Liberia,0.2814907311215459
LKA,2005,0.07773535901741001,0.024734942976000207,Sri Lanka,0.4497349095878269
LSO,2005,0.2604934263470699,-0.24332261070955985,Lesotho,0.3787434959658037
LTU,2005,0.09469965714922497,-0.09832454847755001,Lithuania,0.2769584520142221
LUX,2005,0.0005094602850707733,-0.0008094901846045,Luxembourg,0.1931113788939595
LVA,2005,0.03550309792241999,-0.039436235273019996,Latvia,0.2963882289290112
MAR,2005,0.09366585888549997,-0.06576181074000065,Morocco,0.4891075392283507
MDA,2005,0.12121827459365,0.07586537081999989,Moldova,0.5880526541960216
MDV,2005,0.19134163653883002,0.15271320135700028,Maldives,0.3925717986545899
MEX,2005,0.07308086122725162,-0.061855251669133526,Mexico,0.3109925738664515
MKD,2005,0.208901628543,-0.10656279287399983,North Macedonia,0.5289327946984512
MLI,2005,0.009569182526562813,-0.009279842465777621,Mali,0.1901533160851889
MMR,2005,0.00941361155564213,-0.002982232173400323,Burma/Myanmar,0.2211553077992296
MNG,2005,0.026389038313631513,-0.010520994513911974,Mongolia,0.3365531090031032
MOZ,2005,0.20752024875079,-0.20975495252111975,Mozambique,0.3027679541791278
MUS,2005,0.08824064886548004,0.027801675630720113,Mauritius,0.3469650669106356
MWI,2005,0.177256264127932,-0.17428375725545564,Malawi,0.2700927672845509
MYS,2005,0.054666753317999986,-0.03781662658000018,Malaysia,0.6256273857518667
NAM,2005,0.09219426858898698,-0.06808358976139606,Namibia,0.3593718558592942
NER,2005,0.054747521307361,-0.051526363818587884,Niger,0.3041271930273204
NGA,2005,0.02672424104626322,-0.026298600495485713,Nigeria,0.1907474300702105
NIC,2005,0.1746707971212135,-0.16860725098030782,Nicaragua,0.2717386725184739
NLD,2005,0.001114601146147109,-0.0014093298454826,Netherlands,0.1845656595436754
NOR,2005,0.00038926121894150963,-0.000488769849459,Norway,0.1663707645672587
NPL,2005,0.05200157263174997,0.0018481800288001615,Nepal,0.4208921499186859
NZL,2005,0.001199014421907476,-0.0016563431695449998,New Zealand,0.2004865520203865
PAK,2005,0.13884637808330252,0.1306365016620803,Pakistan,0.2313661261675115
PHL,2005,0.03011467428919355,-0.02599884810454789,Philippines,0.259906427201363
PNG,2005,0.194746062806135,0.20770533399292002,Papua New Guinea,0.3245986650712819
POL,2005,0.19919008113787,-0.20091381354472004,Poland,0.230340494680362
PRK,2005,0.005095758116426872,0.005096456876085842,North Korea,0.130795945886143
PRT,2005,0.15427385167795898,-0.154946051590354,Portugal,0.2257909965460121
PRY,2005,0.0996443641194078,-0.09829632913423247,Paraguay,0.2596105567900398
ROU,2005,0.13227710925099997,-0.07369036088150005,Romania,0.3791466802714529
RUS,2005,0.11093567216930003,-0.09918230500000025,Russia,0.4846178349758747
RWA,2005,0.218998678527975,-0.08923433574900042,Rwanda,0.3355886399292966
SDN,2005,0.04819890701165351,0.04381531972829933,Sudan,0.2431486343841977
SEN,2005,0.021647603633979016,-0.014237716002802214,Senegal,0.3132097197235074
SLE,2005,0.11545973773316552,-0.11404308083452408,Sierra Leone,0.2472378011944667
SOM,2005,0.06129808601892348,-0.061021691540000145,Somalia,0.2069575654875643
SRB,2005,0.08366914408554005,-0.043834785932820086,Serbia,0.3448934710999902
SWE,2005,0.0007607699068483492,-0.00084409621560498,Sweden,0.1668024474012975
SWZ,2005,0.1119105191007265,-0.09883105429683026,Eswatini,0.2914465852064422
SYC,2005,0.19340996062000002,-0.13282077664000003,Seychelles,0.7535160906738003
SYR,2005,0.3317613906962228,0.3326171585722011,Syria,0.1847783072281162
TCD,2005,0.05131290720132909,-0.034191384880480236,Chad,0.2733663627374745
TGO,2005,0.05861253004023006,0.036137883036240215,Togo,0.3147293148105283
THA,2005,0.07697259661964999,0.07415373511160017,Thailand,0.3547624027059408
TJK,2005,0.06965812868044795,0.026156690731300003,Tajikistan,0.32328357940466
TKM,2005,0.01866255903486127,0.018664073033595407,Turkmenistan,0.153156555275181
TTO,2005,0.16276181817084506,-0.1870601926696,Trinidad and Tobago,0.3207774775177837
TUN,2005,0.211221866105873,-0.11485098321834952,Tunisia,0.3079101870594046
TUR,2005,0.11443352242525001,-0.05511356824200009,Türkiye,0.4351869076117488
TWN,2005,0.05978140465735001,0.05131960646010003,Taiwan,0.3071690525397239
TZA,2005,0.24432439796458008,-0.2411768521866402,Tanzania,0.358355063854299
UGA,2005,0.08051663977589998,0.02732019480480008,Uganda,0.3528922348039933
UKR,2005,0.029251844375999977,0.00678806533200027,Ukraine,0.4680514020913632
URY,2005,0.013039216104929516,-0.031343943851837,Uruguay,0.2448610302971429
USA,2005,0.02290793585921169,-0.023105305512556205,United States of America,0.1771796428907257
UZB,2005,0.12920125804559662,0.1294387949486846,Uzbekistan,0.1970881929640577
VEN,2005,0.19957492339181,-0.19167425718399977,Venezuela,0.4818711575173121
VNM,2005,0.1348451779789,0.145507650536,Vietnam,0.2858382891639626
YEM,2005,0.06340035459853721,-0.05544887587704039,Yemen,0.2574599661978875
ZAF,2005,0.010093080445082222,0.0009327171663637834,South Africa,0.2683307501868349
ZMB,2005,0.11265114919992496,-0.10615148915820005,Zambia,0.3133379311992774
ZWE,2005,0.05041921644743401,-0.04084232257000009,Zimbabwe,0.3694421828094587
AFG,2006,0.0847338833788335,0.06806760752092011,Afghanistan,0.2272353486872761
ALB,2006,0.11686853200578998,-0.09314060964032,Albania,0.3460558257805461
ARE,2006,0.11513557486044501,0.11780054436250964,United Arab Emirates,0.2148530642397124
ARG,2006,0.052563403004056,0.03906519186965196,Argentina,0.2993011296296106
ARM,2006,0.047491197324804994,-0.00611385811560039,Armenia,0.4373850114763107
AUS,2006,0.0014489151267124776,-0.0016149587680250003,Australia,0.2022180280456828
AZE,2006,0.11533458111522166,-0.017272766433780173,Azerbaijan,0.3043577323823626
BDI,2006,0.051830490806621506,-0.010104191668519613,Burundi,0.3471190911456608
BEL,2006,0.0024472376974130883,-0.0026827498339786,Belgium,0.1749560457472834
BEN,2006,0.0034119413539717607,-0.0017307024961856765,Benin,0.2450501663815707
BFA,2006,0.04262726350449099,-0.03927482015808814,Burkina Faso,0.2895728066372627
BGD,2006,0.039355561932322966,0.030657835169079828,Bangladesh,0.2892604776804443
BGR,2006,0.10405076664886999,0.0494453129785799,Bulgaria,0.3421515621474816
BHR,2006,0.07938497121025004,-0.020239509103999964,Bahrain,0.3400979957202176
BIH,2006,0.12165177533601004,-0.11022476716007978,Bosnia and Herzegovina,0.3392693956603814
BLR,2006,0.01766859570198496,0.017886728599442847,Belarus,0.2106440482494892
BOL,2006,0.22113971607939997,-0.20006188025519966,Bolivia,0.5260608707179332
BRA,2006,0.010880545707771928,0.009501288811190278,Brazil,0.2848797108797712
BTN,2006,0.23720606867,0.23020610204999947,Bhutan,0.5379895242595748
BWA,2006,0.36033111041200006,0.18060759845500007,Botswana,0.4221763540913371
CAF,2006,0.12260843972386602,0.0983344168264162,Central African Republic,0.2477247508438524
CAN,2006,0.0022199690146225185,-0.002651422683255,Canada,0.1995971824790887
CHE,2006,0.00038821357271523634,-0.0015082577637307,Switzerland,0.2126183626107354
CHL,2006,0.008520712887481468,-0.009300948957049027,Chile,0.2697142774430859
CIV,2006,0.16686346583686804,-0.1653249689219436,Ivory Coast,0.2846821181287515
CMR,2006,0.031291172137287,0.011750545601200146,Cameroon,0.2890179012002321
COD,2006,0.05028110971875101,0.012931567799479904,Democratic Republic of the Congo,0.267515883429033
COL,2006,0.027105835135937707,-0.011037780224601557,Colombia,0.3276983139003883
CRI,2006,0.3538115666410095,-0.354335269834257,Costa Rica,0.2715772451251517
CYP,2006,0.43604972326295005,0.4022138123739,Cyprus,0.3261800988960503
DEU,2006,0.002509461502640667,-0.00255555146299978,Germany,0.150329684411155
DJI,2006,0.11906666835515804,0.10677366693000012,Djibouti,0.3241258061164268
DNK,2006,0.00020236272028702502,-0.00024302975918194,Denmark,0.1492148663104714
ECU,2006,0.07053110893962102,-0.0604864459797676,Ecuador,0.345831692695416
EGY,2006,0.06284428617045502,0.04463461818999992,Egypt,0.3284882995874983
ESP,2006,0.028640305731509427,-0.029095550794736403,Spain,0.2166416651146301
ETH,2006,0.156303051095345,-0.15355102152000022,Ethiopia,0.4126204029329786
FIN,2006,0.002729786735594919,-0.0028396553701894,Finland,0.1785535835619975
FJI,2006,0.09969402281949999,-0.06564983312400052,Fiji,0.6083724135085964
FRA,2006,0.020034337177494983,-0.02169126360467,France,0.2198630299488649
GAB,2006,0.06116541134127503,0.055195214408320314,Gabon,0.2804514204703103
GBR,2006,0.002013709589263386,-0.0023839181939200997,United Kingdom,0.1908166653588123
GEO,2006,0.28778187208499995,-0.03483722908000009,Georgia,0.7757838512693662
GHA,2006,0.0035699499823805612,-0.001542372454909069,Ghana,0.2529973687411598
GIN,2006,0.04622371416686247,-0.024362459526800162,Guinea,0.3102658074684893
GMB,2006,0.13395932943120997,0.05972070155499987,The Gambia,0.3725341823780929
GNB,2006,0.061001002192200005,0.05363617060288006,Guinea-Bissau,0.2578656212890627
GNQ,2006,0.057936186480502305,-0.03811016267103984,Equatorial Guinea,0.2656759616055971
GRC,2006,0.21533842168295,-0.22120170788710006,Greece,0.2737600570153264
GTM,2006,0.08693700386767536,-0.0854785070170625,Guatemala,0.2640695863449896
GUY,2006,0.3028968563688,-0.29071095325039975,Guyana,0.4201761470752013
HRV,2006,0.12433776474359995,0.0034389938620000837,Croatia,0.3664661119274237
HTI,2006,0.140059426107726,-0.1384557334774279,Haiti,0.2510942801684048
HUN,2006,0.05489456724200002,-0.05872210281649999,Hungary,0.2749233493495415
IDN,2006,0.014136742204180281,-0.01008073786344199,Indonesia,0.2830256059610336
IND,2006,0.05957118317530003,0.0047485432039002795,India,0.3514848247504121
IRL,2006,0.0045764869952760025,-0.005210393107176,Ireland,0.2129012903258683
IRN,2006,0.161639553568535,-0.09146414973770023,Iran,0.3880306035242167
IRQ,2006,0.011951533388594993,0.005091775762640083,Iraq,0.2405907460932997
ISL,2006,0.004711833724767002,-0.005925698187482,Iceland,0.2297074066713564
ISR,2006,0.12921632824786297,-0.14103845370617799,Israel,0.2805350129428615
ITA,2006,0.005802267814738518,-0.005992651622150999,Italy,0.1999850106108811
JAM,2006,0.04388338911933997,-0.01713614738143998,Jamaica,0.3316470957968525
JOR,2006,0.19947423891549998,-0.19230785612000023,Jordan,0.5333314822384929
JPN,2006,0.010942680550374975,-0.01219637351725,Japan,0.2521260971338246
KAZ,2006,0.260812484795915,-0.08229339902620048,Kazakhstan,0.3500382665992221
KEN,2006,0.06584052698313224,-0.0638094321923579,Kenya,0.2478764378698682
KGZ,2006,0.08105425371407003,-0.015398737403600204,Kyrgyzstan,0.4364252488644314
KHM,2006,0.030257516203454977,-0.022120327321999866,Cambodia,0.3232090351585138
KOR,2006,0.278887762101685,0.2725976419370899,South Korea,0.3170457268604545
LAO,2006,0.04444521369626182,0.04449664969226941,Laos,0.1677066452454853
LBN,2006,0.2409110707673,-0.23347932539539973,Lebanon,0.2720084551612622
LBR,2006,0.009727832680121224,-0.008162362971649406,Liberia,0.2238561432053751
LKA,2006,0.07227413794325004,-0.00990135970799999,Sri Lanka,0.5063027410946047
LSO,2006,0.24983183197730505,-0.23246512275544018,Lesotho,0.3871125031581273
LTU,2006,0.11273170783554999,-0.11608049646010002,Lithuania,0.2812320962830437
LUX,2006,0.000491554843273953,-0.0007734172608440001,Luxembourg,0.1975223808287839
LVA,2006,0.03740171073724999,-0.04139305140449999,Latvia,0.3003184945229282
MAR,2006,0.10136866622475002,-0.06804229459200051,Morocco,0.4967527108815386
MDA,2006,0.11978686935159999,0.07349710375000007,Moldova,0.5958549130740608
MDV,2006,0.18510859674597507,0.15985991019000068,Maldives,0.4025239653150055
MEX,2006,0.08175454704170183,-0.07532711371601497,Mexico,0.290758139736868
MKD,2006,0.16137056018,-0.0778464590400001,North Macedonia,0.5560534666733912
MLI,2006,0.007972431557492653,-0.00770602647253571,Mali,0.1980181373456122
MMR,2006,0.009479269883759819,-0.0028807007445741384,Burma/Myanmar,0.2241096731210052
MNG,2006,0.028845028573794985,-0.009082054198760181,Mongolia,0.3439326733461386
MOZ,2006,0.21208714446390006,-0.21371988595520008,Mozambique,0.313516545799769
MUS,2006,0.08734309081005502,0.02976696551221003,Mauritius,0.35300251113252
MWI,2006,0.1751778556246725,-0.17222748850037983,Malawi,0.2800925300254591
MYS,2006,0.054579278075850016,-0.037561108499999385,Malaysia,0.6283244018181522
NAM,2006,0.09092259126911198,-0.06779720941879641,Namibia,0.359595995345005
NER,2006,0.04595057323224546,-0.043025674451063756,Niger,0.3107755376391474
NGA,2006,0.031796063051173766,-0.031296742558450275,Nigeria,0.1938842065302191
NIC,2006,0.19688298115343844,-0.19592044724670798,Nicaragua,0.2850318780137934
NLD,2006,0.0011385446675281831,-0.0014318029944189001,Netherlands,0.1865335533782465
NOR,2006,0.0003637996535771337,-0.00045920172927759996,Norway,0.1686871895775177
NPL,2006,0.04043801877625,0.04125743724800013,Nepal,0.4712994756185273
NZL,2006,0.0012470596526210009,-0.001679339119226,New Zealand,0.2043946297897525
PAK,2006,0.13449241041691198,0.12583971454844023,Pakistan,0.2370126467325377
PHL,2006,0.029943350576446988,-0.025545909228875896,Philippines,0.2614452143772751
PNG,2006,0.19561604416626496,0.2099743472578799,Papua New Guinea,0.3281747510327223
POL,2006,0.197720183716575,-0.19941561093165,Poland,0.2459424600807876
PRK,2006,0.005315168801546914,0.005315830809589972,North Korea,0.1234067854771297
PRT,2006,0.18314876123134052,-0.183769503432463,Portugal,0.2335551342573602
PRY,2006,0.09687509470923356,-0.09543591845406896,Paraguay,0.2619870277765164
ROU,2006,0.11119315022944998,-0.055367721390200186,Romania,0.3920478764674228
RUS,2006,0.10636395968796501,-0.09760811673999958,Russia,0.4813718225581428
RWA,2006,0.21277432626904502,-0.0697732553846997,Rwanda,0.3437777937213772
SDN,2006,0.046626769403585025,0.04199187456929954,Sudan,0.246786015007321
SEN,2006,0.018087575047356735,-0.011522024865703973,Senegal,0.3199003992578576
SLE,2006,0.10183154039172954,-0.1005447876863359,Sierra Leone,0.2567985811046988
SOM,2006,0.06717223039932793,-0.06691590757120025,Somalia,0.2157620847117735
SRB,2006,0.09037594901165,-0.032523715041099965,Serbia,0.3579301842694385
SWE,2006,0.000844194329530407,-0.00091745617164731,Sweden,0.1668651852388811
SWZ,2006,0.1099277281193265,-0.09639395781816962,Eswatini,0.2920012225973163
SYC,2006,0.180218816765,-0.10876076920000011,Seychelles,0.7579860538171908
SYR,2006,0.3799791947695905,0.38083665663447785,Syria,0.1793071615777967
TCD,2006,0.042874553636626206,-0.02166230256676016,Chad,0.280057869336367
TGO,2006,0.09825100126778503,0.0885202915501202,Togo,0.2986179115939837
THA,2006,0.0694746598855,-0.04311233888399979,Thailand,0.4644213851550102
TJK,2006,0.0707878994661255,0.031510786419099546,Tajikistan,0.3213146322504637
TKM,2006,0.020286549178777695,0.02028803131608159,Turkmenistan,0.1496818231011425
TTO,2006,0.127319478095145,-0.14870479328027006,Trinidad and Tobago,0.3254294999323727
TUN,2006,0.212208113208991,-0.11768976274496001,Tunisia,0.3091857936834981
TUR,2006,0.11613346080400005,-0.062461414474999755,Türkiye,0.4382438067087229
TWN,2006,0.09015016080317498,0.08245566969364992,Taiwan,0.3154600616142956
TZA,2006,0.22577641709883503,-0.22158467360367995,Tanzania,0.3854933799515483
UGA,2006,0.055213680067749994,0.028328621215199856,Uganda,0.331656263726282
UKR,2006,0.13048513837085005,-0.08560790857279987,Ukraine,0.4308582201792738
URY,2006,0.012319101758395025,-0.026990707472780002,Uruguay,0.2454973987259044
USA,2006,0.02089478035653663,-0.021059321900689904,United States of America,0.1783725849513169
UZB,2006,0.09799868825933189,0.09813040230845305,Uzbekistan,0.1890712982901529
VEN,2006,0.21514809722490297,-0.20964204845799994,Venezuela,0.4780798201065457
VNM,2006,0.14431967555206004,0.15676859156808032,Vietnam,0.2882958214747692
YEM,2006,0.05019250774343548,-0.03974515593760053,Yemen,0.262163822968374
ZAF,2006,0.01006290267579944,0.0009009390807582784,South Africa,0.2738436252393284
ZMB,2006,0.09889015698602298,-0.09348465602618394,Zambia,0.3101036724025627
ZWE,2006,0.05573995287258852,-0.04602894625799969,Zimbabwe,0.3805358290777278
AFG,2007,0.11234323685493099,0.0974227012942881,Afghanistan,0.2200987319822376
ALB,2007,0.11641253017016498,-0.0928365264573201,Albania,0.34833401813479
ARE,2007,0.1638103431931,0.16612470507679955,United Arab Emirates,0.2081682076053658
ARG,2007,0.03690625788979326,0.02675242172940795,Argentina,0.3071194886365184
ARM,2007,0.041774115639660034,0.0006575255992002926,Armenia,0.4203562175112164
AUS,2007,0.0014936698515149935,-0.00164737914285,Australia,0.2023794206084404
AZE,2007,0.11624731116989842,-0.026859203049230285,Azerbaijan,0.3061357212822743
BDI,2007,0.05412650469285399,-0.012250825635600426,Burundi,0.3558243418891649
BEL,2007,0.002277148288125549,-0.0024739320078873,Belgium,0.1730787490396195
BEN,2007,0.0034824496650357386,-0.0018281364242209719,Benin,0.2488377715923177
BFA,2007,0.04050163041968701,-0.03742881453199587,Burkina Faso,0.2941884343606143
BGD,2007,0.030606078005710004,-0.022356880478000107,Bangladesh,0.3173803305063222
BGR,2007,0.11402874806391998,0.06284986991477992,Bulgaria,0.3471317364478505
BHR,2007,0.09378201281790002,-0.005382167592999476,Bahrain,0.3334988500090123
BIH,2007,0.15831420071233998,-0.1427708841067199,Bosnia and Herzegovina,0.3421038009302292
BLR,2007,0.012279023404838964,0.012393020682960554,Belarus,0.205821692930678
BOL,2007,0.16660623273795003,-0.1499644774626001,Bolivia,0.4882267259365672
BRA,2007,0.013577120306406402,0.012072541491578548,Brazil,0.2879975583815096
BTN,2007,0.22867536182000003,0.3509144814600007,Bhutan,0.5755161109837732
BWA,2007,0.3447281216425,0.16647902354400002,Botswana,0.427863113683789
CAF,2007,0.14318000319686996,0.12056992515683995,Central African Republic,0.249025764577722
CAN,2007,0.001985322276765811,-0.0023979999119848,Canada,0.2000785447085959
CHE,2007,0.00027058333927292553,-0.0010165125905684002,Switzerland,0.2149591569594756
CHL,2007,0.076595618161624,-0.07744342470137389,Chile,0.2676144325238073
CIV,2007,0.14493224332224303,-0.1446752948653438,Ivory Coast,0.2652163137065125
CMR,2007,0.03090721291978278,0.014576956695399934,Cameroon,0.2825820044190354
COD,2007,0.046877710114444734,0.021988884557823996,Democratic Republic of the Congo,0.2573209041806854
COL,2007,0.020841791179045947,-0.004724587171746952,Colombia,0.3187557399290813
CRI,2007,0.4879212893844226,-0.48861780754255507,Costa Rica,0.2701653153320415
CYP,2007,0.43815688264675007,0.4092573149075,Cyprus,0.3241255523281351
DEU,2007,0.0024072252395924035,-0.00245232848883734,Germany,0.1521569835372095
DJI,2007,0.130722589382645,0.12027582281000049,Djibouti,0.3293888639842156
DNK,2007,0.00021112303719541867,-0.00025131601346843,Denmark,0.1508869339643953
ECU,2007,0.07943828183814149,-0.07171338047009201,Ecuador,0.3484669721430665
EGY,2007,0.10028234406916496,0.08027787736999992,Egypt,0.3286225720258143
ESP,2007,0.027920042108798827,-0.0283800160980328,Spain,0.2172141975378842
ETH,2007,0.1537902674635,-0.15121118735999994,Ethiopia,0.4164346242117244
FIN,2007,0.0024522002913060547,-0.0025610521279266,Finland,0.1794147874085437
FJI,2007,0.047823481349000045,-0.05599011788999997,Fiji,0.4530049406465978
FRA,2007,0.027524525421149998,-0.029446069150300003,France,0.2227796449823654
GAB,2007,0.07911151347245504,0.07347632704488016,Gabon,0.2651650201413537
GBR,2007,0.0020855459833849558,-0.00245002367059,United Kingdom,0.1918980836444316
GEO,2007,0.28697360689,-0.027675712119999973,Georgia,0.8093901222107384
GHA,2007,0.0032092289878158185,-0.001227982015930662,Ghana,0.2552394795989406
GIN,2007,0.04144925271051477,-0.017498677339760516,Guinea,0.296550490136431
GMB,2007,0.14469243819608502,0.07667610935500013,The Gambia,0.3766040011527112
GNB,2007,0.07676602747416003,0.07050690487195999,Guinea-Bissau,0.2557866767017914
GNQ,2007,0.05359419675107688,-0.033890373772047955,Equatorial Guinea,0.2701249582050837
GRC,2007,0.22717114515847,-0.23255630655061998,Greece,0.2711811431564745
GTM,2007,0.06607971679716707,-0.06490410791452672,Guatemala,0.2615539958019125
GUY,2007,0.25727995997819,-0.24606476114901987,Guyana,0.4255146415365509
HRV,2007,0.12048567502317499,0.013503196819200092,Croatia,0.3681798642003351
HTI,2007,0.22835719507016133,-0.22572404800149037,Haiti,0.2482374697412716
HUN,2007,0.04571686557902497,-0.049489299737549994,Hungary,0.2730113725724976
IDN,2007,0.012757044434783451,-0.008717557471868087,Indonesia,0.2786078606314522
IND,2007,0.06058064925044,0.017132075196279795,India,0.3473316183471948
IRL,2007,0.0047835366253604844,-0.005338065263852999,Ireland,0.2101773496918409
IRN,2007,0.164756342321284,-0.08342111693159993,Iran,0.3837558149901914
IRQ,2007,0.008498542622885026,-0.011054111333600014,Iraq,0.2365698096335433
ISL,2007,0.004137038151333985,-0.005246277735724,Iceland,0.228110855360078
ISR,2007,0.09627166115874501,-0.10716861604992,Israel,0.2800724242437071
ITA,2007,0.006100213012202327,-0.0062777634404141,Italy,0.1976356864741778
JAM,2007,0.045860678698195004,-0.002584073656629937,Jamaica,0.336661230981903
JOR,2007,0.17768344322349997,-0.16930422452000027,Jordan,0.5235099168146575
JPN,2007,0.011356658254804966,-0.012595243165129999,Japan,0.2527389823686565
KAZ,2007,0.26709389557491003,-0.07602568295239953,Kazakhstan,0.3507317120546282
KEN,2007,0.055753928348784766,-0.054594742047878286,Kenya,0.229343063780677
KGZ,2007,0.10667387970591499,-0.06624841047199981,Kyrgyzstan,0.4719772666116564
KHM,2007,0.02743375086354853,-0.01941507446399937,Cambodia,0.3181468039589462
KOR,2007,0.25115416909867,0.24447927724918006,South Korea,0.3165332204036601
LAO,2007,0.04180822733013055,0.041855336552949485,Laos,0.1655709450646961
LBN,2007,0.27631228341677,-0.2701822311001598,Lebanon,0.2603898549928644
LBR,2007,0.00759785902969402,-0.0064294479238322655,Liberia,0.2273641447286658
LKA,2007,0.06377032136968497,-0.015510787860000264,Sri Lanka,0.4913926780652825
LSO,2007,0.25205930698061496,-0.23779185284091997,Lesotho,0.387279046643896
LTU,2007,0.10926082887279502,-0.11170649860087001,Lithuania,0.2651530412975378
LUX,2007,0.0003758925978659644,-0.0006339521589960001,Luxembourg,0.1866009437669053
LVA,2007,0.02182263319803002,-0.026682358645180003,Latvia,0.3034347149264185
MAR,2007,0.08210629761364999,-0.051548381607999794,Morocco,0.4905456387843411
MDA,2007,0.114954169896,0.06994512063200009,Moldova,0.5833346141357809
MDV,2007,0.18276556880632497,0.13301942256400023,Maldives,0.3945039650127092
MEX,2007,0.07818800916169086,-0.07100480157450684,Mexico,0.2995497798181418
MKD,2007,0.0869277632665,-0.012902694032000062,North Macedonia,0.58584657219967
MLI,2007,0.009350575907507219,-0.00910058612126008,Mali,0.1945678281730655
MMR,2007,0.00917561099161779,-0.0015842127472280865,Burma/Myanmar,0.2248849042775128
MNG,2007,0.02744698146820998,-0.007914641241379972,Mongolia,0.3379144668368014
MOZ,2007,0.17287992269126998,-0.17424566215016024,Mozambique,0.3112939090345368
MUS,2007,0.095449617834565,0.038086461036130004,Mauritius,0.3553310432030497
MWI,2007,0.169576221879509,-0.16683772087927196,Malawi,0.2824259872464885
MYS,2007,0.048039541843900004,-0.029029447080000548,Malaysia,0.6225977114056143
NAM,2007,0.09883527794354699,-0.07261573868097582,Namibia,0.3655748531283678
NER,2007,0.03759892667411101,-0.034958003007548255,Niger,0.31016538346689
NGA,2007,0.025996175866172772,-0.025572709311002084,Nigeria,0.1923141671654651
NIC,2007,0.080257394724705,0.046384579911400436,Nicaragua,0.3726553924255856
NLD,2007,0.0010178452319828846,-0.0012918042569074,Netherlands,0.1851768844422323
NOR,2007,0.00036577259275546526,-0.00045961649862682,Norway,0.1695384660863858
NPL,2007,0.10600015829835001,0.20126948048920013,Nepal,0.4322543142792605
NZL,2007,0.0013590798719749955,-0.00178565218115,New Zealand,0.2077562491256029
PAK,2007,0.12906234393778696,0.12073124712923966,Pakistan,0.2420014212553882
PHL,2007,0.023886183306569022,-0.02013947321055176,Philippines,0.2545114353712068
PNG,2007,0.209938845016185,0.2211607807357201,Papua New Guinea,0.3268098592886677
POL,2007,0.22631742952661796,-0.22819857402196797,Poland,0.2378808916240279
PRK,2007,0.005605134005995964,0.005605465963258283,North Korea,0.1239870703030468
PRT,2007,0.173147858584145,-0.17380969465317003,Portugal,0.2318672362697174
PRY,2007,0.07474032800208447,-0.07309836329737607,Paraguay,0.26264718016912
ROU,2007,0.1241364969795,-0.0318737977332999,Romania,0.3953975446415196
RUS,2007,0.10604970833014996,-0.10274183789000002,Russia,0.4733684479202885
RWA,2007,0.210017265788215,-0.05917988946059971,Rwanda,0.3460126646367945
SDN,2007,0.05351400100125198,0.04910068628600017,Sudan,0.2494352454253778
SEN,2007,0.01689244149601171,-0.01222175961717431,Senegal,0.3071953575158576
SLE,2007,0.07588825925019399,-0.07512988495905204,Sierra Leone,0.2436096565775674
SOM,2007,0.047140592265021514,-0.04689037905759941,Somalia,0.2168408746841196
SRB,2007,0.09719717994705503,-0.05275533480224004,Serbia,0.3528179797382554
SWE,2007,0.0007212037817868161,-0.0007933322446448001,Sweden,0.1664304574816886
SWZ,2007,0.10306329566127251,-0.08693772868669614,Eswatini,0.2969275700308787
SYC,2007,0.18333451036999998,-0.09726206495999978,Seychelles,0.7498801430247375
SYR,2007,0.3984776339903061,0.39929876018761323,Syria,0.1759044538200138
TCD,2007,0.04375908752030029,-0.02236039270528023,Chad,0.2803297521638678
TGO,2007,0.08771389243183499,0.07867626750252033,Togo,0.3052360163470507
THA,2007,0.10636327593915003,-0.08348528220000029,Thailand,0.5038003134159758
TJK,2007,0.06819764484825341,0.021589789594799846,Tajikistan,0.3168256857090847
TKM,2007,0.03559055154447336,0.0355962841626738,Turkmenistan,0.1582114995414527
TTO,2007,0.182900442025,-0.20624862381769993,Trinidad and Tobago,0.317807480240905
TUN,2007,0.208218513378181,-0.10944535305540004,Tunisia,0.3101011394411552
TUR,2007,0.014496102952600029,0.01861981285919989,Türkiye,0.4454768435033182
TWN,2007,0.06740767602519998,0.060912388626200076,Taiwan,0.3103066896800754
TZA,2007,0.20735750819614998,-0.20281439769319998,Tanzania,0.3842239103803954
UGA,2007,0.08320213596366498,0.053062099734119794,Uganda,0.3356468678656899
UKR,2007,0.131342914679385,-0.08703547175807991,Ukraine,0.4189453605998932
URY,2007,0.016232048184223538,-0.037881059097760995,Uruguay,0.2377552641591922
USA,2007,0.01969719982467914,-0.0198333745843799,United States of America,0.1786873258869377
UZB,2007,0.10642021997742633,0.10659084360609539,Uzbekistan,0.1923268874305897
VEN,2007,0.27641927022509,-0.2734271794800005,Venezuela,0.4713896051575024
VNM,2007,0.14280197240154496,0.15559780394951028,Vietnam,0.2865691543469907
YEM,2007,0.05120627820051848,-0.04182699531263978,Yemen,0.2570232402812719
ZAF,2007,0.009694301450667535,0.001068787418356032,South Africa,0.2774293537519834
ZMB,2007,0.10815416335911501,-0.10156309633191984,Zambia,0.3272359026816558
ZWE,2007,0.046216451823933476,-0.035195868639999794,Zimbabwe,0.3734790771568729
AFG,2008,0.11682313373862596,0.10307403236032786,Afghanistan,0.2156664000404413
ALB,2008,0.1284471447364,-0.10569338930819971,Albania,0.3482519058808022
ARE,2008,0.17796868021020001,0.18023403015389983,United Arab Emirates,0.2041203762585668
ARG,2008,0.047485567018234504,0.03521830120373415,Argentina,0.3095066648186625
ARM,2008,0.0319357961258025,-0.0017655279251997946,Armenia,0.3917439693812544
AUS,2008,0.0011907209486010394,-0.001306965299766,Australia,0.2000460418363901
AZE,2008,0.1183441546681853,-0.04166824904805955,Azerbaijan,0.3015229159824329
BDI,2008,0.05411956199806197,-0.015473649343199725,Burundi,0.3612290469609888
BEL,2008,0.002234574154287371,-0.0024230909302543997,Belgium,0.1749522527832793
BEN,2008,0.0037176397635912423,-0.0019859840903018178,Benin,0.2522208883150809
BFA,2008,0.040144820794189504,-0.03703553498614598,Burkina Faso,0.2966234974409918
BGD,2008,0.02635549373628997,-0.01237435764640038,Bangladesh,0.3199251772109917
BGR,2008,0.106847560540235,0.060914225165920044,Bulgaria,0.3488815964127835
BHR,2008,0.09230264549204995,-0.003003905076000013,Bahrain,0.334206737277994
BIH,2008,0.14948843387495503,-0.13482737265764033,Bosnia and Herzegovina,0.3452935291211401
BLR,2008,0.012449202491499126,0.012574872510309199,Belarus,0.2086006097609243
BOL,2008,0.1460499519428,-0.12873740966239988,Bolivia,0.4935998555557822
BRA,2008,0.01482275544258699,0.013370026228759269,Brazil,0.286768517123911
BTN,2008,0.34103109775,0.5358798707000003,Bhutan,0.5997316455340417
BWA,2008,0.36908276176160004,0.1468868106611999,Botswana,0.4421427686601424
CAF,2008,0.14844507349739,0.12758926583048003,Central African Republic,0.2517840390926244
CAN,2008,0.0020942909193015086,-0.002529684781429,Canada,0.2017268538204245
CHE,2008,0.0006008491055726679,-0.0023705995676871,Switzerland,0.2179311429260172
CHL,2008,0.0637395397125905,-0.06451268998984294,Chile,0.2701903035478352
CIV,2008,0.13792365354459996,-0.13766157367440024,Ivory Coast,0.2616068031168194
CMR,2008,0.032733215325996386,0.016575581658679894,Cameroon,0.2785298496622584
COD,2008,0.048047442239812284,0.023298868831256314,Democratic Republic of the Congo,0.2587022791722423
COL,2008,0.019548043377686668,-0.003940236881553094,Colombia,0.3181722891476887
CRI,2008,0.49661509561679007,-0.49730851990969,Costa Rica,0.2702445046896582
CYP,2008,0.4043362066607,0.3755960562832001,Cyprus,0.3265275377289231
DEU,2008,0.002400336140060284,-0.0024450836439607096,Germany,0.15263025967505
DJI,2008,0.13799115171743398,0.1281243076450007,Djibouti,0.3295503434685755
DNK,2008,0.0002000808290903613,-0.00023985887790124998,Denmark,0.150264870196333
ECU,2008,0.15973910500573996,-0.15083560155592002,Ecuador,0.4359497363889224
EGY,2008,0.10296822741666999,0.08643216821,Egypt,0.3282144912720152
ESP,2008,0.03488469450828485,-0.0352641945315141,Spain,0.2144079012186932
ETH,2008,0.15252513081736999,-0.14962461716600028,Ethiopia,0.4185258302587581
FIN,2008,0.0024180461750417945,-0.00252396994383362,Finland,0.1773349280736353
FJI,2008,0.04679986498949999,-0.008339157352000637,Fiji,0.4495592290030281
FRA,2008,0.027199656545862982,-0.028897320693477994,France,0.2219083708455134
GAB,2008,0.08765364831142503,0.08217389211732007,Gabon,0.2674792467286967
GBR,2008,0.001994389625854485,-0.002357771667797,United Kingdom,0.1905038242320341
GEO,2008,0.42042985301499997,-0.3323877202000003,Georgia,0.7469148861904304
GHA,2008,0.002677855439136726,-0.0011212688000239446,Ghana,0.2581778594342219
GIN,2008,0.19259203908524505,-0.18509127078600063,Guinea,0.2939897365732367
GMB,2008,0.14628703051994002,0.08857415524499945,The Gambia,0.3833170193225441
GNB,2008,0.07493161268166498,0.06727383682316002,Guinea-Bissau,0.2658649870548414
GNQ,2008,0.0475851519219226,-0.024899099420107262,Equatorial Guinea,0.2689240321483765
GRC,2008,0.22470916750205697,-0.22988638140974194,Greece,0.2716924238675552
GTM,2008,0.0720619763339701,-0.07059208785896076,Guatemala,0.261513615630489
GUY,2008,0.24524200423629003,-0.23288812819231963,Guyana,0.4246890522829141
HRV,2008,0.113453290637715,0.022541175699679727,Croatia,0.3639043030329902
HTI,2008,0.20972502587742647,-0.2070675010619516,Haiti,0.2520518531543714
HUN,2008,0.02872491970159999,-0.0322049497999,Hungary,0.2793799478044845
IDN,2008,0.013761633420092524,-0.009837451085400017,Indonesia,0.275490225053463
IND,2008,0.07638815051968496,0.005599102781519871,India,0.3396584857190793
IRL,2008,0.004424256265716224,-0.0049309888351074995,Ireland,0.2090801832648829
IRN,2008,0.17413919854500204,-0.10262342016890003,Iran,0.3804428576305027
IRQ,2008,0.0038153640085250022,-0.0032545910529999666,Iraq,0.2312070310434862
ISL,2008,0.005502016875557462,-0.006452428342145,Iceland,0.2214008024142716
ISR,2008,0.09230901919083699,-0.10356119289622197,Israel,0.2805229056719402
ITA,2008,0.00880505764302751,-0.009035478496635002,Italy,0.2039183876734941
JAM,2008,0.07223376162597503,0.024949589025000107,Jamaica,0.3424247108552218
JOR,2008,0.17100977175149998,-0.16183726371999985,Jordan,0.5244590048062368
JPN,2008,0.01115660096830252,-0.012365001831015,Japan,0.2554560217533977
KAZ,2008,0.26549530134758004,-0.08997287276760035,Kazakhstan,0.351911520432882
KEN,2008,0.0629802466430643,-0.06163485493908505,Kenya,0.2409052250131049
KGZ,2008,0.10671712423082998,-0.07535520794399986,Kyrgyzstan,0.4741532636904591
KHM,2008,0.025876169329781464,-0.018654060494000202,Cambodia,0.3228656643807351
KOR,2008,0.35733659289924996,0.3276158301630001,South Korea,0.3620512378723964
LAO,2008,0.03942325387870989,0.039469825927934465,Laos,0.163362819001144
LBN,2008,0.25344891966638494,-0.24704884189608034,Lebanon,0.2650199289291053
LBR,2008,0.007291891017906797,-0.006170450020434037,Liberia,0.2312407742670268
LKA,2008,0.06923192287376499,-0.028659864899999832,Sri Lanka,0.4935426944792281
LSO,2008,0.26475550981951496,-0.2489536577921201,Lesotho,0.3900897244682718
LTU,2008,0.11367262865201001,-0.11623561358405998,Lithuania,0.2738664181724327
LUX,2008,0.0004112808244547288,-0.0006749611998985001,Luxembourg,0.1895241019049766
LVA,2008,0.014100265860300016,-0.023636319521199996,Latvia,0.2862124797898806
MAR,2008,0.07555708664650002,-0.04339744479999985,Morocco,0.4781528117061928
MDA,2008,0.13448697728474998,0.09038168009599978,Moldova,0.5870553910973908
MDV,2008,0.07666443253208999,0.01968542552199959,Maldives,0.3907544877277354
MEX,2008,0.08209346914384988,-0.07459311065329932,Mexico,0.3023204898695938
MKD,2008,0.08098899010999999,0.0392460950000002,North Macedonia,0.620008252731978
MLI,2008,0.009651892459176251,-0.009368599731307548,Mali,0.1995639237244225
MMR,2008,0.01381668178159365,-0.009731500503535884,Burma/Myanmar,0.2153138830748751
MNG,2008,0.022096331594249983,-0.011030617626700101,Mongolia,0.3247135973429446
MOZ,2008,0.160673517127125,-0.16221613432899984,Mozambique,0.3112730652808966
MUS,2008,0.10339506499454999,0.04009745313909996,Mauritius,0.3569815943048644
MWI,2008,0.16957180987566,-0.16662868663408004,Malawi,0.2854101142624474
MYS,2008,0.04864553110999997,-0.029044369760000244,Malaysia,0.6273683916133838
NAM,2008,0.09710202722332996,-0.06779727028093996,Namibia,0.3672774402335839
NER,2008,0.0401185786625025,-0.03753767778011996,Niger,0.3131796775062641
NGA,2008,0.02405550032747039,-0.023597015009753086,Nigeria,0.1970969343409646
NIC,2008,0.07122243048704001,0.02670889932128029,Nicaragua,0.3852814262322691
NLD,2008,0.0009760196107746595,-0.0012426208354379001,Netherlands,0.1824775149565646
NOR,2008,0.0003610347897894763,-0.00045386904276079005,Norway,0.1696915479607309
NPL,2008,0.0697886156517215,-0.052408905746272216,Nepal,0.318307202490911
NZL,2008,0.0013960128081659936,-0.001778906267796,New Zealand,0.2106712610061401
PAK,2008,0.22313083217494503,0.2209376792161999,Pakistan,0.2238338080849637
PHL,2008,0.02759945549354248,-0.02357202397954028,Philippines,0.2536502314807755
PNG,2008,0.14696013713697498,0.15642192052780013,Papua New Guinea,0.3105431832461639
POL,2008,0.22566877898011606,-0.22703383439893604,Poland,0.2321149004793888
PRK,2008,0.006232815793931777,0.006232898064136183,North Korea,0.120479860490712
PRT,2008,0.2041138114327898,-0.2047226597944588,Portugal,0.2336921221460652
PRY,2008,0.03220495883007198,-0.030165105217785815,Paraguay,0.2640146724263583
ROU,2008,0.11189867850275004,-0.023318043823500112,Romania,0.3780924897114484
RUS,2008,0.09553517582534998,-0.1051306107000003,Russia,0.4640372648898547
RWA,2008,0.22476711218966,-0.08909880938239967,Rwanda,0.347243781318967
SDN,2008,0.0589305195467255,0.05494191762340028,Sudan,0.2509450783402234
SEN,2008,0.018536446888960962,-0.01320748833948815,Senegal,0.3158167495532163
SLE,2008,0.08271743810268314,-0.08197337182266495,Sierra Leone,0.2437594434064157
SOM,2008,0.04853464730591351,-0.04828738081659978,Somalia,0.2167483320618585
SRB,2008,0.09129684411584502,-0.06004813438075973,Serbia,0.3434877856145696
SWE,2008,0.0007316930164822365,-0.0008015842880255001,Sweden,0.1650852109488946
SWZ,2008,0.1036077743742735,-0.0877693975165239,Eswatini,0.2961211655351123
SYC,2008,0.19065171666499997,-0.10342183360000012,Seychelles,0.7456354005634941
SYR,2008,0.40515234456660343,0.4059874456708621,Syria,0.1750439586254667
TCD,2008,0.04377215579477074,-0.022830020763960235,Chad,0.2800659434588577
TGO,2008,0.061124020916575025,0.05380538196140039,Togo,0.2954521422414691
THA,2008,0.11215884049725,0.09220134016600001,Thailand,0.4069795659379485
TJK,2008,0.06747126015499699,0.021161983587999256,Tajikistan,0.3205060342951233
TKM,2008,0.03310911710897679,0.03311420122455644,Turkmenistan,0.1593336919372911
TTO,2008,0.17812756277778,-0.20021890056817998,Trinidad and Tobago,0.3249897516088577
TUN,2008,0.19465213202940299,-0.07121949719722975,Tunisia,0.3123882955314839
TUR,2008,0.11226086469399998,0.11369491207399984,Türkiye,0.4715080981031997
TWN,2008,0.1335034951267,-0.14271620366290005,Taiwan,0.3378977895675897
TZA,2008,0.20704522935365,-0.2022434206371997,Tanzania,0.3837322194173477
UGA,2008,0.08572775093456995,0.057772726398239715,Uganda,0.3325002884327759
UKR,2008,0.1264052994767,-0.08015129090359974,Ukraine,0.4119449825251671
URY,2008,0.013950537059179985,-0.02828707220332,Uruguay,0.2428637723632483
USA,2008,0.025360881065236773,-0.025498347598280797,United States of America,0.1859565636889678
UZB,2008,0.09595542131047488,0.09608050294017989,Uzbekistan,0.1907720230860309
VEN,2008,0.25695143167006695,-0.25425774116,Venezuela,0.4690736553109241
VNM,2008,0.144871813734195,0.15696463314257025,Vietnam,0.2844662910858959
YEM,2008,0.05308631897473445,-0.04479557248720045,Yemen,0.255504063594861
ZAF,2008,0.0089697572771741,0.0008403344177192462,South Africa,0.2806742374139128
ZMB,2008,0.10085700222477,-0.09781741456546,Zambia,0.2964044090738554
ZWE,2008,0.04224813674826099,-0.03096593271320014,Zimbabwe,0.3590077482205678
AFG,2009,0.14349862536506525,0.13317976994121627,Afghanistan,0.2191815800986068
ALB,2009,0.10819765155416497,-0.0907282921282202,Albania,0.3391323104006533
ARE,2009,0.151654780105694,0.15389371459601175,United Arab Emirates,0.2120080660098573
ARG,2009,0.039497523189233,0.027412522838770936,Argentina,0.3092346781939663
ARM,2009,0.03823391729254,0.003213715076159751,Armenia,0.4060700742581385
AUS,2009,0.0012099651780920263,-0.001325720599012,Australia,0.2038281692819466
AZE,2009,0.03491064387323833,-0.034730618678697756,Azerbaijan,0.2157930603847893
BDI,2009,0.054698120958922,-0.022228481545599976,Burundi,0.3664763545243202
BEL,2009,0.00216463784566002,-0.00235623781098,Belgium,0.1712551592460333
BEN,2009,0.003697684695737208,-0.0020770573852724183,Benin,0.2504196343428423
BFA,2009,0.04145434226304251,-0.03815122601984,Burkina Faso,0.2960000483720386
BGD,2009,0.046483441281839004,0.038739965990039815,Bangladesh,0.266597118707067
BGR,2009,0.08814600675316497,0.027973160279279985,Bulgaria,0.36742052941256
BHR,2009,0.07826401224629997,-0.01795956258699949,Bahrain,0.3420036885636661
BIH,2009,0.154195499193385,-0.13848168628307977,Bosnia and Herzegovina,0.3489514213735669
BLR,2009,0.011116982344128609,0.011236377369094885,Belarus,0.2112579899472635
BOL,2009,0.1830516081821,-0.1781157536068001,Bolivia,0.6048064449179184
BRA,2009,0.012965340935506203,0.011704237208268742,Brazil,0.2904070199443889
BTN,2009,0.33479181175,0.49505113570000003,Bhutan,0.5896117748102747
BWA,2009,0.3521223012862,0.15428038081039996,Botswana,0.4306775372374062
CAF,2009,0.13843181760277992,0.11709515008135973,Central African Republic,0.2495032223270031
CAN,2009,0.0020950844629505014,-0.002511717747023,Canada,0.199101645594161
CHE,2009,0.00042538901798857854,-0.0016573915297547,Switzerland,0.2235130161842172
CHL,2009,0.042170968190156,-0.04308475763520603,Chile,0.2574833093624886
CIV,2009,0.1472217445257585,-0.147037242922468,Ivory Coast,0.2608517217649156
CMR,2009,0.03258345335713486,0.016713095686960333,Cameroon,0.2822990638775449
COD,2009,0.04590614489222239,0.022835862437819987,Democratic Republic of the Congo,0.2524043120012735
COL,2009,0.01958542814130371,-0.0031121252689900736,Colombia,0.3149531387576087
CRI,2009,0.47777522273778794,-0.4784590549810781,Costa Rica,0.2651420462372845
CYP,2009,0.40392178920645005,0.3761769128869001,Cyprus,0.328784003455574
DEU,2009,0.002649266397766301,-0.00269597413482189,Germany,0.1526392435409966
DJI,2009,0.11430763684801848,0.10330585223400002,Djibouti,0.3266832155200129
DNK,2009,0.00018278468104796197,-0.00022532109700358,Denmark,0.1553316143770051
ECU,2009,0.15077181582966495,-0.14959876087731994,Ecuador,0.4433068407531996
EGY,2009,0.08846189672815001,0.06869494712999957,Egypt,0.3283849464013585
ESP,2009,0.03468160974045242,-0.035052744863271694,Spain,0.215175591859583
ETH,2009,0.15907720377969495,-0.15633915164000012,Ethiopia,0.4153095195020354
FIN,2009,0.002526923139521999,-0.002633276621062,Finland,0.1753330989538983
FJI,2009,0.07415496092450004,0.018822529095000373,Fiji,0.4382873082209842
FRA,2009,0.022734314955419995,-0.02433523847811999,France,0.2219736469686587
GAB,2009,0.06064177436077248,0.05748792781761969,Gabon,0.2512576939163339
GBR,2009,0.0021083480924741467,-0.0024813726760299,United Kingdom,0.1893668185443016
GEO,2009,0.35344670605,-0.19506124820000048,Georgia,0.7922795419293509
GHA,2009,0.0027674627236862043,-0.0009010367503767824,Ghana,0.2565680314953043
GIN,2009,0.239750732980007,-0.23629706690599983,Guinea,0.3062794171930143
GMB,2009,0.134042351452925,0.07144422546700024,The Gambia,0.3786921661164857
GNB,2009,0.06774643244397997,0.06126370510832002,Guinea-Bissau,0.2565786073718567
GNQ,2009,0.042906391897501936,-0.016144554417549806,Equatorial Guinea,0.2703934211445485
GRC,2009,0.23901709112039501,-0.24396701774777002,Greece,0.272289160574688
GTM,2009,0.06724286108202192,-0.06573821161464499,Guatemala,0.2580050115863088
GUY,2009,0.2564165885153701,-0.24462589579596017,Guyana,0.4301155941325406
HRV,2009,0.096010729475185,0.04095167458922011,Croatia,0.3475686122025155
HTI,2009,0.246184780663391,-0.2436256563097281,Haiti,0.2519610930268535
HUN,2009,0.012787857462749965,0.0013193612874999872,Hungary,0.2848840971456426
IDN,2009,0.013464654777094244,-0.010837109606353756,Indonesia,0.2763475267558045
IND,2009,0.053201226284277495,-0.010802590953920221,India,0.339533525186586
IRL,2009,0.004568578838612,-0.005075554239331999,Ireland,0.2093703400727568
IRN,2009,0.12808919054650497,-0.026219217211000068,Iran,0.3942404513722981
IRQ,2009,0.005296220530165002,-0.001673296287999948,Iraq,0.2433830331323822
ISL,2009,0.0073182225525734975,-0.008323529291960998,Iceland,0.2246377642270615
ISR,2009,0.10583243728916998,-0.11741275007962002,Israel,0.2767141780620907
ITA,2009,0.004652618718475777,-0.0048911108598244995,Italy,0.2033709939964245
JAM,2009,0.07101415586639996,0.022948052376259964,Jamaica,0.3399777861740066
JOR,2009,0.15987816893200002,-0.14847030774000025,Jordan,0.5401036756338425
JPN,2009,0.011610474794767,-0.012797113025702,Japan,0.2576111960699022
KAZ,2009,0.27972110082678997,-0.11559872385510017,Kazakhstan,0.3576247783910255
KEN,2009,0.06751195213547218,-0.06602025612487794,Kenya,0.2423796588047709
KGZ,2009,0.11477642569262003,-0.08785364073599977,Kyrgyzstan,0.4704779422374265
KHM,2009,0.025043721205174008,-0.018061428725999917,Cambodia,0.3430161102055301
KOR,2009,0.40264415767815004,0.3755955496735,South Korea,0.3619632399126797
LAO,2009,0.04638621694796961,0.04644367484809653,Laos,0.1681139576685524
LBN,2009,0.27289953226964003,-0.2647495347711202,Lebanon,0.2808283138192659
LBR,2009,0.008067199225433664,-0.006796542640008729,Liberia,0.2270956562311759
LKA,2009,0.0705688070843,-0.0323494862320004,Sri Lanka,0.5040410973570513
LSO,2009,0.27060935086881993,-0.2547726530585601,Lesotho,0.3901667776863
LTU,2009,0.10089131199170998,-0.10299772309916,Lithuania,0.2576844054345125
LUX,2009,0.0005004043342453741,-0.0007663864453221,Luxembourg,0.1952035253500466
LVA,2009,0.016049640095650033,-0.0199020775584,Latvia,0.2763941034603778
MAR,2009,0.076281559204,-0.04279706715200016,Morocco,0.4948079395718922
MDA,2009,0.14716087159384997,0.13400254720519977,Moldova,0.4839649285302956
MDV,2009,0.04243749529845001,0.03625677035319974,Maldives,0.3532579727464923
MEX,2009,0.05639092123818565,-0.05016968980050529,Mexico,0.3033316087010325
MKD,2009,0.11859846934500003,0.06459492846000026,North Macedonia,0.6432142634643779
MLI,2009,0.009444931502651624,-0.0091427601121008,Mali,0.1952607900090891
MMR,2009,0.012136759416395883,-0.007210118352489303,Burma/Myanmar,0.2188983484008934
MNG,2009,0.03055691367387252,-0.011333527524419962,Mongolia,0.3488285010371066
MOZ,2009,0.15908267475783497,-0.1613140328806797,Mozambique,0.3066034437111399
MUS,2009,0.12396109063590001,0.05374592553829993,Mauritius,0.35191769750126
MWI,2009,0.13428300723772255,-0.13151516507038008,Malawi,0.2814893265053761
MYS,2009,0.047306041745249994,-0.028651272880000356,Malaysia,0.6407521665441339
NAM,2009,0.09283452840946,-0.07109346543088035,Namibia,0.361532533457958
NER,2009,0.14125459686317499,-0.13867924351439997,Niger,0.3419646937344203
NGA,2009,0.024615014959345333,-0.0241448757733822,Nigeria,0.2002038717270055
NIC,2009,0.08807351295923,0.03792490670616,Nicaragua,0.3980949638707915
NLD,2009,0.0010101393849000872,-0.0012866333465206001,Netherlands,0.1816348575390506
NOR,2009,0.00036623938252117893,-0.0004655845588199,Norway,0.1672812920177729
NPL,2009,0.047501499237204044,-0.035818226944751785,Nepal,0.3080257692606833
NZL,2009,0.0009212110638174867,-0.001355669238805,New Zealand,0.206344011255487
PAK,2009,0.15464000850767998,0.1534688089254801,Pakistan,0.2298410652204064
PHL,2009,0.034095656116877975,-0.02949379155462384,Philippines,0.2612287510815819
PNG,2009,0.10973301109368999,0.11749716030368007,Papua New Guinea,0.3257275014161678
POL,2009,0.174327216781546,-0.17573386772147598,Poland,0.2202685000478939
PRK,2009,0.0049294253304086435,0.004929926094740189,North Korea,0.1204481810573663
PRT,2009,0.18581257833407097,-0.18644473824794597,Portugal,0.2364098027198129
PRY,2009,0.028043134350403717,-0.025756434083187285,Paraguay,0.2679819512083639
ROU,2009,0.11240088764946499,-0.017611770046520148,Romania,0.3705428343238652
RUS,2009,0.12489165823460001,-0.13788688098000046,Russia,0.4742860634381214
RWA,2009,0.22785360849136502,-0.10101225205590003,Rwanda,0.3456770497995027
SDN,2009,0.06042830623286,0.05687183992139966,Sudan,0.2526468040229888
SEN,2009,0.019932792447265466,-0.013923036782763853,Senegal,0.3115761249853689
SLE,2009,0.09312029303760774,-0.09237543436306228,Sierra Leone,0.2388285822059915
SOM,2009,0.05298379072394301,-0.05273403112499997,Somalia,0.2217546171493037
SRB,2009,0.09893212851641506,-0.05991310060332,Serbia,0.356300396670924
SWE,2009,0.0007540837527064033,-0.0008229387429135499,Sweden,0.1642096768805758
SWZ,2009,0.09879552016274598,-0.08257575245044979,Eswatini,0.2944086216546759
SYC,2009,0.16013880968500005,-0.06741820825999967,Seychelles,0.7479020408900993
SYR,2009,0.39278696050699974,0.39360790178728466,Syria,0.1793680086208704
TCD,2009,0.044632932174378075,-0.021581237004040243,Chad,0.2768468385476849
TGO,2009,0.03086612235474997,0.023768720749599792,Togo,0.2877366743373246
THA,2009,0.10357668180315,0.08600622983479989,Thailand,0.3935471467813996
TJK,2009,0.06669749315315095,0.019805441195499984,Tajikistan,0.3270090119839072
TKM,2009,0.026514715817684584,0.02651815367479049,Turkmenistan,0.1564613664312694
TTO,2009,0.14952099723612,-0.16910365652742004,Trinidad and Tobago,0.3149520468791465
TUN,2009,0.19295903701803707,-0.061756740496220264,Tunisia,0.3151054550745205
TUR,2009,0.10597723404635,0.10675190059920014,Türkiye,0.4786653991532764
TWN,2009,0.009660866228050003,-0.018346467821799994,Taiwan,0.3519471804965821
TZA,2009,0.20969845601267995,-0.20487890777144036,Tanzania,0.3789240439063235
UGA,2009,0.08033478287537496,0.05004960662599989,Uganda,0.3346791378418503
UKR,2009,0.132052647390675,-0.08952814180040014,Ukraine,0.4047736057202329
URY,2009,0.014131647452518502,-0.031744837933831,Uruguay,0.2416497450201122
USA,2009,0.016329028737729498,-0.016447434894306997,United States of America,0.1881171378579881
UZB,2009,0.10146326174680961,0.10160979055447417,Uzbekistan,0.1958799416143379
VEN,2009,0.29108590900674997,-0.29084983222000016,Venezuela,0.4628007195382439
VNM,2009,0.14983670093113,0.161389452546,Vietnam,0.2859770561322116
YEM,2009,0.05090176126032079,-0.04241768432980031,Yemen,0.2701052043484198
ZAF,2009,0.0069427691780587246,7.576508333806409e-05,South Africa,0.2758057044093229
ZMB,2009,0.11921374978281249,-0.11586661563670009,Zambia,0.298470985699261
ZWE,2009,0.03786732441824299,-0.017025784990400084,Zimbabwe,0.381449734005188
AFG,2010,0.13756161356588048,0.12738246973967993,Afghanistan,0.2246925003301615
ALB,2010,0.13237921479272496,-0.10934888569980017,Albania,0.3439527798845389
ARE,2010,0.154093909220765,0.15629489614446967,United Arab Emirates,0.2084992880178834
ARG,2010,0.04989599285533849,0.0351514667073719,Argentina,0.3209145387746949
ARM,2010,0.044086929483184975,0.01708357019147999,Armenia,0.3783878791222547
AUS,2010,0.0012152921411275508,-0.0013183959242049998,Australia,0.2009445895064536
AZE,2010,0.1374172462392388,-0.07964487182133961,Azerbaijan,0.3018726873281669
BDI,2010,0.058565766049920503,-0.046040417439200176,Burundi,0.3524025735349382
BEL,2010,0.0023470338001455857,-0.0025360684623656,Belgium,0.1722536938275791
BEN,2010,0.00383655654378787,-0.0021291541824779436,Benin,0.2514400185672242
BFA,2010,0.022163137335799693,-0.019972781406047524,Burkina Faso,0.2779737664364525
BGD,2010,0.04116019079936603,0.033083486335200085,Bangladesh,0.2756336855458103
BGR,2010,0.10731246240205,0.013640762249900185,Bulgaria,0.3701989704083792
BHR,2010,0.07272169270639997,-0.006382817230000448,Bahrain,0.3326027857743737
BIH,2010,0.11400102458848999,-0.0999742637633203,Bosnia and Herzegovina,0.3330076139384938
BLR,2010,0.017602525583255244,0.017859090836037428,Belarus,0.2178049357676344
BOL,2010,0.09245226914714998,-0.12014949215719972,Bolivia,0.6456075643214745
BRA,2010,0.011380479205809223,0.010266745045673709,Brazil,0.2867294831584859
BTN,2010,0.33154694525,0.46174896489999995,Bhutan,0.5806209554400817
BWA,2010,0.36382530205499997,0.1849563110100001,Botswana,0.4236942405469054
CAF,2010,0.1017117723338385,0.08815532918353597,Central African Republic,0.2420861066348023
CAN,2010,0.0019965256306795445,-0.002423832230577,Canada,0.209722129125925
CHE,2010,0.00037064980751183336,-0.0014436968339759,Switzerland,0.2304817496015011
CHL,2010,0.030314236673728494,-0.03116079088427104,Chile,0.2735467557582719
CIV,2010,0.146930664004134,-0.14564695438147202,Ivory Coast,0.2620445162356359
CMR,2010,0.030400227161938177,0.015147607746919922,Cameroon,0.2873510861023124
COD,2010,0.05058342693080861,0.030639561168880114,Democratic Republic of the Congo,0.2482186176785227
COL,2010,0.011492661385491503,0.0016238230011921262,Colombia,0.299610296368403
CRI,2010,0.4870223245875885,-0.48764319697246605,Costa Rica,0.2642177510326124
CYP,2010,0.38482239764882004,0.36314267229408004,Cyprus,0.3222842521208359
DEU,2010,0.0025533561490630437,-0.0025936613005918896,Germany,0.1518725057715376
DJI,2010,0.08992315878121357,0.07842299576699974,Djibouti,0.3283083532201356
DNK,2010,0.00019309746724723622,-0.00023056106316094002,Denmark,0.1556960817883187
ECU,2010,0.028190455154600048,-0.042391408402799646,Ecuador,0.5208847914002015
EGY,2010,0.06475600020398,0.05227174978000004,Egypt,0.3304897114985411
ESP,2010,0.0342779787859503,-0.034631169248182096,Spain,0.2144686208659138
ETH,2010,0.18798340216034998,-0.18674805602000077,Ethiopia,0.4162971660330017
FIN,2010,0.0023009753067265003,-0.00240321416399888,Finland,0.1772320915229603
FJI,2010,0.054232819062999996,-0.027598126908000342,Fiji,0.4413864151729935
FRA,2010,0.024484776837305027,-0.026037486324880007,France,0.2209957631190511
GAB,2010,0.03850190946674997,-0.03901227785119987,Gabon,0.2455674117182802
GBR,2010,0.002168154809565334,-0.0025268423921018,United Kingdom,0.1889566298270643
GEO,2010,0.349281436975,-0.1602296030999999,Georgia,0.798984341891841
GHA,2010,0.0027281912972378247,-0.0005171787059623512,Ghana,0.2593285989588111
GIN,2010,0.06950010839974947,0.03420867296247998,Guinea,0.275412610649713
GMB,2010,0.130517499194415,0.07228848454599968,The Gambia,0.3816306155342371
GNB,2010,0.0586742257427,0.05203884555556004,Guinea-Bissau,0.2610722077070613
GNQ,2010,0.05120296136523007,-0.026806880442065584,Equatorial Guinea,0.2695133599531719
GRC,2010,0.23845648764408858,-0.24202825377453102,Greece,0.2688015930718763
GTM,2010,0.07977367745522373,-0.07813948785930003,Guatemala,0.2627169847260618
GUY,2010,0.26591082177150005,-0.253015055029,Guyana,0.4254896994719604
HRV,2010,0.13108399397699994,0.09818913641399996,Croatia,0.3371792663882733
HTI,2010,0.25125312781870024,-0.24953058122480232,Haiti,0.2542218414518029
HUN,2010,0.475867792445,0.32601430291,Hungary,0.4325976987983326
IDN,2010,0.012183984832410996,-0.008972637380128212,Indonesia,0.2842299943242871
IND,2010,0.05108428269272852,-0.014555939155527886,India,0.345851336140231
IRL,2010,0.003385194422619844,-0.0037622247519890997,Ireland,0.2053895585773322
IRN,2010,0.15307828509000204,-0.08644836178589976,Iran,0.3673922463535513
IRQ,2010,0.022568867078965,-0.02470238754984022,Iraq,0.222982953797209
ISL,2010,0.007484116886934966,-0.00862032693856,Iceland,0.2319283750122223
ISR,2010,0.104820816706652,-0.118833122882712,Israel,0.2802718299647779
ITA,2010,0.00744557751319733,-0.0076525391807141015,Italy,0.2018038898549334
JAM,2010,0.06961649219230999,0.024306226634790096,Jamaica,0.3371485401377012
JOR,2010,0.12385089572449999,-0.10625070098,Jordan,0.5633162601457442
JPN,2010,0.010322821641057007,-0.011416179998042,Japan,0.2550227193718323
KAZ,2010,0.25992812468022997,-0.09997630249800071,Kazakhstan,0.3615927797297741
KEN,2010,0.021595091950014474,-0.019598849809035812,Kenya,0.2618083395757124
KGZ,2010,0.12744196553189996,0.11462851261679963,Kyrgyzstan,0.3414821274002403
KHM,2010,0.029279209947996966,-0.022027004696000052,Cambodia,0.3534671383275221
KOR,2010,0.3550239056933499,0.32778785082419987,South Korea,0.3555378699854875
LAO,2010,0.0528528654623574,0.052937460800329905,Laos,0.1722329871311167
LBN,2010,0.30226830969628504,-0.2934300914782797,Lebanon,0.2824302309820083
LBR,2010,0.010285140181568515,-0.008909809487910092,Liberia,0.2297196279445625
LKA,2010,0.06027117983647998,-0.011761064003999788,Sri Lanka,0.4935414386073671
LSO,2010,0.20872688456921,-0.19379017478867988,Lesotho,0.3808989610621552
LTU,2010,0.093950172884978,-0.09578704198593802,Lithuania,0.256957517972372
LUX,2010,0.0003906587374582325,-0.0006426074863492,Luxembourg,0.1857225936681673
LVA,2010,0.014918628328875002,-0.01826856483975,Latvia,0.2685573759850076
MAR,2010,0.0650437243418,-0.03326053254799999,Morocco,0.4745258780816627
MDA,2010,0.06326995232182002,-0.03602669687956017,Moldova,0.3640438896498201
MDV,2010,0.019881789386335013,-0.020647537214680156,Maldives,0.3725046742473776
MEX,2010,0.06198068833934217,-0.05517906580724219,Mexico,0.3033555667033754
MKD,2010,0.11342889954,0.07233237298000006,North Macedonia,0.6186697419316401
MLI,2010,0.010350300196291188,-0.010062368816144529,Mali,0.1919783439226092
MMR,2010,0.02334857213193068,0.0022281931997496507,Burma/Myanmar,0.2611389208488223
MNG,2010,0.029239294977563484,-0.009957354309908295,Mongolia,0.34776371356514
MOZ,2010,0.152069814768565,-0.15488181709451965,Mozambique,0.3194932235806698
MUS,2010,0.08550609868889499,0.03848279578551994,Mauritius,0.3470789680070907
MWI,2010,0.140369974501935,-0.13799402268678018,Malawi,0.2782894867899161
MYS,2010,0.04970576076785001,-0.032662544979999986,Malaysia,0.6404568042167612
NAM,2010,0.08856123324317,-0.06264137873035991,Namibia,0.3695764883483862
NER,2010,0.32470294472465,-0.1509600900171999,Niger,0.4953923430640584
NGA,2010,0.017089080976664894,-0.01674536148140482,Nigeria,0.1962235247162967
NIC,2010,0.07117267458942,0.003681819012399945,Nicaragua,0.4161059861605999
NLD,2010,0.0010105580422999166,-0.0012837884168993999,Netherlands,0.1810696877234204
NOR,2010,0.0003617806704859359,-0.00045556327857149,Norway,0.168451012347647
NPL,2010,0.05389434489824846,-0.040955132372487935,Nepal,0.3162441117689745
NZL,2010,0.0011030352523424868,-0.001479424081625,New Zealand,0.2095559335624634
PAK,2010,0.05225098919971252,0.051883125152460075,Pakistan,0.2361507630294541
PHL,2010,0.019678607587414496,-0.014706944691815993,Philippines,0.278119897859206
PNG,2010,0.09207777411688,0.09879437236496003,Papua New Guinea,0.3196464147411312
POL,2010,0.22693232683009498,-0.22822267781793001,Poland,0.2323932466906512
PRK,2010,0.004887298843698651,0.004887305263396424,North Korea,0.1243865814081065
PRT,2010,0.18980398682809949,-0.19049562210953697,Portugal,0.2357283195214704
PRY,2010,0.023860738974127445,-0.021053209462099653,Paraguay,0.2670014847176306
ROU,2010,0.10894722582587499,0.009383271300200002,Romania,0.3590669585886281
RUS,2010,0.09676996878329999,-0.11861518394999981,Russia,0.4671407804233343
RWA,2010,0.233464157503245,-0.07270782146429955,Rwanda,0.352708775054798
SDN,2010,0.10652395393993122,0.10252894229499976,Sudan,0.268990504168876
SEN,2010,0.015536696558624233,-0.01035802242645345,Senegal,0.3072105918942199
SLE,2010,0.0823173011281975,-0.08153948612838002,Sierra Leone,0.2358901098793586
SOM,2010,0.040052480254581496,-0.0396820409793599,Somalia,0.2311173796882044
SRB,2010,0.12101672582325,-0.07481303775069992,Serbia,0.3638911075721563
SWE,2010,0.000829109955976849,-0.00088419154025319,Sweden,0.1619742904027334
SWZ,2010,0.10166331833339451,-0.08639315038349427,Eswatini,0.2959638952323891
SYC,2010,0.14384638296500002,-0.04866500042000044,Seychelles,0.751865027868496
SYR,2010,0.4231552587681985,0.42421475715582657,Syria,0.1749635672941463
TCD,2010,0.03875240474213241,-0.012534650881936393,Chad,0.2748731771548235
TGO,2010,0.01520623403182998,-0.017463058409040055,Togo,0.2727796951011726
THA,2010,0.10120352808085002,0.0824678405899999,Thailand,0.3907889253815073
TJK,2010,0.06801953738186228,0.012704691929649847,Tajikistan,0.3239318295789404
TKM,2010,0.03219106179635071,0.032195403320666394,Turkmenistan,0.1571697084437495
TTO,2010,0.19997512996110495,-0.22038920134397996,Trinidad and Tobago,0.3175523394471563
TUN,2010,0.19660551805670098,-0.026109145858800087,Tunisia,0.3277894822323084
TUR,2010,0.1270697986805,0.10319549265600014,Türkiye,0.559002163805368
TWN,2010,0.16077472998884998,-0.16909155037439993,Taiwan,0.3343089733309702
TZA,2010,0.19750761201808498,-0.19315597194468004,Tanzania,0.3708687353540596
UGA,2010,0.08127160106121002,0.05126667097600013,Uganda,0.3371500193811843
UKR,2010,0.15542784945160001,0.09337299773919994,Ukraine,0.5166215788331594
URY,2010,0.016359045999344537,-0.024730760489257004,Uruguay,0.2487574697683096
USA,2010,0.016876746875841515,-0.01701222856865901,United States of America,0.1914198884860368
UZB,2010,0.10047369963337917,0.10063526988870253,Uzbekistan,0.1977148337971197
VEN,2010,0.2671674629793,-0.26494804793999993,Venezuela,0.4582049188408083
VNM,2010,0.1375885184473,0.14939767624075984,Vietnam,0.2869069098077195
YEM,2010,0.05178750203465297,-0.04393790169504008,Yemen,0.2691499677931075
ZAF,2010,0.007865328017139182,0.0002940326827394202,South Africa,0.2737884541497147
ZMB,2010,0.14116085187248895,-0.13833670040731216,Zambia,0.3110958481192001
ZWE,2010,0.03734610257329504,-0.01103994732279956,Zimbabwe,0.3741415772055687
AFG,2011,0.1374342013186772,0.1270890216460403,Afghanistan,0.2231506186601626
ALB,2011,0.10499384566711249,-0.08890250750700002,Albania,0.3364205394096108
ARE,2011,0.1516048695928115,0.15316657743042672,United Arab Emirates,0.2017339251184847
ARG,2011,0.04401719258958098,0.02918711343036695,Argentina,0.3152290922649897
ARM,2011,0.04331137798113499,0.01911817184223996,Armenia,0.3792426777471955
AUS,2011,0.0011776572459588068,-0.0012763577831128,Australia,0.1992849418192335
AZE,2011,0.13273454549401137,-0.07865674936138989,Azerbaijan,0.2963257909776207
BDI,2011,0.05828108811956249,-0.04505756403719996,Burundi,0.3406651255395873
BEL,2011,0.0024410062049768284,-0.0026267096426128,Belgium,0.1761859490209227
BEN,2011,0.0043925063713307596,-0.0029032789320186936,Benin,0.2542222119412913
BFA,2011,0.02131687023661037,-0.01897239827233288,Burkina Faso,0.2784240627437429
BGD,2011,0.03651751656723499,0.027595679718400046,Bangladesh,0.2848885653345172
BGR,2011,0.10065573455135,-0.0006288086612997734,Bulgaria,0.3688939519285277
BHR,2011,0.06095060065179499,-0.02314719637496987,Bahrain,0.2619942232133959
BIH,2011,0.13871026987886503,-0.12031936415721978,Bosnia and Herzegovina,0.342891938708128
BLR,2011,0.012176813921161385,0.012298973650284317,Belarus,0.2080170657586283
BOL,2011,0.07328497837385,-0.09852723201079971,Bolivia,0.6209108536886093
BRA,2011,0.015153960326500788,0.014069984263913593,Brazil,0.2894800440437746
BTN,2011,0.3571230006749999,0.5277558832999998,Bhutan,0.5764737877072976
BWA,2011,0.3432858005780001,0.19509324370000025,Botswana,0.4219383952240569
CAF,2011,0.10001559765797033,0.08708862033609188,Central African Republic,0.2405866520957077
CAN,2011,0.002221611913767986,-0.0027212952942080003,Canada,0.2137684825622864
CHE,2011,0.00023825627269998654,-0.0008851860042277,Switzerland,0.2228770312723002
CHL,2011,0.012656524746929998,0.010995428479952052,Chile,0.2795018052696205
CIV,2011,0.029339438482829952,-0.029186039253840113,Ivory Coast,0.2825541165614966
CMR,2011,0.03405387406524231,0.021197562754220245,Cameroon,0.2757463916045279
COD,2011,0.051980533327456724,0.03303632991675998,Democratic Republic of the Congo,0.2414305148535568
COL,2011,0.011108593796902894,0.004335252580186744,Colombia,0.2992413470557614
CRI,2011,0.47566649319670645,-0.476321687287619,Costa Rica,0.2665348133095846
CYP,2011,0.3667217681164,0.34716683409180005,Cyprus,0.3226523695090832
DEU,2011,0.0023759551521888153,-0.00241300447542245,Germany,0.1511686588033718
DJI,2011,0.12620138782168996,0.11824137050999983,Djibouti,0.3303119820165154
DNK,2011,0.00020201849654786954,-0.00024066556884662997,Denmark,0.1515141325549867
ECU,2011,0.13495945313199997,-0.04862471205600016,Ecuador,0.703966476942379
EGY,2011,0.2841477513783499,-0.26808286000000026,Egypt,0.3732864403259007
ESP,2011,0.04338696106837201,-0.043768575138892,Spain,0.2173388399677931
ETH,2011,0.15800182227443998,-0.15614333304000017,Ethiopia,0.4228692689715642
FIN,2011,0.0024174397217291374,-0.0025336134328919,Finland,0.1803263174216316
FJI,2011,0.054378233891499976,-0.06362924715300045,Fiji,0.448550252870884
FRA,2011,0.022167039547034986,-0.023478239671910005,France,0.2191966388181286
GAB,2011,0.05255827129406701,0.051073117407864244,Gabon,0.2443108328089848
GBR,2011,0.0018917880316079612,-0.002204416940438,United Kingdom,0.1917427712695611
GEO,2011,0.28232060632500006,-0.044040121200000115,Georgia,0.8499860307914497
GHA,2011,0.00279156907862213,-0.00040120675477650636,Ghana,0.2626680722286016
GIN,2011,0.07192805025634351,0.03441988880452018,Guinea,0.2801232461903772
GMB,2011,0.153691588451255,0.10381176343999998,The Gambia,0.3855026529401548
GNB,2011,0.11250473374309006,0.10621076922928019,Guinea-Bissau,0.2637217626835011
GNQ,2011,0.06465969402057528,-0.049235235903662744,Equatorial Guinea,0.2572936629981233
GRC,2011,0.21867523748041398,-0.22156725127403396,Greece,0.2746261113799118
GTM,2011,0.06505753339162199,-0.06384181433312541,Guatemala,0.2560845968218925
GUY,2011,0.25038244029404993,-0.2397537979264004,Guyana,0.4264782867750353
HRV,2011,0.15370472754498,0.12675894917155994,Croatia,0.3300311557108114
HTI,2011,0.20180898142227835,-0.2008480823879668,Haiti,0.2513863433568487
HUN,2011,0.40450549534999997,0.31219474039999984,Hungary,0.4982044098922623
IDN,2011,0.012420809947918414,-0.009291804107346868,Indonesia,0.2854361393988237
IND,2011,0.04716417169877853,-0.014767129539168256,India,0.3436878637467281
IRL,2011,0.004125330752653716,-0.004521420333172201,Ireland,0.2088696427749256
IRN,2011,0.15381842990211195,-0.09409298987029979,Iran,0.3676830062669635
IRQ,2011,0.0032107565439624826,-0.004871765532100003,Iraq,0.2284453651196094
ISL,2011,0.0067524039813834915,-0.007880443295461,Iceland,0.236047058358549
ISR,2011,0.10003745690452498,-0.11410523292745,Israel,0.2840127010301091
ITA,2011,0.0024830749388376635,-0.0027125399500459004,Italy,0.1928498449480268
JAM,2011,0.06751875975968004,0.02526391209976009,Jamaica,0.3446324038249341
JOR,2011,0.09758486467500001,-0.07495602614399988,Jordan,0.5498340848411697
JPN,2011,0.013937316786159965,-0.01497693862446,Japan,0.2547970638407641
KAZ,2011,0.24736765607235,-0.057848150360099826,Kazakhstan,0.3609507788957161
KEN,2011,0.014930592667668842,-0.013290923334590588,Kenya,0.250548331880055
KGZ,2011,0.12267878789522499,0.11589746174619986,Kyrgyzstan,0.3431613896121268
KHM,2011,0.02834439523960851,-0.020964125423999835,Cambodia,0.3546407734173912
KOR,2011,0.3923926979303,0.36532803738020003,South Korea,0.3576463954909434
LAO,2011,0.05360150552530546,0.05368506717022603,Laos,0.1698680786461116
LBN,2011,0.27249042555191005,-0.26336398670128003,Lebanon,0.280560581823613
LBR,2011,0.01035232901792214,-0.00851127393737694,Liberia,0.2516704478821963
LKA,2011,0.059539156436529975,-0.011592234880000607,Sri Lanka,0.4960213383298725
LSO,2011,0.18893496125137996,-0.1734798078617399,Lesotho,0.3836966359612659
LTU,2011,0.10423881504045299,-0.10625216805531801,Lithuania,0.2642469779121787
LUX,2011,0.00040503455823649986,-0.000665709839429,Luxembourg,0.1871378932149342
LVA,2011,0.018637900301519957,-0.025626417118319998,Latvia,0.275646403581836
MAR,2011,0.060499284054750004,-0.018088350411999965,Morocco,0.4538876448359983
MDA,2011,0.051922797261137965,-0.024814652944504134,Moldova,0.3560500847365634
MDV,2011,0.056108304619685044,-0.05506976359468019,Maldives,0.3636210876333369
MEX,2011,0.06241603559855824,-0.055504984317895856,Mexico,0.300409519868647
MKD,2011,0.14696003923200004,0.09065999376400002,North Macedonia,0.6562166038223134
MLI,2011,0.00911189124443637,-0.008836989698990383,Mali,0.1956996990748608
MMR,2011,0.20217605607128397,0.19572596371700035,Burma/Myanmar,0.330817982035083
MNG,2011,0.03128728716326004,-0.010678217272609869,Mongolia,0.351073464569423
MOZ,2011,0.02205629395875,-0.02522160592999989,Mozambique,0.3250338062635916
MUS,2011,0.10851515826875001,0.0609605048834001,Mauritius,0.3512915776257765
MWI,2011,0.11754742593751648,-0.115331998309532,Malawi,0.2746998710597149
MYS,2011,0.04826371426699999,-0.031695176699999994,Malaysia,0.6410660840158928
NAM,2011,0.08371426936085001,-0.058747062972300146,Namibia,0.3777397218270203
NER,2011,0.02069270975972104,-0.015974020613327866,Niger,0.3373648061273536
NGA,2011,0.014255678984029093,-0.013883669132953136,Nigeria,0.1963972011327865
NIC,2011,0.06696016583570201,-0.015093723546280025,Nicaragua,0.4319404112587646
NLD,2011,0.0009320955988521152,-0.0011958249722829,Netherlands,0.178654402386243
NOR,2011,0.00045359287327086085,-0.00054598662594622,Norway,0.1688774486728356
NPL,2011,0.043164110062713014,-0.031428958083773884,Nepal,0.3261968448180032
NZL,2011,0.001172333799536514,-0.0017137038883190002,New Zealand,0.2039543844174385
PAK,2011,0.08803186126029795,0.08769891596693591,Pakistan,0.2423961513950498
PHL,2011,0.019061563715657957,-0.012966884706764104,Philippines,0.2879417041191213
PNG,2011,0.05158833809699503,0.057724518406240044,Papua New Guinea,0.3039082131442105
POL,2011,0.23188579718560498,-0.2330748431354699,Poland,0.2346057600396885
PRK,2011,0.004897574134341342,0.004897823125303624,North Korea,0.1230485288472718
PRT,2011,0.21846471203394752,-0.21929036483481498,Portugal,0.2458260873479404
PRY,2011,0.025961143762154665,-0.02241332622556791,Paraguay,0.2791444606127399
ROU,2011,0.08756218626484,0.006594941211779948,Romania,0.36475114692532
RUS,2011,0.08441616357855003,-0.0907927157199997,Russia,0.4664856356228405
RWA,2011,0.24538577819464996,-0.09345917827910055,Rwanda,0.3582906933316704
SDN,2011,0.10859072861144452,0.10417973892429933,Sudan,0.2648851305084779
SEN,2011,0.01378612597574252,-0.00903706677122007,Senegal,0.3117905328848105
SLE,2011,0.06853697729064853,-0.06780749668904806,Sierra Leone,0.2413143769625741
SOM,2011,0.028821410472901998,-0.028232964409120154,Somalia,0.2256487039544421
SRB,2011,0.11267742581326996,-0.06703630590855991,Serbia,0.357970735517057
SWE,2011,0.0007100369610090495,-0.0007617267425725101,Sweden,0.1621624829324268
SWZ,2011,0.10929378945373104,-0.09452294771214964,Eswatini,0.2988515878254809
SYC,2011,0.15132942946000005,-0.0310687061199999,Seychelles,0.7707635436085837
SYR,2011,0.2755542266361264,0.27647609649878424,Syria,0.1754848970200676
TCD,2011,0.03432591513013786,-0.008452566427440189,Chad,0.2630644785199663
TGO,2011,0.08836980109753001,0.08350893674996018,Togo,0.2780770256665491
THA,2011,0.06896701120654997,0.06229274812160002,Thailand,0.4062580810715984
TJK,2011,0.06699876704286711,0.013126807389201023,Tajikistan,0.3266117167799647
TKM,2011,0.03143637045426652,0.03144102921790104,Turkmenistan,0.1569559019150121
TTO,2011,0.16017513322728996,-0.18189872109994,Trinidad and Tobago,0.3283580914602054
TUN,2011,0.19414519957492998,-0.10970269259943999,Tunisia,0.3811096725285195
TUR,2011,0.11810559102509997,0.09444433127759999,Türkiye,0.5471427989816852
TWN,2011,0.06943980454115001,-0.07662966916620001,Taiwan,0.340267434701952
TZA,2011,0.17282858750280503,-0.16754224266843987,Tanzania,0.3878861289494937
UGA,2011,0.101859460831215,0.07769639176867993,Uganda,0.3245941081060214
UKR,2011,0.16402295543745005,0.1113017480176004,Ukraine,0.4863654151433767
URY,2011,0.016050988357590022,-0.02411251452479,Uruguay,0.2428485053727284
USA,2011,0.014245908801812505,-0.014361402814389997,United States of America,0.1902242779703073
UZB,2011,0.10430494169291588,0.10445851357751668,Uzbekistan,0.1943569056281693
VEN,2011,0.27619369434843,-0.2738319173720001,Venezuela,0.4563963772235316
VNM,2011,0.14232594863591502,0.15435449996124984,Vietnam,0.2852990549557734
YEM,2011,0.029304454416216815,-0.016864614746520346,Yemen,0.2447337804645703
ZAF,2011,0.00814585863265187,0.00040169835071601767,South Africa,0.2788044329765059
ZMB,2011,0.13500447011506347,-0.13254447709530792,Zambia,0.3173754389175282
ZWE,2011,0.03650499892940755,-0.006688297653200337,Zimbabwe,0.3602222527153627
AFG,2012,0.12215771818828004,0.11297936690076038,Afghanistan,0.2286093248066368
ALB,2012,0.11933935368235998,-0.09960150794797995,Albania,0.3514819628795879
ARE,2012,0.11886675777709449,0.12071328336981058,United Arab Emirates,0.2116982555099143
ARG,2012,0.05143183442446904,0.036289689465648034,Argentina,0.3181253218105179
ARM,2012,0.040236625102993945,0.017011751062399716,Armenia,0.3801936680648521
AUS,2012,0.0011332816608080056,-0.0012321213727780002,Australia,0.2008136106056861
AZE,2012,0.12690470016464475,-0.0753412221874803,Azerbaijan,0.2895634286643048
BDI,2012,0.049950583330593754,-0.03636762160400009,Burundi,0.3351391343697911
BEL,2012,0.0024852997776797373,-0.0026740742663925,Belgium,0.180836667919904
BEN,2012,0.004416993484725485,-0.002848384681538807,Benin,0.2629955763585395
BFA,2012,0.014758133893059237,-0.012946139057163908,Burkina Faso,0.2743120718592185
BGD,2012,0.029722531727567014,0.02103652827311997,Bangladesh,0.2931188408220239
BGR,2012,0.074463484732615,-0.0011329575457199592,Bulgaria,0.3766677301775635
BHR,2012,0.06449079000355805,-0.03958129360970908,Bahrain,0.2528236205878074
BIH,2012,0.125560615147715,-0.10909031817052028,Bosnia and Herzegovina,0.3448558007005471
BLR,2012,0.011847469825523309,0.01195754793435233,Belarus,0.2064105744218416
BOL,2012,0.05385303101649997,-0.04010976221199991,Bolivia,0.5967425179221961
BRA,2012,0.02068107356866022,0.019298975757004455,Brazil,0.2838246146757336
BTN,2012,0.38958850835000003,0.6043179725999999,Bhutan,0.5686698868255041
BWA,2012,0.37358230796450004,0.21428010226400018,Botswana,0.4345321432270099
CAF,2012,0.10962246380968003,0.0870127996194241,Central African Republic,0.2378141616860299
CAN,2012,0.002061102458646506,-0.002532170653019,Canada,0.213378869151648
CHE,2012,0.0005676782483421934,-0.0022477788688526003,Switzerland,0.2114858880277995
CHL,2012,0.07301978311943297,0.07137662681461598,Chile,0.289056926040013
CIV,2012,0.016568691974419954,0.01435981510864015,Ivory Coast,0.2903149719299626
CMR,2012,0.03710228411072727,0.024619245897679942,Cameroon,0.2702123864088224
COD,2012,0.050046007846648845,0.029291087038279873,Democratic Republic of the Congo,0.2410524080868952
COL,2012,0.014136113637037706,0.0075175504271773885,Colombia,0.2920629632719776
CRI,2012,0.461290703451853,-0.46188978769426814,Costa Rica,0.2636801770807749
CYP,2012,0.35904346843271506,0.3401588806606103,Cyprus,0.3266248532154877
DEU,2012,0.0022779957526489754,-0.0023164667453328797,Germany,0.1549958044552314
DJI,2012,0.18235158977737503,0.17311426851,Djibouti,0.3324919386099887
DNK,2012,0.00019173304758201366,-0.00022678758779915,Denmark,0.1498968255708469
ECU,2012,0.07652397846055,0.02502564381560002,Ecuador,0.5419691074247535
EGY,2012,0.17862175934813998,-0.12606870944000015,Egypt,0.3379123582552549
ESP,2012,0.04464621847727063,-0.0452038824516639,Spain,0.2263891148335887
ETH,2012,0.128057514801925,-0.12594515152999985,Ethiopia,0.4234304109440245
FIN,2012,0.003312200902494037,-0.0034376061440691196,Finland,0.1834347306230862
FJI,2012,0.0954707819135,-0.1091162020800005,Fiji,0.458825405184249
FRA,2012,0.024467984248453003,-0.025808993037178,France,0.2220156109013177
GAB,2012,0.10875244675855296,0.10767506791525605,Gabon,0.2367729379221005
GBR,2012,0.0020783993354875066,-0.0024134445093549994,United Kingdom,0.2019764050228204
GEO,2012,0.18389205875500006,0.10054182116000043,Georgia,0.7154589197833289
GHA,2012,0.002714436045315313,-0.0008791319090004635,Ghana,0.260481983765681
GIN,2012,0.0787219142060765,0.03965661462028036,Guinea,0.2751022283747655
GMB,2012,0.170599715439042,0.11747817395999993,The Gambia,0.3856261504042267
GNB,2012,0.05387759906148502,0.03830523667048036,Guinea-Bissau,0.2787358821146821
GNQ,2012,0.061243247076030696,-0.0446231025483681,Equatorial Guinea,0.2611726502908409
GRC,2012,0.219155445506683,-0.22231385253219801,Greece,0.2797370807610965
GTM,2012,0.06868297937133097,-0.06724891604754824,Guatemala,0.2586939849000254
GUY,2012,0.24912188057822998,-0.23660650527084015,Guyana,0.4281765101011286
HRV,2012,0.1806836422897,0.16265483541009995,Croatia,0.3295393246323962
HTI,2012,0.174529396856455,-0.17348638792951965,Haiti,0.2530263841671726
HUN,2012,0.36504246738999996,0.21746310508,Hungary,0.4862703492583416
IDN,2012,0.015618133225356259,-0.012020347919499796,Indonesia,0.2810961593191614
IND,2012,0.05083800055975605,-0.020455355905747652,India,0.3496026018289554
IRL,2012,0.003462764938519508,-0.0038211802654270007,Ireland,0.2085789554989607
IRN,2012,0.18961364687319351,-0.1310838890179502,Iran,0.3626267504243979
IRQ,2012,0.03251580967100997,0.028219666474919913,Iraq,0.2104285869303511
ISL,2012,0.00501872396865198,-0.006049654532862,Iceland,0.2392128071078852
ISR,2012,0.08298820679456499,-0.09573814008898998,Israel,0.2750665907976091
ITA,2012,0.0060916167442874895,-0.006251369621824999,Italy,0.2015256094747506
JAM,2012,0.10968787937331498,0.06579084014630998,Jamaica,0.3502053552038716
JOR,2012,0.08800961301750002,-0.06392536305999963,Jordan,0.5283614086868976
JPN,2012,0.0134931085003,-0.014555766011599998,Japan,0.2548835812697195
KAZ,2012,0.27392493150986497,-0.09782396386219983,Kazakhstan,0.349463312448828
KEN,2012,0.013513455501294076,-0.011734406028712785,Kenya,0.2482521724705998
KGZ,2012,0.1510289273707,0.1418074585803999,Kyrgyzstan,0.3503537603265182
KHM,2012,0.038181094407425516,-0.030752192432000225,Cambodia,0.3770549978978211
KOR,2012,0.4085345515788501,0.3736489636768999,South Korea,0.3637929481955194
LAO,2012,0.05945144052536319,0.05954449022844566,Laos,0.1806892141295582
LBN,2012,0.19981627257300008,-0.18641561379799998,Lebanon,0.2674473053246268
LBR,2012,0.009749059063580411,-0.008506980344157089,Liberia,0.2359847489908048
LKA,2012,0.05993499312161501,-0.012084761400000144,Sri Lanka,0.50271916347438
LSO,2012,0.14646667294414498,-0.12918943394215998,Lesotho,0.3818967855272773
LTU,2012,0.12402474328229998,-0.12640824932139996,Lithuania,0.2801225865832728
LUX,2012,0.00044131919207009666,-0.0006945372451205999,Luxembourg,0.1986595784921524
LVA,2012,0.019311332837650002,-0.0269391751383,Latvia,0.2829708440122488
MAR,2012,0.05786236428724998,-0.007152413896000409,Morocco,0.4445645281799747
MDA,2012,0.054624075361334984,-0.02411429837898038,Moldova,0.3708813940422918
MDV,2012,0.11695651288890001,0.09888594605320034,Maldives,0.3748986131434725
MEX,2012,0.04802536731192528,-0.04387181726527256,Mexico,0.2827381300595026
MKD,2012,0.13414128372149997,0.055509403015999936,North Macedonia,0.6824919686218711
MLI,2012,0.027058157319124383,-0.026033061158355242,Mali,0.2206047791760036
MMR,2012,0.02881190376738504,0.028891447399999493,Burma/Myanmar,0.3716595007871569
MNG,2012,0.031033523425328006,-0.013114896978773771,Mongolia,0.335213662897194
MOZ,2012,0.08455434080542501,0.07547417373340037,Mozambique,0.3182506516734106
MUS,2012,0.10765625440383002,0.06847463857816005,Mauritius,0.3527099854645715
MWI,2012,0.07927432104143046,-0.07661385562224399,Malawi,0.2727622863276791
MYS,2012,0.05074046528464999,-0.03484534529999994,Malaysia,0.64978712690287
NAM,2012,0.08122258827864504,-0.055730992011859826,Namibia,0.3874862919235212
NER,2012,0.012096350125682042,-0.00706395837580609,Niger,0.3268882895906147
NGA,2012,0.011534589589471228,-0.011171408084109657,Nigeria,0.1979357017484166
NIC,2012,0.07496501023916496,-0.03752355761019999,Nicaragua,0.4547214258734359
NLD,2012,0.0009624226864955535,-0.0012394766227232998,Netherlands,0.1792746733163041
NOR,2012,0.0003574804372951819,-0.0004447596106811099,Norway,0.1727404744434229
NPL,2012,0.09828688742743001,-0.0694142322948399,Nepal,0.3479817031347799
NZL,2012,0.0011572466281749853,-0.0016364156628500002,New Zealand,0.2050822291240392
PAK,2012,0.10798767421257202,0.10771931805502422,Pakistan,0.2459674537875973
PHL,2012,0.02029644119544175,-0.014064091016934066,Philippines,0.2930833469725456
PNG,2012,0.07596045241227502,0.08023289715220017,Papua New Guinea,0.3017323947609133
POL,2012,0.22739123225119498,-0.22851458485676998,Poland,0.2397896990875202
PRK,2012,0.004853951454768569,0.004854603329099039,North Korea,0.1272626660358691
PRT,2012,0.17867782924440548,-0.17946107538987302,Portugal,0.24130861594878
PRY,2012,0.036803805898928725,-0.03421964693962032,Paraguay,0.2720636148758987
ROU,2012,0.08153098006763498,-0.0004883998594800154,Romania,0.3669525697168104
RUS,2012,0.11562094251543,0.03403037780000062,Russia,0.4440551036750779
RWA,2012,0.247864782284073,-0.06961320949560035,Rwanda,0.3636194845574217
SDN,2012,0.10905590207830525,0.10417260581639987,Sudan,0.2668938194330169
SEN,2012,0.012352742308826,-0.007978385232327634,Senegal,0.3030097141206432
SLE,2012,0.05786957346230552,-0.05720558498654427,Sierra Leone,0.2352409043851576
SOM,2012,0.023145546536764955,-0.021621299611440215,Somalia,0.2334268762761912
SRB,2012,0.14846300609482002,-0.11273229757556003,Serbia,0.3837262458863663
SWE,2012,0.0007144000475790066,-0.00076286871027027,Sweden,0.163692775907417
SWZ,2012,0.10869891948061448,-0.09336863933433648,Eswatini,0.3010735433201468
SYC,2012,0.16506698648499998,-0.023301773600000297,Seychelles,0.7629191006240239
SYR,2012,0.04041343263520765,0.04166762058295381,Syria,0.1839092113775754
TCD,2012,0.03450946088971544,-0.006628645129599597,Chad,0.2603893870533163
TGO,2012,0.18999124584167004,0.18515188572848018,Togo,0.2754231374728701
THA,2012,0.020518602984850007,-0.015175516060800032,Thailand,0.4068985241759334
TJK,2012,0.07258501400590663,0.02458437295766025,Tajikistan,0.326682274213714
TKM,2012,0.036950464953936404,0.03695663944552274,Turkmenistan,0.1573254430711155
TTO,2012,0.10653780378790495,-0.12521490980533,Trinidad and Tobago,0.3319791178230736
TUN,2012,0.04433797051276399,0.010042223375367976,Tunisia,0.3379536183686146
TUR,2012,0.11146808163029999,0.08484091804960014,Türkiye,0.5564232967681231
TWN,2012,0.024916760057300005,0.011366582796899949,Taiwan,0.3462674790426093
TZA,2012,0.142317838129785,-0.13704975244627993,Tanzania,0.3986948717004712
UGA,2012,0.11313974327935002,0.0865731214344001,Uganda,0.3221414883791036
UKR,2012,0.15198244047785,0.10147656945999994,Ukraine,0.4741596300479961
URY,2012,0.016001909550325464,-0.022793794883353,Uruguay,0.242981350475931
USA,2012,0.012649397466867494,-0.012772833156569002,United States of America,0.1974916012285905
UZB,2012,0.10780616562820453,0.10795629891743141,Uzbekistan,0.1920531750717428
VEN,2012,0.2673285388324169,-0.26549004267999976,Venezuela,0.4483347902885203
VNM,2012,0.1301145177116,0.1410818839043002,Vietnam,0.2965124898215782
YEM,2012,0.03183535122894006,-0.006626025726679918,Yemen,0.2286733209878245
ZAF,2012,0.006960097115537337,0.00011533754962389509,South Africa,0.2805775346867659
ZMB,2012,0.138475581080005,-0.13332515439004,Zambia,0.3648940362818644
ZWE,2012,0.036287189492131985,-0.00444764645400042,Zimbabwe,0.3615150348247712
AFG,2013,0.11658586515578205,0.10718440334478418,Afghanistan,0.2278262379908841
ALB,2013,0.14653677877055,-0.12568356015539983,Albania,0.3855756451643068
ARE,2013,0.10795567067546549,0.10973272994456895,United Arab Emirates,0.2150378073577556
ARG,2013,0.034215894175866506,0.02337783496936796,Argentina,0.31860501373366
ARM,2013,0.041536212962313,0.018708742662520095,Armenia,0.3628342261260364
AUS,2013,0.0013595809003685165,-0.001523839131771,Australia,0.2107885072567832
AZE,2013,0.1145483902475779,-0.04461771814193982,Azerbaijan,0.296087580014228
BDI,2013,0.02513482153939599,-0.01583393346600026,Burundi,0.3368858014421333
BEL,2013,0.0022327990041077434,-0.0024123951990604998,Belgium,0.1800570597406721
BEN,2013,0.0064588117282840755,-0.003954123735262938,Benin,0.2750315602525925
BFA,2013,0.013710152373432873,-0.010886196426873385,Burkina Faso,0.2784880014600211
BGD,2013,0.020447142365737785,0.005654321680400143,Bangladesh,0.3116587026292466
BGR,2013,0.09693947535824997,-0.006925530538500091,Bulgaria,0.3948381295261548
BHR,2013,0.06691689773133498,-0.0440418070334303,Bahrain,0.2532408057645399
BIH,2013,0.113288766114145,-0.09549155496995998,Bosnia and Herzegovina,0.3445887056086016
BLR,2013,0.011937958746729678,0.012093127634583478,Belarus,0.2179758807788716
BOL,2013,0.08818598366925003,0.016199117986000156,Bolivia,0.6009239604156573
BRA,2013,0.012722649009312765,0.011709814695066045,Brazil,0.2772864868964766
BTN,2013,0.34609258485,0.5397685211999999,Bhutan,0.5905300604809145
BWA,2013,0.339923030583,0.17000114461899984,Botswana,0.438189198743045
CAF,2013,0.03689039360098739,-0.002418107998239716,Central African Republic,0.2341134496652817
CAN,2013,0.0019988978271919602,-0.002457886009152,Canada,0.2161069677133592
CHE,2013,0.000532716818451313,-0.002103510113452,Switzerland,0.220152995855604
CHL,2013,0.03683635742009549,0.03549393017949787,Chile,0.2807069833385884
CIV,2013,0.021381539925365005,-0.020202734532919875,Ivory Coast,0.2914945900512934
CMR,2013,0.029343292360155943,0.015967197394079813,Cameroon,0.2705930773007051
COD,2013,0.04308183805194058,0.02055904493503946,Democratic Republic of the Congo,0.2387721287745604
COL,2013,0.011402389376065483,0.004966634372181811,Colombia,0.2968479640846267
CRI,2013,0.44293251484147345,-0.44364436552111086,Costa Rica,0.2915112071722475
CYP,2013,0.286257509111755,0.26923212416951003,Cyprus,0.3272907124798639
DEU,2013,0.0023914367973796053,-0.0024364186459464796,Germany,0.161525567354702
DJI,2013,0.214716403605966,0.20658623482399996,Djibouti,0.3280429421142278
DNK,2013,0.000187466074159267,-0.00022325333592984,Denmark,0.1564479839138934
ECU,2013,0.13248252101155,0.038474050249600156,Ecuador,0.5810655086787404
EGY,2013,0.04102180868418999,0.024937819500499447,Egypt,0.3364490113890653
ESP,2013,0.035963859892520884,-0.0366320768996451,Spain,0.2310831955833774
ETH,2013,0.11806713868506001,-0.11538764598000029,Ethiopia,0.4227357598320734
FIN,2013,0.0025264331657214797,-0.0026298398872390003,Finland,0.1833611380939248
FJI,2013,0.276940850221,-0.3115348810300005,Fiji,0.5108219266219078
FRA,2013,0.019609787910864984,-0.020843490066990003,France,0.2185394061416142
GAB,2013,0.03210463535360298,0.031438875417976186,Gabon,0.2377525736108384
GBR,2013,0.0019447053812315324,-0.002345906516639,United Kingdom,0.2097515982089547
GEO,2013,0.15237224159045,-0.07295386352480016,Georgia,0.4757309380450994
GHA,2013,0.00478889408519068,-0.0021418383750715364,Ghana,0.2689226444057604
GIN,2013,0.06452757811346299,0.030732513099319902,Guinea,0.2748211785791655
GMB,2013,0.17912678386285502,0.1336139023420002,The Gambia,0.3786542155971086
GNB,2013,0.06643519250590504,0.05237168799828029,Guinea-Bissau,0.3150224685725904
GNQ,2013,0.06468438295719128,-0.04247161634639962,Equatorial Guinea,0.2621009116688587
GRC,2013,0.21351532015853,-0.21730002644868007,Greece,0.2857179821514055
GTM,2013,0.05689066258221304,-0.05549796746294433,Guatemala,0.2576265265743688
GUY,2013,0.21813711950904005,-0.2036957103690198,Guyana,0.4166371282626291
HRV,2013,0.13539879500525004,0.11688401191800002,Croatia,0.361473919943433
HTI,2013,0.11849558569818967,-0.11749793596375735,Haiti,0.2502592084514178
HUN,2013,0.3394268249,0.17712038679999997,Hungary,0.5434982748917576
IDN,2013,0.017452272173997165,-0.01398920843565743,Indonesia,0.2855685576173964
IND,2013,0.048023379923967484,-0.0191638119658899,India,0.348957997359015
IRL,2013,0.003452703931879872,-0.0037982658320190998,Ireland,0.2120998239816426
IRN,2013,0.21388415678124004,-0.13526296394449977,Iran,0.3674327255610873
IRQ,2013,0.05983097072121199,0.054617295833703894,Iraq,0.2107153719406709
ISL,2013,0.006005642502476012,-0.0075119735847560005,Iceland,0.2526612609138013
ISR,2013,0.08977742910134504,-0.10582170870536999,Israel,0.2902521637815645
ITA,2013,0.005971828918720514,-0.0061454055187929995,Italy,0.2043693352628825
JAM,2013,0.062321840669815026,0.028177893612970184,Jamaica,0.3375935672645179
JOR,2013,0.10584008342700003,-0.07856191279999969,Jordan,0.5616910992781196
JPN,2013,0.011494499294829994,-0.012902012847680002,Japan,0.2618536363817277
KAZ,2013,0.28378777470592,-0.1426062526683003,Kazakhstan,0.3507019767707556
KEN,2013,0.009897003271787946,-0.008013318726513452,Kenya,0.2469343180658246
KGZ,2013,0.17014958561147006,0.15678208394344018,Kyrgyzstan,0.3727549783015854
KHM,2013,0.03776833865921753,-0.031172745240000133,Cambodia,0.3809170976682747
KOR,2013,0.408628602512,0.367395122654,South Korea,0.3815075995687506
LAO,2013,0.05800737534385238,0.058103440298110876,Laos,0.1805324259148751
LBN,2013,0.10404751574078999,-0.0906934855283199,Lebanon,0.2740979356093345
LBR,2013,0.012742446452589998,-0.011268726581059818,Liberia,0.2342952642379208
LKA,2013,0.0610231621743,0.015753811935999673,Sri Lanka,0.4409584953597309
LSO,2013,0.15606667927799997,-0.13002278438039983,Lesotho,0.3920518503790836
LTU,2013,0.11548634304216997,-0.11759796848752,Lithuania,0.2788837291398289
LUX,2013,0.00035545327563951315,-0.000602706904997,Luxembourg,0.1874445016180513
LVA,2013,0.022207675246199952,-0.027115366538399997,Latvia,0.2889965183220295
MAR,2013,0.07402936038119999,-0.014225943472000013,Morocco,0.4676144705517229
MDA,2013,0.06482241219329003,-0.03317543941481982,Moldova,0.3787255036347155
MDV,2013,0.04926123422485801,-0.015284415771999793,Maldives,0.445339809787514
MEX,2013,0.08074245479546496,-0.07648305835402014,Mexico,0.2895500970074861
MKD,2013,0.12178481599650004,0.016760785088000274,North Macedonia,0.7137645533729842
MLI,2013,0.03426803937138831,-0.0337152800149263,Mali,0.20971559990943
MMR,2013,0.03745872772109,-0.03135769471000005,Burma/Myanmar,0.371598736866675
MNG,2013,0.044882463746161484,-0.02052186650614196,Mongolia,0.3456795477558057
MOZ,2013,0.11913027399250001,0.10935101561360039,Mozambique,0.314397343476945
MUS,2013,0.12124366771695004,0.058666179882999936,Mauritius,0.3661667094994035
MWI,2013,0.06059432622730349,-0.05758985303862807,Malawi,0.2656458491729123
MYS,2013,0.05315400932850003,-0.039862106080000625,Malaysia,0.6357494381620923
NAM,2013,0.07957499935069,-0.054193558222819904,Namibia,0.380061672263864
NER,2013,0.008310501745722015,-0.0047468962149064264,Niger,0.299841134010624
NGA,2013,0.010928956196968032,-0.010514956241474582,Nigeria,0.197531625603744
NIC,2013,0.16412817636685095,-0.14657577092520002,Nicaragua,0.4656722587136293
NLD,2013,0.0010744323911692074,-0.0013803523592052001,Netherlands,0.1832726162009732
NOR,2013,0.00035913767503281826,-0.0004618136382268,Norway,0.1788140236866963
NPL,2013,0.13532265509438,-0.09845290334803991,Nepal,0.3748902643265385
NZL,2013,0.0009758345695719672,-0.0015451182284319997,New Zealand,0.2002638209986695
PAK,2013,0.137047829161102,0.1367580086624638,Pakistan,0.2602938208222921
PHL,2013,0.02080661848608951,-0.01468820928141601,Philippines,0.2926168563827141
PNG,2013,0.06838428580266993,0.07360240157583986,Papua New Guinea,0.3019875371775862
POL,2013,0.24289244505169003,-0.24405633928467,Poland,0.2485836168086014
PRK,2013,0.004648174851027284,0.004648548108979078,North Korea,0.1282288718288787
PRT,2013,0.18905471167736657,-0.189841348523749,Portugal,0.2476123120853883
PRY,2013,0.08740186459587135,-0.08555162608977085,Paraguay,0.2826236209576969
ROU,2013,0.09978713607093002,0.035484473082260104,Romania,0.3604422034731002
RUS,2013,0.22471028573929996,0.024067033159999696,Russia,0.4218530720528133
RWA,2013,0.278471503684905,-0.13559099264439967,Rwanda,0.3561876620079995
SDN,2013,0.13827967637233365,0.13469533077060003,Sudan,0.2637603620061348
SEN,2013,0.012342593152246005,-0.0038697916152077294,Senegal,0.3187913097341893
SLE,2013,0.06277249612917953,-0.062202416753236234,Sierra Leone,0.2324296467897907
SOM,2013,0.019065021048382504,-0.01711253287296044,Somalia,0.2422834495005672
SRB,2013,0.08860357508535,0.08908312872719981,Serbia,0.5009759663674108
SWE,2013,0.0007054123626943625,-0.0007547348334574,Sweden,0.1671820573771792
SWZ,2013,0.10986960596940301,-0.09215213403080602,Eswatini,0.3042277507587524
SYC,2013,0.16166498515,0.02525483788000016,Seychelles,0.7677579822423113
SYR,2013,0.0014470544481252662,0.0020463788711881925,Syria,0.1795552700508566
TCD,2013,0.03347354083878708,-0.007769150626640187,Chad,0.2510670606621464
TGO,2013,0.20808415916194997,0.2033678615654,Togo,0.2718221138246973
THA,2013,0.07962984450205005,0.06568054972600024,Thailand,0.4243573474433577
TJK,2013,0.0648243292852653,0.003840969893840196,Tajikistan,0.3078058587454113
TKM,2013,0.03195698633720463,0.03196259700142967,Turkmenistan,0.1610263403107851
TTO,2013,0.0701011682279599,-0.09186240179815996,Trinidad and Tobago,0.3417817858175721
TUN,2013,0.05973316901449001,0.017021081675750227,Tunisia,0.34393395643115
TUR,2013,0.07108852615005001,0.022984759389999665,Türkiye,0.5905118122268065
TWN,2013,0.16246528216660003,-0.1698468369326,Taiwan,0.3294570284234965
TZA,2013,0.13581315455391496,-0.13111178563932002,Tanzania,0.3957719425791767
UGA,2013,0.10177192367545798,0.06880259123059962,Uganda,0.3181960815194775
UKR,2013,0.15093964935709997,0.12317332387200008,Ukraine,0.3999005604777931
URY,2013,0.014046865761876002,-0.029887934000655998,Uruguay,0.2254084093738268
USA,2013,0.011311581164933466,-0.011413874827651,United States of America,0.1947888257030596
UZB,2013,0.10883772784535264,0.10904512480454853,Uzbekistan,0.2013337961000664
VEN,2013,0.22115477614458395,-0.22794913540399975,Venezuela,0.4102633183759517
VNM,2013,0.12180695185283504,0.13166037464888003,Vietnam,0.2925836575657228
YEM,2013,0.044357112934625,-0.03155124601820036,Yemen,0.2545375440865947
ZAF,2013,0.009414255072802137,-0.0006453877746552816,South Africa,0.2823544811459124
ZMB,2013,0.13702448754224997,-0.13587390753599982,Zambia,0.3759583373986887
ZWE,2013,0.041924287653205515,-0.0158720214964001,Zimbabwe,0.3872098296724584
AFG,2014,0.12457083269413802,0.11497062180414774,Afghanistan,0.2232559587554111
ALB,2014,0.13890990902149003,-0.11395062657392008,Albania,0.3781227998617921
ARE,2014,0.07554296925810552,0.07751036189648941,United Arab Emirates,0.2209781357898255
ARG,2014,0.046080403477278,0.03354139138455192,Argentina,0.3136175836231025
ARM,2014,0.046563110187635995,0.02120096179859976,Armenia,0.3670713315776583
AUS,2014,0.001470744896664036,-0.0016517176309740005,Australia,0.2134603971935655
AZE,2014,0.12106236695439998,-0.06912775671783011,Azerbaijan,0.2825755266922315
BDI,2014,0.022351819541473025,-0.014007480575999764,Burundi,0.3374476815818605
BEL,2014,0.002291143909820046,-0.0024812311758652997,Belgium,0.1827539294589734
BEN,2014,0.006267615489816844,-0.0038065538835576618,Benin,0.2776990740449599
BFA,2014,0.008085667408552011,-0.005318866694295821,Burkina Faso,0.2692869600649314
BGD,2014,0.018114650856180487,-0.006762283597999907,Bangladesh,0.3201793164970152
BGR,2014,0.10063947344752003,-0.015499823384759859,Bulgaria,0.3820091723491234
BHR,2014,0.07378214120610299,-0.04989613148547045,Bahrain,0.2524909768427172
BIH,2014,0.09204127885212002,-0.0767704534074598,Bosnia and Herzegovina,0.3196909083147077
BLR,2014,0.01251441088416319,0.012676170541638943,Belarus,0.2149328039821597
BOL,2014,0.1283960366722,0.05633810169840037,Bolivia,0.5959949163422028
BRA,2014,0.013069428174438798,0.011586672863895697,Brazil,0.277340832546705
BTN,2014,0.35302710200000004,0.5333069534000003,Bhutan,0.5798966920708131
BWA,2014,0.32008423304869993,0.15658473548240015,Botswana,0.4314096509606255
CAF,2014,0.04248957870878503,0.021147626239224282,Central African Republic,0.2385258319147392
CAN,2014,0.0019949735523177806,-0.0024521765650765,Canada,0.2165669360819998
CHE,2014,0.0006199496305837253,-0.00245448669201005,Switzerland,0.21987490469125
CHL,2014,0.002491113290639983,0.001380780056125852,Chile,0.2744796383898529
CIV,2014,0.041441534095925,-0.04003018197459962,Ivory Coast,0.2979608566373349
CMR,2014,0.02971194876759963,0.014966784591399884,Cameroon,0.2772256487546118
COD,2014,0.043988351303774716,0.023111885079079908,Democratic Republic of the Congo,0.2385173371862344
COL,2014,0.008968305179780551,0.003670777540289216,Colombia,0.2921467182819433
CRI,2014,0.3780641914228239,-0.378685649116324,Costa Rica,0.2933889059895281
CYP,2014,0.29453688354979995,0.2777446090118,Cyprus,0.3273825685676184
DEU,2014,0.0022494872167382485,-0.00229310501735959,Germany,0.1607501760128936
DJI,2014,0.20805191354722596,0.1990762491,Djibouti,0.3259269620495471
DNK,2014,0.00015984774876915154,-0.00019810774062796002,Denmark,0.1635732781725059
ECU,2014,0.14223603761714998,0.0404323832568001,Ecuador,0.6084691364549907
EGY,2014,0.07087220066803096,-0.046860177460050334,Egypt,0.2872310264144975
ESP,2014,0.034865343839251994,-0.03553767838718601,Spain,0.2301271666174298
ETH,2014,0.12533314884653998,-0.12223298082000023,Ethiopia,0.4228146065667307
FIN,2014,0.00256844275996258,-0.0026730170280923,Finland,0.1850537929380255
FJI,2014,0.17624237329700002,-0.1593944626599999,Fiji,0.6634972816632804
FRA,2014,0.02042032204161502,-0.021721007307190003,France,0.2199928395259566
GAB,2014,0.043494196817018535,0.04268785497985217,Gabon,0.2348898628624835
GBR,2014,0.0019013081348357307,-0.0023159666955245,United Kingdom,0.2109579965836148
GEO,2014,0.13571015105675,-0.050690562927999894,Georgia,0.4421659743911783
GHA,2014,0.005687744878893335,-0.0027461209770200945,Ghana,0.2728971791141395
GIN,2014,0.06316957317433704,0.04278862990111998,Guinea,0.2661797454404666
GMB,2014,0.166488709657733,0.11607315088599934,The Gambia,0.3781897613222361
GNB,2014,0.15713874123269495,0.15301951030860006,Guinea-Bissau,0.2615252923716393
GNQ,2014,0.06645091603109242,-0.04456365609182589,Equatorial Guinea,0.2634600297909555
GRC,2014,0.24443927025044998,-0.2478762562725,Greece,0.2808890322895557
GTM,2014,0.05608189389508963,-0.054605032611217075,Guatemala,0.2576569196280323
GUY,2014,0.19585147539243997,-0.18201284873412016,Guyana,0.4140097164681564
HRV,2014,0.2229830573425,0.20038091300100003,Croatia,0.3694032074659524
HTI,2014,0.09948186043101871,-0.09839926703014967,Haiti,0.2471403263928215
HUN,2014,0.294586935515,0.17641854558000003,Hungary,0.6324072151120035
IDN,2014,0.01622631599109336,-0.013590554434816715,Indonesia,0.2736069913140059
IND,2014,0.09442661564697998,-0.06311434964284013,India,0.3676084751729782
IRL,2014,0.0040980286789223256,-0.0044934317841238,Ireland,0.2160316540181565
IRN,2014,0.19376872324605998,-0.11315217811760014,Iran,0.3661209730356664
IRQ,2014,0.050506940143609985,0.04570507588367989,Iraq,0.1975708391045385
ISL,2014,0.006214124952282956,-0.007820180804698,Iceland,0.2575912483944969
ISR,2014,0.07944023966684997,-0.09265305408449998,Israel,0.2781628150854217
ITA,2014,0.005451218955536134,-0.0056226421896169,Italy,0.2054487957970662
JAM,2014,0.11706391157659501,0.08264381385856023,Jamaica,0.3355590593484283
JOR,2014,0.1040829649685,-0.07517885037999994,Jordan,0.5509079037811534
JPN,2014,0.011299952224162479,-0.012779486070675,Japan,0.2609344181346144
KAZ,2014,0.27512194814121,-0.13956513179399943,Kazakhstan,0.3461011536371037
KEN,2014,0.012293774130105661,-0.009981188806815311,Kenya,0.2589931619867507
KGZ,2014,0.15913148487974996,0.1442446416319998,Kyrgyzstan,0.3789339243871988
KHM,2014,0.045992862096874955,-0.041131339955999824,Cambodia,0.3837764767842351
KOR,2014,0.421231887031,0.3773843000320001,South Korea,0.3870364571234611
LAO,2014,0.05610497049496664,0.056197524863542014,Laos,0.1733683281144173
LBN,2014,0.11817928994056498,-0.07935687568451999,Lebanon,0.2726781970058762
LBR,2014,0.013539837071058936,-0.012151558227261772,Liberia,0.2352971109351521
LKA,2014,0.06340936159701493,0.020362883175999658,Sri Lanka,0.4334694545256253
LSO,2014,0.27592038911253003,-0.18494946816324043,Lesotho,0.4088485108369121
LTU,2014,0.047301547323049975,-0.0512528225772,Lithuania,0.2807941980257743
LUX,2014,0.0003433279351090206,-0.000582263661674,Luxembourg,0.1896674405683474
LVA,2014,0.021577754147285005,-0.02455057766781,Latvia,0.2778699690454175
MAR,2014,0.07844299548375,-0.018670227564000275,Morocco,0.4493743324991401
MDA,2014,0.078612988702815,-0.04663595233022022,Moldova,0.3838468148283118
MDV,2014,0.06169647191272001,-0.02736351837999962,Maldives,0.4548407619968493
MEX,2014,0.06973789411193612,-0.06567914912443906,Mexico,0.2900287464254412
MKD,2014,0.09100975509630002,0.006502450499999979,North Macedonia,0.6485474759245247
MLI,2014,0.020974867449124072,-0.020588402044592558,Mali,0.2008815217666675
MMR,2014,0.06462233548186501,-0.05757151129999993,Burma/Myanmar,0.3622336688676928
MNG,2014,0.05313354640750499,-0.021869541410340032,Mongolia,0.353206226934444
MOZ,2014,0.09991642484273505,0.09069514564652015,Mozambique,0.304741536728219
MUS,2014,0.1448428069399,0.047461618719899956,Mauritius,0.3777299237886991
MWI,2014,0.038055115132722375,-0.03622012491314908,Malawi,0.2515825612248112
MYS,2014,0.054512791231500005,-0.040683783919999605,Malaysia,0.6347472634693396
NAM,2014,0.06699972462572501,-0.04397022487739988,Namibia,0.3674150941642319
NER,2014,0.00856889578066061,-0.004808517815204638,Niger,0.2996290219500145
NGA,2014,0.00982555371130233,-0.009439882204204109,Nigeria,0.1982944411509443
NIC,2014,0.164825121975536,-0.14609877489160006,Nicaragua,0.4669782587751535
NLD,2014,0.0010102094277533588,-0.0013068930428341001,Netherlands,0.1832112613853468
NOR,2014,0.00035272843622514874,-0.0004464502941576,Norway,0.1795053027318227
NPL,2014,0.06998731889679197,-0.05032929320773616,Nepal,0.3461439155704519
NZL,2014,0.0011477988004210474,-0.0016930255179659999,New Zealand,0.2064790150749932
PAK,2014,0.10946908964581496,0.1092669856498798,Pakistan,0.260514823359518
PHL,2014,0.02412573345210396,-0.01641261475943212,Philippines,0.2898865248804144
PNG,2014,0.07867611417900007,0.08390380338240022,Papua New Guinea,0.2994264752932675
POL,2014,0.21793233146270002,-0.21921821229940008,Poland,0.258710225156762
PRK,2014,0.0047291337008135165,0.004729442581274945,North Korea,0.1223769838861902
PRT,2014,0.16380802349106596,-0.16461521924199604,Portugal,0.2463775914431881
PRY,2014,0.07331644882987978,-0.07106006246958807,Paraguay,0.2743742220560921
ROU,2014,0.12201364089181001,0.06358116619111998,Romania,0.3507612177860747
RUS,2014,0.27151065651785,-0.034541678780000584,Russia,0.3936373551499447
RWA,2014,0.26999444522679,-0.10693281715719971,Rwanda,0.3640664144669059
SDN,2014,0.12881617011096652,0.12488347786400045,Sudan,0.2621282270151271
SEN,2014,0.013376457871872489,-0.004490862632289927,Senegal,0.3183999811826712
SLE,2014,0.06230752143382728,-0.061728834923517883,Sierra Leone,0.2331986722070622
SOM,2014,0.02203026114887802,-0.020086742316119732,Somalia,0.2412122247707797
SRB,2014,0.15306014306725002,0.13527026099000006,Serbia,0.5737252955188091
SWE,2014,0.0008049598358222628,-0.0008580009840985,Sweden,0.1699822738065728
SWZ,2014,0.10844541411085948,-0.09109774547767424,Eswatini,0.3038240196523624
SYC,2014,0.158620662605,0.02969287568000012,Seychelles,0.7672446033281011
SYR,2014,0.007093844078759705,-0.005409337950406545,Syria,0.1811449624556738
TCD,2014,0.03415332452296883,-0.008740039268040345,Chad,0.2593860781269814
TGO,2014,0.17961632673881997,0.1752098361860399,Togo,0.2703313137676437
THA,2014,0.14209463135336,0.09920912364999968,Thailand,0.3843138249644776
TJK,2014,0.06271918029017733,-0.004972374662800316,Tajikistan,0.3011629026571016
TKM,2014,0.03511184071187519,0.03511740658990714,Turkmenistan,0.1578663980465227
TTO,2014,0.10756002612026491,-0.12847399302735002,Trinidad and Tobago,0.3409277310683897
TUN,2014,0.036021839866054,0.0007578464328679146,Tunisia,0.3373837891128477
TUR,2014,0.06955865829222002,-0.0218582941199994,Türkiye,0.5320177299379346
TWN,2014,0.11969065201644999,-0.1259361279774,Taiwan,0.316254507153127
TZA,2014,0.14133413901505,-0.13688286020239993,Tanzania,0.3951000289310133
UGA,2014,0.09667976854205995,0.06011333416619968,Uganda,0.3257134957086879
UKR,2014,0.163453964030665,0.14514098938308018,Ukraine,0.3592092631229951
URY,2014,0.01639619400461445,-0.029812728023987,Uruguay,0.2325498348216484
USA,2014,0.012923375023513485,-0.013031441101920994,United States of America,0.1961717602387107
UZB,2014,0.12218572359292712,0.1224316121344966,Uzbekistan,0.1996445771732322
VEN,2014,0.2725639171568399,-0.27926241110600003,Venezuela,0.4140942958372934
VNM,2014,0.135837195381735,0.1459295867242596,Vietnam,0.28177080215116
YEM,2014,0.112023741015704,-0.10847144247799978,Yemen,0.2361981618893125
ZAF,2014,0.009899371074871993,-0.0009724129651917934,South Africa,0.2843902764415564
ZMB,2014,0.13123350958105,-0.13013648909040043,Zambia,0.3805940471054417
ZWE,2014,0.04431191797046796,-0.01728820664399988,Zimbabwe,0.385492377368908
AFG,2015,0.09886949881418855,0.08718816898927995,Afghanistan,0.223625990642711
ALB,2015,0.1259400580622,-0.09970021031359955,Albania,0.3727024667943849
ARE,2015,0.09147858458446652,0.09308705504979686,United Arab Emirates,0.2153159849949664
ARG,2015,0.04619098759174274,0.031714767817488054,Argentina,0.309989314943097
ARM,2015,0.051735769115249984,0.00979824299200005,Armenia,0.39710102008579
AUS,2015,0.001577957425908642,-0.0017494985091919,Australia,0.2124965592204519
AZE,2015,0.10765097328377651,-0.06638177585591531,Azerbaijan,0.2707259026452402
BDI,2015,0.3230583534170613,0.32151360553200004,Burundi,0.3137351517070241
BEL,2015,0.0021048350681237117,-0.0022942396839062,Belgium,0.1848437145842705
BEN,2015,0.004707118001497175,-0.0024964191575873595,Benin,0.2666288774214559
BFA,2015,0.008057968851290962,-0.004781863953028154,Burkina Faso,0.272546356432384
BGD,2015,0.019935380915325502,-0.009723945549199975,Bangladesh,0.3279370835900754
BGR,2015,0.10401859276395,-0.0327112364701001,Bulgaria,0.3910275165118175
BHR,2015,0.07333316906020752,-0.049453776416644946,Bahrain,0.2537969546894698
BIH,2015,0.12282904876505003,-0.10190013137640008,Bosnia and Herzegovina,0.3396749823715659
BLR,2015,0.015972059719675337,0.016282525165049577,Belarus,0.2179334364349001
BOL,2015,0.12046494861829996,0.0570799802155999,Bolivia,0.5784594104912875
BRA,2015,0.013285279258555945,0.01174919513195194,Brazil,0.2814210573637121
BTN,2015,0.3402318623499999,0.4787634331999997,Bhutan,0.577895426987051
BWA,2015,0.32978083068775,0.13061564088600008,Botswana,0.438223521157374
CAF,2015,0.17879622441057647,0.1711659615741441,Central African Republic,0.2178613681446073
CAN,2015,0.0019407194157130237,-0.0023652281248379998,Canada,0.2161545991536303
CHE,2015,0.0003616812872334615,-0.00140722080815218,Switzerland,0.2321631245652579
CHL,2015,0.026622535743482542,0.025263801318705092,Chile,0.2753958379701153
CIV,2015,0.07124389114240001,-0.06956395419219974,Ivory Coast,0.3023819713650331
CMR,2015,0.028994921601534378,0.01413362546496022,Cameroon,0.2777151072103802
COD,2015,0.040166377710691266,0.01786249557480013,Democratic Republic of the Congo,0.2385614005533101
COL,2015,0.009153663350584977,0.0035654337373900447,Colombia,0.2984484729985706
CRI,2015,0.34780699004717003,-0.34854274960183,Costa Rica,0.298986113374107
CYP,2015,0.2841787934415,0.2685926061318,Cyprus,0.3287353128374864
DEU,2015,0.0023286223831462663,-0.00237232179126559,Germany,0.1620619906813518
DJI,2015,0.20378080276188903,0.19477378549000068,Djibouti,0.3290063348109578
DNK,2015,0.00018359039662155035,-0.00022120718266710801,Denmark,0.1699444491031317
ECU,2015,0.13908451757620002,0.046300669278400264,Ecuador,0.5904576696104489
EGY,2015,0.08546745875381898,-0.06248883480474987,Egypt,0.2809161451200442
ESP,2015,0.03368890430171008,-0.034493602285680595,Spain,0.2356455231747689
ETH,2015,0.121524725646915,-0.11889896547000012,Ethiopia,0.4237206841797492
FIN,2015,0.0026682320816748366,-0.0028050197259540995,Finland,0.1918834276259031
FJI,2015,0.07488268085149999,-0.021370917960000346,Fiji,0.7198509277934549
FRA,2015,0.02283235317734498,-0.024269960279870002,France,0.2226092371658219
GAB,2015,0.06713396982519397,0.06637392254264785,Gabon,0.2347559094385913
GBR,2015,0.0022502666174439865,-0.0027225449594240002,United Kingdom,0.2166550774083536
GEO,2015,0.096973111975875,-0.012887719505600082,Georgia,0.4121193985945489
GHA,2015,0.007347512451139598,-0.0041455457220866965,Ghana,0.2737304375337829
GIN,2015,0.059733678813825526,0.04050439993600019,Guinea,0.2677403941401927
GMB,2015,0.17556007864647505,0.13137590237800056,The Gambia,0.3792250204295151
GNB,2015,0.13132101201988,0.1282177530869597,Guinea-Bissau,0.2553967768887546
GNQ,2015,0.071993091876915,-0.05220154468468863,Equatorial Guinea,0.2622720849277059
GRC,2015,0.20581315733116998,-0.21015219794722007,Greece,0.2984877693806562
GTM,2015,0.03585216148196695,-0.034745316138920845,Guatemala,0.2526586473750195
GUY,2015,0.14417319740654505,-0.11460837700075999,Guyana,0.3978454068852549
HRV,2015,0.24446917187069991,0.21897337735840006,Croatia,0.3759402825764829
HTI,2015,0.06637197086878513,-0.06590777602120546,Haiti,0.2417802662453687
HUN,2015,0.3246132396,0.1283518922000002,Hungary,0.6304908356219469
IDN,2015,0.01576833328959541,-0.01231437251656331,Indonesia,0.2718445632156008
IND,2015,0.17017558770142505,-0.14532917301539983,India,0.3930427718550215
IRL,2015,0.0020466127576279206,-0.0023605810470074,Ireland,0.215272881417509
IRN,2015,0.18336049060327003,-0.08495161832539999,Iran,0.3685909950333693
IRQ,2015,0.04823375398465546,0.043404216140175755,Iraq,0.1982600880799682
ISL,2015,0.005406403691221533,-0.006985286375449001,Iceland,0.2595436379829828
ISR,2015,0.07725775194655002,-0.09160368438189999,Israel,0.2876692021239984
ITA,2015,0.005631649611697033,-0.0058011153605119995,Italy,0.2058647948787918
JAM,2015,0.08504597674328501,0.05138531186575013,Jamaica,0.3351887927926019
JOR,2015,0.10223906344600002,-0.07359239631600012,Jordan,0.565820661610277
JPN,2015,0.011210245438999998,-0.012736791797000001,Japan,0.2637241210104551
KAZ,2015,0.260772834666595,-0.12060916456580006,Kazakhstan,0.3384042293298923
KEN,2015,0.01272404701883758,-0.010344135810920863,Kenya,0.2584612831516395
KGZ,2015,0.14766185720547,0.13510519083623995,Kyrgyzstan,0.3592784597098043
KHM,2015,0.05668029505664004,-0.05261292468000045,Cambodia,0.3729741313976576
KOR,2015,0.442384734782,0.38755441668800006,South Korea,0.3942081352179018
LAO,2015,0.04948113400202166,0.04956716734263544,Laos,0.1609238295939213
LBN,2015,0.08935029564009997,-0.056007749960799824,Lebanon,0.2795559700338304
LBR,2015,0.01370699081317404,-0.012284360510592451,Liberia,0.2361880218698094
LKA,2015,0.11867455527474002,-0.11419301693151995,Sri Lanka,0.3568746324836509
LSO,2015,0.18305741282474997,-0.15914010638669995,Lesotho,0.3918249170933039
LTU,2015,0.05702485771017999,-0.06024138473688001,Lithuania,0.2883877329027651
LUX,2015,0.00029299086140060755,-0.0005145379072036,Luxembourg,0.1921929780420345
LVA,2015,0.022539458662749992,-0.0251027091865,Latvia,0.2773374558618631
MAR,2015,0.07482720923664997,-0.0168808252920003,Morocco,0.4614225144063519
MDA,2015,0.08870835845743501,-0.06854218115647992,Moldova,0.386434757088325
MDV,2015,0.07936731001885751,-0.05757328211999946,Maldives,0.4570031600514704
MEX,2015,0.07687956362844599,-0.0706616538162681,Mexico,0.3068808746238646
MKD,2015,0.0886424514896,0.024587976079199825,North Macedonia,0.6040619432088443
MLI,2015,0.021034526810876645,-0.020657705425053186,Mali,0.2029322335061205
MMR,2015,0.09781519329453497,-0.08609966533200053,Burma/Myanmar,0.3902487526917154
MNG,2015,0.05220516025212502,-0.02121507703352976,Mongolia,0.3518180979258331
MOZ,2015,0.10326884695738003,0.09315393952336026,Mozambique,0.3109448170929197
MUS,2015,0.12699059554924993,0.04279930769059981,Mauritius,0.3732853431926756
MWI,2015,0.03535735924647125,-0.03314057845726981,Malawi,0.2562521431254692
MYS,2015,0.062948532297,-0.048792324939999965,Malaysia,0.6278757122201287
NAM,2015,0.07525348638098753,-0.04250617585289995,Namibia,0.3722354705568015
NER,2015,0.009513996703575573,-0.005653852648944913,Niger,0.301395874209994
NGA,2015,0.010906407215103036,-0.010506905588434146,Nigeria,0.1978038668344322
NIC,2015,0.1902527966742765,-0.17409225264680028,Nicaragua,0.4664613428840006
NLD,2015,0.0008020907734048745,-0.0010716903138891002,Netherlands,0.1822931362764629
NOR,2015,0.00038171372326922906,-0.00046711609626529,Norway,0.1829614565814513
NPL,2015,0.05828141347166399,-0.03459126431538184,Nepal,0.3391728441265632
NZL,2015,0.0010769462321175334,-0.001644041139665,New Zealand,0.2049045115491433
PAK,2015,0.057438769295430056,0.0564002829755601,Pakistan,0.2617291263905921
PHL,2015,0.027038894482905477,-0.01944981144564406,Philippines,0.2826998827131781
PNG,2015,0.02143891929997993,-0.008787730567439755,Papua New Guinea,0.2894691518449959
POL,2015,0.12477361279897,-0.12702192813951996,Poland,0.2833584277863332
PRK,2015,0.004776956671920335,0.0047771328706609495,North Korea,0.1149320298664025
PRT,2015,0.1831685243523755,-0.183875147339093,Portugal,0.247331468690518
PRY,2015,0.060784144010720194,-0.05852257144009121,Paraguay,0.2698772617697898
ROU,2015,0.07332799558619002,0.04779197917178013,Romania,0.3432163213599376
RUS,2015,0.285900163588235,-0.06712769700699983,Russia,0.3820411609216511
RWA,2015,0.29367272241557996,-0.2150463472202997,Rwanda,0.3383008755635595
SDN,2015,0.13806573706712227,0.13392533384790006,Sudan,0.2630689397793551
SEN,2015,0.010626962227122972,-0.003926249864024456,Senegal,0.3119898367982678
SLE,2015,0.05917899395181899,-0.05860914194271216,Sierra Leone,0.2342358096171667
SOM,2015,0.02189252989262805,-0.020136705740839478,Somalia,0.2447535226241372
SRB,2015,0.14700082287350003,0.12495265609200001,Serbia,0.5742504338528682
SWE,2015,0.0007617718127203775,-0.00081410330190587,Sweden,0.1705016461299043
SWZ,2015,0.1048626836759145,-0.08682713224625216,Eswatini,0.3032272811004236
SYC,2015,0.12122013569999998,0.06209042790000008,Seychelles,0.7299960782984272
SYR,2015,0.0008385983449695094,0.0007095083424384363,Syria,0.1789284273481283
TCD,2015,0.0338238125470232,-0.00917695309576061,Chad,0.2607542785861895
TGO,2015,0.13800677480651,0.13506692559552014,Togo,0.2498338592812454
THA,2015,0.11378471957571998,0.03840630474499962,Thailand,0.3675314624318954
TJK,2015,0.057593909409980854,-0.0129313727832705,Tajikistan,0.2869890012832781
TKM,2015,0.0346523025148774,0.03465715329227104,Turkmenistan,0.1516382798982218
TTO,2015,0.12876788614376494,-0.14824453313262,Trinidad and Tobago,0.3378228300102318
TUN,2015,0.04664938694554005,0.0036501583806201054,Tunisia,0.3563650591747389
TUR,2015,0.07482752489055003,-0.03388847357599989,Türkiye,0.5204900418691888
TWN,2015,0.049344727643999976,-0.05551656298000002,Taiwan,0.3211547159996076
TZA,2015,0.11608202319109998,-0.11304830628880036,Tanzania,0.4288979082625147
UGA,2015,0.09272288237641998,0.06147183788139987,Uganda,0.3154152445852819
UKR,2015,0.18083569450149997,0.16286505328,Ukraine,0.4050282561200562
URY,2015,0.01793297554191148,-0.030230517887128997,Uruguay,0.2422853451193031
USA,2015,0.014145046936624285,-0.014257137209435505,United States of America,0.1980238572797667
UZB,2015,0.1237860849221315,0.12403752343036167,Uzbekistan,0.1944039772857404
VEN,2015,0.24558531169443398,-0.2526653525600002,Venezuela,0.410235179046602
VNM,2015,0.13934859430582,0.15030109831553018,Vietnam,0.2778991610765214
YEM,2015,0.0660946732265565,0.06594571519400017,Yemen,0.2329028316277052
ZAF,2015,0.009681800308119994,-0.0013176880471199581,South Africa,0.278402630949333
ZMB,2015,0.06957032438034996,-0.07056675055479977,Zambia,0.3767322166872475
ZWE,2015,0.04376478189161601,-0.01637933040000039,Zimbabwe,0.3853749810465345
AFG,2016,0.07171103878315581,0.05628560856722409,Afghanistan,0.2254890073765966
ALB,2016,0.13818896250275997,-0.10949436638508003,Albania,0.3650628927136668
ARE,2016,0.11085804672427302,0.11260274698215378,United Arab Emirates,0.2098589283515373
ARG,2016,0.09311928327013448,0.08291178078402905,Argentina,0.3171566828099783
ARM,2016,0.051156551618987994,0.02505066573388004,Armenia,0.3742146836259621
AUS,2016,0.0014204718662160147,-0.001567855473456,Australia,0.2117686664764173
AZE,2016,0.027874078305771786,0.02792421677014234,Azerbaijan,0.1916594382301162
BDI,2016,0.13599017047446893,0.12218133736147019,Burundi,0.3080049795299688
BEL,2016,0.0022332813068832347,-0.0024267320876132006,Belgium,0.1851227824205698
BEN,2016,0.004605376115789686,-0.000731465381109464,Benin,0.2814924983316852
BFA,2016,0.006677482132851306,-0.0022465729905110088,Burkina Faso,0.2786076844543331
BGD,2016,0.021514954092837983,-0.01155485056879968,Bangladesh,0.3336540194353762
BGR,2016,0.23483571210600004,0.11037158403800018,Bulgaria,0.4475120979090217
BHR,2016,0.05456815613656302,-0.035213404847096896,Bahrain,0.2436162114152949
BIH,2016,0.11920156774978502,-0.10313539043777986,Bosnia and Herzegovina,0.3351918107158524
BLR,2016,0.014910276169518854,0.015299166131982567,Belarus,0.2238743314249619
BOL,2016,0.15488914375429996,0.09343968000160019,Bolivia,0.5704800357106053
BRA,2016,0.014529830418131641,0.00551576117572361,Brazil,0.3037896113682767
BTN,2016,0.33749010575,0.45629688870000007,Bhutan,0.5728968819134226
BWA,2016,0.33537870521700003,0.13511424136100003,Botswana,0.4395276251584775
CAF,2016,0.2183172780659215,0.2121086767929401,Central African Republic,0.2257028182834351
CAN,2016,0.0017941425260616743,-0.0021681703008099,Canada,0.2134509040009783
CHE,2016,0.0007039115550336631,-0.0027931704919061198,Switzerland,0.2275600673727113
CHL,2016,0.14077403634321448,0.139469083713319,Chile,0.2939843792695855
CIV,2016,0.06752011476413501,-0.06498903496908026,Ivory Coast,0.3320187616662332
CMR,2016,0.02364314339945067,0.0001875296699203055,Cameroon,0.3051284611702085
COD,2016,0.0497421929090341,0.006114496408360148,Democratic Republic of the Congo,0.2496005240596349
COL,2016,0.012138708585742846,0.0055316522931012635,Colombia,0.3097811145447475
CRI,2016,0.3058138907826769,-0.3065216853608418,Costa Rica,0.3008030832580788
CYP,2016,0.2622050227719,0.24603135165619994,Cyprus,0.3269445236302441
DEU,2016,0.00250550303018298,-0.0025489773350491195,Germany,0.1604207676335269
DJI,2016,0.21927799668944703,0.21076325807400043,Djibouti,0.3242095781060077
DNK,2016,0.00018820640578040316,-0.00022626647161016,Denmark,0.1757129134440812
ECU,2016,0.15146412855625002,0.06259454245800011,Ecuador,0.5769944515331092
EGY,2016,0.096997813306288,-0.06825140300548016,Egypt,0.2834636440940684
ESP,2016,0.029283537867447085,-0.029955045174552296,Spain,0.234057701020752
ETH,2016,0.12382324076908001,-0.12066590242999942,Ethiopia,0.4224990794810421
FIN,2016,0.0024154220330245653,-0.0025463567893843,Finland,0.1903049351334202
FJI,2016,0.07398060223,-0.018258420320000024,Fiji,0.7203330692754917
FRA,2016,0.02317032161371152,-0.024530968743399006,France,0.2240211781046151
GAB,2016,0.05504703072774999,0.05457914886919979,Gabon,0.2228313454982802
GBR,2016,0.0020079415676309653,-0.0024446758955360003,United Kingdom,0.215679406463626
GEO,2016,0.11275367024454999,-0.004232147241000073,Georgia,0.4041327669704679
GHA,2016,0.005996633562649247,-0.0034907422726038195,Ghana,0.2704612855472689
GIN,2016,0.0636011431591485,0.0448766557682001,Guinea,0.2648449179972054
GMB,2016,0.18174672151987503,0.15107151515999995,The Gambia,0.3871784279596286
GNB,2016,0.14876053771361,0.14490795896320052,Guinea-Bissau,0.2579274630342749
GNQ,2016,0.06269050214599935,-0.03456009858200204,Equatorial Guinea,0.264108280338063
GRC,2016,0.235060140594115,-0.23997643520918996,Greece,0.2973571226887705
GTM,2016,0.03883404928319105,-0.0371379452061491,Guatemala,0.2593374311417159
GUY,2016,0.13173915438060999,-0.09001664396087983,Guyana,0.4007003194364359
HRV,2016,0.25903201512199997,0.20993527270400003,Croatia,0.3985660804975489
HTI,2016,0.12198966244260147,-0.12118927106613109,Haiti,0.250673042320428
HUN,2016,0.4096781316000001,-0.03364580780000015,Hungary,0.6226143420689012
IDN,2016,0.019174144917644503,-0.01560073316585564,Indonesia,0.2667768348867014
IND,2016,0.16975680656754993,-0.14575741327539982,India,0.3984344026446025
IRL,2016,0.0032471722111825077,-0.0036573847241149994,Ireland,0.2199568858122643
IRN,2016,0.19434359898959996,-0.10786053202240042,Iran,0.3766962570352591
IRQ,2016,0.05255559461391999,0.04782930933035989,Iraq,0.2001113988183261
ISL,2016,0.005740697047023474,-0.007336789175680999,Iceland,0.2585762078705665
ISR,2016,0.056306585562465046,-0.07114244824039001,Israel,0.2955663586226455
ITA,2016,0.0037990582719748577,-0.0039811493011091,Italy,0.2041781701135546
JAM,2016,0.089210918488505,0.05972971756065004,Jamaica,0.3372225836978257
JOR,2016,0.10029163214799999,-0.07078959076000002,Jordan,0.5708898902448467
JPN,2016,0.011599254922572511,-0.013167984172135001,Japan,0.2674981489895084
KAZ,2016,0.26216336437322496,-0.10491699344209993,Kazakhstan,0.3539292298603366
KEN,2016,0.011958653213487507,-0.0098622503480299,Kenya,0.2592078263719753
KGZ,2016,0.14238269004934997,0.12299026039240002,Kyrgyzstan,0.3921591193051659
KHM,2016,0.07072851828077997,-0.06822464800000017,Cambodia,0.3676940618564295
KOR,2016,0.4428109541803501,0.3947507518779001,South Korea,0.377233060989872
LAO,2016,0.05088513422895645,0.05097976820714001,Laos,0.1666642601940077
LBN,2016,0.07037540442453502,-0.0413244815562801,Lebanon,0.2989101487237927
LBR,2016,0.013632334929658492,-0.01220433865554793,Liberia,0.2374391325227233
LKA,2016,0.0980322299991725,-0.0882949421283803,Sri Lanka,0.3538469078842364
LSO,2016,0.226048298275,-0.199209047184,Lesotho,0.4039681433445647
LTU,2016,0.057646431158654976,-0.061580366851029994,Lithuania,0.293687014087358
LUX,2016,0.0003692548251102437,-0.0006122100597814999,Luxembourg,0.2007524861597284
LVA,2016,0.032971606266745036,-0.03624585421466999,Latvia,0.294721650299084
MAR,2016,0.06448241235985001,-0.01623202709199978,Morocco,0.472173000503801
MDA,2016,0.03342001001595004,0.03540315645939973,Moldova,0.3933601706345976
MDV,2016,0.10259319825897002,-0.08714683002000001,Maldives,0.4615029420604555
MEX,2016,0.07498742592518802,-0.06873111025280387,Mexico,0.3150305389238852
MKD,2016,0.09204194196274998,0.038453094417199685,North Macedonia,0.5934073347652663
MLI,2016,0.019855870390157713,-0.01950071745114168,Mali,0.2051489004775576
MMR,2016,0.07124732407730001,-0.05305310100000016,Burma/Myanmar,0.449485555312305
MNG,2016,0.04239869595999352,-0.018638935490727926,Mongolia,0.3371991852378967
MOZ,2016,0.11584614844327001,0.1047206084058403,Mozambique,0.3163954718527094
MUS,2016,0.12557716684523001,0.040982269483560096,Mauritius,0.3776617451799074
MWI,2016,0.03870833671589974,-0.036600907726258125,Malawi,0.2592439824709254
MYS,2016,0.062145172740500014,-0.046065292219999776,Malaysia,0.6337065856035484
NAM,2016,0.07781113405174502,-0.04750540229846001,Namibia,0.3851536142564012
NER,2016,0.011242623873283382,-0.008450531101806824,Niger,0.3050939610221989
NGA,2016,0.011259850416627424,-0.010794571857399182,Nigeria,0.2033571071363789
NIC,2016,0.21929468013713,-0.20853806532399943,Nicaragua,0.4508452453654439
NLD,2016,0.00029578195879328544,-0.00050423546919568,Netherlands,0.1643702572013376
NOR,2016,0.00036197991372212976,-0.0004509453012446,Norway,0.1850038985664401
NPL,2016,0.04773772315477298,-0.029173038784984007,Nepal,0.3373906570399506
NZL,2016,0.0010030456040490176,-0.0015475539040239999,New Zealand,0.2055293173327629
PAK,2016,0.058972089623650026,0.0576022139978003,Pakistan,0.2654516630279848
PHL,2016,0.07389319297703002,-0.0683370727372401,Philippines,0.2690341027821582
PNG,2016,0.08102929219250996,-0.06932421337527983,Papua New Guinea,0.2823328576745942
POL,2016,0.20716787845950002,0.12486231955299987,Poland,0.3749674832214787
PRK,2016,0.004898955291389177,0.0048995958206536905,North Korea,0.1155716672914716
PRT,2016,0.18350785149016396,-0.184181046149854,Portugal,0.2413706484112014
PRY,2016,0.06929003479570339,-0.0668221882506772,Paraguay,0.2726000779657993
ROU,2016,0.12256039524373,0.10597053321511996,Romania,0.3281142381164385
RUS,2016,0.30686059200500004,-0.12613307021300013,Russia,0.3710076773758818
RWA,2016,0.26980362357841303,-0.1937178413099998,Rwanda,0.335583108723492
SDN,2016,0.13420296859328804,0.1297994642047997,Sudan,0.2633880033170557
SEN,2016,0.01352716880864824,-0.004368921257986047,Senegal,0.3288456051285581
SLE,2016,0.0596749926900885,-0.05910642559468826,Sierra Leone,0.2376654595226521
SOM,2016,0.024963241109029522,-0.02346200724664005,Somalia,0.2465098461555084
SRB,2016,0.12715228805,0.09820142440199997,Serbia,0.5721566078086728
SWE,2016,0.0007595669513631409,-0.0008116519848204699,Sweden,0.169706750429167
SWZ,2016,0.10727161882849849,-0.08953511035658979,Eswatini,0.3038541842910035
SYC,2016,0.157283135619,-0.062145048611999876,Seychelles,0.5773096378292084
SYR,2016,0.024599657482361828,0.025328922273398113,Syria,0.1725784586199465
TCD,2016,0.03266278800480819,-0.0039867660616002,Chad,0.2607613902143078
TGO,2016,0.12145826794125503,0.11844876335596011,Togo,0.2505125743301516
THA,2016,0.10202250553060001,-0.019364862386000326,Thailand,0.3447114857705768
TJK,2016,0.059400820313155744,-0.0445802549555836,Tajikistan,0.2603003582921781
TKM,2016,0.034725852283921485,0.03473127748040383,Turkmenistan,0.1544425204536824
TTO,2016,0.09869711358365,-0.11550064485054998,Trinidad and Tobago,0.3342788315955805
TUN,2016,0.04926087080645998,0.008806760156719884,Tunisia,0.3500857612882187
TUR,2016,0.10395147420833002,-0.12732187102999948,Türkiye,0.4298030865945633
TWN,2016,0.21025878623102998,-0.21304403649878004,Taiwan,0.2949291857582182
TZA,2016,0.05604763232099995,0.03347173145199989,Tanzania,0.564279860179382
UGA,2016,0.07407285505918147,0.03445093825639978,Uganda,0.3260509582557644
UKR,2016,0.17606443269729996,0.15662800311559977,Ukraine,0.4203494981870452
URY,2016,0.015411830290089005,-0.025178111033394,Uruguay,0.237139707089997
USA,2016,0.0010606114912044976,-0.0012493336118069992,United States of America,0.2101436433385801
UZB,2016,0.15769648549544152,0.1582516307126136,Uzbekistan,0.2078658205213481
VEN,2016,0.32600237669410903,-0.3277854838899996,Venezuela,0.4160531939709992
VNM,2016,0.13746326055679997,0.14916972625039993,Vietnam,0.2900572796500187
YEM,2016,0.1072212758892135,0.10686700771830004,Yemen,0.2207988993977878
ZAF,2016,0.009436645361813798,-0.0011485290873676224,South Africa,0.2813596612813128
ZMB,2016,0.09091387687505001,0.06839630383399986,Zambia,0.4463962514251706
ZWE,2016,0.04589421506264502,-0.022669487547999356,Zimbabwe,0.382234442079935
AFG,2017,0.07135206822332778,0.05569117686649605,Afghanistan,0.2280148556601581
ALB,2017,0.105486981291335,-0.08841741285838012,Albania,0.3596456727861699
ARE,2017,0.1107245936219591,0.11207679150148175,United Arab Emirates,0.203675972988318
ARG,2017,0.089039961641543,0.07885412909182099,Argentina,0.3182207588090049
ARM,2017,0.072794135094275,0.04890811136572015,Armenia,0.3847055595422709
AUS,2017,0.0012671411375621425,-0.0014690930085429,Australia,0.2211996125679231
AZE,2017,0.11286253470142704,-0.05960104076310957,Azerbaijan,0.2872879907652896
BDI,2017,0.11330645928267995,0.09391529332073034,Burundi,0.3091936551750918
BEL,2017,0.001965222070572873,-0.0021642928137202205,Belgium,0.1855416639151376
BEN,2017,0.00883413598824696,-0.0005321644747628973,Benin,0.3037609490024007
BFA,2017,0.006347557479650171,-0.0019462294578913575,Burkina Faso,0.2783829358553645
BGD,2017,0.023290833614158506,-0.014578232308799954,Bangladesh,0.3351402949699124
BGR,2017,0.2106639137985,-0.014266509459999854,Bulgaria,0.4437360038441453
BHR,2017,0.05392470211565352,-0.0386305325221068,Bahrain,0.2410447368786067
BIH,2017,0.11092406914234501,-0.09004172112025999,Bosnia and Herzegovina,0.339516474144966
BLR,2017,0.013243242759611418,0.013714335528291155,Belarus,0.2291901053103807
BOL,2017,0.14653165496005002,0.10136977367760047,Bolivia,0.5299521032874444
BRA,2017,0.016115044528366006,0.0057173051611321135,Brazil,0.3103348523454879
BTN,2017,0.33019701115000005,0.41531708030000036,Bhutan,0.5619789271141229
BWA,2017,0.36286671060099995,0.1250496316120001,Botswana,0.4539916570956058
CAF,2017,0.22257771189801348,0.21644892648836023,Central African Republic,0.2293241613233336
CAN,2017,0.0015881869414725144,-0.001929086375035,Canada,0.2159404906658942
CHE,2017,0.0004394338983486298,-0.0017212792290752202,Switzerland,0.2262015311378973
CHL,2017,0.10300215583764655,0.1019945060598082,Chile,0.2875082300267095
CIV,2017,0.04862045946474998,-0.04663543347799992,Ivory Coast,0.3558487216827297
CMR,2017,0.02533369279607956,-0.00784801691440018,Cameroon,0.3205115964605817
COD,2017,0.0475855897176276,-0.006017681588399881,Democratic Republic of the Congo,0.2598116176198658
COL,2017,0.010837049737715487,0.004286531551359829,Colombia,0.3181998966429991
CRI,2017,0.37699322109477507,-0.37771967479927,Costa Rica,0.2974531814180682
CYP,2017,0.267143075805415,0.2477671071320101,Cyprus,0.3376220073776432
DEU,2017,0.0023686630114111754,-0.0024218524232609002,Germany,0.1645951303519345
DJI,2017,0.191997842580718,0.1790893282699999,Djibouti,0.3305060668881965
DNK,2017,0.00019127058612707846,-0.00022873757172933002,Denmark,0.1873749999907229
ECU,2017,0.045495934318100034,-0.034991720250799885,Ecuador,0.473756338013105
EGY,2017,0.11249633211721798,-0.08626669250792052,Egypt,0.2814982674924136
ESP,2017,0.02917826466851051,-0.029908769540623006,Spain,0.2364031399988288
ETH,2017,0.12063115389728506,-0.11604425882999969,Ethiopia,0.4310336041579798
FIN,2017,0.00249547864847736,-0.0026291548715331,Finland,0.1932184958051213
FJI,2017,0.06476337494699998,-0.001015006900000115,Fiji,0.7293448475395253
FRA,2017,0.025303073232185006,-0.02671570839521,France,0.2217734811336448
GAB,2017,0.0689409662225285,0.06839946144329168,Gabon,0.2115755875508041
GBR,2017,0.002312555206962668,-0.0027246961509462,United Kingdom,0.2163858483149311
GEO,2017,0.09690041608227502,-0.005804123874900036,Georgia,0.4043619011478463
GHA,2017,0.004812468025022135,-0.0019074965730263571,Ghana,0.275968783928513
GIN,2017,0.0639609989380175,0.04380624099132002,Guinea,0.2692861464492321
GMB,2017,0.10483405082823499,-0.07762167597587988,The Gambia,0.383381616268917
GNB,2017,0.15376352524279302,0.14935222675629634,Guinea-Bissau,0.2640875168979071
GNQ,2017,0.07477046553762395,-0.05448501998680877,Equatorial Guinea,0.2596738390082065
GRC,2017,0.23968765896147998,-0.24495354905338004,Greece,0.3000870075018551
GTM,2017,0.03709000143736374,-0.035111945450769566,Guatemala,0.259933367324523
GUY,2017,0.13372158397972497,-0.0842634482914999,Guyana,0.3941905683520527
HRV,2017,0.22924577645650004,0.18713579669699998,Croatia,0.3941190827123864
HTI,2017,0.08349872653280122,-0.0828544870203698,Haiti,0.2573651246539621
HUN,2017,0.46245893915,-0.2488121712,Hungary,0.6247031801031087
IDN,2017,0.02773268239012649,-0.023407710231271972,Indonesia,0.2724838597868763
IND,2017,0.12345401377480002,-0.10655649760340036,India,0.4195562897373043
IRL,2017,0.002243820075793985,-0.0025737856095799996,Ireland,0.221109078998978
IRN,2017,0.14993683210741,-0.057346640261000115,Iran,0.3861439500303251
IRQ,2017,0.05002244848842247,0.0443017095828,Iraq,0.2193977095312894
ISL,2017,0.004413024043088122,-0.005471761774728899,Iceland,0.2503726203370009
ISR,2017,0.04864405956973002,-0.06450463045008,Israel,0.3023323326612873
ITA,2017,0.00460410209586337,-0.0048117482096603995,Italy,0.2073745365286865
JAM,2017,0.021610858814105034,-0.005722434951960009,Jamaica,0.3266013093170543
JOR,2017,0.09479570591000003,-0.06178328455999993,Jordan,0.6174159146007498
JPN,2017,0.012066040808033527,-0.013677920142401,Japan,0.2706130377067864
KAZ,2017,0.302252764517655,-0.2185850391936004,Kazakhstan,0.3369474228835611
KEN,2017,0.01437134288402108,-0.012712346126489082,Kenya,0.2548954766462126
KGZ,2017,0.13534095601839996,0.11525490374959957,Kyrgyzstan,0.3775630322422111
KHM,2017,0.004406579911085002,-0.002617752799999984,Cambodia,0.3537682418876482
KOR,2017,0.16400574516990996,0.15924880169683986,South Korea,0.3001702510677105
LAO,2017,0.0609072489156062,0.061065710752834956,Laos,0.1729361657778289
LBN,2017,0.01606083004204998,0.00972270592360025,Lebanon,0.308693804319267
LBR,2017,0.010847490979055834,-0.009562289452066386,Liberia,0.2373629256844843
LKA,2017,0.11254964395987749,-0.10354953114102017,Sri Lanka,0.3545323788448632
LSO,2017,0.25732522136685,-0.21681446036880003,Lesotho,0.4130502736045443
LTU,2017,0.05141923274142501,-0.055515484818450006,Lithuania,0.297935137810363
LUX,2017,0.0003501486667847253,-0.0006016715278085,Luxembourg,0.2009942730672823
LVA,2017,0.06303564155494999,-0.0662216716366,Latvia,0.3103358176001454
MAR,2017,0.06418308782569997,-0.022017444300000077,Morocco,0.5018945014301703
MDA,2017,0.14079894949185,0.13978747553719972,Moldova,0.454745591330128
MDV,2017,0.079324774437145,-0.06530227081999973,Maldives,0.4579112492432404
MEX,2017,0.06917668481152804,-0.06234036407892396,Mexico,0.3160973175160837
MKD,2017,0.045330155247750005,0.05146318905799996,North Macedonia,0.4662855814618968
MLI,2017,0.02640567323246502,-0.026060499391449943,Mali,0.2062589980200484
MMR,2017,0.06268965896335002,-0.04461466875999953,Burma/Myanmar,0.4590120361152585
MNG,2017,0.052193117559524015,-0.02865288566676205,Mongolia,0.3359757393081783
MOZ,2017,0.15279848837179996,0.13177439101120014,Mozambique,0.3385657793759855
MUS,2017,0.13558376759437002,0.04111934008813989,Mauritius,0.3815733658341804
MWI,2017,0.033962299924549647,-0.03125907126635785,Malawi,0.2691120372351849
MYS,2017,0.06507730433799999,-0.04780977702000033,Malaysia,0.6442149726934304
NAM,2017,0.08816004854675998,-0.05424406097778012,Namibia,0.391469473409534
NER,2017,0.018816210906210006,-0.01541961529551994,Niger,0.3102110694765361
NGA,2017,0.011536897281015548,-0.011056201642368313,Nigeria,0.2069873266260909
NIC,2017,0.32502700066012996,-0.3194646415539997,Nicaragua,0.4379130219633184
NLD,2017,0.0003645068904988039,-0.00059016690193562,Netherlands,0.1681271194565241
NOR,2017,0.00036396052267010243,-0.00045814084552448,Norway,0.1880097127743792
NPL,2017,0.03111939789311549,-0.016243620657944158,Nepal,0.3282581725932526
NZL,2017,0.0011070188596685206,-0.0017137836395309997,New Zealand,0.2130579652149305
PAK,2017,0.042604491526489985,0.04085248213191983,Pakistan,0.2654030549655932
PHL,2017,0.11040268830401002,-0.1041642467216799,Philippines,0.2777505163097321
PNG,2017,0.11937056336862997,-0.10920884119103969,Papua New Guinea,0.2790120687619641
POL,2017,0.2577951209419999,0.1188929136739999,Poland,0.4243446504659423
PRK,2017,0.004521085917090509,0.004521555868491678,North Korea,0.1181455383731353
PRT,2017,0.13592512965992554,-0.13641425978924304,Portugal,0.23836105153505
PRY,2017,0.0667332825511636,-0.06464198762720907,Paraguay,0.2726935152325474
ROU,2017,0.09767567554146502,0.0002987047878801885,Romania,0.3909463068461254
RUS,2017,0.27917654075667,-0.14837349361300056,Russia,0.3750675248658409
RWA,2017,0.280788076811398,-0.22611601153159988,Rwanda,0.3246674569018212
SDN,2017,0.1764194124175177,0.17313672407100045,Sudan,0.2919168873234536
SEN,2017,0.01550836724727553,-0.007166551505053853,Senegal,0.3375603669402101
SLE,2017,0.047831445396546726,-0.04702702760467359,Sierra Leone,0.239924504810813
SOM,2017,0.025485616106500002,-0.023506400764799817,Somalia,0.2609375068686778
SRB,2017,0.10707593039125,0.045913041188000214,Serbia,0.651604708570015
SWE,2017,0.0007058849889473854,-0.00075895885747928,Sweden,0.1729043304553869
SWZ,2017,0.12480901315598997,-0.10841678064612026,Eswatini,0.3026570580290434
SYC,2017,0.18711944714500003,-0.03165923465999998,Seychelles,0.5882739279385899
SYR,2017,0.011291346665757285,0.012043481372963072,Syria,0.1762403418592245
TCD,2017,0.03981184512397369,-0.015385657058440305,Chad,0.2765876756493869
TGO,2017,0.18390431442739005,0.17820783445776023,Togo,0.260303948103953
THA,2017,0.12857729564244993,-0.07515768719460025,Thailand,0.3201267770481479
TJK,2017,0.06076749244434828,-0.04515673607940007,Tajikistan,0.2604966833169378
TKM,2017,0.046768274684368207,0.04677718079771598,Turkmenistan,0.1598094367792649
TTO,2017,0.12086790732892498,-0.13824118141127995,Trinidad and Tobago,0.3344956548632078
TUN,2017,0.05253787728466502,0.01250785947258004,Tunisia,0.3485308715584551
TUR,2017,0.23418011465996996,-0.023247611184999517,Türkiye,0.3647535104512701
TWN,2017,0.27292957575970006,-0.27559566560670007,Taiwan,0.2817037973858294
TZA,2017,0.09097960129849998,0.057475991372000435,Tanzania,0.617129059911597
UGA,2017,0.07584512445062999,0.024844872654800065,Uganda,0.3415419346650605
UKR,2017,0.19650959388665004,0.1812847163268001,Ukraine,0.4211945276770348
URY,2017,0.015398368549985036,-0.02574953317693,Uruguay,0.2432259588385317
USA,2017,0.055825393039525016,0.05474082771525002,United States of America,0.240288462225635
UZB,2017,0.007494457475136981,-0.0028509830867227137,Uzbekistan,0.251279698245298
VEN,2017,0.26848826431082595,-0.27508809232700004,Venezuela,0.3849232312258557
VNM,2017,0.12583992837914995,0.1342851524286397,Vietnam,0.2836819143493227
YEM,2017,0.09985038598748701,0.0996013541103995,Yemen,0.2192256533567101
ZAF,2017,0.010760386027601288,-0.0027853821432366477,South Africa,0.2863764392500021
ZMB,2017,0.13851323103450003,0.11619344333080006,Zambia,0.3729860620764859
ZWE,2017,0.049759899206155034,-0.020716752953600093,Zimbabwe,0.380866423731991
AFG,2018,0.08876140397165622,0.07540223813572022,Afghanistan,0.2227039263623221
ALB,2018,0.11731266318317501,-0.0972383785983999,Albania,0.3697858800362331
ARE,2018,0.1170942566561665,0.11866395185073753,United Arab Emirates,0.2042158359660698
ARG,2018,0.07888050913317202,0.07076536528004407,Argentina,0.3202264203157461
ARM,2018,0.08258841951846498,-0.049949729880719884,Armenia,0.3780322828674211
AUS,2018,0.0013910480983942459,-0.0016300270431654999,Australia,0.2255020703530189
AZE,2018,0.0816792900716393,-0.04408454708311993,Azerbaijan,0.2586583600607147
BDI,2018,0.08520238134606456,0.060956089291149596,Burundi,0.3004375382650062
BEL,2018,0.0021294529181645444,-0.0023248537825553,Belgium,0.186893603865048
BEN,2018,0.03728710342643101,-0.02691029322404792,Benin,0.3413500539261473
BFA,2018,0.01043369835978831,-0.0037968299445869658,Burkina Faso,0.2933454753297907
BGD,2018,0.026848732862319955,-0.019990517998000445,Bangladesh,0.332441884842403
BGR,2018,0.21940578767070004,-0.018445351525600007,Bulgaria,0.4517652966596737
BHR,2018,0.011701398196990976,0.01881028597837009,Bahrain,0.2372816995135624
BIH,2018,0.11956629884076002,-0.10436818411908,Bosnia and Herzegovina,0.3423831043223035
BLR,2018,0.021795179625364196,0.02249666051912902,Belarus,0.2267122925942901
BOL,2018,0.14621772532935,0.10010617336079997,Bolivia,0.526733487100708
BRA,2018,0.01918826960628969,-0.0008867716358675892,Brazil,0.3135964554288297
BTN,2018,0.3273242276,0.4019572658999999,Bhutan,0.5571458099714999
BWA,2018,0.38840801271915,0.20148133142079994,Botswana,0.4420418781932457
CAF,2018,0.26220220589600657,0.2574203498856802,Central African Republic,0.2172628263609168
CAN,2018,0.0016323539868832566,-0.0019742556404195007,Canada,0.2158247528952707
CHE,2018,0.0007553111010500486,-0.0029934815657499197,Switzerland,0.2155672835858293
CHL,2018,0.12647726767856401,0.124624742022438,Chile,0.2987554923638961
CIV,2018,0.03869978511742502,0.035289600180600234,Ivory Coast,0.3452256467509694
CMR,2018,0.020249814194306482,-0.006027090649199707,Cameroon,0.3116142714012208
COD,2018,0.04830319843401165,0.00406036482519978,Democratic Republic of the Congo,0.2447487883259959
COL,2018,0.01973322162313549,0.01032594784920593,Colombia,0.3367772541116218
CRI,2018,0.26988988532596697,-0.270774125354072,Costa Rica,0.307129933089644
CYP,2018,0.27180836642125006,0.25256460239010003,Cyprus,0.331766902803136
DEU,2018,0.00232268532865331,-0.0023820744156188003,Germany,0.1669464231604095
DJI,2018,0.22636694944453456,0.22042338650000026,Djibouti,0.3366660610149343
DNK,2018,0.00018495893420552773,-0.00022606529610415,Denmark,0.1813565526098603
ECU,2018,0.06979663137965002,-0.031644323318199996,Ecuador,0.4094193654170651
EGY,2018,0.13144033046867448,-0.10739468275982933,Egypt,0.2791555976121769
ESP,2018,0.024447513631127907,-0.025016389759183397,Spain,0.2299155410762225
ETH,2018,0.05283406828236304,-0.039874797851999766,Ethiopia,0.4741247279301347
FIN,2018,0.002668389735706448,-0.00277504267861958,Finland,0.187718359721462
FJI,2018,0.05412663374699995,-0.0018732323160002284,Fiji,0.7315150653689152
FRA,2018,0.024537068541051508,-0.026043848066908997,France,0.2274930260966998
GAB,2018,0.13855787989400495,0.13729666205155966,Gabon,0.2393162031871337
GBR,2018,0.0023385847683153687,-0.0027774104185921003,United Kingdom,0.2172095949802706
GEO,2018,0.08142986984144997,-0.022839611514600122,Georgia,0.3966424479466876
GHA,2018,0.0049949852683465,-0.002033675473952501,Ghana,0.2771327144430027
GIN,2018,0.06615257249633053,0.04899402299756006,Guinea,0.2615419784044223
GMB,2018,0.062473299416279965,-0.03061620865594028,The Gambia,0.3641242664791478
GNB,2018,0.17703818990508302,0.1744500464890959,Guinea-Bissau,0.2573269994049317
GNQ,2018,0.07791708535302752,-0.05926116809833859,Equatorial Guinea,0.2614858664164167
GRC,2018,0.223707501707825,-0.22966854051014998,Greece,0.3027542179907657
GTM,2018,0.04628043583748038,-0.04392719255124322,Guatemala,0.2697906657404675
GUY,2018,0.15429508304279296,-0.10149889360484421,Guyana,0.4101905608381269
HRV,2018,0.24860991713699993,0.19671770723399995,Croatia,0.4058431003505076
HTI,2018,0.0232060200003665,-0.022521241085748045,Haiti,0.2433150900901058
HUN,2018,0.48580253284999997,-0.5523056306000003,Hungary,0.649988265091197
IDN,2018,0.03791495832316797,-0.033585127590594066,Indonesia,0.2743080925156766
IND,2018,0.12846382747749996,-0.11421869330599965,India,0.4187219714615858
IRL,2018,0.0017127979976629749,-0.002008273316108,Ireland,0.2185659559320598
IRN,2018,0.17861795160564,-0.08566503187539976,Iran,0.3672557299732056
IRQ,2018,0.07211265158389003,0.0682584981527199,Iraq,0.2070311452922638
ISL,2018,0.004384865432030419,-0.0053958231169824004,Iceland,0.2462019151522641
ISR,2018,0.025176631270799995,-0.041214985069799995,Israel,0.3069139101859613
ITA,2018,0.005502536865140653,-0.0057214420764738995,Italy,0.2109253987706513
JAM,2018,0.06298839362736502,0.033501518548129994,Jamaica,0.3338053341015542
JOR,2018,0.0850033116275,-0.04540680005999986,Jordan,0.6453998390975628
JPN,2018,0.01118956734965698,-0.012783906795542001,Japan,0.2703726671999852
KAZ,2018,0.25665918818697003,-0.15585852941419986,Kazakhstan,0.3301486320109661
KEN,2018,0.023038921465021536,-0.020282615903671974,Kenya,0.2729239277228417
KGZ,2018,0.15679397860032507,0.14268627558260016,Kyrgyzstan,0.3667487708774525
KHM,2018,0.115778723416155,0.10745009155000007,Cambodia,0.3417698175760815
KOR,2018,0.053347190944914934,0.04848031143280995,South Korea,0.3020261777810034
LAO,2018,0.06134083425807106,0.061507170834388614,Laos,0.1738637887881103
LBN,2018,0.013710259262844934,0.015942784169239665,Lebanon,0.2878142963431176
LBR,2018,0.019810169085548883,-0.01853197978565113,Liberia,0.2300682574982566
LKA,2018,0.07542130207481201,-0.06779392076019608,Sri Lanka,0.3341005817681579
LSO,2018,0.18623079227258996,-0.15742842401371981,Lesotho,0.4101044672389936
LTU,2018,0.07007570786868002,-0.07371588952888,Lithuania,0.3031860964738156
LUX,2018,0.0003777771399009573,-0.000630895072461,Luxembourg,0.2026098240396296
LVA,2018,0.060718688190249975,-0.06337975759449997,Latvia,0.3007850943516337
MAR,2018,0.05993215257165,-0.015496647116000073,Morocco,0.4792244071202799
MDA,2018,0.11864775392839996,0.11585693725279977,Moldova,0.4478752154217069
MDV,2018,0.07129223889459502,-0.04844957340000011,Maldives,0.4671019094271721
MEX,2018,0.06596111392844949,-0.059498299693796275,Mexico,0.3184028285477732
MKD,2018,0.04834697430599995,0.04452837855199987,North Macedonia,0.5014395533016935
MLI,2018,0.027919585317338885,-0.027636061085470676,Mali,0.2020036743042506
MMR,2018,0.07209447398680002,-0.05307739352399965,Burma/Myanmar,0.5042974028495687
MNG,2018,0.05464317744591297,-0.03046573764710403,Mongolia,0.336064548685914
MOZ,2018,0.15529021446044003,0.1323067377162801,Mozambique,0.3461143565571515
MUS,2018,0.11788052009775002,0.03437272970210015,Mauritius,0.3867880178432566
MWI,2018,0.04224383506206304,-0.03968826745720366,Malawi,0.2616554268228055
MYS,2018,0.05109833481699998,0.039935901833999976,Malaysia,0.6398030245586203
NAM,2018,0.09878873759220003,-0.06483247033689987,Namibia,0.391110689164713
NER,2018,0.028196483427249522,-0.024342891887396245,Niger,0.3186999518507347
NGA,2018,0.01161481483999388,-0.011157689450075559,Nigeria,0.203172430424945
NIC,2018,0.052731941582219985,-0.07052441335130055,Nicaragua,0.3572546044514245
NLD,2018,0.0003035566648233031,-0.0004989979688597998,Netherlands,0.1645164873652809
NOR,2018,0.0003647253582071817,-0.00046849336019899005,Norway,0.1898504255005427
NPL,2018,0.05141437333797803,-0.028675746559854165,Nepal,0.3466092647922529
NZL,2018,0.00111391641870604,-0.001591711901966,New Zealand,0.212971589102793
PAK,2018,0.05319587239454998,0.0513453178365999,Pakistan,0.2715676012178822
PHL,2018,0.10914730957772001,-0.1043147115343599,Philippines,0.2792860061480003
PNG,2018,0.17962909558575002,-0.16738585820399976,Papua New Guinea,0.2772387801736719
POL,2018,0.2982059408675,0.08465263001500012,Poland,0.4450274408556551
PRK,2018,0.004846311499387976,0.004846701610694559,North Korea,0.1181606728231747
PRT,2018,0.1372037033001765,-0.13765223808312302,Portugal,0.239074035692503
PRY,2018,0.06186403739390463,-0.059440883239737285,Paraguay,0.2696007310142423
ROU,2018,0.262134740389,0.12866497526200016,Romania,0.4677047645326441
RUS,2018,0.2609649086479,-0.09173473481300043,Russia,0.376123331712968
RWA,2018,0.294329941950055,-0.2394657169087604,Rwanda,0.3285939600793707
SDN,2018,0.2003050322029785,0.19722483392649925,Sudan,0.2892310638198511
SEN,2018,0.019122912092887037,-0.009133132503596153,Senegal,0.3441275333348059
SLE,2018,0.02630386818443929,-0.025455416624954097,Sierra Leone,0.2463438344513578
SOM,2018,0.02429347104518502,-0.022674824281599726,Somalia,0.2581059932903234
SRB,2018,0.10359420177850004,0.024122920559999983,Serbia,0.7341989975267563
SWE,2018,0.0007555810995885297,-0.00081175485658021,Sweden,0.172792515485401
SWZ,2018,0.10263929336778897,-0.07665230690195424,Eswatini,0.3167623455013471
SYC,2018,0.17763262452149997,0.002125503627999903,Seychelles,0.5787150388768725
SYR,2018,0.028598428019541402,0.029279749295672453,Syria,0.1741004246946148
TCD,2018,0.04829345739545908,-0.023527028465080146,Chad,0.2702587083869257
TGO,2018,0.13913534051217502,0.12922373702024004,Togo,0.2794968934365894
THA,2018,0.12575768462848003,-0.056795204964000146,Thailand,0.3369586504073505
TJK,2018,0.03739352649357697,-0.0258130156607157,Tajikistan,0.2439858878321864
TKM,2018,0.04056872870264477,0.040576000038350823,Turkmenistan,0.1516153980915134
TTO,2018,0.10432313646708496,-0.12026916342437,Trinidad and Tobago,0.337084600145293
TUN,2018,0.039364714752332455,0.010558101322039826,Tunisia,0.3517948600889242
TUR,2018,0.22588893010845504,0.03391600487350077,Türkiye,0.3413063153661475
TWN,2018,0.02014504356035001,-0.0504824272557,Taiwan,0.2536531155290993
TZA,2018,0.1494926987095,0.09319598396799966,Tanzania,0.6662833470695742
UGA,2018,0.07329981229815195,0.02469746663479966,Uganda,0.3313681843451891
UKR,2018,0.1629808187448,0.14956545649559994,Ukraine,0.416963258196576
URY,2018,0.01740839401009897,-0.026154695539694,Uruguay,0.2431903017647342
USA,2018,0.06154330021501504,0.06026170546921,United States of America,0.2437139697190734
UZB,2018,0.03313260277539701,-0.02334821400942033,Uzbekistan,0.2602307478916054
VEN,2018,0.014054917264481874,-0.020480353662300388,Venezuela,0.3646539150359155
VNM,2018,0.12500621646834997,0.13484687348909974,Vietnam,0.2826598503824462
YEM,2018,0.13038380935975163,0.13018241807380004,Yemen,0.224446196111877
ZAF,2018,0.010387482214888819,-0.0020801800777903168,South Africa,0.29050084380157
ZMB,2018,0.17626979423997,0.16367503913584014,Zambia,0.339309839331796
ZWE,2018,0.039971899933724506,-0.005545000594399774,Zimbabwe,0.3556619746866176
AFG,2019,0.07970337149495177,0.06449676189102016,Afghanistan,0.2247806925342878
ALB,2019,0.10891329746716501,-0.09172391643002009,Albania,0.3684998255771962
ARE,2019,0.09414647192139744,0.09514356025803572,United Arab Emirates,0.1975290029473973
ARG,2019,0.066900719152362,0.05886553658295901,Argentina,0.3206482325020791
ARM,2019,0.0603802443569025,0.013924377851879943,Armenia,0.3642867862157444
AUS,2019,0.0013994199981112038,-0.0017606499171471997,Australia,0.233052299215838
AZE,2019,0.09004951016524222,-0.04109292158385536,Azerbaijan,0.2710814879478547
BDI,2019,0.11491345098742393,0.09448962335420052,Burundi,0.3157833281720312
BEL,2019,0.002256720257540455,-0.0024575368383787,Belgium,0.1863450957573011
BEN,2019,0.04341279790874995,-0.03844303354799994,Benin,0.3702480531696349
BFA,2019,0.013442766721008192,-0.005781633776395401,Burkina Faso,0.305647374213275
BGD,2019,0.038459800998435545,-0.03301810283800011,Bangladesh,0.3462469680140976
BGR,2019,0.18838087798849998,-0.02505546479599996,Bulgaria,0.4482927744808
BHR,2019,0.0413163674467765,-0.0214071561979865,Bahrain,0.2488203768177379
BIH,2019,0.12235525127907501,-0.10738057839159976,Bosnia and Herzegovina,0.3434666679136517
BLR,2019,0.01993672924760545,0.020541327909469054,Belarus,0.2254159093256826
BOL,2019,0.15976744319940003,0.03205028763080042,Bolivia,0.5140976750348417
BRA,2019,0.042685769216350526,-0.022719254719403947,Brazil,0.3378412720994922
BTN,2019,0.25920893385,0.23643001710000022,Bhutan,0.5305263424025365
BWA,2019,0.33560938314350003,0.11360604145699993,Botswana,0.4796939049514659
CAF,2019,0.20449726538361598,0.19664788014867174,Central African Republic,0.2206902388122205
CAN,2019,0.0018958790235647448,-0.0022742048692185003,Canada,0.2180924346128821
CHE,2019,0.0003461692724349699,-0.0013317585911295,Switzerland,0.2220735422840906
CHL,2019,0.08487548519906052,0.08285492481450296,Chile,0.3052348534605228
CIV,2019,0.19050818089495003,0.1841596444964002,Ivory Coast,0.3545940723147371
CMR,2019,0.023085544349738814,-0.0068860781589199505,Cameroon,0.3167019050027975
COD,2019,0.07675001685679048,0.05302974837754393,Democratic Republic of the Congo,0.2423037821837569
COL,2019,0.017896399417767783,0.0003734029437283404,Colombia,0.3303609597204917
CRI,2019,0.367125281070365,-0.36800102762574005,Costa Rica,0.2983407406589429
CYP,2019,0.2914758794588,0.2688352000341,Cyprus,0.3379899884212545
DEU,2019,0.0022088316123122153,-0.00226619771278035,Germany,0.1672382993275237
DJI,2019,0.19340443968883048,0.1860890034399998,Djibouti,0.3442319956586077
DNK,2019,0.00019313800759844537,-0.000236542867227628,Denmark,0.1834832712912629
ECU,2019,0.048613159269751544,-0.03399993516395172,Ecuador,0.3719335440610679
EGY,2019,0.19142279659585654,-0.17897609256671032,Egypt,0.2673316999269546
ESP,2019,0.028059353796418027,-0.028464588060498,Spain,0.222784245530835
ETH,2019,0.03422362238444999,0.011614588898400058,Ethiopia,0.41613927962295
FIN,2019,0.002418288405723308,-0.0025283595206217996,Finland,0.1890635773804675
FJI,2019,0.06337634504799998,-0.019729732504000008,Fiji,0.7371405223427032
FRA,2019,0.022072681057397004,-0.023629289579152002,France,0.2283167612206195
GAB,2019,0.21191977340981102,0.21058582161851214,Gabon,0.2367779483552369
GBR,2019,0.002477152851813778,-0.0029580607610625,United Kingdom,0.2187643796378662
GEO,2019,0.07106132721092,-0.025480793921360156,Georgia,0.4012160399301466
GHA,2019,0.00614513998590226,-0.0031295825875852223,Ghana,0.2853005336991637
GIN,2019,0.047017653275580516,0.018290379526839873,Guinea,0.2749298884208153
GMB,2019,0.05688324997404999,-0.03150843157640004,The Gambia,0.3631967596787964
GNB,2019,0.22182836538668502,0.21986765225388027,Guinea-Bissau,0.2560316554227748
GNQ,2019,0.0871831884104513,-0.0711624242491875,Equatorial Guinea,0.2649973573006137
GRC,2019,0.252746095353725,-0.25946826869145,Greece,0.3088387265219777
GTM,2019,0.04545745035810063,-0.04365319957100544,Guatemala,0.2685463215437355
GUY,2019,0.158557367779665,-0.11133264464431991,Guyana,0.4127454216518371
HRV,2019,0.26679063001949993,0.2100932617229999,Croatia,0.4150529666205815
HTI,2019,0.04089456022686435,0.039887143941525594,Haiti,0.2454476375821058
HUN,2019,0.44064064550000004,-0.4313468199999997,Hungary,0.6610679913285791
IDN,2019,0.041930494596666534,-0.038109038444231746,Indonesia,0.255410113113987
IND,2019,0.028286695692899985,-0.022958703456199547,India,0.4222460977453334
IRL,2019,0.001599451326859997,-0.0019393519969803001,Ireland,0.2209287504216418
IRN,2019,0.15702653706608,-0.05604360771719996,Iran,0.3642946281120015
IRQ,2019,0.07789543678487,0.07375988287031987,Iraq,0.2047973691533476
ISL,2019,0.00404483605508198,-0.005094082955172,Iceland,0.2468042794158827
ISR,2019,0.017140940007549968,-0.027736396899899984,Israel,0.3100617119180096
ITA,2019,0.004819445463993206,-0.005033514864529501,Italy,0.209517595400068
JAM,2019,0.05578537212685494,-0.06550936174346,Jamaica,0.3262773861411333
JOR,2019,0.08519064893200001,-0.04277721663999978,Jordan,0.6451175818393357
JPN,2019,0.009698685172379979,-0.011241308975080001,Japan,0.2664952352723812
KAZ,2019,0.25490602387728495,-0.08080477389699992,Kazakhstan,0.3610696250030955
KEN,2019,0.01962661253012603,-0.016960937373438068,Kenya,0.2888028124390509
KGZ,2019,0.146358298653,0.1269642156280002,Kyrgyzstan,0.3884990262039993
KHM,2019,0.11050128073331997,0.09937601056599998,Cambodia,0.3446982467713694
KOR,2019,0.00548708182467499,-0.00827517293795002,South Korea,0.3001247005897687
LAO,2019,0.06189207369781842,0.06212887530779598,Laos,0.1774229453370989
LBN,2019,0.016976410881919996,0.019941878862039575,Lebanon,0.2686779888214488
LBR,2019,0.020427823546641848,-0.01936014576963463,Liberia,0.2301439728043489
LKA,2019,0.12917908672980702,-0.12099655639345608,Sri Lanka,0.3670912734618959
LSO,2019,0.14487049528323495,-0.11094827459408019,Lesotho,0.3989111243639641
LTU,2019,0.05134257793321004,-0.05646413824286,Lithuania,0.29859635242348
LUX,2019,0.0003607581773556041,-0.0006088839426036,Luxembourg,0.1999174703610984
LVA,2019,0.06265298662424003,-0.06436756062924001,Latvia,0.2900679859971851
MAR,2019,0.06479780893179997,-0.025687606636000115,Morocco,0.5155282020602407
MDA,2019,0.045601317217750036,-0.029326219934000086,Moldova,0.4006144691796853
MDV,2019,0.043557160010800025,0.029712533437600053,Maldives,0.4717419811040425
MEX,2019,0.08447716702258203,-0.0753894751106563,Mexico,0.3345344146207966
MKD,2019,0.022248898383499995,-0.0034860558979996625,North Macedonia,0.4575432935584213
MLI,2019,0.0241298247185645,-0.023738550516715806,Mali,0.2141102710182736
MMR,2019,0.04973176606125,-0.0320398061139997,Burma/Myanmar,0.4988931869430541
MNG,2019,0.060557508372284984,-0.038189148025019826,Mongolia,0.3331811030997063
MOZ,2019,0.19771743459558494,0.18129489047659963,Mozambique,0.3271439355392284
MUS,2019,0.10658105282857502,-0.012611986093599814,Mauritius,0.400524917543989
MWI,2019,0.025857576014719507,-0.024755808759755915,Malawi,0.2378156263751258
MYS,2019,0.05083374129000002,0.05440780880000018,Malaysia,0.5980364865037642
NAM,2019,0.11118657932020501,-0.09879124156663965,Namibia,0.3722855708295329
NER,2019,0.02240844745014552,-0.01898862784676414,Niger,0.3079848296446311
NGA,2019,0.017546069666751322,-0.017129216862830754,Nigeria,0.2023863986430711
NIC,2019,0.03611418827188002,-0.021461798950999977,Nicaragua,0.3453065779792754
NLD,2019,0.0009348110767990175,-0.00121675278070412,Netherlands,0.1863653411058203
NOR,2019,0.0003928730667829077,-0.0005333123225734002,Norway,0.1938270209968377
NPL,2019,0.07233618880307649,-0.05375371417651209,Nepal,0.3591652713608137
NZL,2019,0.0011713947447174822,-0.001628770822005,New Zealand,0.2160368175682269
PAK,2019,0.046415164922454955,0.04348179504355998,Pakistan,0.2723120249066199
PHL,2019,0.085704669326215,-0.08126874464971978,Philippines,0.2796509339176042
PNG,2019,0.2175703827222701,-0.20393442794336014,Papua New Guinea,0.2780237368632667
POL,2019,0.27502069783,0.039550480610000216,Poland,0.4796288423480805
PRK,2019,0.004361566597394703,0.004362194886404769,North Korea,0.1171139469334704
PRT,2019,0.13336147783843655,-0.134038025367619,Portugal,0.245753406539121
PRY,2019,0.06632606728342275,-0.06361033043238185,Paraguay,0.2757800677130045
ROU,2019,0.26571250979199995,0.19267491420399996,Romania,0.4456948060759947
RUS,2019,0.27140620824303496,-0.1156759277249999,Russia,0.3715564612060987
RWA,2019,0.33120322518500006,-0.2923038637870494,Rwanda,0.3285393351757638
SDN,2019,0.08487645386755903,-0.08363732099599952,Sudan,0.2800000969184922
SEN,2019,0.01763512521828952,-0.008977025902386027,Senegal,0.3523762980353413
SLE,2019,0.027694617901114466,-0.02657516957421624,Sierra Leone,0.2589280100744284
SOM,2019,0.024303961099229995,-0.02257474112159974,Somalia,0.2633700061441026
SRB,2019,0.10636936759550002,0.025398314120000043,Serbia,0.7550809953604662
SWE,2019,0.0006229962803623206,-0.00068017484186104,Sweden,0.1734723086031256
SWZ,2019,0.09828998193731925,-0.07311994313301406,Eswatini,0.3161343605688478
SYC,2019,0.15345874070699997,0.025251737043999745,Seychelles,0.5748447881229175
SYR,2019,0.009063891949134756,0.009887035324893656,Syria,0.1804086476321771
TCD,2019,0.04590389931677397,-0.018065540261800184,Chad,0.2777599492989601
TGO,2019,0.13354524518895,0.12408409141364007,Togo,0.2897361718597244
THA,2019,0.08371034830919996,-0.10851605369999984,Thailand,0.4466295975870632
TJK,2019,0.028717481734257207,-0.0184585752312576,Tajikistan,0.2429008033652041
TKM,2019,0.05435455964672128,0.05436934901145207,Turkmenistan,0.1591751329701451
TTO,2019,0.13273808265864995,-0.14654958435574997,Trinidad and Tobago,0.3309781460752511
TUN,2019,0.03198222656897998,0.009804403125559968,Tunisia,0.3550450740589196
TUR,2019,0.198095161792895,0.0631925171219998,Türkiye,0.357563793843809
TWN,2019,0.09823460678033001,-0.10361358624668,Taiwan,0.3139202119825752
TZA,2019,0.164460999419,0.10795243402400034,Tanzania,0.6772792912756581
UGA,2019,0.06897232915519,0.01923801626360011,Uganda,0.3388285141234263
UKR,2019,0.07038366284010002,0.06755566770920018,Ukraine,0.4066065346691317
URY,2019,0.015435352420074998,-0.029704490035999998,Uruguay,0.2347699214044526
USA,2019,0.05539603104936298,0.05432811342732199,United States of America,0.2409434822807151
UZB,2019,0.14348817022118,-0.11989140663034936,Uzbekistan,0.2844325846574443
VEN,2019,0.09484001810608664,-0.10512757033399955,Venezuela,0.36957057220852
VNM,2019,0.13362190716508496,0.1440352276391299,Vietnam,0.2878813166404251
YEM,2019,0.10840295011919553,0.10822057802960039,Yemen,0.2217631671521577
ZAF,2019,0.012932927504944888,-0.002777583091708724,South Africa,0.3050969070840273
ZMB,2019,0.20652347157978,0.19495230187175983,Zambia,0.3481712074075541
ZWE,2019,0.045047735496729524,-0.021897668310000284,Zimbabwe,0.3695691613541441
AFG,2020,0.06826288508218195,0.052995893308179776,Afghanistan,0.2222629367942087
ALB,2020,0.130576932921515,-0.10621270375212011,Albania,0.3823117664365948
ARE,2020,0.0912039213101627,0.09205665085831516,United Arab Emirates,0.1941397320341157
ARG,2020,0.0425972926487955,0.034931106033437964,Argentina,0.3158690666754736
ARM,2020,0.06153078555142501,-0.018504177679300238,Armenia,0.3748712757644557
AUS,2020,0.0013711800629514642,-0.0016862476417090003,Australia,0.228520345176202
AZE,2020,0.08578937266799497,-0.04266291556031998,Azerbaijan,0.2607233268887493
BDI,2020,0.1355708124118689,0.1078262249688704,Burundi,0.32821134913737
BEL,2020,0.0022427050861617568,-0.0024566809282705,Belgium,0.1891575039322506
BEN,2020,0.09092839809240001,0.08891300167279992,Benin,0.4391078273302298
BFA,2020,0.010008595191333255,-0.0043218031211160746,Burkina Faso,0.2944980360158917
BGD,2020,0.035908571186119044,-0.03009038083799931,Bangladesh,0.3456451665326218
BGR,2020,0.14568612087394994,-0.03449124533760006,Bulgaria,0.4239285074735764
BHR,2020,0.05215820449357651,-0.032101259339953,Bahrain,0.2500319701226742
BIH,2020,0.12844500771399,-0.11064947774791989,Bosnia and Herzegovina,0.3533681091890995
BLR,2020,0.051184948104910005,0.051603667797473385,Belarus,0.1994497563608681
BOL,2020,0.12835037559075,0.04818011239239972,Bolivia,0.5088707254879783
BRA,2020,0.04599585482685595,-0.02267467266924794,Brazil,0.335140566800704
BTN,2020,0.2882220112,0.27743678439999975,Bhutan,0.529884533268758
BWA,2020,0.359769256511,0.14959226373200007,Botswana,0.5103237529417746
CAF,2020,0.15821475546859828,0.14996348500158385,Central African Republic,0.2076923637311036
CAN,2020,0.002526254213621966,-0.003063337566192,Canada,0.2224778811383583
CHE,2020,0.0006346591311816032,-0.0025088557162105,Switzerland,0.2042179122487165
CHL,2020,0.1612706192700525,0.1590377250625601,Chile,0.3111982426074302
CIV,2020,0.29653982466806506,0.2869174888850803,Ivory Coast,0.3174857349235989
CMR,2020,0.021580428110290543,-0.003041955176120492,Cameroon,0.3108103110633288
COD,2020,0.08573707050405799,0.05825321382179993,Democratic Republic of the Congo,0.2429243761103833
COL,2020,0.02734572913722299,-0.005808691429744162,Colombia,0.3572198197593055
CRI,2020,0.355888921941025,-0.35670074086410997,Costa Rica,0.2963880451645515
CYP,2020,0.31621150604095,0.2803372691035999,Cyprus,0.3496580955935012
DEU,2020,0.002634095921530985,-0.0027007415941730003,Germany,0.1709191400080683
DJI,2020,0.21424775607191854,0.20822856332800033,Djibouti,0.3435115614572424
DNK,2020,0.00020658774811263002,-0.00026066868680674996,Denmark,0.1720842746374742
ECU,2020,0.04315888939454349,-0.02531262392154776,Ecuador,0.3698957269086112
EGY,2020,0.18433450775264404,-0.16481591774129933,Egypt,0.2769770283650298
ESP,2020,0.01870143317307585,-0.019249883331390102,Spain,0.2297363708214677
ETH,2020,0.03545233716260499,-7.712137240023509e-05,Ethiopia,0.4552597057123719
FIN,2020,0.002219907999917273,-0.00231831588093665,Finland,0.1880841319621597
FJI,2020,0.05259795433599999,-0.0001791973759999177,Fiji,0.7341438930402399
FRA,2020,0.019852532602453007,-0.021656705574917993,France,0.2386124548313817
GAB,2020,0.24086638462887297,0.23853726188517577,Gabon,0.2593623418892858
GBR,2020,0.0026431111937675186,-0.003201935129605,United Kingdom,0.2213490495990084
GEO,2020,0.10142604272509997,-0.04094142593180017,Georgia,0.4126693322067092
GHA,2020,0.006565140738597693,-0.004299501712523801,Ghana,0.280063110424017
GIN,2020,0.05829282232511347,-0.03688108220919961,Guinea,0.2960560352222276
GMB,2020,0.058671531808410005,-0.027392520132279996,The Gambia,0.378980147289554
GNB,2020,0.24682309676722247,0.2442738317820603,Guinea-Bissau,0.2704777716424213
GNQ,2020,0.10624418372498268,-0.09515694025283361,Equatorial Guinea,0.2597427561589486
GRC,2020,0.16069393911911495,-0.17697485085549,Greece,0.335982105087969
GTM,2020,0.04972064172247335,-0.047666043055716534,Guatemala,0.2764863849749706
GUY,2020,0.14684445802796,-0.12729635277487983,Guyana,0.3972272497712978
HRV,2020,0.28179998846700005,0.23227748856399988,Croatia,0.4037195601399849
HTI,2020,0.06351382914655503,0.060956378091920005,Haiti,0.2615288648553251
HUN,2020,0.5094086237500001,-0.7396628799999996,Hungary,0.6198958333386302
IDN,2020,0.0656148896289995,-0.06203603553779624,Indonesia,0.2628857182156073
IND,2020,0.036383420991949945,0.030566638112800026,India,0.4344941812465412
IRL,2020,0.0016464557785932012,-0.0019644858278592007,Ireland,0.2197859388893795
IRN,2020,0.160156178777076,-0.07471499864989983,Iran,0.3537251448629888
IRQ,2020,0.05664246632162999,0.05158466183619992,Iraq,0.2171537512292403
ISL,2020,0.005705648697372777,-0.0069263929201765,Iceland,0.2483674164019886
ISR,2020,0.033629110150415,-0.04608548272348999,Israel,0.295123055048639
ITA,2020,0.00424682086091948,-0.0045877269314070004,Italy,0.2158037670717631
JAM,2020,0.031485130324665,-0.04198293813390985,Jamaica,0.3285056784589405
JOR,2020,0.09886017853349999,-0.06087995692000048,Jordan,0.6240226761480364
JPN,2020,0.009449221328349995,-0.0113566430718,Japan,0.2699050459822438
KAZ,2020,0.28199158283028,-0.08330213080600002,Kazakhstan,0.3631364762321313
KEN,2020,0.018213431527172568,-0.015260811806180774,Kenya,0.2820665944713312
KGZ,2020,0.09466045907248499,0.07379209594079983,Kyrgyzstan,0.3483617976263704
KHM,2020,0.14941814250113497,0.14476464747500017,Cambodia,0.3387528804790728
KOR,2020,0.03985383228281996,0.03514480063678002,South Korea,0.3030351140487771
LAO,2020,0.054796883115152906,0.05499681871193163,Laos,0.171656479926052
LBN,2020,0.05533039545007501,0.057440060397399906,Lebanon,0.2559986395452291
LBR,2020,0.017797338935336773,-0.014349859449493962,Liberia,0.2663678823403076
LKA,2020,0.0649544833143,0.05412441579440008,Sri Lanka,0.3716459051929616
LSO,2020,0.09104842553454251,-0.05557768499884008,Lesotho,0.3937557917594556
LTU,2020,0.055952338433125,-0.05972412862055,Lithuania,0.2989036024498333
LUX,2020,0.0004846540897039946,-0.000834640147864,Luxembourg,0.2079975831255583
LVA,2020,0.07310588773904003,-0.07489083305844,Latvia,0.2962701123851773
MAR,2020,0.07597292226589998,-0.039779331684000496,Morocco,0.5372320487169802
MDA,2020,0.09862994956341005,-0.07083988768227956,Moldova,0.3861874045829661
MDV,2020,0.05103066542285001,0.040604753177200026,Maldives,0.5077095609498891
MEX,2020,0.08475571472065,-0.07413132899720054,Mexico,0.3544634282057202
MKD,2020,0.03554741657500002,0.03433443311999973,North Macedonia,0.4657201813110201
MLI,2020,0.025636064557015007,0.025792970057479714,Mali,0.2680637435493068
MMR,2020,0.03927621779475004,-0.01322364392599984,Burma/Myanmar,0.4773305665225398
MNG,2020,0.10549835646022998,-0.07218452945414011,Mongolia,0.3750341038394263
MOZ,2020,0.17053872402412998,0.14467950900360016,Mozambique,0.3515012314100993
MUS,2020,0.16926877080174998,-0.09654503186099994,Mauritius,0.4243167679078036
MWI,2020,0.010371231839091782,-0.008796258084524222,Malawi,0.25478283949554
MYS,2020,0.054209172215000025,0.02559183238000018,Malaysia,0.6788247204787329
NAM,2020,0.07505752586105352,-0.06250864855342808,Namibia,0.365468313856084
NER,2020,0.016506478274995174,-0.013910014277861427,Niger,0.2967494772749092
NGA,2020,0.013841088227647524,-0.013463145670720378,Nigeria,0.198322753769239
NIC,2020,0.052049723288615374,-0.01570106071369981,Nicaragua,0.3358145546724873
NLD,2020,0.0011631719878632642,-0.0014819555349194998,Netherlands,0.1846723559807596
NOR,2020,0.0004367074438047456,-0.0006286916794785001,Norway,0.1969674441591815
NPL,2020,0.06770518742318299,-0.047646031645464104,Nepal,0.3582259312497335
NZL,2020,0.0012898897575849585,-0.0018776602189100001,New Zealand,0.2142324276268899
PAK,2020,0.05828354212458994,0.05608901825167978,Pakistan,0.2802783536311771
PHL,2020,0.03774393464219998,-0.03611395473640022,Philippines,0.2870349745910756
PNG,2020,0.1702663510602749,-0.15534638696619996,Papua New Guinea,0.2903643778193127
POL,2020,0.162233342065,0.01693589264999984,Poland,0.5344614064477743
PRK,2020,0.004648789520059343,0.0046490977416766555,North Korea,0.1157616260587452
PRT,2020,0.167718513267036,-0.16887481780144598,Portugal,0.263916532042691
PRY,2020,0.08270539127102752,-0.07934083814141979,Paraguay,0.2824375191146251
ROU,2020,0.25121275061000004,0.21623465970200006,Romania,0.4010333663285723
RUS,2020,0.35085136304864,-0.26064792821600014,Russia,0.3297908161692785
RWA,2020,0.33736171401867754,-0.3057489343953601,Rwanda,0.3247650086144215
SDN,2020,0.10975857133755004,0.10956770134000049,Sudan,0.2932264332868094
SEN,2020,0.01637524763024005,-0.007123132522220077,Senegal,0.3496623313728175
SLE,2020,0.021451296062650723,-0.019839425280005596,Sierra Leone,0.276020662802928
SOM,2020,0.015347418505054996,-0.013527275917999404,Somalia,0.2603694075177938
SRB,2020,0.0898468909585,-0.016647879700000034,Serbia,0.6584224658131835
SWE,2020,0.0006602428963835715,-0.00071484493374927,Sweden,0.1728833229121747
SWZ,2020,0.13582969804584852,-0.11639794939531001,Eswatini,0.3125694815596293
SYC,2020,0.3032197878170001,0.06749940946400024,Seychelles,0.5080035873571326
SYR,2020,0.013967847529382764,-0.011650755837528948,Syria,0.187270429492557
TCD,2020,0.046605651832995455,-0.023404622537479547,Chad,0.2692390735495813
TGO,2020,0.18972385688227494,0.18276329296811933,Togo,0.2909853945707591
THA,2020,0.08599233962030006,-0.09500284989999974,Thailand,0.451918723073915
TJK,2020,0.03020220445229208,-0.01933206504676166,Tajikistan,0.241372638295091
TKM,2020,0.05653577719112263,0.056550742549934974,Turkmenistan,0.1553991941582808
TTO,2020,0.15099920701457,-0.16639442327936005,Trinidad and Tobago,0.3317943394214727
TUN,2020,0.039994597588364954,0.010383723808579881,Tunisia,0.3644226644730212
TUR,2020,0.216558278203965,0.09319763769900025,Türkiye,0.3591173728742551
TWN,2020,0.09530512678250001,-0.10463168438,Taiwan,0.3038143623766468
TZA,2020,0.16869328038600004,0.11195635759199996,Tanzania,0.6744125424283673
UGA,2020,0.06269364638039004,0.0074534553366403244,Uganda,0.3375981118185084
UKR,2020,0.03128073484265002,0.030577218542799933,Ukraine,0.3823589070135449
URY,2020,0.022075353634014964,-0.03718907703802,Uruguay,0.2557054204235544
USA,2020,0.268431047294845,0.26691853122853,United States of America,0.2514982847774981
UZB,2020,0.114484367663368,-0.08540152700535053,Uzbekistan,0.2833073236359919
VEN,2020,0.01864795425334049,-0.022574825290400113,Venezuela,0.3591905564232213
VNM,2020,0.08602816334673499,0.09020868814662997,Vietnam,0.2529288553968605
YEM,2020,0.147587428222646,0.1474183867896004,Yemen,0.2085933281476027
ZAF,2020,0.02039165926981273,-0.0031515733213223207,South Africa,0.3297181951753812
ZMB,2020,0.2612514474537,0.2513066813759999,Zambia,0.3191152804989063
ZWE,2020,0.05851976209288902,-0.03519885664879974,Zimbabwe,0.3940766653439126
AFG,2021,0.023336986358128902,0.021463879638160765,Afghanistan,0.226767747089928
ALB,2021,0.13484289477766004,-0.10759689906828007,Albania,0.375713971742089
ARE,2021,0.08309726173523846,0.08376057680595306,United Arab Emirates,0.1862909974248689
ARG,2021,0.05839031318713946,0.04963499443730679,Argentina,0.3144222036680571
ARM,2021,0.06550818232915996,-0.03568874092738028,Armenia,0.3668198597646488
AUS,2021,0.0013602299375862679,-0.0016652203075675,Australia,0.2282889979311143
AZE,2021,0.07881450815909255,-0.03260047151987999,Azerbaijan,0.259068512247175
BDI,2021,0.13968021893418106,0.10757111774530026,Burundi,0.3454955079785624
BEL,2021,0.002332555763773344,-0.0025309447016419206,Belgium,0.1833803631621298
BEN,2021,0.07148066675389993,0.07088393270279991,Benin,0.4381021443252711
BFA,2021,0.015582805741785038,-0.008053598344019974,Burkina Faso,0.2983102728502677
BGD,2021,0.03423630202534847,-0.028602349985999975,Bangladesh,0.3303968337615783
BGR,2021,0.12469648880105003,-0.004616121904600146,Bulgaria,0.4104720375083142
BHR,2021,0.06452143768180002,-0.03718594218767013,Bahrain,0.2545577786238167
BIH,2021,0.14341398929196994,-0.12450466246476011,Bosnia and Herzegovina,0.3568039184789059
BLR,2021,0.018782180910409247,0.018819147541066616,Belarus,0.1673286731465459
BOL,2021,0.15518448346664995,0.1260341437407999,Bolivia,0.4797742819932855
BRA,2021,0.03887851315620147,-0.019632428278612224,Brazil,0.3321854812311587
BTN,2021,0.31429966585,0.3704030017000002,Bhutan,0.5488218274960072
BWA,2021,0.3072989066545,0.06624194054400023,Botswana,0.5022947495908595
CAF,2021,0.09024512537420507,0.07283609300229577,Central African Republic,0.2244452516030018
CAN,2021,0.005117299512240038,-0.00585720892282,Canada,0.2287571808307534
CHE,2021,0.0010506574530941295,-0.004178653029599,Switzerland,0.2039792177733272
CHL,2021,0.09429665852010051,0.09266908145779296,Chile,0.3019498365458675
CIV,2021,0.25291895216082005,0.23679829543812003,Ivory Coast,0.3518351527123279
CMR,2021,0.025289842338592924,-0.009540287218799737,Cameroon,0.3349334349500825
COD,2021,0.07330666275657023,0.046185052420120165,Democratic Republic of the Congo,0.2445925053595384
COL,2021,0.020904180603350486,-0.0034458380134001487,Colombia,0.3457244197044887
CRI,2021,0.397253542070553,-0.39811960335636803,Costa Rica,0.2924030505607077
CYP,2021,0.3485949141071501,0.3051172492697002,Cyprus,0.3548639134252936
DEU,2021,0.002995756744921017,-0.0030693007738653,Germany,0.1724666034922449
DJI,2021,0.21954242177110303,0.2114571515199999,Djibouti,0.3440112764712495
DNK,2021,0.0001994394302813609,-0.00024651769048585,Denmark,0.1795164556003411
ECU,2021,0.05109990111016548,-0.03588459919472409,Ecuador,0.3781079316854284
EGY,2021,0.17753987399746746,-0.15870619007194975,Egypt,0.2754769819858251
ESP,2021,0.020605278341157378,-0.0213060575445544,Spain,0.2321561855002812
ETH,2021,0.037021936471353,-0.014161819356799832,Ethiopia,0.4791074874469605
FIN,2021,0.0022893120771464285,-0.0024261769514588197,Finland,0.1935077015837033
FJI,2021,0.04134147767999997,0.0011643030719998837,Fiji,0.6990299712548083
FRA,2021,0.02241752768928,-0.02446331423968,France,0.2314262709583676
GAB,2021,0.24453633218948503,0.24185455528172017,Gabon,0.2648626786746373
GBR,2021,0.0032250644645719978,-0.003986726089702,United Kingdom,0.2278506384773983
GEO,2021,0.08723596037610001,-0.0440372248105001,Georgia,0.404894737623501
GHA,2021,0.009081426602811032,-0.006138665345688077,Ghana,0.2933022079935234
GIN,2021,0.18738693126052353,-0.18426219266599997,Guinea,0.302874353702537
GMB,2021,0.04850378254919999,-0.014176810153600172,The Gambia,0.3738993419642191
GNB,2021,0.2617779571333351,0.25906205157464,Guinea-Bissau,0.2770326864046083
GNQ,2021,0.08595182793699215,-0.07180097680420738,Equatorial Guinea,0.2647826446330322
GRC,2021,0.18860460657593503,-0.20947927618460999,Greece,0.3409996111096883
GTM,2021,0.056667008794440546,-0.05431456767862386,Guatemala,0.2772374465847148
GUY,2021,0.12948319240935002,-0.10996330791180009,Guyana,0.4647643126476444
HRV,2021,0.24621107818499996,0.19343182296299988,Croatia,0.3979583021309281
HTI,2021,0.03368644260927099,0.02677596476847177,Haiti,0.2910168192506261
HUN,2021,0.48503129505,-0.7028412657000005,Hungary,0.6212465833063052
IDN,2021,0.07549540832219245,-0.0718150592737401,Indonesia,0.2646916892655387
IND,2021,0.036912383148050024,0.033962355783600184,India,0.4243846934118407
IRL,2021,0.0011216219270201624,-0.0014151938477208997,Ireland,0.219578677722962
IRN,2021,0.13938977225448554,-0.08381527127457966,Iran,0.3136810595472844
IRQ,2021,0.06124791982029497,0.05603447860427968,Iraq,0.2172701517309896
ISL,2021,0.00700842425031778,-0.008531255161676502,Iceland,0.2546431350370051
ISR,2021,0.053709441379649996,-0.06557126933950003,Israel,0.2896323357410107
ITA,2021,0.004406957016497247,-0.0047226544619935005,Italy,0.2133160975819123
JAM,2021,0.18435256418569,-0.19899721921783992,Jamaica,0.3297155163093849
JOR,2021,0.09700402933999999,-0.06310960376000052,Jordan,0.6309049674133466
JPN,2021,0.008302885164816986,-0.010264914499302003,Japan,0.2689151554387128
KAZ,2021,0.23884931777899998,-0.03579457673999942,Kazakhstan,0.3751680812277341
KEN,2021,0.015525725125852268,-0.01211375999159836,Kenya,0.2902078925276409
KGZ,2021,0.15747838538374995,-0.06288095443600028,Kyrgyzstan,0.5316698479360745
KHM,2021,0.16015086221811,0.16289840643400044,Cambodia,0.3250498637287534
KOR,2021,0.050878904712315015,0.04633524631631006,South Korea,0.3044572499582677
LAO,2021,0.08483498559194784,0.0853231828016745,Laos,0.1794132980828459
LBN,2021,0.05040367636634502,0.05183754318504041,Lebanon,0.240405795127109
LBR,2021,0.016524979852004087,-0.0154130407988331,Liberia,0.2308057304511862
LKA,2021,0.04603024579339999,0.03986197128639968,Sri Lanka,0.3449472073872145
LSO,2021,0.14827818583350005,-0.085949788385,Lesotho,0.4116973521699465
LTU,2021,0.07196282036805003,-0.0753953247457,Lithuania,0.3025783834639286
LUX,2021,0.00047627499759303216,-0.000793562257788,Luxembourg,0.2078170826320772
LVA,2021,0.06237097538375754,-0.06375601324130499,Latvia,0.2854892757479545
MAR,2021,0.07084308432499996,-0.03114114057999995,Morocco,0.5523603002308752
MDA,2021,0.08788170500992,0.021229718261440156,Moldova,0.3548695726154217
MDV,2021,0.07487092058294996,-0.06311178055159972,Maldives,0.481479554920578
MEX,2021,0.08534796795727004,0.08129283483283989,Mexico,0.3792385702444839
MKD,2021,0.0228242365875,0.020934938730000185,North Macedonia,0.4451596619242302
MLI,2021,0.09836084816856504,0.08505601296440024,Mali,0.3078492476505269
MMR,2021,0.023001969627795955,0.014201486738260272,Burma/Myanmar,0.25318883102409
MNG,2021,0.101273780162825,-0.07747772898130001,Mongolia,0.3563783274276536
MOZ,2021,0.16499186296385998,0.14003307327600023,Mozambique,0.3412302038409084
MUS,2021,0.17316392672845002,-0.10628899563359995,Mauritius,0.4439599336645329
MWI,2021,0.010423457064931413,-0.007784229248271268,Malawi,0.2716233026754389
MYS,2021,0.053737644734999986,0.022595018460000338,Malaysia,0.6816677597067688
NAM,2021,0.07750481811638997,-0.06381731602851981,Namibia,0.3641053787626959
NER,2021,0.02191956685900098,-0.018966266359508044,Niger,0.2966716647018114
NGA,2021,0.015212370333957505,-0.014774841001919947,Nigeria,0.2038778158301987
NIC,2021,0.0791360056301279,-0.05122682561559033,Nicaragua,0.3046142069669278
NLD,2021,0.0012378268747728607,-0.0015553415002810998,Netherlands,0.1839336384476856
NOR,2021,0.0004048078734242462,-0.0005817032279455002,Norway,0.1953746207775622
NPL,2021,0.06694214872494003,-0.041849621707320095,Nepal,0.3555306401702036
NZL,2021,0.001574193809677021,-0.002229467497162,New Zealand,0.22165997683174
PAK,2021,0.08934288262530002,0.08756247387852034,Pakistan,0.2698447639725426
PHL,2021,0.011597610643899999,0.005056486023600204,Philippines,0.2733033894965503
PNG,2021,0.10696026895402501,-0.09336797603219993,Papua New Guinea,0.284156542656399
POL,2021,0.12718667915649998,0.04079656129799991,Poland,0.5532480845856262
PRK,2021,0.004044871691853005,0.004045142363872323,North Korea,0.1117771748303768
PRT,2021,0.212499989947065,-0.21378031166959005,Portugal,0.2599467211901462
PRY,2021,0.05987335400067284,-0.056907896217823106,Paraguay,0.2804539086477178
ROU,2021,0.236948536419,0.1847075748810001,Romania,0.4220222430982291
RUS,2021,0.311371238539075,-0.20360138481599988,Russia,0.3279191624396769
RWA,2021,0.3158856580983149,-0.27708394123890034,Rwanda,0.3320658326363815
SDN,2021,0.1277280691321025,0.1267869219929998,Sudan,0.3032714193121196
SEN,2021,0.014236873177121762,-0.005745405891374178,Senegal,0.3424840067047643
SLE,2021,0.019887257886164328,-0.017492351403215034,Sierra Leone,0.292051940223579
SOM,2021,0.029247940902279983,-0.026453551698800037,Somalia,0.2761844402234921
SRB,2021,0.089618672048,-0.02928374615199969,Serbia,0.6249390923987176
SWE,2021,0.0006593806202398819,-0.0007115882201144299,Sweden,0.1722378260865295
SWZ,2021,0.10658675856504041,-0.09186036229359607,Eswatini,0.3002501311074158
SYC,2021,0.34869839816100007,0.14760035130200033,Seychelles,0.4667178360091644
SYR,2021,0.012050194229500683,-0.010194045425445442,Syria,0.1832967466088505
TCD,2021,0.18519523629024903,-0.18013367914439993,Chad,0.2479412658403325
TGO,2021,0.11522287270913996,0.10025996475340015,Togo,0.3289763483735245
THA,2021,0.12186834845285,-0.1233218829000009,Thailand,0.4476117658664947
TJK,2021,0.01999211351540185,-0.01060246913701901,Tajikistan,0.2347507807563824
TKM,2021,0.0513567073843397,0.051369991892439515,Turkmenistan,0.1499936245269097
TTO,2021,0.143060272838125,-0.15742299871999005,Trinidad and Tobago,0.326622661826857
TUN,2021,0.04700830777264497,-0.018833409125160072,Tunisia,0.3861979955591192
TUR,2021,0.21119438100030002,0.09092307620700035,Türkiye,0.3544939924885521
TWN,2021,0.04185945421734998,-0.054833157158100006,Taiwan,0.2990158372265641
TZA,2021,0.18646701629149998,0.12806740477599976,Tanzania,0.7188971492087125
UGA,2021,0.06671028223684146,-0.030217035013199833,Uganda,0.3747758897335969
UKR,2021,0.03742812712574996,0.03538253557400006,Ukraine,0.4048750410794127
URY,2021,0.023892113303049987,-0.0399499606914,Uruguay,0.2697536307617976
USA,2021,0.07555932416723998,0.07468188146454,United States of America,0.235183608555619
UZB,2021,0.017875932062696057,0.001325158861159803,Uzbekistan,0.2652995414418171
VEN,2021,0.043851806488424995,-0.05793050487300011,Venezuela,0.3621802190542407
VNM,2021,0.08007772038972652,0.0836222450414672,Vietnam,0.2424239642985037
YEM,2021,0.15395047512397675,0.15381932412980026,Yemen,0.2087603662626926
ZAF,2021,0.027792085719805487,-0.000397094938633602,South Africa,0.3240418842814074
ZMB,2021,0.13610500847559998,0.13370044325400032,Zambia,0.304911447574843
ZWE,2021,0.06166995420630848,-0.04329852673799994,Zimbabwe,0.4031584827170984
AFG,2022,0.006079176189910527,0.003794875273734899,Afghanistan,0.2107738114541013
ALB,2022,0.16499699105074994,-0.12790261602199982,Albania,0.3847602780455043
ARE,2022,0.0897383778903606,0.09056186699853885,United Arab Emirates,0.1914092606768711
ARG,2022,0.04816030527453852,0.04148007318790203,Argentina,0.3117609077086962
ARM,2022,0.07115825097750005,-0.04277294016699984,Armenia,0.3840596052231942
AUS,2022,0.0016837688861413205,-0.0019956215576778,Australia,0.2285501813204857
AZE,2022,0.07006116200206614,-0.03000980332947023,Azerbaijan,0.2525740243118251
BDI,2022,0.16246530421741626,0.13365136592600058,Burundi,0.347549967307861
BEL,2022,0.0021501423276140234,-0.0023238202614372996,Belgium,0.1827828064302776
BEN,2022,0.059769768748349966,-0.04730191477880008,Benin,0.4299512292401637
BFA,2022,0.3768906510697501,0.19042453044200025,Burkina Faso,0.460776999506693
BGD,2022,0.031611049886116495,-0.025138478428000433,Bangladesh,0.3274468015774741
BGR,2022,0.11536621811899998,0.06587358297249979,Bulgaria,0.3742121485006989
BHR,2022,0.06490945289615001,-0.03163924124479989,Bahrain,0.2572013361871497
BIH,2022,0.11982040115147005,-0.0999696955437599,Bosnia and Herzegovina,0.3531723210182805
BLR,2022,0.009063490109902777,0.00907129806552387,Belarus,0.1490920357433451
BOL,2022,0.1812280058104,0.15425132846679968,Bolivia,0.4540808422667254
BRA,2022,0.031213404260904482,-0.020291517803855852,Brazil,0.3139348194511065
BTN,2022,0.25254730859999996,0.2602558392000003,Bhutan,0.5323073275048026
BWA,2022,0.28820870334749993,-0.03789406023999997,Botswana,0.5110293256727289
CAF,2022,0.05632282838965604,0.02903792120164006,Central African Republic,0.2239956925085025
CAN,2022,0.003088049385528969,-0.003988489892654,Canada,0.2388271873749801
CHE,2022,0.0008824227052228021,-0.00350131785140818,Switzerland,0.2087817244045217
CHL,2022,0.155328309257233,0.15372651841622198,Chile,0.3008520073768436
CIV,2022,0.20048193718165,0.18050281141119995,Ivory Coast,0.3521182557916008
CMR,2022,0.03139575430999651,-0.005804748745599664,Cameroon,0.3242798380762376
COD,2022,0.05700101012587875,0.02244102277691984,Democratic Republic of the Congo,0.2470637397331946
COL,2022,0.014019243258373663,0.0039980298443258455,Colombia,0.320343464622821
CRI,2022,0.38532436684123,-0.38680116615968013,Costa Rica,0.3023132409890987
CYP,2022,0.35113781805350003,0.30580672791200003,Cyprus,0.3563527270800054
DEU,2022,0.002719956156059138,-0.0028001457260025397,Germany,0.1775663577331258
DJI,2022,0.17615213446263495,0.1658267104900002,Djibouti,0.3455872237794548
DNK,2022,0.00018116671789455272,-0.00023270735787486,Denmark,0.1838121480718884
ECU,2022,0.03911268458830851,-0.025966617392117808,Ecuador,0.3611369523167457
EGY,2022,0.1654225399854985,-0.14397786727128992,Egypt,0.2775414836213493
ESP,2022,0.026685155319339123,-0.0272816425490846,Spain,0.2272204775261313
ETH,2022,0.030465508403258,-0.010697312703199735,Ethiopia,0.4184094494028495
FIN,2022,0.0025907648591625737,-0.0027327612934802997,Finland,0.1960804364535553
FJI,2022,0.03669370940500001,-0.003133552823999519,Fiji,0.6415032354749967
FRA,2022,0.020570567402410003,-0.021908467629860002,France,0.2187499139722909
GAB,2022,0.18493914542188497,0.18167741997156028,Gabon,0.2654079909280843
GBR,2022,0.003339296588089025,-0.0042319730856040004,United Kingdom,0.2340915486446919
GEO,2022,0.08811091443097002,-0.04233941479345993,Georgia,0.3951051317502237
GHA,2022,0.008238170005389693,-0.005653747052637437,Ghana,0.2850740042284926
GIN,2022,0.16167716273765245,-0.16094984584599992,Guinea,0.3220289403975812
GMB,2022,0.05073141889686701,-0.005643156740235744,The Gambia,0.372221666159349
GNB,2022,0.110488363673975,0.09874764154684024,Guinea-Bissau,0.2939471745700524
GNQ,2022,0.06842376120445431,-0.048599025593953016,Equatorial Guinea,0.2635552372382804
GRC,2022,0.19460773035449996,-0.2216083204702999,Greece,0.3419791953937996
GTM,2022,0.01465977199381701,-0.01312048274293609,Guatemala,0.2917010849813056
GUY,2022,0.10962236821694998,-0.0884094188675999,Guyana,0.4767905061225475
HRV,2022,0.22666452324900008,0.169665277341,Croatia,0.4008810731303321
HTI,2022,0.02719310587173402,0.0032873511554079027,Haiti,0.3097246878492551
HUN,2022,0.53786215265,-0.8450643420000001,Hungary,0.5952725911180154
IDN,2022,0.07873317649070252,-0.07509254365371998,Indonesia,0.2495490868593066
IND,2022,0.017489726935000033,0.011469110811999972,India,0.4226668592260783
IRL,2022,0.0011158161264887133,-0.0014379561556622,Ireland,0.2229193458191606
IRN,2022,0.12465458983485903,-0.0733811917726701,Iran,0.2998031703019562
IRQ,2022,0.04578574278593,0.039159808300239796,Iraq,0.2095423476563196
ISL,2022,0.007471532298993976,-0.009283518693544001,Iceland,0.2610443920026544
ISR,2022,0.06611296207801003,-0.07543575796246,Israel,0.2739201092291304
ITA,2022,0.001915360234535878,-0.0024289349453351,Italy,0.2064666417139272
JAM,2022,0.22263914346782493,-0.23387617155999996,Jamaica,0.3224378446278394
JOR,2022,0.09162907412900001,-0.05183401883999972,Jordan,0.6059354550201629
JPN,2022,0.00949781884376998,-0.01142481734152,Japan,0.266685504438791
KAZ,2022,0.26343369309205,-0.06648814325899988,Kazakhstan,0.3640841051496207
KEN,2022,0.010459432895445228,-0.007564216628735521,Kenya,0.2777227662725347
KGZ,2022,0.22860341863309996,-0.17928203194000014,Kyrgyzstan,0.5204453907193409
KHM,2022,0.07843991465728502,0.08362609634000018,Cambodia,0.3210888989130057
KOR,2022,0.1390928123171,0.13106880708569996,South Korea,0.323878789913781
LAO,2022,0.06518212957322389,0.065452272550516,Laos,0.1657582177610233
LBN,2022,0.04752188214090002,0.04869167696679999,Lebanon,0.2435573835197954
LBR,2022,0.020377663760120245,-0.01868618014656187,Liberia,0.2264903568812256
LKA,2022,0.14557023469188,-0.13844422678103974,Sri Lanka,0.3417408209783018
LSO,2022,0.11153930312567,-0.060051811873859995,Lesotho,0.373586839362433
LTU,2022,0.07500818446533003,-0.07844519235678,Lithuania,0.3021443792274526
LUX,2022,0.00045865578412951087,-0.000760969088177,Luxembourg,0.2057570935642415
LVA,2022,0.06674578003919002,-0.06820453906724,Latvia,0.283598950659903
MAR,2022,0.06056905243600005,-0.018888169547999878,Morocco,0.5490321043504472
MDA,2022,0.07473232663221496,0.03283484223177979,Moldova,0.3446643239003707
MDV,2022,0.07400755371650004,-0.060866464859999914,Maldives,0.4725226595609896
MEX,2022,0.30344818374899996,0.20472980432800014,Mexico,0.5789427022278371
MKD,2022,0.08610476947999998,0.08341524467599992,North Macedonia,0.4385825644673254
MLI,2022,0.07207600751231998,0.03517815086623988,Mali,0.3361448217357694
MMR,2022,0.011891952476295002,0.006936863759690048,Burma/Myanmar,0.2370867470015198
MNG,2022,0.09627381735570506,-0.08199003061513999,Mongolia,0.3434822795588566
MOZ,2022,0.14934562648721,0.12411808185591999,Mozambique,0.3248409088482191
MUS,2022,0.17478685977990005,-0.1162966717692,Mauritius,0.4548286553842649
MWI,2022,0.014908581329785847,-0.012589939021206753,Malawi,0.2619632865616828
MYS,2022,0.054113079012499996,0.03420674866999995,Malaysia,0.6404437560080898
NAM,2022,0.08288465668285251,-0.07130586695011965,Namibia,0.343892268812318
NER,2022,0.03310545576453126,-0.02991384728684987,Niger,0.2791491540391759
NGA,2022,0.02497629927388432,-0.024493506299144485,Nigeria,0.204592636769078
NIC,2022,0.16036989431683257,-0.15252870051221912,Nicaragua,0.2748880523809671
NLD,2022,0.001342860889252192,-0.0017002755510172,Netherlands,0.1913180733885675
NOR,2022,0.0004066218844767717,-0.0005610906724745,Norway,0.1944954826681621
NPL,2022,0.061298728462559966,-0.03527092226227979,Nepal,0.335020845409063
NZL,2022,0.0018505764321225238,-0.0022198041525150003,New Zealand,0.2203120281521883
PAK,2022,0.03753065388818997,0.03461453024647976,Pakistan,0.2403097193331114
PHL,2022,0.07721449369138496,-0.07510273585827987,Philippines,0.2500765995171451
PNG,2022,0.15709091732539,-0.14286833166751944,Papua New Guinea,0.2616061905762973
POL,2022,0.113697428963,0.11860979427599982,Poland,0.5749681589424984
PRK,2022,0.0037181073377718105,0.0037187986859907873,North Korea,0.1084783010412471
PRT,2022,0.10976408614985002,-0.11193395868373998,Portugal,0.2611679363252437
PRY,2022,0.05375716675828625,-0.050852840094889995,Paraguay,0.2812991518074721
ROU,2022,0.278677882423,0.17893454673600007,Romania,0.4757814403639204
RUS,2022,0.22005951329839002,-0.18856656289113038,Russia,0.2776137286441407
RWA,2022,0.3227731268357185,-0.2989321225132504,Rwanda,0.3179149428957273
SDN,2022,0.09110507983439195,0.09004210952600067,Sudan,0.2846997633024518
SEN,2022,0.015371880309970477,-0.00805049619968412,Senegal,0.3212049103919562
SLE,2022,0.03177237195506548,-0.02886896848328413,Sierra Leone,0.2793053251298642
SOM,2022,0.045997159026215005,-0.042546245925199955,Somalia,0.2742671391067134
SRB,2022,0.12755114859650002,-0.050307861743999815,Serbia,0.6531248257668633
SWE,2022,0.0007274916541354513,-0.00079303072031682,Sweden,0.1783276434656088
SWZ,2022,0.08133962304836934,-0.06572375879083747,Eswatini,0.295684707915944
SYC,2022,0.27636747363799996,0.14061094016199993,Seychelles,0.4369682868401316
SYR,2022,0.006417879606080333,-0.004274153749969756,Syria,0.1807407304566781
TCD,2022,0.23383905697958754,-0.23273957515199983,Chad,0.2686889373802621
TGO,2022,0.10553015501368,0.08969858383268026,Togo,0.3143360501969208
THA,2022,0.2154254551125,-0.21874626989999957,Thailand,0.4572480387540186
TJK,2022,0.00871979167409816,0.012883527434417452,Tajikistan,0.2231470554386161
TKM,2022,0.049664839920465886,0.04967833285611478,Turkmenistan,0.1502006117028307
TTO,2022,0.11503621216740298,-0.128928210264418,Trinidad and Tobago,0.32309010758913
TUN,2022,0.284301001927,0.24452821034399985,Tunisia,0.5632219125422584
TUR,2022,0.16934604553135998,0.06608619641199986,Türkiye,0.3529844704062846
TWN,2022,0.07576609061217501,-0.08311338792565001,Taiwan,0.29702936593668
TZA,2022,0.028366367138649998,0.015832834890799896,Tanzania,0.5396594437291443
UGA,2022,0.08449233693359497,-0.04854089433800013,Uganda,0.3801642766227955
UKR,2022,0.13194749415649998,-0.010113669879999732,Ukraine,0.7600032288560771
URY,2022,0.027178871475354992,-0.05964114695292999,Uruguay,0.2757999067940707
USA,2022,0.016315362099027994,0.015494575563012002,United States of America,0.2309530084440065
UZB,2022,0.14747215503772498,-0.11198596553270024,Uzbekistan,0.2796909000511559
VEN,2022,0.1332017079053807,-0.1441270203524998,Venezuela,0.3661832229900901
VNM,2022,0.07534161057907,0.07831205611469993,Vietnam,0.2374751937209043
YEM,2022,0.1193224876805865,0.1190607763989,Yemen,0.211481992119701
ZAF,2022,0.026504171196543032,-0.002852986090624121,South Africa,0.317075717086019
ZMB,2022,0.0460741487368795,-0.03913760661103605,Zambia,0.3422874622463142
ZWE,2022,0.06131057699566048,-0.041503773357199236,Zimbabwe,0.3834103700677214
AFG,2023,0.00556665383979426,0.003043722604206156,Afghanistan,0.2147883143515455
ALB,2023,0.08458849764159997,-0.057971072022800385,Albania,0.4021058249758502
ARE,2023,0.09529774982006733,0.09612891031116533,United Arab Emirates,0.1923365718181332
ARG,2023,0.03592425931555552,0.03248042858676914,Argentina,0.2974124903217982
ARM,2023,0.04367510482465005,0.05346922503880003,Armenia,0.4252005110934396
AUS,2023,0.0011267853549617826,-0.0014564938891608002,Australia,0.2234435499917368
AZE,2023,0.0773972211550595,-0.04096867704927476,Azerbaijan,0.2547843925060701
BDI,2023,0.14469545605604253,0.12078260374230032,Burundi,0.3336031596547615
BEL,2023,0.0023386563245924104,-0.0025375070688943998,Belgium,0.1862060256989548
BEN,2023,0.06714208254034998,-0.05193191830279953,Benin,0.4528836596947929
BFA,2023,0.21282591072249998,0.21301734001999972,Burkina Faso,0.6374126140718144
BGD,2023,0.034119319479349215,-0.028062956736799816,Bangladesh,0.3269512850655223
BGR,2023,0.10599287427703,0.057477726703260124,Bulgaria,0.3672464461314184
BHR,2023,0.09217158536947498,-0.041225567191470525,Bahrain,0.2692199433188147
BIH,2023,0.11312100517265998,-0.09040750587328006,Bosnia and Herzegovina,0.3509847953600326
BLR,2023,0.006043653716872652,0.006048650419147705,Belarus,0.1472038784896731
BOL,2023,0.19174769173734993,0.14948248966520006,Bolivia,0.4942405621494073
BRA,2023,0.015242284109508475,0.01157149043861172,Brazil,0.2953535348619155
BTN,2023,0.22881288775000003,0.18829896550000025,Bhutan,0.521509089510794
BWA,2023,0.2615624195199999,-0.04444380166000017,Botswana,0.5159763787179673
CAF,2023,0.0807888556209615,-0.060233981908319745,Central African Republic,0.2652302559775197
CAN,2023,0.002959557295659994,-0.0038226420335600005,Canada,0.2371715366509323
CHE,2023,0.0004848452979275352,-0.00188707597089679,Switzerland,0.2152056931144862
CHL,2023,0.14027848858822503,0.1386137741036001,Chile,0.2998440290522062
CIV,2023,0.17092570211618002,0.14961823584695977,Ivory Coast,0.3426807388023871
CMR,2023,0.03436964533238831,-0.017507835663880034,Cameroon,0.3260346184706257
COD,2023,0.03785551428882712,0.01677230632024007,Democratic Republic of the Congo,0.242660289419709
COL,2023,0.015409238412845553,0.005557570165581893,Colombia,0.3188006936505969
CRI,2023,0.358044078189385,-0.35964176724232005,Costa Rica,0.2968212818586051
CYP,2023,0.31568085609185004,0.2774178906631999,Cyprus,0.3528059703690872
DEU,2023,0.002705876911130659,-0.00278542444556911,Germany,0.1779540766480854
DJI,2023,0.12078469156411245,0.10989959492199919,Djibouti,0.3463635799813852
DNK,2023,0.000213122935902923,-0.00026935747945706,Denmark,0.183321184000086
ECU,2023,0.20381411838825006,0.13073977600399989,Ecuador,0.4880692237455896
EGY,2023,0.14870496576847647,-0.1161714497422004,Egypt,0.2812314330895811
ESP,2023,0.035638806751990514,-0.036779504219223,Spain,0.238700992124892
ETH,2023,0.046668844719833,-0.03538309171560039,Ethiopia,0.4477162954401897
FIN,2023,0.003616809485221062,-0.0037918966206961797,Finland,0.1997572755851959
FJI,2023,0.15221799455849994,-0.02385904596799948,Fiji,0.4720241111257062
FRA,2023,0.021059807454837508,-0.022254988088255,France,0.2147988116876202
GAB,2023,0.17461211040341,0.1629745856039202,Gabon,0.3098111799750207
GBR,2023,0.0035662863327275123,-0.004591498574705,United Kingdom,0.2372069214112778
GEO,2023,0.10967962394125004,-0.055148745331000004,Georgia,0.4120364077854662
GHA,2023,0.011051136780906983,-0.00778493499218591,Ghana,0.2804703825942031
GIN,2023,0.06387606574519697,-0.06436223475200009,Guinea,0.3197693843545063
GMB,2023,0.047801952451900005,0.0014170026618001152,The Gambia,0.3588247399556221
GNB,2023,0.10639983940652999,0.09710189154920013,Guinea-Bissau,0.2870569417308559
GNQ,2023,0.06998951695844571,-0.044749981836985864,Equatorial Guinea,0.2720673344301005
GRC,2023,0.2017485363095,-0.243352737223,Greece,0.3606057967781402
GTM,2023,0.013136232119494983,-0.011489676121660075,Guatemala,0.2628888946445064
GUY,2023,0.022028148829199973,-0.002464955448599815,Guyana,0.4856384420075711
HRV,2023,0.21910499015499998,0.15536332167799982,Croatia,0.4122259705397043
HTI,2023,0.03458946168062199,-0.00833156933825574,Haiti,0.3244373768810624
HUN,2023,0.40920119883,-0.5675520569999999,Hungary,0.6212667336522288
IDN,2023,0.11282541039832994,-0.10987881561883994,Indonesia,0.2501519738080941
IND,2023,0.032939822463000056,0.017444209436000335,India,0.4468654027229572
IRL,2023,0.0012786876126046748,-0.0015775302764782,Ireland,0.2215801393006955
IRN,2023,0.12787321870333251,-0.08766501395743997,Iran,0.2991211433687855
IRQ,2023,0.040060780235619965,0.032004884870920236,Iraq,0.2236654716437713
ISL,2023,0.007258949148166485,-0.008983781787699001,Iceland,0.2607944176792914
ISR,2023,0.077936560165125,-0.09910064409935003,Israel,0.2896776557378662
ITA,2023,0.005249700162258263,-0.0057999460516295,Italy,0.2253684957554445
JAM,2023,0.17289705822015497,-0.18645546555096,Jamaica,0.3305778004564613
JOR,2023,0.131653245452,-0.08732363151999989,Jordan,0.680801386434949
JPN,2023,0.010167297119412527,-0.012025943771375001,Japan,0.2652838606479278
KAZ,2023,0.3028455038079,-0.13812905771899953,Kazakhstan,0.3605691170177068
KEN,2023,0.012149656496071902,-0.00837051682949519,Kenya,0.2790127338716773
KGZ,2023,0.37971905362835,-0.38109144754000024,Kyrgyzstan,0.4671381901307234
KHM,2023,0.06272527680071502,0.07274968795000003,Cambodia,0.3112024212777625
KOR,2023,0.24988483541719997,0.23217395531379992,South Korea,0.3573257462218553
LAO,2023,0.051523847131197974,0.05173717233214026,Laos,0.1651874867899436
LBN,2023,0.03302771122886502,0.03416811079907989,Lebanon,0.2434459846915837
LBR,2023,0.030052278746170162,-0.028286948321711636,Liberia,0.213748751274704
LKA,2023,0.14494014454643997,-0.13528524307152012,Sri Lanka,0.3387096179226315
LSO,2023,0.15332179434442497,-0.08779555447840015,Lesotho,0.3703918023460336
LTU,2023,0.06306434378637998,-0.06780158600278001,Lithuania,0.3038526859710185
LUX,2023,0.00045191038417474164,-0.0007218311302485001,Luxembourg,0.2055726856164311
LVA,2023,0.06254187897712002,-0.06424080644112001,Latvia,0.2879094168776046
MAR,2023,0.057181614287749996,-0.011373813950000145,Morocco,0.5225561714919965
MDA,2023,0.10866521752894996,0.042610711787200106,Moldova,0.3660587143932441
MDV,2023,0.16613142938645,-0.15171759480960012,Maldives,0.4161457676471876
MEX,2023,0.31196580073765,0.18962230113880008,Mexico,0.5689801536704558
MKD,2023,0.13219838545809992,0.12811461108519984,North Macedonia,0.4223196801612305
MLI,2023,0.1764586126086,-0.09821723744320021,Mali,0.3734197891060896
MMR,2023,0.00747220797783335,0.004020217678190274,Burma/Myanmar,0.2265472421821092
MNG,2023,0.06775348138679997,-0.05297753981640008,Mongolia,0.3696771143424575
MOZ,2023,0.10864026162990503,0.07566754136948028,Mozambique,0.3181487250852508
MUS,2023,0.07992605549125002,-0.023319902614999943,Mauritius,0.4744526681114047
MWI,2023,0.032114839690938764,-0.028948246885609707,Malawi,0.2589562252520436
MYS,2023,0.06108337422000002,0.049919979520000046,Malaysia,0.623557297277979
NAM,2023,0.09919446261040651,-0.08804868994295223,Namibia,0.332113104079679
NER,2023,0.24197563543597503,-0.09837106576779986,Niger,0.3669326623427941
NGA,2023,0.024212515036090485,-0.023742953347714257,Nigeria,0.2030309391558016
NIC,2023,0.18655674405599693,-0.1821803698526705,Nicaragua,0.2639389152877646
NLD,2023,0.0014823061295139918,-0.0019321018146436998,Netherlands,0.1950278109849609
NOR,2023,0.0004926041893641936,-0.0006685458250432001,Norway,0.2004819722782487
NPL,2023,0.07249292937740497,-0.03846065064394022,Nepal,0.3391522437292621
NZL,2023,0.0018395021411934406,-0.0022411033315304,New Zealand,0.2215974279557263
PAK,2023,0.05117614316783999,0.0453150016516799,Pakistan,0.2465380119425494
PHL,2023,0.055444879834810015,-0.0531304126672798,Philippines,0.2555043935146982
PNG,2023,0.12659516786514,-0.11126701949511997,Papua New Guinea,0.2639103934873651
POL,2023,0.23398832560499996,0.07208804029000015,Poland,0.5054250143410683
PRK,2023,0.0040841982388512416,0.0040850314894433915,North Korea,0.1103092942904163
PRT,2023,0.12459791117872501,-0.12792797056154998,Portugal,0.2749313782334446
PRY,2023,0.025205872459181728,-0.02279413259255425,Paraguay,0.2776370414712439
ROU,2023,0.299465859717,0.17515069768400005,Romania,0.5014082656798431
RUS,2023,0.10363866631406604,-0.09164351759718015,Russia,0.2526979055762616
RWA,2023,0.26561653083742254,-0.24287686527269425,Rwanda,0.3103722901166147
SDN,2023,0.060510204192877455,0.058192636496099404,Sudan,0.2599615291790806
SEN,2023,0.03852726103602503,-0.026966187993600066,Senegal,0.3363488012761521
SLE,2023,0.06141305262142299,-0.05949225567518379,Sierra Leone,0.253595427761646
SOM,2023,0.04469851901287002,-0.03869248437400019,Somalia,0.2834717529801208
SRB,2023,0.10988949009700003,-0.04351683744799972,Serbia,0.6195808112624366
SWE,2023,0.0006313927221037053,-0.0007038952926724401,Sweden,0.1811842649647479
SWZ,2023,0.08953919506404154,-0.07336208329330196,Eswatini,0.2973600241881486
SYC,2023,0.23630795369600002,0.10291711616499999,Seychelles,0.4085971374866416
SYR,2023,0.010381714273944371,-0.006145614805267208,Syria,0.1785682337813343
TCD,2023,0.2900279299905398,-0.288724347224,Chad,0.2761875661588514
TGO,2023,0.06717606767189495,0.040508914476879765,Togo,0.3235410419440082
THA,2023,0.07593991251224999,-0.04056449243999971,Thailand,0.5377669883213324
TJK,2023,0.04881657338231721,0.052050845883920616,Tajikistan,0.218841059041441
TKM,2023,0.05980758488957278,0.05982956726299271,Turkmenistan,0.1577882894956197
TTO,2023,0.09178356010100494,-0.10731466156162997,Trinidad and Tobago,0.3338157366940584
TUN,2023,0.19301810065350003,0.04869522294800044,Tunisia,0.6194427510461512
TUR,2023,0.15275785727672497,0.06437802184199981,Türkiye,0.3544353565040451
TWN,2023,0.08896351428785003,-0.0945757438198,Taiwan,0.3040969811371263
TZA,2023,0.04940132229164998,-0.04528391971319956,Tanzania,0.4714964277036541
UGA,2023,0.11160748325621002,-0.08785594549200004,Uganda,0.3767820689968041
UKR,2023,0.13283415223749998,0.015387381343999751,Ukraine,0.7557832471944234
URY,2023,0.026347638007670017,-0.04916476296872,Uruguay,0.2774377130105642
USA,2023,0.002348599871954968,0.00163126803312999,United States of America,0.2253642557364311
UZB,2023,0.04844252417980503,-0.03288062471031017,Uzbekistan,0.2544878364224296
VEN,2023,0.04430636689929256,-0.007588590593899713,Venezuela,0.3417064972227907
VNM,2023,0.06035681246178898,0.06250344315904188,Vietnam,0.2332194409982647
YEM,2023,0.07173605105132146,0.07127619638029925,Yemen,0.2151434238219162
ZAF,2023,0.02391216071893248,-0.00418208054633995,South Africa,0.3067112643186545
ZMB,2023,0.06268477803535999,-0.05506611400637995,Zambia,0.3537661603578642
ZWE,2023,0.05404078874991048,-0.03918852548999974,Zimbabwe,0.3601694454798415
ALB,2024,0.04715119413076507,0.05522372393088015,Albania,0.4158135985438653
ARE,2024,0.0931385689466912,0.09410148360335757,United Arab Emirates,0.1970621224634228
ARG,2024,0.11494227534716499,0.08993367270788011,Argentina,0.3318712800376718
ARM,2024,0.2847287956772,0.2881050751384002,Armenia,0.461294805575195
AUS,2024,0.0011947759172764945,-0.001558283709489,Australia,0.1488719618483113
AZE,2024,0.04608065438825243,-0.030448044853250256,Azerbaijan,0.2366817210283357
BDI,2024,0.14905454724133357,0.13104883169999937,Burundi,0.3296653779350608
BEL,2024,0.00311058657296454,-0.0033214770282433,Belgium,0.1153991275273782
BEN,2024,0.15580436156019994,0.14790089768839998,Benin,0.5171338738890073
BFA,2024,0.43322287753850003,-0.3447450619399999,Burkina Faso,0.575967059080641
BGD,2024,0.034882558124942495,-0.029560196921200266,Bangladesh,0.3006980421276713
BGR,2024,0.06875237694338002,-0.012614068536539902,Bulgaria,0.3911685492731224
BHR,2024,0.10264392090377997,-0.0464823233836702,Bahrain,0.2709784629781409
BIH,2024,0.011683867757884967,0.010480854436919929,Bosnia and Herzegovina,0.3754702496244273
BLR,2024,0.004647307420547416,0.004650146401933064,Belarus,0.1627010587324191
BOL,2024,0.15847226032197997,0.10711846721215967,Bolivia,0.493215372922043
BRA,2024,0.015768991362008718,0.012903282941798433,Brazil,0.2971205674528686
BTN,2024,0.27880259910000005,0.3653892555,Bhutan,0.5768539218331997
BWA,2024,0.3153862705991,-0.05974105151280007,Botswana,0.4923490712696886
CAF,2024,0.08085444785913568,-0.06302331299279995,Central African Republic,0.2637401164688271
CAN,2024,0.0033526332765760137,-0.004077232028296,Canada,0.1459064058375715
CHE,2024,0.001363694894587544,-0.00542465294706723,Switzerland,0.1736690967421354
CHL,2024,0.021853685593934965,0.019731395426534903,Chile,0.2916196010821714
CIV,2024,0.163807694388425,0.13786850583920018,Ivory Coast,0.3541633770189453
CMR,2024,0.036749931017964754,-0.021097325336400186,Cameroon,0.3251459489352289
COD,2024,0.037612864447689326,0.001727061518639994,Democratic Republic of the Congo,0.259041978458496
COL,2024,0.021931081700447237,0.004377483253037662,Colombia,0.3080315130100314
CRI,2024,0.33483587519694,-0.33642969928516997,Costa Rica,0.2918095305018551
CYP,2024,0.21654899019319998,0.17428769887140017,Cyprus,0.3575868350590163
DEU,2024,0.0035951658100236185,-0.003703711757624601,Germany,0.1311066574000287
DJI,2024,0.028009580618285023,0.014939143400000354,Djibouti,0.3586690604677579
DNK,2024,0.00023367608101810557,-0.0002962602065356,Denmark,0.0967106880071795
ECU,2024,0.1847202406263,0.10258782866960026,Ecuador,0.5354475387343716
EGY,2024,0.139527185132838,-0.10679760145393047,Egypt,0.2649969799643008
ESP,2024,0.045484581350536284,-0.04662627070556281,Spain,0.2440391809295861
ETH,2024,0.09652521135930503,-0.0930696486879996,Ethiopia,0.4386979717502487
FIN,2024,0.004246877848372071,-0.0044821913984626005,Finland,0.1306989982185148
FJI,2024,0.10706224470250003,0.013012324409999554,Fiji,0.4878160676275064
FRA,2024,0.03421925029327298,-0.03547352618463799,France,0.1511353402016368
GAB,2024,0.15939383319775,0.017323198331199885,Gabon,0.4997052582153165
GBR,2024,0.004103398233683019,-0.0054377248679979995,United Kingdom,0.1469109797515983
GEO,2024,0.27553315958450003,0.2729987425639999,Georgia,0.5235232013762462
GHA,2024,0.013191553105112339,-0.009764195100178341,Ghana,0.281809726121449
GIN,2024,0.04623636535789302,-0.047298885821999814,Guinea,0.3251783945085994
GMB,2024,0.0571220542160875,0.0023277091060001087,The Gambia,0.3673541581314456
GNQ,2024,0.08603900946409922,-0.07061713698937488,Equatorial Guinea,0.2548653076847339
GRC,2024,0.13407474254405,-0.17998747161279993,Greece,0.3755757969173798
GTM,2024,0.030662146192280856,-0.024598544354986762,Guatemala,0.2829631967408699
GUY,2024,0.136507998212,-0.11724488544599976,Guyana,0.5160176217242961
HRV,2024,0.2319680880585,0.19436754095699993,Croatia,0.4176923556724671
HTI,2024,0.03929040847307997,0.008127121811879912,Haiti,0.3057719058889581
HUN,2024,0.325876322735,-0.4574369260000002,Hungary,0.621999633372263
IDN,2024,0.09420532602525303,-0.09223719550702403,Indonesia,0.2643742551321766
IND,2024,0.04902411966945005,0.03476052911840011,India,0.4721657482452433
IRL,2024,0.0012476687064785037,-0.0015445251625710002,Ireland,0.1355584840527161
IRN,2024,0.14038827510634652,-0.044510946067399804,Iran,0.3366215079276042
IRQ,2024,0.04668830863758498,0.038062658230119784,Iraq,0.2394178369489243
ISL,2024,0.008287869654689976,-0.00972959635594,Iceland,0.1626887606546539
ISR,2024,0.06985235715814998,-0.08980241471089997,Israel,0.2755697703732726
ITA,2024,0.008118623574066463,-0.009553279085469,Italy,0.2290198253260739
JAM,2024,0.13961890383397,0.11070194661167998,Jamaica,0.3394319856130608
JOR,2024,0.10837870766499998,-0.026487959660000282,Jordan,0.756409063902983
JPN,2024,0.01243269545052549,-0.014366608803923,Japan,0.2678553197107042
KAZ,2024,0.379987711029545,-0.2382117676776998,Kazakhstan,0.3452696273103056
KEN,2024,0.015579599041994064,-0.01294786115267299,Kenya,0.2735748277107026
KGZ,2024,0.07367171023169997,-0.041944060060000066,Kyrgyzstan,0.4446776124407032
KHM,2024,0.16532781375997002,0.14348929071900018,Cambodia,0.3233913312582668
KOR,2024,0.33002578735485,0.29840943928190006,South Korea,0.3606954591490544
LAO,2024,0.06889277056941046,0.06921915040105553,Laos,0.1884608121516505
LBN,2024,0.12450919937382998,0.12440579643695981,Lebanon,0.2376828653818652
LBR,2024,0.03301772478796603,-0.031116927032527997,Liberia,0.2253974598796556
LKA,2024,0.063858813638745,-0.05269046562505997,Sri Lanka,0.3456303451806027
LSO,2024,0.23149874388465,-0.14261606566919993,Lesotho,0.4101473506386789
LTU,2024,0.07403781347949999,-0.078963876987,Lithuania,0.3198442285345789
LUX,2024,0.0005188980463197576,-0.0008071785035585,Luxembourg,0.1449368282984156
LVA,2024,0.056393361198549964,-0.058090288905900005,Latvia,0.2994926158352809
MAR,2024,0.061404688396999973,-0.006369595151999974,Morocco,0.5247235255309888
MDA,2024,0.06751112241399995,0.08336253825800011,Moldova,0.4723980602484214
MDV,2024,0.11598123070890001,-0.10256668616120002,Maldives,0.4398698537886954
MEX,2024,0.30470487056324996,-0.09023523024600033,Mexico,0.6268113964151023
MKD,2024,0.22285891005310002,0.21403631660720013,North Macedonia,0.4920379669140651
MLI,2024,0.34252948073565004,-0.30569349868799955,Mali,0.4309246000954431
MNG,2024,0.087024302396,-0.07543519728800008,Mongolia,0.3864074688515932
MOZ,2024,0.06221544883263397,0.021360789973039918,Mozambique,0.3100119678865485
MUS,2024,0.06984124740300005,0.05337607298999991,Mauritius,0.4823954036633632
MWI,2024,0.023503663782298893,-0.021299784831090962,Malawi,0.2493914243472346
MYS,2024,0.06922803728000003,0.04910777342000028,Malaysia,0.6605336370334955
NAM,2024,0.06553658993326497,-0.05468254132061978,Namibia,0.3456797488304174
NGA,2024,0.023541898725120674,-0.022863567438634824,Nigeria,0.2090448879142183
NIC,2024,0.20886377265654368,-0.20611292104061096,Nicaragua,0.2506563008436628
NLD,2024,0.0016084481898625217,-0.002176873789205,Netherlands,0.1212726191187671
NOR,2024,0.00042410013607647404,-0.000579469558203,Norway,0.1248454465994297
NPL,2024,0.08014933432757003,-0.04585326618065966,Nepal,0.3480745692267018
NZL,2024,0.0021720400848225215,-0.0027668879619949997,New Zealand,0.1662640524256498
PAK,2024,0.05108299786975499,0.040246186454879984,Pakistan,0.284881704826058
PHL,2024,0.07834446799589995,0.07461041307159988,Philippines,0.2549423193215069
PNG,2024,0.06423942012976498,-0.048251522512919864,Papua New Guinea,0.2966580684929136
POL,2024,0.17304285543400003,0.1093270657380001,Poland,0.3784973368103217
PRK,2024,0.00375006282953299,0.003750355664307481,North Korea,0.1257200101815549
PRT,2024,0.005409578041809984,-0.01035830582535996,Portugal,0.3150923209131775
PRY,2024,0.0784090633365,0.07829832824260019,Paraguay,0.2836439166365849
ROU,2024,0.21925998242000005,0.27819207504,Romania,0.561841187535282
RUS,2024,0.14104402317012446,-0.1312234853108314,Russia,0.2423852663714311
RWA,2024,0.30102860429544903,-0.29070229238347034,Rwanda,0.2958508033605452
SEN,2024,0.05214066919063602,-0.03976054792568795,Senegal,0.343694692223514
SLE,2024,0.07419840725293299,-0.07128089291636375,Sierra Leone,0.2835202785402159
SOM,2024,0.04103220053002005,-0.03603824749399953,Somalia,0.2664974039472109
SRB,2024,0.09929703417985002,-0.03317743097999992,Serbia,0.597936185724648
SWE,2024,0.0006983207748990369,-0.0007712428819283,Sweden,0.109671754181376
SWZ,2024,0.11074009904562515,-0.09542773788423453,Eswatini,0.3080554280710545
SYC,2024,0.3157145547730001,0.16225129864800025,Seychelles,0.4004763286599408
SYR,2024,0.015789646355922077,-0.009012665696921385,Syria,0.1974272053514339
TCD,2024,0.18560313435268616,-0.18149949115400021,Chad,0.2525100587610485
TGO,2024,0.055761867700543505,-0.0047585075535998556,Togo,0.3711969471662638
THA,2024,0.0628639404845,0.008916385492000023,Thailand,0.4986588188342624
TJK,2024,0.06326752835035676,-0.054254047930720084,Tajikistan,0.2378791408988028
TKM,2024,0.0614939038885817,0.061513300445012575,Turkmenistan,0.1732967746864772
TTO,2024,0.03288352017283502,-0.04684255291990999,Trinidad and Tobago,0.3236692075751428
TUN,2024,0.1326314634245,-0.006793908279999705,Tunisia,0.6013148910786362
TUR,2024,0.22861838509171498,0.0874106055835,Türkiye,0.3543356614870578
TWN,2024,0.127088966951575,-0.13422719461715,Taiwan,0.3145493405881508
TZA,2024,0.08570282813449999,0.06139807836400024,Tanzania,0.5569500689328759
UGA,2024,0.09312489017920002,-0.07228112867199998,Uganda,0.382217513163878
UKR,2024,0.15621438759349998,-0.07678506900000004,Ukraine,0.644435894415471
URY,2024,0.02325586793105003,-0.06569779193120001,Uruguay,0.2548743932675098
USA,2024,0.024828418685558486,-0.025335295240900998,United States of America,0.1297072940251081
UZB,2024,0.14238293301329596,-0.12366438748153552,Uzbekistan,0.263665618600336
VEN,2024,0.06806432284271989,0.037929233452399735,Venezuela,0.3366280177993315
VNM,2024,0.0735242775577,0.07633369384077016,Vietnam,0.2413692638071578
YEM,2024,0.08753122289843797,0.08706988505029978,Yemen,0.2190966412106377
ZAF,2024,0.01994862715764222,0.002952531895481947,South Africa,0.3157879978978304
ZMB,2024,0.096372175840795,-0.09008532287336002,Zambia,0.3635216212025074
ZWE,2024,0.01581144319502854,-0.008940570462000252,Zimbabwe,0.3884993557540825
ALB,2025,0.09902178865160002,0.10427575495719998,Albania,0.4398533744950974
ARE,2025,0.08915462225950838,0.08951246611820274,United Arab Emirates,0.2301546888649348
ARG,2025,0.07868009164599794,0.03438964713347592,Argentina,0.3397198740719379
ARM,2025,0.3999020621097,0.39870171414440025,Armenia,0.4414377198086536
AUS,2025,0.012740595413844993,-0.01330569613257,Australia,0.1904271340571882
AZE,2025,0.19873893606428936,0.20353642415824602,Azerbaijan,0.2238168962765447
BDI,2025,0.18288388397000188,0.1612899529457006,Burundi,0.3286220726413053
BEL,2025,0.0166508080367925,-0.016989373999914997,Belgium,0.1208410650967394
BEN,2025,0.29231878556124996,0.2820150837099997,Benin,0.524048099856803
BFA,2025,0.045957370948,-0.052239103279999366,Burkina Faso,0.4805655495386624
BGR,2025,0.061005136522310016,-0.03986700305548019,Bulgaria,0.3781579488346628
BHR,2025,0.07068798933086697,-0.04148804399158479,Bahrain,0.2740801936871152
BIH,2025,0.01988290666240002,0.027899561615800206,Bosnia and Herzegovina,0.4004032079380844
BLR,2025,0.004537943616200194,0.004540221147929735,Belarus,0.151351110933562
BOL,2025,0.09495095715655003,0.06827185548800019,Bolivia,0.4134884698176502
BRA,2025,0.010286868252731278,0.00809922654101336,Brazil,0.2959091884589573
BTN,2025,0.35073234890000005,0.47165069179999985,Bhutan,0.6009935643988668
BWA,2025,0.32980269048650007,-0.007731327631999907,Botswana,0.5152990880540727
CAF,2025,0.06296817897996201,-0.049672148732319954,Central African Republic,0.2551796307904289
CAN,2025,0.013375218079379992,-0.014543224387979994,Canada,0.1900673239990647
CHE,2025,0.0014589329720464722,-0.005606059785202,Switzerland,0.083059475500596
CHL,2025,0.081174073971104,-0.0818286380989941,Chile,0.2634387521661663
CIV,2025,0.12137391076395003,0.08906604170000021,Ivory Coast,0.3472400650815413
CMR,2025,0.02737993302950085,-0.018529976495799794,Cameroon,0.3225512986712197
COD,2025,0.03481212866590421,0.004006751702919864,Democratic Republic of the Congo,0.2593289849547508
COL,2025,0.016568119184083335,0.0016975888425962982,Colombia,0.2937476920067307
CRI,2025,0.45555018180560347,-0.4567503838015509,Costa Rica,0.2741559315581753
CYP,2025,0.102387581841415,0.0792923039853799,Cyprus,0.3629650533687635
DEU,2025,0.018595587802645634,-0.0187588796571039,Germany,0.1428521061887482
DJI,2025,0.14136922756541603,0.12607425056300015,Djibouti,0.3548766666204453
DNK,2025,0.0015378250950964889,-0.001642609431379,Denmark,0.1424196309849304
ECU,2025,0.15022836457235003,-0.11280603022879987,Ecuador,0.5810206228806164
EGY,2025,0.15474637584495302,-0.11064910181606935,Egypt,0.2796845525820935
ESP,2025,0.12716731982884483,-0.1284865479963391,Spain,0.2454263023990455
ETH,2025,0.03186786064156999,-0.0276802306080004,Ethiopia,0.4388662964263569
FIN,2025,0.025421752441185025,-0.02573609334845,Finland,0.163216052301936
FJI,2025,0.07301942836150001,0.1042931014880002,Fiji,0.5286377167490466
FRA,2025,0.13831320303644998,-0.14015097102920002,France,0.1369214360385943
GAB,2025,0.2765108864252501,0.23221420612239996,Gabon,0.3825112560798224
GBR,2025,0.01851303527575002,-0.02208199401,United Kingdom,0.2045054033202438
GEO,2025,0.16654306626850002,0.13984121502399982,Georgia,0.6443556808279696
GHA,2025,0.013561006033242456,-0.007861090944549565,Ghana,0.2923345677515956
GIN,2025,0.185717254570815,-0.18505333149700043,Guinea,0.3392679830341576
GMB,2025,0.05795093348582,0.003534768287840162,The Gambia,0.3807981185146519
GNB,2025,0.12220144627383502,-0.11030853611280023,Guinea-Bissau,0.3463493160749094
GNQ,2025,0.08484540893101614,-0.07184524982107376,Equatorial Guinea,0.2747736173264437
GRC,2025,0.038029162835000026,-0.060438186374,Greece,0.3868290936612172
GTM,2025,0.03335045081128645,-0.02249687983424198,Guatemala,0.2788959820158855
GUY,2025,0.06639546065349998,0.06077337485200007,Guyana,0.5062827442494744
HRV,2025,0.19010719501,0.13173155042000018,Croatia,0.4275770967182706
HTI,2025,0.04060251300353998,0.013228101102799705,Haiti,0.2841367328008718
HUN,2025,0.21333384136500003,-0.32761605530000004,Hungary,0.6010837201365692
IDN,2025,0.17178687926891498,0.1680671391395998,Indonesia,0.2887283317230282
IND,2025,0.048549158597200014,0.032279554185999926,India,0.52809490748487
IRL,2025,0.03462851796678201,-0.035216167631191994,Ireland,0.1561247753622042
IRN,2025,0.10071831843857898,-0.0297566392387294,Iran,0.3030522102935271
IRQ,2025,0.06034484183250846,0.053741783150799805,Iraq,0.2826718741913089
ISL,2025,0.04628745461759998,-0.0493963150081,Iceland,0.2026256384006725
ISR,2025,0.09891935554000002,0.10592834841300025,Israel,0.343476884436766
ITA,2025,0.009638123635749984,-0.0144685153258,Italy,0.2022698240582772
JAM,2025,0.02110334332640004,-0.030522476989400082,Jamaica,0.3044862809447012
JOR,2025,0.09298553916200002,-0.023276358499999983,Jordan,0.7709465048326354
JPN,2025,0.05149634262872003,-0.054225112647020006,Japan,0.2827157979171177
KAZ,2025,0.285774975508583,-0.11773062938789991,Kazakhstan,0.3217338585607724
KEN,2025,0.025349387999662003,-0.020028492468696202,Kenya,0.2992878349672815
KGZ,2025,0.26036842667387494,0.04690528761500001,Kyrgyzstan,0.3902327043521196
KHM,2025,0.17631847401468548,0.13030750989369988,Cambodia,0.3655684008945701
KOR,2025,0.12737633843352997,0.12111840207095981,South Korea,0.3200119217531639
LAO,2025,0.06805478344073873,0.06842314681797301,Laos,0.1748182856936065
LBN,2025,0.22368427800580504,0.2239884605155602,Lebanon,0.3001336710070785
LBR,2025,0.02584231118848685,-0.023635621629194636,Liberia,0.2273311890551741
LKA,2025,0.07180676132347504,-0.020206579137799885,Sri Lanka,0.408872044267106
LSO,2025,0.2592350722399,-0.12168034559219976,Lesotho,0.4292088825161794
LTU,2025,0.08400593790064999,-0.08732592339040002,Lithuania,0.3190153289044078
LUX,2025,0.011553815106000514,-0.012201494282703002,Luxembourg,0.1348596936264823
LVA,2025,0.08659169185985502,-0.08830405146943,Latvia,0.2963870053671473
MAR,2025,0.05362446090185003,0.0012229917839996496,Morocco,0.522618394663914
MDA,2025,0.23594197835199995,0.2948942620239998,Moldova,0.53628069377518
MDV,2025,0.16836622674850005,0.15952108667199982,Maldives,0.5246026164765859
MEX,2025,0.31202332277325007,-0.16242758181800032,Mexico,0.6450870618149754
MKD,2025,0.21441749072630004,0.20657075008360026,North Macedonia,0.4940002503196209
MLI,2025,0.4046351917668001,-0.3792102132859996,Mali,0.4406107232617577
MMR,2025,0.010259991591670759,6.355272220215369e-05,Burma/Myanmar,0.2082608067887264
MNG,2025,0.11659552905032501,-0.10465922192359978,Mongolia,0.3626412980697708
MOZ,2025,0.05428662263813949,-0.007518565125320009,Mozambique,0.3278840316577753
MUS,2025,0.2353996639273,0.15896618230850013,Mauritius,0.4039868332134944
MWI,2025,0.029447790502738293,-0.02574699396090585,Malawi,0.2700817404670234
MYS,2025,0.06923516874250005,0.03471794188000055,Malaysia,0.6800685724291441
NAM,2025,0.077962396680276,-0.06295038622970783,Namibia,0.3587269361425289
NER,2025,0.19426769003425004,0.20479696158599991,Niger,0.549499705735522
NGA,2025,0.028834024400565757,-0.027865122373725848,Nigeria,0.2275437035253295
NIC,2025,0.2090440583071626,-0.2069216204658444,Nicaragua,0.2457787025400256
NLD,2025,0.015400871122858,-0.016363366140948,Netherlands,0.1758950598198528
NOR,2025,0.006751022437627955,-0.007011450950167999,Norway,0.168006322840919
NPL,2025,0.07494501723221306,-0.041297075435204,Nepal,0.3577429046925361
NZL,2025,0.00940868546789504,-0.010387355145519998,New Zealand,0.2429548783634842
PAK,2025,0.03244009251696503,0.018253219186640024,Pakistan,0.3461812133485917
PHL,2025,0.35111676983266993,0.3457420499308004,Philippines,0.2938169382124617
PNG,2025,0.15770742163813503,0.17242290066252042,Papua New Guinea,0.3405219300441383
POL,2025,0.14966047168225,0.11663102302500006,Poland,0.3697352506896646
PRK,2025,0.00387447398354515,0.00387501757931652,North Korea,0.1265820488961694
PRT,2025,0.053180039515700016,0.03301356532639993,Portugal,0.3179359754011337
PRY,2025,0.12300554400816396,-0.12135313417821214,Paraguay,0.2814111636069867
ROU,2025,0.09663244706500002,0.09726539793,Romania,0.4999942079225866
RUS,2025,0.0603642772896368,0.06412484219950798,Russia,0.2363410855814729
RWA,2025,0.3585092101619398,-0.3461578206624121,Rwanda,0.3087745084171799
SEN,2025,0.04566624914185801,-0.02710445436586384,Senegal,0.3489197011105209
SLE,2025,0.07836227664096496,-0.07510971945271994,Sierra Leone,0.2958654614879924
SOM,2025,0.04180690956426004,0.04547937916999967,Somalia,0.2748897755050313
SRB,2025,0.08134797090749997,-0.04297448820000005,Serbia,0.5471472713362483
SWE,2025,0.005107541872040033,-0.0052193465913200005,Sweden,0.1476713419785527
SWZ,2025,0.12609315607053553,-0.1108829361655701,Eswatini,0.3019266141221508
SYC,2025,0.18981227136109993,0.10184564505459992,Seychelles,0.3661569304792649
SYR,2025,0.02743174928990751,0.007282713534760621,Syria,0.2636444337033965
TCD,2025,0.033153905505646085,-0.029773590871000177,Chad,0.2641531475756306
TGO,2025,0.053894141080843484,0.030767852847759958,Togo,0.3720291161542013
THA,2025,0.06455799395969997,0.024882228315999733,Thailand,0.4793612098905808
TJK,2025,0.04820040108866079,0.052524028161296865,Tajikistan,0.220085110487925
TKM,2025,0.07239441458031515,0.07241650653464582,Turkmenistan,0.1727385706204249
TTO,2025,0.019349240945199988,0.0001544222528000183,Trinidad and Tobago,0.3119944579588874
TUN,2025,0.0805905892583,0.1190249426000003,Tunisia,0.6379503237202437
TUR,2025,0.27152617406922297,0.20059149647139973,Türkiye,0.3541300051902166
TWN,2025,0.08215172926564998,-0.09837052674949999,Taiwan,0.3289623425426597
TZA,2025,0.107018797996,0.043331723232000074,Tanzania,0.6581751053686915
UGA,2025,0.041477149540816,0.04551881807199987,Uganda,0.3670560015095817
UKR,2025,0.12892838761634995,-0.041409872360000044,Ukraine,0.661274267250908
URY,2025,0.030293161998024957,-0.06536732613725,Uruguay,0.2771764750284691
USA,2025,0.10303238119849994,0.09665934447899999,United States of America,0.2599559212651411
UZB,2025,0.027739589553959006,-0.00823840051428526,Uzbekistan,0.2614094036094927
VEN,2025,0.04987694476284105,-0.008577520848050302,Venezuela,0.3289112221755546
VNM,2025,0.05589890679806188,0.05794084762153151,Vietnam,0.2136252895743217
YEM,2025,0.12677059554598985,0.12609251309409997,Yemen,0.2289791379005346
ZAF,2025,0.019546301278724705,0.001737085907951852,South Africa,0.3189858636419495
ZMB,2025,0.09227157723119747,-0.08799704092717997,Zambia,0.3255831178336891
ZWE,2025,0.08887451023800855,0.09007722834999932,Zimbabwe,0.3777745376335845
